username,comment,rating,likes,create_time,comment_clean,tokens,tokens_count,sentiment,sentiment_confidence
r*****7,"Warna:sangat bagus
Ukuran:pas
Kenyamanan:sangat nyaman sekali

helm sampai dengan cepat dan kasih dong keamanan juga pada kardua nya biar tidak remuk tapi kualitas helm terbaik 
makasih buat pengirim nya",5,989,1763528320,warna sangat bagus ukuran pas kenyamanan sangat nyaman sekali helm sampai dengan cepat dan kasih dong keamanan juga pada kardua nya biar tidak remuk tapi kualitas helm terbaik makasih buat pengirim nya,warna sangat bagus ukuran pas kenyamanan sangat nyaman sekali helm sampai dengan cepat dan kasih dong keamanan juga pada kardua nya biar tidak remuk tapi kualitas helm terbaik makasih buat pengirim nya,32,positive,0.3175036907196045
yohanesaryo79,"Sesuai semuanya.ukuran L untuk kepala laki2 pas,untuk cewek m aja,klo berhijab L atau xl rekomennya c. Bahan bagus,kaca bening,busa tebal dan empuk. Tali pengingat ya lmyan lah.Pengiriman super cepat,respon admin ok. Helm ini REKOMENDED buat yg pas2an duitnya.",5,398,1763514938,sesuai semuanya ukuran l untuk kepala laki2 pas untuk cewek m aja klo berhijab l atau xl rekomennya c bahan bagus kaca bening busa tebal dan empuk tali pengingat ya lmyan lah pengiriman super cepat respon admin ok helm ini rekomended buat yg pas2an duitnya,sesuai semuanya ukuran l untuk kepala laki2 pas untuk cewek m aja klo berhijab l atau xl rekomennya c bahan bagus kaca bening busa tebal dan empuk tali pengingat ya lmyan lah pengiriman super cepat respon admin ok helm ini rekomended buat yg pas2an duitnya,45,positive,0.3230842649936676
bahyudiazka,"Warna:hitam doff
Ukuran:pas dan sesuai
Kenyamanan:lumayan

Terimakasih kak paketnya sudah diterima dalam keadaan baik sesuai dengan pesanan 
Helm nya sih lumayan untuk sekedar riding santai dan gaya,
Langsung dipasangkan interkom e1 
Jadi tambah gaya
Untuk pengiriman nya juga lumayan cepat 
Oh iya udah dapat free spoiler nya juga 
Makasih seller dan kurir",5,264,1763289814,warna hitam doff ukuran pas dan sesuai kenyamanan lumayan terimakasih kak paketnya sudah diterima dalam keadaan baik sesuai dengan pesanan helm nya sih lumayan untuk sekedar riding santai dan gaya langsung dipasangkan interkom e1 jadi tambah gaya untuk pengiriman nya juga lumayan cepat oh iya udah dapat free spoiler nya juga makasih seller dan kurir,warna hitam doff ukuran pas dan sesuai kenyamanan lumayan terimakasih kak paketnya sudah diterima dalam keadaan baik sesuai dengan pesanan helm nya sih lumayan untuk sekedar riding santai dan gaya langsung dipasangkan interkom e1 jadi tambah gaya untuk pengiriman nya juga lumayan cepat oh iya udah dapat free spoiler nya juga makasih seller dan kurir,55,positive,0.3337724804878235
t*****o,"Warna:ok putih solid sesuai etalase, visor ok warna smoke sesuai etalase
Ukuran:ok kayaknya all size tp pas dan nyaman utk pria dewasa
Kualitas:ok sesuai harga

Helm ringan namun solid, design kekinian plus spoiler, visor jg menunjang dgn warna smoke, cocok utk daily activity terutama di siang hari yg panas, harganya pun terjangkau (kompetitif). Recommended product & seller. Thx

Note : packing rapi dan aman dgn dus bawaan helm (ada tulisan merknya) kondisi helm di dlm dus dibungkus dgn bubblewrap. Helm diterima  dlm kondisi spoiler blm terpasang (sdh trdpt double tape tinggal pnp).",5,537,1763311234,warna ok putih solid sesuai etalase visor ok warna smoke sesuai etalase ukuran ok kayaknya all size tp pas dan nyaman utk pria dewasa kualitas ok sesuai harga helm ringan namun solid design kekinian plus spoiler visor jg menunjang dgn warna smoke cocok utk daily activity terutama di siang hari yg panas harganya pun terjangkau kompetitif recommended product seller thx note packing rapi dan aman dgn dus bawaan helm ada tulisan merknya kondisi helm di dlm dus dibungkus dgn bubblewrap helm diterima dlm kondisi spoiler blm terpasang sdh trdpt double tape tinggal pnp,warna ok putih solid sesuai etalase visor ok warna smoke sesuai etalase ukuran ok kayaknya all size tp pas dan nyaman utk pria dewasa kualitas ok sesuai harga helm ringan namun solid design kekinian plus spoiler visor jg menunjang dgn warna smoke cocok utk daily activity terutama di siang hari yg panas harganya pun terjangkau kompetitif recommended product seller thx note packing rapi dan aman dgn dus bawaan helm ada tulisan merknya kondisi helm di dlm dus dibungkus dgn bubblewrap helm diterima dlm kondisi spoiler blm terpasang sdh trdpt double tape tinggal pnp,93,label_3,0.2403450608253479
opank_hugy,"Warna:hitdof
Ukuran:xl
Kenyamanan:oke

Helm half face cocok banget buat penggunaan harian, terutama untuk perjalanan pendek di kota. Berikut review umum tentang helm half face berdasarkan kelebihan dan kekurangannya:

Kelebihan:

1. Ventilasi Udara: Helm half face lebih terbuka, jadi aliran udaranya lebih baik, cocok buat cuaca panas.


2. Lebih Ringan: Helm ini biasanya lebih ringan dibandingkan helm full face, sehingga nyaman untuk pemakaian lama.


3. Visibilitas Lebih Baik: Karena bagian depannya terbuka, pandangan ke depan dan samping lebih leluasa.


4. Desain Stylish: Banyak pilihan desain yang modis, cocok buat pengendara skutik atau motor harian.",5,237,1763457920,warna hitdof ukuran xl kenyamanan oke helm half face cocok banget buat penggunaan harian terutama untuk perjalanan pendek di kota berikut review umum tentang helm half face berdasarkan kelebihan dan kekurangannya kelebihan 1 ventilasi udara helm half face lebih terbuka jadi aliran udaranya lebih baik cocok buat cuaca panas 2 lebih ringan helm ini biasanya lebih ringan dibandingkan helm full face sehingga nyaman untuk pemakaian lama 3 visibilitas lebih baik karena bagian depannya terbuka pandangan ke depan dan samping lebih leluasa 4 desain stylish banyak pilihan desain yang modis cocok buat pengendara skutik atau motor harian,warna hitdof ukuran xl kenyamanan oke helm half face cocok banget buat penggunaan harian terutama untuk perjalanan pendek di kota berikut review umum tentang helm half face berdasarkan kelebihan dan kekurangannya kelebihan 1 ventilasi udara helm half face lebih terbuka jadi aliran udaranya lebih baik cocok buat cuaca panas 2 lebih ringan helm ini biasanya lebih ringan dibandingkan helm full face sehingga nyaman untuk pemakaian lama 3 visibilitas lebih baik karena bagian depannya terbuka pandangan ke depan dan samping lebih leluasa 4 desain stylish banyak pilihan desain yang modis cocok buat pengendara skutik atau motor harian,96,positive,0.23177413642406464
jbrvid,"Warna:kueren
Ukuran:pas
Kualitas:baik

Wes wayae kueren  helm e",5,209,1763475939,warna kueren ukuran pas kualitas baik wes wayae kueren helm e,warna kueren ukuran pas kualitas baik wes wayae kueren helm e,11,positive,0.29724135994911194
e*****r,"Warna:Hitam doff elegant
Ukuran:Pas
Kenyamanan:Ringan dan busanya terasa nyaman digunakan

Helmnya bagus sesuai deskripsi, bahkan utk helm di harga 100 ribuan ini kyknya paling rekomended. Mksih seller sukses slalu.",5,273,1763534495,warna hitam doff elegant ukuran pas kenyamanan ringan dan busanya terasa nyaman digunakan helmnya bagus sesuai deskripsi bahkan utk helm di harga 100 ribuan ini kyknya paling rekomended mksih seller sukses slalu,warna hitam doff elegant ukuran pas kenyamanan ringan dan busanya terasa nyaman digunakan helmnya bagus sesuai deskripsi bahkan utk helm di harga 100 ribuan ini kyknya paling rekomended mksih seller sukses slalu,32,positive,0.2719306945800781
suparjanto.,"Warna:toska
Ukuran:M- pas dan muat
Kualitas:build quality cukup baik

Helm SNI dengan harga ramah dikantong...
Busa cukup kencang..
Jadi ragu kalau ditaruh diparkiran, bisa diambil orang soalnya...
Warna TOSKA sesuai dengan yang kita pesan dan kaca bening sehingga enak dipakai kalau malam hari juga..
Pengiriman cukup cepat...
Pakai diterima dengan kondisi baik dan aman...
Terima kasih gan...",5,630,1763426939,warna toska ukuran m pas dan muat kualitas build quality cukup baik helm sni dengan harga ramah dikantong busa cukup kencang jadi ragu kalau ditaruh diparkiran bisa diambil orang soalnya warna toska sesuai dengan yang kita pesan dan kaca bening sehingga enak dipakai kalau malam hari juga pengiriman cukup cepat pakai diterima dengan kondisi baik dan aman terima kasih gan,warna toska ukuran m pas dan muat kualitas build quality cukup baik helm sni dengan harga ramah dikantong busa cukup kencang jadi ragu kalau ditaruh diparkiran bisa diambil orang soalnya warna toska sesuai dengan yang kita pesan dan kaca bening sehingga enak dipakai kalau malam hari juga pengiriman cukup cepat pakai diterima dengan kondisi baik dan aman terima kasih gan,60,positive,0.3300599455833435
i*****i,"Kualitas:Bagus
Tampilan:Keren
Cocok Untuk:Touring

Ada spoiler di belakang nya harus tempel manual wkwk,, kirain udh nempel dri sana nya
Keren² 👍🏻👍🏻👍🏻",5,181,1763537028,kualitas bagus tampilan keren cocok untuk touring ada spoiler di belakang nya harus tempel manual wkwk kirain udh nempel dri sana nya keren,kualitas bagus tampilan keren cocok untuk touring ada spoiler di belakang nya harus tempel manual wkwk kirain udh nempel dri sana nya keren,23,positive,0.31242698431015015
yogifauzi840,"Warna:bagus
Ukuran:pas
Kualitas:ok bngt dengan hrga segitu nex order lain",5,71,1763171939,warna bagus ukuran pas kualitas ok bngt dengan hrga segitu nex order lain,warna bagus ukuran pas kualitas ok bngt dengan hrga segitu nex order lain,13,label_3,0.3039638102054596
d*****1,"Kegunaan:buat keamanan kepala
Kualitas:mantap
Ukuran:pas sesuai ukuran

Perdana pesen di toko ini,harga murah pengiriman cepat respon gercep, barang bagus sekali tampilannya dan sesuai dengan deskripsi yg ada di gambar etalase",5,400,1763425228,kegunaan buat keamanan kepala kualitas mantap ukuran pas sesuai ukuran perdana pesen di toko ini harga murah pengiriman cepat respon gercep barang bagus sekali tampilannya dan sesuai dengan deskripsi yg ada di gambar etalase,kegunaan buat keamanan kepala kualitas mantap ukuran pas sesuai ukuran perdana pesen di toko ini harga murah pengiriman cepat respon gercep barang bagus sekali tampilannya dan sesuai dengan deskripsi yg ada di gambar etalase,34,positive,0.2693532705307007
rioirawan483,"Warna:warna nya bagus, sesuai pesanan
Ukuran:ukuran pas, enak di kepala
Kualitas:kualitas ny original bukan kawe

Buat temen-temen jgan ragu beli di toko ini, toko nya sangat amanah sekali",5,49,1763215640,warna warna nya bagus sesuai pesanan ukuran ukuran pas enak di kepala kualitas kualitas ny original bukan kawe buat temen temen jgan ragu beli di toko ini toko nya sangat amanah sekali,warna warna nya bagus sesuai pesanan ukuran ukuran pas enak di kepala kualitas kualitas ny original bukan kawe buat temen temen jgan ragu beli di toko ini toko nya sangat amanah sekali,32,positive,0.330394983291626
t*****i,"Ukuran:m
Kualitas:ok
Kegunaan:melindungi kepala

Wih keren sih ini di harga 150rban udh dpet helm se bagus ini🤭kecepatan pengiriman oke 3 hari dteng 
Bahan bagus kokoh kuat bisa tebal bismilah semoga awet next order di sini❤",5,103,1762522402,ukuran m kualitas ok kegunaan melindungi kepala wih keren sih ini di harga 150rban udh dpet helm se bagus ini kecepatan pengiriman oke 3 hari dteng bahan bagus kokoh kuat bisa tebal bismilah semoga awet next order di sini,ukuran m kualitas ok kegunaan melindungi kepala wih keren sih ini di harga 150rban udh dpet helm se bagus ini kecepatan pengiriman oke 3 hari dteng bahan bagus kokoh kuat bisa tebal bismilah semoga awet next order di sini,39,positive,0.3116394877433777
adpri10,"Warna:sesuai yg di inginkan... dn ini warna favorit bgt ..Aqua Blue
Ukuran:M pas di kelapa
Kenyamanan:nyaman bgt... apalagi di kasih itu.. semi Intercome.. ah lah pokoknya

Sesuai gambar.. ukuran sesuai permintaan..
Sebenernya ada Video Unboxingnya... TPI 3 menit 40 detik.. g bisa di up",5,31,1763293948,warna sesuai yg di inginkan dn ini warna favorit bgt aqua blue ukuran m pas di kelapa kenyamanan nyaman bgt apalagi di kasih itu semi intercome ah lah pokoknya sesuai gambar ukuran sesuai permintaan sebenernya ada video unboxingnya tpi 3 menit 40 detik g bisa di up,warna sesuai yg di inginkan dn ini warna favorit bgt aqua blue ukuran m pas di kelapa kenyamanan nyaman bgt apalagi di kasih itu semi intercome ah lah pokoknya sesuai gambar ukuran sesuai permintaan sebenernya ada video unboxingnya tpi 3 menit 40 detik g bisa di up,47,positive,0.2945389151573181
heriyanto832,"Warna:solid
Ukuran:press
Kualitas:standar sesuai harga

Sesuai di kelasnya",5,43,1761902540,warna solid ukuran press kualitas standar sesuai harga sesuai di kelasnya,warna solid ukuran press kualitas standar sesuai harga sesuai di kelasnya,11,label_3,0.27012595534324646
primayoga611,"Warna:hitam glossy
Ukuran:ukuran m sangat pas

Helmnya keren dan kualitasnya bagus gk nyangka untuk harga segini bner2 worth it sih",5,18,1761938959,warna hitam glossy ukuran ukuran m sangat pas helmnya keren dan kualitasnya bagus gk nyangka untuk harga segini bner2 worth it sih,warna hitam glossy ukuran ukuran m sangat pas helmnya keren dan kualitasnya bagus gk nyangka untuk harga segini bner2 worth it sih,22,positive,0.30431991815567017
toshihiko11,"Warna:bagus
Ukuran:pas
Kenyamanan:nyaman

cukup bagus diharganya, cuma ada bagian yang presisinya kurang pas sehingga ada yg kelok²",5,26,1761451111,warna bagus ukuran pas kenyamanan nyaman cukup bagus diharganya cuma ada bagian yang presisinya kurang pas sehingga ada yg kelok,warna bagus ukuran pas kenyamanan nyaman cukup bagus diharganya cuma ada bagian yang presisinya kurang pas sehingga ada yg kelok,20,positive,0.26262539625167847
ronie_curl,"Warna:hitam dop
Ukuran:pas dan Sesuaiii
Kenyamanan:sangat Nyaman

Baru pertama Kaliii belanja Disini Sangatt Puasss Pengiriman Cepat dan Helm Harga Sangat Murah Dan Terjngkau.... Jadi langganan Nanti Saya Pesan Lagiii....",5,42,1763475798,warna hitam dop ukuran pas dan sesuaiii kenyamanan sangat nyaman baru pertama kaliii belanja disini sangatt puasss pengiriman cepat dan helm harga sangat murah dan terjngkau jadi langganan nanti saya pesan lagiii,warna hitam dop ukuran pas dan sesuaiii kenyamanan sangat nyaman baru pertama kaliii belanja disini sangatt puasss pengiriman cepat dan helm harga sangat murah dan terjngkau jadi langganan nanti saya pesan lagiii,32,positive,0.33585748076438904
suhermansuherman808,"Warna:warna sangat bagus suai dengan gambar
Ukuran:pas di kepala sangat nyamanqq
Kenyamanan:ringan dan nyaman di pakai

Pengiriman cepat packing rapih,kurirnya ramah ,tokonya juga amanah ,terima kasih kpd tokonya juga shopi  ,warna juga bagus ,engga nyesel belanja di toko ini good 👍👍👍",5,95,1763408707,warna warna sangat bagus suai dengan gambar ukuran pas di kepala sangat nyamanqq kenyamanan ringan dan nyaman di pakai pengiriman cepat packing rapih kurirnya ramah tokonya juga amanah terima kasih kpd tokonya juga shopi warna juga bagus engga nyesel belanja di toko ini good,warna warna sangat bagus suai dengan gambar ukuran pas di kepala sangat nyamanqq kenyamanan ringan dan nyaman di pakai pengiriman cepat packing rapih kurirnya ramah tokonya juga amanah terima kasih kpd tokonya juga shopi warna juga bagus engga nyesel belanja di toko ini good,44,positive,0.25026342272758484
bahru_n45,"Warna:hitam dop
Ukuran:pas
Kenyamanan:nyaman dipakai dan tidak berat

Saya kira biasa saja. Ternyata bagus helemnya. Ukuran pas dan nyaman dipakai. 
Design jg keren. Konsep futuristik. 
Semoga awet.",5,54,1763304182,warna hitam dop ukuran pas kenyamanan nyaman dipakai dan tidak berat saya kira biasa saja ternyata bagus helemnya ukuran pas dan nyaman dipakai design jg keren konsep futuristik semoga awet,warna hitam dop ukuran pas kenyamanan nyaman dipakai dan tidak berat saya kira biasa saja ternyata bagus helemnya ukuran pas dan nyaman dipakai design jg keren konsep futuristik semoga awet,30,positive,0.2815316319465637
suvrihamz,"Warna:bagus
Ukuran:pas
Kenyamanan:sesuai

Keren banget asli, kualitas bagus dengan harga terjangkau dapet bonus spoiler. Mantappppppppp",5,30,1762075459,warna bagus ukuran pas kenyamanan sesuai keren banget asli kualitas bagus dengan harga terjangkau dapet bonus spoiler mantappppppppp,warna bagus ukuran pas kenyamanan sesuai keren banget asli kualitas bagus dengan harga terjangkau dapet bonus spoiler mantappppppppp,18,positive,0.2899484634399414
nofanafryanto778,"Warna:Sesuai deskripsi
Ukuran:Pas dikepala tidak kebesaran tidak kekecilan
Kenyamanan:lumayan nyaman dengan bisa empuk

Pas dikepala
Tidak terlalu pengap
Model stylish
Kalo pake helm ini Berasa muda lagi
Wkwkwk",5,39,1763109584,warna sesuai deskripsi ukuran pas dikepala tidak kebesaran tidak kekecilan kenyamanan lumayan nyaman dengan bisa empuk pas dikepala tidak terlalu pengap model stylish kalo pake helm ini berasa muda lagi wkwkwk,warna sesuai deskripsi ukuran pas dikepala tidak kebesaran tidak kekecilan kenyamanan lumayan nyaman dengan bisa empuk pas dikepala tidak terlalu pengap model stylish kalo pake helm ini berasa muda lagi wkwkwk,31,positive,0.3160739243030548
muhammadyusuf31,"Warna:putihh
Ukuran:ukuran nya pas di kepala aku gk kekecilan gak kebesaran juga
Kualitas:kuitas nya sangat mntap okee sekali

Toko nya amanah 🥰🤗puas beli di sini",5,152,1763387893,warna putihh ukuran ukuran nya pas di kepala aku gk kekecilan gak kebesaran juga kualitas kuitas nya sangat mntap okee sekali toko nya amanah puas beli di sini,warna putihh ukuran ukuran nya pas di kepala aku gk kekecilan gak kebesaran juga kualitas kuitas nya sangat mntap okee sekali toko nya amanah puas beli di sini,28,positive,0.3252057433128357
dj.ydrv,"Warna:KUNING MAXIM
Ukuran:L
Berat:kurang tau

Venroof / Ventilasi Roofnya Berfungsi ( angin masuk dari ventilasi ) kepala jadi adem , Gengsi Dapet Fungsi Dapet",5,15,1759916953,warna kuning maxim ukuran l berat kurang tau venroof ventilasi roofnya berfungsi angin masuk dari ventilasi kepala jadi adem gengsi dapet fungsi dapet,warna kuning maxim ukuran l berat kurang tau venroof ventilasi roofnya berfungsi angin masuk dari ventilasi kepala jadi adem gengsi dapet fungsi dapet,23,positive,0.25421130657196045
dj.ydrv,"Warna:Grey Doff
Ukuran:L
Kualitas:SESUAI EKSPETASI

Fungsi dapet Gengsi Dapet , GAS BRE CHECKOUT",5,9,1758701843,warna grey doff ukuran l kualitas sesuai ekspetasi fungsi dapet gengsi dapet gas bre checkout,warna grey doff ukuran l kualitas sesuai ekspetasi fungsi dapet gengsi dapet gas bre checkout,15,positive,0.2669309675693512
jalaludinasr1,"Warna:memiliki pigmen yang bagus
Ukuran:ukuran produknya pas
Berat:sangat ringan tapi nyaman

Overall oke banget diharga segini, tp mohon diperhatikan lagi karena ada baut braket yang kurang rapat jadi harus di baut ulang. Mohon lebih teliti lagi ya 👍",5,30,1760942623,warna memiliki pigmen yang bagus ukuran ukuran produknya pas berat sangat ringan tapi nyaman overall oke banget diharga segini tp mohon diperhatikan lagi karena ada baut braket yang kurang rapat jadi harus di baut ulang mohon lebih teliti lagi ya,warna memiliki pigmen yang bagus ukuran ukuran produknya pas berat sangat ringan tapi nyaman overall oke banget diharga segini tp mohon diperhatikan lagi karena ada baut braket yang kurang rapat jadi harus di baut ulang mohon lebih teliti lagi ya,40,positive,0.3305310606956482
arikpratamacandra,"Ukuran:pas L
Warna:hitam
Durabilitas:lumayan

Toko amanah...... Helem harga lumayan..... Langsung di pakai.... Alhamdulillah",5,35,1759781483,ukuran pas l warna hitam durabilitas lumayan toko amanah helem harga lumayan langsung di pakai alhamdulillah,ukuran pas l warna hitam durabilitas lumayan toko amanah helem harga lumayan langsung di pakai alhamdulillah,16,positive,0.29817625880241394
andri2505,"Warna:Hitam doff
Ukuran:Pas
Kualitas:baik

Bagus..
Amanah..
Ok gass lah.",5,23,1763223744,warna hitam doff ukuran pas kualitas baik bagus amanah ok gass lah,warna hitam doff ukuran pas kualitas baik bagus amanah ok gass lah,12,positive,0.297542005777359
kenziedela,"Warna:keren sih warnanya abu abu dof gitu
Ukuran:pas dan sangat nyaman
Kenyamanan:nyaman

pas banget si ini buat yg mau nyari helm yang bentuk nya sporty, udah gitu harganya sangat terjangkau keren lah pokoknya mah 😉",5,14,1761649650,warna keren sih warnanya abu abu dof gitu ukuran pas dan sangat nyaman kenyamanan nyaman pas banget si ini buat yg mau nyari helm yang bentuk nya sporty udah gitu harganya sangat terjangkau keren lah pokoknya mah,warna keren sih warnanya abu abu dof gitu ukuran pas dan sangat nyaman kenyamanan nyaman pas banget si ini buat yg mau nyari helm yang bentuk nya sporty udah gitu harganya sangat terjangkau keren lah pokoknya mah,37,positive,0.3122701048851013
bharawisesa,"Warna:Cat nya lumayan bagus dengan harga segini
Ukuran:Pas bgt di kepala
Kenyamanan:Nyaman karena busa nya tebal

Ga nyangka bneran bagus euyy dengan harga yg murah, udah mirip helm2 kekinian jaman sekarang.",5,20,1762075392,warna cat nya lumayan bagus dengan harga segini ukuran pas bgt di kepala kenyamanan nyaman karena busa nya tebal ga nyangka bneran bagus euyy dengan harga yg murah udah mirip helm2 kekinian jaman sekarang,warna cat nya lumayan bagus dengan harga segini ukuran pas bgt di kepala kenyamanan nyaman karena busa nya tebal ga nyangka bneran bagus euyy dengan harga yg murah udah mirip helm2 kekinian jaman sekarang,34,positive,0.29155927896499634
a*****3,"Warna:Hitam Doff
Ukuran:Pas sesuai lingkar kepala
Kenyamanan:Nyaman dan ringan dalam berkendara

Produk sesuai pesanan, hanya saja sprti biasa penghalusan di bagian spoiler dan dudukannya karena masih banyak tidak kerataan",5,44,1763301124,warna hitam doff ukuran pas sesuai lingkar kepala kenyamanan nyaman dan ringan dalam berkendara produk sesuai pesanan hanya saja sprti biasa penghalusan di bagian spoiler dan dudukannya karena masih banyak tidak kerataan,warna hitam doff ukuran pas sesuai lingkar kepala kenyamanan nyaman dan ringan dalam berkendara produk sesuai pesanan hanya saja sprti biasa penghalusan di bagian spoiler dan dudukannya karena masih banyak tidak kerataan,32,positive,0.2704128921031952
i*****7,"sesuai apa yg di pesan, pengemasan rapi, aman, pengirimannya cepet, terima kasih kak & abng kurir",5,7,1761918296,sesuai apa yg di pesan pengemasan rapi aman pengirimannya cepet terima kasih kak abng kurir,sesuai apa yg di pesan pengemasan rapi aman pengirimannya cepet terima kasih kak abng kurir,15,positive,0.2777291536331177
dinandyeager,"Cocok Untuk:smua mtr
Kualitas:standard
Tampilan:real pict

Design yg menawan, grey glossy UK L recomended",5,9,1761414340,cocok untuk smua mtr kualitas standard tampilan real pict design yg menawan grey glossy uk l recomended,cocok untuk smua mtr kualitas standard tampilan real pict design yg menawan grey glossy uk l recomended,17,positive,0.2561934292316437
haniesri,"Warna:grey
Ukuran:pas
Kualitas:bagus

Paket nya udah dateng...sesuai sama yg di gambar lumayan lah..notif pengiriman dari hari minggu tp baru dateng selasa mlm tp gpp lah yg penting udah dateng.makasih shopee n seller",4,189,1763119250,warna grey ukuran pas kualitas bagus paket nya udah dateng sesuai sama yg di gambar lumayan lah notif pengiriman dari hari minggu tp baru dateng selasa mlm tp gpp lah yg penting udah dateng makasih shopee n seller,warna grey ukuran pas kualitas bagus paket nya udah dateng sesuai sama yg di gambar lumayan lah notif pengiriman dari hari minggu tp baru dateng selasa mlm tp gpp lah yg penting udah dateng makasih shopee n seller,38,positive,0.27486106753349304
alifsakera,"Warna:bagus
Ukuran:pas sama kepala saya
Kualitas:desain bagus, tolong Babel nya di tebalin lagi kak soal nya bagian udara masuk nya ada retak dikit

mantap lah harga murah tapi tidak murahan tingkat kan lagi helm nya kak🙌🏻",5,10,1760953440,warna bagus ukuran pas sama kepala saya kualitas desain bagus tolong babel nya di tebalin lagi kak soal nya bagian udara masuk nya ada retak dikit mantap lah harga murah tapi tidak murahan tingkat kan lagi helm nya kak,warna bagus ukuran pas sama kepala saya kualitas desain bagus tolong babel nya di tebalin lagi kak soal nya bagian udara masuk nya ada retak dikit mantap lah harga murah tapi tidak murahan tingkat kan lagi helm nya kak,39,positive,0.3872840702533722
rinamaharani_97,"Warna:bagus
Ukuran:pas
Kenyamanan:sangat nyaman

Bikin keliatan jadi tambah ganteng 😍",5,3,1757419466,warna bagus ukuran pas kenyamanan sangat nyaman bikin keliatan jadi tambah ganteng,warna bagus ukuran pas kenyamanan sangat nyaman bikin keliatan jadi tambah ganteng,12,positive,0.2797437012195587
rofiqrina441,"Warna:merah dof
Ukuran:pas dan sesuai banget
Kualitas:sangat bagus

helmnya bagus banget keren kayak helm Sultan murah tapi bukan murahan next order lagi kapan-kapan",5,33,1762075433,warna merah dof ukuran pas dan sesuai banget kualitas sangat bagus helmnya bagus banget keren kayak helm sultan murah tapi bukan murahan next order lagi kapan kapan,warna merah dof ukuran pas dan sesuai banget kualitas sangat bagus helmnya bagus banget keren kayak helm sultan murah tapi bukan murahan next order lagi kapan kapan,27,positive,0.2976306974887848
y*****3,"Warna:sesuai pesanan,hitam doff,sama seperti difoto
Ukuran:pas cocok untuk yg kurus²
Kenyamanan:nyaman banget

soal tampilan kece parah,klo soal kualitas diharga segini yaa termasuk bagus",5,11,1762863179,warna sesuai pesanan hitam doff sama seperti difoto ukuran pas cocok untuk yg kurus kenyamanan nyaman banget soal tampilan kece parah klo soal kualitas diharga segini yaa termasuk bagus,warna sesuai pesanan hitam doff sama seperti difoto ukuran pas cocok untuk yg kurus kenyamanan nyaman banget soal tampilan kece parah klo soal kualitas diharga segini yaa termasuk bagus,29,positive,0.29019132256507874
sancangpancasukmajati,"Warna:maron dof
Ukuran:m
Kenyamanan:nyaman

Ukiran pas dan nyaman di pakai",5,13,1763210362,warna maron dof ukuran m kenyamanan nyaman ukiran pas dan nyaman di pakai,warna maron dof ukuran m kenyamanan nyaman ukiran pas dan nyaman di pakai,13,positive,0.2665146589279175
tooooomiiiiii,"Warna:warna sesuai
Ukuran:pas
Kenyamanan:lumayan

helm untuk harga segini sih udah mantep, cuman mohon di perhatikan lagi dalam segi packeging nya.
helm sampai dan sesuai expektasi sayang nya malah hancur. tolong ya minnn di perbaiki kesalahan nya",2,311,1763535302,warna warna sesuai ukuran pas kenyamanan lumayan helm untuk harga segini sih udah mantep cuman mohon di perhatikan lagi dalam segi packeging nya helm sampai dan sesuai expektasi sayang nya malah hancur tolong ya minnn di perbaiki kesalahan nya,warna warna sesuai ukuran pas kenyamanan lumayan helm untuk harga segini sih udah mantep cuman mohon di perhatikan lagi dalam segi packeging nya helm sampai dan sesuai expektasi sayang nya malah hancur tolong ya minnn di perbaiki kesalahan nya,39,positive,0.3389902114868164
fitriyahcantikk,"Warna:sesuai dengan tipe
Ukuran:pas
Kenyamanan:nyaman dipake ringan juga

Bagus helmnya nyaman dan ringan, semogaa awet cocok untuk ganti gantii👍🏻",5,1,1759850865,warna sesuai dengan tipe ukuran pas kenyamanan nyaman dipake ringan juga bagus helmnya nyaman dan ringan semogaa awet cocok untuk ganti gantii,warna sesuai dengan tipe ukuran pas kenyamanan nyaman dipake ringan juga bagus helmnya nyaman dan ringan semogaa awet cocok untuk ganti gantii,22,positive,0.3054039180278778
malikabdul144,"Ukuran:pas dan bagus di kepala
Durabilitas:produknya bagus sekali
Desain:terlihat  bagus dan kualitas gk kaleng kaleng",5,52,1762745733,ukuran pas dan bagus di kepala durabilitas produknya bagus sekali desain terlihat bagus dan kualitas gk kaleng kaleng,ukuran pas dan bagus di kepala durabilitas produknya bagus sekali desain terlihat bagus dan kualitas gk kaleng kaleng,18,positive,0.2642954885959625
nasimmaulana646,"Warna:hitam D
Ukuran:l
Kenyamanan:sangat nyaman

Alhamdulillah pesanan sudah sampai dengan baik, sumpah pengiriman nya cpt bnget,helm juga bagus keren, gx ada yg cacat,pas di kepala nyaman di pakainya, terimakasih seller semoga tambah laris jualannya,tetap amanah, terimakasih shoppe dan om kurir 👍👍👍👍👍👍👍👍👍👍🌟🌟🌟🌟🌟🌟🌟🌟🌟🌟🌟🌟🌟🌟🌟🌟🌟🌟🌟",5,32,1761030100,warna hitam d ukuran l kenyamanan sangat nyaman alhamdulillah pesanan sudah sampai dengan baik sumpah pengiriman nya cpt bnget helm juga bagus keren gx ada yg cacat pas di kepala nyaman di pakainya terimakasih seller semoga tambah laris jualannya tetap amanah terimakasih shoppe dan om kurir,warna hitam d ukuran l kenyamanan sangat nyaman alhamdulillah pesanan sudah sampai dengan baik sumpah pengiriman nya cpt bnget helm juga bagus keren gx ada yg cacat pas di kepala nyaman di pakainya terimakasih seller semoga tambah laris jualannya tetap amanah terimakasih shoppe dan om kurir,46,positive,0.2760551869869232
usupzanin,"Warna:memiliki pigmen yg bgus
Ukuran:pas dan sesuai
Kenyamanan:ringan dan nyaman

Mantul boz ku thankz",5,3,1760238216,warna memiliki pigmen yg bgus ukuran pas dan sesuai kenyamanan ringan dan nyaman mantul boz ku thankz,warna memiliki pigmen yg bgus ukuran pas dan sesuai kenyamanan ringan dan nyaman mantul boz ku thankz,17,positive,0.2894297242164612
j*****a,"Warna:cukup oke
Ukuran:size XL nya bener / nggk kurang tau ya, krn nggk ada penandanya
Kualitas:okelah tp jgn berharap banyak dg harga yg segitu ya",5,11,1762470852,warna cukup oke ukuran size xl nya bener nggk kurang tau ya krn nggk ada penandanya kualitas okelah tp jgn berharap banyak dg harga yg segitu ya,warna cukup oke ukuran size xl nya bener nggk kurang tau ya krn nggk ada penandanya kualitas okelah tp jgn berharap banyak dg harga yg segitu ya,27,positive,0.3206520974636078
mhmmdrrofiq,"Ukuran:pas dipakai
Durabilitas:bagus
Desain:bagus banar",5,15,1761997633,ukuran pas dipakai durabilitas bagus desain bagus banar,ukuran pas dipakai durabilitas bagus desain bagus banar,8,positive,0.2767618000507355
lkgb7w7k2r,"Warna:hitam dop
Ukuran:L
Kenyamanan:sangat nyaman d pakai

Pesanan sesuai ga ada lecet atau pun pecah mulus poko ya ga nyesel deh belanja d toko ini amanah banget buruan pesan helm d toko ini sudh murah amanah dan rill pic sulesuai iklan",5,1,1755609279,warna hitam dop ukuran l kenyamanan sangat nyaman d pakai pesanan sesuai ga ada lecet atau pun pecah mulus poko ya ga nyesel deh belanja d toko ini amanah banget buruan pesan helm d toko ini sudh murah amanah dan rill pic sulesuai iklan,warna hitam dop ukuran l kenyamanan sangat nyaman d pakai pesanan sesuai ga ada lecet atau pun pecah mulus poko ya ga nyesel deh belanja d toko ini amanah banget buruan pesan helm d toko ini sudh murah amanah dan rill pic sulesuai iklan,44,positive,0.29516205191612244
tqmpl64zbo,"Warna:sangat bagus sesuai dengan yg dipasarkan
Ukuran:pas dikepal nyaman
Kenyamanan:nyaman dipakai

Paket diterima dgn baik.
Saran aja packing nya lebih ditingkatkan lagi biar kotak gak penyok² ya.",5,1,1747140377,warna sangat bagus sesuai dengan yg dipasarkan ukuran pas dikepal nyaman kenyamanan nyaman dipakai paket diterima dgn baik saran aja packing nya lebih ditingkatkan lagi biar kotak gak penyok ya,warna sangat bagus sesuai dengan yg dipasarkan ukuran pas dikepal nyaman kenyamanan nyaman dipakai paket diterima dgn baik saran aja packing nya lebih ditingkatkan lagi biar kotak gak penyok ya,30,positive,0.28656983375549316
najib111333,"Warna:pigmen bagus
Ukuran:Pas sesuai
Kenyamanan:Ringan sangat nymn d.pakai

Hlemnya keren d.pakai sngat nyaman ringan d.kepala cuma bahannya agak tipis d.dalam tpi gpp ssuai harganya murah.. Mantabb lah pokonya ganteng .",5,1,1744291630,warna pigmen bagus ukuran pas sesuai kenyamanan ringan sangat nymn d pakai hlemnya keren d pakai sngat nyaman ringan d kepala cuma bahannya agak tipis d dalam tpi gpp ssuai harganya murah mantabb lah pokonya ganteng,warna pigmen bagus ukuran pas sesuai kenyamanan ringan sangat nymn d pakai hlemnya keren d pakai sngat nyaman ringan d kepala cuma bahannya agak tipis d dalam tpi gpp ssuai harganya murah mantabb lah pokonya ganteng,36,positive,0.32717618346214294
e5dhqybqyy,"Warna:putih
Ukuran:pas banget
Kualitas:bagus

Makasih buat tokonya 
Amanah banget 👍",5,27,1759321858,warna putih ukuran pas banget kualitas bagus makasih buat tokonya amanah banget,warna putih ukuran pas banget kualitas bagus makasih buat tokonya amanah banget,12,positive,0.288826584815979
m*****7,"Warna:sesuai
Ukuran:pas
Kenyamanan:nyaman

Packing aman barang Bagus sesuai harga",5,8,1755770870,warna sesuai ukuran pas kenyamanan nyaman packing aman barang bagus sesuai harga,warna sesuai ukuran pas kenyamanan nyaman packing aman barang bagus sesuai harga,12,label_3,0.27261602878570557
syifabkt,"Warna:putih
Ukuran:M
Kenyamanan:boleh lh dengan harga segitu murah tp tdk murahan

Barang bagus tidak mengecewakan tp jasa kirim ny kayak babi barang di tahan 2 hari di kntor di tambah untuk konfirmasi udh di terima oleh penerima ny GK di konfirmasi"" pas udh hampir selesai hari pengiriman ny baru di konfirmasi sama jasa kirim babi tu",5,4,1759086728,warna putih ukuran m kenyamanan boleh lh dengan harga segitu murah tp tdk murahan barang bagus tidak mengecewakan tp jasa kirim ny kayak babi barang di tahan 2 hari di kntor di tambah untuk konfirmasi udh di terima oleh penerima ny gk di konfirmasi pas udh hampir selesai hari pengiriman ny baru di konfirmasi sama jasa kirim babi tu,warna putih ukuran m kenyamanan boleh lh dengan harga segitu murah tp tdk murahan barang bagus tidak mengecewakan tp jasa kirim ny kayak babi barang di tahan 2 hari di kntor di tambah untuk konfirmasi udh di terima oleh penerima ny gk di konfirmasi pas udh hampir selesai hari pengiriman ny baru di konfirmasi sama jasa kirim babi tu,59,positive,0.32136890292167664
firlypramuja,"Ukuran:m
Warna:grey glosy
Durabilitas:produk sampai dengan kondisi baik, seller juga ramah dalam menanggapi pelanggan",5,2,1743692888,ukuran m warna grey glosy durabilitas produk sampai dengan kondisi baik seller juga ramah dalam menanggapi pelanggan,ukuran m warna grey glosy durabilitas produk sampai dengan kondisi baik seller juga ramah dalam menanggapi pelanggan,17,label_3,0.24731644988059998
muchammadilhamsaid,"Warna:merah
Ukuran:L
Kenyamanan:nyaman

Sangat bagus dan moderen",5,3,1755529228,warna merah ukuran l kenyamanan nyaman sangat bagus dan moderen,warna merah ukuran l kenyamanan nyaman sangat bagus dan moderen,10,label_3,0.2640225291252136
rf4nilnpam,"Warna:sesuai pesanan
Ukuran:pas dikepala Dan nyaman
Kenyamanan:nyaman

Recommend banget sellernya, thks",5,1,1758580388,warna sesuai pesanan ukuran pas dikepala dan nyaman kenyamanan nyaman recommend banget sellernya thks,warna sesuai pesanan ukuran pas dikepala dan nyaman kenyamanan nyaman recommend banget sellernya thks,14,label_3,0.2795998454093933
definurcahyanti,"Warna:hitam dof
Ukuran:xl
Kenyamanan:nyamanya pas

Untuk harga segitu mantaplah 
Rekomendasi untuk yang sedang cari cari helm sekeren ini 
Cuma ada beberapa jahitan busa yang kurang rapi .
Tapi gak masalah 
Oke trimakasih",5,4,1760002231,warna hitam dof ukuran xl kenyamanan nyamanya pas untuk harga segitu mantaplah rekomendasi untuk yang sedang cari cari helm sekeren ini cuma ada beberapa jahitan busa yang kurang rapi tapi gak masalah oke trimakasih,warna hitam dof ukuran xl kenyamanan nyamanya pas untuk harga segitu mantaplah rekomendasi untuk yang sedang cari cari helm sekeren ini cuma ada beberapa jahitan busa yang kurang rapi tapi gak masalah oke trimakasih,34,positive,0.3040260076522827
marioagusri,"Warna:keren bagus sesuai harga
Ukuran:pas untuk ukuran kepala dengan peci nomor 10
Kenyamanan:nyaman sesuai harga",5,2,1760207618,warna keren bagus sesuai harga ukuran pas untuk ukuran kepala dengan peci nomor 10 kenyamanan nyaman sesuai harga,warna keren bagus sesuai harga ukuran pas untuk ukuran kepala dengan peci nomor 10 kenyamanan nyaman sesuai harga,18,positive,0.3040841221809387
ekowahyudi127,"Warna:good
Ukuran:good
Kenyamanan:good

Ini baru bentul tipe n warnanya, nyaman pula pkeknya moga awet dah 🙏😁",5,1,1755359341,warna good ukuran good kenyamanan good ini baru bentul tipe n warnanya nyaman pula pkeknya moga awet dah,warna good ukuran good kenyamanan good ini baru bentul tipe n warnanya nyaman pula pkeknya moga awet dah,18,positive,0.29389694333076477
aryo.bakulers86,"Warna:hitam dop
Ukuran:xl
Kenyamanan:pas

Lumayanlah sesuai harga unik bahan nya
Model keren
Spoiler nya model lem double tip,klo ga kuat pasti lepas",5,3,1757488949,warna hitam dop ukuran xl kenyamanan pas lumayanlah sesuai harga unik bahan nya model keren spoiler nya model lem double tip klo ga kuat pasti lepas,warna hitam dop ukuran xl kenyamanan pas lumayanlah sesuai harga unik bahan nya model keren spoiler nya model lem double tip klo ga kuat pasti lepas,26,positive,0.29175764322280884
dianherdiani1979,"Warna:bagus sesuai gambar
Ukuran:pas
Kenyamanan:nyaman

Barang datang sesuai pesanan,pengiriman cepat...tq shopee",5,15,1759791512,warna bagus sesuai gambar ukuran pas kenyamanan nyaman barang datang sesuai pesanan pengiriman cepat tq shopee,warna bagus sesuai gambar ukuran pas kenyamanan nyaman barang datang sesuai pesanan pengiriman cepat tq shopee,16,label_3,0.2846699655056
renomarvino,"Warna:sesuai gambar
Ukuran:pas
Kenyamanan:ringan dan enak di pakai

Terima kasih barangnya sudah mendarat dengan selamat",5,0,1758216647,warna sesuai gambar ukuran pas kenyamanan ringan dan enak di pakai terima kasih barangnya sudah mendarat dengan selamat,warna sesuai gambar ukuran pas kenyamanan ringan dan enak di pakai terima kasih barangnya sudah mendarat dengan selamat,18,positive,0.2906363606452942
a*****a,"Ada harga ada kualitas guys, jangan berharap lebih dengan harga segini👌",5,1,1758119217,ada harga ada kualitas guys jangan berharap lebih dengan harga segini,ada harga ada kualitas guys jangan berharap lebih dengan harga segini,11,positive,0.3121870756149292
r*****y,Tampilan keren helm nya ringan 🚀🚀🚀🔥,5,22,1763209756,tampilan keren helm nya ringan,tampilan keren helm nya ringan,5,label_3,0.2988235056400299
aryagansg,"Warna:hitam glossy
Ukuran:XL
Kenyamanan:busa tebal dan kedap dari angin

Helm desain simpel dan keren harga sesuai yang didapatkan",5,0,1749017263,warna hitam glossy ukuran xl kenyamanan busa tebal dan kedap dari angin helm desain simpel dan keren harga sesuai yang didapatkan,warna hitam glossy ukuran xl kenyamanan busa tebal dan kedap dari angin helm desain simpel dan keren harga sesuai yang didapatkan,21,positive,0.2700967490673065
l*****a,"Warna:hitam dof
Ukuran:ukuran M ny pas di kepala
Kenyamanan:nyaman di pakai

Buat tampilan helm ny keren gak kalah dngn helm yg mahal
Tapi cuma ada 1 yg kurang, logo yg d blkng helm ny gak ada klau d fhoto ny ada logo kecil di dekat logo cosmo ny
Over all aman GK ada yg rusak
Trma ksih buat tokoh,seller,dan kurir ny 🙏🙏🙏",5,0,1742996394,warna hitam dof ukuran ukuran m ny pas di kepala kenyamanan nyaman di pakai buat tampilan helm ny keren gak kalah dngn helm yg mahal tapi cuma ada 1 yg kurang logo yg d blkng helm ny gak ada klau d fhoto ny ada logo kecil di dekat logo cosmo ny over all aman gk ada yg rusak trma ksih buat tokoh seller dan kurir ny,warna hitam dof ukuran ukuran m ny pas di kepala kenyamanan nyaman di pakai buat tampilan helm ny keren gak kalah dngn helm yg mahal tapi cuma ada 1 yg kurang logo yg d blkng helm ny gak ada klau d fhoto ny ada logo kecil di dekat logo cosmo ny over all aman gk ada yg rusak trma ksih buat tokoh seller dan kurir ny,66,positive,0.2760798931121826
adityaagus882,"Warna:sesuai pesana
Ukuran:pas
Kenyamanan:di dalam atas kurang tebal busanya,helem hampir mepet pundak

Cukup bagus,
Sesuai dengan harga,
Okelaah...",5,1,1743267118,warna sesuai pesana ukuran pas kenyamanan di dalam atas kurang tebal busanya helem hampir mepet pundak cukup bagus sesuai dengan harga okelaah,warna sesuai pesana ukuran pas kenyamanan di dalam atas kurang tebal busanya helem hampir mepet pundak cukup bagus sesuai dengan harga okelaah,22,positive,0.31061288714408875
w*****1,"Warna:memiliki pigmen yang bagus
Ukuran:pas banget di kepala dan nyaman
Kenyamanan:alhamdulillah nyaman di pakai

Tapi ada lecet sikit tapi ngk papa bagus kok",5,0,1747727637,warna memiliki pigmen yang bagus ukuran pas banget di kepala dan nyaman kenyamanan alhamdulillah nyaman di pakai tapi ada lecet sikit tapi ngk papa bagus kok,warna memiliki pigmen yang bagus ukuran pas banget di kepala dan nyaman kenyamanan alhamdulillah nyaman di pakai tapi ada lecet sikit tapi ngk papa bagus kok,26,positive,0.3040730953216553
akunkuygy,"Warna:sesuai pesanan
Ukuran:pas
Kenyamanan:nyaman

Saya puas dengan pesanan semuanya sesuai terimakasih shopy dan tokonya yang amanah semoga berkah laris saya beli helmnya seadanya terimakasih 🙏🙏🙏",5,5,1761585381,warna sesuai pesanan ukuran pas kenyamanan nyaman saya puas dengan pesanan semuanya sesuai terimakasih shopy dan tokonya yang amanah semoga berkah laris saya beli helmnya seadanya terimakasih,warna sesuai pesanan ukuran pas kenyamanan nyaman saya puas dengan pesanan semuanya sesuai terimakasih shopy dan tokonya yang amanah semoga berkah laris saya beli helmnya seadanya terimakasih,27,positive,0.2978924810886383
satriobee,"Warna:Warna Hitam Doff
Ukuran:L
Kenyamanan:Nyaman di pakai Busa tebal

Paket helm sdh di terima dgn kondisi baik packing rapi tks shopee tks seller sukses selalu",5,5,1762075478,warna warna hitam doff ukuran l kenyamanan nyaman di pakai busa tebal paket helm sdh di terima dgn kondisi baik packing rapi tks shopee tks seller sukses selalu,warna warna hitam doff ukuran l kenyamanan nyaman di pakai busa tebal paket helm sdh di terima dgn kondisi baik packing rapi tks shopee tks seller sukses selalu,28,positive,0.253872811794281
krusnic89,"Warna:hitam dop
Ukuran:pas
Berat:ringan

Terimakasih, helmnya sudah sampai dan sudah di coba",5,2,1738631966,warna hitam dop ukuran pas berat ringan terimakasih helmnya sudah sampai dan sudah di coba,warna hitam dop ukuran pas berat ringan terimakasih helmnya sudah sampai dan sudah di coba,15,positive,0.3096552789211273
a*****s,"Kualitas:bagus
Cocok Untuk:perjalanan menengah
Tampilan:menarik

Helm adalah safety kepala saat berkendara
Semoga barokah perjalanan aman
Dan tahan lama",5,5,1758040152,kualitas bagus cocok untuk perjalanan menengah tampilan menarik helm adalah safety kepala saat berkendara semoga barokah perjalanan aman dan tahan lama,kualitas bagus cocok untuk perjalanan menengah tampilan menarik helm adalah safety kepala saat berkendara semoga barokah perjalanan aman dan tahan lama,21,positive,0.26264193654060364
leksynoviyar,"Warna:kerennn
Ukuran:pass
Kualitas:bagusss

helm nya baguss.....ditempel stiker biar makin joss",5,3,1736465130,warna kerennn ukuran pass kualitas bagusss helm nya baguss ditempel stiker biar makin joss,warna kerennn ukuran pass kualitas bagusss helm nya baguss ditempel stiker biar makin joss,14,positive,0.3137114942073822
apriyansah502,"Warna:putih
Ukuran:M
Kenyamanan:sangat nyaman, tampilan juga bagus

Pokonya ngk nyesel beli di sini recomend bangettt
Cmn pengirimanya agk lambat mungkin ada hambatan, tpi hasilnya memuaskan, sekali lagi makasihhh",5,2,1759452359,warna putih ukuran m kenyamanan sangat nyaman tampilan juga bagus pokonya ngk nyesel beli di sini recomend bangettt cmn pengirimanya agk lambat mungkin ada hambatan tpi hasilnya memuaskan sekali lagi makasihhh,warna putih ukuran m kenyamanan sangat nyaman tampilan juga bagus pokonya ngk nyesel beli di sini recomend bangettt cmn pengirimanya agk lambat mungkin ada hambatan tpi hasilnya memuaskan sekali lagi makasihhh,31,positive,0.3497687876224518
pinhealth,"Warna:bagus
Ukuran:pas
Berat:ringan

untuk harga 150 rb an udh bagus bgt. kalo di toko offline mgkin bisa kena 200 lbih harganya",5,8,1744438634,warna bagus ukuran pas berat ringan untuk harga 150 rb an udh bagus bgt kalo di toko offline mgkin bisa kena 200 lbih harganya,warna bagus ukuran pas berat ringan untuk harga 150 rb an udh bagus bgt kalo di toko offline mgkin bisa kena 200 lbih harganya,24,positive,0.2736074924468994
docy_shadeg4,"Tampilan:keren banget

pemakaian sehari hari sunmory",5,3,1760023337,tampilan keren banget pemakaian sehari hari sunmory,tampilan keren banget pemakaian sehari hari sunmory,7,label_3,0.289916068315506
0icfshiepy,"Warna:sesuai
Ukuran:pas banget
Kualitas:mantap polll

Ngk kecewa beli di sini joss",5,11,1755529620,warna sesuai ukuran pas banget kualitas mantap polll ngk kecewa beli di sini joss,warna sesuai ukuran pas banget kualitas mantap polll ngk kecewa beli di sini joss,14,positive,0.3100230395793915
angade,"Warna:warnanya sesuai sm pesanan dn yg digambar.. kinclongggg😍
Ukuran:pas dan sesuai
Kenyamanan:sangat nyaman puolllllll

Amanah bgt tokonya. Ku kira bkl rusak atau apa tp pas dateng dengan harga segitu buagus puol puas pokoke.. next order lg buat pak suami🤭",5,2,1742682891,warna warnanya sesuai sm pesanan dn yg digambar kinclongggg ukuran pas dan sesuai kenyamanan sangat nyaman puolllllll amanah bgt tokonya ku kira bkl rusak atau apa tp pas dateng dengan harga segitu buagus puol puas pokoke next order lg buat pak suami,warna warnanya sesuai sm pesanan dn yg digambar kinclongggg ukuran pas dan sesuai kenyamanan sangat nyaman puolllllll amanah bgt tokonya ku kira bkl rusak atau apa tp pas dateng dengan harga segitu buagus puol puas pokoke next order lg buat pak suami,42,positive,0.3144164979457855
ronie_curl,"Warna:dop
Ukuran:pas Dan Sesuaiii
Kenyamanan:ringan Nyaman Dan Elegan

Pesan Disini Selalu Memuaskan.... Sudah Jadi Langganan Julak Yang Ke 2 Kalinya... Andalan....",5,9,1755267930,warna dop ukuran pas dan sesuaiii kenyamanan ringan nyaman dan elegan pesan disini selalu memuaskan sudah jadi langganan julak yang ke 2 kalinya andalan,warna dop ukuran pas dan sesuaiii kenyamanan ringan nyaman dan elegan pesan disini selalu memuaskan sudah jadi langganan julak yang ke 2 kalinya andalan,24,positive,0.30611687898635864
syafrialgibran,"Warna:hitam glossy
Ukuran:L
Kenyamanan:nyaman

Helm nya bagus tidak ada kecacatan ,nyaman di pakai",5,6,1762256168,warna hitam glossy ukuran l kenyamanan nyaman helm nya bagus tidak ada kecacatan nyaman di pakai,warna hitam glossy ukuran l kenyamanan nyaman helm nya bagus tidak ada kecacatan nyaman di pakai,16,positive,0.27019819617271423
epen_salman,"Warna:sangat bagus
Ukuran:pas size L
Kenyamanan:nyaman di pakai nya

terimakasih paket helm nya da sampai pengiriman cepet kurir ramah....barang nya bagus recomended....terimakasih shopee dan seller nya",5,1,1757569803,warna sangat bagus ukuran pas size l kenyamanan nyaman di pakai nya terimakasih paket helm nya da sampai pengiriman cepet kurir ramah barang nya bagus recomended terimakasih shopee dan seller nya,warna sangat bagus ukuran pas size l kenyamanan nyaman di pakai nya terimakasih paket helm nya da sampai pengiriman cepet kurir ramah barang nya bagus recomended terimakasih shopee dan seller nya,31,positive,0.31390562653541565
dzunnurain23,"Warna:hitam glosy
Ukuran:besar
Kenyamanan:nyaman

Warna hitam glosy mengkilat, model helmnya keren, lakik banget, tapi baut kacanya gampang longgar, jadi harus sering diperhatikan bautnya dikencengin",5,4,1759555717,warna hitam glosy ukuran besar kenyamanan nyaman warna hitam glosy mengkilat model helmnya keren lakik banget tapi baut kacanya gampang longgar jadi harus sering diperhatikan bautnya dikencengin,warna hitam glosy ukuran besar kenyamanan nyaman warna hitam glosy mengkilat model helmnya keren lakik banget tapi baut kacanya gampang longgar jadi harus sering diperhatikan bautnya dikencengin,27,positive,0.2715226411819458
d*****a,"Kualitas barang oke, harga terjangkau, pengiriman cepat, kurir ramah, thank u seller 🙏",5,1,1759602501,kualitas barang oke harga terjangkau pengiriman cepat kurir ramah thank u seller,kualitas barang oke harga terjangkau pengiriman cepat kurir ramah thank u seller,12,label_3,0.29965999722480774
t*****n,"Warna:real sesuai
Ukuran:pas
Kenyamanan:pas dkepala tak goyang

recommended seller, next order lgi model lain",5,1,1754986925,warna real sesuai ukuran pas kenyamanan pas dkepala tak goyang recommended seller next order lgi model lain,warna real sesuai ukuran pas kenyamanan pas dkepala tak goyang recommended seller next order lgi model lain,17,label_3,0.30432432889938354
siswantosudarsono,"Warna:sesuai
Ukuran:pas L
Kenyamanan:nyaman tenan

Alhamdulillah sdh sampe sblm lebaran helm impian. Bentuknya bagus setelah liat ALV tp harganya jauh bagusan cosmo ini. Helm datang dlm keada9an box yg penyok2 tp dalemnya aman,visor jg lgs tk pasang STLH tk tambahi Doble tape biar lbh kuat. Kelemahan helm ini rachet kacanya agak ringkih ya kasar gitu di banding NHK R1 milik saya. Semoga awet dan kembali lg ke harga ya jika minusnya masih wajar kyk gini itu wajar Krn saya dpt hrga 150rb. Ini saja saya jg nunggu helm J5 dri tik tok yg dpt harga 122rb...",5,1,1754728245,warna sesuai ukuran pas l kenyamanan nyaman tenan alhamdulillah sdh sampe sblm lebaran helm impian bentuknya bagus setelah liat alv tp harganya jauh bagusan cosmo ini helm datang dlm keada9an box yg penyok2 tp dalemnya aman visor jg lgs tk pasang stlh tk tambahi doble tape biar lbh kuat kelemahan helm ini rachet kacanya agak ringkih ya kasar gitu di banding nhk r1 milik saya semoga awet dan kembali lg ke harga ya jika minusnya masih wajar kyk gini itu wajar krn saya dpt hrga 150rb ini saja saya jg nunggu helm j5 dri tik tok yg dpt harga 122rb,warna sesuai ukuran pas l kenyamanan nyaman tenan alhamdulillah sdh sampe sblm lebaran helm impian bentuknya bagus setelah liat alv tp harganya jauh bagusan cosmo ini helm datang dlm keada9an box yg penyok2 tp dalemnya aman visor jg lgs tk pasang stlh tk tambahi doble tape biar lbh kuat kelemahan helm ini rachet kacanya agak ringkih ya kasar gitu di banding nhk r1 milik saya semoga awet dan kembali lg ke harga ya jika minusnya masih wajar kyk gini itu wajar krn saya dpt hrga 150rb ini saja saya jg nunggu helm j5 dri tik tok yg dpt harga 122rb,100,positive,0.2639368176460266
x0ct9wwuz7,"Warna:Grey glosy
Ukuran:pas dan sesuai
Kenyamanan:ringan dan nyaman dipakai",5,0,1753362215,warna grey glosy ukuran pas dan sesuai kenyamanan ringan dan nyaman dipakai,warna grey glosy ukuran pas dan sesuai kenyamanan ringan dan nyaman dipakai,12,label_3,0.2703067362308502
c*****a,"Pesanannya sudah sampai 
Packagingnya juga rapih pakai kerdus 
Thanks seller..",5,4,1756016553,pesanannya sudah sampai packagingnya juga rapih pakai kerdus thanks seller,pesanannya sudah sampai packagingnya juga rapih pakai kerdus thanks seller,10,label_3,0.2593543827533722
nusss_,"Warna:hitam dof
Ukuran:M
Kenyamanan:recommended

Harga sesuai kualitas, dan kualitas bagus banget nyaman dipake",5,3,1760477788,warna hitam dof ukuran m kenyamanan recommended harga sesuai kualitas dan kualitas bagus banget nyaman dipake,warna hitam dof ukuran m kenyamanan recommended harga sesuai kualitas dan kualitas bagus banget nyaman dipake,16,positive,0.28489580750465393
ros0505,"Warna:sangat bagus
Ukuran:pas dn sesui
Kenyamanan:sangat nyaman

Terimakasih kak paketnya sudah smpe bagus helm nya dan menarik warna jg bagus pas ukuran XL nya",5,18,1763149291,warna sangat bagus ukuran pas dn sesui kenyamanan sangat nyaman terimakasih kak paketnya sudah smpe bagus helm nya dan menarik warna jg bagus pas ukuran xl nya,warna sangat bagus ukuran pas dn sesui kenyamanan sangat nyaman terimakasih kak paketnya sudah smpe bagus helm nya dan menarik warna jg bagus pas ukuran xl nya,27,positive,0.36966317892074585
xruso09qe5,"Warna:sangat bagus dan sesuai
Ukuran:pas dan nyaman di kepala

Barang sesuai pesanan, kondisi bagus.. recommended banget dahh.. thanks seller good job 👍👍👍",5,2,1758028995,warna sangat bagus dan sesuai ukuran pas dan nyaman di kepala barang sesuai pesanan kondisi bagus recommended banget dahh thanks seller good job,warna sangat bagus dan sesuai ukuran pas dan nyaman di kepala barang sesuai pesanan kondisi bagus recommended banget dahh thanks seller good job,23,label_3,0.2681726813316345
r*****9,"Warna:sesuai pesanan.
Ukuran:ukurannya jg pas dan sesuai pesanan
Kenyamanan:sangat nyaman

Abang kurirnya ok ramah jg.
Pesenan ok sesuai dgn apa yg kita pesen.
Pokoknya gk nyesel deh..",5,2,1747867908,warna sesuai pesanan ukuran ukurannya jg pas dan sesuai pesanan kenyamanan sangat nyaman abang kurirnya ok ramah jg pesenan ok sesuai dgn apa yg kita pesen pokoknya gk nyesel deh,warna sesuai pesanan ukuran ukurannya jg pas dan sesuai pesanan kenyamanan sangat nyaman abang kurirnya ok ramah jg pesenan ok sesuai dgn apa yg kita pesen pokoknya gk nyesel deh,30,positive,0.26225876808166504
shobah179,"Warna:sangat bagus dan sesuai dengan gambar
Ukuran:pas dan sesuai
Kualitas:sangat bagus dan memuaskan

Lk tuku helm rinio pasti amanah",5,17,1756794657,warna sangat bagus dan sesuai dengan gambar ukuran pas dan sesuai kualitas sangat bagus dan memuaskan lk tuku helm rinio pasti amanah,warna sangat bagus dan sesuai dengan gambar ukuran pas dan sesuai kualitas sangat bagus dan memuaskan lk tuku helm rinio pasti amanah,22,positive,0.3263248801231384
m*****9,"Warna:sangat bagus
Ukuran:pas sedikit kopong dibagian kepala atas
Kenyamanan:cukup nyaman

Untuk beberapa detail mungkin kurang presisi...
Tapi untuk harga segitu helm termasuk cukup mewah..
Terima kasih",5,1,1761405848,warna sangat bagus ukuran pas sedikit kopong dibagian kepala atas kenyamanan cukup nyaman untuk beberapa detail mungkin kurang presisi tapi untuk harga segitu helm termasuk cukup mewah terima kasih,warna sangat bagus ukuran pas sedikit kopong dibagian kepala atas kenyamanan cukup nyaman untuk beberapa detail mungkin kurang presisi tapi untuk harga segitu helm termasuk cukup mewah terima kasih,29,positive,0.3141329884529114
mridhomaulanagaming,helm nya bagus warnanya sesuai saya sangat sukaaa ternyata lebih bagus dari pada dugaan sayaa🤩🤩,5,2,1758614254,helm nya bagus warnanya sesuai saya sangat sukaaa ternyata lebih bagus dari pada dugaan sayaa,helm nya bagus warnanya sesuai saya sangat sukaaa ternyata lebih bagus dari pada dugaan sayaa,15,positive,0.3048255443572998
ucup4480,"Warna:sesuai hitam Doff
Ukuran:pas
Kenyamanan:ringan nyaman

Terima kasih paket helm nya sudah sampai dengan selamat mksh sudah amanah sukses sllu",5,4,1760330496,warna sesuai hitam doff ukuran pas kenyamanan ringan nyaman terima kasih paket helm nya sudah sampai dengan selamat mksh sudah amanah sukses sllu,warna sesuai hitam doff ukuran pas kenyamanan ringan nyaman terima kasih paket helm nya sudah sampai dengan selamat mksh sudah amanah sukses sllu,23,positive,0.3302009403705597
aqleemaghayda,"Warna:sesuai dengan deskripsi
Ukuran:sesuai ekspektasi
Kenyamanan:sangat nyaman

Toko amanah, pengiriman cepat, sesuai dengan deskripsi produk, sesuai dengan ekspektasi, paking bagus & aman, semoga awet dah",5,7,1760580864,warna sesuai dengan deskripsi ukuran sesuai ekspektasi kenyamanan sangat nyaman toko amanah pengiriman cepat sesuai dengan deskripsi produk sesuai dengan ekspektasi paking bagus aman semoga awet dah,warna sesuai dengan deskripsi ukuran sesuai ekspektasi kenyamanan sangat nyaman toko amanah pengiriman cepat sesuai dengan deskripsi produk sesuai dengan ekspektasi paking bagus aman semoga awet dah,27,positive,0.24945257604122162
maliabdullah67,"Warna:bagus cerah
Ukuran:pas di kepala
Kenyamanan:enak di pake gak berat ringan dikepala",5,0,1740875744,warna bagus cerah ukuran pas di kepala kenyamanan enak di pake gak berat ringan dikepala,warna bagus cerah ukuran pas di kepala kenyamanan enak di pake gak berat ringan dikepala,15,label_3,0.2793305516242981
adyajuliyantosinggih,"Warna:putih
Ukuran:sesuai
Kenyamanan:ccok keknyaa buat dipke",5,1,1757489254,warna putih ukuran sesuai kenyamanan ccok keknyaa buat dipke,warna putih ukuran sesuai kenyamanan ccok keknyaa buat dipke,9,label_3,0.31580013036727905
wahyu031294,"Warna:Hitam, Glosy
Ukuran:Pas
Kenyamanan:Nyaman enteng",5,0,1742646647,warna hitam glosy ukuran pas kenyamanan nyaman enteng,warna hitam glosy ukuran pas kenyamanan nyaman enteng,8,label_3,0.2733314335346222
sugali86,"Warna:warna mulus
Ukuran:sesuai
Kenyamanan:nyaman pas

Paket mendarat dengan selamat, aman dan nyaman...
isi paket sesuai, barang juga sesuai diskripsi. warna OK, bahan OK semuanya OK. spesifisikasi sesuai.
pengiriman juga cepat, selalu mengkonfirmasi, bukti engirimaan juga sesuai. penjual ramah, respon juga cepat.
mantab jaya sentosa",5,0,1753065956,warna warna mulus ukuran sesuai kenyamanan nyaman pas paket mendarat dengan selamat aman dan nyaman isi paket sesuai barang juga sesuai diskripsi warna ok bahan ok semuanya ok spesifisikasi sesuai pengiriman juga cepat selalu mengkonfirmasi bukti engirimaan juga sesuai penjual ramah respon juga cepat mantab jaya sentosa,warna warna mulus ukuran sesuai kenyamanan nyaman pas paket mendarat dengan selamat aman dan nyaman isi paket sesuai barang juga sesuai diskripsi warna ok bahan ok semuanya ok spesifisikasi sesuai pengiriman juga cepat selalu mengkonfirmasi bukti engirimaan juga sesuai penjual ramah respon juga cepat mantab jaya sentosa,47,positive,0.292110413312912
riau_fahri,"Warna:bleck
Ukuran:L
Kualitas:bagus sesuai dengan harga tapi sayang kualitasnya minus dikit

Bagus tapi sayang ada minus dikit tapi ngak papa sesuai dengan harga dan yang datang pun sesuai dengan pesanan mantap bagus nyaman",4,20,1759330247,warna bleck ukuran l kualitas bagus sesuai dengan harga tapi sayang kualitasnya minus dikit bagus tapi sayang ada minus dikit tapi ngak papa sesuai dengan harga dan yang datang pun sesuai dengan pesanan mantap bagus nyaman,warna bleck ukuran l kualitas bagus sesuai dengan harga tapi sayang kualitasnya minus dikit bagus tapi sayang ada minus dikit tapi ngak papa sesuai dengan harga dan yang datang pun sesuai dengan pesanan mantap bagus nyaman,36,positive,0.2745416760444641
ricki111112,"Warna:hitam doff
Ukuran:m
Kenyamanan:nyaman puuoolll untuk harga segitu

Buat Budget pas Pasan helm ini cocok bngt boss",5,1,1760592615,warna hitam doff ukuran m kenyamanan nyaman puuoolll untuk harga segitu buat budget pas pasan helm ini cocok bngt boss,warna hitam doff ukuran m kenyamanan nyaman puuoolll untuk harga segitu buat budget pas pasan helm ini cocok bngt boss,20,positive,0.2884844243526459
fernando38,"Warna:grey
Ukuran:L
Kenyamanan:baguss sih keren worth it harga segitu",5,0,1742316445,warna grey ukuran l kenyamanan baguss sih keren worth it harga segitu,warna grey ukuran l kenyamanan baguss sih keren worth it harga segitu,12,label_3,0.2912766635417938
afrian_hadi_97,"Warna:bagus sesuai pesanan
Ukuran:pas bingit
Kenyamanan:sangat enak

Satset bener ini toko
Bgitu dipesan lngsung gassspol, pengiriman, reapon cepat, busa helmnya tebal, nyaman banget dipakai
Thank you",5,2,1758387124,warna bagus sesuai pesanan ukuran pas bingit kenyamanan sangat enak satset bener ini toko bgitu dipesan lngsung gassspol pengiriman reapon cepat busa helmnya tebal nyaman banget dipakai thank you,warna bagus sesuai pesanan ukuran pas bingit kenyamanan sangat enak satset bener ini toko bgitu dipesan lngsung gassspol pengiriman reapon cepat busa helmnya tebal nyaman banget dipakai thank you,29,positive,0.29858627915382385
indriretno04,"Warna:putih
Ukuran:pas
Kenyamanan:ringan dan nyaman

Tampilan keren real pick bahannya empuk ok bgt terimakasih",5,2,1757489302,warna putih ukuran pas kenyamanan ringan dan nyaman tampilan keren real pick bahannya empuk ok bgt terimakasih,warna putih ukuran pas kenyamanan ringan dan nyaman tampilan keren real pick bahannya empuk ok bgt terimakasih,17,positive,0.31888002157211304
ridwan_tandjung27,"Warna:hitam
Ukuran:L
Kenyamanan:ringan fan nyaman dipakai

performance shiipp 🙏👍👍👍",5,0,1751864677,warna hitam ukuran l kenyamanan ringan fan nyaman dipakai performance shiipp,warna hitam ukuran l kenyamanan ringan fan nyaman dipakai performance shiipp,11,label_3,0.26266545057296753
pebyherdiansyah,"Warna:sesuai pesanan
Ukuran:pas
Kenyamanan:nyaman

Barang sesuai pesanan ukuran pas kualitas bagus harga ok...",5,4,1748557642,warna sesuai pesanan ukuran pas kenyamanan nyaman barang sesuai pesanan ukuran pas kualitas bagus harga ok,warna sesuai pesanan ukuran pas kenyamanan nyaman barang sesuai pesanan ukuran pas kualitas bagus harga ok,16,positive,0.2848508059978485
juna.arie,"Warna:sesuai gmbar
Ukuran:pas sesuai pesnan
Kenyamanan:lumayan nyaman di pake

Pengiriman sesuai estimasi peking aman helm seauai etalasi makasih yahh👍👍👍👍👍👍👍",5,1,1762552789,warna sesuai gmbar ukuran pas sesuai pesnan kenyamanan lumayan nyaman di pake pengiriman sesuai estimasi peking aman helm seauai etalasi makasih yahh,warna sesuai gmbar ukuran pas sesuai pesnan kenyamanan lumayan nyaman di pake pengiriman sesuai estimasi peking aman helm seauai etalasi makasih yahh,22,positive,0.317836195230484
farhatmulyanafarhat,"Warna:grey Glosy
Ukuran:M
Kenyamanan:pas sangat cocok

Helm nya bagus dan sudah free spoiler harga pun oke untuk helm sekeren ini.

Cuma ada sedikit goressan‼️",5,1,1744265988,warna grey glosy ukuran m kenyamanan pas sangat cocok helm nya bagus dan sudah free spoiler harga pun oke untuk helm sekeren ini cuma ada sedikit goressan,warna grey glosy ukuran m kenyamanan pas sangat cocok helm nya bagus dan sudah free spoiler harga pun oke untuk helm sekeren ini cuma ada sedikit goressan,27,positive,0.2789241671562195
shendyshifafauzi,"Warna:warna sesuai dan good choice
Ukuran:Pas sesuai M
Kenyamanan:Sangat nyaman sekali

Mudah-mudahan awet sepanjang masaaaaaaa",5,2,1759761327,warna warna sesuai dan good choice ukuran pas sesuai m kenyamanan sangat nyaman sekali mudah mudahan awet sepanjang masaaaaaaa,warna warna sesuai dan good choice ukuran pas sesuai m kenyamanan sangat nyaman sekali mudah mudahan awet sepanjang masaaaaaaa,19,positive,0.2994820475578308
nopyarifi4nsy4hid92,"Warna:warna sesuai pilihan
Ukuran:ukuran sesuai pesanan
Kenyamanan:sangat nyaman

Ini helm murah terkeren sih menurut saya",5,1,1760467759,warna warna sesuai pilihan ukuran ukuran sesuai pesanan kenyamanan sangat nyaman ini helm murah terkeren sih menurut saya,warna warna sesuai pilihan ukuran ukuran sesuai pesanan kenyamanan sangat nyaman ini helm murah terkeren sih menurut saya,18,positive,0.27972766757011414
sulisferdiyanto,"Warna:Keren
Ukuran:Pas
Kenyamanan:Nyaman di pakai

Respon penjual Ok, pengiriman standar, sangat recommended sekali belanja ditoko ini",5,4,1762700187,warna keren ukuran pas kenyamanan nyaman di pakai respon penjual ok pengiriman standar sangat recommended sekali belanja ditoko ini,warna keren ukuran pas kenyamanan nyaman di pakai respon penjual ok pengiriman standar sangat recommended sekali belanja ditoko ini,19,positive,0.28217461705207825
devaanggara200,"Warna:abu-abu
Ukuran:pas
Kenyamanan:sangat nyaman

Helm nya sangat nyaman, harga terjangkau, modelnya bagus dan proses pengirimannya sangat cepat",5,0,1755226338,warna abu abu ukuran pas kenyamanan sangat nyaman helm nya sangat nyaman harga terjangkau modelnya bagus dan proses pengirimannya sangat cepat,warna abu abu ukuran pas kenyamanan sangat nyaman helm nya sangat nyaman harga terjangkau modelnya bagus dan proses pengirimannya sangat cepat,21,positive,0.2839004695415497
m*****h,"Warna:hitam dove
Ukuran:pas
Kenyamanan:nyaman

Tampilan Keren, nyaman dipakai mungkin karena spons masih baru jadi masih kenceng dikepala.
dari segi kekuatan helm seperti kurang begitu kokoh, tp positifnya jadi gak berat dikepala, jadi gak pusing. buat harian cukup oke + kece.",5,0,1741819337,warna hitam dove ukuran pas kenyamanan nyaman tampilan keren nyaman dipakai mungkin karena spons masih baru jadi masih kenceng dikepala dari segi kekuatan helm seperti kurang begitu kokoh tp positifnya jadi gak berat dikepala jadi gak pusing buat harian cukup oke kece,warna hitam dove ukuran pas kenyamanan nyaman tampilan keren nyaman dipakai mungkin karena spons masih baru jadi masih kenceng dikepala dari segi kekuatan helm seperti kurang begitu kokoh tp positifnya jadi gak berat dikepala jadi gak pusing buat harian cukup oke kece,42,positive,0.2784535586833954
z*****2,"Warna:bagus sesuai deskripsi
Ukuran:pas sesuai
Kenyamanan:nyaman dipakai

Pelindung kepala sudah diterima meski pengiriman ada kendala, harga murah tapi bukan murahan ada spoilernya juga jadi tampak kece, helm cocok buat harian aman dari begal helm yang meresahkan.",5,1,1758611532,warna bagus sesuai deskripsi ukuran pas sesuai kenyamanan nyaman dipakai pelindung kepala sudah diterima meski pengiriman ada kendala harga murah tapi bukan murahan ada spoilernya juga jadi tampak kece helm cocok buat harian aman dari begal helm yang meresahkan,warna bagus sesuai deskripsi ukuran pas sesuai kenyamanan nyaman dipakai pelindung kepala sudah diterima meski pengiriman ada kendala harga murah tapi bukan murahan ada spoilernya juga jadi tampak kece helm cocok buat harian aman dari begal helm yang meresahkan,39,positive,0.25205186009407043
c3r7bo6sf6,"Warna:bagus
Ukuran:pas
Kenyamanan:mntp

Barang bagus enak untuk berkendara melindungi kpala
Puass blnja di toko ini
Pengiriman akurat dan cpat
Trimakasih untuk tokonya
Smoga jaya truss",5,4,1759704764,warna bagus ukuran pas kenyamanan mntp barang bagus enak untuk berkendara melindungi kpala puass blnja di toko ini pengiriman akurat dan cpat trimakasih untuk tokonya smoga jaya truss,warna bagus ukuran pas kenyamanan mntp barang bagus enak untuk berkendara melindungi kpala puass blnja di toko ini pengiriman akurat dan cpat trimakasih untuk tokonya smoga jaya truss,28,positive,0.3164691925048828
r*****i,"Warna:hitam Dop sesuai
Ukuran:pas banget
Kenyamanan:nyaman banget

Sesuai ekspektasi, toko nya amanah semoga sukses usahanya",5,0,1738757947,warna hitam dop sesuai ukuran pas banget kenyamanan nyaman banget sesuai ekspektasi toko nya amanah semoga sukses usahanya,warna hitam dop sesuai ukuran pas banget kenyamanan nyaman banget sesuai ekspektasi toko nya amanah semoga sukses usahanya,18,positive,0.2914784252643585
dutaarisona,"Warna:hitam doff
Ukuran:M tpi agak longgar tpi gx masalah
Kenyamanan:cm nyaman buat sehari2 trimakasih🙏seller ramah smg sht sllu lancar rejeki amiin",5,2,1755530060,warna hitam doff ukuran m tpi agak longgar tpi gx masalah kenyamanan cm nyaman buat sehari2 trimakasih seller ramah smg sht sllu lancar rejeki amiin,warna hitam doff ukuran m tpi agak longgar tpi gx masalah kenyamanan cm nyaman buat sehari2 trimakasih seller ramah smg sht sllu lancar rejeki amiin,25,positive,0.2884938418865204
agsan007,"Warna:sesuai pesanan
Ukuran:pas
Kenyamanan:nyaman dipake

Paket mendarat dengan selamat sesuai pesanan,helem pas nyaman dipake cm ada baret hitam disamping & dispoiler",5,1,1758053448,warna sesuai pesanan ukuran pas kenyamanan nyaman dipake paket mendarat dengan selamat sesuai pesanan helem pas nyaman dipake cm ada baret hitam disamping dispoiler,warna sesuai pesanan ukuran pas kenyamanan nyaman dipake paket mendarat dengan selamat sesuai pesanan helem pas nyaman dipake cm ada baret hitam disamping dispoiler,24,positive,0.2681676149368286
d*****s,"Warna:Hitam doff
Ukuran:pas
Kenyamanan:ok

Paket sudah sampai di tujuan dengan selamat terimakasih. Barangnya asli bagus',",5,4,1755530095,warna hitam doff ukuran pas kenyamanan ok paket sudah sampai di tujuan dengan selamat terimakasih barangnya asli bagus,warna hitam doff ukuran pas kenyamanan ok paket sudah sampai di tujuan dengan selamat terimakasih barangnya asli bagus,18,positive,0.29920366406440735
jerry.axis,"Warna:bagus
Ukuran:pas
Kenyamanan:ringan dan nyaman

Barang bagus, berkualitas, sesuai ekspektasi dan sangat memuaskan.",5,0,1743238821,warna bagus ukuran pas kenyamanan ringan dan nyaman barang bagus berkualitas sesuai ekspektasi dan sangat memuaskan,warna bagus ukuran pas kenyamanan ringan dan nyaman barang bagus berkualitas sesuai ekspektasi dan sangat memuaskan,16,positive,0.27931591868400574
niser123,Trim bos barang nya sudah smpi.sesuai harapan ..SMA lancar selalu.,5,0,1736574693,trim bos barang nya sudah smpi sesuai harapan sma lancar selalu,trim bos barang nya sudah smpi sesuai harapan sma lancar selalu,11,positive,0.32619795203208923
ikokurniawan103,"Warna:memiliki pigmen yang bagus
Ukuran:pas dan sesuai
Kenyamanan:sangat nyaman saat di kenakan

Barangnya dah sampe,  mendarat dengan aman
Barang bagus mantap peking  rapih,  seperti yang di inginkan terima kasih buat tokonya sukses slalu, terima kasih jga buat jasa kirimnya 👍👍👍👍👍",5,2,1754735609,warna memiliki pigmen yang bagus ukuran pas dan sesuai kenyamanan sangat nyaman saat di kenakan barangnya dah sampe mendarat dengan aman barang bagus mantap peking rapih seperti yang di inginkan terima kasih buat tokonya sukses slalu terima kasih jga buat jasa kirimnya,warna memiliki pigmen yang bagus ukuran pas dan sesuai kenyamanan sangat nyaman saat di kenakan barangnya dah sampe mendarat dengan aman barang bagus mantap peking rapih seperti yang di inginkan terima kasih buat tokonya sukses slalu terima kasih jga buat jasa kirimnya,42,positive,0.2844427525997162
f*****4,"Warna:hitam pekat
Ukuran:pas, masi ada longgar dikit okelah tapi bagus
Kenyamanan:nyaman di pakai pastinyaa broww

demi apapun guys ini worth ith banget, menurut ku best bangett, ote beli lagii buat doii 😻😻 (makasih min karna sesuai)",5,1,1750305644,warna hitam pekat ukuran pas masi ada longgar dikit okelah tapi bagus kenyamanan nyaman di pakai pastinyaa broww demi apapun guys ini worth ith banget menurut ku best bangett ote beli lagii buat doii makasih min karna sesuai,warna hitam pekat ukuran pas masi ada longgar dikit okelah tapi bagus kenyamanan nyaman di pakai pastinyaa broww demi apapun guys ini worth ith banget menurut ku best bangett ote beli lagii buat doii makasih min karna sesuai,38,positive,0.3490231931209564
wisnu_m,"Warna:Warna bagus
Ukuran:Kekecilan
Kenyamanan:Ringan dan nyaman walaupun agak sempit

Helm bagus, tapi agak ringkih sesuai lah dgn harganya
Saya sudah pesan ukuran XL tapi kekecilan
Mau di pasang interkom tapi gak ada slotnya
Semoga awet lah yah",5,1,1757051336,warna warna bagus ukuran kekecilan kenyamanan ringan dan nyaman walaupun agak sempit helm bagus tapi agak ringkih sesuai lah dgn harganya saya sudah pesan ukuran xl tapi kekecilan mau di pasang interkom tapi gak ada slotnya semoga awet lah yah,warna warna bagus ukuran kekecilan kenyamanan ringan dan nyaman walaupun agak sempit helm bagus tapi agak ringkih sesuai lah dgn harganya saya sudah pesan ukuran xl tapi kekecilan mau di pasang interkom tapi gak ada slotnya semoga awet lah yah,40,positive,0.3070323169231415
s*****r,"Warna:warna sesuai yang dipesan
Ukuran:pas dikepala ga kegedean
Kenyamanan:lumayan nyaman

Helmnya keren dengan harga segitu mantap lah",5,1,1746368702,warna warna sesuai yang dipesan ukuran pas dikepala ga kegedean kenyamanan lumayan nyaman helmnya keren dengan harga segitu mantap lah,warna warna sesuai yang dipesan ukuran pas dikepala ga kegedean kenyamanan lumayan nyaman helmnya keren dengan harga segitu mantap lah,20,positive,0.32744690775871277
jofanhamdani,"Warna:hitam glos mantap
Ukuran:pas

Pengiriman agak lama mungkin karena pakai mobil",5,0,1748333894,warna hitam glos mantap ukuran pas pengiriman agak lama mungkin karena pakai mobil,warna hitam glos mantap ukuran pas pengiriman agak lama mungkin karena pakai mobil,13,positive,0.2685335576534271
dimzzzz.rorr,"Warna:putihh
Ukuran:M
Kenyamanan:sangat nyaman

Helm nya real dan bahannya bagus , mantap deh tokonya ga mengecewakan 🙌🏼
#dimzzpakez #ambatukammodesad",5,0,1753106396,warna putihh ukuran m kenyamanan sangat nyaman helm nya real dan bahannya bagus mantap deh tokonya ga mengecewakan dimzzpakez ambatukammodesad,warna putihh ukuran m kenyamanan sangat nyaman helm nya real dan bahannya bagus mantap deh tokonya ga mengecewakan dimzzpakez ambatukammodesad,20,positive,0.3052687644958496
aldiz2206,"Warna:hitam dof
Ukuran:L
Kenyamanan:nyaman

Bagus moga awet",5,0,1746858421,warna hitam dof ukuran l kenyamanan nyaman bagus moga awet,warna hitam dof ukuran l kenyamanan nyaman bagus moga awet,10,label_3,0.28411829471588135
aryagolnd,"Warna:bagus
Ukuran:gede dikut
Kenyamanan:bagus

Pengiriman nya lama bnyak tertunda nya,karna barang sesuai jdi oke² ajh",5,0,1755773655,warna bagus ukuran gede dikut kenyamanan bagus pengiriman nya lama bnyak tertunda nya karna barang sesuai jdi oke ajh,warna bagus ukuran gede dikut kenyamanan bagus pengiriman nya lama bnyak tertunda nya karna barang sesuai jdi oke ajh,19,positive,0.32454171776771545
fajarbayuwijaya856,"Warna:bagus
Ukuran:pass
Kenyamanan:baguss

Pengiriman agak lama sih tapi Joss lah aman",5,1,1749266217,warna bagus ukuran pass kenyamanan baguss pengiriman agak lama sih tapi joss lah aman,warna bagus ukuran pass kenyamanan baguss pengiriman agak lama sih tapi joss lah aman,14,positive,0.2893426716327667
ariesetiawan293,"Warna:sesuan dengan yang diharapkan
Ukuran:pas banget
Kenyamanan:ringan dan nyaman

Gak nyesel deh beli helm di sini. Respon nya cepat 
Penjualan sangat amanah",5,2,1761478128,warna sesuan dengan yang diharapkan ukuran pas banget kenyamanan ringan dan nyaman gak nyesel deh beli helm di sini respon nya cepat penjualan sangat amanah,warna sesuan dengan yang diharapkan ukuran pas banget kenyamanan ringan dan nyaman gak nyesel deh beli helm di sini respon nya cepat penjualan sangat amanah,25,positive,0.28184446692466736
saiful165,"Warna:Merah glossy
Ukuran:pas sesuai
Kenyamanan:ringan dan nyama

Helm hkm Cosmo murah tapi bukan abal abal COCOk buat motorn makasi sopi",5,3,1758644299,warna merah glossy ukuran pas sesuai kenyamanan ringan dan nyama helm hkm cosmo murah tapi bukan abal abal cocok buat motorn makasi sopi,warna merah glossy ukuran pas sesuai kenyamanan ringan dan nyama helm hkm cosmo murah tapi bukan abal abal cocok buat motorn makasi sopi,23,positive,0.3041783571243286
t*****3,"Warna:sangat bagus dan sesuai sama yang digambar
Ukuran:ukuran produk yang pas dan sesuai
Kenyamanan:sangat nyaman saat dikenakan

Barang nya sangat sesuai dan aman harganya pun sangat terjangkau",5,0,1761243850,warna sangat bagus dan sesuai sama yang digambar ukuran ukuran produk yang pas dan sesuai kenyamanan sangat nyaman saat dikenakan barang nya sangat sesuai dan aman harganya pun sangat terjangkau,warna sangat bagus dan sesuai sama yang digambar ukuran ukuran produk yang pas dan sesuai kenyamanan sangat nyaman saat dikenakan barang nya sangat sesuai dan aman harganya pun sangat terjangkau,30,positive,0.27068036794662476
yamahabysonnew,"Warna:bagus dan awet
Ukuran:ukuran sesuai
Kenyamanan:bagus dan lumayan nyaman dipakai

Baik",5,0,1756814540,warna bagus dan awet ukuran ukuran sesuai kenyamanan bagus dan lumayan nyaman dipakai baik,warna bagus dan awet ukuran ukuran sesuai kenyamanan bagus dan lumayan nyaman dipakai baik,14,positive,0.28935670852661133
k*****z,"Beli 2 buat jalan2 bareng istri. Overall ok, yang helm cewek lecet dikit banget di bagian atas, minor, g ngaruh. Harga murah, pengiriman baik. Saya rekomendasikan bagi yang budget minimalis. Btw gambar no 5 pasang sebelah mana ya?",5,0,1762666583,beli 2 buat jalan2 bareng istri overall ok yang helm cewek lecet dikit banget di bagian atas minor g ngaruh harga murah pengiriman baik saya rekomendasikan bagi yang budget minimalis btw gambar no 5 pasang sebelah mana ya,beli 2 buat jalan2 bareng istri overall ok yang helm cewek lecet dikit banget di bagian atas minor g ngaruh harga murah pengiriman baik saya rekomendasikan bagi yang budget minimalis btw gambar no 5 pasang sebelah mana ya,38,positive,0.3011220395565033
d*****2,"Warna:cocok
Ukuran:pas
Kenyamanan:baik

busa dalam bisa buka pasang",5,0,1756942171,warna cocok ukuran pas kenyamanan baik busa dalam bisa buka pasang,warna cocok ukuran pas kenyamanan baik busa dalam bisa buka pasang,11,label_3,0.2732407748699188
muhammadjuty,"Warna:hitam dof
Ukuran:M
Kenyamanan:nyaman dan sangat pas saat di gunakan

Desain keren dan cakep, dan sesuai pesanan.. tidak mengecewakan..saat Dateng kardus penyok..tapi Alhamdulillah, aman dan tidak ada yang rusak..",5,0,1757489451,warna hitam dof ukuran m kenyamanan nyaman dan sangat pas saat di gunakan desain keren dan cakep dan sesuai pesanan tidak mengecewakan saat dateng kardus penyok tapi alhamdulillah aman dan tidak ada yang rusak,warna hitam dof ukuran m kenyamanan nyaman dan sangat pas saat di gunakan desain keren dan cakep dan sesuai pesanan tidak mengecewakan saat dateng kardus penyok tapi alhamdulillah aman dan tidak ada yang rusak,34,positive,0.2860943377017975
settogiding,"Warna:keren abis
Ukuran:passs banget
Kenyamanan:ckup bagus seharga sgtu..nyaman lah buat nge vlog ama istri anak

bahan simpell keren abiss..matur suwun seller.nya kurir.nya",5,1,1760671304,warna keren abis ukuran passs banget kenyamanan ckup bagus seharga sgtu nyaman lah buat nge vlog ama istri anak bahan simpell keren abiss matur suwun seller nya kurir nya,warna keren abis ukuran passs banget kenyamanan ckup bagus seharga sgtu nyaman lah buat nge vlog ama istri anak bahan simpell keren abiss matur suwun seller nya kurir nya,29,positive,0.3140413165092468
jovelynkeyana,Puas belanja di toko ini dengan produk yang sesuai next beli lagi helm di sini,5,0,1737706705,puas belanja di toko ini dengan produk yang sesuai next beli lagi helm di sini,puas belanja di toko ini dengan produk yang sesuai next beli lagi helm di sini,15,label_3,0.2828623354434967
nurulhanik,"Warna:keren
Ukuran:pas sesuai
Kenyamanan:nyaman helm sedang tidak terlalu berat

Ke dua kalinya belanja di toko ini barang jos no baret no lecet .  realpict . yok beli aja di toko ini",5,1,1755530274,warna keren ukuran pas sesuai kenyamanan nyaman helm sedang tidak terlalu berat ke dua kalinya belanja di toko ini barang jos no baret no lecet realpict yok beli aja di toko ini,warna keren ukuran pas sesuai kenyamanan nyaman helm sedang tidak terlalu berat ke dua kalinya belanja di toko ini barang jos no baret no lecet realpict yok beli aja di toko ini,32,positive,0.31963711977005005
zamzami.s,"Warna:sesuai dgan foto
Ukuran:ukuran M sesuai dgan deskripsi
Kenyamanan:sangat nyaman di pakai 👍👍",5,0,1746010783,warna sesuai dgan foto ukuran ukuran m sesuai dgan deskripsi kenyamanan sangat nyaman di pakai,warna sesuai dgan foto ukuran ukuran m sesuai dgan deskripsi kenyamanan sangat nyaman di pakai,15,label_3,0.26628783345222473
085227451530_007,Makasih paket dah sampai barang bagus sesuai pesanan pengiriman cepat jangan ragu beli ditoko ini dapat helm bagus murah dipakai nyaman pas bgt ukuran m,5,1,1738922339,makasih paket dah sampai barang bagus sesuai pesanan pengiriman cepat jangan ragu beli ditoko ini dapat helm bagus murah dipakai nyaman pas bgt ukuran m,makasih paket dah sampai barang bagus sesuai pesanan pengiriman cepat jangan ragu beli ditoko ini dapat helm bagus murah dipakai nyaman pas bgt ukuran m,25,positive,0.3063143789768219
arofiurzkiscs,"Warna:HKM Abu Abu Doff
Ukuran:Pas dan Nyaman
Kenyamanan:Sangat nyaman",5,0,1762553059,warna hkm abu abu doff ukuran pas dan nyaman kenyamanan sangat nyaman,warna hkm abu abu doff ukuran pas dan nyaman kenyamanan sangat nyaman,12,positive,0.2807103991508484
juny260689,"Warna:mint
Ukuran:m
Kenyamanan:sangat nyaman

Barangnya sudah sampai dengan slamat... kualitasnya bagus keren warnanya sesuai pesanan sangat suka bgt ....",5,1,1755530310,warna mint ukuran m kenyamanan sangat nyaman barangnya sudah sampai dengan slamat kualitasnya bagus keren warnanya sesuai pesanan sangat suka bgt,warna mint ukuran m kenyamanan sangat nyaman barangnya sudah sampai dengan slamat kualitasnya bagus keren warnanya sesuai pesanan sangat suka bgt,21,positive,0.3100373148918152
sonny046,"Warna:hitam Dof
Ukuran:XL
Kenyamanan:pas

Harga murah tapi bukan kaleng ini mah.... Mantap elegan dan Istimewa Good Job",5,0,1748424626,warna hitam dof ukuran xl kenyamanan pas harga murah tapi bukan kaleng ini mah mantap elegan dan istimewa good job,warna hitam dof ukuran xl kenyamanan pas harga murah tapi bukan kaleng ini mah mantap elegan dan istimewa good job,20,positive,0.2921697497367859
b*****2,"Ukuran:M
Warna:dof
Durabilitas:bagus

Helm nya bagus pengiriman juga cepat krna jarak ny ga jauh,
Tapi kualitas Helmya sih yg kurang dr finishing nya bnyak yang agak ga rapi tp ya sesuai dengan harga ny ,selain itu ok di pake juga nyaman busa ny lembut dan tampilan helm ny pas di pake kece abis",5,2,1736755887,ukuran m warna dof durabilitas bagus helm nya bagus pengiriman juga cepat krna jarak ny ga jauh tapi kualitas helmya sih yg kurang dr finishing nya bnyak yang agak ga rapi tp ya sesuai dengan harga ny selain itu ok di pake juga nyaman busa ny lembut dan tampilan helm ny pas di pake kece abis,ukuran m warna dof durabilitas bagus helm nya bagus pengiriman juga cepat krna jarak ny ga jauh tapi kualitas helmya sih yg kurang dr finishing nya bnyak yang agak ga rapi tp ya sesuai dengan harga ny selain itu ok di pake juga nyaman busa ny lembut dan tampilan helm ny pas di pake kece abis,56,positive,0.27388355135917664
l5iourkq0_,"Warna:kerennnn
Ukuran:L
Kenyamanan:kualitasss josss

Kerennnnnnnn",5,3,1759506081,warna kerennnn ukuran l kenyamanan kualitasss josss kerennnnnnnn,warna kerennnn ukuran l kenyamanan kualitasss josss kerennnnnnnn,8,positive,0.32227277755737305
ahmadfaujisaputra569,"Warna:sangat puas
Ukuran:pas dan sesuai
Kenyamanan:trasa sejuk dan nyaman",5,0,1743037225,warna sangat puas ukuran pas dan sesuai kenyamanan trasa sejuk dan nyaman,warna sangat puas ukuran pas dan sesuai kenyamanan trasa sejuk dan nyaman,12,positive,0.2608288824558258
c*****a,Barang sesuai harga lah.. helm nya enteng kaya helm sepeda.,5,0,1742044959,barang sesuai harga lah helm nya enteng kaya helm sepeda,barang sesuai harga lah helm nya enteng kaya helm sepeda,10,label_3,0.33019474148750305
ainurrofiqtampan,"Warna:sesuai pesenan
Ukuran:pas
Kenyamanan:nyaman di pakai

Bagi yg pengen bentuk hlm anak muda rekomendet dgn harga pelajar..tp tipis sekali tidak untuk sirkuit hanya untuk penampilan",5,1,1759425455,warna sesuai pesenan ukuran pas kenyamanan nyaman di pakai bagi yg pengen bentuk hlm anak muda rekomendet dgn harga pelajar tp tipis sekali tidak untuk sirkuit hanya untuk penampilan,warna sesuai pesenan ukuran pas kenyamanan nyaman di pakai bagi yg pengen bentuk hlm anak muda rekomendet dgn harga pelajar tp tipis sekali tidak untuk sirkuit hanya untuk penampilan,29,positive,0.2772504985332489
f*****7,"Warna:putih
Ukuran:m
Kualitas:bagus

Cukuup bagus banget ini helm. Harga terjangkau tpi worth it kualitasnya. Keren",5,2,1744438720,warna putih ukuran m kualitas bagus cukuup bagus banget ini helm harga terjangkau tpi worth it kualitasnya keren,warna putih ukuran m kualitas bagus cukuup bagus banget ini helm harga terjangkau tpi worth it kualitasnya keren,18,label_3,0.3011310398578644
d*****a,"Warna:abu a u
Ukuran:xl
Kenyamanan:nyaman bgt

Helm nya bagus cocok buat anak motor bgt 👋💥",5,0,1745466526,warna abu a u ukuran xl kenyamanan nyaman bgt helm nya bagus cocok buat anak motor bgt,warna abu a u ukuran xl kenyamanan nyaman bgt helm nya bagus cocok buat anak motor bgt,17,label_3,0.3103349804878235
jajakpeyek,"Warna:hitam
Ukuran:pas
Kenyamanan:lumayan nyaman

mantap, warna dan ukuran sesuai
minusnya tadi cuman braketnya visornya aja kurang pas jadinya lepas sebelah, tapi its oke dah bisa di pasang
murah tapi desain keren
saran kasih double tape lebih biar pemasangan spoiler bisa lebih kuat",5,1,1760671357,warna hitam ukuran pas kenyamanan lumayan nyaman mantap warna dan ukuran sesuai minusnya tadi cuman braketnya visornya aja kurang pas jadinya lepas sebelah tapi its oke dah bisa di pasang murah tapi desain keren saran kasih double tape lebih biar pemasangan spoiler bisa lebih kuat,warna hitam ukuran pas kenyamanan lumayan nyaman mantap warna dan ukuran sesuai minusnya tadi cuman braketnya visornya aja kurang pas jadinya lepas sebelah tapi its oke dah bisa di pasang murah tapi desain keren saran kasih double tape lebih biar pemasangan spoiler bisa lebih kuat,45,positive,0.2836165428161621
a*****8,"Warna:sesuai
Ukuran:pas
Kenyamanan:nyaman

Pesanan diterima baik... Packing rapi.. Pakai dus.. Barang sesuai pesanan warna dan ukuran sesuai.. Terimakasih..",5,0,1755744338,warna sesuai ukuran pas kenyamanan nyaman pesanan diterima baik packing rapi pakai dus barang sesuai pesanan warna dan ukuran sesuai terimakasih,warna sesuai ukuran pas kenyamanan nyaman pesanan diterima baik packing rapi pakai dus barang sesuai pesanan warna dan ukuran sesuai terimakasih,21,positive,0.30514460802078247
rendiferdiansyah.,"Kualitas:good
Cocok Untuk:pas
Tampilan:keren

Wlpn murah yg penting sni",5,0,1757489565,kualitas good cocok untuk pas tampilan keren wlpn murah yg penting sni,kualitas good cocok untuk pas tampilan keren wlpn murah yg penting sni,12,label_3,0.30065596103668213
vitvitgemoy,"Sesuai pesanan 
Pengemasannya lumayan .. ga ada yang lecet
Dipake juga ringan ga berat",5,0,1745847685,sesuai pesanan pengemasannya lumayan ga ada yang lecet dipake juga ringan ga berat,sesuai pesanan pengemasannya lumayan ga ada yang lecet dipake juga ringan ga berat,13,label_3,0.27851980924606323
m*****a,"Warna:memiliki pigmen yang bagus
Ukuran:pas di kepala
Kenyamanan:nyaman saat dipakai

Barang bagus sesuai diskripsi paking rapih dan kurir cepat dan baik",5,0,1747540203,warna memiliki pigmen yang bagus ukuran pas di kepala kenyamanan nyaman saat dipakai barang bagus sesuai diskripsi paking rapih dan kurir cepat dan baik,warna memiliki pigmen yang bagus ukuran pas di kepala kenyamanan nyaman saat dipakai barang bagus sesuai diskripsi paking rapih dan kurir cepat dan baik,24,positive,0.2808629870414734
i*****9,"Warna:L
Ukuran:pas di kepala
Kenyamanan:ok ok sja

Pengiriman lebih cepat dri estimasi, tp bguslah & barang sesuai👍🏻",5,1,1741894919,warna l ukuran pas di kepala kenyamanan ok ok sja pengiriman lebih cepat dri estimasi tp bguslah barang sesuai,warna l ukuran pas di kepala kenyamanan ok ok sja pengiriman lebih cepat dri estimasi tp bguslah barang sesuai,19,label_3,0.2895691692829132
h*****h,"Sesuai pesanan,mantaf ga ad yg lecet,,kalo bisa packing si tebelin lagi kalo nyebrang pulau",5,0,1745062643,sesuai pesanan mantaf ga ad yg lecet kalo bisa packing si tebelin lagi kalo nyebrang pulau,sesuai pesanan mantaf ga ad yg lecet kalo bisa packing si tebelin lagi kalo nyebrang pulau,16,label_3,0.3438584804534912
andynotsc,"Warna:grey dof sdh sesuai mewah
Ukuran:M pas dikepala
Kenyamanan:sangat nyaman dipake",5,1,1745242466,warna grey dof sdh sesuai mewah ukuran m pas dikepala kenyamanan sangat nyaman dipake,warna grey dof sdh sesuai mewah ukuran m pas dikepala kenyamanan sangat nyaman dipake,14,label_3,0.28700369596481323
rayhanagum,"Warna:Hitam
Ukuran:XL
Kenyamanan:nyaman dipakai, dan pas

pesanan selamat tidak ada kerusakan dan sesuai pesanan, pas dikepala juga,dan cocok buat yang suka touring ke Antartika 👍",5,0,1746247529,warna hitam ukuran xl kenyamanan nyaman dipakai dan pas pesanan selamat tidak ada kerusakan dan sesuai pesanan pas dikepala juga dan cocok buat yang suka touring ke antartika,warna hitam ukuran xl kenyamanan nyaman dipakai dan pas pesanan selamat tidak ada kerusakan dan sesuai pesanan pas dikepala juga dan cocok buat yang suka touring ke antartika,28,positive,0.2708311080932617
z*****1,"Warna:white glos
Ukuran:pas di kepala
Kenyamanan:daleman ny lmyn empuk

Paket udah di terima, yg size L ok cuma yg size M ada sedikit bagian yg patah, tpi gpp tinggal di akalin aja, worth it lah utk harga segitu, nyaman di kepala n helm ny ringan, thx seller n abang kurir ny, 🙏",5,1,1757092660,warna white glos ukuran pas di kepala kenyamanan daleman ny lmyn empuk paket udah di terima yg size l ok cuma yg size m ada sedikit bagian yg patah tpi gpp tinggal di akalin aja worth it lah utk harga segitu nyaman di kepala n helm ny ringan thx seller n abang kurir ny,warna white glos ukuran pas di kepala kenyamanan daleman ny lmyn empuk paket udah di terima yg size l ok cuma yg size m ada sedikit bagian yg patah tpi gpp tinggal di akalin aja worth it lah utk harga segitu nyaman di kepala n helm ny ringan thx seller n abang kurir ny,54,positive,0.27248066663742065
sonny.oksa,"Helm mendarat dengan aman walopun dusnya penyok hehe,,, warna sesuai yg dipesan, helmnya enteng, sesuai dengan harganya,, modelnya bagus, pengiriman cepat, 1 hari nyampe , mantappp",5,0,1738324819,helm mendarat dengan aman walopun dusnya penyok hehe warna sesuai yg dipesan helmnya enteng sesuai dengan harganya modelnya bagus pengiriman cepat 1 hari nyampe mantappp,helm mendarat dengan aman walopun dusnya penyok hehe warna sesuai yg dipesan helmnya enteng sesuai dengan harganya modelnya bagus pengiriman cepat 1 hari nyampe mantappp,25,label_3,0.2605791687965393
willray,Barangnya bagus sesuai deskripsi cuma minusnya packingannya berantakan banget untung barangnya masih aman gak ada lecet,5,0,1734690166,barangnya bagus sesuai deskripsi cuma minusnya packingannya berantakan banget untung barangnya masih aman gak ada lecet,barangnya bagus sesuai deskripsi cuma minusnya packingannya berantakan banget untung barangnya masih aman gak ada lecet,16,label_3,0.3024703562259674
chandra_purnama67,"Warna:sesuai
Ukuran:pas
Kenyamanan:nyaman

Sesuai harga & nyaman",5,0,1737976397,warna sesuai ukuran pas kenyamanan nyaman sesuai harga nyaman,warna sesuai ukuran pas kenyamanan nyaman sesuai harga nyaman,9,positive,0.28558626770973206
tyotyo828,"Ukuran:pas dan sesuai
Warna:memiliki pigmen yang bagus
Durabilitas:lumayan sesuai harga",5,0,1734193468,ukuran pas dan sesuai warna memiliki pigmen yang bagus durabilitas lumayan sesuai harga,ukuran pas dan sesuai warna memiliki pigmen yang bagus durabilitas lumayan sesuai harga,13,positive,0.2611628472805023
galangakmal11,"Warna:memiliki pigmen yang bagus, warna cocok untuk anak remaja
Ukuran:pas, gak kekecilan gak kegedean
Kenyamanan:bagian dalam helm empuk, nyaman dipakai, kaca dilihat dari luar gelap padahal pas dipakai terang&jelas

Pokoknya recommend banget seller tokonya amanah,pengiriman juga cepet, thanks seller & kurir👌🙏",5,0,1753452414,warna memiliki pigmen yang bagus warna cocok untuk anak remaja ukuran pas gak kekecilan gak kegedean kenyamanan bagian dalam helm empuk nyaman dipakai kaca dilihat dari luar gelap padahal pas dipakai terang jelas pokoknya recommend banget seller tokonya amanah pengiriman juga cepet thanks seller kurir,warna memiliki pigmen yang bagus warna cocok untuk anak remaja ukuran pas gak kekecilan gak kegedean kenyamanan bagian dalam helm empuk nyaman dipakai kaca dilihat dari luar gelap padahal pas dipakai terang jelas pokoknya recommend banget seller tokonya amanah pengiriman juga cepet thanks seller kurir,45,positive,0.24162925779819489
samsuddin_16,"Warna:keren
Ukuran:L
Kenyamanan:bagus dan nyaman di pakai

keren juga buat setelan anak muda
dan harga terjangkau",5,0,1747712754,warna keren ukuran l kenyamanan bagus dan nyaman di pakai keren juga buat setelan anak muda dan harga terjangkau,warna keren ukuran l kenyamanan bagus dan nyaman di pakai keren juga buat setelan anak muda dan harga terjangkau,19,positive,0.2857033610343933
ridho.wijaya13,"Warna:hitam, elegan
Ukuran:pas
Kenyamanan:nyaman dipake, ga kendor

Bagus pokonya no komen",5,0,1756461865,warna hitam elegan ukuran pas kenyamanan nyaman dipake ga kendor bagus pokonya no komen,warna hitam elegan ukuran pas kenyamanan nyaman dipake ga kendor bagus pokonya no komen,14,label_3,0.32481247186660767
agusprimaapandi,"Untuk look ganteng bgt
Tp untuk keamanan msh sangat diragukn
Soalnya ringkih smua materialnya 😅",5,0,1741597642,untuk look ganteng bgt tp untuk keamanan msh sangat diragukn soalnya ringkih smua materialnya,untuk look ganteng bgt tp untuk keamanan msh sangat diragukn soalnya ringkih smua materialnya,14,label_3,0.29053089022636414
brokuyysantuyy,"Warna:Hitam Doff
Ukuran:dalemnya aja yg pas, luarnya tetep gede, kek alien wkwk
Kenyamanan:untuk safety cukup, untuk gaya & kenyamanan belum

Barang sudah sampai ditempat ☕👍🏻 terima kasih...",5,1,1752258785,warna hitam doff ukuran dalemnya aja yg pas luarnya tetep gede kek alien wkwk kenyamanan untuk safety cukup untuk gaya kenyamanan belum barang sudah sampai ditempat terima kasih,warna hitam doff ukuran dalemnya aja yg pas luarnya tetep gede kek alien wkwk kenyamanan untuk safety cukup untuk gaya kenyamanan belum barang sudah sampai ditempat terima kasih,28,positive,0.3454332649707794
9enssk1duq,"Warna:warna hitam dof
Ukuran:pas sesuai
Kenyamanan:terasa empuk dan nyaman",5,0,1748323805,warna warna hitam dof ukuran pas sesuai kenyamanan terasa empuk dan nyaman,warna warna hitam dof ukuran pas sesuai kenyamanan terasa empuk dan nyaman,12,label_3,0.26286450028419495
anggasandi139,"Warna:sesuai sm yg d pesan
Ukuran:ukuran jg pas M
Kenyamanan:sangat nyaman

Asli sih bangus banget helmnya,keren pokoknya tokonya amanan,trs kurirnya jg ramah the best lh pokoknya",5,0,1746007600,warna sesuai sm yg d pesan ukuran ukuran jg pas m kenyamanan sangat nyaman asli sih bangus banget helmnya keren pokoknya tokonya amanan trs kurirnya jg ramah the best lh pokoknya,warna sesuai sm yg d pesan ukuran ukuran jg pas m kenyamanan sangat nyaman asli sih bangus banget helmnya keren pokoknya tokonya amanan trs kurirnya jg ramah the best lh pokoknya,31,positive,0.29436194896698
joko7055,"Warna:bagus ice blue
Ukuran:Sedikit kebesaran
Kenyamanan:tapi nyaman enak di pakai

Warna sesuai dengan deskripsi. Sedikit kebesaran. Karena postur kepala sya mungkin agak kecil. Nyaman di pakai dan ringan.",5,0,1745501193,warna bagus ice blue ukuran sedikit kebesaran kenyamanan tapi nyaman enak di pakai warna sesuai dengan deskripsi sedikit kebesaran karena postur kepala sya mungkin agak kecil nyaman di pakai dan ringan,warna bagus ice blue ukuran sedikit kebesaran kenyamanan tapi nyaman enak di pakai warna sesuai dengan deskripsi sedikit kebesaran karena postur kepala sya mungkin agak kecil nyaman di pakai dan ringan,31,positive,0.2909241020679474
rudyandambotov,"Warna:memiliki pigmen yang bagus
Ukuran:pas dan sesuai
Kenyamanan:sejuk dan nyaman

Pengiriman cepat kurir yang ngirim lama kualitas baik sesuai harga terasa ringan dipakai terima kasih shopee terima kasih seller",5,1,1756626843,warna memiliki pigmen yang bagus ukuran pas dan sesuai kenyamanan sejuk dan nyaman pengiriman cepat kurir yang ngirim lama kualitas baik sesuai harga terasa ringan dipakai terima kasih shopee terima kasih seller,warna memiliki pigmen yang bagus ukuran pas dan sesuai kenyamanan sejuk dan nyaman pengiriman cepat kurir yang ngirim lama kualitas baik sesuai harga terasa ringan dipakai terima kasih shopee terima kasih seller,32,positive,0.25293537974357605
fadla23,"Warna:hitam
Ukuran:sesuai pesanan
Kenyamanan:busa baik",5,0,1742619857,warna hitam ukuran sesuai pesanan kenyamanan busa baik,warna hitam ukuran sesuai pesanan kenyamanan busa baik,8,positive,0.2729038596153259
rafiiempie,"Warna:oke
Ukuran:mantap
Kenyamanan:bagus

Mantap langsung pasang intercom 
Makin ganteng ini helm😂😂😂",5,1,1741635791,warna oke ukuran mantap kenyamanan bagus mantap langsung pasang intercom makin ganteng ini helm,warna oke ukuran mantap kenyamanan bagus mantap langsung pasang intercom makin ganteng ini helm,14,label_3,0.30552399158477783
pandesurya15,"Warna:pas
Ukuran:ukuran sesuai cuman mungkin saya aja yang salah milih
Kenyamanan:nyaman gak sumpek",5,0,1750124703,warna pas ukuran ukuran sesuai cuman mungkin saya aja yang salah milih kenyamanan nyaman gak sumpek,warna pas ukuran ukuran sesuai cuman mungkin saya aja yang salah milih kenyamanan nyaman gak sumpek,16,positive,0.27257996797561646
nino_kurniawan,"Warna:Bagus
Ukuran:Sedikit kebesaran, tp masih wajar
Kenyamanan:Sangat nyaman digunakan",5,0,1748000412,warna bagus ukuran sedikit kebesaran tp masih wajar kenyamanan sangat nyaman digunakan,warna bagus ukuran sedikit kebesaran tp masih wajar kenyamanan sangat nyaman digunakan,12,label_3,0.27594420313835144
o*****1,"Warna:sangat menarik dan bagus
Ukuran:pas dan sesuai
Kenyamanan:ringan, adem dan nyaman

Terimakasih seller produknya sudah diterima dan sesuai dengan pesanan",5,1,1744612856,warna sangat menarik dan bagus ukuran pas dan sesuai kenyamanan ringan adem dan nyaman terimakasih seller produknya sudah diterima dan sesuai dengan pesanan,warna sangat menarik dan bagus ukuran pas dan sesuai kenyamanan ringan adem dan nyaman terimakasih seller produknya sudah diterima dan sesuai dengan pesanan,23,positive,0.27542999386787415
cadisertama.d.raizel,"Warna:bagus
Ukuran:masih menyesuaikan
Kenyamanan:ringan nyaman",5,0,1746439941,warna bagus ukuran masih menyesuaikan kenyamanan ringan nyaman,warna bagus ukuran masih menyesuaikan kenyamanan ringan nyaman,8,positive,0.27220338582992554
aanbudi145,"Warna:hitam doff
Ukuran:kebesaran padahal pesen ukuran m
Kenyamanan:nyaman enteng

Alhamdulillah akhirnya paket sudah diterima packing aman dan bagus semoga bermanfaat sesuai dengan keinginan dan kebutuhan terimakasih banyak untuk seller semoga sukses selalu",5,0,1744894600,warna hitam doff ukuran kebesaran padahal pesen ukuran m kenyamanan nyaman enteng alhamdulillah akhirnya paket sudah diterima packing aman dan bagus semoga bermanfaat sesuai dengan keinginan dan kebutuhan terimakasih banyak untuk seller semoga sukses selalu,warna hitam doff ukuran kebesaran padahal pesen ukuran m kenyamanan nyaman enteng alhamdulillah akhirnya paket sudah diterima packing aman dan bagus semoga bermanfaat sesuai dengan keinginan dan kebutuhan terimakasih banyak untuk seller semoga sukses selalu,35,positive,0.28069332242012024
ajltewjmco,"Warna:warna sesuai
Ukuran:ukuran ok
Kenyamanan:enak nyaman,

Ada tulisan yg hilang sedikit tapi ok lah nyaman GK ngaruh",5,0,1746859764,warna warna sesuai ukuran ukuran ok kenyamanan enak nyaman ada tulisan yg hilang sedikit tapi ok lah nyaman gk ngaruh,warna warna sesuai ukuran ukuran ok kenyamanan enak nyaman ada tulisan yg hilang sedikit tapi ok lah nyaman gk ngaruh,20,positive,0.26014870405197144
ranimun975,"Warna:mantap,nggak nyesel beli disini!
Kenyamanan:ringan,dan nyaman",5,1,1739375519,warna mantap nggak nyesel beli disini kenyamanan ringan dan nyaman,warna mantap nggak nyesel beli disini kenyamanan ringan dan nyaman,10,label_3,0.2795652151107788
97hmt4tedy,"Warna:Ok
Ukuran:pas
Kenyamanan:nyaman saat di pakai",5,0,1739349630,warna ok ukuran pas kenyamanan nyaman saat di pakai,warna ok ukuran pas kenyamanan nyaman saat di pakai,9,label_3,0.2798539400100708
dirgahayuwijaya17,"Warna:sesuai dengan gambar
Ukuran:pas di kepala
Kenyamanan:nyaman untuk di kenakan

Barang sesuai dengan pesanan, waktu pengiriman sesuai dengan estimasi dan terima kasih.",5,2,1759425239,warna sesuai dengan gambar ukuran pas di kepala kenyamanan nyaman untuk di kenakan barang sesuai dengan pesanan waktu pengiriman sesuai dengan estimasi dan terima kasih,warna sesuai dengan gambar ukuran pas di kepala kenyamanan nyaman untuk di kenakan barang sesuai dengan pesanan waktu pengiriman sesuai dengan estimasi dan terima kasih,25,positive,0.29493317008018494
yogi14_,Rekomended bgt buat harga pelajar bagus ini,5,0,1743167736,rekomended bgt buat harga pelajar bagus ini,rekomended bgt buat harga pelajar bagus ini,7,label_3,0.3315514922142029
rianivali1,"Warna:Gray DOF
Ukuran:xl
Kenyamanan:pas bgt

Mantap",5,1,1757121184,warna gray dof ukuran xl kenyamanan pas bgt mantap,warna gray dof ukuran xl kenyamanan pas bgt mantap,9,label_3,0.3030098080635071
awal.astan,"Warna:sangat bagus
Ukuran:pas dan sesuai
Kenyamanan:ringan nyaman f pakai

maanntap pooll,👍👍👍",5,0,1750376997,warna sangat bagus ukuran pas dan sesuai kenyamanan ringan nyaman f pakai maanntap pooll,warna sangat bagus ukuran pas dan sesuai kenyamanan ringan nyaman f pakai maanntap pooll,14,positive,0.2817284166812897
rifkihidayat723,"Warna:warna sesuai bnget sama gambar
Ukuran:ukuran saya salah pilih,,,harusnya M😁😁🙏
Kenyamanan:nyaman tidak gerah dan ringan,busa juga empuk hehe best wes",5,0,1747732637,warna warna sesuai bnget sama gambar ukuran ukuran saya salah pilih harusnya m kenyamanan nyaman tidak gerah dan ringan busa juga empuk hehe best wes,warna warna sesuai bnget sama gambar ukuran ukuran saya salah pilih harusnya m kenyamanan nyaman tidak gerah dan ringan busa juga empuk hehe best wes,25,positive,0.30568715929985046
viona_nayaaaa,"Ukuran:pass

Plisss bagus bgtt, suka karna kaca nya hitam tpi kalo dipake ga gelap gituu, malem pun ga gelapp, thankyouuu❤️‍🔥",5,0,1756125550,ukuran pass plisss bagus bgtt suka karna kaca nya hitam tpi kalo dipake ga gelap gituu malem pun ga gelapp thankyouuu,ukuran pass plisss bagus bgtt suka karna kaca nya hitam tpi kalo dipake ga gelap gituu malem pun ga gelapp thankyouuu,21,positive,0.31405046582221985
ghazi_store_84,Paket sudah diterima sesuai dengan Pesanan. Respon cepet pengemasan cepet pengiriman cepet seller ramah harga murah berkualitas terima kasih. Jasa kurir aga lama pending 2 hari di gudang.,5,6,1744333501,paket sudah diterima sesuai dengan pesanan respon cepet pengemasan cepet pengiriman cepet seller ramah harga murah berkualitas terima kasih jasa kurir aga lama pending 2 hari di gudang,paket sudah diterima sesuai dengan pesanan respon cepet pengemasan cepet pengiriman cepet seller ramah harga murah berkualitas terima kasih jasa kurir aga lama pending 2 hari di gudang,28,label_3,0.26707348227500916
agungnazari,"Warna:bagus dan sesuai dengan gambar
Ukuran:pas dan sesuai
Kenyamanan:nyaman saat di pakai

Paket baru saya terima dengan aman . Barang sesuai dengan pesanan ataupun photo.packingan juga rapi bubble wrap nya tebal .pengiriman juga cukup cepat .terima kasih untuk semuannya",5,0,1737686750,warna bagus dan sesuai dengan gambar ukuran pas dan sesuai kenyamanan nyaman saat di pakai paket baru saya terima dengan aman barang sesuai dengan pesanan ataupun photo packingan juga rapi bubble wrap nya tebal pengiriman juga cukup cepat terima kasih untuk semuannya,warna bagus dan sesuai dengan gambar ukuran pas dan sesuai kenyamanan nyaman saat di pakai paket baru saya terima dengan aman barang sesuai dengan pesanan ataupun photo packingan juga rapi bubble wrap nya tebal pengiriman juga cukup cepat terima kasih untuk semuannya,42,positive,0.2608896791934967
0llciytvti,"Warna:hitam doff
Ukuran:pas
Kenyamanan:ringan dan nyaman

gila sih semurah ini tapi bisa sebagus ini 😍",5,0,1759227586,warna hitam doff ukuran pas kenyamanan ringan dan nyaman gila sih semurah ini tapi bisa sebagus ini,warna hitam doff ukuran pas kenyamanan ringan dan nyaman gila sih semurah ini tapi bisa sebagus ini,17,positive,0.2919798493385315
r*****n,"Warna:bagus
Ukuran:pas
Kenyamanan:Nyaman

No komen ,Barang Murah jangan Berharap Lebih ya",5,0,1746111960,warna bagus ukuran pas kenyamanan nyaman no komen barang murah jangan berharap lebih ya,warna bagus ukuran pas kenyamanan nyaman no komen barang murah jangan berharap lebih ya,14,label_3,0.28782469034194946
gh_shop86,"Warna:bagus doff
Ukuran:pas
Kenyamanan:ringan nyaman

Trima kasih helm sampekmselamatsallerramakirim cepet,",5,0,1759834929,warna bagus doff ukuran pas kenyamanan ringan nyaman trima kasih helm sampekmselamatsallerramakirim cepet,warna bagus doff ukuran pas kenyamanan ringan nyaman trima kasih helm sampekmselamatsallerramakirim cepet,13,label_3,0.2950054705142975
f*****d,"Warna:hitam
Ukuran:kebesaran dikit
Kenyamanan:oke

Mantap banget. Pengiriman oke!!",5,1,1739409220,warna hitam ukuran kebesaran dikit kenyamanan oke mantap banget pengiriman oke,warna hitam ukuran kebesaran dikit kenyamanan oke mantap banget pengiriman oke,11,label_3,0.33088669180870056
nadilaoktalia30,"Warna:grey
Ukuran:dilepala aku yg kecil agak besar dikit tp ok lah
Kenyamanan:baguss

Ukuran M buat aku masih agak kelonggaran tp selebihnya baguss ga ad lecet🥰",5,0,1740778937,warna grey ukuran dilepala aku yg kecil agak besar dikit tp ok lah kenyamanan baguss ukuran m buat aku masih agak kelonggaran tp selebihnya baguss ga ad lecet,warna grey ukuran dilepala aku yg kecil agak besar dikit tp ok lah kenyamanan baguss ukuran m buat aku masih agak kelonggaran tp selebihnya baguss ga ad lecet,28,positive,0.28540247678756714
ahmaad_j,"Warna:sesuai foto persis
Ukuran:ukuran M pas dikepala
Kenyamanan:sangat nyaman dan busanya tebal

tampilannya sangat keren dan saya sangat puas.
thankyou seller",5,0,1758337549,warna sesuai foto persis ukuran ukuran m pas dikepala kenyamanan sangat nyaman dan busanya tebal tampilannya sangat keren dan saya sangat puas thankyou seller,warna sesuai foto persis ukuran ukuran m pas dikepala kenyamanan sangat nyaman dan busanya tebal tampilannya sangat keren dan saya sangat puas thankyou seller,24,positive,0.2647669017314911
f*****r,Bagus sih tapi ada kesalahan saat memasang kacanya tapi masih  bisa dipasang terimakasih,5,0,1753512916,bagus sih tapi ada kesalahan saat memasang kacanya tapi masih bisa dipasang terimakasih,bagus sih tapi ada kesalahan saat memasang kacanya tapi masih bisa dipasang terimakasih,13,label_3,0.2253468632698059
r*****8,"Warna:warna keren
Ukuran:agak longgar sedikit tapi pas lah
Kenyamanan:nyaman",5,0,1736555121,warna warna keren ukuran agak longgar sedikit tapi pas lah kenyamanan nyaman,warna warna keren ukuran agak longgar sedikit tapi pas lah kenyamanan nyaman,12,positive,0.2829882502555847
emakazah,"Warna:Maroon dof
Ukuran:Pas
Kenyamanan:Baik

Helm nya udh sampai bgus keren cpt bgt lg dtg nya mksh seller n shopee",5,0,1738412745,warna maroon dof ukuran pas kenyamanan baik helm nya udh sampai bgus keren cpt bgt lg dtg nya mksh seller n shopee,warna maroon dof ukuran pas kenyamanan baik helm nya udh sampai bgus keren cpt bgt lg dtg nya mksh seller n shopee,22,positive,0.3040202558040619
wulandarinovitri,Semoga awet helmnya. Lumayan sih dengan harga terjangkau,5,0,1739952238,semoga awet helmnya lumayan sih dengan harga terjangkau,semoga awet helmnya lumayan sih dengan harga terjangkau,8,label_3,0.28004008531570435
idrismade,"Warna:sangat bagus
Ukuran:nyaman
Kenyamanan:nyaman

Terima kasih kakak pesanan helm HIKARU sudah sampai rumah dlm kondisi baik. Bagus. Recomended banget....
Saran untuk yg punya TB 155-160 BB 45-50 pake ukuran M masih agak longgar. Harus pake BUFF/MASKER baru pas. Mungkin pilih ukuran S kalo opsi tersedia.
Ubtuk unit bagus bangat....TOP BGT...",5,0,1744872364,warna sangat bagus ukuran nyaman kenyamanan nyaman terima kasih kakak pesanan helm hikaru sudah sampai rumah dlm kondisi baik bagus recomended banget saran untuk yg punya tb 155 160 bb 45 50 pake ukuran m masih agak longgar harus pake buff masker baru pas mungkin pilih ukuran s kalo opsi tersedia ubtuk unit bagus bangat top bgt,warna sangat bagus ukuran nyaman kenyamanan nyaman terima kasih kakak pesanan helm hikaru sudah sampai rumah dlm kondisi baik bagus recomended banget saran untuk yg punya tb 155 160 bb 45 50 pake ukuran m masih agak longgar harus pake buff masker baru pas mungkin pilih ukuran s kalo opsi tersedia ubtuk unit bagus bangat top bgt,57,positive,0.31224435567855835
chiko25,"Warna:pigmen yang bagus
Ukuran:pas dan sesuai
Kenyamanan:sNgT nyaman dikenakan

Cuman cucuk belakang pnjang banget
Overall bangus dengan harga murah
Nyampe kalimantan tanpa lecet satu pun
Terimakasih",5,0,1742034188,warna pigmen yang bagus ukuran pas dan sesuai kenyamanan sngt nyaman dikenakan cuman cucuk belakang pnjang banget overall bangus dengan harga murah nyampe kalimantan tanpa lecet satu pun terimakasih,warna pigmen yang bagus ukuran pas dan sesuai kenyamanan sngt nyaman dikenakan cuman cucuk belakang pnjang banget overall bangus dengan harga murah nyampe kalimantan tanpa lecet satu pun terimakasih,29,positive,0.3464668095111847
hendrifiadi,"Warna:Sesuai pesanan
Ukuran:Pas
Kenyamanan:Nyaman pas di pakai

Helmnya sangat mantab",5,0,1745048734,warna sesuai pesanan ukuran pas kenyamanan nyaman pas di pakai helmnya sangat mantab,warna sesuai pesanan ukuran pas kenyamanan nyaman pas di pakai helmnya sangat mantab,13,positive,0.2856697738170624
a*****7,"Terima Kasih atas kerjasama nya,.
Produk diterima dalam kondisi baik dan sesuai dengan jumlah serta varian pesanan.
Produk sudah di dicoba dan presisi..
Recommended seller.,
Mantabs..",5,1,1758622638,terima kasih atas kerjasama nya produk diterima dalam kondisi baik dan sesuai dengan jumlah serta varian pesanan produk sudah di dicoba dan presisi recommended seller mantabs,terima kasih atas kerjasama nya produk diterima dalam kondisi baik dan sesuai dengan jumlah serta varian pesanan produk sudah di dicoba dan presisi recommended seller mantabs,26,positive,0.2740255892276764
abahtanziila,"Warna:maroon
Ukuran:pas

Alhamdulillah helm cosmo nya SDH nyampe bagus sesuai pesanan",5,0,1745383336,warna maroon ukuran pas alhamdulillah helm cosmo nya sdh nyampe bagus sesuai pesanan,warna maroon ukuran pas alhamdulillah helm cosmo nya sdh nyampe bagus sesuai pesanan,13,label_3,0.2883894443511963
,"Warna:sesuai pesanan hitam doff
Ukuran:sesuai pesanan dan pas, XL
Kenyamanan:nyaman dipakai karena ukurannya pas",5,0,1746087199,warna sesuai pesanan hitam doff ukuran sesuai pesanan dan pas xl kenyamanan nyaman dipakai karena ukurannya pas,warna sesuai pesanan hitam doff ukuran sesuai pesanan dan pas xl kenyamanan nyaman dipakai karena ukurannya pas,17,positive,0.27251842617988586
naura_ekaputri05,"Warna:bagus sesuai gambar
Ukuran:pas
Kenyamanan:oke

Bagus banget sesuai gambar, aku kira dapat yg biasa eh ternyata busanya agak tebal, ya lumayan lah buat dipakai keluar",5,0,1746783545,warna bagus sesuai gambar ukuran pas kenyamanan oke bagus banget sesuai gambar aku kira dapat yg biasa eh ternyata busanya agak tebal ya lumayan lah buat dipakai keluar,warna bagus sesuai gambar ukuran pas kenyamanan oke bagus banget sesuai gambar aku kira dapat yg biasa eh ternyata busanya agak tebal ya lumayan lah buat dipakai keluar,28,positive,0.283230185508728
encang_kasim,"Warna:hitam dop
Ukuran:pas
Kenyamanan:baik

Sesuai deskripsi, respon penjual cepat, pengiriman cepat dan ramah. Sesuai harga. Terimakasih",5,0,1742678117,warna hitam dop ukuran pas kenyamanan baik sesuai deskripsi respon penjual cepat pengiriman cepat dan ramah sesuai harga terimakasih,warna hitam dop ukuran pas kenyamanan baik sesuai deskripsi respon penjual cepat pengiriman cepat dan ramah sesuai harga terimakasih,19,positive,0.3045825660228729
k*****5,"Warna:hitam doff
Ukuran:Pas di kepala
Kenyamanan:standar dan nyaman

Singkat aja, Murah daripada beli di toko reseller",5,0,1747723349,warna hitam doff ukuran pas di kepala kenyamanan standar dan nyaman singkat aja murah daripada beli di toko reseller,warna hitam doff ukuran pas di kepala kenyamanan standar dan nyaman singkat aja murah daripada beli di toko reseller,19,label_3,0.2923455536365509
ydryjxfglz,"Warna:sesui
Ukuran:pas
Kenyamanan:nyaman

Lecet sedikit ga ngaruh cocok lh harga segitu",5,0,1760004417,warna sesui ukuran pas kenyamanan nyaman lecet sedikit ga ngaruh cocok lh harga segitu,warna sesui ukuran pas kenyamanan nyaman lecet sedikit ga ngaruh cocok lh harga segitu,14,positive,0.3005170226097107
ramzalwaysnt,"Warna:oke
Ukuran:oke
Kualitas:sangat bagus untuk di kelas harganya",5,0,1735962917,warna oke ukuran oke kualitas sangat bagus untuk di kelas harganya,warna oke ukuran oke kualitas sangat bagus untuk di kelas harganya,11,positive,0.3334251642227173
dul_1987,"Warna:hitam glossy sesuai
Ukuran:M sesuai dan pas
Kenyamanan:belom di coba",5,0,1744393304,warna hitam glossy sesuai ukuran m sesuai dan pas kenyamanan belom di coba,warna hitam glossy sesuai ukuran m sesuai dan pas kenyamanan belom di coba,13,label_3,0.2904844880104065
panji_anggriawan,"Warna:sesuai
Ukuran:M
Kenyamanan:ok mantep

Seler Slow respon, Alhamdulillah amanah,warna sesuai ,kece bgt,keren,,cuma pngriman agak slow,selebihnya ok..trims all...untuk kurir lambat,helmny mau di pake ge syang,buat pajangan aja dah wxwx",5,1,1743428740,warna sesuai ukuran m kenyamanan ok mantep seler slow respon alhamdulillah amanah warna sesuai kece bgt keren cuma pngriman agak slow selebihnya ok trims all untuk kurir lambat helmny mau di pake ge syang buat pajangan aja dah wxwx,warna sesuai ukuran m kenyamanan ok mantep seler slow respon alhamdulillah amanah warna sesuai kece bgt keren cuma pngriman agak slow selebihnya ok trims all untuk kurir lambat helmny mau di pake ge syang buat pajangan aja dah wxwx,39,positive,0.2977411150932312
s*****8,"Ukuran:M pas banget
Durabilitas:bagus
Desain:keren bet rekomend",5,1,1733864172,ukuran m pas banget durabilitas bagus desain keren bet rekomend,ukuran m pas banget durabilitas bagus desain keren bet rekomend,10,positive,0.31998687982559204
4*****f,"Worth it lah, pakenya nyaman, modelnya keren, pengiriman cepat, datangnya aman, sesuai pesanan, barangsesuai gambar. Suka lah pkoknya, semoga awet dan tahan lama.
Terimakasih.",4,3,1749031970,worth it lah pakenya nyaman modelnya keren pengiriman cepat datangnya aman sesuai pesanan barangsesuai gambar suka lah pkoknya semoga awet dan tahan lama terimakasih,worth it lah pakenya nyaman modelnya keren pengiriman cepat datangnya aman sesuai pesanan barangsesuai gambar suka lah pkoknya semoga awet dan tahan lama terimakasih,24,positive,0.31905990839004517
rhandasauda,"Warna:hitam dof sesuai pesanan
Ukuran:ukuran L pas dikepala
Kenyamanan:sangat pas,gak longgar gak sesak",5,1,1757735465,warna hitam dof sesuai pesanan ukuran ukuran l pas dikepala kenyamanan sangat pas gak longgar gak sesak,warna hitam dof sesuai pesanan ukuran ukuran l pas dikepala kenyamanan sangat pas gak longgar gak sesak,17,positive,0.28571614623069763
fita_dinda90,"Barangnya bagus, terlihat mewah. Harga murah, packingnya aman. Semoga awet. Terima kasih",5,0,1748944443,barangnya bagus terlihat mewah harga murah packingnya aman semoga awet terima kasih,barangnya bagus terlihat mewah harga murah packingnya aman semoga awet terima kasih,12,positive,0.31383129954338074
joko_adjie,"Warna:sesuai
Ukuran:pas sesuai pesanan L
Kenyamanan:blm d coba, tp kliatanya nyaman

Muaaantaaaabbbb.......
Toko amanah",5,0,1736134801,warna sesuai ukuran pas sesuai pesanan l kenyamanan blm d coba tp kliatanya nyaman muaaantaaaabbbb toko amanah,warna sesuai ukuran pas sesuai pesanan l kenyamanan blm d coba tp kliatanya nyaman muaaantaaaabbbb toko amanah,17,label_3,0.3008266091346741
0vszaprs6p,"Warna:sesuai
Ukuran:pas
Kenyamanan:nyaman banget dipake nya

Mantap",5,2,1760313126,warna sesuai ukuran pas kenyamanan nyaman banget dipake nya mantap,warna sesuai ukuran pas kenyamanan nyaman banget dipake nya mantap,10,label_3,0.2958028018474579
09_07ismail,"Warna:warna merah maroon glossy
Ukuran:pass
Kenyamanan:ok

Alhamdulillah nyampe juga ini helm, emng murah tapi bukan sembarang murah udh berkelas mantap terimakasih seller 🙏",5,0,1737618274,warna warna merah maroon glossy ukuran pass kenyamanan ok alhamdulillah nyampe juga ini helm emng murah tapi bukan sembarang murah udh berkelas mantap terimakasih seller,warna warna merah maroon glossy ukuran pass kenyamanan ok alhamdulillah nyampe juga ini helm emng murah tapi bukan sembarang murah udh berkelas mantap terimakasih seller,25,positive,0.28811439871788025
fadlykaita96,"Warna:sangat bagus dan sesuai pesanan
Ukuran:pas dan sesuai
Kenyamanan:sangat nyaman",5,1,1737088098,warna sangat bagus dan sesuai pesanan ukuran pas dan sesuai kenyamanan sangat nyaman,warna sangat bagus dan sesuai pesanan ukuran pas dan sesuai kenyamanan sangat nyaman,13,positive,0.2621960937976837
t*****9,"Mantaps 
Sesuai pesanan
Ukuran nyaman Pas Di kepala
Josssss",5,0,1745747488,mantaps sesuai pesanan ukuran nyaman pas di kepala josssss,mantaps sesuai pesanan ukuran nyaman pas di kepala josssss,9,label_3,0.30255326628685
indrasyahtriady,"Warna:cerah
Ukuran:pas
Kenyamanan:nyaman

Ringan, enak utk perjalanan motor yg lama. SNI.",5,0,1746003033,warna cerah ukuran pas kenyamanan nyaman ringan enak utk perjalanan motor yg lama sni,warna cerah ukuran pas kenyamanan nyaman ringan enak utk perjalanan motor yg lama sni,14,label_3,0.2573190927505493
hiinnoo,"Warna:pas
Ukuran:pas
Kenyamanan:pas

Keren mantab ga kecewa apalagi kalau kacanya lebih hitammm tambah mantab",5,0,1739322832,warna pas ukuran pas kenyamanan pas keren mantab ga kecewa apalagi kalau kacanya lebih hitammm tambah mantab,warna pas ukuran pas kenyamanan pas keren mantab ga kecewa apalagi kalau kacanya lebih hitammm tambah mantab,17,positive,0.3065642714500427
selametriyadhi809,"Helm sesuai dengan yg di jual
Helmx bagus dan nyaman di pakai",5,2,1760532379,helm sesuai dengan yg di jual helmx bagus dan nyaman di pakai,helm sesuai dengan yg di jual helmx bagus dan nyaman di pakai,12,label_3,0.25939005613327026
wicaksonohendi,Barang sesuai dengan pesanan dan penjual juga amanah.. Lanjutkan,5,0,1737949560,barang sesuai dengan pesanan dan penjual juga amanah lanjutkan,barang sesuai dengan pesanan dan penjual juga amanah lanjutkan,9,label_4,0.28298747539520264
achmadatausyarief,"Warna:pigmen yg bagus
Ukuran:pas dan sesuai
Kenyamanan:ringan dan nyaman saat di pakai.

Bagus dan sesuai pesanan saat live. Good",5,0,1745492213,warna pigmen yg bagus ukuran pas dan sesuai kenyamanan ringan dan nyaman saat di pakai bagus dan sesuai pesanan saat live good,warna pigmen yg bagus ukuran pas dan sesuai kenyamanan ringan dan nyaman saat di pakai bagus dan sesuai pesanan saat live good,22,positive,0.2664202153682709
f*****y,"Warna:Warna bagus
Ukuran:pas
Kenyamanan:sejuk dan nyaman

Nyaman banget buat di pakai dan pas",5,1,1751570503,warna warna bagus ukuran pas kenyamanan sejuk dan nyaman nyaman banget buat di pakai dan pas,warna warna bagus ukuran pas kenyamanan sejuk dan nyaman nyaman banget buat di pakai dan pas,16,positive,0.27995115518569946
wulanjmbng,"Warna:pigmen yang bagus
Ukuran:pas di kepalan dan nyaman di pakai
Kenyamanan:sangat nyaman

Pemesanan sesuai produk bagus gak rugi beli di toko ini makasih pengemasan sangat rapi pengiriman juga cepat",5,0,1746011465,warna pigmen yang bagus ukuran pas di kepalan dan nyaman di pakai kenyamanan sangat nyaman pemesanan sesuai produk bagus gak rugi beli di toko ini makasih pengemasan sangat rapi pengiriman juga cepat,warna pigmen yang bagus ukuran pas di kepalan dan nyaman di pakai kenyamanan sangat nyaman pemesanan sesuai produk bagus gak rugi beli di toko ini makasih pengemasan sangat rapi pengiriman juga cepat,32,positive,0.26086536049842834
langkahtujuan,"Warna:cocok
Ukuran:pas
Kenyamanan:sangat nyaman di pakai

Nyaman bgt saat di pakai helem nya...mksih bgt toko nya....kirim man ja cepat ..mksih bgt atas toko ini....",5,0,1742735618,warna cocok ukuran pas kenyamanan sangat nyaman di pakai nyaman bgt saat di pakai helem nya mksih bgt toko nya kirim man ja cepat mksih bgt atas toko ini,warna cocok ukuran pas kenyamanan sangat nyaman di pakai nyaman bgt saat di pakai helem nya mksih bgt toko nya kirim man ja cepat mksih bgt atas toko ini,29,positive,0.2962663173675537
thohir__muryanti,"Sesuai pesanan, dan kwalitas bagus 
Semoga aweet",5,0,1745381418,sesuai pesanan dan kwalitas bagus semoga aweet,sesuai pesanan dan kwalitas bagus semoga aweet,7,label_3,0.27358686923980713
setyasetyanugraha399,"Warna:hitam dof
Ukuran:L

pengirimanya cepat 👍🏻 produk sesuai pesanan
untuk desain lumayan bagus dan untuk kenyamanan blm sya digunakan karena sya tambahkan sdikit modifikasi 
selebihnya produk baik dan aman 
terimakasih seller and shopee 🙏🏻👍🏻👌🏻",4,1,1754622308,warna hitam dof ukuran l pengirimanya cepat produk sesuai pesanan untuk desain lumayan bagus dan untuk kenyamanan blm sya digunakan karena sya tambahkan sdikit modifikasi selebihnya produk baik dan aman terimakasih seller and shopee,warna hitam dof ukuran l pengirimanya cepat produk sesuai pesanan untuk desain lumayan bagus dan untuk kenyamanan blm sya digunakan karena sya tambahkan sdikit modifikasi selebihnya produk baik dan aman terimakasih seller and shopee,34,positive,0.3078189790248871
indranettanaufalsetiawan,"Untuk busa dalamnya masih terasa kurang lembut, dgn harga segitu it's wort it laaah",5,0,1760889621,untuk busa dalamnya masih terasa kurang lembut dgn harga segitu it s wort it laaah,untuk busa dalamnya masih terasa kurang lembut dgn harga segitu it s wort it laaah,15,label_3,0.24590380489826202
anamaryana13,"Warna:hitam , D
Ukuran:L
Kenyamanan:nyaman di pakai

Alhamdulillah pas di anak bujang, tidak mengecewakan helem nya bagus, bahan nya tebal, pokoknya tidak nyesel blanja di tokoh ini amanah, trimakasih Shopee",5,0,1746804886,warna hitam d ukuran l kenyamanan nyaman di pakai alhamdulillah pas di anak bujang tidak mengecewakan helem nya bagus bahan nya tebal pokoknya tidak nyesel blanja di tokoh ini amanah trimakasih shopee,warna hitam d ukuran l kenyamanan nyaman di pakai alhamdulillah pas di anak bujang tidak mengecewakan helem nya bagus bahan nya tebal pokoknya tidak nyesel blanja di tokoh ini amanah trimakasih shopee,32,positive,0.31711429357528687
bismillah1987,"Untuk harga helm segitu udh lumayan, bahan nya lumayan juga ga begitu ringkih, pengiriman cepet pesen jam 12 siang jam 3 sore udh sampe 3jam doang keren,pokonya recommended banget",5,20,1763185871,untuk harga helm segitu udh lumayan bahan nya lumayan juga ga begitu ringkih pengiriman cepet pesen jam 12 siang jam 3 sore udh sampe 3jam doang keren pokonya recommended banget,untuk harga helm segitu udh lumayan bahan nya lumayan juga ga begitu ringkih pengiriman cepet pesen jam 12 siang jam 3 sore udh sampe 3jam doang keren pokonya recommended banget,30,positive,0.28785577416419983
alfiandrisaputra174,"Warna:bagus
Ukuran:pas
Kenyamanan:nyaman

Helmnya bagus, murah tapi tidak murah""an
Yg penting jos lah
Kurang cuma 1 seller, yg abu"" Saya pesan ukuran M, tapi busa nya kurang padat jadi sedikit lapang klw di pake, terimakasih lah seller",5,1,1752403618,warna bagus ukuran pas kenyamanan nyaman helmnya bagus murah tapi tidak murah an yg penting jos lah kurang cuma 1 seller yg abu saya pesan ukuran m tapi busa nya kurang padat jadi sedikit lapang klw di pake terimakasih lah seller,warna bagus ukuran pas kenyamanan nyaman helmnya bagus murah tapi tidak murah an yg penting jos lah kurang cuma 1 seller yg abu saya pesan ukuran m tapi busa nya kurang padat jadi sedikit lapang klw di pake terimakasih lah seller,41,positive,0.30146893858909607
muhammadzahwan839,"Warna:sangat baguss
Ukuran:pas di Kepala & nyaman di pakai
Kenyamanan:terasa sejuk nyaman

cocok buat pria Starboyyy ✨",5,0,1744096650,warna sangat baguss ukuran pas di kepala nyaman di pakai kenyamanan terasa sejuk nyaman cocok buat pria starboyyy,warna sangat baguss ukuran pas di kepala nyaman di pakai kenyamanan terasa sejuk nyaman cocok buat pria starboyyy,18,positive,0.3007412552833557
fytharizky,"Warna:seuai
Ukuran:pas
Kenyamanan:ga kalah sama ori

barang memusakan, cuman kualitas  ga bisa berharap lebih , namanya baranh murah , yg pasti sangat layak di harga segitu .",5,0,1760008394,warna seuai ukuran pas kenyamanan ga kalah sama ori barang memusakan cuman kualitas ga bisa berharap lebih namanya baranh murah yg pasti sangat layak di harga segitu,warna seuai ukuran pas kenyamanan ga kalah sama ori barang memusakan cuman kualitas ga bisa berharap lebih namanya baranh murah yg pasti sangat layak di harga segitu,27,positive,0.29701659083366394
mryqrc8_2e,"Warna:Grey
Ukuran:XL pas di kepala
Kenyamanan:ringan dan nyaman

Baranganya sampai dengan selamat tidak ada baret²,pecah,dan sebagainya,kurirnya ramah.semoga amanah selalu",5,0,1744095667,warna grey ukuran xl pas di kepala kenyamanan ringan dan nyaman baranganya sampai dengan selamat tidak ada baret pecah dan sebagainya kurirnya ramah semoga amanah selalu,warna grey ukuran xl pas di kepala kenyamanan ringan dan nyaman baranganya sampai dengan selamat tidak ada baret pecah dan sebagainya kurirnya ramah semoga amanah selalu,26,positive,0.29259464144706726
sibarani79,"Warna:bagus
Ukuran:pas
Kenyamanan:nyaman mantap.....gk nyesel beli

Makasih seller dan sophee",5,0,1756290352,warna bagus ukuran pas kenyamanan nyaman mantap gk nyesel beli makasih seller dan sophee,warna bagus ukuran pas kenyamanan nyaman mantap gk nyesel beli makasih seller dan sophee,14,label_3,0.2999173402786255
koko232031,"Warna:hitam doff
Ukuran:pas
Kenyamanan:nyaman

Pengiriman cepet, hari sabtu pesen, minggu harus y udah d trima, karna kendala d kurir jd hari ini baru diterimanya,. Semua y ok ko ga ada cacat y. Recommend deh poko y",5,0,1761564650,warna hitam doff ukuran pas kenyamanan nyaman pengiriman cepet hari sabtu pesen minggu harus y udah d trima karna kendala d kurir jd hari ini baru diterimanya semua y ok ko ga ada cacat y recommend deh poko y,warna hitam doff ukuran pas kenyamanan nyaman pengiriman cepet hari sabtu pesen minggu harus y udah d trima karna kendala d kurir jd hari ini baru diterimanya semua y ok ko ga ada cacat y recommend deh poko y,39,positive,0.3125373125076294
i*****1,"Warna:hitam dof
Ukuran:L sesuai dan pas
Kenyamanan:Nyaman sesuai harga

Helm nya keren sih mantep 👌🏻",5,0,1752132926,warna hitam dof ukuran l sesuai dan pas kenyamanan nyaman sesuai harga helm nya keren sih mantep,warna hitam dof ukuran l sesuai dan pas kenyamanan nyaman sesuai harga helm nya keren sih mantep,17,positive,0.282167911529541
agunggunawan26,"Warna:hitam doft
Ukuran:m
Kenyamanan:lumayan

Bagus hanya saja pengiriman nya terlalu sama di simpen di tempat sortir",5,0,1736039910,warna hitam doft ukuran m kenyamanan lumayan bagus hanya saja pengiriman nya terlalu sama di simpen di tempat sortir,warna hitam doft ukuran m kenyamanan lumayan bagus hanya saja pengiriman nya terlalu sama di simpen di tempat sortir,19,positive,0.26536276936531067
gilang_rmdhn66,"Warna:memiliki pigmen yang bagus
Ukuran:ukuran produk yang pas dan sesuai
Kenyamanan:saat nyaman ketika di pakai

Oke juga 👍👍",5,0,1757611179,warna memiliki pigmen yang bagus ukuran ukuran produk yang pas dan sesuai kenyamanan saat nyaman ketika di pakai oke juga,warna memiliki pigmen yang bagus ukuran ukuran produk yang pas dan sesuai kenyamanan saat nyaman ketika di pakai oke juga,20,positive,0.2566187381744385
pandikesuma,"Warna:sesuai
Ukuran:pas
Kenyamanan:busa nya lembut enak di pakai",5,0,1741921521,warna sesuai ukuran pas kenyamanan busa nya lembut enak di pakai,warna sesuai ukuran pas kenyamanan busa nya lembut enak di pakai,11,label_3,0.27002811431884766
arysoetra08,"Warna:warna sesuai lah sama gambar
Ukuran:ukuran pas di kepala
Kenyamanan:nyaman di pake

buat harga segitu worth it bgt buat di pake sehari hari",5,0,1743049647,warna warna sesuai lah sama gambar ukuran ukuran pas di kepala kenyamanan nyaman di pake buat harga segitu worth it bgt buat di pake sehari hari,warna warna sesuai lah sama gambar ukuran ukuran pas di kepala kenyamanan nyaman di pake buat harga segitu worth it bgt buat di pake sehari hari,26,positive,0.27247047424316406
ariefzoetteradhite,"Warna:sesuai dengan deskripsi dalam etalase toko
Ukuran:pas dan sesuai dengan ekspektasi
Kenyamanan:nyaman dipakai",5,0,1745122084,warna sesuai dengan deskripsi dalam etalase toko ukuran pas dan sesuai dengan ekspektasi kenyamanan nyaman dipakai,warna sesuai dengan deskripsi dalam etalase toko ukuran pas dan sesuai dengan ekspektasi kenyamanan nyaman dipakai,16,label_3,0.28215786814689636
mhmmdbgs_,"Warna:hitam dove
Ukuran:L
Kenyamanan:sangat pas dan keren dipakai

Thanks seller... Pesanan sampai sesuai keinginan
Sehat trus ya, biar bisa order lagi😁😁",5,0,1742816418,warna hitam dove ukuran l kenyamanan sangat pas dan keren dipakai thanks seller pesanan sampai sesuai keinginan sehat trus ya biar bisa order lagi,warna hitam dove ukuran l kenyamanan sangat pas dan keren dipakai thanks seller pesanan sampai sesuai keinginan sehat trus ya biar bisa order lagi,24,positive,0.27852535247802734
s*****n,"Warna:bagus sesuai dengan gambar
Ukuran:pas M
Kenyamanan:pas di pakai busa tebal

Pengiriman cepat dan harga terjangkau",5,1,1756627171,warna bagus sesuai dengan gambar ukuran pas m kenyamanan pas di pakai busa tebal pengiriman cepat dan harga terjangkau,warna bagus sesuai dengan gambar ukuran pas m kenyamanan pas di pakai busa tebal pengiriman cepat dan harga terjangkau,19,label_3,0.26628074049949646
quen_22wn,"Warna:sesuai pesanan
Ukuran:[M] sesuai
Kenyamanan:ringan dikepala,gnakaln pusing dhh",5,0,1746234065,warna sesuai pesanan ukuran m sesuai kenyamanan ringan dikepala gnakaln pusing dhh,warna sesuai pesanan ukuran m sesuai kenyamanan ringan dikepala gnakaln pusing dhh,12,positive,0.31370455026626587
mukhlas1267,"Warna:hitam dof
Ukuran:L
Kenyamanan:Lumayan sesuai harga

Modelnya bagus, kualitas standar SNI sesuai harga, ekspektasi jangan terlalu tinggi, setidaknya sudah SNI, bagus.",5,0,1742991722,warna hitam dof ukuran l kenyamanan lumayan sesuai harga modelnya bagus kualitas standar sni sesuai harga ekspektasi jangan terlalu tinggi setidaknya sudah sni bagus,warna hitam dof ukuran l kenyamanan lumayan sesuai harga modelnya bagus kualitas standar sni sesuai harga ekspektasi jangan terlalu tinggi setidaknya sudah sni bagus,24,positive,0.2969704568386078
iskandsteel19,"Warna:okey
Ukuran:pas tdk longgar
Kenyamanan:nyman² saja ckup lah

Brang yg smpai krdus ny hmpir lepas isolasi ny dan ada bgian dibwah visor knn bawah patah yah msih bsa dilem buat hrga sgitu lmyan okey tdk wah tp tdk jlek jga, sesuai dgn pmkaian shari² buat prjlnan rngan²",5,0,1752411592,warna okey ukuran pas tdk longgar kenyamanan nyman saja ckup lah brang yg smpai krdus ny hmpir lepas isolasi ny dan ada bgian dibwah visor knn bawah patah yah msih bsa dilem buat hrga sgitu lmyan okey tdk wah tp tdk jlek jga sesuai dgn pmkaian shari buat prjlnan rngan,warna okey ukuran pas tdk longgar kenyamanan nyman saja ckup lah brang yg smpai krdus ny hmpir lepas isolasi ny dan ada bgian dibwah visor knn bawah patah yah msih bsa dilem buat hrga sgitu lmyan okey tdk wah tp tdk jlek jga sesuai dgn pmkaian shari buat prjlnan rngan,50,positive,0.31562572717666626
yogipirmansah86,"Warna:sesuai
Ukuran:Pas
Kenyamanan:Ringan enakndipake inimah

Barang udah sampe mantul nih👍👍",5,0,1748084860,warna sesuai ukuran pas kenyamanan ringan enakndipake inimah barang udah sampe mantul nih,warna sesuai ukuran pas kenyamanan ringan enakndipake inimah barang udah sampe mantul nih,13,label_3,0.29777732491493225
mymc5my9md,"Warna:bagus , hanya cat nya ada yang kurang halus
Ukuran:pas
Kenyamanan:nyaman di pakai ringan

Ada sedikit yang pecah",5,0,1746098888,warna bagus hanya cat nya ada yang kurang halus ukuran pas kenyamanan nyaman di pakai ringan ada sedikit yang pecah,warna bagus hanya cat nya ada yang kurang halus ukuran pas kenyamanan nyaman di pakai ringan ada sedikit yang pecah,20,positive,0.2760237753391266
ojikaja246,"Tampilan:Helm nya bagus, tapi baut pengikat tali nya rusak 1 sebelah kiri
Cocok Untuk:Remaja - dewasa
Kualitas:Bagus

Helm nya bagus untuk anak remaja dan dewasa",4,2,1743391362,tampilan helm nya bagus tapi baut pengikat tali nya rusak 1 sebelah kiri cocok untuk remaja dewasa kualitas bagus helm nya bagus untuk anak remaja dan dewasa,tampilan helm nya bagus tapi baut pengikat tali nya rusak 1 sebelah kiri cocok untuk remaja dewasa kualitas bagus helm nya bagus untuk anak remaja dan dewasa,27,positive,0.2754316031932831
_*****y,"Kualitas:bagus
Tampilan:cukup elegant, dengan harga segitu recomend lah, untuk yg suka murah2 tpi nyaman di pakek boleh lah pakek ini",5,0,1757121341,kualitas bagus tampilan cukup elegant dengan harga segitu recomend lah untuk yg suka murah2 tpi nyaman di pakek boleh lah pakek ini,kualitas bagus tampilan cukup elegant dengan harga segitu recomend lah untuk yg suka murah2 tpi nyaman di pakek boleh lah pakek ini,22,positive,0.2998410165309906
muchammadakhsansaputra,"Warna:sesuai dengan yg dipesan
Ukuran:pas sesuai dengan yg dipesan
Kenyamanan:sangat nyaman

dengan harga yg sangat bisa dikatakan murah untuk sekelas helm yg sangat baguss",5,0,1746779588,warna sesuai dengan yg dipesan ukuran pas sesuai dengan yg dipesan kenyamanan sangat nyaman dengan harga yg sangat bisa dikatakan murah untuk sekelas helm yg sangat baguss,warna sesuai dengan yg dipesan ukuran pas sesuai dengan yg dipesan kenyamanan sangat nyaman dengan harga yg sangat bisa dikatakan murah untuk sekelas helm yg sangat baguss,27,positive,0.2644124925136566
mc.boy,"Warna:ok
Ukuran:pas
Kualitas:ok

Helm ok lah....harga terjangkau tapi tampilan ciamik",5,1,1755778259,warna ok ukuran pas kualitas ok helm ok lah harga terjangkau tapi tampilan ciamik,warna ok ukuran pas kualitas ok helm ok lah harga terjangkau tapi tampilan ciamik,14,label_3,0.2886563539505005
ageng60,"Warna:grey dof
Ukuran:pas sesuai
Kenyamanan:nyaman sekali rekomendeh buat klian, pengiriman sangat cepat",5,0,1750399571,warna grey dof ukuran pas sesuai kenyamanan nyaman sekali rekomendeh buat klian pengiriman sangat cepat,warna grey dof ukuran pas sesuai kenyamanan nyaman sekali rekomendeh buat klian pengiriman sangat cepat,15,positive,0.2956892251968384
ketutwiguna74,"Warna:hitam dop
Ukuran:pas di kepala
Kenyamanan:nyaman cocok untuk saya",5,0,1742271921,warna hitam dop ukuran pas di kepala kenyamanan nyaman cocok untuk saya,warna hitam dop ukuran pas di kepala kenyamanan nyaman cocok untuk saya,12,positive,0.2732238173484802
bzemeuc434,"Warna:bagus cerah
Ukuran:pas
Kenyamanan:nyaman enak di pakai

Selamat siang kk pesanan sudah saya terima sesuai gambar pesanan terima kasih kk dan Shopee terima kasih",5,0,1745136086,warna bagus cerah ukuran pas kenyamanan nyaman enak di pakai selamat siang kk pesanan sudah saya terima sesuai gambar pesanan terima kasih kk dan shopee terima kasih,warna bagus cerah ukuran pas kenyamanan nyaman enak di pakai selamat siang kk pesanan sudah saya terima sesuai gambar pesanan terima kasih kk dan shopee terima kasih,27,positive,0.31709352135658264
mrjay29teq,"Warna:hitam glos
Ukuran:pas
Kenyamanan:ok

ok bagus helmnya.seharusnya sy pesan yg doff...krn glost gampang lecet.helmnya ok",5,0,1742922352,warna hitam glos ukuran pas kenyamanan ok ok bagus helmnya seharusnya sy pesan yg doff krn glost gampang lecet helmnya ok,warna hitam glos ukuran pas kenyamanan ok ok bagus helmnya seharusnya sy pesan yg doff krn glost gampang lecet helmnya ok,21,positive,0.27175888419151306
gomang,"Warna:hitam dof/hitam
Ukuran:pas dikepala
Kenyamanan:nyaman

Sesuai yg dipesan, enak dipakai ringan dikepala, bagus",5,0,1750245682,warna hitam dof hitam ukuran pas dikepala kenyamanan nyaman sesuai yg dipesan enak dipakai ringan dikepala bagus,warna hitam dof hitam ukuran pas dikepala kenyamanan nyaman sesuai yg dipesan enak dipakai ringan dikepala bagus,17,positive,0.28337639570236206
mikeyowha,"Ukuran:pas dan sesuai
Kenyamanan:ringan dan sangat nyaman di pakai
Warna:Bagus sesuai pesanan dpt spoiler nya juga",5,0,1760680669,ukuran pas dan sesuai kenyamanan ringan dan sangat nyaman di pakai warna bagus sesuai pesanan dpt spoiler nya juga,ukuran pas dan sesuai kenyamanan ringan dan sangat nyaman di pakai warna bagus sesuai pesanan dpt spoiler nya juga,19,positive,0.2881048917770386
b*****4,"Warna:hitam dof
Ukuran:pas di kepala, pake ukuran M
Kenyamanan:nyaman gak panas

Mantap lah, sesuai pesanan, helm juga keren bgt",5,0,1756729558,warna hitam dof ukuran pas di kepala pake ukuran m kenyamanan nyaman gak panas mantap lah sesuai pesanan helm juga keren bgt,warna hitam dof ukuran pas di kepala pake ukuran m kenyamanan nyaman gak panas mantap lah sesuai pesanan helm juga keren bgt,22,positive,0.27543413639068604
komarudin011,"Warna:sangat bagus
Ukuran:pas dikepala
Kenyamanan:sangat nyaman

Helmnya sudah sampai, barang nya bagus nyaman digunakan, pas dikepala tidak sakit untuk jarak jauh. Helmnya enteng dan mantap.",5,1,1757571331,warna sangat bagus ukuran pas dikepala kenyamanan sangat nyaman helmnya sudah sampai barang nya bagus nyaman digunakan pas dikepala tidak sakit untuk jarak jauh helmnya enteng dan mantap,warna sangat bagus ukuran pas dikepala kenyamanan sangat nyaman helmnya sudah sampai barang nya bagus nyaman digunakan pas dikepala tidak sakit untuk jarak jauh helmnya enteng dan mantap,28,positive,0.3155564069747925
sodri63,"Warna:hitam glosy. L
Ukuran:pas
Kenyamanan:lumayan sesuai dgn harga dan kualitas",4,1,1741788032,warna hitam glosy l ukuran pas kenyamanan lumayan sesuai dgn harga dan kualitas,warna hitam glosy l ukuran pas kenyamanan lumayan sesuai dgn harga dan kualitas,13,label_3,0.2602148950099945
ikin_sodikin83,"Warna:hitam glosi
Ukuran:m
Kenyamanan:lumayan enak,.enteng lagi

Alhamdulilah paket sudah sampai,.helmnya,bagus mulus dan gak baret,.makasih seler,.makasih abang kurirnya ,.sukses slalau..",5,0,1745119977,warna hitam glosi ukuran m kenyamanan lumayan enak enteng lagi alhamdulilah paket sudah sampai helmnya bagus mulus dan gak baret makasih seler makasih abang kurirnya sukses slalau,warna hitam glosi ukuran m kenyamanan lumayan enak enteng lagi alhamdulilah paket sudah sampai helmnya bagus mulus dan gak baret makasih seler makasih abang kurirnya sukses slalau,27,positive,0.34281909465789795
,Sangat mantap saya suka sesuai pick saya suka saya suka ✌️,5,0,1737955732,sangat mantap saya suka sesuai pick saya suka saya suka,sangat mantap saya suka sesuai pick saya suka saya suka,10,positive,0.31080660223960876
sldon,"Paket sudah diterima aman dan lengkap, walaupun kardusnya rusak,, Ukuran dicoba masih kegedean atau mungkin Kepalanya Kecil, jasa pengirimannya lambat tapi produknya puas. Terimakasih Gan, saran kedepannya semoga jasa pengirimannya bukan yg ini lagi",5,1,1756808932,paket sudah diterima aman dan lengkap walaupun kardusnya rusak ukuran dicoba masih kegedean atau mungkin kepalanya kecil jasa pengirimannya lambat tapi produknya puas terimakasih gan saran kedepannya semoga jasa pengirimannya bukan yg ini lagi,paket sudah diterima aman dan lengkap walaupun kardusnya rusak ukuran dicoba masih kegedean atau mungkin kepalanya kecil jasa pengirimannya lambat tapi produknya puas terimakasih gan saran kedepannya semoga jasa pengirimannya bukan yg ini lagi,34,positive,0.32646942138671875
oemaralfathir,"Warna:grey glossy
Ukuran:M
Kenyamanan:nyamann banget busanya juga

keceee banget wakk",5,0,1748500956,warna grey glossy ukuran m kenyamanan nyamann banget busanya juga keceee banget wakk,warna grey glossy ukuran m kenyamanan nyamann banget busanya juga keceee banget wakk,13,positive,0.30547034740448
e*****3,"Warna:mantap
Ukuran:pas
Kualitas:untuk di kelas nya lumayan",5,3,1735784904,warna mantap ukuran pas kualitas untuk di kelas nya lumayan,warna mantap ukuran pas kualitas untuk di kelas nya lumayan,10,positive,0.2893569767475128
a*****e,"Warna: sesuai dengan gambar
Ukuran:ukuran pas  sesuai
Kenyamanan:kern",5,0,1746792210,warna sesuai dengan gambar ukuran ukuran pas sesuai kenyamanan kern,warna sesuai dengan gambar ukuran ukuran pas sesuai kenyamanan kern,10,positive,0.2732609808444977
w*****6,"Pesanan sesuai yg saya mau,.pengiriman cepat,.saler cepat tanggap pas di chat,.terimakasih",5,0,1742388075,pesanan sesuai yg saya mau pengiriman cepat saler cepat tanggap pas di chat terimakasih,pesanan sesuai yg saya mau pengiriman cepat saler cepat tanggap pas di chat terimakasih,14,positive,0.2807829976081848
restiqomah28,"Warna:pink nya cakep lucu
Ukuran:kekecilan sedikit, tapi busanya empuk
Kenyamanan:enak di pake

Walaupun kekecilan sedikit,, tapi masih enak di pake karna busanya gede empuk,, warna nya oke keren",5,0,1741350695,warna pink nya cakep lucu ukuran kekecilan sedikit tapi busanya empuk kenyamanan enak di pake walaupun kekecilan sedikit tapi masih enak di pake karna busanya gede empuk warna nya oke keren,warna pink nya cakep lucu ukuran kekecilan sedikit tapi busanya empuk kenyamanan enak di pake walaupun kekecilan sedikit tapi masih enak di pake karna busanya gede empuk warna nya oke keren,31,positive,0.29714640974998474
jamalddn22,"Warna:sangat bagus sesuai dengan yang ada pada gambar
Ukuran:ukuran produk pas dan sangat sesuai
Kenyamanan:sangat nyaman saat kita mengenakan

Bagus. Tapi sayang variasi yang ditempel sebaiknya tidak pakai lem, tapi pakai baut.",5,2,1760203742,warna sangat bagus sesuai dengan yang ada pada gambar ukuran ukuran produk pas dan sangat sesuai kenyamanan sangat nyaman saat kita mengenakan bagus tapi sayang variasi yang ditempel sebaiknya tidak pakai lem tapi pakai baut,warna sangat bagus sesuai dengan yang ada pada gambar ukuran ukuran produk pas dan sangat sesuai kenyamanan sangat nyaman saat kita mengenakan bagus tapi sayang variasi yang ditempel sebaiknya tidak pakai lem tapi pakai baut,35,positive,0.252038836479187
4h7i285ja8,"Warna:warna nya bagus
Ukuran:ukuran nya juga pas
Kenyamanan:sangat nyaman

Pesanan sesuai dengan yang di pesan dan bagus",5,2,1739871015,warna warna nya bagus ukuran ukuran nya juga pas kenyamanan sangat nyaman pesanan sesuai dengan yang di pesan dan bagus,warna warna nya bagus ukuran ukuran nya juga pas kenyamanan sangat nyaman pesanan sesuai dengan yang di pesan dan bagus,20,positive,0.2930653691291809
hsj6p405m_,Alhamdulilah pesanan udah datang barang nyah bagus  warna nya cocok paslagi ukuran nyah,5,0,1746099579,alhamdulilah pesanan udah datang barang nyah bagus warna nya cocok paslagi ukuran nyah,alhamdulilah pesanan udah datang barang nyah bagus warna nya cocok paslagi ukuran nyah,13,positive,0.32820653915405273
herirahman92,"Warna:hitam dof
Ukuran:L pas di kepala
Kenyamanan:nyman di pakai untuk harian

Terimakasih sudah mendarat dengan selamat",5,0,1758525150,warna hitam dof ukuran l pas di kepala kenyamanan nyman di pakai untuk harian terimakasih sudah mendarat dengan selamat,warna hitam dof ukuran l pas di kepala kenyamanan nyman di pakai untuk harian terimakasih sudah mendarat dengan selamat,19,positive,0.3123624622821808
f*****2,"Warna:merah
Ukuran:pas
Kenyamanan:nyaman di pakai",5,0,1747322450,warna merah ukuran pas kenyamanan nyaman di pakai,warna merah ukuran pas kenyamanan nyaman di pakai,8,label_3,0.29430606961250305
aguspathol,"Warna:hitam D.L
Ukuran:pas dikepala
Kenyamanan:ringan dan nyaman dipakai

Mantap sesuai pesanan, pengirimannya jg cepat,mantap dah pkoknya",5,0,1740626486,warna hitam d l ukuran pas dikepala kenyamanan ringan dan nyaman dipakai mantap sesuai pesanan pengirimannya jg cepat mantap dah pkoknya,warna hitam d l ukuran pas dikepala kenyamanan ringan dan nyaman dipakai mantap sesuai pesanan pengirimannya jg cepat mantap dah pkoknya,21,positive,0.2921912372112274
tungauhalus,"Warna:sangat bagus sesuai pesanan
Ukuran:pas
Kenyamanan:ringan dan nyaman bila di pakai",5,0,1739194206,warna sangat bagus sesuai pesanan ukuran pas kenyamanan ringan dan nyaman bila di pakai,warna sangat bagus sesuai pesanan ukuran pas kenyamanan ringan dan nyaman bila di pakai,14,label_3,0.2545270323753357
tama_olshop,"Warna:warna tidak sesuai orderan
Ukuran:pas
Kenyamanan:lumayan

Untuk harga segini kualitas kurang begitu memuaskan, logo kurang rapih terkesan KWnya, busa ok, ukuran pas, warna order abu abu yg dtg hitam",3,0,1748008406,warna warna tidak sesuai orderan ukuran pas kenyamanan lumayan untuk harga segini kualitas kurang begitu memuaskan logo kurang rapih terkesan kwnya busa ok ukuran pas warna order abu abu yg dtg hitam,warna warna tidak sesuai orderan ukuran pas kenyamanan lumayan untuk harga segini kualitas kurang begitu memuaskan logo kurang rapih terkesan kwnya busa ok ukuran pas warna order abu abu yg dtg hitam,32,positive,0.29528021812438965
thohaalshehabi,"Dgn harga yang murah ini termasuk cukup bagus
Terimakasih",5,1,1736089608,dgn harga yang murah ini termasuk cukup bagus terimakasih,dgn harga yang murah ini termasuk cukup bagus terimakasih,9,positive,0.28136950731277466
anggafrediansah,"Warna:memiliki pigmen yang bagus
Ukuran:ukuran produk yang pas dan sesuai
Kenyamanan:sangat nyaman digunakan

Mantap",5,0,1745422595,warna memiliki pigmen yang bagus ukuran ukuran produk yang pas dan sesuai kenyamanan sangat nyaman digunakan mantap,warna memiliki pigmen yang bagus ukuran ukuran produk yang pas dan sesuai kenyamanan sangat nyaman digunakan mantap,17,label_4,0.2793143391609192
muhammadamir069,"Alhamdulillah sesuai pesanan 
terimakasih sehat slalu",5,1,1742829306,alhamdulillah sesuai pesanan terimakasih sehat slalu,alhamdulillah sesuai pesanan terimakasih sehat slalu,6,label_3,0.27839574217796326
ndeirma,"Warna:warna sesuai keinginan mantap
Ukuran:m
Kenyamanan:pas banget dikepala mantap",5,0,1747216421,warna warna sesuai keinginan mantap ukuran m kenyamanan pas banget dikepala mantap,warna warna sesuai keinginan mantap ukuran m kenyamanan pas banget dikepala mantap,12,label_3,0.2898928225040436
m*****e,"Warna:seusai pesanan
Ukuran:L nya kayak m TPI gpp masih okk
Kenyamanan:lumayan nyaman

Niat mau kasih B5 tapi syg banget ada yg patah di bagian atas nya. Jdi goel2 itu kanan kiri mau lepas hmmm padahal dh di tanya aman gak krm ke lokasi saya ,di jwb aman TPI nyampe nya rada kecewa dikit.",3,0,1747291584,warna seusai pesanan ukuran l nya kayak m tpi gpp masih okk kenyamanan lumayan nyaman niat mau kasih b5 tapi syg banget ada yg patah di bagian atas nya jdi goel2 itu kanan kiri mau lepas hmmm padahal dh di tanya aman gak krm ke lokasi saya di jwb aman tpi nyampe nya rada kecewa dikit,warna seusai pesanan ukuran l nya kayak m tpi gpp masih okk kenyamanan lumayan nyaman niat mau kasih b5 tapi syg banget ada yg patah di bagian atas nya jdi goel2 itu kanan kiri mau lepas hmmm padahal dh di tanya aman gak krm ke lokasi saya di jwb aman tpi nyampe nya rada kecewa dikit,56,positive,0.3164741098880768
irhamsyah57,"Warna:keren dan sesuai pesanan
Ukuran:sesuai dan sangat pas
Kenyamanan:belum dipakai

Terimakasih seller barang mendarat dengan aman tanpa luka sedikit pun,, barang juga sesuai terimakasih sukses selalu",5,0,1742713891,warna keren dan sesuai pesanan ukuran sesuai dan sangat pas kenyamanan belum dipakai terimakasih seller barang mendarat dengan aman tanpa luka sedikit pun barang juga sesuai terimakasih sukses selalu,warna keren dan sesuai pesanan ukuran sesuai dan sangat pas kenyamanan belum dipakai terimakasih seller barang mendarat dengan aman tanpa luka sedikit pun barang juga sesuai terimakasih sukses selalu,29,positive,0.2839251160621643
a*****_,"Warna:.
Ukuran:.
Kenyamanan:.

Barang di Terima dengan baik dan aman. Packingan rapih. Dan berfungsi dengan baik. Good seller 👍🏻",5,0,1760877747,warna ukuran kenyamanan barang di terima dengan baik dan aman packingan rapih dan berfungsi dengan baik good seller,warna ukuran kenyamanan barang di terima dengan baik dan aman packingan rapih dan berfungsi dengan baik good seller,18,label_3,0.2724634110927582
bambangs2,"Warna:hitam dop
Ukuran:pas
Kenyamanan:aman dalam bepergian, utamakan keselamatan pkai Hlem,trimakasi smoga tokonya laris suxes",5,1,1755475760,warna hitam dop ukuran pas kenyamanan aman dalam bepergian utamakan keselamatan pkai hlem trimakasi smoga tokonya laris suxes,warna hitam dop ukuran pas kenyamanan aman dalam bepergian utamakan keselamatan pkai hlem trimakasi smoga tokonya laris suxes,18,positive,0.3003341555595398
d*****5,"Warna:bagus sekali hitam dof
Ukuran:pas banget ukuran L
Kenyamanan:nyaman di pakai

Ini mah di luar ekspetasi bener"" murah helm harga 160an sebagus ini emang bener"" salut banget puas banget pokoknya buat mejeng sama temen"".",5,0,1740662153,warna bagus sekali hitam dof ukuran pas banget ukuran l kenyamanan nyaman di pakai ini mah di luar ekspetasi bener murah helm harga 160an sebagus ini emang bener salut banget puas banget pokoknya buat mejeng sama temen,warna bagus sekali hitam dof ukuran pas banget ukuran l kenyamanan nyaman di pakai ini mah di luar ekspetasi bener murah helm harga 160an sebagus ini emang bener salut banget puas banget pokoknya buat mejeng sama temen,37,positive,0.32367026805877686
erwinhajisaputra,"Mantul tidak mengecewakan, cukup bintang yang berbicara",5,0,1739026868,mantul tidak mengecewakan cukup bintang yang berbicara,mantul tidak mengecewakan cukup bintang yang berbicara,7,positive,0.2656855285167694
b*****f,"Warna:Hitam
Ukuran:Terlalu kecil
Kenyamanan:ada harga ada barang

Size XL gak ngaruh, Tetep kekecilan.
Ada harga ada barang",5,0,1741588417,warna hitam ukuran terlalu kecil kenyamanan ada harga ada barang size xl gak ngaruh tetep kekecilan ada harga ada barang,warna hitam ukuran terlalu kecil kenyamanan ada harga ada barang size xl gak ngaruh tetep kekecilan ada harga ada barang,20,positive,0.2771923542022705
indraardiansah744,"Kualitas:bagus
Cocok Untuk:berkendara
Tampilan:sangat bagus

Barang sampai dengan kondisi baik walaupun datangnya terlambat tp saya suka dengan helm ini dengan harga yg gk terlalu mahal saya dapatin helm yg berkualitas dan sesuai dengan fotonya dan sangat riil buat kalian yang membutuhkan helm jangan ragu beli di toko ini yg menawarkan produk yg. Sangat bagus trmksh buat sellernya sukses selalu",5,1,1753467306,kualitas bagus cocok untuk berkendara tampilan sangat bagus barang sampai dengan kondisi baik walaupun datangnya terlambat tp saya suka dengan helm ini dengan harga yg gk terlalu mahal saya dapatin helm yg berkualitas dan sesuai dengan fotonya dan sangat riil buat kalian yang membutuhkan helm jangan ragu beli di toko ini yg menawarkan produk yg sangat bagus trmksh buat sellernya sukses selalu,kualitas bagus cocok untuk berkendara tampilan sangat bagus barang sampai dengan kondisi baik walaupun datangnya terlambat tp saya suka dengan helm ini dengan harga yg gk terlalu mahal saya dapatin helm yg berkualitas dan sesuai dengan fotonya dan sangat riil buat kalian yang membutuhkan helm jangan ragu beli di toko ini yg menawarkan produk yg sangat bagus trmksh buat sellernya sukses selalu,62,positive,0.25562483072280884
danialfanibel,"Warna:sangat bagus dan sesuai gambar
Ukuran:pas di kepala dan sangat nyaman
Kenyamanan:sangat nyaman saat di kenakan

Untuk helmnya si wort it lah, cuma dus nya aja pada penyok2",5,0,1738344915,warna sangat bagus dan sesuai gambar ukuran pas di kepala dan sangat nyaman kenyamanan sangat nyaman saat di kenakan untuk helmnya si wort it lah cuma dus nya aja pada penyok2,warna sangat bagus dan sesuai gambar ukuran pas di kepala dan sangat nyaman kenyamanan sangat nyaman saat di kenakan untuk helmnya si wort it lah cuma dus nya aja pada penyok2,31,positive,0.25501570105552673
fazriyannor08,"Warna:cerah
Ukuran:pas
Kenyamanan:nyaman di pakai

Jangan ragu beli di toko ini haja pasti is the best pokoknya",5,0,1746699891,warna cerah ukuran pas kenyamanan nyaman di pakai jangan ragu beli di toko ini haja pasti is the best pokoknya,warna cerah ukuran pas kenyamanan nyaman di pakai jangan ragu beli di toko ini haja pasti is the best pokoknya,20,label_3,0.3060583770275116
m.alif.hidayat,"Warna:bagus ada yang retak kecil
Ukuran:pas
Kenyamanan:ringan dan nyaman dipakai

helm ini ringan namun solid dengan desain kekinian dan spoilernya,visor menunjang dengan warna smoke,cocok jadi buat harian,helm ini nyaman dipakai tidak terlalu berat bahan tembal dan empuk, memberikan perlindungan dengan baik, harga terjangkau dengan kualitas yang mayan bagus",4,1,1754716340,warna bagus ada yang retak kecil ukuran pas kenyamanan ringan dan nyaman dipakai helm ini ringan namun solid dengan desain kekinian dan spoilernya visor menunjang dengan warna smoke cocok jadi buat harian helm ini nyaman dipakai tidak terlalu berat bahan tembal dan empuk memberikan perlindungan dengan baik harga terjangkau dengan kualitas yang mayan bagus,warna bagus ada yang retak kecil ukuran pas kenyamanan ringan dan nyaman dipakai helm ini ringan namun solid dengan desain kekinian dan spoilernya visor menunjang dengan warna smoke cocok jadi buat harian helm ini nyaman dipakai tidak terlalu berat bahan tembal dan empuk memberikan perlindungan dengan baik harga terjangkau dengan kualitas yang mayan bagus,54,positive,0.2689729630947113
ifa_yayan.2824,"Warna:sesuai. ,
Ukuran:L pass
Kenyamanan:nyaman

Semua ok 
Harga sesuai dengan bahan",5,1,1745242454,warna sesuai ukuran l pass kenyamanan nyaman semua ok harga sesuai dengan bahan,warna sesuai ukuran l pass kenyamanan nyaman semua ok harga sesuai dengan bahan,13,positive,0.25408726930618286
z2zuz2bqhz,"Warna:DARK grey
Ukuran:all size
Kenyamanan:lumayan

Pengiriman 👍, packing 👍, brgnya 👍 sesuai order, trimakasih seller 🙏",5,0,1748317719,warna dark grey ukuran all size kenyamanan lumayan pengiriman packing brgnya sesuai order trimakasih seller,warna dark grey ukuran all size kenyamanan lumayan pengiriman packing brgnya sesuai order trimakasih seller,15,label_3,0.2776848375797272
adamsari443,"Alhamdulillah selamat sampai tujuan 😀, sangat puas. fulll senyum..🤣
Next order lagi yahh",5,0,1745077713,alhamdulillah selamat sampai tujuan sangat puas fulll senyum next order lagi yahh,alhamdulillah selamat sampai tujuan sangat puas fulll senyum next order lagi yahh,12,positive,0.3288324177265167
su_h7nmkay,"Warna:sesua
Ukuran:pas di kepala
Kenyamanan:enak banget di pakek

Ok sip pokoknya dah",5,0,1738919407,warna sesua ukuran pas di kepala kenyamanan enak banget di pakek ok sip pokoknya dah,warna sesua ukuran pas di kepala kenyamanan enak banget di pakek ok sip pokoknya dah,15,label_3,0.30047857761383057
ngabboim,"Warna:hitam doff
Ukuran:XL
Kenyamanan:enk di pake sebagai di helm nya kurang rapi lem nya

Pakingan aman produk sesuai sama di gambar",5,0,1737098440,warna hitam doff ukuran xl kenyamanan enk di pake sebagai di helm nya kurang rapi lem nya pakingan aman produk sesuai sama di gambar,warna hitam doff ukuran xl kenyamanan enk di pake sebagai di helm nya kurang rapi lem nya pakingan aman produk sesuai sama di gambar,24,positive,0.2816503942012787
tommy.kembang,"Warna:bagus
Ukuran:ps
Kenyamanan:enyak

Bagus hehe",5,0,1747998538,warna bagus ukuran ps kenyamanan enyak bagus hehe,warna bagus ukuran ps kenyamanan enyak bagus hehe,8,positive,0.31466323137283325
iam.narr_,"Warna:Bagus
Ukuran:Pas
Kenyamanan:Pas dikepala dengan lingkar 58cm

Bagus walaupun ada bercak dikit tp gak terlalu terlihat,ventilasi sebelah kanan susah dibuka tutup",5,0,1747376006,warna bagus ukuran pas kenyamanan pas dikepala dengan lingkar 58cm bagus walaupun ada bercak dikit tp gak terlalu terlihat ventilasi sebelah kanan susah dibuka tutup,warna bagus ukuran pas kenyamanan pas dikepala dengan lingkar 58cm bagus walaupun ada bercak dikit tp gak terlalu terlihat ventilasi sebelah kanan susah dibuka tutup,25,label_3,0.2511192560195923
ohmyrammm,"Warna:hitam dof
Ukuran:ukuran L pas lah
Kenyamanan:sangat nyaman

Untuk packingannya sendiri itu cukup bagus dan aman terus untuk kurir nya juga ramah dan baik , pokoknya the best lah kurir dan toko helmet nya",5,1,1759769275,warna hitam dof ukuran ukuran l pas lah kenyamanan sangat nyaman untuk packingannya sendiri itu cukup bagus dan aman terus untuk kurir nya juga ramah dan baik pokoknya the best lah kurir dan toko helmet nya,warna hitam dof ukuran ukuran l pas lah kenyamanan sangat nyaman untuk packingannya sendiri itu cukup bagus dan aman terus untuk kurir nya juga ramah dan baik pokoknya the best lah kurir dan toko helmet nya,36,positive,0.3128609359264374
a*****n,"Warna:hitam doff sesuai deskripsi
Ukuran:pas sesuai ukuran standar
Kenyamanan:cukup nyaman untuk helm half face",5,0,1748270286,warna hitam doff sesuai deskripsi ukuran pas sesuai ukuran standar kenyamanan cukup nyaman untuk helm half face,warna hitam doff sesuai deskripsi ukuran pas sesuai ukuran standar kenyamanan cukup nyaman untuk helm half face,17,positive,0.24636271595954895
s*****y,"Warna:putih
Ukuran:lebih besar
Kenyamanan:nyaman

Warna bagus. Sampai dengan selamat dan bagus. Hanya ukurannya sepertinya bukan L. Biasa pakai L pas . Ini lebih besar..
Di helm gak ada ukurannya",5,0,1746277700,warna putih ukuran lebih besar kenyamanan nyaman warna bagus sampai dengan selamat dan bagus hanya ukurannya sepertinya bukan l biasa pakai l pas ini lebih besar di helm gak ada ukurannya,warna putih ukuran lebih besar kenyamanan nyaman warna bagus sampai dengan selamat dan bagus hanya ukurannya sepertinya bukan l biasa pakai l pas ini lebih besar di helm gak ada ukurannya,31,positive,0.3310818672180176
darbyraffi,"Warna:warna sesuai pesanan
Ukuran:ukuran lumayan lah berhubung saya 60-61 ya gpp lah nanti juga longgar sendiri 😅

Barang bagus tidak lecet pengiriman juga oke walaupun lama tapi barang sampai dengan aman makasih seller amanah 👍👍joss tenan bolo👍👍",5,1,1745076937,warna warna sesuai pesanan ukuran ukuran lumayan lah berhubung saya 60 61 ya gpp lah nanti juga longgar sendiri barang bagus tidak lecet pengiriman juga oke walaupun lama tapi barang sampai dengan aman makasih seller amanah joss tenan bolo,warna warna sesuai pesanan ukuran ukuran lumayan lah berhubung saya 60 61 ya gpp lah nanti juga longgar sendiri barang bagus tidak lecet pengiriman juga oke walaupun lama tapi barang sampai dengan aman makasih seller amanah joss tenan bolo,39,positive,0.3199876546859741
irvan_ankarian,"Warna:sangat bagus dan sesuai dgn gambar
Ukuran:ukuran produk sesuai dan pas
Kenyamanan:ringan dan nyaman saat di pakai",5,0,1737781680,warna sangat bagus dan sesuai dgn gambar ukuran ukuran produk sesuai dan pas kenyamanan ringan dan nyaman saat di pakai,warna sangat bagus dan sesuai dgn gambar ukuran ukuran produk sesuai dan pas kenyamanan ringan dan nyaman saat di pakai,20,label_3,0.24905285239219666
adesonimaulani,"Warna:sangat pas dengan pesanannya warna putih
Ukuran:pas dan seseuai
Kenyamanan:sangat nyaman saat dikenakan",5,0,1745472052,warna sangat pas dengan pesanannya warna putih ukuran pas dan seseuai kenyamanan sangat nyaman saat dikenakan,warna sangat pas dengan pesanannya warna putih ukuran pas dan seseuai kenyamanan sangat nyaman saat dikenakan,16,positive,0.28474676609039307
r*****c,"Warna:Hitam Dof
Ukuran:L
Kenyamanan:Ringan dan nyaman saat dipakai",5,1,1757814257,warna hitam dof ukuran l kenyamanan ringan dan nyaman saat dipakai,warna hitam dof ukuran l kenyamanan ringan dan nyaman saat dipakai,11,label_3,0.26518574357032776
5vanxx_tib,"Warna:sangat bagus dan sesuai
Ukuran:pas dan nyaman
Kenyamanan:baik",5,0,1745113045,warna sangat bagus dan sesuai ukuran pas dan nyaman kenyamanan baik,warna sangat bagus dan sesuai ukuran pas dan nyaman kenyamanan baik,11,positive,0.2611374855041504
daffa_28ari,"Warna:putih
Ukuran:pas
Kenyamanan:oke

Bagus buat di harga nya, juga sangat nyaman di pakai.",5,0,1739356280,warna putih ukuran pas kenyamanan oke bagus buat di harga nya juga sangat nyaman di pakai,warna putih ukuran pas kenyamanan oke bagus buat di harga nya juga sangat nyaman di pakai,16,positive,0.2855290472507477
rahmatsani152,"Warna:bagus
Ukuran:pas
Kenyamanan:sejuk nyaman

Kancing helm nya kurang cocok",5,0,1762757474,warna bagus ukuran pas kenyamanan sejuk nyaman kancing helm nya kurang cocok,warna bagus ukuran pas kenyamanan sejuk nyaman kancing helm nya kurang cocok,12,label_3,0.28016534447669983
rico_afrizal,Kirain HKM bneran . Yg di kirim merek 🤭MLA. Tapi helem nya bagus.. harga murah dapet harga 78.000 . Makasi min,5,0,1759867480,kirain hkm bneran yg di kirim merek mla tapi helem nya bagus harga murah dapet harga 78 000 makasi min,kirain hkm bneran yg di kirim merek mla tapi helem nya bagus harga murah dapet harga 78 000 makasi min,20,positive,0.3354676067829132
ardi_shoft,"Cocok Untuk:bekrendara

Barang udah sampai kak,pengiriman cepat,pelayanan sangat ramah,makasih kak",5,0,1750425652,cocok untuk bekrendara barang udah sampai kak pengiriman cepat pelayanan sangat ramah makasih kak,cocok untuk bekrendara barang udah sampai kak pengiriman cepat pelayanan sangat ramah makasih kak,14,positive,0.3546534776687622
bee.by.nadi,"Warna:bagus
Ukuran:pas
Kenyamanan:sangat nyamam

Udah nyampek, bagus. Busanya juga tebal, worth it sekali...👍👍👍",5,0,1736234731,warna bagus ukuran pas kenyamanan sangat nyamam udah nyampek bagus busanya juga tebal worth it sekali,warna bagus ukuran pas kenyamanan sangat nyamam udah nyampek bagus busanya juga tebal worth it sekali,16,positive,0.3037112057209015
liamunawaroh119,"Bagus banget,suka warna grey dof,harganya murah banget helm berkwalitas cuman finishing nya kurang rapi dikit....
Nggak nyesel beli di sini helmnya berat guys kayak helm mahal",5,0,1756463887,bagus banget suka warna grey dof harganya murah banget helm berkwalitas cuman finishing nya kurang rapi dikit nggak nyesel beli di sini helmnya berat guys kayak helm mahal,bagus banget suka warna grey dof harganya murah banget helm berkwalitas cuman finishing nya kurang rapi dikit nggak nyesel beli di sini helmnya berat guys kayak helm mahal,28,positive,0.3147028386592865
h22ea2wi6j,"Warna:pas
Ukuran:ga tau ukuran apa yg saya pesan m, yg i i mungkin L, atau XL, tapii ini pass
Kenyamanan:nyaman bngett",5,0,1743835419,warna pas ukuran ga tau ukuran apa yg saya pesan m yg i i mungkin l atau xl tapii ini pass kenyamanan nyaman bngett,warna pas ukuran ga tau ukuran apa yg saya pesan m yg i i mungkin l atau xl tapii ini pass kenyamanan nyaman bngett,24,positive,0.3016664981842041
naefiz2502,"Lumayan bagus helm nya, agak khawatir buka tutup visor nya kaya rawan gimana gitu..kalo dibuka terlalu ke atas suka lepas visornya, tapi overall good lah thx..",5,0,1741662940,lumayan bagus helm nya agak khawatir buka tutup visor nya kaya rawan gimana gitu kalo dibuka terlalu ke atas suka lepas visornya tapi overall good lah thx,lumayan bagus helm nya agak khawatir buka tutup visor nya kaya rawan gimana gitu kalo dibuka terlalu ke atas suka lepas visornya tapi overall good lah thx,27,positive,0.26963505148887634
dikky.putra,"Warna:disennya menarik
Ukuran:ukuran nya pas dan nyaman
Kenyamanan:nyaman saat di pakai",5,1,1759219457,warna disennya menarik ukuran ukuran nya pas dan nyaman kenyamanan nyaman saat di pakai,warna disennya menarik ukuran ukuran nya pas dan nyaman kenyamanan nyaman saat di pakai,14,positive,0.26882103085517883
aqsoaqso379,"Warna:black doft
Ukuran:XL
Kenyamanan:enak dan nyaman, busanya empuk

Ini rekomend sih, harga murah, kualitas ok, udah SNI,dan kece badai untuk anak motoran, atau untuk gaya naik motor bagus banget, dgn harga segitu bagus banget kualitas dan modelnya, saya apresiasi, dan ini rupanya buatan langsung dari pabrik makanya murah",5,1,1757738627,warna black doft ukuran xl kenyamanan enak dan nyaman busanya empuk ini rekomend sih harga murah kualitas ok udah sni dan kece badai untuk anak motoran atau untuk gaya naik motor bagus banget dgn harga segitu bagus banget kualitas dan modelnya saya apresiasi dan ini rupanya buatan langsung dari pabrik makanya murah,warna black doft ukuran xl kenyamanan enak dan nyaman busanya empuk ini rekomend sih harga murah kualitas ok udah sni dan kece badai untuk anak motoran atau untuk gaya naik motor bagus banget dgn harga segitu bagus banget kualitas dan modelnya saya apresiasi dan ini rupanya buatan langsung dari pabrik makanya murah,52,positive,0.30447304248809814
d*****1,"Respons cepat, chat pun langsung dibalas. Cuma agak lambat dari pengiriman saja, dari mitra ekspedisinya, mungkin dari sistem dan antrean mereka.  Barang yang dikirim, sesuai dengan yang di pajang pada etalase toko. Saran saya kedepannya, agar lebih ditingkatkan lagi, kecepatan dalam pengiriman, dan pelayanan terhadap pelanggan. Terima kasih, senang berbisnis dengan anda.",5,1,1740891434,respons cepat chat pun langsung dibalas cuma agak lambat dari pengiriman saja dari mitra ekspedisinya mungkin dari sistem dan antrean mereka barang yang dikirim sesuai dengan yang di pajang pada etalase toko saran saya kedepannya agar lebih ditingkatkan lagi kecepatan dalam pengiriman dan pelayanan terhadap pelanggan terima kasih senang berbisnis dengan anda,respons cepat chat pun langsung dibalas cuma agak lambat dari pengiriman saja dari mitra ekspedisinya mungkin dari sistem dan antrean mereka barang yang dikirim sesuai dengan yang di pajang pada etalase toko saran saya kedepannya agar lebih ditingkatkan lagi kecepatan dalam pengiriman dan pelayanan terhadap pelanggan terima kasih senang berbisnis dengan anda,52,positive,0.28386491537094116
kenzie422,"Warna:sesuai hitam glosy
Ukuran:M tp sepertinya ALL size. ukuran hanya gimmic
Kenyamanan:Ukuran M berasa XL

Lg diskon Dapet diharga 80rb hehe. Wortit bgt sih sumpah
Cuma anehnya kenapa nama helmnya MLA bukan HKM 🤣",5,1,1756132234,warna sesuai hitam glosy ukuran m tp sepertinya all size ukuran hanya gimmic kenyamanan ukuran m berasa xl lg diskon dapet diharga 80rb hehe wortit bgt sih sumpah cuma anehnya kenapa nama helmnya mla bukan hkm,warna sesuai hitam glosy ukuran m tp sepertinya all size ukuran hanya gimmic kenyamanan ukuran m berasa xl lg diskon dapet diharga 80rb hehe wortit bgt sih sumpah cuma anehnya kenapa nama helmnya mla bukan hkm,36,positive,0.29566723108291626
kevin12849,"Ukuran:passs
Warna:pitih
Durabilitas:gacor abiss pokok nya",5,1,1733070034,ukuran passs warna pitih durabilitas gacor abiss pokok nya,ukuran passs warna pitih durabilitas gacor abiss pokok nya,9,positive,0.30445119738578796
d*****1,"Warna:sesuai pesanan
Ukuran:pas
Kenyamanan:ok

Yg penting sampai dng selamat, overall sesuai budget lah ya,",5,0,1756183530,warna sesuai pesanan ukuran pas kenyamanan ok yg penting sampai dng selamat overall sesuai budget lah ya,warna sesuai pesanan ukuran pas kenyamanan ok yg penting sampai dng selamat overall sesuai budget lah ya,17,positive,0.2960651218891144
r*****6,"Warna:warna bagus halus
Ukuran:pas di kepala
Kenyamanan:busa empuk

Worth it dengan harga segitu, cocok buat sehari hari berangkat kerja",5,0,1754659254,warna warna bagus halus ukuran pas di kepala kenyamanan busa empuk worth it dengan harga segitu cocok buat sehari hari berangkat kerja,warna warna bagus halus ukuran pas di kepala kenyamanan busa empuk worth it dengan harga segitu cocok buat sehari hari berangkat kerja,22,positive,0.2683451771736145
3xleamkl1f,Produksinya bagus selamat sampai tujuan tapi agak lama,5,0,1738541830,produksinya bagus selamat sampai tujuan tapi agak lama,produksinya bagus selamat sampai tujuan tapi agak lama,8,positive,0.317025750875473
s*****8,"Warna:sangat bagus
Ukuran:pas
Kenyamanan:nyaman

Thank u pesanan sudah datang dan sesuai dengan iklan, helm keren",5,0,1751895442,warna sangat bagus ukuran pas kenyamanan nyaman thank u pesanan sudah datang dan sesuai dengan iklan helm keren,warna sangat bagus ukuran pas kenyamanan nyaman thank u pesanan sudah datang dan sesuai dengan iklan helm keren,18,positive,0.2648109197616577
a*****5,"Warna:hitam dof
Ukuran:L
Kenyamanan:Cocok

Helmnya ringan Ngga terlalu berat, Cocok untuk perjalanan Jauh",5,0,1742363853,warna hitam dof ukuran l kenyamanan cocok helmnya ringan ngga terlalu berat cocok untuk perjalanan jauh,warna hitam dof ukuran l kenyamanan cocok helmnya ringan ngga terlalu berat cocok untuk perjalanan jauh,16,positive,0.2697499990463257
ariefhidayat216,"Mannntap.. Sesuai pesanan... 
Smudah dg paket ganteng
Dg harga segitu sudah dpt helm yg mannntap..",5,1,1742918603,mannntap sesuai pesanan smudah dg paket ganteng dg harga segitu sudah dpt helm yg mannntap,mannntap sesuai pesanan smudah dg paket ganteng dg harga segitu sudah dpt helm yg mannntap,15,positive,0.30129274725914
heryapit,"Warna:Putih
Ukuran:L
Kenyamanan:Pas, sangat nyaman seperti rasa sayang mu ke diaa.. Hiiyyaa🤣

Oke baik",5,0,1737681655,warna putih ukuran l kenyamanan pas sangat nyaman seperti rasa sayang mu ke diaa hiiyyaa oke baik,warna putih ukuran l kenyamanan pas sangat nyaman seperti rasa sayang mu ke diaa hiiyyaa oke baik,17,positive,0.3532974123954773
ilhamrusli641,"Warna:warna sangat bagus dan sesuai
Ukuran:ukuran pas dikepala
Kenyamanan:terasa sejuk dan nyaman

recommended",5,0,1746024223,warna warna sangat bagus dan sesuai ukuran ukuran pas dikepala kenyamanan terasa sejuk dan nyaman recommended,warna warna sangat bagus dan sesuai ukuran ukuran pas dikepala kenyamanan terasa sejuk dan nyaman recommended,16,positive,0.280667245388031
muhammadiqbalgarut602,"Warna:hitam
Kualitas:bagus cuma pakingan terlalu ketat sehingga bodi belakang helm pecah tergores...kalau bisa di tingkatkan lagi keamanan ya bos biar gax pecah helm ya",2,24,1759425369,warna hitam kualitas bagus cuma pakingan terlalu ketat sehingga bodi belakang helm pecah tergores kalau bisa di tingkatkan lagi keamanan ya bos biar gax pecah helm ya,warna hitam kualitas bagus cuma pakingan terlalu ketat sehingga bodi belakang helm pecah tergores kalau bisa di tingkatkan lagi keamanan ya bos biar gax pecah helm ya,27,positive,0.32454773783683777
anakristiani,"Ukuran:pas dan sesuai
Durabilitas:produk sangat kuat
Desain:keren dan modern

Thx kak buat helmnya bagus suka",5,0,1732277881,ukuran pas dan sesuai durabilitas produk sangat kuat desain keren dan modern thx kak buat helmnya bagus suka,ukuran pas dan sesuai durabilitas produk sangat kuat desain keren dan modern thx kak buat helmnya bagus suka,18,positive,0.29903265833854675
x406dxypy5,"Ukuran:pas sesuai ke inginkan saya
Kenyamanan:sangat nyaman",5,0,1760091435,ukuran pas sesuai ke inginkan saya kenyamanan sangat nyaman,ukuran pas sesuai ke inginkan saya kenyamanan sangat nyaman,9,label_3,0.2840549349784851
eko_budi_prasetia,"Warna:bagus
Ukuran:pas
Kenyamanan:sangat nyaman

Wajib cekout disini",5,0,1757920596,warna bagus ukuran pas kenyamanan sangat nyaman wajib cekout disini,warna bagus ukuran pas kenyamanan sangat nyaman wajib cekout disini,10,label_3,0.287296324968338
dlamajastibbajo,Masyaallah helm nya bagus bangetttttt cocok di pake suami aku tercintaaaa🥰🥰🥰🥰🥰🥰,5,1,1755692499,masyaallah helm nya bagus bangetttttt cocok di pake suami aku tercintaaaa,masyaallah helm nya bagus bangetttttt cocok di pake suami aku tercintaaaa,11,positive,0.3334698975086212
noor_aji35,"Warna:hitam doff
Ukuran:pas sesuai
Kenyamanan:lumayan ringan dan nyaman dipakai

Alhamdulillah, paketnya sdh samapai, barangnya ok. Sangat nyaman di pakai, Mudah-mudahan awet & untuk pengirimannya sangat cepat sekali, padahal estimasinya tanggal 4 Agustus, pokonya mantaplah",5,0,1753163999,warna hitam doff ukuran pas sesuai kenyamanan lumayan ringan dan nyaman dipakai alhamdulillah paketnya sdh samapai barangnya ok sangat nyaman di pakai mudah mudahan awet untuk pengirimannya sangat cepat sekali padahal estimasinya tanggal 4 agustus pokonya mantaplah,warna hitam doff ukuran pas sesuai kenyamanan lumayan ringan dan nyaman dipakai alhamdulillah paketnya sdh samapai barangnya ok sangat nyaman di pakai mudah mudahan awet untuk pengirimannya sangat cepat sekali padahal estimasinya tanggal 4 agustus pokonya mantaplah,37,positive,0.3197404742240906
mashanzz903,"Warna:Hitam dop
Ukuran:M
Kenyamanan:Ringan dan nyaman saat dipakai

bagus helm ringan juga tapi nunggu datangnya lumayan lama yaa, bagus ada lecetnya juga dikit kardusnya bikin melehoy 😭 dikira udah remuk sumpah, yah intinya makasih buat penjual alhamdulillah saya puas yah makasih banyak😇😊",5,0,1755160147,warna hitam dop ukuran m kenyamanan ringan dan nyaman saat dipakai bagus helm ringan juga tapi nunggu datangnya lumayan lama yaa bagus ada lecetnya juga dikit kardusnya bikin melehoy dikira udah remuk sumpah yah intinya makasih buat penjual alhamdulillah saya puas yah makasih banyak,warna hitam dop ukuran m kenyamanan ringan dan nyaman saat dipakai bagus helm ringan juga tapi nunggu datangnya lumayan lama yaa bagus ada lecetnya juga dikit kardusnya bikin melehoy dikira udah remuk sumpah yah intinya makasih buat penjual alhamdulillah saya puas yah makasih banyak,44,positive,0.3159540295600891
bl9tbyr4qw,"Warna:hkm kosmo hitam d
Ukuran:L
Kenyamanan:nyaman lembut dan desain yang menarik",3,0,1747741720,warna hkm kosmo hitam d ukuran l kenyamanan nyaman lembut dan desain yang menarik,warna hkm kosmo hitam d ukuran l kenyamanan nyaman lembut dan desain yang menarik,14,positive,0.26891660690307617
rikidwijulianto466,"Warna:bangus banget seauai
Ukuran:pas
Kenyamanan:nyaman banget pasti",5,0,1748062330,warna bangus banget seauai ukuran pas kenyamanan nyaman banget pasti,warna bangus banget seauai ukuran pas kenyamanan nyaman banget pasti,10,label_3,0.3068619668483734
g*****a,"Warna:hitam glossy
Ukuran:L
Kenyamanan:sangat nyaman

Helm ukuran L masih oke untuk kepala ukuran M Enak dipake pkoke",5,0,1742633793,warna hitam glossy ukuran l kenyamanan sangat nyaman helm ukuran l masih oke untuk kepala ukuran m enak dipake pkoke,warna hitam glossy ukuran l kenyamanan sangat nyaman helm ukuran l masih oke untuk kepala ukuran m enak dipake pkoke,20,positive,0.2855848968029022
mahesaruhiyatna,"Warna:sangat bagus dan sesuai gambar
Ukuran:pas dikepala dan nyaman dipakai
Kenyamanan:ringan dan nyaman saat dipakai

Alhamdulillah helmnya dah sampai, sangat bagus dan nyaman dipakai.pengiriman cepat kurirnya pun ramah dan sopan terimakasih shopee terimakasih KK tokonya sukses selalu ya.",5,0,1738685361,warna sangat bagus dan sesuai gambar ukuran pas dikepala dan nyaman dipakai kenyamanan ringan dan nyaman saat dipakai alhamdulillah helmnya dah sampai sangat bagus dan nyaman dipakai pengiriman cepat kurirnya pun ramah dan sopan terimakasih shopee terimakasih kk tokonya sukses selalu ya,warna sangat bagus dan sesuai gambar ukuran pas dikepala dan nyaman dipakai kenyamanan ringan dan nyaman saat dipakai alhamdulillah helmnya dah sampai sangat bagus dan nyaman dipakai pengiriman cepat kurirnya pun ramah dan sopan terimakasih shopee terimakasih kk tokonya sukses selalu ya,42,positive,0.29850539565086365
deapok,"Warna:bagus
Ukuran:pas
Kenyamanan:nyaman dipake

Kata suami bagus...",4,2,1743125093,warna bagus ukuran pas kenyamanan nyaman dipake kata suami bagus,warna bagus ukuran pas kenyamanan nyaman dipake kata suami bagus,10,label_3,0.31154343485832214
ahmadalfharezi,"Warna:pigmen bagus
Ukuran:pas di pake
Kenyamanan:sangat nyaman",5,0,1738919585,warna pigmen bagus ukuran pas di pake kenyamanan sangat nyaman,warna pigmen bagus ukuran pas di pake kenyamanan sangat nyaman,10,label_3,0.2813863456249237
u*****5,"Warna:cocok
Ukuran:pas
Kenyamanan:nyaman

Produk bagus sesuai pesanan pengiriman cepat packing rapih...",5,0,1746834844,warna cocok ukuran pas kenyamanan nyaman produk bagus sesuai pesanan pengiriman cepat packing rapih,warna cocok ukuran pas kenyamanan nyaman produk bagus sesuai pesanan pengiriman cepat packing rapih,14,label_3,0.27839013934135437
bagas555,"Warna:bagus
Ukuran:pas
Kenyamanan:lumayan nyaman untuk harga 100k",5,0,1754463413,warna bagus ukuran pas kenyamanan lumayan nyaman untuk harga 100k,warna bagus ukuran pas kenyamanan lumayan nyaman untuk harga 100k,10,label_3,0.27136021852493286
micogiofannidermawan,"Warna:sangat bagus dan sesuai dengan gambar
Ukuran:ukuran produk yang pas dan sesuai
Kenyamanan:sangat nyaman saat digunakan",5,0,1736243788,warna sangat bagus dan sesuai dengan gambar ukuran ukuran produk yang pas dan sesuai kenyamanan sangat nyaman saat digunakan,warna sangat bagus dan sesuai dengan gambar ukuran ukuran produk yang pas dan sesuai kenyamanan sangat nyaman saat digunakan,19,positive,0.2481386810541153
shodikdakhlan,"Warna:memiliki pigmen yang bagus
Ukuran:pas dikepala
Kenyamanan:ringan dan nyaman saat digunakan

Paket datang dengan aman dan sesuai pesanan...helmnya pas dipakai walaupun bagian busa di atas kepalanya tipis jadi terasa di bagian kepalanya seperti menyentuh streopormnya ya gimana lagi harga sepadan dengan barangnya semoga bermanfaat dan awet dipakainya",5,0,1743230419,warna memiliki pigmen yang bagus ukuran pas dikepala kenyamanan ringan dan nyaman saat digunakan paket datang dengan aman dan sesuai pesanan helmnya pas dipakai walaupun bagian busa di atas kepalanya tipis jadi terasa di bagian kepalanya seperti menyentuh streopormnya ya gimana lagi harga sepadan dengan barangnya semoga bermanfaat dan awet dipakainya,warna memiliki pigmen yang bagus ukuran pas dikepala kenyamanan ringan dan nyaman saat digunakan paket datang dengan aman dan sesuai pesanan helmnya pas dipakai walaupun bagian busa di atas kepalanya tipis jadi terasa di bagian kepalanya seperti menyentuh streopormnya ya gimana lagi harga sepadan dengan barangnya semoga bermanfaat dan awet dipakainya,51,positive,0.28478583693504333
gian_aji_wiwaha,"Warna:warna bagus
Ukuran:ukuran pas dikepala uk m kek nya yak
Kenyamanan:nyaman",5,0,1746575840,warna warna bagus ukuran ukuran pas dikepala uk m kek nya yak kenyamanan nyaman,warna warna bagus ukuran ukuran pas dikepala uk m kek nya yak kenyamanan nyaman,14,positive,0.30216649174690247
evosmunir223,"Warna:item doff
Ukuran:xl
Kenyamanan:nyaman dipake, tapi sayangnya ada luka cacat dikit di bagian atas tapi gapapa sesuai di harga segitu",4,0,1737466215,warna item doff ukuran xl kenyamanan nyaman dipake tapi sayangnya ada luka cacat dikit di bagian atas tapi gapapa sesuai di harga segitu,warna item doff ukuran xl kenyamanan nyaman dipake tapi sayangnya ada luka cacat dikit di bagian atas tapi gapapa sesuai di harga segitu,23,positive,0.27138441801071167
mochammadnovalzamalullai,"Warna:hitam
Ukuran:L
Kenyamanan:busa nyaman,, ringan juga. ga bkin pegel leher",5,0,1757308553,warna hitam ukuran l kenyamanan busa nyaman ringan juga ga bkin pegel leher,warna hitam ukuran l kenyamanan busa nyaman ringan juga ga bkin pegel leher,13,label_3,0.3090866208076477
d3nb4gusandhika,"Warna:merah doff
Ukuran:L
Kenyamanan:lumayan

Lumayan bagus best lah pokoknya thanks seller barang sesuai pesanan 👍👍👍👍",5,0,1747226667,warna merah doff ukuran l kenyamanan lumayan lumayan bagus best lah pokoknya thanks seller barang sesuai pesanan,warna merah doff ukuran l kenyamanan lumayan lumayan bagus best lah pokoknya thanks seller barang sesuai pesanan,17,label_3,0.2862846553325653
ekowahyudi127,"Ada miss packing deh keknya, seharusnya setipe sama yg grey hanya beda warna aja, ini datengnya beda tipe, tpi syukurlah gk beda jauh, sama nyaman jga dipakek. Thanks 👌",3,0,1748347693,ada miss packing deh keknya seharusnya setipe sama yg grey hanya beda warna aja ini datengnya beda tipe tpi syukurlah gk beda jauh sama nyaman jga dipakek thanks,ada miss packing deh keknya seharusnya setipe sama yg grey hanya beda warna aja ini datengnya beda tipe tpi syukurlah gk beda jauh sama nyaman jga dipakek thanks,28,positive,0.31917881965637207
rakha20abizar,"Warna:pigmen yg bagus doff
Ukuran:pas
Kenyamanan:nyaman

Barang bagus dan berkualitas dengan harga ga terlalu mahal",5,1,1744525874,warna pigmen yg bagus doff ukuran pas kenyamanan nyaman barang bagus dan berkualitas dengan harga ga terlalu mahal,warna pigmen yg bagus doff ukuran pas kenyamanan nyaman barang bagus dan berkualitas dengan harga ga terlalu mahal,18,positive,0.2729867398738861
,"Warna:warna nya sesuai yang dipesan
Ukuran:sesuai dan pas
Kualitas:bagus banget loh rek😹",5,0,1734863945,warna warna nya sesuai yang dipesan ukuran sesuai dan pas kualitas bagus banget loh rek,warna warna nya sesuai yang dipesan ukuran sesuai dan pas kualitas bagus banget loh rek,15,positive,0.2866770923137665
medynufa,"Warna:sangat bagus
Ukuran:pas
Kenyamanan:nyaman

Pokoke barangnya muantap good 👍👍👍
Walaupun proses pengirimannya agak lelet,
Tapi helm nya mantap mantul,,,,",5,0,1744458216,warna sangat bagus ukuran pas kenyamanan nyaman pokoke barangnya muantap good walaupun proses pengirimannya agak lelet tapi helm nya mantap mantul,warna sangat bagus ukuran pas kenyamanan nyaman pokoke barangnya muantap good walaupun proses pengirimannya agak lelet tapi helm nya mantap mantul,21,positive,0.2840717136859894
inganta.tigan,"Warna:bagus
Ukuran:sesuai
Kenyamanan:ringan

Helmnya bagus dan mantap. Sesuai dengan deskripsi produk yg ditawarkan si seller. 
Tapi agak kebesaran di kepala (L).",5,1,1742490335,warna bagus ukuran sesuai kenyamanan ringan helmnya bagus dan mantap sesuai dengan deskripsi produk yg ditawarkan si seller tapi agak kebesaran di kepala l,warna bagus ukuran sesuai kenyamanan ringan helmnya bagus dan mantap sesuai dengan deskripsi produk yg ditawarkan si seller tapi agak kebesaran di kepala l,24,label_3,0.2557327449321747
opal.jumroh,"Warna:bagus Sesuany dgn gambar dn warna yg di pesan
Ukuran:ukuran pas sesuai yg di pesan
Kenyamanan:nyaman buat di pake

Untuk kurir sangat ramah dn pengiriman cepat

kekurangan cuma sdikit doang sih. kurang rapih dibagian karet nya. dn visor belakang. dapat dimaklumi dgn harga segitu.
josss Recomen bgt nih untuk anak muda yg mau bergaya dgn harga terjangkau.",5,0,1759658365,warna bagus sesuany dgn gambar dn warna yg di pesan ukuran ukuran pas sesuai yg di pesan kenyamanan nyaman buat di pake untuk kurir sangat ramah dn pengiriman cepat kekurangan cuma sdikit doang sih kurang rapih dibagian karet nya dn visor belakang dapat dimaklumi dgn harga segitu josss recomen bgt nih untuk anak muda yg mau bergaya dgn harga terjangkau,warna bagus sesuany dgn gambar dn warna yg di pesan ukuran ukuran pas sesuai yg di pesan kenyamanan nyaman buat di pake untuk kurir sangat ramah dn pengiriman cepat kekurangan cuma sdikit doang sih kurang rapih dibagian karet nya dn visor belakang dapat dimaklumi dgn harga segitu josss recomen bgt nih untuk anak muda yg mau bergaya dgn harga terjangkau,60,positive,0.2808075547218323
ismi_diah0531,"Warna:bagus
Ukuran:sesuai
Kenyamanan:nyaman

Barang datang sesuai pesanan bagus warna hitam spon tebal cuma agak kebesaran dipakai anak saya",5,0,1746220066,warna bagus ukuran sesuai kenyamanan nyaman barang datang sesuai pesanan bagus warna hitam spon tebal cuma agak kebesaran dipakai anak saya,warna bagus ukuran sesuai kenyamanan nyaman barang datang sesuai pesanan bagus warna hitam spon tebal cuma agak kebesaran dipakai anak saya,21,positive,0.2956916391849518
dmdy672cgb,"Ukuran:pas d kepala tidak longgar,busa tebal
Durabilitas:sangat baik sesuai harga
Desain:keren,cat bagus",5,0,1732103855,ukuran pas d kepala tidak longgar busa tebal durabilitas sangat baik sesuai harga desain keren cat bagus,ukuran pas d kepala tidak longgar busa tebal durabilitas sangat baik sesuai harga desain keren cat bagus,17,positive,0.28115150332450867
m*****a,"Warna:ok, sesuai iklan
Ukuran:pas dikepala
Kenyamanan:nyaman

Harga ramah dikantong, tetapi finishing catnya kurang rapih, tapi tidak menjelekkan dari helmnya, helm nya bagus kok",5,0,1743007450,warna ok sesuai iklan ukuran pas dikepala kenyamanan nyaman harga ramah dikantong tetapi finishing catnya kurang rapih tapi tidak menjelekkan dari helmnya helm nya bagus kok,warna ok sesuai iklan ukuran pas dikepala kenyamanan nyaman harga ramah dikantong tetapi finishing catnya kurang rapih tapi tidak menjelekkan dari helmnya helm nya bagus kok,26,positive,0.2922794818878174
setyadimaswiranata,"Warna:kece sesuai sama gambar
Ukuran:pas sesuai ukuran
Kenyamanan:sangat nyaman dipakai",5,0,1746093807,warna kece sesuai sama gambar ukuran pas sesuai ukuran kenyamanan sangat nyaman dipakai,warna kece sesuai sama gambar ukuran pas sesuai ukuran kenyamanan sangat nyaman dipakai,13,positive,0.27785706520080566
h*****8,"Warna:keren
Ukuran:agak kekecilan
Kenyamanan:sangat nyaman saat di pakai

barang bagus, sepadan dengan harga, pengiriman cepat",5,0,1757630550,warna keren ukuran agak kekecilan kenyamanan sangat nyaman saat di pakai barang bagus sepadan dengan harga pengiriman cepat,warna keren ukuran agak kekecilan kenyamanan sangat nyaman saat di pakai barang bagus sepadan dengan harga pengiriman cepat,18,positive,0.27782875299453735
axeljostino,"Warna:sangat bagus sekali sesuai dengan gambar
Ukuran:ukuran agak kebesaran dikit
Kenyamanan:sangat nyaman bagaikan pembalap moto gp

Buat yang mau tampil kece dengan budget apa adanya monggo",5,0,1759847456,warna sangat bagus sekali sesuai dengan gambar ukuran ukuran agak kebesaran dikit kenyamanan sangat nyaman bagaikan pembalap moto gp buat yang mau tampil kece dengan budget apa adanya monggo,warna sangat bagus sekali sesuai dengan gambar ukuran ukuran agak kebesaran dikit kenyamanan sangat nyaman bagaikan pembalap moto gp buat yang mau tampil kece dengan budget apa adanya monggo,29,positive,0.27109915018081665
buntung91,"Warna:bagus
Ukuran:pass
Kenyamanan:ringan

Sungguh sayang barang dateng ada lecet"" Lumayan panjang",1,10,1760519700,warna bagus ukuran pass kenyamanan ringan sungguh sayang barang dateng ada lecet lumayan panjang,warna bagus ukuran pass kenyamanan ringan sungguh sayang barang dateng ada lecet lumayan panjang,14,positive,0.2908671200275421
maryono43,"Warna:Sesuai dengan yg di pesan
Ukuran:size M serasa L
Kenyamanan:J5 versi lama jauh lbh nyaman...

Desain ok keres,buat gaya dapet banget,tp soal kualitas jangan berharap lebih,.. mau yg murah kualitas bagus nyaman di pake mending ambil MLA J5 model lama, cm yq itu desain kalah keren dari HKM cosmo ini...",4,0,1737387596,warna sesuai dengan yg di pesan ukuran size m serasa l kenyamanan j5 versi lama jauh lbh nyaman desain ok keres buat gaya dapet banget tp soal kualitas jangan berharap lebih mau yg murah kualitas bagus nyaman di pake mending ambil mla j5 model lama cm yq itu desain kalah keren dari hkm cosmo ini,warna sesuai dengan yg di pesan ukuran size m serasa l kenyamanan j5 versi lama jauh lbh nyaman desain ok keres buat gaya dapet banget tp soal kualitas jangan berharap lebih mau yg murah kualitas bagus nyaman di pake mending ambil mla j5 model lama cm yq itu desain kalah keren dari hkm cosmo ini,55,positive,0.3038240969181061
aldinoferdhipratama,"Warna:warna Dof
Ukuran:Sesuai
Kenyamanan:Dengan Harga segitu bagus sesuai deskripsi & nyaman dipake",5,0,1737906357,warna warna dof ukuran sesuai kenyamanan dengan harga segitu bagus sesuai deskripsi nyaman dipake,warna warna dof ukuran sesuai kenyamanan dengan harga segitu bagus sesuai deskripsi nyaman dipake,14,positive,0.28937143087387085
mahlym,"Warna:bagus
Ukuran:bagus
Kenyamanan:bagus

Barang bagus , barang datang sesuai pesanan terimakasih seller",5,0,1738467774,warna bagus ukuran bagus kenyamanan bagus barang bagus barang datang sesuai pesanan terimakasih seller,warna bagus ukuran bagus kenyamanan bagus barang bagus barang datang sesuai pesanan terimakasih seller,14,positive,0.26926377415657043
9xzxfyttmm,"Warna:Hitam Doff
Ukuran:L
Kenyamanan:Pas ga terlalu kesempitan ga terlalu ke gedean

Paket udh sampe Alhamdulillah cuman bolong aja kardus nya,tapi barangnya Alhamdulillah aman",5,0,1742997284,warna hitam doff ukuran l kenyamanan pas ga terlalu kesempitan ga terlalu ke gedean paket udh sampe alhamdulillah cuman bolong aja kardus nya tapi barangnya alhamdulillah aman,warna hitam doff ukuran l kenyamanan pas ga terlalu kesempitan ga terlalu ke gedean paket udh sampe alhamdulillah cuman bolong aja kardus nya tapi barangnya alhamdulillah aman,27,positive,0.27526918053627014
oppa_alul,"Warna:hitam
Ukuran:pas
Kenyamanan:nyaman

Pesanan sampai dengan selamat aman damai sentosa",5,0,1741427175,warna hitam ukuran pas kenyamanan nyaman pesanan sampai dengan selamat aman damai sentosa,warna hitam ukuran pas kenyamanan nyaman pesanan sampai dengan selamat aman damai sentosa,13,positive,0.27400916814804077
ww1kzqq99f,"Warna:tidak sesuai dengan pesanan
Ukuran:pas
Kenyamanan:nyaman

Maaf ka saya pesan hitam glos kenapa pas datang jadi warna hitam dof lain kali kalo pas mau pengiriman di cek kembali sama pesanannya saya kecewa sama toko ini gak amanah",1,18,1760681302,warna tidak sesuai dengan pesanan ukuran pas kenyamanan nyaman maaf ka saya pesan hitam glos kenapa pas datang jadi warna hitam dof lain kali kalo pas mau pengiriman di cek kembali sama pesanannya saya kecewa sama toko ini gak amanah,warna tidak sesuai dengan pesanan ukuran pas kenyamanan nyaman maaf ka saya pesan hitam glos kenapa pas datang jadi warna hitam dof lain kali kalo pas mau pengiriman di cek kembali sama pesanannya saya kecewa sama toko ini gak amanah,40,positive,0.2924984395503998
h*****n,"Warna:sangat bagus dan sesuai digambar
Ukuran:pas dan mantap
Kenyamanan:sangat nyaman dipakai suami saya

Terimakasih bosskuu🙏 barang sampai dengan selamat tanpa ada kendala apapun, helmnya sangat bagus, cantik, glossy, dan elegan saat dipakai suami sayaa🥰🥰
Dan terimakasih juga sudah menjadi toko yg amanahhhh, saya sangat sangat senang karena barang helmnya sampai sesuai tanpa ada kecacatan🥰🥰🥰

Semoga tokonya selalu jayaaa dan makinn patennn. Topp markotopppp👍👍👍👍

BURUAN GAESS DICO DITUNGGU APALAGI, POKOKNYA GA NYESAL KALIAN BELI HELM DITOKOOO INII. KALIAN BAKALAN NYESEL KALO GA BELI HELM DITOKO INII👍👍🥰🥰",5,1,1752315692,warna sangat bagus dan sesuai digambar ukuran pas dan mantap kenyamanan sangat nyaman dipakai suami saya terimakasih bosskuu barang sampai dengan selamat tanpa ada kendala apapun helmnya sangat bagus cantik glossy dan elegan saat dipakai suami sayaa dan terimakasih juga sudah menjadi toko yg amanahhhh saya sangat sangat senang karena barang helmnya sampai sesuai tanpa ada kecacatan semoga tokonya selalu jayaaa dan makinn patennn topp markotopppp buruan gaess dico ditunggu apalagi pokoknya ga nyesal kalian beli helm ditokooo inii kalian bakalan nyesel kalo ga beli helm ditoko inii,warna sangat bagus dan sesuai digambar ukuran pas dan mantap kenyamanan sangat nyaman dipakai suami saya terimakasih bosskuu barang sampai dengan selamat tanpa ada kendala apapun helmnya sangat bagus cantik glossy dan elegan saat dipakai suami sayaa dan terimakasih juga sudah menjadi toko yg amanahhhh saya sangat sangat senang karena barang helmnya sampai sesuai tanpa ada kecacatan semoga tokonya selalu jayaaa dan makinn patennn topp markotopppp buruan gaess dico ditunggu apalagi pokoknya ga nyesal kalian beli helm ditokooo inii kalian bakalan nyesel kalo ga beli helm ditoko inii,88,positive,0.24296261370182037
aribbintang,"Warna:warna sesuai difoto
Ukuran:pas dikepala
Kenyamanan:nyaman saat dipakai

helm yg sampai bagus, tidak lecet, kirain pas liat difoto warna visor nya hitam gelap ternyata light dark tapi visor nya oke ga silau pas di pake, satu lagi bingung masang bagian spoiler nya gimana",5,0,1753145307,warna warna sesuai difoto ukuran pas dikepala kenyamanan nyaman saat dipakai helm yg sampai bagus tidak lecet kirain pas liat difoto warna visor nya hitam gelap ternyata light dark tapi visor nya oke ga silau pas di pake satu lagi bingung masang bagian spoiler nya gimana,warna warna sesuai difoto ukuran pas dikepala kenyamanan nyaman saat dipakai helm yg sampai bagus tidak lecet kirain pas liat difoto warna visor nya hitam gelap ternyata light dark tapi visor nya oke ga silau pas di pake satu lagi bingung masang bagian spoiler nya gimana,46,positive,0.30829277634620667
sungging1980,"Warna:bagus
Ukuran:pas dan nyaman
Kenyamanan:enak pakai

Barang sesuai pesanan
Respon penjaul cepat
Toko amanah

Hanya saja pengirimanya lama
Tapi gak pa² barang sampai dgn selamat",5,0,1750840190,warna bagus ukuran pas dan nyaman kenyamanan enak pakai barang sesuai pesanan respon penjaul cepat toko amanah hanya saja pengirimanya lama tapi gak pa barang sampai dgn selamat,warna bagus ukuran pas dan nyaman kenyamanan enak pakai barang sesuai pesanan respon penjaul cepat toko amanah hanya saja pengirimanya lama tapi gak pa barang sampai dgn selamat,28,positive,0.27483075857162476
n*****a,"Warna:hitam doff keren
Ukuran:pas dan sesuai pesanan ukuran M
Kenyamanan:nyaman utk pelindung kepala dengan busa tebal

Paket sudah diterima walau harus menunggu 5hr dtg nya, kondisi paket aman tidak ada yg lecet/cacat. Terima kasih",4,0,1744889600,warna hitam doff keren ukuran pas dan sesuai pesanan ukuran m kenyamanan nyaman utk pelindung kepala dengan busa tebal paket sudah diterima walau harus menunggu 5hr dtg nya kondisi paket aman tidak ada yg lecet cacat terima kasih,warna hitam doff keren ukuran pas dan sesuai pesanan ukuran m kenyamanan nyaman utk pelindung kepala dengan busa tebal paket sudah diterima walau harus menunggu 5hr dtg nya kondisi paket aman tidak ada yg lecet cacat terima kasih,38,positive,0.3308456540107727
t0im1a0epc,"Mantappp👍🏼
Barang Mendarat Sempurna Tanpa Ada Cacat...",5,0,1738824227,mantappp barang mendarat sempurna tanpa ada cacat,mantappp barang mendarat sempurna tanpa ada cacat,7,label_3,0.32918742299079895
raskhajerico,"Warna:bagus
Ukuran:pas
Kenyamanan:nyaman di pakenya

Barang sudah mendarat selamat min.. thanks sesuai pesanan 👍 pas dipakenya & keren modelnya",5,0,1753948000,warna bagus ukuran pas kenyamanan nyaman di pakenya barang sudah mendarat selamat min thanks sesuai pesanan pas dipakenya keren modelnya,warna bagus ukuran pas kenyamanan nyaman di pakenya barang sudah mendarat selamat min thanks sesuai pesanan pas dipakenya keren modelnya,20,positive,0.310757040977478
m*****l,"Warna:sangat bagus
Ukuran:M

Ringan di pke sperti Paket Ganteng",5,0,1752208059,warna sangat bagus ukuran m ringan di pke sperti paket ganteng,warna sangat bagus ukuran m ringan di pke sperti paket ganteng,11,positive,0.29548779129981995
b*****w,"Warna:sangat bagus dan sesuai dengan gambar
Ukuran:pas di kepala dan sangat nyaman
Kenyamanan:terasa sejuk dan nyaman

Next order kembali",5,0,1754274564,warna sangat bagus dan sesuai dengan gambar ukuran pas di kepala dan sangat nyaman kenyamanan terasa sejuk dan nyaman next order kembali,warna sangat bagus dan sesuai dengan gambar ukuran pas di kepala dan sangat nyaman kenyamanan terasa sejuk dan nyaman next order kembali,22,positive,0.26960858702659607
a*****3,"Warna:black dof
Ukuran:M
Kenyamanan:lumayan

Tampilan oke untuk bahan Sesuai harga",5,0,1739441633,warna black dof ukuran m kenyamanan lumayan tampilan oke untuk bahan sesuai harga,warna black dof ukuran m kenyamanan lumayan tampilan oke untuk bahan sesuai harga,13,positive,0.25805819034576416
z*****6,"Warna:warna abu dof sesuai
Ukuran:ukuran L tapi pas bnget
Kenyamanan:lumayan nyaman dipakai",5,0,1738052227,warna warna abu dof sesuai ukuran ukuran l tapi pas bnget kenyamanan lumayan nyaman dipakai,warna warna abu dof sesuai ukuran ukuran l tapi pas bnget kenyamanan lumayan nyaman dipakai,15,positive,0.2725644111633301
ftkazis,"Warna:pas
Ukuran:cocok
Kenyamanan:mantap

Terimakasih atas kirimannya yang sudah sampai dengan tepat",5,0,1745478644,warna pas ukuran cocok kenyamanan mantap terimakasih atas kirimannya yang sudah sampai dengan tepat,warna pas ukuran cocok kenyamanan mantap terimakasih atas kirimannya yang sudah sampai dengan tepat,14,positive,0.2902458608150482
ferdyid047,"Warna:hitam ngawi
Ukuran:pas dan sesuai
Kenyamanan:sangat lembut seperi rotio khas lempuyangan

mantap banget cik helm nya sangat recommended",5,0,1759810588,warna hitam ngawi ukuran pas dan sesuai kenyamanan sangat lembut seperi rotio khas lempuyangan mantap banget cik helm nya sangat recommended,warna hitam ngawi ukuran pas dan sesuai kenyamanan sangat lembut seperi rotio khas lempuyangan mantap banget cik helm nya sangat recommended,21,positive,0.3135294020175934
01_04_86,"Warna:sesuai pesanan
Ukuran:pas dgn yg saya pesan
Kenyamanan:nyaman

Sekedar masukan aja buat sellernya buat spoilernya harusnya di baut jgn di kasih isolasi bolak balik🙏🏻,selebihnya bagus",5,0,1758028825,warna sesuai pesanan ukuran pas dgn yg saya pesan kenyamanan nyaman sekedar masukan aja buat sellernya buat spoilernya harusnya di baut jgn di kasih isolasi bolak balik selebihnya bagus,warna sesuai pesanan ukuran pas dgn yg saya pesan kenyamanan nyaman sekedar masukan aja buat sellernya buat spoilernya harusnya di baut jgn di kasih isolasi bolak balik selebihnya bagus,29,positive,0.27476218342781067
srihusaimah,"Warna:Alhamdulillah brngx sesuai
Ukuran:pas dgn kepala ankku
Kenyamanan:reelpicklh pokokx.helmx ringan.",5,0,1754484007,warna alhamdulillah brngx sesuai ukuran pas dgn kepala ankku kenyamanan reelpicklh pokokx helmx ringan,warna alhamdulillah brngx sesuai ukuran pas dgn kepala ankku kenyamanan reelpicklh pokokx helmx ringan,14,label_3,0.29513999819755554
5uan6r10wy,"Warna:gray
Ukuran:ukuran sesui
Kenyamanan:sangat nyaman",5,0,1754907016,warna gray ukuran ukuran sesui kenyamanan sangat nyaman,warna gray ukuran ukuran sesui kenyamanan sangat nyaman,8,positive,0.27067458629608154
a*****a,"Warna:tidak sesuai pesanan
Ukuran:oke
Kenyamanan:oke

Sangat kecewa beli helm d toko ini, order yg Grey Glossy, dikirim yg Grey Doff.
Sesusah itu utk cek detail orderan customer.
Tolong dipertimbangkan jika mau beli helm d toko ini.",1,32,1760684198,warna tidak sesuai pesanan ukuran oke kenyamanan oke sangat kecewa beli helm d toko ini order yg grey glossy dikirim yg grey doff sesusah itu utk cek detail orderan customer tolong dipertimbangkan jika mau beli helm d toko ini,warna tidak sesuai pesanan ukuran oke kenyamanan oke sangat kecewa beli helm d toko ini order yg grey glossy dikirim yg grey doff sesusah itu utk cek detail orderan customer tolong dipertimbangkan jika mau beli helm d toko ini,39,positive,0.2915087044239044
masvicky380,"Warna:sangat. bagus sesuai gambar
Ukuran:pas dikepala ukurannya
Kenyamanan:sangan nyaman dipake

Terbaik dehhhh",5,0,1740775778,warna sangat bagus sesuai gambar ukuran pas dikepala ukurannya kenyamanan sangan nyaman dipake terbaik dehhhh,warna sangat bagus sesuai gambar ukuran pas dikepala ukurannya kenyamanan sangan nyaman dipake terbaik dehhhh,15,positive,0.30111899971961975
dartiagustina513,Gausah ragu atau bimbang kalo mau beli helm ini di jamin gak bakalan nyesell 😍😍 saran buat laki-laki kalo mau ambil ukuran ambil (L)....... Thanks you admin and kurir..,5,0,1744834636,gausah ragu atau bimbang kalo mau beli helm ini di jamin gak bakalan nyesell saran buat laki laki kalo mau ambil ukuran ambil l thanks you admin and kurir,gausah ragu atau bimbang kalo mau beli helm ini di jamin gak bakalan nyesell saran buat laki laki kalo mau ambil ukuran ambil l thanks you admin and kurir,29,positive,0.2829529643058777
b4sk0m,"Warna:sesuai keinginan
Ukuran:ukuran pas
Kenyamanan:nyaman dengan busa yang empuk

Helmnya bagus sesuai dengan pesanan, 
Packingnya lumayan aman sih tapi minusnya kurang rapi aja di bagian pengeleman nya agak belepotan dikit. Tapi gkpp, harga segitu udh dapet helm baru
Rekomendasi lh pokonya top👍🏻",5,0,1758107594,warna sesuai keinginan ukuran ukuran pas kenyamanan nyaman dengan busa yang empuk helmnya bagus sesuai dengan pesanan packingnya lumayan aman sih tapi minusnya kurang rapi aja di bagian pengeleman nya agak belepotan dikit tapi gkpp harga segitu udh dapet helm baru rekomendasi lh pokonya top,warna sesuai keinginan ukuran ukuran pas kenyamanan nyaman dengan busa yang empuk helmnya bagus sesuai dengan pesanan packingnya lumayan aman sih tapi minusnya kurang rapi aja di bagian pengeleman nya agak belepotan dikit tapi gkpp harga segitu udh dapet helm baru rekomendasi lh pokonya top,45,positive,0.2731604278087616
tiosetiawan689,"Helmnya enteng,kebawa angin pas di jalan
Sedikit saran""Tambahin sedikit busa di bagian atas kepala lebih jos lagi nih produk""
Harga pelajar lumayan,moga aja awet",4,0,1746038904,helmnya enteng kebawa angin pas di jalan sedikit saran tambahin sedikit busa di bagian atas kepala lebih jos lagi nih produk harga pelajar lumayan moga aja awet,helmnya enteng kebawa angin pas di jalan sedikit saran tambahin sedikit busa di bagian atas kepala lebih jos lagi nih produk harga pelajar lumayan moga aja awet,27,positive,0.29083409905433655
mariyanto.8888,"Warna:sesuai
Ukuran:pass
Kenyamanan:nyaman sekali

Sedikit ada goresan di sisi helm..selebihnya aman... pelayanan sdh baik perlu dipertahankan..next order disini lagii.. terimakasih 🙏",5,1,1749542134,warna sesuai ukuran pass kenyamanan nyaman sekali sedikit ada goresan di sisi helm selebihnya aman pelayanan sdh baik perlu dipertahankan next order disini lagii terimakasih,warna sesuai ukuran pass kenyamanan nyaman sekali sedikit ada goresan di sisi helm selebihnya aman pelayanan sdh baik perlu dipertahankan next order disini lagii terimakasih,25,positive,0.3233267664909363
a*****4,"Terima kasih gann 
Barang sudah sampai dengan selamat di rumah saya",5,0,1736147830,terima kasih gann barang sudah sampai dengan selamat di rumah saya,terima kasih gann barang sudah sampai dengan selamat di rumah saya,11,positive,0.30892661213874817
wedz_03,"Warna:bagus dah sesuai.. 🔥 cakep pokoknya
Ukuran:pas di kepala.. cuma ya lama aja nyampek nya.. jauh jugak sih.. tapi puas dengan barangnya pas dateng🥰
Kenyamanan:ringan dan enak ketika di pakai",5,0,1752316441,warna bagus dah sesuai cakep pokoknya ukuran pas di kepala cuma ya lama aja nyampek nya jauh jugak sih tapi puas dengan barangnya pas dateng kenyamanan ringan dan enak ketika di pakai,warna bagus dah sesuai cakep pokoknya ukuran pas di kepala cuma ya lama aja nyampek nya jauh jugak sih tapi puas dengan barangnya pas dateng kenyamanan ringan dan enak ketika di pakai,32,positive,0.3057732582092285
dodi_saputra2905,"Warna:memiliki pigmen yang bagus
Ukuran:ukuran produk pas dan sesuai
Kenyamanan:sangat nyaman saat dipakai

Produk nya bagus sesuai dengan pesanan",5,0,1739984077,warna memiliki pigmen yang bagus ukuran ukuran produk pas dan sesuai kenyamanan sangat nyaman saat dipakai produk nya bagus sesuai dengan pesanan,warna memiliki pigmen yang bagus ukuran ukuran produk pas dan sesuai kenyamanan sangat nyaman saat dipakai produk nya bagus sesuai dengan pesanan,22,positive,0.2701079845428467
f474rtri,"Warna:pink
Ukuran:pas
Kenyamanan:anget presisi

Terima kasih semoga berguna dan bermanfaat untuk mencari rezeki",5,0,1759671234,warna pink ukuran pas kenyamanan anget presisi terima kasih semoga berguna dan bermanfaat untuk mencari rezeki,warna pink ukuran pas kenyamanan anget presisi terima kasih semoga berguna dan bermanfaat untuk mencari rezeki,16,positive,0.27645379304885864
s*****.,"Warna:cakep
Ukuran:pas
Kenyamanan:nyaman

Paket helm sudah diterima baik dan sudah dicoba sesuai semoga awet dan tahan lama. Terimakasih",5,0,1760318572,warna cakep ukuran pas kenyamanan nyaman paket helm sudah diterima baik dan sudah dicoba sesuai semoga awet dan tahan lama terimakasih,warna cakep ukuran pas kenyamanan nyaman paket helm sudah diterima baik dan sudah dicoba sesuai semoga awet dan tahan lama terimakasih,21,positive,0.3310796618461609
c7btttij7e,Mantap sesuai pesanan jangan ragu beli di toko ini,5,0,1752819494,mantap sesuai pesanan jangan ragu beli di toko ini,mantap sesuai pesanan jangan ragu beli di toko ini,9,label_3,0.3041853904724121
r*****o,"Warna:sesuai
Ukuran:sesuai
Kualitas:gak sesuai ekspetasi

Wajar sih harga segitu pasti ada minusnya",2,2,1736260331,warna sesuai ukuran sesuai kualitas gak sesuai ekspetasi wajar sih harga segitu pasti ada minusnya,warna sesuai ukuran sesuai kualitas gak sesuai ekspetasi wajar sih harga segitu pasti ada minusnya,15,positive,0.26382872462272644
widya_wati75,"Warna:bagus
Ukuran:pass
Kenyamanan:lumayan

Mantep dah buat yg jual sukses terus 👍👍",5,0,1741356551,warna bagus ukuran pass kenyamanan lumayan mantep dah buat yg jual sukses terus,warna bagus ukuran pass kenyamanan lumayan mantep dah buat yg jual sukses terus,13,label_3,0.2954150140285492
hidayat_p,"Warna:aqua
Ukuran:untuk ukuran kepala saya XL ngepas ,tapi lebih enak jika ada xxl
Kenyamanan:ok

Ada harga ada kualitas jadi gak bisa banyak protes ,kukira helm kaya gini ringan ternyata lumayan berat juga

Dan sempat ragu kalo kalo lecet tapi jasa kirimnya amanah walaupun agak di luar perkiraan waktu yg saya kira 

Nice",5,0,1746672563,warna aqua ukuran untuk ukuran kepala saya xl ngepas tapi lebih enak jika ada xxl kenyamanan ok ada harga ada kualitas jadi gak bisa banyak protes kukira helm kaya gini ringan ternyata lumayan berat juga dan sempat ragu kalo kalo lecet tapi jasa kirimnya amanah walaupun agak di luar perkiraan waktu yg saya kira nice,warna aqua ukuran untuk ukuran kepala saya xl ngepas tapi lebih enak jika ada xxl kenyamanan ok ada harga ada kualitas jadi gak bisa banyak protes kukira helm kaya gini ringan ternyata lumayan berat juga dan sempat ragu kalo kalo lecet tapi jasa kirimnya amanah walaupun agak di luar perkiraan waktu yg saya kira nice,55,positive,0.23735862970352173
alalaku267,"Warna:pas banget
Ukuran:pilihanku
Kenyamanan:sangat nyaman

Perspektif",5,0,1754887288,warna pas banget ukuran pilihanku kenyamanan sangat nyaman perspektif,warna pas banget ukuran pilihanku kenyamanan sangat nyaman perspektif,9,positive,0.2597068250179291
amargo07854,"Barang bagus  dan pas 
Penjual oke
Pengiriman parah lama dan salah kirim lg",5,0,1752895311,barang bagus dan pas penjual oke pengiriman parah lama dan salah kirim lg,barang bagus dan pas penjual oke pengiriman parah lama dan salah kirim lg,13,label_3,0.3452657163143158
s*****h,Barang sesuai pesanan cepat sampai fast respon recommended seller semoga bermanfaat dan awet dipakainya terima kasih atas perhatiannya,5,0,1749219248,barang sesuai pesanan cepat sampai fast respon recommended seller semoga bermanfaat dan awet dipakainya terima kasih atas perhatiannya,barang sesuai pesanan cepat sampai fast respon recommended seller semoga bermanfaat dan awet dipakainya terima kasih atas perhatiannya,18,positive,0.29979467391967773
xzn_bixs223,"Warna:hitam dof
Ukuran:L
Kenyamanan:nyaman dipake pas dikepala

Saya minta pengiriman lebih cepat lagi,paket saya hampir 2 minggu blom dteng dan kemarin baru dateng tapi barang okeh,minus di nama merk-nya saja terlalu tebal.",5,0,1744425154,warna hitam dof ukuran l kenyamanan nyaman dipake pas dikepala saya minta pengiriman lebih cepat lagi paket saya hampir 2 minggu blom dteng dan kemarin baru dateng tapi barang okeh minus di nama merk nya saja terlalu tebal,warna hitam dof ukuran l kenyamanan nyaman dipake pas dikepala saya minta pengiriman lebih cepat lagi paket saya hampir 2 minggu blom dteng dan kemarin baru dateng tapi barang okeh minus di nama merk nya saja terlalu tebal,38,positive,0.3137630522251129
semyms_dk3,"Warna:ok
Ukuran:ukuran M gede banget,
Kenyamanan:tidak nyaman ,terlalu ringan

kecewa gue beli, itu helm apa bukan,kayak gak ada busa nya, ukuran M gede dan spoiler nya cuma di tempelin doang sama dobel tip,ga ada lobang pengunci spoiler nya,. gak nyaman kalo buat ngebut bisa terbawa angin itu helm",2,2,1754937680,warna ok ukuran ukuran m gede banget kenyamanan tidak nyaman terlalu ringan kecewa gue beli itu helm apa bukan kayak gak ada busa nya ukuran m gede dan spoiler nya cuma di tempelin doang sama dobel tip ga ada lobang pengunci spoiler nya gak nyaman kalo buat ngebut bisa terbawa angin itu helm,warna ok ukuran ukuran m gede banget kenyamanan tidak nyaman terlalu ringan kecewa gue beli itu helm apa bukan kayak gak ada busa nya ukuran m gede dan spoiler nya cuma di tempelin doang sama dobel tip ga ada lobang pengunci spoiler nya gak nyaman kalo buat ngebut bisa terbawa angin itu helm,53,positive,0.2740376591682434
tyapantu336,"Kualitas:bagus cuman finising helemnya ga rapih dikit aja tapi untuk bahan bagus busa dalam juga tebal
Cocok Untuk:cocok untuk yang nyari helm dana pelajara dan kece beli ini aja bagus pastinya
Tampilan:keren dan menarik

thak u reseler mungkin finisingnya aja yg di rapihin dan packingnya tolong di di pertebal lagi untuk bahan bagus spoilernya tinggal pasang ga susah mantap",4,0,1738142617,kualitas bagus cuman finising helemnya ga rapih dikit aja tapi untuk bahan bagus busa dalam juga tebal cocok untuk cocok untuk yang nyari helm dana pelajara dan kece beli ini aja bagus pastinya tampilan keren dan menarik thak u reseler mungkin finisingnya aja yg di rapihin dan packingnya tolong di di pertebal lagi untuk bahan bagus spoilernya tinggal pasang ga susah mantap,kualitas bagus cuman finising helemnya ga rapih dikit aja tapi untuk bahan bagus busa dalam juga tebal cocok untuk cocok untuk yang nyari helm dana pelajara dan kece beli ini aja bagus pastinya tampilan keren dan menarik thak u reseler mungkin finisingnya aja yg di rapihin dan packingnya tolong di di pertebal lagi untuk bahan bagus spoilernya tinggal pasang ga susah mantap,62,positive,0.30325794219970703
arkacendana89,"Warna:keren sangat bagus
Ukuran:pas
Kenyamanan:nyaman

Helmnya bagus cuma masalah dipengiriman yang sangat lama hampir 2 minggu",5,0,1750139249,warna keren sangat bagus ukuran pas kenyamanan nyaman helmnya bagus cuma masalah dipengiriman yang sangat lama hampir 2 minggu,warna keren sangat bagus ukuran pas kenyamanan nyaman helmnya bagus cuma masalah dipengiriman yang sangat lama hampir 2 minggu,19,positive,0.30367302894592285
dw1dh14n,"Warna:memiliki warna yang berkualitas
Ukuran:ukuran pas banget
Kenyamanan:ringan dan nyaman",5,0,1748082962,warna memiliki warna yang berkualitas ukuran ukuran pas banget kenyamanan ringan dan nyaman,warna memiliki warna yang berkualitas ukuran ukuran pas banget kenyamanan ringan dan nyaman,13,positive,0.2661648988723755
einjdra,"Warna:sesuai yang dipesan
Ukuran:pas
Kenyamanan:lumayan , sesuai harga

Pesanan sudah diterima , terima kasih",5,0,1736061286,warna sesuai yang dipesan ukuran pas kenyamanan lumayan sesuai harga pesanan sudah diterima terima kasih,warna sesuai yang dipesan ukuran pas kenyamanan lumayan sesuai harga pesanan sudah diterima terima kasih,15,positive,0.31544801592826843
rimaseptiani14,"Warna:tosca
Ukuran:pas
Kenyamanan:nyaman

Sampe ke Tangerang 3 hari.  Karena Abang paket nya baru",5,0,1749648700,warna tosca ukuran pas kenyamanan nyaman sampe ke tangerang 3 hari karena abang paket nya baru,warna tosca ukuran pas kenyamanan nyaman sampe ke tangerang 3 hari karena abang paket nya baru,16,label_3,0.3061594069004059
r*****2,"Warna:hitam doff
Ukuran:m
Kenyamanan:ringan

Barang sampai dengan baik tidak ada yg rusak. Harga juga lumayan dan brang ok bahanya juga ringan dipegang. Cocok lah tidak mengecewakan. Semoga awet dan tahan lama.",4,0,1738725861,warna hitam doff ukuran m kenyamanan ringan barang sampai dengan baik tidak ada yg rusak harga juga lumayan dan brang ok bahanya juga ringan dipegang cocok lah tidak mengecewakan semoga awet dan tahan lama,warna hitam doff ukuran m kenyamanan ringan barang sampai dengan baik tidak ada yg rusak harga juga lumayan dan brang ok bahanya juga ringan dipegang cocok lah tidak mengecewakan semoga awet dan tahan lama,34,positive,0.29494476318359375
594bidabeu,Untuk harga segini sih lumayan .. cuma saya kira bagian blakang yg warna item lgsg ke pasang . Trnyata cuma dabel tip . Tp baguss sihh .. rekomend 👍👍👍👍👍,5,0,1753614106,untuk harga segini sih lumayan cuma saya kira bagian blakang yg warna item lgsg ke pasang trnyata cuma dabel tip tp baguss sihh rekomend,untuk harga segini sih lumayan cuma saya kira bagian blakang yg warna item lgsg ke pasang trnyata cuma dabel tip tp baguss sihh rekomend,24,label_3,0.26550713181495667
bismillah787,"Paket sudah sampe dngn baik,sesuai pesanan,pengiriman cepat.mksh shopee, seller dan kurirnya,sukses slalu",5,0,1743150015,paket sudah sampe dngn baik sesuai pesanan pengiriman cepat mksh shopee seller dan kurirnya sukses slalu,paket sudah sampe dngn baik sesuai pesanan pengiriman cepat mksh shopee seller dan kurirnya sukses slalu,16,positive,0.2673077881336212
nadiaindy,"Mungkin karena masih baru jd busanya tebal bgt , rasanya sempit tapi kalau ambil ukuran L malah takutnya kegedean",5,0,1752639025,mungkin karena masih baru jd busanya tebal bgt rasanya sempit tapi kalau ambil ukuran l malah takutnya kegedean,mungkin karena masih baru jd busanya tebal bgt rasanya sempit tapi kalau ambil ukuran l malah takutnya kegedean,18,positive,0.30739694833755493
e*****a,"Warna:Sesuai pilihan dan halus
Ukuran:Pas sesuai ukuran
Kenyamanan:Ringan nyaman di pakai",5,0,1750161258,warna sesuai pilihan dan halus ukuran pas sesuai ukuran kenyamanan ringan nyaman di pakai,warna sesuai pilihan dan halus ukuran pas sesuai ukuran kenyamanan ringan nyaman di pakai,14,label_3,0.25886470079421997
ditoandreandre,"Warna:bagus banget sesuai
Ukuran:aku pake L ini enak banget di pake nya
Kenyamanan:nyaman banget cuyy

Rekomen deh buat beli ini mah mantap",5,0,1749307020,warna bagus banget sesuai ukuran aku pake l ini enak banget di pake nya kenyamanan nyaman banget cuyy rekomen deh buat beli ini mah mantap,warna bagus banget sesuai ukuran aku pake l ini enak banget di pake nya kenyamanan nyaman banget cuyy rekomen deh buat beli ini mah mantap,25,positive,0.30566683411598206
rianagoesta,"Warna:Hitam Dop
Ukuran:XL
Kenyamanan:lumayan

Mksh gan sesuai pesanan cm minus baut dudukan penyangga kaca patah 1 tp gpp",4,0,1743326279,warna hitam dop ukuran xl kenyamanan lumayan mksh gan sesuai pesanan cm minus baut dudukan penyangga kaca patah 1 tp gpp,warna hitam dop ukuran xl kenyamanan lumayan mksh gan sesuai pesanan cm minus baut dudukan penyangga kaca patah 1 tp gpp,21,positive,0.2859131693840027
z*****n,"Warna:sesuai
Ukuran:sesuai
Kenyamanan:nyaman di gunakan

Sesuai penilaian",5,1,1742233486,warna sesuai ukuran sesuai kenyamanan nyaman di gunakan sesuai penilaian,warna sesuai ukuran sesuai kenyamanan nyaman di gunakan sesuai penilaian,10,label_3,0.2766503393650055
j*****1,"Warna:bagus
Ukuran:pas
Kenyamanan:oke lah

Ad yg kurang presisi, tapi udah diakalin",5,1,1760429812,warna bagus ukuran pas kenyamanan oke lah ad yg kurang presisi tapi udah diakalin,warna bagus ukuran pas kenyamanan oke lah ad yg kurang presisi tapi udah diakalin,14,label_3,0.30732107162475586
ridwangans123123,"Warna:hitam
Ukuran:pas tida besar tida kecil
Kenyamanan:sangat nyaman

Tampilan oke kenyamanan oke kaca jernih",5,0,1752301196,warna hitam ukuran pas tida besar tida kecil kenyamanan sangat nyaman tampilan oke kenyamanan oke kaca jernih,warna hitam ukuran pas tida besar tida kecil kenyamanan sangat nyaman tampilan oke kenyamanan oke kaca jernih,17,positive,0.29570767283439636
dewashincan040,"Ukuran:pass
Durabilitas:lumayan dgn harga segitu
Desain:kecee",5,1,1733318353,ukuran pass durabilitas lumayan dgn harga segitu desain kecee,ukuran pass durabilitas lumayan dgn harga segitu desain kecee,9,label_3,0.309842050075531
syahrilarifiansyah,"Warna:hitam dop
Ukuran:pas xL
Kenyamanan:lumayan

Agak kecewa cat kurang rapih,trus kualitas ya lumayan lah harga segitu mah.",4,1,1756794079,warna hitam dop ukuran pas xl kenyamanan lumayan agak kecewa cat kurang rapih trus kualitas ya lumayan lah harga segitu mah,warna hitam dop ukuran pas xl kenyamanan lumayan agak kecewa cat kurang rapih trus kualitas ya lumayan lah harga segitu mah,21,positive,0.29096463322639465
dzulfikaryp,"Warna:bagus
Ukuran:pas
Kenyamanan:nyaman

Barang sudah sampai dan sudah di pakai untuk kegiatan mantap pemgiriman cepat juoss pokoknya",5,0,1759904316,warna bagus ukuran pas kenyamanan nyaman barang sudah sampai dan sudah di pakai untuk kegiatan mantap pemgiriman cepat juoss pokoknya,warna bagus ukuran pas kenyamanan nyaman barang sudah sampai dan sudah di pakai untuk kegiatan mantap pemgiriman cepat juoss pokoknya,20,positive,0.30061861872673035
r_bz5qeibe,"Warna:sangat bagus dan sesuai gambar
Ukuran:pas dan sesuai
Kenyamanan:nyaman digunakan

Respon penjual sangat baikk",5,0,1760091187,warna sangat bagus dan sesuai gambar ukuran pas dan sesuai kenyamanan nyaman digunakan respon penjual sangat baikk,warna sangat bagus dan sesuai gambar ukuran pas dan sesuai kenyamanan nyaman digunakan respon penjual sangat baikk,17,positive,0.2480900138616562
iyushxpiohxpio,"mantap,,,,
barang realpict ,,,,
pengiriman cepat ,,,
kurir ok langganan ,,,,,",5,0,1744195129,mantap barang realpict pengiriman cepat kurir ok langganan,mantap barang realpict pengiriman cepat kurir ok langganan,8,label_3,0.295773983001709
adtarino,"Warna:hitam doff
Ukuran:pas
Kenyamanan:nyaman dan mpuk busanya

Worth it lah sesuai dengan harga murah dan kualitas, tapi Mayan baguslah kacanya agak keras di tutup,buka
Terimakasih toko dan kurir udh amanah",5,0,1738316673,warna hitam doff ukuran pas kenyamanan nyaman dan mpuk busanya worth it lah sesuai dengan harga murah dan kualitas tapi mayan baguslah kacanya agak keras di tutup buka terimakasih toko dan kurir udh amanah,warna hitam doff ukuran pas kenyamanan nyaman dan mpuk busanya worth it lah sesuai dengan harga murah dan kualitas tapi mayan baguslah kacanya agak keras di tutup buka terimakasih toko dan kurir udh amanah,34,positive,0.29292118549346924
yonwi411,"Warna:Ttidak sesuai dgn pesanan
Ukuran:Pas
Kenyamanan:Sesuai dgn harga

Tampilan sama gambar berbeda, dan sangat di sayangkan warna yg di kirim tidak sesuai orderan. Toko menurut saya kurang amanah.",3,0,1751992339,warna ttidak sesuai dgn pesanan ukuran pas kenyamanan sesuai dgn harga tampilan sama gambar berbeda dan sangat di sayangkan warna yg di kirim tidak sesuai orderan toko menurut saya kurang amanah,warna ttidak sesuai dgn pesanan ukuran pas kenyamanan sesuai dgn harga tampilan sama gambar berbeda dan sangat di sayangkan warna yg di kirim tidak sesuai orderan toko menurut saya kurang amanah,31,positive,0.2817743122577667
hq_ostgliq,"Warna:baik, sesuai
Ukuran:pas
Kenyamanan:baik

Sayang banget dateng malah ada yang pecah jadi harus di lem packing kurang aman juga finishing diperbaiki lagi selebihnya lumayan nyaman",3,0,1737813104,warna baik sesuai ukuran pas kenyamanan baik sayang banget dateng malah ada yang pecah jadi harus di lem packing kurang aman juga finishing diperbaiki lagi selebihnya lumayan nyaman,warna baik sesuai ukuran pas kenyamanan baik sayang banget dateng malah ada yang pecah jadi harus di lem packing kurang aman juga finishing diperbaiki lagi selebihnya lumayan nyaman,28,positive,0.26753029227256775
aem43,"Warna:Bagus
Ukuran:PASS
Kenyamanan:Nyaman

cuma bagian fisor tambahan di belakang nya renggang sedikit di kiri, padahal pemasangan nya udah pass presisi, tapi gapapa TETAP CAKEP👍🏻🔥",5,0,1752167537,warna bagus ukuran pass kenyamanan nyaman cuma bagian fisor tambahan di belakang nya renggang sedikit di kiri padahal pemasangan nya udah pass presisi tapi gapapa tetap cakep,warna bagus ukuran pass kenyamanan nyaman cuma bagian fisor tambahan di belakang nya renggang sedikit di kiri padahal pemasangan nya udah pass presisi tapi gapapa tetap cakep,27,positive,0.2771855592727661
m*****s,"Warna:putih
Ukuran:L
Berat:sedang",5,1,1736846556,warna putih ukuran l berat sedang,warna putih ukuran l berat sedang,6,label_3,0.2650195062160492
hendrygianto,"Kerenn semoga amanndi kepala saya

Cepat sekali , langsung di antar
Terimakasih kak",5,0,1744445999,kerenn semoga amanndi kepala saya cepat sekali langsung di antar terimakasih kak,kerenn semoga amanndi kepala saya cepat sekali langsung di antar terimakasih kak,12,positive,0.3622787594795227
wahmudin_15,"Warna:putih
Ukuran:pas
Kenyamanan:nyaman

Sudah mendarat, pengiriman cepat, lumayan dgn harga segitu",5,0,1741865160,warna putih ukuran pas kenyamanan nyaman sudah mendarat pengiriman cepat lumayan dgn harga segitu,warna putih ukuran pas kenyamanan nyaman sudah mendarat pengiriman cepat lumayan dgn harga segitu,14,positive,0.2683204114437103
monkeyd.luffy201,"Warna:abu abu
Ukuran:M
Kenyamanan:agak longgar

Aku pesennya warna putih tpi yg di kirim abu abu ,gimana sih min🗿 tpi gpp lah ku pake aja, mau di kembalikan masih nunggu waktu lama, tpi bagus sih sesuai harga, klo pengen yg bagus banget ya beli yg lebih mahal wkwkwk",4,4,1760501415,warna abu abu ukuran m kenyamanan agak longgar aku pesennya warna putih tpi yg di kirim abu abu gimana sih min tpi gpp lah ku pake aja mau di kembalikan masih nunggu waktu lama tpi bagus sih sesuai harga klo pengen yg bagus banget ya beli yg lebih mahal wkwkwk,warna abu abu ukuran m kenyamanan agak longgar aku pesennya warna putih tpi yg di kirim abu abu gimana sih min tpi gpp lah ku pake aja mau di kembalikan masih nunggu waktu lama tpi bagus sih sesuai harga klo pengen yg bagus banget ya beli yg lebih mahal wkwkwk,50,positive,0.33368009328842163
komalia181294,Pesanan sudah mendarat aman dan sesuai,5,0,1762279828,pesanan sudah mendarat aman dan sesuai,pesanan sudah mendarat aman dan sesuai,6,label_3,0.30783775448799133
akhmad_hilmiansyah,"Warna:bagus
Ukuran:pas
Kenyamanan:ringan

Sesuai harga ya gaes, jgn berharap mewah ekspektasi tinggi,
Untuk desain keren, namun kalu dideketin detailnya kurang rapi ya sesuai harga.
Ada lecet dikit bagian belakang, overall worth it lah.",4,0,1742659039,warna bagus ukuran pas kenyamanan ringan sesuai harga ya gaes jgn berharap mewah ekspektasi tinggi untuk desain keren namun kalu dideketin detailnya kurang rapi ya sesuai harga ada lecet dikit bagian belakang overall worth it lah,warna bagus ukuran pas kenyamanan ringan sesuai harga ya gaes jgn berharap mewah ekspektasi tinggi untuk desain keren namun kalu dideketin detailnya kurang rapi ya sesuai harga ada lecet dikit bagian belakang overall worth it lah,36,positive,0.31450948119163513
kanaoshop,Alhamdulillah pesanan saya telah sampai dengan selamat tq,5,0,1740900067,alhamdulillah pesanan saya telah sampai dengan selamat tq,alhamdulillah pesanan saya telah sampai dengan selamat tq,8,label_3,0.27401939034461975
87qsgm__e1,,5,5,1757121940,,,1,positive,0.27766895294189453
bop1l_u5b6,Barang bagus sesuai permintaan dan berkualitas bagus,5,0,1736068604,barang bagus sesuai permintaan dan berkualitas bagus,barang bagus sesuai permintaan dan berkualitas bagus,7,label_3,0.28806230425834656
ahmadzm387,"Warna:menarik
Ukuran:pass
Kenyamanan:lumayan

Aga kurang bisa nya pas kepala atas 
Tapi lumayan lah",5,0,1746292678,warna menarik ukuran pass kenyamanan lumayan aga kurang bisa nya pas kepala atas tapi lumayan lah,warna menarik ukuran pass kenyamanan lumayan aga kurang bisa nya pas kepala atas tapi lumayan lah,16,positive,0.3180941641330719
albyrizky56,"Warna:Black Glossy
Ukuran:Tidak ada tulisan size nya
Kenyamanan:Enteng, Lumayan

Recommended, sesuai pesanan, cuma ada sebagian yang lecet, gak tau lecet karena apa, tapi gpp wes, mantap...",4,0,1756321816,warna black glossy ukuran tidak ada tulisan size nya kenyamanan enteng lumayan recommended sesuai pesanan cuma ada sebagian yang lecet gak tau lecet karena apa tapi gpp wes mantap,warna black glossy ukuran tidak ada tulisan size nya kenyamanan enteng lumayan recommended sesuai pesanan cuma ada sebagian yang lecet gak tau lecet karena apa tapi gpp wes mantap,29,positive,0.30348166823387146
lekweryo,"Warna:hitam
Ukuran:size m tp kebesaran..🤣
Kenyamanan:nyaman

Pesanan udah mendarat dengan baik size m tp sayang masih kebesaran...☺️
Apa emang kepalaku kecil apa karna helm ny yg kebesaran....🤣🤣☺️",5,0,1745160927,warna hitam ukuran size m tp kebesaran kenyamanan nyaman pesanan udah mendarat dengan baik size m tp sayang masih kebesaran apa emang kepalaku kecil apa karna helm ny yg kebesaran,warna hitam ukuran size m tp kebesaran kenyamanan nyaman pesanan udah mendarat dengan baik size m tp sayang masih kebesaran apa emang kepalaku kecil apa karna helm ny yg kebesaran,30,positive,0.2931128442287445
opickchikal,"Warna:bgs sesuai harga,
Ukuran:pas bgt enak di pake
Kenyamanan:nyaman sangat,",5,0,1747218555,warna bgs sesuai harga ukuran pas bgt enak di pake kenyamanan nyaman sangat,warna bgs sesuai harga ukuran pas bgt enak di pake kenyamanan nyaman sangat,13,positive,0.29228323698043823
yyanita_,"Warna:memiliki pigmen yang bagus
Ukuran:pas dan sesuai
Kenyamanan:sangat nyaman dipakai",5,0,1752616311,warna memiliki pigmen yang bagus ukuran pas dan sesuai kenyamanan sangat nyaman dipakai,warna memiliki pigmen yang bagus ukuran pas dan sesuai kenyamanan sangat nyaman dipakai,13,positive,0.2592564523220062
nikenulan171,"Warna:warna hitam dan sangat sesuai di gambar
Ukuran:XL
Kualitas:sangat memuaskan sekali",5,0,1734346880,warna warna hitam dan sangat sesuai di gambar ukuran xl kualitas sangat memuaskan sekali,warna warna hitam dan sangat sesuai di gambar ukuran xl kualitas sangat memuaskan sekali,14,positive,0.2984115481376648
dificha_tailor,"Warna:black doff
Ukuran:L
Kenyamanan:lumayan

Not bad, gaya kece badai",5,0,1743318912,warna black doff ukuran l kenyamanan lumayan not bad gaya kece badai,warna black doff ukuran l kenyamanan lumayan not bad gaya kece badai,12,label_3,0.289156049489975
a*****8,"Warna:abu
Ukuran:L
Kenyamanan:pas

rekomen",5,1,1742486977,warna abu ukuran l kenyamanan pas rekomen,warna abu ukuran l kenyamanan pas rekomen,7,label_3,0.31330516934394836
pgmevgmd7k,"Warna:mengkilat
Ukuran:pass dan sesuai
Kenyamanan:sangat nyaman sangat percaya diri

Puas amanah",5,0,1740073000,warna mengkilat ukuran pass dan sesuai kenyamanan sangat nyaman sangat percaya diri puas amanah,warna mengkilat ukuran pass dan sesuai kenyamanan sangat nyaman sangat percaya diri puas amanah,14,positive,0.26058006286621094
sulhanhadi776,,5,1,1736493117,,,1,positive,0.27766895294189453
hoojunmin,"Warna:sesuai merah
Ukuran:ukuran L
Kenyamanan:nyaman

Baik tidak ada yg pecah tp banyak lecet di cat, packing aman bubble mngkin lecet pas di pabrik, untuk presisi kurang QC dr pabrik, untuk visor baik unt mlm hari juga baik, cuman rachet agak keras mngkin efek bahan pencetak dr pabrik, over all bisa di pakai dan nyaman unt berkendara, ventilasi atas berfungsi, kekedapan suara di telinga baik, gak ada suara siulan / getaran visor karena keras melekat, baik unt perjalanan jauh, untuk butuh buka tutup visor kurang fleksibel. Saller ok dan build pabrik unt harg 100rbn desain baik sekali, material variasi warna hitam dr plastik yg ada di vent angin dan stoper visor dr bahan reuse",3,0,1744461083,warna sesuai merah ukuran ukuran l kenyamanan nyaman baik tidak ada yg pecah tp banyak lecet di cat packing aman bubble mngkin lecet pas di pabrik untuk presisi kurang qc dr pabrik untuk visor baik unt mlm hari juga baik cuman rachet agak keras mngkin efek bahan pencetak dr pabrik over all bisa di pakai dan nyaman unt berkendara ventilasi atas berfungsi kekedapan suara di telinga baik gak ada suara siulan getaran visor karena keras melekat baik unt perjalanan jauh untuk butuh buka tutup visor kurang fleksibel saller ok dan build pabrik unt harg 100rbn desain baik sekali material variasi warna hitam dr plastik yg ada di vent angin dan stoper visor dr bahan reuse,warna sesuai merah ukuran ukuran l kenyamanan nyaman baik tidak ada yg pecah tp banyak lecet di cat packing aman bubble mngkin lecet pas di pabrik untuk presisi kurang qc dr pabrik untuk visor baik unt mlm hari juga baik cuman rachet agak keras mngkin efek bahan pencetak dr pabrik over all bisa di pakai dan nyaman unt berkendara ventilasi atas berfungsi kekedapan suara di telinga baik gak ada suara siulan getaran visor karena keras melekat baik unt perjalanan jauh untuk butuh buka tutup visor kurang fleksibel saller ok dan build pabrik unt harg 100rbn desain baik sekali material variasi warna hitam dr plastik yg ada di vent angin dan stoper visor dr bahan reuse,115,positive,0.23209510743618011
masreza441,"Warna:luar biasa
Ukuran:pas dan iziii
Kenyamanan:terasa nyaman gak berat helem 1jt yang gua beli berat banget anjai

Temen gua dibangunin susah bener ya gua coret coretin aja tu punya muka",5,2,1759764621,warna luar biasa ukuran pas dan iziii kenyamanan terasa nyaman gak berat helem 1jt yang gua beli berat banget anjai temen gua dibangunin susah bener ya gua coret coretin aja tu punya muka,warna luar biasa ukuran pas dan iziii kenyamanan terasa nyaman gak berat helem 1jt yang gua beli berat banget anjai temen gua dibangunin susah bener ya gua coret coretin aja tu punya muka,33,positive,0.3321852684020996
yusup_al14,"Warna:hitam doff
Ukuran:m
Kenyamanan:lumayan

Agak ringan. ya lumayan harga segitu udah ganteng",4,0,1736612934,warna hitam doff ukuran m kenyamanan lumayan agak ringan ya lumayan harga segitu udah ganteng,warna hitam doff ukuran m kenyamanan lumayan agak ringan ya lumayan harga segitu udah ganteng,15,positive,0.2730598747730255
fildzafathifauzanah,"Warna:sesuai gambar
Ukuran:pas
Kenyamanan:ringan dan nyaman

Sudah 2 kali.beli disini selalu puas, harga oke kualitas juga bagusss.",5,0,1742929706,warna sesuai gambar ukuran pas kenyamanan ringan dan nyaman sudah 2 kali beli disini selalu puas harga oke kualitas juga bagusss,warna sesuai gambar ukuran pas kenyamanan ringan dan nyaman sudah 2 kali beli disini selalu puas harga oke kualitas juga bagusss,21,positive,0.3000396490097046
alturgurning,"Warna:merah dop sesuai pesanan
Ukuran:L pas ukuran kepala
Kenyamanan:lumayan sesuai dgn harga lah

Terima kasih deseler shope sesuai dgn pesanan",5,1,1755530243,warna merah dop sesuai pesanan ukuran l pas ukuran kepala kenyamanan lumayan sesuai dgn harga lah terima kasih deseler shope sesuai dgn pesanan,warna merah dop sesuai pesanan ukuran l pas ukuran kepala kenyamanan lumayan sesuai dgn harga lah terima kasih deseler shope sesuai dgn pesanan,23,positive,0.2721807062625885
djokohardiyanto71,Jasa kirim nya gak NGOTAK 14 hari baru diantar  kalo ga dikomplain bakal hancur itu barang karna pas sampai sudah koyak semua kartonnya udh dlm kondisi terbuka...untuk tokonya profesional barang sesuai pesanan  Alhamdulillah dalam kondisi bagus ...utk tokoknya saran saya lebih baik agak mahal sedikit asal jasa kirim nya bukan spx hemat ..apalagi di DC MAKASAAR banyak tangan jahil,5,0,1759052251,jasa kirim nya gak ngotak 14 hari baru diantar kalo ga dikomplain bakal hancur itu barang karna pas sampai sudah koyak semua kartonnya udh dlm kondisi terbuka untuk tokonya profesional barang sesuai pesanan alhamdulillah dalam kondisi bagus utk tokoknya saran saya lebih baik agak mahal sedikit asal jasa kirim nya bukan spx hemat apalagi di dc makasaar banyak tangan jahil,jasa kirim nya gak ngotak 14 hari baru diantar kalo ga dikomplain bakal hancur itu barang karna pas sampai sudah koyak semua kartonnya udh dlm kondisi terbuka untuk tokonya profesional barang sesuai pesanan alhamdulillah dalam kondisi bagus utk tokoknya saran saya lebih baik agak mahal sedikit asal jasa kirim nya bukan spx hemat apalagi di dc makasaar banyak tangan jahil,60,positive,0.27898576855659485
devisdedemon,"Warna:lumayan bagus
Ukuran:pas
Kenyamanan:ok

Sesuai harga...",4,1,1742966099,warna lumayan bagus ukuran pas kenyamanan ok sesuai harga,warna lumayan bagus ukuran pas kenyamanan ok sesuai harga,9,label_3,0.27662965655326843
88yearkgf6,"Warna:bagus
Ukuran:pas
Kenyamanan:nyaman sangat

Broduk bagus",5,0,1752507711,warna bagus ukuran pas kenyamanan nyaman sangat broduk bagus,warna bagus ukuran pas kenyamanan nyaman sangat broduk bagus,9,positive,0.28946903347969055
mas_abidzarrr,"Warna:hitam doff
Ukuran:L
Kenyamanan:nyaman

pesanan sesuai, nyaman juga, the best lah pokonya⭐⭐⭐⭐⭐",5,0,1736007777,warna hitam doff ukuran l kenyamanan nyaman pesanan sesuai nyaman juga the best lah pokonya,warna hitam doff ukuran l kenyamanan nyaman pesanan sesuai nyaman juga the best lah pokonya,15,positive,0.3040306568145752
a*****i,Ukuran helm ke 2 nya alhamdulillah pas banget. Sesuai ekspektasi. Semoga awet dan gak di colong orang lg  hehe,5,0,1741688563,ukuran helm ke 2 nya alhamdulillah pas banget sesuai ekspektasi semoga awet dan gak di colong orang lg hehe,ukuran helm ke 2 nya alhamdulillah pas banget sesuai ekspektasi semoga awet dan gak di colong orang lg hehe,19,positive,0.290090411901474
johannes531,Terima kasih Bos Gan.. Barang sudah sampai diterima dengan keadaan sehat & segar Bugar.. sesuai pesanan MANTULL... Semoga tambah sukses dan laris manis👍👍👍,5,0,1737809293,terima kasih bos gan barang sudah sampai diterima dengan keadaan sehat segar bugar sesuai pesanan mantull semoga tambah sukses dan laris manis,terima kasih bos gan barang sudah sampai diterima dengan keadaan sehat segar bugar sesuai pesanan mantull semoga tambah sukses dan laris manis,22,positive,0.2942822575569153
hasan9199,"Warna:sesuai dengan deskripsi
Ukuran:M, pas unutk tinggi 165 dan berat 60 an
Kenyamanan:empuk,, karena masih baru",5,0,1752303740,warna sesuai dengan deskripsi ukuran m pas unutk tinggi 165 dan berat 60 an kenyamanan empuk karena masih baru,warna sesuai dengan deskripsi ukuran m pas unutk tinggi 165 dan berat 60 an kenyamanan empuk karena masih baru,19,label_3,0.25236979126930237
alfianfahrurrozi123,"Warna:hitam doff
Ukuran:pas
Kualitas:mantap",5,10,1741490393,warna hitam doff ukuran pas kualitas mantap,warna hitam doff ukuran pas kualitas mantap,7,label_3,0.28418222069740295
r*****l,"Warna:real pict red glossy kinclong
Ukuran:pas dan sesuai
Kenyamanan:busa tebal nyaman dipakai

Size nya sesuai dan nyaman dipakai, hanya saya untuk tali kancingnya pendek banget ya ga bisa diadjust lebih panjang lagi jadinya rada nyekek dileher saat berkendara.",5,0,1760323635,warna real pict red glossy kinclong ukuran pas dan sesuai kenyamanan busa tebal nyaman dipakai size nya sesuai dan nyaman dipakai hanya saya untuk tali kancingnya pendek banget ya ga bisa diadjust lebih panjang lagi jadinya rada nyekek dileher saat berkendara,warna real pict red glossy kinclong ukuran pas dan sesuai kenyamanan busa tebal nyaman dipakai size nya sesuai dan nyaman dipakai hanya saya untuk tali kancingnya pendek banget ya ga bisa diadjust lebih panjang lagi jadinya rada nyekek dileher saat berkendara,41,positive,0.3001701235771179
r*****r,"Warna:hitam dof
Ukuran:pas
Kenyamanan:insya Allah nyaman

Keren bgt ssuai pic",5,0,1753423635,warna hitam dof ukuran pas kenyamanan insya allah nyaman keren bgt ssuai pic,warna hitam dof ukuran pas kenyamanan insya allah nyaman keren bgt ssuai pic,13,label_3,0.2862863838672638
mudjionomudjiono636,"Warna:Black Glosy
Ukuran:lPas sesuai ukuran kepala
Kenyamanan:Nyaman

Harga tidak sesuai yg di iklan shopi",4,0,1745383124,warna black glosy ukuran lpas sesuai ukuran kepala kenyamanan nyaman harga tidak sesuai yg di iklan shopi,warna black glosy ukuran lpas sesuai ukuran kepala kenyamanan nyaman harga tidak sesuai yg di iklan shopi,17,positive,0.2747170031070709
ebvebuwk2v,"Warna:sangat bagus dan sesuai dengan gambar
Ukuran:ukuran pas dan sesuai
Kenyamanan:ringan dan Nyaman di gunakan

Sangat bagus, sesuai dengan deskripsi dan dambar... Untuk yg bingung pasang spoilernya. Pasang nya pakai dobel tape ya bes.",5,0,1756543394,warna sangat bagus dan sesuai dengan gambar ukuran ukuran pas dan sesuai kenyamanan ringan dan nyaman di gunakan sangat bagus sesuai dengan deskripsi dan dambar untuk yg bingung pasang spoilernya pasang nya pakai dobel tape ya bes,warna sangat bagus dan sesuai dengan gambar ukuran ukuran pas dan sesuai kenyamanan ringan dan nyaman di gunakan sangat bagus sesuai dengan deskripsi dan dambar untuk yg bingung pasang spoilernya pasang nya pakai dobel tape ya bes,37,positive,0.28588950634002686
bgreiz,"Warna:hitam sesuai keinginan
Ukuran:pas rapat nyaman di kepala
Kenyamanan:ringan skali dan luar biasa cepat pengirimanya",5,0,1746248802,warna hitam sesuai keinginan ukuran pas rapat nyaman di kepala kenyamanan ringan skali dan luar biasa cepat pengirimanya,warna hitam sesuai keinginan ukuran pas rapat nyaman di kepala kenyamanan ringan skali dan luar biasa cepat pengirimanya,18,positive,0.28463682532310486
adaneijas,"Warna:sangat bagus dan sesuai dengan gambar
Ukuran:ukuran produk yang pas dan seduai
Kenyamanan:ringan dan nyaman saat di pakai",5,0,1746876758,warna sangat bagus dan sesuai dengan gambar ukuran ukuran produk yang pas dan seduai kenyamanan ringan dan nyaman saat di pakai,warna sangat bagus dan sesuai dengan gambar ukuran ukuran produk yang pas dan seduai kenyamanan ringan dan nyaman saat di pakai,21,label_4,0.25062671303749084
elaihan,"Warna:hitam
Ukuran:xl
Kenyamanan:nyaman dan ringan

Sangat bagus dan memuaskan dalam nya tebal tapi tetap ringan",5,0,1741690834,warna hitam ukuran xl kenyamanan nyaman dan ringan sangat bagus dan memuaskan dalam nya tebal tapi tetap ringan,warna hitam ukuran xl kenyamanan nyaman dan ringan sangat bagus dan memuaskan dalam nya tebal tapi tetap ringan,18,positive,0.30330729484558105
e701z3gqbi,"Warna:PUTIH GLOSSY
Ukuran:XL
Kenyamanan:Ringan dan nyaman

HELM SNI look kekinian nyaman di pakai. thanx admin nya jg fast respon , kmarin malam pesan langsung di kirim hari ini sampai",5,0,1762342126,warna putih glossy ukuran xl kenyamanan ringan dan nyaman helm sni look kekinian nyaman di pakai thanx admin nya jg fast respon kmarin malam pesan langsung di kirim hari ini sampai,warna putih glossy ukuran xl kenyamanan ringan dan nyaman helm sni look kekinian nyaman di pakai thanx admin nya jg fast respon kmarin malam pesan langsung di kirim hari ini sampai,31,positive,0.29908642172813416
4ou0x11wie,"Warna:grey
Ukuran:pass sesuai pesenan M
Kenyamanan:okee nyaman bgus dengan harganyaa okee bagus👍",5,0,1739188894,warna grey ukuran pass sesuai pesenan m kenyamanan okee nyaman bgus dengan harganyaa okee bagus,warna grey ukuran pass sesuai pesenan m kenyamanan okee nyaman bgus dengan harganyaa okee bagus,15,positive,0.2912293076515198
f0voade3an,"Istimewa makasih bosku paket sudah sampai sangat puas,👻👻🤣🤣",5,0,1748331641,istimewa makasih bosku paket sudah sampai sangat puas,istimewa makasih bosku paket sudah sampai sangat puas,8,positive,0.32832956314086914
heruiskandar123,"Warna:hitam dop
Ukuran:L
Kenyamanan:pas sesuai harga",5,0,1740200834,warna hitam dop ukuran l kenyamanan pas sesuai harga,warna hitam dop ukuran l kenyamanan pas sesuai harga,9,label_3,0.28418704867362976
i9ztiixalv,"Warna:sesuai dengan gambar
Ukuran:pas banget sama kepala aku
Kenyamanan:sangat nyaman pas di gunakan",5,0,1748959836,warna sesuai dengan gambar ukuran pas banget sama kepala aku kenyamanan sangat nyaman pas di gunakan,warna sesuai dengan gambar ukuran pas banget sama kepala aku kenyamanan sangat nyaman pas di gunakan,16,positive,0.273141473531723
a*****0,"Warna:sesuai gambar
Ukuran:pas dan sesuai
Kenyamanan:sangat nyaman di pakai

Barang sampai dengan selamat,real pict 👍",5,0,1738757877,warna sesuai gambar ukuran pas dan sesuai kenyamanan sangat nyaman di pakai barang sampai dengan selamat real pict,warna sesuai gambar ukuran pas dan sesuai kenyamanan sangat nyaman di pakai barang sampai dengan selamat real pict,18,positive,0.2853603959083557
putraaa890,"Ukuran:pas sesuai keinginan
Warna:bagus
Durabilitas:oke",5,0,1733200033,ukuran pas sesuai keinginan warna bagus durabilitas oke,ukuran pas sesuai keinginan warna bagus durabilitas oke,8,label_3,0.28998446464538574
selvianaidrak038,"Warna:bagus
Ukuran:M
Kenyamanan:bagus dan pas jaya selalu",5,0,1736158226,warna bagus ukuran m kenyamanan bagus dan pas jaya selalu,warna bagus ukuran m kenyamanan bagus dan pas jaya selalu,10,label_3,0.30991727113723755
orbstore,Rekomen banget klik aja langsung liknya,5,1,1756329580,rekomen banget klik aja langsung liknya,rekomen banget klik aja langsung liknya,6,positive,0.30555397272109985
dlidriveaja,"Warna:cat ga rapih
Ukuran:pas si
Kenyamanan:b aja

Look nya bagus kalo buat safety kurang sih,😀 mayan lah buat harian mh dengan harga segitu",4,0,1738921025,warna cat ga rapih ukuran pas si kenyamanan b aja look nya bagus kalo buat safety kurang sih mayan lah buat harian mh dengan harga segitu,warna cat ga rapih ukuran pas si kenyamanan b aja look nya bagus kalo buat safety kurang sih mayan lah buat harian mh dengan harga segitu,26,positive,0.2765742540359497
yahyapurnomo464,"Warna:bagus
Ukuran:pas
Kenyamanan:nyaman

Mantap ...barang sesuwai tapi sayang spoyler nya copot...mantap lah",5,2,1755568299,warna bagus ukuran pas kenyamanan nyaman mantap barang sesuwai tapi sayang spoyler nya copot mantap lah,warna bagus ukuran pas kenyamanan nyaman mantap barang sesuwai tapi sayang spoyler nya copot mantap lah,16,positive,0.30933743715286255
muhammad_781,"Warna:sesuai
Ukuran:uk L pas
Kenyamanan:sangat nyaman

Pengirimannya sangat cepat thx shoppe",5,1,1759919782,warna sesuai ukuran uk l pas kenyamanan sangat nyaman pengirimannya sangat cepat thx shoppe,warna sesuai ukuran uk l pas kenyamanan sangat nyaman pengirimannya sangat cepat thx shoppe,14,label_3,0.27437201142311096
ibj830_pz_,"Kualitas:super
Tampilan:mahal
Cocok Untuk:anak muda

Baus banget untuk helm harga 150an,, 
Busa empuk, helm kokoh,, pengemasan aman,, 
Recomend banget,, 
Alhamdulillaah seller amanah,, 
Sukses terus",5,0,1750459434,kualitas super tampilan mahal cocok untuk anak muda baus banget untuk helm harga 150an busa empuk helm kokoh pengemasan aman recomend banget alhamdulillaah seller amanah sukses terus,kualitas super tampilan mahal cocok untuk anak muda baus banget untuk helm harga 150an busa empuk helm kokoh pengemasan aman recomend banget alhamdulillaah seller amanah sukses terus,27,positive,0.2803267240524292
amihandriani7,"Warna:grey glossy
Ukuran:xl

pliss bagus pas dateng barangnya dan aman juga gada lecet sedikit pun, pengiriman juga cepet banget thanks🫰🏻🫰🏻🫰🏻",5,0,1746797719,warna grey glossy ukuran xl pliss bagus pas dateng barangnya dan aman juga gada lecet sedikit pun pengiriman juga cepet banget thanks,warna grey glossy ukuran xl pliss bagus pas dateng barangnya dan aman juga gada lecet sedikit pun pengiriman juga cepet banget thanks,22,positive,0.3085309565067291
o*****a,"Warna:cocok dengan pesanan
Ukuran:pas dan nyaman
Kenyamanan:baik

Pesanan sudah diterima dlm kondisi baik",5,0,1759939118,warna cocok dengan pesanan ukuran pas dan nyaman kenyamanan baik pesanan sudah diterima dlm kondisi baik,warna cocok dengan pesanan ukuran pas dan nyaman kenyamanan baik pesanan sudah diterima dlm kondisi baik,16,positive,0.2696044147014618
ardyrizkyathaya,"Warna:grey glosy
Ukuran:L
Kenyamanan:lembutt

Bagus sih barangnya, tpi catnya ada yg luber jdi kyak ada ombak cat yg luber , sama penutup ventilasi di kencangin jdi Oblak, kaca visor kok jdi kayak buat yg bermata minus yahh, masa kyak pakai kacamata minus hadehh jdi pusing kalo pake visornya",2,0,1749275093,warna grey glosy ukuran l kenyamanan lembutt bagus sih barangnya tpi catnya ada yg luber jdi kyak ada ombak cat yg luber sama penutup ventilasi di kencangin jdi oblak kaca visor kok jdi kayak buat yg bermata minus yahh masa kyak pakai kacamata minus hadehh jdi pusing kalo pake visornya,warna grey glosy ukuran l kenyamanan lembutt bagus sih barangnya tpi catnya ada yg luber jdi kyak ada ombak cat yg luber sama penutup ventilasi di kencangin jdi oblak kaca visor kok jdi kayak buat yg bermata minus yahh masa kyak pakai kacamata minus hadehh jdi pusing kalo pake visornya,50,positive,0.2842083275318146
kuncishock,Sesuai pesanan amana toko nya👍👍👍👍👍,5,0,1741516780,sesuai pesanan amana toko nya,sesuai pesanan amana toko nya,5,label_3,0.3187211751937866
n*****9,"Bagus,sesuai dgn harga jgn brharap lebih 👌",5,0,1751962283,bagus sesuai dgn harga jgn brharap lebih,bagus sesuai dgn harga jgn brharap lebih,7,label_3,0.2859509587287903
arol.syarief,"Warna:Sesuai
Ukuran:M
Kenyamanan:Kurang

Pesan hkm cosmo yg dikirim malah mla cosmo, tokonya gak amanah padahal udah dichat berapa kali adminnya. Kacanya banyak yg baret juga warnanya kusam. Keliatan banget KW nya, yg mau co mending mikir dua kali sebelum nyesel.",2,0,1757437322,warna sesuai ukuran m kenyamanan kurang pesan hkm cosmo yg dikirim malah mla cosmo tokonya gak amanah padahal udah dichat berapa kali adminnya kacanya banyak yg baret juga warnanya kusam keliatan banget kw nya yg mau co mending mikir dua kali sebelum nyesel,warna sesuai ukuran m kenyamanan kurang pesan hkm cosmo yg dikirim malah mla cosmo tokonya gak amanah padahal udah dichat berapa kali adminnya kacanya banyak yg baret juga warnanya kusam keliatan banget kw nya yg mau co mending mikir dua kali sebelum nyesel,43,positive,0.3211636543273926
p*****n,"Warna:hitam doff
Ukuran:pas sesuai dengan kepala saya
Kenyamanan:nyaman buat harian

Mantap semua sesuai ekspetasi saya👍👍",5,0,1762775856,warna hitam doff ukuran pas sesuai dengan kepala saya kenyamanan nyaman buat harian mantap semua sesuai ekspetasi saya,warna hitam doff ukuran pas sesuai dengan kepala saya kenyamanan nyaman buat harian mantap semua sesuai ekspetasi saya,18,positive,0.28038132190704346
il080815,"Warna:bagus
Ukuran:pas
Kenyamanan:oke

Packing aman bagus barangnya joss makasih sukses slalu",5,0,1753887205,warna bagus ukuran pas kenyamanan oke packing aman bagus barangnya joss makasih sukses slalu,warna bagus ukuran pas kenyamanan oke packing aman bagus barangnya joss makasih sukses slalu,14,positive,0.2956486940383911
bang.azis.bedul,"Warna:hitam dop
Ukuran:L
Kenyamanan:bagus sih, cuma kurang rekat sisi kaca nya

Bagus, Kuat bahan, lem dobel tip nya kurang",5,0,1759471545,warna hitam dop ukuran l kenyamanan bagus sih cuma kurang rekat sisi kaca nya bagus kuat bahan lem dobel tip nya kurang,warna hitam dop ukuran l kenyamanan bagus sih cuma kurang rekat sisi kaca nya bagus kuat bahan lem dobel tip nya kurang,22,positive,0.27908942103385925
thia_abilbyan,Bagus helmnya sesuai sama gambar dan pas saat dipakai,5,1,1754669723,bagus helmnya sesuai sama gambar dan pas saat dipakai,bagus helmnya sesuai sama gambar dan pas saat dipakai,9,label_3,0.312901109457016
adipratama7878,"Warna:sesuai pesanan saya
Ukuran:pass tidak terlalu kecil untuk semuanya
Kenyamanan:sangat nyaman dan enteng sekali barang bagus terlihat mewah sekali cukup buat bepergian tiap hari dan Turing jarak jauh 🥰🥰🥰🥰🥰🥰

Harga murah kwalitas gak murahan semuanya bagusss dan sangat nyaman sekali buat kemana mana 🥰🥰😘😘😘😘🥰🥰🥰🥰",5,1,1758214762,warna sesuai pesanan saya ukuran pass tidak terlalu kecil untuk semuanya kenyamanan sangat nyaman dan enteng sekali barang bagus terlihat mewah sekali cukup buat bepergian tiap hari dan turing jarak jauh harga murah kwalitas gak murahan semuanya bagusss dan sangat nyaman sekali buat kemana mana,warna sesuai pesanan saya ukuran pass tidak terlalu kecil untuk semuanya kenyamanan sangat nyaman dan enteng sekali barang bagus terlihat mewah sekali cukup buat bepergian tiap hari dan turing jarak jauh harga murah kwalitas gak murahan semuanya bagusss dan sangat nyaman sekali buat kemana mana,45,positive,0.28451865911483765
renaldisulaeman,"Warna:hitam glosy
Ukuran:M sedikit agak longgar mungkin kepala sya kecil
Kenyamanan:lumayanlah

Oke paketnya mendarat dengan selamat cuma 2 hari pengiriman nya sangat cepat sekali terimakasih boss ku 👍👍👌👌",5,0,1760884741,warna hitam glosy ukuran m sedikit agak longgar mungkin kepala sya kecil kenyamanan lumayanlah oke paketnya mendarat dengan selamat cuma 2 hari pengiriman nya sangat cepat sekali terimakasih boss ku,warna hitam glosy ukuran m sedikit agak longgar mungkin kepala sya kecil kenyamanan lumayanlah oke paketnya mendarat dengan selamat cuma 2 hari pengiriman nya sangat cepat sekali terimakasih boss ku,30,positive,0.33301210403442383
t*****h,"Lucuuu bangetttt, sukaa, sni jugaa dan harganya murah bangett tpi kualitas nya baguss huhuu seneng bangett, dapet tas serut buat penyimpanan helmnya jugaa, thankyouu yaaa",5,1,1760626170,lucuuu bangetttt sukaa sni jugaa dan harganya murah bangett tpi kualitas nya baguss huhuu seneng bangett dapet tas serut buat penyimpanan helmnya jugaa thankyouu yaaa,lucuuu bangetttt sukaa sni jugaa dan harganya murah bangett tpi kualitas nya baguss huhuu seneng bangett dapet tas serut buat penyimpanan helmnya jugaa thankyouu yaaa,25,positive,0.33287161588668823
syakira.ali,"Warna:sesuai pesanan
Ukuran:ukuran pas
Kenyamanan:nyaman.

Sesuai tapi ukurannya yg pink M tapi malah lebih gede dri pada yg hitam ukuran L. Tapi gk papa . Nyaman busanya tebal mungkin akan sedikit bikin kuping sakit.",5,0,1757501311,warna sesuai pesanan ukuran ukuran pas kenyamanan nyaman sesuai tapi ukurannya yg pink m tapi malah lebih gede dri pada yg hitam ukuran l tapi gk papa nyaman busanya tebal mungkin akan sedikit bikin kuping sakit,warna sesuai pesanan ukuran ukuran pas kenyamanan nyaman sesuai tapi ukurannya yg pink m tapi malah lebih gede dri pada yg hitam ukuran l tapi gk papa nyaman busanya tebal mungkin akan sedikit bikin kuping sakit,36,positive,0.28886836767196655
d*****o,"Warna:hitam dop
Ukuran:L
Kenyamanan:pas

Ada lecet dikit mungkin di expedisinya soalnya kardusnya aja sampe penyok penyok, baut kaca bagian kiri selek tidak bisa di kencangkan. 
Bagus, enteng
Semoga awet
Terinakasih seller & Shopee",4,1,1745718897,warna hitam dop ukuran l kenyamanan pas ada lecet dikit mungkin di expedisinya soalnya kardusnya aja sampe penyok penyok baut kaca bagian kiri selek tidak bisa di kencangkan bagus enteng semoga awet terinakasih seller shopee,warna hitam dop ukuran l kenyamanan pas ada lecet dikit mungkin di expedisinya soalnya kardusnya aja sampe penyok penyok baut kaca bagian kiri selek tidak bisa di kencangkan bagus enteng semoga awet terinakasih seller shopee,35,positive,0.281468003988266
hendrajayasuntara,"Warna:cocok sesuai pesanan
Ukuran:pas banget gaesss
Kenyamanan:lumayan lah dgn harga yg terjangkau",5,0,1752245880,warna cocok sesuai pesanan ukuran pas banget gaesss kenyamanan lumayan lah dgn harga yg terjangkau,warna cocok sesuai pesanan ukuran pas banget gaesss kenyamanan lumayan lah dgn harga yg terjangkau,15,label_3,0.28304556012153625
putrimorses,"Keren helmnya, warna sesuai, nyaman jg dipakai.
Terimakasih",5,0,1752916371,keren helmnya warna sesuai nyaman jg dipakai terimakasih,keren helmnya warna sesuai nyaman jg dipakai terimakasih,8,positive,0.29898062348365784
pi9bw8_v0b,Puas dengan barang nya bosqu kere pokoknya 💯,5,0,1752819526,puas dengan barang nya bosqu kere pokoknya,puas dengan barang nya bosqu kere pokoknya,7,label_3,0.33040851354599
vivisopiar,"Warna:bagus si keren
Ukuran:pas ukurannya L
Kenyamanan:mantap lumayan bagus keren pokoknya joos👍",5,0,1738823068,warna bagus si keren ukuran pas ukurannya l kenyamanan mantap lumayan bagus keren pokoknya joos,warna bagus si keren ukuran pas ukurannya l kenyamanan mantap lumayan bagus keren pokoknya joos,15,positive,0.30827850103378296
l*****.,"Warna:bagus
Ukuran:sesuai
Kenyamanan:nyaman di pakai

Barang sampai dengan baik semua sesuai pesanan baik tipe dan warna alhmdulillah aman sampai sini walaupun pengiriman agak lambat tp ok lah untungnya barang sesuai dan baik-baik aja terimakasih.",4,1,1749201334,warna bagus ukuran sesuai kenyamanan nyaman di pakai barang sampai dengan baik semua sesuai pesanan baik tipe dan warna alhmdulillah aman sampai sini walaupun pengiriman agak lambat tp ok lah untungnya barang sesuai dan baik baik aja terimakasih,warna bagus ukuran sesuai kenyamanan nyaman di pakai barang sampai dengan baik semua sesuai pesanan baik tipe dan warna alhmdulillah aman sampai sini walaupun pengiriman agak lambat tp ok lah untungnya barang sesuai dan baik baik aja terimakasih,38,positive,0.32933947443962097
vaozan0_imm4,"Warna:warna nya g presisi
Ukuran:gajelas, pesan m masa gede banget
Kualitas:gatao sih

Helm nya ada cacat dent sdikit, finishing nya kurang rata, tp worth it lah
Ada harga ada kualitas",5,2,1739388926,warna warna nya g presisi ukuran gajelas pesan m masa gede banget kualitas gatao sih helm nya ada cacat dent sdikit finishing nya kurang rata tp worth it lah ada harga ada kualitas,warna warna nya g presisi ukuran gajelas pesan m masa gede banget kualitas gatao sih helm nya ada cacat dent sdikit finishing nya kurang rata tp worth it lah ada harga ada kualitas,33,positive,0.31158679723739624
d*****8,"Warna:hitam
Ukuran:pas dan sesuai
Kenyamanan:sangat nyaman

Cocok bgt 
Pas dipake 
Harga termurah 
Bahan kuat dan kokoh
Barang dikirim sesuai pesanan 
Terima kasih 🙏 kak",5,0,1757469408,warna hitam ukuran pas dan sesuai kenyamanan sangat nyaman cocok bgt pas dipake harga termurah bahan kuat dan kokoh barang dikirim sesuai pesanan terima kasih kak,warna hitam ukuran pas dan sesuai kenyamanan sangat nyaman cocok bgt pas dipake harga termurah bahan kuat dan kokoh barang dikirim sesuai pesanan terima kasih kak,26,positive,0.37009158730506897
arifyahya94,"Warna:Sesuai Pesanan
Ukuran:Pas walau agak ngepas dikepala
Kenyamanan:standar

Helmnya sampai dgn selamat walaupun dusnya penyok parah tp Alhamdulillah barangnya gak ada yg lecet/retak. Utk finishingnya masih kurang rapi, catnya belang & bergelombang, tp ya sesuai dgn harga. Thanks seller & shopee",4,0,1747039691,warna sesuai pesanan ukuran pas walau agak ngepas dikepala kenyamanan standar helmnya sampai dgn selamat walaupun dusnya penyok parah tp alhamdulillah barangnya gak ada yg lecet retak utk finishingnya masih kurang rapi catnya belang bergelombang tp ya sesuai dgn harga thanks seller shopee,warna sesuai pesanan ukuran pas walau agak ngepas dikepala kenyamanan standar helmnya sampai dgn selamat walaupun dusnya penyok parah tp alhamdulillah barangnya gak ada yg lecet retak utk finishingnya masih kurang rapi catnya belang bergelombang tp ya sesuai dgn harga thanks seller shopee,43,positive,0.25450119376182556
aan160912saputra,"Warna:keren
Ukuran:pas
Kenyamanan:nyaman di pakai",5,0,1741584779,warna keren ukuran pas kenyamanan nyaman di pakai,warna keren ukuran pas kenyamanan nyaman di pakai,8,label_3,0.29747360944747925
blackrider05,"Warna:Hitam Doff, bagus banget.
Ukuran:Agak sedikit kekecilan.
Kenyamanan:Lumayan nyaman.

Paket Super Cepat Sampai! Packaging Ok, Helm original sesuai deskripsi dari toko. Helm nya sedikit kekecilan, tp overall bagus semuanya. Dapet visor smoke, dan spoiler smoke. Hanya saja visor stopper nya dri plastik, dan agak tajam kalo kena tangan. Mesti di amplas supaya GK tajam. Terima kasih!!",5,1,1760501227,warna hitam doff bagus banget ukuran agak sedikit kekecilan kenyamanan lumayan nyaman paket super cepat sampai packaging ok helm original sesuai deskripsi dari toko helm nya sedikit kekecilan tp overall bagus semuanya dapet visor smoke dan spoiler smoke hanya saja visor stopper nya dri plastik dan agak tajam kalo kena tangan mesti di amplas supaya gk tajam terima kasih,warna hitam doff bagus banget ukuran agak sedikit kekecilan kenyamanan lumayan nyaman paket super cepat sampai packaging ok helm original sesuai deskripsi dari toko helm nya sedikit kekecilan tp overall bagus semuanya dapet visor smoke dan spoiler smoke hanya saja visor stopper nya dri plastik dan agak tajam kalo kena tangan mesti di amplas supaya gk tajam terima kasih,59,positive,0.29788926243782043
hikmattuloh619,"Warna:sangat bagus sesuai dengan gambar
Ukuran:ukuran pas dan sesuai
Kenyamanan:empuk dan nyaman di oake

Produk yg murah tapi ga murahan nyaman di pake ringan d kepala pengiriman cepat tepat aman terima kasih sudah amanah berkah selalu",5,0,1761205601,warna sangat bagus sesuai dengan gambar ukuran ukuran pas dan sesuai kenyamanan empuk dan nyaman di oake produk yg murah tapi ga murahan nyaman di pake ringan d kepala pengiriman cepat tepat aman terima kasih sudah amanah berkah selalu,warna sangat bagus sesuai dengan gambar ukuran ukuran pas dan sesuai kenyamanan empuk dan nyaman di oake produk yg murah tapi ga murahan nyaman di pake ringan d kepala pengiriman cepat tepat aman terima kasih sudah amanah berkah selalu,39,positive,0.25665703415870667
iramayasinta30,Helmnya bgus sesuai dengan yg dpesan tapi sayang pesan wrnanya grey glow yg dtang warna hitam glowing 😁untungnya suami trima2 aja..pngriman lumyan cepat..,5,1,1752013338,helmnya bgus sesuai dengan yg dpesan tapi sayang pesan wrnanya grey glow yg dtang warna hitam glowing untungnya suami trima2 aja pngriman lumyan cepat,helmnya bgus sesuai dengan yg dpesan tapi sayang pesan wrnanya grey glow yg dtang warna hitam glowing untungnya suami trima2 aja pngriman lumyan cepat,24,positive,0.2794897258281708
7iczctjs8k,"Warna:hitam doff
Kenyamanan:baik

Barang sdh sampai cuma packinganya kurang bagus,almhamdulillah helm nya gk ada kerusakan
Terimakasih min",5,0,1759409163,warna hitam doff kenyamanan baik barang sdh sampai cuma packinganya kurang bagus almhamdulillah helm nya gk ada kerusakan terimakasih min,warna hitam doff kenyamanan baik barang sdh sampai cuma packinganya kurang bagus almhamdulillah helm nya gk ada kerusakan terimakasih min,20,positive,0.3489121198654175
biworoprasongko,"Kualitas harga 100 ribu, kaca tidak ada pengunci, mudah lepas, kualitas plastik jelek, mohon maaf , fakta kualitas perlu ditingkatkan",3,45,1749414977,kualitas harga 100 ribu kaca tidak ada pengunci mudah lepas kualitas plastik jelek mohon maaf fakta kualitas perlu ditingkatkan,kualitas harga 100 ribu kaca tidak ada pengunci mudah lepas kualitas plastik jelek mohon maaf fakta kualitas perlu ditingkatkan,19,positive,0.26378563046455383
jho_ngalam87,Pengiriman cepat tapi sayang barangnya cacat...kelihatan seperti patah dan sengaja dibakar buat direkatkan...🙏,1,18,1763450580,pengiriman cepat tapi sayang barangnya cacat kelihatan seperti patah dan sengaja dibakar buat direkatkan,pengiriman cepat tapi sayang barangnya cacat kelihatan seperti patah dan sengaja dibakar buat direkatkan,14,label_3,0.3071635365486145
skuybrengsek,"Warna:sesuai cerah
Ukuran:sesuai ukuran kepala
Kenyamanan:belum dicoba

Soal barang sih bagus realita 100% baru cuman kalo bisa buat pengiriman jangan Lewat si cepet lebih baik lewat Xpress atau JNT JNE pesenan saya jadi kelewat tanggaL",5,0,1746364209,warna sesuai cerah ukuran sesuai ukuran kepala kenyamanan belum dicoba soal barang sih bagus realita 100 baru cuman kalo bisa buat pengiriman jangan lewat si cepet lebih baik lewat xpress atau jnt jne pesenan saya jadi kelewat tanggal,warna sesuai cerah ukuran sesuai ukuran kepala kenyamanan belum dicoba soal barang sih bagus realita 100 baru cuman kalo bisa buat pengiriman jangan lewat si cepet lebih baik lewat xpress atau jnt jne pesenan saya jadi kelewat tanggal,38,positive,0.29604005813598633
nyaiwahyuningsih,"Warna:sesuai sih
Ukuran:ukuran pas sih
Kenyamanan:cuman kotor helem nya ada serbuk putih gitu sama ada yang cacad

Ada benda item nempel sama ada totol totol sama kentob kecil Hem kiran bakal aman di kemas nya tapi dus datang nya dah penyok tapi cepet sih pengiriman nya 2 hari udah nyampe",3,0,1746617142,warna sesuai sih ukuran ukuran pas sih kenyamanan cuman kotor helem nya ada serbuk putih gitu sama ada yang cacad ada benda item nempel sama ada totol totol sama kentob kecil hem kiran bakal aman di kemas nya tapi dus datang nya dah penyok tapi cepet sih pengiriman nya 2 hari udah nyampe,warna sesuai sih ukuran ukuran pas sih kenyamanan cuman kotor helem nya ada serbuk putih gitu sama ada yang cacad ada benda item nempel sama ada totol totol sama kentob kecil hem kiran bakal aman di kemas nya tapi dus datang nya dah penyok tapi cepet sih pengiriman nya 2 hari udah nyampe,53,positive,0.31244349479675293
skaaaulia,"Warna:hitam dof
Ukuran:M
Kenyamanan:sangat nyaman

pas banget sama kepala yang kecil kayak aku😅cuma agak kegedean.. tpi bagus banget",5,1,1761562284,warna hitam dof ukuran m kenyamanan sangat nyaman pas banget sama kepala yang kecil kayak aku cuma agak kegedean tpi bagus banget,warna hitam dof ukuran m kenyamanan sangat nyaman pas banget sama kepala yang kecil kayak aku cuma agak kegedean tpi bagus banget,22,positive,0.2957691252231598
azizarrasyid022,"Warna:sesuai
Ukuran:passs
Kenyamanan:sangat nyaman

Bagus dehhh pokoknya Jan raguu brooo gas co",5,0,1762680985,warna sesuai ukuran passs kenyamanan sangat nyaman bagus dehhh pokoknya jan raguu brooo gas co,warna sesuai ukuran passs kenyamanan sangat nyaman bagus dehhh pokoknya jan raguu brooo gas co,15,positive,0.31333163380622864
wobo6kay0t,Ukuran:sesuai dengan pesanan ukuran juga pas,5,0,1738471088,ukuran sesuai dengan pesanan ukuran juga pas,ukuran sesuai dengan pesanan ukuran juga pas,7,label_3,0.27370816469192505
ahmadgaming329,"Warna:sesuai mantap
Ukuran:pas
Kenyamanan:sangat nyaman dipakai

Sangat kelas king 👑",5,0,1760339944,warna sesuai mantap ukuran pas kenyamanan sangat nyaman dipakai sangat kelas king,warna sesuai mantap ukuran pas kenyamanan sangat nyaman dipakai sangat kelas king,12,positive,0.31785470247268677
y93rc0nemm,"Warna:sesuai pesanan
Ukuran:L
Kenyamanan:lumayan

Helm nya ada lecet dikit TPI gpp lah",5,0,1760867136,warna sesuai pesanan ukuran l kenyamanan lumayan helm nya ada lecet dikit tpi gpp lah,warna sesuai pesanan ukuran l kenyamanan lumayan helm nya ada lecet dikit tpi gpp lah,15,positive,0.2964385151863098
budi_khoiri,"Warna:sesuai dengan pesanan
Ukuran:pas untuk saya yang xl
Kenyamanan:mantap

Barang sampai dengan selamat sesuai dengan pesanan 👍",5,0,1762432644,warna sesuai dengan pesanan ukuran pas untuk saya yang xl kenyamanan mantap barang sampai dengan selamat sesuai dengan pesanan,warna sesuai dengan pesanan ukuran pas untuk saya yang xl kenyamanan mantap barang sampai dengan selamat sesuai dengan pesanan,19,positive,0.28782445192337036
dessy_yani,"Warna:bagus
Ukuran:pas
Kenyamanan:nyaman

Anak ku suka banget",5,0,1747390759,warna bagus ukuran pas kenyamanan nyaman anak ku suka banget,warna bagus ukuran pas kenyamanan nyaman anak ku suka banget,10,label_3,0.3076275587081909
t.aan28,"Warna:hitam dof
Ukuran:pas di kepala
Kenyamanan:accesoris di belakang helem cuma pake perekat",5,0,1751007644,warna hitam dof ukuran pas di kepala kenyamanan accesoris di belakang helem cuma pake perekat,warna hitam dof ukuran pas di kepala kenyamanan accesoris di belakang helem cuma pake perekat,15,label_3,0.3200374245643616
anggapraseptio71,"Warna:sangat bagus
Ukuran:pas
Kenyamanan:sangat nyaman

Sayang strip angin belakang bukan item, tapi gpp lah bagus !!",5,0,1753096957,warna sangat bagus ukuran pas kenyamanan sangat nyaman sayang strip angin belakang bukan item tapi gpp lah bagus,warna sangat bagus ukuran pas kenyamanan sangat nyaman sayang strip angin belakang bukan item tapi gpp lah bagus,18,positive,0.28812962770462036
jauzaannaji,"Warna:lumayan cuma ada baret dikit
Ukuran:pas
Kenyamanan:empuk bngt",5,0,1758109350,warna lumayan cuma ada baret dikit ukuran pas kenyamanan empuk bngt,warna lumayan cuma ada baret dikit ukuran pas kenyamanan empuk bngt,11,label_3,0.2946503758430481
rinto.usman,Barang sudah di Terima dengan sedikit lecet  tapi ngak pa pa lah semoga order yg selanjut nya barang nya mulus,4,0,1746444547,barang sudah di terima dengan sedikit lecet tapi ngak pa pa lah semoga order yg selanjut nya barang nya mulus,barang sudah di terima dengan sedikit lecet tapi ngak pa pa lah semoga order yg selanjut nya barang nya mulus,20,positive,0.28116297721862793
k*****2,Paket telah diterima dengan baik dan dalam keadaan baik terima kasih.,5,0,1743001039,paket telah diterima dengan baik dan dalam keadaan baik terima kasih,paket telah diterima dengan baik dan dalam keadaan baik terima kasih,11,positive,0.2953874170780182
m.hasan_akbar,"Warna:gk sesuai yg di pesan
Ukuran:gk pas tidak sesuai Yang di pesan
Kenyamanan:sangat tidak nyaman karna kebesaran

Agak menyesal karna saya beli 2 Helm yang warna sama cuman beda ukuran Dan yg datang  satu ukuran beda warna",5,0,1749561805,warna gk sesuai yg di pesan ukuran gk pas tidak sesuai yang di pesan kenyamanan sangat tidak nyaman karna kebesaran agak menyesal karna saya beli 2 helm yang warna sama cuman beda ukuran dan yg datang satu ukuran beda warna,warna gk sesuai yg di pesan ukuran gk pas tidak sesuai yang di pesan kenyamanan sangat tidak nyaman karna kebesaran agak menyesal karna saya beli 2 helm yang warna sama cuman beda ukuran dan yg datang satu ukuran beda warna,40,positive,0.2951722741127014
marwan840,Sangat bagus trima kasih bayak barang sesuai pesanan,5,0,1740073297,sangat bagus trima kasih bayak barang sesuai pesanan,sangat bagus trima kasih bayak barang sesuai pesanan,8,positive,0.3029288351535797
adisviber,"Kualitas:bagus
Cocok Untuk:pelindu seklaigus pake kaca siang malaam

Okee",5,0,1749111274,kualitas bagus cocok untuk pelindu seklaigus pake kaca siang malaam okee,kualitas bagus cocok untuk pelindu seklaigus pake kaca siang malaam okee,11,positive,0.30128079652786255
eyickinako,"lumayan,,, tp sedikit kegedean",5,0,1742552314,lumayan tp sedikit kegedean,lumayan tp sedikit kegedean,4,positive,0.30818524956703186
alilah14,"Warna:Hitam
Ukuran:pas dan sesuai
Kenyamanan:sangat nyaman saat di kenakan

Puas banget dengan pesanannya , next bakalan pesen lagi😁",5,0,1743941557,warna hitam ukuran pas dan sesuai kenyamanan sangat nyaman saat di kenakan puas banget dengan pesanannya next bakalan pesen lagi,warna hitam ukuran pas dan sesuai kenyamanan sangat nyaman saat di kenakan puas banget dengan pesanannya next bakalan pesen lagi,20,positive,0.28847670555114746
m*****h,"Warna:sesuai iklan
Ukuran:pas
Kenyamanan:nyaman

Enak bgt anget pake helm ini karena busanya tebelll",5,0,1755174593,warna sesuai iklan ukuran pas kenyamanan nyaman enak bgt anget pake helm ini karena busanya tebelll,warna sesuai iklan ukuran pas kenyamanan nyaman enak bgt anget pake helm ini karena busanya tebelll,16,label_3,0.2925738990306854
lemariminibunda,"Warna:Putih
Ukuran:pas
Kenyamanan:nyaman dipakai, ttapi busa yang diatas agak tipis

Overall helm nya bagusss, tapi ada beberapa yang kurang potongannya.",3,0,1745113921,warna putih ukuran pas kenyamanan nyaman dipakai ttapi busa yang diatas agak tipis overall helm nya bagusss tapi ada beberapa yang kurang potongannya,warna putih ukuran pas kenyamanan nyaman dipakai ttapi busa yang diatas agak tipis overall helm nya bagusss tapi ada beberapa yang kurang potongannya,23,positive,0.2751326560974121
hendrogubuktiwul,"Warna:sesuai dengan pesanan
Ukuran:pas di kepala
Kenyamanan:nyaman saat dikenakan

Tidak mengecewakan dengan harga segitu",5,0,1757862290,warna sesuai dengan pesanan ukuran pas di kepala kenyamanan nyaman saat dikenakan tidak mengecewakan dengan harga segitu,warna sesuai dengan pesanan ukuran pas di kepala kenyamanan nyaman saat dikenakan tidak mengecewakan dengan harga segitu,17,positive,0.278979629278183
lzfh1qs02c,"Warna:sesuai
Ukuran:pas
Kenyamanan:sangt nyaman

Penjualnya amanah",5,0,1736379694,warna sesuai ukuran pas kenyamanan sangt nyaman penjualnya amanah,warna sesuai ukuran pas kenyamanan sangt nyaman penjualnya amanah,9,positive,0.27667176723480225
arez_r3ds,"Warna:abu dof
Ukuran:pas
Kenyamanan:nyaman

Diluar ekspektasi dgn harga segitu, mantap luar biasa",5,0,1746611055,warna abu dof ukuran pas kenyamanan nyaman diluar ekspektasi dgn harga segitu mantap luar biasa,warna abu dof ukuran pas kenyamanan nyaman diluar ekspektasi dgn harga segitu mantap luar biasa,15,positive,0.2720182240009308
komali,"Warna:bagus
Ukuran:pas dan sesuai
Kenyamanan:ringan nyamab dipakai

Terima kasih paket udah sampai, pengiriman lama, tapi allhamdulillah akhirnya datang juga",5,0,1747703911,warna bagus ukuran pas dan sesuai kenyamanan ringan nyamab dipakai terima kasih paket udah sampai pengiriman lama tapi allhamdulillah akhirnya datang juga,warna bagus ukuran pas dan sesuai kenyamanan ringan nyamab dipakai terima kasih paket udah sampai pengiriman lama tapi allhamdulillah akhirnya datang juga,22,positive,0.3089546859264374
zakier088260043,"Bagus bangeut, terimakasih banyak ya",5,1,1746607527,bagus bangeut terimakasih banyak ya,bagus bangeut terimakasih banyak ya,5,positive,0.3277168571949005
4xi0256nm8,"Warna:sesuai
Ukuran:pas
Kenyamanan:lumayan

Tipis helm nya, tapi lumayan sih harga segitu",5,0,1756744188,warna sesuai ukuran pas kenyamanan lumayan tipis helm nya tapi lumayan sih harga segitu,warna sesuai ukuran pas kenyamanan lumayan tipis helm nya tapi lumayan sih harga segitu,14,label_3,0.2626986503601074
adityasurnap,"Warna:mint
Ukuran:L",5,0,1737044066,warna mint ukuran l,warna mint ukuran l,4,label_3,0.2729983329772949
gjdghhnkd9,"Warna:sesuai vidio
Ukuran:ukuran M serasa ukuran L
Kenyamanan:lumayan

Pengiriman paket lumayan lama, akhirnya datang juga",4,0,1741701472,warna sesuai vidio ukuran ukuran m serasa ukuran l kenyamanan lumayan pengiriman paket lumayan lama akhirnya datang juga,warna sesuai vidio ukuran ukuran m serasa ukuran l kenyamanan lumayan pengiriman paket lumayan lama akhirnya datang juga,18,positive,0.284805566072464
a*****9,Paket Telah di terima dengan baik kualitas Produk Sangat baik terimakasih,5,0,1762660587,paket telah di terima dengan baik kualitas produk sangat baik terimakasih,paket telah di terima dengan baik kualitas produk sangat baik terimakasih,11,positive,0.2811756730079651
pratamappri20,"Warna:hitam D
Ukuran:L
Kenyamanan:Nyaman

Bagus",5,0,1745148261,warna hitam d ukuran l kenyamanan nyaman bagus,warna hitam d ukuran l kenyamanan nyaman bagus,8,label_3,0.2873685657978058
t*****o,"Warna:sesuai harapan
Ukuran:pas di hati dan kepala
Kenyamanan:ringan sangat nyaman dan mengesankan",5,0,1739713928,warna sesuai harapan ukuran pas di hati dan kepala kenyamanan ringan sangat nyaman dan mengesankan,warna sesuai harapan ukuran pas di hati dan kepala kenyamanan ringan sangat nyaman dan mengesankan,15,positive,0.2640235126018524
vlnaja,"Warna:bagus
Ukuran:pas
Kenyamanan:sangat nyaman dipakai

minus lecet dikit dah gitu aja klk tampilan oke bgt nih",4,0,1742548038,warna bagus ukuran pas kenyamanan sangat nyaman dipakai minus lecet dikit dah gitu aja klk tampilan oke bgt nih,warna bagus ukuran pas kenyamanan sangat nyaman dipakai minus lecet dikit dah gitu aja klk tampilan oke bgt nih,19,positive,0.3052906394004822
8371837_7373,,5,1,1735387613,,,1,positive,0.27766895294189453
z*****y,"Warna:.

Alhamdulillah paket sudah sampai dengan selamat... Paket sesuai pesanan dan recomended... Barang ori... Next time order tipe lain... Makasih seller dan kurirnya sukses selalu amiin... 🫰🫰🫰",5,1,1763223710,warna alhamdulillah paket sudah sampai dengan selamat paket sesuai pesanan dan recomended barang ori next time order tipe lain makasih seller dan kurirnya sukses selalu amiin,warna alhamdulillah paket sudah sampai dengan selamat paket sesuai pesanan dan recomended barang ori next time order tipe lain makasih seller dan kurirnya sukses selalu amiin,26,positive,0.3068089485168457
m*****7,"Kenyamanan:Terasa Ringan

Busa Terlalu Kecil... Tapi Sesuai Lah Dengan Harga Segitu",5,0,1759199985,kenyamanan terasa ringan busa terlalu kecil tapi sesuai lah dengan harga segitu,kenyamanan terasa ringan busa terlalu kecil tapi sesuai lah dengan harga segitu,12,label_3,0.25579944252967834
dennisleonard,"Warna:Hitam
Ukuran:L
Kenyamanan:Tidak nyaman jika jalanan hancur

Helmnya bikin sakit kepala kalau jalanan hancur",5,0,1747416870,warna hitam ukuran l kenyamanan tidak nyaman jika jalanan hancur helmnya bikin sakit kepala kalau jalanan hancur,warna hitam ukuran l kenyamanan tidak nyaman jika jalanan hancur helmnya bikin sakit kepala kalau jalanan hancur,17,label_3,0.27471622824668884
m*****3,"Warna:item
Ukuran:xl
Kenyamanan:sangat cocok untuk harga terjangkau

sangat rekomendasi untuk harga yang terjangkau",5,0,1755000974,warna item ukuran xl kenyamanan sangat cocok untuk harga terjangkau sangat rekomendasi untuk harga yang terjangkau,warna item ukuran xl kenyamanan sangat cocok untuk harga terjangkau sangat rekomendasi untuk harga yang terjangkau,16,positive,0.2754759192466736
qorifebrian27,"Warna:sesuai
Ukuran:pas
Kenyamanan:bolehlah

Barang oke, sesuai pesanan,respon cpt.tp syg pakingnya asal2an.untung barangnya g knp2.kondisi kardusnya mangap terbuka sebagian.keseluruhan oke cm syg dipaking aja yg kurang bagus.",5,0,1756381881,warna sesuai ukuran pas kenyamanan bolehlah barang oke sesuai pesanan respon cpt tp syg pakingnya asal2an untung barangnya g knp2 kondisi kardusnya mangap terbuka sebagian keseluruhan oke cm syg dipaking aja yg kurang bagus,warna sesuai ukuran pas kenyamanan bolehlah barang oke sesuai pesanan respon cpt tp syg pakingnya asal2an untung barangnya g knp2 kondisi kardusnya mangap terbuka sebagian keseluruhan oke cm syg dipaking aja yg kurang bagus,34,positive,0.2812841534614563
pianvian823,"Warna:putih
Ukuran:M
Kenyamanan:pas dan nyaman di pakai",5,0,1744866738,warna putih ukuran m kenyamanan pas dan nyaman di pakai,warna putih ukuran m kenyamanan pas dan nyaman di pakai,10,label_3,0.2786191403865814
s*****1,bagus nyaman keren untuk harga yang terjangkau paket komplit dah,5,0,1762699896,bagus nyaman keren untuk harga yang terjangkau paket komplit dah,bagus nyaman keren untuk harga yang terjangkau paket komplit dah,10,positive,0.32723280787467957
j*****p,"Warna:grey dof
Ukuran:pas
Kenyamanan:mantap

kualitas mantap, sesuai dgn harga, pengiriman agak lambat, semoga awet, berkah, dan sukses selalu",5,0,1741655680,warna grey dof ukuran pas kenyamanan mantap kualitas mantap sesuai dgn harga pengiriman agak lambat semoga awet berkah dan sukses selalu,warna grey dof ukuran pas kenyamanan mantap kualitas mantap sesuai dgn harga pengiriman agak lambat semoga awet berkah dan sukses selalu,21,positive,0.2629256844520569
tthoshanto,Untuk harga segitu y lumayan.. Semoga awet amin. Mksh,5,0,1752836488,untuk harga segitu y lumayan semoga awet amin mksh,untuk harga segitu y lumayan semoga awet amin mksh,9,positive,0.3258858025074005
ciefajri,"Warna:pas sesuai pesanan
Ukuran:L dan pas skali di kpala tdak longgar
Kenyamanan:cukup nyaman

Helm nya bagus ringan enak di pakai, walaupun ada lobang baut yg patah tpi masih bisa di atasi..pengiriman cepat..",5,0,1752467213,warna pas sesuai pesanan ukuran l dan pas skali di kpala tdak longgar kenyamanan cukup nyaman helm nya bagus ringan enak di pakai walaupun ada lobang baut yg patah tpi masih bisa di atasi pengiriman cepat,warna pas sesuai pesanan ukuran l dan pas skali di kpala tdak longgar kenyamanan cukup nyaman helm nya bagus ringan enak di pakai walaupun ada lobang baut yg patah tpi masih bisa di atasi pengiriman cepat,36,positive,0.29321083426475525
t*****o,Alhamdulillah Paket ganteng sudah nyampe well pkonya mah,5,0,1743224619,alhamdulillah paket ganteng sudah nyampe well pkonya mah,alhamdulillah paket ganteng sudah nyampe well pkonya mah,8,positive,0.3307638168334961
nazvin0410,"Warna:hitam d
Ukuran:m
Kenyamanan:nyaman di kepala

Helmnya sangat keren elegan kekinian,di bungkus kembali biar ga berdebu hehe",5,0,1753155107,warna hitam d ukuran m kenyamanan nyaman di kepala helmnya sangat keren elegan kekinian di bungkus kembali biar ga berdebu hehe,warna hitam d ukuran m kenyamanan nyaman di kepala helmnya sangat keren elegan kekinian di bungkus kembali biar ga berdebu hehe,21,positive,0.3076924979686737
dipra_023,"Warna:sangat bagus dan sesuai dengan ekspektasi
Ukuran:pas dan sesuai
Kenyamanan:nyaman saat dipakai

Pengiriman cepat produk sesuai packing rapi harga murah kualitas bagus",5,0,1755607684,warna sangat bagus dan sesuai dengan ekspektasi ukuran pas dan sesuai kenyamanan nyaman saat dipakai pengiriman cepat produk sesuai packing rapi harga murah kualitas bagus,warna sangat bagus dan sesuai dengan ekspektasi ukuran pas dan sesuai kenyamanan nyaman saat dipakai pengiriman cepat produk sesuai packing rapi harga murah kualitas bagus,25,label_3,0.2530100345611572
anangkprn,"Warna:bagus
Ukuran:pas
Kenyamanan:nyaman dan tebal

Barang bagus dan aman, walaupun dos penyok",5,0,1747286218,warna bagus ukuran pas kenyamanan nyaman dan tebal barang bagus dan aman walaupun dos penyok,warna bagus ukuran pas kenyamanan nyaman dan tebal barang bagus dan aman walaupun dos penyok,15,label_3,0.2693740129470825
a*****3,"Warna:hitam
Ukuran:M
Kenyamanan:Busa tebal

Barang nya sesuai 
Next time order lagi 
Makasih ya kak",5,0,1740904413,warna hitam ukuran m kenyamanan busa tebal barang nya sesuai next time order lagi makasih ya kak,warna hitam ukuran m kenyamanan busa tebal barang nya sesuai next time order lagi makasih ya kak,17,positive,0.3309575319290161
dodisetiawan202,"Warna:sangat bagus dan sesuai gambar
Ukuran:ukuran produk pas dan sesuai
Kenyamanan:sangat nyaman saat dikenakan

Barang dah sampe alhamdulillah gak ada yang lecet atau rusak sangat rapi bungkus nya meski agak telat datang 5 hari baru sampe rumah ni helm 
Makasih ya buat toko nya sesuai sama yang di gambar dah mantap.....",5,0,1759231965,warna sangat bagus dan sesuai gambar ukuran ukuran produk pas dan sesuai kenyamanan sangat nyaman saat dikenakan barang dah sampe alhamdulillah gak ada yang lecet atau rusak sangat rapi bungkus nya meski agak telat datang 5 hari baru sampe rumah ni helm makasih ya buat toko nya sesuai sama yang di gambar dah mantap,warna sangat bagus dan sesuai gambar ukuran ukuran produk pas dan sesuai kenyamanan sangat nyaman saat dikenakan barang dah sampe alhamdulillah gak ada yang lecet atau rusak sangat rapi bungkus nya meski agak telat datang 5 hari baru sampe rumah ni helm makasih ya buat toko nya sesuai sama yang di gambar dah mantap,54,positive,0.27643266320228577
hengkisibawel,"Warna:hitm dop sesuai pesanan
Ukuran:pas...bget
Kenyamanan:empuk gk bkin pegel di leher

tampiln bgus lumyan dengn harga segitu",5,0,1759664469,warna hitm dop sesuai pesanan ukuran pas bget kenyamanan empuk gk bkin pegel di leher tampiln bgus lumyan dengn harga segitu,warna hitm dop sesuai pesanan ukuran pas bget kenyamanan empuk gk bkin pegel di leher tampiln bgus lumyan dengn harga segitu,21,positive,0.3122735917568207
owietekor,"Warna:HKM COSMO HITAM D,L
Ukuran:sesuai
Kenyamanan:helm ringan nyaman da ganteng sob🔥",5,1,1752213104,warna hkm cosmo hitam d l ukuran sesuai kenyamanan helm ringan nyaman da ganteng sob,warna hkm cosmo hitam d l ukuran sesuai kenyamanan helm ringan nyaman da ganteng sob,15,positive,0.31138700246810913
adun_sekarepmu,"Warna:sesuai gambar

Mantap pokonya mah pengiriman cepat dan satset pokonya mah,",5,0,1760015423,warna sesuai gambar mantap pokonya mah pengiriman cepat dan satset pokonya mah,warna sesuai gambar mantap pokonya mah pengiriman cepat dan satset pokonya mah,12,label_3,0.30513420701026917
asep45dadan,"Warna:sesuai bagus glos
Ukuran:pas
Kenyamanan:sedikit kurang

Kaca nya kaya gak ori. Aga keras kalo di tutup rapet",5,0,1745035912,warna sesuai bagus glos ukuran pas kenyamanan sedikit kurang kaca nya kaya gak ori aga keras kalo di tutup rapet,warna sesuai bagus glos ukuran pas kenyamanan sedikit kurang kaca nya kaya gak ori aga keras kalo di tutup rapet,20,positive,0.2651640772819519
iwx9k_tuiv,"Warna:sesuai
Ukuran:pas dan sesuai
Kenyamanan:lumayan lah sesuai harga",5,0,1756553728,warna sesuai ukuran pas dan sesuai kenyamanan lumayan lah sesuai harga,warna sesuai ukuran pas dan sesuai kenyamanan lumayan lah sesuai harga,11,label_3,0.27723273634910583
sidikdesuarga,"Warna:oke
Ukuran:pas untuk XL nya
Kenyamanan:oke

Untuk di harga 150 sih udh oke bgt ya, disamping ada detail² kecil yg msh kurang rapi kyk lem yg bleber, atau lem yg kurang kuat",5,0,1749618037,warna oke ukuran pas untuk xl nya kenyamanan oke untuk di harga 150 sih udh oke bgt ya disamping ada detail kecil yg msh kurang rapi kyk lem yg bleber atau lem yg kurang kuat,warna oke ukuran pas untuk xl nya kenyamanan oke untuk di harga 150 sih udh oke bgt ya disamping ada detail kecil yg msh kurang rapi kyk lem yg bleber atau lem yg kurang kuat,35,positive,0.27555152773857117
donirosyid,"Warna:black glosy
Ukuran:m
Kenyamanan:nyaman",5,1,1741584453,warna black glosy ukuran m kenyamanan nyaman,warna black glosy ukuran m kenyamanan nyaman,7,label_3,0.27536213397979736
picfamiio3,"Warna:hkm cosmo grey, d, m
Kenyamanan:nyaman",5,0,1741507513,warna hkm cosmo grey d m kenyamanan nyaman,warna hkm cosmo grey d m kenyamanan nyaman,8,label_3,0.29242590069770813
ngfstore,"Warna:sesuai
Ukuran:pas
Kenyamanan:nyaman

Mantab..",5,0,1743102918,warna sesuai ukuran pas kenyamanan nyaman mantab,warna sesuai ukuran pas kenyamanan nyaman mantab,7,label_3,0.2983812391757965
davidkobi15,"Warna:sesuai dengan warna pesanan
Ukuran:pas
Kenyamanan:sangat nyaman

Barqng diterima dengan baik, pengemasan baik dilengkapi dengan bubble wrap, Pengiriman cepat, seller fast respon, sangat amanah, model helem keren dengan harga ekonomis, sesuai standar SNI lagi",5,12,1762075411,warna sesuai dengan warna pesanan ukuran pas kenyamanan sangat nyaman barqng diterima dengan baik pengemasan baik dilengkapi dengan bubble wrap pengiriman cepat seller fast respon sangat amanah model helem keren dengan harga ekonomis sesuai standar sni lagi,warna sesuai dengan warna pesanan ukuran pas kenyamanan sangat nyaman barqng diterima dengan baik pengemasan baik dilengkapi dengan bubble wrap pengiriman cepat seller fast respon sangat amanah model helem keren dengan harga ekonomis sesuai standar sni lagi,37,positive,0.24011847376823425
anas_0409,"Warna:sesuai
Ukuran:m
Kenyamanan:pengepakan amn bngt

Nympe dg baik",5,0,1744434092,warna sesuai ukuran m kenyamanan pengepakan amn bngt nympe dg baik,warna sesuai ukuran m kenyamanan pengepakan amn bngt nympe dg baik,11,label_3,0.2922014594078064
imammaul56,"Bagus banget, recommended banget dengan budget segitu",5,0,1747303235,bagus banget recommended banget dengan budget segitu,bagus banget recommended banget dengan budget segitu,7,label_3,0.31436625123023987
dianmelati14,"Warna:sangat bagus dan cocok
Ukuran:pas dikepala dan nyaman di pakai
Kenyamanan:ringan tidak berat",5,0,1759832881,warna sangat bagus dan cocok ukuran pas dikepala dan nyaman di pakai kenyamanan ringan tidak berat,warna sangat bagus dan cocok ukuran pas dikepala dan nyaman di pakai kenyamanan ringan tidak berat,16,positive,0.28690996766090393
v2l_6b1h3b,"Warna:bagus sesuai poto
Ukuran:ok
Kenyamanan:enak dipake",5,2,1740402842,warna bagus sesuai poto ukuran ok kenyamanan enak dipake,warna bagus sesuai poto ukuran ok kenyamanan enak dipake,9,label_3,0.3113138675689697
aroy2101,"Warna:bagus
Ukuran:pas
Kenyamanan:lumayan nyaman

Produk baik, bagus, nyaman",5,0,1736157792,warna bagus ukuran pas kenyamanan lumayan nyaman produk baik bagus nyaman,warna bagus ukuran pas kenyamanan lumayan nyaman produk baik bagus nyaman,11,positive,0.2733306586742401
donny8181,"Warna:abu²
Ukuran:pas L
Kenyamanan:lumayan

Mesen dof yg dateng glossy. Ya sudahlah... apa boleh bulet...",4,0,1745489312,warna abu ukuran pas l kenyamanan lumayan mesen dof yg dateng glossy ya sudahlah apa boleh bulet,warna abu ukuran pas l kenyamanan lumayan mesen dof yg dateng glossy ya sudahlah apa boleh bulet,17,positive,0.2944602370262146
derimaulidzakaria818,"Warna:hitam doff
Ukuran:m tapi agak kegedean
Kenyamanan:lumayan enak",5,0,1737715101,warna hitam doff ukuran m tapi agak kegedean kenyamanan lumayan enak,warna hitam doff ukuran m tapi agak kegedean kenyamanan lumayan enak,11,label_3,0.2939828932285309
a*****9,"Warna:hitam
Ukuran:XL sedang untuk di pakai
Kenyamanan:ringan

Helm half face MLA nya standar,saya meragu kan kualitas warnanya karena kurang kinclong",5,0,1753761503,warna hitam ukuran xl sedang untuk di pakai kenyamanan ringan helm half face mla nya standar saya meragu kan kualitas warnanya karena kurang kinclong,warna hitam ukuran xl sedang untuk di pakai kenyamanan ringan helm half face mla nya standar saya meragu kan kualitas warnanya karena kurang kinclong,24,positive,0.29509684443473816
t*****h,"Warna:bagus
Ukuran:pas tapi sayang nya salah beli ukuran
Kenyamanan:sangat nyaman",5,0,1757494863,warna bagus ukuran pas tapi sayang nya salah beli ukuran kenyamanan sangat nyaman,warna bagus ukuran pas tapi sayang nya salah beli ukuran kenyamanan sangat nyaman,13,label_3,0.2943958044052124
qomarichusna,"Barang sudah nyampek dan sudah diterima, sesuai pesanan, uk pas di kepala, packing aman.",5,0,1741594189,barang sudah nyampek dan sudah diterima sesuai pesanan uk pas di kepala packing aman,barang sudah nyampek dan sudah diterima sesuai pesanan uk pas di kepala packing aman,14,label_3,0.3112221360206604
ilham306,"Warna:sangat keren
Ukuran:kecil kurang besar , terpaksa buat anak
Kenyamanan:nyaman sesuai",5,0,1756554896,warna sangat keren ukuran kecil kurang besar terpaksa buat anak kenyamanan nyaman sesuai,warna sangat keren ukuran kecil kurang besar terpaksa buat anak kenyamanan nyaman sesuai,13,positive,0.2782151401042938
dhoxv3aydq,"Warna:abu2

Kerenn poll..",5,1,1750096102,warna abu2 kerenn poll,warna abu2 kerenn poll,4,positive,0.2898196876049042
rais210488,"Warna:pas sesuai
Ukuran:sesuai ukuran
Kenyamanan:sudah kelihatan Yaman,,, terimakasih seller",5,0,1742800789,warna pas sesuai ukuran sesuai ukuran kenyamanan sudah kelihatan yaman terimakasih seller,warna pas sesuai ukuran sesuai ukuran kenyamanan sudah kelihatan yaman terimakasih seller,12,positive,0.25027191638946533
d*****1,"Warna:sesuai
Ukuran:pas dan nyaman
Kenyamanan:nyaman

Barang sampe kemarin, barang tidk lecet atau tidak ada kerusakan. Utk harga sgtu bagus sih",5,0,1761555290,warna sesuai ukuran pas dan nyaman kenyamanan nyaman barang sampe kemarin barang tidk lecet atau tidak ada kerusakan utk harga sgtu bagus sih,warna sesuai ukuran pas dan nyaman kenyamanan nyaman barang sampe kemarin barang tidk lecet atau tidak ada kerusakan utk harga sgtu bagus sih,23,positive,0.30118364095687866
bqkl0ufjv7,"Helm murah berkualitas,d3ngan toko yang amanah dan berkarakter semoga tetap jaya",5,0,1757516090,helm murah berkualitas d3ngan toko yang amanah dan berkarakter semoga tetap jaya,helm murah berkualitas d3ngan toko yang amanah dan berkarakter semoga tetap jaya,12,positive,0.2628616690635681
putripatricia689,"Warna:pas
Ukuran:pas
Kenyamanan:sagat nyaman

Bagus tidk jonk",5,0,1738833075,warna pas ukuran pas kenyamanan sagat nyaman bagus tidk jonk,warna pas ukuran pas kenyamanan sagat nyaman bagus tidk jonk,10,positive,0.3302145004272461
masspatricktamfans,"Warna:hitam
Ukuran:M
Kenyamanan:sangat nyaman

iseng² jam 2 liat shopee eh eror shopee nya pdhl harganya ngga sgtu tapi disaya cuma 73.000 saya coba kirain boongan eh bnran dong 73.000 pas dateng udah gamau berharap banyak takut boong. eh bnran sesuai😭. alhamdulilah makasih seller",5,0,1753527324,warna hitam ukuran m kenyamanan sangat nyaman iseng jam 2 liat shopee eh eror shopee nya pdhl harganya ngga sgtu tapi disaya cuma 73 000 saya coba kirain boongan eh bnran dong 73 000 pas dateng udah gamau berharap banyak takut boong eh bnran sesuai alhamdulilah makasih seller,warna hitam ukuran m kenyamanan sangat nyaman iseng jam 2 liat shopee eh eror shopee nya pdhl harganya ngga sgtu tapi disaya cuma 73 000 saya coba kirain boongan eh bnran dong 73 000 pas dateng udah gamau berharap banyak takut boong eh bnran sesuai alhamdulilah makasih seller,48,positive,0.3206353783607483
a*****m,"Warna:Real pic
Ukuran:Pas dan Sesuai
Kenyamanan:Sangat nyaman saat di pakai

Buat kuat, kencang, bagus, rapih dan keren. Terima kasih",5,1,1752755704,warna real pic ukuran pas dan sesuai kenyamanan sangat nyaman saat di pakai buat kuat kencang bagus rapih dan keren terima kasih,warna real pic ukuran pas dan sesuai kenyamanan sangat nyaman saat di pakai buat kuat kencang bagus rapih dan keren terima kasih,22,positive,0.345546156167984
6_0pqywz34,"Warna:warna. bgus
Ukuran:pas dikepala enak dipakai
Kenyamanan:nyaman banget.",5,0,1748095945,warna warna bgus ukuran pas dikepala enak dipakai kenyamanan nyaman banget,warna warna bgus ukuran pas dikepala enak dipakai kenyamanan nyaman banget,11,label_3,0.29022642970085144
gendisr777,"Warna:hitam doff
Ukuran:XL
Kenyamanan:XL tapi kecil nyaman pas di kepala ga berat jg nyaman 😂",5,1,1763223741,warna hitam doff ukuran xl kenyamanan xl tapi kecil nyaman pas di kepala ga berat jg nyaman,warna hitam doff ukuran xl kenyamanan xl tapi kecil nyaman pas di kepala ga berat jg nyaman,17,positive,0.278145432472229
veyliatikamoningka,,5,0,1747724916,,,1,positive,0.27766895294189453
f*****a,"Warna:sangat bagus dan sesuai dengan gambar
Ukuran:ukuran produk yang pas dan sesuai
Kenyamanan:ringan dan nyaman saat dipakai

Nice, keres sii👌",5,2,1757210949,warna sangat bagus dan sesuai dengan gambar ukuran ukuran produk yang pas dan sesuai kenyamanan ringan dan nyaman saat dipakai nice keres sii,warna sangat bagus dan sesuai dengan gambar ukuran ukuran produk yang pas dan sesuai kenyamanan ringan dan nyaman saat dipakai nice keres sii,23,positive,0.26553332805633545
lianwindi,"Ukuran:L
Warna:hitam
Durabilitas:okela

Uda request warna grey malah tetep hitam",3,0,1735379067,ukuran l warna hitam durabilitas okela uda request warna grey malah tetep hitam,ukuran l warna hitam durabilitas okela uda request warna grey malah tetep hitam,13,label_3,0.2930067777633667
s_mwwhlr11,Baguss sesuai pesanan mksii yaa udh amanahh☺️,5,0,1732529676,baguss sesuai pesanan mksii yaa udh amanahh,baguss sesuai pesanan mksii yaa udh amanahh,7,positive,0.33213526010513306
didikdidik057,"Warna:hitam
Ukuran:l
Kualitas:oky

Barangnya udah Sampay dengan slamat barang nya mantap ma'af baru ngasik ulasan ea jooooos pokok nya",5,0,1735635987,warna hitam ukuran l kualitas oky barangnya udah sampay dengan slamat barang nya mantap ma af baru ngasik ulasan ea jooooos pokok nya,warna hitam ukuran l kualitas oky barangnya udah sampay dengan slamat barang nya mantap ma af baru ngasik ulasan ea jooooos pokok nya,23,positive,0.3191140592098236
joeyfaiz,"Warna:oke
Ukuran:oke
Kenyamanan:mntap

Smoga sukses slalu dan amanah mantapp",5,0,1745064444,warna oke ukuran oke kenyamanan mntap smoga sukses slalu dan amanah mantapp,warna oke ukuran oke kenyamanan mntap smoga sukses slalu dan amanah mantapp,12,positive,0.3031807541847229
jareminjaremin,"Tampilan:bagus
Cocok Untuk:touring
Kualitas:bagus

👍👍👍👍👍👍",5,0,1738064019,tampilan bagus cocok untuk touring kualitas bagus,tampilan bagus cocok untuk touring kualitas bagus,7,label_3,0.2791990041732788
aganyusufarifin,The best,5,0,1738734597,the best,the best,2,label_4,0.2416665107011795
yasintianur,"Warna:hitam dove
Ukuran:pas
Kenyamanan:nyaman

Barang datang sesuai pesanan
Packing aman sampai tujuan",4,0,1739889109,warna hitam dove ukuran pas kenyamanan nyaman barang datang sesuai pesanan packing aman sampai tujuan,warna hitam dove ukuran pas kenyamanan nyaman barang datang sesuai pesanan packing aman sampai tujuan,15,positive,0.28470203280448914
abuybkc,"Warna:sesuay
Ukuran:sesuay
Kenyamanan:mantap

Barang bagus rekomen",5,0,1743261775,warna sesuay ukuran sesuay kenyamanan mantap barang bagus rekomen,warna sesuay ukuran sesuay kenyamanan mantap barang bagus rekomen,9,label_3,0.2996131479740143
nunu220722,Top markotop sesuai banget semoga awet,5,0,1748504282,top markotop sesuai banget semoga awet,top markotop sesuai banget semoga awet,6,label_3,0.3013632297515869
irvan_hottua_fransiskus,,5,0,1747028048,,,1,positive,0.27766895294189453
rajofernando31,"Warna:ok
Ukuran:sayang nya di ukuran nya m sprti L
Kenyamanan:nyaman",5,0,1750336882,warna ok ukuran sayang nya di ukuran nya m sprti l kenyamanan nyaman,warna ok ukuran sayang nya di ukuran nya m sprti l kenyamanan nyaman,13,positive,0.2920806407928467
arie_pratama03,"Warna:warna oke
Ukuran:ukuran pas
Kenyamanan:nyaman sekali",5,0,1736780192,warna warna oke ukuran ukuran pas kenyamanan nyaman sekali,warna warna oke ukuran ukuran pas kenyamanan nyaman sekali,9,positive,0.2836102545261383
belqiupariaman,,5,0,1745117003,,,1,positive,0.27766895294189453
andry.saprik,,5,0,1749180907,,,1,positive,0.27766895294189453
i*****7,"Pesanan udah nyampe tepat waktu & dalam kondisi yang baik, terimakasih seller",5,0,1750932898,pesanan udah nyampe tepat waktu dalam kondisi yang baik terimakasih seller,pesanan udah nyampe tepat waktu dalam kondisi yang baik terimakasih seller,11,label_3,0.25370311737060547
choirur_rizky01,"Warna:abu abu
Ukuran:pas ke kepala
Kenyamanan:nyaman saat di gunakan

Ukuran warna sesuai dengan yang di gambar nyaman saat di gunakan",5,0,1738387232,warna abu abu ukuran pas ke kepala kenyamanan nyaman saat di gunakan ukuran warna sesuai dengan yang di gambar nyaman saat di gunakan,warna abu abu ukuran pas ke kepala kenyamanan nyaman saat di gunakan ukuran warna sesuai dengan yang di gambar nyaman saat di gunakan,23,positive,0.2797342538833618
wendisetiawan118,"Ukuran:M tapi kayak L size nya kayak dicabut busa pipi tipis pulak !
Kualitas:wort it lah untuk harga segituan mah
Warna:abu glosy",3,0,1735851436,ukuran m tapi kayak l size nya kayak dicabut busa pipi tipis pulak kualitas wort it lah untuk harga segituan mah warna abu glosy,ukuran m tapi kayak l size nya kayak dicabut busa pipi tipis pulak kualitas wort it lah untuk harga segituan mah warna abu glosy,24,positive,0.2899682819843292
didiksuyanto223,Sudah sampai terima kasih seller,5,0,1737619495,sudah sampai terima kasih seller,sudah sampai terima kasih seller,5,positive,0.281819611787796
fajarmuhamad322,"Warna:sangat bagus
Ukuran:pas
Kenyamanan:nyaman

Bagus termurah dikelasnya tapi mantap kualitasnya",5,0,1759247456,warna sangat bagus ukuran pas kenyamanan nyaman bagus termurah dikelasnya tapi mantap kualitasnya,warna sangat bagus ukuran pas kenyamanan nyaman bagus termurah dikelasnya tapi mantap kualitasnya,13,positive,0.2942843735218048
reyrey037,Bagus!,5,1,1750096204,bagus,bagus,1,positive,0.25675544142723083
o*****i,"Warna:ok
Ukuran:pas
Kenyamanan:kedap

bagus sesuai harga",5,0,1745499164,warna ok ukuran pas kenyamanan kedap bagus sesuai harga,warna ok ukuran pas kenyamanan kedap bagus sesuai harga,9,label_3,0.2639692425727844
kam9qcam5j,,5,0,1743223716,,,1,positive,0.27766895294189453
alvijie79,Kualitas maaf ya saya rasa masih baik saj bukan yang waoow begitu wajar lah ya dengan harga 150 an jangan berkhayal dapat kualitas kayak KYT pokok ok saja bukan yg waow begitu makasih,4,0,1746321883,kualitas maaf ya saya rasa masih baik saj bukan yang waoow begitu wajar lah ya dengan harga 150 an jangan berkhayal dapat kualitas kayak kyt pokok ok saja bukan yg waow begitu makasih,kualitas maaf ya saya rasa masih baik saj bukan yang waoow begitu wajar lah ya dengan harga 150 an jangan berkhayal dapat kualitas kayak kyt pokok ok saja bukan yg waow begitu makasih,33,positive,0.3633626103401184
rizkyardiansyah_,,5,0,1744390699,,,1,positive,0.27766895294189453
coberic298,,5,0,1742979503,,,1,positive,0.27766895294189453
tcinch6ozq,"Warna:ok
Ukuran:kebesaran
Kenyamanan:kurang nyaman

Pesen nya yg hitam kirim nya yg hijau",5,0,1746081787,warna ok ukuran kebesaran kenyamanan kurang nyaman pesen nya yg hitam kirim nya yg hijau,warna ok ukuran kebesaran kenyamanan kurang nyaman pesen nya yg hitam kirim nya yg hijau,15,positive,0.2843339145183563
a*****1,"Warna:sangat bagus dan sesuai gambar
Ukuran:sangat pas
Kenyamanan:sangat nyaman saat di pakai

mantap keren pengiriman cepat
respon penjual cepat
tapi sayang kardusnya penyok
tapi tidak apa apa lah yang penting barang bagus
no lecet²",5,0,1760858505,warna sangat bagus dan sesuai gambar ukuran sangat pas kenyamanan sangat nyaman saat di pakai mantap keren pengiriman cepat respon penjual cepat tapi sayang kardusnya penyok tapi tidak apa apa lah yang penting barang bagus no lecet,warna sangat bagus dan sesuai gambar ukuran sangat pas kenyamanan sangat nyaman saat di pakai mantap keren pengiriman cepat respon penjual cepat tapi sayang kardusnya penyok tapi tidak apa apa lah yang penting barang bagus no lecet,37,positive,0.25185731053352356
m.adeeffendi,Alhamdulillah pesanan telah sampai sesuai apa yang di pesan...,5,0,1747745495,alhamdulillah pesanan telah sampai sesuai apa yang di pesan,alhamdulillah pesanan telah sampai sesuai apa yang di pesan,9,label_3,0.27281999588012695
soleh2707,"Warna:sesuai keinginan dan harapan yg slalu ku inginkan
Ukuran:pas dan pas
Kenyamanan:sesuai banet

Mantap bosQ, sesuai yg di inginkn, cepat dan satset",5,0,1752419458,warna sesuai keinginan dan harapan yg slalu ku inginkan ukuran pas dan pas kenyamanan sesuai banet mantap bosq sesuai yg di inginkn cepat dan satset,warna sesuai keinginan dan harapan yg slalu ku inginkan ukuran pas dan pas kenyamanan sesuai banet mantap bosq sesuai yg di inginkn cepat dan satset,25,positive,0.28493642807006836
sultanathariez,"Warna:merah dof
Ukuran:L
Kenyamanan:pas

Barang sudah diterima dengan baik 👍",5,0,1761662516,warna merah dof ukuran l kenyamanan pas barang sudah diterima dengan baik,warna merah dof ukuran l kenyamanan pas barang sudah diterima dengan baik,12,label_3,0.27084222435951233
aditgsd,"Warna:sesuai pesanan
Ukuran:pas
Kenyamanan:nyaman saat di pakai

Mantap deh pokonya, udh da spoiler'a lagi👍",5,0,1760143278,warna sesuai pesanan ukuran pas kenyamanan nyaman saat di pakai mantap deh pokonya udh da spoiler a lagi,warna sesuai pesanan ukuran pas kenyamanan nyaman saat di pakai mantap deh pokonya udh da spoiler a lagi,18,label_3,0.28530067205429077
khairulkhamsyah,,5,0,1745674081,,,1,positive,0.27766895294189453
n*****4,"Warna:bagus, sesuai gambar
Ukuran:ukuran sangat pas. busa pres
Kenyamanan:nyaman banget buat di pakai

Sudah bagus. Cuman saya kurang suka kurirnya. Masak saya yang harus jemput. Bukan malah di anterin kerumah",5,0,1743826882,warna bagus sesuai gambar ukuran ukuran sangat pas busa pres kenyamanan nyaman banget buat di pakai sudah bagus cuman saya kurang suka kurirnya masak saya yang harus jemput bukan malah di anterin kerumah,warna bagus sesuai gambar ukuran ukuran sangat pas busa pres kenyamanan nyaman banget buat di pakai sudah bagus cuman saya kurang suka kurirnya masak saya yang harus jemput bukan malah di anterin kerumah,33,positive,0.30126628279685974
6kx5r9sk_n,"Warna:sangat ccok dngan pilihan hati
Ukuran:sangat pas
Kenyamanan:nyaman d pakai

Ccok ssui pesanan.. Cma kecawa dgn pengiriman.a yg agak lambat",5,0,1749617795,warna sangat ccok dngan pilihan hati ukuran sangat pas kenyamanan nyaman d pakai ccok ssui pesanan cma kecawa dgn pengiriman a yg agak lambat,warna sangat ccok dngan pilihan hati ukuran sangat pas kenyamanan nyaman d pakai ccok ssui pesanan cma kecawa dgn pengiriman a yg agak lambat,24,positive,0.28756871819496155
kk_efkha,,5,0,1744436262,,,1,positive,0.27766895294189453
rahmadsyabirin50779,"Warna:sesuai deskripsi grey doff 😃
Ukuran:pas di kepala dan nyaman 🙂
Kenyamanan:nyaman dan cocok dipakai sunmori dan style

Terima Kasih buat seller sukses dan lancar selalu usahanya 🤲🏻 buat yang nyari helm kekinian beli disini dijamin barangnya bagus dan berkualitas 👍🏻",5,0,1752329024,warna sesuai deskripsi grey doff ukuran pas di kepala dan nyaman kenyamanan nyaman dan cocok dipakai sunmori dan style terima kasih buat seller sukses dan lancar selalu usahanya buat yang nyari helm kekinian beli disini dijamin barangnya bagus dan berkualitas,warna sesuai deskripsi grey doff ukuran pas di kepala dan nyaman kenyamanan nyaman dan cocok dipakai sunmori dan style terima kasih buat seller sukses dan lancar selalu usahanya buat yang nyari helm kekinian beli disini dijamin barangnya bagus dan berkualitas,40,positive,0.2702963948249817
bahtiartiarmuslim,"Warna:bagus
Ukuran:ukuran pas
Kenyamanan:nyaman

Helm bagus Mayan buat hari²",5,0,1746534459,warna bagus ukuran ukuran pas kenyamanan nyaman helm bagus mayan buat hari,warna bagus ukuran ukuran pas kenyamanan nyaman helm bagus mayan buat hari,12,positive,0.2857624590396881
y*****a,"Warna:cerah menyenangkan
Ukuran:pas sekali d kpala
Kenyamanan:nyaman di pakai cuma pengaitnya ga mau kenceng agak longgar",5,0,1760415073,warna cerah menyenangkan ukuran pas sekali d kpala kenyamanan nyaman di pakai cuma pengaitnya ga mau kenceng agak longgar,warna cerah menyenangkan ukuran pas sekali d kpala kenyamanan nyaman di pakai cuma pengaitnya ga mau kenceng agak longgar,19,positive,0.27804264426231384
kh4dpiyqrp,"Warna:bagus
Ukuran:sesuai
Kenyamanan:sangat bagus sesuai dengan harga ya",5,0,1737608110,warna bagus ukuran sesuai kenyamanan sangat bagus sesuai dengan harga ya,warna bagus ukuran sesuai kenyamanan sangat bagus sesuai dengan harga ya,11,positive,0.34569427371025085
dedytarikan,,5,0,1738716875,,,1,positive,0.27766895294189453
anjalnugroho351,"Warna:bagus
Ukuran:pas
Kenyamanan:nyaman banget

Mantan ga kecewa",5,0,1744085841,warna bagus ukuran pas kenyamanan nyaman banget mantan ga kecewa,warna bagus ukuran pas kenyamanan nyaman banget mantan ga kecewa,10,label_3,0.30465811491012573
finn77,"Warna:hitam dob
Ukuran:m
Kenyamanan:ok

Sesuai ekspektasi mantap, keren",5,0,1742799704,warna hitam dob ukuran m kenyamanan ok sesuai ekspektasi mantap keren,warna hitam dob ukuran m kenyamanan ok sesuai ekspektasi mantap keren,11,label_3,0.30035829544067383
pakdekintong,"Warna:hitam doff
Ukuran:xl
Kenyamanan:cukup nyaman

Ukuran XL agak kurang gede sedikit di saya 
Untuk barang mantep kualitas Oky buat harga segitu jangan ragu beli di sini",5,0,1760163492,warna hitam doff ukuran xl kenyamanan cukup nyaman ukuran xl agak kurang gede sedikit di saya untuk barang mantep kualitas oky buat harga segitu jangan ragu beli di sini,warna hitam doff ukuran xl kenyamanan cukup nyaman ukuran xl agak kurang gede sedikit di saya untuk barang mantep kualitas oky buat harga segitu jangan ragu beli di sini,29,positive,0.3027579188346863
n*****a,"Warna:putih
Ukuran:xl
Kenyamanan:nyaman

Waktu pesanan d terimah dos keadaan penyok dan sobek, untung helmnya g kenapa² sdh kepikiran klu pecah. Mau di retur tp alhamdulilah helm nya utuh.
Next packingnya agak di amankan lg. Biar lebih aman.
Untuk semuanya terimakasih. Untk pelapak🙏🏻
Tak kasih bintang 5⭐⭐⭐⭐⭐",5,1,1755772835,warna putih ukuran xl kenyamanan nyaman waktu pesanan d terimah dos keadaan penyok dan sobek untung helmnya g kenapa sdh kepikiran klu pecah mau di retur tp alhamdulilah helm nya utuh next packingnya agak di amankan lg biar lebih aman untuk semuanya terimakasih untk pelapak tak kasih bintang 5,warna putih ukuran xl kenyamanan nyaman waktu pesanan d terimah dos keadaan penyok dan sobek untung helmnya g kenapa sdh kepikiran klu pecah mau di retur tp alhamdulilah helm nya utuh next packingnya agak di amankan lg biar lebih aman untuk semuanya terimakasih untk pelapak tak kasih bintang 5,49,positive,0.2916003167629242
s*****1,,5,0,1749060001,,,1,positive,0.27766895294189453
andriksuyatno,Sesuai pesanan dan pas ukurannya disaya Terima kasih selleer dan bang kurirnya 👍,5,0,1759468878,sesuai pesanan dan pas ukurannya disaya terima kasih selleer dan bang kurirnya,sesuai pesanan dan pas ukurannya disaya terima kasih selleer dan bang kurirnya,12,positive,0.29288575053215027
muhammadrendyakbar,"Barang cepat sampai tp keadaan seperti yg di hambar, lecet², kotanya seperti itu gak bagus kurirnya",2,0,1742648151,barang cepat sampai tp keadaan seperti yg di hambar lecet kotanya seperti itu gak bagus kurirnya,barang cepat sampai tp keadaan seperti yg di hambar lecet kotanya seperti itu gak bagus kurirnya,16,positive,0.2873039245605469
syafutrii,"Warna:Hitam
Ukuran:M
Kenyamanan:Nyaman dan ringan

Worth to buy, nuhun seller..",5,0,1756165338,warna hitam ukuran m kenyamanan nyaman dan ringan worth to buy nuhun seller,warna hitam ukuran m kenyamanan nyaman dan ringan worth to buy nuhun seller,13,label_3,0.3116248548030853
ika_arlina1,"Warna:grey G
Ukuran:m

Realpick",5,0,1737597729,warna grey g ukuran m realpick,warna grey g ukuran m realpick,6,label_3,0.27927112579345703
kresnafilipi45,"Warna:bagus
Ukuran:pas
Kenyamanan:sangat nyaman, busa tebal

Paket sudah mendarat dengan selamat dan packing sangat rapi dan rapat 
Terimakasih 😁",5,0,1750506263,warna bagus ukuran pas kenyamanan sangat nyaman busa tebal paket sudah mendarat dengan selamat dan packing sangat rapi dan rapat terimakasih,warna bagus ukuran pas kenyamanan sangat nyaman busa tebal paket sudah mendarat dengan selamat dan packing sangat rapi dan rapat terimakasih,21,positive,0.3335368037223816
tekhnikalgorontalo,"Warna:sangat bagus
Ukuran:pas
Kenyamanan:ringan di pakai

Nyaman di pakai setiap berkendraan",5,0,1745059710,warna sangat bagus ukuran pas kenyamanan ringan di pakai nyaman di pakai setiap berkendraan,warna sangat bagus ukuran pas kenyamanan ringan di pakai nyaman di pakai setiap berkendraan,14,positive,0.2633708119392395
ajay.szh,,5,0,1736235877,,,1,positive,0.27766895294189453
2207lvk5h2,,5,0,1738468166,,,1,positive,0.27766895294189453
japrageming,Bintang yg bicara,5,0,1740833283,bintang yg bicara,bintang yg bicara,3,label_3,0.2510945796966553
nurul_ardila02,,5,1,1750096247,,,1,positive,0.27766895294189453
syifathan,"Warna:sangat bagus
Ukuran:ukuran pas
Kenyamanan:ringan dan nyaman

Pengiriman cepat mantap",5,0,1751105040,warna sangat bagus ukuran ukuran pas kenyamanan ringan dan nyaman pengiriman cepat mantap,warna sangat bagus ukuran ukuran pas kenyamanan ringan dan nyaman pengiriman cepat mantap,13,label_3,0.2687525451183319
oshinbeauty_sedayu,"Warna:sesuai pesanan
Ukuran:pas
Kenyamanan:lumayan

Baik bagus",5,0,1740564844,warna sesuai pesanan ukuran pas kenyamanan lumayan baik bagus,warna sesuai pesanan ukuran pas kenyamanan lumayan baik bagus,9,positive,0.2784721851348877
r*****l,"barang sampai sesuai pesanan, gada yang kurang, mulus no minus",5,0,1758115447,barang sampai sesuai pesanan gada yang kurang mulus no minus,barang sampai sesuai pesanan gada yang kurang mulus no minus,10,label_3,0.3127007484436035
arkanciberem,"Warna:sesuay
Ukuran:pas
Kenyamanan:baik

Sesuay pengiriman cepat",5,0,1741336699,warna sesuay ukuran pas kenyamanan baik sesuay pengiriman cepat,warna sesuay ukuran pas kenyamanan baik sesuay pengiriman cepat,9,label_3,0.2889932096004486
fadli.dawali,"Warna:sangat bagus
Ukuran:ukuran pas
Kenyamanan:ringan dan nyaman",5,0,1745397077,warna sangat bagus ukuran ukuran pas kenyamanan ringan dan nyaman,warna sangat bagus ukuran ukuran pas kenyamanan ringan dan nyaman,10,positive,0.24935869872570038
l*****r,,5,0,1738843193,,,1,positive,0.27766895294189453
s*****_,"Warna:bagus, sesuai lah sama gambar
Ukuran:pas
Kenyamanan:nyaman dipakai

Barang sesuai pesanan dan bagus, hanya di jasa pengiriman yang lama, ya sudahlah",5,0,1752631335,warna bagus sesuai lah sama gambar ukuran pas kenyamanan nyaman dipakai barang sesuai pesanan dan bagus hanya di jasa pengiriman yang lama ya sudahlah,warna bagus sesuai lah sama gambar ukuran pas kenyamanan nyaman dipakai barang sesuai pesanan dan bagus hanya di jasa pengiriman yang lama ya sudahlah,24,positive,0.31578612327575684
kallkall433,"Warna:Sesuai
Ukuran:XL
Kenyamanan:Nyaman Lah Wlapun Aga Lamah Nungguin😅",3,0,1737678370,warna sesuai ukuran xl kenyamanan nyaman lah wlapun aga lamah nungguin,warna sesuai ukuran xl kenyamanan nyaman lah wlapun aga lamah nungguin,11,positive,0.3212408125400543
agung.k21,"Warna:bagus
Ukuran:pas
Kenyamanan:nyaman

Semua bagus, cuma sayang ada goresan di helmnya. 
Packingannya sepertinya kurang baik",5,0,1759562164,warna bagus ukuran pas kenyamanan nyaman semua bagus cuma sayang ada goresan di helmnya packingannya sepertinya kurang baik,warna bagus ukuran pas kenyamanan nyaman semua bagus cuma sayang ada goresan di helmnya packingannya sepertinya kurang baik,18,positive,0.2908272445201874
sigitpurnomo188,"Warna:memilik pigmen yg bagus
Ukuran:pas di kepala dewasa
Kenyamanan:terasa nyaman dan empuk  rekomend sekali...🫰👍

Kurir baik dan ramah thx y..👍",5,0,1754231301,warna memilik pigmen yg bagus ukuran pas di kepala dewasa kenyamanan terasa nyaman dan empuk rekomend sekali kurir baik dan ramah thx y,warna memilik pigmen yg bagus ukuran pas di kepala dewasa kenyamanan terasa nyaman dan empuk rekomend sekali kurir baik dan ramah thx y,23,positive,0.3120725750923157
buddyonoh,,5,0,1745839060,,,1,positive,0.27766895294189453
riyankristanto432,"Warna:sesuai dengan yg di gambar...good
Ukuran:asli....mantap....
Kenyamanan:pas di pakai nyaman....",5,0,1742825047,warna sesuai dengan yg di gambar good ukuran asli mantap kenyamanan pas di pakai nyaman,warna sesuai dengan yg di gambar good ukuran asli mantap kenyamanan pas di pakai nyaman,15,positive,0.2761770486831665
z*****d,"Warna:Hitam Glossy real
Ukuran:Pas dengan ukuran saya tidak kebesaran dan kekecilan
Kenyamanan:Cukup Nyaman dan pasti Aman

Dapat Harga yang istimewa, Helm di Harga 125.000 sudah sekeren ini, semoga awet",5,0,1758482487,warna hitam glossy real ukuran pas dengan ukuran saya tidak kebesaran dan kekecilan kenyamanan cukup nyaman dan pasti aman dapat harga yang istimewa helm di harga 125 000 sudah sekeren ini semoga awet,warna hitam glossy real ukuran pas dengan ukuran saya tidak kebesaran dan kekecilan kenyamanan cukup nyaman dan pasti aman dapat harga yang istimewa helm di harga 125 000 sudah sekeren ini semoga awet,33,positive,0.3017263412475586
d*****8,"Warna:hitam
Ukuran:pas
Kenyamanan:nyaman alhamdulillah

Rekomended buat harga segitu, terimakasih atas semuanya, maaf lambat buat ulasan nya...",5,0,1742613163,warna hitam ukuran pas kenyamanan nyaman alhamdulillah rekomended buat harga segitu terimakasih atas semuanya maaf lambat buat ulasan nya,warna hitam ukuran pas kenyamanan nyaman alhamdulillah rekomended buat harga segitu terimakasih atas semuanya maaf lambat buat ulasan nya,19,positive,0.30232036113739014
wahyumanyun,"Warna:memiliki pigmen yg bagus
Ukuran:pas sesuai
Kenyamanan:sejuk nyaman

barang sudah sampai dngn selamat
barang mya bagus tp ada beberapa yg lecet dikit tp oke lah
nyman dan enak
lebih di perhatikan ja cat nya selebih okey",5,0,1754500775,warna memiliki pigmen yg bagus ukuran pas sesuai kenyamanan sejuk nyaman barang sudah sampai dngn selamat barang mya bagus tp ada beberapa yg lecet dikit tp oke lah nyman dan enak lebih di perhatikan ja cat nya selebih okey,warna memiliki pigmen yg bagus ukuran pas sesuai kenyamanan sejuk nyaman barang sudah sampai dngn selamat barang mya bagus tp ada beberapa yg lecet dikit tp oke lah nyman dan enak lebih di perhatikan ja cat nya selebih okey,39,positive,0.3048557639122009
sidiksalmah,"Warna:warna nya mantap
Ukuran:pas dipakai
Kenyamanan:bagus dan mantap",5,0,1738315707,warna warna nya mantap ukuran pas dipakai kenyamanan bagus dan mantap,warna warna nya mantap ukuran pas dipakai kenyamanan bagus dan mantap,11,positive,0.2887597382068634
firdaus_oq,,5,0,1744894395,,,1,positive,0.27766895294189453
w9hhehgel6,"Warna:sesuai pesanan
Ukuran:Pas
Kenyamanan:nyaman dan kokoh",5,0,1748093177,warna sesuai pesanan ukuran pas kenyamanan nyaman dan kokoh,warna sesuai pesanan ukuran pas kenyamanan nyaman dan kokoh,9,label_3,0.2689947485923767
wuryy777,"Warna:lumayan bagus
Ukuran:pas sesuai yg dipesan
Kenyamanan:lumayan lah utk ukuran harga segitu

Terima kasih pesanannya sudah sampai dengan aman
Lumayan bagus helmnya utk harga segitu",5,0,1759396575,warna lumayan bagus ukuran pas sesuai yg dipesan kenyamanan lumayan lah utk ukuran harga segitu terima kasih pesanannya sudah sampai dengan aman lumayan bagus helmnya utk harga segitu,warna lumayan bagus ukuran pas sesuai yg dipesan kenyamanan lumayan lah utk ukuran harga segitu terima kasih pesanannya sudah sampai dengan aman lumayan bagus helmnya utk harga segitu,28,positive,0.30092474818229675
g*****i,"Warna:memiliki pigmen yang bagus
Ukuran:pas di kepala dan sangat nyaman
Kenyamanan:terasa sejuk dan nyaman

Good & recommended, lengkap dengan spoilernya. Tampilan keren sangar 👍",5,0,1753785975,warna memiliki pigmen yang bagus ukuran pas di kepala dan sangat nyaman kenyamanan terasa sejuk dan nyaman good recommended lengkap dengan spoilernya tampilan keren sangar,warna memiliki pigmen yang bagus ukuran pas di kepala dan sangat nyaman kenyamanan terasa sejuk dan nyaman good recommended lengkap dengan spoilernya tampilan keren sangar,25,positive,0.25726187229156494
m*****s,"Warna:hitam dof
Ukuran:xl
Kenyamanan:pas

Barang sesuai deskripsi, model kekinian, warna hitam dof, seller ramah, pengiriman cepat",5,0,1757076418,warna hitam dof ukuran xl kenyamanan pas barang sesuai deskripsi model kekinian warna hitam dof seller ramah pengiriman cepat,warna hitam dof ukuran xl kenyamanan pas barang sesuai deskripsi model kekinian warna hitam dof seller ramah pengiriman cepat,19,positive,0.28030478954315186
ivan.susantosusanto,Ya lumayan lah sesuai harga...,5,0,1742458490,ya lumayan lah sesuai harga,ya lumayan lah sesuai harga,5,label_3,0.2991468608379364
pna_bknqv8,"Warna:hitam
Ukuran:pas
Kenyamanan:nyaman

Helm nya bagus dan nyaman tidak berat",5,0,1754627499,warna hitam ukuran pas kenyamanan nyaman helm nya bagus dan nyaman tidak berat,warna hitam ukuran pas kenyamanan nyaman helm nya bagus dan nyaman tidak berat,13,positive,0.2887091636657715
n*****h,"Warna:cosmo hitam doff
Ukuran:L
Kenyamanan:dalam helm seperti ada baut lepat

sparepat helm banyak yg kendor, ada lecet dan ada yg sudah di lem” , bekas lem juga tidak rapi",1,4,1752323129,warna cosmo hitam doff ukuran l kenyamanan dalam helm seperti ada baut lepat sparepat helm banyak yg kendor ada lecet dan ada yg sudah di lem bekas lem juga tidak rapi,warna cosmo hitam doff ukuran l kenyamanan dalam helm seperti ada baut lepat sparepat helm banyak yg kendor ada lecet dan ada yg sudah di lem bekas lem juga tidak rapi,31,positive,0.27310919761657715
rostinarostina328,,5,0,1747924036,,,1,positive,0.27766895294189453
dodyexsar,"Warna:biru nice
Ukuran:pas
Kenyamanan:lumayan nyaman dipakai

Terimakasih atas pesenan saya sukses selalu untuk seller dan kurirnya terimakasih.",5,0,1756970707,warna biru nice ukuran pas kenyamanan lumayan nyaman dipakai terimakasih atas pesenan saya sukses selalu untuk seller dan kurirnya terimakasih,warna biru nice ukuran pas kenyamanan lumayan nyaman dipakai terimakasih atas pesenan saya sukses selalu untuk seller dan kurirnya terimakasih,20,positive,0.33758294582366943
winatawidia,"Warna:hitam
Ukuran:M
Kenyamanan:nyaman

Makasih barang sudah sampai dan sesuai pesanan",5,0,1742479811,warna hitam ukuran m kenyamanan nyaman makasih barang sudah sampai dan sesuai pesanan,warna hitam ukuran m kenyamanan nyaman makasih barang sudah sampai dan sesuai pesanan,13,positive,0.27054640650749207
byanfarid52,Dari sekian banyak stok kok ga dicek ya yg model gini dikasihnya. Jelek bgt logonya kyk tipex,2,0,1739880017,dari sekian banyak stok kok ga dicek ya yg model gini dikasihnya jelek bgt logonya kyk tipex,dari sekian banyak stok kok ga dicek ya yg model gini dikasihnya jelek bgt logonya kyk tipex,17,positive,0.27798688411712646
eonnisaa_,"Warna:sangat bagus dan bersih
Ukuran:sesuai ekspektasi
Kenyamanan:sangat nyaman

warnanya cakep pengiriman juga cepat, tapi ada bagian helm yg lecet hingga terlihat hitam tapi all in good condition",5,0,1736506618,warna sangat bagus dan bersih ukuran sesuai ekspektasi kenyamanan sangat nyaman warnanya cakep pengiriman juga cepat tapi ada bagian helm yg lecet hingga terlihat hitam tapi all in good condition,warna sangat bagus dan bersih ukuran sesuai ekspektasi kenyamanan sangat nyaman warnanya cakep pengiriman juga cepat tapi ada bagian helm yg lecet hingga terlihat hitam tapi all in good condition,30,positive,0.24558384716510773
yadineng,Mantap helemnya saya puas belanja di toko ini moga toko ini lancar terus amin,5,0,1744463300,mantap helemnya saya puas belanja di toko ini moga toko ini lancar terus amin,mantap helemnya saya puas belanja di toko ini moga toko ini lancar terus amin,14,label_3,0.28038784861564636
irnawatidaengtinokirnawa,"Warna:sesuai
Ukuran:pas
Kenyamanan:sangat nyaman

Mksh tokoh shopee ma kurir terus amanah 
Pengiriman cepat banget",5,0,1740206692,warna sesuai ukuran pas kenyamanan sangat nyaman mksh tokoh shopee ma kurir terus amanah pengiriman cepat banget,warna sesuai ukuran pas kenyamanan sangat nyaman mksh tokoh shopee ma kurir terus amanah pengiriman cepat banget,17,positive,0.2959859073162079
didibusak,"Warna:bagus dan sesuai dengan gambar
Ukuran:ukuran produk pas
Kenyamanan:sangat nyaman di gunakan

Sesuai dengan gambar,cuma agak longgar dan kemungkinan salah pilih ukuran,harusnya ukuran L",5,0,1750742630,warna bagus dan sesuai dengan gambar ukuran ukuran produk pas kenyamanan sangat nyaman di gunakan sesuai dengan gambar cuma agak longgar dan kemungkinan salah pilih ukuran harusnya ukuran l,warna bagus dan sesuai dengan gambar ukuran ukuran produk pas kenyamanan sangat nyaman di gunakan sesuai dengan gambar cuma agak longgar dan kemungkinan salah pilih ukuran harusnya ukuran l,29,positive,0.25421860814094543
soe5an,"Warna:sangat bagus
Ukuran:pas
Kenyamanan:nyaman

Sesuai dengan harga
Bisa dipakai sehari hari",5,0,1750986951,warna sangat bagus ukuran pas kenyamanan nyaman sesuai dengan harga bisa dipakai sehari hari,warna sangat bagus ukuran pas kenyamanan nyaman sesuai dengan harga bisa dipakai sehari hari,14,positive,0.2692098021507263
rajimein,"Warna:ok
Ukuran:pas
Kenyamanan:sangat nyaman

Barang nya sesuai dgn yg d harapkan, ok banget, silakn di order kwn² . Mantap lh udah sy pake keren banget",5,0,1762422800,warna ok ukuran pas kenyamanan sangat nyaman barang nya sesuai dgn yg d harapkan ok banget silakn di order kwn mantap lh udah sy pake keren banget,warna ok ukuran pas kenyamanan sangat nyaman barang nya sesuai dgn yg d harapkan ok banget silakn di order kwn mantap lh udah sy pake keren banget,27,positive,0.2943355441093445
e*****_,,5,0,1745394265,,,1,positive,0.27766895294189453
a*****8,"Warna:ok
Ukuran:m tapi berasa XL
Kenyamanan:b aja

Pengiriman lambat, admin slow respon, chat ga bales",1,3,1746174758,warna ok ukuran m tapi berasa xl kenyamanan b aja pengiriman lambat admin slow respon chat ga bales,warna ok ukuran m tapi berasa xl kenyamanan b aja pengiriman lambat admin slow respon chat ga bales,18,positive,0.31112581491470337
m*****0,"Warna:bagus
Ukuran:M
Kenyamanan:sesuai",5,0,1740641790,warna bagus ukuran m kenyamanan sesuai,warna bagus ukuran m kenyamanan sesuai,6,label_3,0.306311696767807
arsyajihan210,"Warna:warna nya bgus bngtt
Ukuran:pass
Kenyamanan:enak dan aerodinamis bngtt",5,0,1738775383,warna warna nya bgus bngtt ukuran pass kenyamanan enak dan aerodinamis bngtt,warna warna nya bgus bngtt ukuran pass kenyamanan enak dan aerodinamis bngtt,12,positive,0.32431140542030334
deni_s_90,"Warna:memiliki pigmen warna yg bagus
Ukuran:ukuran produk pas dan sesuai
Kenyamanan:sangat nyaman di kenakan",5,0,1760865036,warna memiliki pigmen warna yg bagus ukuran ukuran produk pas dan sesuai kenyamanan sangat nyaman di kenakan,warna memiliki pigmen warna yg bagus ukuran ukuran produk pas dan sesuai kenyamanan sangat nyaman di kenakan,17,positive,0.25328826904296875
kokamgatak,,5,0,1744875462,,,1,positive,0.27766895294189453
sanzsultansultan,,5,0,1741679495,,,1,positive,0.27766895294189453
fadhilnayu,"Warna:sesuai pesanan
Ukuran:pas dikepala
Kenyamanan:alhamdulillah nyaman

Alhamdulillah..paketnya cepat sampai dan sesuai dgn pesanan",5,0,1750670800,warna sesuai pesanan ukuran pas dikepala kenyamanan alhamdulillah nyaman alhamdulillah paketnya cepat sampai dan sesuai dgn pesanan,warna sesuai pesanan ukuran pas dikepala kenyamanan alhamdulillah nyaman alhamdulillah paketnya cepat sampai dan sesuai dgn pesanan,17,positive,0.2781641185283661
v*****a,"Warna:putih
Ukuran:M
Kenyamanan:aman

Bagus diharga segitu, nyaman, ringan, cocok buat kado, thkss.",5,0,1738662904,warna putih ukuran m kenyamanan aman bagus diharga segitu nyaman ringan cocok buat kado thkss,warna putih ukuran m kenyamanan aman bagus diharga segitu nyaman ringan cocok buat kado thkss,15,positive,0.2824714183807373
ahmadkurniawanyudhap,"Warna:hitam
Ukuran:xl
Kenyamanan:enak di pakek

Hlem ya babgus cocok  semangat buat penjualan ya bisa laris semua",4,0,1736572299,warna hitam ukuran xl kenyamanan enak di pakek hlem ya babgus cocok semangat buat penjualan ya bisa laris semua,warna hitam ukuran xl kenyamanan enak di pakek hlem ya babgus cocok semangat buat penjualan ya bisa laris semua,19,positive,0.3279130160808563
umarilmi267,"Warna:memiliki desen yang bagus
Ukuran:ukuran pas dikepala saya
Kenyamanan:ringan dan nyaman saat dipakay",5,0,1756300776,warna memiliki desen yang bagus ukuran ukuran pas dikepala saya kenyamanan ringan dan nyaman saat dipakay,warna memiliki desen yang bagus ukuran ukuran pas dikepala saya kenyamanan ringan dan nyaman saat dipakay,16,positive,0.3021250367164612
heru78herdiansyah,Barang mantap bos q rekomen bnget pokoknya nex beli lagi d toko ini,5,0,1754745189,barang mantap bos q rekomen bnget pokoknya nex beli lagi d toko ini,barang mantap bos q rekomen bnget pokoknya nex beli lagi d toko ini,13,positive,0.3158133029937744
mnlatif2410,"Paket sudah sampai dengan selamat, udah dicoba emang kuat semoga awet, thanks min",4,0,1746096806,paket sudah sampai dengan selamat udah dicoba emang kuat semoga awet thanks min,paket sudah sampai dengan selamat udah dicoba emang kuat semoga awet thanks min,13,positive,0.33265143632888794
ariadityaaditya,"Warna:hitam dof
Ukuran:pas banget juga enak di paki sip deh pokoknya
Kenyamanan:sangat nyaman banget",5,0,1744427995,warna hitam dof ukuran pas banget juga enak di paki sip deh pokoknya kenyamanan sangat nyaman banget,warna hitam dof ukuran pas banget juga enak di paki sip deh pokoknya kenyamanan sangat nyaman banget,17,positive,0.2800515592098236
sqg591eik8,"Warna:Hitam dof
Ukuran:L.. pas dgn kepala saya
Kenyamanan:sangat nyaman saat digunakan

Gak nyesel belanja di toko ini Barang orderan saya sdh sesuai orderan saya dan barangnya sampai dgn selamat & gak ada lecet sama sekali. Semoga tokonya Berkah dan Amanah.",5,2,1757764152,warna hitam dof ukuran l pas dgn kepala saya kenyamanan sangat nyaman saat digunakan gak nyesel belanja di toko ini barang orderan saya sdh sesuai orderan saya dan barangnya sampai dgn selamat gak ada lecet sama sekali semoga tokonya berkah dan amanah,warna hitam dof ukuran l pas dgn kepala saya kenyamanan sangat nyaman saat digunakan gak nyesel belanja di toko ini barang orderan saya sdh sesuai orderan saya dan barangnya sampai dgn selamat gak ada lecet sama sekali semoga tokonya berkah dan amanah,42,positive,0.289150208234787
sxdwxhyu,"Warna:hitam
Ukuran:pas di kepala
Kenyamanan:oke sih di rasa rasa, tapi blum coba perjalanan

Dari look sih mantep, ga ada penyesalan, packnya pun oklah klo ga kena air, soalnya luar kardus dalem bubble, semoga awet aja lah ya, ini sih overall bagus sih worth it!",5,0,1743161476,warna hitam ukuran pas di kepala kenyamanan oke sih di rasa rasa tapi blum coba perjalanan dari look sih mantep ga ada penyesalan packnya pun oklah klo ga kena air soalnya luar kardus dalem bubble semoga awet aja lah ya ini sih overall bagus sih worth it,warna hitam ukuran pas di kepala kenyamanan oke sih di rasa rasa tapi blum coba perjalanan dari look sih mantep ga ada penyesalan packnya pun oklah klo ga kena air soalnya luar kardus dalem bubble semoga awet aja lah ya ini sih overall bagus sih worth it,47,positive,0.300906240940094
izulid318,,5,0,1742793664,,,1,positive,0.27766895294189453
qqm3a09lto,,5,0,1741340024,,,1,positive,0.27766895294189453
hasansaputrasaputra,,5,0,1745090831,,,1,positive,0.27766895294189453
f*****y,"Yg di krm gk sesuai warna minta merah dop di ksh warna hitam.
Bukan ad komfirmasi dulu mau di ubah warna apa gak.
Gk amanah dan sangat kecewa.",1,5,1753284644,yg di krm gk sesuai warna minta merah dop di ksh warna hitam bukan ad komfirmasi dulu mau di ubah warna apa gak gk amanah dan sangat kecewa,yg di krm gk sesuai warna minta merah dop di ksh warna hitam bukan ad komfirmasi dulu mau di ubah warna apa gak gk amanah dan sangat kecewa,28,positive,0.3217577040195465
rosidparidi,"Warna:hitam
Ukuran:pas
Kenyamanan:ringan dan nyaman di pakai

Harga lumayan lah, kualitas bagus",5,0,1752921736,warna hitam ukuran pas kenyamanan ringan dan nyaman di pakai harga lumayan lah kualitas bagus,warna hitam ukuran pas kenyamanan ringan dan nyaman di pakai harga lumayan lah kualitas bagus,15,positive,0.27354925870895386
egi_herdians,mantapp,5,0,1747551607,mantapp,mantapp,1,positive,0.27633434534072876
ar1f_f1rm4n,,5,0,1745990074,,,1,positive,0.27766895294189453
mujibanana,"Warna:sesuai yg di pesan dan cerah warnanya
Ukuran:pas dan enak dipakai...
Kenyamanan:busanya empuk dan penampilan tambah kece.. helmnya penambah kegantengan",5,0,1758023878,warna sesuai yg di pesan dan cerah warnanya ukuran pas dan enak dipakai kenyamanan busanya empuk dan penampilan tambah kece helmnya penambah kegantengan,warna sesuai yg di pesan dan cerah warnanya ukuran pas dan enak dipakai kenyamanan busanya empuk dan penampilan tambah kece helmnya penambah kegantengan,23,positive,0.2696095108985901
fiki_mul_pratama,"Warna:abu
Ukuran:pas
Kenyamanan:nyaman

Sngat bagus",5,0,1742461810,warna abu ukuran pas kenyamanan nyaman sngat bagus,warna abu ukuran pas kenyamanan nyaman sngat bagus,8,positive,0.28167256712913513
yusupmaulana1301,"kren lah lumayan, cuma visor blakang nya g terlalu nempel, kren kren",5,0,1757151972,kren lah lumayan cuma visor blakang nya g terlalu nempel kren kren,kren lah lumayan cuma visor blakang nya g terlalu nempel kren kren,12,positive,0.3123684525489807
h*****k,,5,1,1727834704,,,1,positive,0.27766895294189453
adesasha633,"Warna:putih
Ukuran:m
Kenyamanan:sangat nyaman

Pengiriman cepat kurir nya baik. Top dah helmnya bgus ank ku suka🤗",5,0,1757301747,warna putih ukuran m kenyamanan sangat nyaman pengiriman cepat kurir nya baik top dah helmnya bgus ank ku suka,warna putih ukuran m kenyamanan sangat nyaman pengiriman cepat kurir nya baik top dah helmnya bgus ank ku suka,19,positive,0.3143623173236847
muhsultan243,,5,0,1742793663,,,1,positive,0.27766895294189453
saleha_nada,"Warna:bagus
Ukuran:pas
Kenyamanan:nyaman

good 👌👌",5,0,1742017832,warna bagus ukuran pas kenyamanan nyaman good,warna bagus ukuran pas kenyamanan nyaman good,7,label_3,0.3063291311264038
erikestrada1781,"Warna:Sesuai Pesanan
Ukuran:Pas
Kenyamanan:Bagus

Bagus Sesuai Harga",5,0,1742647467,warna sesuai pesanan ukuran pas kenyamanan bagus bagus sesuai harga,warna sesuai pesanan ukuran pas kenyamanan bagus bagus sesuai harga,10,positive,0.2718886733055115
muhammad_luthfi14,"Warna:abu abu
Ukuran:sesuai
Kenyamanan:Lumayan

Sangat rekomendasi bgt, cobain deh",5,0,1756902270,warna abu abu ukuran sesuai kenyamanan lumayan sangat rekomendasi bgt cobain deh,warna abu abu ukuran sesuai kenyamanan lumayan sangat rekomendasi bgt cobain deh,12,positive,0.280133455991745
4kau5dlnfh,"Warna:sesuai dan amanah
Ukuran:sangat longgar padahal M jadi aku modif dengan menambahkan streofam helm bekas
Kenyamanan:kurang nyaman karena waktu di pake lewat jalan berlubang helm malah nutupin mata

Tapi untuk desain dengan harga segitu menurutku sangat bagus",4,0,1737197643,warna sesuai dan amanah ukuran sangat longgar padahal m jadi aku modif dengan menambahkan streofam helm bekas kenyamanan kurang nyaman karena waktu di pake lewat jalan berlubang helm malah nutupin mata tapi untuk desain dengan harga segitu menurutku sangat bagus,warna sesuai dan amanah ukuran sangat longgar padahal m jadi aku modif dengan menambahkan streofam helm bekas kenyamanan kurang nyaman karena waktu di pake lewat jalan berlubang helm malah nutupin mata tapi untuk desain dengan harga segitu menurutku sangat bagus,40,positive,0.2676220238208771
kukuh7382,,5,0,1744387293,,,1,positive,0.27766895294189453
d*****9,"Warna:memiliki pigmen yang bagus
Ukuran:ukuran produk yang pas dan sesuai
Kenyamanan:sangat nyaman tidak sakit di kepala

Harga segitu barangnya bagus 👍👍",5,0,1756292551,warna memiliki pigmen yang bagus ukuran ukuran produk yang pas dan sesuai kenyamanan sangat nyaman tidak sakit di kepala harga segitu barangnya bagus,warna memiliki pigmen yang bagus ukuran ukuran produk yang pas dan sesuai kenyamanan sangat nyaman tidak sakit di kepala harga segitu barangnya bagus,23,positive,0.28866419196128845
reyhan_brt,"Warna:warnanya pas dan sesuai di gambar suka banget
Ukuran:pas m
Kenyamanan:nyaman dan ringan

Makasih buat yang punya toko dan adminnya GK mengecewakan produknya akhirnya bisa kebeli juga",5,0,1761285154,warna warnanya pas dan sesuai di gambar suka banget ukuran pas m kenyamanan nyaman dan ringan makasih buat yang punya toko dan adminnya gk mengecewakan produknya akhirnya bisa kebeli juga,warna warnanya pas dan sesuai di gambar suka banget ukuran pas m kenyamanan nyaman dan ringan makasih buat yang punya toko dan adminnya gk mengecewakan produknya akhirnya bisa kebeli juga,30,positive,0.3216911554336548
fazhatsudrajat,"Ukuran:pas
Warna:sesuai keren
Durabilitas:mantap barang bgs",5,0,1733302574,ukuran pas warna sesuai keren durabilitas mantap barang bgs,ukuran pas warna sesuai keren durabilitas mantap barang bgs,9,label_3,0.2992435097694397
brata_,"Warna:sesuai pesanan
Ukuran:pas ngepas
Kenyamanan:cukup nyaman untuk harga helm hampir 200rban

Review jujur.. utk helmnya ringan, bahan abs tebal.. finishing bagus cuman perlu di rapikan lagi. Ada sedikit bared di bagian visor , ada harga ada kualitas ,selebihnya oke.",4,1,1755416764,warna sesuai pesanan ukuran pas ngepas kenyamanan cukup nyaman untuk harga helm hampir 200rban review jujur utk helmnya ringan bahan abs tebal finishing bagus cuman perlu di rapikan lagi ada sedikit bared di bagian visor ada harga ada kualitas selebihnya oke,warna sesuai pesanan ukuran pas ngepas kenyamanan cukup nyaman untuk harga helm hampir 200rban review jujur utk helmnya ringan bahan abs tebal finishing bagus cuman perlu di rapikan lagi ada sedikit bared di bagian visor ada harga ada kualitas selebihnya oke,41,positive,0.27547767758369446
r*****u,"Warna:bagus sesua
Ukuran:pass di kepala
Kenyamanan:sangat nyaman

recomen bangat untuk yg mau beli disni,sesuai deskripsi,tapi untuk dos karna faktor pengiriman yg sangat jauh jadi sampai di tnagn saya kondisi box atau dus sudah tda mempunyai bentuk namun untuk helm masi tetap utuh,recomen dehhh untuk yg mau beli",5,0,1761480407,warna bagus sesua ukuran pass di kepala kenyamanan sangat nyaman recomen bangat untuk yg mau beli disni sesuai deskripsi tapi untuk dos karna faktor pengiriman yg sangat jauh jadi sampai di tnagn saya kondisi box atau dus sudah tda mempunyai bentuk namun untuk helm masi tetap utuh recomen dehhh untuk yg mau beli,warna bagus sesua ukuran pass di kepala kenyamanan sangat nyaman recomen bangat untuk yg mau beli disni sesuai deskripsi tapi untuk dos karna faktor pengiriman yg sangat jauh jadi sampai di tnagn saya kondisi box atau dus sudah tda mempunyai bentuk namun untuk helm masi tetap utuh recomen dehhh untuk yg mau beli,53,positive,0.2905355989933014
hendra_shoping,,5,0,1740201945,,,1,positive,0.27766895294189453
b.prasetyo,"Warna:bagus untuk logo kurang rapi
Ukuran:pas
Kenyamanan:ringan

Sesuai dengan harga",4,0,1745145192,warna bagus untuk logo kurang rapi ukuran pas kenyamanan ringan sesuai dengan harga,warna bagus untuk logo kurang rapi ukuran pas kenyamanan ringan sesuai dengan harga,13,positive,0.2564583420753479
e*****p,"Warna:sesuai
Ukuran:xl
Kenyamanan:nyaman

Cocok dan sesuai pesanan. Namun di packagingnya masih menghawatirkan. Terima kasih",5,0,1757376137,warna sesuai ukuran xl kenyamanan nyaman cocok dan sesuai pesanan namun di packagingnya masih menghawatirkan terima kasih,warna sesuai ukuran xl kenyamanan nyaman cocok dan sesuai pesanan namun di packagingnya masih menghawatirkan terima kasih,17,positive,0.304205983877182
m*****a,"Warna:bagus sesuai gambar
Ukuran:pas
Kenyamanan:nyaman",5,1,1755732162,warna bagus sesuai gambar ukuran pas kenyamanan nyaman,warna bagus sesuai gambar ukuran pas kenyamanan nyaman,8,label_3,0.2970205843448639
aramn01,"Barang sudah datang dengan selamat dan aman
Pengiriman cepat
Semoga bermanfaat
Terima kasih",5,0,1754728659,barang sudah datang dengan selamat dan aman pengiriman cepat semoga bermanfaat terima kasih,barang sudah datang dengan selamat dan aman pengiriman cepat semoga bermanfaat terima kasih,13,positive,0.29720577597618103
forbarindgtlo,"Warna:sesuai selera
Ukuran:pas

MNTAP POLL",5,0,1741845035,warna sesuai selera ukuran pas mntap poll,warna sesuai selera ukuran pas mntap poll,7,label_3,0.2935961186885834
tikotiko591,"Warna:hitam dop
Ukuran:M pas bngt
Kenyamanan:sangat  nyaman

Jos pokonya puas",5,0,1758001173,warna hitam dop ukuran m pas bngt kenyamanan sangat nyaman jos pokonya puas,warna hitam dop ukuran m pas bngt kenyamanan sangat nyaman jos pokonya puas,13,positive,0.3117236793041229
ryansetiawan670,"Warna:sangat bagus.
Ukuran:Sesuai.
Kenyamanan:Terasa nyaman.

Alhamdulillah barangnya sudah tiba ditempat dengan selamat untuk helmet nya desain nya semuanya bagus tidak rusak atau pun pecah. Dan lumayan bagus lah saat digunakan, Terima kasih.",5,0,1759970825,warna sangat bagus ukuran sesuai kenyamanan terasa nyaman alhamdulillah barangnya sudah tiba ditempat dengan selamat untuk helmet nya desain nya semuanya bagus tidak rusak atau pun pecah dan lumayan bagus lah saat digunakan terima kasih,warna sangat bagus ukuran sesuai kenyamanan terasa nyaman alhamdulillah barangnya sudah tiba ditempat dengan selamat untuk helmet nya desain nya semuanya bagus tidak rusak atau pun pecah dan lumayan bagus lah saat digunakan terima kasih,35,positive,0.3236236274242401
n*****z,"Warna:warna dof keren..
Ukuran:agak sempit buat saya krn busa tebal
Kenyamanan:busa tebal bikin nyaman

Pelayanan mantab
Modelnya bagus bgt
Packing jg oke
Harga sangat bersahabat",5,0,1759466766,warna warna dof keren ukuran agak sempit buat saya krn busa tebal kenyamanan busa tebal bikin nyaman pelayanan mantab modelnya bagus bgt packing jg oke harga sangat bersahabat,warna warna dof keren ukuran agak sempit buat saya krn busa tebal kenyamanan busa tebal bikin nyaman pelayanan mantab modelnya bagus bgt packing jg oke harga sangat bersahabat,28,positive,0.2723518908023834
t*****3,Sangat bagus hlm nya 🥰🥰🙏,5,0,1743169755,sangat bagus hlm nya,sangat bagus hlm nya,4,positive,0.3083683252334595
bayuiswanto582,"Warna:abu
Ukuran:ukuran L rasa XL gede bngt
Kenyamanan:lumayan",5,0,1745746140,warna abu ukuran ukuran l rasa xl gede bngt kenyamanan lumayan,warna abu ukuran ukuran l rasa xl gede bngt kenyamanan lumayan,11,label_3,0.3001285791397095
rudysijarak,"Warna:warna sesuai
Ukuran:pas
Kenyamanan:sangat nyaman dan bagus tampilan keren",5,1,1740613311,warna warna sesuai ukuran pas kenyamanan sangat nyaman dan bagus tampilan keren,warna warna sesuai ukuran pas kenyamanan sangat nyaman dan bagus tampilan keren,12,positive,0.27773556113243103
mazvicks,"Warna:warna bagus dan sesuai
Ukuran:pas dan sesuai
Kenyamanan:nyaman saat di gunakan",5,0,1751859805,warna warna bagus dan sesuai ukuran pas dan sesuai kenyamanan nyaman saat di gunakan,warna warna bagus dan sesuai ukuran pas dan sesuai kenyamanan nyaman saat di gunakan,14,label_3,0.25995758175849915
milihdonagea,"Warna:hitam
Ukuran:L
Kenyamanan:bagus",5,0,1742466905,warna hitam ukuran l kenyamanan bagus,warna hitam ukuran l kenyamanan bagus,6,label_3,0.28233200311660767
petruckmv,,5,0,1740069048,,,1,positive,0.27766895294189453
pradanayuliantosantoso,"Kualitas:kurang  baik

Tidak sama dengan yg di bilang sepon atas tidak bosa di lepas dan bahan tidak sesuai yg di iklan sedikit kecewa",3,9,1746009420,kualitas kurang baik tidak sama dengan yg di bilang sepon atas tidak bosa di lepas dan bahan tidak sesuai yg di iklan sedikit kecewa,kualitas kurang baik tidak sama dengan yg di bilang sepon atas tidak bosa di lepas dan bahan tidak sesuai yg di iklan sedikit kecewa,24,positive,0.27887624502182007
rahimaja455,H banyak leceknya baru tidak sama yang seperti di foto atau digambar kalau warnanya Sesuai Ji semua tapi yang lainnya ada yang tidak sesuai warnanya karena paket stiker baru bukan pilos dia paket baru lemnya tidak baik melengket baik kasih aku voucher yang banyak karena selainmu tidak baik banyak yang minusnya,5,0,1753359714,h banyak leceknya baru tidak sama yang seperti di foto atau digambar kalau warnanya sesuai ji semua tapi yang lainnya ada yang tidak sesuai warnanya karena paket stiker baru bukan pilos dia paket baru lemnya tidak baik melengket baik kasih aku voucher yang banyak karena selainmu tidak baik banyak yang minusnya,h banyak leceknya baru tidak sama yang seperti di foto atau digambar kalau warnanya sesuai ji semua tapi yang lainnya ada yang tidak sesuai warnanya karena paket stiker baru bukan pilos dia paket baru lemnya tidak baik melengket baik kasih aku voucher yang banyak karena selainmu tidak baik banyak yang minusnya,51,positive,0.3572254776954651
javierbulahari,Mantap Cuma Sedikit Lecet Di Bagian Bawa Tapi Okelah 👍👍👍,5,1,1760329387,mantap cuma sedikit lecet di bagian bawa tapi okelah,mantap cuma sedikit lecet di bagian bawa tapi okelah,9,label_3,0.29209816455841064
bagusjati559,"Warna:cakep
Ukuran:pas
Kenyamanan:enqk

baru di pake 1-2 harii langsung lecet padahal GK jatoh samaa sekali",3,0,1745918661,warna cakep ukuran pas kenyamanan enqk baru di pake 1 2 harii langsung lecet padahal gk jatoh samaa sekali,warna cakep ukuran pas kenyamanan enqk baru di pake 1 2 harii langsung lecet padahal gk jatoh samaa sekali,19,positive,0.3221072852611542
d*****5,"Warna:sesuai
Ukuran:pas
Kenyamanan:nyaman

banyak lecetnya, mohon ditingkatkan keamanan pengemasan, kacanya juga gampang lepas, seret pas dibuka tutup ",4,0,1745820963,warna sesuai ukuran pas kenyamanan nyaman banyak lecetnya mohon ditingkatkan keamanan pengemasan kacanya juga gampang lepas seret pas dibuka tutup,warna sesuai ukuran pas kenyamanan nyaman banyak lecetnya mohon ditingkatkan keamanan pengemasan kacanya juga gampang lepas seret pas dibuka tutup,20,positive,0.26495546102523804
a*****h,Mantap helm nya bagus gk mengecewakan meskipun murah tapi kayak helm mahal..,5,0,1753845395,mantap helm nya bagus gk mengecewakan meskipun murah tapi kayak helm mahal,mantap helm nya bagus gk mengecewakan meskipun murah tapi kayak helm mahal,12,positive,0.30118465423583984
arie03gunawan,"Warna:bagus barang sampai aman smp rmh
Ukuran:pas
Kenyamanan:nyaman enteng semoga awet",5,0,1761303462,warna bagus barang sampai aman smp rmh ukuran pas kenyamanan nyaman enteng semoga awet,warna bagus barang sampai aman smp rmh ukuran pas kenyamanan nyaman enteng semoga awet,14,positive,0.3078567087650299
n*****5,"Warna:sesuai pesanan
Ukuran:sesuai pesanan
Kenyamanan:nyaman

Barang bagus
Cuma dg ukuran tersebut, ternyata pas banget (ngepris)
Bagus
Pengiriman lumayan lama",5,0,1760075374,warna sesuai pesanan ukuran sesuai pesanan kenyamanan nyaman barang bagus cuma dg ukuran tersebut ternyata pas banget ngepris bagus pengiriman lumayan lama,warna sesuai pesanan ukuran sesuai pesanan kenyamanan nyaman barang bagus cuma dg ukuran tersebut ternyata pas banget ngepris bagus pengiriman lumayan lama,22,positive,0.28330469131469727
5rqgp8zmlx,Sangat keren,5,0,1737097982,sangat keren,sangat keren,2,positive,0.28200656175613403
robbanisidiq,,5,0,1743222807,,,1,positive,0.27766895294189453
grem2ggvff,Biar bintang yang memberi jawaban....puas bgt...maksih boz ku....,5,0,1747716141,biar bintang yang memberi jawaban puas bgt maksih boz ku,biar bintang yang memberi jawaban puas bgt maksih boz ku,10,positive,0.3167833685874939
ryugarazka,,5,0,1746005756,,,1,positive,0.27766895294189453
f*****_,"Packingan nya jeboll, mungkin nanti dari pihak penjual boleh di perbaiki yaa,di lakban erat erat kalo pengiriman jarak jauh, overall bagusss.mantanp lahh",5,0,1757945084,packingan nya jeboll mungkin nanti dari pihak penjual boleh di perbaiki yaa di lakban erat erat kalo pengiriman jarak jauh overall bagusss mantanp lahh,packingan nya jeboll mungkin nanti dari pihak penjual boleh di perbaiki yaa di lakban erat erat kalo pengiriman jarak jauh overall bagusss mantanp lahh,24,positive,0.3272729516029358
fitrianii441,"Warna:ok
Ukuran:pas
Kenyamanan:poll

Semua nya ok, cuma kardus nya penyok tapiii aman  ada bubblegum nyaa🤣🤣🤣",4,0,1740915061,warna ok ukuran pas kenyamanan poll semua nya ok cuma kardus nya penyok tapiii aman ada bubblegum nyaa,warna ok ukuran pas kenyamanan poll semua nya ok cuma kardus nya penyok tapiii aman ada bubblegum nyaa,18,positive,0.3116283714771271
selvianabayani,,5,0,1743819369,,,1,positive,0.27766895294189453
amilogia,"Warna:sesuai
Ukuran:pas sekali
Kenyamanan:nyaman,busa tebel

Alhamdulillah paket dateng dengan selamat dan cepat,
Tetap terus ditingkatkan pelayanannya semoga barokah 🙏",5,0,1756291885,warna sesuai ukuran pas sekali kenyamanan nyaman busa tebel alhamdulillah paket dateng dengan selamat dan cepat tetap terus ditingkatkan pelayanannya semoga barokah,warna sesuai ukuran pas sekali kenyamanan nyaman busa tebel alhamdulillah paket dateng dengan selamat dan cepat tetap terus ditingkatkan pelayanannya semoga barokah,22,positive,0.29764971137046814
i*****a,"Warna:sesuia dengan gambar
Ukuran:agak sempit buat pipi cuby
Kenyamanan:nyaman dan empuk

Suka sama helmnya,bagus kokoh cm variasinya yg kecil² diatasnya agak sedikit kendor.sengaja pesen yg xl buat pipi cuby tp tetep masih sedikit kesempitan 😁.",5,0,1756130787,warna sesuia dengan gambar ukuran agak sempit buat pipi cuby kenyamanan nyaman dan empuk suka sama helmnya bagus kokoh cm variasinya yg kecil diatasnya agak sedikit kendor sengaja pesen yg xl buat pipi cuby tp tetep masih sedikit kesempitan,warna sesuia dengan gambar ukuran agak sempit buat pipi cuby kenyamanan nyaman dan empuk suka sama helmnya bagus kokoh cm variasinya yg kecil diatasnya agak sedikit kendor sengaja pesen yg xl buat pipi cuby tp tetep masih sedikit kesempitan,39,positive,0.28054651618003845
ajat101092,"Warna:grey glosy
Ukuran:M
Kenyamanan:sangat nyaman

Pengiriman cepat",5,0,1739969895,warna grey glosy ukuran m kenyamanan sangat nyaman pengiriman cepat,warna grey glosy ukuran m kenyamanan sangat nyaman pengiriman cepat,10,label_3,0.27541643381118774
vanilla24,"Warna:sesuai
Ukuran:pas L
Kenyamanan:nyaman",5,0,1745999025,warna sesuai ukuran pas l kenyamanan nyaman,warna sesuai ukuran pas l kenyamanan nyaman,7,label_3,0.28837767243385315
arifmaulia,"Warna:sesuai pesanan
Ukuran:pas
Kenyamanan:lumayan nyaman

Respon dan pelayanan seller cepat.. packing nya aj kalo bisa agak d tambah biar lebih aman aj.. semogaa sukses",5,0,1759918177,warna sesuai pesanan ukuran pas kenyamanan lumayan nyaman respon dan pelayanan seller cepat packing nya aj kalo bisa agak d tambah biar lebih aman aj semogaa sukses,warna sesuai pesanan ukuran pas kenyamanan lumayan nyaman respon dan pelayanan seller cepat packing nya aj kalo bisa agak d tambah biar lebih aman aj semogaa sukses,27,positive,0.28534266352653503
nandaerlangga333,"Warna:bagus
Ukuran:pas cuma tali nya kurang panjang
Kenyamanan:tali kurang panjang",5,0,1762342288,warna bagus ukuran pas cuma tali nya kurang panjang kenyamanan tali kurang panjang,warna bagus ukuran pas cuma tali nya kurang panjang kenyamanan tali kurang panjang,13,label_3,0.2895374000072479
zaenalbinmuhali,"Baru pertama pakai kacanya sudah lepas,model bagus minus di kaca helm yg mudah copot, kurang baguslah klo merk ini",1,3,1751732890,baru pertama pakai kacanya sudah lepas model bagus minus di kaca helm yg mudah copot kurang baguslah klo merk ini,baru pertama pakai kacanya sudah lepas model bagus minus di kaca helm yg mudah copot kurang baguslah klo merk ini,20,label_3,0.268718957901001
ryosampana77,"Warna:putih
Ukuran:L
Kenyamanan:ringan

helmnyabagus

.
pengirimannya cepet bgt",5,0,1748225780,warna putih ukuran l kenyamanan ringan helmnyabagus pengirimannya cepet bgt,warna putih ukuran l kenyamanan ringan helmnyabagus pengirimannya cepet bgt,10,label_3,0.3139495253562927
risky8451,"Warna:lime
Ukuran:pas
Kenyamanan:sangat nyaman saat dipakai,model bagus terlihat keren",5,0,1761295923,warna lime ukuran pas kenyamanan sangat nyaman saat dipakai model bagus terlihat keren,warna lime ukuran pas kenyamanan sangat nyaman saat dipakai model bagus terlihat keren,13,positive,0.27010083198547363
mochvideffendi,"Warna:kerenn
Ukuran:pas
Kualitas:bagus

Kerennn",5,2,1735365768,warna kerenn ukuran pas kualitas bagus kerennn,warna kerenn ukuran pas kualitas bagus kerennn,7,label_3,0.32865262031555176
r*****i,"Warna:Grey metalik
Ukuran:kekecilan L .
Kenyamanan:sempit

Minta size (XL) dikirim ( L)
Untuk helm bagus tp, salah size terus. Udh langganan ditoko ini dan ini pesanan ke 3 salahnya di ukuran yg dikirim minta (XL)dikirim (L) (PENGIRIMAN LELET BANGET MAKE SI CEP*T )",4,0,1752741327,warna grey metalik ukuran kekecilan l kenyamanan sempit minta size xl dikirim l untuk helm bagus tp salah size terus udh langganan ditoko ini dan ini pesanan ke 3 salahnya di ukuran yg dikirim minta xl dikirim l pengiriman lelet banget make si cep t,warna grey metalik ukuran kekecilan l kenyamanan sempit minta size xl dikirim l untuk helm bagus tp salah size terus udh langganan ditoko ini dan ini pesanan ke 3 salahnya di ukuran yg dikirim minta xl dikirim l pengiriman lelet banget make si cep t,45,positive,0.3081498146057129
m*****i,"Warna:sesuai

Sesuai pesanan, terikasih 🙏",5,0,1738471335,warna sesuai sesuai pesanan terikasih,warna sesuai sesuai pesanan terikasih,5,label_3,0.30277082324028015
y*****0,"Warna:sesui
Ukuran:gede banget L serasa XL
Kualitas:sesuai harga

busa nya tipis bgt ga ngepres di kepala",1,2,1745108386,warna sesui ukuran gede banget l serasa xl kualitas sesuai harga busa nya tipis bgt ga ngepres di kepala,warna sesui ukuran gede banget l serasa xl kualitas sesuai harga busa nya tipis bgt ga ngepres di kepala,19,positive,0.28840258717536926
n*****7,"Suka banget barangnya juga bagus sekali 
murah benget dg harga segituu",5,0,1752208348,suka banget barangnya juga bagus sekali murah benget dg harga segituu,suka banget barangnya juga bagus sekali murah benget dg harga segituu,11,label_3,0.31678810715675354
05xunynxhd,"Warna:grey
Ukuran:XL,
Kenyamanan:lumayan

Kira in XL itu besar pol,ternyata kurang besar....tpi lumayan lah hrga segitu.",5,0,1753856107,warna grey ukuran xl kenyamanan lumayan kira in xl itu besar pol ternyata kurang besar tpi lumayan lah hrga segitu,warna grey ukuran xl kenyamanan lumayan kira in xl itu besar pol ternyata kurang besar tpi lumayan lah hrga segitu,20,positive,0.2900453805923462
zery_aris97,Paket aman gk ada yg kurang atau lecet . cuma kendalanya d pengiriman aja lama bener pake s cepat mh . mending pake SPX ka laen kali cepet baru . next order lg . thanks,4,0,1748321746,paket aman gk ada yg kurang atau lecet cuma kendalanya d pengiriman aja lama bener pake s cepat mh mending pake spx ka laen kali cepet baru next order lg thanks,paket aman gk ada yg kurang atau lecet cuma kendalanya d pengiriman aja lama bener pake s cepat mh mending pake spx ka laen kali cepet baru next order lg thanks,31,positive,0.3112369477748871
rozzak_ad,"Warna:bagus sesuai gambar
Ukuran:pas
Kenyamanan:nyaman",5,0,1760617058,warna bagus sesuai gambar ukuran pas kenyamanan nyaman,warna bagus sesuai gambar ukuran pas kenyamanan nyaman,8,label_3,0.2970205843448639
rina_amalia04,"Warna:hitam

Lem di Spoilernya GK ada 
Jdi harus beli lem lagi lem dabeltip nya GK ada",5,0,1751884531,warna hitam lem di spoilernya gk ada jdi harus beli lem lagi lem dabeltip nya gk ada,warna hitam lem di spoilernya gk ada jdi harus beli lem lagi lem dabeltip nya gk ada,17,positive,0.31874510645866394
r*****5,"Warna:bagus
Ukuran:sdh xl, tapi masih juga 🫣
Kenyamanan:nyaman

nyaman dikepala",5,0,1757417917,warna bagus ukuran sdh xl tapi masih juga kenyamanan nyaman nyaman dikepala,warna bagus ukuran sdh xl tapi masih juga kenyamanan nyaman nyaman dikepala,12,label_3,0.2969592213630676
charles_sp26,"Warna:putih ,
Ukuran:pas dan sesuai

nyaman , kualitas sesuai harga , pesen 2 , yg satu cacat produk saya retur bang ,yg satu oke gada masalah",5,0,1756310752,warna putih ukuran pas dan sesuai nyaman kualitas sesuai harga pesen 2 yg satu cacat produk saya retur bang yg satu oke gada masalah,warna putih ukuran pas dan sesuai nyaman kualitas sesuai harga pesen 2 yg satu cacat produk saya retur bang yg satu oke gada masalah,24,positive,0.32044145464897156
kamilkamiludin012,"Warna:sesuai
Ukuran:sesuai
Kenyamanan:ya nyaman lah sesuai harga saya dapat di harga 95 ribu

barang bagus pokok nya cuma lecet sedikit cat nya",5,0,1761115113,warna sesuai ukuran sesuai kenyamanan ya nyaman lah sesuai harga saya dapat di harga 95 ribu barang bagus pokok nya cuma lecet sedikit cat nya,warna sesuai ukuran sesuai kenyamanan ya nyaman lah sesuai harga saya dapat di harga 95 ribu barang bagus pokok nya cuma lecet sedikit cat nya,25,positive,0.3017670214176178
nkalana,"Lumayanlah, model bagus, cuma kualitas bahan kurang, apalagi tali pengaitnya low level. harga sebaiknya harga disesuaikan lagi.",4,0,1747748962,lumayanlah model bagus cuma kualitas bahan kurang apalagi tali pengaitnya low level harga sebaiknya harga disesuaikan lagi,lumayanlah model bagus cuma kualitas bahan kurang apalagi tali pengaitnya low level harga sebaiknya harga disesuaikan lagi,17,positive,0.2788310945034027
irfab1201,"Warna:wara sangat bagus
Ukuran:ukuran terlalu besar saya pesan ukuran M malah di kasih L
Kenyamanan:sangat nyaman

Ke 2x nya belu cuman sayang beda dari yg pertama' saya beli dari pisor nya beda yg ini pisor nya jelek tapi lumayan lah di tunggu aksesoris pisor nya biar saya beli",5,0,1753279624,warna wara sangat bagus ukuran ukuran terlalu besar saya pesan ukuran m malah di kasih l kenyamanan sangat nyaman ke 2x nya belu cuman sayang beda dari yg pertama saya beli dari pisor nya beda yg ini pisor nya jelek tapi lumayan lah di tunggu aksesoris pisor nya biar saya beli,warna wara sangat bagus ukuran ukuran terlalu besar saya pesan ukuran m malah di kasih l kenyamanan sangat nyaman ke 2x nya belu cuman sayang beda dari yg pertama saya beli dari pisor nya beda yg ini pisor nya jelek tapi lumayan lah di tunggu aksesoris pisor nya biar saya beli,51,positive,0.3198162615299225
ahmdsfn12,,5,0,1747308724,,,1,positive,0.27766895294189453
arya_putra25698,"Warna:sesuai
Ukuran:sesuai
Kenyamanan:nyaman

Semuanya bagus hanya saja spoiler nya GK bsa dipasang dan harus beli lem dulu dan alhasil bikin lengket di helm jadi GK mulus lagi. Semoga kedepannya bsa lebih di maksimalkan untuk kualitas terutama bagian spoilernya",3,0,1735990577,warna sesuai ukuran sesuai kenyamanan nyaman semuanya bagus hanya saja spoiler nya gk bsa dipasang dan harus beli lem dulu dan alhasil bikin lengket di helm jadi gk mulus lagi semoga kedepannya bsa lebih di maksimalkan untuk kualitas terutama bagian spoilernya,warna sesuai ukuran sesuai kenyamanan nyaman semuanya bagus hanya saja spoiler nya gk bsa dipasang dan harus beli lem dulu dan alhasil bikin lengket di helm jadi gk mulus lagi semoga kedepannya bsa lebih di maksimalkan untuk kualitas terutama bagian spoilernya,41,positive,0.2828499972820282
bastoriabas,"Warna:hitam dop
Ukuran:pas
Kenyamanan:smgt myman

Brang mndrat dgn baik...brang bgus ssuai pesanan",5,0,1749457949,warna hitam dop ukuran pas kenyamanan smgt myman brang mndrat dgn baik brang bgus ssuai pesanan,warna hitam dop ukuran pas kenyamanan smgt myman brang mndrat dgn baik brang bgus ssuai pesanan,16,label_3,0.2931026816368103
r*****i,"Warna:Sangat bagus dan sesuai Gambar
Ukuran:Sangat pas Dan nyaman di kepala
Kenyamanan:Ringan dan nyaman saat di pakai sangat cocok

Alhamdulillah, paket ke2 sudah mendarat dalam keadaan aman dan baik"" saja .
Seller fast respon, wajib langganan di toko ini, gak akan kecewa .",5,1,1756808623,warna sangat bagus dan sesuai gambar ukuran sangat pas dan nyaman di kepala kenyamanan ringan dan nyaman saat di pakai sangat cocok alhamdulillah paket ke2 sudah mendarat dalam keadaan aman dan baik saja seller fast respon wajib langganan di toko ini gak akan kecewa,warna sangat bagus dan sesuai gambar ukuran sangat pas dan nyaman di kepala kenyamanan ringan dan nyaman saat di pakai sangat cocok alhamdulillah paket ke2 sudah mendarat dalam keadaan aman dan baik saja seller fast respon wajib langganan di toko ini gak akan kecewa,44,positive,0.2599201500415802
i*****a,"Warna:sesuai gambar,tpi ada lecet dikit
Ukuran:pas
Kenyamanan:nyaman di pake",4,0,1747400267,warna sesuai gambar tpi ada lecet dikit ukuran pas kenyamanan nyaman di pake,warna sesuai gambar tpi ada lecet dikit ukuran pas kenyamanan nyaman di pake,13,label_3,0.29696741700172424
jerimamonto,,5,1,1740109692,,,1,positive,0.27766895294189453
lehalea,,5,1,1731265366,,,1,positive,0.27766895294189453
f*****m,"Warna:Sesuai, Hitam DOFF
Ukuran:XL ngePAS di kepala
Kenyamanan:Ukuran helm sesuai dan pas di kepala, tdk terasa sempit.

Cukup Baik, Pengemasan kurang rapat sehingga penyok, Kualitas sesuai dengan harga walau desain dan beberapa sisi tdk begitu presisi dan juga posisi SPOILER dan juga dauble tape tdk dapat lengket dan bertahan sempurna, sehingga jika tersenggol dapat jatuh. Good",4,0,1757067318,warna sesuai hitam doff ukuran xl ngepas di kepala kenyamanan ukuran helm sesuai dan pas di kepala tdk terasa sempit cukup baik pengemasan kurang rapat sehingga penyok kualitas sesuai dengan harga walau desain dan beberapa sisi tdk begitu presisi dan juga posisi spoiler dan juga dauble tape tdk dapat lengket dan bertahan sempurna sehingga jika tersenggol dapat jatuh good,warna sesuai hitam doff ukuran xl ngepas di kepala kenyamanan ukuran helm sesuai dan pas di kepala tdk terasa sempit cukup baik pengemasan kurang rapat sehingga penyok kualitas sesuai dengan harga walau desain dan beberapa sisi tdk begitu presisi dan juga posisi spoiler dan juga dauble tape tdk dapat lengket dan bertahan sempurna sehingga jika tersenggol dapat jatuh good,59,label_4,0.23834295570850372
noviaindah25,"Warna:PUTIH bersih, mantap
Ukuran:passs banget busa nya empuk
Kenyamanan:nyaman pas

bagus visor tempelan tapi lumayan kuat
ada minus baret dikit okelah tapi mantap poll bagus, terimakasih seller semoga laris terus",5,0,1752505836,warna putih bersih mantap ukuran passs banget busa nya empuk kenyamanan nyaman pas bagus visor tempelan tapi lumayan kuat ada minus baret dikit okelah tapi mantap poll bagus terimakasih seller semoga laris terus,warna putih bersih mantap ukuran passs banget busa nya empuk kenyamanan nyaman pas bagus visor tempelan tapi lumayan kuat ada minus baret dikit okelah tapi mantap poll bagus terimakasih seller semoga laris terus,33,positive,0.2905290126800537
irkoh,"Warna:memiliki pigmen yang bagus
Ukuran:pas di kepala dan sangat nyaman
Kenyamanan:sangat nyaman saat di pakai

Mantap bgt pas, nex beli lg",5,0,1743142350,warna memiliki pigmen yang bagus ukuran pas di kepala dan sangat nyaman kenyamanan sangat nyaman saat di pakai mantap bgt pas nex beli lg,warna memiliki pigmen yang bagus ukuran pas di kepala dan sangat nyaman kenyamanan sangat nyaman saat di pakai mantap bgt pas nex beli lg,24,positive,0.2705385982990265
wahyus332,"Warna:𝚜𝚎𝚜𝚞𝚊𝚒 𝚐𝚊𝚖𝚋𝚊𝚛
Ukuran:𝚙𝚊𝚜
Kenyamanan:𝚛𝚒𝚗𝚐𝚊𝚗 𝚍𝚊𝚗 𝚗𝚢𝚊𝚖𝚊𝚗",5,0,1740925557,warna ukuran kenyamanan,warna ukuran kenyamanan,3,positive,0.29148024320602417
safirulhidayah,"Warna:hitam doff
Ukuran:pas
Kenyamanan:nyaman saat di gunakan",5,0,1743166572,warna hitam doff ukuran pas kenyamanan nyaman saat di gunakan,warna hitam doff ukuran pas kenyamanan nyaman saat di gunakan,10,label_3,0.2656339108943939
kholid085714484956,"Okee Boss kuu pass bangeeet di kepala ,real pic sesuai pesana",5,0,1758104579,okee boss kuu pass bangeeet di kepala real pic sesuai pesana,okee boss kuu pass bangeeet di kepala real pic sesuai pesana,11,positive,0.3113710284233093
idaalfi,"Warna:sangar bagus sesuai gambar
Ukuran:ukuran nya pas Poko nya mantull🥰🥰",5,0,1754389975,warna sangar bagus sesuai gambar ukuran ukuran nya pas poko nya mantull,warna sangar bagus sesuai gambar ukuran ukuran nya pas poko nya mantull,12,label_3,0.3090467154979706
i*****a,"Warna:warna hitam yg bagus
Ukuran:sangat pas di kepala
Kenyamanan:sangat nyaman untuk berkendara jauh",5,0,1761664534,warna warna hitam yg bagus ukuran sangat pas di kepala kenyamanan sangat nyaman untuk berkendara jauh,warna warna hitam yg bagus ukuran sangat pas di kepala kenyamanan sangat nyaman untuk berkendara jauh,16,positive,0.26768729090690613
dzoelzigel,Setelah drama dengan kurir yang ngga jelas akhirnya paketnya tiba juga,5,0,1761459273,setelah drama dengan kurir yang ngga jelas akhirnya paketnya tiba juga,setelah drama dengan kurir yang ngga jelas akhirnya paketnya tiba juga,11,label_3,0.2796322703361511
dianherdiana1990,Terima kasih barang sesuai pesanan,5,0,1738313074,terima kasih barang sesuai pesanan,terima kasih barang sesuai pesanan,5,label_3,0.2809186279773712
anismunawaroh955,"Warna:putih sesuai
Ukuran:pas
Kenyamanan:nyaman dipakai

Barang nya bagus dan pas dipakai",5,0,1757160895,warna putih sesuai ukuran pas kenyamanan nyaman dipakai barang nya bagus dan pas dipakai,warna putih sesuai ukuran pas kenyamanan nyaman dipakai barang nya bagus dan pas dipakai,14,positive,0.2740916907787323
mochamadferrandioalfaqih,"Warna:hitam
Ukuran:XL
Kenyamanan:pesanan yang datang tidak sesuai dan barang yg datang lebih murah dari yg saya pesan, untuk seler nya bagus langsung melayani complain, tapi saya udah malas untuk refund, udah rada kecewa juga, dan ber hubung juga sama sama helm jadi yaudah saya pakai",3,0,1754473661,warna hitam ukuran xl kenyamanan pesanan yang datang tidak sesuai dan barang yg datang lebih murah dari yg saya pesan untuk seler nya bagus langsung melayani complain tapi saya udah malas untuk refund udah rada kecewa juga dan ber hubung juga sama sama helm jadi yaudah saya pakai,warna hitam ukuran xl kenyamanan pesanan yang datang tidak sesuai dan barang yg datang lebih murah dari yg saya pesan untuk seler nya bagus langsung melayani complain tapi saya udah malas untuk refund udah rada kecewa juga dan ber hubung juga sama sama helm jadi yaudah saya pakai,48,positive,0.2923499345779419
e*****j,"Warna:grey
Ukuran:pas dan sesuai
Kenyamanan:sangat nyaman di pakai",5,0,1752332596,warna grey ukuran pas dan sesuai kenyamanan sangat nyaman di pakai,warna grey ukuran pas dan sesuai kenyamanan sangat nyaman di pakai,11,label_3,0.26313516497612
tasman19,"Warna:sesuai
Ukuran:kegedean
Kenyamanan:kurang nyaman

Saya pesan size M, tapi seperti ukuran L . jadi terlaku besar dan tidak nyaman di pakai. Spoiler nya pun model tempel biasa, jadi mudah lepas.",3,0,1756936633,warna sesuai ukuran kegedean kenyamanan kurang nyaman saya pesan size m tapi seperti ukuran l jadi terlaku besar dan tidak nyaman di pakai spoiler nya pun model tempel biasa jadi mudah lepas,warna sesuai ukuran kegedean kenyamanan kurang nyaman saya pesan size m tapi seperti ukuran l jadi terlaku besar dan tidak nyaman di pakai spoiler nya pun model tempel biasa jadi mudah lepas,32,positive,0.3259946405887604
daffasinaga123,"Ukuran:pas sesuai
Durabilitas:blum tau kuat atau enggaknya semoga awet
Desain:keren

Mantap",4,0,1729499508,ukuran pas sesuai durabilitas blum tau kuat atau enggaknya semoga awet desain keren mantap,ukuran pas sesuai durabilitas blum tau kuat atau enggaknya semoga awet desain keren mantap,14,positive,0.2923910915851593
wdx07937wl,Oke mksi barang sudah sampai sesuai sama yg di fto  mantap bagus lah,4,0,1741319684,oke mksi barang sudah sampai sesuai sama yg di fto mantap bagus lah,oke mksi barang sudah sampai sesuai sama yg di fto mantap bagus lah,13,positive,0.3318439722061157
hudi13,"Warna:warna sesuai
Ukuran:kurang pas
Kenyamanan:kurang nyaman

Barang bukan ORI tapi tiruan",5,0,1752121238,warna warna sesuai ukuran kurang pas kenyamanan kurang nyaman barang bukan ori tapi tiruan,warna warna sesuai ukuran kurang pas kenyamanan kurang nyaman barang bukan ori tapi tiruan,14,positive,0.28542155027389526
ferrymartono,"Warna:ok
Ukuran:pas
Kenyamanan:ok

Alhamdulillah sesuai pesanan",5,0,1756806099,warna ok ukuran pas kenyamanan ok alhamdulillah sesuai pesanan,warna ok ukuran pas kenyamanan ok alhamdulillah sesuai pesanan,9,label_3,0.3017503023147583
abifa03509,,5,5,1734284950,,,1,positive,0.27766895294189453
k*****4,"Warna:Hitam Dof
Ukuran:L
Kualitas:Baguss

Barang Oke dan Bagus",5,1,1736239305,warna hitam dof ukuran l kualitas baguss barang oke dan bagus,warna hitam dof ukuran l kualitas baguss barang oke dan bagus,11,positive,0.27960097789764404
w*****n,"Warna:Mantap
Ukuran:Pas dan sesuai
Kenyamanan:Nyaman banget di pake",5,0,1737982538,warna mantap ukuran pas dan sesuai kenyamanan nyaman banget di pake,warna mantap ukuran pas dan sesuai kenyamanan nyaman banget di pake,11,label_3,0.28952667117118835
j*****a,"Warna:hitam gloss
Ukuran:m
Kualitas:baik

Barang udah terkirim
Pengiriman cepat",5,1,1753535836,warna hitam gloss ukuran m kualitas baik barang udah terkirim pengiriman cepat,warna hitam gloss ukuran m kualitas baik barang udah terkirim pengiriman cepat,12,positive,0.27941691875457764
alishaputriwibowo,"Warna:sesuai
Ukuran:pas
Kualitas:sesuai harga

Bagussssss",5,0,1734327858,warna sesuai ukuran pas kualitas sesuai harga bagussssss,warna sesuai ukuran pas kualitas sesuai harga bagussssss,8,label_3,0.3092755377292633
a*****2,,5,0,1740907736,,,1,positive,0.27766895294189453
diantrias1313,,5,0,1735387713,,,1,positive,0.27766895294189453
m_rizqiii,"Warna:hitam
Ukuran:xl
Kenyamanan:nyaman

pas di pake dan ringan",5,0,1754030848,warna hitam ukuran xl kenyamanan nyaman pas di pake dan ringan,warna hitam ukuran xl kenyamanan nyaman pas di pake dan ringan,11,label_3,0.2927875518798828
tzt2rp8loe,"Warna:bagus
Ukuran:pas
Kenyamanan:nyaman

Mantaps boskuuu 👌😁",5,0,1743075934,warna bagus ukuran pas kenyamanan nyaman mantaps boskuuu,warna bagus ukuran pas kenyamanan nyaman mantaps boskuuu,8,label_3,0.30717137455940247
andri_33,"Warna:bagus, sesuai pilihan
Ukuran:sangat pas di gunakan
Kenyamanan:enak banget",5,0,1751881836,warna bagus sesuai pilihan ukuran sangat pas di gunakan kenyamanan enak banget,warna bagus sesuai pilihan ukuran sangat pas di gunakan kenyamanan enak banget,12,label_3,0.26283571124076843
sayuengki,,5,1,1740532371,,,1,positive,0.27766895294189453
tony_siregar,"Warna:bagus
Ukuran:aps
Kenyamanan:ringan

Keren",5,0,1742542159,warna bagus ukuran aps kenyamanan ringan keren,warna bagus ukuran aps kenyamanan ringan keren,7,label_3,0.2923586070537567
e*****o,"Warna:warna ya bgus
Ukuran:pas
Kenyamanan:nyaman

Barang bagus dan pas... Lumayan untuk harian pakai... Dapat harga ya murah bnget... Dan The best seller ya... Jamin ok dah sesuai harga",5,0,1738769724,warna warna ya bgus ukuran pas kenyamanan nyaman barang bagus dan pas lumayan untuk harian pakai dapat harga ya murah bnget dan the best seller ya jamin ok dah sesuai harga,warna warna ya bgus ukuran pas kenyamanan nyaman barang bagus dan pas lumayan untuk harian pakai dapat harga ya murah bnget dan the best seller ya jamin ok dah sesuai harga,31,positive,0.3118845224380493
putraedo220,,5,1,1739026454,,,1,positive,0.27766895294189453
vym6q2udbc,,5,1,1737944563,,,1,positive,0.27766895294189453
m*****j,"Warna:merah glossy
Ukuran:pas dan sesuai
Kenyamanan:ringan dan nyaman",5,0,1749635016,warna merah glossy ukuran pas dan sesuai kenyamanan ringan dan nyaman,warna merah glossy ukuran pas dan sesuai kenyamanan ringan dan nyaman,11,label_3,0.25727394223213196
b*****8,"pesanan sudah mendarat dgn selamat
sesuai deskripsi
saran, untuk cowok pake ukuran L
sangat puas dgn produk
berkah selalu",5,0,1754292951,pesanan sudah mendarat dgn selamat sesuai deskripsi saran untuk cowok pake ukuran l sangat puas dgn produk berkah selalu,pesanan sudah mendarat dgn selamat sesuai deskripsi saran untuk cowok pake ukuran l sangat puas dgn produk berkah selalu,19,positive,0.2617453634738922
mikelsyahputra,"keren🔥 
busa tebal & empuk, sangat nyaman, mantap terbaik 🔥",5,1,1756006773,keren busa tebal empuk sangat nyaman mantap terbaik,keren busa tebal empuk sangat nyaman mantap terbaik,8,positive,0.3100045323371887
gaming42,"Warna:sangat bagus
Ukuran:pas
Kenyamanan:sangat nyaman",5,0,1757520046,warna sangat bagus ukuran pas kenyamanan sangat nyaman,warna sangat bagus ukuran pas kenyamanan sangat nyaman,8,label_3,0.2581009268760681
89zv5wt02i,"Warna:ada yang lecet dikit mungkin paking kurang tebal
Ukuran:pas buanget
Kenyamanan:SNI tertulis",5,0,1759925564,warna ada yang lecet dikit mungkin paking kurang tebal ukuran pas buanget kenyamanan sni tertulis,warna ada yang lecet dikit mungkin paking kurang tebal ukuran pas buanget kenyamanan sni tertulis,15,label_3,0.2982514500617981
tinorudi334,"Warna:bagus, tp sedikit berminyak untuk yg Doff
Ukuran:pas
Kenyamanan:sesuai harga

Overall gak nyesel order ditoko ini, ya walaupun ada sedikit cacat pada barang. Mungkin tidak terlihat saat pengemasan karna co pas tengah malam kemungkinan. But is ok. Intinya tetap gak nyesel order disini. 👍👍👍",5,0,1759535443,warna bagus tp sedikit berminyak untuk yg doff ukuran pas kenyamanan sesuai harga overall gak nyesel order ditoko ini ya walaupun ada sedikit cacat pada barang mungkin tidak terlihat saat pengemasan karna co pas tengah malam kemungkinan but is ok intinya tetap gak nyesel order disini,warna bagus tp sedikit berminyak untuk yg doff ukuran pas kenyamanan sesuai harga overall gak nyesel order ditoko ini ya walaupun ada sedikit cacat pada barang mungkin tidak terlihat saat pengemasan karna co pas tengah malam kemungkinan but is ok intinya tetap gak nyesel order disini,46,positive,0.25977805256843567
andricitra03,"Ukuran:pas sesuai

Keren",5,0,1739876278,ukuran pas sesuai keren,ukuran pas sesuai keren,4,label_3,0.28258660435676575
h*****e,"Warna:sesuai pesanan
Ukuran:pas
Kenyamanan:nyaman

mantappp sesuai pesenan barangnya bagus",5,0,1748506521,warna sesuai pesanan ukuran pas kenyamanan nyaman mantappp sesuai pesenan barangnya bagus,warna sesuai pesanan ukuran pas kenyamanan nyaman mantappp sesuai pesenan barangnya bagus,12,label_3,0.2923325300216675
ariefcupuw01,"Warna:sesuai
Ukuran:pas
Kenyamanan:nyaman banget

Oke sesuai gambar",5,0,1743142445,warna sesuai ukuran pas kenyamanan nyaman banget oke sesuai gambar,warna sesuai ukuran pas kenyamanan nyaman banget oke sesuai gambar,10,label_3,0.2905287444591522
kloz5_w5bc,Kereeeeen,5,0,1747378032,kereeeeen,kereeeeen,1,positive,0.30458375811576843
agungfebri032,"Warna:bagus
Ukuran:pas
Kenyamanan:enakk dipake

tapi adaa yang lecet sama lobang yang ga pas di bagian samping kanan, sama kain dalem helem nya copot separuh masih bisa di benerin sih yauda itu aja kedepannya tolong lah usahain cek barang dulu sebelum dikirim trimakasih!!",3,0,1746075232,warna bagus ukuran pas kenyamanan enakk dipake tapi adaa yang lecet sama lobang yang ga pas di bagian samping kanan sama kain dalem helem nya copot separuh masih bisa di benerin sih yauda itu aja kedepannya tolong lah usahain cek barang dulu sebelum dikirim trimakasih,warna bagus ukuran pas kenyamanan enakk dipake tapi adaa yang lecet sama lobang yang ga pas di bagian samping kanan sama kain dalem helem nya copot separuh masih bisa di benerin sih yauda itu aja kedepannya tolong lah usahain cek barang dulu sebelum dikirim trimakasih,45,positive,0.305576354265213
julisriadi,"Warna:sesuai pesanan
Ukuran:pas
Kenyamanan:ringan dipakai

Barang sesuai gambar dan pesanan, ringan dan kualitas bahan bagus",5,0,1756122391,warna sesuai pesanan ukuran pas kenyamanan ringan dipakai barang sesuai gambar dan pesanan ringan dan kualitas bahan bagus,warna sesuai pesanan ukuran pas kenyamanan ringan dipakai barang sesuai gambar dan pesanan ringan dan kualitas bahan bagus,18,positive,0.2658504843711853
mymiraishop,"Warna:sangat bagus sesuai dengan gambar contoh ( Hitam D )
Ukuran:Ukuran pas ( XL )
Kenyamanan:ringan dan nyaman saat dipakai

Alhamdulillah punya helm baru, tadinya mau mudik bingung gaada helm soalnya masih di kirim, ternyata masih sempet dtg duluan helm nya, jadi skrg bisa mudik pake Helm baru, terima kasih 👍🏻",5,0,1743163136,warna sangat bagus sesuai dengan gambar contoh hitam d ukuran ukuran pas xl kenyamanan ringan dan nyaman saat dipakai alhamdulillah punya helm baru tadinya mau mudik bingung gaada helm soalnya masih di kirim ternyata masih sempet dtg duluan helm nya jadi skrg bisa mudik pake helm baru terima kasih,warna sangat bagus sesuai dengan gambar contoh hitam d ukuran ukuran pas xl kenyamanan ringan dan nyaman saat dipakai alhamdulillah punya helm baru tadinya mau mudik bingung gaada helm soalnya masih di kirim ternyata masih sempet dtg duluan helm nya jadi skrg bisa mudik pake helm baru terima kasih,49,positive,0.328119158744812
cucurutpasarcibuaya,"Warna:hitam doff
Ukuran:pas di kepala
Kenyamanan:sangat nyaman dan cocok",5,0,1740205206,warna hitam doff ukuran pas di kepala kenyamanan sangat nyaman dan cocok,warna hitam doff ukuran pas di kepala kenyamanan sangat nyaman dan cocok,12,positive,0.2601291537284851
x*****h,"Warna:Grey glas
Ukuran:M
Kenyamanan:Ringan dan nyaman

Udah nyampe kak,,makasih,,sesuai,,sama ekspektasi🤗",5,0,1757688349,warna grey glas ukuran m kenyamanan ringan dan nyaman udah nyampe kak makasih sesuai sama ekspektasi,warna grey glas ukuran m kenyamanan ringan dan nyaman udah nyampe kak makasih sesuai sama ekspektasi,16,positive,0.31505006551742554
ruslanrafvir,"Warna:bagus
Ukuran:pas
Kenyamanan:nyaman

Aman cepat amanah mantap terimakasih kak",5,0,1747224560,warna bagus ukuran pas kenyamanan nyaman aman cepat amanah mantap terimakasih kak,warna bagus ukuran pas kenyamanan nyaman aman cepat amanah mantap terimakasih kak,12,positive,0.3434043228626251
ilunainas,"Warna:Hitam sesuai
Ukuran:L
Kualitas:Bagus, pengiriman cepat",5,0,1735807997,warna hitam sesuai ukuran l kualitas bagus pengiriman cepat,warna hitam sesuai ukuran l kualitas bagus pengiriman cepat,9,label_3,0.29259464144706726
e*****5,Lumayan lah..tebel..lumayan nyaman di aku..pengiriman luama,4,0,1748332085,lumayan lah tebel lumayan nyaman di aku pengiriman luama,lumayan lah tebel lumayan nyaman di aku pengiriman luama,9,label_3,0.3154582679271698
xlw1ms9g8_,Mantap puas,5,1,1755932927,mantap puas,mantap puas,2,positive,0.30144521594047546
tubagushilmy742,"Ukuran:pas

sedikit kecewa ada lecet"" jadi tolong lain kali lebih di perhatiin lagi",5,0,1732979377,ukuran pas sedikit kecewa ada lecet jadi tolong lain kali lebih di perhatiin lagi,ukuran pas sedikit kecewa ada lecet jadi tolong lain kali lebih di perhatiin lagi,14,positive,0.32070398330688477
gatot55,"Warna:biru
Ukuran:M
Kenyamanan:josss bener mening dan nyaman..recomended😁👍",5,0,1754745150,warna biru ukuran m kenyamanan josss bener mening dan nyaman recomended,warna biru ukuran m kenyamanan josss bener mening dan nyaman recomended,11,positive,0.2743329703807831
g*****i,"Warna:warna sesuai pesanan
Ukuran:ukuran pass
Kenyamanan:cukup nyaman

Barang sesuai si dengan pesanan tapi ada minus nya dikit dibagian leher nya sobek tapi GPP masih bisa diperbaiki walaupun agak kecewa dikit 😌",3,0,1750233078,warna warna sesuai pesanan ukuran ukuran pass kenyamanan cukup nyaman barang sesuai si dengan pesanan tapi ada minus nya dikit dibagian leher nya sobek tapi gpp masih bisa diperbaiki walaupun agak kecewa dikit,warna warna sesuai pesanan ukuran ukuran pass kenyamanan cukup nyaman barang sesuai si dengan pesanan tapi ada minus nya dikit dibagian leher nya sobek tapi gpp masih bisa diperbaiki walaupun agak kecewa dikit,33,positive,0.2898366451263428
mhmmdddan,"Warna:sngat bagus sesuaii the best
Ukuran:ukuran L sangat pas
Kualitas:kualitas okee",5,0,1735273533,warna sngat bagus sesuaii the best ukuran ukuran l sangat pas kualitas kualitas okee,warna sngat bagus sesuaii the best ukuran ukuran l sangat pas kualitas kualitas okee,14,label_3,0.28930532932281494
firman4450,"Warna:sangat bagus
Ukuran:pass
Kenyamanan:nyaman banget saat d pake

Paketan Nye cepat juga dtang Nye TPI pekingan Nye kurang rapi,,, tapi GPP GK Ade yg pecak atau pun lecet...",5,0,1750330986,warna sangat bagus ukuran pass kenyamanan nyaman banget saat d pake paketan nye cepat juga dtang nye tpi pekingan nye kurang rapi tapi gpp gk ade yg pecak atau pun lecet,warna sangat bagus ukuran pass kenyamanan nyaman banget saat d pake paketan nye cepat juga dtang nye tpi pekingan nye kurang rapi tapi gpp gk ade yg pecak atau pun lecet,31,positive,0.3307448923587799
jarwosauvignon2,"Warna:lumayan buat harga segitu
Ukuran:pas buat kepala
Kenyamanan:lumayan nyaman

Pengiriman cepat sekali sehari langsung tiba",5,0,1758115449,warna lumayan buat harga segitu ukuran pas buat kepala kenyamanan lumayan nyaman pengiriman cepat sekali sehari langsung tiba,warna lumayan buat harga segitu ukuran pas buat kepala kenyamanan lumayan nyaman pengiriman cepat sekali sehari langsung tiba,18,positive,0.2908068001270294
muhammad15311,"Warna:Bagus
Ukuran:XL
Kenyamanan:Pas untuk pria",5,1,1760429886,warna bagus ukuran xl kenyamanan pas untuk pria,warna bagus ukuran xl kenyamanan pas untuk pria,8,label_3,0.2908450961112976
eckode,"Packing aman, barang tidak ada lecet/ rusak...
Good job seller",4,0,1745047862,packing aman barang tidak ada lecet rusak good job seller,packing aman barang tidak ada lecet rusak good job seller,10,label_3,0.29866907000541687
doniandrea643,"Warna:sesuai pesanan
Ukuran:pas sesuai ukuran
Kenyamanan:sangat nyaman saat di gunakan berkendara

Sangat puas",4,0,1746670061,warna sesuai pesanan ukuran pas sesuai ukuran kenyamanan sangat nyaman saat di gunakan berkendara sangat puas,warna sesuai pesanan ukuran pas sesuai ukuran kenyamanan sangat nyaman saat di gunakan berkendara sangat puas,16,positive,0.27678030729293823
k82z3gu9l6,,5,1,1734807550,,,1,positive,0.27766895294189453
kzhepalamsyah,"Warna:Bagus
Ukuran:Pas

Lumayan lah dengan harga segitu mah , tapi tolong pengiriman nya lama banget ini .",4,0,1742720087,warna bagus ukuran pas lumayan lah dengan harga segitu mah tapi tolong pengiriman nya lama banget ini,warna bagus ukuran pas lumayan lah dengan harga segitu mah tapi tolong pengiriman nya lama banget ini,17,label_3,0.3027857840061188
idhank72,"Mewah, cakep,, rekomend seller 👍👍👍👍",5,0,1739088239,mewah cakep rekomend seller,mewah cakep rekomend seller,4,label_3,0.2909085750579834
desmarandika,"Warna:sesuai pesanan
Ukuran:pas dikepala sangat nyaman
Kenyamanan:sangat nyaman dan padat",5,0,1756228180,warna sesuai pesanan ukuran pas dikepala sangat nyaman kenyamanan sangat nyaman dan padat,warna sesuai pesanan ukuran pas dikepala sangat nyaman kenyamanan sangat nyaman dan padat,13,positive,0.29020291566848755
m.hasan_akbar,"Warna:sangat bagus
Ukuran:pas
Kenyamanan:nayaman Dan ringan

Alhmdulilah barang datang meski dusnya gk karu""an",5,0,1749561387,warna sangat bagus ukuran pas kenyamanan nayaman dan ringan alhmdulilah barang datang meski dusnya gk karu an,warna sangat bagus ukuran pas kenyamanan nayaman dan ringan alhmdulilah barang datang meski dusnya gk karu an,17,positive,0.3027583360671997
coybae46,"Warna:bagus
Ukuran:m
Kenyamanan:lumayan ringan

Mantap, pesen malem besok siang udah nyampe di rumah, , semoga sukses selalu laris manis",5,0,1749446245,warna bagus ukuran m kenyamanan lumayan ringan mantap pesen malem besok siang udah nyampe di rumah semoga sukses selalu laris manis,warna bagus ukuran m kenyamanan lumayan ringan mantap pesen malem besok siang udah nyampe di rumah semoga sukses selalu laris manis,21,positive,0.2727629542350769
x*****q,"Barang sesuai, nice",5,1,1735920717,barang sesuai nice,barang sesuai nice,3,positive,0.30409950017929077
awan.17,"Bagus lh lumayan sesuai harga, pengiriman juga cepat sampai",4,0,1746687169,bagus lh lumayan sesuai harga pengiriman juga cepat sampai,bagus lh lumayan sesuai harga pengiriman juga cepat sampai,9,label_3,0.29948848485946655
qsqnz5mq3d,"Warna:sesuai
Ukuran:M longgar
Kenyamanan:kurang

Pesen HKM yang di kirim MLA",2,0,1751876813,warna sesuai ukuran m longgar kenyamanan kurang pesen hkm yang di kirim mla,warna sesuai ukuran m longgar kenyamanan kurang pesen hkm yang di kirim mla,13,positive,0.30639857053756714
c7btttij7e,Alhamdulillah paket datang dan seauai pesanan.. Pokonya rekomend banget,5,0,1761282152,alhamdulillah paket datang dan seauai pesanan pokonya rekomend banget,alhamdulillah paket datang dan seauai pesanan pokonya rekomend banget,9,label_3,0.2975328266620636
dewoasmarantika01,"Warna:bagus mengkilap
Ukuran:agak kegedean
Kenyamanan:cukup nyaman

Helm ny keren si, cuman agak kegedean karna size M adanya tp oke deh puas lumayan buat gaya""",5,0,1759546769,warna bagus mengkilap ukuran agak kegedean kenyamanan cukup nyaman helm ny keren si cuman agak kegedean karna size m adanya tp oke deh puas lumayan buat gaya,warna bagus mengkilap ukuran agak kegedean kenyamanan cukup nyaman helm ny keren si cuman agak kegedean karna size m adanya tp oke deh puas lumayan buat gaya,27,positive,0.2750803232192993
d*****o,"Warna:Cat rapi dan bagus sesuai pesanan
Ukuran:Pas lega
Kenyamanan:Ringan dan Nyaman

Semoga tidak membuat panas dan semoga awet.
Minusnya Jasa Kirimnya Lama Banget sampai Over Due sampai baramg diterima. Tidak memberikan informasi jika barang sudah sampai rumah.",4,0,1752748428,warna cat rapi dan bagus sesuai pesanan ukuran pas lega kenyamanan ringan dan nyaman semoga tidak membuat panas dan semoga awet minusnya jasa kirimnya lama banget sampai over due sampai baramg diterima tidak memberikan informasi jika barang sudah sampai rumah,warna cat rapi dan bagus sesuai pesanan ukuran pas lega kenyamanan ringan dan nyaman semoga tidak membuat panas dan semoga awet minusnya jasa kirimnya lama banget sampai over due sampai baramg diterima tidak memberikan informasi jika barang sudah sampai rumah,40,positive,0.266506552696228
a*****o,"Warna:sesui dengan diskripsi
Ukuran:kebesaran

Pesan ukuran paling kecil ukuran M, yang datang gak tau ukuran apa gak ada tertulisan ukuran di barangnya, di pakai kebesaran, gak yakin bisa awet lama, ada harga ada rupa.",3,0,1741862703,warna sesui dengan diskripsi ukuran kebesaran pesan ukuran paling kecil ukuran m yang datang gak tau ukuran apa gak ada tertulisan ukuran di barangnya di pakai kebesaran gak yakin bisa awet lama ada harga ada rupa,warna sesui dengan diskripsi ukuran kebesaran pesan ukuran paling kecil ukuran m yang datang gak tau ukuran apa gak ada tertulisan ukuran di barangnya di pakai kebesaran gak yakin bisa awet lama ada harga ada rupa,36,positive,0.3282933831214905
yudhiismoyo,Secara barang bagus.semua hampir sesuai.aman ga ada lecet dsb. Cuma bagian pengunci helmnya rada sembunyi dan jauh.jd rada extra waktu lepas kunci helm nya nanti. Overall barang ok,5,0,1761657535,secara barang bagus semua hampir sesuai aman ga ada lecet dsb cuma bagian pengunci helmnya rada sembunyi dan jauh jd rada extra waktu lepas kunci helm nya nanti overall barang ok,secara barang bagus semua hampir sesuai aman ga ada lecet dsb cuma bagian pengunci helmnya rada sembunyi dan jauh jd rada extra waktu lepas kunci helm nya nanti overall barang ok,31,positive,0.2701353132724762
e*****6,"Warna:sesuai
Ukuran:pas
Kenyamanan:cukup nyaman

Harga murah kualitas ok.",5,0,1749557936,warna sesuai ukuran pas kenyamanan cukup nyaman harga murah kualitas ok,warna sesuai ukuran pas kenyamanan cukup nyaman harga murah kualitas ok,11,positive,0.27632251381874084
abensilatang,"Warna:warna hitam dof
Ukuran:xl
Kenyamanan:nyaman untuk sehari"",,,,helm nya keren harga merakyat,,,kurir dan seller ramah

Pengiriman cepat",5,0,1741814155,warna warna hitam dof ukuran xl kenyamanan nyaman untuk sehari helm nya keren harga merakyat kurir dan seller ramah pengiriman cepat,warna warna hitam dof ukuran xl kenyamanan nyaman untuk sehari helm nya keren harga merakyat kurir dan seller ramah pengiriman cepat,21,positive,0.3173091411590576
rotenona,Sesuai dengan pesanan 👍,5,0,1746595696,sesuai dengan pesanan,sesuai dengan pesanan,3,label_3,0.2852076292037964
yunigemini1214,"Warna:bagus bgt warna nya
Ukuran:pas
Kenyamanan:nyaman

Trima kasih pesen 2 sampai dengan selamat,sesuai warna yg di mau juga,,,",5,0,1761555514,warna bagus bgt warna nya ukuran pas kenyamanan nyaman trima kasih pesen 2 sampai dengan selamat sesuai warna yg di mau juga,warna bagus bgt warna nya ukuran pas kenyamanan nyaman trima kasih pesen 2 sampai dengan selamat sesuai warna yg di mau juga,22,positive,0.321382075548172
rmdhn_alf,"Warna:mantaf
Ukuran:mantaf
Kenyamanan:mantaf

Mantaf",5,1,1749035920,warna mantaf ukuran mantaf kenyamanan mantaf mantaf,warna mantaf ukuran mantaf kenyamanan mantaf mantaf,7,positive,0.26028528809547424
rohmatanarki16,ok sesuai difoto... kualitas lumayan menyesuaikan dengan harga,5,0,1760329007,ok sesuai difoto kualitas lumayan menyesuaikan dengan harga,ok sesuai difoto kualitas lumayan menyesuaikan dengan harga,8,label_3,0.251048743724823
arif86alfarizi,"Warna:lumayan
Ukuran:pas
Kenyamanan:cukup nyaman

Dengan harga segitu cukup memuaskan.....",5,0,1739450297,warna lumayan ukuran pas kenyamanan cukup nyaman dengan harga segitu cukup memuaskan,warna lumayan ukuran pas kenyamanan cukup nyaman dengan harga segitu cukup memuaskan,12,positive,0.26652663946151733
814ndo,"Warna:sesuai
Ukuran:pas
Kenyamanan:nyaman dipakai

Barang dtng sesuai pesanan,packing rapi,harga sesuai ,kurir ramah ,trimakasih untuk toko n shoppe 👍",5,0,1744157445,warna sesuai ukuran pas kenyamanan nyaman dipakai barang dtng sesuai pesanan packing rapi harga sesuai kurir ramah trimakasih untuk toko n shoppe,warna sesuai ukuran pas kenyamanan nyaman dipakai barang dtng sesuai pesanan packing rapi harga sesuai kurir ramah trimakasih untuk toko n shoppe,22,positive,0.2725576162338257
facedown248,"Kualitas:barangnya berkualitas joss pokoknya deh
Tampilan:keren
Cocok Untuk:kepala",5,0,1738064432,kualitas barangnya berkualitas joss pokoknya deh tampilan keren cocok untuk kepala,kualitas barangnya berkualitas joss pokoknya deh tampilan keren cocok untuk kepala,11,label_3,0.29836609959602356
realmeok845,"Warna:putih
Ukuran:XL
Kenyamanan:nyaman tapi sayang ada yang sobek di bagian samping",3,0,1742777720,warna putih ukuran xl kenyamanan nyaman tapi sayang ada yang sobek di bagian samping,warna putih ukuran xl kenyamanan nyaman tapi sayang ada yang sobek di bagian samping,14,label_3,0.28352394700050354
komangsanjaya706,,5,0,1757900762,,,1,positive,0.27766895294189453
anggiraaa,"Warna:hitam
Ukuran:EM
Kenyamanan:nyaman dan enteng saat di pakai",5,0,1752411170,warna hitam ukuran em kenyamanan nyaman dan enteng saat di pakai,warna hitam ukuran em kenyamanan nyaman dan enteng saat di pakai,11,label_3,0.26665419340133667
l*****8,"Warna:hitam
Ukuran:L
Kenyamanan:nyaman banget

Terimakasih ya kak pesanan sudah sampai dan sudah diterima. Ukuran pas banget",5,0,1746458711,warna hitam ukuran l kenyamanan nyaman banget terimakasih ya kak pesanan sudah sampai dan sudah diterima ukuran pas banget,warna hitam ukuran l kenyamanan nyaman banget terimakasih ya kak pesanan sudah sampai dan sudah diterima ukuran pas banget,19,positive,0.3378728926181793
iqbalfirmansyah030,"Warna:putih
Ukuran:L
Kenyamanan:sangat enk di pakai

Cuman ada kelicetan sedikit di bagian belakangnya",4,0,1750416004,warna putih ukuran l kenyamanan sangat enk di pakai cuman ada kelicetan sedikit di bagian belakangnya,warna putih ukuran l kenyamanan sangat enk di pakai cuman ada kelicetan sedikit di bagian belakangnya,16,positive,0.2539955973625183
ridhuhulujr.,"Warna:black doff manfap
Ukuran:pas

Design oke, material cukup sesuai harga lahh 
saya pakai untuk daily yg jarak tempuh per hari hanya 10km pp.
Utk jarak tempuh jauh seperti touring sebaiknya pakai DOT merek lain.",5,0,1738150685,warna black doff manfap ukuran pas design oke material cukup sesuai harga lahh saya pakai untuk daily yg jarak tempuh per hari hanya 10km pp utk jarak tempuh jauh seperti touring sebaiknya pakai dot merek lain,warna black doff manfap ukuran pas design oke material cukup sesuai harga lahh saya pakai untuk daily yg jarak tempuh per hari hanya 10km pp utk jarak tempuh jauh seperti touring sebaiknya pakai dot merek lain,36,positive,0.2646370232105255
ikbalsetiawan89,"Warna:sesuai dengan gambar
Ukuran:agak kebesaran dikit dari ukuran M biasanya
Kenyamanan:cukup nyaman

Over all ok sih,, cuman masalah di ukuran doang tpi it's oke lah",5,0,1752298854,warna sesuai dengan gambar ukuran agak kebesaran dikit dari ukuran m biasanya kenyamanan cukup nyaman over all ok sih cuman masalah di ukuran doang tpi it s oke lah,warna sesuai dengan gambar ukuran agak kebesaran dikit dari ukuran m biasanya kenyamanan cukup nyaman over all ok sih cuman masalah di ukuran doang tpi it s oke lah,29,positive,0.26794856786727905
rudirimansah,"Warna:abu2 dof
Ukuran:m
Kenyamanan:nyaman

Barang nya oke. Cepat smpai juga.",4,0,1749168752,warna abu2 dof ukuran m kenyamanan nyaman barang nya oke cepat smpai juga,warna abu2 dof ukuran m kenyamanan nyaman barang nya oke cepat smpai juga,13,positive,0.30294427275657654
mthshopp,"Murah dan keren, sip pokoknya",5,0,1758354742,murah dan keren sip pokoknya,murah dan keren sip pokoknya,5,label_3,0.3182366192340851
supangkat77,"Warna:dop ok
Ukuran:pas
Kenyamanan:cukup nyaman

Kualitas sesuai harga, sayang sedikit agak kurang rapih pinggirannya , sebaliknya dicek grimbilan dari cetakan pabriknya ya seller, thanks seller",4,0,1741605508,warna dop ok ukuran pas kenyamanan cukup nyaman kualitas sesuai harga sayang sedikit agak kurang rapih pinggirannya sebaliknya dicek grimbilan dari cetakan pabriknya ya seller thanks seller,warna dop ok ukuran pas kenyamanan cukup nyaman kualitas sesuai harga sayang sedikit agak kurang rapih pinggirannya sebaliknya dicek grimbilan dari cetakan pabriknya ya seller thanks seller,27,positive,0.2512640953063965
renaldiramadhan666,"Warna:bagus
Ukuran:pass
Kenyamanan:nyaman

Mantap pokoknya",5,0,1752335056,warna bagus ukuran pass kenyamanan nyaman mantap pokoknya,warna bagus ukuran pass kenyamanan nyaman mantap pokoknya,8,label_3,0.3041427731513977
svx37ng8l_,"Warna:bagus
Ukuran:sesuai
Kenyamanan:sangat nyaman",5,0,1756722619,warna bagus ukuran sesuai kenyamanan sangat nyaman,warna bagus ukuran sesuai kenyamanan sangat nyaman,7,label_3,0.2718977928161621
devinaananda611,"Warna:putih
Ukuran:kegedean salah pilih ukuran🫠
Kenyamanan:baguss nyaman suka banget",5,0,1741693468,warna putih ukuran kegedean salah pilih ukuran kenyamanan baguss nyaman suka banget,warna putih ukuran kegedean salah pilih ukuran kenyamanan baguss nyaman suka banget,12,positive,0.31384652853012085
abiezarnurf,"Warna:grey
Ukuran:xl
Kenyamanan:nyaman

Saya sangat puas dengan paket helm ini. Materialnya terasa kokoh, dengan desain modern yang nyaman dipakai bahkan untuk perjalanan jarak jauh. Visor-nya bening dan tidak mudah tergores, memberikan pandangan yang jernih saat berkendara.

Paket ini juga dilengkapi dengan sarung helm yang melindungi helm dari debu ketika tidak digunakan, serta bonus kacamata pelindung yang sangat membantu saat berkendara di siang hari.",5,0,1737791026,warna grey ukuran xl kenyamanan nyaman saya sangat puas dengan paket helm ini materialnya terasa kokoh dengan desain modern yang nyaman dipakai bahkan untuk perjalanan jarak jauh visor nya bening dan tidak mudah tergores memberikan pandangan yang jernih saat berkendara paket ini juga dilengkapi dengan sarung helm yang melindungi helm dari debu ketika tidak digunakan serta bonus kacamata pelindung yang sangat membantu saat berkendara di siang hari,warna grey ukuran xl kenyamanan nyaman saya sangat puas dengan paket helm ini materialnya terasa kokoh dengan desain modern yang nyaman dipakai bahkan untuk perjalanan jarak jauh visor nya bening dan tidak mudah tergores memberikan pandangan yang jernih saat berkendara paket ini juga dilengkapi dengan sarung helm yang melindungi helm dari debu ketika tidak digunakan serta bonus kacamata pelindung yang sangat membantu saat berkendara di siang hari,67,label_4,0.23756375908851624
aryareyhann,"Warna:lumayan, ada sedikit cat' an yang mbleber
Ukuran:pas
Kenyamanan:lumayan enak

baang bagus, pengiriman nya sih lambat, estimasi 3h 4 h baru dtng, bautpada ilang, adayabg copot.",5,0,1756384143,warna lumayan ada sedikit cat an yang mbleber ukuran pas kenyamanan lumayan enak baang bagus pengiriman nya sih lambat estimasi 3h 4 h baru dtng bautpada ilang adayabg copot,warna lumayan ada sedikit cat an yang mbleber ukuran pas kenyamanan lumayan enak baang bagus pengiriman nya sih lambat estimasi 3h 4 h baru dtng bautpada ilang adayabg copot,29,positive,0.2961755394935608
dhionviva,"Warna:sesuai
Ukuran:salah ukuran
Kenyamanan:gak nyaman

Respon penjual baik   ...  Packing barang  bagus  ...  Pengiriman barang lambat  ...  Satu hal yg paling parah   ,,,  saya pesan ukuran XL  , ini yg datang gk ada ukurannya  ,,  ini kemungkinan ukuran M   ,,,  terlalu jauh jarak nya  antara XL  &  M  ...  Jadi terlalu sempit dipakainya   ...",3,0,1756285856,warna sesuai ukuran salah ukuran kenyamanan gak nyaman respon penjual baik packing barang bagus pengiriman barang lambat satu hal yg paling parah saya pesan ukuran xl ini yg datang gk ada ukurannya ini kemungkinan ukuran m terlalu jauh jarak nya antara xl m jadi terlalu sempit dipakainya,warna sesuai ukuran salah ukuran kenyamanan gak nyaman respon penjual baik packing barang bagus pengiriman barang lambat satu hal yg paling parah saya pesan ukuran xl ini yg datang gk ada ukurannya ini kemungkinan ukuran m terlalu jauh jarak nya antara xl m jadi terlalu sempit dipakainya,47,positive,0.29573190212249756
ariprawira04,"Ukuran:pas
Kualitas:sangat bagus",5,1,1728736556,ukuran pas kualitas sangat bagus,ukuran pas kualitas sangat bagus,5,label_3,0.2747374475002289
6fbudn0v1l,"Warna:item
Ukuran:pas
Kenyamanan:oke

Mendarat dngn selamat.
Pengiriman juga cepat.
Terimakasih",5,0,1762313805,warna item ukuran pas kenyamanan oke mendarat dngn selamat pengiriman juga cepat terimakasih,warna item ukuran pas kenyamanan oke mendarat dngn selamat pengiriman juga cepat terimakasih,13,positive,0.31726762652397156
0411aini,"Pesanan sampai dengan aman, trimakasih buat toko nya, semoga slalu amanah..",5,0,1760181339,pesanan sampai dengan aman trimakasih buat toko nya semoga slalu amanah,pesanan sampai dengan aman trimakasih buat toko nya semoga slalu amanah,11,positive,0.24844034016132355
tmzuf8xxpx,,5,0,1753614763,,,1,positive,0.27766895294189453
duda_bahagia83,"Warna:bagus
Ukuran:pas
Kenyamanan:nyaman

Namun karena packing atau proses pengiriman sehingga ada bagian tutup diatas yg lepas, karena ada klip yg patah",4,0,1748921858,warna bagus ukuran pas kenyamanan nyaman namun karena packing atau proses pengiriman sehingga ada bagian tutup diatas yg lepas karena ada klip yg patah,warna bagus ukuran pas kenyamanan nyaman namun karena packing atau proses pengiriman sehingga ada bagian tutup diatas yg lepas karena ada klip yg patah,24,positive,0.25776511430740356
aryo_papae_lina,"sangat kecewa begitu datang helm'y pecah, semoga kedepanya untuk penjual dan jasa kirim lebih hati²..",1,17,1762821755,sangat kecewa begitu datang helm y pecah semoga kedepanya untuk penjual dan jasa kirim lebih hati,sangat kecewa begitu datang helm y pecah semoga kedepanya untuk penjual dan jasa kirim lebih hati,16,positive,0.2817683517932892
muhasdarharpin,,5,1,1763223808,,,1,positive,0.27766895294189453
dinaarianti954,,5,1,1735106726,,,1,positive,0.27766895294189453
681ue84fjo,"Warna:bagus dan sesuai gambar
Ukuran:pas dan sesuai
Kenyamanan:nyaman dipakai

Barang bagus dan baik",5,0,1757405395,warna bagus dan sesuai gambar ukuran pas dan sesuai kenyamanan nyaman dipakai barang bagus dan baik,warna bagus dan sesuai gambar ukuran pas dan sesuai kenyamanan nyaman dipakai barang bagus dan baik,16,positive,0.27541372179985046
alisadikin2579,"Ok gan
Bagus
Sesuai harga",5,0,1752904207,ok gan bagus sesuai harga,ok gan bagus sesuai harga,5,label_3,0.299875408411026
a*****7,"Warna:sesuai pesanan
Ukuran:pas,namun tidak ada label size ukuran di helm nya
Kenyamanan:di coba seperti nya nyaman, belum di pakai berkendara jauh.",4,0,1755724091,warna sesuai pesanan ukuran pas namun tidak ada label size ukuran di helm nya kenyamanan di coba seperti nya nyaman belum di pakai berkendara jauh,warna sesuai pesanan ukuran pas namun tidak ada label size ukuran di helm nya kenyamanan di coba seperti nya nyaman belum di pakai berkendara jauh,25,positive,0.28794872760772705
trianaarie789,"Warna:sesuai dengan contoh gambar
Ukuran:ukuran pas
Kenyamanan:lumayan, sesuai harga",5,0,1754914385,warna sesuai dengan contoh gambar ukuran ukuran pas kenyamanan lumayan sesuai harga,warna sesuai dengan contoh gambar ukuran ukuran pas kenyamanan lumayan sesuai harga,12,positive,0.26737916469573975
wawankuswanto338,,5,0,1757504558,,,1,positive,0.27766895294189453
adikistianto,,5,0,1756720818,,,1,positive,0.27766895294189453
j*****g,,5,0,1760944118,,,1,positive,0.27766895294189453
indahnovitaaaa9401,"Ini pembelian kedua, agak kecewa masukin keranjang HKM Cosmo, yg dikirim MLA Cosmo, barang tidak rapi beberapa meleyot penyok.",4,0,1754560789,ini pembelian kedua agak kecewa masukin keranjang hkm cosmo yg dikirim mla cosmo barang tidak rapi beberapa meleyot penyok,ini pembelian kedua agak kecewa masukin keranjang hkm cosmo yg dikirim mla cosmo barang tidak rapi beberapa meleyot penyok,19,positive,0.2771792411804199
azwinsuherlya,,5,0,1759377816,,,1,positive,0.27766895294189453
m*****d,,5,0,1752815415,,,1,positive,0.27766895294189453
rezkywid,"Warna:Tidak rata pada bagian bawah
Ukuran:Pas
Kualitas:Builtnya bagus, kurang di perataan warna saja",4,0,1735690993,warna tidak rata pada bagian bawah ukuran pas kualitas builtnya bagus kurang di perataan warna saja,warna tidak rata pada bagian bawah ukuran pas kualitas builtnya bagus kurang di perataan warna saja,16,positive,0.26794347167015076
k*****s,,5,0,1758305595,,,1,positive,0.27766895294189453
einjdra,"Warna:sesuai pesanan merah marooon
Ukuran:L
Kenyamanan:belum di coba

Pesanan sudah diterima .. terima kasih",5,0,1736051668,warna sesuai pesanan merah marooon ukuran l kenyamanan belum di coba pesanan sudah diterima terima kasih,warna sesuai pesanan merah marooon ukuran l kenyamanan belum di coba pesanan sudah diterima terima kasih,16,positive,0.332648366689682
mohamadreska,Helmya bagus cuma sedikit lecet dan warna cetnya ad yg kenak pasir,4,0,1737774576,helmya bagus cuma sedikit lecet dan warna cetnya ad yg kenak pasir,helmya bagus cuma sedikit lecet dan warna cetnya ad yg kenak pasir,12,label_3,0.2978207767009735
sanusi_tjp,"Warna:sesuai
Ukuran:pas
Kenyamanan:lumayan

Sayang nya ada lecet karena terlalu lama di pihak jasa kirim/Kuril  sampai 10 hari baru dikirimkan,, sangat kecewa sama jasa kirim nya",4,0,1758368264,warna sesuai ukuran pas kenyamanan lumayan sayang nya ada lecet karena terlalu lama di pihak jasa kirim kuril sampai 10 hari baru dikirimkan sangat kecewa sama jasa kirim nya,warna sesuai ukuran pas kenyamanan lumayan sayang nya ada lecet karena terlalu lama di pihak jasa kirim kuril sampai 10 hari baru dikirimkan sangat kecewa sama jasa kirim nya,29,positive,0.3104896545410156
andriansahsapala,"Warna:bagus dan sesuai gambar
Ukuran:pas
Kenyamanan:lumayan nyaman saat digunakan

Barangnya ok ok aja, cuman jasa kirimnya aja yang agak kureng.",5,0,1755007841,warna bagus dan sesuai gambar ukuran pas kenyamanan lumayan nyaman saat digunakan barangnya ok ok aja cuman jasa kirimnya aja yang agak kureng,warna bagus dan sesuai gambar ukuran pas kenyamanan lumayan nyaman saat digunakan barangnya ok ok aja cuman jasa kirimnya aja yang agak kureng,23,positive,0.2743428349494934
rizkylicious2,"Warna:sesuai
Ukuran:m
Kenyamanan:nyaman

Pengiriman cepat.
Good looking. Ga kalah sma sebelah.
Sejauh ini ini yg paling murah tapi desainnya oke .yang lebih bagus banyak tapi harganya jauh diatasnya. Recomended untuk kaum mendang mending",5,0,1737467665,warna sesuai ukuran m kenyamanan nyaman pengiriman cepat good looking ga kalah sma sebelah sejauh ini ini yg paling murah tapi desainnya oke yang lebih bagus banyak tapi harganya jauh diatasnya recomended untuk kaum mendang mending,warna sesuai ukuran m kenyamanan nyaman pengiriman cepat good looking ga kalah sma sebelah sejauh ini ini yg paling murah tapi desainnya oke yang lebih bagus banyak tapi harganya jauh diatasnya recomended untuk kaum mendang mending,36,positive,0.2751190662384033
l*****a,"Warna:baik
Ukuran:pas
Kenyamanan:baik

Good condition",5,0,1752295386,warna baik ukuran pas kenyamanan baik good condition,warna baik ukuran pas kenyamanan baik good condition,8,label_3,0.2882644832134247
h*****5,"Warna:bagus
Ukuran:pas
Kenyamanan:susuai yg dtng terimakasih..",5,0,1748495415,warna bagus ukuran pas kenyamanan susuai yg dtng terimakasih,warna bagus ukuran pas kenyamanan susuai yg dtng terimakasih,9,positive,0.31653323769569397
t*****a,,5,0,1757332502,,,1,positive,0.27766895294189453
moh_akbar_maulana_mamonto,,5,0,1756169021,,,1,positive,0.27766895294189453
akujelek87,"Warna:bagus
Ukuran:kebesaran dikit
Kualitas:lumayan dengan harga segitu

Rilpic barangnya tapi playanan penjual kurang respon n pengiriman lama",4,0,1735816970,warna bagus ukuran kebesaran dikit kualitas lumayan dengan harga segitu rilpic barangnya tapi playanan penjual kurang respon n pengiriman lama,warna bagus ukuran kebesaran dikit kualitas lumayan dengan harga segitu rilpic barangnya tapi playanan penjual kurang respon n pengiriman lama,20,positive,0.2729443609714508
yo2gj79a_k,,5,0,1760848368,,,1,positive,0.27766895294189453
2dowf0sh1b,Paling best seller,5,0,1742562662,paling best seller,paling best seller,3,label_3,0.27424347400665283
z*****3,Bagus saya suka tapi ngepas bgt dipake,5,0,1749596228,bagus saya suka tapi ngepas bgt dipake,bagus saya suka tapi ngepas bgt dipake,7,label_3,0.32419878244400024
hichael,"Warna:hitam glos, bagus
Ukuran:pas
Kenyamanan:ringan nyaman, sesuai dengan harga",5,0,1746538724,warna hitam glos bagus ukuran pas kenyamanan ringan nyaman sesuai dengan harga,warna hitam glos bagus ukuran pas kenyamanan ringan nyaman sesuai dengan harga,12,positive,0.27858594059944153
muhammadraesah,"Warna:sangat bagus sesuai dengan pesanan
Ukuran:pas
Kenyamanan:sangat nyaman saat di pakai

Ini ada gores pas di cek ini gara² apa 
Tapi nyam bagus sesuai pesanan.
Saya kasi bintang 5.",5,0,1754554102,warna sangat bagus sesuai dengan pesanan ukuran pas kenyamanan sangat nyaman saat di pakai ini ada gores pas di cek ini gara apa tapi nyam bagus sesuai pesanan saya kasi bintang 5,warna sangat bagus sesuai dengan pesanan ukuran pas kenyamanan sangat nyaman saat di pakai ini ada gores pas di cek ini gara apa tapi nyam bagus sesuai pesanan saya kasi bintang 5,32,positive,0.32291901111602783
febrinh14,"Warna:sesuai
Ukuran:pas
Kenyamanan:ringan, busa pas",5,0,1741503135,warna sesuai ukuran pas kenyamanan ringan busa pas,warna sesuai ukuran pas kenyamanan ringan busa pas,8,positive,0.26447048783302307
obieenexiss,"Warna:hitam dov
Ukuran:pesan uk M yg dateng mlah seperti bukan uk M, soalnya sblm nya make merk GM dan NHK uk M nge pas di kepala, trus nyoba hkm uk M mlah kegedean, jdi aneh pas di pake
Kenyamanan:aneh pas di pakai

Barang dtang udh chat seller nya ga di respon, pdhal cuma komplain mslah ukuran, payahh",1,3,1745108451,warna hitam dov ukuran pesan uk m yg dateng mlah seperti bukan uk m soalnya sblm nya make merk gm dan nhk uk m nge pas di kepala trus nyoba hkm uk m mlah kegedean jdi aneh pas di pake kenyamanan aneh pas di pakai barang dtang udh chat seller nya ga di respon pdhal cuma komplain mslah ukuran payahh,warna hitam dov ukuran pesan uk m yg dateng mlah seperti bukan uk m soalnya sblm nya make merk gm dan nhk uk m nge pas di kepala trus nyoba hkm uk m mlah kegedean jdi aneh pas di pake kenyamanan aneh pas di pakai barang dtang udh chat seller nya ga di respon pdhal cuma komplain mslah ukuran payahh,60,positive,0.3147622048854828
phitapusphitaistriadi,,5,0,1750725104,,,1,positive,0.27766895294189453
ichal0233,"Warna:hitam
Ukuran:pas
Kenyamanan:nyaman saat di pakai",5,1,1763223817,warna hitam ukuran pas kenyamanan nyaman saat di pakai,warna hitam ukuran pas kenyamanan nyaman saat di pakai,9,label_3,0.2793613076210022
irpusboy,"Warna:bagus
Ukuran:pas
Kenyamanan:nyaman di pakai",5,0,1737983254,warna bagus ukuran pas kenyamanan nyaman di pakai,warna bagus ukuran pas kenyamanan nyaman di pakai,8,label_3,0.2913311719894409
remavariuz,"yg di beli cosmo yg dtang malah mjm batman 🗿
sengaja nih tokonya
awas kawan2",1,3,1758003843,yg di beli cosmo yg dtang malah mjm batman sengaja nih tokonya awas kawan2,yg di beli cosmo yg dtang malah mjm batman sengaja nih tokonya awas kawan2,14,label_3,0.30989208817481995
p3lj0eip52,"Warna:sesuai pesanan
Ukuran:pad
Kenyamanan:ok nyaman

Jujur kecewa sih,,kan udh d chat seller nya soal pengiriman nya aman enggak nya,,kita kn g tau d jalan/expedisi kayak gmna,,nah kan biar aman dprjlnan barang harus d bungkus yg tebel,,ini cmn selembar plastik pelindungnya,kardusnya pun sampe penyok"", kan ujung""nya helm nya retak bagian belakang. 1 lagi,yg harusnya Dateng kemarin tp gajadi karna kurir salah bawa paket,akhirnya baru hari ini tiba.",2,0,1746778929,warna sesuai pesanan ukuran pad kenyamanan ok nyaman jujur kecewa sih kan udh d chat seller nya soal pengiriman nya aman enggak nya kita kn g tau d jalan expedisi kayak gmna nah kan biar aman dprjlnan barang harus d bungkus yg tebel ini cmn selembar plastik pelindungnya kardusnya pun sampe penyok kan ujung nya helm nya retak bagian belakang 1 lagi yg harusnya dateng kemarin tp gajadi karna kurir salah bawa paket akhirnya baru hari ini tiba,warna sesuai pesanan ukuran pad kenyamanan ok nyaman jujur kecewa sih kan udh d chat seller nya soal pengiriman nya aman enggak nya kita kn g tau d jalan expedisi kayak gmna nah kan biar aman dprjlnan barang harus d bungkus yg tebel ini cmn selembar plastik pelindungnya kardusnya pun sampe penyok kan ujung nya helm nya retak bagian belakang 1 lagi yg harusnya dateng kemarin tp gajadi karna kurir salah bawa paket akhirnya baru hari ini tiba,78,positive,0.26472774147987366
ijuljuliadi935,"Warna:black doff
Ukuran:m
Kenyamanan:sangat nyaman",5,0,1750747115,warna black doff ukuran m kenyamanan sangat nyaman,warna black doff ukuran m kenyamanan sangat nyaman,8,label_3,0.26567724347114563
kaitodulex600,"Warna:pas
Ukuran:mantap
Kenyamanan:lumayan

Bakar"" dulu guys gpp tahun baru udah lewat yg penting kyyyahhh",5,0,1736003288,warna pas ukuran mantap kenyamanan lumayan bakar dulu guys gpp tahun baru udah lewat yg penting kyyyahhh,warna pas ukuran mantap kenyamanan lumayan bakar dulu guys gpp tahun baru udah lewat yg penting kyyyahhh,17,positive,0.31971532106399536
llucaswong_,"Warna:baguss
Ukuran:passs
Kenyamanan:nyamannn

mantep lah bosquuu",5,0,1742647686,warna baguss ukuran passs kenyamanan nyamannn mantep lah bosquuu,warna baguss ukuran passs kenyamanan nyamannn mantep lah bosquuu,9,positive,0.3196999728679657
7q5et1flm0,Ok pesnn sy udh sy terima mksih tokonya amnh kemasan bgus ga ada yng lecet sedikitpun sesuai keinginn siip lh,5,0,1753087364,ok pesnn sy udh sy terima mksih tokonya amnh kemasan bgus ga ada yng lecet sedikitpun sesuai keinginn siip lh,ok pesnn sy udh sy terima mksih tokonya amnh kemasan bgus ga ada yng lecet sedikitpun sesuai keinginn siip lh,20,positive,0.30350664258003235
junirianto000,"Warna:oke
Ukuran:pas cocok
Kenyamanan:semoga awet,nyaman dipake spon bisa dilepas",5,0,1754921825,warna oke ukuran pas cocok kenyamanan semoga awet nyaman dipake spon bisa dilepas,warna oke ukuran pas cocok kenyamanan semoga awet nyaman dipake spon bisa dilepas,13,label_3,0.2866649329662323
vanilla24,"Warna:sesuai
Ukuran:pass
Kenyamanan:nyaman",5,0,1746230322,warna sesuai ukuran pass kenyamanan nyaman,warna sesuai ukuran pass kenyamanan nyaman,6,label_3,0.2845463752746582
desililiyanti,"Helm nya bagus, pengiriman pun cepat kurir ramah",5,0,1732874961,helm nya bagus pengiriman pun cepat kurir ramah,helm nya bagus pengiriman pun cepat kurir ramah,8,label_3,0.30232328176498413
k*****3,"Ukuran:pas
Kualitas:baguss",5,1,1733938996,ukuran pas kualitas baguss,ukuran pas kualitas baguss,4,label_3,0.30201560258865356
alfindesta978,"helm nya bagus,tapi bagian pengencang helm nya kaya nya ke balik",4,0,1755182752,helm nya bagus tapi bagian pengencang helm nya kaya nya ke balik,helm nya bagus tapi bagian pengencang helm nya kaya nya ke balik,12,label_3,0.3226039707660675
m*****_,"Warna:sesuai
Ukuran:sesuai dan pas
Kenyamanan:cukup nyaman

Barang mantap dan bagus tapi barangnya lama sampe, masa 9 hari.
Tapi gapapa la ttp puas kok dengan barangnya🙏",5,0,1750682423,warna sesuai ukuran sesuai dan pas kenyamanan cukup nyaman barang mantap dan bagus tapi barangnya lama sampe masa 9 hari tapi gapapa la ttp puas kok dengan barangnya,warna sesuai ukuran sesuai dan pas kenyamanan cukup nyaman barang mantap dan bagus tapi barangnya lama sampe masa 9 hari tapi gapapa la ttp puas kok dengan barangnya,28,positive,0.2937672436237335
rakafirky,"barang bagus cuma ada lecet sedikit di bagian belakang, lain kali lebih teliti buat pembungkusan nya",5,0,1750597001,barang bagus cuma ada lecet sedikit di bagian belakang lain kali lebih teliti buat pembungkusan nya,barang bagus cuma ada lecet sedikit di bagian belakang lain kali lebih teliti buat pembungkusan nya,16,positive,0.27741363644599915
jabbarizaky01,Perfect of Product..,5,0,1754130072,perfect of product,perfect of product,3,label_3,0.2500400245189667
musyahil,"Warna:mera marun gays
Ukuran:pas
Kenyamanan:kerren bgt pokok nya deh",5,0,1741314305,warna mera marun gays ukuran pas kenyamanan kerren bgt pokok nya deh,warna mera marun gays ukuran pas kenyamanan kerren bgt pokok nya deh,12,positive,0.30879586935043335
hendrysusanto155,,5,0,1750759235,,,1,positive,0.27766895294189453
shaadevano,,5,0,1750292893,,,1,positive,0.27766895294189453
htex5y93m7,,5,0,1759986191,,,1,positive,0.27766895294189453
sugeng_568,,5,0,1759928740,,,1,positive,0.27766895294189453
l*****i,,5,0,1751882491,,,1,positive,0.27766895294189453
riopermana799,"Warna:sesuai
Ukuran:pas di kepala
Kenyamanan:sangat nyaman",5,0,1741585270,warna sesuai ukuran pas di kepala kenyamanan sangat nyaman,warna sesuai ukuran pas di kepala kenyamanan sangat nyaman,9,label_3,0.2741420865058899
ngajagorawit,"Warna:sangat bagus
Ukuran:ukutan paa
Kenyamanan:nyaman

Secara keseluruhan bagus  cuman maaf paku ripet na tolong agak diperhatikan ...soalnya kurang rapet paku nya",5,0,1738537316,warna sangat bagus ukuran ukutan paa kenyamanan nyaman secara keseluruhan bagus cuman maaf paku ripet na tolong agak diperhatikan soalnya kurang rapet paku nya,warna sangat bagus ukuran ukutan paa kenyamanan nyaman secara keseluruhan bagus cuman maaf paku ripet na tolong agak diperhatikan soalnya kurang rapet paku nya,24,positive,0.3096950054168701
yndraraf,"Warna:Aqua sesuai
Ukuran:m pas dipakai
Kualitas:mantul

Gak mengecewakan karena awal nya coba coba dan helm berkualitas banget 
Detail nya rapih 
Pengiriman oke
Gak ada lecet atau pecah 
Alhamdulillah 
Lancar jaya slalu ✊",5,0,1735639947,warna aqua sesuai ukuran m pas dipakai kualitas mantul gak mengecewakan karena awal nya coba coba dan helm berkualitas banget detail nya rapih pengiriman oke gak ada lecet atau pecah alhamdulillah lancar jaya slalu,warna aqua sesuai ukuran m pas dipakai kualitas mantul gak mengecewakan karena awal nya coba coba dan helm berkualitas banget detail nya rapih pengiriman oke gak ada lecet atau pecah alhamdulillah lancar jaya slalu,34,positive,0.24686409533023834
t*****h,"Warna:sangat bagus dan sesuai
Ukuran:pas dan nyaman di kepala
Kenyamanan:ringan dan nyaman saat di pakai",5,0,1751020328,warna sangat bagus dan sesuai ukuran pas dan nyaman di kepala kenyamanan ringan dan nyaman saat di pakai,warna sangat bagus dan sesuai ukuran pas dan nyaman di kepala kenyamanan ringan dan nyaman saat di pakai,18,positive,0.2560863494873047
hardiansyah210188,"Warna:memiliki pitmen yg bagus
Ukuran:ukuran produk pas dan sesuai
Kenyamanan:ringan dan nyaman

Alhamdulilah sesuai pesanan dan pas",5,0,1758180263,warna memiliki pitmen yg bagus ukuran ukuran produk pas dan sesuai kenyamanan ringan dan nyaman alhamdulilah sesuai pesanan dan pas,warna memiliki pitmen yg bagus ukuran ukuran produk pas dan sesuai kenyamanan ringan dan nyaman alhamdulilah sesuai pesanan dan pas,20,label_4,0.2575378715991974
meyshinmusin,"Warna:sangat bagus sesuai dgn pesanan sy..
Ukuran:ukuran pas
Kenyamanan:ringan dn enak sekali d pakai

Sesuai dgn pesanan sy sangat suka dgn toko ini amanah.. Barang bagus dn tidak mengecewakn..",5,0,1741829120,warna sangat bagus sesuai dgn pesanan sy ukuran ukuran pas kenyamanan ringan dn enak sekali d pakai sesuai dgn pesanan sy sangat suka dgn toko ini amanah barang bagus dn tidak mengecewakn,warna sangat bagus sesuai dgn pesanan sy ukuran ukuran pas kenyamanan ringan dn enak sekali d pakai sesuai dgn pesanan sy sangat suka dgn toko ini amanah barang bagus dn tidak mengecewakn,32,positive,0.2766486406326294
f*****3,"Warna:bagus
Ukuran:pas pasan bgt
Kenyamanan:nyaman tpi engap karena pas”an bgt

Bagus cuma harus di Clear dikit ini kalo gak gampang lecet doff nya",5,0,1757427721,warna bagus ukuran pas pasan bgt kenyamanan nyaman tpi engap karena pas an bgt bagus cuma harus di clear dikit ini kalo gak gampang lecet doff nya,warna bagus ukuran pas pasan bgt kenyamanan nyaman tpi engap karena pas an bgt bagus cuma harus di clear dikit ini kalo gak gampang lecet doff nya,27,positive,0.2989811599254608
ramahdhani040,"Warna:sesuai warna
Ukuran:pesan ukuran M tapi yg datang ga tau ukuran apa ga ada ukuran nya waktu di pakai longgar parah  ni mungkin ukuran xl yg datang
Kenyamanan:lumayan , walaupun yg datang kebesaran yahh jadi ga kepake deh",4,0,1747994393,warna sesuai warna ukuran pesan ukuran m tapi yg datang ga tau ukuran apa ga ada ukuran nya waktu di pakai longgar parah ni mungkin ukuran xl yg datang kenyamanan lumayan walaupun yg datang kebesaran yahh jadi ga kepake deh,warna sesuai warna ukuran pesan ukuran m tapi yg datang ga tau ukuran apa ga ada ukuran nya waktu di pakai longgar parah ni mungkin ukuran xl yg datang kenyamanan lumayan walaupun yg datang kebesaran yahh jadi ga kepake deh,40,positive,0.3003505766391754
fyktor_91,"Warna:sesuai permintaan
Ukuran:sangat pas
Kenyamanan:busa tebal, terasa nyaman saat di pakai

Alhamdulillah... Sampai dengan selamat... Meski proteksi nya kurang... Tapi aman...",5,0,1760159145,warna sesuai permintaan ukuran sangat pas kenyamanan busa tebal terasa nyaman saat di pakai alhamdulillah sampai dengan selamat meski proteksi nya kurang tapi aman,warna sesuai permintaan ukuran sangat pas kenyamanan busa tebal terasa nyaman saat di pakai alhamdulillah sampai dengan selamat meski proteksi nya kurang tapi aman,24,positive,0.25986626744270325
oulqft0_b4,"Ukuran:ngepas bg busa nya tebel
Warna:sangat elegan
Durabilitas:sangat memuaskan, dan harga terjangkau

rekomen bgt buat pelajar yg ga punya dana tapi gaya selangit 
sudah support intercom jugk",5,0,1733528888,ukuran ngepas bg busa nya tebel warna sangat elegan durabilitas sangat memuaskan dan harga terjangkau rekomen bgt buat pelajar yg ga punya dana tapi gaya selangit sudah support intercom jugk,ukuran ngepas bg busa nya tebel warna sangat elegan durabilitas sangat memuaskan dan harga terjangkau rekomen bgt buat pelajar yg ga punya dana tapi gaya selangit sudah support intercom jugk,30,positive,0.3124782145023346
w*****n,"Warna:oke
Ukuran:pas
Kenyamanan:oke

Bagus",5,0,1743179695,warna oke ukuran pas kenyamanan oke bagus,warna oke ukuran pas kenyamanan oke bagus,7,label_3,0.28738024830818176
ranggapratama229,"Warna:sangat bagus sesuai gambar
Ukuran:pas dan sesuai
Kenyamanan:sangat nyaman ketika di pake

Tolong saya belakang nya, langsung di pasang pakek baut aja kak, biar enak, kalo pake lem jadi nya jelek",5,0,1738558058,warna sangat bagus sesuai gambar ukuran pas dan sesuai kenyamanan sangat nyaman ketika di pake tolong saya belakang nya langsung di pasang pakek baut aja kak biar enak kalo pake lem jadi nya jelek,warna sangat bagus sesuai gambar ukuran pas dan sesuai kenyamanan sangat nyaman ketika di pake tolong saya belakang nya langsung di pasang pakek baut aja kak biar enak kalo pake lem jadi nya jelek,34,positive,0.33056533336639404
alalaku267,"Warna:mantul
Ukuran:pas
Kenyamanan:blm dicoba

Pokoknya bagus banget",5,0,1754887207,warna mantul ukuran pas kenyamanan blm dicoba pokoknya bagus banget,warna mantul ukuran pas kenyamanan blm dicoba pokoknya bagus banget,10,label_3,0.30657023191452026
crisyoz,"Warna:Hitam Doff
Ukuran:L
Kenyamanan:Sesuai dengan harga

Untuk barang beda jauh dengan yang di testi video ,namun sesuai dengan harga. Dari segi Bentuk bagus.",3,0,1743228264,warna hitam doff ukuran l kenyamanan sesuai dengan harga untuk barang beda jauh dengan yang di testi video namun sesuai dengan harga dari segi bentuk bagus,warna hitam doff ukuran l kenyamanan sesuai dengan harga untuk barang beda jauh dengan yang di testi video namun sesuai dengan harga dari segi bentuk bagus,26,positive,0.2805207669734955
andriuwente0811,"Warna:Memiliki pigmen yang bagus
Ukuran:Ukuran produk pas dan sesuai
Kenyamanan:Ringan dan nyaman saat di pakai

Jngn ragu belnja di toko ini, brngnya sesuai dan bagus",5,0,1737123751,warna memiliki pigmen yang bagus ukuran ukuran produk pas dan sesuai kenyamanan ringan dan nyaman saat di pakai jngn ragu belnja di toko ini brngnya sesuai dan bagus,warna memiliki pigmen yang bagus ukuran ukuran produk pas dan sesuai kenyamanan ringan dan nyaman saat di pakai jngn ragu belnja di toko ini brngnya sesuai dan bagus,28,positive,0.2921718657016754
t*****h,"Warna:silver sesuai
Ukuran:pas aja
Kenyamanan:lumayan nyaman

Buat harga segini udah oke, tp SNI nya saya ahak ragu, tipis & ringkih bgt. Buat helm back up masih oke lah",4,0,1752470139,warna silver sesuai ukuran pas aja kenyamanan lumayan nyaman buat harga segini udah oke tp sni nya saya ahak ragu tipis ringkih bgt buat helm back up masih oke lah,warna silver sesuai ukuran pas aja kenyamanan lumayan nyaman buat harga segini udah oke tp sni nya saya ahak ragu tipis ringkih bgt buat helm back up masih oke lah,30,positive,0.29527756571769714
andialfriandi,Mantap dibawak nongki ☕,5,0,1738829840,mantap dibawak nongki,mantap dibawak nongki,3,positive,0.312662273645401
suar4,,5,0,1756001031,,,1,positive,0.27766895294189453
d*****o,"Warna:sangat bagus
Ukuran:pas
Kenyamanan:nyaman dipakai

Mantap banget👍",5,0,1752463628,warna sangat bagus ukuran pas kenyamanan nyaman dipakai mantap banget,warna sangat bagus ukuran pas kenyamanan nyaman dipakai mantap banget,10,label_3,0.2772104740142822
amirarezekisyandana,,5,0,1752304548,,,1,positive,0.27766895294189453
j*****4,,5,0,1757060249,,,1,positive,0.27766895294189453
angkringanpaklik,"Warna:ok
Ukuran:pas
Kualitas:ok

Sedikit lecetttt",4,2,1736434726,warna ok ukuran pas kualitas ok sedikit lecetttt,warna ok ukuran pas kualitas ok sedikit lecetttt,8,label_3,0.30593928694725037
dedenjunaidi2024,"Warna:hitam dof
Ukuran:M
Kenyamanan:sangat nyaman di pakai

Terima kasih bos barang sudah sampai keadaan baik mulus tidak ada kerusakan, sesuai dengan poto.",5,0,1761449003,warna hitam dof ukuran m kenyamanan sangat nyaman di pakai terima kasih bos barang sudah sampai keadaan baik mulus tidak ada kerusakan sesuai dengan poto,warna hitam dof ukuran m kenyamanan sangat nyaman di pakai terima kasih bos barang sudah sampai keadaan baik mulus tidak ada kerusakan sesuai dengan poto,25,positive,0.29904916882514954
a*****2,"Warna:black doff
Ukuran:M
Kenyamanan:cukup nyaman

Tampilan gak kalah dg brand yg lain, helm lumayan ringan, busa empuk, rekomended buat kalian yang mau cari. Helm murah tapi tetap tampil beda dan mewah 🥰",5,0,1737893368,warna black doff ukuran m kenyamanan cukup nyaman tampilan gak kalah dg brand yg lain helm lumayan ringan busa empuk rekomended buat kalian yang mau cari helm murah tapi tetap tampil beda dan mewah,warna black doff ukuran m kenyamanan cukup nyaman tampilan gak kalah dg brand yg lain helm lumayan ringan busa empuk rekomended buat kalian yang mau cari helm murah tapi tetap tampil beda dan mewah,34,positive,0.2636423707008362
gerponponto,Murah tapi tidak murahan.,5,0,1740625014,murah tapi tidak murahan,murah tapi tidak murahan,4,label_3,0.28057661652565
anggarahditya,"Warna:sesuai
Ukuran:busa medium tapi longgar banget dipipi, saran adain busa sz s dijual terpisah gapapa saya beli, selebihnya aman cakep",4,0,1745930034,warna sesuai ukuran busa medium tapi longgar banget dipipi saran adain busa sz s dijual terpisah gapapa saya beli selebihnya aman cakep,warna sesuai ukuran busa medium tapi longgar banget dipipi saran adain busa sz s dijual terpisah gapapa saya beli selebihnya aman cakep,22,label_3,0.26691144704818726
naufalk07,Sambungan karet nya jelek banget quality control nya kacau barang gitu masih aja di jual,1,4,1751152120,sambungan karet nya jelek banget quality control nya kacau barang gitu masih aja di jual,sambungan karet nya jelek banget quality control nya kacau barang gitu masih aja di jual,15,label_3,0.2994270324707031
alirizal613,Keren sih sumpah buruan bli,5,0,1734851006,keren sih sumpah buruan bli,keren sih sumpah buruan bli,5,label_3,0.3245686888694763
faisalbusku,,5,0,1752387712,,,1,positive,0.27766895294189453
nanangb.p,"Warna:mulus dan bagus
Ukuran:sesuai
Kenyamanan:ringan",5,0,1748012372,warna mulus dan bagus ukuran sesuai kenyamanan ringan,warna mulus dan bagus ukuran sesuai kenyamanan ringan,8,label_3,0.28975093364715576
arsadmaulana805,"Warna:sesuai
Ukuran:pass
Kenyamanan:nyaman

Tapi ada tetesan lem setan di foto ke 2 nya itu min",3,1,1755718938,warna sesuai ukuran pass kenyamanan nyaman tapi ada tetesan lem setan di foto ke 2 nya itu min,warna sesuai ukuran pass kenyamanan nyaman tapi ada tetesan lem setan di foto ke 2 nya itu min,18,positive,0.32855260372161865
sopianeka345,,5,0,1751974879,,,1,positive,0.27766895294189453
andiprasetiabls,"Warna:mantap
Ukuran:pas
Kenyamanan:ok mantap barang mendarat dengan mulus",5,0,1759744923,warna mantap ukuran pas kenyamanan ok mantap barang mendarat dengan mulus,warna mantap ukuran pas kenyamanan ok mantap barang mendarat dengan mulus,11,label_3,0.29001814126968384
h*****4,"Paket sampai dengan aman walaupun kardus ny robek"" 👍",5,0,1761554818,paket sampai dengan aman walaupun kardus ny robek,paket sampai dengan aman walaupun kardus ny robek,8,label_3,0.32806259393692017
thisrappz_,"bintang 4 aja, soalnya spoilernya ga merekat sempurna, padahal udh bener masangnya tpi double tipnya kering pas mau dipasang",4,0,1747203153,bintang 4 aja soalnya spoilernya ga merekat sempurna padahal udh bener masangnya tpi double tipnya kering pas mau dipasang,bintang 4 aja soalnya spoilernya ga merekat sempurna padahal udh bener masangnya tpi double tipnya kering pas mau dipasang,19,label_3,0.28916117548942566
khen_4ri,"Warna:sippp
Ukuran:pas
Kenyamanan:muantapz",5,0,1741503581,warna sippp ukuran pas kenyamanan muantapz,warna sippp ukuran pas kenyamanan muantapz,6,label_3,0.3077136278152466
hjgvt_ffxp,"Warna:sesuai dengan gambar
Ukuran:pas
Kenyamanan:enteng",5,0,1759992100,warna sesuai dengan gambar ukuran pas kenyamanan enteng,warna sesuai dengan gambar ukuran pas kenyamanan enteng,8,positive,0.28055304288864136
aguzmaroont516,"Warna:putih
Ukuran:L
Kenyamanan:pas di pake

Sesuai dengan foto",5,0,1746529639,warna putih ukuran l kenyamanan pas di pake sesuai dengan foto,warna putih ukuran l kenyamanan pas di pake sesuai dengan foto,11,label_3,0.2793845534324646
mahardikasetiawan343,"Warna:sesuai
Ukuran:pass
Kenyamanan:nyaman

Bagus bgt...",5,0,1752910951,warna sesuai ukuran pass kenyamanan nyaman bagus bgt,warna sesuai ukuran pass kenyamanan nyaman bagus bgt,8,label_3,0.30858394503593445
roziqinrobby,Bagus barang real pick dan sampai dgn aman,5,0,1758879539,bagus barang real pick dan sampai dgn aman,bagus barang real pick dan sampai dgn aman,8,label_3,0.3005113899707794
deniamrlh,"Warna:glosy
Ukuran:pas
Kenyamanan:sangat nyaman",5,0,1753868826,warna glosy ukuran pas kenyamanan sangat nyaman,warna glosy ukuran pas kenyamanan sangat nyaman,7,label_3,0.27334466576576233
bospik15bospik15,"Warna:bagus
Ukuran:pas
Kenyamanan:sangat nyaman mantap dah 👍👍",5,0,1760448097,warna bagus ukuran pas kenyamanan sangat nyaman mantap dah,warna bagus ukuran pas kenyamanan sangat nyaman mantap dah,9,label_3,0.2978610694408417
hafidzindirwan,"Warna:selama aku
Ukuran:masih bisa
Kenyamanan:bernafas

masih sanggup berjalan ku kan selalu memuja mu meskipun ta ada point koin shopee minta kocak",5,0,1757932899,warna selama aku ukuran masih bisa kenyamanan bernafas masih sanggup berjalan ku kan selalu memuja mu meskipun ta ada point koin shopee minta kocak,warna selama aku ukuran masih bisa kenyamanan bernafas masih sanggup berjalan ku kan selalu memuja mu meskipun ta ada point koin shopee minta kocak,24,positive,0.28332021832466125
pratiwayogi029,Pokok nya mantab,5,0,1743242172,pokok nya mantab,pokok nya mantab,3,positive,0.3053478002548218
putra_1622,"Warna:keren
Ukuran:lumayan
Kenyamanan:okelah

Kualitas oke mantap",5,0,1759824534,warna keren ukuran lumayan kenyamanan okelah kualitas oke mantap,warna keren ukuran lumayan kenyamanan okelah kualitas oke mantap,9,label_3,0.30184200406074524
shp4_sozbx,"Warna:hitam doff
Ukuran:L
Kenyamanan:nyaman di pakai bekendara jauh maupun dekat",5,0,1757077059,warna hitam doff ukuran l kenyamanan nyaman di pakai bekendara jauh maupun dekat,warna hitam doff ukuran l kenyamanan nyaman di pakai bekendara jauh maupun dekat,13,label_3,0.2720858156681061
arzabizar17,"Warna:abu abu
Ukuran:pas
Kenyamanan:nyaman

Sesuai pesanan",5,0,1752382874,warna abu abu ukuran pas kenyamanan nyaman sesuai pesanan,warna abu abu ukuran pas kenyamanan nyaman sesuai pesanan,9,label_3,0.2805528938770294
vt_q06if6x,"Warna:sesuai dengan di poto
Ukuran:pas dan sesuai
Kenyamanan:sangat nyaman dan enteng utuk busa bagian kanan dan kiri sangat empuk cocok lah utk yg suka bepergian jauh",5,0,1747316394,warna sesuai dengan di poto ukuran pas dan sesuai kenyamanan sangat nyaman dan enteng utuk busa bagian kanan dan kiri sangat empuk cocok lah utk yg suka bepergian jauh,warna sesuai dengan di poto ukuran pas dan sesuai kenyamanan sangat nyaman dan enteng utuk busa bagian kanan dan kiri sangat empuk cocok lah utk yg suka bepergian jauh,29,positive,0.2631121277809143
maikalagusriandi,,5,0,1753666141,,,1,positive,0.27766895294189453
laurensius31,,5,0,1759241780,,,1,positive,0.27766895294189453
m*****3,"Warna:bagus
Ukuran:sedang
Kenyamanan:pas

Perasaan gue milih yg GLOS, kok yg dateng kaya jenis yg DOF yahhh... 
Apa emang gue yg salah liat...",3,0,1753428240,warna bagus ukuran sedang kenyamanan pas perasaan gue milih yg glos kok yg dateng kaya jenis yg dof yahhh apa emang gue yg salah liat,warna bagus ukuran sedang kenyamanan pas perasaan gue milih yg glos kok yg dateng kaya jenis yg dof yahhh apa emang gue yg salah liat,25,positive,0.2989495098590851
heracahya577,"Helem nya baguss.
Cuma ada lecet dikitt tapi gpp gk terlalu keliatan.
Tengkyuuuu",5,0,1748099964,helem nya baguss cuma ada lecet dikitt tapi gpp gk terlalu keliatan tengkyuuuu,helem nya baguss cuma ada lecet dikitt tapi gpp gk terlalu keliatan tengkyuuuu,13,positive,0.33327269554138184
c*****5,,5,0,1754565606,,,1,positive,0.27766895294189453
rafkha14_reyvan,"Warna:hitam. glosy
Ukuran:pas dikepala sangat nyaman
Kenyamanan:sangaat nyaman

Helmnya bagus,, cocok di kepala dan pengiriman cepat tanpa cacat. Maaf gak ada fotonya karena buru2 buat kado 👍",5,0,1740008396,warna hitam glosy ukuran pas dikepala sangat nyaman kenyamanan sangaat nyaman helmnya bagus cocok di kepala dan pengiriman cepat tanpa cacat maaf gak ada fotonya karena buru2 buat kado,warna hitam glosy ukuran pas dikepala sangat nyaman kenyamanan sangaat nyaman helmnya bagus cocok di kepala dan pengiriman cepat tanpa cacat maaf gak ada fotonya karena buru2 buat kado,29,positive,0.2967528700828552
nanamukti18,"Warna:hitam dop
Ukuran:Pas
Kenyamanan:Kurang di bagian busa

Review jujur, untuk desain bagus cakep. Untuk kemanan saya rasa kurang karena busa bagian dalamnya kurang tebal dan mudah geser jadi gak ngefit di kepala. Overall untuk harga 100'n lumayan lah daripada kena tilang 250k wkwk",4,0,1738747442,warna hitam dop ukuran pas kenyamanan kurang di bagian busa review jujur untuk desain bagus cakep untuk kemanan saya rasa kurang karena busa bagian dalamnya kurang tebal dan mudah geser jadi gak ngefit di kepala overall untuk harga 100 n lumayan lah daripada kena tilang 250k wkwk,warna hitam dop ukuran pas kenyamanan kurang di bagian busa review jujur untuk desain bagus cakep untuk kemanan saya rasa kurang karena busa bagian dalamnya kurang tebal dan mudah geser jadi gak ngefit di kepala overall untuk harga 100 n lumayan lah daripada kena tilang 250k wkwk,47,positive,0.26043009757995605
s*****o,"Warna:sangat bagus
Ukuran:pas dikepala
Kenyamanan:sejuk nyaman",5,0,1752667480,warna sangat bagus ukuran pas dikepala kenyamanan sejuk nyaman,warna sangat bagus ukuran pas dikepala kenyamanan sejuk nyaman,9,label_3,0.2804259955883026
sqo2da6l5l,Warna:bagus,5,0,1761779291,warna bagus,warna bagus,2,positive,0.259007066488266
subersuber197,"Warna:hitam doff
Ukuran:m
Kenyamanan:bagus dan keren, nyaman di pakai.

Boxnya remuk tapi Syukur helmnya aman, bagus tanpa cela.",4,0,1760589841,warna hitam doff ukuran m kenyamanan bagus dan keren nyaman di pakai boxnya remuk tapi syukur helmnya aman bagus tanpa cela,warna hitam doff ukuran m kenyamanan bagus dan keren nyaman di pakai boxnya remuk tapi syukur helmnya aman bagus tanpa cela,21,positive,0.2868173122406006
a*****q,"Warna:Grey glosy Sesuai diskripsi dan pesanan
Ukuran:Pas

Tulisan MLA Helmet g center/ miring , Next time kl da orderan lagi sebelum di kirim di cek lagi ya, Selebihnya OK",4,0,1755256602,warna grey glosy sesuai diskripsi dan pesanan ukuran pas tulisan mla helmet g center miring next time kl da orderan lagi sebelum di kirim di cek lagi ya selebihnya ok,warna grey glosy sesuai diskripsi dan pesanan ukuran pas tulisan mla helmet g center miring next time kl da orderan lagi sebelum di kirim di cek lagi ya selebihnya ok,30,positive,0.29142439365386963
c*****6,"Banyak baret seperti barang bekas pakai.
Apa gak di cek sebelum dikirim? Masak barang baret-baret dikirim ke konsumen.",1,0,1757999913,banyak baret seperti barang bekas pakai apa gak di cek sebelum dikirim masak barang baret baret dikirim ke konsumen,banyak baret seperti barang bekas pakai apa gak di cek sebelum dikirim masak barang baret baret dikirim ke konsumen,19,label_3,0.30137115716934204
dickymarjon,"Warna:mulusssss
Ukuran:pass
Kualitas:bagus..",5,1,1737944537,warna mulusssss ukuran pass kualitas bagus,warna mulusssss ukuran pass kualitas bagus,6,label_3,0.2925926446914673
lukijipong,"Helmnya Bagus,Respon Penjual Jg Bagus Sayang di pengiriman Lama Banget Hampir Sminggu
Sampe Males Nunggunya",5,0,1737724639,helmnya bagus respon penjual jg bagus sayang di pengiriman lama banget hampir sminggu sampe males nunggunya,helmnya bagus respon penjual jg bagus sayang di pengiriman lama banget hampir sminggu sampe males nunggunya,16,positive,0.2866889238357544
mansur_kwk,"Warna:grey glossy
Ukuran:m
Kenyamanan:ya nyaman sesuai harga sihh

Pekinganya ga terlalu bagus tapi lumayan aman karna di anter mobil, barangnya ga mulus ada yg lecet, bagus di design aja untuk kualitas yah sesuai harga, SNI? Tidak sihhh karna bahan lembek, oke sekian terimakasih",2,0,1748508864,warna grey glossy ukuran m kenyamanan ya nyaman sesuai harga sihh pekinganya ga terlalu bagus tapi lumayan aman karna di anter mobil barangnya ga mulus ada yg lecet bagus di design aja untuk kualitas yah sesuai harga sni tidak sihhh karna bahan lembek oke sekian terimakasih,warna grey glossy ukuran m kenyamanan ya nyaman sesuai harga sihh pekinganya ga terlalu bagus tapi lumayan aman karna di anter mobil barangnya ga mulus ada yg lecet bagus di design aja untuk kualitas yah sesuai harga sni tidak sihhh karna bahan lembek oke sekian terimakasih,46,positive,0.3174196481704712
arjunamaxx436,"Warna:Gak sesuai pesen nya grey glosy, malah dateng warna item
Ukuran:pas L
Kualitas:Cocok lah",2,0,1735987622,warna gak sesuai pesen nya grey glosy malah dateng warna item ukuran pas l kualitas cocok lah,warna gak sesuai pesen nya grey glosy malah dateng warna item ukuran pas l kualitas cocok lah,17,positive,0.30739879608154297
arifnaruna,"Sesuai...barang bagus..
Bkal beli lagi sih ini..",5,0,1740227110,sesuai barang bagus bkal beli lagi sih ini,sesuai barang bagus bkal beli lagi sih ini,8,label_3,0.32245030999183655
bhysiidoubleoche,"Helmnya bagus , cuma pas sampe di bagian atas kirinya terlepas tp sdh sy lem .",4,0,1736651035,helmnya bagus cuma pas sampe di bagian atas kirinya terlepas tp sdh sy lem,helmnya bagus cuma pas sampe di bagian atas kirinya terlepas tp sdh sy lem,14,label_3,0.3044528365135193
pastiada123,"Sesuai pesanan sih , barang oke segini mah  gak ada yg cacat atau lecet , cuma pnising mah kurg rapih dikit",4,0,1747996542,sesuai pesanan sih barang oke segini mah gak ada yg cacat atau lecet cuma pnising mah kurg rapih dikit,sesuai pesanan sih barang oke segini mah gak ada yg cacat atau lecet cuma pnising mah kurg rapih dikit,19,label_3,0.27602285146713257
m.jamaludin12,"Warna:hitam bening
Ukuran:m
Kenyamanan:sangat nyaman di pakay

Makasih semuanya saya puas banget",5,0,1736747109,warna hitam bening ukuran m kenyamanan sangat nyaman di pakay makasih semuanya saya puas banget,warna hitam bening ukuran m kenyamanan sangat nyaman di pakay makasih semuanya saya puas banget,15,positive,0.2950088381767273
a*****_,"Warna:bagus
Ukuran:sesuai
Kenyamanan:nyaman

Sangat memuaskan",5,0,1745139870,warna bagus ukuran sesuai kenyamanan nyaman sangat memuaskan,warna bagus ukuran sesuai kenyamanan nyaman sangat memuaskan,8,label_3,0.27329814434051514
j0djc7fr5p,Bagus sesuai pesanan,5,0,1734677512,bagus sesuai pesanan,bagus sesuai pesanan,3,label_3,0.29722920060157776
ig1frt4wza,"Warna:grey glos
Ukuran:xl",5,0,1740391031,warna grey glos ukuran xl,warna grey glos ukuran xl,5,label_3,0.26133424043655396
ampangpelor916,Brangx mantap bosq memuaskan,5,0,1740192465,brangx mantap bosq memuaskan,brangx mantap bosq memuaskan,4,positive,0.32428407669067383
sardotchannels,Kelas barang sesuai pesanan,5,0,1735974191,kelas barang sesuai pesanan,kelas barang sesuai pesanan,4,positive,0.28247886896133423
phrasetiyo,"Alhamdulillah pesanan telah sampai sangat sesuai dengan harga yang pas, semoga awet.. Amiin🤲",5,0,1752108613,alhamdulillah pesanan telah sampai sangat sesuai dengan harga yang pas semoga awet amiin,alhamdulillah pesanan telah sampai sangat sesuai dengan harga yang pas semoga awet amiin,13,positive,0.2778016924858093
bahtiarkasbulah863,Barang nya cepet sampe helm gk ada yg lecet sama sekali,5,0,1740219111,barang nya cepet sampe helm gk ada yg lecet sama sekali,barang nya cepet sampe helm gk ada yg lecet sama sekali,11,label_3,0.30652910470962524
dhimz_97,,5,0,1743223155,,,1,positive,0.27766895294189453
emonsyarief,,5,0,1749341158,,,1,positive,0.27766895294189453
sear85,,5,0,1744090948,,,1,positive,0.27766895294189453
dedy601,,5,0,1740305198,,,1,positive,0.27766895294189453
alddiiy,,5,0,1742726691,,,1,positive,0.27766895294189453
rendi_raff25,,5,0,1738308610,,,1,positive,0.27766895294189453
irmacayank1506,,5,0,1742534482,,,1,positive,0.27766895294189453
victoridham,,5,0,1742395280,,,1,positive,0.27766895294189453
rayardika206,,5,0,1741078817,,,1,positive,0.27766895294189453
miftahululum659,,5,0,1740296210,,,1,positive,0.27766895294189453
ahmad_risyaf_indrawan023,,5,0,1744862316,,,1,positive,0.27766895294189453
hend.ramadhan,,5,0,1739430972,,,1,positive,0.27766895294189453
revanbagas972,,5,0,1736658044,,,1,positive,0.27766895294189453
rickyartana,,5,0,1734253367,,,1,positive,0.27766895294189453
ekiramlan05,"Warna:Grey
Ukuran:M
Kenyamanan:keren",5,0,1737122651,warna grey ukuran m kenyamanan keren,warna grey ukuran m kenyamanan keren,6,label_3,0.2886364758014679
explenbawah,Ok sesuai sama pesanan,5,0,1741854910,ok sesuai sama pesanan,ok sesuai sama pesanan,4,positive,0.29543718695640564
abdulrajakmootalu,sangat bagus helmnya sesuai dengan yang di foto,5,0,1757837252,sangat bagus helmnya sesuai dengan yang di foto,sangat bagus helmnya sesuai dengan yang di foto,8,label_3,0.28062903881073
qriz4,,5,0,1754733061,,,1,positive,0.27766895294189453
melani.safitri,,5,0,1741061925,,,1,positive,0.27766895294189453
,"Warna:sesuai
Ukuran:pas
Kenyamanan:nyaman

Sip mantap pas di ukuran kepala",5,0,1759908522,warna sesuai ukuran pas kenyamanan nyaman sip mantap pas di ukuran kepala,warna sesuai ukuran pas kenyamanan nyaman sip mantap pas di ukuran kepala,12,label_3,0.29979681968688965
heriheri278,"Warna:kita mintanya glosy,, mlh yg d kirim dof
Ukuran:pas baguss

Nyaman d pakaiii enakk , nggak mengecewakan",3,0,1761702484,warna kita mintanya glosy mlh yg d kirim dof ukuran pas baguss nyaman d pakaiii enakk nggak mengecewakan,warna kita mintanya glosy mlh yg d kirim dof ukuran pas baguss nyaman d pakaiii enakk nggak mengecewakan,18,positive,0.3241623044013977
asnur020,"Warna:Warna Sesuai
Ukuran:ukuran pass
Kenyamanan:Kurang empuk dikepala

Paket datang packing keadaan rusak, ekspedisi kurang aware dalam penanganan barang rawan pecah, padahal sudah ada stiker fragile nya. 

Barang yang diterima juga keadaan kurang baik, gabus helem terlepas, hanya di lakban bening, tidak ada lem perekat. Seperti stock barang rusak yang sengaja dikirim.",3,0,1757955955,warna warna sesuai ukuran ukuran pass kenyamanan kurang empuk dikepala paket datang packing keadaan rusak ekspedisi kurang aware dalam penanganan barang rawan pecah padahal sudah ada stiker fragile nya barang yang diterima juga keadaan kurang baik gabus helem terlepas hanya di lakban bening tidak ada lem perekat seperti stock barang rusak yang sengaja dikirim,warna warna sesuai ukuran ukuran pass kenyamanan kurang empuk dikepala paket datang packing keadaan rusak ekspedisi kurang aware dalam penanganan barang rawan pecah padahal sudah ada stiker fragile nya barang yang diterima juga keadaan kurang baik gabus helem terlepas hanya di lakban bening tidak ada lem perekat seperti stock barang rusak yang sengaja dikirim,54,positive,0.2838447093963623
uul_s3,,5,0,1737424767,,,1,positive,0.27766895294189453
ekkaferdistya,"Ukuran:pas untuk laki2 ukuran L

Barang mulus",5,0,1748148731,ukuran pas untuk laki2 ukuran l barang mulus,ukuran pas untuk laki2 ukuran l barang mulus,8,label_3,0.3084349036216736
dblenk_,,5,0,1757065382,,,1,positive,0.27766895294189453
dinanti_ariefianti,"Warna:sesuai
Ukuran:busa kurang kenceng
Kenyamanan:di bikin nyaman

Yang bikin kecewa bukan di pihak penjual atau kurir tapi justru dari pihak pabrik sangat bikin ini   ko behel hitam pakainya dobel tipe bukan langsung nempel apa klambi atau selain bukan dobel tipe gini kacau sih menurut saya
Pihak pabriknya produksi barang tapi ga tau disend nya",2,0,1759375842,warna sesuai ukuran busa kurang kenceng kenyamanan di bikin nyaman yang bikin kecewa bukan di pihak penjual atau kurir tapi justru dari pihak pabrik sangat bikin ini ko behel hitam pakainya dobel tipe bukan langsung nempel apa klambi atau selain bukan dobel tipe gini kacau sih menurut saya pihak pabriknya produksi barang tapi ga tau disend nya,warna sesuai ukuran busa kurang kenceng kenyamanan di bikin nyaman yang bikin kecewa bukan di pihak penjual atau kurir tapi justru dari pihak pabrik sangat bikin ini ko behel hitam pakainya dobel tipe bukan langsung nempel apa klambi atau selain bukan dobel tipe gini kacau sih menurut saya pihak pabriknya produksi barang tapi ga tau disend nya,57,positive,0.30756840109825134
t*****7,"Warna:keren
Ukuran:pas
Kualitas:kokoh",5,0,1734333667,warna keren ukuran pas kualitas kokoh,warna keren ukuran pas kualitas kokoh,6,label_3,0.2948969304561615
ryza031,"packing tipis & ancur 😅 untung isix selamat walau ada lecet² dikit tapi ga begitu nampak. pengiriman pakai si cepat lamaaaaa bgt. 
sisax oK hlemx bagus .",4,0,1739833450,packing tipis ancur untung isix selamat walau ada lecet dikit tapi ga begitu nampak pengiriman pakai si cepat lamaaaaa bgt sisax ok hlemx bagus,packing tipis ancur untung isix selamat walau ada lecet dikit tapi ga begitu nampak pengiriman pakai si cepat lamaaaaa bgt sisax ok hlemx bagus,24,positive,0.2880876362323761
f*****8,"Warna:Sesuai Gambar
Ukuran:Pas
Kenyamanan:Lumayan",5,0,1756536510,warna sesuai gambar ukuran pas kenyamanan lumayan,warna sesuai gambar ukuran pas kenyamanan lumayan,7,label_3,0.29432567954063416
jhonssc840,"Warna:bangus sesuai dgn gambar
Ukuran:pas
Kenyamanan:nyaman saat di pakai",5,0,1743203210,warna bangus sesuai dgn gambar ukuran pas kenyamanan nyaman saat di pakai,warna bangus sesuai dgn gambar ukuran pas kenyamanan nyaman saat di pakai,12,label_3,0.2758321166038513
andreprohacker,"Warna:Hitam doff
Ukuran:Pas
Kenyamanan:Nyaman",5,0,1741968151,warna hitam doff ukuran pas kenyamanan nyaman,warna hitam doff ukuran pas kenyamanan nyaman,7,label_3,0.2818472981452942
q*****2,,5,0,1759944984,,,1,positive,0.27766895294189453
0jemhysms1,"Warna:pesanan sesuai dengan apa yang saya mau
Ukuran:pas buat sehari 2 jadi lebih keren
Kenyamanan:oke

Barang pesanan mendarat lebih cepat dari jaktual perkiraan.buat Abang kurir makasih jos lah pokonya mantap 👍👍😉",5,0,1746958620,warna pesanan sesuai dengan apa yang saya mau ukuran pas buat sehari 2 jadi lebih keren kenyamanan oke barang pesanan mendarat lebih cepat dari jaktual perkiraan buat abang kurir makasih jos lah pokonya mantap,warna pesanan sesuai dengan apa yang saya mau ukuran pas buat sehari 2 jadi lebih keren kenyamanan oke barang pesanan mendarat lebih cepat dari jaktual perkiraan buat abang kurir makasih jos lah pokonya mantap,34,positive,0.3404085338115692
syy54wjd19,"Warna:bagus
Ukuran:pas di kepala
Kenyamanan:nyaman",5,0,1757478897,warna bagus ukuran pas di kepala kenyamanan nyaman,warna bagus ukuran pas di kepala kenyamanan nyaman,8,label_3,0.30110207200050354
ardimahendra,"Warna:sesuai peaanan
Ukuran:pas
Kenyamanan:sangat nyaman dipakai",5,0,1737473631,warna sesuai peaanan ukuran pas kenyamanan sangat nyaman dipakai,warna sesuai peaanan ukuran pas kenyamanan sangat nyaman dipakai,9,label_3,0.27527907490730286
gunpalevi10,"Warna:hitam
Ukuran:pas di kepala
Kenyamanan:nyaman

barang sudah sampai hlem kekinian mantul",5,0,1754503832,warna hitam ukuran pas di kepala kenyamanan nyaman barang sudah sampai hlem kekinian mantul,warna hitam ukuran pas di kepala kenyamanan nyaman barang sudah sampai hlem kekinian mantul,14,positive,0.3113751709461212
kanhia93,,5,0,1736574719,,,1,positive,0.27766895294189453
r*****2,"Ukuran:pas
Warna:abu glossy

Mantapnyooooo",5,0,1733041111,ukuran pas warna abu glossy mantapnyooooo,ukuran pas warna abu glossy mantapnyooooo,6,label_3,0.2927490174770355
achmadhafit188,,5,0,1743930945,,,1,positive,0.27766895294189453
nesynesy842,,5,0,1738560576,,,1,positive,0.27766895294189453
zakasantuy,,5,0,1747999677,,,1,positive,0.27766895294189453
hermanadja58,,5,0,1740288303,,,1,positive,0.27766895294189453
xj3oskmzsx,,5,0,1737381748,,,1,positive,0.27766895294189453
apudmahpudin19031994,,5,0,1737436210,,,1,positive,0.27766895294189453
p*****o,"Warna:Doff gagah
Ukuran:Belum coba..
Kenyamanan:kekny Bole la.

Nampak depan ny Gagah jon..
Saran saja.  Busa nya di ks lbh padet sikit. uda la. gk ad lawan di hrg segitu..
Pack nya bole jg. lebih manusiawi la drpd beli helm bogo murahan itu..",5,0,1741189477,warna doff gagah ukuran belum coba kenyamanan kekny bole la nampak depan ny gagah jon saran saja busa nya di ks lbh padet sikit uda la gk ad lawan di hrg segitu pack nya bole jg lebih manusiawi la drpd beli helm bogo murahan itu,warna doff gagah ukuran belum coba kenyamanan kekny bole la nampak depan ny gagah jon saran saja busa nya di ks lbh padet sikit uda la gk ad lawan di hrg segitu pack nya bole jg lebih manusiawi la drpd beli helm bogo murahan itu,45,positive,0.3131864070892334
rendisetiawan_13,"Ukuran:ukuran dan warna sesuai dg yg di pesan
Kualitas:sangat wort it dg harga
Kegunaan:mantap

Pesanan mendarat dg selamat tanpa cacat
Pengiriman cepat
Puas lah pkokna",5,0,1728203400,ukuran ukuran dan warna sesuai dg yg di pesan kualitas sangat wort it dg harga kegunaan mantap pesanan mendarat dg selamat tanpa cacat pengiriman cepat puas lah pkokna,ukuran ukuran dan warna sesuai dg yg di pesan kualitas sangat wort it dg harga kegunaan mantap pesanan mendarat dg selamat tanpa cacat pengiriman cepat puas lah pkokna,28,positive,0.2812677025794983
badrussholeh298,Barang kurang diteliti banyak retakan dan benjolan yg sangat menggangu dan tidak enak dilihat,3,0,1736159305,barang kurang diteliti banyak retakan dan benjolan yg sangat menggangu dan tidak enak dilihat,barang kurang diteliti banyak retakan dan benjolan yg sangat menggangu dan tidak enak dilihat,14,label_3,0.2613661289215088
boncelzz,"Pass,.. Sesuai pesanan 😎",5,0,1736676455,pass sesuai pesanan,pass sesuai pesanan,3,positive,0.2936655282974243
v24czlca9s,"Warna:sesuai real pic
Ukuran:m sangat passd
Kenyamanan:sangat nyaman

Jangan ragu sama toko ini guys sangat real pic sangat puas, foto tidak sempat foto langsung di pakak",5,0,1736741300,warna sesuai real pic ukuran m sangat passd kenyamanan sangat nyaman jangan ragu sama toko ini guys sangat real pic sangat puas foto tidak sempat foto langsung di pakak,warna sesuai real pic ukuran m sangat passd kenyamanan sangat nyaman jangan ragu sama toko ini guys sangat real pic sangat puas foto tidak sempat foto langsung di pakak,29,positive,0.33005285263061523
agussopian591,"Warna tidak sesuai dengan pesanan saya , saya  minta warna Aqua di kirim warna kuning",1,0,1750580852,warna tidak sesuai dengan pesanan saya saya minta warna aqua di kirim warna kuning,warna tidak sesuai dengan pesanan saya saya minta warna aqua di kirim warna kuning,14,positive,0.28875428438186646
muhammadseptiandani,"Warna:warna bagus
Ukuran:terlalu ngepas
Kenyamanan:nyaman

Helmnya sesuai lah sama Harga nya, cuman ada beberapa yang kurang rapi seperti di foto dan di helm striping belakang cuman dikasih double tape",4,0,1760942440,warna warna bagus ukuran terlalu ngepas kenyamanan nyaman helmnya sesuai lah sama harga nya cuman ada beberapa yang kurang rapi seperti di foto dan di helm striping belakang cuman dikasih double tape,warna warna bagus ukuran terlalu ngepas kenyamanan nyaman helmnya sesuai lah sama harga nya cuman ada beberapa yang kurang rapi seperti di foto dan di helm striping belakang cuman dikasih double tape,32,positive,0.2631315588951111
emonkkenji,Mantaappp,5,0,1739796973,mantaappp,mantaappp,1,positive,0.29508569836616516
w*****k,"Warna:mint
Ukuran:Pas
Kenyamanan:OK

Alhamdulillaah... helm bagus .lgsg Beli 2pcs ,
Cm pengiriman lama Dan mas kurir yg Bener'' dech .bikin kcewaa berat .
Biar ⭐yg berbicara buat mas kurir .

Mksh shopee mksh seller",5,0,1736754944,warna mint ukuran pas kenyamanan ok alhamdulillaah helm bagus lgsg beli 2pcs cm pengiriman lama dan mas kurir yg bener dech bikin kcewaa berat biar yg berbicara buat mas kurir mksh shopee mksh seller,warna mint ukuran pas kenyamanan ok alhamdulillaah helm bagus lgsg beli 2pcs cm pengiriman lama dan mas kurir yg bener dech bikin kcewaa berat biar yg berbicara buat mas kurir mksh shopee mksh seller,34,positive,0.292937695980072
alifahrezi854,"Warna:warnanya hitam doft mantep
Ukuran:terlalu ngepress
Kenyamanan:kurang nyaman terlalu press pdhl udh ambil yg xl

Helm nya model nya bagus warnanya cuman lock sistem kaca helm nya rentan lepas",5,0,1737367362,warna warnanya hitam doft mantep ukuran terlalu ngepress kenyamanan kurang nyaman terlalu press pdhl udh ambil yg xl helm nya model nya bagus warnanya cuman lock sistem kaca helm nya rentan lepas,warna warnanya hitam doft mantep ukuran terlalu ngepress kenyamanan kurang nyaman terlalu press pdhl udh ambil yg xl helm nya model nya bagus warnanya cuman lock sistem kaca helm nya rentan lepas,32,positive,0.2691643536090851
kholilbinwalid,Mantappp,5,0,1746602906,mantappp,mantappp,1,positive,0.27317681908607483
5*****k,"Warna:sesuai pesanan..mantao
Ukuran:pas

Kecewa barang ada yang rusak/ patah  main kirim aja",2,0,1752837929,warna sesuai pesanan mantao ukuran pas kecewa barang ada yang rusak patah main kirim aja,warna sesuai pesanan mantao ukuran pas kecewa barang ada yang rusak patah main kirim aja,15,positive,0.3188113272190094
dennyapriansyah580,,5,0,1756979690,,,1,positive,0.27766895294189453
anita_gatra35,Bagus sesuai pesanan,5,0,1736412251,bagus sesuai pesanan,bagus sesuai pesanan,3,label_3,0.29722920060157776
ytdtmcretv,,5,0,1747980360,,,1,positive,0.27766895294189453
juunhwaiting,,5,0,1740560412,,,1,positive,0.27766895294189453
irfanfauzi86,,5,0,1748065574,,,1,positive,0.27766895294189453
zulkiflizul210,,5,0,1747283270,,,1,positive,0.27766895294189453
5moq_8euhq,,5,0,1746787491,,,1,positive,0.27766895294189453
i5zjz8w1qh,,5,0,1746612124,,,1,positive,0.27766895294189453
g010k9wfsv,,5,0,1745651546,,,1,positive,0.27766895294189453
almuhamad898,,5,0,1742400796,,,1,positive,0.27766895294189453
masriza877,,5,0,1741336848,,,1,positive,0.27766895294189453
mustikamustika339,,5,0,1736254198,,,1,positive,0.27766895294189453
kuncoro_budi_p,,5,0,1736658854,,,1,positive,0.27766895294189453
miftahululum55,,5,0,1735819028,,,1,positive,0.27766895294189453
riisofyan,,5,0,1734827867,,,1,positive,0.27766895294189453
yusufafrial,,5,0,1747455091,,,1,positive,0.27766895294189453
nazrielraihan396,,5,0,1743057535,,,1,positive,0.27766895294189453
9fpjy7dk0x,,5,0,1736665270,,,1,positive,0.27766895294189453
31hihqswfx,,5,0,1736132857,,,1,positive,0.27766895294189453
mbunesya,,5,0,1748442167,,,1,positive,0.27766895294189453
anti_adi20,,5,0,1737170144,,,1,positive,0.27766895294189453
wawansetiawanads,,5,0,1732090313,,,1,positive,0.27766895294189453
elsanurfebria570,,5,0,1747973832,,,1,positive,0.27766895294189453
y1d_a9bwop,,5,0,1738406279,,,1,positive,0.27766895294189453
lukman_yah,,5,0,1736148545,,,1,positive,0.27766895294189453
erikmuhtarom064,,5,0,1740136755,,,1,positive,0.27766895294189453
hadiasmajakhadeeja,,5,0,1737355893,,,1,positive,0.27766895294189453
adiekodil,Mantap sesuai pesanan...,5,0,1735398087,mantap sesuai pesanan,mantap sesuai pesanan,3,label_3,0.30378735065460205
kisamekun990,Barang kurang rapi cat nya ada yg terkelupas lem kurang kuat mengunci,1,2,1745108457,barang kurang rapi cat nya ada yg terkelupas lem kurang kuat mengunci,barang kurang rapi cat nya ada yg terkelupas lem kurang kuat mengunci,12,label_3,0.291858434677124
s*****2,,5,0,1732805324,,,1,positive,0.27766895294189453
f*****g,,5,0,1740585923,,,1,positive,0.27766895294189453
d*****a,,5,0,1735560242,,,1,positive,0.27766895294189453
sri.endang.marzuki,"Warna:sesuai
Ukuran:ukuran pas
Kenyamanan:lumayan nyaman

sesuai harga lah mantap bagus modelnya",4,0,1752344137,warna sesuai ukuran ukuran pas kenyamanan lumayan nyaman sesuai harga lah mantap bagus modelnya,warna sesuai ukuran ukuran pas kenyamanan lumayan nyaman sesuai harga lah mantap bagus modelnya,14,positive,0.3010358214378357
uripampastahu,"Warna:cntik
Ukuran:pas
Kenyamanan:pas

Mntp lah warna cantik",5,0,1736145862,warna cntik ukuran pas kenyamanan pas mntp lah warna cantik,warna cntik ukuran pas kenyamanan pas mntp lah warna cantik,10,label_3,0.29842013120651245
b*****r,"Warna:hitam dof
Ukuran:sedikit longgar
Kenyamanan:lumayan nyaman

Mantap barang sesuai",5,0,1753507424,warna hitam dof ukuran sedikit longgar kenyamanan lumayan nyaman mantap barang sesuai,warna hitam dof ukuran sedikit longgar kenyamanan lumayan nyaman mantap barang sesuai,12,label_3,0.27510693669319153
g*****4,"Warna:sangat bagus dan sesuai di gambar
Ukuran:ukuran produk yang pas sesuai
Kenyamanan:sangat nyaman di kenalkan

Maksih ka Pesanan udah aku Terima dengan baik dan sesuai🙏🏼",5,0,1736955130,warna sangat bagus dan sesuai di gambar ukuran ukuran produk yang pas sesuai kenyamanan sangat nyaman di kenalkan maksih ka pesanan udah aku terima dengan baik dan sesuai,warna sangat bagus dan sesuai di gambar ukuran ukuran produk yang pas sesuai kenyamanan sangat nyaman di kenalkan maksih ka pesanan udah aku terima dengan baik dan sesuai,28,positive,0.3087041974067688
mrobiansyah146,"Ga Detail baca discreption warna nya, kalau di gambar seperti warna Aqua tapi pas datang ternyata Toska... Dan difoto pakai kamera pun seperti warna aqua",3,0,1738755249,ga detail baca discreption warna nya kalau di gambar seperti warna aqua tapi pas datang ternyata toska dan difoto pakai kamera pun seperti warna aqua,ga detail baca discreption warna nya kalau di gambar seperti warna aqua tapi pas datang ternyata toska dan difoto pakai kamera pun seperti warna aqua,25,positive,0.2899572253227234
z4h1r4z1d4n3,"Warna:cakep item
Ukuran:utk ank bujang pas L
Kenyamanan:nyaman dipakai

Order tgl 7,smp tgl 15,lama bgttt, kt kurir, numpuk digudang🤦‍♀️untung barang sesuai dg yg dipesan, helmnya bagus, moga awet🤲terimakasih seller🙏",4,0,1752563690,warna cakep item ukuran utk ank bujang pas l kenyamanan nyaman dipakai order tgl 7 smp tgl 15 lama bgttt kt kurir numpuk digudang untung barang sesuai dg yg dipesan helmnya bagus moga awet terimakasih seller,warna cakep item ukuran utk ank bujang pas l kenyamanan nyaman dipakai order tgl 7 smp tgl 15 lama bgttt kt kurir numpuk digudang untung barang sesuai dg yg dipesan helmnya bagus moga awet terimakasih seller,36,positive,0.2702663838863373
syahibiputrabungsu,"Warna:bagus
Ukuran:pas
Kenyamanan:nyaman dipakai",5,0,1738290872,warna bagus ukuran pas kenyamanan nyaman dipakai,warna bagus ukuran pas kenyamanan nyaman dipakai,7,label_3,0.302147775888443
bagusfebriansyah.,"Lnsng beli 2, kualitas sesuai harga ya overall oke🤙",2,2,1750900468,lnsng beli 2 kualitas sesuai harga ya overall oke,lnsng beli 2 kualitas sesuai harga ya overall oke,9,positive,0.3167925179004669
103kjs,"Bagus sesuai display cuma bagian lock nya trlalu pendek kedalem jadi agak susah pas mau dipake/dilepas. Busanya tebal jadi gak berisik pas dipake berkendara.

REVIEW UNTUK JASA KIRIM : SANGAT LAMBAN GAK SESUAI NAMA PERUSAHAAN NYA, MENDING GANTI NAMA. GAK SENGAJA KEPILIH SI CEPAT DAN PAS MAU DI GANTI EKSPEDISI TERNYATA UDAH CETAK RESI. TIAP PAKE SI LAMBAT SELALU BERMASALAH. BUAT SELLER BISA DI NON AKTIFKAN AJA KALO BISA, DAN BUAT BUYER PIKIR DUA KALI KALO MAU PAKE SI CEPAT. 

BINTANG 0 UNTUK SI CEPAT",4,0,1750167013,bagus sesuai display cuma bagian lock nya trlalu pendek kedalem jadi agak susah pas mau dipake dilepas busanya tebal jadi gak berisik pas dipake berkendara review untuk jasa kirim sangat lamban gak sesuai nama perusahaan nya mending ganti nama gak sengaja kepilih si cepat dan pas mau di ganti ekspedisi ternyata udah cetak resi tiap pake si lambat selalu bermasalah buat seller bisa di non aktifkan aja kalo bisa dan buat buyer pikir dua kali kalo mau pake si cepat bintang 0 untuk si cepat,bagus sesuai display cuma bagian lock nya trlalu pendek kedalem jadi agak susah pas mau dipake dilepas busanya tebal jadi gak berisik pas dipake berkendara review untuk jasa kirim sangat lamban gak sesuai nama perusahaan nya mending ganti nama gak sengaja kepilih si cepat dan pas mau di ganti ekspedisi ternyata udah cetak resi tiap pake si lambat selalu bermasalah buat seller bisa di non aktifkan aja kalo bisa dan buat buyer pikir dua kali kalo mau pake si cepat bintang 0 untuk si cepat,85,positive,0.23929642140865326
t*****i,"Warna:Baguss Black dop
Ukuran:Pas
Kenyamanan:sangat super nyaman

Udah tak unboxing sudah di video tapi ngga bisa di upload , ngga nyesel pokok e beli di sini",5,0,1736394091,warna baguss black dop ukuran pas kenyamanan sangat super nyaman udah tak unboxing sudah di video tapi ngga bisa di upload ngga nyesel pokok e beli di sini,warna baguss black dop ukuran pas kenyamanan sangat super nyaman udah tak unboxing sudah di video tapi ngga bisa di upload ngga nyesel pokok e beli di sini,28,positive,0.2956220507621765
chris10988,"Warna:sesuai👍👍👍
Ukuran:passs
Kenyamanan:rigan nyaman di pakai",5,0,1746771399,warna sesuai ukuran passs kenyamanan rigan nyaman di pakai,warna sesuai ukuran passs kenyamanan rigan nyaman di pakai,9,label_3,0.2757095396518707
andhyjo,"Warna:hitam glossy
Ukuran:pass
Kenyamanan:nyaman",5,0,1741504699,warna hitam glossy ukuran pass kenyamanan nyaman,warna hitam glossy ukuran pass kenyamanan nyaman,7,label_3,0.26588112115859985
alifahwarohmah,,5,0,1749358872,,,1,positive,0.27766895294189453
2l0wahr73p,Bgus sesuai gambar,5,0,1738037524,bgus sesuai gambar,bgus sesuai gambar,3,positive,0.2985456883907318
luckman_04,"Warna:sesuai pesanan
Ukuran:pas di gunakn
Kenyamanan:baik

Cuma pengiriman telat",5,0,1757430848,warna sesuai pesanan ukuran pas di gunakn kenyamanan baik cuma pengiriman telat,warna sesuai pesanan ukuran pas di gunakn kenyamanan baik cuma pengiriman telat,12,positive,0.28592339158058167
r*****4,lumayan meskipun detailnya kurang rapi,5,0,1756881225,lumayan meskipun detailnya kurang rapi,lumayan meskipun detailnya kurang rapi,5,label_3,0.28808221220970154
faaryujii,"Warna:Sesuai
Ukuran:Oke

Kaca lepas..nggk tau dari kurir atau emng kaca nya gampang lepas",3,0,1742417002,warna sesuai ukuran oke kaca lepas nggk tau dari kurir atau emng kaca nya gampang lepas,warna sesuai ukuran oke kaca lepas nggk tau dari kurir atau emng kaca nya gampang lepas,16,positive,0.32228678464889526
u6ksmde3o8,"Warna:merah
Kenyamanan:Nyaman",5,0,1760683469,warna merah kenyamanan nyaman,warna merah kenyamanan nyaman,4,positive,0.276656836271286
dov_kj6mja,,5,0,1745150945,,,1,positive,0.27766895294189453
cahyaakbar406,Bagus,5,0,1735795126,bagus,bagus,1,positive,0.25675544142723083
rikigepeng0,,5,0,1742381987,,,1,positive,0.27766895294189453
d*****6,"Ok,, sudah diterima,, sesuai pseanan, terima kasih buat semuavnya, sukses buat semuanya,,",5,0,1739611968,ok sudah diterima sesuai pseanan terima kasih buat semuavnya sukses buat semuanya,ok sudah diterima sesuai pseanan terima kasih buat semuavnya sukses buat semuanya,12,positive,0.29995596408843994
dikyblack,"Warna:warna oke
Ukuran:ukuran oke jg
Kenyamanan:pas

Cuman agak syng di kerapihan atau finising ny aja yg agk kurng cmn ya sbnding dngn hrga jg tpi klo bisa lbih baik lg",4,0,1760328474,warna warna oke ukuran ukuran oke jg kenyamanan pas cuman agak syng di kerapihan atau finising ny aja yg agk kurng cmn ya sbnding dngn hrga jg tpi klo bisa lbih baik lg,warna warna oke ukuran ukuran oke jg kenyamanan pas cuman agak syng di kerapihan atau finising ny aja yg agk kurng cmn ya sbnding dngn hrga jg tpi klo bisa lbih baik lg,33,positive,0.29610899090766907
nouva1297,"Warna:Hitam Glossy Oke
Ukuran:M

Overall ok, cuma racket kanan ngk kenceng
Udh coba di kencengin ga bisa.. kalo ga lanas ya patah (mungkin) jadi kaca agak kendor
Sama ada sedikit lecet",4,1,1759764309,warna hitam glossy oke ukuran m overall ok cuma racket kanan ngk kenceng udh coba di kencengin ga bisa kalo ga lanas ya patah mungkin jadi kaca agak kendor sama ada sedikit lecet,warna hitam glossy oke ukuran m overall ok cuma racket kanan ngk kenceng udh coba di kencengin ga bisa kalo ga lanas ya patah mungkin jadi kaca agak kendor sama ada sedikit lecet,33,positive,0.29177597165107727
jawiah9999,Bagus sesuai dengan pesanan,5,0,1746616269,bagus sesuai dengan pesanan,bagus sesuai dengan pesanan,4,label_3,0.2976774275302887
darmansahlong,,5,0,1758086543,,,1,positive,0.27766895294189453
bahrisamsulsmsl,"Warna:sangat bagus
Ukuran:pas
Kenyamanan:nyaman

Real pick",5,0,1757404081,warna sangat bagus ukuran pas kenyamanan nyaman real pick,warna sangat bagus ukuran pas kenyamanan nyaman real pick,9,positive,0.2644999325275421
ronisabachtani,,5,0,1736663417,,,1,positive,0.27766895294189453
shanynoerr,"Warna:wagus
Ukuran:pas
Kenyamanan:belum dicoba",5,0,1747474172,warna wagus ukuran pas kenyamanan belum dicoba,warna wagus ukuran pas kenyamanan belum dicoba,7,label_3,0.31431517004966736
pujotripamungkas,,5,0,1749173472,,,1,positive,0.27766895294189453
niski,,5,0,1745715717,,,1,positive,0.27766895294189453
qhodhar22,,5,0,1743175493,,,1,positive,0.27766895294189453
dikito.art,,5,0,1740222125,,,1,positive,0.27766895294189453
ateeeeeeeeeee,,5,0,1756976297,,,1,positive,0.27766895294189453
nazar_999,,5,0,1748151839,,,1,positive,0.27766895294189453
jajulireank910,,5,0,1734529656,,,1,positive,0.27766895294189453
maulanaa997,,5,0,1736587711,,,1,positive,0.27766895294189453
ybk60bws8j,,5,0,1735542096,,,1,positive,0.27766895294189453
roddybengkolen,,5,0,1739781573,,,1,positive,0.27766895294189453
thx2o0bwya,"Warna:baguss bangettt
Kenyamanan:ringan dan nyaman untuk di pakai berkendara tampil begitu baguss

Puass bangett!! Dan cepat lagi pengerimannya",5,0,1753093685,warna baguss bangettt kenyamanan ringan dan nyaman untuk di pakai berkendara tampil begitu baguss puass bangett dan cepat lagi pengerimannya,warna baguss bangettt kenyamanan ringan dan nyaman untuk di pakai berkendara tampil begitu baguss puass bangett dan cepat lagi pengerimannya,20,positive,0.3203984498977661
t0lz5g035t,"Warna:sesuai
Ukuran:terlalu kecil

yang dikirim tidak sesuai dengan yg di foto, saya pilih yg J5 biasa bukan yang runcing atau yg terbaru",3,0,1752583655,warna sesuai ukuran terlalu kecil yang dikirim tidak sesuai dengan yg di foto saya pilih yg j5 biasa bukan yang runcing atau yg terbaru,warna sesuai ukuran terlalu kecil yang dikirim tidak sesuai dengan yg di foto saya pilih yg j5 biasa bukan yang runcing atau yg terbaru,24,positive,0.2663995623588562
ztqph9mhr5,"Warna:hitam dod
Ukuran:L
Kenyamanan:sesuay di Poto cocok di pake",5,0,1747582100,warna hitam dod ukuran l kenyamanan sesuay di poto cocok di pake,warna hitam dod ukuran l kenyamanan sesuay di poto cocok di pake,12,label_3,0.2889922559261322
n5ffm7pij2,"Warna:warna seperti di cet ulang
Ukuran:ukuran kepala pas kalok di lht dri luar kebesaran helem sama kepala",3,1,1760501316,warna warna seperti di cet ulang ukuran ukuran kepala pas kalok di lht dri luar kebesaran helem sama kepala,warna warna seperti di cet ulang ukuran ukuran kepala pas kalok di lht dri luar kebesaran helem sama kepala,19,positive,0.29690226912498474
dimastripurtanto,Kenyamanan:bagus pokonya,5,0,1737595649,kenyamanan bagus pokonya,kenyamanan bagus pokonya,3,positive,0.32262730598449707
ghofurrrrr,"Warna:pengecatan buruk, bleber kemana mana, debu nempel ikut dicat juga, jadi kasar kek komedo
Ukuran:ukuran M tapi masih longgar kayak bukan ukuran M

yg dikirim barang BS barang rijek, spoilernya juga patah, barang kw, rijek pula, nyesel gua,",1,0,1747916996,warna pengecatan buruk bleber kemana mana debu nempel ikut dicat juga jadi kasar kek komedo ukuran ukuran m tapi masih longgar kayak bukan ukuran m yg dikirim barang bs barang rijek spoilernya juga patah barang kw rijek pula nyesel gua,warna pengecatan buruk bleber kemana mana debu nempel ikut dicat juga jadi kasar kek komedo ukuran ukuran m tapi masih longgar kayak bukan ukuran m yg dikirim barang bs barang rijek spoilernya juga patah barang kw rijek pula nyesel gua,40,positive,0.29418227076530457
indahwiwit60,Helm nya bagus tapi agak sedikit lecet pas dateng terus itu cara masang gimna yah kok gk lengket,4,0,1747550457,helm nya bagus tapi agak sedikit lecet pas dateng terus itu cara masang gimna yah kok gk lengket,helm nya bagus tapi agak sedikit lecet pas dateng terus itu cara masang gimna yah kok gk lengket,18,positive,0.3341444730758667
2i0_zcg3ld,Warna:sesuai pesanan,5,0,1739481238,warna sesuai pesanan,warna sesuai pesanan,3,positive,0.27173715829849243
n.njie_21,Ini sih mantap ini,5,0,1737962713,ini sih mantap ini,ini sih mantap ini,4,positive,0.3105948269367218
8e7m4rtyqj,"Warna:sesuai pesanan yang telah ditentukan
Ukuran:ukuran sesuai dengan keinginan
Kenyamanan:ringan dan mudah digunakan

Barang datang dengan baik",4,0,1754636966,warna sesuai pesanan yang telah ditentukan ukuran ukuran sesuai dengan keinginan kenyamanan ringan dan mudah digunakan barang datang dengan baik,warna sesuai pesanan yang telah ditentukan ukuran ukuran sesuai dengan keinginan kenyamanan ringan dan mudah digunakan barang datang dengan baik,20,label_3,0.24973709881305695
a*****4,,5,0,1737347216,,,1,positive,0.27766895294189453
b*****3,,5,0,1737542626,,,1,positive,0.27766895294189453
angatobejo048,"Warna:dof hitam
Ukuran:L
Kenyamanan:ok",5,0,1749126868,warna dof hitam ukuran l kenyamanan ok,warna dof hitam ukuran l kenyamanan ok,7,label_3,0.2900283932685852
bodongarsen,"Warna:sesuai
Ukuran:ngak jelas
Kenyamanan:kebesaran

Bagus lah sesuai harga",5,0,1746687592,warna sesuai ukuran ngak jelas kenyamanan kebesaran bagus lah sesuai harga,warna sesuai ukuran ngak jelas kenyamanan kebesaran bagus lah sesuai harga,11,label_3,0.29184821248054504
r*****1,"Warna:hideng
Ukuran:xL
Kenyamanan:ntuk menjaga kepala anda saat mengendarai motor supaya aman dari benturan

Ok mendarat dengan slamat kurir dh langganan cuman 1 dua nya pada rusak ntung barang atw helm nya amang Ndak ad yg pecah retak atw rusak sehat selalu wat semua nya",5,0,1746444764,warna hideng ukuran xl kenyamanan ntuk menjaga kepala anda saat mengendarai motor supaya aman dari benturan ok mendarat dengan slamat kurir dh langganan cuman 1 dua nya pada rusak ntung barang atw helm nya amang ndak ad yg pecah retak atw rusak sehat selalu wat semua nya,warna hideng ukuran xl kenyamanan ntuk menjaga kepala anda saat mengendarai motor supaya aman dari benturan ok mendarat dengan slamat kurir dh langganan cuman 1 dua nya pada rusak ntung barang atw helm nya amang ndak ad yg pecah retak atw rusak sehat selalu wat semua nya,47,positive,0.31087228655815125
muhammadfaizin424,"Warna:grey dof
Ukuran:L
Kenyamanan:belum di coba

Bagus bet jirr",5,0,1754109382,warna grey dof ukuran l kenyamanan belum di coba bagus bet jirr,warna grey dof ukuran l kenyamanan belum di coba bagus bet jirr,12,positive,0.3037438988685608
872aa1th53,"Warna:putih
Ukuran:belum tau,semoga pas
Kenyamanan:belum divoba

Barang datang sszuai pesanan..modelnya apik",5,0,1759488925,warna putih ukuran belum tau semoga pas kenyamanan belum divoba barang datang sszuai pesanan modelnya apik,warna putih ukuran belum tau semoga pas kenyamanan belum divoba barang datang sszuai pesanan modelnya apik,16,positive,0.33187252283096313
iwanjoisgea,,5,0,1735381849,,,1,positive,0.27766895294189453
i28l15fobt,,5,0,1741060145,,,1,positive,0.27766895294189453
lucky.aprianto,,5,0,1740227534,,,1,positive,0.27766895294189453
dariceazalia,,5,0,1735352010,,,1,positive,0.27766895294189453
pujiasti20,,5,0,1746793945,,,1,positive,0.27766895294189453
pipikhidayat,,5,0,1742968086,,,1,positive,0.27766895294189453
aldi_priyanto.12,,5,0,1741601368,,,1,positive,0.27766895294189453
starlacans086,,5,0,1736755635,,,1,positive,0.27766895294189453
0nyex_chandra,,5,0,1736233333,,,1,positive,0.27766895294189453
kakkadiyanto,,5,0,1736151399,,,1,positive,0.27766895294189453
adityamahawan,,5,0,1748086754,,,1,positive,0.27766895294189453
suryadipang,"Packing barang harap lebih aman, dus penyok.",4,0,1745931786,packing barang harap lebih aman dus penyok,packing barang harap lebih aman dus penyok,7,label_3,0.27049919962882996
ogghiew,,5,0,1742974767,,,1,positive,0.27766895294189453
irvanie_18,,5,0,1741498144,,,1,positive,0.27766895294189453
adynguru98,,5,0,1741049842,,,1,positive,0.27766895294189453
budiagung04,,5,0,1738320892,,,1,positive,0.27766895294189453
adzriel0220,,5,0,1747320181,,,1,positive,0.27766895294189453
agimdatau,,5,0,1744433388,,,1,positive,0.27766895294189453
ilyas.xl,,5,0,1743939728,,,1,positive,0.27766895294189453
faid067,,5,0,1743230070,,,1,positive,0.27766895294189453
uniquestuffby_na,,5,0,1742041495,,,1,positive,0.27766895294189453
wahyuyudistira194,,5,0,1734406295,,,1,positive,0.27766895294189453
iwayanriandarnatha,,5,0,1731654424,,,1,positive,0.27766895294189453
rska_putra,,5,0,1747890391,,,1,positive,0.27766895294189453
husensulaeman652,,5,0,1747284323,,,1,positive,0.27766895294189453
safei.7979,,5,0,1742455516,,,1,positive,0.27766895294189453
ginungfirmanhidayat228,,5,0,1736573938,,,1,positive,0.27766895294189453
agusprasetiyoutomo202,,5,0,1736156870,,,1,positive,0.27766895294189453
sutrisnokenzi,,5,0,1736240032,,,1,positive,0.27766895294189453
riizkimustofa,,5,0,1736076940,,,1,positive,0.27766895294189453
eujoek23ib,,5,0,1734951281,,,1,positive,0.27766895294189453
csr_insyaalloh_racing,"Warna:sesuain pesanan
Ukuran:pas
Kualitas:bagus.",5,0,1735037912,warna sesuain pesanan ukuran pas kualitas bagus,warna sesuain pesanan ukuran pas kualitas bagus,7,label_3,0.28476589918136597
d*****s,Good,5,0,1737894009,good,good,1,positive,0.28181886672973633
ibrasatya,"Warna:sesuai
Ukuran:pas

Ma'af ya ada yg patah di bagian samping kanan. Bawah .. sangat mengecewakan",1,0,1757340645,warna sesuai ukuran pas ma af ya ada yg patah di bagian samping kanan bawah sangat mengecewakan,warna sesuai ukuran pas ma af ya ada yg patah di bagian samping kanan bawah sangat mengecewakan,17,positive,0.29254674911499023
t*****_,,5,0,1744167564,,,1,positive,0.27766895294189453
o*****9,,5,0,1739943819,,,1,positive,0.27766895294189453
t*****9,,5,0,1740035588,,,1,positive,0.27766895294189453
musang_jantan83,,5,0,1741850387,,,1,positive,0.27766895294189453
aldirizky425,"bagus, nyaman, semuanya oke tapi untuk pengiriman terlalu lama di proses pengantaran pihak jasa kirim.",5,0,1744897725,bagus nyaman semuanya oke tapi untuk pengiriman terlalu lama di proses pengantaran pihak jasa kirim,bagus nyaman semuanya oke tapi untuk pengiriman terlalu lama di proses pengantaran pihak jasa kirim,15,label_3,0.2573395371437073
teguh_rio,"Warna:putih
Ukuran:m
Kenyamanan:mantap",5,0,1748149416,warna putih ukuran m kenyamanan mantap,warna putih ukuran m kenyamanan mantap,6,label_3,0.3053610622882843
r*****8,"Warna:tidak sesuai minta warna hitam glossy di kirim abu abu .ga jelas ini toko hati hati bagi yg mau beli di toko ini

Kecewa banget ga sesuai yg di pesan ..hati hati",1,0,1752733263,warna tidak sesuai minta warna hitam glossy di kirim abu abu ga jelas ini toko hati hati bagi yg mau beli di toko ini kecewa banget ga sesuai yg di pesan hati hati,warna tidak sesuai minta warna hitam glossy di kirim abu abu ga jelas ini toko hati hati bagi yg mau beli di toko ini kecewa banget ga sesuai yg di pesan hati hati,33,positive,0.29711106419563293
xo.arull,"Warna:sesuai
Ukuran:pas
Kenyamanan:lumyan sesuai dengan harga, tapi sangat di sayangkan pengiriman nya agak lama(telat)",4,0,1753858736,warna sesuai ukuran pas kenyamanan lumyan sesuai dengan harga tapi sangat di sayangkan pengiriman nya agak lama telat,warna sesuai ukuran pas kenyamanan lumyan sesuai dengan harga tapi sangat di sayangkan pengiriman nya agak lama telat,18,positive,0.2886064946651459
fahmi_1930,"Warna:oke sesuai
Ukuran:ukuran bolehlah cman agak besar helmnya.
Kenyamanan:ringan dan bantalan dalam sangat tebal",4,0,1753793372,warna oke sesuai ukuran ukuran bolehlah cman agak besar helmnya kenyamanan ringan dan bantalan dalam sangat tebal,warna oke sesuai ukuran ukuran bolehlah cman agak besar helmnya kenyamanan ringan dan bantalan dalam sangat tebal,17,positive,0.26563847064971924
t*****r,"Warna:Warna sesuai
Ukuran:Ukuran sesuai, pas sih
Kenyamanan:Ya namanya juga barang murah

Sepadan lah ya dengan harganya, kalau mau bagus pilih helm lain aja yang harganya diatas 500K, tapi kalau budget tipis helm ini lumayan kok",3,0,1736314951,warna warna sesuai ukuran ukuran sesuai pas sih kenyamanan ya namanya juga barang murah sepadan lah ya dengan harganya kalau mau bagus pilih helm lain aja yang harganya diatas 500k tapi kalau budget tipis helm ini lumayan kok,warna warna sesuai ukuran ukuran sesuai pas sih kenyamanan ya namanya juga barang murah sepadan lah ya dengan harganya kalau mau bagus pilih helm lain aja yang harganya diatas 500k tapi kalau budget tipis helm ini lumayan kok,38,positive,0.28334948420524597
septian.ric,"mantap, beli yg ke 2 yg pertama ilang di taruh kurir di tumpukan sampah",5,0,1759556531,mantap beli yg ke 2 yg pertama ilang di taruh kurir di tumpukan sampah,mantap beli yg ke 2 yg pertama ilang di taruh kurir di tumpukan sampah,14,label_3,0.31346938014030457
rusher1124,Mantap,5,0,1738819456,mantap,mantap,1,positive,0.2676052749156952
yadi.surya,Mantap,5,0,1747536820,mantap,mantap,1,positive,0.2676052749156952
sofian565,"Warna:hitam doff.terlihat elegan
Ukuran:m
Kenyamanan:lumayan

Tampilan lumayan keren, cuma bagian busa nya gk rapi dan ada lecet² sedikit, 
Lumayan sedikit kecaw dengan hasil nya",3,0,1759921669,warna hitam doff terlihat elegan ukuran m kenyamanan lumayan tampilan lumayan keren cuma bagian busa nya gk rapi dan ada lecet sedikit lumayan sedikit kecaw dengan hasil nya,warna hitam doff terlihat elegan ukuran m kenyamanan lumayan tampilan lumayan keren cuma bagian busa nya gk rapi dan ada lecet sedikit lumayan sedikit kecaw dengan hasil nya,28,positive,0.2888510525226593
suryahunter27,"Pesanan sesuai,dan pengiriman cepat",5,0,1746252779,pesanan sesuai dan pengiriman cepat,pesanan sesuai dan pengiriman cepat,5,label_3,0.285648375749588
caktohir707,,5,0,1747656266,,,1,positive,0.27766895294189453
putraedo220,Sangat memuaskan 🙏🙏🙏,5,1,1739026468,sangat memuaskan,sangat memuaskan,2,positive,0.2967971861362457
ayu_suseno,Terimakasih suka bagus,5,0,1733383192,terimakasih suka bagus,terimakasih suka bagus,3,positive,0.2976887822151184
990kpc86yf,Mantul,5,0,1747887102,mantul,mantul,1,positive,0.26857250928878784
bangviix,"Warna:bagus
Ukuran:pas
Kenyamanan:nyaman banget

Keren",5,0,1739616821,warna bagus ukuran pas kenyamanan nyaman banget keren,warna bagus ukuran pas kenyamanan nyaman banget keren,8,label_3,0.296146422624588
_erie_,"Paket sudah sampai dengan selamat, pengiriman cepat, sesuai pesanan, mayan lah tapi kancing dalam helm ada yg putus, cek lagi lah sebelum di kirim
Terima kasih",4,0,1755141963,paket sudah sampai dengan selamat pengiriman cepat sesuai pesanan mayan lah tapi kancing dalam helm ada yg putus cek lagi lah sebelum di kirim terima kasih,paket sudah sampai dengan selamat pengiriman cepat sesuai pesanan mayan lah tapi kancing dalam helm ada yg putus cek lagi lah sebelum di kirim terima kasih,26,positive,0.34324368834495544
adyabdulloh,,5,0,1749375078,,,1,positive,0.27766895294189453
a*****o,"Warna:hitam
Ukuran:terlalu besar
Kenyamanan:pengaman longgar",4,0,1759976360,warna hitam ukuran terlalu besar kenyamanan pengaman longgar,warna hitam ukuran terlalu besar kenyamanan pengaman longgar,8,label_3,0.25992679595947266
aris_munandar2,"Warna:sesui
Ukuran:agak longgar karna kepala saya yg kecil 🤣😂
Kenyamanan:okeh lahh

Its Oke. Sesuai Harga 👍👍",4,0,1753967674,warna sesui ukuran agak longgar karna kepala saya yg kecil kenyamanan okeh lahh its oke sesuai harga,warna sesui ukuran agak longgar karna kepala saya yg kecil kenyamanan okeh lahh its oke sesuai harga,17,positive,0.2504897713661194
jangkrik323,"Cat nya ada yang gak rata, kacanya gabisa dilepas. Busanya lumayan enak ga bikin pegel juga soalnya helmnya ringan.
Sesuai lah ama harga, gak expect tinggi²",4,0,1738409896,cat nya ada yang gak rata kacanya gabisa dilepas busanya lumayan enak ga bikin pegel juga soalnya helmnya ringan sesuai lah ama harga gak expect tinggi,cat nya ada yang gak rata kacanya gabisa dilepas busanya lumayan enak ga bikin pegel juga soalnya helmnya ringan sesuai lah ama harga gak expect tinggi,26,label_3,0.26939573884010315
a*****4,,5,0,1742981468,,,1,positive,0.27766895294189453
hasriwlndr12,"Warna:sesuai pesanan
Ukuran:pas
Kualitas:keren",5,0,1734780625,warna sesuai pesanan ukuran pas kualitas keren,warna sesuai pesanan ukuran pas kualitas keren,7,label_3,0.2913424074649811
nico240,keren,5,0,1750129649,keren,keren,1,positive,0.2761971950531006
ifikriyansyah,,5,0,1746450946,,,1,positive,0.27766895294189453
dedirahmi,"Warna:cantik dan bagus
Ukuran:pas
Kenyamanan:nyaman",5,0,1740208935,warna cantik dan bagus ukuran pas kenyamanan nyaman,warna cantik dan bagus ukuran pas kenyamanan nyaman,8,label_3,0.3011171519756317
sibarani79,"Warna:bgus sesuai
Ukuran:pas
Kenyamanan:nyaman

Trims saller dan sophee",5,0,1757096170,warna bgus sesuai ukuran pas kenyamanan nyaman trims saller dan sophee,warna bgus sesuai ukuran pas kenyamanan nyaman trims saller dan sophee,11,label_3,0.28369295597076416
,"Warna:gray
Ukuran:L
Kenyamanan:nyaman banget",5,0,1743183581,warna gray ukuran l kenyamanan nyaman banget,warna gray ukuran l kenyamanan nyaman banget,7,label_3,0.2948679029941559
adrians_233,"Warna:sesuai semua
Ukuran:pass dan oke
Kenyamanan:sebelumnya maaf untuk seller helmnya saya sangat sukak sekali , bagus, oke dengan harganya, namun untuk jasa kirim dan packing saya tau dengan 150 itu ya memang si cuma untuk kardusnya di terima dapan keadaan bonyok dan sobek ancur tapi Alhamdulillah nya helm aman 100% no lecet dan no cacat sama sekali untuk next paling saya cuma mau kasih saran packing saja yah kak bisa di rapihoan untuk safety barang lagi, di sini cukup pelayanan okee insyallah saya belanja lagi di sini makasi buat seller terpercaya mungkin itu saran saya saja tentang packing untuk barang aman",4,0,1745125598,warna sesuai semua ukuran pass dan oke kenyamanan sebelumnya maaf untuk seller helmnya saya sangat sukak sekali bagus oke dengan harganya namun untuk jasa kirim dan packing saya tau dengan 150 itu ya memang si cuma untuk kardusnya di terima dapan keadaan bonyok dan sobek ancur tapi alhamdulillah nya helm aman 100 no lecet dan no cacat sama sekali untuk next paling saya cuma mau kasih saran packing saja yah kak bisa di rapihoan untuk safety barang lagi di sini cukup pelayanan okee insyallah saya belanja lagi di sini makasi buat seller terpercaya mungkin itu saran saya saja tentang packing untuk barang aman,warna sesuai semua ukuran pass dan oke kenyamanan sebelumnya maaf untuk seller helmnya saya sangat sukak sekali bagus oke dengan harganya namun untuk jasa kirim dan packing saya tau dengan 150 itu ya memang si cuma untuk kardusnya di terima dapan keadaan bonyok dan sobek ancur tapi alhamdulillah nya helm aman 100 no lecet dan no cacat sama sekali untuk next paling saya cuma mau kasih saran packing saja yah kak bisa di rapihoan untuk safety barang lagi di sini cukup pelayanan okee insyallah saya belanja lagi di sini makasi buat seller terpercaya mungkin itu saran saya saja tentang packing untuk barang aman,103,positive,0.29757383465766907
kamzha,"Warna:sesuai gambar
Ukuran:pas dan nyaman
Kenyamanan:sejuk dipakai

Hanya saja salah kirim kaca nya
Pesanan kaca warna hitam
Yang datang kaca nya bening
Selain itu ok semua...",5,0,1758278134,warna sesuai gambar ukuran pas dan nyaman kenyamanan sejuk dipakai hanya saja salah kirim kaca nya pesanan kaca warna hitam yang datang kaca nya bening selain itu ok semua,warna sesuai gambar ukuran pas dan nyaman kenyamanan sejuk dipakai hanya saja salah kirim kaca nya pesanan kaca warna hitam yang datang kaca nya bening selain itu ok semua,29,positive,0.28172624111175537
b3rtus,,5,0,1748152511,,,1,positive,0.27766895294189453
renoriansyah453,,5,0,1747451383,,,1,positive,0.27766895294189453
f*****9,Barang datang dengan kondisi bodynya lecet2 ada beberapa bagian yang patah kaca engselnya gak kenceng ogleg2 packingan nyaa juga kurang rapih gimana sih ini sy sebagai costumer merasa kecewa dengan pelayanannya,1,0,1760699976,barang datang dengan kondisi bodynya lecet2 ada beberapa bagian yang patah kaca engselnya gak kenceng ogleg2 packingan nyaa juga kurang rapih gimana sih ini sy sebagai costumer merasa kecewa dengan pelayanannya,barang datang dengan kondisi bodynya lecet2 ada beberapa bagian yang patah kaca engselnya gak kenceng ogleg2 packingan nyaa juga kurang rapih gimana sih ini sy sebagai costumer merasa kecewa dengan pelayanannya,31,positive,0.2840254008769989
u1_w8kg_mn,"Warna:sesuai
Ukuran:pas aja

Cuman sayangnya dibelakang ada sedikit tidam baik",4,0,1754917732,warna sesuai ukuran pas aja cuman sayangnya dibelakang ada sedikit tidam baik,warna sesuai ukuran pas aja cuman sayangnya dibelakang ada sedikit tidam baik,12,label_3,0.3226759135723114
gabrielsesa,"Warna:sesungai
Ukuran:pas
Kenyamanan:lumayun

Terima kasih",5,0,1741675626,warna sesungai ukuran pas kenyamanan lumayun terima kasih,warna sesungai ukuran pas kenyamanan lumayun terima kasih,8,positive,0.290196031332016
z33e7agy5p,"Mulus,, sesuai gambar puas belanja disini.. Terbaik lah pokoknya... Terimakasih..",5,0,1754731694,mulus sesuai gambar puas belanja disini terbaik lah pokoknya terimakasih,mulus sesuai gambar puas belanja disini terbaik lah pokoknya terimakasih,10,positive,0.3038462996482849
waryud,"Warna:gray doof
Ukuran:xl
Kenyamanan:agak besar dikit

Warna dirubah, pesanan gray doof menjadi hitam doof. Tak mengapalah, cuma xl nya agak lumayan besar ya",4,0,1741862149,warna gray doof ukuran xl kenyamanan agak besar dikit warna dirubah pesanan gray doof menjadi hitam doof tak mengapalah cuma xl nya agak lumayan besar ya,warna gray doof ukuran xl kenyamanan agak besar dikit warna dirubah pesanan gray doof menjadi hitam doof tak mengapalah cuma xl nya agak lumayan besar ya,26,positive,0.3351585268974304
k*****i,,5,0,1738914999,,,1,positive,0.27766895294189453
i*****a,,5,0,1756993375,,,1,positive,0.27766895294189453
arkanaadara,,5,0,1746793961,,,1,positive,0.27766895294189453
odec7iw4z8,,5,0,1748340860,,,1,positive,0.27766895294189453
eskeproklenong,,5,0,1734352881,,,1,positive,0.27766895294189453
garage.hr,,5,0,1737698377,,,1,positive,0.27766895294189453
zulkifli4683,,5,0,1739751278,,,1,positive,0.27766895294189453
guswinanda055,"Warna:sesuai
Ukuran:mesen L tpi berasa kecil kayak M
Kenyamanan:padat sempit",4,0,1745043133,warna sesuai ukuran mesen l tpi berasa kecil kayak m kenyamanan padat sempit,warna sesuai ukuran mesen l tpi berasa kecil kayak m kenyamanan padat sempit,13,label_3,0.3024838864803314
imamhori,"Warna:bagus
Ukuran:pas
Kenyamanan:nyaman",5,0,1742990291,warna bagus ukuran pas kenyamanan nyaman,warna bagus ukuran pas kenyamanan nyaman,6,label_3,0.3027242124080658
s*****9,,5,0,1748333407,,,1,positive,0.27766895294189453
s*****t,,5,0,1735556970,,,1,positive,0.27766895294189453
tdrgy6a50h,,5,0,1741857388,,,1,positive,0.27766895294189453
faridribani,"Warna:bagus
Ukuran:pas",5,0,1738891026,warna bagus ukuran pas,warna bagus ukuran pas,4,label_3,0.28894659876823425
faizkembar767,,5,0,1744876061,,,1,positive,0.27766895294189453
faldykaunang,"Warna:bagus
Ukuran:ukuran pas L
Kenyamanan:nyman tidak terlalu berat

SARAN SAYA KAK : kalau mau jual barang pikir2 dulu, HELM paket ganteng , kualitas bagus, bonus spoiler, jika saya prediksi harganya HELM kakak ini bersaing dengan helm lain yg harga jualnya berkisar 600san atau 700san (paket ganteng) 🤔🤔🤔 , tetapi kenapa HELM ini dijual dengan harga 100 ribuan ??? 🤦🤦 

sudah pastih pihak tokonya jual RUGI 🤗🤗👍🏻👍🏻",5,0,1738837918,warna bagus ukuran ukuran pas l kenyamanan nyman tidak terlalu berat saran saya kak kalau mau jual barang pikir2 dulu helm paket ganteng kualitas bagus bonus spoiler jika saya prediksi harganya helm kakak ini bersaing dengan helm lain yg harga jualnya berkisar 600san atau 700san paket ganteng tetapi kenapa helm ini dijual dengan harga 100 ribuan sudah pastih pihak tokonya jual rugi,warna bagus ukuran ukuran pas l kenyamanan nyman tidak terlalu berat saran saya kak kalau mau jual barang pikir2 dulu helm paket ganteng kualitas bagus bonus spoiler jika saya prediksi harganya helm kakak ini bersaing dengan helm lain yg harga jualnya berkisar 600san atau 700san paket ganteng tetapi kenapa helm ini dijual dengan harga 100 ribuan sudah pastih pihak tokonya jual rugi,62,positive,0.35292020440101624
fitribudianto92,Bagus,5,0,1737779444,bagus,bagus,1,positive,0.25675544142723083
waterfightbro,"Warna:putih
Ukuran:L
Kenyamanan:barang sampai dengan baik dan tidak ada kendala",5,0,1757863337,warna putih ukuran l kenyamanan barang sampai dengan baik dan tidak ada kendala,warna putih ukuran l kenyamanan barang sampai dengan baik dan tidak ada kendala,13,positive,0.2755579650402069
bintangsurya92,,5,0,1745814964,,,1,positive,0.27766895294189453
joenzjun,bukan helm brand HKM,5,0,1753364718,bukan helm brand hkm,bukan helm brand hkm,4,positive,0.2778260409832001
exy165,"Warna:lumayan
Ukuran:ok
Kenyamanan:lumayan

ada lecet sikit tapi oke lah",5,0,1760402568,warna lumayan ukuran ok kenyamanan lumayan ada lecet sikit tapi oke lah,warna lumayan ukuran ok kenyamanan lumayan ada lecet sikit tapi oke lah,12,positive,0.2910301685333252
adijumadi214,"Warna:sesuai dengan keinginan
Ukuran:kebesaran
Kenyamanan:nyaman dipakai",5,0,1760948199,warna sesuai dengan keinginan ukuran kebesaran kenyamanan nyaman dipakai,warna sesuai dengan keinginan ukuran kebesaran kenyamanan nyaman dipakai,9,label_3,0.27498531341552734
puybl7fah7,"Warna:doff,smoke
Ukuran:pas
Kenyamanan:nyaman dipakai",5,0,1749506709,warna doff smoke ukuran pas kenyamanan nyaman dipakai,warna doff smoke ukuran pas kenyamanan nyaman dipakai,8,label_3,0.29910537600517273
jankiwil,"Ukuran:pas
Kenyamanan:nyaman",5,0,1742713725,ukuran pas kenyamanan nyaman,ukuran pas kenyamanan nyaman,4,positive,0.2759607136249542
92lhc7qu5t,,5,0,1745154430,,,1,positive,0.27766895294189453
rayuanputra,"Warna:mantap
Ukuran:pas banget dikepala
Kenyamanan:sangat nyaman",5,0,1745731487,warna mantap ukuran pas banget dikepala kenyamanan sangat nyaman,warna mantap ukuran pas banget dikepala kenyamanan sangat nyaman,9,label_3,0.29019662737846375
ss3uqdzgj_,Ya biasa aja,5,0,1740851090,ya biasa aja,ya biasa aja,3,positive,0.3302515745162964
andikafernando443,"Warna:hitam
Ukuran:M
Kenyamanan:sesak akibat kekecilan overal ok

barangnya lumayan hanya saja kurang minat di visor nya terlalu lancip dan melengkung disisi visor + pengiriman yg katanya cepat ternyata Lama dan kardus udah banyak penyok alhamdulillah helmnya gk kenapa"" .",3,0,1741933285,warna hitam ukuran m kenyamanan sesak akibat kekecilan overal ok barangnya lumayan hanya saja kurang minat di visor nya terlalu lancip dan melengkung disisi visor pengiriman yg katanya cepat ternyata lama dan kardus udah banyak penyok alhamdulillah helmnya gk kenapa,warna hitam ukuran m kenyamanan sesak akibat kekecilan overal ok barangnya lumayan hanya saja kurang minat di visor nya terlalu lancip dan melengkung disisi visor pengiriman yg katanya cepat ternyata lama dan kardus udah banyak penyok alhamdulillah helmnya gk kenapa,40,positive,0.2625129222869873
zigimon,sesuai,5,0,1747299944,sesuai,sesuai,1,positive,0.25342583656311035
2ylnxqkqcb,"Warna:hitam
Ukuran:M
Kenyamanan:terasa nyaman",5,0,1742997183,warna hitam ukuran m kenyamanan terasa nyaman,warna hitam ukuran m kenyamanan terasa nyaman,7,label_3,0.2799326777458191
e*****p,"Warna:putih
Ukuran:L
Kenyamanan:tidak berat",5,0,1747976295,warna putih ukuran l kenyamanan tidak berat,warna putih ukuran l kenyamanan tidak berat,7,label_3,0.29111236333847046
viko_valen1924,"Paking rusak.
Pesan ukuran M
Yang datang besar banget.
Jdi GK  kepakai lagi.
Oke thank",5,0,1757673741,paking rusak pesan ukuran m yang datang besar banget jdi gk kepakai lagi oke thank,paking rusak pesan ukuran m yang datang besar banget jdi gk kepakai lagi oke thank,15,positive,0.31261640787124634
nandafarizaurel,"Warna:sesuai
Ukuran:cukup
Kenyamanan:lumayan

Kaca yng bagian kiri kalo di buka full suka copot dari dudukan nya😂ada harga ada kualitas",3,0,1762745740,warna sesuai ukuran cukup kenyamanan lumayan kaca yng bagian kiri kalo di buka full suka copot dari dudukan nya ada harga ada kualitas,warna sesuai ukuran cukup kenyamanan lumayan kaca yng bagian kiri kalo di buka full suka copot dari dudukan nya ada harga ada kualitas,23,positive,0.26650580763816833
indranugraha292,"Warna:sesuai
Ukuran:pas
Kenyamanan:nyaman",5,0,1759913610,warna sesuai ukuran pas kenyamanan nyaman,warna sesuai ukuran pas kenyamanan nyaman,6,label_3,0.2857382893562317
ichaznow,"Warna:Warnanya cakep
Ukuran:pas
Kenyamanan:nyaman dipakai",5,0,1757929019,warna warnanya cakep ukuran pas kenyamanan nyaman dipakai,warna warnanya cakep ukuran pas kenyamanan nyaman dipakai,8,label_3,0.30686676502227783
hoirteguh,"Warna:hitam
Ukuran:xl

Tambahan ekor spoilernya g dikirim ntah copot atau gmna pokonya ilang. Jadi belakangnya keliatan Biasa aja.
Bahan tipis dri plastik",1,0,1747753878,warna hitam ukuran xl tambahan ekor spoilernya g dikirim ntah copot atau gmna pokonya ilang jadi belakangnya keliatan biasa aja bahan tipis dri plastik,warna hitam ukuran xl tambahan ekor spoilernya g dikirim ntah copot atau gmna pokonya ilang jadi belakangnya keliatan biasa aja bahan tipis dri plastik,24,label_3,0.2812219262123108
hichael,"Warna:bagus
Ukuran:pas",5,0,1745645849,warna bagus ukuran pas,warna bagus ukuran pas,4,label_3,0.28894659876823425
indramayulbh,"Bagus mantap  cocok dan sesuai bikib puas
Semoga barokah & tambah laris manis jualnya....",5,0,1739618273,bagus mantap cocok dan sesuai bikib puas semoga barokah tambah laris manis jualnya,bagus mantap cocok dan sesuai bikib puas semoga barokah tambah laris manis jualnya,13,label_3,0.2784067988395691
aankatara,"Awal pesan doank manis, ke dua pesannya lgi tidak sesui, kaim busa bagian dalem beda suka lepas kainya,lem karet bagian luar tidak rapih,dank kelihatan dri luar parah sih.",1,0,1756299083,awal pesan doank manis ke dua pesannya lgi tidak sesui kaim busa bagian dalem beda suka lepas kainya lem karet bagian luar tidak rapih dank kelihatan dri luar parah sih,awal pesan doank manis ke dua pesannya lgi tidak sesui kaim busa bagian dalem beda suka lepas kainya lem karet bagian luar tidak rapih dank kelihatan dri luar parah sih,30,positive,0.3671288788318634
reginovriadi,"Warna:Hitam Doff
Ukuran:M
Kenyamanan:Masih Longgar, untuk BB 50 & TB 165",5,0,1741477088,warna hitam doff ukuran m kenyamanan masih longgar untuk bb 50 tb 165,warna hitam doff ukuran m kenyamanan masih longgar untuk bb 50 tb 165,13,label_3,0.2772524058818817
rahmatramadan05mustikamotor,"Warna:ok
Ukuran:ok
Kenyamanan:ok",5,0,1738309323,warna ok ukuran ok kenyamanan ok,warna ok ukuran ok kenyamanan ok,6,label_3,0.26959165930747986
tikaarif694,"Warna:grey glosy
Ukuran:pas
Kenyamanan:lumayan",5,0,1740317308,warna grey glosy ukuran pas kenyamanan lumayan,warna grey glosy ukuran pas kenyamanan lumayan,7,label_3,0.29161298274993896
bangjojo11,"Warna:bagus tapi ada yang ilang satu untuk lubang angin nya jadi kurang teliti untuk seler semoga kedepan nya di kembangkan lagi
Ukuran:pass
Kenyamanan:mantap

Pengiriman kurang sat set",3,0,1760953687,warna bagus tapi ada yang ilang satu untuk lubang angin nya jadi kurang teliti untuk seler semoga kedepan nya di kembangkan lagi ukuran pass kenyamanan mantap pengiriman kurang sat set,warna bagus tapi ada yang ilang satu untuk lubang angin nya jadi kurang teliti untuk seler semoga kedepan nya di kembangkan lagi ukuran pass kenyamanan mantap pengiriman kurang sat set,30,positive,0.31519317626953125
m_pp5zmchj,"Warna:sesuai
Ukuran:pas sekali
Kenyamanan:sangat nyaman",5,0,1754901499,warna sesuai ukuran pas sekali kenyamanan sangat nyaman,warna sesuai ukuran pas sekali kenyamanan sangat nyaman,8,positive,0.26433858275413513
m*****i,"Warna:hitam dof
Ukuran:pas

Cangkang helm lentur, tidak disarankan untuk riding dengan agresif, buat riding santai ok, modelnya bolehlah, harga masih tinggi untuk kualitas helmnya",3,0,1752305040,warna hitam dof ukuran pas cangkang helm lentur tidak disarankan untuk riding dengan agresif buat riding santai ok modelnya bolehlah harga masih tinggi untuk kualitas helmnya,warna hitam dof ukuran pas cangkang helm lentur tidak disarankan untuk riding dengan agresif buat riding santai ok modelnya bolehlah harga masih tinggi untuk kualitas helmnya,26,positive,0.2767290472984314
s*****a,"Warna:bagus
Ukuran:pas
Kenyamanan:mantap

Ada bekas baret dikit",5,0,1747920324,warna bagus ukuran pas kenyamanan mantap ada bekas baret dikit,warna bagus ukuran pas kenyamanan mantap ada bekas baret dikit,10,label_3,0.31452512741088867
aris_031_komsaf,"Warna:sesuai
Ukuran:pas
Kenyamanan:nyaman dan ringan",5,0,1754127083,warna sesuai ukuran pas kenyamanan nyaman dan ringan,warna sesuai ukuran pas kenyamanan nyaman dan ringan,8,label_3,0.27995285391807556
tx4vdu1tmt,"Barang yg di kirim rusak, patah di bagian part sirkulasi udara, spoiler belakang datang tidak terpasang, dan tidak ada tempat untuk memasang nya sendiri. Akhirnya pemasangan harus dengan pengeleman yg mengurangi estetika barang tsb",1,1,1755693267,barang yg di kirim rusak patah di bagian part sirkulasi udara spoiler belakang datang tidak terpasang dan tidak ada tempat untuk memasang nya sendiri akhirnya pemasangan harus dengan pengeleman yg mengurangi estetika barang tsb,barang yg di kirim rusak patah di bagian part sirkulasi udara spoiler belakang datang tidak terpasang dan tidak ada tempat untuk memasang nya sendiri akhirnya pemasangan harus dengan pengeleman yg mengurangi estetika barang tsb,34,positive,0.24751967191696167
rizky_r70,"Warna:bagus
Ukuran:pas sesuai
Kenyamanan:nyaman",5,0,1738561172,warna bagus ukuran pas sesuai kenyamanan nyaman,warna bagus ukuran pas sesuai kenyamanan nyaman,7,label_3,0.2857916057109833
herru.bangun,"Cocok Untuk:dipakai
Tampilan:elegan
Kualitas:baik

Sesuai dengan yg difoto",5,0,1756880211,cocok untuk dipakai tampilan elegan kualitas baik sesuai dengan yg difoto,cocok untuk dipakai tampilan elegan kualitas baik sesuai dengan yg difoto,11,label_3,0.27299046516418457
icaul25,"Warna:barang cepet sampe, barang oke tapi ada minus sedikit bautnya agak kendor",4,0,1757117319,warna barang cepet sampe barang oke tapi ada minus sedikit bautnya agak kendor,warna barang cepet sampe barang oke tapi ada minus sedikit bautnya agak kendor,13,label_3,0.28858205676078796
gentawirabuana598,"Warna:sesuai
Ukuran:pas ukuran m
Kenyamanan:nyaman

Mines nya ada baret di helmnya kek udah pernah di bukak packingan nya munking karna itu ada baret",4,0,1755146710,warna sesuai ukuran pas ukuran m kenyamanan nyaman mines nya ada baret di helmnya kek udah pernah di bukak packingan nya munking karna itu ada baret,warna sesuai ukuran pas ukuran m kenyamanan nyaman mines nya ada baret di helmnya kek udah pernah di bukak packingan nya munking karna itu ada baret,26,positive,0.3038055896759033
gie_dave,"Proses pengiriman dr penjual lama coyy... Gak fast respon & kebayakan live kyknya 😂😂. Barang dgn harga gak smp 200 yahh harap maklum yaa  klo kualitas alakadarnya, jgn menuntut lebih 😁😁😁",3,0,1738030072,proses pengiriman dr penjual lama coyy gak fast respon kebayakan live kyknya barang dgn harga gak smp 200 yahh harap maklum yaa klo kualitas alakadarnya jgn menuntut lebih,proses pengiriman dr penjual lama coyy gak fast respon kebayakan live kyknya barang dgn harga gak smp 200 yahh harap maklum yaa klo kualitas alakadarnya jgn menuntut lebih,28,positive,0.2935483753681183
jefrisibarani1988,"Warna:sesuai
Ukuran:masih kebesaran
Kenyamanan:biasa aja

Lumayan lah untuk sesuai harga nya, untuk ukuran M masih longgar, jadi kurang nyaman krena tidak ngepres.",4,0,1744204025,warna sesuai ukuran masih kebesaran kenyamanan biasa aja lumayan lah untuk sesuai harga nya untuk ukuran m masih longgar jadi kurang nyaman krena tidak ngepres,warna sesuai ukuran masih kebesaran kenyamanan biasa aja lumayan lah untuk sesuai harga nya untuk ukuran m masih longgar jadi kurang nyaman krena tidak ngepres,25,positive,0.2905188798904419
maswillhehe,"Warna:sesuai
Ukuran:lebih kecil dari expetasi

menyesuaikan harga saja, cuman entah kenapa ini logonya mla bukan HKM",3,0,1752206545,warna sesuai ukuran lebih kecil dari expetasi menyesuaikan harga saja cuman entah kenapa ini logonya mla bukan hkm,warna sesuai ukuran lebih kecil dari expetasi menyesuaikan harga saja cuman entah kenapa ini logonya mla bukan hkm,18,positive,0.2793002724647522
euj9mih0ae,"Warna:pas
Ukuran:kurang besar
Kenyamanan:nyaman di pake",5,0,1761143041,warna pas ukuran kurang besar kenyamanan nyaman di pake,warna pas ukuran kurang besar kenyamanan nyaman di pake,9,label_3,0.2972096800804138
mhmmdfuzy,bagus sesuai d fto,5,0,1737453575,bagus sesuai d fto,bagus sesuai d fto,4,label_3,0.2917029559612274
dhany151515,"Barang sampai dengan mulus helm murah tapi ga murahan, standar SNI kualitas juga ok banget 👍",5,0,1739071473,barang sampai dengan mulus helm murah tapi ga murahan standar sni kualitas juga ok banget,barang sampai dengan mulus helm murah tapi ga murahan standar sni kualitas juga ok banget,15,label_3,0.2814937233924866
blessell,"Warna:glossy grey
Ukuran:pas

Lumayan dengan harga segitu. Bagus barangnya sesuai , cuman satu spoiler belakang double tip kecil bgt harusnya make yang lebar biar merekat kenceng. Tapi over all bagus barangny.",4,0,1762303267,warna glossy grey ukuran pas lumayan dengan harga segitu bagus barangnya sesuai cuman satu spoiler belakang double tip kecil bgt harusnya make yang lebar biar merekat kenceng tapi over all bagus barangny,warna glossy grey ukuran pas lumayan dengan harga segitu bagus barangnya sesuai cuman satu spoiler belakang double tip kecil bgt harusnya make yang lebar biar merekat kenceng tapi over all bagus barangny,32,positive,0.27947014570236206
enrizwan1,"Warna:bagus dop
Ukuran:m pas
Kenyamanan:nyam sekali",5,0,1757502755,warna bagus dop ukuran m pas kenyamanan nyam sekali,warna bagus dop ukuran m pas kenyamanan nyam sekali,9,label_3,0.31230005621910095
fajrinmbt,"Warna:sesuai sgat bagus
Ukuran:pass
Kenyamanan:ringan dan embuk",5,0,1753958293,warna sesuai sgat bagus ukuran pass kenyamanan ringan dan embuk,warna sesuai sgat bagus ukuran pass kenyamanan ringan dan embuk,10,positive,0.2603929340839386
farhan_tuti,"harga worth it bgt buat dpt helm yg kece ini, biar bintang yg berbicara",5,0,1736196294,harga worth it bgt buat dpt helm yg kece ini biar bintang yg berbicara,harga worth it bgt buat dpt helm yg kece ini biar bintang yg berbicara,14,label_3,0.31133604049682617
yudhaprdn_,Ukuran:pas,5,0,1743080374,ukuran pas,ukuran pas,2,positive,0.2579122483730316
qyi2ts1o_a,"Warna:ston grey
Ukuran:pan dan sesuai
Kualitas:baikkk

Ga espek any helm 151 dapet spoiler wkwk",5,0,1734268708,warna ston grey ukuran pan dan sesuai kualitas baikkk ga espek any helm 151 dapet spoiler wkwk,warna ston grey ukuran pan dan sesuai kualitas baikkk ga espek any helm 151 dapet spoiler wkwk,17,positive,0.310910165309906
youvie_aw,keren... sesuai ukuran... puas pokonya...,5,0,1757136175,keren sesuai ukuran puas pokonya,keren sesuai ukuran puas pokonya,5,label_3,0.2989945709705353
rofikshabri,"Warna:sesuai
Ukuran:agak sempit
Kenyamanan:ringan dan nyaman",4,0,1757842125,warna sesuai ukuran agak sempit kenyamanan ringan dan nyaman,warna sesuai ukuran agak sempit kenyamanan ringan dan nyaman,9,label_3,0.258394330739975
usmanofficial799,Joshandos,5,0,1759929583,joshandos,joshandos,1,positive,0.270066499710083
mokhamad_kirom,Barang uda nyampek syng ukuranya afak besar,5,0,1736420243,barang uda nyampek syng ukuranya afak besar,barang uda nyampek syng ukuranya afak besar,7,positive,0.32439354062080383
dini085642939602,"Warna:sesuau pesanan
Ukuran:pas
Kenyamanan:nyaman",5,0,1744855721,warna sesuau pesanan ukuran pas kenyamanan nyaman,warna sesuau pesanan ukuran pas kenyamanan nyaman,7,positive,0.2827317416667938
8s_t7sw41e,"Yang d pesan glossy,,yang datang malah dof..tapi okelah gpp, selebihnya lebih teliti lagi yah buat tokohnya👍",5,0,1739797450,yang d pesan glossy yang datang malah dof tapi okelah gpp selebihnya lebih teliti lagi yah buat tokohnya,yang d pesan glossy yang datang malah dof tapi okelah gpp selebihnya lebih teliti lagi yah buat tokohnya,18,positive,0.3224465847015381
faizanaylaazizah2,Bagus,5,0,1745491029,bagus,bagus,1,positive,0.25675544142723083
hadieeeec,"Warna:mantap cuma sya nya aja cuma salah pilih warna
Ukuran:pas
Kenyamanan:luamayan",4,0,1752319161,warna mantap cuma sya nya aja cuma salah pilih warna ukuran pas kenyamanan luamayan,warna mantap cuma sya nya aja cuma salah pilih warna ukuran pas kenyamanan luamayan,14,label_3,0.3231188654899597
1t7f82os59,"Warna:ok
Ukuran:top
Kenyamanan:ok",5,1,1753334371,warna ok ukuran top kenyamanan ok,warna ok ukuran top kenyamanan ok,6,label_3,0.2678169906139374
khairulrull960,"Warna:pas
Ukuran:M

Sesuai harga,tapi takut nya mudh pecah",3,0,1741297665,warna pas ukuran m sesuai harga tapi takut nya mudh pecah,warna pas ukuran m sesuai harga tapi takut nya mudh pecah,11,label_3,0.3299637734889984
n4yy4h92,"Warna:sesuai pesanan
Ukuran:L tapi kaya keciiil bnget tapi alhmdllah masih muat di kepala
Kenyamanan:ringan banget malah bebrasa helm""n replika tapi enak ko di pake g berat di kepala bikin leher pgel

Cuma telat sehari dari tgl pengiriman sama bungkus kerdus nya ancur g meyakin kan kurang septi bagus nya helm ga knp"" ga cacat pecah walau di bungkus pelingdung",4,0,1759462138,warna sesuai pesanan ukuran l tapi kaya keciiil bnget tapi alhmdllah masih muat di kepala kenyamanan ringan banget malah bebrasa helm n replika tapi enak ko di pake g berat di kepala bikin leher pgel cuma telat sehari dari tgl pengiriman sama bungkus kerdus nya ancur g meyakin kan kurang septi bagus nya helm ga knp ga cacat pecah walau di bungkus pelingdung,warna sesuai pesanan ukuran l tapi kaya keciiil bnget tapi alhmdllah masih muat di kepala kenyamanan ringan banget malah bebrasa helm n replika tapi enak ko di pake g berat di kepala bikin leher pgel cuma telat sehari dari tgl pengiriman sama bungkus kerdus nya ancur g meyakin kan kurang septi bagus nya helm ga knp ga cacat pecah walau di bungkus pelingdung,63,positive,0.2781272828578949
ayatul_husna12,"Warna:sesuai
Ukuran:sesuai
Kenyamanan:nyaman",5,0,1740195310,warna sesuai ukuran sesuai kenyamanan nyaman,warna sesuai ukuran sesuai kenyamanan nyaman,6,positive,0.2759498655796051
waliddjuna,"Kacanya agak butek, tp gpplah untuk harga sgt Sdh oke",4,0,1760876347,kacanya agak butek tp gpplah untuk harga sgt sdh oke,kacanya agak butek tp gpplah untuk harga sgt sdh oke,10,label_3,0.2756599187850952
bangdimas14,"Warna:bagus
Ukuran:pas
Kenyamanan:sangat nyaman",5,0,1739953918,warna bagus ukuran pas kenyamanan sangat nyaman,warna bagus ukuran pas kenyamanan sangat nyaman,7,label_3,0.2785030007362366
mas_sadewo,,5,0,1762409331,,,1,positive,0.27766895294189453
muhammadtaufiqnurlan,,5,0,1753492945,,,1,positive,0.27766895294189453
eddysusilo00,,5,0,1761190609,,,1,positive,0.27766895294189453
28h1fc8rpj,,5,0,1761467022,,,1,positive,0.27766895294189453
d*****a,,5,0,1756124819,,,1,positive,0.27766895294189453
a*****1,"Baru datang sudah sobek, terus bagian dalam ada yang patah, pengiriman lama, sekali ini aja beli disini, nyesal banget",1,0,1750250857,baru datang sudah sobek terus bagian dalam ada yang patah pengiriman lama sekali ini aja beli disini nyesal banget,baru datang sudah sobek terus bagian dalam ada yang patah pengiriman lama sekali ini aja beli disini nyesal banget,19,positive,0.3104826807975769
antonprabowo632,"Warna:hitam
Ukuran:m pas
Kenyamanan:lumayan nyaman",4,0,1747370696,warna hitam ukuran m pas kenyamanan lumayan nyaman,warna hitam ukuran m pas kenyamanan lumayan nyaman,8,label_3,0.2866676151752472
t*****k,"Warna:hitam doff
Ukuran:xl
Kenyamanan:nyaman

Biarkan bintang yg bicara 😁😁",1,0,1763433169,warna hitam doff ukuran xl kenyamanan nyaman biarkan bintang yg bicara,warna hitam doff ukuran xl kenyamanan nyaman biarkan bintang yg bicara,11,label_3,0.27813732624053955
tungkistrong,"Warna:sesuai
Ukuran:kebesaran tolong di perbaiki kalo minta ukuran m di kasih m jangan asal kirim kalo habis
Kenyamanan:kurang",4,0,1743327514,warna sesuai ukuran kebesaran tolong di perbaiki kalo minta ukuran m di kasih m jangan asal kirim kalo habis kenyamanan kurang,warna sesuai ukuran kebesaran tolong di perbaiki kalo minta ukuran m di kasih m jangan asal kirim kalo habis kenyamanan kurang,21,positive,0.28215089440345764
lenijuhariyah997,"Warna:warna sesuai
Ukuran:ukuran tidak di cantumkan di helm
Kenyamanan:pas pakai sempit kaya bukan ukuran XL

Ada lecet, mungkin pas pasang kaca helm nya... Tolong di perhatikan lagi aja sebelum di kirim.",4,0,1753864124,warna warna sesuai ukuran ukuran tidak di cantumkan di helm kenyamanan pas pakai sempit kaya bukan ukuran xl ada lecet mungkin pas pasang kaca helm nya tolong di perhatikan lagi aja sebelum di kirim,warna warna sesuai ukuran ukuran tidak di cantumkan di helm kenyamanan pas pakai sempit kaya bukan ukuran xl ada lecet mungkin pas pasang kaca helm nya tolong di perhatikan lagi aja sebelum di kirim,34,positive,0.303220272064209
hendryvandertvaart,"Warna:warna bagus
Ukuran:ukuran pas dikepala
Kenyamanan:sangat nyaman dipakai",4,0,1743164953,warna warna bagus ukuran ukuran pas dikepala kenyamanan sangat nyaman dipakai,warna warna bagus ukuran ukuran pas dikepala kenyamanan sangat nyaman dipakai,11,positive,0.27746066451072693
angelasalsa437,"Ganteng & kren bang, ty ya...",5,0,1759837755,ganteng kren bang ty ya,ganteng kren bang ty ya,5,positive,0.3335239887237549
agues82,"Kurir geblek,.. barang jd lecet,.. kardus di bolongin,..",4,0,1757523527,kurir geblek barang jd lecet kardus di bolongin,kurir geblek barang jd lecet kardus di bolongin,8,label_3,0.3246115744113922
mohsodikin17,"Warna:warna sesuai
Ukuran:pas kepala
Kenyamanan:nyaman di pakai",5,0,1757504259,warna warna sesuai ukuran pas kepala kenyamanan nyaman di pakai,warna warna sesuai ukuran pas kepala kenyamanan nyaman di pakai,10,label_3,0.278382271528244
abhie.sc,"Patah gess karna minim pengaman
Hanya kotak dan bublewrap tanpa ad gabus/busa didalam dusnya
Alhasil ya gutu deh

Tolong agar lebih di perhatikan lagi packingnya
Supaya pelanggan puas",3,0,1752488000,patah gess karna minim pengaman hanya kotak dan bublewrap tanpa ad gabus busa didalam dusnya alhasil ya gutu deh tolong agar lebih di perhatikan lagi packingnya supaya pelanggan puas,patah gess karna minim pengaman hanya kotak dan bublewrap tanpa ad gabus busa didalam dusnya alhasil ya gutu deh tolong agar lebih di perhatikan lagi packingnya supaya pelanggan puas,29,positive,0.2844236195087433
oh3sylp,"Warna:baguss
Ukuran:sesuai

Barang sampai dengn aman dan tidak ada kelecetan sangat aman dan barang yg dipesan sesuai",4,0,1761140487,warna baguss ukuran sesuai barang sampai dengn aman dan tidak ada kelecetan sangat aman dan barang yg dipesan sesuai,warna baguss ukuran sesuai barang sampai dengn aman dan tidak ada kelecetan sangat aman dan barang yg dipesan sesuai,19,positive,0.2954537868499756
zivella.hijab,"Terimakasih, barangnya bagus sesuai dengan pesanan👌🏻",5,0,1761212238,terimakasih barangnya bagus sesuai dengan pesanan,terimakasih barangnya bagus sesuai dengan pesanan,6,positive,0.28205668926239014
wraycyse51,"Warna:grey glosy
Ukuran:L
Kenyamanan:nyaman

Helm secara face ok cuma spoiler nya mesti pakai double tip jadi agak di sayangkan bukan nempel lgsg dari helm nya tapi sesuai harga juga lah secara bagus kok dan aku salah ukuran L kebesaran seharus nya aku milih ukuran M. thanks banget utk penjual nya dan sukses selalu helm nya utk harga nya ok banget dah rekomen juga dan kalau bisa tambah varian pilihan seperti redbull dan leopard pasti tambah keren 120% dah Auh lebih bagus lagi",5,0,1738456898,warna grey glosy ukuran l kenyamanan nyaman helm secara face ok cuma spoiler nya mesti pakai double tip jadi agak di sayangkan bukan nempel lgsg dari helm nya tapi sesuai harga juga lah secara bagus kok dan aku salah ukuran l kebesaran seharus nya aku milih ukuran m thanks banget utk penjual nya dan sukses selalu helm nya utk harga nya ok banget dah rekomen juga dan kalau bisa tambah varian pilihan seperti redbull dan leopard pasti tambah keren 120 dah auh lebih bagus lagi,warna grey glosy ukuran l kenyamanan nyaman helm secara face ok cuma spoiler nya mesti pakai double tip jadi agak di sayangkan bukan nempel lgsg dari helm nya tapi sesuai harga juga lah secara bagus kok dan aku salah ukuran l kebesaran seharus nya aku milih ukuran m thanks banget utk penjual nya dan sukses selalu helm nya utk harga nya ok banget dah rekomen juga dan kalau bisa tambah varian pilihan seperti redbull dan leopard pasti tambah keren 120 dah auh lebih bagus lagi,85,positive,0.27241355180740356
l.461.bt,Yah lumayan lah busa tipis sama ventilasi udara yang atas sedikit mangap,4,0,1753531042,yah lumayan lah busa tipis sama ventilasi udara yang atas sedikit mangap,yah lumayan lah busa tipis sama ventilasi udara yang atas sedikit mangap,12,positive,0.29664474725723267
samidaman613,"Warna:bagus
Ukuran:pas
Kenyamanan:nyaman

Bagian belakang les hitam hanya gunakan perekat biasa dan bukan baut",4,0,1758352482,warna bagus ukuran pas kenyamanan nyaman bagian belakang les hitam hanya gunakan perekat biasa dan bukan baut,warna bagus ukuran pas kenyamanan nyaman bagian belakang les hitam hanya gunakan perekat biasa dan bukan baut,17,positive,0.28723952174186707
silaban_margana91,Barang sampai dalam keadaan rusak. Kacanya lepas² dari kedudukannya. Sedikit kecewa,2,0,1741994537,barang sampai dalam keadaan rusak kacanya lepas dari kedudukannya sedikit kecewa,barang sampai dalam keadaan rusak kacanya lepas dari kedudukannya sedikit kecewa,11,positive,0.28555503487586975
levimauliza85,,5,0,1761050044,,,1,positive,0.27766895294189453
1ydwngnwtx,,5,0,1753758666,,,1,positive,0.27766895294189453
bobychandrak,,5,0,1753673376,,,1,positive,0.27766895294189453
w4hyuaris,,5,0,1760026655,,,1,positive,0.27766895294189453
d*****7,pokoknya 👍,5,0,1752147657,pokoknya,pokoknya,1,positive,0.2805196940898895
gandasaputra561,,5,1,1758553344,,,1,positive,0.27766895294189453
bb7rel4ugv,"Warna:hitam
Ukuran:M. pas di kepala
Kenyamanan:lumayan nyaman",5,0,1750250550,warna hitam ukuran m pas di kepala kenyamanan lumayan nyaman,warna hitam ukuran m pas di kepala kenyamanan lumayan nyaman,10,label_3,0.2923707365989685
kangzsadz,Laki laki tidak bercerita,5,1,1736581665,laki laki tidak bercerita,laki laki tidak bercerita,4,positive,0.32857993245124817
akuwidodo,"Warna:abu dof
Ukuran:pass ukuran
Kenyamanan:aman",5,0,1750315269,warna abu dof ukuran pass ukuran kenyamanan aman,warna abu dof ukuran pass ukuran kenyamanan aman,8,positive,0.2848025858402252
khalifatuluzma,Relpict,5,0,1760453181,relpict,relpict,1,positive,0.26037541031837463
dhayena90,"Warna:sesuai yg di iklankan
Ukuran:ukurannya agak kecil LW sdh pake jilbb sempit
Kenyamanan:kurang nyaman Krn sempit LW di pake waktu berjilbb",4,0,1736594975,warna sesuai yg di iklankan ukuran ukurannya agak kecil lw sdh pake jilbb sempit kenyamanan kurang nyaman krn sempit lw di pake waktu berjilbb,warna sesuai yg di iklankan ukuran ukurannya agak kecil lw sdh pake jilbb sempit kenyamanan kurang nyaman krn sempit lw di pake waktu berjilbb,24,positive,0.26153600215911865
f*****h,"Warna:grey
Ukuran:sempit dikit
Kualitas:mantap best",4,0,1734408992,warna grey ukuran sempit dikit kualitas mantap best,warna grey ukuran sempit dikit kualitas mantap best,8,label_3,0.29358094930648804
kajul749,,5,0,1761487168,,,1,positive,0.27766895294189453
s*****3,"Warna:warna sesuai dengan deskripsi
Ukuran:ukuran sama dengan yang dipesan

Untuk sementara nyaman sich",3,0,1755165654,warna warna sesuai dengan deskripsi ukuran ukuran sama dengan yang dipesan untuk sementara nyaman sich,warna warna sesuai dengan deskripsi ukuran ukuran sama dengan yang dipesan untuk sementara nyaman sich,15,label_4,0.27679651975631714
amin91_lulu,,5,0,1760844185,,,1,positive,0.27766895294189453
yosep_setiawan92,,5,0,1759419559,,,1,positive,0.27766895294189453
bangbotak99,,5,0,1762875639,,,1,positive,0.27766895294189453
yanuarmk,,5,0,1754965462,,,1,positive,0.27766895294189453
firsyahirawan,,5,0,1754497233,,,1,positive,0.27766895294189453
soviyaningsih,,5,0,1759649559,,,1,positive,0.27766895294189453
minanputrapertama,,5,0,1759550561,,,1,positive,0.27766895294189453
cang1284,,5,0,1754315021,,,1,positive,0.27766895294189453
sarianto123670,,5,0,1753867229,,,1,positive,0.27766895294189453
ebyrahman_20,,5,0,1752478117,,,1,positive,0.27766895294189453
kodok_saltoo,,5,0,1749554460,,,1,positive,0.27766895294189453
nova_rizky82,,5,0,1749561406,,,1,positive,0.27766895294189453
candrabayu92,"Warna:sesuai
Ukuran:pas
Kenyamanan:ringan",5,0,1742732752,warna sesuai ukuran pas kenyamanan ringan,warna sesuai ukuran pas kenyamanan ringan,6,label_3,0.2729450464248657
alaltech,"Warna:sesuai
Ukuran:kebesaran
Kenyamanan:longgar banget...ndk nyaman

Ukuran M kok besar banget padahal standar ukuran kepala saya kl pake helm standar L",3,0,1739898655,warna sesuai ukuran kebesaran kenyamanan longgar banget ndk nyaman ukuran m kok besar banget padahal standar ukuran kepala saya kl pake helm standar l,warna sesuai ukuran kebesaran kenyamanan longgar banget ndk nyaman ukuran m kok besar banget padahal standar ukuran kepala saya kl pake helm standar l,24,positive,0.2941703200340271
feton_awari,"Warna:sesui
Ukuran:pas
Kenyamanan:nyaman

Maaf saya kasi bintang 2 karna helm ada cacatnya. Mainan atasnya ga ada 1",2,0,1752126498,warna sesui ukuran pas kenyamanan nyaman maaf saya kasi bintang 2 karna helm ada cacatnya mainan atasnya ga ada 1,warna sesui ukuran pas kenyamanan nyaman maaf saya kasi bintang 2 karna helm ada cacatnya mainan atasnya ga ada 1,20,positive,0.29222211241722107
dev_store89,"Warna:bagus
Ukuran:pas
Kenyamanan:lumayan sesuai harga

Min klo bisa packingnya di perbaiki lagi ya soalnya keterima ada yg sedikit patah",4,0,1762780930,warna bagus ukuran pas kenyamanan lumayan sesuai harga min klo bisa packingnya di perbaiki lagi ya soalnya keterima ada yg sedikit patah,warna bagus ukuran pas kenyamanan lumayan sesuai harga min klo bisa packingnya di perbaiki lagi ya soalnya keterima ada yg sedikit patah,22,positive,0.300714373588562
arnandoppr,"Ukuran:pas
Kenyamanan:nayaman",5,0,1737094139,ukuran pas kenyamanan nayaman,ukuran pas kenyamanan nayaman,4,label_3,0.29987406730651855
mochamadkahfi_08,"Warna:hitam doff
Ukuran:M
Kenyamanan:.

Harga dan kualitas sesuai",4,0,1739776153,warna hitam doff ukuran m kenyamanan harga dan kualitas sesuai,warna hitam doff ukuran m kenyamanan harga dan kualitas sesuai,10,label_3,0.28157541155815125
mahbub86,"Warna:bagus
Ukuran:pas
Kenyamanan:nyaman",5,0,1746334790,warna bagus ukuran pas kenyamanan nyaman,warna bagus ukuran pas kenyamanan nyaman,6,label_3,0.3027242124080658
ira_kbon,"Warna:hkm cosmo putih
Ukuran:m
Kualitas:bagus

Pas dengan harga👍",4,0,1735038511,warna hkm cosmo putih ukuran m kualitas bagus pas dengan harga,warna hkm cosmo putih ukuran m kualitas bagus pas dengan harga,11,positive,0.29414162039756775
chp7zw9z55,,5,0,1756271885,,,1,positive,0.27766895294189453
desi_utari,,5,0,1757171418,,,1,positive,0.27766895294189453
andi210679,paket sudah sampai dn diterima.pesanan gak sesuai minta kaca bening dikasih kaca hitam payah penjualnya,1,1,1745108470,paket sudah sampai dn diterima pesanan gak sesuai minta kaca bening dikasih kaca hitam payah penjualnya,paket sudah sampai dn diterima pesanan gak sesuai minta kaca bening dikasih kaca hitam payah penjualnya,16,label_3,0.3027656376361847
r*****6,Lumayan sesuai hrga,5,0,1736562430,lumayan sesuai hrga,lumayan sesuai hrga,3,positive,0.2909964323043823
bakul.stiker2024,"Barang tidak sesuai pesanan, chat lemot banget parah, yang belanja harus chat dulu. Biar gak ketipu pas dikirim.
KPK (kapok)",1,0,1762863322,barang tidak sesuai pesanan chat lemot banget parah yang belanja harus chat dulu biar gak ketipu pas dikirim kpk kapok,barang tidak sesuai pesanan chat lemot banget parah yang belanja harus chat dulu biar gak ketipu pas dikirim kpk kapok,20,positive,0.32148733735084534
echa_euy,,5,0,1752808144,,,1,positive,0.27766895294189453
9*****a,"Warna:sesuai
Ukuran:terlalu kecil untuk ukuran xl
Kenyamanan:lumayan

Untuk pengiriman nya cepat tpi Tolong di cek lgi barang nya klo mau ngirim, jgn bikin orng kecewa.",2,0,1760199062,warna sesuai ukuran terlalu kecil untuk ukuran xl kenyamanan lumayan untuk pengiriman nya cepat tpi tolong di cek lgi barang nya klo mau ngirim jgn bikin orng kecewa,warna sesuai ukuran terlalu kecil untuk ukuran xl kenyamanan lumayan untuk pengiriman nya cepat tpi tolong di cek lgi barang nya klo mau ngirim jgn bikin orng kecewa,28,positive,0.293373167514801
parta_stark,"Warna:Bagus
Ukuran:pas
Kenyamanan:sangat nyaman",5,0,1747321229,warna bagus ukuran pas kenyamanan sangat nyaman,warna bagus ukuran pas kenyamanan sangat nyaman,7,label_3,0.2785030007362366
wanarfan02,"Warna:Lumayan
Ukuran:Pas di kepala
Kenyamanan:Sesuai harga

Pesanan helm sdh sampai, Bahannya tipis, modelnya lumayan  Sirip hitam utk dibelakang helm ditempel pakai double tips rawan lepas.",3,0,1757425393,warna lumayan ukuran pas di kepala kenyamanan sesuai harga pesanan helm sdh sampai bahannya tipis modelnya lumayan sirip hitam utk dibelakang helm ditempel pakai double tips rawan lepas,warna lumayan ukuran pas di kepala kenyamanan sesuai harga pesanan helm sdh sampai bahannya tipis modelnya lumayan sirip hitam utk dibelakang helm ditempel pakai double tips rawan lepas,28,label_3,0.2561659812927246
4ayzx5nqb3,"Warna:bagus
Ukuran:pas
Kenyamanan:ringan",5,0,1741436390,warna bagus ukuran pas kenyamanan ringan,warna bagus ukuran pas kenyamanan ringan,6,label_3,0.2959756851196289
wahyualamsyah566,"Warna:Sesuai keinginan
Ukuran:Pas dikepala, nyaman digunakan
Kenyamanan:Seperti tidak memakai helm, enteng bed.",4,0,1743053053,warna sesuai keinginan ukuran pas dikepala nyaman digunakan kenyamanan seperti tidak memakai helm enteng bed,warna sesuai keinginan ukuran pas dikepala nyaman digunakan kenyamanan seperti tidak memakai helm enteng bed,15,positive,0.2625879645347595
altshop20,"Warna:warna sangat bagus dan sesuai ekspetasi
Ukuran:ukuran pas
Kenyamanan:sangat nyaman di pakai

Ini beli yg ke 2 kalinya tidak mengecewakan",5,0,1759328512,warna warna sangat bagus dan sesuai ekspetasi ukuran ukuran pas kenyamanan sangat nyaman di pakai ini beli yg ke 2 kalinya tidak mengecewakan,warna warna sangat bagus dan sesuai ekspetasi ukuran ukuran pas kenyamanan sangat nyaman di pakai ini beli yg ke 2 kalinya tidak mengecewakan,23,positive,0.28680530190467834
mizafi547,"Helm nya oke sesuai harga,,tapi kualitas kaca nya jelek x lembek plastik,dan miring GK pas..nyesel beli",2,0,1752313368,helm nya oke sesuai harga tapi kualitas kaca nya jelek x lembek plastik dan miring gk pas nyesel beli,helm nya oke sesuai harga tapi kualitas kaca nya jelek x lembek plastik dan miring gk pas nyesel beli,19,positive,0.2922520935535431
thonie.,"Kualitas:lumayan
Cocok Untuk:kendaraan
Tampilan:lumayan",5,0,1756829591,kualitas lumayan cocok untuk kendaraan tampilan lumayan,kualitas lumayan cocok untuk kendaraan tampilan lumayan,7,label_3,0.26909339427948
crpl_wqbdg,,5,0,1756912879,,,1,positive,0.27766895294189453
ishaktambunan618,,5,0,1759248195,,,1,positive,0.27766895294189453
rbc_lpa,"Warna:gacor
Ukuran:pas
Kenyamanan:mantap

gacor euy sicepat ama tokonya gercep mesen tgl 9 nyampe skrng tgl 11 padahal jauh lokasi",5,0,1744341898,warna gacor ukuran pas kenyamanan mantap gacor euy sicepat ama tokonya gercep mesen tgl 9 nyampe skrng tgl 11 padahal jauh lokasi,warna gacor ukuran pas kenyamanan mantap gacor euy sicepat ama tokonya gercep mesen tgl 9 nyampe skrng tgl 11 padahal jauh lokasi,22,positive,0.30020028352737427
ludaldjizar,,5,0,1754999254,,,1,positive,0.27766895294189453
p*****2,,5,0,1760351562,,,1,positive,0.27766895294189453
r*****a,,5,0,1752546239,,,1,positive,0.27766895294189453
z6konx_lls,,5,0,1753864425,,,1,positive,0.27766895294189453
geradakthrift_store,,5,0,1761107617,,,1,positive,0.27766895294189453
us8dqcr3bw,,5,0,1760187453,,,1,positive,0.27766895294189453
almalibari90,,5,0,1758090476,,,1,positive,0.27766895294189453
yamnishope,,5,0,1756122690,,,1,positive,0.27766895294189453
arenabreakout992,,5,0,1760958204,,,1,positive,0.27766895294189453
p_6orvvp5t,,5,0,1752581906,,,1,positive,0.27766895294189453
lirasaputri604,,5,0,1752299162,,,1,positive,0.27766895294189453
romanryan,,5,0,1762418364,,,1,positive,0.27766895294189453
dihanafandy,,5,1,1759515158,,,1,positive,0.27766895294189453
risaputri747,,5,0,1753688280,,,1,positive,0.27766895294189453
agan.28,,5,0,1752235779,,,1,positive,0.27766895294189453
asep_supriyatna56,,5,0,1758278925,,,1,positive,0.27766895294189453
ayathumaeny,,5,0,1753800142,,,1,positive,0.27766895294189453
sanbhayu,,5,0,1759588034,,,1,positive,0.27766895294189453
nurrizky239,,5,0,1752834025,,,1,positive,0.27766895294189453
l*****5,Paket sudah sampai..untuk packing tolong diperbaiki dengan kardus yg lebih tebal.,4,0,1756538836,paket sudah sampai untuk packing tolong diperbaiki dengan kardus yg lebih tebal,paket sudah sampai untuk packing tolong diperbaiki dengan kardus yg lebih tebal,12,positive,0.27203771471977234
priyambudi.didit,"Warna:sesuai (standart)
Ukuran:pas sesuai
Kenyamanan:nyaman, tp untuk berkendara belum coba

Ada beberapa bagian finishing masih kurang sesuai.
Tp dah bagus untuk helm untuk harga segitu",4,0,1755253635,warna sesuai standart ukuran pas sesuai kenyamanan nyaman tp untuk berkendara belum coba ada beberapa bagian finishing masih kurang sesuai tp dah bagus untuk helm untuk harga segitu,warna sesuai standart ukuran pas sesuai kenyamanan nyaman tp untuk berkendara belum coba ada beberapa bagian finishing masih kurang sesuai tp dah bagus untuk helm untuk harga segitu,28,positive,0.28177669644355774
rohazanunzahar,,5,0,1757324583,,,1,positive,0.27766895294189453
a*****i,,5,0,1755141345,,,1,positive,0.27766895294189453
r*****3,,5,0,1753181353,,,1,positive,0.27766895294189453
robbychandra751,,5,0,1748174130,,,1,positive,0.27766895294189453
ilyasy,"Warna:tidak sesuai

Pesan KHM , ini malah MLA trus warna gak sesuai ini malah GRAY bukan hitam , spoiler gak ada pula , ngaco dah",1,0,1762340194,warna tidak sesuai pesan khm ini malah mla trus warna gak sesuai ini malah gray bukan hitam spoiler gak ada pula ngaco dah,warna tidak sesuai pesan khm ini malah mla trus warna gak sesuai ini malah gray bukan hitam spoiler gak ada pula ngaco dah,23,positive,0.3162274956703186
k*****_,"Warna:abu
Ukuran:kekecilan
Kenyamanan:oke

Syg kali ukuran nya agak kekecilan.",5,0,1740206816,warna abu ukuran kekecilan kenyamanan oke syg kali ukuran nya agak kekecilan,warna abu ukuran kekecilan kenyamanan oke syg kali ukuran nya agak kekecilan,12,label_3,0.28352853655815125
furqon_fahren,,5,0,1746412607,,,1,positive,0.27766895294189453
laz90,"Warna:glosi
Ukuran:pas
Kenyamanan:aman

Keren dah",5,0,1753443149,warna glosi ukuran pas kenyamanan aman keren dah,warna glosi ukuran pas kenyamanan aman keren dah,8,label_3,0.3196054697036743
yullyawantitumia,"Warna:sangat bagus
Ukuran:pas dan sesuai
Kenyamanan:sangat nyaman saat di pakai

Keren banget",5,0,1752263679,warna sangat bagus ukuran pas dan sesuai kenyamanan sangat nyaman saat di pakai keren banget,warna sangat bagus ukuran pas dan sesuai kenyamanan sangat nyaman saat di pakai keren banget,15,positive,0.2831532657146454
triantoni110616,,5,0,1735978891,,,1,positive,0.27766895294189453
09_j4a4hf7,,5,0,1744198671,,,1,positive,0.27766895294189453
ana024,,5,0,1740092844,,,1,positive,0.27766895294189453
ida_safitri.480,,5,0,1742355440,,,1,positive,0.27766895294189453
marwan1111,,5,0,1738469465,,,1,positive,0.27766895294189453
hendraopi,,5,0,1746084475,,,1,positive,0.27766895294189453
t7nu0tomcb,,5,0,1741666515,,,1,positive,0.27766895294189453
4spmptris6,,5,0,1746701547,,,1,positive,0.27766895294189453
kardo283,,5,0,1738857032,,,1,positive,0.27766895294189453
r*****2,Sudah kedua kalinya beli helm d toko ini dan cocok semua gak ada yg rusak atau cacat. Keseluruhan baik cuman pngemasan kerdus nya penyok semua.,4,0,1745658013,sudah kedua kalinya beli helm d toko ini dan cocok semua gak ada yg rusak atau cacat keseluruhan baik cuman pngemasan kerdus nya penyok semua,sudah kedua kalinya beli helm d toko ini dan cocok semua gak ada yg rusak atau cacat keseluruhan baik cuman pngemasan kerdus nya penyok semua,25,positive,0.2714312672615051
fxaansar3105,"Warna:bagus
Ukuran:pass
Kenyamanan:nyaman",5,0,1746678670,warna bagus ukuran pass kenyamanan nyaman,warna bagus ukuran pass kenyamanan nyaman,6,label_3,0.2922428846359253
agungsantoso03,"Warna:bagus
Ukuran:kurang pas dikit
Kenyamanan:lumayan",5,0,1738848961,warna bagus ukuran kurang pas dikit kenyamanan lumayan,warna bagus ukuran kurang pas dikit kenyamanan lumayan,8,label_3,0.30461084842681885
muhammadwigianto,,5,0,1750765209,,,1,positive,0.27766895294189453
isalgt,Mau beli lagi nanti soalx pengiriman cepat dan sesuai pesanan,5,0,1738510420,mau beli lagi nanti soalx pengiriman cepat dan sesuai pesanan,mau beli lagi nanti soalx pengiriman cepat dan sesuai pesanan,10,label_3,0.31411460041999817
_*****8,,5,0,1752231795,,,1,positive,0.27766895294189453
tamrindpt,Mantap,5,0,1757327343,mantap,mantap,1,positive,0.2676052749156952
a*****a,"Sudah dikasih note pastikan tidak ada yg cacat, tapi begini",3,0,1732870322,sudah dikasih note pastikan tidak ada yg cacat tapi begini,sudah dikasih note pastikan tidak ada yg cacat tapi begini,10,label_3,0.31886544823646545
adeyulhendri,"Warna:bagus
Ukuran:pas
Kenyamanan:nyaman",5,0,1758523818,warna bagus ukuran pas kenyamanan nyaman,warna bagus ukuran pas kenyamanan nyaman,6,label_3,0.3027242124080658
vitadewirahayu205,,5,0,1758023297,,,1,positive,0.27766895294189453
margettanarcissia,Ukuran:pas dan nyama,5,0,1755745238,ukuran pas dan nyama,ukuran pas dan nyama,4,label_3,0.287460595369339
ridauli05,"Warna:bagus
Ukuran:sesuai",5,0,1742017970,warna bagus ukuran sesuai,warna bagus ukuran sesuai,4,label_3,0.2922728359699249
adpatria,"Warna:bagus
Ukuran:pas",5,0,1744898443,warna bagus ukuran pas,warna bagus ukuran pas,4,label_3,0.28894659876823425
a*****2,,5,0,1753762513,,,1,positive,0.27766895294189453
rahmansodikin786,Aslinya kereeeeeeeeeeeeeeeeeeen bgt,5,0,1735794688,aslinya kereeeeeeeeeeeeeeeeeeen bgt,aslinya kereeeeeeeeeeeeeeeeeeen bgt,3,positive,0.3159908950328827
yudaamaulana197,"Ukuran:M pas dan sesuai
Kenyamanan:Nyaman saat dipakai dan menambah kece

Uda Checkout di toko ini yang ke2x nya tanpa ada lecet dan minus",5,0,1747999320,ukuran m pas dan sesuai kenyamanan nyaman saat dipakai dan menambah kece uda checkout di toko ini yang ke2x nya tanpa ada lecet dan minus,ukuran m pas dan sesuai kenyamanan nyaman saat dipakai dan menambah kece uda checkout di toko ini yang ke2x nya tanpa ada lecet dan minus,25,positive,0.2612517774105072
hettieharmoniuos,Warna:baguslah yaa mayan,5,0,1754127008,warna baguslah yaa mayan,warna baguslah yaa mayan,4,positive,0.319137305021286
berkah19plg,"Ukuran:pas
Kenyamanan:sangat nyaman

Ada minus,Banyak lecet",4,0,1746786466,ukuran pas kenyamanan sangat nyaman ada minus banyak lecet,ukuran pas kenyamanan sangat nyaman ada minus banyak lecet,9,positive,0.3135257661342621
muhajirin23,"Ukuran sesuai 
Model ya sesuai gambar",5,0,1760087679,ukuran sesuai model ya sesuai gambar,ukuran sesuai model ya sesuai gambar,6,label_3,0.3032938539981842
stribgskr,"Warna:bagus
Ukuran:baik
Kenyamanan:baik

Warna tidak sesuai pesanan saya pesan hitam doff malah yg dikirim hitam glossy + ada lubang lumayan gede",4,0,1754371220,warna bagus ukuran baik kenyamanan baik warna tidak sesuai pesanan saya pesan hitam doff malah yg dikirim hitam glossy ada lubang lumayan gede,warna bagus ukuran baik kenyamanan baik warna tidak sesuai pesanan saya pesan hitam doff malah yg dikirim hitam glossy ada lubang lumayan gede,23,positive,0.3084008991718292
abdulwahid_0101,"Warna:sesuai pesanan
Ukuran:pas dan sesuai
Kenyamanan:lumayan",4,0,1737974798,warna sesuai pesanan ukuran pas dan sesuai kenyamanan lumayan,warna sesuai pesanan ukuran pas dan sesuai kenyamanan lumayan,9,positive,0.2647368013858795
diasdangili,Joss pokok'e,5,0,1748597427,joss pokok e,joss pokok e,3,positive,0.3089364767074585
aj4774,Helm lecet. Kaca helm nya tidak sesuai. Saya beli 2 helm. Untungnya tidak semuanya lecet.,2,0,1740103636,helm lecet kaca helm nya tidak sesuai saya beli 2 helm untungnya tidak semuanya lecet,helm lecet kaca helm nya tidak sesuai saya beli 2 helm untungnya tidak semuanya lecet,15,positive,0.2966439127922058
aripsakrep,"Warna:sesuai pesanan
Ukuran:pas
Kenyamanan:nyaman",5,0,1760354093,warna sesuai pesanan ukuran pas kenyamanan nyaman,warna sesuai pesanan ukuran pas kenyamanan nyaman,7,label_3,0.2894808351993561
bangan867,Mantap,5,0,1756294838,mantap,mantap,1,positive,0.2676052749156952
ianmuhammad29,,5,0,1761561368,,,1,positive,0.27766895294189453
ahmadfariki953,Barang nya bagus sekali kalok mau beli yg murah di toko ini solusinya 😊,5,0,1745491562,barang nya bagus sekali kalok mau beli yg murah di toko ini solusinya,barang nya bagus sekali kalok mau beli yg murah di toko ini solusinya,13,label_3,0.2862715721130371
andikalavigne,Wooow helmnya mantappp bagus benerrr.. Next mau order lagi lahhh....,5,0,1738503883,wooow helmnya mantappp bagus benerrr next mau order lagi lahhh,wooow helmnya mantappp bagus benerrr next mau order lagi lahhh,10,positive,0.31566351652145386
shamarsaila,"Warna:grey
Ukuran:pas
Kenyamanan:nyaman dipakai",5,0,1754547857,warna grey ukuran pas kenyamanan nyaman dipakai,warna grey ukuran pas kenyamanan nyaman dipakai,7,label_3,0.29441529512405396
vario15555,"Warna:bagus banget dan ini rekomendasi untuk dana pelajar warna nya juga mantep banget pokoknya joss gandos kotos2 😆🙏🏻
Ukuran:ukuran nya Alhamdulillah sesuai yang saya request dan pas di kepala 😇🙏🏻
Kenyamanan:bahan nya lembut dan halus enak banget di pake nya pokoknya bintang 5 deh 🔥🔥",5,0,1758633090,warna bagus banget dan ini rekomendasi untuk dana pelajar warna nya juga mantep banget pokoknya joss gandos kotos2 ukuran ukuran nya alhamdulillah sesuai yang saya request dan pas di kepala kenyamanan bahan nya lembut dan halus enak banget di pake nya pokoknya bintang 5 deh,warna bagus banget dan ini rekomendasi untuk dana pelajar warna nya juga mantep banget pokoknya joss gandos kotos2 ukuran ukuran nya alhamdulillah sesuai yang saya request dan pas di kepala kenyamanan bahan nya lembut dan halus enak banget di pake nya pokoknya bintang 5 deh,45,positive,0.2988150417804718
h0nzd7z528,,5,0,1757829098,,,1,positive,0.27766895294189453
diecmas,"Warna:fad ya
Ukuran:FC Barcelona
Kenyamanan:VCD dan

Nya ya gan ya bg Rudi Rubiandini mengaku memberikan",5,0,1742340314,warna fad ya ukuran fc barcelona kenyamanan vcd dan nya ya gan ya bg rudi rubiandini mengaku memberikan,warna fad ya ukuran fc barcelona kenyamanan vcd dan nya ya gan ya bg rudi rubiandini mengaku memberikan,18,positive,0.32434532046318054
c*****0,,5,0,1733140288,,,1,positive,0.27766895294189453
b*****r,"Warna:grey
Ukuran:XL
Kenyamanan:nyaman banget

Lanjutkan !!",5,0,1748948532,warna grey ukuran xl kenyamanan nyaman banget lanjutkan,warna grey ukuran xl kenyamanan nyaman banget lanjutkan,8,label_3,0.27640101313591003
aromabaru,"Biar bintang yg berbicara...

 Luar biasa... mntap 👍👍👍👍👍",5,0,1739631850,biar bintang yg berbicara luar biasa mntap,biar bintang yg berbicara luar biasa mntap,7,label_3,0.32093146443367004
lemahlembutttt,Cakepp bangeeeeettt,5,0,1759640829,cakepp bangeeeeettt,cakepp bangeeeeettt,2,positive,0.31741517782211304
m.fauzirizal,"Warna:dof
Ukuran:m
Kenyamanan:ringan",5,0,1755088245,warna dof ukuran m kenyamanan ringan,warna dof ukuran m kenyamanan ringan,6,label_3,0.2743668854236603
l*****r,"Warna:kelas
Ukuran:pas",5,0,1742982396,warna kelas ukuran pas,warna kelas ukuran pas,4,positive,0.28581127524375916
zunnyirwanaryanto,"Terimakasih Bang.,😊🙏",5,0,1752839259,terimakasih bang,terimakasih bang,2,positive,0.2892996668815613
habil732,"Warna:sesuai
Ukuran:pas
Kenyamanan:lumayan",5,0,1760340571,warna sesuai ukuran pas kenyamanan lumayan,warna sesuai ukuran pas kenyamanan lumayan,6,label_3,0.29374396800994873
87gc3o2b3m,,5,0,1759025622,,,1,positive,0.27766895294189453
windar1505,,5,0,1757507487,,,1,positive,0.27766895294189453
mas.iam99,"Warna:hitam dof
Ukuran:pas
Kenyamanan:nyaman di pakai",4,0,1760621094,warna hitam dof ukuran pas kenyamanan nyaman di pakai,warna hitam dof ukuran pas kenyamanan nyaman di pakai,9,label_3,0.28231826424598694
73rxm4l1rq,,5,0,1752288287,,,1,positive,0.27766895294189453
fitriadrianazrielabizar,Ada goresan,5,0,1742565465,ada goresan,ada goresan,2,label_4,0.23812782764434814
vha3aqd1jq,"Kenyamanan:mntp lah pokoknyo, awal ny khawatir barng kenapa' tapi alhamdulillah selamat",4,0,1746855326,kenyamanan mntp lah pokoknyo awal ny khawatir barng kenapa tapi alhamdulillah selamat,kenyamanan mntp lah pokoknyo awal ny khawatir barng kenapa tapi alhamdulillah selamat,12,positive,0.3426744043827057
faizagustiar921,"Warna:putih
Ukuran:L sesuai ek6
Kenyamanan:nyaman banget

Ayoo temen"" yang mau helm half face keren beli aja disini dijamin puas kalian👍👍🤗",5,0,1744297625,warna putih ukuran l sesuai ek6 kenyamanan nyaman banget ayoo temen yang mau helm half face keren beli aja disini dijamin puas kalian,warna putih ukuran l sesuai ek6 kenyamanan nyaman banget ayoo temen yang mau helm half face keren beli aja disini dijamin puas kalian,23,positive,0.2841916084289551
c*****o,Finishing banyak yang tidak rapi cuma asal tidak memperhatikan setiap bagian.Dengan harga segitu kurang puas.. Jasa kirim jga sangat lambat,1,0,1754971071,finishing banyak yang tidak rapi cuma asal tidak memperhatikan setiap bagian dengan harga segitu kurang puas jasa kirim jga sangat lambat,finishing banyak yang tidak rapi cuma asal tidak memperhatikan setiap bagian dengan harga segitu kurang puas jasa kirim jga sangat lambat,21,positive,0.28473028540611267
syapeipei487,"Warna:sesuai warna cuma Ada goresan sedikit
Ukuran:L
Kenyamanan:lumayan",4,0,1736412841,warna sesuai warna cuma ada goresan sedikit ukuran l kenyamanan lumayan,warna sesuai warna cuma ada goresan sedikit ukuran l kenyamanan lumayan,11,label_3,0.29701632261276245
ahmadsantoso507,"Warna:sesuai dengan pesanan
Ukuran:pas sama dengan yg di pesan

Sesuai dengan harga",5,0,1740288297,warna sesuai dengan pesanan ukuran pas sama dengan yg di pesan sesuai dengan harga,warna sesuai dengan pesanan ukuran pas sama dengan yg di pesan sesuai dengan harga,14,positive,0.2637617886066437
fahrycomez,,5,0,1758166758,,,1,positive,0.27766895294189453
q1sv7_ktua,"Warna:sesuai pesanan
Ukuran:pas sesuai pesanan
Kenyamanan:nyaman

Sudah seharusnya pedagang yang ada di shopee menjaga kepercayaan konsumen, salah satunya pedagang tempat saya membeli Helm ini,,,,,",5,0,1737958302,warna sesuai pesanan ukuran pas sesuai pesanan kenyamanan nyaman sudah seharusnya pedagang yang ada di shopee menjaga kepercayaan konsumen salah satunya pedagang tempat saya membeli helm ini,warna sesuai pesanan ukuran pas sesuai pesanan kenyamanan nyaman sudah seharusnya pedagang yang ada di shopee menjaga kepercayaan konsumen salah satunya pedagang tempat saya membeli helm ini,27,positive,0.2739894390106201
s*****k,"Warna:bagus dan sesuai sama di gambar mantap
Ukuran:pas sangat pres di kepala
Kenyamanan:sangat nyaman

Ada sedikit goresan waktu saya buka entah dari kurir atau dari sananya, dan untuk detailing di rapihkan lagi agar semakin oke",4,0,1753783307,warna bagus dan sesuai sama di gambar mantap ukuran pas sangat pres di kepala kenyamanan sangat nyaman ada sedikit goresan waktu saya buka entah dari kurir atau dari sananya dan untuk detailing di rapihkan lagi agar semakin oke,warna bagus dan sesuai sama di gambar mantap ukuran pas sangat pres di kepala kenyamanan sangat nyaman ada sedikit goresan waktu saya buka entah dari kurir atau dari sananya dan untuk detailing di rapihkan lagi agar semakin oke,38,positive,0.29382508993148804
s*****4,"Warna:grey gloss, cocok.
Ukuran:pas, ngpress di palak
Kenyamanan:lumayan, mines krna trlalu ringan.

untuk penampilan bagus, sesuai di foto.
minus nya cuman trlalu ringan aja",4,0,1742290465,warna grey gloss cocok ukuran pas ngpress di palak kenyamanan lumayan mines krna trlalu ringan untuk penampilan bagus sesuai di foto minus nya cuman trlalu ringan aja,warna grey gloss cocok ukuran pas ngpress di palak kenyamanan lumayan mines krna trlalu ringan untuk penampilan bagus sesuai di foto minus nya cuman trlalu ringan aja,27,positive,0.2839466333389282
kevinkhalevi,"Warna:putih
Ukuran:pas
Kenyamanan:sangat nyaman

recommended buat yang nyari helm murah tapi kualitas ga murahan",5,0,1736250242,warna putih ukuran pas kenyamanan sangat nyaman recommended buat yang nyari helm murah tapi kualitas ga murahan,warna putih ukuran pas kenyamanan sangat nyaman recommended buat yang nyari helm murah tapi kualitas ga murahan,17,label_3,0.2828782796859741
vfg3q2y0cm,"Warna:sesuai
Ukuran:pas

ada retakan di belakang lumayan panjang packing kurang baik",3,0,1741872004,warna sesuai ukuran pas ada retakan di belakang lumayan panjang packing kurang baik,warna sesuai ukuran pas ada retakan di belakang lumayan panjang packing kurang baik,13,label_3,0.2685365378856659
dengsutte,,5,0,1760058297,,,1,positive,0.27766895294189453
perbdaankasta,"Puas banget bagus,,,,",5,0,1756558909,puas banget bagus,puas banget bagus,3,positive,0.3146742582321167
wahyususanto004,Helm bagus packing aman,5,0,1752750173,helm bagus packing aman,helm bagus packing aman,4,label_3,0.2904312312602997
d*****t,,5,0,1750754503,,,1,positive,0.27766895294189453
wiwinajee,"Barang sudah sampai tanpa ada yg pecah aman lah meskipun kardusnya sampe basah semua,barang sesuai harga ya gaes",4,0,1758361121,barang sudah sampai tanpa ada yg pecah aman lah meskipun kardusnya sampe basah semua barang sesuai harga ya gaes,barang sudah sampai tanpa ada yg pecah aman lah meskipun kardusnya sampe basah semua barang sesuai harga ya gaes,19,label_3,0.28907090425491333
wahyoetomo,"Pengiriman cepat sekali, kualitas barang termasuk bagus sudah SNI dan model nyaman sesuai gambar... Thanks seller",5,0,1744683543,pengiriman cepat sekali kualitas barang termasuk bagus sudah sni dan model nyaman sesuai gambar thanks seller,pengiriman cepat sekali kualitas barang termasuk bagus sudah sni dan model nyaman sesuai gambar thanks seller,16,label_3,0.26634907722473145
luckybless323,"Pliss jangan ada yg beli biar barangnya ga Abis.. Bagus banget soalnya,kalo abis stock lagi ya min,murah tapi bagus nih helm",5,0,1747025264,pliss jangan ada yg beli biar barangnya ga abis bagus banget soalnya kalo abis stock lagi ya min murah tapi bagus nih helm,pliss jangan ada yg beli biar barangnya ga abis bagus banget soalnya kalo abis stock lagi ya min murah tapi bagus nih helm,23,label_3,0.2953638732433319
umangkurnia370,"Warna:sama yg di pesan
Ukuran:sama
Kenyamanan:nyaman dan ringan enak di pakai ny

Paket ganteng ush ada spoiler ny makin cakep",5,0,1741135645,warna sama yg di pesan ukuran sama kenyamanan nyaman dan ringan enak di pakai ny paket ganteng ush ada spoiler ny makin cakep,warna sama yg di pesan ukuran sama kenyamanan nyaman dan ringan enak di pakai ny paket ganteng ush ada spoiler ny makin cakep,23,positive,0.3118547797203064
cahyaakbar406,"Warna:putih
Ukuran:pasa

Barit” di atasnya patah juga",2,0,1736583088,warna putih ukuran pasa barit di atasnya patah juga,warna putih ukuran pasa barit di atasnya patah juga,9,label_3,0.3277070224285126
vareltarek,"Warna:hitam doff
Ukuran:M
Kenyamanan:lumayan",5,0,1762328836,warna hitam doff ukuran m kenyamanan lumayan,warna hitam doff ukuran m kenyamanan lumayan,7,label_3,0.29827621579170227
ardha_rad11,"Warna:hitam doff
Ukuran:L
Kenyamanan:lumayan

Sesuai harga ada bagian busa yang kebuka gak rapet",4,0,1756942157,warna hitam doff ukuran l kenyamanan lumayan sesuai harga ada bagian busa yang kebuka gak rapet,warna hitam doff ukuran l kenyamanan lumayan sesuai harga ada bagian busa yang kebuka gak rapet,16,positive,0.2590447962284088
alkywahyu,Klotak klotak di ats sebelah kiri kayak mau lepas gak bisa rapat...,3,0,1751972923,klotak klotak di ats sebelah kiri kayak mau lepas gak bisa rapat,klotak klotak di ats sebelah kiri kayak mau lepas gak bisa rapat,12,label_3,0.32394886016845703
i*****o,"Warna:bagus
Ukuran:pas
Kualitas:baik sesuai harga

overall bagus tapi ada sedikit lecet sama lem leman nya kurang rapi",4,0,1734768487,warna bagus ukuran pas kualitas baik sesuai harga overall bagus tapi ada sedikit lecet sama lem leman nya kurang rapi,warna bagus ukuran pas kualitas baik sesuai harga overall bagus tapi ada sedikit lecet sama lem leman nya kurang rapi,20,positive,0.3001441955566406
wahyuputrakelana028,"Warna:hitam doff
Ukuran:L. pas banget
Kenyamanan:sangat nyaman next mau order lagi warna lain. thanks Min🥰☺️",5,0,1749856391,warna hitam doff ukuran l pas banget kenyamanan sangat nyaman next mau order lagi warna lain thanks min,warna hitam doff ukuran l pas banget kenyamanan sangat nyaman next mau order lagi warna lain thanks min,18,positive,0.31527191400527954
ichsansuci0102,"Helm nya bagus.. Seller nya amanah dan pengiriman cepat
Terima kasih",5,0,1748531734,helm nya bagus seller nya amanah dan pengiriman cepat terima kasih,helm nya bagus seller nya amanah dan pengiriman cepat terima kasih,11,positive,0.30628132820129395
efradiany,bagus packingan jg aman..jd brg smpai gk ada ccat sm sekali,5,0,1741280268,bagus packingan jg aman jd brg smpai gk ada ccat sm sekali,bagus packingan jg aman jd brg smpai gk ada ccat sm sekali,12,positive,0.31390708684921265
71pr9_ssqd,Tidak pernah mengecewakan 2x beli bagus semua,5,0,1749159248,tidak pernah mengecewakan 2x beli bagus semua,tidak pernah mengecewakan 2x beli bagus semua,7,label_3,0.30189022421836853
garoh1133,"Warna:hitam
Ukuran:pas
Kenyamanan:nyaman",5,0,1759209205,warna hitam ukuran pas kenyamanan nyaman,warna hitam ukuran pas kenyamanan nyaman,6,label_3,0.2850551903247833
ylm2nhmuk2,Pokonya rekomendasi banget,5,0,1734950933,pokonya rekomendasi banget,pokonya rekomendasi banget,3,positive,0.3058098256587982
aa.ib4n.thea,"Alkhamdulillah bagus helm nya. Pngiriman aman, dan barang pun mulus.",5,0,1742676848,alkhamdulillah bagus helm nya pngiriman aman dan barang pun mulus,alkhamdulillah bagus helm nya pngiriman aman dan barang pun mulus,10,positive,0.29825660586357117
masragasa,"Warna:kalem
Ukuran:pass busa tebal",5,0,1761656269,warna kalem ukuran pass busa tebal,warna kalem ukuran pass busa tebal,6,label_3,0.28773191571235657
ikhw4n24,Gaguss bnget,5,0,1744684370,gaguss bnget,gaguss bnget,2,positive,0.35464608669281006
en1id0t7u8,Sesuai dengan gambar,5,0,1735616843,sesuai dengan gambar,sesuai dengan gambar,3,label_3,0.25602826476097107
dsandcell,"Warna:hitam
Ukuran:M
Kualitas:keren

Recomended belanja disini cepet dikirim ga kaya toko sebelah 😅",5,0,1734606663,warna hitam ukuran m kualitas keren recomended belanja disini cepet dikirim ga kaya toko sebelah,warna hitam ukuran m kualitas keren recomended belanja disini cepet dikirim ga kaya toko sebelah,15,label_3,0.32463333010673523
coesja31,"Ukuran:pas
Warna:yang ku suka
Durabilitas:smoga saja awet

pelayananny sngat bgus thnks seller",5,0,1732408477,ukuran pas warna yang ku suka durabilitas smoga saja awet pelayananny sngat bgus thnks seller,ukuran pas warna yang ku suka durabilitas smoga saja awet pelayananny sngat bgus thnks seller,15,positive,0.2844275236129761
muhammadsubhiansyahsimamora,"Warna:sesuai
Ukuran:pas
Kenyamanan:good

mantap kk sesuai pesanan dan gk ada lecet sikit pun, bakaln pesan 2 lgi ni kk buat stok. 😎",5,0,1741356395,warna sesuai ukuran pas kenyamanan good mantap kk sesuai pesanan dan gk ada lecet sikit pun bakaln pesan 2 lgi ni kk buat stok,warna sesuai ukuran pas kenyamanan good mantap kk sesuai pesanan dan gk ada lecet sikit pun bakaln pesan 2 lgi ni kk buat stok,24,positive,0.334461510181427
nikkogozilla,"Warna:warna sesuai dengan pesanan
Ukuran:ukuran juga pas di kepala
Kenyamanan:ringan dan nyaman saat di pakai

Oke pesanan nyampe dan udah di terima",5,0,1737992251,warna warna sesuai dengan pesanan ukuran ukuran juga pas di kepala kenyamanan ringan dan nyaman saat di pakai oke pesanan nyampe dan udah di terima,warna warna sesuai dengan pesanan ukuran ukuran juga pas di kepala kenyamanan ringan dan nyaman saat di pakai oke pesanan nyampe dan udah di terima,25,positive,0.2679692208766937
johanemp,"Warna:sesuai
Ukuran:pas
Kenyamanan:nyaman",5,0,1761472020,warna sesuai ukuran pas kenyamanan nyaman,warna sesuai ukuran pas kenyamanan nyaman,6,label_3,0.2857382893562317
afunisaragih,"Warna:abu
Ukuran:pas
Kenyamanan:nyaman",5,0,1746367755,warna abu ukuran pas kenyamanan nyaman,warna abu ukuran pas kenyamanan nyaman,6,label_3,0.2790297269821167
darmawanwawan800,"Warna:bagus
Ukuran:sesuai
Kenyamanan:nyaman",5,0,1739876682,warna bagus ukuran sesuai kenyamanan nyaman,warna bagus ukuran sesuai kenyamanan nyaman,6,positive,0.2779526114463806
ytchannel446,KEREN BANGET SUMPAH,5,0,1741872267,keren banget sumpah,keren banget sumpah,3,positive,0.30652400851249695
ajiwahyudi710,Mantap pokok nya😁,5,0,1744509850,mantap pokok nya,mantap pokok nya,3,positive,0.2961898446083069
085742686880_faad.,"Warna:alhamdulillah sesuai
Ukuran:pas M
Kenyamanan:sangat nyaman

Lain kali mau order",5,0,1742009987,warna alhamdulillah sesuai ukuran pas m kenyamanan sangat nyaman lain kali mau order,warna alhamdulillah sesuai ukuran pas m kenyamanan sangat nyaman lain kali mau order,13,label_3,0.29944270849227905
teamrocket_store,"Packing superrr aman...
Barang real pict dan sesuai warnanya.. tanpa ada lecet apapun di helm dan kacanya...
Recommended seller 👍👍",5,0,1738688574,packing superrr aman barang real pict dan sesuai warnanya tanpa ada lecet apapun di helm dan kacanya recommended seller,packing superrr aman barang real pict dan sesuai warnanya tanpa ada lecet apapun di helm dan kacanya recommended seller,19,label_3,0.2852320373058319
f*****o,"Warna:merah maroon doff
Ukuran:m
Kenyamanan:ringan helmnya semoga awet dan untuk kaca berat naik turunya",5,0,1741153394,warna merah maroon doff ukuran m kenyamanan ringan helmnya semoga awet dan untuk kaca berat naik turunya,warna merah maroon doff ukuran m kenyamanan ringan helmnya semoga awet dan untuk kaca berat naik turunya,17,positive,0.2793041467666626
kh.aditya.ps,"Warna:bagus
Ukuran:pas
Kenyamanan:sedang , sepoler nya Doble tip nya kurang , kemungkinan kurang kuat

Busa di kepala bagian atas longgar , tpi oke harga segitu",5,0,1748602250,warna bagus ukuran pas kenyamanan sedang sepoler nya doble tip nya kurang kemungkinan kurang kuat busa di kepala bagian atas longgar tpi oke harga segitu,warna bagus ukuran pas kenyamanan sedang sepoler nya doble tip nya kurang kemungkinan kurang kuat busa di kepala bagian atas longgar tpi oke harga segitu,25,positive,0.28302818536758423
mochamadzaenularifin,,5,0,1761136456,,,1,positive,0.27766895294189453
rivaldosiregarrivaldo,"Mantap, sesuai pesanan 👌👌👌👌🤟🤟",5,0,1753711341,mantap sesuai pesanan,mantap sesuai pesanan,3,label_3,0.30378735065460205
saupibucil,Datang tidak bagus baut kaca nya copot,3,0,1742922297,datang tidak bagus baut kaca nya copot,datang tidak bagus baut kaca nya copot,7,positive,0.3113862872123718
j*****7,"Warna:memliki pigmen yg bagus
Ukuran:pas dan sesuai
Kenyamanan:ringan

Recomended selller",5,0,1750154499,warna memliki pigmen yg bagus ukuran pas dan sesuai kenyamanan ringan recomended selller,warna memliki pigmen yg bagus ukuran pas dan sesuai kenyamanan ringan recomended selller,13,label_3,0.2850406765937805
sigitmindarto,Packing aman...tanpa cacat. Di kira helm nya berat ternyata ringan...ya semoga awet lah. Klo jatuh ga lgs pecah.,5,0,1740044551,packing aman tanpa cacat di kira helm nya berat ternyata ringan ya semoga awet lah klo jatuh ga lgs pecah,packing aman tanpa cacat di kira helm nya berat ternyata ringan ya semoga awet lah klo jatuh ga lgs pecah,20,positive,0.2984168827533722
wansutrics,"Warna:sesuai apa yang di pesan
Ukuran:pas dan sesuai
Kenyamanan:nyaman pake banget

Asli sihhh dengan harga segitu barangnya bagus, selernya amanah pokonya bagus dahh sumpah kaga nyesel beli helm ini toko ini 😁",5,0,1752712297,warna sesuai apa yang di pesan ukuran pas dan sesuai kenyamanan nyaman pake banget asli sihhh dengan harga segitu barangnya bagus selernya amanah pokonya bagus dahh sumpah kaga nyesel beli helm ini toko ini,warna sesuai apa yang di pesan ukuran pas dan sesuai kenyamanan nyaman pake banget asli sihhh dengan harga segitu barangnya bagus selernya amanah pokonya bagus dahh sumpah kaga nyesel beli helm ini toko ini,34,positive,0.32665589451789856
zahira1311,Sesuai pesanan..seller amanah dan bertanggung jawab,5,0,1755104967,sesuai pesanan seller amanah dan bertanggung jawab,sesuai pesanan seller amanah dan bertanggung jawab,7,label_3,0.2938155233860016
putraigo217,"Warna:bagus
Ukuran:pas
Kenyamanan:nyaman",5,0,1760066726,warna bagus ukuran pas kenyamanan nyaman,warna bagus ukuran pas kenyamanan nyaman,6,label_3,0.3027242124080658
n4zril_007,Recomended 👍👍👍👍👍👍👍👍👍👍👍👍👍👍👍👍👍👍👍👍👍👍👍👍,5,0,1741297778,recomended,recomended,1,positive,0.2788776755332947
mckiq8bh8z,"Warna:GREY
Ukuran:M
Kenyamanan:bagus

Sangat memuaskan,semoga tokonya amanah terus dan laris manis👍👍👍",5,0,1748707533,warna grey ukuran m kenyamanan bagus sangat memuaskan semoga tokonya amanah terus dan laris manis,warna grey ukuran m kenyamanan bagus sangat memuaskan semoga tokonya amanah terus dan laris manis,15,positive,0.2620411515235901
herrel,"Warna:hitam doff
Ukuran:pas
Kenyamanan:nyaman

Ukuran pas di kepala saya dan warna hitam dof yang mantap nyaman dipakai dan harga cukup murah dibanding merk ***",5,0,1748339187,warna hitam doff ukuran pas kenyamanan nyaman ukuran pas di kepala saya dan warna hitam dof yang mantap nyaman dipakai dan harga cukup murah dibanding merk,warna hitam doff ukuran pas kenyamanan nyaman ukuran pas di kepala saya dan warna hitam dof yang mantap nyaman dipakai dan harga cukup murah dibanding merk,26,positive,0.27050766348838806
r*****t,"Warna:bagus
Ukuran:pas
Kenyamanan:pas",5,0,1753508518,warna bagus ukuran pas kenyamanan pas,warna bagus ukuran pas kenyamanan pas,6,label_3,0.2973344027996063
usmanganteng7261,"Ukuran:pas
Durabilitas:kuat dan tahan lama
Desain:keren",5,1,1730604962,ukuran pas durabilitas kuat dan tahan lama desain keren,ukuran pas durabilitas kuat dan tahan lama desain keren,9,positive,0.26691120862960815
prabuhendrayananew,Barang diterima dlm keadaan bagus dan Ok. Modelnya kerennn cocok buat harian atau touring jg bisa. Pengiriman cot. Terima kasih.,5,0,1746369431,barang diterima dlm keadaan bagus dan ok modelnya kerennn cocok buat harian atau touring jg bisa pengiriman cot terima kasih,barang diterima dlm keadaan bagus dan ok modelnya kerennn cocok buat harian atau touring jg bisa pengiriman cot terima kasih,20,positive,0.30774858593940735
jonathanbecham,"Ukuran:pas
Warna:bagus
Durabilitas:kuat dan tahan lama

Produk sesuai 
Mantap pokok nya 
Teman saya juga suka",5,0,1733134048,ukuran pas warna bagus durabilitas kuat dan tahan lama produk sesuai mantap pokok nya teman saya juga suka,ukuran pas warna bagus durabilitas kuat dan tahan lama produk sesuai mantap pokok nya teman saya juga suka,18,positive,0.27896538376808167
hc5r1ine71,"Warna:sangat bagus dan sesuai dengan gambar
Ukuran:pas dan sesuai
Kualitas:sangat baik",5,0,1734958404,warna sangat bagus dan sesuai dengan gambar ukuran pas dan sesuai kualitas sangat baik,warna sangat bagus dan sesuai dengan gambar ukuran pas dan sesuai kualitas sangat baik,14,positive,0.2721560597419739
toufik_firmansyah91,Cukup puas dengan harga segitu....,4,0,1740567185,cukup puas dengan harga segitu,cukup puas dengan harga segitu,5,positive,0.2651381194591522
reskyaldiansyah,"Warna:bagus
Ukuran:kekecilan
Kenyamanan:ya

bagus design seperti helmet kisaran harga 400-800rb cuman sepertinya beberapa part ada yg digunakan buat variasi doang ya, seperti dibawah spoiler ( vent ) nya dan jaitannya kurang rapih cuman overall bagus bgt diharga 150 an",5,0,1737794872,warna bagus ukuran kekecilan kenyamanan ya bagus design seperti helmet kisaran harga 400 800rb cuman sepertinya beberapa part ada yg digunakan buat variasi doang ya seperti dibawah spoiler vent nya dan jaitannya kurang rapih cuman overall bagus bgt diharga 150 an,warna bagus ukuran kekecilan kenyamanan ya bagus design seperti helmet kisaran harga 400 800rb cuman sepertinya beberapa part ada yg digunakan buat variasi doang ya seperti dibawah spoiler vent nya dan jaitannya kurang rapih cuman overall bagus bgt diharga 150 an,41,positive,0.2830966114997864
hendra_wijaya888,"Mantap, next order lagi",5,0,1734053910,mantap next order lagi,mantap next order lagi,4,label_3,0.3218578100204468
yozzolord,"Warna:bagus glossy
Ukuran:untuk ukuran L longgar
Kenyamanan:ringan nyaman nggak kebawa angin pas top speed",5,0,1748086979,warna bagus glossy ukuran untuk ukuran l longgar kenyamanan ringan nyaman nggak kebawa angin pas top speed,warna bagus glossy ukuran untuk ukuran l longgar kenyamanan ringan nyaman nggak kebawa angin pas top speed,17,positive,0.2661285102367401
deny_m009,"Warna:sesuai..mantap
Ukuran:pas
Kenyamanan:Sangat nyaman

Penjual amanah sesuai dgn pesanan..terima kasih.",5,0,1742194608,warna sesuai mantap ukuran pas kenyamanan sangat nyaman penjual amanah sesuai dgn pesanan terima kasih,warna sesuai mantap ukuran pas kenyamanan sangat nyaman penjual amanah sesuai dgn pesanan terima kasih,15,positive,0.26304447650909424
firmanefendi220,"Warna:warna cocok
Ukuran:pas sesuai pesanan
Kenyamanan:cukup nyaman dipakai

Pesanannya yg datang merk Batman bukan yg dipesan tp gpp lah harga segitu udah lumayan bagus",5,0,1745144696,warna warna cocok ukuran pas sesuai pesanan kenyamanan cukup nyaman dipakai pesanannya yg datang merk batman bukan yg dipesan tp gpp lah harga segitu udah lumayan bagus,warna warna cocok ukuran pas sesuai pesanan kenyamanan cukup nyaman dipakai pesanannya yg datang merk batman bukan yg dipesan tp gpp lah harga segitu udah lumayan bagus,27,positive,0.26714909076690674
nenindut066,"Warna:sesuai
Ukuran:M tapi gede
Kualitas:sesuai harga

Barang baru tapi udah ada goresan banyak
Tapi keseluruhan oke sih",4,0,1734507540,warna sesuai ukuran m tapi gede kualitas sesuai harga barang baru tapi udah ada goresan banyak tapi keseluruhan oke sih,warna sesuai ukuran m tapi gede kualitas sesuai harga barang baru tapi udah ada goresan banyak tapi keseluruhan oke sih,20,positive,0.2799702286720276
muhammadsyaiful79,"Warna:sesuai
Ukuran:pas M
Kenyamanan:nyaman saat dipakai",5,0,1749469412,warna sesuai ukuran pas m kenyamanan nyaman saat dipakai,warna sesuai ukuran pas m kenyamanan nyaman saat dipakai,9,label_3,0.28017255663871765
802l71lxia,"Warna:sangat bagus dan menarik sesuai dengan gambar
Ukuran:agak kecil
Kenyamanan:terasa empuk dan nyaman",5,0,1762762290,warna sangat bagus dan menarik sesuai dengan gambar ukuran agak kecil kenyamanan terasa empuk dan nyaman,warna sangat bagus dan menarik sesuai dengan gambar ukuran agak kecil kenyamanan terasa empuk dan nyaman,16,label_3,0.2489268183708191
zenalalhadad,"Ukuran:pas sesuai pesanan
Warna:sesuai
Durabilitas:bagus dan baik

Pengiriman lebih cepat dr jadwal",5,0,1733052779,ukuran pas sesuai pesanan warna sesuai durabilitas bagus dan baik pengiriman lebih cepat dr jadwal,ukuran pas sesuai pesanan warna sesuai durabilitas bagus dan baik pengiriman lebih cepat dr jadwal,15,label_3,0.28366923332214355
auluth,Sesuaikan ekspektasi mu dengan harga beli maka kau akan mendapatkan sesuai dengan yang kau ekspektasi kan,5,0,1746756227,sesuaikan ekspektasi mu dengan harga beli maka kau akan mendapatkan sesuai dengan yang kau ekspektasi kan,sesuaikan ekspektasi mu dengan harga beli maka kau akan mendapatkan sesuai dengan yang kau ekspektasi kan,16,positive,0.2822254002094269
a*****1,Helmnya sesuai yang di pesan ringan juga pengiriman sangat cepat trmks,5,0,1748693585,helmnya sesuai yang di pesan ringan juga pengiriman sangat cepat trmks,helmnya sesuai yang di pesan ringan juga pengiriman sangat cepat trmks,11,positive,0.29931455850601196
jasmanijezz123,"Warna:sesuai deskripsi pesanan
Ukuran:pas banget mantab
Kualitas:bagus sesuai harga

Mantappp......
Sesuai harga tidak mengecewakan
Jossss.....",5,0,1734696428,warna sesuai deskripsi pesanan ukuran pas banget mantab kualitas bagus sesuai harga mantappp sesuai harga tidak mengecewakan jossss,warna sesuai deskripsi pesanan ukuran pas banget mantab kualitas bagus sesuai harga mantappp sesuai harga tidak mengecewakan jossss,18,positive,0.2944830060005188
yati_angelika,Anakku senabanget,5,0,1745921170,anakku senabanget,anakku senabanget,2,positive,0.28307607769966125
surady77,"Warna:sangat bagus dan Ok
Ukuran:pas dikepala
Kenyamanan:Sesuai dan nyaman dipakai

Mantap.. Sesuai dengan gambar nya 
Sukses selalu buat Tokohnya",5,0,1748692850,warna sangat bagus dan ok ukuran pas dikepala kenyamanan sesuai dan nyaman dipakai mantap sesuai dengan gambar nya sukses selalu buat tokohnya,warna sangat bagus dan ok ukuran pas dikepala kenyamanan sesuai dan nyaman dipakai mantap sesuai dengan gambar nya sukses selalu buat tokohnya,22,positive,0.31071773171424866
m.rizkyky,"Warna:sesuai gambar
Ukuran:pas
Kenyamanan:nyaman

Puas lah, sampai d tangan saya dgn selamat & helmnya aman",5,0,1748141754,warna sesuai gambar ukuran pas kenyamanan nyaman puas lah sampai d tangan saya dgn selamat helmnya aman,warna sesuai gambar ukuran pas kenyamanan nyaman puas lah sampai d tangan saya dgn selamat helmnya aman,17,positive,0.27473974227905273
raidmaqil135,"Warna:pas
Ukuran:enak banget pas",5,0,1750313157,warna pas ukuran enak banget pas,warna pas ukuran enak banget pas,6,label_3,0.28587037324905396
edisetiawan051,Warna:sangat bagus  dan sesuai dengan gambar,5,0,1752147529,warna sangat bagus dan sesuai dengan gambar,warna sangat bagus dan sesuai dengan gambar,7,label_3,0.26856452226638794
m1020an,Sudah terparkir Rapi,5,0,1752383056,sudah terparkir rapi,sudah terparkir rapi,3,label_3,0.2828538417816162
raja_beat,The bes pokonya,5,0,1745036763,the bes pokonya,the bes pokonya,3,positive,0.28705161809921265
nv.putra,Mantap banget joss🔥,5,0,1742450738,mantap banget joss,mantap banget joss,3,positive,0.31225892901420593
yuan160106,"Kegunaan:susah amat bang nyopot plastik visor nya
Kualitas:josht
Ukuran:m",5,2,1727074179,kegunaan susah amat bang nyopot plastik visor nya kualitas josht ukuran m,kegunaan susah amat bang nyopot plastik visor nya kualitas josht ukuran m,12,positive,0.2918100953102112
derlyfebrian,"Warna:warna bagus
Ukuran:M
Berat:ringan dan nyaman di pakai

Helm nya bagus dan keren",5,0,1735359096,warna warna bagus ukuran m berat ringan dan nyaman di pakai helm nya bagus dan keren,warna warna bagus ukuran m berat ringan dan nyaman di pakai helm nya bagus dan keren,16,positive,0.2891230285167694
mokokudus,"Warna:hitam doff
Ukuran:L
Kualitas:bagus sni , baru prtma pake HKM

modely keren busany kurang tebal",5,0,1734694929,warna hitam doff ukuran l kualitas bagus sni baru prtma pake hkm modely keren busany kurang tebal,warna hitam doff ukuran l kualitas bagus sni baru prtma pake hkm modely keren busany kurang tebal,17,positive,0.2885974943637848
se7en.cell,"Warna:sesuai
Ukuran:M

Nyaman, 
hanya saja packing nya kurang aman",3,0,1743249918,warna sesuai ukuran m nyaman hanya saja packing nya kurang aman,warna sesuai ukuran m nyaman hanya saja packing nya kurang aman,11,label_3,0.28891685605049133
luckybless323,"BEST RECOMEND POKOKNYA,SELLERNYA JUGA FAST RESPON.GOOD",5,0,1747025303,best recomend pokoknya sellernya juga fast respon good,best recomend pokoknya sellernya juga fast respon good,8,label_3,0.31119614839553833
riduanayla,,4,0,1745844800,,,1,positive,0.27766895294189453
retnonyaindah,"Warna:ok
Ukuran:pas
Berat:std

Riel barang sesuai dgn iklan,. Bagus ok kece,. Yg pasti harga terjangkau, trimakasih saya suka",5,0,1735430533,warna ok ukuran pas berat std riel barang sesuai dgn iklan bagus ok kece yg pasti harga terjangkau trimakasih saya suka,warna ok ukuran pas berat std riel barang sesuai dgn iklan bagus ok kece yg pasti harga terjangkau trimakasih saya suka,21,positive,0.2846415638923645
munafvakullaili,Josss helm nya keren,5,0,1742473416,josss helm nya keren,josss helm nya keren,4,positive,0.2952347695827484
dharma2301,Spoilernya knpa ga warna hitam doff juga kak,3,0,1749555137,spoilernya knpa ga warna hitam doff juga kak,spoilernya knpa ga warna hitam doff juga kak,8,positive,0.3294585943222046
mohdtaruni,"Ukuran:pas dan sesuai
Durabilitas:produk bagus, kokoh, tahan pastinya
Desain:terlihat keren dan topppppp",5,0,1728399106,ukuran pas dan sesuai durabilitas produk bagus kokoh tahan pastinya desain terlihat keren dan topppppp,ukuran pas dan sesuai durabilitas produk bagus kokoh tahan pastinya desain terlihat keren dan topppppp,15,positive,0.2667250335216522
ifoxsgebleg,"Warna:sesuai
Ukuran:passss
Kenyamanan:mantappp

Alhamdulillah mantul helmnya",5,1,1742399314,warna sesuai ukuran passss kenyamanan mantappp alhamdulillah mantul helmnya,warna sesuai ukuran passss kenyamanan mantappp alhamdulillah mantul helmnya,9,positive,0.29532504081726074
premanflez,"Ukuran:passs
Warna:sngatt bagusslhhh Seperti Di foto/vidio
Durabilitas:-

Kerenn bnget lahh harga sgtu",5,0,1733202581,ukuran passs warna sngatt bagusslhhh seperti di foto vidio durabilitas kerenn bnget lahh harga sgtu,ukuran passs warna sngatt bagusslhhh seperti di foto vidio durabilitas kerenn bnget lahh harga sgtu,15,positive,0.3256077766418457
d*****6,"Warna:sesuai

Lumayan, cuma ada beberapa tempat minus di cat nya, dan sambungan belakang nya hanya pakai doubletip 3m sama sekali tidak ada pengunci... Jadi bisa lepas kapan saja..",4,0,1746804048,warna sesuai lumayan cuma ada beberapa tempat minus di cat nya dan sambungan belakang nya hanya pakai doubletip 3m sama sekali tidak ada pengunci jadi bisa lepas kapan saja,warna sesuai lumayan cuma ada beberapa tempat minus di cat nya dan sambungan belakang nya hanya pakai doubletip 3m sama sekali tidak ada pengunci jadi bisa lepas kapan saja,29,positive,0.2528759241104126
maulanaolan587,Bagus dan sesuai,5,0,1740729086,bagus dan sesuai,bagus dan sesuai,3,label_3,0.2789086699485779
madanipermana423,,5,0,1751126436,,,1,positive,0.27766895294189453
rinifeka,"Bagusss pas buat anak remaja, sukses selalu",5,0,1746702873,bagusss pas buat anak remaja sukses selalu,bagusss pas buat anak remaja sukses selalu,7,label_3,0.3313743472099304
putranyashanty,"Warna:bagus..cat nya mulus..tanpa cacat
Ukuran:pas dikepala ku
Kenyamanan:ringan

Helm nya sampai dengan selamat",5,0,1738937713,warna bagus cat nya mulus tanpa cacat ukuran pas dikepala ku kenyamanan ringan helm nya sampai dengan selamat,warna bagus cat nya mulus tanpa cacat ukuran pas dikepala ku kenyamanan ringan helm nya sampai dengan selamat,18,positive,0.30133429169654846
yannprnta,"Warna:bagus
Ukuran:agak longgar sedikit
Berat:ringan",4,0,1735545276,warna bagus ukuran agak longgar sedikit berat ringan,warna bagus ukuran agak longgar sedikit berat ringan,8,label_3,0.2734149098396301
safarudin.358,"Warna:sesuai kaka
Ukuran:pas banget
Kenyamanan:nyaman banget

Terimakasih seller produk yang terbaik no debaddd",5,0,1738938247,warna sesuai kaka ukuran pas banget kenyamanan nyaman banget terimakasih seller produk yang terbaik no debaddd,warna sesuai kaka ukuran pas banget kenyamanan nyaman banget terimakasih seller produk yang terbaik no debaddd,16,positive,0.29231759905815125
1d5caansuu,"Warna:sesuai
Ukuran:l
Kenyamanan:nyaman sesuai harga

Ini pesanan super cepat cuma hitungan jam barang sampai dengan selamat luar bias",5,0,1743930225,warna sesuai ukuran l kenyamanan nyaman sesuai harga ini pesanan super cepat cuma hitungan jam barang sampai dengan selamat luar bias,warna sesuai ukuran l kenyamanan nyaman sesuai harga ini pesanan super cepat cuma hitungan jam barang sampai dengan selamat luar bias,21,positive,0.2713707685470581
vvi7pctyag,"Warna:sesuai
Ukuran:pas
Kenyamanan:sangat nyaman

Mantap tapi klo bisa banyakin lagi promo nya biar nanti co lagi hehe",5,0,1741854923,warna sesuai ukuran pas kenyamanan sangat nyaman mantap tapi klo bisa banyakin lagi promo nya biar nanti co lagi hehe,warna sesuai ukuran pas kenyamanan sangat nyaman mantap tapi klo bisa banyakin lagi promo nya biar nanti co lagi hehe,20,positive,0.30620670318603516
dedenapriadi7,"Warna:mantap
Ukuran:mantap
Kenyamanan:mantap

Buruan beli selagi discon",5,0,1737358701,warna mantap ukuran mantap kenyamanan mantap buruan beli selagi discon,warna mantap ukuran mantap kenyamanan mantap buruan beli selagi discon,10,label_3,0.3198155462741852
o77rjgwdtg,"Warna:bagus dan sesuai
Ukuran:Pas
Kenyamanan:sangat nyaman dan enak

Pas dan enak di pakai buruan yang belum beli cek out langsung",5,0,1738838524,warna bagus dan sesuai ukuran pas kenyamanan sangat nyaman dan enak pas dan enak di pakai buruan yang belum beli cek out langsung,warna bagus dan sesuai ukuran pas kenyamanan sangat nyaman dan enak pas dan enak di pakai buruan yang belum beli cek out langsung,23,positive,0.29711082577705383
b*****s,"Warna:bagus
Ukuran:paw
Kenyamanan:ok lah",5,0,1757908303,warna bagus ukuran paw kenyamanan ok lah,warna bagus ukuran paw kenyamanan ok lah,7,label_3,0.30238479375839233
suerdadu,"Warna:bagus
Ukuran:bagus
Kenyamanan:bagus

Barang bagus dan pengiriman cepat. Terima kasih untuk penjual dan kurir",5,0,1737252939,warna bagus ukuran bagus kenyamanan bagus barang bagus dan pengiriman cepat terima kasih untuk penjual dan kurir,warna bagus ukuran bagus kenyamanan bagus barang bagus dan pengiriman cepat terima kasih untuk penjual dan kurir,17,positive,0.2676456570625305
renohafiz1982,"Warna:cocok
Ukuran:g th ntah ukuran apa karna g tertulis
Kenyamanan:ok",5,0,1745309878,warna cocok ukuran g th ntah ukuran apa karna g tertulis kenyamanan ok,warna cocok ukuran g th ntah ukuran apa karna g tertulis kenyamanan ok,13,label_3,0.3136867880821228
suradiantosuradianto420,Warna:hitam dof,5,1,1759842275,warna hitam dof,warna hitam dof,3,positive,0.27336975932121277
rakaisanjaya,"murah, kualitas cukupan lah, untuk model cakep banget. kalo kurangnya, built kurang kokoh dan finishing cat kurang rapi kalo dilihat dari dekat. selebihnya, dipakai nyaman. busa empuk dan keseluruhan ringan",5,0,1735631416,murah kualitas cukupan lah untuk model cakep banget kalo kurangnya built kurang kokoh dan finishing cat kurang rapi kalo dilihat dari dekat selebihnya dipakai nyaman busa empuk dan keseluruhan ringan,murah kualitas cukupan lah untuk model cakep banget kalo kurangnya built kurang kokoh dan finishing cat kurang rapi kalo dilihat dari dekat selebihnya dipakai nyaman busa empuk dan keseluruhan ringan,30,positive,0.2486501932144165
nurridwanspxexpress,"Warna:aduhay sekali
Ukuran:pas dan sesuai ukuran
Kenyamanan:sangat nyaman bisa tebal

Pengiriman paketnya cepat bintang⭐🌟 100 deh",5,0,1748091931,warna aduhay sekali ukuran pas dan sesuai ukuran kenyamanan sangat nyaman bisa tebal pengiriman paketnya cepat bintang 100 deh,warna aduhay sekali ukuran pas dan sesuai ukuran kenyamanan sangat nyaman bisa tebal pengiriman paketnya cepat bintang 100 deh,19,positive,0.33502158522605896
rochmadkasianto,"Warna:hitam dof
Ukuran:pas
Kenyamanan:biasa

Tidak sesuai videonya.spoiler terpisah...huft",4,0,1736243628,warna hitam dof ukuran pas kenyamanan biasa tidak sesuai videonya spoiler terpisah huft,warna hitam dof ukuran pas kenyamanan biasa tidak sesuai videonya spoiler terpisah huft,13,positive,0.2687978744506836
pixyta,Kereeeeeennn sukaaaaa baguuuusssss,5,0,1746111365,kereeeeeennn sukaaaaa baguuuusssss,kereeeeeennn sukaaaaa baguuuusssss,3,positive,0.33383384346961975
dafaalgifari616,"Warna:baguss sesuai dengan di poto
Ukuran:pass bangett
Kualitas:baguss sesuai ekspektasi",5,0,1735957289,warna baguss sesuai dengan di poto ukuran pass bangett kualitas baguss sesuai ekspektasi,warna baguss sesuai dengan di poto ukuran pass bangett kualitas baguss sesuai ekspektasi,13,label_3,0.2962118983268738
racun42,"Warna:sangat baik
Ukuran:pas dan nyaman
Kenyamanan:sangat nyaman di pakai

Helmnya sangat nyaman di gunakan desainnya menarik terlihat mewah bisa bersaing dengan helm merk lainnya,penjual yang amanah semoga rezkynya di tambah,,,,",5,0,1752860183,warna sangat baik ukuran pas dan nyaman kenyamanan sangat nyaman di pakai helmnya sangat nyaman di gunakan desainnya menarik terlihat mewah bisa bersaing dengan helm merk lainnya penjual yang amanah semoga rezkynya di tambah,warna sangat baik ukuran pas dan nyaman kenyamanan sangat nyaman di pakai helmnya sangat nyaman di gunakan desainnya menarik terlihat mewah bisa bersaing dengan helm merk lainnya penjual yang amanah semoga rezkynya di tambah,34,positive,0.29421114921569824
m.ifan0202,"Warna:ok
Ukuran:M pas banget susuai yg di harapkan
Kenyamanan:bgus

terimaksih smoga sukses trus buat tokonya",5,0,1745921185,warna ok ukuran m pas banget susuai yg di harapkan kenyamanan bgus terimaksih smoga sukses trus buat tokonya,warna ok ukuran m pas banget susuai yg di harapkan kenyamanan bgus terimaksih smoga sukses trus buat tokonya,18,positive,0.2712772786617279
royroy446,bgus bgt helmny ga nyesel beli di toko ini dan pecking ny jga aman bgt+saya suka krna dikrimny pke jne lebih aman lgi pkokny best lah,5,0,1752897485,bgus bgt helmny ga nyesel beli di toko ini dan pecking ny jga aman bgt saya suka krna dikrimny pke jne lebih aman lgi pkokny best lah,bgus bgt helmny ga nyesel beli di toko ini dan pecking ny jga aman bgt saya suka krna dikrimny pke jne lebih aman lgi pkokny best lah,27,positive,0.3179013729095459
uftvtrzylk,"Warna:memiliki pinmen yg bagus
Ukuran:ukuran produk pas dan sesuai
Kenyamanan:sangat nyaman saat di kenakan",5,0,1750838179,warna memiliki pinmen yg bagus ukuran ukuran produk pas dan sesuai kenyamanan sangat nyaman saat di kenakan,warna memiliki pinmen yg bagus ukuran ukuran produk pas dan sesuai kenyamanan sangat nyaman saat di kenakan,17,positive,0.25341808795928955
ramdaniinyonyo,Real pict,5,0,1747487803,real pict,real pict,2,label_3,0.252663254737854
wisnusanti1990,trm ksh,5,0,1732189571,trm ksh,trm ksh,2,positive,0.2867330312728882
kanguwen,Lumayan buat sehari2,5,0,1741705591,lumayan buat sehari2,lumayan buat sehari2,3,positive,0.2943269610404968
andiromansyah752,Berat:yessss.....ini baru Helm kereeeeen ...harga mumerrrr..mantaaaabbbb ....salam dari Cengkareng Timur ..Jakbar ...tetap jaga kwalitas buat konsumen yg lain..agar jangan sampai kecewa....josss,5,0,1735378751,berat yessss ini baru helm kereeeeen harga mumerrrr mantaaaabbbb salam dari cengkareng timur jakbar tetap jaga kwalitas buat konsumen yg lain agar jangan sampai kecewa josss,berat yessss ini baru helm kereeeeen harga mumerrrr mantaaaabbbb salam dari cengkareng timur jakbar tetap jaga kwalitas buat konsumen yg lain agar jangan sampai kecewa josss,26,positive,0.32385608553886414
alvaaalvaa686,"Warna:sesuai gambar
Ukuran:pas
Kenyamanan:nyaman",5,0,1750215788,warna sesuai gambar ukuran pas kenyamanan nyaman,warna sesuai gambar ukuran pas kenyamanan nyaman,7,label_3,0.2856948971748352
farelnugroho395,"Warna:hitam doff
Ukuran:L
Kenyamanan:sangat nyaman

bagus x geng, gaa nyesel la",5,0,1736412341,warna hitam doff ukuran l kenyamanan sangat nyaman bagus x geng gaa nyesel la,warna hitam doff ukuran l kenyamanan sangat nyaman bagus x geng gaa nyesel la,14,positive,0.3244202435016632
byonenet,"Warna:bagus
Ukuran:pas
Kenyamanan:nyaman

Alhamdulillah barang akhirnya sampai juga... Barang oke sesuai gambar.",5,0,1743148332,warna bagus ukuran pas kenyamanan nyaman alhamdulillah barang akhirnya sampai juga barang oke sesuai gambar,warna bagus ukuran pas kenyamanan nyaman alhamdulillah barang akhirnya sampai juga barang oke sesuai gambar,15,positive,0.28668931126594543
altar362,"Ukuran:pas dan sesuai
Warna:memiliki pigmen bagus
Durabilitas:produk sangat kuat dan tahan lama

bagian dalam pas tapi bagian luar ny kebesaran dikit
tpi kualitas nya bagus dn sesuai",5,0,1733825582,ukuran pas dan sesuai warna memiliki pigmen bagus durabilitas produk sangat kuat dan tahan lama bagian dalam pas tapi bagian luar ny kebesaran dikit tpi kualitas nya bagus dn sesuai,ukuran pas dan sesuai warna memiliki pigmen bagus durabilitas produk sangat kuat dan tahan lama bagian dalam pas tapi bagian luar ny kebesaran dikit tpi kualitas nya bagus dn sesuai,30,positive,0.2868688404560089
ridhospeed819,"Warna:bagus sesuai dengan gambar
Kualitas:sangat bagus

Barang nya bagus tapi saya minta tolong buat pengiriman nya agar di perbaiki lagi karna cara Peking nya asal asalan",2,2,1735928554,warna bagus sesuai dengan gambar kualitas sangat bagus barang nya bagus tapi saya minta tolong buat pengiriman nya agar di perbaiki lagi karna cara peking nya asal asalan,warna bagus sesuai dengan gambar kualitas sangat bagus barang nya bagus tapi saya minta tolong buat pengiriman nya agar di perbaiki lagi karna cara peking nya asal asalan,28,positive,0.3002927899360657
ragilrada,"Warna:grey
Ukuran:pas dikepala
Kenyamanan:ringan

Reallll ganteng helm nya cookkkkkk, gk bakal rugi kalo beli di toko ini, pekingan aman",5,0,1738590174,warna grey ukuran pas dikepala kenyamanan ringan reallll ganteng helm nya cookkkkkk gk bakal rugi kalo beli di toko ini pekingan aman,warna grey ukuran pas dikepala kenyamanan ringan reallll ganteng helm nya cookkkkkk gk bakal rugi kalo beli di toko ini pekingan aman,22,positive,0.2924383878707886
zdbe8ao13i,"Warna:akua
Ukuran:m
Kenyamanan:bagus

Makasih best seler pesanan dah sampai sesuai pesanan moga amanah banyak orderannya amin",5,0,1739776702,warna akua ukuran m kenyamanan bagus makasih best seler pesanan dah sampai sesuai pesanan moga amanah banyak orderannya amin,warna akua ukuran m kenyamanan bagus makasih best seler pesanan dah sampai sesuai pesanan moga amanah banyak orderannya amin,19,positive,0.3331508934497833
rahmanmariyam,"Warna:cock
Ukuran:pas sesuai
Kenyamanan:mantaf

Jgn ragu untuk membeli di seler ini",5,0,1745230268,warna cock ukuran pas sesuai kenyamanan mantaf jgn ragu untuk membeli di seler ini,warna cock ukuran pas sesuai kenyamanan mantaf jgn ragu untuk membeli di seler ini,14,positive,0.27156344056129456
suksesberkarir515,"Warna:Hitam Doff
Ukuran:paa
Kenyamanan:nayaman

Thaks seller ramah psking aman barng mewah",5,0,1739057640,warna hitam doff ukuran paa kenyamanan nayaman thaks seller ramah psking aman barng mewah,warna hitam doff ukuran paa kenyamanan nayaman thaks seller ramah psking aman barng mewah,14,label_3,0.2760719954967499
wisnusanti1990,trm ksh,5,0,1730605058,trm ksh,trm ksh,2,positive,0.2867330312728882
agus_amirullah05081994,"Warna:sesuai dengan gambar
Ukuran:L
Kenyamanan:nyaman dan ringan

sangat keren, PUAS dengan hasil pesanan nya 
tidak ada yg cacat, maupun pecah",5,0,1745215449,warna sesuai dengan gambar ukuran l kenyamanan nyaman dan ringan sangat keren puas dengan hasil pesanan nya tidak ada yg cacat maupun pecah,warna sesuai dengan gambar ukuran l kenyamanan nyaman dan ringan sangat keren puas dengan hasil pesanan nya tidak ada yg cacat maupun pecah,23,positive,0.2807265818119049
nanaristikaharyanto,"Warna:sesuai
Ukuran:pas
Kenyamanan:standart",5,0,1754628682,warna sesuai ukuran pas kenyamanan standart,warna sesuai ukuran pas kenyamanan standart,6,label_3,0.2816466987133026
muhammadfahjar,"Warna:abu
Ukuran:L
Kenyamanan:baik",5,0,1756565781,warna abu ukuran l kenyamanan baik,warna abu ukuran l kenyamanan baik,6,label_3,0.2736485004425049
radihandika425,"Warna:Hitam Dov
Ukuran:M
Kenyamanan:Nyaman

Packing nya kurang bagus",4,0,1741316123,warna hitam dov ukuran m kenyamanan nyaman packing nya kurang bagus,warna hitam dov ukuran m kenyamanan nyaman packing nya kurang bagus,11,positive,0.2819209396839142
yaya1808470,"Warna:bagus
Ukuran:pas
Kenyamanan:nyaman",5,0,1737352414,warna bagus ukuran pas kenyamanan nyaman,warna bagus ukuran pas kenyamanan nyaman,6,label_3,0.3027242124080658
k0c3tft1za,"Warna:pas
Ukuran:pas
Kenyamanan:sangat nyaman",5,0,1738892666,warna pas ukuran pas kenyamanan sangat nyaman,warna pas ukuran pas kenyamanan sangat nyaman,7,label_3,0.2653888165950775
syahibiputrabungsu,"Warna:bagus
Ukuran:pas
Kenyamanan:nyaman dipakai

Rekomendasi buat yg cari helm, udh order ke 2X tdk mengecewakan",5,0,1749342330,warna bagus ukuran pas kenyamanan nyaman dipakai rekomendasi buat yg cari helm udh order ke 2x tdk mengecewakan,warna bagus ukuran pas kenyamanan nyaman dipakai rekomendasi buat yg cari helm udh order ke 2x tdk mengecewakan,18,positive,0.2724738121032715
d*****o,"Warna:ok
Ukuran:sesuai pas ok
Kenyamanan:ringan dan nyaman dipakai

Biarkan ⭐⭐⭐⭐⭐ yg bicara. Terimakasih seller sukses terus utk tokonya berkah amin🤲",5,0,1746014677,warna ok ukuran sesuai pas ok kenyamanan ringan dan nyaman dipakai biarkan yg bicara terimakasih seller sukses terus utk tokonya berkah amin,warna ok ukuran sesuai pas ok kenyamanan ringan dan nyaman dipakai biarkan yg bicara terimakasih seller sukses terus utk tokonya berkah amin,22,positive,0.27242231369018555
qzvxtuudrq,"Warna:hitam glossy
Ukuran:XL
Kenyamanan:sangat nyaman",5,0,1741414517,warna hitam glossy ukuran xl kenyamanan sangat nyaman,warna hitam glossy ukuran xl kenyamanan sangat nyaman,8,label_3,0.2756626605987549
hizqilkhoirulazam,"Barang bagus,tp sayang Bagian Kaca nya ada yg tergores..",4,0,1745633501,barang bagus tp sayang bagian kaca nya ada yg tergores,barang bagus tp sayang bagian kaca nya ada yg tergores,10,label_3,0.31601643562316895
opik_ismail,"Warna:nice
Ukuran:pas M..utk anak es'em'a
Kenyamanan:worth it utk harga segini",5,0,1746050610,warna nice ukuran pas m utk anak es em a kenyamanan worth it utk harga segini,warna nice ukuran pas m utk anak es em a kenyamanan worth it utk harga segini,16,positive,0.277920663356781
ahmad_baihaki230,"Warna:memiliki pigmen yg bagus
Ukuran:pas dikepala
Kenyamanan:sangat nyaman

Produk berkualitas",5,0,1741477800,warna memiliki pigmen yg bagus ukuran pas dikepala kenyamanan sangat nyaman produk berkualitas,warna memiliki pigmen yg bagus ukuran pas dikepala kenyamanan sangat nyaman produk berkualitas,13,positive,0.25911402702331543
subhan121,"Warna:sesuai
Ukuran:pas
Kenyamanan:lumayan nyaman

okelah untuk harga segitu, real pict.",5,0,1742954493,warna sesuai ukuran pas kenyamanan lumayan nyaman okelah untuk harga segitu real pict,warna sesuai ukuran pas kenyamanan lumayan nyaman okelah untuk harga segitu real pict,13,label_3,0.2632506787776947
arifrahmanbndng,Helm bagus dan murah,5,0,1732165925,helm bagus dan murah,helm bagus dan murah,4,label_3,0.2556641697883606
septiramadhani291,"Warna:bagus sesuai dgn pesanan
Ukuran:XL
Kenyamanan:nyaman d pakai

Toko amanah the best pokonya",5,0,1742290452,warna bagus sesuai dgn pesanan ukuran xl kenyamanan nyaman d pakai toko amanah the best pokonya,warna bagus sesuai dgn pesanan ukuran xl kenyamanan nyaman d pakai toko amanah the best pokonya,16,label_3,0.2742024064064026
alhakimarifin,"Warna:sesuai pesanan saya
Ukuran:sesuai pesanan saya
Kenyamanan:nyaman

Terima kasih sudah sangat amanah",5,0,1745663516,warna sesuai pesanan saya ukuran sesuai pesanan saya kenyamanan nyaman terima kasih sudah sangat amanah,warna sesuai pesanan saya ukuran sesuai pesanan saya kenyamanan nyaman terima kasih sudah sangat amanah,15,positive,0.31606757640838623
r*****6,"Warna:pigmen menarik
Ukuran:ukuran produk pas dengan kepala
Kenyamanan:sangat nyaman dipakai",5,0,1736309539,warna pigmen menarik ukuran ukuran produk pas dengan kepala kenyamanan sangat nyaman dipakai,warna pigmen menarik ukuran ukuran produk pas dengan kepala kenyamanan sangat nyaman dipakai,13,label_3,0.25761011242866516
fitriwidur123,"Warna:sesuai gambar
Ukuran:pas
Kenyamanan:nyaman di pake

Beli buat ponakan yg sudah di sunat
Maaf nda saya foto soalnya lgsung sya kirim ke Yogya.",5,0,1748248064,warna sesuai gambar ukuran pas kenyamanan nyaman di pake beli buat ponakan yg sudah di sunat maaf nda saya foto soalnya lgsung sya kirim ke yogya,warna sesuai gambar ukuran pas kenyamanan nyaman di pake beli buat ponakan yg sudah di sunat maaf nda saya foto soalnya lgsung sya kirim ke yogya,26,positive,0.30000999569892883
asenue742,"Warna:sangat bagus dan sesuai dengan gambar
Ukuran:pas dan sesuai
Kualitas:sangat baik",5,0,1734604953,warna sangat bagus dan sesuai dengan gambar ukuran pas dan sesuai kualitas sangat baik,warna sangat bagus dan sesuai dengan gambar ukuran pas dan sesuai kualitas sangat baik,14,positive,0.2721560597419739
siti_rohmah38,"Warna:pas
Ukuran:passs
Kenyamanan:nyaman

Kwalitas barang sesuai dengan harga mantap lah",5,0,1746659065,warna pas ukuran passs kenyamanan nyaman kwalitas barang sesuai dengan harga mantap lah,warna pas ukuran passs kenyamanan nyaman kwalitas barang sesuai dengan harga mantap lah,13,positive,0.296968936920166
h*****1,"Warna:sesuai
Ukuran:minta ukuran M tapi knpa ko kya ukuran L besar
Kenyamanan:lumayan lah",5,0,1739197883,warna sesuai ukuran minta ukuran m tapi knpa ko kya ukuran l besar kenyamanan lumayan lah,warna sesuai ukuran minta ukuran m tapi knpa ko kya ukuran l besar kenyamanan lumayan lah,16,positive,0.326076865196228
angguncell_olshop,"Warna:bagus, cocok dan sy suka
Ukuran:pas bgt, cocok dgn apa yg sy mau
Kenyamanan:mantap, ringan dipakai.",5,0,1736699774,warna bagus cocok dan sy suka ukuran pas bgt cocok dgn apa yg sy mau kenyamanan mantap ringan dipakai,warna bagus cocok dan sy suka ukuran pas bgt cocok dgn apa yg sy mau kenyamanan mantap ringan dipakai,19,label_3,0.2707907259464264
joko080421,"Warna:bagus
Ukuran:pas sesuai yg di minta
Kenyamanan:sangat nyaman di pakai

Terima kasih buat penjualnya,,mantaaap helmnya,,hai gais beli helm cukup memuaskan",5,0,1736744831,warna bagus ukuran pas sesuai yg di minta kenyamanan sangat nyaman di pakai terima kasih buat penjualnya mantaaap helmnya hai gais beli helm cukup memuaskan,warna bagus ukuran pas sesuai yg di minta kenyamanan sangat nyaman di pakai terima kasih buat penjualnya mantaaap helmnya hai gais beli helm cukup memuaskan,25,positive,0.28664615750312805
faizol.sherly,"Warna:Doff.. Bagus Kaliiii
Ukuran:Pas yg ke Istri.. Yg ke saya kurang besar.. Padahal pesen XL
Kenyamanan:Nyaman Kaiii

Pelayanan sangat baik.. Pengiriman sangat baik.. Intinya sama sekali tak nyesel, tak ragu melleh di Toko ini.. Kereenn..",5,0,1739192654,warna doff bagus kaliiii ukuran pas yg ke istri yg ke saya kurang besar padahal pesen xl kenyamanan nyaman kaiii pelayanan sangat baik pengiriman sangat baik intinya sama sekali tak nyesel tak ragu melleh di toko ini kereenn,warna doff bagus kaliiii ukuran pas yg ke istri yg ke saya kurang besar padahal pesen xl kenyamanan nyaman kaiii pelayanan sangat baik pengiriman sangat baik intinya sama sekali tak nyesel tak ragu melleh di toko ini kereenn,38,positive,0.3423551321029663
chandra30pratama,"Warna:Sesuai dengan gambar
Ukuran:pas untuk ukuran saya
Kenyamanan:nyaman dipakai

Barang sesuai pesanan tanpa lecet",5,0,1750069972,warna sesuai dengan gambar ukuran pas untuk ukuran saya kenyamanan nyaman dipakai barang sesuai pesanan tanpa lecet,warna sesuai dengan gambar ukuran pas untuk ukuran saya kenyamanan nyaman dipakai barang sesuai pesanan tanpa lecet,17,positive,0.2987724244594574
mumuhdani,"Warna:bagus banget warna mengkilap
Ukuran:pas di kepala
Kenyamanan:sangat amat nyaman

Pokoknya best👍",5,0,1746699189,warna bagus banget warna mengkilap ukuran pas di kepala kenyamanan sangat amat nyaman pokoknya best,warna bagus banget warna mengkilap ukuran pas di kepala kenyamanan sangat amat nyaman pokoknya best,15,positive,0.31484684348106384
suro040321,Alhamdulillah bagus,5,0,1742279635,alhamdulillah bagus,alhamdulillah bagus,2,label_3,0.2779408097267151
duul12,"Warna:Bagus
Ukuran:Pas
Kenyamanan:Okeh

Bagus.. Tapi dari segi kurir aja yg kurang.. Makasih seller..",5,0,1738710209,warna bagus ukuran pas kenyamanan okeh bagus tapi dari segi kurir aja yg kurang makasih seller,warna bagus ukuran pas kenyamanan okeh bagus tapi dari segi kurir aja yg kurang makasih seller,16,label_3,0.2770939767360687
d*****9,"Warna:bafus
Ukuran:pas
Kenyamanan:lumayan

Lumayan Sesuai harga. Awalnya pengiriman cepat tgl 1 pesen tgl 2 udh di Purwokerto.eh giliran dri Purwokerto ke tempat saya sampe 4 hari🤦‍♂️. Kapok pake si cepat ke daerah saya.",5,0,1754629593,warna bafus ukuran pas kenyamanan lumayan lumayan sesuai harga awalnya pengiriman cepat tgl 1 pesen tgl 2 udh di purwokerto eh giliran dri purwokerto ke tempat saya sampe 4 hari kapok pake si cepat ke daerah saya,warna bafus ukuran pas kenyamanan lumayan lumayan sesuai harga awalnya pengiriman cepat tgl 1 pesen tgl 2 udh di purwokerto eh giliran dri purwokerto ke tempat saya sampe 4 hari kapok pake si cepat ke daerah saya,37,positive,0.3100433647632599
sulistiyono210,Mantabb,5,0,1736136133,mantabb,mantabb,1,positive,0.2844410836696625
yaniimanuelnenometa,"Warna:abu abu
Ukuran:pas dan sesuai
Kenyamanan:sangat nyaman saat di pakai",5,0,1736399523,warna abu abu ukuran pas dan sesuai kenyamanan sangat nyaman saat di pakai,warna abu abu ukuran pas dan sesuai kenyamanan sangat nyaman saat di pakai,13,positive,0.26212552189826965
g5mat33b8w,"Warna:ok
Ukuran:pas
Kenyamanan:sangat nyaman di pakai

Trims kak paket udah nyampek dgn aman dan terpercaya",5,0,1746247898,warna ok ukuran pas kenyamanan sangat nyaman di pakai trims kak paket udah nyampek dgn aman dan terpercaya,warna ok ukuran pas kenyamanan sangat nyaman di pakai trims kak paket udah nyampek dgn aman dan terpercaya,18,positive,0.29205864667892456
aryawiralodra473,Sesuai dengan pesanan barangnya oke makasih 👍👍👍,5,0,1752310296,sesuai dengan pesanan barangnya oke makasih,sesuai dengan pesanan barangnya oke makasih,6,positive,0.292658269405365
danishito18,"Warna:bagus sesuai
Ukuran:pas
Kenyamanan:pas

untuk yg rangka tambahannya bagus sih bisa dibongkar pasang tp menurut sy lebih bagus di pasang dan dikasih pengerat di semua sisinya tidak hanya di tengah saja",5,0,1751601367,warna bagus sesuai ukuran pas kenyamanan pas untuk yg rangka tambahannya bagus sih bisa dibongkar pasang tp menurut sy lebih bagus di pasang dan dikasih pengerat di semua sisinya tidak hanya di tengah saja,warna bagus sesuai ukuran pas kenyamanan pas untuk yg rangka tambahannya bagus sih bisa dibongkar pasang tp menurut sy lebih bagus di pasang dan dikasih pengerat di semua sisinya tidak hanya di tengah saja,34,positive,0.2600841224193573
z*****6,"Warna:putih
Ukuran:pas

Bagus, sesuai dengan yang di gambar, ringan dan packing nya juga aman 👍",5,0,1739404391,warna putih ukuran pas bagus sesuai dengan yang di gambar ringan dan packing nya juga aman,warna putih ukuran pas bagus sesuai dengan yang di gambar ringan dan packing nya juga aman,16,label_3,0.2629423439502716
irfancranyi,Cantik,5,0,1745417191,cantik,cantik,1,positive,0.27534615993499756
davidricardojs,,5,0,1757645621,,,1,positive,0.27766895294189453
lagatapetshop,,5,0,1754496064,,,1,positive,0.27766895294189453
yogipbk898,,5,0,1756693988,,,1,positive,0.27766895294189453
muhammadyassin91,,5,0,1754401815,,,1,positive,0.27766895294189453
ryandadut,"Warna:sesuai predijsi
Ukuran:pas dan bagus
Kenyamanan:ringan dan nyaman dikepala

Sesuai ekspetasi dan harga.. 
Mantap",5,0,1745227715,warna sesuai predijsi ukuran pas dan bagus kenyamanan ringan dan nyaman dikepala sesuai ekspetasi dan harga mantap,warna sesuai predijsi ukuran pas dan bagus kenyamanan ringan dan nyaman dikepala sesuai ekspetasi dan harga mantap,17,positive,0.27379724383354187
r*****s,,5,0,1754106786,,,1,positive,0.27766895294189453
h4f_id.,"Warna:sesuai
Ukuran:ga jelas, L tapi sempit
Kenyamanan:busanya ga tebal

Tapi ya sudah lah, dengan harga segitu ya wajar, tapi tidak sesuai ekspektasi, tidak semenarik iklannya, pengirim ga seramah expedisi lain, cuma ngasih barang, pergi begitu saja ga ada basa basi ucapan",1,18,1752925755,warna sesuai ukuran ga jelas l tapi sempit kenyamanan busanya ga tebal tapi ya sudah lah dengan harga segitu ya wajar tapi tidak sesuai ekspektasi tidak semenarik iklannya pengirim ga seramah expedisi lain cuma ngasih barang pergi begitu saja ga ada basa basi ucapan,warna sesuai ukuran ga jelas l tapi sempit kenyamanan busanya ga tebal tapi ya sudah lah dengan harga segitu ya wajar tapi tidak sesuai ekspektasi tidak semenarik iklannya pengirim ga seramah expedisi lain cuma ngasih barang pergi begitu saja ga ada basa basi ucapan,44,positive,0.25973793864250183
irfanfebian111,"Warna:ok
Ukuran:kurang pas
Kenyamanan:sesuai harga

Hlem nya bagus cuma salah pilih ukuran tapi keren si helm nya 👍😇",5,0,1737293915,warna ok ukuran kurang pas kenyamanan sesuai harga hlem nya bagus cuma salah pilih ukuran tapi keren si helm nya,warna ok ukuran kurang pas kenyamanan sesuai harga hlem nya bagus cuma salah pilih ukuran tapi keren si helm nya,20,positive,0.2958002984523773
kikirizkiyah1604,"Warna:ok
Kenyamanan:bagus sesuai",5,0,1760088239,warna ok kenyamanan bagus sesuai,warna ok kenyamanan bagus sesuai,5,label_3,0.3061079978942871
xzesss,"Warna:bagus
Ukuran:pas
Berat:nyaman di pakai

Dari keseluruhan bagus banget menurut saya sesuai harga,tapi hanya 1 yg saya permasalahan yaitu ada nya lecet di beberapa bagian helm hanya beberapa, walaupun kecil kecil tapi itu mengganggu saya sebagai customer yang menggunakan barang baru.selebih nya sudah sangat sesuai harapan.terima kasih",5,0,1735549079,warna bagus ukuran pas berat nyaman di pakai dari keseluruhan bagus banget menurut saya sesuai harga tapi hanya 1 yg saya permasalahan yaitu ada nya lecet di beberapa bagian helm hanya beberapa walaupun kecil kecil tapi itu mengganggu saya sebagai customer yang menggunakan barang baru selebih nya sudah sangat sesuai harapan terima kasih,warna bagus ukuran pas berat nyaman di pakai dari keseluruhan bagus banget menurut saya sesuai harga tapi hanya 1 yg saya permasalahan yaitu ada nya lecet di beberapa bagian helm hanya beberapa walaupun kecil kecil tapi itu mengganggu saya sebagai customer yang menggunakan barang baru selebih nya sudah sangat sesuai harapan terima kasih,53,positive,0.32916656136512756
nteeliaa,"Bagus sesuai dengan pesanan,dan pas sekali 
Sesuai dengan harga semoga awet lah🙏",5,0,1741506532,bagus sesuai dengan pesanan dan pas sekali sesuai dengan harga semoga awet lah,bagus sesuai dengan pesanan dan pas sekali sesuai dengan harga semoga awet lah,13,positive,0.28311866521835327
tifahlatifah372,"Warna:bagus
Ukuran:pas
Kenyamanan:sangat nyamat dan ringan

bagus hlm nya cakep.",5,0,1747274488,warna bagus ukuran pas kenyamanan sangat nyamat dan ringan bagus hlm nya cakep,warna bagus ukuran pas kenyamanan sangat nyamat dan ringan bagus hlm nya cakep,13,positive,0.3042643964290619
adammaulana12519,Sumpah ganteng x helm nya ☺,5,0,1742279407,sumpah ganteng x helm nya,sumpah ganteng x helm nya,5,positive,0.3352869749069214
rockhim89,mantap,5,0,1742718830,mantap,mantap,1,positive,0.2676052749156952
iconkcutte,"Warna:white
Ukuran:pas
Kenyamanan:sangat nyaman sesuai

Sesuai banget yg Dateng nya promonya mantap",5,0,1740035861,warna white ukuran pas kenyamanan sangat nyaman sesuai sesuai banget yg dateng nya promonya mantap,warna white ukuran pas kenyamanan sangat nyaman sesuai sesuai banget yg dateng nya promonya mantap,15,positive,0.2792314887046814
abassupriyanto950,"Warna:sangat bagus
Ukuran:sesuai ekspektasi
Kenyamanan:mantap sekali pas, oke",5,0,1754481353,warna sangat bagus ukuran sesuai ekspektasi kenyamanan mantap sekali pas oke,warna sangat bagus ukuran sesuai ekspektasi kenyamanan mantap sekali pas oke,11,positive,0.30060338973999023
kicksolo,Sip sip mantep,5,0,1750287812,sip sip mantep,sip sip mantep,3,label_3,0.2716967761516571
h*****a,"Warna:kuning sesuai pesanan
Ukuran:pas mantap sesuai
Kenyamanan:nyaman pas Ama pala

Toko bagus grecep
Walaupun flashsale tetep ga di kirim asal",5,0,1746985323,warna kuning sesuai pesanan ukuran pas mantap sesuai kenyamanan nyaman pas ama pala toko bagus grecep walaupun flashsale tetep ga di kirim asal,warna kuning sesuai pesanan ukuran pas mantap sesuai kenyamanan nyaman pas ama pala toko bagus grecep walaupun flashsale tetep ga di kirim asal,23,label_3,0.2958661913871765
dikaradika826,"Warna:putih
Ukuran:L
Kenyamanan:sangat nyaman

barang bagus dan sampai dengan aman",5,0,1746257438,warna putih ukuran l kenyamanan sangat nyaman barang bagus dan sampai dengan aman,warna putih ukuran l kenyamanan sangat nyaman barang bagus dan sampai dengan aman,13,positive,0.279255211353302
dikhapratama383,"Warna:sesuai yang dipoto
Ukuran:pas sesuai ukurannya
Kenyamanan:enak banget pemakaian nya",5,0,1748423012,warna sesuai yang dipoto ukuran pas sesuai ukurannya kenyamanan enak banget pemakaian nya,warna sesuai yang dipoto ukuran pas sesuai ukurannya kenyamanan enak banget pemakaian nya,13,positive,0.2839559316635132
a*****t,Harga sesuai kualitas 👍,5,0,1746874967,harga sesuai kualitas,harga sesuai kualitas,3,positive,0.2652440369129181
tahridtahrid,"Warna:hitam dop
Ukuran:pas
Kualitas:lumayan keren

Desainya keren yang kurang cuma bagian interior yang di lem bagian belakang agak kurang lem nya tapi secara model dan ketahanan keren banget deh pokoknya enak di pakai harian juga",4,0,1735726127,warna hitam dop ukuran pas kualitas lumayan keren desainya keren yang kurang cuma bagian interior yang di lem bagian belakang agak kurang lem nya tapi secara model dan ketahanan keren banget deh pokoknya enak di pakai harian juga,warna hitam dop ukuran pas kualitas lumayan keren desainya keren yang kurang cuma bagian interior yang di lem bagian belakang agak kurang lem nya tapi secara model dan ketahanan keren banget deh pokoknya enak di pakai harian juga,38,positive,0.2908729910850525
a*****7,"Warna:doff
Ukuran:m
Kenyamanan:pas dan nyaman

Semoga awet ..over all bagus... Sesuae harga...",5,0,1736062651,warna doff ukuran m kenyamanan pas dan nyaman semoga awet over all bagus sesuae harga,warna doff ukuran m kenyamanan pas dan nyaman semoga awet over all bagus sesuae harga,15,positive,0.2845752239227295
aldiyansahh027,Baguus,5,0,1736771513,baguus,baguus,1,positive,0.2950543165206909
sandiprayogaswp,"Warna:sesuai dengan gambar
Ukuran:ukuran pas buat tinggi saya 160
Kenyamanan:ringan dan keren

Terima kasih sudah amanah🙏",5,0,1741771076,warna sesuai dengan gambar ukuran ukuran pas buat tinggi saya 160 kenyamanan ringan dan keren terima kasih sudah amanah,warna sesuai dengan gambar ukuran ukuran pas buat tinggi saya 160 kenyamanan ringan dan keren terima kasih sudah amanah,19,positive,0.3223280906677246
coco1879,"Warna:keren hitam doffnya 👍🏼
Ukuran:sesuai dan nyaman di kepala (size XL)
Kenyamanan:sangat nyaman",5,0,1738912688,warna keren hitam doffnya ukuran sesuai dan nyaman di kepala size xl kenyamanan sangat nyaman,warna keren hitam doffnya ukuran sesuai dan nyaman di kepala size xl kenyamanan sangat nyaman,15,positive,0.29516837000846863
danihamble,"Warna:hitam doff
Ukuran:size L
Kenyamanan:sangat nyaman di pakai

Barang oke kualitas mantap.. Sudah SNI
  Pakingan oke terjamin",5,0,1736852346,warna hitam doff ukuran size l kenyamanan sangat nyaman di pakai barang oke kualitas mantap sudah sni pakingan oke terjamin,warna hitam doff ukuran size l kenyamanan sangat nyaman di pakai barang oke kualitas mantap sudah sni pakingan oke terjamin,20,positive,0.2980305254459381
akodir1806,"Warna:memiliki pigmen warna yg bagus
Ukuran:pas d kepala n sangat nyaman
Kenyamanan:ringan n nyaman saat d pakai",5,0,1744818391,warna memiliki pigmen warna yg bagus ukuran pas d kepala n sangat nyaman kenyamanan ringan n nyaman saat d pakai,warna memiliki pigmen warna yg bagus ukuran pas d kepala n sangat nyaman kenyamanan ringan n nyaman saat d pakai,20,positive,0.25307220220565796
ifdarusakel,"Warna:bagus
Ukuran:pas
Kenyamanan:nyaman lumayan enteng

saya ubah penilayan nya karna baru di pake 2 bulan itu pun jarang di pake nya baru akhir akhir ini aja eh malah patah bagian kanan tempat buka tutup helem nya berarti barang nya jelek",1,0,1749003980,warna bagus ukuran pas kenyamanan nyaman lumayan enteng saya ubah penilayan nya karna baru di pake 2 bulan itu pun jarang di pake nya baru akhir akhir ini aja eh malah patah bagian kanan tempat buka tutup helem nya berarti barang nya jelek,warna bagus ukuran pas kenyamanan nyaman lumayan enteng saya ubah penilayan nya karna baru di pake 2 bulan itu pun jarang di pake nya baru akhir akhir ini aja eh malah patah bagian kanan tempat buka tutup helem nya berarti barang nya jelek,43,positive,0.3010982871055603
a*****e,"Warna:hitam doff
Ukuran:M
Kenyamanan:nyaman dipakai

Pemgiriman cepat dan aman,kualitas barang bagus fashion nya dapat",5,0,1738542223,warna hitam doff ukuran m kenyamanan nyaman dipakai pemgiriman cepat dan aman kualitas barang bagus fashion nya dapat,warna hitam doff ukuran m kenyamanan nyaman dipakai pemgiriman cepat dan aman kualitas barang bagus fashion nya dapat,18,positive,0.30452868342399597
jvnludga9p,Lecet dikit. Tapi lumayan lah,3,0,1748254185,lecet dikit tapi lumayan lah,lecet dikit tapi lumayan lah,5,positive,0.31717342138290405
rqw_vjht8y,Sangat bagus👍👍👍,5,0,1738148117,sangat bagus,sangat bagus,2,positive,0.2574421167373657
brey_5ury4,Udh mendarat,5,0,1756567531,udh mendarat,udh mendarat,2,label_3,0.2740882933139801
zulhamabid,Okke👍👍👍👍,5,0,1748168165,okke,okke,1,positive,0.27857574820518494
mandiriprinting718,Bagus banget22222,5,0,1735977357,bagus banget22222,bagus banget22222,2,positive,0.30188819766044617
anthonpenturyc,"Warna:memiliki pigmen yg bagus
Ukuran:pas di kepala dan nyaman
Kenyamanan:ringan di kepala, nyaman di pake",5,0,1741599471,warna memiliki pigmen yg bagus ukuran pas di kepala dan nyaman kenyamanan ringan di kepala nyaman di pake,warna memiliki pigmen yg bagus ukuran pas di kepala dan nyaman kenyamanan ringan di kepala nyaman di pake,18,positive,0.2649206519126892
rodo1988,"Warna:black dop
Ukuran:xl
Kenyamanan:pres

Sampai juga helm nya dengan selamat tampa ada cacat sedikit pun..makash seler dan kurir nya barang datang tampa ada kekurangan",5,0,1744961888,warna black dop ukuran xl kenyamanan pres sampai juga helm nya dengan selamat tampa ada cacat sedikit pun makash seler dan kurir nya barang datang tampa ada kekurangan,warna black dop ukuran xl kenyamanan pres sampai juga helm nya dengan selamat tampa ada cacat sedikit pun makash seler dan kurir nya barang datang tampa ada kekurangan,28,positive,0.3170890808105469
jdxry2q4pn,mantap pokona mah,5,0,1737782030,mantap pokona mah,mantap pokona mah,3,label_3,0.3068063259124756
addryanaddryan,"Warna:bagus bnget
Ukuran:ukurannya pas sesuai ukuran kepala
Kenyamanan:dari ukuran gk terlalu besar dan gak berat..nyaman pas pake",5,0,1736145731,warna bagus bnget ukuran ukurannya pas sesuai ukuran kepala kenyamanan dari ukuran gk terlalu besar dan gak berat nyaman pas pake,warna bagus bnget ukuran ukurannya pas sesuai ukuran kepala kenyamanan dari ukuran gk terlalu besar dan gak berat nyaman pas pake,21,positive,0.29934728145599365
aozorautsuksh,"Warna:grey doff
Ukuran:M
Kenyamanan:sangat nyaman

pengirimannya kurang, soalnya nunggu sampe 1 minggu lebih, klo untuk barangnya memuaskan",5,0,1751435715,warna grey doff ukuran m kenyamanan sangat nyaman pengirimannya kurang soalnya nunggu sampe 1 minggu lebih klo untuk barangnya memuaskan,warna grey doff ukuran m kenyamanan sangat nyaman pengirimannya kurang soalnya nunggu sampe 1 minggu lebih klo untuk barangnya memuaskan,20,positive,0.28083938360214233
wahyudi25071995,Hlem yang baguss,5,0,1737849764,hlem yang baguss,hlem yang baguss,3,positive,0.31448259949684143
m*****8,"Warna:bagus
Ukuran:pas
Kualitas:bagus kualitas murah tapi tidak murahan 10/10 dari saya bagus banget",5,0,1735570987,warna bagus ukuran pas kualitas bagus kualitas murah tapi tidak murahan 10 10 dari saya bagus banget,warna bagus ukuran pas kualitas bagus kualitas murah tapi tidak murahan 10 10 dari saya bagus banget,17,positive,0.29937583208084106
dikamahesaputra,"Warna:mint
Ukuran:M
Kenyamanan:nyaman

Alhamdulillah.barang sudah sampai.terimakasih seller. 
,, saya beli,, 
Nyanggakeun artosna, nampi barangna",5,0,1742552239,warna mint ukuran m kenyamanan nyaman alhamdulillah barang sudah sampai terimakasih seller saya beli nyanggakeun artosna nampi barangna,warna mint ukuran m kenyamanan nyaman alhamdulillah barang sudah sampai terimakasih seller saya beli nyanggakeun artosna nampi barangna,18,positive,0.3164501190185547
ananfarizki,"Warna:okeh
Ukuran:okeh
Kenyamanan:okeh

gila pengirimannya lama benerr, pesen tgl 8, nyampenya tgl 15, tapi kualitas okelah di harga segitu, kalo bisa pengantaran lebih cepet dikit lah, hampir seminggu apaan dah",5,0,1739679274,warna okeh ukuran okeh kenyamanan okeh gila pengirimannya lama benerr pesen tgl 8 nyampenya tgl 15 tapi kualitas okelah di harga segitu kalo bisa pengantaran lebih cepet dikit lah hampir seminggu apaan dah,warna okeh ukuran okeh kenyamanan okeh gila pengirimannya lama benerr pesen tgl 8 nyampenya tgl 15 tapi kualitas okelah di harga segitu kalo bisa pengantaran lebih cepet dikit lah hampir seminggu apaan dah,33,positive,0.31491100788116455
aramandalika797,"Mantap kondisi nya , keren tampilan nya",4,0,1741319789,mantap kondisi nya keren tampilan nya,mantap kondisi nya keren tampilan nya,6,label_3,0.3036239743232727
willyf27,"lebih baik untuk mengukur dulu ukuran kepala agar tidak terlalu sempit, tapi untuk harga segini sangat worth to buy🙏🏿",5,0,1741314296,lebih baik untuk mengukur dulu ukuran kepala agar tidak terlalu sempit tapi untuk harga segini sangat worth to buy,lebih baik untuk mengukur dulu ukuran kepala agar tidak terlalu sempit tapi untuk harga segini sangat worth to buy,19,positive,0.2501809895038605
sahrulsahrul319,,3,0,1742467987,,,1,positive,0.27766895294189453
fachalubis,Mantabb bossku,5,0,1735933893,mantabb bossku,mantabb bossku,2,positive,0.2846888601779938
alfin_ngaberss02,"mantap, keren",5,0,1740490869,mantap keren,mantap keren,2,label_3,0.27333444356918335
riyanpakai,"Ukuran:mantap
Durabilitas:produk baik
Desain:bagus

Sangat puas",5,0,1731556252,ukuran mantap durabilitas produk baik desain bagus sangat puas,ukuran mantap durabilitas produk baik desain bagus sangat puas,9,positive,0.2717524468898773
arifinlex505,"Warna:sesuai
Ukuran:pas
Kenyamanan:nyaman d pake

datang cepat barang bagus 👍👍",5,0,1738218174,warna sesuai ukuran pas kenyamanan nyaman d pake datang cepat barang bagus,warna sesuai ukuran pas kenyamanan nyaman d pake datang cepat barang bagus,12,label_3,0.29386696219444275
d*****0,"Warna:bagus
Ukuran:pas dan sesuai
Kenyamanan:sangat nyaman di pakai karena ringan",5,0,1739937670,warna bagus ukuran pas dan sesuai kenyamanan sangat nyaman di pakai karena ringan,warna bagus ukuran pas dan sesuai kenyamanan sangat nyaman di pakai karena ringan,13,positive,0.2774081528186798
elandrisani,"Warna:sngat Bagu Sesuai di foto
Ukuran:L.Pas Di Kepala
Kenyamanan:Sngat Nyaman",5,0,1744901321,warna sngat bagu sesuai di foto ukuran l pas di kepala kenyamanan sngat nyaman,warna sngat bagu sesuai di foto ukuran l pas di kepala kenyamanan sngat nyaman,14,label_3,0.2916553318500519
dandiramdhani477,Ntap min,5,0,1757150753,ntap min,ntap min,2,positive,0.30799996852874756
shihab.azhar,"Warna:hitam glossy mengkilap
Ukuran:pas
Kenyamanan:nyaman banget

Pengiriman nya terlalu lama sampe hampir seminggu",5,0,1749550348,warna hitam glossy mengkilap ukuran pas kenyamanan nyaman banget pengiriman nya terlalu lama sampe hampir seminggu,warna hitam glossy mengkilap ukuran pas kenyamanan nyaman banget pengiriman nya terlalu lama sampe hampir seminggu,16,label_3,0.28518709540367126
arstore.id26,"Warna:sesuai
Ukuran:pas
Kenyamanan:pass

Tidak ada yg cacat barang di terima dengan baik",5,0,1741585464,warna sesuai ukuran pas kenyamanan pass tidak ada yg cacat barang di terima dengan baik,warna sesuai ukuran pas kenyamanan pass tidak ada yg cacat barang di terima dengan baik,15,positive,0.261499285697937
hardiboyz10,"Warna:sesuai pesanan
Ukuran:pas
Kenyamanan:lumayan bagus dengan harga segitu

Barang sesuai pesanan tapi pengiriman nya lama bgt",5,0,1736771494,warna sesuai pesanan ukuran pas kenyamanan lumayan bagus dengan harga segitu barang sesuai pesanan tapi pengiriman nya lama bgt,warna sesuai pesanan ukuran pas kenyamanan lumayan bagus dengan harga segitu barang sesuai pesanan tapi pengiriman nya lama bgt,19,label_3,0.2875394821166992
fadlinugroho580,"Warna:sangat bagus dan sesuai dengan gambar
Ukuran:pas dan sesuai
Kenyamanan:sangat nyaman saat dikenakan",5,0,1740983340,warna sangat bagus dan sesuai dengan gambar ukuran pas dan sesuai kenyamanan sangat nyaman saat dikenakan,warna sangat bagus dan sesuai dengan gambar ukuran pas dan sesuai kenyamanan sangat nyaman saat dikenakan,16,positive,0.258813738822937
zainulzain400,"Warna:sesuai
Ukuran:ukuran pas, meskipun agak longgar dikit
Kenyamanan:nyaman dan tebal

Mantap sesuai deskripsi",5,0,1744787919,warna sesuai ukuran ukuran pas meskipun agak longgar dikit kenyamanan nyaman dan tebal mantap sesuai deskripsi,warna sesuai ukuran ukuran pas meskipun agak longgar dikit kenyamanan nyaman dan tebal mantap sesuai deskripsi,16,positive,0.27450352907180786
fajarrold,"Warna:baguss
Ukuran:pas
Kenyamanan:nyaman",5,0,1754306039,warna baguss ukuran pas kenyamanan nyaman,warna baguss ukuran pas kenyamanan nyaman,6,label_3,0.30600303411483765
mhdayi509,"Warna:bagus
Ukuran:pas lah
Kenyamanan:baik",5,0,1736653254,warna bagus ukuran pas lah kenyamanan baik,warna bagus ukuran pas lah kenyamanan baik,7,label_3,0.30721315741539
h*****r,"Sesuai harga,tp klo pgn yg kuat dan awet tahan lama,mending yg laen",5,0,1737372216,sesuai harga tp klo pgn yg kuat dan awet tahan lama mending yg laen,sesuai harga tp klo pgn yg kuat dan awet tahan lama mending yg laen,14,label_3,0.28665581345558167
r*****s,"Warna:sangat bagus sesuai dengan gambar
Ukuran:pas di kepala sangat nyaman
Kenyamanan:ringan dan nyaman saat di pakai

Produk sangat bagus",5,0,1749374713,warna sangat bagus sesuai dengan gambar ukuran pas di kepala sangat nyaman kenyamanan ringan dan nyaman saat di pakai produk sangat bagus,warna sangat bagus sesuai dengan gambar ukuran pas di kepala sangat nyaman kenyamanan ringan dan nyaman saat di pakai produk sangat bagus,22,positive,0.2666943669319153
bagussatrioekamurti,Barang sudah sesuai bagus banget sesuai yg di inginkan,5,0,1737711207,barang sudah sesuai bagus banget sesuai yg di inginkan,barang sudah sesuai bagus banget sesuai yg di inginkan,9,label_3,0.2992241680622101
salemhermawan,"Warna:bagus merah marun
Ukuran:XL tp terlalu press
Kenyamanan:nyaman busanya empuk",5,0,1741761161,warna bagus merah marun ukuran xl tp terlalu press kenyamanan nyaman busanya empuk,warna bagus merah marun ukuran xl tp terlalu press kenyamanan nyaman busanya empuk,13,label_3,0.2871144115924835
r39ijuliana,"Warna:warna sesuai
Ukuran:pas banget di kepala
Kenyamanan:terlalu nyaman

Sampai Dengan selamat.harga murah tapi gk murahan..semoga saja bisa awet",5,0,1746755375,warna warna sesuai ukuran pas banget di kepala kenyamanan terlalu nyaman sampai dengan selamat harga murah tapi gk murahan semoga saja bisa awet,warna warna sesuai ukuran pas banget di kepala kenyamanan terlalu nyaman sampai dengan selamat harga murah tapi gk murahan semoga saja bisa awet,23,positive,0.30897971987724304
dira3003,Good...,5,0,1746062759,good,good,1,positive,0.28181886672973633
virgiawanvirgiawan771,"Warna:sesuai pesanan
Ukuran:pas di kepala pas bnget di pakai
Kenyamanan:nyaman",5,0,1742820633,warna sesuai pesanan ukuran pas di kepala pas bnget di pakai kenyamanan nyaman,warna sesuai pesanan ukuran pas di kepala pas bnget di pakai kenyamanan nyaman,13,label_3,0.29770541191101074
ashilah_kurniawan,"Warna:bagus
Ukuran:pass
Kenyamanan:cukup nyaman dan kedap suara

Semoga awet... 👍",5,0,1747824167,warna bagus ukuran pass kenyamanan cukup nyaman dan kedap suara semoga awet,warna bagus ukuran pass kenyamanan cukup nyaman dan kedap suara semoga awet,12,positive,0.275497704744339
j*****6,"Warna:sangat bagus mengkilap
Ukuran:passs
Kenyamanan:sangat nyaman

Sangat recommended, harga terjangkau, kualitas istimewa",5,0,1748911357,warna sangat bagus mengkilap ukuran passs kenyamanan sangat nyaman sangat recommended harga terjangkau kualitas istimewa,warna sangat bagus mengkilap ukuran passs kenyamanan sangat nyaman sangat recommended harga terjangkau kualitas istimewa,15,positive,0.27550554275512695
ade.ragil_setiawan1,Good,5,0,1762769804,good,good,1,positive,0.28181886672973633
deriardiansyah677,"Warna:sesuai pesena
Ukuran:pas
Kenyamanan:enak di pandang dan enak di gunakan",5,0,1744570323,warna sesuai pesena ukuran pas kenyamanan enak di pandang dan enak di gunakan,warna sesuai pesena ukuran pas kenyamanan enak di pandang dan enak di gunakan,13,label_3,0.271417498588562
8abde5bqwd,"Warna:sesuai
Ukuran:pas
Kenyamanan:nyaman aja

kalo pisornya di tutup aman tapi pas di buka si pisornya suka copot sebelah overall bagus cuma di pisornya doang lainkali jangan sampe gitu lagi takutnya patah ngga kuat nahan angin",5,0,1746109360,warna sesuai ukuran pas kenyamanan nyaman aja kalo pisornya di tutup aman tapi pas di buka si pisornya suka copot sebelah overall bagus cuma di pisornya doang lainkali jangan sampe gitu lagi takutnya patah ngga kuat nahan angin,warna sesuai ukuran pas kenyamanan nyaman aja kalo pisornya di tutup aman tapi pas di buka si pisornya suka copot sebelah overall bagus cuma di pisornya doang lainkali jangan sampe gitu lagi takutnya patah ngga kuat nahan angin,38,positive,0.2801961302757263
mhdridwan062,"Warna:cocok
Ukuran:size cocok
Berat:ringan nyaman di kepala

Ada minus sedikit goresan🙏",5,0,1735352617,warna cocok ukuran size cocok berat ringan nyaman di kepala ada minus sedikit goresan,warna cocok ukuran size cocok berat ringan nyaman di kepala ada minus sedikit goresan,14,positive,0.2971966564655304
a*****x,"Warna:memiliki pigmen yang bagus
Ukuran:pas dan sesuai
Kenyamanan:sangat nyaman di pakai",5,0,1741338874,warna memiliki pigmen yang bagus ukuran pas dan sesuai kenyamanan sangat nyaman di pakai,warna memiliki pigmen yang bagus ukuran pas dan sesuai kenyamanan sangat nyaman di pakai,14,positive,0.2586463391780853
amzicolek,"Bagus, andai spoiler nya yang 3d lebih cakep",5,0,1744037027,bagus andai spoiler nya yang 3d lebih cakep,bagus andai spoiler nya yang 3d lebih cakep,8,positive,0.3019649088382721
amorilla_project,"Warna:bagus
Ukuran:sangat tidak pas, minta ukuran m di kirim L
Kenyamanan:longgar

Bahan helm bagus tapi minta M di kirim L padahal udah saya tanyakan sebelum nya, minta tuker tidak boleh, barang saya kembalikan tidak boleh, padahal saya sudah ukur helm ini size L, penjual malah bilang itu yg di kirim size M, kalo size M pasti udah pas di pake, untuk pembeli yang lain, harus berhati - hati beli di sini, pastikan size kamu itu pas, dari pada salah beli, lebih baik cari tempat lain, kan banyak yang jualan helm, bukan di sini aja. pastikan kamu ukur kepala dulu. Hati2 dengan penjual helm yg tidak mau tanggung jawab. Tidak mau membantu customernya cari solusi yg bagus, biar win win solution. Untuk penjual di sini 👎",3,0,1747411059,warna bagus ukuran sangat tidak pas minta ukuran m di kirim l kenyamanan longgar bahan helm bagus tapi minta m di kirim l padahal udah saya tanyakan sebelum nya minta tuker tidak boleh barang saya kembalikan tidak boleh padahal saya sudah ukur helm ini size l penjual malah bilang itu yg di kirim size m kalo size m pasti udah pas di pake untuk pembeli yang lain harus berhati hati beli di sini pastikan size kamu itu pas dari pada salah beli lebih baik cari tempat lain kan banyak yang jualan helm bukan di sini aja pastikan kamu ukur kepala dulu hati2 dengan penjual helm yg tidak mau tanggung jawab tidak mau membantu customernya cari solusi yg bagus biar win win solution untuk penjual di sini,warna bagus ukuran sangat tidak pas minta ukuran m di kirim l kenyamanan longgar bahan helm bagus tapi minta m di kirim l padahal udah saya tanyakan sebelum nya minta tuker tidak boleh barang saya kembalikan tidak boleh padahal saya sudah ukur helm ini size l penjual malah bilang itu yg di kirim size m kalo size m pasti udah pas di pake untuk pembeli yang lain harus berhati hati beli di sini pastikan size kamu itu pas dari pada salah beli lebih baik cari tempat lain kan banyak yang jualan helm bukan di sini aja pastikan kamu ukur kepala dulu hati2 dengan penjual helm yg tidak mau tanggung jawab tidak mau membantu customernya cari solusi yg bagus biar win win solution untuk penjual di sini,126,negative,0.24345482885837555
i*****8,"Warna:bagus
Ukuran:pas
Kenyamanan:nyaman

Lumayan buat gagayaan🤣🤣",4,0,1756800448,warna bagus ukuran pas kenyamanan nyaman lumayan buat gagayaan,warna bagus ukuran pas kenyamanan nyaman lumayan buat gagayaan,9,positive,0.2959273159503937
akumakumi77,"Keren,ringan pula",5,0,1748589069,keren ringan pula,keren ringan pula,3,positive,0.28826773166656494
fir786,"thanks,barang sesuai gambar,barang nya ngk ada yg cacat,cuma spoiler helm belakang ngak di tolong di pasangin tp ngak apa2 lah
toko nya bisa di percaya,buat jadi langganan",5,0,1738846155,thanks barang sesuai gambar barang nya ngk ada yg cacat cuma spoiler helm belakang ngak di tolong di pasangin tp ngak apa2 lah toko nya bisa di percaya buat jadi langganan,thanks barang sesuai gambar barang nya ngk ada yg cacat cuma spoiler helm belakang ngak di tolong di pasangin tp ngak apa2 lah toko nya bisa di percaya buat jadi langganan,31,positive,0.2921903431415558
9l0qxrfbpz,"Warna:hitam glossy
Ukuran:L
Kenyamanan:pas pokoknya",4,0,1750729342,warna hitam glossy ukuran l kenyamanan pas pokoknya,warna hitam glossy ukuran l kenyamanan pas pokoknya,8,label_3,0.2981587052345276
5*****8,Ok cuma ukuran sama,5,0,1746003672,ok cuma ukuran sama,ok cuma ukuran sama,4,label_3,0.29919493198394775
rihayatunningsih,"Warna:keren
Ukuran:sedikit sesak mungkin karna masih baru..
Kenyamanan:lumayan enteng

Bagus untuk harga segitu...",5,0,1747304940,warna keren ukuran sedikit sesak mungkin karna masih baru kenyamanan lumayan enteng bagus untuk harga segitu,warna keren ukuran sedikit sesak mungkin karna masih baru kenyamanan lumayan enteng bagus untuk harga segitu,16,positive,0.2678607404232025
erickprimanda,"Finishing kasar,ada lecet dikit.tp gpp dg harga segitu",3,0,1757088041,finishing kasar ada lecet dikit tp gpp dg harga segitu,finishing kasar ada lecet dikit tp gpp dg harga segitu,10,label_3,0.28434455394744873
khairulhuda28,Mantab,5,0,1742211816,mantab,mantab,1,positive,0.2750243544578552
abdulhasan91,"Warna:cocok seperti yg di pesan
Ukuran:pas dan sesuai
Kenyamanan:sangat yaman",5,0,1736349862,warna cocok seperti yg di pesan ukuran pas dan sesuai kenyamanan sangat yaman,warna cocok seperti yg di pesan ukuran pas dan sesuai kenyamanan sangat yaman,13,positive,0.30097225308418274
mubarokabay,"Warna:sangat bagus sesuai sama gambar
Ukuran:pas di kepala dan sangat nyaman
Kenyamanan:nyaman saat di gunakan",5,0,1742808976,warna sangat bagus sesuai sama gambar ukuran pas di kepala dan sangat nyaman kenyamanan nyaman saat di gunakan,warna sangat bagus sesuai sama gambar ukuran pas di kepala dan sangat nyaman kenyamanan nyaman saat di gunakan,18,positive,0.2676719129085541
noor_hidayat145,"Warna:sesuai yang dipesan
Ukuran:pas",5,0,1737944712,warna sesuai yang dipesan ukuran pas,warna sesuai yang dipesan ukuran pas,6,label_3,0.3043827712535858
irwanbagus28,"Warna:sangat bagus dan sesuai gambar
Ukuran:pas dikepala dan nyaman
Kenyamanan:enak dan sangat nyaman dipake",5,0,1738412835,warna sangat bagus dan sesuai gambar ukuran pas dikepala dan nyaman kenyamanan enak dan sangat nyaman dipake,warna sangat bagus dan sesuai gambar ukuran pas dikepala dan nyaman kenyamanan enak dan sangat nyaman dipake,17,positive,0.2711711823940277
kentanguril03,"Warna:bagus
Ukuran:m
Kenyamanan:paking nya asal²

Paking nya asal²an bikin troma mau beli lagi takut cacat pecah dll soal nya cuma di bungkus kardus tipus doang",5,0,1748319743,warna bagus ukuran m kenyamanan paking nya asal paking nya asal an bikin troma mau beli lagi takut cacat pecah dll soal nya cuma di bungkus kardus tipus doang,warna bagus ukuran m kenyamanan paking nya asal paking nya asal an bikin troma mau beli lagi takut cacat pecah dll soal nya cuma di bungkus kardus tipus doang,29,positive,0.29320916533470154
dianahmadfatoni,"Warna:warna ok
Ukuran:ukurannya pas
Kualitas:kualitas lumayan, walaupun ada lecet dikit",5,0,1735888176,warna warna ok ukuran ukurannya pas kualitas kualitas lumayan walaupun ada lecet dikit,warna warna ok ukuran ukurannya pas kualitas kualitas lumayan walaupun ada lecet dikit,13,positive,0.27626141905784607
tatangs_291174,"Warna:bagus
Ukuran:pas
Kenyamanan:ringan",5,0,1750762039,warna bagus ukuran pas kenyamanan ringan,warna bagus ukuran pas kenyamanan ringan,6,label_3,0.2959756851196289
dadangnd_,"Warna:bagus
Ukuran:pas

produk bestt penjual juga fast respon tapi sayang pengirimannya yg lamaa sampe lewat estimasi hampir 2minggu baru sampe",5,0,1736417235,warna bagus ukuran pas produk bestt penjual juga fast respon tapi sayang pengirimannya yg lamaa sampe lewat estimasi hampir 2minggu baru sampe,warna bagus ukuran pas produk bestt penjual juga fast respon tapi sayang pengirimannya yg lamaa sampe lewat estimasi hampir 2minggu baru sampe,22,positive,0.27948206663131714
bangkobs1,"Warna:mantap
Ukuran:padahal ukuran M cuma agak kegedean
Kenyamanan:enak sih nyaman cuma agak longgar",5,0,1746506788,warna mantap ukuran padahal ukuran m cuma agak kegedean kenyamanan enak sih nyaman cuma agak longgar,warna mantap ukuran padahal ukuran m cuma agak kegedean kenyamanan enak sih nyaman cuma agak longgar,16,label_3,0.2927805781364441
7f10h3idxy,Sesuai yang di harapkan,5,0,1738291946,sesuai yang di harapkan,sesuai yang di harapkan,4,label_3,0.2715131342411041
arjuncaroleni,"Warna:pas
Ukuran:pas
Kenyamanan:oke",5,0,1759975372,warna pas ukuran pas kenyamanan oke,warna pas ukuran pas kenyamanan oke,6,label_3,0.29319998621940613
arifnaruna,Alhmdllh..2x beli semua memuaskan..trimakasih seller,5,0,1752316156,alhmdllh 2x beli semua memuaskan trimakasih seller,alhmdllh 2x beli semua memuaskan trimakasih seller,7,label_3,0.2932577133178711
ervangusarvansah992,"Warna:Baguss
Ukuran:Pass tapi tidak ada ukuran nya tercantum
Kenyamanan:nyaman banget dan kéren

TERIMAKASIH",5,0,1747209782,warna baguss ukuran pass tapi tidak ada ukuran nya tercantum kenyamanan nyaman banget dan k ren terimakasih,warna baguss ukuran pass tapi tidak ada ukuran nya tercantum kenyamanan nyaman banget dan k ren terimakasih,17,positive,0.37921983003616333
abimanyu__69,"Warna:HITAM DOFF
Ukuran:Pas
Kenyamanan:Ringan busanya tebal banget

Keren sih tpi sayang nya spoilernya pke doble tape, gmpang lepas... 😁😁😁",5,0,1741188707,warna hitam doff ukuran pas kenyamanan ringan busanya tebal banget keren sih tpi sayang nya spoilernya pke doble tape gmpang lepas,warna hitam doff ukuran pas kenyamanan ringan busanya tebal banget keren sih tpi sayang nya spoilernya pke doble tape gmpang lepas,21,label_3,0.28415751457214355
zakaprayuda345,Bintang 5 buat helm dan admin nya👍,5,0,1741281662,bintang 5 buat helm dan admin nya,bintang 5 buat helm dan admin nya,7,label_3,0.29142335057258606
iyansitohang279,"Warna:kuning mantap
Ukuran:l
Kenyamanan:ok

Makasih buat toko nya sesuai dengan yg di gambar👍",4,0,1738581770,warna kuning mantap ukuran l kenyamanan ok makasih buat toko nya sesuai dengan yg di gambar,warna kuning mantap ukuran l kenyamanan ok makasih buat toko nya sesuai dengan yg di gambar,16,label_3,0.2622677683830261
reichal,",,👍👍👍👍mantaaf",5,0,1735904593,mantaaf,mantaaf,1,positive,0.3017622232437134
aceperma,"Warna:sangat bagus sesuai dengan gambar
Ukuran:pas di kepala
Kenyamanan:sangat nyaman saat di kepala",5,0,1745242538,warna sangat bagus sesuai dengan gambar ukuran pas di kepala kenyamanan sangat nyaman saat di kepala,warna sangat bagus sesuai dengan gambar ukuran pas di kepala kenyamanan sangat nyaman saat di kepala,16,positive,0.2573201656341553
2n77qeajct,"Warna:putih
Ukuran:L
Kenyamanan:Sangat nyaman dipakai sesuai",5,0,1737434453,warna putih ukuran l kenyamanan sangat nyaman dipakai sesuai,warna putih ukuran l kenyamanan sangat nyaman dipakai sesuai,9,label_3,0.28584831953048706
bagaswahyu167,Kualitas sesuai harga,5,0,1742889213,kualitas sesuai harga,kualitas sesuai harga,3,positive,0.2777997851371765
hendryytakiyya,Mantap,5,0,1745567188,mantap,mantap,1,positive,0.2676052749156952
dedy34567,Mantap,5,0,1750863467,mantap,mantap,1,positive,0.2676052749156952
mangjohn288,Mantap,5,0,1746404942,mantap,mantap,1,positive,0.2676052749156952
akbarakbari296,Mantap,5,0,1746189808,mantap,mantap,1,positive,0.2676052749156952
acilkumbang12,Terima kasih barang sesuai pesanan dan paket saya sudah diterima Terima kasih,5,0,1738054334,terima kasih barang sesuai pesanan dan paket saya sudah diterima terima kasih,terima kasih barang sesuai pesanan dan paket saya sudah diterima terima kasih,12,positive,0.3066055476665497
danendradhanny,"Sayangnya helmnya ada bekas jatuh/pecok, penjualnya kurang teliti atau kurang mengkomunikasikan",4,0,1741521624,sayangnya helmnya ada bekas jatuh pecok penjualnya kurang teliti atau kurang mengkomunikasikan,sayangnya helmnya ada bekas jatuh pecok penjualnya kurang teliti atau kurang mengkomunikasikan,12,label_3,0.2830158472061157
dingdong470,Mantap,5,0,1742059807,mantap,mantap,1,positive,0.2676052749156952
nurahmadafandi123,Mantap,5,0,1741094907,mantap,mantap,1,positive,0.2676052749156952
bhbhbhbhsss,"Warna:Hitam Glosy
Ukuran:M
Kualitas:Mantap banget,,harga sma kualitas keren",5,0,1735670062,warna hitam glosy ukuran m kualitas mantap banget harga sma kualitas keren,warna hitam glosy ukuran m kualitas mantap banget harga sma kualitas keren,12,label_3,0.28608086705207825
iqbaltanjung1995,"Mantab ,makasih bos helmnya cakep dan tebel",5,0,1754737959,mantab makasih bos helmnya cakep dan tebel,mantab makasih bos helmnya cakep dan tebel,7,positive,0.30058753490448
komangfariyasa,"Warna:putih
Ukuran:pas sesuai
Kenyamanan:nyaman apalagi harga segitu, mantappp

Maaf belum sempet kasi video review tapi mantapp",5,0,1737269316,warna putih ukuran pas sesuai kenyamanan nyaman apalagi harga segitu mantappp maaf belum sempet kasi video review tapi mantapp,warna putih ukuran pas sesuai kenyamanan nyaman apalagi harga segitu mantappp maaf belum sempet kasi video review tapi mantapp,19,positive,0.284821480512619
r*****j,"Warna:bagus

Barang bagus",5,0,1761653725,warna bagus barang bagus,warna bagus barang bagus,4,positive,0.27139195799827576
dandibuhely,"Kenyamanan:sangat bagus

Alhamdulillah pesanan sudah sampai",5,0,1742378831,kenyamanan sangat bagus alhamdulillah pesanan sudah sampai,kenyamanan sangat bagus alhamdulillah pesanan sudah sampai,7,label_3,0.2799670994281769
regitousman600,Kren,5,0,1736088633,kren,kren,1,positive,0.2771688401699066
najwa57_28,sesuai harga,5,0,1759218152,sesuai harga,sesuai harga,2,positive,0.27686578035354614
febyganteng399,Ukuran:bagus dan sesuai warna tanpa leced,5,0,1753943675,ukuran bagus dan sesuai warna tanpa leced,ukuran bagus dan sesuai warna tanpa leced,7,label_3,0.3231635093688965
rtze8a73mo,Mantap....,5,0,1745129682,mantap,mantap,1,positive,0.2676052749156952
gierossi,Sesuai,5,0,1742007830,sesuai,sesuai,1,positive,0.25342583656311035
amsarsyaripudin,"Warna:oke banget warnanya sesuai harapan
Ukuran:pas
Kualitas:kaca nya terlalu keras kalau di geser ke atas",5,0,1735830564,warna oke banget warnanya sesuai harapan ukuran pas kualitas kaca nya terlalu keras kalau di geser ke atas,warna oke banget warnanya sesuai harapan ukuran pas kualitas kaca nya terlalu keras kalau di geser ke atas,18,label_3,0.26660871505737305
erwinsyahputra980,"Ukuran:pas
Durabilitas:sangat bagus
Desain:keren

Sangat sangat bagus lah pokoknya",5,0,1732286323,ukuran pas durabilitas sangat bagus desain keren sangat sangat bagus lah pokoknya,ukuran pas durabilitas sangat bagus desain keren sangat sangat bagus lah pokoknya,12,positive,0.32493510842323303
reyfaalwanzackyzacky,"Warna:grey G
Ukuran:M
Kenyamanan:ringan dan bagus penampilan nya

Ada kelecetan dikit",5,0,1737536469,warna grey g ukuran m kenyamanan ringan dan bagus penampilan nya ada kelecetan dikit,warna grey g ukuran m kenyamanan ringan dan bagus penampilan nya ada kelecetan dikit,14,positive,0.2822110056877136
p9xetakg3m,Lumayan ajaa harga 150han berharap apa ya kan tpi bagus sih,4,0,1754657274,lumayan ajaa harga 150han berharap apa ya kan tpi bagus sih,lumayan ajaa harga 150han berharap apa ya kan tpi bagus sih,11,positive,0.3173799216747284
yuniyun256,"Warna:warna yg keren
Ukuran:pass bnget
Kenyamanan:puas",5,0,1742311523,warna warna yg keren ukuran pass bnget kenyamanan puas,warna warna yg keren ukuran pass bnget kenyamanan puas,9,positive,0.3057515323162079
ahmaddika837,"Warna:mantap sihh
Ukuran:pas banget di kepala
Kenyamanan:nyaman di pake

minesnya cuma pengiriman nya sangat lama, tapi it's okey lah kalo produk nya se bagus ini",5,0,1744184791,warna mantap sihh ukuran pas banget di kepala kenyamanan nyaman di pake minesnya cuma pengiriman nya sangat lama tapi it s okey lah kalo produk nya se bagus ini,warna mantap sihh ukuran pas banget di kepala kenyamanan nyaman di pake minesnya cuma pengiriman nya sangat lama tapi it s okey lah kalo produk nya se bagus ini,29,positive,0.29892948269844055
9*****p,"Warna:sesuai
Ukuran:sesuai
Kenyamanan:kurang

Pengiriman sangat lama.. Tidak rekomendet",2,0,1739153727,warna sesuai ukuran sesuai kenyamanan kurang pengiriman sangat lama tidak rekomendet,warna sesuai ukuran sesuai kenyamanan kurang pengiriman sangat lama tidak rekomendet,11,positive,0.2986268997192383
m*****i,"Warna:putih
Ukuran:Pas
Kenyamanan:nyaman

Bagus sesuai pesanan, cepat responnya penjualnya mantap",5,0,1737238835,warna putih ukuran pas kenyamanan nyaman bagus sesuai pesanan cepat responnya penjualnya mantap,warna putih ukuran pas kenyamanan nyaman bagus sesuai pesanan cepat responnya penjualnya mantap,13,label_3,0.27880632877349854
zakariau05,Good,5,0,1736139829,good,good,1,positive,0.28181886672973633
keblabasen,Sangat bagus,5,0,1735819469,sangat bagus,sangat bagus,2,positive,0.2574421167373657
8qnzeg6wt5,Mantap...,5,0,1745374542,mantap,mantap,1,positive,0.2676052749156952
bertiemam,Good,5,0,1745462584,good,good,1,positive,0.28181886672973633
m*****i,Bagus dan cakep banget di pake kemana-mana tetap okee. Terimakasih banyak seller,5,0,1752139037,bagus dan cakep banget di pake kemana mana tetap okee terimakasih banyak seller,bagus dan cakep banget di pake kemana mana tetap okee terimakasih banyak seller,13,label_3,0.27162066102027893
jeyzaenudin05,Bagus banget,5,0,1740123520,bagus banget,bagus banget,2,positive,0.28671208024024963
herirosandi,"Warna:ok
Ukuran:pas
Kenyamanan:nyaman",5,0,1754732540,warna ok ukuran pas kenyamanan nyaman,warna ok ukuran pas kenyamanan nyaman,6,label_3,0.2904148995876312
chenpohh,Bagus banget,5,0,1741269392,bagus banget,bagus banget,2,positive,0.28671208024024963
yoviasriady,nilai sendiri ajalah..🙏🙏,4,0,1751868230,nilai sendiri ajalah,nilai sendiri ajalah,3,positive,0.32070502638816833
muhamadmundakirt,"Ukuran:pas
Warna:tidak sesuai

Pesan warna dof yang datang glosy",4,0,1732515166,ukuran pas warna tidak sesuai pesan warna dof yang datang glosy,ukuran pas warna tidak sesuai pesan warna dof yang datang glosy,11,positive,0.2872276306152344
putradjakaria,"Ukuran:ukuran tidak sesuai, terlalu besar untuk ukuran M",3,0,1746273674,ukuran ukuran tidak sesuai terlalu besar untuk ukuran m,ukuran ukuran tidak sesuai terlalu besar untuk ukuran m,9,label_4,0.25112372636795044
x__7ekp563,,3,0,1745999683,,,1,positive,0.27766895294189453
rizal061995,Barang sesuai .bagus lah recomended .untuk harga segitu mantap,5,0,1743172641,barang sesuai bagus lah recomended untuk harga segitu mantap,barang sesuai bagus lah recomended untuk harga segitu mantap,9,label_3,0.29820534586906433
y*****4,"Warna:hitam doff
Ukuran:L
Kenyamanan:agak besar

Bagus",5,0,1736491319,warna hitam doff ukuran l kenyamanan agak besar bagus,warna hitam doff ukuran l kenyamanan agak besar bagus,9,label_3,0.27534353733062744
s*****6,"kurir yg pertama tidak sabar jd saya kasih 3bintang saja, jika pelayanannya bagus maybe saya kasih 4 ato 5",3,0,1742972359,kurir yg pertama tidak sabar jd saya kasih 3bintang saja jika pelayanannya bagus maybe saya kasih 4 ato 5,kurir yg pertama tidak sabar jd saya kasih 3bintang saja jika pelayanannya bagus maybe saya kasih 4 ato 5,19,positive,0.288017600774765
abdulazizbawadi,"Warna:warna nya bagus
Ukuran:ukuran produk yg pas dan sesuai
Kenyamanan:ringan dan nyaman saat pakai

kuality nya masih cukup utk harga nya dan look nya",4,0,1741715334,warna warna nya bagus ukuran ukuran produk yg pas dan sesuai kenyamanan ringan dan nyaman saat pakai kuality nya masih cukup utk harga nya dan look nya,warna warna nya bagus ukuran ukuran produk yg pas dan sesuai kenyamanan ringan dan nyaman saat pakai kuality nya masih cukup utk harga nya dan look nya,27,positive,0.267191082239151
denni.89,"Warna:dof
Ukuran:M
Kenyamanan:ol

Mantap",5,0,1752481819,warna dof ukuran m kenyamanan ol mantap,warna dof ukuran m kenyamanan ol mantap,7,label_3,0.29925596714019775
debryan85,Terlalu mantab,5,0,1744349191,terlalu mantab,terlalu mantab,2,positive,0.2899981737136841
wilyadialfatih,"Belum sempat dicek mdh2an bagus...
Terimakasih",5,0,1745937162,belum sempat dicek mdh2an bagus terimakasih,belum sempat dicek mdh2an bagus terimakasih,6,positive,0.31855133175849915
arizat02,"Warna:memiliki pigmen yang baguss
Ukuran:ukuran produk pas dan sesuai
Kenyamanan:sangat nyaman ketika di gunakan",5,0,1742295920,warna memiliki pigmen yang baguss ukuran ukuran produk pas dan sesuai kenyamanan sangat nyaman ketika di gunakan,warna memiliki pigmen yang baguss ukuran ukuran produk pas dan sesuai kenyamanan sangat nyaman ketika di gunakan,17,label_4,0.2584441900253296
m*****m,Cukup bagus dengan harga segini,5,0,1745212104,cukup bagus dengan harga segini,cukup bagus dengan harga segini,5,label_3,0.268886536359787
ufikbebong,Warna:nggk sesuai d suruh kirim warna biru malah DTG warna pink.. d harpkan KLO ngk ready yg d order d info dong.. jgn langsung d kirim,3,0,1745819032,warna nggk sesuai d suruh kirim warna biru malah dtg warna pink d harpkan klo ngk ready yg d order d info dong jgn langsung d kirim,warna nggk sesuai d suruh kirim warna biru malah dtg warna pink d harpkan klo ngk ready yg d order d info dong jgn langsung d kirim,27,positive,0.3284839391708374
muhherwin24,Saya BB 68 kebesaran untuk ukuran M,4,0,1737370528,saya bb 68 kebesaran untuk ukuran m,saya bb 68 kebesaran untuk ukuran m,7,positive,0.2786017060279846
2dkyfx8nhe,"Warna:bagus
Ukuran:pnp kepala saya
Kualitas:bagus polll",5,0,1735798720,warna bagus ukuran pnp kepala saya kualitas bagus polll,warna bagus ukuran pnp kepala saya kualitas bagus polll,9,label_3,0.3199045658111572
jarot2306,"Warna:bagus
Ukuran:pas cocok
Kenyamanan:ringan dan nyaman",5,0,1747912132,warna bagus ukuran pas cocok kenyamanan ringan dan nyaman,warna bagus ukuran pas cocok kenyamanan ringan dan nyaman,9,label_3,0.274095743894577
aditfirmansyah302,"Warna:glos
Ukuran:m
Kenyamanan:baik

Bagus terpercaya",5,0,1745884073,warna glos ukuran m kenyamanan baik bagus terpercaya,warna glos ukuran m kenyamanan baik bagus terpercaya,8,positive,0.31746232509613037
om_ray07,,4,0,1747714083,,,1,positive,0.27766895294189453
f*****8,"Produk datang sesuai foto, pengiriman cepat, respon penjual bagus, sangat rekomended untuk di beli, kurir ramah tidak mengecewakan, bingtang seribu",5,0,1741624166,produk datang sesuai foto pengiriman cepat respon penjual bagus sangat rekomended untuk di beli kurir ramah tidak mengecewakan bingtang seribu,produk datang sesuai foto pengiriman cepat respon penjual bagus sangat rekomended untuk di beli kurir ramah tidak mengecewakan bingtang seribu,20,positive,0.2829062342643738
aanadhelan,"Warna:warna sesuai
Ukuran:pas
Kualitas:bagus dan keren

Pas sesuai dengan di pesan",5,0,1735926492,warna warna sesuai ukuran pas kualitas bagus dan keren pas sesuai dengan di pesan,warna warna sesuai ukuran pas kualitas bagus dan keren pas sesuai dengan di pesan,14,positive,0.30272597074508667
dinramdintta,kecewa banyak lecet nya,2,0,1748061919,kecewa banyak lecet nya,kecewa banyak lecet nya,4,positive,0.3636156916618347
jufriadi50,Proses pengiriman lama.. 1 minggu lebih😡😡😡😡😡😡😡😡😡😡😡😡😡😡😡😡,5,0,1741887328,proses pengiriman lama 1 minggu lebih,proses pengiriman lama 1 minggu lebih,6,label_3,0.28412702679634094
aldixalvg,"Warna:hitam dof
Ukuran:pas
Kenyamanan:lumayann

Baguss si cumn ada retak dikitt doang tpi msh bagus",5,0,1746096821,warna hitam dof ukuran pas kenyamanan lumayann baguss si cumn ada retak dikitt doang tpi msh bagus,warna hitam dof ukuran pas kenyamanan lumayann baguss si cumn ada retak dikitt doang tpi msh bagus,17,positive,0.31031376123428345
paksugik850,"Warna:sesuai
Ukuran:pas
Kenyamanan:sangat nyaman",5,0,1752729707,warna sesuai ukuran pas kenyamanan sangat nyaman,warna sesuai ukuran pas kenyamanan sangat nyaman,7,label_3,0.2717824876308441
agungara,Tapi lama 1 Minggu ke Tangerang kab.,5,0,1742140702,tapi lama 1 minggu ke tangerang kab,tapi lama 1 minggu ke tangerang kab,7,label_3,0.29069533944129944
6ugt7dnjvb,"Warna:sesuai dengan ekspektasi
Ukuran:pesan XL datangnya kecil banget

Tidak nyaman soalnya kekecilan",1,0,1756102138,warna sesuai dengan ekspektasi ukuran pesan xl datangnya kecil banget tidak nyaman soalnya kekecilan,warna sesuai dengan ekspektasi ukuran pesan xl datangnya kecil banget tidak nyaman soalnya kekecilan,14,positive,0.2905009090900421
fauziarif88,Kualitas lumayan sesuai harga,5,0,1746345239,kualitas lumayan sesuai harga,kualitas lumayan sesuai harga,4,label_3,0.2754310369491577
syamsinarnasution,"Warna:Hitam DOF Ukuran..M
Ukuran:Pas dikepala nyaman
Kenyamanan:Sangat nyaman dipakai tapi kacai agak longgar sih tpi mantap lah dipake enakk",5,0,1745201114,warna hitam dof ukuran m ukuran pas dikepala nyaman kenyamanan sangat nyaman dipakai tapi kacai agak longgar sih tpi mantap lah dipake enakk,warna hitam dof ukuran m ukuran pas dikepala nyaman kenyamanan sangat nyaman dipakai tapi kacai agak longgar sih tpi mantap lah dipake enakk,23,positive,0.30675846338272095
dionumar_13,TOKO AMANAH ❤️❤️,5,0,1741848063,toko amanah,toko amanah,2,label_4,0.26560983061790466
z*****z,"Order warna grey glossy, dikirim warna hitam doff, kalo tidak ada grey glossy sebaiknya konfirmasi dulu jgn asal kirim orang jadi kecewa terimalah bintang 🌟 aja, jgn dibiasakan ya 😡😡😡😡",1,0,1751875842,order warna grey glossy dikirim warna hitam doff kalo tidak ada grey glossy sebaiknya konfirmasi dulu jgn asal kirim orang jadi kecewa terimalah bintang aja jgn dibiasakan ya,order warna grey glossy dikirim warna hitam doff kalo tidak ada grey glossy sebaiknya konfirmasi dulu jgn asal kirim orang jadi kecewa terimalah bintang aja jgn dibiasakan ya,28,positive,0.3162762522697449
fan_231,"Warna:grey doff
Ukuran:pas
Kenyamanan:okelah dengan harga segitu",5,0,1736761544,warna grey doff ukuran pas kenyamanan okelah dengan harga segitu,warna grey doff ukuran pas kenyamanan okelah dengan harga segitu,10,label_3,0.28353214263916016
riojhonferis,Mantul,5,0,1739337633,mantul,mantul,1,positive,0.26857250928878784
a*****6,"Warna:sangat bagus dan sesuai
Ukuran:ukuran produk yg pas dan sesuai
Kenyamanan:sangat nyaman dikenakan

Mines lecet dikit di belakang",5,0,1745621899,warna sangat bagus dan sesuai ukuran ukuran produk yg pas dan sesuai kenyamanan sangat nyaman dikenakan mines lecet dikit di belakang,warna sangat bagus dan sesuai ukuran ukuran produk yg pas dan sesuai kenyamanan sangat nyaman dikenakan mines lecet dikit di belakang,21,positive,0.2586801052093506
setiawaneko_,"Mksih helm nya udah sampai ,bgus.smoga murah rezeki nya ..amin.",5,0,1740303936,mksih helm nya udah sampai bgus smoga murah rezeki nya amin,mksih helm nya udah sampai bgus smoga murah rezeki nya amin,11,positive,0.3022300899028778
andrirudiyanto490,Mantap sesuai dengan gambar.tidak mengecewakan lah,5,0,1748768457,mantap sesuai dengan gambar tidak mengecewakan lah,mantap sesuai dengan gambar tidak mengecewakan lah,7,positive,0.30497661232948303
yusufefendi_12,"Ukuran:L
Kualitas:bagus
Kegunaan:pengaman kepala

Pengiriman cepat.tapi sayang plastik bagian kaca nya susah dilepas.jadi kejepit di kaca nya",4,0,1726328393,ukuran l kualitas bagus kegunaan pengaman kepala pengiriman cepat tapi sayang plastik bagian kaca nya susah dilepas jadi kejepit di kaca nya,ukuran l kualitas bagus kegunaan pengaman kepala pengiriman cepat tapi sayang plastik bagian kaca nya susah dilepas jadi kejepit di kaca nya,22,positive,0.27727293968200684
r*****8,Penyortiran sangat buruk sampai pecah satu sirkulasi udara nya,2,0,1753544990,penyortiran sangat buruk sampai pecah satu sirkulasi udara nya,penyortiran sangat buruk sampai pecah satu sirkulasi udara nya,9,label_3,0.2864947021007538
varrsagank,"Warna:sesuai pesanan
Ukuran:blm di coba
Kenyamanan:nyaman

pengiriman lumayan lama tpi ok lh barang gk ada kerusakan",5,0,1741652553,warna sesuai pesanan ukuran blm di coba kenyamanan nyaman pengiriman lumayan lama tpi ok lh barang gk ada kerusakan,warna sesuai pesanan ukuran blm di coba kenyamanan nyaman pengiriman lumayan lama tpi ok lh barang gk ada kerusakan,19,positive,0.3085041046142578
opueog_eum,"Warna:Warna bagus sesuai di gambar
Ukuran:L
Kenyamanan:Ringan dan Nyaman dipakai

Kece boss nggak salah ini 😁",5,0,1737292298,warna warna bagus sesuai di gambar ukuran l kenyamanan ringan dan nyaman dipakai kece boss nggak salah ini,warna warna bagus sesuai di gambar ukuran l kenyamanan ringan dan nyaman dipakai kece boss nggak salah ini,18,positive,0.2837212085723877
hasan.basri23,Obat Ganteng😋,5,0,1735376772,obat ganteng,obat ganteng,2,positive,0.28390684723854065
franscafrarecko,"Warna:bagus
Ukuran:sedikit kebesaran
Kenyamanan:nyaman

Barang dikirim sesuai dengan pesanan penjualan baik pelanggan senang",5,0,1740307556,warna bagus ukuran sedikit kebesaran kenyamanan nyaman barang dikirim sesuai dengan pesanan penjualan baik pelanggan senang,warna bagus ukuran sedikit kebesaran kenyamanan nyaman barang dikirim sesuai dengan pesanan penjualan baik pelanggan senang,16,positive,0.27961328625679016
f*****n,Mantab,5,0,1739522766,mantab,mantab,1,positive,0.2750243544578552
ihsan22082002,"Warna:putih
Ukuran:l
Kenyamanan:helm nya keren abis..g nyesel beli nya...the best lah pokoknya 🔥",5,0,1744608278,warna putih ukuran l kenyamanan helm nya keren abis g nyesel beli nya the best lah pokoknya,warna putih ukuran l kenyamanan helm nya keren abis g nyesel beli nya the best lah pokoknya,17,label_3,0.33047667145729065
aditiapratama685,Helm pecah tidak bagus kaca kendor penjual nya nipu,1,0,1745660625,helm pecah tidak bagus kaca kendor penjual nya nipu,helm pecah tidak bagus kaca kendor penjual nya nipu,9,positive,0.3028983473777771
sandro030985,Mantap Bagus,5,0,1737358289,mantap bagus,mantap bagus,2,label_3,0.2713371515274048
msglow_martapurabanjarbaru,"Warna:warna sangat bagus
Ukuran:pas dan sesuai ukuran
Kenyamanan:enak pas di kepala

Mohon ma'af  di atas kepala helm, variasi ada yg patah waktu sa'at helm datang. Tetapi masih bisa di lem sih",4,0,1747481677,warna warna sangat bagus ukuran pas dan sesuai ukuran kenyamanan enak pas di kepala mohon ma af di atas kepala helm variasi ada yg patah waktu sa at helm datang tetapi masih bisa di lem sih,warna warna sangat bagus ukuran pas dan sesuai ukuran kenyamanan enak pas di kepala mohon ma af di atas kepala helm variasi ada yg patah waktu sa at helm datang tetapi masih bisa di lem sih,36,positive,0.31464433670043945
tsdhadneei,,4,0,1760715323,,,1,positive,0.27766895294189453
iqbal2110,,5,0,1746114645,,,1,positive,0.27766895294189453
fritzba,,5,0,1749391384,,,1,positive,0.27766895294189453
sundaythea,,5,0,1742458267,,,1,positive,0.27766895294189453
cecen_rifael,,5,0,1734603802,,,1,positive,0.27766895294189453
5bvben1kdx,"Warna:bagus sesuai gambar
Ukuran:pas
Kenyamanan:nyaman

Sayang nya peking nya agak rusak sedikit tapi barang aman",5,0,1742269220,warna bagus sesuai gambar ukuran pas kenyamanan nyaman sayang nya peking nya agak rusak sedikit tapi barang aman,warna bagus sesuai gambar ukuran pas kenyamanan nyaman sayang nya peking nya agak rusak sedikit tapi barang aman,18,positive,0.28268253803253174
nyaknisaul,,5,0,1736946819,,,1,positive,0.27766895294189453
putra_handa,Bagusss,5,0,1746098600,bagusss,bagusss,1,positive,0.2866816222667694
k82z3gu9l6,,5,0,1740382308,,,1,positive,0.27766895294189453
258285fio,,5,0,1734414350,,,1,positive,0.27766895294189453
chalvinwardhana,"Warna:Merah
Ukuran:L

Keren Helm nya sesuai yg di foto",5,0,1737711109,warna merah ukuran l keren helm nya sesuai yg di foto,warna merah ukuran l keren helm nya sesuai yg di foto,11,label_3,0.29561808705329895
herniiajaa,"Pesanan sesuai ekpetasi,mantaaaaap pertahan kan ya amanah nya",5,0,1745496197,pesanan sesuai ekpetasi mantaaaaap pertahan kan ya amanah nya,pesanan sesuai ekpetasi mantaaaaap pertahan kan ya amanah nya,9,label_3,0.30544206500053406
ahmadngadio,Mantap bagus,5,0,1738093217,mantap bagus,mantap bagus,2,label_3,0.2713371515274048
affanalfii,"Warna:Putih
Ukuran:L
Kenyamanan:Baik

Untuk barang 100% bagus dan mulus, tapi untuk pengiriman nya tolong di percepat ya... saya mesen 5 hari baru di kirim padahal estimasi nya 2-3 hari",4,0,1743161569,warna putih ukuran l kenyamanan baik untuk barang 100 bagus dan mulus tapi untuk pengiriman nya tolong di percepat ya saya mesen 5 hari baru di kirim padahal estimasi nya 2 3 hari,warna putih ukuran l kenyamanan baik untuk barang 100 bagus dan mulus tapi untuk pengiriman nya tolong di percepat ya saya mesen 5 hari baru di kirim padahal estimasi nya 2 3 hari,33,positive,0.30595138669013977
rasdi907,"Warna:warna nya cocok
Ukuran:ukuran pas
Kenyamanan:lumayan sesuai harga

Lumayan bagus sesuai harga",4,0,1753708410,warna warna nya cocok ukuran ukuran pas kenyamanan lumayan sesuai harga lumayan bagus sesuai harga,warna warna nya cocok ukuran ukuran pas kenyamanan lumayan sesuai harga lumayan bagus sesuai harga,15,positive,0.3004651963710785
lebongchip761,"Sya kurang puas,pesanan tdk sesuia,banyak lecet😞😭",1,0,1742779617,sya kurang puas pesanan tdk sesuia banyak lecet,sya kurang puas pesanan tdk sesuia banyak lecet,8,positive,0.2653050124645233
w*****9,"Warna:bagus
Ukuran:pas dikepala
Kenyamanan:cukup nyaman

Barang cukup bagus sesuai dengan harga,,,mantap 👍👍👍😁🤭🤣",5,0,1746943995,warna bagus ukuran pas dikepala kenyamanan cukup nyaman barang cukup bagus sesuai dengan harga mantap,warna bagus ukuran pas dikepala kenyamanan cukup nyaman barang cukup bagus sesuai dengan harga mantap,15,positive,0.3170420229434967
l*****5,"Warna:good
Ukuran:good
Kenyamanan:good

Pesanan semua sudah sampai, terima kasih seller",5,0,1742468877,warna good ukuran good kenyamanan good pesanan semua sudah sampai terima kasih seller,warna good ukuran good kenyamanan good pesanan semua sudah sampai terima kasih seller,13,label_3,0.26764360070228577
vinos02,Josss...,5,0,1753884344,josss,josss,1,positive,0.29266488552093506
ilyoom.m,gacorr dah,5,0,1759921288,gacorr dah,gacorr dah,2,positive,0.29939964413642883
guntur0588,"Warna:sesuai
Ukuran:ok
Kenyamanan:nyaman

Ya sesuai harga lumayan buat shari2 bagus untuk harga segitu 
Tambahan belakang nya ternyata pake doubletip",4,0,1739961380,warna sesuai ukuran ok kenyamanan nyaman ya sesuai harga lumayan buat shari2 bagus untuk harga segitu tambahan belakang nya ternyata pake doubletip,warna sesuai ukuran ok kenyamanan nyaman ya sesuai harga lumayan buat shari2 bagus untuk harga segitu tambahan belakang nya ternyata pake doubletip,22,positive,0.2781679630279541
apaajadeh038,"Warna:bagus mulus
Ukuran:pas di kepala
Kenyamanan:lumayan nyaman walau sedikit gerah",5,0,1744212029,warna bagus mulus ukuran pas di kepala kenyamanan lumayan nyaman walau sedikit gerah,warna bagus mulus ukuran pas di kepala kenyamanan lumayan nyaman walau sedikit gerah,13,label_3,0.30391234159469604
kholisrc,,5,0,1736065540,,,1,positive,0.27766895294189453
pikinbaewis,,5,0,1747760795,,,1,positive,0.27766895294189453
123amanjaya,,5,0,1740114303,,,1,positive,0.27766895294189453
roy1690,,5,0,1734849497,,,1,positive,0.27766895294189453
jasmi8812,,5,0,1747640870,,,1,positive,0.27766895294189453
kian.arya,,5,0,1737565990,,,1,positive,0.27766895294189453
andreas45924,,5,0,1736756444,,,1,positive,0.27766895294189453
cesteradesta,,5,0,1746338913,,,1,positive,0.27766895294189453
bang_azlin,,5,0,1737254335,,,1,positive,0.27766895294189453
m*****6,"Warna:sesuai mantaap
Ukuran:paasss
Kenyamanan:nyaman dgn harga segitu

Mantapp dah pokoknya,terimakasih..🙏🙏",5,0,1741198429,warna sesuai mantaap ukuran paasss kenyamanan nyaman dgn harga segitu mantapp dah pokoknya terimakasih,warna sesuai mantaap ukuran paasss kenyamanan nyaman dgn harga segitu mantapp dah pokoknya terimakasih,14,positive,0.3045606017112732
usuppacing,"Warna:TDK sesuai
Ukuran:gede banget
Kualitas:ok

pesan warna grey glos yg datang hitam dop
ukuran m d kirim XL
penjualnya ga amanah ga jelas",1,3,1741612253,warna tdk sesuai ukuran gede banget kualitas ok pesan warna grey glos yg datang hitam dop ukuran m d kirim xl penjualnya ga amanah ga jelas,warna tdk sesuai ukuran gede banget kualitas ok pesan warna grey glos yg datang hitam dop ukuran m d kirim xl penjualnya ga amanah ga jelas,26,positive,0.30927008390426636
nfgu2k72ab,"Warna:hitam dof
Ukuran:m
Kenyamanan:lumayan sesuai harga",5,0,1749478144,warna hitam dof ukuran m kenyamanan lumayan sesuai harga,warna hitam dof ukuran m kenyamanan lumayan sesuai harga,9,label_3,0.27805718779563904
farelhassandwistio,"Warna:bagus
Ukuran:pas
Kenyamanan:nyamm

Semuanya bagus hanya di bagian visor nya saja yang hampir² mau patah saat di buka ke atas",5,0,1744790820,warna bagus ukuran pas kenyamanan nyamm semuanya bagus hanya di bagian visor nya saja yang hampir mau patah saat di buka ke atas,warna bagus ukuran pas kenyamanan nyamm semuanya bagus hanya di bagian visor nya saja yang hampir mau patah saat di buka ke atas,23,positive,0.2585933208465576
a*****5,Mantap,5,0,1736418876,mantap,mantap,1,positive,0.2676052749156952
theolazarony,Wort it dgn harga segitu.. daripada helm model bogo..,5,0,1741068113,wort it dgn harga segitu daripada helm model bogo,wort it dgn harga segitu daripada helm model bogo,9,label_3,0.2749604880809784
skygantingaran,Mantap . Sesuai boss ku..mksh ..maaf telat kasih ulasan,5,0,1758593659,mantap sesuai boss ku mksh maaf telat kasih ulasan,mantap sesuai boss ku mksh maaf telat kasih ulasan,9,label_3,0.29743462800979614
eddysofiyan,Lumayan sesuai harga,4,2,1732877867,lumayan sesuai harga,lumayan sesuai harga,3,positive,0.2639826536178589
winapparelbgr,Warna:cuma 1 sih kenapa ga di patenin aja pake double tip jadi keliatan ga wort it tapi setara lah sama harga,5,0,1749563732,warna cuma 1 sih kenapa ga di patenin aja pake double tip jadi keliatan ga wort it tapi setara lah sama harga,warna cuma 1 sih kenapa ga di patenin aja pake double tip jadi keliatan ga wort it tapi setara lah sama harga,22,positive,0.26981088519096375
haykalgunanda,"Warna:oke
Ukuran:lumayan
Kenyamanan:'-)

Menurut saya dengan harga segitu ya lumayan minusnya spoiler gada tempat sekrupnya malah mengunakan lem perekat yang pastinya juga kurang merekat",4,0,1739770453,warna oke ukuran lumayan kenyamanan menurut saya dengan harga segitu ya lumayan minusnya spoiler gada tempat sekrupnya malah mengunakan lem perekat yang pastinya juga kurang merekat,warna oke ukuran lumayan kenyamanan menurut saya dengan harga segitu ya lumayan minusnya spoiler gada tempat sekrupnya malah mengunakan lem perekat yang pastinya juga kurang merekat,26,positive,0.28214019536972046
devitorizkyantara,"Warna:bagus
Ukuran:m
Kenyamanan:enak cuma busa aga keras dikit

Semuanya bagus",5,0,1745763833,warna bagus ukuran m kenyamanan enak cuma busa aga keras dikit semuanya bagus,warna bagus ukuran m kenyamanan enak cuma busa aga keras dikit semuanya bagus,13,label_3,0.2819019556045532
a*****d,"Warna:ok
Ukuran:pas
Kenyamanan:ringan

Mantapsssss....",5,0,1752581601,warna ok ukuran pas kenyamanan ringan mantapsssss,warna ok ukuran pas kenyamanan ringan mantapsssss,7,label_3,0.2891206443309784
mizanziito,"Warna:putig
Ukuran:all zize
Kenyamanan:sangat passss

Pengantaran aga lambat tapi tidak apa-apa, lain kali kasi shope express saja yang atar",5,0,1747056418,warna putig ukuran all zize kenyamanan sangat passss pengantaran aga lambat tapi tidak apa apa lain kali kasi shope express saja yang atar,warna putig ukuran all zize kenyamanan sangat passss pengantaran aga lambat tapi tidak apa apa lain kali kasi shope express saja yang atar,23,positive,0.3211299777030945
kfwh2hxfw9,"Warna:bagus
Ukuran:pas
Kenyamanan:lumayan",5,0,1750325699,warna bagus ukuran pas kenyamanan lumayan,warna bagus ukuran pas kenyamanan lumayan,6,label_3,0.30296847224235535
dharyani300,Helmnya bagus aku suka,5,0,1737089855,helmnya bagus aku suka,helmnya bagus aku suka,4,label_3,0.30634668469429016
amarillobilly,mayan,5,0,1732878761,mayan,mayan,1,positive,0.3068159818649292
arumsari2616,"Warna:hitam
Ukuran:pas
Kualitas:bagus

Awalnya tdk datang tp setelah pengajuan pengembalian baru datang ini paket",5,0,1734507387,warna hitam ukuran pas kualitas bagus awalnya tdk datang tp setelah pengajuan pengembalian baru datang ini paket,warna hitam ukuran pas kualitas bagus awalnya tdk datang tp setelah pengajuan pengembalian baru datang ini paket,17,label_3,0.27244770526885986
naswasintia,Terlalu banyak yang licet,3,0,1749034189,terlalu banyak yang licet,terlalu banyak yang licet,4,positive,0.3098736107349396
davidpratama100,"Warna:Merah marun
Ukuran:Pas
Kenyamanan:Sangat baik

Terima kasih banyak sekali barang sudah sampai tujuan dengan cepat dan terima kasih banyak",5,0,1746517908,warna merah marun ukuran pas kenyamanan sangat baik terima kasih banyak sekali barang sudah sampai tujuan dengan cepat dan terima kasih banyak,warna merah marun ukuran pas kenyamanan sangat baik terima kasih banyak sekali barang sudah sampai tujuan dengan cepat dan terima kasih banyak,22,positive,0.32895734906196594
purlambang,"Pesanan sudah sampai dan sesuai dengan yang ada di gambar deskripsi, semoga nyaman diakai dalam berkendara",5,0,1742238286,pesanan sudah sampai dan sesuai dengan yang ada di gambar deskripsi semoga nyaman diakai dalam berkendara,pesanan sudah sampai dan sesuai dengan yang ada di gambar deskripsi semoga nyaman diakai dalam berkendara,16,positive,0.24680280685424805
sitiftmh85,"Warna:bagus sesuai dengan gambar
Ukuran:pas 👍",4,0,1738405505,warna bagus sesuai dengan gambar ukuran pas,warna bagus sesuai dengan gambar ukuran pas,7,label_3,0.2969447076320648
fakweil,,5,0,1741909620,,,1,positive,0.27766895294189453
htps0909,,5,0,1737711503,,,1,positive,0.27766895294189453
04r4l4w9ps,,5,0,1734227050,,,1,positive,0.27766895294189453
5ou_gv273u,"Warna:sesuai
Ukuran:pas
Kenyamanan:oke

Pengiriman cepat,sesuai dngan yg di gmbar.",5,0,1741957612,warna sesuai ukuran pas kenyamanan oke pengiriman cepat sesuai dngan yg di gmbar,warna sesuai ukuran pas kenyamanan oke pengiriman cepat sesuai dngan yg di gmbar,13,label_3,0.3135688900947571
reniefita973,Helmnya sangat bagus. Saya suka,5,0,1743596428,helmnya sangat bagus saya suka,helmnya sangat bagus saya suka,5,positive,0.28285571932792664
afdnhumam,"Warna:sesuai
Ukuran:pass bangett
Kenyamanan:nyaman bgt ga kecewa dehh beli di toko ini",4,0,1742629675,warna sesuai ukuran pass bangett kenyamanan nyaman bgt ga kecewa dehh beli di toko ini,warna sesuai ukuran pass bangett kenyamanan nyaman bgt ga kecewa dehh beli di toko ini,15,positive,0.3041316568851471
tamytamy018,"Warna:memiliki pigmen yang bagus
Ukuran:pas dan sesuai
Kenyamanan:sangat nyaman saat dipakai

Keren👍👍",5,0,1737255029,warna memiliki pigmen yang bagus ukuran pas dan sesuai kenyamanan sangat nyaman saat dipakai keren,warna memiliki pigmen yang bagus ukuran pas dan sesuai kenyamanan sangat nyaman saat dipakai keren,15,label_4,0.2878841161727905
vxnmn247md,"Cocok Untuk:ok lah
Tampilan:ok
Kualitas:ok

Lumayan dg harga segitu sih",4,0,1749114074,cocok untuk ok lah tampilan ok kualitas ok lumayan dg harga segitu sih,cocok untuk ok lah tampilan ok kualitas ok lumayan dg harga segitu sih,13,label_3,0.2728068232536316
7be51gaqad,"Warna:ok
Ukuran:pas
Kenyamanan:nyaman

Tapi sayang harga segitu tidak dapat  bluetooth",4,0,1747920770,warna ok ukuran pas kenyamanan nyaman tapi sayang harga segitu tidak dapat bluetooth,warna ok ukuran pas kenyamanan nyaman tapi sayang harga segitu tidak dapat bluetooth,13,positive,0.2732388973236084
09zc25u1og,"sayang sekali bautnya longgar tdk bisa di kencangin ,seharusnya sebelum dibungkus priksalah dulu ,karna tadinya orang mau beli lgi jadi ragu belinya ,",3,0,1743052325,sayang sekali bautnya longgar tdk bisa di kencangin seharusnya sebelum dibungkus priksalah dulu karna tadinya orang mau beli lgi jadi ragu belinya,sayang sekali bautnya longgar tdk bisa di kencangin seharusnya sebelum dibungkus priksalah dulu karna tadinya orang mau beli lgi jadi ragu belinya,22,positive,0.2743881940841675
relawansesama,"Warna:siip
Ukuran:pas
Kenyamanan:mantap

Barangnya sesuai pesanan",5,0,1739271772,warna siip ukuran pas kenyamanan mantap barangnya sesuai pesanan,warna siip ukuran pas kenyamanan mantap barangnya sesuai pesanan,9,label_3,0.2983999252319336
ian.karo,"Warna:hitam dope
Ukuran:M
Kenyamanan:nyaman

Review jujur dari gue nih. 
Helm ini harga 150rb an tapi kualitas 500rb an.",5,0,1760581062,warna hitam dope ukuran m kenyamanan nyaman review jujur dari gue nih helm ini harga 150rb an tapi kualitas 500rb an,warna hitam dope ukuran m kenyamanan nyaman review jujur dari gue nih helm ini harga 150rb an tapi kualitas 500rb an,21,positive,0.2619478702545166
hanif.boshonda,Bahan seperti helm standart motor yg dijual di online.,2,1,1735928559,bahan seperti helm standart motor yg dijual di online,bahan seperti helm standart motor yg dijual di online,9,label_3,0.2718007266521454
jemz26,Kenyamanan:mantap,5,0,1748414319,kenyamanan mantap,kenyamanan mantap,2,positive,0.2808648347854614
arizat02,"Warna:memiliki warna yang bagus
Ukuran:ukuran produk pas dan sesuai
Kenyamanan:sangat nyaman ketika di pakai",5,0,1742296220,warna memiliki warna yang bagus ukuran ukuran produk pas dan sesuai kenyamanan sangat nyaman ketika di pakai,warna memiliki warna yang bagus ukuran ukuran produk pas dan sesuai kenyamanan sangat nyaman ketika di pakai,17,positive,0.2513304352760315
85va_a5vv1,"Warna:sesuai pesanan
Ukuran:pas
Kenyamanan:nyaman dipakai

Warna dan ukuran sesuai dengan deskripsi",4,0,1736920735,warna sesuai pesanan ukuran pas kenyamanan nyaman dipakai warna dan ukuran sesuai dengan deskripsi,warna sesuai pesanan ukuran pas kenyamanan nyaman dipakai warna dan ukuran sesuai dengan deskripsi,14,label_3,0.27137041091918945
sapriajah184,Terima kasih mas..sudah di antar kan paket nya,5,0,1743075562,terima kasih mas sudah di antar kan paket nya,terima kasih mas sudah di antar kan paket nya,9,positive,0.34386515617370605
herucakra1986,"Barang cacat dikirim, mau retur plastik sudah saya sobek. Lain kali kl mau dikirim dicek murnya sama kacanya ada yg belum dipasang",1,0,1745136447,barang cacat dikirim mau retur plastik sudah saya sobek lain kali kl mau dikirim dicek murnya sama kacanya ada yg belum dipasang,barang cacat dikirim mau retur plastik sudah saya sobek lain kali kl mau dikirim dicek murnya sama kacanya ada yg belum dipasang,22,positive,0.2859620749950409
dhea2798,"Warna:sesuai dengan pesanan
Ukuran:pas
Kenyamanan:nyaman",3,0,1752848968,warna sesuai dengan pesanan ukuran pas kenyamanan nyaman,warna sesuai dengan pesanan ukuran pas kenyamanan nyaman,8,label_3,0.2758505344390869
e*****s,"Barang sudah sampai dan sesuai, terima kasih",5,0,1732364095,barang sudah sampai dan sesuai terima kasih,barang sudah sampai dan sesuai terima kasih,7,positive,0.30374354124069214
kevinzzzzz263,"Warna:hitam
Ukuran:pas di kepala
Kenyamanan:nyaman di pakai busanya empuk",5,0,1739106064,warna hitam ukuran pas di kepala kenyamanan nyaman di pakai busanya empuk,warna hitam ukuran pas di kepala kenyamanan nyaman di pakai busanya empuk,12,label_3,0.28397291898727417
6tisqmys_v,"Warna:hitam doff
Ukuran:m
Kenyamanan:lumayan nyaman di pakai healing bareng ayang",4,0,1738843977,warna hitam doff ukuran m kenyamanan lumayan nyaman di pakai healing bareng ayang,warna hitam doff ukuran m kenyamanan lumayan nyaman di pakai healing bareng ayang,13,label_3,0.29168352484703064
t*****8,Ukuran:UKURAN M TAPI KAYAK XL,5,0,1734503664,ukuran ukuran m tapi kayak xl,ukuran ukuran m tapi kayak xl,6,label_3,0.2939381003379822
adityaumadji,boleh lah,5,0,1744409675,boleh lah,boleh lah,2,positive,0.3328990042209625
mariel276,"Warna:bagus
Ukuran:pas bnettt cocok deh oaket gnteng 🤭
Kenyamanan:ok",5,0,1750158959,warna bagus ukuran pas bnettt cocok deh oaket gnteng kenyamanan ok,warna bagus ukuran pas bnettt cocok deh oaket gnteng kenyamanan ok,11,label_3,0.3228307366371155
rivaldo_rio,"Warna:glossy
Ukuran:pas
Kenyamanan:sangat nyaman

Mantapp sekalii sesuai pict kerenn rekomended banget ,lebih dri exspetasii👍",5,0,1750161267,warna glossy ukuran pas kenyamanan sangat nyaman mantapp sekalii sesuai pict kerenn rekomended banget lebih dri exspetasii,warna glossy ukuran pas kenyamanan sangat nyaman mantapp sekalii sesuai pict kerenn rekomended banget lebih dri exspetasii,17,positive,0.3034507930278778
yudhasunerlan,Bagus,5,0,1740374048,bagus,bagus,1,positive,0.25675544142723083
tre6hvhl1q,Bagus,5,0,1742876548,bagus,bagus,1,positive,0.25675544142723083
abigailaccesories,Bagus,5,0,1739112322,bagus,bagus,1,positive,0.25675544142723083
ahmadfazzrin,Bagus,5,0,1735301670,bagus,bagus,1,positive,0.25675544142723083
ediips,"Warna:bagus
Ukuran:pas
Kenyamanan:lumayan

Paket diterima namun masukan buat seller packingnya harap di perbaiki, untung helmnya gak kenapa2, ok segitu saja",4,0,1758209249,warna bagus ukuran pas kenyamanan lumayan paket diterima namun masukan buat seller packingnya harap di perbaiki untung helmnya gak kenapa2 ok segitu saja,warna bagus ukuran pas kenyamanan lumayan paket diterima namun masukan buat seller packingnya harap di perbaiki untung helmnya gak kenapa2 ok segitu saja,23,positive,0.28008848428726196
sangbaja_2020,Bagus,5,0,1740809550,bagus,bagus,1,positive,0.25675544142723083
a*****a,Lecet pengiriman lainnya sesuai harga,4,0,1739057815,lecet pengiriman lainnya sesuai harga,lecet pengiriman lainnya sesuai harga,5,label_3,0.2579667568206787
deriberry,"Warna:sesuai
Ukuran:kecil
Kenyamanan:kurang barang nya kurang bgus, lem nya kayak asal""lan nempel nya, udh itu lem nya nampak lagik",2,0,1757947598,warna sesuai ukuran kecil kenyamanan kurang barang nya kurang bgus lem nya kayak asal lan nempel nya udh itu lem nya nampak lagik,warna sesuai ukuran kecil kenyamanan kurang barang nya kurang bgus lem nya kayak asal lan nempel nya udh itu lem nya nampak lagik,23,positive,0.3355157673358917
asriadiadi030,"Warna:pesan warna marun doff malah hitam doff yg datang
Ukuran:M",3,0,1755068486,warna pesan warna marun doff malah hitam doff yg datang ukuran m,warna pesan warna marun doff malah hitam doff yg datang ukuran m,12,positive,0.2757810056209564
3bg0py6u4s,"Warna:merah
Ukuran:pokonya pas
Kenyamanan:alhmdah nyaman",1,0,1740719598,warna merah ukuran pokonya pas kenyamanan alhmdah nyaman,warna merah ukuran pokonya pas kenyamanan alhmdah nyaman,8,label_3,0.3147299587726593
hpt0aif58o,"Warna:seuai gambar
Ukuran:pas
Kenyamanan:nyaman

Barang yg sampai kondisi lecet pengemasan tidak rapi",4,0,1748181261,warna seuai gambar ukuran pas kenyamanan nyaman barang yg sampai kondisi lecet pengemasan tidak rapi,warna seuai gambar ukuran pas kenyamanan nyaman barang yg sampai kondisi lecet pengemasan tidak rapi,15,label_3,0.26247528195381165
s*****y,"Ukuran pas, nyaman di gunakan, pengiriman cepat, harga juga sesuai..",5,0,1738647029,ukuran pas nyaman di gunakan pengiriman cepat harga juga sesuai,ukuran pas nyaman di gunakan pengiriman cepat harga juga sesuai,10,label_3,0.28020739555358887
andi.starjkt,"Warna:ok
Ukuran:pas dikepala",5,0,1757842767,warna ok ukuran pas dikepala,warna ok ukuran pas dikepala,5,label_3,0.2996746897697449
f2lm9kh67r,"Warna:ok
Ukuran:kegedean
Kenyamanan:nyaman",5,0,1747744112,warna ok ukuran kegedean kenyamanan nyaman,warna ok ukuran kegedean kenyamanan nyaman,6,label_3,0.29317453503608704
alantijar.,"Warna:bagus
Ukuran:pas
Kenyamanan:ga ngarep nyaman dari harga segitu",4,0,1761666416,warna bagus ukuran pas kenyamanan ga ngarep nyaman dari harga segitu,warna bagus ukuran pas kenyamanan ga ngarep nyaman dari harga segitu,11,label_3,0.29717257618904114
edwinteruna88,"Barang bagus, sesuai dengan diskripsi.",5,0,1737087095,barang bagus sesuai dengan diskripsi,barang bagus sesuai dengan diskripsi,5,label_3,0.3025513291358948
juan22sebastian,"cukup oke..
spoiler baeru dipasang, dipake jalan sdh lepas karena lem kurang merekat",5,0,1756690116,cukup oke spoiler baeru dipasang dipake jalan sdh lepas karena lem kurang merekat,cukup oke spoiler baeru dipasang dipake jalan sdh lepas karena lem kurang merekat,13,positive,0.292587548494339
dedeunang280,"Warna:tidak sesuai pesanan
Ukuran:pas

Lumayan",2,0,1749644597,warna tidak sesuai pesanan ukuran pas lumayan,warna tidak sesuai pesanan ukuran pas lumayan,7,positive,0.2996120750904083
3lcv0df9my,"Warna:sesuai
Ukuran:L Tapi dapat liat ukuranya S
Kenyamanan:Nyaman

Helmnya bagus tapi ukurannya kecil dengan penggante helm sudah rusak....Dan ad sedikit lecet",1,0,1747887301,warna sesuai ukuran l tapi dapat liat ukuranya s kenyamanan nyaman helmnya bagus tapi ukurannya kecil dengan penggante helm sudah rusak dan ad sedikit lecet,warna sesuai ukuran l tapi dapat liat ukuranya s kenyamanan nyaman helmnya bagus tapi ukurannya kecil dengan penggante helm sudah rusak dan ad sedikit lecet,25,positive,0.2888716161251068
xtgkxaxiel,"Warna:sangat bagus
Ukuran:pas ukurannya
Kenyamanan:nyaman",5,0,1745308071,warna sangat bagus ukuran pas ukurannya kenyamanan nyaman,warna sangat bagus ukuran pas ukurannya kenyamanan nyaman,8,positive,0.27675560116767883
d*****i,"Warna:Gray glossy
Ukuran:pass dikepala
Kenyamanan:g terlalu berat, nyaman

Good helm",5,0,1753665840,warna gray glossy ukuran pass dikepala kenyamanan g terlalu berat nyaman good helm,warna gray glossy ukuran pass dikepala kenyamanan g terlalu berat nyaman good helm,13,label_3,0.28932327032089233
zxrs0332xo,Kalo mau kirim dicek dulu layak tidak untuk dikirimkan🙏😞,2,0,1759486926,kalo mau kirim dicek dulu layak tidak untuk dikirimkan,kalo mau kirim dicek dulu layak tidak untuk dikirimkan,9,label_3,0.29382604360580444
_3pshehkxd,"Warna:sesuai di foto
Ukuran:sedang
Kenyamanan:sangat berkualitas",5,0,1750840135,warna sesuai di foto ukuran sedang kenyamanan sangat berkualitas,warna sesuai di foto ukuran sedang kenyamanan sangat berkualitas,9,label_3,0.2648678421974182
ranggahasian,"Warna:hitam dof
Ukuran:×l
Kenyamanan:sangat nyaman

Kualitass terbaik",5,0,1737056203,warna hitam dof ukuran l kenyamanan sangat nyaman kualitass terbaik,warna hitam dof ukuran l kenyamanan sangat nyaman kualitass terbaik,10,positive,0.26441898941993713
arsyah44,"Warna:maroon glossy
Ukuran:M
Kenyamanan:sangat nyaman ringan dan juga pas",5,0,1745646591,warna maroon glossy ukuran m kenyamanan sangat nyaman ringan dan juga pas,warna maroon glossy ukuran m kenyamanan sangat nyaman ringan dan juga pas,12,positive,0.2633249759674072
m*****9,"Warna:memliki pigmen yang bagus
Ukuran:ukuran produk yang pas
Kenyamanan:ringan dan nyaman saat dipakai",4,0,1746221207,warna memliki pigmen yang bagus ukuran ukuran produk yang pas kenyamanan ringan dan nyaman saat dipakai,warna memliki pigmen yang bagus ukuran ukuran produk yang pas kenyamanan ringan dan nyaman saat dipakai,16,label_4,0.2480962872505188
e*****i,"ganteng ni helm,cakep lah cocok keren nih gan ane mau jual ke orang lain bernama lengkap di brosur nya ga ada yg tau ga di ambil dari berbagai sumber dan di pisahkan yg di pake training harusnya kau pilih pilih ubah pencarian toko online yang penting untuk grup nya saya ga bisa tidur sampe rumah langsung di suruh senior katanya",5,0,1741538082,ganteng ni helm cakep lah cocok keren nih gan ane mau jual ke orang lain bernama lengkap di brosur nya ga ada yg tau ga di ambil dari berbagai sumber dan di pisahkan yg di pake training harusnya kau pilih pilih ubah pencarian toko online yang penting untuk grup nya saya ga bisa tidur sampe rumah langsung di suruh senior katanya,ganteng ni helm cakep lah cocok keren nih gan ane mau jual ke orang lain bernama lengkap di brosur nya ga ada yg tau ga di ambil dari berbagai sumber dan di pisahkan yg di pake training harusnya kau pilih pilih ubah pencarian toko online yang penting untuk grup nya saya ga bisa tidur sampe rumah langsung di suruh senior katanya,61,positive,0.28724434971809387
apriliosusanto,"Warna:sesuai pesenan
Ukuran:pas di kepala
Kualitas:kualitas sesuai harga",5,0,1734964481,warna sesuai pesenan ukuran pas di kepala kualitas kualitas sesuai harga,warna sesuai pesenan ukuran pas di kepala kualitas kualitas sesuai harga,11,label_3,0.28648310899734497
suhandri72,"Cocok Untuk:touring
Tampilan:lumayan bagus
Kualitas:sesuai harga

Lumayan bagus",5,0,1750853123,cocok untuk touring tampilan lumayan bagus kualitas sesuai harga lumayan bagus,cocok untuk touring tampilan lumayan bagus kualitas sesuai harga lumayan bagus,11,positive,0.275524377822876
071282nana,"Warna:sesuai pesanan sesuai harga
Ukuran:pas 
Kenyamanan:normal sesuai harga",5,0,1736574755,warna sesuai pesanan sesuai harga ukuran pas kenyamanan normal sesuai harga,warna sesuai pesanan sesuai harga ukuran pas kenyamanan normal sesuai harga,11,positive,0.267084538936615
pebriyantopotale,"Warna:memiliki pigmen yang bgus
Ukuran:Pas di kepala
Kenyamanan:Nyaman di pakai",4,0,1745481030,warna memiliki pigmen yang bgus ukuran pas di kepala kenyamanan nyaman di pakai,warna memiliki pigmen yang bgus ukuran pas di kepala kenyamanan nyaman di pakai,13,label_3,0.25792717933654785
afit_lexy,"Warna:hitam dof
Ukuran:pas
Kenyamanan:sangat nyaman",5,0,1738297031,warna hitam dof ukuran pas kenyamanan sangat nyaman,warna hitam dof ukuran pas kenyamanan sangat nyaman,8,label_3,0.26789239048957825
h*****d,"Warna:hitam polos bagusss
Ukuran:pas
Kenyamanan:nyaman tapi untuk kacanya agak kaku ya. tapi gak apa apa, masih baru juga",5,0,1741591743,warna hitam polos bagusss ukuran pas kenyamanan nyaman tapi untuk kacanya agak kaku ya tapi gak apa apa masih baru juga,warna hitam polos bagusss ukuran pas kenyamanan nyaman tapi untuk kacanya agak kaku ya tapi gak apa apa masih baru juga,21,positive,0.30080103874206543
citrapratamapanji,"Warna:bagus
Ukuran:pas di kepala
Kenyamanan:sangat nyaman",5,0,1741153231,warna bagus ukuran pas di kepala kenyamanan sangat nyaman,warna bagus ukuran pas di kepala kenyamanan sangat nyaman,9,label_3,0.27648574113845825
nurulhanik,"Warna:sesuai deskripsi
Ukuran:pas
Kenyamanan:nyaman",5,0,1743443484,warna sesuai deskripsi ukuran pas kenyamanan nyaman,warna sesuai deskripsi ukuran pas kenyamanan nyaman,7,label_3,0.2821137309074402
apridoi,,4,1,1739389148,,,1,positive,0.27766895294189453
m*****l,"Warna:ɢʀᴇʏ ɢʟᴏsʏ
Ukuran:ʟ
Kenyamanan:ᴍᴀʏᴀɴ

ᴘʟᴀsᴛɪᴋ, ᴀᴅᴀ ʙᴇʙᴇʀᴀᴘᴀ ʏɢ ᴋᴜʀᴀɴɢ ʙᴀɢᴜs",3,0,1742416906,warna s ukuran kenyamanan s s,warna s ukuran kenyamanan s s,6,label_3,0.2552579641342163
dhue5psph6,Baik,5,0,1736487565,baik,baik,1,positive,0.2734408378601074
rasta_fara_29,"Warna:Sesuai
Ukuran:Sesuai
Kenyamanan:Lumayan

Ringan banget helmnya entah SNI beneran atau ga. Kalau buat gaya sih ok",3,0,1743305952,warna sesuai ukuran sesuai kenyamanan lumayan ringan banget helmnya entah sni beneran atau ga kalau buat gaya sih ok,warna sesuai ukuran sesuai kenyamanan lumayan ringan banget helmnya entah sni beneran atau ga kalau buat gaya sih ok,19,positive,0.28318122029304504
a*****m,"Sesuai harga, dan datang  dalam.keadaan packing rusak",4,0,1761617071,sesuai harga dan datang dalam keadaan packing rusak,sesuai harga dan datang dalam keadaan packing rusak,8,label_3,0.3002355992794037
ahmadyasinalhaudhi,Pesan grey yg datang warna merah,1,0,1739066590,pesan grey yg datang warna merah,pesan grey yg datang warna merah,6,label_3,0.29207876324653625
richardredianto,Ok,5,0,1747803070,ok,ok,1,positive,0.2572935223579407
raden_aka22,mantap helm nyaa,5,0,1741783215,mantap helm nyaa,mantap helm nyaa,3,positive,0.30204567313194275
imanherliman10,"Warna:sesuai bagus
Ukuran:pas
Kenyamanan:sanngat cocok",5,0,1747468119,warna sesuai bagus ukuran pas kenyamanan sanngat cocok,warna sesuai bagus ukuran pas kenyamanan sanngat cocok,8,label_3,0.28915971517562866
mirahibrael261294,"Warna:warnanya bagus
Ukuran:pas
Kenyamanan:ringan dan nyaman dipakai",4,0,1759825498,warna warnanya bagus ukuran pas kenyamanan ringan dan nyaman dipakai,warna warnanya bagus ukuran pas kenyamanan ringan dan nyaman dipakai,10,label_3,0.2769944965839386
asepbekuanbro,"Warna:sesuai gambar
Ukuran:pas
Kenyamanan:b8asa

design memang keren tapi kalau keamanan kurang meyakinkan, bahan materialnya kayak plastik buat bikin barang imitasi, tapi ya entahlah harga segitu lagian kan yak",4,0,1741516541,warna sesuai gambar ukuran pas kenyamanan b8asa design memang keren tapi kalau keamanan kurang meyakinkan bahan materialnya kayak plastik buat bikin barang imitasi tapi ya entahlah harga segitu lagian kan yak,warna sesuai gambar ukuran pas kenyamanan b8asa design memang keren tapi kalau keamanan kurang meyakinkan bahan materialnya kayak plastik buat bikin barang imitasi tapi ya entahlah harga segitu lagian kan yak,31,positive,0.2777361273765564
zannymarry,"Lama sekali kirain hilang,over all semua oke datang dlm kondisi baik",5,0,1754299038,lama sekali kirain hilang over all semua oke datang dlm kondisi baik,lama sekali kirain hilang over all semua oke datang dlm kondisi baik,12,positive,0.33177807927131653
muhammadjkt,"Warna:bagus
Ukuran:pas
Kenyamanan:kurang nyaman kacanya kalau di tutup di buka lagi sulit kaca samping kaya rusak harus di teken 2 tangan baru bisa buka lagi kacanya, mohon lebih teliti kalau mau kirim cek produk bener2 bekerja dengan baik",4,0,1744887629,warna bagus ukuran pas kenyamanan kurang nyaman kacanya kalau di tutup di buka lagi sulit kaca samping kaya rusak harus di teken 2 tangan baru bisa buka lagi kacanya mohon lebih teliti kalau mau kirim cek produk bener2 bekerja dengan baik,warna bagus ukuran pas kenyamanan kurang nyaman kacanya kalau di tutup di buka lagi sulit kaca samping kaya rusak harus di teken 2 tangan baru bisa buka lagi kacanya mohon lebih teliti kalau mau kirim cek produk bener2 bekerja dengan baik,41,positive,0.295725017786026
a*****4,Terimakasih barang sudah diterima dan sesuai dengan pesanan,5,0,1745054605,terimakasih barang sudah diterima dan sesuai dengan pesanan,terimakasih barang sudah diterima dan sesuai dengan pesanan,8,positive,0.28783345222473145
s*****i,"Warna:real pick
Ukuran:pas d kepala
Kualitas:bagus",5,0,1735649157,warna real pick ukuran pas d kepala kualitas bagus,warna real pick ukuran pas d kepala kualitas bagus,9,label_3,0.3009278476238251
saepuddin123,"Warna:sesuai
Ukuran:pas

Untuk harga segitu cocok sesuai barang",5,0,1742904845,warna sesuai ukuran pas untuk harga segitu cocok sesuai barang,warna sesuai ukuran pas untuk harga segitu cocok sesuai barang,10,positive,0.275631844997406
hi0e4rmoso,"Warna:cocok
Ukuran:pas
Kenyamanan:nyaman saat di pakai",5,0,1738462766,warna cocok ukuran pas kenyamanan nyaman saat di pakai,warna cocok ukuran pas kenyamanan nyaman saat di pakai,9,label_3,0.2832053005695343
elziena,"Bagus sebenarnya suka bngt tpi ko ad goresannya, ya walaupun sedkit kecil jg tpi tetep keliatan klo dari deket dan ad kya bekas minyak gtu di helm nya pdhl mau jdi kado buat pacar:(",5,0,1753537613,bagus sebenarnya suka bngt tpi ko ad goresannya ya walaupun sedkit kecil jg tpi tetep keliatan klo dari deket dan ad kya bekas minyak gtu di helm nya pdhl mau jdi kado buat pacar,bagus sebenarnya suka bngt tpi ko ad goresannya ya walaupun sedkit kecil jg tpi tetep keliatan klo dari deket dan ad kya bekas minyak gtu di helm nya pdhl mau jdi kado buat pacar,34,positive,0.3093477487564087
rezaardiyansyah13,,4,0,1737548390,,,1,positive,0.27766895294189453
syainalsyamsulbahri,"Warna:hitdof
Ukuran:m",5,0,1746307462,warna hitdof ukuran m,warna hitdof ukuran m,4,positive,0.26896587014198303
fulmisari084,"Warna:GREY Glosy
Ukuran:M
Kenyamanan:LUMAYAN

👍👍",5,0,1742515924,warna grey glosy ukuran m kenyamanan lumayan,warna grey glosy ukuran m kenyamanan lumayan,7,label_3,0.2893033027648926
arl_13xs2i,"Warna:grey
Ukuran:pas
Kenyamanan:agak kekecilan dikit

Ada baretnya dikit di helm nya tapi it s Ok gapapa",4,0,1745918279,warna grey ukuran pas kenyamanan agak kekecilan dikit ada baretnya dikit di helm nya tapi it s ok gapapa,warna grey ukuran pas kenyamanan agak kekecilan dikit ada baretnya dikit di helm nya tapi it s ok gapapa,19,label_3,0.27794936299324036
fgjwxya4j0,"Warna:bagus
Ukuran:pas dn sesuai
Kualitas:sanggat memuaskan",5,0,1734974178,warna bagus ukuran pas dn sesuai kualitas sanggat memuaskan,warna bagus ukuran pas dn sesuai kualitas sanggat memuaskan,9,label_3,0.31041139364242554
pgx24rkuol,"Warna:mantap
Ukuran:pas
Kenyamanan:nyamann

Mantaplah dgn harga segitu👍👍👍",5,0,1746960608,warna mantap ukuran pas kenyamanan nyamann mantaplah dgn harga segitu,warna mantap ukuran pas kenyamanan nyamann mantaplah dgn harga segitu,10,label_3,0.3023994565010071
burhanudin26,"Helm Ini bukan yang terbaik, tapi helm ini sesuai dgn harganya... worth it",5,0,1745137572,helm ini bukan yang terbaik tapi helm ini sesuai dgn harganya worth it,helm ini bukan yang terbaik tapi helm ini sesuai dgn harganya worth it,13,label_3,0.2660196125507355
qcxe2iu9yl,"Warna:sangat bagus
Ukuran:pas
Kenyamanan:sangat nyaman

Buruan beli guys",5,0,1741857552,warna sangat bagus ukuran pas kenyamanan sangat nyaman buruan beli guys,warna sangat bagus ukuran pas kenyamanan sangat nyaman buruan beli guys,11,positive,0.29866471886634827
mhmmdfikri063,"Warna:sangat bagus
Ukuran:pas di kepala
Kualitas:sangat bagus dan baik",5,0,1735039906,warna sangat bagus ukuran pas di kepala kualitas sangat bagus dan baik,warna sangat bagus ukuran pas di kepala kualitas sangat bagus dan baik,12,positive,0.2712974548339844
a*****z,"Warna:Sesui dengan apa yg di pens
Ukuran:uk m lebih besar tidak sesui expetasi
Kenyamanan:nyaman",3,0,1747136833,warna sesui dengan apa yg di pens ukuran uk m lebih besar tidak sesui expetasi kenyamanan nyaman,warna sesui dengan apa yg di pens ukuran uk m lebih besar tidak sesui expetasi kenyamanan nyaman,17,positive,0.292856365442276
amielavr,Kenyamanan:mntul,5,0,1738452554,kenyamanan mntul,kenyamanan mntul,2,positive,0.29269593954086304
j5l604rbwj,"Warna:hitam
Ukuran:L
Kenyamanan:bagus nyaman meskipun agak kebesaran mintak M di kasi L

Mantap suami suka.
Makasih semoga laris manis",5,0,1738825948,warna hitam ukuran l kenyamanan bagus nyaman meskipun agak kebesaran mintak m di kasi l mantap suami suka makasih semoga laris manis,warna hitam ukuran l kenyamanan bagus nyaman meskipun agak kebesaran mintak m di kasi l mantap suami suka makasih semoga laris manis,22,positive,0.3004179298877716
rezkiputraa13,Helmnya bagus dan keren untuk harga segitu udah waw banget,5,0,1753509512,helmnya bagus dan keren untuk harga segitu udah waw banget,helmnya bagus dan keren untuk harga segitu udah waw banget,10,label_3,0.27961447834968567
rpsumpitt,bagus admin nya ramah rekomen lah beli di sini,5,0,1732946452,bagus admin nya ramah rekomen lah beli di sini,bagus admin nya ramah rekomen lah beli di sini,9,label_3,0.3112054169178009
elvanalfinzen,"Warna:abu-abu
Ukuran:pas banget njir
Kenyamanan:nyaman ei enak di pakai",5,0,1738822955,warna abu abu ukuran pas banget njir kenyamanan nyaman ei enak di pakai,warna abu abu ukuran pas banget njir kenyamanan nyaman ei enak di pakai,13,positive,0.30694928765296936
masda_333,,2,1,1736976125,,,1,positive,0.27766895294189453
wsgx49r1mb,"Warna:sesuai dengan gambar
Ukuran:pas
Kenyamanan:ringan dan nyaman dipakai",5,0,1738970598,warna sesuai dengan gambar ukuran pas kenyamanan ringan dan nyaman dipakai,warna sesuai dengan gambar ukuran pas kenyamanan ringan dan nyaman dipakai,11,label_3,0.27618399262428284
indraxyz,Mantabbb semuanya..,5,0,1739014673,mantabbb semuanya,mantabbb semuanya,2,label_3,0.28887659311294556
randianggara879,"Kualitas:bagus
Tampilan:sesuai dengan gambar
Cocok Untuk:berkendara sepeda motor",5,0,1750856041,kualitas bagus tampilan sesuai dengan gambar cocok untuk berkendara sepeda motor,kualitas bagus tampilan sesuai dengan gambar cocok untuk berkendara sepeda motor,11,label_3,0.24561342597007751
dika_0000,Jasa kirim nya gak jelas bisa bisa nya paket ketuker,5,0,1746833124,jasa kirim nya gak jelas bisa bisa nya paket ketuker,jasa kirim nya gak jelas bisa bisa nya paket ketuker,10,label_3,0.31335321068763733
renar73,Barang aman,5,0,1742982763,barang aman,barang aman,2,positive,0.27712568640708923
fajar.bond,"Warna:ok
Ukuran:pas
Kenyamanan:ok

Untuk barang ok",5,0,1742964323,warna ok ukuran pas kenyamanan ok untuk barang ok,warna ok ukuran pas kenyamanan ok untuk barang ok,9,label_3,0.2557445466518402
phewid,"Warna:mantap
Ukuran:pas
Kenyamanan:aman

Nyampe dengan aman",5,0,1736040031,warna mantap ukuran pas kenyamanan aman nyampe dengan aman,warna mantap ukuran pas kenyamanan aman nyampe dengan aman,9,label_3,0.29220929741859436
yestako2004,"Sebenernya lumayan helm nya. Cuma finishing nya kurang, trus saya minta yg XL di kasih yg L",2,2,1750960861,sebenernya lumayan helm nya cuma finishing nya kurang trus saya minta yg xl di kasih yg l,sebenernya lumayan helm nya cuma finishing nya kurang trus saya minta yg xl di kasih yg l,17,positive,0.2706403136253357
justme_nezz,"Tampilan:Bagus aja
Kualitas:bagus aja
Cocok Untuk:kepala lahh kocakk",5,0,1749042470,tampilan bagus aja kualitas bagus aja cocok untuk kepala lahh kocakk,tampilan bagus aja kualitas bagus aja cocok untuk kepala lahh kocakk,11,positive,0.332049161195755
nuraybell,"Warna:ok
Ukuran:pas
Kenyamanan:sangat ringan di pakai",5,0,1737448307,warna ok ukuran pas kenyamanan sangat ringan di pakai,warna ok ukuran pas kenyamanan sangat ringan di pakai,9,label_3,0.26548147201538086
tian.nf,"Warna:bagus
Ukuran:lumayan tapi agak longgar dikit tapi tpp
Kenyamanan:baik",5,0,1737721359,warna bagus ukuran lumayan tapi agak longgar dikit tapi tpp kenyamanan baik,warna bagus ukuran lumayan tapi agak longgar dikit tapi tpp kenyamanan baik,12,label_3,0.3014921545982361
azrul12,"kardusnya mah masih ada, helmnya udh ilang di maling di parkiran🥹🥹 sedihh",5,0,1759079825,kardusnya mah masih ada helmnya udh ilang di maling di parkiran sedihh,kardusnya mah masih ada helmnya udh ilang di maling di parkiran sedihh,12,positive,0.32556867599487305
alok85,"Warna:abu-abu gelap
Ukuran:pas",5,0,1755774844,warna abu abu gelap ukuran pas,warna abu abu gelap ukuran pas,6,label_3,0.2676602602005005
leoramadhani710,"Warna:Okylh sesuai hargai cuma agak lecet sikit
Ukuran:pas
Kualitas:blom di  tes sih",4,0,1734759689,warna okylh sesuai hargai cuma agak lecet sikit ukuran pas kualitas blom di tes sih,warna okylh sesuai hargai cuma agak lecet sikit ukuran pas kualitas blom di tes sih,15,positive,0.29067838191986084
m.zeiny,"Warna:sesuai
Ukuran:pas

Biar bintang yang bicara soal jasa kirim lama barang sesuai",3,0,1737554020,warna sesuai ukuran pas biar bintang yang bicara soal jasa kirim lama barang sesuai,warna sesuai ukuran pas biar bintang yang bicara soal jasa kirim lama barang sesuai,14,label_3,0.30190110206604004
jukijuki517,"Warna:keren
Ukuran:pas dikepala
Kenyamanan:sangat nyaman",5,0,1736499385,warna keren ukuran pas dikepala kenyamanan sangat nyaman,warna keren ukuran pas dikepala kenyamanan sangat nyaman,8,label_3,0.2852022349834442
wahyuhidayadjati22,"Paket terlalu lama sampai tujuan, setelah di samperin di kator kurir baru selesai",5,0,1736236962,paket terlalu lama sampai tujuan setelah di samperin di kator kurir baru selesai,paket terlalu lama sampai tujuan setelah di samperin di kator kurir baru selesai,13,label_3,0.2877937853336334
asephputra,"Warna:hitam
Ukuran:pas
Kenyamanan:sangat nyaman di pake",5,0,1748612993,warna hitam ukuran pas kenyamanan sangat nyaman di pake,warna hitam ukuran pas kenyamanan sangat nyaman di pake,9,label_3,0.2851307690143585
ay_xkbh5ky,Bgs,5,0,1759969663,bgs,bgs,1,positive,0.28332725167274475
ardansurachman48,"Warna:keren
Ukuran:tidak pas
Kenyamanan:lumayab

Ukurannya M nya longgar, selebihnya mantap bgt",5,0,1741688330,warna keren ukuran tidak pas kenyamanan lumayab ukurannya m nya longgar selebihnya mantap bgt,warna keren ukuran tidak pas kenyamanan lumayab ukurannya m nya longgar selebihnya mantap bgt,14,label_3,0.29974785447120667
46_t5jknl1,"Warna:abu""
Ukuran:L
Kualitas:terbaik min",5,0,1734401835,warna abu ukuran l kualitas terbaik min,warna abu ukuran l kualitas terbaik min,7,positive,0.2879922688007355
arjunamaxx436,"Warna:sesuai pesanan
Ukuran:pas L
Kenyamanan:Lumayan nyaman",5,0,1736409667,warna sesuai pesanan ukuran pas l kenyamanan lumayan nyaman,warna sesuai pesanan ukuran pas l kenyamanan lumayan nyaman,9,label_3,0.28609752655029297
n*****u,"Warna:warna sangat terang dan cantik
Ukuran:pas dan sesuai di kepala
Kenyamanan:sangat nyaman dan keren

terimakasih",5,0,1740619061,warna warna sangat terang dan cantik ukuran pas dan sesuai di kepala kenyamanan sangat nyaman dan keren terimakasih,warna warna sangat terang dan cantik ukuran pas dan sesuai di kepala kenyamanan sangat nyaman dan keren terimakasih,18,positive,0.27794164419174194
saifulya492,"Warna:hitam doff
Ukuran:pas
Kenyamanan:nyaman dipakai

Agak kecewa nunggu 12 hari baru nyampek",3,0,1738019433,warna hitam doff ukuran pas kenyamanan nyaman dipakai agak kecewa nunggu 12 hari baru nyampek,warna hitam doff ukuran pas kenyamanan nyaman dipakai agak kecewa nunggu 12 hari baru nyampek,15,positive,0.28155210614204407
erikprem,"Warna:sesuai
Ukuran:pas
Kenyamanan:nyaman",5,1,1736250463,warna sesuai ukuran pas kenyamanan nyaman,warna sesuai ukuran pas kenyamanan nyaman,6,label_3,0.2857382893562317
rafli_9990,"Warna:bagus
Ukuran:gede dikit gpph lah
Kenyamanan:sangat nyaman dan enteng",5,0,1742349860,warna bagus ukuran gede dikit gpph lah kenyamanan sangat nyaman dan enteng,warna bagus ukuran gede dikit gpph lah kenyamanan sangat nyaman dan enteng,12,positive,0.2985507845878601
v*****w,produk sesuai pengiriman cepat,5,0,1736299117,produk sesuai pengiriman cepat,produk sesuai pengiriman cepat,4,label_3,0.30352914333343506
ryujunaanairi,"Warna:bagus
Ukuran:sesuai
Kenyamanan:nyaman dipakai",4,0,1739337210,warna bagus ukuran sesuai kenyamanan nyaman dipakai,warna bagus ukuran sesuai kenyamanan nyaman dipakai,7,label_3,0.29079189896583557
frans.mulyadi,"Warna:bagus & sesuai gambar
Ukuran:pas & sesuai
Kenyamanan:nyaman",4,0,1755074628,warna bagus sesuai gambar ukuran pas sesuai kenyamanan nyaman,warna bagus sesuai gambar ukuran pas sesuai kenyamanan nyaman,9,positive,0.27862173318862915
wiraardiansyah478,"Warna:bagus idaman bgt
Ukuran:pas
Kenyamanan:sangat nyaman

Minus di bagian kaca susah di buka tutup nya plus brisik",4,0,1742570528,warna bagus idaman bgt ukuran pas kenyamanan sangat nyaman minus di bagian kaca susah di buka tutup nya plus brisik,warna bagus idaman bgt ukuran pas kenyamanan sangat nyaman minus di bagian kaca susah di buka tutup nya plus brisik,20,positive,0.2685049772262573
deavinsa2007,"Warna:bagus
Ukuran:pas dan nyaman
Kenyamanan:sangat nyaman",5,0,1745471085,warna bagus ukuran pas dan nyaman kenyamanan sangat nyaman,warna bagus ukuran pas dan nyaman kenyamanan sangat nyaman,9,positive,0.2684253454208374
zs76023e7c,"Warna:bagus
Ukuran:tidak pas
Kenyamanan:sangat yaman

Saya beli XL tetapi yg datang ukuran L kurang nyaman sih tapi gpp deh yg penting datang dengan selamat sampai tujuan 😁",4,0,1736174539,warna bagus ukuran tidak pas kenyamanan sangat yaman saya beli xl tetapi yg datang ukuran l kurang nyaman sih tapi gpp deh yg penting datang dengan selamat sampai tujuan,warna bagus ukuran tidak pas kenyamanan sangat yaman saya beli xl tetapi yg datang ukuran l kurang nyaman sih tapi gpp deh yg penting datang dengan selamat sampai tujuan,29,positive,0.30361270904541016
30titik.lmy,"Warna:bagus
Ukuran:pas
Kualitas:baik

Aku suka...aku suka....😁😁😁😁",5,0,1735293804,warna bagus ukuran pas kualitas baik aku suka aku suka,warna bagus ukuran pas kualitas baik aku suka aku suka,10,label_3,0.29356148838996887
budiblack56,"saya pesan dua helm yang datang satu helm saya, yang satu lagi mana? 
katanya mau dikirim lagi, sampai sekarang belum dikirim. sudah doa minggu dari saya konfirmasi sampai sekarang belum datang yg satu nya lagi.. 
kecewa saya toko ini tidak teliti dengan pesanan yang diminta konsumen.....!!?",1,3,1750479674,saya pesan dua helm yang datang satu helm saya yang satu lagi mana katanya mau dikirim lagi sampai sekarang belum dikirim sudah doa minggu dari saya konfirmasi sampai sekarang belum datang yg satu nya lagi kecewa saya toko ini tidak teliti dengan pesanan yang diminta konsumen,saya pesan dua helm yang datang satu helm saya yang satu lagi mana katanya mau dikirim lagi sampai sekarang belum dikirim sudah doa minggu dari saya konfirmasi sampai sekarang belum datang yg satu nya lagi kecewa saya toko ini tidak teliti dengan pesanan yang diminta konsumen,46,positive,0.2598079442977905
bimantara_000,"Warna:bagus
Ukuran:pass XL
Kenyamanan:nyaman tidak berat

Mantablah sesuai harapan",5,0,1736358949,warna bagus ukuran pass xl kenyamanan nyaman tidak berat mantablah sesuai harapan,warna bagus ukuran pass xl kenyamanan nyaman tidak berat mantablah sesuai harapan,12,positive,0.287722110748291
ahmadhasbi856,"Warna:cocok
Ukuran:pas di kepala, nyaman
Kenyamanan:terasa adem dan nyaman",5,0,1744848802,warna cocok ukuran pas di kepala nyaman kenyamanan terasa adem dan nyaman,warna cocok ukuran pas di kepala nyaman kenyamanan terasa adem dan nyaman,12,label_3,0.26656922698020935
akmaljuna547,"Warna:finishing ok buat helm budget segitu
Ukuran:pas sesuai pesanan
Kenyamanan:nyaman tapi busa kurang bagus tapi ok

Estimasi terlalu lama nunggunya",4,0,1736843605,warna finishing ok buat helm budget segitu ukuran pas sesuai pesanan kenyamanan nyaman tapi busa kurang bagus tapi ok estimasi terlalu lama nunggunya,warna finishing ok buat helm budget segitu ukuran pas sesuai pesanan kenyamanan nyaman tapi busa kurang bagus tapi ok estimasi terlalu lama nunggunya,23,positive,0.27159905433654785
b*****9,"Warna:bagus
Ukuran:pas
Kenyamanan:nyaman saat di pakai",5,0,1750844588,warna bagus ukuran pas kenyamanan nyaman saat di pakai,warna bagus ukuran pas kenyamanan nyaman saat di pakai,9,label_3,0.2847045660018921
naning_1997,"Warna:hitam dof
Ukuran:M
Kenyamanan:sangat ganteng helm mya",5,0,1745743969,warna hitam dof ukuran m kenyamanan sangat ganteng helm mya,warna hitam dof ukuran m kenyamanan sangat ganteng helm mya,10,label_3,0.27926430106163025
ib0nwq7l19,"Warna:bsgus
Ukuran:paz
Kenyamanan:nyaman saat dipakai",5,0,1738240444,warna bsgus ukuran paz kenyamanan nyaman saat dipakai,warna bsgus ukuran paz kenyamanan nyaman saat dipakai,8,label_3,0.2890559434890747
nandapangrib,"Warna:Doff
Ukuran:pas
Kenyamanan:Sangat nyaman

Terbaik",5,0,1739262324,warna doff ukuran pas kenyamanan sangat nyaman terbaik,warna doff ukuran pas kenyamanan sangat nyaman terbaik,8,positive,0.26420658826828003
babangarulsahputra,"Warna:bagus
Ukuran:L
Kenyamanan:nyaman untuk sehari²",5,0,1741085716,warna bagus ukuran l kenyamanan nyaman untuk sehari,warna bagus ukuran l kenyamanan nyaman untuk sehari,8,label_3,0.2829775810241699
sofyanekoferdihansyah,Harga sesuai murah kualitas ok,5,0,1745449882,harga sesuai murah kualitas ok,harga sesuai murah kualitas ok,5,label_3,0.2927802503108978
a*****4,Overall buat harganya udh termasuk murah bgt.. ga bisa komplen ini itu. good job seller salam sukses,5,1,1756226876,overall buat harganya udh termasuk murah bgt ga bisa komplen ini itu good job seller salam sukses,overall buat harganya udh termasuk murah bgt ga bisa komplen ini itu good job seller salam sukses,17,positive,0.27006635069847107
theegastorytheegastoty,"Oke lah, walaupun dus/kotak pakkingnya sobek"" Yng penting isinya lah",5,0,1744679378,oke lah walaupun dus kotak pakkingnya sobek yng penting isinya lah,oke lah walaupun dus kotak pakkingnya sobek yng penting isinya lah,11,positive,0.3005888760089874
h.mpenk,"Sangat memuaskan, joss dengan harga",5,0,1735550853,sangat memuaskan joss dengan harga,sangat memuaskan joss dengan harga,5,positive,0.27430421113967896
whansrass,"Kalau barang sih oke,,,cuman jasa kirimnya lemot banget,sangat mengecewakan.",4,0,1756085593,kalau barang sih oke cuman jasa kirimnya lemot banget sangat mengecewakan,kalau barang sih oke cuman jasa kirimnya lemot banget sangat mengecewakan,11,label_3,0.312488317489624
ibnumaulanaaedi,"Warna:oke lah
Ukuran:buat ukuran M benar tapi masih agak longgar
Kenyamanan:nyamanin aja",4,0,1741581007,warna oke lah ukuran buat ukuran m benar tapi masih agak longgar kenyamanan nyamanin aja,warna oke lah ukuran buat ukuran m benar tapi masih agak longgar kenyamanan nyamanin aja,15,label_3,0.28935372829437256
bobraksa,puas seller mantap,5,0,1739066533,puas seller mantap,puas seller mantap,3,positive,0.2921675443649292
radityalim,Pesennya yg mla cosmo kaca gelap datangnya j5,2,0,1756092842,pesennya yg mla cosmo kaca gelap datangnya j5,pesennya yg mla cosmo kaca gelap datangnya j5,8,positive,0.30609822273254395
muhammadnabilsholahuddin,"Warna:Grey
Ukuran:M. Pas
Kenyamanan:Sangat nyaman dipakai. cuman Kadang kadang visornya pas diturunin copot",3,0,1743950300,warna grey ukuran m pas kenyamanan sangat nyaman dipakai cuman kadang kadang visornya pas diturunin copot,warna grey ukuran m pas kenyamanan sangat nyaman dipakai cuman kadang kadang visornya pas diturunin copot,16,label_3,0.2949189841747284
derildoang,"Warna:putih
Ukuran:L
Kualitas:Sangat baikk.dalam nya tebal helm nya ringan",5,0,1735082217,warna putih ukuran l kualitas sangat baikk dalam nya tebal helm nya ringan,warna putih ukuran l kualitas sangat baikk dalam nya tebal helm nya ringan,13,positive,0.2973162829875946
arifsaputra884,"Warna:sesuai
Ukuran:pas
Kenyamanan:Alhamdulillah Yaman",5,0,1741279268,warna sesuai ukuran pas kenyamanan alhamdulillah yaman,warna sesuai ukuran pas kenyamanan alhamdulillah yaman,7,label_3,0.2984808087348938
romliweh,"Warna:tidak sesuai yang datang warna hitam doff bukn merah
Ukuran:kaya L
Kenyamanan:oke lah",1,0,1750327322,warna tidak sesuai yang datang warna hitam doff bukn merah ukuran kaya l kenyamanan oke lah,warna tidak sesuai yang datang warna hitam doff bukn merah ukuran kaya l kenyamanan oke lah,16,positive,0.3322383761405945
ator1024,"Helm nya bagus busa nya lumayan tebel. 
Cuma sayang saya pesen hijau di kirim biru",5,0,1737790439,helm nya bagus busa nya lumayan tebel cuma sayang saya pesen hijau di kirim biru,helm nya bagus busa nya lumayan tebel cuma sayang saya pesen hijau di kirim biru,15,label_3,0.3319127559661865
22041973_123456,"Warna:memiliki pigmen yang bagus
Ukuran:pas
Kenyamanan:sangat nyaman",5,0,1742380302,warna memiliki pigmen yang bagus ukuran pas kenyamanan sangat nyaman,warna memiliki pigmen yang bagus ukuran pas kenyamanan sangat nyaman,10,label_4,0.2508082389831543
dhera_collection3003,Bagsu,5,0,1762085665,bagsu,bagsu,1,positive,0.28220877051353455
janoe78,"Warna:merah maroon
Ukuran:pas dikepala
Kenyamanan:sangat nyaman dan ringan",5,0,1742367171,warna merah maroon ukuran pas dikepala kenyamanan sangat nyaman dan ringan,warna merah maroon ukuran pas dikepala kenyamanan sangat nyaman dan ringan,11,label_3,0.2722480297088623
wardonypk,"Warna:bagus
Ukuran:pas sesuai
Kenyamanan:mayan sejuk dipake harian",5,0,1748544262,warna bagus ukuran pas sesuai kenyamanan mayan sejuk dipake harian,warna bagus ukuran pas sesuai kenyamanan mayan sejuk dipake harian,10,label_3,0.31814441084861755
owandamaila,"Warna:merah
Ukuran:xl
Kenyamanan:bolelah untuk seharga gitu. mntap deh",5,0,1741293871,warna merah ukuran xl kenyamanan bolelah untuk seharga gitu mntap deh,warna merah ukuran xl kenyamanan bolelah untuk seharga gitu mntap deh,11,positive,0.3015259802341461
goezraka603,"Warna:tidak sesuai pesanan
Ukuran:pas
Kenyamanan:sangat nyaman

Lebih tekiti dalam pesanan. Warna model dll",4,0,1741506784,warna tidak sesuai pesanan ukuran pas kenyamanan sangat nyaman lebih tekiti dalam pesanan warna model dll,warna tidak sesuai pesanan ukuran pas kenyamanan sangat nyaman lebih tekiti dalam pesanan warna model dll,16,positive,0.2923383414745331
zaskiavidi76,Kenyamanan:sangat nyaman,5,0,1738641530,kenyamanan sangat nyaman,kenyamanan sangat nyaman,3,positive,0.2619493901729584
mohammadraihan.,Kenyamanan:sangat nyaman,5,0,1746787297,kenyamanan sangat nyaman,kenyamanan sangat nyaman,3,positive,0.2619493901729584
d5qo8mj9wa,"Warna:bagus
Ukuran:pas
Kenyamanan:nyaman

Kaca agak susah dibuka, packing boxnya kurang nyaman dilihat, tapi barang aman..",4,0,1741659742,warna bagus ukuran pas kenyamanan nyaman kaca agak susah dibuka packing boxnya kurang nyaman dilihat tapi barang aman,warna bagus ukuran pas kenyamanan nyaman kaca agak susah dibuka packing boxnya kurang nyaman dilihat tapi barang aman,18,label_3,0.2658233046531677
mystyel.id,"Pengiriman lelet 3 hari barang di gudang stts nya ga dikirin kirim ,tapi ok untuk produk bagus 🙏🙏",5,0,1745638153,pengiriman lelet 3 hari barang di gudang stts nya ga dikirin kirim tapi ok untuk produk bagus,pengiriman lelet 3 hari barang di gudang stts nya ga dikirin kirim tapi ok untuk produk bagus,17,label_3,0.27588769793510437
desipriyantini,"Warna:hitam
Ukuran:pas dan sesuai
Kenyamanan:ringan dan nyaman dipakai",5,0,1740095633,warna hitam ukuran pas dan sesuai kenyamanan ringan dan nyaman dipakai,warna hitam ukuran pas dan sesuai kenyamanan ringan dan nyaman dipakai,11,label_3,0.2719431519508362
yukkymardiyansyahyukky,"Warna:sesuai
Ukuran:pas
Kualitas:memuaskan",5,1,1735271843,warna sesuai ukuran pas kualitas memuaskan,warna sesuai ukuran pas kualitas memuaskan,6,label_3,0.3004797399044037
jeremylimbong,"Warna:sangat seusai
Ukuran:ukuran pas
Kenyamanan:nyuaman banget rek",5,0,1736644762,warna sangat seusai ukuran ukuran pas kenyamanan nyuaman banget rek,warna sangat seusai ukuran ukuran pas kenyamanan nyuaman banget rek,10,positive,0.31601229310035706
noeacil,"Warna:bagus banget
Ukuran:Pas dengan ukuran kepala
Kenyamanan:enak dipakai",5,0,1742393720,warna bagus banget ukuran pas dengan ukuran kepala kenyamanan enak dipakai,warna bagus banget ukuran pas dengan ukuran kepala kenyamanan enak dipakai,11,label_3,0.2797006368637085
muhammadfardanilham,"Warna:model yg bagus
Ukuran:agk kebesaran sih di kepala aku
Kenyamanan:nyaman untuk di pakai",4,0,1745490263,warna model yg bagus ukuran agk kebesaran sih di kepala aku kenyamanan nyaman untuk di pakai,warna model yg bagus ukuran agk kebesaran sih di kepala aku kenyamanan nyaman untuk di pakai,16,positive,0.27576637268066406
ydxjyg9w0g,"Warna:bagus rapi
Ukuran:pas
Kenyamanan:nyaman dipakai",5,0,1747026991,warna bagus rapi ukuran pas kenyamanan nyaman dipakai,warna bagus rapi ukuran pas kenyamanan nyaman dipakai,8,label_3,0.3003289997577667
a*****5,"Warna:Bagus dan sesuai dengan gambar
Ukuran:Pas di kepala

Barang nya bagus dan dikemas dengan baik",5,0,1742438218,warna bagus dan sesuai dengan gambar ukuran pas di kepala barang nya bagus dan dikemas dengan baik,warna bagus dan sesuai dengan gambar ukuran pas di kepala barang nya bagus dan dikemas dengan baik,17,positive,0.2718184292316437
cepisetiawan403,"Warna:silver glosy
Ukuran:L
Kenyamanan:lumayan

Minta UK m datang L. Gpp lah barang oke",4,0,1745140780,warna silver glosy ukuran l kenyamanan lumayan minta uk m datang l gpp lah barang oke,warna silver glosy ukuran l kenyamanan lumayan minta uk m datang l gpp lah barang oke,16,positive,0.2951492369174957
l7tnq9ic5z,Kualitas gabus kurang nyaman di pakai.. Klau body luar bagus. Penjual fast respon tapi Pengiriman sangat lambat,4,0,1737628548,kualitas gabus kurang nyaman di pakai klau body luar bagus penjual fast respon tapi pengiriman sangat lambat,kualitas gabus kurang nyaman di pakai klau body luar bagus penjual fast respon tapi pengiriman sangat lambat,17,label_3,0.28008565306663513
r8h8fevfe4,Terima kasih barang sampai sesuai pesanan,5,0,1740537368,terima kasih barang sampai sesuai pesanan,terima kasih barang sampai sesuai pesanan,6,positive,0.30010533332824707
pjbw2__x58,lumayan bagus untuk kelas harganya,5,0,1738746311,lumayan bagus untuk kelas harganya,lumayan bagus untuk kelas harganya,5,positive,0.2892426550388336
khalilurrahmananwar,Alhamdulillah sudah sampai di rumah terimakasih banyak tukar seadanya minta rela ulun dunia Wal Akhirat,5,0,1757346795,alhamdulillah sudah sampai di rumah terimakasih banyak tukar seadanya minta rela ulun dunia wal akhirat,alhamdulillah sudah sampai di rumah terimakasih banyak tukar seadanya minta rela ulun dunia wal akhirat,15,positive,0.30477872490882874
fahmiaziz617,Mantapppp...... 👍👍👍👍,5,0,1735261076,mantapppp,mantapppp,1,positive,0.27614542841911316
m*****0,"Warna:sesuai
Ukuran:pas saat digunakan
Kenyamanan:saat digunakan nyaman",5,0,1746351911,warna sesuai ukuran pas saat digunakan kenyamanan saat digunakan nyaman,warna sesuai ukuran pas saat digunakan kenyamanan saat digunakan nyaman,10,positive,0.26467081904411316
rizkyfatwamaulanachannel,"Warna:hitam doff
Ukuran:XL
Kenyamanan:oke sih

Tapi bukannya merek HKM cosmo y
Malah yg terkirim MLA cosmo abgku
Minimal jualan jgn nipu bg
Tulis keterangan disitu merek MLA jgn tulis HKM 
Jdi kecewa org
Barangnya oke aman hanya saja ingin HKM malah MLA jjr aj KLO jualan",5,0,1754630306,warna hitam doff ukuran xl kenyamanan oke sih tapi bukannya merek hkm cosmo y malah yg terkirim mla cosmo abgku minimal jualan jgn nipu bg tulis keterangan disitu merek mla jgn tulis hkm jdi kecewa org barangnya oke aman hanya saja ingin hkm malah mla jjr aj klo jualan,warna hitam doff ukuran xl kenyamanan oke sih tapi bukannya merek hkm cosmo y malah yg terkirim mla cosmo abgku minimal jualan jgn nipu bg tulis keterangan disitu merek mla jgn tulis hkm jdi kecewa org barangnya oke aman hanya saja ingin hkm malah mla jjr aj klo jualan,49,positive,0.310200572013855
ibrael1518,"Kualitas:ada beberapa bagain cat yg gelembung,

Lumayan untuk hrga sgtu,txs",4,0,1738109198,kualitas ada beberapa bagain cat yg gelembung lumayan untuk hrga sgtu txs,kualitas ada beberapa bagain cat yg gelembung lumayan untuk hrga sgtu txs,12,positive,0.2758263349533081
gushfd,Paking cuma dus kurang safety pada penyok expedisi banyak pending,5,0,1750405569,paking cuma dus kurang safety pada penyok expedisi banyak pending,paking cuma dus kurang safety pada penyok expedisi banyak pending,10,positive,0.27306652069091797
novandaprilianda,"Warna:mantap
Ukuran:paa
Kenyamanan:nyaman ringan ga terlalu berat",5,0,1738655942,warna mantap ukuran paa kenyamanan nyaman ringan ga terlalu berat,warna mantap ukuran paa kenyamanan nyaman ringan ga terlalu berat,10,label_3,0.28222882747650146
moggele_21,"Warna:sangat bagus
Ukuran:sesuai
Kenyamanan:sangat nyaman",5,0,1736053478,warna sangat bagus ukuran sesuai kenyamanan sangat nyaman,warna sangat bagus ukuran sesuai kenyamanan sangat nyaman,8,label_3,0.2558388113975525
a2ylqswe29,Barang Alhamdulillah bagus tapi sayang pengiriman lambat,1,0,1737637997,barang alhamdulillah bagus tapi sayang pengiriman lambat,barang alhamdulillah bagus tapi sayang pengiriman lambat,7,label_3,0.30096757411956787
inlh4szs20,"Warna:sangat bagus
Ukuran:ukuran pas sesuai
Kenyamanan:sangat nyaman

Tapi agak kecewa sedikit , kaca nya sedikit pecah .. mohon harus lebih teliti lg ya..",4,0,1743088641,warna sangat bagus ukuran ukuran pas sesuai kenyamanan sangat nyaman tapi agak kecewa sedikit kaca nya sedikit pecah mohon harus lebih teliti lg ya,warna sangat bagus ukuran ukuran pas sesuai kenyamanan sangat nyaman tapi agak kecewa sedikit kaca nya sedikit pecah mohon harus lebih teliti lg ya,24,positive,0.3341509997844696
oktyansani916,"Warna:putih
Ukuran:sesuai dengan kepala saya
Kenyamanan:sangat nyaman dan empuk dalam nya

Mohon di cek kembali kalau mau packing saya pesan hitam dof tapi yang datang warna putih",1,0,1742560907,warna putih ukuran sesuai dengan kepala saya kenyamanan sangat nyaman dan empuk dalam nya mohon di cek kembali kalau mau packing saya pesan hitam dof tapi yang datang warna putih,warna putih ukuran sesuai dengan kepala saya kenyamanan sangat nyaman dan empuk dalam nya mohon di cek kembali kalau mau packing saya pesan hitam dof tapi yang datang warna putih,30,positive,0.30600735545158386
vfnh_e6xg4,Barang nya bagus cuman packing nya jelek asal2 an untung gak knapa2 helm nya lain kali di perbaiki lagi packing nya om🙏,5,0,1750038304,barang nya bagus cuman packing nya jelek asal2 an untung gak knapa2 helm nya lain kali di perbaiki lagi packing nya om,barang nya bagus cuman packing nya jelek asal2 an untung gak knapa2 helm nya lain kali di perbaiki lagi packing nya om,22,positive,0.30852508544921875
anton_kekey24,"Warna:sesuai dg pesenan
Ukuran:sesuai dg pesenan
Kenyamanan:nyaman untuk dipakai",5,0,1744784056,warna sesuai dg pesenan ukuran sesuai dg pesenan kenyamanan nyaman untuk dipakai,warna sesuai dg pesenan ukuran sesuai dg pesenan kenyamanan nyaman untuk dipakai,12,label_3,0.29348403215408325
bngnus,Sesuai pesanan,5,0,1740386734,sesuai pesanan,sesuai pesanan,2,positive,0.27587950229644775
bangkendoyobae,"Warna:putih
Ukuran:pas dan sesuai
Kenyamanan:mantap pokok nyaa

Barang oke bagus sesuai",4,0,1746020273,warna putih ukuran pas dan sesuai kenyamanan mantap pokok nyaa barang oke bagus sesuai,warna putih ukuran pas dan sesuai kenyamanan mantap pokok nyaa barang oke bagus sesuai,14,positive,0.30191290378570557
u*****3,Bagus bangett sesuai gambar,5,0,1736156276,bagus bangett sesuai gambar,bagus bangett sesuai gambar,4,label_3,0.3107275664806366
lintangaquascape736,Ukuran:model menurut saya bagus .tp kwalitas bahan kurang .it menurut saya ya..ini jujur.kaca buka nutupnya kasar.barang ringan banget.dengan harga segitu ya cukup lah sesuai sama kwalitasnya🙏,3,0,1737562535,ukuran model menurut saya bagus tp kwalitas bahan kurang it menurut saya ya ini jujur kaca buka nutupnya kasar barang ringan banget dengan harga segitu ya cukup lah sesuai sama kwalitasnya,ukuran model menurut saya bagus tp kwalitas bahan kurang it menurut saya ya ini jujur kaca buka nutupnya kasar barang ringan banget dengan harga segitu ya cukup lah sesuai sama kwalitasnya,31,positive,0.3100779950618744
arganta.ghaisan,Sesuai pesanan,5,0,1742192823,sesuai pesanan,sesuai pesanan,2,positive,0.27587950229644775
arbim_pramasto,"Warna:bagus tapi pengerjaan kurang rapih
Ukuran:pas dikepala
Kenyamanan:lumayan

pengerjaan tidak rapih tapi overall sesuai dengan harga",4,0,1743494571,warna bagus tapi pengerjaan kurang rapih ukuran pas dikepala kenyamanan lumayan pengerjaan tidak rapih tapi overall sesuai dengan harga,warna bagus tapi pengerjaan kurang rapih ukuran pas dikepala kenyamanan lumayan pengerjaan tidak rapih tapi overall sesuai dengan harga,19,positive,0.28142860531806946
narutoshippon1,"Ukuran:pas
Kenyamanan:nyaman

min baut dekat visor nya udah berkarat min tapi helm nya bagus mines nya ya itu baut nya sama spoiler nya min agak kurang nempel lem nya itu aja min makasih",5,0,1756969077,ukuran pas kenyamanan nyaman min baut dekat visor nya udah berkarat min tapi helm nya bagus mines nya ya itu baut nya sama spoiler nya min agak kurang nempel lem nya itu aja min makasih,ukuran pas kenyamanan nyaman min baut dekat visor nya udah berkarat min tapi helm nya bagus mines nya ya itu baut nya sama spoiler nya min agak kurang nempel lem nya itu aja min makasih,35,positive,0.36171767115592957
nanangardiansya10,Goodd,5,0,1747232408,goodd,goodd,1,positive,0.27937939763069153
agungwahyu069,"Warna:sesuaii ama pesenan
Ukuran:sesuaii
Kenyamanan:sangat nyaman,tetapi plastik belakangnya tipis dan gk nempel kuat",4,0,1750219978,warna sesuaii ama pesenan ukuran sesuaii kenyamanan sangat nyaman tetapi plastik belakangnya tipis dan gk nempel kuat,warna sesuaii ama pesenan ukuran sesuaii kenyamanan sangat nyaman tetapi plastik belakangnya tipis dan gk nempel kuat,17,label_3,0.28808504343032837
syakurulloh,"Warna:merah sesuai pesanan
Ukuran:L
Kenyamanan:cukup

Cuman sangat kecewa banget sama kurirnya",4,0,1745549290,warna merah sesuai pesanan ukuran l kenyamanan cukup cuman sangat kecewa banget sama kurirnya,warna merah sesuai pesanan ukuran l kenyamanan cukup cuman sangat kecewa banget sama kurirnya,14,label_3,0.28773465752601624
b*****s,cat nya yang biru ada yang kelupas,4,0,1759392189,cat nya yang biru ada yang kelupas,cat nya yang biru ada yang kelupas,7,label_3,0.325155109167099
kevinzzzzz263,"Warna:hitam doff
Ukuran:pas dikepala
Kenyamanan:nyaman busanya empuk",5,0,1738672724,warna hitam doff ukuran pas dikepala kenyamanan nyaman busanya empuk,warna hitam doff ukuran pas dikepala kenyamanan nyaman busanya empuk,10,label_3,0.2856227159500122
m.iqbal.firdaus23,"Warna:sangat bagus warna sesuai top.lah
Ukuran:pas
Kenyamanan:blm di coba",5,0,1742997292,warna sangat bagus warna sesuai top lah ukuran pas kenyamanan blm di coba,warna sangat bagus warna sesuai top lah ukuran pas kenyamanan blm di coba,13,positive,0.303523987531662
khy2epygfd,"Warna:sesuai
Ukuran:pas
Kualitas:sesuai ekspektasi

Baik",2,1,1735928562,warna sesuai ukuran pas kualitas sesuai ekspektasi baik,warna sesuai ukuran pas kualitas sesuai ekspektasi baik,8,positive,0.29222357273101807
58umo4srgl,Sesuai pesanan mantap,5,0,1740808612,sesuai pesanan mantap,sesuai pesanan mantap,3,label_3,0.28365981578826904
abahkuman,"Warna:bagus
Ukuran:pas

Perekat aksesoris kurang kuat, harus ditambah perekat sendiri dengan lem atau double tape 3M agar kuat",4,0,1738213200,warna bagus ukuran pas perekat aksesoris kurang kuat harus ditambah perekat sendiri dengan lem atau double tape 3m agar kuat,warna bagus ukuran pas perekat aksesoris kurang kuat harus ditambah perekat sendiri dengan lem atau double tape 3m agar kuat,20,positive,0.27949953079223633
a*****n,"Warna:bagus
Ukuran:minta M tapi koq kek besar bgt
Kenyamanan:bagian atas di ubun² gak empuk

tampilan keren",4,0,1746268063,warna bagus ukuran minta m tapi koq kek besar bgt kenyamanan bagian atas di ubun gak empuk tampilan keren,warna bagus ukuran minta m tapi koq kek besar bgt kenyamanan bagian atas di ubun gak empuk tampilan keren,19,positive,0.2703849673271179
__santi_,"Warna:sesuai
Ukuran:Untuk ukuran XL terasa kecil
Kenyamanan:Ok

Semoga Awat",4,0,1754282324,warna sesuai ukuran untuk ukuran xl terasa kecil kenyamanan ok semoga awat,warna sesuai ukuran untuk ukuran xl terasa kecil kenyamanan ok semoga awat,12,positive,0.26805204153060913
ai_nurdahlia247,"Warna:sesuai pesanan
Ukuran:pas
Kenyamanan:sangat nyaman",5,0,1741480278,warna sesuai pesanan ukuran pas kenyamanan sangat nyaman,warna sesuai pesanan ukuran pas kenyamanan sangat nyaman,8,label_3,0.27306321263313293
buyutjagaraksa,"Warna:sesuai pesanan
Ukuran:pas
Kenyamanan:nyaman di pakai",5,0,1741373096,warna sesuai pesanan ukuran pas kenyamanan nyaman di pakai,warna sesuai pesanan ukuran pas kenyamanan nyaman di pakai,9,label_3,0.28306639194488525
sandyrainz,"Warna:sesuai pesanan
Ukuran:pas
Kenyamanan:nyaman di pakai",5,0,1739979873,warna sesuai pesanan ukuran pas kenyamanan nyaman di pakai,warna sesuai pesanan ukuran pas kenyamanan nyaman di pakai,9,label_3,0.28306639194488525
rizalcutngoh,"Cocok Untuk:harian
Kualitas:biasa aja

Bagus....cuma longgar dipake... padahal size M ... Kurang presisi..goyang2 waktu dipakek",2,0,1749056417,cocok untuk harian kualitas biasa aja bagus cuma longgar dipake padahal size m kurang presisi goyang2 waktu dipakek,cocok untuk harian kualitas biasa aja bagus cuma longgar dipake padahal size m kurang presisi goyang2 waktu dipakek,18,label_3,0.29125675559043884
syahidzubair637,"Warna:sesuai
Ukuran:sesuai
Kenyamanan:enak pas ga terlalu sempit

Bagus",5,0,1737155913,warna sesuai ukuran sesuai kenyamanan enak pas ga terlalu sempit bagus,warna sesuai ukuran sesuai kenyamanan enak pas ga terlalu sempit bagus,11,label_3,0.27663832902908325
arsakaylash99,Barang sdh di terima hasil sesuai ekspektasi terima kasih,5,0,1739084587,barang sdh di terima hasil sesuai ekspektasi terima kasih,barang sdh di terima hasil sesuai ekspektasi terima kasih,9,positive,0.3169037401676178
varianadisuryo,"Warna:bagus, tp bisa lbh bagus lg dar ini
Ukuran:xL
Kenyamanan:ringan, tp batoknya krasa tipis bgt",4,0,1742538171,warna bagus tp bisa lbh bagus lg dar ini ukuran xl kenyamanan ringan tp batoknya krasa tipis bgt,warna bagus tp bisa lbh bagus lg dar ini ukuran xl kenyamanan ringan tp batoknya krasa tipis bgt,18,label_3,0.288867324590683
i*****a,"Warna:sesuai
Ukuran:pas sekali untuk bb 55 tinggi 169
Kenyamanan:nyaman

keren",5,0,1757262809,warna sesuai ukuran pas sekali untuk bb 55 tinggi 169 kenyamanan nyaman keren,warna sesuai ukuran pas sekali untuk bb 55 tinggi 169 kenyamanan nyaman keren,13,positive,0.3056405484676361
nanangajah194,"Ukuran:ukuran L nya terlalu besar
Kenyamanan:karena kesedihan jadi ngga nyaman

Barang bagus pengerimian juga cepat cuma anehnya saya biasa pake ukuran L nyaman pas sekarang beli ukuran L ngga nyaman banget karena L nya terlalu longgar",3,0,1748572441,ukuran ukuran l nya terlalu besar kenyamanan karena kesedihan jadi ngga nyaman barang bagus pengerimian juga cepat cuma anehnya saya biasa pake ukuran l nyaman pas sekarang beli ukuran l ngga nyaman banget karena l nya terlalu longgar,ukuran ukuran l nya terlalu besar kenyamanan karena kesedihan jadi ngga nyaman barang bagus pengerimian juga cepat cuma anehnya saya biasa pake ukuran l nyaman pas sekarang beli ukuran l ngga nyaman banget karena l nya terlalu longgar,38,positive,0.2961624264717102
juliansah71,"Warna:sesuai yg d pesan
Ukuran:pas
Kenyamanan:nyaman kali",5,0,1745121069,warna sesuai yg d pesan ukuran pas kenyamanan nyaman kali,warna sesuai yg d pesan ukuran pas kenyamanan nyaman kali,10,label_3,0.3127536177635193
fakhriman_354,"Warna:hitam
Ukuran:longgar dikit
Kenyamanan:nyaman

Sesuai harga, spoiler copot”an mulu, dan strapnya sesuai harganya",5,0,1758877104,warna hitam ukuran longgar dikit kenyamanan nyaman sesuai harga spoiler copot an mulu dan strapnya sesuai harganya,warna hitam ukuran longgar dikit kenyamanan nyaman sesuai harga spoiler copot an mulu dan strapnya sesuai harganya,17,label_3,0.26750507950782776
mrgiew,"Warna:Hitam dop
Ukuran:m
Berat:ringan",4,0,1735388711,warna hitam dop ukuran m berat ringan,warna hitam dop ukuran m berat ringan,7,label_3,0.2759731113910675
uhmeba0l43,"Warna:sesuai
Ukuran:L
Kenyamanan:sangat nyaman

Keren pokona mah",5,0,1738836522,warna sesuai ukuran l kenyamanan sangat nyaman keren pokona mah,warna sesuai ukuran l kenyamanan sangat nyaman keren pokona mah,10,positive,0.29559633135795593
dederukmana912,"Warna:hitam glossy
Ukuran:M
Kenyamanan:sangat nyaman, pas dan sesuai...",5,0,1746778958,warna hitam glossy ukuran m kenyamanan sangat nyaman pas dan sesuai,warna hitam glossy ukuran m kenyamanan sangat nyaman pas dan sesuai,11,label_3,0.2591533362865448
pilihanki,"Warna:marun
Ukuran:pas
Kenyamanan:sangat nyaman",5,0,1752894659,warna marun ukuran pas kenyamanan sangat nyaman,warna marun ukuran pas kenyamanan sangat nyaman,7,label_3,0.2696608901023865
nadianazea,Pesen nya warna hijau yg datang warna biru,3,0,1735546144,pesen nya warna hijau yg datang warna biru,pesen nya warna hijau yg datang warna biru,8,positive,0.2959804832935333
pusxxftkaz,Ukuran:barang sesuai pesanan kualitas ok good job 👍,5,0,1741221093,ukuran barang sesuai pesanan kualitas ok good job,ukuran barang sesuai pesanan kualitas ok good job,8,label_3,0.30526384711265564
m*****i,"Warna:sesuai dengan foto
Ukuran:pas nyaman
Kualitas:terbaik",5,0,1734579069,warna sesuai dengan foto ukuran pas nyaman kualitas terbaik,warna sesuai dengan foto ukuran pas nyaman kualitas terbaik,9,label_3,0.272242933511734
0mnoorsaf06,"Warna:futuristik
Ukuran:sesuai
Kenyamanan:cukup nyaman....tadinya pesan yg Cosmo

Semua y baik...gak perlu ragu ,dgn harga segitu dapat barang bagus & stylish",5,0,1751270977,warna futuristik ukuran sesuai kenyamanan cukup nyaman tadinya pesan yg cosmo semua y baik gak perlu ragu dgn harga segitu dapat barang bagus stylish,warna futuristik ukuran sesuai kenyamanan cukup nyaman tadinya pesan yg cosmo semua y baik gak perlu ragu dgn harga segitu dapat barang bagus stylish,24,positive,0.267898827791214
o1fupbqiw8,"Kualitas:keseluhanboke
Tampilan:bagus banget GK nyeseldeh beli di nih
Cocok Untuk:pas",5,0,1752118499,kualitas keseluhanboke tampilan bagus banget gk nyeseldeh beli di nih cocok untuk pas,kualitas keseluhanboke tampilan bagus banget gk nyeseldeh beli di nih cocok untuk pas,13,positive,0.3317509889602661
ppsserambigunung,"Warna:hitam dof
Ukuran:pas
Kenyamanan:kurang nyaman

Helmnya kurang sih, masih bagus helm standart  bawaan motor",2,0,1746084035,warna hitam dof ukuran pas kenyamanan kurang nyaman helmnya kurang sih masih bagus helm standart bawaan motor,warna hitam dof ukuran pas kenyamanan kurang nyaman helmnya kurang sih masih bagus helm standart bawaan motor,17,positive,0.28213566541671753
ajumaisaljambi,Harga sesuai,5,0,1748085703,harga sesuai,harga sesuai,2,positive,0.2882073223590851
antonsaputra161,"Warna:putih
Ukuran:M.
Kenyamanan:agak kurang nyaman soalnya ukuran M tpi agak kegedean kyk ngk ukuran m...",5,0,1740972782,warna putih ukuran m kenyamanan agak kurang nyaman soalnya ukuran m tpi agak kegedean kyk ngk ukuran m,warna putih ukuran m kenyamanan agak kurang nyaman soalnya ukuran m tpi agak kegedean kyk ngk ukuran m,18,positive,0.29047542810440063
wana_888,"Tampilan:sangat bagus
Kualitas:oke",5,0,1749043121,tampilan sangat bagus kualitas oke,tampilan sangat bagus kualitas oke,5,label_3,0.2841777503490448
rihira,"Warna:menarik
Ukuran:pas
Kenyamanan:sangat nyaman

Sayang ada yang patah jdi ga 100persen sempura",5,0,1759483107,warna menarik ukuran pas kenyamanan sangat nyaman sayang ada yang patah jdi ga 100persen sempura,warna menarik ukuran pas kenyamanan sangat nyaman sayang ada yang patah jdi ga 100persen sempura,15,positive,0.2931758761405945
azahsalsabilla12,"Ukuran:pas
Warna:grey doff
Durabilitas:awet enak

Bagus real gambar",5,0,1732969351,ukuran pas warna grey doff durabilitas awet enak bagus real gambar,ukuran pas warna grey doff durabilitas awet enak bagus real gambar,11,label_3,0.2744811773300171
musafirmusafir951,"Warna:cocok
Ukuran:pas
Kenyamanan:kecewa",5,0,1754319280,warna cocok ukuran pas kenyamanan kecewa,warna cocok ukuran pas kenyamanan kecewa,6,label_3,0.30680474638938904
nauvaljamalullail,"Warna:sesuai
Ukuran:m, cuman busanya ga tebal,jadi agak kendor di kepala
Kenyamanan:lumayan",3,0,1738486130,warna sesuai ukuran m cuman busanya ga tebal jadi agak kendor di kepala kenyamanan lumayan,warna sesuai ukuran m cuman busanya ga tebal jadi agak kendor di kepala kenyamanan lumayan,15,label_3,0.29627782106399536
akunalli,"Warna:hitam
Ukuran:-
Kenyamanan:sangat nyaman",5,0,1742113541,warna hitam ukuran kenyamanan sangat nyaman,warna hitam ukuran kenyamanan sangat nyaman,6,label_3,0.25850793719291687
oq71lcqqi7,"Warna:bagus
Ukuran:pas dan nyaman
Kenyamanan:sngat nyman pas di pkek",5,0,1745600340,warna bagus ukuran pas dan nyaman kenyamanan sngat nyman pas di pkek,warna bagus ukuran pas dan nyaman kenyamanan sngat nyman pas di pkek,12,positive,0.31165602803230286
aldosipandi,"Warna:sesuai
Ukuran:pas
Kenyamanan:bagus busaa tebal

Helm bagus sebenarnya tapih Cat nya banyak lecet kurang Bagus pengecetan sama lock visor  agak longgar",3,0,1742210910,warna sesuai ukuran pas kenyamanan bagus busaa tebal helm bagus sebenarnya tapih cat nya banyak lecet kurang bagus pengecetan sama lock visor agak longgar,warna sesuai ukuran pas kenyamanan bagus busaa tebal helm bagus sebenarnya tapih cat nya banyak lecet kurang bagus pengecetan sama lock visor agak longgar,24,positive,0.28123044967651367
armandzaky,bahan ok pas bngt keren,5,0,1743084522,bahan ok pas bngt keren,bahan ok pas bngt keren,5,label_3,0.32422587275505066
wpol86mp8k,"Warna:maroon dop
Ukuran:s
Kenyamanan:ok

Mkasih.. Barang sidak ktrima",5,0,1747841719,warna maroon dop ukuran s kenyamanan ok mkasih barang sidak ktrima,warna maroon dop ukuran s kenyamanan ok mkasih barang sidak ktrima,11,positive,0.31114962697029114
kiosmerah234,"Warna:hitam
Ukuran:xl
Kenyamanan:manrapp",5,0,1746499092,warna hitam ukuran xl kenyamanan manrapp,warna hitam ukuran xl kenyamanan manrapp,6,label_3,0.2740626633167267
wakhidtawakkal99,"Warna:jos
Ukuran:pnp
Kenyamanan:mantap betul",5,0,1738913919,warna jos ukuran pnp kenyamanan mantap betul,warna jos ukuran pnp kenyamanan mantap betul,7,positive,0.2895797789096832
ashaasy,"Warna:kereen
Ukuran:pas dg kepala
Kenyamanan:busa tebal",5,0,1744635823,warna kereen ukuran pas dg kepala kenyamanan busa tebal,warna kereen ukuran pas dg kepala kenyamanan busa tebal,9,label_3,0.3190617859363556
mohammadrifqi294,"Warna:sesuai pesanan
Ukuran:pas
Kenyamanan:nyaman, joss",5,0,1744800650,warna sesuai pesanan ukuran pas kenyamanan nyaman joss,warna sesuai pesanan ukuran pas kenyamanan nyaman joss,8,label_3,0.28645846247673035
d*****o,"Ada kesalahan pengiriman warna, tapi overall good",5,0,1742255210,ada kesalahan pengiriman warna tapi overall good,ada kesalahan pengiriman warna tapi overall good,7,label_3,0.2989557981491089
s14ry8bwom,"Warna:sangat bagus
Ukuran:L
Kenyamanan:nyaman dan ringan",5,0,1748411112,warna sangat bagus ukuran l kenyamanan nyaman dan ringan,warna sangat bagus ukuran l kenyamanan nyaman dan ringan,9,positive,0.2516900897026062
dahliyanisaputri,"Warna:sesuai di gambar
Ukuran:pas bgttt
Kenyamanan:nyaman",5,0,1743742375,warna sesuai di gambar ukuran pas bgttt kenyamanan nyaman,warna sesuai di gambar ukuran pas bgttt kenyamanan nyaman,9,label_3,0.3145449459552765
iyonmaskur,Sy.. Pessn  L tpi besar kya XL jdi kbeaaran nga enak d pake,5,0,1744877436,sy pessn l tpi besar kya xl jdi kbeaaran nga enak d pake,sy pessn l tpi besar kya xl jdi kbeaaran nga enak d pake,13,positive,0.322361022233963
i26570cz_x,"Warna:memiliki pigmen yg bagus
Ukuran:pas dikepala dan nyaman
Kenyamanan:ringan",5,0,1742615719,warna memiliki pigmen yg bagus ukuran pas dikepala dan nyaman kenyamanan ringan,warna memiliki pigmen yg bagus ukuran pas dikepala dan nyaman kenyamanan ringan,12,positive,0.2846718728542328
w8i4lfwcrw,"Warna:merah D
Ukuran:m
Kenyamanan:nyaman

Bagus GK kaleng² murah juga",5,0,1750419076,warna merah d ukuran m kenyamanan nyaman bagus gk kaleng murah juga,warna merah d ukuran m kenyamanan nyaman bagus gk kaleng murah juga,12,positive,0.2964625060558319
byonedkzulzuliant,"Warna:nice
Ukuran:fasss
Kenyamanan:aaaahhh kurang empuks:V",5,0,1750338720,warna nice ukuran fasss kenyamanan aaaahhh kurang empuks v,warna nice ukuran fasss kenyamanan aaaahhh kurang empuks v,9,positive,0.30598780512809753
rendanovallucciano,Ukuran:pass,5,0,1733639019,ukuran pass,ukuran pass,2,positive,0.2964780926704407
slametekocahyono,Barang bagus remonended banget cuma sayamknya jasa expedisi pengirim nya yang lemaot sicepat aduh jangan oake sicepat lagi ... Klo terkait barang sangat bagys sesuai expetasi,5,0,1746518213,barang bagus remonended banget cuma sayamknya jasa expedisi pengirim nya yang lemaot sicepat aduh jangan oake sicepat lagi klo terkait barang sangat bagys sesuai expetasi,barang bagus remonended banget cuma sayamknya jasa expedisi pengirim nya yang lemaot sicepat aduh jangan oake sicepat lagi klo terkait barang sangat bagys sesuai expetasi,25,positive,0.3061833381652832
p*****w,"Warna:sesuai pesanan
Ukuran:pas
Kenyamanan:belum dipakai

Helm nya ada yang pecah 👎",4,0,1742466412,warna sesuai pesanan ukuran pas kenyamanan belum dipakai helm nya ada yang pecah,warna sesuai pesanan ukuran pas kenyamanan belum dipakai helm nya ada yang pecah,13,label_3,0.28987711668014526
r*****7,"Warna:bagus
Ukuran:pas sesuai
Kenyamanan:terasa sejuk dan nyaman

Harga murah, kualitas gak murahan.
Pesanan sampai tujuan melebihi batas waktu estimasi datang.
Lama di bagian pengemasan.",5,0,1751585205,warna bagus ukuran pas sesuai kenyamanan terasa sejuk dan nyaman harga murah kualitas gak murahan pesanan sampai tujuan melebihi batas waktu estimasi datang lama di bagian pengemasan,warna bagus ukuran pas sesuai kenyamanan terasa sejuk dan nyaman harga murah kualitas gak murahan pesanan sampai tujuan melebihi batas waktu estimasi datang lama di bagian pengemasan,27,positive,0.2595387399196625
xzmr1hq1h5,"Warna:bagus
Ukuran:sesuai
Kenyamanan:nyaman dan tebal",5,0,1737274426,warna bagus ukuran sesuai kenyamanan nyaman dan tebal,warna bagus ukuran sesuai kenyamanan nyaman dan tebal,8,label_3,0.2759411633014679
kembarshoop14,"Warna:hitam
Ukuran:pas
Kenyamanan:lumayan

Barang sudah sampai dan terlalu enteng, tapi ya sudahlah,tidak sesuai yang di harapkan, namun karna sudah barang sampai juga ya biarkan",2,0,1747747133,warna hitam ukuran pas kenyamanan lumayan barang sudah sampai dan terlalu enteng tapi ya sudahlah tidak sesuai yang di harapkan namun karna sudah barang sampai juga ya biarkan,warna hitam ukuran pas kenyamanan lumayan barang sudah sampai dan terlalu enteng tapi ya sudahlah tidak sesuai yang di harapkan namun karna sudah barang sampai juga ya biarkan,28,positive,0.28650978207588196
titintitin563,Warna:hitam ko,5,0,1746680464,warna hitam ko,warna hitam ko,3,positive,0.29949918389320374
c4cab4im,"Warna:ok
Ukuran:ok
Kenyamanan:lumayan,cm busanya terlalu tebal bagian pipi",5,0,1742692856,warna ok ukuran ok kenyamanan lumayan cm busanya terlalu tebal bagian pipi,warna ok ukuran ok kenyamanan lumayan cm busanya terlalu tebal bagian pipi,12,label_3,0.2682340145111084
fajarfaturachmam,"Warna:hidam dof
Ukuran:m
Kenyamanan:sesuai harga",5,0,1738504417,warna hidam dof ukuran m kenyamanan sesuai harga,warna hidam dof ukuran m kenyamanan sesuai harga,8,label_3,0.2751728892326355
sopyanihsanudin,"Warna:hitam dof
Ukuran:pas
Kenyamanan:busa belakang tidak begitu, wajarlah harga segitu..... kritik terhadap jasa kirim, lama bgt, sampe seminggu... padahal udah deket tapi masih butuh waktu 5 hari untuk sampai rumah... tolong kedepannya lebih diperhatikan...",3,0,1736760400,warna hitam dof ukuran pas kenyamanan busa belakang tidak begitu wajarlah harga segitu kritik terhadap jasa kirim lama bgt sampe seminggu padahal udah deket tapi masih butuh waktu 5 hari untuk sampai rumah tolong kedepannya lebih diperhatikan,warna hitam dof ukuran pas kenyamanan busa belakang tidak begitu wajarlah harga segitu kritik terhadap jasa kirim lama bgt sampe seminggu padahal udah deket tapi masih butuh waktu 5 hari untuk sampai rumah tolong kedepannya lebih diperhatikan,37,positive,0.2991058826446533
jacks_separuhw,,4,0,1753118060,,,1,positive,0.27766895294189453
h*****d,"Warna:hitam
Ukuran:pas
Kenyamanan:lumayan nyaman

Packing sangat tidak save. Barang sesuai yg diiklankan",5,0,1761244131,warna hitam ukuran pas kenyamanan lumayan nyaman packing sangat tidak save barang sesuai yg diiklankan,warna hitam ukuran pas kenyamanan lumayan nyaman packing sangat tidak save barang sesuai yg diiklankan,15,positive,0.2552071213722229
nada.yz,"Warna:bagus
Ukuran:pas
Kualitas:baut samping tidak simetris",5,0,1734665962,warna bagus ukuran pas kualitas baut samping tidak simetris,warna bagus ukuran pas kualitas baut samping tidak simetris,9,label_3,0.2948448061943054
mafalihaulamafaza,"Warna:baguss
Ukuran:pass dan sesuaii
Kenyamanan:nyaman saat dipakai",5,0,1736141099,warna baguss ukuran pass dan sesuaii kenyamanan nyaman saat dipakai,warna baguss ukuran pass dan sesuaii kenyamanan nyaman saat dipakai,10,label_3,0.27845433354377747
0v6iqwavxg,,1,0,1758476681,,,1,positive,0.27766895294189453
taoh5v08zx,"Barangnya bagus, sesuai dengan yg di gambar.",5,0,1749511253,barangnya bagus sesuai dengan yg di gambar,barangnya bagus sesuai dengan yg di gambar,7,label_3,0.3104630410671234
jeffry_harazuku,Mantap .. kualitas baik toko amanah,5,0,1731573462,mantap kualitas baik toko amanah,mantap kualitas baik toko amanah,5,label_3,0.295197069644928
celengasu145,"Warna:sesuai deskripsi
Ukuran:sesuai
Kenyamanan:nyaman

Harga murah tapi nggak murahan next order lagi,,,,",5,0,1761824778,warna sesuai deskripsi ukuran sesuai kenyamanan nyaman harga murah tapi nggak murahan next order lagi,warna sesuai deskripsi ukuran sesuai kenyamanan nyaman harga murah tapi nggak murahan next order lagi,15,label_3,0.27646082639694214
i*****3,"Warna:bagus
Ukuran:xl ternyata sempit
Kenyamanan:sempit jad pipi kaya monyong

agak sempit padahal sudah minta yg Xl dan engga ada keterangan ukuran. 
padahal dengan ukuran yg sama di merk lain cukup.
packing penyok bubble wrapnya tipis.",3,0,1744701722,warna bagus ukuran xl ternyata sempit kenyamanan sempit jad pipi kaya monyong agak sempit padahal sudah minta yg xl dan engga ada keterangan ukuran padahal dengan ukuran yg sama di merk lain cukup packing penyok bubble wrapnya tipis,warna bagus ukuran xl ternyata sempit kenyamanan sempit jad pipi kaya monyong agak sempit padahal sudah minta yg xl dan engga ada keterangan ukuran padahal dengan ukuran yg sama di merk lain cukup packing penyok bubble wrapnya tipis,38,positive,0.28043386340141296
r4axklsash,"Warna:oke
Ukuran:XL
Kenyamanan:ok",5,0,1748179373,warna oke ukuran xl kenyamanan ok,warna oke ukuran xl kenyamanan ok,6,label_3,0.3018615245819092
hafshahzarmina,Goood lah dengan harga segitu,5,0,1757682231,goood lah dengan harga segitu,goood lah dengan harga segitu,5,label_3,0.30616307258605957
oji_april,"Warna:bagus
Ukuran:kurang pas
Kenyamanan:lumayan

Sepadan dgn harga",5,0,1741314716,warna bagus ukuran kurang pas kenyamanan lumayan sepadan dgn harga,warna bagus ukuran kurang pas kenyamanan lumayan sepadan dgn harga,10,label_3,0.2654808759689331
4zx7w64vye,Warna:oke,5,0,1742906798,warna oke,warna oke,2,positive,0.27557891607284546
armansupriadi86,Biarkan bintang yang berbicara ☺️,5,0,1756005840,biarkan bintang yang berbicara,biarkan bintang yang berbicara,4,label_3,0.24861764907836914
vivivalensia,Bagus sesuai d fto,5,0,1748836548,bagus sesuai d fto,bagus sesuai d fto,4,label_3,0.2917029559612274
cndra_55,"Warna:hitam
Ukuran:L
Kenyamanan:mantapp, tebel dalamnya sesuai ekspektasi",5,0,1745489478,warna hitam ukuran l kenyamanan mantapp tebel dalamnya sesuai ekspektasi,warna hitam ukuran l kenyamanan mantapp tebel dalamnya sesuai ekspektasi,10,label_3,0.3136407434940338
whoodhy,Sangat bagus sesuai kebutuhan dan harga nya,5,0,1740021459,sangat bagus sesuai kebutuhan dan harga nya,sangat bagus sesuai kebutuhan dan harga nya,7,positive,0.26476526260375977
6m667mm9wu,Bagus sesuai dengan keinginan,5,0,1751731502,bagus sesuai dengan keinginan,bagus sesuai dengan keinginan,4,label_3,0.2899106740951538
ianlxrose,"Warna:Hitam G
Ukuran:M
Kenyamanan:Pas Nyaman

Helm oke tnpa lecet dan mulus banget, tapi sayangnya perekat spoiler nya gak ada",5,0,1748860484,warna hitam g ukuran m kenyamanan pas nyaman helm oke tnpa lecet dan mulus banget tapi sayangnya perekat spoiler nya gak ada,warna hitam g ukuran m kenyamanan pas nyaman helm oke tnpa lecet dan mulus banget tapi sayangnya perekat spoiler nya gak ada,22,positive,0.2801884114742279
u*****8,Lumayan lah untuk harga anak sekolahan.helm nyaman juga kok.cuma kaca nya aj kurang terang.selebih nya mantap.terima kasih seller n shopee,5,0,1736405092,lumayan lah untuk harga anak sekolahan helm nyaman juga kok cuma kaca nya aj kurang terang selebih nya mantap terima kasih seller n shopee,lumayan lah untuk harga anak sekolahan helm nyaman juga kok cuma kaca nya aj kurang terang selebih nya mantap terima kasih seller n shopee,24,positive,0.28724032640457153
fadilahtunnikmah616,,4,0,1757336468,,,1,positive,0.27766895294189453
nataliuscuan,"Warna:sesuai hitam glosy
Ukuran:pas L
Kenyamanan:lumayan nyaman dan ringan

Helm nya lumayan bagus semoga awet tidak gmpang rusak.",5,0,1756005631,warna sesuai hitam glosy ukuran pas l kenyamanan lumayan nyaman dan ringan helm nya lumayan bagus semoga awet tidak gmpang rusak,warna sesuai hitam glosy ukuran pas l kenyamanan lumayan nyaman dan ringan helm nya lumayan bagus semoga awet tidak gmpang rusak,21,positive,0.29844537377357483
w*****a,"Warna:bagus
Ukuran:pas
Kenyamanan:nyaman

buat barang oke sih cman knapa di kasihnya spoiler bening kirain saya mah hitam",5,0,1750943807,warna bagus ukuran pas kenyamanan nyaman buat barang oke sih cman knapa di kasihnya spoiler bening kirain saya mah hitam,warna bagus ukuran pas kenyamanan nyaman buat barang oke sih cman knapa di kasihnya spoiler bening kirain saya mah hitam,20,positive,0.30307409167289734
ridhoadam123.q,"Warna:hitam dof
Ukuran:L sangan pas buat cwok
Kenyamanan:lumyan tebel

Baguss banget rekomendd jngan ragu dahh cepet CO",5,0,1759417404,warna hitam dof ukuran l sangan pas buat cwok kenyamanan lumyan tebel baguss banget rekomendd jngan ragu dahh cepet co,warna hitam dof ukuran l sangan pas buat cwok kenyamanan lumyan tebel baguss banget rekomendd jngan ragu dahh cepet co,20,positive,0.31579819321632385
lennifebrianty,Barangnya SDH sampai bagus sesuai dengan gambar tapi sayang pelayanan penjual nya sama kurirnya kurang bagus,5,0,1745647464,barangnya sdh sampai bagus sesuai dengan gambar tapi sayang pelayanan penjual nya sama kurirnya kurang bagus,barangnya sdh sampai bagus sesuai dengan gambar tapi sayang pelayanan penjual nya sama kurirnya kurang bagus,16,label_3,0.2867809236049652
rusmirusmi350,"Warna:grey
Ukuran:M
Kenyamanan:ringan dan nyaman pas di pake",5,0,1744177589,warna grey ukuran m kenyamanan ringan dan nyaman pas di pake,warna grey ukuran m kenyamanan ringan dan nyaman pas di pake,11,label_3,0.2836621403694153
qk4ya7wcaf,"Warna:ok
Ukuran:pas
Kenyamanan:kurang nyaman saat di pakai",4,0,1739969364,warna ok ukuran pas kenyamanan kurang nyaman saat di pakai,warna ok ukuran pas kenyamanan kurang nyaman saat di pakai,10,label_3,0.2682044208049774
aziss2602,"Warna:hitam D
Ukuran:L
Kenyamanan:pas dan nyamaan di gunakan",5,0,1741141385,warna hitam d ukuran l kenyamanan pas dan nyamaan di gunakan,warna hitam d ukuran l kenyamanan pas dan nyamaan di gunakan,11,positive,0.2684161365032196
r*****3,"Warna:hitam
Ukuran:XL
Kenyamanan:nyaman",4,0,1757165148,warna hitam ukuran xl kenyamanan nyaman,warna hitam ukuran xl kenyamanan nyaman,6,label_3,0.2910815477371216
a*****d,"Warna:sesuai gambar
Ukuran:pas
Kenyamanan:ringan pas dikepala",5,0,1741620489,warna sesuai gambar ukuran pas kenyamanan ringan pas dikepala,warna sesuai gambar ukuran pas kenyamanan ringan pas dikepala,9,label_3,0.2814430296421051
neng_ana72,"Warna:sesuai
Ukuran:pas dikepala
Kenyamanan:nyaman dipakainya",5,0,1740733835,warna sesuai ukuran pas dikepala kenyamanan nyaman dipakainya,warna sesuai ukuran pas dikepala kenyamanan nyaman dipakainya,8,label_3,0.30419254302978516
kanda_ae,"Warna:warna sesuai dan bagus
Ukuran:ukuran pas di kepala",5,0,1741181213,warna warna sesuai dan bagus ukuran ukuran pas di kepala,warna warna sesuai dan bagus ukuran ukuran pas di kepala,10,positive,0.2799929678440094
l0cr62x14b,"Ukuran:pas
Kenyamanan:pol",1,0,1742543121,ukuran pas kenyamanan pol,ukuran pas kenyamanan pol,4,label_3,0.2969023883342743
sped_69.anaknyapakwayan,,5,0,1754362059,,,1,positive,0.27766895294189453
joejonathan496,,5,0,1752984608,,,1,positive,0.27766895294189453
hadziqahmad,,5,0,1750473949,,,1,positive,0.27766895294189453
putrabungsu244,,5,0,1758205753,,,1,positive,0.27766895294189453
fazkasyah,,5,0,1753155279,,,1,positive,0.27766895294189453
dhikabae,,5,0,1754630165,,,1,positive,0.27766895294189453
plagaoleng,,5,0,1758165376,,,1,positive,0.27766895294189453
t6yxsmhyr4,Warna:bagus,5,0,1742302835,warna bagus,warna bagus,2,positive,0.259007066488266
yudiandreas09,,5,0,1757806663,,,1,positive,0.27766895294189453
husnulkhatimah070300,,5,0,1758352560,,,1,positive,0.27766895294189453
alfinrizaldi99,,5,0,1756212720,,,1,positive,0.27766895294189453
giltri.f,,5,0,1756107947,,,1,positive,0.27766895294189453
bismillah1987,,5,0,1752969796,,,1,positive,0.27766895294189453
naisa6,,5,0,1752943809,,,1,positive,0.27766895294189453
gabrielpasaribu865,"Warna:putih
Ukuran:L

kekurangan kardus sudah rusak dan helm ada yang lecet",5,0,1740296210,warna putih ukuran l kekurangan kardus sudah rusak dan helm ada yang lecet,warna putih ukuran l kekurangan kardus sudah rusak dan helm ada yang lecet,13,label_3,0.2829134464263916
a*****r,Sesuai harga,5,0,1736639122,sesuai harga,sesuai harga,2,positive,0.27686578035354614
u.s.ripto,Oke top,5,0,1758463143,oke top,oke top,2,positive,0.25335028767585754
k*****a,"Kenyamanan:nyaman

Murah sih.... Sesuai harga... Soalnya baru pertama beli helm ol... Cat tidak rapih dan kasar....karet pelindung keras...belum dapat yg murah tp berkualitas di produk ini....",2,0,1741127979,kenyamanan nyaman murah sih sesuai harga soalnya baru pertama beli helm ol cat tidak rapih dan kasar karet pelindung keras belum dapat yg murah tp berkualitas di produk ini,kenyamanan nyaman murah sih sesuai harga soalnya baru pertama beli helm ol cat tidak rapih dan kasar karet pelindung keras belum dapat yg murah tp berkualitas di produk ini,29,positive,0.2923537492752075
zikrihidayatullah939,"Warna:lecet
Ukuran:pas sih
Kenyamanan:nyaman

packing nya kurang bagus.. lecet deh jadi nya..",5,0,1758644928,warna lecet ukuran pas sih kenyamanan nyaman packing nya kurang bagus lecet deh jadi nya,warna lecet ukuran pas sih kenyamanan nyaman packing nya kurang bagus lecet deh jadi nya,15,positive,0.3191799521446228
vendrycosusanto,"Warna:warna sesuai
Ukuran:ukuran ya pas
Kenyamanan:kenyamanan nya cukup",5,0,1744956545,warna warna sesuai ukuran ukuran ya pas kenyamanan kenyamanan nya cukup,warna warna sesuai ukuran ukuran ya pas kenyamanan kenyamanan nya cukup,11,positive,0.29090937972068787
s*****3,ad yg lecet sm rusak sdkit bgt ajaa,5,0,1753442871,ad yg lecet sm rusak sdkit bgt ajaa,ad yg lecet sm rusak sdkit bgt ajaa,8,label_3,0.31416264176368713
ramdaniaj,"Warna:sesuai pesanan
Ukuran:ukuran pas
Kenyamanan:nyaman dipakai

Kualitas bagus sesuai harga",5,0,1761477027,warna sesuai pesanan ukuran ukuran pas kenyamanan nyaman dipakai kualitas bagus sesuai harga,warna sesuai pesanan ukuran ukuran pas kenyamanan nyaman dipakai kualitas bagus sesuai harga,13,positive,0.26575952768325806
hiskiatobing996,"Warna:Black Doff
Ukuran:L
Kenyamanan:Lumayan Nyaman

Helm dengan harga terjangkau, lumayan bagus dan nyaman. Mantap",5,0,1762777322,warna black doff ukuran l kenyamanan lumayan nyaman helm dengan harga terjangkau lumayan bagus dan nyaman mantap,warna black doff ukuran l kenyamanan lumayan nyaman helm dengan harga terjangkau lumayan bagus dan nyaman mantap,17,positive,0.28283265233039856
e*****r,"Warna:bagus putih terang
Ukuran:pas tetapi agak longgar dikit
Kenyamanan:nyaman tetapi helmnya besar banget jadi berat

bagus suka cuman belakanganya itu yang aksesoris itu kan ada solatip nya tetapi solatip nya gak ngerekat banegt tetapi oke tapi yg aku gasukain kacanya sih soalnya kayak lincip gitu jadi pas di buka sambil naik sepeda itu aneh banegt kek paruh burung",5,0,1759216341,warna bagus putih terang ukuran pas tetapi agak longgar dikit kenyamanan nyaman tetapi helmnya besar banget jadi berat bagus suka cuman belakanganya itu yang aksesoris itu kan ada solatip nya tetapi solatip nya gak ngerekat banegt tetapi oke tapi yg aku gasukain kacanya sih soalnya kayak lincip gitu jadi pas di buka sambil naik sepeda itu aneh banegt kek paruh burung,warna bagus putih terang ukuran pas tetapi agak longgar dikit kenyamanan nyaman tetapi helmnya besar banget jadi berat bagus suka cuman belakanganya itu yang aksesoris itu kan ada solatip nya tetapi solatip nya gak ngerekat banegt tetapi oke tapi yg aku gasukain kacanya sih soalnya kayak lincip gitu jadi pas di buka sambil naik sepeda itu aneh banegt kek paruh burung,61,positive,0.29660141468048096
d*****4,,5,0,1753612579,,,1,positive,0.27766895294189453
raffiadityapr_,"Warna:Hitam Glossy
Ukuran:Pas
Kenyamanan:Ringan dan nyaman ketika di pakai, recomend",5,0,1758690667,warna hitam glossy ukuran pas kenyamanan ringan dan nyaman ketika di pakai recomend,warna hitam glossy ukuran pas kenyamanan ringan dan nyaman ketika di pakai recomend,13,label_3,0.2735324800014496
eaglehorn,"Warna:keren pol
Ukuran:terlalu kecil
Kenyamanan:nyaman

Antara kepala gue yg kegedean, atau ukuran helmnya yg kekecilan. Overall good sih, busanya tebel banget jd empuk, jd terasa sempit di kepala",5,0,1761379777,warna keren pol ukuran terlalu kecil kenyamanan nyaman antara kepala gue yg kegedean atau ukuran helmnya yg kekecilan overall good sih busanya tebel banget jd empuk jd terasa sempit di kepala,warna keren pol ukuran terlalu kecil kenyamanan nyaman antara kepala gue yg kegedean atau ukuran helmnya yg kekecilan overall good sih busanya tebel banget jd empuk jd terasa sempit di kepala,31,label_3,0.27260711789131165
super.slamet,"Warna:sesuai gambar
Ukuran:ok
Kenyamanan:nyaman di pakai",5,0,1740486356,warna sesuai gambar ukuran ok kenyamanan nyaman di pakai,warna sesuai gambar ukuran ok kenyamanan nyaman di pakai,9,label_3,0.2843703329563141
awingal,Ukuran:besar banget helmnya ukuran kepala pas helm aja yg besar,2,0,1739503261,ukuran besar banget helmnya ukuran kepala pas helm aja yg besar,ukuran besar banget helmnya ukuran kepala pas helm aja yg besar,11,label_3,0.2844633460044861
siswoyo261,,4,0,1754898370,,,1,positive,0.27766895294189453
f*****7,"Warna:sesuai dengan yang dipesan
Ukuran:pas
Kenyamanan:nyaman",5,0,1744102329,warna sesuai dengan yang dipesan ukuran pas kenyamanan nyaman,warna sesuai dengan yang dipesan ukuran pas kenyamanan nyaman,9,label_3,0.2809300422668457
hasyafa46,"Warna:pas
Ukuran:pas
Kenyamanan:barang bagus, mantap",5,0,1744206182,warna pas ukuran pas kenyamanan barang bagus mantap,warna pas ukuran pas kenyamanan barang bagus mantap,8,label_3,0.29900527000427246
,"Warna:Hitam doff
Ukuran:M
Kenyamanan:Nyaman

Buat warna dan ukuran sudah pas, namun karet bagian bawah helm terlepas mungkin lemnya kurang kuat. Overall sudah good",4,0,1746858078,warna hitam doff ukuran m kenyamanan nyaman buat warna dan ukuran sudah pas namun karet bagian bawah helm terlepas mungkin lemnya kurang kuat overall sudah good,warna hitam doff ukuran m kenyamanan nyaman buat warna dan ukuran sudah pas namun karet bagian bawah helm terlepas mungkin lemnya kurang kuat overall sudah good,26,positive,0.25671589374542236
lojongboy,"Ukuran:pas
Durabilitas:sangat bagus
Desain:keren",5,0,1730605030,ukuran pas durabilitas sangat bagus desain keren,ukuran pas durabilitas sangat bagus desain keren,7,positive,0.2705484628677368
jtmtpiimnn,"Ukuran:pas

Ada yg patah dibagian saluran angin",4,0,1760359245,ukuran pas ada yg patah dibagian saluran angin,ukuran pas ada yg patah dibagian saluran angin,8,label_3,0.3035728931427002
alfianayatillah517,mantap sesuai pesanan,5,0,1735360429,mantap sesuai pesanan,mantap sesuai pesanan,3,label_3,0.30378735065460205
carakabuwono,"Warna:bagus dopenya cuma ada baret2 dikit gapapa deh
Ukuran:enak buat pacil m
Kenyamanan:m aja buat pala gue yg kecil lumayan sempit buat kalian yang mau agak longgar ambil L aja",5,0,1760101621,warna bagus dopenya cuma ada baret2 dikit gapapa deh ukuran enak buat pacil m kenyamanan m aja buat pala gue yg kecil lumayan sempit buat kalian yang mau agak longgar ambil l aja,warna bagus dopenya cuma ada baret2 dikit gapapa deh ukuran enak buat pacil m kenyamanan m aja buat pala gue yg kecil lumayan sempit buat kalian yang mau agak longgar ambil l aja,33,label_3,0.28064098954200745
martinsavrizal,"Warna:hitam doff
Ukuran:M

Helm nya sudh sampai lengkap dgn spoiler nya...
Tpi syg enggak press padahal sudh pesan ukuran M",5,0,1758196791,warna hitam doff ukuran m helm nya sudh sampai lengkap dgn spoiler nya tpi syg enggak press padahal sudh pesan ukuran m,warna hitam doff ukuran m helm nya sudh sampai lengkap dgn spoiler nya tpi syg enggak press padahal sudh pesan ukuran m,22,positive,0.26696035265922546
dianrizqullah,"Warna:bagus sesuai
Ukuran:pas di kepala
Kenyamanan:keren dah nih",5,0,1750169828,warna bagus sesuai ukuran pas di kepala kenyamanan keren dah nih,warna bagus sesuai ukuran pas di kepala kenyamanan keren dah nih,11,label_3,0.33204588294029236
nitzy13,"Warna:sesuai
Ukuran:pas
Kenyamanan:kurang nyaman, kaca depan gak mulus buka tutup",3,0,1737261455,warna sesuai ukuran pas kenyamanan kurang nyaman kaca depan gak mulus buka tutup,warna sesuai ukuran pas kenyamanan kurang nyaman kaca depan gak mulus buka tutup,13,label_3,0.27379968762397766
mhsyahputra,"Warna:bagus
Ukuran:agak kecil dari normal, lebih bagus bei yang diatas biasa pemakaian
Kenyamanan:nyaman,.bagi yg suka press di pipi (kalau saya kurang)

Bagus, tapi yang dipilih HKM malah yg dikirim MLA",5,0,1755272180,warna bagus ukuran agak kecil dari normal lebih bagus bei yang diatas biasa pemakaian kenyamanan nyaman bagi yg suka press di pipi kalau saya kurang bagus tapi yang dipilih hkm malah yg dikirim mla,warna bagus ukuran agak kecil dari normal lebih bagus bei yang diatas biasa pemakaian kenyamanan nyaman bagi yg suka press di pipi kalau saya kurang bagus tapi yang dipilih hkm malah yg dikirim mla,34,positive,0.30305376648902893
denismuhammaddenis650,"Warna:bagus
Ukuran:pas
Kenyamanan:ringan pas di pakai👊

Saya gk video lagi karena udah yakin",5,0,1758897840,warna bagus ukuran pas kenyamanan ringan pas di pakai saya gk video lagi karena udah yakin,warna bagus ukuran pas kenyamanan ringan pas di pakai saya gk video lagi karena udah yakin,16,positive,0.2900190055370331
n*****.,baru dateng udh pada patah semua sedih bgt,2,2,1744111260,baru dateng udh pada patah semua sedih bgt,baru dateng udh pada patah semua sedih bgt,8,positive,0.3416943848133087
dwisugiharto,"Barang sudah diterima, bagus, semoga awet....",5,0,1738831868,barang sudah diterima bagus semoga awet,barang sudah diterima bagus semoga awet,6,label_3,0.29661980271339417
musliminmuslimin563,"Warna:hitam
Ukuran:pas dan sesuai
Kenyamanan:sangat nyaman di pakai",5,0,1739858960,warna hitam ukuran pas dan sesuai kenyamanan sangat nyaman di pakai,warna hitam ukuran pas dan sesuai kenyamanan sangat nyaman di pakai,11,label_3,0.26194170117378235
f*****h,"Warna:merah glosi
Ukuran:XL
Kenyamanan:nyaman

Warna sesuai barang bagus ringan, mines lecet sama vent atas kendor kaya mau copot
Tapi okelah ya helm 100rb an",4,0,1737286517,warna merah glosi ukuran xl kenyamanan nyaman warna sesuai barang bagus ringan mines lecet sama vent atas kendor kaya mau copot tapi okelah ya helm 100rb an,warna merah glosi ukuran xl kenyamanan nyaman warna sesuai barang bagus ringan mines lecet sama vent atas kendor kaya mau copot tapi okelah ya helm 100rb an,27,positive,0.3103750944137573
softboy454,"Warna:putih
Ukuran:M
Kenyamanan:sangat nyaman",5,0,1736732809,warna putih ukuran m kenyamanan sangat nyaman,warna putih ukuran m kenyamanan sangat nyaman,7,label_3,0.2763751745223999
bayufebrianto11,"""Jgn di ulang kembali""",5,0,1755183610,jgn di ulang kembali,jgn di ulang kembali,4,positive,0.28905895352363586
angkyoso,"Barang sudah datang dan diterima, mudah2an Awet dan bisa Tahan Lama",5,0,1742981452,barang sudah datang dan diterima mudah2an awet dan bisa tahan lama,barang sudah datang dan diterima mudah2an awet dan bisa tahan lama,11,positive,0.2929947078227997
rioadisaputra407,,2,0,1750330212,,,1,positive,0.27766895294189453
luthfan88,"Warna:Merah maroon
Ukuran:XL
Kenyamanan:Ringan

Bagus helm nya sesuai pesanan, pengiriman juga cepat karena pakai sameday",5,0,1759242417,warna merah maroon ukuran xl kenyamanan ringan bagus helm nya sesuai pesanan pengiriman juga cepat karena pakai sameday,warna merah maroon ukuran xl kenyamanan ringan bagus helm nya sesuai pesanan pengiriman juga cepat karena pakai sameday,18,positive,0.28974270820617676
farhanulqalbijr,"Ukuran:Ada yg retak dkt spoiler, tp gpp la
Desain:keren",5,0,1730766053,ukuran ada yg retak dkt spoiler tp gpp la desain keren,ukuran ada yg retak dkt spoiler tp gpp la desain keren,11,label_3,0.3267805874347687
trionoalqorni,"Warna:maroon
Ukuran:L
Kenyamanan:nyaman",5,0,1736592840,warna maroon ukuran l kenyamanan nyaman,warna maroon ukuran l kenyamanan nyaman,6,label_3,0.2913094758987427
y4taq18fnz,"Warna:warna nya agak kusam
Ukuran:pas
Kenyamanan:nyaman

Stiker ga sesuai di poto",4,0,1741677579,warna warna nya agak kusam ukuran pas kenyamanan nyaman stiker ga sesuai di poto,warna warna nya agak kusam ukuran pas kenyamanan nyaman stiker ga sesuai di poto,14,label_3,0.29769739508628845
etenjr,Mantap pak bos👍,5,0,1756743349,mantap pak bos,mantap pak bos,3,positive,0.27164292335510254
i*****a,"Warna:hitam doff
Ukuran:XL pas
Kenyamanan:nyaman

Bagus barangnya tapi baru dipake 1x spoiler lepas dan ilang",5,0,1757576275,warna hitam doff ukuran xl pas kenyamanan nyaman bagus barangnya tapi baru dipake 1x spoiler lepas dan ilang,warna hitam doff ukuran xl pas kenyamanan nyaman bagus barangnya tapi baru dipake 1x spoiler lepas dan ilang,18,positive,0.2842085659503937
galuh19427,Produk bagus 👍👍,5,0,1742276716,produk bagus,produk bagus,2,positive,0.26546937227249146
,"Warna:sesuai
Ukuran:pas
Kenyamanan:busa tipis

Ada baret besar 2 titik",3,0,1741670353,warna sesuai ukuran pas kenyamanan busa tipis ada baret besar 2 titik,warna sesuai ukuran pas kenyamanan busa tipis ada baret besar 2 titik,12,label_3,0.2713756859302521
czud8vir2m,"Warna:cocok
Ukuran:cocok
Kenyamanan:sangat nyaman

keren paten jos 👍",5,0,1736520178,warna cocok ukuran cocok kenyamanan sangat nyaman keren paten jos,warna cocok ukuran cocok kenyamanan sangat nyaman keren paten jos,10,positive,0.3373338580131531
putraagam462,Warna:mayan,5,0,1737646511,warna mayan,warna mayan,2,positive,0.31804290413856506
v*****8,"Tidak ada busa di atasnya, bikin kepala sakit ketika di pakai",1,0,1747368574,tidak ada busa di atasnya bikin kepala sakit ketika di pakai,tidak ada busa di atasnya bikin kepala sakit ketika di pakai,11,label_3,0.2948215901851654
nurvarediansyah,"Warna:sesuai pesanan
Ukuran:XL rasa L
Kenyamanan:panas

Semua kualitas memang sudah sesuai dgn harga, jangan terlalu ngarep lebih jika harga murah 😁🙏

Bentuk dan warna 100% sesuai dgn yg dipesan 👍",4,0,1746955297,warna sesuai pesanan ukuran xl rasa l kenyamanan panas semua kualitas memang sudah sesuai dgn harga jangan terlalu ngarep lebih jika harga murah bentuk dan warna 100 sesuai dgn yg dipesan,warna sesuai pesanan ukuran xl rasa l kenyamanan panas semua kualitas memang sudah sesuai dgn harga jangan terlalu ngarep lebih jika harga murah bentuk dan warna 100 sesuai dgn yg dipesan,31,positive,0.28137481212615967
pitriadiz,mantap,5,0,1761069482,mantap,mantap,1,positive,0.2676052749156952
aryadikhoirulfatah,mantap,5,0,1760356682,mantap,mantap,1,positive,0.2676052749156952
d*****z,Kalo untuk anak2 masih terlalu besar. Tks,5,0,1756285004,kalo untuk anak2 masih terlalu besar tks,kalo untuk anak2 masih terlalu besar tks,7,positive,0.26288384199142456
putrastar02,"Warna:warna sesuai
Ukuran:ukuran nya kurang sesuai saya pesen yg m yg Dateng l
Kenyamanan:kenyamanan lumayan tapi agak kurang pas aja",4,0,1748430004,warna warna sesuai ukuran ukuran nya kurang sesuai saya pesen yg m yg dateng l kenyamanan kenyamanan lumayan tapi agak kurang pas aja,warna warna sesuai ukuran ukuran nya kurang sesuai saya pesen yg m yg dateng l kenyamanan kenyamanan lumayan tapi agak kurang pas aja,23,positive,0.2818218171596527
jejejenny455,"Warna:warna yang di kirim tidak sesuai yang di pesan
Ukuran:L

Warna yang di kirim tidak sesuai yang di pesann, pesan warna putih yang di kirim warna hitam",5,0,1738813393,warna warna yang di kirim tidak sesuai yang di pesan ukuran l warna yang di kirim tidak sesuai yang di pesann pesan warna putih yang di kirim warna hitam,warna warna yang di kirim tidak sesuai yang di pesan ukuran l warna yang di kirim tidak sesuai yang di pesann pesan warna putih yang di kirim warna hitam,29,positive,0.3005417287349701
_bimbom,"Warna:sesuai gambar, mulus tidak ada lecet
Ukuran:pas
Kenyamanan:sangat nyaman

The bestt!!!!!! 🌟🌟🌟🌟🌟",5,0,1751092493,warna sesuai gambar mulus tidak ada lecet ukuran pas kenyamanan sangat nyaman the bestt,warna sesuai gambar mulus tidak ada lecet ukuran pas kenyamanan sangat nyaman the bestt,14,positive,0.2892841398715973
h3rrysky,Helm nya sesuai di gambar tp sayang ada lecet dikit,4,0,1741949980,helm nya sesuai di gambar tp sayang ada lecet dikit,helm nya sesuai di gambar tp sayang ada lecet dikit,10,label_3,0.32553189992904663
yutamlbb625,"Warna:hitam doff
Ukuran:sangat sesuai
Kenyamanan:sangat nyaman

Saya cuma ada 1 keluhan,lem buat masang sayap belakangnya kurang kuat",5,0,1757467112,warna hitam doff ukuran sangat sesuai kenyamanan sangat nyaman saya cuma ada 1 keluhan lem buat masang sayap belakangnya kurang kuat,warna hitam doff ukuran sangat sesuai kenyamanan sangat nyaman saya cuma ada 1 keluhan lem buat masang sayap belakangnya kurang kuat,21,positive,0.29174795746803284
andikavrziawan,Bagus pengiriman cepat,5,0,1738907209,bagus pengiriman cepat,bagus pengiriman cepat,3,label_3,0.2994004189968109
0*****8,Kenyamanan:sesuai dng harga ?,4,0,1736584343,kenyamanan sesuai dng harga,kenyamanan sesuai dng harga,4,label_3,0.2736380696296692
aizamafazamarzia,"Kurir sangat baik dan sopan ,,trimakasih",5,0,1734058720,kurir sangat baik dan sopan trimakasih,kurir sangat baik dan sopan trimakasih,6,positive,0.2694636285305023
qh8jp7gbgq,"Warna:sesuai di gambar
Ukuran:pas uk M
Kenyamanan:ringan dan nyaman",5,0,1741502195,warna sesuai di gambar ukuran pas uk m kenyamanan ringan dan nyaman,warna sesuai di gambar ukuran pas uk m kenyamanan ringan dan nyaman,12,label_3,0.25991517305374146
ardiyan1986,"pas bianget di pakek. mak teplek gak longgar, gak smpit. paaassss bgt",1,0,1739647702,pas bianget di pakek mak teplek gak longgar gak smpit paaassss bgt,pas bianget di pakek mak teplek gak longgar gak smpit paaassss bgt,12,positive,0.31904008984565735
hantu29,Warna:nise,5,0,1746271045,warna nise,warna nise,2,positive,0.2967626452445984
antiimeriani_10,"Bagus , bapak kurir nya juga baik bgt🙏
Sukses selalu buat toko sama bapak kurir nya🙏",4,0,1741265528,bagus bapak kurir nya juga baik bgt sukses selalu buat toko sama bapak kurir nya,bagus bapak kurir nya juga baik bgt sukses selalu buat toko sama bapak kurir nya,15,positive,0.31793734431266785
ilham.wahyudi_1989,,5,0,1754546192,,,1,positive,0.27766895294189453
azrimuhammad552,"Warna:HITAM DOF
Ukuran:xl
Kenyamanan:sangat nyaman

Sangat keren gk nyangka sekeren ini wajib beli sih untuk harganya dengan kualitas nya sih cocok",5,0,1760181858,warna hitam dof ukuran xl kenyamanan sangat nyaman sangat keren gk nyangka sekeren ini wajib beli sih untuk harganya dengan kualitas nya sih cocok,warna hitam dof ukuran xl kenyamanan sangat nyaman sangat keren gk nyangka sekeren ini wajib beli sih untuk harganya dengan kualitas nya sih cocok,24,positive,0.33408838510513306
d*****a,"Warna:bagus
Ukuran:pas
Kenyamanan:terasa sejuk dikulit

Bagus semua
All Please subscribe DhikaTv (Dtv) di YouTube ya.. nanti touring pake helm ini",5,1,1751455298,warna bagus ukuran pas kenyamanan terasa sejuk dikulit bagus semua all please subscribe dhikatv dtv di youtube ya nanti touring pake helm ini,warna bagus ukuran pas kenyamanan terasa sejuk dikulit bagus semua all please subscribe dhikatv dtv di youtube ya nanti touring pake helm ini,23,positive,0.2811526656150818
waldiyanto603,"Ukuran:ukuran pas buat kepala saya
Durabilitas:produknya ada cacat
Desain:lumayan",5,0,1730605053,ukuran ukuran pas buat kepala saya durabilitas produknya ada cacat desain lumayan,ukuran ukuran pas buat kepala saya durabilitas produknya ada cacat desain lumayan,12,label_3,0.29129844903945923
lq8bic9g23,,5,0,1756891181,,,1,positive,0.27766895294189453
cykazrh9q3,"Warna:bagus
Ukuran:passsssssssss
Kenyamanan:lumayaann",5,0,1741175805,warna bagus ukuran passsssssssss kenyamanan lumayaann,warna bagus ukuran passsssssssss kenyamanan lumayaann,6,positive,0.31904837489128113
adebaru010,"Alhamdulilah barang nya sudah di terima,tapi ada lecet sedikit gpp lah buat toko semoga semakin maju dan sukses",5,0,1745845698,alhamdulilah barang nya sudah di terima tapi ada lecet sedikit gpp lah buat toko semoga semakin maju dan sukses,alhamdulilah barang nya sudah di terima tapi ada lecet sedikit gpp lah buat toko semoga semakin maju dan sukses,19,positive,0.3074178993701935
triyai,"Warna:hitam dof
Ukuran:pas
Kenyamanan:nyaman",5,0,1739338923,warna hitam dof ukuran pas kenyamanan nyaman,warna hitam dof ukuran pas kenyamanan nyaman,7,label_3,0.28146377205848694
anuchou,,5,0,1754458258,,,1,positive,0.27766895294189453
daffahafidzun,"Warna:sangat bagus dan sesuai
Ukuran:ukuran produknya pas
Kenyamanan:sangat nyaman saat di pakai kemana mana",5,0,1752579189,warna sangat bagus dan sesuai ukuran ukuran produknya pas kenyamanan sangat nyaman saat di pakai kemana mana,warna sangat bagus dan sesuai ukuran ukuran produknya pas kenyamanan sangat nyaman saat di pakai kemana mana,17,label_3,0.26254191994667053
yoganewyoganew,"Warna:bagus
Ukuran:pas
Kenyamanan:baik dan nyaman

Aku suka banget 🗿",5,0,1760659511,warna bagus ukuran pas kenyamanan baik dan nyaman aku suka banget,warna bagus ukuran pas kenyamanan baik dan nyaman aku suka banget,11,positive,0.3021375834941864
ckyueltofx,"Warna:sesuai dengan gambar
Ukuran:pas
Kenyamanan:nyaman pas",5,0,1746620034,warna sesuai dengan gambar ukuran pas kenyamanan nyaman pas,warna sesuai dengan gambar ukuran pas kenyamanan nyaman pas,9,label_3,0.28184807300567627
yunuspamangkih,"Warna:HKM COSMO-HITAM D,M
Ukuran:lumayan pas di kepala
Kenyamanan:ringan enak buat jalan jauh 👍🏼",5,0,1751791002,warna hkm cosmo hitam d m ukuran lumayan pas di kepala kenyamanan ringan enak buat jalan jauh,warna hkm cosmo hitam d m ukuran lumayan pas di kepala kenyamanan ringan enak buat jalan jauh,17,label_3,0.27081090211868286
alfa_rha,Cocok,5,0,1761995790,cocok,cocok,1,positive,0.2930731475353241
a*****0,,5,0,1760851684,,,1,positive,0.27766895294189453
d*****7,"Bukan hasil repaint kan?tapi bagus ko helmnya,top deh",4,0,1745663544,bukan hasil repaint kan tapi bagus ko helmnya top deh,bukan hasil repaint kan tapi bagus ko helmnya top deh,10,positive,0.32904553413391113
ahmad_abdulloh85,Kualitas Sesuai harga. Cat. Ya kurang rapih ada yang belepotan.,3,0,1735637465,kualitas sesuai harga cat ya kurang rapih ada yang belepotan,kualitas sesuai harga cat ya kurang rapih ada yang belepotan,10,label_3,0.3034970164299011
t*****o,"Cocok Untuk:berkendara
Kualitas:bagus
Tampilan:menarik

Barang sesuai deskripsi dan pesanan",5,0,1762065563,cocok untuk berkendara kualitas bagus tampilan menarik barang sesuai deskripsi dan pesanan,cocok untuk berkendara kualitas bagus tampilan menarik barang sesuai deskripsi dan pesanan,12,label_3,0.26583507657051086
p*****l,"Warna:Bagus

Lumayan, sesuai harga",4,0,1754570503,warna bagus lumayan sesuai harga,warna bagus lumayan sesuai harga,5,label_3,0.30473190546035767
d*****8,Pas di pakai,5,0,1752918900,pas di pakai,pas di pakai,3,label_3,0.28486037254333496
fr0arrv88_,"Barang bagus 
Sesuai pesanan",5,0,1738580608,barang bagus sesuai pesanan,barang bagus sesuai pesanan,4,label_3,0.31162694096565247
kristiyonoadhicrees,Sudah diterima dengan baik sesuai deskripsi yg dipesan kualitas ok seller respon baik semoga awet dan terimakasih 🙏,5,0,1757339325,sudah diterima dengan baik sesuai deskripsi yg dipesan kualitas ok seller respon baik semoga awet dan terimakasih,sudah diterima dengan baik sesuai deskripsi yg dipesan kualitas ok seller respon baik semoga awet dan terimakasih,17,positive,0.2754164934158325
abdulmajit781,"Warna:putih
Ukuran:xl
Kenyamanan:sangant nyaman",5,0,1742517298,warna putih ukuran xl kenyamanan sangant nyaman,warna putih ukuran xl kenyamanan sangant nyaman,7,label_3,0.297555148601532
agussyahidin699,Untuk barang ada harga ada kualitas ...cuman agak kecewa dipengiriman sudah melebihi tanggal estimasi....tolong di evaluasi lagi supaya pelanggan TDK kecewa ...tenang saya akan tetap kasih bintang 5,5,0,1761146000,untuk barang ada harga ada kualitas cuman agak kecewa dipengiriman sudah melebihi tanggal estimasi tolong di evaluasi lagi supaya pelanggan tdk kecewa tenang saya akan tetap kasih bintang 5,untuk barang ada harga ada kualitas cuman agak kecewa dipengiriman sudah melebihi tanggal estimasi tolong di evaluasi lagi supaya pelanggan tdk kecewa tenang saya akan tetap kasih bintang 5,29,positive,0.28981542587280273
tawfiqakbar,Pembelian kedua dan memang bagus dan mantap,5,0,1760681619,pembelian kedua dan memang bagus dan mantap,pembelian kedua dan memang bagus dan mantap,7,label_3,0.2656359374523163
bossdefril,"Warna:sesuai dengan pesanan
Ukuran:pass banget cocok yg berkepala besar
Kenyamanan:nyaman busa nya tebal sesuai dengan permintaan ke kakaknya minta yg baguss",5,0,1761793395,warna sesuai dengan pesanan ukuran pass banget cocok yg berkepala besar kenyamanan nyaman busa nya tebal sesuai dengan permintaan ke kakaknya minta yg baguss,warna sesuai dengan pesanan ukuran pass banget cocok yg berkepala besar kenyamanan nyaman busa nya tebal sesuai dengan permintaan ke kakaknya minta yg baguss,24,positive,0.32346880435943604
idris.barcelu,"Tampilan:keren bang
Kualitas:nyaman

Tapi lama njir 
Gak sabar nunggux",5,0,1749124732,tampilan keren bang kualitas nyaman tapi lama njir gak sabar nunggux,tampilan keren bang kualitas nyaman tapi lama njir gak sabar nunggux,11,positive,0.3242970108985901
zabibbakar,"Warna:elegan
Ukuran:pas
Kenyamanan:nyaman bgtt",5,0,1743211601,warna elegan ukuran pas kenyamanan nyaman bgtt,warna elegan ukuran pas kenyamanan nyaman bgtt,7,label_3,0.31020602583885193
93rba90qh9,"Warna:putih
Ukuran:M
Kenyamanan:enak di pakai",5,0,1744325863,warna putih ukuran m kenyamanan enak di pakai,warna putih ukuran m kenyamanan enak di pakai,8,label_3,0.2905375361442566
anandariyanhidayat,"Warna:sangat bagus, real pict
Ukuran:pas dan sangat nyaman

semoga awet dan tahan lama",5,0,1761630567,warna sangat bagus real pict ukuran pas dan sangat nyaman semoga awet dan tahan lama,warna sangat bagus real pict ukuran pas dan sangat nyaman semoga awet dan tahan lama,15,positive,0.2871095538139343
b*****7,"Warna:Sesuai
Ukuran:Sesuai
Kenyamanan:Kurang Nyaman

Saat Buka Tutup Kaca Helem Sering macet dan keras",3,0,1737972010,warna sesuai ukuran sesuai kenyamanan kurang nyaman saat buka tutup kaca helem sering macet dan keras,warna sesuai ukuran sesuai kenyamanan kurang nyaman saat buka tutup kaca helem sering macet dan keras,16,positive,0.25026336312294006
peringatan.lafau.07,"Barang memang bagus tapi saya kasi 3 bintang karna penjempit gabus udah rusak 2 buah ,saya gak tau apa kelalaian toko atau tertimpa barang lain saat di antar",3,0,1746582492,barang memang bagus tapi saya kasi 3 bintang karna penjempit gabus udah rusak 2 buah saya gak tau apa kelalaian toko atau tertimpa barang lain saat di antar,barang memang bagus tapi saya kasi 3 bintang karna penjempit gabus udah rusak 2 buah saya gak tau apa kelalaian toko atau tertimpa barang lain saat di antar,28,positive,0.2904989421367645
i*****6,"Warna:mantap
Ukuran:agak besar d saya
Kualitas:b aja",5,0,1734866940,warna mantap ukuran agak besar d saya kualitas b aja,warna mantap ukuran agak besar d saya kualitas b aja,10,label_3,0.31589171290397644
n.harianto75,"Warna:black dof
Ukuran:L
Kenyamanan:pas",5,0,1737940254,warna black dof ukuran l kenyamanan pas,warna black dof ukuran l kenyamanan pas,7,label_3,0.28986722230911255
r*****4,"Warna:hitam doff
Ukuran:XL nyaman dan agak gede sedikit gapapa lah yak
Kenyamanan:enak nande²",5,0,1757496529,warna hitam doff ukuran xl nyaman dan agak gede sedikit gapapa lah yak kenyamanan enak nande,warna hitam doff ukuran xl nyaman dan agak gede sedikit gapapa lah yak kenyamanan enak nande,16,positive,0.2933191657066345
pangfreaks,"Warna:sesuai pesanan
Ukuran:sesuai pesanan
Kenyamanan:nyaman dipakai dan ringan

Ok sip, mantab",5,0,1753417262,warna sesuai pesanan ukuran sesuai pesanan kenyamanan nyaman dipakai dan ringan ok sip mantab,warna sesuai pesanan ukuran sesuai pesanan kenyamanan nyaman dipakai dan ringan ok sip mantab,14,positive,0.2876068651676178
muhyidin.mh,"Ukuran:ikutan All size bukan M yg diminta
Kenyamanan:kaca prlindungn lepas dipasang lepas lagi ga presisi",2,0,1736479708,ukuran ikutan all size bukan m yg diminta kenyamanan kaca prlindungn lepas dipasang lepas lagi ga presisi,ukuran ikutan all size bukan m yg diminta kenyamanan kaca prlindungn lepas dipasang lepas lagi ga presisi,17,label_3,0.29703640937805176
adjis354,Kualitas Sesuai dengan harga...  Tulisan kurang bagus kyk di tipex,4,0,1736405925,kualitas sesuai dengan harga tulisan kurang bagus kyk di tipex,kualitas sesuai dengan harga tulisan kurang bagus kyk di tipex,10,label_3,0.2788408398628235
tanzil761,Lumayan untuk harga 100 ribuan,4,0,1748771916,lumayan untuk harga 100 ribuan,lumayan untuk harga 100 ribuan,5,label_3,0.24790123105049133
mardi_anto1987,"Maaf sdkit mngcewakan, datangnya 3 minggu, paket helm datang tanpa tali",4,0,1744445684,maaf sdkit mngcewakan datangnya 3 minggu paket helm datang tanpa tali,maaf sdkit mngcewakan datangnya 3 minggu paket helm datang tanpa tali,11,positive,0.29589638113975525
rifkirohman658,"Warna:baguss
Ukuran:pass
Kenyamanan:nyaman

worth it buat helem harga segitu ygy bagus bahanya juga mantep lay",5,0,1756466462,warna baguss ukuran pass kenyamanan nyaman worth it buat helem harga segitu ygy bagus bahanya juga mantep lay,warna baguss ukuran pass kenyamanan nyaman worth it buat helem harga segitu ygy bagus bahanya juga mantep lay,18,positive,0.2865692377090454
arissariss114,Mantap 😇,5,0,1761976606,mantap,mantap,1,positive,0.2676052749156952
m.refirianto,"Ukuran:pass
Warna:baguss
Durabilitas:passs baguss",4,0,1733557089,ukuran pass warna baguss durabilitas passs baguss,ukuran pass warna baguss durabilitas passs baguss,7,positive,0.29720717668533325
fandychelsea601,"Warna:sangat bagus
Ukuran:pas & sesuai
Kenyamanan:ringan & nyaman

barang sangat murah & bagus banget..👍",5,0,1757825379,warna sangat bagus ukuran pas sesuai kenyamanan ringan nyaman barang sangat murah bagus banget,warna sangat bagus ukuran pas sesuai kenyamanan ringan nyaman barang sangat murah bagus banget,14,positive,0.3018795847892761
fatehaheah,"Warna:sesuai
Ukuran:pas
Kenyamanan:nyaman

Kotor banyak bekas tanah",5,0,1761456329,warna sesuai ukuran pas kenyamanan nyaman kotor banyak bekas tanah,warna sesuai ukuran pas kenyamanan nyaman kotor banyak bekas tanah,10,label_3,0.27564194798469543
selaa67,"Warna:sangat bagus
Ukuran:pas dan sesuai
Kenyamanan:cukup nyaman",4,0,1748048549,warna sangat bagus ukuran pas dan sesuai kenyamanan cukup nyaman,warna sangat bagus ukuran pas dan sesuai kenyamanan cukup nyaman,10,positive,0.2564792037010193
mataharibulan.id,"Ukuran:pas dan sesuai
Kualitas:sangat bagus",5,0,1726481010,ukuran pas dan sesuai kualitas sangat bagus,ukuran pas dan sesuai kualitas sangat bagus,7,label_3,0.27516138553619385
r*****6,"Warna:bagus
Ukuran:pas
Kenyamanan:cukup nyaman

Pengiriman juga cepet walau finishing nya agk kurang, tpi overall oke lah buat harga segitu. Semoga aja awet seenggaknya 1 thn an",5,0,1758189114,warna bagus ukuran pas kenyamanan cukup nyaman pengiriman juga cepet walau finishing nya agk kurang tpi overall oke lah buat harga segitu semoga aja awet seenggaknya 1 thn an,warna bagus ukuran pas kenyamanan cukup nyaman pengiriman juga cepet walau finishing nya agk kurang tpi overall oke lah buat harga segitu semoga aja awet seenggaknya 1 thn an,29,positive,0.28633442521095276
finganks,"Warna:aman dan terpercaya
Ukuran:pas tai pasti
Kenyamanan:ringan

Saran saya dibeli seharusnya soalnya bagus banget",5,0,1758442605,warna aman dan terpercaya ukuran pas tai pasti kenyamanan ringan saran saya dibeli seharusnya soalnya bagus banget,warna aman dan terpercaya ukuran pas tai pasti kenyamanan ringan saran saya dibeli seharusnya soalnya bagus banget,17,positive,0.28287389874458313
a*****e,"Very good, recomended seller 👍",5,0,1755328522,very good recomended seller,very good recomended seller,4,label_3,0.28477299213409424
ridwan_agustriady,"Warna:hitam doff nya bagus
Ukuran:pas dengan ukuran kepala
Kenyamanan:ringan dan nyaman",5,0,1757239871,warna hitam doff nya bagus ukuran pas dengan ukuran kepala kenyamanan ringan dan nyaman,warna hitam doff nya bagus ukuran pas dengan ukuran kepala kenyamanan ringan dan nyaman,14,positive,0.273375928401947
2mt4gbs_jm,Tutor ilangin brng yg lcet,3,0,1758854302,tutor ilangin brng yg lcet,tutor ilangin brng yg lcet,5,label_3,0.3119029402732849
y1kno6tss4,,4,0,1748065031,,,1,positive,0.27766895294189453
widugeni,,4,0,1734879625,,,1,positive,0.27766895294189453
beluk_shop,Bagus banget... Terimakasih banyak seller... Sampai dengan selamat helm nya... Packing aman.,5,0,1758844180,bagus banget terimakasih banyak seller sampai dengan selamat helm nya packing aman,bagus banget terimakasih banyak seller sampai dengan selamat helm nya packing aman,12,positive,0.2714414894580841
rajamalangbong,Warna:sesuai pesanan trimakasih,5,0,1743146900,warna sesuai pesanan trimakasih,warna sesuai pesanan trimakasih,4,positive,0.3090350925922394
adoooooooy_01,"Warna:hitam dor
Ukuran:L
Kenyamanan:sangat nyaman

Barang sesuai ok lah pkoknya trimakasih.",5,0,1757441154,warna hitam dor ukuran l kenyamanan sangat nyaman barang sesuai ok lah pkoknya trimakasih,warna hitam dor ukuran l kenyamanan sangat nyaman barang sesuai ok lah pkoknya trimakasih,14,positive,0.32718899846076965
blaytea,Sipp,5,0,1754915357,sipp,sipp,1,positive,0.2775210738182068
ayahibra26,"Warna:ok
Ukuran:sesuai pesanan
Kenyamanan:lumayan

Kualitas Sesuai harganya",5,0,1742559767,warna ok ukuran sesuai pesanan kenyamanan lumayan kualitas sesuai harganya,warna ok ukuran sesuai pesanan kenyamanan lumayan kualitas sesuai harganya,10,label_3,0.27423036098480225
nandapangrib,"Warna:putih
Ukuran:pas dah nyaman
Kenyamanan:ringan

Ke dua kali nya beli, cepat dan aman saat sampai di tempat. Berkah dan tetap amanah ya min",5,0,1758646846,warna putih ukuran pas dah nyaman kenyamanan ringan ke dua kali nya beli cepat dan aman saat sampai di tempat berkah dan tetap amanah ya min,warna putih ukuran pas dah nyaman kenyamanan ringan ke dua kali nya beli cepat dan aman saat sampai di tempat berkah dan tetap amanah ya min,26,positive,0.3399248421192169
devinur90,"Warna:sangat bagus dan sesuai dengan pesanan
Ukuran:pas
Kenyamanan:ringan saat dipakai

Barang nya bagus memuaskan,barng sebagus itu dijual murah. Pokoknya bagus",5,0,1758184569,warna sangat bagus dan sesuai dengan pesanan ukuran pas kenyamanan ringan saat dipakai barang nya bagus memuaskan barng sebagus itu dijual murah pokoknya bagus,warna sangat bagus dan sesuai dengan pesanan ukuran pas kenyamanan ringan saat dipakai barang nya bagus memuaskan barng sebagus itu dijual murah pokoknya bagus,24,positive,0.2920006215572357
bnuw1cjak7,"Warna:hitam
Ukuran:sesuai
Kenyamanan:lumayan",5,0,1738921207,warna hitam ukuran sesuai kenyamanan lumayan,warna hitam ukuran sesuai kenyamanan lumayan,6,positive,0.29368069767951965
dwiyuda87,"Warna:sangat bagus sesuai ekspektasi
Ukuran:ukuran pas dan sesuai
Kenyamanan:sangat nyaman dipakai",5,0,1752558707,warna sangat bagus sesuai ekspektasi ukuran ukuran pas dan sesuai kenyamanan sangat nyaman dipakai,warna sangat bagus sesuai ekspektasi ukuran ukuran pas dan sesuai kenyamanan sangat nyaman dipakai,14,label_3,0.2597370147705078
excelfirdausaudrey,Mantapp baguss buangett pokok nyaa,5,0,1752576753,mantapp baguss buangett pokok nyaa,mantapp baguss buangett pokok nyaa,5,positive,0.33732253313064575
_afjjuq64_,"Warna:sesuai pesanan
Ukuran:ukuran jg pas",5,0,1745540517,warna sesuai pesanan ukuran ukuran jg pas,warna sesuai pesanan ukuran ukuran jg pas,7,label_3,0.2927171587944031
dandisetiawan620,Mantap👍👍 oke helem ny bagus sesuai dengan harga segitu,4,0,1740252790,mantap oke helem ny bagus sesuai dengan harga segitu,mantap oke helem ny bagus sesuai dengan harga segitu,9,label_3,0.3099023401737213
hasmar.nasution,Produk ok mantap visual puas. Pakai juga enak di kepala mantul,5,0,1759412117,produk ok mantap visual puas pakai juga enak di kepala mantul,produk ok mantap visual puas pakai juga enak di kepala mantul,11,label_3,0.29713091254234314
laksajr.,Lumayan harga segitu u,5,0,1741927805,lumayan harga segitu u,lumayan harga segitu u,4,label_3,0.2959517240524292
mantociu80,"Warna:mantap hitam dof cuman gak sesuai merk
Ukuran:pass banget
Kenyamanan:nyaman sihh",5,0,1751673577,warna mantap hitam dof cuman gak sesuai merk ukuran pass banget kenyamanan nyaman sihh,warna mantap hitam dof cuman gak sesuai merk ukuran pass banget kenyamanan nyaman sihh,14,positive,0.29376697540283203
z*****a,"Ukuran:pas
Kenyamanan:nyaman di kepala, kaca nyaman di gunakan di malam hari",5,0,1752709590,ukuran pas kenyamanan nyaman di kepala kaca nyaman di gunakan di malam hari,ukuran pas kenyamanan nyaman di kepala kaca nyaman di gunakan di malam hari,13,label_3,0.26291683316230774
agres77,"Warna:bagus sesuai pesanan
Ukuran:pas di kepala
Kenyamanan:nyaman di pake nya,,ngga berat",5,0,1754664701,warna bagus sesuai pesanan ukuran pas di kepala kenyamanan nyaman di pake nya ngga berat,warna bagus sesuai pesanan ukuran pas di kepala kenyamanan nyaman di pake nya ngga berat,15,positive,0.2769186198711395
ahmad_dahlan25,BRG sesuai n bagus,4,0,1740733056,brg sesuai n bagus,brg sesuai n bagus,4,positive,0.2983818054199219
raynaldy24,"Warna:sangat bagus
Ukuran:pas
Kenyamanan:nyaman

Barang nya realpict, mantaapp deh pokoknya 😍👍👍",5,0,1751069602,warna sangat bagus ukuran pas kenyamanan nyaman barang nya realpict mantaapp deh pokoknya,warna sangat bagus ukuran pas kenyamanan nyaman barang nya realpict mantaapp deh pokoknya,13,label_3,0.28918707370758057
rahmaddwi_,"Warna:hitam g sesuai desk
Ukuran:xl

Barang lecet",3,0,1762410844,warna hitam g sesuai desk ukuran xl barang lecet,warna hitam g sesuai desk ukuran xl barang lecet,9,label_3,0.27906307578086853
chen_arfinisya04,"Warna:bagus
Ukuran:pasn real pick
Kenyamanan:nyaman",4,0,1740952669,warna bagus ukuran pasn real pick kenyamanan nyaman,warna bagus ukuran pasn real pick kenyamanan nyaman,8,label_3,0.30538836121559143
andihanz998,Ukuran:barang bagus cuman visor belakang helem Gak pas jadi  cengkang,5,0,1752476016,ukuran barang bagus cuman visor belakang helem gak pas jadi cengkang,ukuran barang bagus cuman visor belakang helem gak pas jadi cengkang,11,label_3,0.3173113167285919
porenjes.a,"Warna:oke
Ukuran:oke
Kenyamanan:lumayan",4,0,1748096206,warna oke ukuran oke kenyamanan lumayan,warna oke ukuran oke kenyamanan lumayan,6,label_3,0.3024882674217224
sankpriasejati2,,3,0,1746790166,,,1,positive,0.27766895294189453
z*****h,"Warna:keren sesuai expect
Ukuran:pas dan sesuai
Kenyamanan:cukup nyaman

Sepertinya si akan repeat order 👍👍",5,0,1759687768,warna keren sesuai expect ukuran pas dan sesuai kenyamanan cukup nyaman sepertinya si akan repeat order,warna keren sesuai expect ukuran pas dan sesuai kenyamanan cukup nyaman sepertinya si akan repeat order,16,positive,0.2869558036327362
aldhimaulana2002,"Warna:sesuai
Ukuran:sempit

Size L tapi kayak size M sempit bgt",3,0,1748428251,warna sesuai ukuran sempit size l tapi kayak size m sempit bgt,warna sesuai ukuran sempit size l tapi kayak size m sempit bgt,12,label_3,0.3168235719203949
acarial_15,,4,0,1748000320,,,1,positive,0.27766895294189453
ertiyektiningsih,"Warna:bagus
Ukuran:pad
Kenyamanan:nyaman",5,0,1736056733,warna bagus ukuran pad kenyamanan nyaman,warna bagus ukuran pad kenyamanan nyaman,6,label_3,0.28246214985847473
arifwibowo3079,,4,0,1736415941,,,1,positive,0.27766895294189453
nlithfi_02,"Warna:bag6s
Ukuran:pas
Kenyamanan:nyaman",5,0,1748784968,warna bag6s ukuran pas kenyamanan nyaman,warna bag6s ukuran pas kenyamanan nyaman,6,label_3,0.2804224193096161
k6yu6hc42e,Ukuran:pas,5,0,1731653623,ukuran pas,ukuran pas,2,positive,0.2579122483730316
insansw,,4,0,1749343702,,,1,positive,0.27766895294189453
alvanfazaa,,4,1,1757077701,,,1,positive,0.27766895294189453
otakibeng,,3,0,1737094827,,,1,positive,0.27766895294189453
eddysopiadi,"Warna:Black Doff
Ukuran:XL
Kenyamanan:oke",5,0,1737208204,warna black doff ukuran xl kenyamanan oke,warna black doff ukuran xl kenyamanan oke,7,label_3,0.29841771721839905
antonpramudyapramudya,Mantap,5,0,1751881574,mantap,mantap,1,positive,0.2676052749156952
akbarakbarr05,Mantap,5,0,1750926746,mantap,mantap,1,positive,0.2676052749156952
fitranain,"Warna:gaga
Ukuran:L
Kenyamanan:lumayan",5,0,1741181201,warna gaga ukuran l kenyamanan lumayan,warna gaga ukuran l kenyamanan lumayan,6,label_3,0.2981913089752197
5p2gdmj4fi,"Warna:hitam
Ukuran:ukuran m pas banget
Kenyamanan:sangat nyaman di gunakan

Pokonya jangan ragu belanja di toko ini puas bangettt",5,0,1753245346,warna hitam ukuran ukuran m pas banget kenyamanan sangat nyaman di gunakan pokonya jangan ragu belanja di toko ini puas bangettt,warna hitam ukuran ukuran m pas banget kenyamanan sangat nyaman di gunakan pokonya jangan ragu belanja di toko ini puas bangettt,21,positive,0.2823943495750427
fahridabdulahsugandifahr,"Warna:bagus
Ukuran:pas
Kenyamanan:nyaman

Cuma ada yg copot ajaa jaring harus di perbaiki",5,0,1759234098,warna bagus ukuran pas kenyamanan nyaman cuma ada yg copot ajaa jaring harus di perbaiki,warna bagus ukuran pas kenyamanan nyaman cuma ada yg copot ajaa jaring harus di perbaiki,15,label_3,0.2827758193016052
budarhut,"Over all oke..masukan saja..packing di perhatikan lagi..
karena plastik kurang jadi lakban mengenai sarung helm..
proses buka nya menyebabkan sarung helm robek.",4,0,1738036895,over all oke masukan saja packing di perhatikan lagi karena plastik kurang jadi lakban mengenai sarung helm proses buka nya menyebabkan sarung helm robek,over all oke masukan saja packing di perhatikan lagi karena plastik kurang jadi lakban mengenai sarung helm proses buka nya menyebabkan sarung helm robek,24,positive,0.2800297737121582
qjwkjro04k,Warna:sangaat bagus sesuawe dengan gambar,5,0,1737430587,warna sangaat bagus sesuawe dengan gambar,warna sangaat bagus sesuawe dengan gambar,6,label_3,0.2711958587169647
u38i1rn3eb,Payahh,4,0,1741453024,payahh,payahh,1,positive,0.30130040645599365
andriardyansyah,"Warna:sesuai
Ukuran:ukuran sesuai
Kenyamanan:lumayan",5,0,1745654212,warna sesuai ukuran ukuran sesuai kenyamanan lumayan,warna sesuai ukuran ukuran sesuai kenyamanan lumayan,7,positive,0.28451693058013916
inibukanumam,"Warna:jeruk
Ukuran:xxl
Kenyamanan:rasanya mantab",5,0,1760241479,warna jeruk ukuran xxl kenyamanan rasanya mantab,warna jeruk ukuran xxl kenyamanan rasanya mantab,7,label_3,0.30143657326698303
alvyoctavianus,"Warna:sesuai dengan gambar
Ukuran:ukuran sesuai
Kenyamanan:nyaman di pake kren

Di jamin aman 👍",5,0,1750513805,warna sesuai dengan gambar ukuran ukuran sesuai kenyamanan nyaman di pake kren di jamin aman,warna sesuai dengan gambar ukuran ukuran sesuai kenyamanan nyaman di pake kren di jamin aman,15,positive,0.2775874137878418
devancell01,Warna:Mantul,5,0,1738641011,warna mantul,warna mantul,2,positive,0.28351518511772156
a*****a,"Warna:hitam dof
Ukuran:M
Kenyamanan:nyaman tapi minus pengiriman lana,dus nya penyok dan ada yg patah",5,0,1762664458,warna hitam dof ukuran m kenyamanan nyaman tapi minus pengiriman lana dus nya penyok dan ada yg patah,warna hitam dof ukuran m kenyamanan nyaman tapi minus pengiriman lana dus nya penyok dan ada yg patah,18,positive,0.27782660722732544
chansku,"Warna:black matte
Ukuran:M
Kenyamanan:sangat pas",5,0,1738855595,warna black matte ukuran m kenyamanan sangat pas,warna black matte ukuran m kenyamanan sangat pas,8,label_3,0.2709788680076599
riansahtriiutomo,"Warna:grey doff
Ukuran:kebesaren dikit
Kenyamanan:nyaman",5,0,1736149396,warna grey doff ukuran kebesaren dikit kenyamanan nyaman,warna grey doff ukuran kebesaren dikit kenyamanan nyaman,8,label_3,0.28912851214408875
ali_alqadri,Untuk harga segini mah gapapa bagus lah walaupun masih ada lebihan material yg belum di cutting...,5,0,1751882860,untuk harga segini mah gapapa bagus lah walaupun masih ada lebihan material yg belum di cutting,untuk harga segini mah gapapa bagus lah walaupun masih ada lebihan material yg belum di cutting,16,label_3,0.28099435567855835
susikumala20,"Warna:bguss
Ukuran:Ukuran XL tapi kecil
Kenyamanan:nyaman",5,0,1737288121,warna bguss ukuran ukuran xl tapi kecil kenyamanan nyaman,warna bguss ukuran ukuran xl tapi kecil kenyamanan nyaman,9,label_3,0.29281410574913025
awenzlay,"Warna:sangat bagus sesuai dengan gambar
Ukuran:pas dan sesuai
Kenyamanan:sangat nyaman digunakan

Perfect , semoga awet",5,0,1756391454,warna sangat bagus sesuai dengan gambar ukuran pas dan sesuai kenyamanan sangat nyaman digunakan perfect semoga awet,warna sangat bagus sesuai dengan gambar ukuran pas dan sesuai kenyamanan sangat nyaman digunakan perfect semoga awet,17,positive,0.2607974410057068
asden19,"Tapi pesen hlem HKM Dateng nya MLA.. TAPI lumayan lah..
Tar kalau packing cek dulu biar ga salah barang kak",5,0,1752032926,tapi pesen hlem hkm dateng nya mla tapi lumayan lah tar kalau packing cek dulu biar ga salah barang kak,tapi pesen hlem hkm dateng nya mla tapi lumayan lah tar kalau packing cek dulu biar ga salah barang kak,20,positive,0.326302170753479
tintaalodiahbalkis,Barang bagus sekali,5,0,1747895992,barang bagus sekali,barang bagus sekali,3,positive,0.28809091448783875
boannn.321,"Warna:bagusss👍
Ukuran:pass👍
Kenyamanan:mantapppppp👍",5,0,1744047587,warna bagusss ukuran pass kenyamanan mantapppppp,warna bagusss ukuran pass kenyamanan mantapppppp,6,positive,0.30295035243034363
b*****7,"Warna:bagus
Ukuran:pas
Kenyamanan:nyaman

Barang sudah sampai,packing aman,rapi,terimakasih",5,0,1738647496,warna bagus ukuran pas kenyamanan nyaman barang sudah sampai packing aman rapi terimakasih,warna bagus ukuran pas kenyamanan nyaman barang sudah sampai packing aman rapi terimakasih,13,positive,0.3038106858730316
prianjar90,Kenyamanan:lem kurang bnyak,5,0,1745510617,kenyamanan lem kurang bnyak,kenyamanan lem kurang bnyak,4,positive,0.31843167543411255
swj91llava,helmnya bgs 👍🏻,5,0,1752147413,helmnya bgs,helmnya bgs,2,positive,0.31771156191825867
sgpsoqfaxk,"Warna:hitam
Ukuran:L
Kenyamanan:nyaman enakk di pake",4,0,1746243875,warna hitam ukuran l kenyamanan nyaman enakk di pake,warna hitam ukuran l kenyamanan nyaman enakk di pake,9,label_3,0.31034332513809204
ekapratiwi121892,"Kali ini helmnya kurang memuaskan,perekat spoiler bgian belakang helm mudah lepas. Jdi g bisa terpasang. Tp bisalah dijual tanpa spoiler,tp mohon lbih teliti lg agar perekatnya lebih kuat di  tempatkan agak bwahan sdikit spya lem/perekat.y tdk keliatan dan lebih rapi lg. Dan jg tdk mudah lepas.",4,0,1746760184,kali ini helmnya kurang memuaskan perekat spoiler bgian belakang helm mudah lepas jdi g bisa terpasang tp bisalah dijual tanpa spoiler tp mohon lbih teliti lg agar perekatnya lebih kuat di tempatkan agak bwahan sdikit spya lem perekat y tdk keliatan dan lebih rapi lg dan jg tdk mudah lepas,kali ini helmnya kurang memuaskan perekat spoiler bgian belakang helm mudah lepas jdi g bisa terpasang tp bisalah dijual tanpa spoiler tp mohon lbih teliti lg agar perekatnya lebih kuat di tempatkan agak bwahan sdikit spya lem perekat y tdk keliatan dan lebih rapi lg dan jg tdk mudah lepas,50,positive,0.28908511996269226
ahmaddarwis996,Biar kan bintang berbicara,5,0,1756776526,biar kan bintang berbicara,biar kan bintang berbicara,4,label_3,0.33374905586242676
msl0hn73hf,"Warna:sangat bagus dan sesuai dengan foto
Ukuran:ukuran yang sangat pas
Kenyamanan:sangat nyaman",5,0,1761619644,warna sangat bagus dan sesuai dengan foto ukuran ukuran yang sangat pas kenyamanan sangat nyaman,warna sangat bagus dan sesuai dengan foto ukuran ukuran yang sangat pas kenyamanan sangat nyaman,15,positive,0.25262412428855896
dafarizalalmusthofa,"Warna:grey
Ukuran:pas
Kenyamanan:enak di pakai",5,0,1744589826,warna grey ukuran pas kenyamanan enak di pakai,warna grey ukuran pas kenyamanan enak di pakai,8,label_3,0.2881339192390442
agusbudiharto657,"Warna:keren
Ukuran:pas
Kenyamanan:nyaman di pakai",5,0,1738496264,warna keren ukuran pas kenyamanan nyaman di pakai,warna keren ukuran pas kenyamanan nyaman di pakai,8,label_3,0.29747360944747925
raufabdul311,"Warna:sangat bagus
Ukuran:pas
Kenyamanan:lumayan nyaman",4,0,1742814364,warna sangat bagus ukuran pas kenyamanan lumayan nyaman,warna sangat bagus ukuran pas kenyamanan lumayan nyaman,8,label_3,0.27077916264533997
santialpis,"Warna:lumayan
Ukuran:passs
Kenyamanan:nganahen

Dari kaca",3,0,1736030224,warna lumayan ukuran passs kenyamanan nganahen dari kaca,warna lumayan ukuran passs kenyamanan nganahen dari kaca,8,label_3,0.29333874583244324
kcrit7a6m9,"Warna:warnanya sangat bagus
Ukuran:pas dan sesuai
Kenyamanan:kenyamananya enak sekali pas dengan kepala",5,0,1761038911,warna warnanya sangat bagus ukuran pas dan sesuai kenyamanan kenyamananya enak sekali pas dengan kepala,warna warnanya sangat bagus ukuran pas dan sesuai kenyamanan kenyamananya enak sekali pas dengan kepala,15,positive,0.29079964756965637
s*****9,"Warna:grey dop
Ukuran:pas
Kenyamanan:agak longgar dikit tapi gapapalah",5,0,1738602226,warna grey dop ukuran pas kenyamanan agak longgar dikit tapi gapapalah,warna grey dop ukuran pas kenyamanan agak longgar dikit tapi gapapalah,11,label_3,0.28347060084342957
susanto2506,"Warna:bagus
Ukuran:L pas
Kenyamanan:sangat nyaman

rekomedasi buy it, seriusly",5,0,1748838171,warna bagus ukuran l pas kenyamanan sangat nyaman rekomedasi buy it seriusly,warna bagus ukuran l pas kenyamanan sangat nyaman rekomedasi buy it seriusly,12,label_3,0.28124183416366577
masl98,"Woyyy ini tali buat konci Helmy kebalik masangnya, mana nyampenya gak sesuai tgl lagi",1,0,1739083005,woyyy ini tali buat konci helmy kebalik masangnya mana nyampenya gak sesuai tgl lagi,woyyy ini tali buat konci helmy kebalik masangnya mana nyampenya gak sesuai tgl lagi,14,positive,0.3171897530555725
gh1epsnkuw,"Warna:hitam
Ukuran:m
Kenyamanan:bagus",5,0,1736781098,warna hitam ukuran m kenyamanan bagus,warna hitam ukuran m kenyamanan bagus,6,label_3,0.27869313955307007
mu.iqbal07,"Warna:pigmen bagus
Ukuran:pas dan sesuai
Kenyamanan:nyaman dipakai, ada angin di kepala",5,0,1754879321,warna pigmen bagus ukuran pas dan sesuai kenyamanan nyaman dipakai ada angin di kepala,warna pigmen bagus ukuran pas dan sesuai kenyamanan nyaman dipakai ada angin di kepala,14,positive,0.27474164962768555
ediridwanto354,"Warna:hitam
Ukuran:sesuai",4,0,1741952310,warna hitam ukuran sesuai,warna hitam ukuran sesuai,4,positive,0.2775014638900757
aankatara,"Warna:sesui

Barang berkualitas dan sesuai, walaupun ad lecet dikit,tpi ngga ppalah",5,0,1755912319,warna sesui barang berkualitas dan sesuai walaupun ad lecet dikit tpi ngga ppalah,warna sesui barang berkualitas dan sesuai walaupun ad lecet dikit tpi ngga ppalah,13,label_3,0.3110349178314209
masrafika,"Warna:cocok
Ukuran:l
Kenyamanan:nyaman",5,0,1736040680,warna cocok ukuran l kenyamanan nyaman,warna cocok ukuran l kenyamanan nyaman,6,label_3,0.305608868598938
rionaldi89,"Warna:bagus
Ukuran:tidak seauai ukuran bagian depan",5,0,1745149554,warna bagus ukuran tidak seauai ukuran bagian depan,warna bagus ukuran tidak seauai ukuran bagian depan,8,label_3,0.2739846110343933
armans378,"Terima kasih, paketnya sdh diterima smoga awet selamanya",4,0,1754629147,terima kasih paketnya sdh diterima smoga awet selamanya,terima kasih paketnya sdh diterima smoga awet selamanya,8,positive,0.29159340262413025
m*****y,"Warna:sesuai
Ukuran:Pas
Kenyamanan:nyaman",5,0,1742555662,warna sesuai ukuran pas kenyamanan nyaman,warna sesuai ukuran pas kenyamanan nyaman,6,label_3,0.2857382893562317
ariston_immanuel,"Baru kali ini beli helm murah ga ada rapi rapinya, 
Busanya nth dimana, kainnya keluar keluar,",2,0,1757151617,baru kali ini beli helm murah ga ada rapi rapinya busanya nth dimana kainnya keluar keluar,baru kali ini beli helm murah ga ada rapi rapinya busanya nth dimana kainnya keluar keluar,16,label_3,0.31956127285957336
rakadwiputra91,"Warna:putih
Ukuran:M
Kenyamanan:nyaman untuk berkendara",4,0,1747827862,warna putih ukuran m kenyamanan nyaman untuk berkendara,warna putih ukuran m kenyamanan nyaman untuk berkendara,8,label_3,0.2743186950683594
ramacukong094,"Warna:bagus
Ukuran:pas banget
Kenyamanan:nyaman digunakan,kurirnya ramah dan jujur,barang sampai suruh cek dulu ,pokoknya ok banget kurirnya",5,0,1760784191,warna bagus ukuran pas banget kenyamanan nyaman digunakan kurirnya ramah dan jujur barang sampai suruh cek dulu pokoknya ok banget kurirnya,warna bagus ukuran pas banget kenyamanan nyaman digunakan kurirnya ramah dan jujur barang sampai suruh cek dulu pokoknya ok banget kurirnya,21,positive,0.2907464802265167
yasminmaira0430,"Warna:cantik
Ukuran:pas
Kenyamanan:nyaman",5,0,1742468755,warna cantik ukuran pas kenyamanan nyaman,warna cantik ukuran pas kenyamanan nyaman,6,label_3,0.30136972665786743
kwarti_putri,,5,0,1758869999,,,1,positive,0.27766895294189453
win_santuy,,4,0,1737193143,,,1,positive,0.27766895294189453
ambikasadewo,,3,0,1733885283,,,1,positive,0.27766895294189453
d23ga8cdm9,,4,0,1747051270,,,1,positive,0.27766895294189453
jhonsemprul02,,3,0,1746173565,,,1,positive,0.27766895294189453
andi_mw,,4,0,1756989280,,,1,positive,0.27766895294189453
maswanmaswan653,,3,0,1747479018,,,1,positive,0.27766895294189453
didda.nurh,,4,0,1737548113,,,1,positive,0.27766895294189453
funwddhtur,,4,0,1741943445,,,1,positive,0.27766895294189453
bagus_h_purwanto,,4,0,1739551769,,,1,positive,0.27766895294189453
bhysiidoubleoche,,4,0,1737089202,,,1,positive,0.27766895294189453
is_one85,,4,0,1738819182,,,1,positive,0.27766895294189453
riskiiganteng767,,4,0,1735190820,,,1,positive,0.27766895294189453
ob3p21eblg,Ringan,5,0,1762973523,ringan,ringan,1,label_4,0.26303139328956604
sukarditea,"Warna:Bagus dan sesuai dengan gambar
Ukuran:pas dikepala dan sangat nyaman
Kenyamanan:sangat nyaman saat digunakan",5,0,1758584304,warna bagus dan sesuai dengan gambar ukuran pas dikepala dan sangat nyaman kenyamanan sangat nyaman saat digunakan,warna bagus dan sesuai dengan gambar ukuran pas dikepala dan sangat nyaman kenyamanan sangat nyaman saat digunakan,17,positive,0.27224478125572205
n*****9,"Warna:cocok yang di pesan
Ukuran:agak kebesaran dikit
Kenyamanan:lumayan

Standar lah dengan bajet segitu",5,0,1752416641,warna cocok yang di pesan ukuran agak kebesaran dikit kenyamanan lumayan standar lah dengan bajet segitu,warna cocok yang di pesan ukuran agak kebesaran dikit kenyamanan lumayan standar lah dengan bajet segitu,16,label_3,0.27330708503723145
ridhowando,"Warna:sesuai
Ukuran:sesuai

Paking nya hancur stiker Cosmo nya hancur banyak yang hancur",3,0,1740997948,warna sesuai ukuran sesuai paking nya hancur stiker cosmo nya hancur banyak yang hancur,warna sesuai ukuran sesuai paking nya hancur stiker cosmo nya hancur banyak yang hancur,14,label_3,0.2938844859600067
djindanerwin,"Cocok Untuk:Ok
Kualitas:Ok
Tampilan:OK Banget

Mantaap,,, order sehari lgs sampe sesuai dengan Orderan,, makasih banyak ya Boss",5,0,1756829313,cocok untuk ok kualitas ok tampilan ok banget mantaap order sehari lgs sampe sesuai dengan orderan makasih banyak ya boss,cocok untuk ok kualitas ok tampilan ok banget mantaap order sehari lgs sampe sesuai dengan orderan makasih banyak ya boss,20,positive,0.33055970072746277
wxyzkj6zx1,,3,0,1749022829,,,1,positive,0.27766895294189453
rikyagustiawan27,Size M tp gede banget serasa L/XL,5,0,1749090478,size m tp gede banget serasa l xl,size m tp gede banget serasa l xl,8,label_3,0.31609103083610535
hmjbdh4vag,Kurir kurang ramah. Alamat udah jelas. Nelpon marah2,5,0,1732338394,kurir kurang ramah alamat udah jelas nelpon marah2,kurir kurang ramah alamat udah jelas nelpon marah2,8,label_3,0.3096882700920105
dickypahlawan10,"Warna:sesuai
Ukuran:busanya ga tebal
Kenyamanan:busanya ga tebal

Ga rapi untuk bagian atasnya,",3,0,1738503619,warna sesuai ukuran busanya ga tebal kenyamanan busanya ga tebal ga rapi untuk bagian atasnya,warna sesuai ukuran busanya ga tebal kenyamanan busanya ga tebal ga rapi untuk bagian atasnya,15,label_3,0.2685796320438385
j56r8w9lri,"Warna:bagus
Ukuran:pas
Kenyamanan:aman

Ok lah",5,0,1749875364,warna bagus ukuran pas kenyamanan aman ok lah,warna bagus ukuran pas kenyamanan aman ok lah,8,label_3,0.30504533648490906
oshimarshajkt48,Sayang banget salah pilih harusnya yang cosmos 🥺🥺,5,0,1744367571,sayang banget salah pilih harusnya yang cosmos,sayang banget salah pilih harusnya yang cosmos,7,label_3,0.32220375537872314
iyon.falah,"Warna:Hitam dop
Ukuran:L

Terima kasih barang sesuai dengan pesanan",5,0,1751281080,warna hitam dop ukuran l terima kasih barang sesuai dengan pesanan,warna hitam dop ukuran l terima kasih barang sesuai dengan pesanan,11,positive,0.28725120425224304
8rhnd_q8b4,Mana ngak ada kurir terus ongkir nya aku yang bayar,5,0,1745887325,mana ngak ada kurir terus ongkir nya aku yang bayar,mana ngak ada kurir terus ongkir nya aku yang bayar,10,positive,0.32550427317619324
radityoprakoso996,Keren banget,5,0,1751349510,keren banget,keren banget,2,positive,0.2923922836780548
faizalfio,"Baretan dikit ga ngaruh.. mungkin karna protection kurang!
But.....All good👍👍👍",5,0,1741769660,baretan dikit ga ngaruh mungkin karna protection kurang but all good,baretan dikit ga ngaruh mungkin karna protection kurang but all good,11,positive,0.28912052512168884
arimustopa,,4,0,1746513424,,,1,positive,0.27766895294189453
j577idhjti,"Warna:hitam
Ukuran:m
Kenyamanan:sedikit longgar di kepala

Finishing kurang rapi spon depan miring",5,0,1743816310,warna hitam ukuran m kenyamanan sedikit longgar di kepala finishing kurang rapi spon depan miring,warna hitam ukuran m kenyamanan sedikit longgar di kepala finishing kurang rapi spon depan miring,15,label_3,0.2777998745441437
d*****4,"Ukuran:Pas
Kenyamanan:Mantab",5,0,1744729321,ukuran pas kenyamanan mantab,ukuran pas kenyamanan mantab,4,label_3,0.3011467158794403
javasland,"Ukuran:size XL tp agak sempit.

Ukuran XL pas dipakai agak sempit.. ga seperti helm standard hadiah motor. Dipakai bisa pas nyaman di kepala",4,0,1729153842,ukuran size xl tp agak sempit ukuran xl pas dipakai agak sempit ga seperti helm standard hadiah motor dipakai bisa pas nyaman di kepala,ukuran size xl tp agak sempit ukuran xl pas dipakai agak sempit ga seperti helm standard hadiah motor dipakai bisa pas nyaman di kepala,24,positive,0.2660106122493744
a*****r,,5,0,1754297546,,,1,positive,0.27766895294189453
m*****0,"Warna:hitam dof
Ukuran:M. pas di kepala ku
Kenyamanan:nyaman makai nya

Pokoknya mantap joss",5,0,1758156584,warna hitam dof ukuran m pas di kepala ku kenyamanan nyaman makai nya pokoknya mantap joss,warna hitam dof ukuran m pas di kepala ku kenyamanan nyaman makai nya pokoknya mantap joss,16,positive,0.303259015083313
e_b3l2w2z5,"Warna:sangat bagus dan sesuai dengan gambar
Ukuran:pas dan sesuai
Kenyamanan:ringan dan nyaman",5,0,1762984470,warna sangat bagus dan sesuai dengan gambar ukuran pas dan sesuai kenyamanan ringan dan nyaman,warna sangat bagus dan sesuai dengan gambar ukuran pas dan sesuai kenyamanan ringan dan nyaman,15,label_3,0.24902984499931335
zulfani929,Barang bagus cuma spoiler nya mudah copot karena cuma ditempel doang,5,0,1755311760,barang bagus cuma spoiler nya mudah copot karena cuma ditempel doang,barang bagus cuma spoiler nya mudah copot karena cuma ditempel doang,11,label_3,0.33323895931243896
anggi.2308,"Bagus 
Pas kepala
Cuma  ada patah",4,0,1747989487,bagus pas kepala cuma ada patah,bagus pas kepala cuma ada patah,6,label_3,0.32337823510169983
g2ik0bvanf,"Warna:sesuai
Ukuran:pas
Kenyamanan:nyaman

Barang sudah sampai dan sesuai pesanan barangnya bagus, pokoknya oke",5,0,1751691685,warna sesuai ukuran pas kenyamanan nyaman barang sudah sampai dan sesuai pesanan barangnya bagus pokoknya oke,warna sesuai ukuran pas kenyamanan nyaman barang sudah sampai dan sesuai pesanan barangnya bagus pokoknya oke,16,positive,0.28725573420524597
powerranger599,pengirimannya lambat tp gpp yg pntg barangny sesuai mksh,5,0,1741093446,pengirimannya lambat tp gpp yg pntg barangny sesuai mksh,pengirimannya lambat tp gpp yg pntg barangny sesuai mksh,9,positive,0.3094247877597809
f*****6,"Warna:sesuai
Ukuran:pas di kepala dan nyaman di gunakan
Kenyamanan:pokoknya rekomen",5,0,1758502366,warna sesuai ukuran pas di kepala dan nyaman di gunakan kenyamanan pokoknya rekomen,warna sesuai ukuran pas di kepala dan nyaman di gunakan kenyamanan pokoknya rekomen,13,label_3,0.2871866524219513
maryono1933,"naj*s pengiriman SICEPAT kaga dikirim² dari tempat sortir, malah gua yang bawa, T*I",5,0,1754096620,naj s pengiriman sicepat kaga dikirim dari tempat sortir malah gua yang bawa t i,naj s pengiriman sicepat kaga dikirim dari tempat sortir malah gua yang bawa t i,15,positive,0.30963531136512756
yuliantocawang,"Warna:sesuai
Ukuran:pas
Kenyamanan:nyaman",5,0,1741683092,warna sesuai ukuran pas kenyamanan nyaman,warna sesuai ukuran pas kenyamanan nyaman,6,label_3,0.2857382893562317
r*****2,barang bagus okee,5,0,1747141652,barang bagus okee,barang bagus okee,3,positive,0.2976853847503662
luthfi_azka_abdullah,"Warna:sesuai
Ukuran:pas di kepala
Kenyamanan:nyaman

Ada lecet sedikit di bagian kaca visor tapi barang masih bagus",5,0,1759821877,warna sesuai ukuran pas di kepala kenyamanan nyaman ada lecet sedikit di bagian kaca visor tapi barang masih bagus,warna sesuai ukuran pas di kepala kenyamanan nyaman ada lecet sedikit di bagian kaca visor tapi barang masih bagus,19,label_3,0.25915491580963135
ardi_jayy,"Warna:sesuai
Ukuran:pas
Kenyamanan:nyaman",5,0,1737104822,warna sesuai ukuran pas kenyamanan nyaman,warna sesuai ukuran pas kenyamanan nyaman,6,label_3,0.2857382893562317
defectrank,"Warna:sesuai
Ukuran:pas
Kenyamanan:nyaman",5,0,1738252137,warna sesuai ukuran pas kenyamanan nyaman,warna sesuai ukuran pas kenyamanan nyaman,6,label_3,0.2857382893562317
azi_101,Ya sesuai foto,5,0,1738838202,ya sesuai foto,ya sesuai foto,3,label_3,0.2949278950691223
jajangsuherli940,,4,0,1737168265,,,1,positive,0.27766895294189453
fandymoroisa,"Bagus tpi ada yg kurang, spoiler nya gak bisa melekat sempurna,kadang"" lepas sendiri ,terus cara pekingannya kurang bagus hancur TDK rapih",3,0,1740998096,bagus tpi ada yg kurang spoiler nya gak bisa melekat sempurna kadang lepas sendiri terus cara pekingannya kurang bagus hancur tdk rapih,bagus tpi ada yg kurang spoiler nya gak bisa melekat sempurna kadang lepas sendiri terus cara pekingannya kurang bagus hancur tdk rapih,22,positive,0.3047359883785248
466rk9gsdv,"Ukuran:sesuai
Warna:bagus
Durabilitas:lumayan",5,0,1733472025,ukuran sesuai warna bagus durabilitas lumayan,ukuran sesuai warna bagus durabilitas lumayan,6,label_3,0.29693904519081116
daengbroo768,"Warna:sesuai
Ukuran:pas
Kenyamanan:mantap",5,0,1737815573,warna sesuai ukuran pas kenyamanan mantap,warna sesuai ukuran pas kenyamanan mantap,6,label_3,0.30091145634651184
aefbitscorner,"Warna:sesuai
Ukuran:lebih kecil
Kenyamanan:karena agak kecil jadi kurang nyaman

kualitas produk biasa saja, tidak sesuai dengan gambar",3,0,1736379489,warna sesuai ukuran lebih kecil kenyamanan karena agak kecil jadi kurang nyaman kualitas produk biasa saja tidak sesuai dengan gambar,warna sesuai ukuran lebih kecil kenyamanan karena agak kecil jadi kurang nyaman kualitas produk biasa saja tidak sesuai dengan gambar,20,positive,0.2550692856311798
bpkamid,"Warna:bagus
Ukuran:pas
Kenyamanan:Buktikan Sendiri",5,0,1755236313,warna bagus ukuran pas kenyamanan buktikan sendiri,warna bagus ukuran pas kenyamanan buktikan sendiri,7,label_3,0.3001255393028259
rosialbarado_86,"Warna:sesuai
Ukuran:pas

Kaca saja yg hitam padahal minta yg bening",5,0,1756024542,warna sesuai ukuran pas kaca saja yg hitam padahal minta yg bening,warna sesuai ukuran pas kaca saja yg hitam padahal minta yg bening,12,label_3,0.26480433344841003
ifanefriadi,Warna:sesuai pesana,5,0,1742383851,warna sesuai pesana,warna sesuai pesana,3,positive,0.2921123802661896
elitael23,"Ukuran:pas
Warna:sesuai
Durabilitas:ok",5,0,1733739461,ukuran pas warna sesuai durabilitas ok,ukuran pas warna sesuai durabilitas ok,6,label_3,0.30910876393318176
randioppo592,"Warna:hitam kilat
Ukuran:ukuran pas cuman kurng sikit aj lgii
Kenyamanan:nyamn cumn udh lama gak pakek helem jdi agk peningg",5,0,1758529916,warna hitam kilat ukuran ukuran pas cuman kurng sikit aj lgii kenyamanan nyamn cumn udh lama gak pakek helem jdi agk peningg,warna hitam kilat ukuran ukuran pas cuman kurng sikit aj lgii kenyamanan nyamn cumn udh lama gak pakek helem jdi agk peningg,22,positive,0.3335641622543335
muhammadlutfyadi,"Warna:bagus
Ukuran:pas
Kenyamanan:bagus",4,0,1738745801,warna bagus ukuran pas kenyamanan bagus,warna bagus ukuran pas kenyamanan bagus,6,label_3,0.27830877900123596
jaenullah_azril,"Warna:abu glos
Ukuran:kurang pas

Helm sesuai,, tpi pengirimannya sangat sangat lammaa",2,0,1748335049,warna abu glos ukuran kurang pas helm sesuai tpi pengirimannya sangat sangat lammaa,warna abu glos ukuran kurang pas helm sesuai tpi pengirimannya sangat sangat lammaa,13,positive,0.31961584091186523
haekalnurhandi,"Warna:bagus
Ukuran:pas
Kualitas:bagus banget",5,0,1734716773,warna bagus ukuran pas kualitas bagus banget,warna bagus ukuran pas kualitas bagus banget,7,label_3,0.2966960370540619
krvsn4f7o3,"Warna:sesuai gambar
Ukuran:agak kebesaran padahal sudah pesan ukuran 'M'
Kenyamanan:kurang nyaman karena kebesaran",4,0,1748638694,warna sesuai gambar ukuran agak kebesaran padahal sudah pesan ukuran m kenyamanan kurang nyaman karena kebesaran,warna sesuai gambar ukuran agak kebesaran padahal sudah pesan ukuran m kenyamanan kurang nyaman karena kebesaran,16,positive,0.27045151591300964
bajury,"Warna:tidak sesuai
Ukuran:pas

Pesen warna glossy di kirim dof",2,0,1738496426,warna tidak sesuai ukuran pas pesen warna glossy di kirim dof,warna tidak sesuai ukuran pas pesen warna glossy di kirim dof,11,label_3,0.29139256477355957
9_thuoxmxg,pecah,1,0,1742262411,pecah,pecah,1,positive,0.28534892201423645
643quzci2z,"Warna:sesuai
Ukuran:longar
Kenyamanan:longar

bagus sesuai cmn psanan kuran size M dateng L",5,0,1751387234,warna sesuai ukuran longar kenyamanan longar bagus sesuai cmn psanan kuran size m dateng l,warna sesuai ukuran longar kenyamanan longar bagus sesuai cmn psanan kuran size m dateng l,15,positive,0.27822718024253845
kurniawan_yulinda,"Warna:bgs
Ukuran:longgar dikit
Kenyamanan:lumayan

Makasih kk bgs helm nya",5,0,1752141330,warna bgs ukuran longgar dikit kenyamanan lumayan makasih kk bgs helm nya,warna bgs ukuran longgar dikit kenyamanan lumayan makasih kk bgs helm nya,12,positive,0.3154152035713196
baristhopya,"Warna:Rekom banget..

Harga murah. Tapi ngak murahan.
Kualitas oke",5,0,1761579170,warna rekom banget harga murah tapi ngak murahan kualitas oke,warna rekom banget harga murah tapi ngak murahan kualitas oke,10,positive,0.2935872972011566
_p88ixpdbq,"Warna:Sama seperti pesanan
Kenyamanan:lumayan",5,0,1739182352,warna sama seperti pesanan kenyamanan lumayan,warna sama seperti pesanan kenyamanan lumayan,6,label_3,0.28046754002571106
a*****9,,4,0,1736416040,,,1,positive,0.27766895294189453
becloush,"Warna:keren kali
Ukuran:oke
Kenyamanan:nyaman

Overrall its okey",5,0,1760361351,warna keren kali ukuran oke kenyamanan nyaman overrall its okey,warna keren kali ukuran oke kenyamanan nyaman overrall its okey,10,label_3,0.29808539152145386
andikanurubaydillah,"Warna:bagus
Ukuran:sesuai
Kenyamanan:nyaman",4,0,1742480006,warna bagus ukuran sesuai kenyamanan nyaman,warna bagus ukuran sesuai kenyamanan nyaman,6,positive,0.2779526114463806
yusuf_ni,"Seperti nya tidak d qc , spoiler tidak menempel sempurna , masih ada rongga , lem nya kurang kuat",3,0,1743337329,seperti nya tidak d qc spoiler tidak menempel sempurna masih ada rongga lem nya kurang kuat,seperti nya tidak d qc spoiler tidak menempel sempurna masih ada rongga lem nya kurang kuat,16,positive,0.3079003691673279
ebdhmkn0p5,Okeh,5,0,1751931322,okeh,okeh,1,positive,0.2777550220489502
wey3ud18u6,"Warna:bagus
Ukuran:lumayan pas
Kenyamanan:nyaman",5,0,1744355752,warna bagus ukuran lumayan pas kenyamanan nyaman,warna bagus ukuran lumayan pas kenyamanan nyaman,7,label_3,0.31032809615135193
hendraihenihen,Warna:pas,5,0,1738818704,warna pas,warna pas,2,positive,0.26234856247901917
incakkelan,"Ukuran:pas
Warna:bagus
Durabilitas:iyh",5,0,1733743308,ukuran pas warna bagus durabilitas iyh,ukuran pas warna bagus durabilitas iyh,6,positive,0.30829480290412903
asean_31,,5,0,1758179407,,,1,positive,0.27766895294189453
gahhdvdvvhwsdbb.1338,,5,0,1753231821,,,1,positive,0.27766895294189453
bronchitiz,"Ukuran:ukuran xl nya kecil macem ukuran M

Ada baret sedikit di sebelah kanan",4,0,1738406761,ukuran ukuran xl nya kecil macem ukuran m ada baret sedikit di sebelah kanan,ukuran ukuran xl nya kecil macem ukuran m ada baret sedikit di sebelah kanan,14,label_3,0.29411372542381287
rusdiyadi107,Knapa pada patah inih hlm sayah,5,0,1736863498,knapa pada patah inih hlm sayah,knapa pada patah inih hlm sayah,6,positive,0.3516570031642914
erwiner2005,Kualitas:penampilan ok cuman ke gedean salah pilih ukuran,4,0,1749049525,kualitas penampilan ok cuman ke gedean salah pilih ukuran,kualitas penampilan ok cuman ke gedean salah pilih ukuran,9,label_3,0.3266698122024536
xrtfzzp4zh,"Warna:bagus
Ukuran:pas
Kenyamanan:nyaman",4,0,1749166433,warna bagus ukuran pas kenyamanan nyaman,warna bagus ukuran pas kenyamanan nyaman,6,label_3,0.3027242124080658
intannandi31_,"Warna:untuk warna sesuai pesanan tapi dari bau cat nya yg bikin aku pusing
Ukuran:Untuk ukuran L di kepala aku itu kurang besar tapi kalo dari merk lain misalnya nya alv ultron itu pas banget",3,0,1760511129,warna untuk warna sesuai pesanan tapi dari bau cat nya yg bikin aku pusing ukuran untuk ukuran l di kepala aku itu kurang besar tapi kalo dari merk lain misalnya nya alv ultron itu pas banget,warna untuk warna sesuai pesanan tapi dari bau cat nya yg bikin aku pusing ukuran untuk ukuran l di kepala aku itu kurang besar tapi kalo dari merk lain misalnya nya alv ultron itu pas banget,36,positive,0.2850520610809326
qews4z8dci,"Warna:hitam
Ukuran:xl
Kenyamanan:lumayan

Oikingx tdk tdk memuaskan,",2,0,1741887400,warna hitam ukuran xl kenyamanan lumayan oikingx tdk tdk memuaskan,warna hitam ukuran xl kenyamanan lumayan oikingx tdk tdk memuaskan,10,label_3,0.2703602910041809
rezzakewong,"Warna:sesuai
Ukuran:pas
Kenyamanan:ok

mantulll",5,0,1742906580,warna sesuai ukuran pas kenyamanan ok mantulll,warna sesuai ukuran pas kenyamanan ok mantulll,7,label_3,0.2917092740535736
ph_qsskomo,Barang bagus sesuai gambar,5,0,1742780969,barang bagus sesuai gambar,barang bagus sesuai gambar,4,label_3,0.30738192796707153
agungsuryadi986,"Warna:warna hitam doff
Ukuran:XL pas
Kenyamanan:nyaman di kepala",5,0,1735994200,warna warna hitam doff ukuran xl pas kenyamanan nyaman di kepala,warna warna hitam doff ukuran xl pas kenyamanan nyaman di kepala,11,label_3,0.274874746799469
dwislankers038,"Warna:sangat bagus sesuai gambar
Ukuran:pas
Kenyamanan:nyaman",4,0,1739683519,warna sangat bagus sesuai gambar ukuran pas kenyamanan nyaman,warna sangat bagus sesuai gambar ukuran pas kenyamanan nyaman,9,positive,0.27621060609817505
k84d2ymxa7,"Warna:b aja
Ukuran:pas
Kenyamanan:b aja

lumayan untuk harga segitu",4,0,1738397145,warna b aja ukuran pas kenyamanan b aja lumayan untuk harga segitu,warna b aja ukuran pas kenyamanan b aja lumayan untuk harga segitu,12,label_3,0.29215872287750244
p*****a,,5,0,1750838110,,,1,positive,0.27766895294189453
u*****n,,5,0,1756692501,,,1,positive,0.27766895294189453
m*****5,"Pesanannya sudah sampai, terima kasih ya seller semoga sukses selalu.b",5,0,1756735592,pesanannya sudah sampai terima kasih ya seller semoga sukses selalu b,pesanannya sudah sampai terima kasih ya seller semoga sukses selalu b,11,label_3,0.2672841548919678
anaknyalora12,"Warna:sesuai dengan yang di foto
Ukuran:ukuran m nya agak terlalu kebesaran",3,0,1737677554,warna sesuai dengan yang di foto ukuran ukuran m nya agak terlalu kebesaran,warna sesuai dengan yang di foto ukuran ukuran m nya agak terlalu kebesaran,13,label_3,0.2503172755241394
erwinft,Respon cepat 🚴三 pengiriman mantap,5,0,1737986732,respon cepat pengiriman mantap,respon cepat pengiriman mantap,4,label_3,0.31390416622161865
hasansaif,"Cocok Untuk:berkendara
Kualitas:lumayan
Tampilan:kece abis

Pokonya maasya allah dh, mantep, helem seratusan dpt helm secakep ini tu, wort it bngt.. Maaf ga sempet foto, pokoknya cakep udah.. Cuman kmren kendala di kurir kayany, langsung dpt voucer hh",5,0,1750891930,cocok untuk berkendara kualitas lumayan tampilan kece abis pokonya maasya allah dh mantep helem seratusan dpt helm secakep ini tu wort it bngt maaf ga sempet foto pokoknya cakep udah cuman kmren kendala di kurir kayany langsung dpt voucer hh,cocok untuk berkendara kualitas lumayan tampilan kece abis pokonya maasya allah dh mantep helem seratusan dpt helm secakep ini tu wort it bngt maaf ga sempet foto pokoknya cakep udah cuman kmren kendala di kurir kayany langsung dpt voucer hh,40,positive,0.3314211368560791
syahrindit,"Warna:putih
Ukuran:m
Kenyamanan:bener bener kece + nyaman banget

Keren dah pokoknya",5,0,1759885278,warna putih ukuran m kenyamanan bener bener kece nyaman banget keren dah pokoknya,warna putih ukuran m kenyamanan bener bener kece nyaman banget keren dah pokoknya,13,label_3,0.3223218023777008
hilmimubarok177,Kenyamanan:visor blakang tidak bisa di pasang,5,0,1750159828,kenyamanan visor blakang tidak bisa di pasang,kenyamanan visor blakang tidak bisa di pasang,7,label_3,0.27995628118515015
pilansupriatman,"Warna:bagua
Ukuran:pas
Kenyamanan:nyaman banget",5,0,1743118135,warna bagua ukuran pas kenyamanan nyaman banget,warna bagua ukuran pas kenyamanan nyaman banget,7,label_3,0.29243725538253784
24muslimin,"Warna:hitam doff
Ukuran:pas
Kenyamanan:baik",5,0,1743734947,warna hitam doff ukuran pas kenyamanan baik,warna hitam doff ukuran pas kenyamanan baik,7,label_3,0.2795945703983307
fahrulrozinasution90,Warna:mantap la pokoknya,5,0,1736187172,warna mantap la pokoknya,warna mantap la pokoknya,4,label_3,0.3068000376224518
hendra2234567,"Sangat puas barang saya terima original, terima kasih admin 🙏",5,0,1758011409,sangat puas barang saya terima original terima kasih admin,sangat puas barang saya terima original terima kasih admin,9,positive,0.28444811701774597
f*****r,"Warna:bagus
Ukuran:pas
Kenyamanan:nyaman",5,0,1740792082,warna bagus ukuran pas kenyamanan nyaman,warna bagus ukuran pas kenyamanan nyaman,6,label_3,0.3027242124080658
sadikun5776,Siip,5,0,1753078709,siip,siip,1,positive,0.2788738012313843
i*****9,,4,0,1749617512,,,1,positive,0.27766895294189453
0*****r,,3,0,1747918350,,,1,positive,0.27766895294189453
m*****t,,1,0,1745768028,,,1,positive,0.27766895294189453
e*****y,,3,0,1743086713,,,1,positive,0.27766895294189453
b*****o,"Warna:bagus
Ukuran:pas
Kenyamanan:nyaman",5,0,1749169732,warna bagus ukuran pas kenyamanan nyaman,warna bagus ukuran pas kenyamanan nyaman,6,label_3,0.3027242124080658
salimqu_,"Sesuai pesanan,namun sesampainya paket kaca depan penguncian ya copot alias pecah akibat kurir paketnya kurang ananah",5,0,1755324625,sesuai pesanan namun sesampainya paket kaca depan penguncian ya copot alias pecah akibat kurir paketnya kurang ananah,sesuai pesanan namun sesampainya paket kaca depan penguncian ya copot alias pecah akibat kurir paketnya kurang ananah,17,label_3,0.2522335946559906
fahroziean,"Warna:mantap
Ukuran:pas
Kenyamanan:bagus kakak saya suka",5,0,1757524146,warna mantap ukuran pas kenyamanan bagus kakak saya suka,warna mantap ukuran pas kenyamanan bagus kakak saya suka,9,label_3,0.3045027554035187
8w8wo07c0_,"Warna:Black
Ukuran:M
Kenyamanan:I Dit not",1,0,1747997272,warna black ukuran m kenyamanan i dit not,warna black ukuran m kenyamanan i dit not,8,label_3,0.2812231183052063
h*****4,"Tampilan:keren
Cocok Untuk:motoran
Kualitas:lumayan memuaskan",5,0,1756817990,tampilan keren cocok untuk motoran kualitas lumayan memuaskan,tampilan keren cocok untuk motoran kualitas lumayan memuaskan,8,label_3,0.2903921604156494
saepudinbiker123,"Barang oke, jasa pengirimannya aja lambat gak sesuai dengan nama layanan, udah telat gak ada konfirmasinya",5,0,1751627878,barang oke jasa pengirimannya aja lambat gak sesuai dengan nama layanan udah telat gak ada konfirmasinya,barang oke jasa pengirimannya aja lambat gak sesuai dengan nama layanan udah telat gak ada konfirmasinya,16,label_3,0.2840263545513153
ismaputri19,"Warna:sesuai
Ukuran:sesuai
Kenyamanan:kecewa krn pesen helmnya kaca hitam ternyata yg dtg kaca bening.tpi biar lh.males ngereturt nanti lama lgi prosesnya.laolin x tolong lebih teliti lagi ya",3,0,1741323852,warna sesuai ukuran sesuai kenyamanan kecewa krn pesen helmnya kaca hitam ternyata yg dtg kaca bening tpi biar lh males ngereturt nanti lama lgi prosesnya laolin x tolong lebih teliti lagi ya,warna sesuai ukuran sesuai kenyamanan kecewa krn pesen helmnya kaca hitam ternyata yg dtg kaca bening tpi biar lh males ngereturt nanti lama lgi prosesnya laolin x tolong lebih teliti lagi ya,32,positive,0.3276725113391876
f*****_,"Warna:pas
Ukuran:pas
Kenyamanan:nyaman

Kurang nempel",4,0,1748605185,warna pas ukuran pas kenyamanan nyaman kurang nempel,warna pas ukuran pas kenyamanan nyaman kurang nempel,8,label_3,0.29669100046157837
vyrnaherawati,"Warna:sesuai
Ukuran:pas
Kualitas:sesuai harga",5,0,1735828712,warna sesuai ukuran pas kualitas sesuai harga,warna sesuai ukuran pas kualitas sesuai harga,7,positive,0.27191153168678284
dendyrahmadhoni,"Warna:baik
Ukuran:pas dan sesuai
Kenyamanan:nyaman",4,0,1737306560,warna baik ukuran pas dan sesuai kenyamanan nyaman,warna baik ukuran pas dan sesuai kenyamanan nyaman,8,positive,0.27700433135032654
coconuet_storee,"Ukuran:sesuai
Warna:tidak sesuai

Beli yng glosy katanya redy pas di chat eh yang dikirm malah yang dop",3,0,1732945550,ukuran sesuai warna tidak sesuai beli yng glosy katanya redy pas di chat eh yang dikirm malah yang dop,ukuran sesuai warna tidak sesuai beli yng glosy katanya redy pas di chat eh yang dikirm malah yang dop,19,positive,0.3230459988117218
herubl,"Warna:bagus
Ukuran:sesuai
Kenyamanan:nyaman",5,0,1742304618,warna bagus ukuran sesuai kenyamanan nyaman,warna bagus ukuran sesuai kenyamanan nyaman,6,positive,0.2779526114463806
raffafatar419,Ko bolong,1,2,1740412590,ko bolong,ko bolong,2,positive,0.30004647374153137
andriyano24,"Warna:pas
Ukuran:pas
Kenyamanan:pass

Pass",5,0,1741780419,warna pas ukuran pas kenyamanan pass pass,warna pas ukuran pas kenyamanan pass pass,7,label_3,0.2767598628997803
feryardiansyah414,Bautnya blum kepasang sblah.,5,0,1748675725,bautnya blum kepasang sblah,bautnya blum kepasang sblah,4,positive,0.3188779056072235
istambulparfum,"Warna:bagus
Ukuran:pas
Kenyamanan:sangat nyaman",5,0,1748097454,warna bagus ukuran pas kenyamanan sangat nyaman,warna bagus ukuran pas kenyamanan sangat nyaman,7,label_3,0.2785030007362366
luosym2312,Lain kali di cek dulu sblum di kirim,5,0,1753964838,lain kali di cek dulu sblum di kirim,lain kali di cek dulu sblum di kirim,8,label_3,0.30971530079841614
6*****s,"Warna:bagus
Ukuran:pas
Kenyamanan:sangat nyaman",5,0,1737951306,warna bagus ukuran pas kenyamanan sangat nyaman,warna bagus ukuran pas kenyamanan sangat nyaman,7,label_3,0.2785030007362366
i*****a,"Warna:suai
Ukuran:pas
Kenyamanan:lumayan

mantap",5,0,1746958800,warna suai ukuran pas kenyamanan lumayan mantap,warna suai ukuran pas kenyamanan lumayan mantap,7,label_3,0.2803211808204651
z*****i,Model bagus. TapiKualitas sesuai harga. Baru jatuh 1x kaca langsung lepas,5,0,1759814818,model bagus tapikualitas sesuai harga baru jatuh 1x kaca langsung lepas,model bagus tapikualitas sesuai harga baru jatuh 1x kaca langsung lepas,11,label_3,0.31475743651390076
gerygerygery119,"Warna:sesuai
Ukuran:pas

Lumayan lah",2,0,1750138116,warna sesuai ukuran pas lumayan lah,warna sesuai ukuran pas lumayan lah,6,label_3,0.3090498149394989
1stmalsky,"Warna:hitam glossy

Overal cakep, cuma ada baret dikit mungkin bekas kardus.",5,0,1750997792,warna hitam glossy overal cakep cuma ada baret dikit mungkin bekas kardus,warna hitam glossy overal cakep cuma ada baret dikit mungkin bekas kardus,12,label_3,0.33068981766700745
ea6scveoho,"Warna:bagus
Ukuran:pas
Kenyamanan:sesuai",5,0,1746510534,warna bagus ukuran pas kenyamanan sesuai,warna bagus ukuran pas kenyamanan sesuai,6,label_3,0.30677998065948486
ramadani11,"Warna:pas
Ukuran:sesuai
Kenyamanan:nyman",5,0,1741930070,warna pas ukuran sesuai kenyamanan nyman,warna pas ukuran sesuai kenyamanan nyman,6,label_3,0.3151581585407257
egie203,"Warna:doff
Ukuran:pas
Kenyamanan:nyaman

nice",5,0,1738879597,warna doff ukuran pas kenyamanan nyaman nice,warna doff ukuran pas kenyamanan nyaman nice,7,label_3,0.273123562335968
kerupuksiti,"Warna:bagus
Ukuran:pas

Ada bagian rusak mungkin saat diperjalanan 
Bagian penutup kaca",5,0,1749679875,warna bagus ukuran pas ada bagian rusak mungkin saat diperjalanan bagian penutup kaca,warna bagus ukuran pas ada bagian rusak mungkin saat diperjalanan bagian penutup kaca,13,positive,0.27007976174354553
ziroarashyi,"Warna:sesuai
Ukuran:sesuai
Kenyamanan:bagsu",5,0,1737115802,warna sesuai ukuran sesuai kenyamanan bagsu,warna sesuai ukuran sesuai kenyamanan bagsu,6,label_3,0.28694725036621094
antosusanto370,"Warna:mntap
Ukuran:pas
Kualitas:bguss",5,0,1734498034,warna mntap ukuran pas kualitas bguss,warna mntap ukuran pas kualitas bguss,6,label_3,0.3120225965976715
ekapratiwi121892,"Warna:sesuai
Ukuran:ukuran M tp berasa ukuran XL
Kenyamanan:kurang

Helmnya bgus cuma bgian belakang retak, pengiriman.y kurang safety.",2,0,1745388224,warna sesuai ukuran ukuran m tp berasa ukuran xl kenyamanan kurang helmnya bgus cuma bgian belakang retak pengiriman y kurang safety,warna sesuai ukuran ukuran m tp berasa ukuran xl kenyamanan kurang helmnya bgus cuma bgian belakang retak pengiriman y kurang safety,21,positive,0.2825388014316559
a*****2,"Warna:Hitam Dof
Ukuran:L
Kenyamanan:Nyaman busa tebal",5,0,1759965495,warna hitam dof ukuran l kenyamanan nyaman busa tebal,warna hitam dof ukuran l kenyamanan nyaman busa tebal,9,label_3,0.26968833804130554
9*****5,Mantap 🫰🏻🫰🏻🫰🏻🫰🏻🫰🏻🫰🏻🫰🏻🫰🏻🫰🏻🫰🏻🫰🏻🫰🏻🫰🏻🫰🏻🫰🏻🫰🏻,4,0,1737380236,mantap,mantap,1,positive,0.2676052749156952
bahalaiwawah,Oke,5,0,1758204222,oke,oke,1,positive,0.2691251039505005
grow_sablonmaker84,"Warna:oke
Ukuran:pas mantap
Kenyamanan:oke",5,0,1746380480,warna oke ukuran pas mantap kenyamanan oke,warna oke ukuran pas mantap kenyamanan oke,7,label_3,0.30533257126808167
rsitrsit310,"paket lama sampai,kurir tidak ramah,nama nya aja udah si cepat tapi hasil nya lambat padahal pakai reguler",1,0,1742491686,paket lama sampai kurir tidak ramah nama nya aja udah si cepat tapi hasil nya lambat padahal pakai reguler,paket lama sampai kurir tidak ramah nama nya aja udah si cepat tapi hasil nya lambat padahal pakai reguler,19,positive,0.3090229332447052
m*****3,Barang sudah sampai di tujuan pengiriman cepat semoga awet dan tahan lama dan,5,0,1756555120,barang sudah sampai di tujuan pengiriman cepat semoga awet dan tahan lama dan,barang sudah sampai di tujuan pengiriman cepat semoga awet dan tahan lama dan,13,label_3,0.26891374588012695
user35y5,"Warna:hitam
Ukuran:M
Kenyamanan:pas

Itu yang ada tambahan di belakang nya bingung masa cuman pake isolatif",5,0,1751087393,warna hitam ukuran m kenyamanan pas itu yang ada tambahan di belakang nya bingung masa cuman pake isolatif,warna hitam ukuran m kenyamanan pas itu yang ada tambahan di belakang nya bingung masa cuman pake isolatif,18,label_3,0.3013933300971985
jayaeka123,Ukuran:Pas di kepala,5,0,1733556657,ukuran pas di kepala,ukuran pas di kepala,4,label_3,0.286881685256958
jb9vc0a1ah,Mantap lah,5,0,1760245505,mantap lah,mantap lah,2,positive,0.29111143946647644
omienadv123,"Warna:bagus
Ukuran:pas
Kenyamanan:nyaman",5,0,1746015521,warna bagus ukuran pas kenyamanan nyaman,warna bagus ukuran pas kenyamanan nyaman,6,label_3,0.3027242124080658
niehirwan,"Warna:bagus
Ukuran:pas
Kenyamanan:nyaman",5,0,1740121781,warna bagus ukuran pas kenyamanan nyaman,warna bagus ukuran pas kenyamanan nyaman,6,label_3,0.3027242124080658
everlino19,"Warna:bagus
Ukuran:pas
Kenyamanan:nyaman",5,0,1742847845,warna bagus ukuran pas kenyamanan nyaman,warna bagus ukuran pas kenyamanan nyaman,6,label_3,0.3027242124080658
e8006q59km,"Warna:bagus
Ukuran:pas
Kenyamanan:nyaman",5,0,1739374527,warna bagus ukuran pas kenyamanan nyaman,warna bagus ukuran pas kenyamanan nyaman,6,label_3,0.3027242124080658
rizkykyyy381,"Warna:jwelekk banget
Ukuran:kecil banget
Kenyamanan:gk nyaman bikin sakit pala kuu

Nyesel gua nunggu lu udah lama banget",1,0,1737444453,warna jwelekk banget ukuran kecil banget kenyamanan gk nyaman bikin sakit pala kuu nyesel gua nunggu lu udah lama banget,warna jwelekk banget ukuran kecil banget kenyamanan gk nyaman bikin sakit pala kuu nyesel gua nunggu lu udah lama banget,20,positive,0.3321908712387085
muhamadardiyansah206,"Warna:bagus
Ukuran:pas
Kenyamanan:nyaman",5,0,1739675028,warna bagus ukuran pas kenyamanan nyaman,warna bagus ukuran pas kenyamanan nyaman,6,label_3,0.3027242124080658
budiiidenokk,"Warna:bagus
Ukuran:pas
Kenyamanan:nyaman",5,0,1739261749,warna bagus ukuran pas kenyamanan nyaman,warna bagus ukuran pas kenyamanan nyaman,6,label_3,0.3027242124080658
_8sr7j3rbr,Kualitas ok,5,0,1758852690,kualitas ok,kualitas ok,2,positive,0.2694989740848541
0_i21gwtop,Bagus,5,0,1754469863,bagus,bagus,1,positive,0.25675544142723083
rizkiputraananda0407,Bagus,5,0,1752286468,bagus,bagus,1,positive,0.25675544142723083
i*****1,Oke,5,0,1751460327,oke,oke,1,positive,0.2691251039505005
anisbata694,"Warna:sip
Ukuran:pas
Kenyamanan:sangat nyaman",5,0,1736763422,warna sip ukuran pas kenyamanan sangat nyaman,warna sip ukuran pas kenyamanan sangat nyaman,7,label_3,0.2712271213531494
k*****l,"Bagus sih, tapi packaging nya kurang aman",5,0,1738159923,bagus sih tapi packaging nya kurang aman,bagus sih tapi packaging nya kurang aman,7,label_3,0.30873772501945496
alfajar26,"Warna:grey
Ukuran:pas banget
Kenyamanan:terasa sejuk dan nyaman,mantap pokoknya",4,0,1742564847,warna grey ukuran pas banget kenyamanan terasa sejuk dan nyaman mantap pokoknya,warna grey ukuran pas banget kenyamanan terasa sejuk dan nyaman mantap pokoknya,12,label_3,0.273955374956131
fandyyysk,"Ukuran:agak sedikit terlalu besar
Kenyamanan:lumayan nyaman di pake",5,0,1739151566,ukuran agak sedikit terlalu besar kenyamanan lumayan nyaman di pake,ukuran agak sedikit terlalu besar kenyamanan lumayan nyaman di pake,10,label_3,0.282418429851532
handisnts,Luarbiasaaaa,5,0,1750497344,luarbiasaaaa,luarbiasaaaa,1,positive,0.2818412184715271
d*****8,Bagus,5,0,1752918916,bagus,bagus,1,positive,0.25675544142723083
arcystore24,Barang nya mntapp,5,0,1736270155,barang nya mntapp,barang nya mntapp,3,label_3,0.30435484647750854
x79gpkjywo,Alhamdulillah helm bagus banget mantap toko amanah,5,0,1752740870,alhamdulillah helm bagus banget mantap toko amanah,alhamdulillah helm bagus banget mantap toko amanah,7,label_3,0.32282939553260803
k13bjf58nl,"Warna:bagus
Ukuran:sesuai
Kenyamanan:aman",5,0,1742456190,warna bagus ukuran sesuai kenyamanan aman,warna bagus ukuran sesuai kenyamanan aman,6,positive,0.2856210768222809
darwin12396,Sangat Ok,5,0,1762055729,sangat ok,sangat ok,2,positive,0.2931835949420929
simaagustina,"Ukuran:pas
Warna:bagus
Durabilitas:sangat cocok",5,0,1732510302,ukuran pas warna bagus durabilitas sangat cocok,ukuran pas warna bagus durabilitas sangat cocok,7,label_3,0.290322870016098
a*****m,"Warna:hitam bagus
Ukuran:ukuran pas
Kenyamanan:sangat nyaman untuk berkendara",5,0,1751457441,warna hitam bagus ukuran ukuran pas kenyamanan sangat nyaman untuk berkendara,warna hitam bagus ukuran ukuran pas kenyamanan sangat nyaman untuk berkendara,11,positive,0.2665698528289795
handokoprawiryo,"Warna:5
Ukuran:pas
Kenyamanan:nyaman",5,0,1737038874,warna 5 ukuran pas kenyamanan nyaman,warna 5 ukuran pas kenyamanan nyaman,6,label_3,0.2751918137073517
9kkxk6__ln,Paket sudah sampai 👍,5,0,1760266118,paket sudah sampai,paket sudah sampai,3,positive,0.2911258041858673
1_u58b0t0q,"Warna:mantap
Ukuran:pas banget
Kenyamanan:luarbiasa nyaman",5,0,1751946794,warna mantap ukuran pas banget kenyamanan luarbiasa nyaman,warna mantap ukuran pas banget kenyamanan luarbiasa nyaman,8,label_3,0.29093262553215027
gilangsuryasaputra193,"Ukuran:pas
Warna:grey glos

busa yang kurang rapi",3,0,1733199393,ukuran pas warna grey glos busa yang kurang rapi,ukuran pas warna grey glos busa yang kurang rapi,9,label_3,0.27649059891700745
hen_driw,"Warna:sesuai
Ukuran:sesuai
Kenyamanan:bagus",5,0,1742116876,warna sesuai ukuran sesuai kenyamanan bagus,warna sesuai ukuran sesuai kenyamanan bagus,6,label_3,0.27870094776153564
mnurulazman,"Warna:putih
Ukuran:pas sekali
Kenyamanan:ringan",5,0,1745652892,warna putih ukuran pas sekali kenyamanan ringan,warna putih ukuran pas sekali kenyamanan ringan,7,positive,0.28604063391685486
zenkla,Insol dalam helmnya kurang rapi.dan mengklik tali pengamannya terlalu pendek,3,0,1751290759,insol dalam helmnya kurang rapi dan mengklik tali pengamannya terlalu pendek,insol dalam helmnya kurang rapi dan mengklik tali pengamannya terlalu pendek,11,label_3,0.2740466296672821
a*****1,"Warna:hitam doff
Ukuran:XL
Kenyamanan:nyaman

lumayan la helm nya ,cuma kunciannya gampang lepas, sama spoiler belakangnya gabisa dipasang",3,0,1749614397,warna hitam doff ukuran xl kenyamanan nyaman lumayan la helm nya cuma kunciannya gampang lepas sama spoiler belakangnya gabisa dipasang,warna hitam doff ukuran xl kenyamanan nyaman lumayan la helm nya cuma kunciannya gampang lepas sama spoiler belakangnya gabisa dipasang,20,label_3,0.2974402606487274
budivario85,"Warna:sesuai
Ukuran:pas
Kenyamanan:nyaman

Good seller",5,0,1760578110,warna sesuai ukuran pas kenyamanan nyaman good seller,warna sesuai ukuran pas kenyamanan nyaman good seller,8,label_3,0.3041894733905792
eckode,"Warna:Bagus
Ukuran:Pas
Kenyamanan:Lumayan nyaman",5,0,1745203325,warna bagus ukuran pas kenyamanan lumayan nyaman,warna bagus ukuran pas kenyamanan lumayan nyaman,7,label_3,0.2952234447002411
ie70zulem8,Kenyamanan:barang bagus cuman kebesaran sedikit,2,1,1745056561,kenyamanan barang bagus cuman kebesaran sedikit,kenyamanan barang bagus cuman kebesaran sedikit,6,label_3,0.31352412700653076
marufdmcawesome,"Warna:merah maroon dof
Ukuran:M
Kenyamanan:sangat nyaman

lecet dikit bagian kaca kardus rusak parah",3,1,1757772389,warna merah maroon dof ukuran m kenyamanan sangat nyaman lecet dikit bagian kaca kardus rusak parah,warna merah maroon dof ukuran m kenyamanan sangat nyaman lecet dikit bagian kaca kardus rusak parah,16,positive,0.2744689881801605
h*****w,"Barang sudah sampai dengan selamat, toko recomonded, pengiriman ok",5,0,1732931635,barang sudah sampai dengan selamat toko recomonded pengiriman ok,barang sudah sampai dengan selamat toko recomonded pengiriman ok,9,label_3,0.31587210297584534
mbaaziz443,"Warna:sesuai pesanan 100%
Ukuran:sesuai pesanan 100%
Kenyamanan:ketat 100%

Ga tau ini apakah dari pihak penjual atau pengirim, produk yang saya terima ada cacat sedikit. Udahmah sameday ternyata barang yang di terima tidak 100% mulus :( enakan reguler aja kalau gitu mah. Kalau aja mulus helm nya tak kasih bintang 5, tapi sekarang cukup bintang 3. Saran untuk penjual Quality control nya di tingkatkan kalau bisa kasih tau juga agen pengirimnya untuk hati-hati dalam menangani barang yang kalian jual supaya sama² hati².",3,0,1744894219,warna sesuai pesanan 100 ukuran sesuai pesanan 100 kenyamanan ketat 100 ga tau ini apakah dari pihak penjual atau pengirim produk yang saya terima ada cacat sedikit udahmah sameday ternyata barang yang di terima tidak 100 mulus enakan reguler aja kalau gitu mah kalau aja mulus helm nya tak kasih bintang 5 tapi sekarang cukup bintang 3 saran untuk penjual quality control nya di tingkatkan kalau bisa kasih tau juga agen pengirimnya untuk hati hati dalam menangani barang yang kalian jual supaya sama hati,warna sesuai pesanan 100 ukuran sesuai pesanan 100 kenyamanan ketat 100 ga tau ini apakah dari pihak penjual atau pengirim produk yang saya terima ada cacat sedikit udahmah sameday ternyata barang yang di terima tidak 100 mulus enakan reguler aja kalau gitu mah kalau aja mulus helm nya tak kasih bintang 5 tapi sekarang cukup bintang 3 saran untuk penjual quality control nya di tingkatkan kalau bisa kasih tau juga agen pengirimnya untuk hati hati dalam menangani barang yang kalian jual supaya sama hati,84,positive,0.2694122791290283
sukendarkendar552,"Warna:sesuai
Ukuran:tidak sesuai dgn pesanan, dipesan L yg sampai XL
Kenyamanan:kurang nyaman karena ke besaran.",2,0,1736858634,warna sesuai ukuran tidak sesuai dgn pesanan dipesan l yg sampai xl kenyamanan kurang nyaman karena ke besaran,warna sesuai ukuran tidak sesuai dgn pesanan dipesan l yg sampai xl kenyamanan kurang nyaman karena ke besaran,18,positive,0.28731751441955566
agussetiawan492,Ok,5,0,1756219342,ok,ok,1,positive,0.2572935223579407
abel0905,Ukuran XXl terasa pake L pinising cat nya kurang sedikit rapih selebih nya ok lah,4,0,1753398487,ukuran xxl terasa pake l pinising cat nya kurang sedikit rapih selebih nya ok lah,ukuran xxl terasa pake l pinising cat nya kurang sedikit rapih selebih nya ok lah,15,positive,0.30289286375045776
sandisungailiat,"Warna:ada bagian cat yang tidak sempurna atau retak

Perbaiki lagi kualitasnya",4,0,1761874148,warna ada bagian cat yang tidak sempurna atau retak perbaiki lagi kualitasnya,warna ada bagian cat yang tidak sempurna atau retak perbaiki lagi kualitasnya,12,positive,0.29696059226989746
fr68_pq_da,"Warna:bagus
Ukuran:pas
Kenyamanan:nyman",5,0,1736653007,warna bagus ukuran pas kenyamanan nyman,warna bagus ukuran pas kenyamanan nyman,6,label_3,0.32867950201034546
abimanyu_legostore,Pengirimannya lama banget,5,0,1743161103,pengirimannya lama banget,pengirimannya lama banget,3,positive,0.31100621819496155
5*****3,"Warna:marun
Ukuran:pas
Kenyamanan:nyaman

Wortit lah bagus luar dalam",5,0,1753683386,warna marun ukuran pas kenyamanan nyaman wortit lah bagus luar dalam,warna marun ukuran pas kenyamanan nyaman wortit lah bagus luar dalam,11,positive,0.28046715259552
jaliusjalius384,"Warna:sesuai
Ukuran:pas
Kenyamanan:ok

Sesuai harga la",4,0,1738914750,warna sesuai ukuran pas kenyamanan ok sesuai harga la,warna sesuai ukuran pas kenyamanan ok sesuai harga la,9,positive,0.3076775372028351
g*****8,"Warna:abu dof
Ukuran:L
Kenyamanan:nyaman

terdapat sedikit goresan",5,0,1750992233,warna abu dof ukuran l kenyamanan nyaman terdapat sedikit goresan,warna abu dof ukuran l kenyamanan nyaman terdapat sedikit goresan,10,label_3,0.2681221663951874
istoyibistoyib,"Warna:bagus
Ukuran:pas
Kenyamanan:aman",5,0,1750226003,warna bagus ukuran pas kenyamanan aman,warna bagus ukuran pas kenyamanan aman,6,label_3,0.30618926882743835
muhammadakhsanmufidassya,"Warna:bagus sesuai dgn gambar
Ukuran:pas
Kenyamanan:lumayan nyaman",4,0,1749460348,warna bagus sesuai dgn gambar ukuran pas kenyamanan lumayan nyaman,warna bagus sesuai dgn gambar ukuran pas kenyamanan lumayan nyaman,10,label_3,0.2925456762313843
nazir_husei,mantull barangnya,5,0,1744363149,mantull barangnya,mantull barangnya,2,label_3,0.3040536642074585
h*****3,"Warna:abu
Ukuran:pas
Kenyamanan:nymn

Tingkatin lagu QC nya.",3,0,1736503297,warna abu ukuran pas kenyamanan nymn tingkatin lagu qc nya,warna abu ukuran pas kenyamanan nymn tingkatin lagu qc nya,10,positive,0.30015116930007935
riyadiriyadi730,"Warna:pas
Ukuran:pas
Kenyamanan:pass",5,0,1746722369,warna pas ukuran pas kenyamanan pass,warna pas ukuran pas kenyamanan pass,6,positive,0.2986650764942169
pilot_darat119,"Warna:lumayan
Ukuran:xl kecil untuk bb 78
Kenyamanan:sempit

Jangan berharap lebih di harga segitu",4,0,1754504057,warna lumayan ukuran xl kecil untuk bb 78 kenyamanan sempit jangan berharap lebih di harga segitu,warna lumayan ukuran xl kecil untuk bb 78 kenyamanan sempit jangan berharap lebih di harga segitu,16,positive,0.2725715935230255
tokosekinkher,"Warna:bgus
Ukuran:pas
Kenyamanan:enak

Barang ok acc",5,0,1759813981,warna bgus ukuran pas kenyamanan enak barang ok acc,warna bgus ukuran pas kenyamanan enak barang ok acc,9,label_3,0.2924329936504364
r64x1uyh4i,"Warna:bagus sesuai dngn gambar
Ukuran:pas
Kenyamanan:adem dan ntaman",5,0,1753938984,warna bagus sesuai dngn gambar ukuran pas kenyamanan adem dan ntaman,warna bagus sesuai dngn gambar ukuran pas kenyamanan adem dan ntaman,11,label_3,0.2978057563304901
budhyono1290,"Warna:Sesuai
Ukuran:Pas
Kenyamanan:Lumayan Nyaman

MANTABB",5,0,1753025062,warna sesuai ukuran pas kenyamanan lumayan nyaman mantabb,warna sesuai ukuran pas kenyamanan lumayan nyaman mantabb,8,label_3,0.30487164855003357
thoifahmad,"Warna:Hitam Doff
Ukuran:pas / m
Kenyamanan:sangat nyaman",5,0,1752408867,warna hitam doff ukuran pas m kenyamanan sangat nyaman,warna hitam doff ukuran pas m kenyamanan sangat nyaman,9,label_3,0.2698659598827362
k*****9,Ok,5,0,1753154188,ok,ok,1,positive,0.2572935223579407
miners,"Warna:Merah metalic
Ukuran:Pass bgt
Kenyamanan:Good bgt pokoke..",5,0,1752077408,warna merah metalic ukuran pass bgt kenyamanan good bgt pokoke,warna merah metalic ukuran pass bgt kenyamanan good bgt pokoke,10,label_3,0.2982081472873688
m3ozlfemlo,"Warna:sesuai
Ukuran:pas
Kenyamanan:sangat nyaman",5,0,1741170013,warna sesuai ukuran pas kenyamanan sangat nyaman,warna sesuai ukuran pas kenyamanan sangat nyaman,7,label_3,0.2717824876308441
hermanjumaidi,"Warna:sesuai
Ukuran:pas
Kenyamanan:sangat nyaman",5,0,1738405886,warna sesuai ukuran pas kenyamanan sangat nyaman,warna sesuai ukuran pas kenyamanan sangat nyaman,7,label_3,0.2717824876308441
abdulindra814,"Warna:bagus
Ukuran:pas
Kenyamanan:oke",5,0,1746852078,warna bagus ukuran pas kenyamanan oke,warna bagus ukuran pas kenyamanan oke,6,label_3,0.30350491404533386
ekopunggur,"Warna:bagus
Ukuran:pas
Kenyamanan:oke",5,0,1742289794,warna bagus ukuran pas kenyamanan oke,warna bagus ukuran pas kenyamanan oke,6,label_3,0.30350491404533386
rudizhibril,Sangat2 luar biasa helm baguss,5,0,1751955846,sangat2 luar biasa helm baguss,sangat2 luar biasa helm baguss,5,positive,0.3033979833126068
57ot580o6m,"Warna:oke pas
Ukuran:pas
Kenyamanan:lumayan",5,0,1738029112,warna oke pas ukuran pas kenyamanan lumayan,warna oke pas ukuran pas kenyamanan lumayan,7,label_3,0.2951226234436035
m.agusptasetya,"Bagus banget sesuai gambar ,tapi ukuran xL nya sedikit sempit",5,0,1760291916,bagus banget sesuai gambar tapi ukuran xl nya sedikit sempit,bagus banget sesuai gambar tapi ukuran xl nya sedikit sempit,10,label_3,0.30077993869781494
yudiarya87,"Warna:sesuai dengan diskripsi
Ukuran:ukuran pas
Kenyamanan:Sangat nyaman",1,0,1738390047,warna sesuai dengan diskripsi ukuran ukuran pas kenyamanan sangat nyaman,warna sesuai dengan diskripsi ukuran ukuran pas kenyamanan sangat nyaman,10,label_3,0.2592654526233673
kingjames547,"Warna:bagus
Ukuran:pas
Kenyamanan:nyamanah",5,0,1741755883,warna bagus ukuran pas kenyamanan nyamanah,warna bagus ukuran pas kenyamanan nyamanah,6,label_3,0.3148498237133026
mawardy20,"Warna:hiyam
Ukuran:kebesaran
Kenyamanan:longggar

Salah kirim kayaknya aku mau ukuran M yang di kirim L - XL",3,0,1745242904,warna hiyam ukuran kebesaran kenyamanan longggar salah kirim kayaknya aku mau ukuran m yang di kirim l xl,warna hiyam ukuran kebesaran kenyamanan longggar salah kirim kayaknya aku mau ukuran m yang di kirim l xl,18,positive,0.2958201766014099
k*****5,"Warna:abu"" tidak sesuai iklan
Ukuran:xl

Tidak nyaman,sunguh buruk,dan tidak berkualitas",1,0,1751803396,warna abu tidak sesuai iklan ukuran xl tidak nyaman sunguh buruk dan tidak berkualitas,warna abu tidak sesuai iklan ukuran xl tidak nyaman sunguh buruk dan tidak berkualitas,14,positive,0.2913525104522705
h*****6,"Warna:ok
Ukuran:pas
Kenyamanan:nyaman",5,0,1738311805,warna ok ukuran pas kenyamanan nyaman,warna ok ukuran pas kenyamanan nyaman,6,label_3,0.2904148995876312
h*****6,"Warna:putih
Ukuran:L, pas

Lecet, lem spoiler tidak lengket, rachet rusak",2,0,1753606322,warna putih ukuran l pas lecet lem spoiler tidak lengket rachet rusak,warna putih ukuran l pas lecet lem spoiler tidak lengket rachet rusak,12,label_3,0.29342982172966003
irfab1201,"Warna:mantap
Ukuran:ukuran pas
Kenyamanan:sangat bagus",5,0,1753011832,warna mantap ukuran ukuran pas kenyamanan sangat bagus,warna mantap ukuran ukuran pas kenyamanan sangat bagus,8,positive,0.2711762487888336
dhenicagur,"Warna:sangat bagus
Ukuran:pas
Kenyamanan:baik",5,0,1739518968,warna sangat bagus ukuran pas kenyamanan baik,warna sangat bagus ukuran pas kenyamanan baik,7,label_3,0.26259830594062805
r*****8,"Warna:sesuai dengan pesanan
Ukuran:pas dan sesuai
Kenyamanan:nyaman",4,0,1736921899,warna sesuai dengan pesanan ukuran pas dan sesuai kenyamanan nyaman,warna sesuai dengan pesanan ukuran pas dan sesuai kenyamanan nyaman,10,positive,0.25653523206710815
wankurniawan590,"Warna:sesuai
Ukuran:l
Kenyamanan:kurang enak

Pass buka kaca ya keras, dan brisik, busa  tipis",4,0,1742891096,warna sesuai ukuran l kenyamanan kurang enak pass buka kaca ya keras dan brisik busa tipis,warna sesuai ukuran l kenyamanan kurang enak pass buka kaca ya keras dan brisik busa tipis,16,label_3,0.2846441864967346
abdillahgordynn,Cat nya ko ga rapih banyak baret nya,2,0,1746083096,cat nya ko ga rapih banyak baret nya,cat nya ko ga rapih banyak baret nya,8,positive,0.3184715807437897
a*****1,"Warna:Pas sesuai deskripsi
Ukuran:xl tapi tali pengikat pendek
Kenyamanan:Coba pakai nyaman

ada beberapa goresan dp helm (sesuai harga) dicek kesan pertama bahan ringkih atau kurang kuat, namun semoga awet",4,0,1752046106,warna pas sesuai deskripsi ukuran xl tapi tali pengikat pendek kenyamanan coba pakai nyaman ada beberapa goresan dp helm sesuai harga dicek kesan pertama bahan ringkih atau kurang kuat namun semoga awet,warna pas sesuai deskripsi ukuran xl tapi tali pengikat pendek kenyamanan coba pakai nyaman ada beberapa goresan dp helm sesuai harga dicek kesan pertama bahan ringkih atau kurang kuat namun semoga awet,32,positive,0.2916802167892456
izzan_24,"Baru beli, di pakai sekali lngsung jatuh dari atas jok motor doang batoknya lngsung pecah 🥲",3,0,1747008698,baru beli di pakai sekali lngsung jatuh dari atas jok motor doang batoknya lngsung pecah,baru beli di pakai sekali lngsung jatuh dari atas jok motor doang batoknya lngsung pecah,15,label_3,0.3076351284980774
saputra_rachmad,"Warna:baik
Ukuran:baik
Kenyamanan:baik

Mantaf",5,0,1743311504,warna baik ukuran baik kenyamanan baik mantaf,warna baik ukuran baik kenyamanan baik mantaf,7,positive,0.2747248411178589
jdmanroe,"Warna:sesuai
Ukuran:pas
Kenyamanan:lumayan nyaman

Baru sadar helm yg di pajang utk foto merk HKM d bagian belakang ada stiker HKM orginal sedangkan yg di kirim merk MLA tidak ada stiker nya 
Overall bagus la utk harga segitu 
Sukses terus buat tokonya 👍",4,0,1754239258,warna sesuai ukuran pas kenyamanan lumayan nyaman baru sadar helm yg di pajang utk foto merk hkm d bagian belakang ada stiker hkm orginal sedangkan yg di kirim merk mla tidak ada stiker nya overall bagus la utk harga segitu sukses terus buat tokonya,warna sesuai ukuran pas kenyamanan lumayan nyaman baru sadar helm yg di pajang utk foto merk hkm d bagian belakang ada stiker hkm orginal sedangkan yg di kirim merk mla tidak ada stiker nya overall bagus la utk harga segitu sukses terus buat tokonya,44,positive,0.28131812810897827
dendysuryadinata,Baiklah,5,0,1752657683,baiklah,baiklah,1,positive,0.28281518816947937
matcodet858,"Warna:Bagus
Ukuran:pas dan sesuai
Kenyamanan:sangat nyaman di pakai",5,0,1760514638,warna bagus ukuran pas dan sesuai kenyamanan sangat nyaman di pakai,warna bagus ukuran pas dan sesuai kenyamanan sangat nyaman di pakai,11,positive,0.26611319184303284
n0_4sfug6u,"Warna:hitam dof
Ukuran:pas sesuai pesanan
Kenyamanan:nyaman lah 😊",5,0,1758188371,warna hitam dof ukuran pas sesuai pesanan kenyamanan nyaman lah,warna hitam dof ukuran pas sesuai pesanan kenyamanan nyaman lah,10,label_3,0.287232369184494
zukhaerulasad,"Warna:warna nya sesuai dengan gambar nya
Ukuran:ukuran nya kanan kiri nya pas namun sisi belakang masih longgar sehingga helm nya dapat maju dan mundur

Untuk kenyamana sudah lumayan bagus namun spoiler nya kurang akurat dengan sisi helm nya ketika di tempel dan ketika ingin di tempel itupun kurang merekat sehingga dapat terjadi nya jatuh tak di duga",3,0,1758203971,warna warna nya sesuai dengan gambar nya ukuran ukuran nya kanan kiri nya pas namun sisi belakang masih longgar sehingga helm nya dapat maju dan mundur untuk kenyamana sudah lumayan bagus namun spoiler nya kurang akurat dengan sisi helm nya ketika di tempel dan ketika ingin di tempel itupun kurang merekat sehingga dapat terjadi nya jatuh tak di duga,warna warna nya sesuai dengan gambar nya ukuran ukuran nya kanan kiri nya pas namun sisi belakang masih longgar sehingga helm nya dapat maju dan mundur untuk kenyamana sudah lumayan bagus namun spoiler nya kurang akurat dengan sisi helm nya ketika di tempel dan ketika ingin di tempel itupun kurang merekat sehingga dapat terjadi nya jatuh tak di duga,59,positive,0.2576572895050049
kromkriru8,"Warna:warna baguss
Ukuran:pass
Kenyamanan:nyamann",5,0,1738666145,warna warna baguss ukuran pass kenyamanan nyamann,warna warna baguss ukuran pass kenyamanan nyamann,7,positive,0.2989330291748047
xs0k523pz5,"Menyala warna nya, sesuai pesanan",4,0,1740895217,menyala warna nya sesuai pesanan,menyala warna nya sesuai pesanan,5,positive,0.2981167137622833
bedu354,"Warna:menarik
Ukuran:pas di kepala
Kenyamanan:sangat nyaman",5,0,1753108156,warna menarik ukuran pas di kepala kenyamanan sangat nyaman,warna menarik ukuran pas di kepala kenyamanan sangat nyaman,9,label_3,0.2710188627243042
a*****8,"Warna:sesuai pesanan
Ukuran:pas
Kenyamanan:kurang nyaman

Kualitasnya kayak helm yang 70-80ribuan...
Not rekomended...",3,0,1759216661,warna sesuai pesanan ukuran pas kenyamanan kurang nyaman kualitasnya kayak helm yang 70 80ribuan not rekomended,warna sesuai pesanan ukuran pas kenyamanan kurang nyaman kualitasnya kayak helm yang 70 80ribuan not rekomended,16,positive,0.284346342086792
aladiyofficial,"Warna:abu abu rokok
Ukuran:L
Kenyamanan:ringan dipakai

Askia,mantap",4,0,1741155787,warna abu abu rokok ukuran l kenyamanan ringan dipakai askia mantap,warna abu abu rokok ukuran l kenyamanan ringan dipakai askia mantap,11,label_3,0.2663847506046295
ratmisuratmi232,"Warna:hitam
Ukuran:L
Kenyamanan:pas

Helm bagus , pas di kepala dan tutup helm rapat sehingga mata terhindar dari debu",4,0,1756812613,warna hitam ukuran l kenyamanan pas helm bagus pas di kepala dan tutup helm rapat sehingga mata terhindar dari debu,warna hitam ukuran l kenyamanan pas helm bagus pas di kepala dan tutup helm rapat sehingga mata terhindar dari debu,20,label_3,0.259298712015152
r*****d,"Warna:baguss mulus
Ukuran:pass sesuai
Kenyamanan:nyamann",5,0,1751967314,warna baguss mulus ukuran pass sesuai kenyamanan nyamann,warna baguss mulus ukuran pass sesuai kenyamanan nyamann,8,label_3,0.3000907003879547
jagadsatria312,"Warna:tak sesuai dengan yg di pajang.
Ukuran:lbh kecil,
Kenyamanan:tak nyaman.

Tak usah belanja di sini lagi.",1,0,1759580162,warna tak sesuai dengan yg di pajang ukuran lbh kecil kenyamanan tak nyaman tak usah belanja di sini lagi,warna tak sesuai dengan yg di pajang ukuran lbh kecil kenyamanan tak nyaman tak usah belanja di sini lagi,19,label_3,0.2797388434410095
teggaar,"Warna:bagus
Ukuran:paa
Kenyamanan:pas

Mantap",5,0,1745155311,warna bagus ukuran paa kenyamanan pas mantap,warna bagus ukuran paa kenyamanan pas mantap,7,label_3,0.3041927218437195
fireart1,Dudukan atau penahan kaca ada yang patah di bagian dalam,2,0,1738296110,dudukan atau penahan kaca ada yang patah di bagian dalam,dudukan atau penahan kaca ada yang patah di bagian dalam,10,label_3,0.2610247731208801
tyonations,"Warna:sesuai
Ukuran:pas
Kenyamanan:okelah busanya lumayan tebel

Kalo dari aku yang perlu di perbaiki double tape spoiler nya sih soalnya gampang lepas di aku yang double tape bagian kanan udah g nempel rawan aja gitu kalo tbtb lepas",4,0,1761830366,warna sesuai ukuran pas kenyamanan okelah busanya lumayan tebel kalo dari aku yang perlu di perbaiki double tape spoiler nya sih soalnya gampang lepas di aku yang double tape bagian kanan udah g nempel rawan aja gitu kalo tbtb lepas,warna sesuai ukuran pas kenyamanan okelah busanya lumayan tebel kalo dari aku yang perlu di perbaiki double tape spoiler nya sih soalnya gampang lepas di aku yang double tape bagian kanan udah g nempel rawan aja gitu kalo tbtb lepas,40,positive,0.2648681700229645
alkausar625,"Warna:kerenn
Ukuran:pass banget
Kenyamanan:nyaman",5,0,1745046518,warna kerenn ukuran pass banget kenyamanan nyaman,warna kerenn ukuran pass banget kenyamanan nyaman,7,label_3,0.31083765625953674
jusoproject,"Warna:putih
Ukuran:xl kebasaran

Barang mah bagus banget tapi kualitas burik om !!",1,0,1751763990,warna putih ukuran xl kebasaran barang mah bagus banget tapi kualitas burik om,warna putih ukuran xl kebasaran barang mah bagus banget tapi kualitas burik om,13,label_3,0.3298562467098236
zardhanyou,"Warna:sesuai
Ukuran:pas di kepala",5,0,1744761640,warna sesuai ukuran pas di kepala,warna sesuai ukuran pas di kepala,6,label_3,0.3011401295661926
b*****2,"Warna:sesuai dengan pilihan
Ukuran:pad
Kenyamanan:ringan sangat nyaman",5,0,1751102588,warna sesuai dengan pilihan ukuran pad kenyamanan ringan sangat nyaman,warna sesuai dengan pilihan ukuran pad kenyamanan ringan sangat nyaman,10,label_4,0.2475503534078598
h*****m,"Warna:hitam dof yang elegan
Ukuran:ukuran yang pas cukup nyaman sat di pakek
Kenyamanan:sedeng",4,0,1752620935,warna hitam dof yang elegan ukuran ukuran yang pas cukup nyaman sat di pakek kenyamanan sedeng,warna hitam dof yang elegan ukuran ukuran yang pas cukup nyaman sat di pakek kenyamanan sedeng,16,positive,0.27976155281066895
chris.170,"Warna:putih
Ukuran:pas banget
Kenyamanan:helmnya bagus bangettt",5,0,1757637130,warna putih ukuran pas banget kenyamanan helmnya bagus bangettt,warna putih ukuran pas banget kenyamanan helmnya bagus bangettt,9,label_3,0.3114798069000244
j*****x,"Ada kualitas ada harga, kalo mau bagus mending spend lebih, karna harga murah pasti sesuai dngn kualitasnya.",1,0,1751857290,ada kualitas ada harga kalo mau bagus mending spend lebih karna harga murah pasti sesuai dngn kualitasnya,ada kualitas ada harga kalo mau bagus mending spend lebih karna harga murah pasti sesuai dngn kualitasnya,17,positive,0.28074485063552856
sandi.a7,"Warna:sesuai
Ukuran:pas
Kenyamanan:baik",5,0,1746162625,warna sesuai ukuran pas kenyamanan baik,warna sesuai ukuran pas kenyamanan baik,6,label_3,0.2861047089099884
l*****z,"Warna:biasa
Ukuran:lebih kecil dari yang di harapkan
Kenyamanan:tidak nyaman

Ga recommended banget, bukan barang original. Nyesel banget belanja di Toko ini.
Bahan tipis, itu mah ga SNI.
Kapok belanja di toko ini lagi. Terima kasih.",2,0,1762863639,warna biasa ukuran lebih kecil dari yang di harapkan kenyamanan tidak nyaman ga recommended banget bukan barang original nyesel banget belanja di toko ini bahan tipis itu mah ga sni kapok belanja di toko ini lagi terima kasih,warna biasa ukuran lebih kecil dari yang di harapkan kenyamanan tidak nyaman ga recommended banget bukan barang original nyesel banget belanja di toko ini bahan tipis itu mah ga sni kapok belanja di toko ini lagi terima kasih,38,positive,0.35266363620758057
5*****g,"Warna:ok
Ukuran:sangat kecil

Helm ukuran xl tp sangat kecil tidak bisa dipakai oleh orang dewasa",1,0,1760091838,warna ok ukuran sangat kecil helm ukuran xl tp sangat kecil tidak bisa dipakai oleh orang dewasa,warna ok ukuran sangat kecil helm ukuran xl tp sangat kecil tidak bisa dipakai oleh orang dewasa,17,label_3,0.25542545318603516
a*****i,"Warna:warna nya sesuai
Ukuran:Ukuran sesuai
Kenyamanan:Pas dengan kepala dan nyaman dipakai

minusnya aksesori bagian kaca tempat pemasangan baut",3,0,1760245315,warna warna nya sesuai ukuran ukuran sesuai kenyamanan pas dengan kepala dan nyaman dipakai minusnya aksesori bagian kaca tempat pemasangan baut,warna warna nya sesuai ukuran ukuran sesuai kenyamanan pas dengan kepala dan nyaman dipakai minusnya aksesori bagian kaca tempat pemasangan baut,21,positive,0.2684638500213623
syahrulagus77,"Warna:ok
Ukuran:pas
Kenyamanan:mantap",5,0,1736148792,warna ok ukuran pas kenyamanan mantap,warna ok ukuran pas kenyamanan mantap,6,label_3,0.2937455475330353
mey_dell,"Warna:sesuai gambar
Ukuran:pas
Kenyamanan:nyaman",5,0,1736405251,warna sesuai gambar ukuran pas kenyamanan nyaman,warna sesuai gambar ukuran pas kenyamanan nyaman,7,label_3,0.2856948971748352
akay_23,"Ukuran:Masih sedikit besar untuk ukuran M

Busa di telinga tidak sama yg kiri & yg kanan
Kanan tebal , kiri agak tipis .",4,0,1750804609,ukuran masih sedikit besar untuk ukuran m busa di telinga tidak sama yg kiri yg kanan kanan tebal kiri agak tipis,ukuran masih sedikit besar untuk ukuran m busa di telinga tidak sama yg kiri yg kanan kanan tebal kiri agak tipis,21,positive,0.24005742371082306
fillahdestroyer,"Warna:sesuai
Ukuran:oke
Kenyamanan:oke

Barangnya agak sedikit cacat, gak mulus padahal tokonya lebih mahal dibandingkan dengan toko lain, lem annya jelek bangettt",2,0,1760635264,warna sesuai ukuran oke kenyamanan oke barangnya agak sedikit cacat gak mulus padahal tokonya lebih mahal dibandingkan dengan toko lain lem annya jelek bangettt,warna sesuai ukuran oke kenyamanan oke barangnya agak sedikit cacat gak mulus padahal tokonya lebih mahal dibandingkan dengan toko lain lem annya jelek bangettt,24,label_3,0.285340279340744
wx80d0hme1,"Warna:bagus
Ukuran:ukuran sedikit kebesaran tp ok
Kenyamanan:nyaman cuma busanya SMP ngepres ke pipi

Helmnya nyaman dan ringan sesuai dg harganya",4,0,1753439069,warna bagus ukuran ukuran sedikit kebesaran tp ok kenyamanan nyaman cuma busanya smp ngepres ke pipi helmnya nyaman dan ringan sesuai dg harganya,warna bagus ukuran ukuran sedikit kebesaran tp ok kenyamanan nyaman cuma busanya smp ngepres ke pipi helmnya nyaman dan ringan sesuai dg harganya,23,positive,0.2686631977558136
mr.cloud.33,Warna:saya pesan merah glossy.. yg dikirim merah doff,4,0,1737451409,warna saya pesan merah glossy yg dikirim merah doff,warna saya pesan merah glossy yg dikirim merah doff,9,label_3,0.26036232709884644
agus_kuncir,"Warna:ok
Ukuran:pas
Kenyamanan:nyaman",5,0,1750339124,warna ok ukuran pas kenyamanan nyaman,warna ok ukuran pas kenyamanan nyaman,6,label_3,0.2904148995876312
kasimin03622,"Kenyamanan:sangat nyaman di pakai
Warna:memiliki pigmen bagus
Ukuran:pas",5,0,1750760917,kenyamanan sangat nyaman di pakai warna memiliki pigmen bagus ukuran pas,kenyamanan sangat nyaman di pakai warna memiliki pigmen bagus ukuran pas,11,positive,0.2630070149898529
rizzhorr,"Warna:sesuai
Ukuran:lebih besar

Merk tidak sesuai, ada cacat, Spon tipis,segel sdh kebuka",1,0,1758283985,warna sesuai ukuran lebih besar merk tidak sesuai ada cacat spon tipis segel sdh kebuka,warna sesuai ukuran lebih besar merk tidak sesuai ada cacat spon tipis segel sdh kebuka,15,label_3,0.2803511619567871
erwinendha,"Warna:sesuai dgn ekspt
Ukuran:besar dari yg di harap
Kenyamanan:sakit keras atas kpla",1,0,1758031358,warna sesuai dgn ekspt ukuran besar dari yg di harap kenyamanan sakit keras atas kpla,warna sesuai dgn ekspt ukuran besar dari yg di harap kenyamanan sakit keras atas kpla,15,label_3,0.2605431079864502
088zjqvxru,"Warna:bugus banget
Ukuran:pas
Kenyamanan:sejuk

pokoknya aku suka",5,0,1762661657,warna bugus banget ukuran pas kenyamanan sejuk pokoknya aku suka,warna bugus banget ukuran pas kenyamanan sejuk pokoknya aku suka,10,label_3,0.29554086923599243
chokiecoy,"Warna:hitam dop
Ukuran:xl
Kenyamanan:ok",5,0,1757857876,warna hitam dop ukuran xl kenyamanan ok,warna hitam dop ukuran xl kenyamanan ok,7,label_3,0.3079187870025635
bowo1805,Bagus helmny tapi sayang spoilerny double tape dikit bnget jdi g nempel,4,0,1750751660,bagus helmny tapi sayang spoilerny double tape dikit bnget jdi g nempel,bagus helmny tapi sayang spoilerny double tape dikit bnget jdi g nempel,12,label_3,0.3150191009044647
atkxdyn,"Warna:hitam
Ukuran:M
Kenyamanan:nyaman

Overal oke, tapi ada baret dikit di kaca depan",4,0,1756569797,warna hitam ukuran m kenyamanan nyaman overal oke tapi ada baret dikit di kaca depan,warna hitam ukuran m kenyamanan nyaman overal oke tapi ada baret dikit di kaca depan,15,label_3,0.28249531984329224
z7xdqh2nyb,"Warna:bagus
Ukuran:pas
Kenyamanan:sangat nyaman",5,0,1737091471,warna bagus ukuran pas kenyamanan sangat nyaman,warna bagus ukuran pas kenyamanan sangat nyaman,7,label_3,0.2785030007362366
aryaanto0000,"Warna:bagus
Ukuran:pas
Kenyamanan:sangat nyaman",5,0,1736586273,warna bagus ukuran pas kenyamanan sangat nyaman,warna bagus ukuran pas kenyamanan sangat nyaman,7,label_3,0.2785030007362366
intointo317,Barang'nya bagus tapi mines pengiriman sangat-sangat-sangat lama,4,0,1748609102,barang nya bagus tapi mines pengiriman sangat sangat sangat lama,barang nya bagus tapi mines pengiriman sangat sangat sangat lama,10,label_3,0.28687939047813416
rioverrysa,"Warna:easy green
Ukuran:L
Kenyamanan:pas dan nyaman",5,0,1761131505,warna easy green ukuran l kenyamanan pas dan nyaman,warna easy green ukuran l kenyamanan pas dan nyaman,9,label_3,0.27078133821487427
adhysam,"Warna:bagus
Ukuran:pas
Kenyamanan:lumayan

Bagus... Smga awet",4,0,1737260923,warna bagus ukuran pas kenyamanan lumayan bagus smga awet,warna bagus ukuran pas kenyamanan lumayan bagus smga awet,9,label_3,0.3015141785144806
bacabaca746,"Warna:Tidak sesuai foto
Ukuran:kegedean tapi salah ku, masih bisa di jual
Kenyamanan:jika di pakai jelas tidak nyaman karna kegedean 😅",3,0,1752561100,warna tidak sesuai foto ukuran kegedean tapi salah ku masih bisa di jual kenyamanan jika di pakai jelas tidak nyaman karna kegedean,warna tidak sesuai foto ukuran kegedean tapi salah ku masih bisa di jual kenyamanan jika di pakai jelas tidak nyaman karna kegedean,22,positive,0.3058893382549286
amielavr,Warna:mntul,5,0,1756706577,warna mntul,warna mntul,2,positive,0.2903580069541931
acamacam989,"Warna:putih
Ukuran:M sesuai
Kenyamanan:enteng d pke nya kaca bening banget",4,0,1754528268,warna putih ukuran m sesuai kenyamanan enteng d pke nya kaca bening banget,warna putih ukuran m sesuai kenyamanan enteng d pke nya kaca bening banget,13,label_3,0.2867381274700165
zyl64ayba3,"Warna:warna doff hitam
Ukuran:pas dan sesuai
Kenyamanan:sangat nyaman",5,0,1752655703,warna warna doff hitam ukuran pas dan sesuai kenyamanan sangat nyaman,warna warna doff hitam ukuran pas dan sesuai kenyamanan sangat nyaman,11,positive,0.2699604630470276
agusramadani102,"Warna:bagus
Ukuran:terlalu besar untuk body helm nya dan busa di dalam nya tipis sehingga msh longgar di kepala.padagal ukuran nya sdh M.
Kenyamanan:kurang nyaman karna msh kebesaran.padayal ukuran nya sdh M",3,0,1761863892,warna bagus ukuran terlalu besar untuk body helm nya dan busa di dalam nya tipis sehingga msh longgar di kepala padagal ukuran nya sdh m kenyamanan kurang nyaman karna msh kebesaran padayal ukuran nya sdh m,warna bagus ukuran terlalu besar untuk body helm nya dan busa di dalam nya tipis sehingga msh longgar di kepala padagal ukuran nya sdh m kenyamanan kurang nyaman karna msh kebesaran padayal ukuran nya sdh m,36,positive,0.2834821045398712
rizki_galih99,"Warna:sesuai
Ukuran:pas",5,0,1749558078,warna sesuai ukuran pas,warna sesuai ukuran pas,4,positive,0.2822321951389313
chairilgunawan402,"Sesuai harga, nyaman dipake nya👍👍",4,0,1738302433,sesuai harga nyaman dipake nya,sesuai harga nyaman dipake nya,5,label_3,0.31199342012405396
zulfikarhou,"Warna:bagus
Ukuran:pas banget

Pengiriman lama lambat 3 hari",5,0,1753263813,warna bagus ukuran pas banget pengiriman lama lambat 3 hari,warna bagus ukuran pas banget pengiriman lama lambat 3 hari,10,label_3,0.29094433784484863
stokzeox,"Warna:aslinya abu"" merah tapi di kirim warna merah
Ukuran:pas,M
Kenyamanan:super nyaman

walau warnanya salah sayaa tetep suka sama hlemnya🙏",4,0,1753608890,warna aslinya abu merah tapi di kirim warna merah ukuran pas m kenyamanan super nyaman walau warnanya salah sayaa tetep suka sama hlemnya,warna aslinya abu merah tapi di kirim warna merah ukuran pas m kenyamanan super nyaman walau warnanya salah sayaa tetep suka sama hlemnya,23,positive,0.3075655400753021
akun05883,"Warna:bagus
Ukuran:agak besar dikit tapi gpp lah
Kenyamanan:ok tapi agak longgar karna kebesaran dikit",4,0,1759237339,warna bagus ukuran agak besar dikit tapi gpp lah kenyamanan ok tapi agak longgar karna kebesaran dikit,warna bagus ukuran agak besar dikit tapi gpp lah kenyamanan ok tapi agak longgar karna kebesaran dikit,17,label_3,0.27910667657852173
aljanary,"Warna:Bagus
Ukuran:pas
Kenyamanan:Aksesoris belakangnya kurang pas dan harus pake lem, soalnya pake double tip kurang rekat",4,0,1759420396,warna bagus ukuran pas kenyamanan aksesoris belakangnya kurang pas dan harus pake lem soalnya pake double tip kurang rekat,warna bagus ukuran pas kenyamanan aksesoris belakangnya kurang pas dan harus pake lem soalnya pake double tip kurang rekat,19,label_3,0.26864439249038696
e*****l,"JANGAN PERNAH PAKAI JASA PENGIRIMAN "" SiCepat "" !!!!! Kurirnya pada HALU MALAS !!! pengiriman melebihin batas estimasi tanggal sampainya.",1,0,1752536417,jangan pernah pakai jasa pengiriman sicepat kurirnya pada halu malas pengiriman melebihin batas estimasi tanggal sampainya,jangan pernah pakai jasa pengiriman sicepat kurirnya pada halu malas pengiriman melebihin batas estimasi tanggal sampainya,16,positive,0.309218168258667
dendiden894,"Warna:sesuai
Ukuran:pas",5,0,1738581589,warna sesuai ukuran pas,warna sesuai ukuran pas,4,positive,0.2822321951389313
sm8pyd6mbv,"Warna:baik
Ukuran:XL tapi kecil
Kenyamanan:biasa

Untuk pengiriman sangat baik",5,0,1760084531,warna baik ukuran xl tapi kecil kenyamanan biasa untuk pengiriman sangat baik,warna baik ukuran xl tapi kecil kenyamanan biasa untuk pengiriman sangat baik,12,label_4,0.24600031971931458
gama3,"Warna:warna sesuai
Ukuran:sangat kecil
Kenyamanan:tidak nyaman

Ukurannya sangat kecil padahal udah pesen size xl. Entah salah kirim atau gimana karena di helm nya juga gk ada keterangan size nya.",2,0,1754014388,warna warna sesuai ukuran sangat kecil kenyamanan tidak nyaman ukurannya sangat kecil padahal udah pesen size xl entah salah kirim atau gimana karena di helm nya juga gk ada keterangan size nya,warna warna sesuai ukuran sangat kecil kenyamanan tidak nyaman ukurannya sangat kecil padahal udah pesen size xl entah salah kirim atau gimana karena di helm nya juga gk ada keterangan size nya,32,positive,0.30036163330078125
wmghfnmm6y,"Warna:cocok
Ukuran:sesuai
Kenyamanan:enak di pakai",5,0,1757896063,warna cocok ukuran sesuai kenyamanan enak di pakai,warna cocok ukuran sesuai kenyamanan enak di pakai,8,label_3,0.27994099259376526
avariem,"Warna:Hitam Dof
Ukuran:Pesan XL tapi serasa L atau M
Kenyamanan:Ok aja klw ga pakai Headset atau TWS. tapi klw pakai TWS gbs jirlah

Pas datang ada beberapa part yg lepas dibagian atas. ada jg yg patah tpi bisa diakalin pakai lem",3,0,1755816796,warna hitam dof ukuran pesan xl tapi serasa l atau m kenyamanan ok aja klw ga pakai headset atau tws tapi klw pakai tws gbs jirlah pas datang ada beberapa part yg lepas dibagian atas ada jg yg patah tpi bisa diakalin pakai lem,warna hitam dof ukuran pesan xl tapi serasa l atau m kenyamanan ok aja klw ga pakai headset atau tws tapi klw pakai tws gbs jirlah pas datang ada beberapa part yg lepas dibagian atas ada jg yg patah tpi bisa diakalin pakai lem,44,positive,0.27771663665771484
ayuwldftrr_,"Warna:bagus
Ukuran:pas
Kenyamanan:mantap sangat

Tapi salah kirim warna, saya pesan warna abu2 yg datang hitam, tapi ganteng jugak",4,0,1760799710,warna bagus ukuran pas kenyamanan mantap sangat tapi salah kirim warna saya pesan warna abu2 yg datang hitam tapi ganteng jugak,warna bagus ukuran pas kenyamanan mantap sangat tapi salah kirim warna saya pesan warna abu2 yg datang hitam tapi ganteng jugak,21,positive,0.30539774894714355
nuryanti.no_rumah_78h,"Warna:warna pas
Ukuran:pas
Kenyamanan:aku sih stecu

ada sedikit cacat di cet nya trs visornya bengkok",4,0,1759002344,warna warna pas ukuran pas kenyamanan aku sih stecu ada sedikit cacat di cet nya trs visornya bengkok,warna warna pas ukuran pas kenyamanan aku sih stecu ada sedikit cacat di cet nya trs visornya bengkok,18,label_3,0.3054693639278412
cosco.line,"Warna:cantik
Ukuran:pas sekali
Kenyamanan:ringan Dan nyaman ✨

Mantap pokoknya",5,0,1758116192,warna cantik ukuran pas sekali kenyamanan ringan dan nyaman mantap pokoknya,warna cantik ukuran pas sekali kenyamanan ringan dan nyaman mantap pokoknya,11,positive,0.2941967248916626
ufju38zu6n,"Warna:sesuai harga
Ukuran:lebih kecil dari ekspektasi

Kesan pertama engap, awalnya sudah mengajukan pengembalian, tapi karna kasian jadi di tungguin dan sampai 9 hari lamanya dari tanggal check out",3,0,1752060480,warna sesuai harga ukuran lebih kecil dari ekspektasi kesan pertama engap awalnya sudah mengajukan pengembalian tapi karna kasian jadi di tungguin dan sampai 9 hari lamanya dari tanggal check out,warna sesuai harga ukuran lebih kecil dari ekspektasi kesan pertama engap awalnya sudah mengajukan pengembalian tapi karna kasian jadi di tungguin dan sampai 9 hari lamanya dari tanggal check out,30,positive,0.2744438946247101
h*****2,"Warna:bagus
Ukuran:pas banget
Kenyamanan:boleh diuji",5,0,1762762966,warna bagus ukuran pas banget kenyamanan boleh diuji,warna bagus ukuran pas banget kenyamanan boleh diuji,8,label_3,0.312605619430542
yudihartono350,"Warna:bagus
Ukuran:pas
Kenyamanan:baik",5,0,1740709761,warna bagus ukuran pas kenyamanan baik,warna bagus ukuran pas kenyamanan baik,6,label_3,0.29037928581237793
jastoys,"Warna:pilihan
Ukuran:kekecilan
Kenyamanan:kurang besar dikit , pdhl udah ukuran L tp msh agak sempit

Alhamdulillah barang sudah sampai dengan aman dan sesuai dengan diskripsi serta dibungkus dengan rapi mudah mudahan bisa bermanfaat. Aamiin",4,0,1759661647,warna pilihan ukuran kekecilan kenyamanan kurang besar dikit pdhl udah ukuran l tp msh agak sempit alhamdulillah barang sudah sampai dengan aman dan sesuai dengan diskripsi serta dibungkus dengan rapi mudah mudahan bisa bermanfaat aamiin,warna pilihan ukuran kekecilan kenyamanan kurang besar dikit pdhl udah ukuran l tp msh agak sempit alhamdulillah barang sudah sampai dengan aman dan sesuai dengan diskripsi serta dibungkus dengan rapi mudah mudahan bisa bermanfaat aamiin,35,positive,0.2615273594856262
ahmadihsan926,sesuai harga,5,0,1742795448,sesuai harga,sesuai harga,2,positive,0.27686578035354614
abqararsenio,"Warna:bagus
Ukuran:pas
Kenyamanan:baik",5,0,1736895538,warna bagus ukuran pas kenyamanan baik,warna bagus ukuran pas kenyamanan baik,6,label_3,0.29037928581237793
arkaanmaulana489,"Warna:bagus
Ukuran:pas
Kenyamanan:nyaman

sedikit hancur kardus packing nya.",4,0,1741018805,warna bagus ukuran pas kenyamanan nyaman sedikit hancur kardus packing nya,warna bagus ukuran pas kenyamanan nyaman sedikit hancur kardus packing nya,11,label_3,0.2804301083087921
cieakmar,"Warna:sangat bagus
Ukuran:pas
Kenyamanan:nyaman

Walaupun terlambat, tapi mendarat dengan selamat.. hanya saja pemasangannya kurang pas.. mohon diperbaiki.. 🙏",4,0,1759581647,warna sangat bagus ukuran pas kenyamanan nyaman walaupun terlambat tapi mendarat dengan selamat hanya saja pemasangannya kurang pas mohon diperbaiki,warna sangat bagus ukuran pas kenyamanan nyaman walaupun terlambat tapi mendarat dengan selamat hanya saja pemasangannya kurang pas mohon diperbaiki,20,positive,0.3024349808692932
khoirulfuad190,"Warna:sesuai
Ukuran:pas
Kenyamanan:oke",5,0,1746945230,warna sesuai ukuran pas kenyamanan oke,warna sesuai ukuran pas kenyamanan oke,6,label_3,0.3098101317882538
bobi17255,"Warna:sesuai
Kenyamanan:lumayan

Minus nya pengiriman lama",4,0,1744518128,warna sesuai kenyamanan lumayan minus nya pengiriman lama,warna sesuai kenyamanan lumayan minus nya pengiriman lama,8,label_3,0.3027920424938202
4ebhierc6s,"Warna:putih
Ukuran:pas
Kenyamanan:lumayan

Cuma kurir ny lama bnget ngirim ny",4,0,1751011544,warna putih ukuran pas kenyamanan lumayan cuma kurir ny lama bnget ngirim ny,warna putih ukuran pas kenyamanan lumayan cuma kurir ny lama bnget ngirim ny,13,positive,0.3068387806415558
anza_araystar,"Warna:bagus
Ukuran:pas
Kenyamanan:pas",5,0,1736080629,warna bagus ukuran pas kenyamanan pas,warna bagus ukuran pas kenyamanan pas,6,label_3,0.2973344027996063
ardan555636,"Warna:sesuai
Ukuran:sesuai
Kenyamanan:kurang nyaman

Kemarin baru datang barangnya sudah berantakan, bahannya tipis banget kayak helm mainan, visor nya juga copot, baut nya pada ilang",1,0,1753416321,warna sesuai ukuran sesuai kenyamanan kurang nyaman kemarin baru datang barangnya sudah berantakan bahannya tipis banget kayak helm mainan visor nya juga copot baut nya pada ilang,warna sesuai ukuran sesuai kenyamanan kurang nyaman kemarin baru datang barangnya sudah berantakan bahannya tipis banget kayak helm mainan visor nya juga copot baut nya pada ilang,27,positive,0.3067805767059326
wilmarketeng,"Warna:ok
Ukuran:ok
Kenyamanan:ok",5,0,1736678230,warna ok ukuran ok kenyamanan ok,warna ok ukuran ok kenyamanan ok,6,label_3,0.26959165930747986
8qqv8rnrep,"Warna:bagus
Ukuran:agak sempit
Kenyamanan:yah lumayan dengan harga segitu",5,0,1761347045,warna bagus ukuran agak sempit kenyamanan yah lumayan dengan harga segitu,warna bagus ukuran agak sempit kenyamanan yah lumayan dengan harga segitu,11,label_3,0.26979413628578186
minangsalman,"Warna:ok
Ukuran:ok
Kenyamanan:ok",5,0,1746533720,warna ok ukuran ok kenyamanan ok,warna ok ukuran ok kenyamanan ok,6,label_3,0.26959165930747986
cundiyogi,"Warna:ok
Ukuran:ok
Kenyamanan:ok",5,0,1740860110,warna ok ukuran ok kenyamanan ok,warna ok ukuran ok kenyamanan ok,6,label_3,0.26959165930747986
radisufardi,"Warna:hitam
Ukuran:pas
Kenyamanan:gatau

Sebenarny bagus barang nya gk ad lecet cmn kasi bintang dua karena pengiriman nya lama banget",2,0,1760701733,warna hitam ukuran pas kenyamanan gatau sebenarny bagus barang nya gk ad lecet cmn kasi bintang dua karena pengiriman nya lama banget,warna hitam ukuran pas kenyamanan gatau sebenarny bagus barang nya gk ad lecet cmn kasi bintang dua karena pengiriman nya lama banget,22,positive,0.3235841393470764
kuntaraabuluth,"Money talks, Ada harga, ada kuailtas, barang sesuai harga. Don't expect too much.",4,0,1762730832,money talks ada harga ada kuailtas barang sesuai harga don t expect too much,money talks ada harga ada kuailtas barang sesuai harga don t expect too much,14,label_3,0.2993621528148651
f*****l,"Warna:sesuai
Ukuran:tidak sesuai pesanan ukuran M yg di kirim ukuran L",3,0,1762773222,warna sesuai ukuran tidak sesuai pesanan ukuran m yg di kirim ukuran l,warna sesuai ukuran tidak sesuai pesanan ukuran m yg di kirim ukuran l,13,positive,0.2758435904979706
b*****9,"Warna:sesuai
Ukuran:pas
Kenyamanan:pas

Tapi pinggir nya bagian lis hitam nya gabisa rapet",3,0,1755001985,warna sesuai ukuran pas kenyamanan pas tapi pinggir nya bagian lis hitam nya gabisa rapet,warna sesuai ukuran pas kenyamanan pas tapi pinggir nya bagian lis hitam nya gabisa rapet,15,positive,0.29733213782310486
dwigalihsetyoaji12345,"Warna:hitam glossy
Ukuran:M. pas sekali
Kenyamanan:nyaman.",5,0,1751182225,warna hitam glossy ukuran m pas sekali kenyamanan nyaman,warna hitam glossy ukuran m pas sekali kenyamanan nyaman,9,label_3,0.2774128317832947
o*****1,"Warna:ok
Ukuran:ok
Kenyamanan:ok deh",5,0,1740822389,warna ok ukuran ok kenyamanan ok deh,warna ok ukuran ok kenyamanan ok deh,7,label_3,0.29126155376434326
sulkhan925,"Warna:ok
Ukuran:ok
Kenyamanan:ok

Ok",5,0,1739446790,warna ok ukuran ok kenyamanan ok ok,warna ok ukuran ok kenyamanan ok ok,7,label_3,0.265896201133728
auliyaayira,Ada yg mau copot helmnya,5,0,1754405199,ada yg mau copot helmnya,ada yg mau copot helmnya,5,label_3,0.34079641103744507
akbarnukalimaakbarnukali,Untuk harga segitu tak rugi...barang nya oke,3,0,1741097134,untuk harga segitu tak rugi barang nya oke,untuk harga segitu tak rugi barang nya oke,8,label_3,0.2986435890197754
rohmatmuslihat,"Warna:ok
Ukuran:ok
Kenyamanan:ok

Ok",5,0,1738160061,warna ok ukuran ok kenyamanan ok ok,warna ok ukuran ok kenyamanan ok ok,7,label_3,0.265896201133728
siyami12345,Warna:ok,5,0,1759910126,warna ok,warna ok,2,positive,0.2590688169002533
babangacum,"hlem nya bagus dan keren,maaf ya baru beri ulasan,terimakasih seler dn kurir nya,",5,0,1755001612,hlem nya bagus dan keren maaf ya baru beri ulasan terimakasih seler dn kurir nya,hlem nya bagus dan keren maaf ya baru beri ulasan terimakasih seler dn kurir nya,15,positive,0.3407209813594818
chibulmaulana,"Warna:bagus
Ukuran:pas
Kenyamanan:nyaman

Sangat memuaskan dengan harga segitu mah",5,0,1757851270,warna bagus ukuran pas kenyamanan nyaman sangat memuaskan dengan harga segitu mah,warna bagus ukuran pas kenyamanan nyaman sangat memuaskan dengan harga segitu mah,12,positive,0.29067736864089966
k4nsas_.citycelanakolortrening,Sesuai,5,0,1760616683,sesuai,sesuai,1,positive,0.25342583656311035
6282f857m4,Warna:keren,5,0,1749635461,warna keren,warna keren,2,positive,0.2683252990245819
h*****l,"Warna:sesuai
Ukuran:pas
Kenyamanan:finishing kurang rapi, alhasil di rapikan sendiri.

Ingat ya dek
Ini barang KW.
Kalau mau nyari yg berkualitas mending yg mahalan.",3,0,1759977778,warna sesuai ukuran pas kenyamanan finishing kurang rapi alhasil di rapikan sendiri ingat ya dek ini barang kw kalau mau nyari yg berkualitas mending yg mahalan,warna sesuai ukuran pas kenyamanan finishing kurang rapi alhasil di rapikan sendiri ingat ya dek ini barang kw kalau mau nyari yg berkualitas mending yg mahalan,26,positive,0.28318390250205994
k*****h,"Warna:warna sih sudah sesuai
Ukuran:L
Kenyamanan:no

Belom make dah rusak aja ...entah dari sono nya apa pengantaran nya ya yang pasti packing nya bisa dibilang kurang lah ya, semoga bisa diperbaiki aja dah !",1,0,1752852915,warna warna sih sudah sesuai ukuran l kenyamanan no belom make dah rusak aja entah dari sono nya apa pengantaran nya ya yang pasti packing nya bisa dibilang kurang lah ya semoga bisa diperbaiki aja dah,warna warna sih sudah sesuai ukuran l kenyamanan no belom make dah rusak aja entah dari sono nya apa pengantaran nya ya yang pasti packing nya bisa dibilang kurang lah ya semoga bisa diperbaiki aja dah,36,positive,0.3213464319705963
s*****7,"Warna:sesuai gambar
Ukuran:pas
Kenyamanan:nyaman",5,0,1738730329,warna sesuai gambar ukuran pas kenyamanan nyaman,warna sesuai gambar ukuran pas kenyamanan nyaman,7,label_3,0.2856948971748352
yeyenag_1986,"Warna:bagus
Ukuran:sesuai
Kenyamanan:nyaman

Bagus sesuai deskripsi 🤩🤩🤩🤩🤩",5,0,1752715940,warna bagus ukuran sesuai kenyamanan nyaman bagus sesuai deskripsi,warna bagus ukuran sesuai kenyamanan nyaman bagus sesuai deskripsi,9,positive,0.2779618203639984
zeyyrizki,"Warna:sesuai pesenan
Ukuran:pas
Kenyamanan:nyaman sekali",5,0,1753352323,warna sesuai pesenan ukuran pas kenyamanan nyaman sekali,warna sesuai pesenan ukuran pas kenyamanan nyaman sekali,8,label_3,0.3047582805156708
a*****i,"Warna:glossy
Ukuran:lebih kecil dari ukuran xL biasa

tidak double visor,
busa samping dan atas bisa dilepas

dan tambahan breket
cuman pakai double tip bukan pakai kancingan pada umumnya",3,0,1755182071,warna glossy ukuran lebih kecil dari ukuran xl biasa tidak double visor busa samping dan atas bisa dilepas dan tambahan breket cuman pakai double tip bukan pakai kancingan pada umumnya,warna glossy ukuran lebih kecil dari ukuran xl biasa tidak double visor busa samping dan atas bisa dilepas dan tambahan breket cuman pakai double tip bukan pakai kancingan pada umumnya,30,positive,0.24997949600219727
karsa81,"Warna:hitam glos
Ukuran:M
Kenyamanan:pas sesuai dengan harga",5,0,1759495404,warna hitam glos ukuran m kenyamanan pas sesuai dengan harga,warna hitam glos ukuran m kenyamanan pas sesuai dengan harga,10,positive,0.2581401467323303
dimasputrapratama073,"Warna:sesuai
Ukuran:sesuai
Kenyamanan:enak harga segitu",5,0,1759903467,warna sesuai ukuran sesuai kenyamanan enak harga segitu,warna sesuai ukuran sesuai kenyamanan enak harga segitu,8,label_3,0.29702818393707275
antonnur251184,"Warna:ok
Ukuran:nyaman
Kenyamanan:ok",5,0,1746902688,warna ok ukuran nyaman kenyamanan ok,warna ok ukuran nyaman kenyamanan ok,6,label_3,0.2726099491119385
iamrizalulfikri,"AMPAS BARANG NYAA, JATOH DARI SPION AJA LANGSUNG RUSAK KOCAK BGT KAYA SAMPAH",1,0,1757298725,ampas barang nyaa jatoh dari spion aja langsung rusak kocak bgt kaya sampah,ampas barang nyaa jatoh dari spion aja langsung rusak kocak bgt kaya sampah,13,label_3,0.30876097083091736
r*****6,"Warna:hitam dof bagus
Ukuran:pas sesuai
Kenyamanan:nyaman di pakai",5,0,1759747004,warna hitam dof bagus ukuran pas sesuai kenyamanan nyaman di pakai,warna hitam dof bagus ukuran pas sesuai kenyamanan nyaman di pakai,11,positive,0.2683925926685333
dfstore377,"Warna:pas
Ukuran:kecil
Kenyamanan:kurang nyaman

Pesanan ngk sesuai ekspektasi 
Dipesan lama. Banget Dateng nya 
Masa nyampe 6 hari 
Cuman dari jakarta ke Jawa",1,0,1752467812,warna pas ukuran kecil kenyamanan kurang nyaman pesanan ngk sesuai ekspektasi dipesan lama banget dateng nya masa nyampe 6 hari cuman dari jakarta ke jawa,warna pas ukuran kecil kenyamanan kurang nyaman pesanan ngk sesuai ekspektasi dipesan lama banget dateng nya masa nyampe 6 hari cuman dari jakarta ke jawa,25,positive,0.3129790723323822
fildzafathifauzanah,Warnanya bagus dan bahannya juga oke,4,0,1741816213,warnanya bagus dan bahannya juga oke,warnanya bagus dan bahannya juga oke,6,label_3,0.2822124660015106
zalihamdan,"Mantab, sesuai sama yg di foto, cuman jasa pengiriman nya lama amattt",5,0,1754405438,mantab sesuai sama yg di foto cuman jasa pengiriman nya lama amattt,mantab sesuai sama yg di foto cuman jasa pengiriman nya lama amattt,12,label_3,0.3374636471271515
andavalue99,Sesuai harg,5,0,1739424840,sesuai harg,sesuai harg,2,positive,0.2831874489784241
cahyoagung621,"Ukuran:ntah emang ukurannya XL segitu atau salah kirim tapi di kepala agak kekecilan
Kenyamanan:no coment",3,0,1760325502,ukuran ntah emang ukurannya xl segitu atau salah kirim tapi di kepala agak kekecilan kenyamanan no coment,ukuran ntah emang ukurannya xl segitu atau salah kirim tapi di kepala agak kekecilan kenyamanan no coment,17,label_3,0.29788944125175476
ridhoododo003,"Warna:bagus tidak pecet
Ukuran:sesuai L
Kenyamanan:nyaman dan dingin",5,0,1756735867,warna bagus tidak pecet ukuran sesuai l kenyamanan nyaman dan dingin,warna bagus tidak pecet ukuran sesuai l kenyamanan nyaman dan dingin,11,positive,0.2767292857170105
dsuhendi268,"Warna:keren
Ukuran:pas
Kenyamanan:tidak berat,cukup rinan",5,0,1759984626,warna keren ukuran pas kenyamanan tidak berat cukup rinan,warna keren ukuran pas kenyamanan tidak berat cukup rinan,9,positive,0.2918766438961029
nicoalvino,"Ukuran:kecil amat xl dah kayak ukuran m

Kecewa ama ukurannya aja yg xl nya kyak make hlm ukuran M ga kyak ukuran xl normal",3,0,1756648529,ukuran kecil amat xl dah kayak ukuran m kecewa ama ukurannya aja yg xl nya kyak make hlm ukuran m ga kyak ukuran xl normal,ukuran kecil amat xl dah kayak ukuran m kecewa ama ukurannya aja yg xl nya kyak make hlm ukuran m ga kyak ukuran xl normal,25,label_3,0.294469952583313
iqbalfauzi442,Pada ngelupas gimna,1,0,1749353864,pada ngelupas gimna,pada ngelupas gimna,3,positive,0.3233731985092163
muhapishapis,Sangat sederhana,3,0,1743575210,sangat sederhana,sangat sederhana,2,label_4,0.24865266680717468
tompulpsp3118,Warna:trimakasi,5,0,1756093310,warna trimakasi,warna trimakasi,2,positive,0.3030926287174225
ferdodayaka,Terima kasih kak helem nya bagus banget semoga Produ kakak semakin terkenal yah semangat kakak,5,0,1753948635,terima kasih kak helem nya bagus banget semoga produ kakak semakin terkenal yah semangat kakak,terima kasih kak helem nya bagus banget semoga produ kakak semakin terkenal yah semangat kakak,15,positive,0.3460756540298462
febriandela,"Warna:putih
Ukuran:pass
Kenyamanan:nyaman

Qc nya tapi burik",3,0,1739121510,warna putih ukuran pass kenyamanan nyaman qc nya tapi burik,warna putih ukuran pass kenyamanan nyaman qc nya tapi burik,10,positive,0.2866847515106201
kurniawanur,"Warna:hitam dop
Ukuran:XL pas
Kenyamanan:best

Best pol",5,0,1754396114,warna hitam dop ukuran xl pas kenyamanan best best pol,warna hitam dop ukuran xl pas kenyamanan best best pol,10,label_3,0.27617204189300537
maulana_arif28,"Warna:warna sesuai
Ukuran:sangat pas, belum menyesuaikan. terkadang kepala merasa tertekan buat pusing
Kenyamanan:lumayan oke

Untuk kaca sedikit sulit untuk di buka atau di tutup",4,0,1758456748,warna warna sesuai ukuran sangat pas belum menyesuaikan terkadang kepala merasa tertekan buat pusing kenyamanan lumayan oke untuk kaca sedikit sulit untuk di buka atau di tutup,warna warna sesuai ukuran sangat pas belum menyesuaikan terkadang kepala merasa tertekan buat pusing kenyamanan lumayan oke untuk kaca sedikit sulit untuk di buka atau di tutup,27,positive,0.24992170929908752
bimawanisatu,"Overall bagus, minus tempelan logo dan beberapa cacat minor",4,0,1742326309,overall bagus minus tempelan logo dan beberapa cacat minor,overall bagus minus tempelan logo dan beberapa cacat minor,9,label_3,0.2818956673145294
lawname,ternyata spoilernya cuma tempelan pake double tape,4,0,1746180138,ternyata spoilernya cuma tempelan pake double tape,ternyata spoilernya cuma tempelan pake double tape,7,label_3,0.325703889131546
ipulipul698,"Warna:sangat bagus
Ukuran:pas
Kenyamanan:lumayan inak dan ringan",5,0,1761973699,warna sangat bagus ukuran pas kenyamanan lumayan inak dan ringan,warna sangat bagus ukuran pas kenyamanan lumayan inak dan ringan,10,label_3,0.2749401032924652
w95rx6ujmz,"Warna:tidak sesuai warna pesanan,yang di pesan hitam dof yang datang abu abu dof,kaya cuma foxian doang, warna chat terlalu tipis jadi jika ke gores langsung nambah bahan dasarnya.
Ukuran:pas
Kenyamanan:sesuai bajet

Buat kak selernya tolong di perhatikan lagi pesananya, agar tidak mengecewakan konsumen dan tidak menimbulkan rasa merugikan antar pedagang dan pembeli",2,0,1755332650,warna tidak sesuai warna pesanan yang di pesan hitam dof yang datang abu abu dof kaya cuma foxian doang warna chat terlalu tipis jadi jika ke gores langsung nambah bahan dasarnya ukuran pas kenyamanan sesuai bajet buat kak selernya tolong di perhatikan lagi pesananya agar tidak mengecewakan konsumen dan tidak menimbulkan rasa merugikan antar pedagang dan pembeli,warna tidak sesuai warna pesanan yang di pesan hitam dof yang datang abu abu dof kaya cuma foxian doang warna chat terlalu tipis jadi jika ke gores langsung nambah bahan dasarnya ukuran pas kenyamanan sesuai bajet buat kak selernya tolong di perhatikan lagi pesananya agar tidak mengecewakan konsumen dan tidak menimbulkan rasa merugikan antar pedagang dan pembeli,57,positive,0.3165607750415802
yunisimorangkir349,"Warna:sangat bagus dan sesuai gambar
Ukuran:pas dan sesuai
Kenyamanan:ringan dan nyaman

Baik",4,0,1750256908,warna sangat bagus dan sesuai gambar ukuran pas dan sesuai kenyamanan ringan dan nyaman baik,warna sangat bagus dan sesuai gambar ukuran pas dan sesuai kenyamanan ringan dan nyaman baik,15,positive,0.27016982436180115
t*****3,"Warna:grey G
Ukuran:L
Kenyamanan:nyaman

Knp kak udah sobek kardus nya kok dari samping",4,0,1756295965,warna grey g ukuran l kenyamanan nyaman knp kak udah sobek kardus nya kok dari samping,warna grey g ukuran l kenyamanan nyaman knp kak udah sobek kardus nya kok dari samping,16,positive,0.3113970458507538
aidiladha1st,Les hitam dibelakang cuma tempelan doang dikasih double tape dan bahan less tipis,3,0,1755130855,les hitam dibelakang cuma tempelan doang dikasih double tape dan bahan less tipis,les hitam dibelakang cuma tempelan doang dikasih double tape dan bahan less tipis,13,label_3,0.334709107875824
hadiahmad672,"Warna:sangat cocok
Ukuran:pas
Kenyamanan:sangat nyaman",5,0,1757659709,warna sangat cocok ukuran pas kenyamanan sangat nyaman,warna sangat cocok ukuran pas kenyamanan sangat nyaman,8,label_3,0.2620267868041992
anaznthuesaputra,"Warna:hitam dof
Ukuran:kebesaran
Kenyamanan:agak longgar

Pesen ukuran M
Tpi kegedean di kepala, berasa ukuran XL",4,0,1750733629,warna hitam dof ukuran kebesaran kenyamanan agak longgar pesen ukuran m tpi kegedean di kepala berasa ukuran xl,warna hitam dof ukuran kebesaran kenyamanan agak longgar pesen ukuran m tpi kegedean di kepala berasa ukuran xl,18,positive,0.27837204933166504
zidanumran,"Warna:sesuai pesanan
Ukuran:pas ukurannya
Kenyamanan:terasa nyaman dan sejuk",5,0,1760778994,warna sesuai pesanan ukuran pas ukurannya kenyamanan terasa nyaman dan sejuk,warna sesuai pesanan ukuran pas ukurannya kenyamanan terasa nyaman dan sejuk,11,label_3,0.2682613730430603
the46_thrift,kaca helmnya sngat buruk keras buat naek turunny kdnag lepas jugaa,4,0,1741431664,kaca helmnya sngat buruk keras buat naek turunny kdnag lepas jugaa,kaca helmnya sngat buruk keras buat naek turunny kdnag lepas jugaa,11,positive,0.3291285037994385
tisya.ola,"Mohon untuk packing nya di perbaiki, masa barang datang kaca udah retak",1,0,1757391803,mohon untuk packing nya di perbaiki masa barang datang kaca udah retak,mohon untuk packing nya di perbaiki masa barang datang kaca udah retak,12,positive,0.27660855650901794
agus_sadono,"Warna:bagus
Ukuran:L agk sempit sedikit
Kenyamanan:ok",5,0,1761741284,warna bagus ukuran l agk sempit sedikit kenyamanan ok,warna bagus ukuran l agk sempit sedikit kenyamanan ok,9,label_3,0.2983798384666443
rahmat19996_,"Warna:sesuai
Ukuran:pas dan nyaman
Kenyamanan:sangat bagusss",5,0,1752162589,warna sesuai ukuran pas dan nyaman kenyamanan sangat bagusss,warna sesuai ukuran pas dan nyaman kenyamanan sangat bagusss,9,positive,0.2997608780860901
z0p782u7gl,"Warna:oke
Ukuran:pas

Mantap hanya saja pihak pengiriman sangat lambat dan kurir nya tidak sabaran kacau 🤦🤦",1,0,1759588312,warna oke ukuran pas mantap hanya saja pihak pengiriman sangat lambat dan kurir nya tidak sabaran kacau,warna oke ukuran pas mantap hanya saja pihak pengiriman sangat lambat dan kurir nya tidak sabaran kacau,17,positive,0.25433585047721863
agusherman288,"Warna:sesuai bagus
Ukuran:pas
Kenyamanan:nyaman di pake oke lah",5,0,1749718177,warna sesuai bagus ukuran pas kenyamanan nyaman di pake oke lah,warna sesuai bagus ukuran pas kenyamanan nyaman di pake oke lah,11,positive,0.3002651631832123
dhonyfadli,"Bagus helmnyaaa...aman sentosa
Packaging dus dan buble.. 
Mantap",5,0,1758101921,bagus helmnyaaa aman sentosa packaging dus dan buble mantap,bagus helmnyaaa aman sentosa packaging dus dan buble mantap,9,label_3,0.2894197106361389
ibrahimabdurrasyid368,Warna:mantappppppp,5,0,1745039467,warna mantappppppp,warna mantappppppp,2,label_3,0.2992910146713257
vyri67nwfx,"Warna:bagus
Ukuran:agak sempit tapi ok lah",5,0,1738222540,warna bagus ukuran agak sempit tapi ok lah,warna bagus ukuran agak sempit tapi ok lah,8,label_3,0.2980195879936218
dede030497,"Warna:mantap
Ukuran:pas
Kenyamanan:bangett",5,0,1739371574,warna mantap ukuran pas kenyamanan bangett,warna mantap ukuran pas kenyamanan bangett,6,label_3,0.3175034821033478
rudi15865,"Warna:sesuai
Kenyamanan:nyaman",2,0,1738574156,warna sesuai kenyamanan nyaman,warna sesuai kenyamanan nyaman,4,positive,0.30842724442481995
tya80,Oke sih cuman buat kaca nya yang agak kurang,5,0,1741153377,oke sih cuman buat kaca nya yang agak kurang,oke sih cuman buat kaca nya yang agak kurang,9,positive,0.2806890606880188
d*****h,"Ukuran:pas

kuberi bintang 4 karna kardusnya rusak",4,0,1748674587,ukuran pas kuberi bintang 4 karna kardusnya rusak,ukuran pas kuberi bintang 4 karna kardusnya rusak,8,label_3,0.31302961707115173
juna_vira,"lem nya nempel ke helm

jd ngerjain konsumen untuk ngebersihin pake bensin buat ngilangin bekas lem di helm nya yg rekat dengan tas helm dan bercak buble wrap nya",1,0,1748352062,lem nya nempel ke helm jd ngerjain konsumen untuk ngebersihin pake bensin buat ngilangin bekas lem di helm nya yg rekat dengan tas helm dan bercak buble wrap nya,lem nya nempel ke helm jd ngerjain konsumen untuk ngebersihin pake bensin buat ngilangin bekas lem di helm nya yg rekat dengan tas helm dan bercak buble wrap nya,29,label_3,0.2775442600250244
sujaria,"Warna:good looking
Ukuran:pas
Kenyamanan:terlalu enteng

Lumayan",5,0,1751902242,warna good looking ukuran pas kenyamanan terlalu enteng lumayan,warna good looking ukuran pas kenyamanan terlalu enteng lumayan,9,label_3,0.26569652557373047
kadeklesmana502,Bagus sesuai lahh sma harga nya,5,0,1762553701,bagus sesuai lahh sma harga nya,bagus sesuai lahh sma harga nya,6,positive,0.30744415521621704
pendiackerman,"Mlewati estimasi, pengiriman di ulang knpa dah si cepat",1,0,1746366225,mlewati estimasi pengiriman di ulang knpa dah si cepat,mlewati estimasi pengiriman di ulang knpa dah si cepat,9,label_3,0.30845141410827637
rmtumx0lfl,"Warna:bagus
Ukuran:pas
Kenyamanan:nyaman dan sesuai",5,0,1755215389,warna bagus ukuran pas kenyamanan nyaman dan sesuai,warna bagus ukuran pas kenyamanan nyaman dan sesuai,8,label_3,0.282435804605484
tantribusana,Bagus sesuai gambar,5,0,1753970971,bagus sesuai gambar,bagus sesuai gambar,3,positive,0.27424338459968567
a*****i,"Warna:bagus
Ukuran:sesuai
Kualitas:bagus tapi pengiriman lambat",3,0,1735276315,warna bagus ukuran sesuai kualitas bagus tapi pengiriman lambat,warna bagus ukuran sesuai kualitas bagus tapi pengiriman lambat,9,label_3,0.3013436496257782
larosaqiuqiu,"Warna:bgus
Ukuran:pas
Kenyamanan:ringn

ada lecet kecil",4,0,1746722885,warna bgus ukuran pas kenyamanan ringn ada lecet kecil,warna bgus ukuran pas kenyamanan ringn ada lecet kecil,9,label_3,0.30153942108154297
lirb7b98g7,"Warna:sangat bagus
Ukuran:pas dan sesuai
Kenyamanan:sangat nyaman",5,0,1753629389,warna sangat bagus ukuran pas dan sesuai kenyamanan sangat nyaman,warna sangat bagus ukuran pas dan sesuai kenyamanan sangat nyaman,10,positive,0.25806695222854614
atmajajaya80,"Beda merk tp bentuknya sama,tengkyu",5,0,1752069933,beda merk tp bentuknya sama tengkyu,beda merk tp bentuknya sama tengkyu,6,label_3,0.30895882844924927
a*****9,"Warna:sesuai
Ukuran:pas
Kenyamanan:sangat nyaman

Kerenn",5,0,1757050084,warna sesuai ukuran pas kenyamanan sangat nyaman kerenn,warna sesuai ukuran pas kenyamanan sangat nyaman kerenn,8,positive,0.2886478900909424
a.riyandi882,"pesen warna apa dtg y warna apa..
tae lah",1,0,1746857951,pesen warna apa dtg y warna apa tae lah,pesen warna apa dtg y warna apa tae lah,9,positive,0.3321252763271332
w*****6,barang oke tapi ke kecilan bos,4,0,1744179776,barang oke tapi ke kecilan bos,barang oke tapi ke kecilan bos,6,label_3,0.33730214834213257
azis.sanim_jababeka,"Warna:ok
Ukuran:ok
Berat:ok",5,0,1735381971,warna ok ukuran ok berat ok,warna ok ukuran ok berat ok,6,label_3,0.25861310958862305
agung.hrl,"Warna:bagus
Ukuran:pas dikepala
Kenyamanan:cukup lumayan saat dipakai",5,1,1757761376,warna bagus ukuran pas dikepala kenyamanan cukup lumayan saat dipakai,warna bagus ukuran pas dikepala kenyamanan cukup lumayan saat dipakai,10,label_3,0.285254567861557
morinagachilmil667,"Warna:sesuai
Ukuran:pas
Kenyamanan:sangat nyaman

Sangat bagus 👍👍👍👍👍",5,0,1758248142,warna sesuai ukuran pas kenyamanan sangat nyaman sangat bagus,warna sesuai ukuran pas kenyamanan sangat nyaman sangat bagus,9,positive,0.2722384035587311
edhwar_ashter22,sesuai lah dgn harga segitu,4,0,1742503149,sesuai lah dgn harga segitu,sesuai lah dgn harga segitu,5,label_3,0.3028011918067932
eko_sr22,"Warna:good excellent
Ukuran:good excellent
Kenyamanan:good excellent

Good excellent",5,0,1754141061,warna good excellent ukuran good excellent kenyamanan good excellent good excellent,warna good excellent ukuran good excellent kenyamanan good excellent good excellent,11,label_3,0.2464628368616104
djadhe,"Warna:bagus
Ukuran:agak longgar
Kenyamanan:nyaman di pakai dan ringan",4,0,1745973750,warna bagus ukuran agak longgar kenyamanan nyaman di pakai dan ringan,warna bagus ukuran agak longgar kenyamanan nyaman di pakai dan ringan,11,label_3,0.2779865860939026
x_i3x28xc3,"Warna:sesui harga
Ukuran:agak kecil
Kenyamanan:sesui harga",5,0,1758243661,warna sesui harga ukuran agak kecil kenyamanan sesui harga,warna sesui harga ukuran agak kecil kenyamanan sesui harga,9,positive,0.2551308870315552
rahmatrizal031,"Warna:sesuai dgn gmbar
Ukuran:pas di kepala dan nyaman",5,0,1759338800,warna sesuai dgn gmbar ukuran pas di kepala dan nyaman,warna sesuai dgn gmbar ukuran pas di kepala dan nyaman,10,label_3,0.3045136630535126
a*****e,"Kenyamanan:ada baret di atas, sama ada kaya bekas spidol item ga ilang masa",3,0,1738820657,kenyamanan ada baret di atas sama ada kaya bekas spidol item ga ilang masa,kenyamanan ada baret di atas sama ada kaya bekas spidol item ga ilang masa,14,label_3,0.3355112373828888
gloryall_,busanya copot hadehh,3,1,1751947960,busanya copot hadehh,busanya copot hadehh,3,positive,0.3140506446361542
andrifajar86,Ada untuk kaca baut yg lepas,5,0,1740464663,ada untuk kaca baut yg lepas,ada untuk kaca baut yg lepas,6,label_3,0.2603566646575928
gunawan_123890,,4,0,1757839237,,,1,positive,0.27766895294189453
3putrasyahir,,4,0,1750486212,,,1,positive,0.27766895294189453
fiqhisaputra956,Warna:Sangat bagus,5,0,1756184366,warna sangat bagus,warna sangat bagus,3,label_3,0.2592848539352417
anisaw101,"Warna:mantap sesuai gambar
Ukuran:pas
Kenyamanan:sangat nyaman",5,0,1756341320,warna mantap sesuai gambar ukuran pas kenyamanan sangat nyaman,warna mantap sesuai gambar ukuran pas kenyamanan sangat nyaman,9,label_3,0.2776991128921509
syauqiman,"Warna:sesaui

Spoilernya pakai doble tape kurang lengket.",4,0,1750234776,warna sesaui spoilernya pakai doble tape kurang lengket,warna sesaui spoilernya pakai doble tape kurang lengket,8,label_3,0.32048678398132324
wanjoang583,telat lambat,1,0,1742459101,telat lambat,telat lambat,2,positive,0.31103992462158203
civan07,"Warna:Sesuai
Ukuran:Passs
Kenyamanan:nyaman ringan",5,0,1760621085,warna sesuai ukuran passs kenyamanan nyaman ringan,warna sesuai ukuran passs kenyamanan nyaman ringan,7,positive,0.28010210394859314
athafarizjusuf,"Warna:kuning
Ukuran:xl
Kenyamanan:sesuai harga

untuk finising masih kurang rapih",4,0,1745202115,warna kuning ukuran xl kenyamanan sesuai harga untuk finising masih kurang rapih,warna kuning ukuran xl kenyamanan sesuai harga untuk finising masih kurang rapih,12,positive,0.2653926610946655
mubarokbasyaruddin,"Warna:sesuai yang di gambar
Ukuran:pas

Mantul 👍",5,0,1743212611,warna sesuai yang di gambar ukuran pas mantul,warna sesuai yang di gambar ukuran pas mantul,8,label_3,0.2861258387565613
magwear,,3,0,1749017005,,,1,positive,0.27766895294189453
a*****n,"Warna:oke
Ukuran:pas
Kenyamanan:mantap",5,0,1744108226,warna oke ukuran pas kenyamanan mantap,warna oke ukuran pas kenyamanan mantap,6,label_3,0.3014976680278778
marhadioo,"Warna:bagus
Ukuran:pas
Kenyamanan:terlalu rapuh, tipis bangettt",4,0,1742875576,warna bagus ukuran pas kenyamanan terlalu rapuh tipis bangettt,warna bagus ukuran pas kenyamanan terlalu rapuh tipis bangettt,9,label_3,0.31754350662231445
topan.nj,"Warna:bagus sesuai foto
Ukuran:pas
Kenyamanan:nyaman",5,0,1763040572,warna bagus sesuai foto ukuran pas kenyamanan nyaman,warna bagus sesuai foto ukuran pas kenyamanan nyaman,8,label_3,0.3027936816215515
7romoparasu7,"Pengemasannya tolong kedepan lebih rapi dan aman, jasa pengiriman nya lain kali gunakan yang lain",4,0,1745995950,pengemasannya tolong kedepan lebih rapi dan aman jasa pengiriman nya lain kali gunakan yang lain,pengemasannya tolong kedepan lebih rapi dan aman jasa pengiriman nya lain kali gunakan yang lain,15,positive,0.2752312421798706
11n41nurr0f14h7,,3,0,1757343099,,,1,positive,0.27766895294189453
stokyub,lain kali teliti masa yang dikirim cuma 1 kan beli nya 2,3,0,1733732965,lain kali teliti masa yang dikirim cuma 1 kan beli nya 2,lain kali teliti masa yang dikirim cuma 1 kan beli nya 2,12,label_3,0.3285500705242157
toko_sohibbal,Gk sesuai ekspetasi,4,0,1746851742,gk sesuai ekspetasi,gk sesuai ekspetasi,3,positive,0.2942131757736206
eddy_porwanto,"Warna:sesuai harapan
Ukuran:pas agak kecil dikit
Kenyamanan:mantap lah",5,0,1759489625,warna sesuai harapan ukuran pas agak kecil dikit kenyamanan mantap lah,warna sesuai harapan ukuran pas agak kecil dikit kenyamanan mantap lah,11,label_3,0.2996986508369446
b*****2,"Warna:sesuai gambar
Ukuran:pas
Kenyamanan:ringan dan nyaman",5,0,1761130585,warna sesuai gambar ukuran pas kenyamanan ringan dan nyaman,warna sesuai gambar ukuran pas kenyamanan ringan dan nyaman,9,label_3,0.2690293788909912
y*****1,"Ada lecet, selebihnya ok",4,0,1755095091,ada lecet selebihnya ok,ada lecet selebihnya ok,4,label_3,0.2854900658130646
feryanto1983,Warna:bagus,5,0,1751885679,warna bagus,warna bagus,2,positive,0.259007066488266
lisaayulitaa,Warna:bagus,5,0,1758549887,warna bagus,warna bagus,2,positive,0.259007066488266
pratamappri20,"Warna:putih
Ukuran:L
Kenyamanan:ok

Pesen warna putih, dikirim warna cream",3,0,1742997370,warna putih ukuran l kenyamanan ok pesen warna putih dikirim warna cream,warna putih ukuran l kenyamanan ok pesen warna putih dikirim warna cream,12,label_3,0.30608075857162476
armybaim,,3,0,1759570242,,,1,positive,0.27766895294189453
yankdian290,Banyak defect baret,1,0,1753083326,banyak defect baret,banyak defect baret,3,positive,0.30760490894317627
yus_darliamar624,"Ukuran:pas

Mantab",5,0,1754994063,ukuran pas mantab,ukuran pas mantab,3,label_3,0.28931301832199097
andiga89,"Warna:hitam Dop
Ukuran:M
Kenyamanan:nyaman

Bagus",4,0,1736670272,warna hitam dop ukuran m kenyamanan nyaman bagus,warna hitam dop ukuran m kenyamanan nyaman bagus,8,label_3,0.28285589814186096
1sl12hqcr6,Sesuai pesanan sih tapi sayang lama banget sampai nya,3,0,1733719808,sesuai pesanan sih tapi sayang lama banget sampai nya,sesuai pesanan sih tapi sayang lama banget sampai nya,9,label_3,0.3152405023574829
agus2_saputra,,2,0,1752579567,,,1,positive,0.27766895294189453
diva091,"Warna:sesuai dg gambar
Ukuran:pas
Kenyamanan:sangat nyaman",5,0,1760151373,warna sesuai dg gambar ukuran pas kenyamanan sangat nyaman,warna sesuai dg gambar ukuran pas kenyamanan sangat nyaman,9,label_3,0.2855106294155121
aefsaepudin640,"Warna:sesuai dengan gambar
Ukuran:pas
Kenyamanan:sangat nyaman",5,0,1754460499,warna sesuai dengan gambar ukuran pas kenyamanan sangat nyaman,warna sesuai dengan gambar ukuran pas kenyamanan sangat nyaman,9,label_3,0.26680222153663635
febi.hanafi92,,1,0,1755861507,,,1,positive,0.27766895294189453
aku060495,,4,0,1752478564,,,1,positive,0.27766895294189453
abisya_15,"Warna:keren
Ukuran:agak longgar untuk ukuran M
Berat:ringan",4,0,1735350376,warna keren ukuran agak longgar untuk ukuran m berat ringan,warna keren ukuran agak longgar untuk ukuran m berat ringan,10,positive,0.2774713337421417
m*****1,,4,0,1759826466,,,1,positive,0.27766895294189453
emilia222_zidan,,4,0,1741854347,,,1,positive,0.27766895294189453
nanangiboy,,4,0,1749110269,,,1,positive,0.27766895294189453
malikkutabumi6,,4,0,1747918891,,,1,positive,0.27766895294189453
asepsumedang591,,4,0,1737097180,,,1,positive,0.27766895294189453
c*****1,Lumayan,4,0,1760947172,lumayan,lumayan,1,positive,0.2676094174385071
sarwoestu,"Warna:bgus
Ukuran:pas cmn busa kurang tebel",5,0,1738553045,warna bgus ukuran pas cmn busa kurang tebel,warna bgus ukuran pas cmn busa kurang tebel,8,label_3,0.29232725501060486
6d4rfj31xq,"Warna:ok
Ukuran:kebesaran
Kenyamanan:setandat",5,0,1746681292,warna ok ukuran kebesaran kenyamanan setandat,warna ok ukuran kebesaran kenyamanan setandat,6,label_3,0.3083743751049042
wagemeinarkonarko,"Warna:hitam dof
Ukuran:L
Kenyamanan:ringan

Pas buat di kepala",5,0,1751119397,warna hitam dof ukuran l kenyamanan ringan pas buat di kepala,warna hitam dof ukuran l kenyamanan ringan pas buat di kepala,11,label_3,0.2905975580215454
muessi10,buat wanita kok ter la llu kecilan,5,0,1757909266,buat wanita kok ter la llu kecilan,buat wanita kok ter la llu kecilan,7,label_3,0.3227071464061737
hafizzalda195,Barang lecet kurang bagus,1,0,1740883350,barang lecet kurang bagus,barang lecet kurang bagus,4,positive,0.2871125042438507
6zwhsv1iad,"Warna:bagus
Ukuran:pas
Kenyamanan:baik",5,0,1740966845,warna bagus ukuran pas kenyamanan baik,warna bagus ukuran pas kenyamanan baik,6,label_3,0.29037928581237793
sayadie,"Warna:bagus
Ukuran:pas
Kenyamanan:ringan",5,0,1744161397,warna bagus ukuran pas kenyamanan ringan,warna bagus ukuran pas kenyamanan ringan,6,label_3,0.2959756851196289
ikball_ball,"Warna:sangat bagus sesuai dengan gambar
Ukuran:pas dan sesuai
Kenyamanan:nyaman",5,0,1762923361,warna sangat bagus sesuai dengan gambar ukuran pas dan sesuai kenyamanan nyaman,warna sangat bagus sesuai dengan gambar ukuran pas dan sesuai kenyamanan nyaman,12,positive,0.253663033246994
ijhal2379,"Warna:Hitam
Ukuran:Pas
Kenyamanan:Nyaman",5,0,1760693471,warna hitam ukuran pas kenyamanan nyaman,warna hitam ukuran pas kenyamanan nyaman,6,label_3,0.2850551903247833
pembelinormal,"Warna:Hitam
Ukuran:Pas
Kenyamanan:Nyaman",5,0,1754717220,warna hitam ukuran pas kenyamanan nyaman,warna hitam ukuran pas kenyamanan nyaman,6,label_3,0.2850551903247833
ananta_peace,Sesuai Harga,5,0,1752762098,sesuai harga,sesuai harga,2,positive,0.27686578035354614
a*****t,"Warna:dof
Ukuran:besar
Kenyamanan:ringan

Terimakasih 🙏",5,0,1751041895,warna dof ukuran besar kenyamanan ringan terimakasih,warna dof ukuran besar kenyamanan ringan terimakasih,7,positive,0.32901105284690857
alradam2112,Alhamdulillah sesuai dengan pesanan,5,0,1760305368,alhamdulillah sesuai dengan pesanan,alhamdulillah sesuai dengan pesanan,4,label_3,0.290030300617218
isco01,"Barang sesuai 
Top lah",5,0,1751866902,barang sesuai top lah,barang sesuai top lah,4,positive,0.34643474221229553
udyalfariz89,"Warna:sesuai
Ukuran:pass
Kenyamanan:mantullllllll

Mantap",4,0,1737673536,warna sesuai ukuran pass kenyamanan mantullllllll mantap,warna sesuai ukuran pass kenyamanan mantullllllll mantap,7,label_3,0.3073192834854126
2q5fwbh6o7,Kebesaran,4,0,1743558595,kebesaran,kebesaran,1,positive,0.26576361060142517
isusubaryono,"Warna:bagus
Ukuran:ukaran pas
Kenyamanan:kurang

Sangat kurang
Dn kurang",2,0,1740978202,warna bagus ukuran ukaran pas kenyamanan kurang sangat kurang dn kurang,warna bagus ukuran ukaran pas kenyamanan kurang sangat kurang dn kurang,11,positive,0.28383690118789673
tantowi.g,mayann bgus,4,0,1746182247,mayann bgus,mayann bgus,2,positive,0.31552380323410034
abhaiyam,"Warna:mantap
Ukuran:pas
Kenyamanan:josss",5,0,1751430837,warna mantap ukuran pas kenyamanan josss,warna mantap ukuran pas kenyamanan josss,6,label_3,0.30471935868263245
buyutjagaraksa,"Warna:bagus
Ukuran:sedikit kekecilan kayak bukan ukuran xl
Kenyamanan:nyaman",4,0,1741263478,warna bagus ukuran sedikit kekecilan kayak bukan ukuran xl kenyamanan nyaman,warna bagus ukuran sedikit kekecilan kayak bukan ukuran xl kenyamanan nyaman,11,label_3,0.3048046827316284
t*****z,Lumayan lah sesuai harga 🙂,5,0,1757996910,lumayan lah sesuai harga,lumayan lah sesuai harga,4,label_3,0.28398919105529785
farrasazka251,"Warna:cocok putih
Ukuran:pas banget
Kenyamanan:pas dipakai",5,0,1754257024,warna cocok putih ukuran pas banget kenyamanan pas dipakai,warna cocok putih ukuran pas banget kenyamanan pas dipakai,9,label_3,0.29600790143013
ardinanda30,Helm kerupuk euy wkwk,3,0,1744414091,helm kerupuk euy wkwk,helm kerupuk euy wkwk,4,positive,0.3236405551433563
fybiciss,smua dari plastik akwoakwoakwo,1,0,1738766367,smua dari plastik akwoakwoakwo,smua dari plastik akwoakwoakwo,4,label_3,0.3149247467517853
iyhonyg,Ukuran pas..cuma kwalitasnya untuk saya enggak rekomen..,3,0,1749514986,ukuran pas cuma kwalitasnya untuk saya enggak rekomen,ukuran pas cuma kwalitasnya untuk saya enggak rekomen,8,label_3,0.2752402424812317
t*****i,Kirain merk HKM..ternyata MLA..ga liat judul.,5,0,1753410727,kirain merk hkm ternyata mla ga liat judul,kirain merk hkm ternyata mla ga liat judul,8,label_3,0.3134642541408539
marhat003,Barang pas kaya di poto🙏🙏,5,0,1755317355,barang pas kaya di poto,barang pas kaya di poto,5,label_3,0.34204092621803284
darmahasanramlah,,3,0,1753420541,,,1,positive,0.27766895294189453
agekdiluar,Mantap sesuai foto brgny kondisi oke sekali mantap dahhh,5,0,1752385057,mantap sesuai foto brgny kondisi oke sekali mantap dahhh,mantap sesuai foto brgny kondisi oke sekali mantap dahhh,9,positive,0.31056612730026245
ariespasmatih,"Warna:sesuai
Ukuran:pas
Kenyamanan:nyaman",5,0,1746182348,warna sesuai ukuran pas kenyamanan nyaman,warna sesuai ukuran pas kenyamanan nyaman,6,label_3,0.2857382893562317
bkstoghhi9,Barang sesuai pesanan ok mantappp,5,0,1748834448,barang sesuai pesanan ok mantappp,barang sesuai pesanan ok mantappp,5,label_3,0.32502481341362
sj_tymwa85,Di minta xl yg muncul al size,5,0,1742345705,di minta xl yg muncul al size,di minta xl yg muncul al size,7,label_3,0.29255411028862
43qg6sp6x5,"Warna:sesuai
Ukuran:longgar udh psn ukuran m
Kenyamanan:ok",3,0,1749208812,warna sesuai ukuran longgar udh psn ukuran m kenyamanan ok,warna sesuai ukuran longgar udh psn ukuran m kenyamanan ok,10,label_3,0.2981920838356018
ramadanamiri123,"Kenyamanan:finising catnya kurang rapih, okey lah buat harga segitu👍",4,0,1752233664,kenyamanan finising catnya kurang rapih okey lah buat harga segitu,kenyamanan finising catnya kurang rapih okey lah buat harga segitu,10,label_3,0.27897730469703674
ezraaaa20,,2,0,1758167794,,,1,positive,0.27766895294189453
resga1,Ada part yg pada lepas dan copot nihh sayang sekali tidak di cek dahulu 😭😭,3,0,1738022859,ada part yg pada lepas dan copot nihh sayang sekali tidak di cek dahulu,ada part yg pada lepas dan copot nihh sayang sekali tidak di cek dahulu,14,label_3,0.30555474758148193
firmandjazuli05,"Keren bagus sesuai di foto, pengiriman cepat",5,0,1752394988,keren bagus sesuai di foto pengiriman cepat,keren bagus sesuai di foto pengiriman cepat,7,label_3,0.3404766619205475
mz92y0wv6u,"Warna:sesuai
Ukuran:agak kecil padahal ukuran XL
Kenyamanan:nyaman tapi sempit",3,0,1737886753,warna sesuai ukuran agak kecil padahal ukuran xl kenyamanan nyaman tapi sempit,warna sesuai ukuran agak kecil padahal ukuran xl kenyamanan nyaman tapi sempit,12,label_3,0.28987917304039
nurulanam0808,Bahan ITS ok ☺️,4,0,1745502001,bahan its ok,bahan its ok,3,positive,0.29311269521713257
hasfi89_,"Sekrupnya hilang 1, tp kualitas helm lumayan bagus",4,0,1741820860,sekrupnya hilang 1 tp kualitas helm lumayan bagus,sekrupnya hilang 1 tp kualitas helm lumayan bagus,8,label_3,0.29778364300727844
v1o2oew3rz,Bgus sesuai gambar,4,0,1739766822,bgus sesuai gambar,bgus sesuai gambar,3,positive,0.2985456883907318
muchlispriyanto332,Sesuai harga,5,0,1755828886,sesuai harga,sesuai harga,2,positive,0.27686578035354614
dudi_gunawan1976,Sesuai harga,5,0,1751626924,sesuai harga,sesuai harga,2,positive,0.27686578035354614
wijisiliteireng,Pengiriman lama syekali tidak recommended untuk jasa kirimnya gajelas,1,0,1740462468,pengiriman lama syekali tidak recommended untuk jasa kirimnya gajelas,pengiriman lama syekali tidak recommended untuk jasa kirimnya gajelas,9,positive,0.3163505494594574
akbar097_,Warna:pas,5,0,1754021043,warna pas,warna pas,2,positive,0.26234856247901917
goena_182,pengiriman lambat banget pake anteraja,5,0,1737563427,pengiriman lambat banget pake anteraja,pengiriman lambat banget pake anteraja,5,label_3,0.30382925271987915
8vsaofi9aw,Lecet sedikit GK apalah,4,0,1748923616,lecet sedikit gk apalah,lecet sedikit gk apalah,4,positive,0.3095954656600952
h4rrym,Baik sesuai,4,0,1732861872,baik sesuai,baik sesuai,2,positive,0.3325026035308838
arifsaputra748,cuman sayang pengirimanya terlambat 5 hri,5,0,1752402681,cuman sayang pengirimanya terlambat 5 hri,cuman sayang pengirimanya terlambat 5 hri,6,label_3,0.2937718629837036
rahmatonway,Sesuai harga,3,0,1756205577,sesuai harga,sesuai harga,2,positive,0.27686578035354614
prasnolimit,Produk bagus cuma kecewa sama kurirnya aja lama banget,5,0,1753019056,produk bagus cuma kecewa sama kurirnya aja lama banget,produk bagus cuma kecewa sama kurirnya aja lama banget,9,label_3,0.321766197681427
asmadireza749,"Warna:grey
Ukuran:xl
Kenyamanan:sangat nyaman

Kurirnya tidak ramah",4,0,1738762079,warna grey ukuran xl kenyamanan sangat nyaman kurirnya tidak ramah,warna grey ukuran xl kenyamanan sangat nyaman kurirnya tidak ramah,10,positive,0.2860971689224243
districnabila,"Ukuran:salah milih ukuran,harus nya L,bukan XL",5,0,1758103198,ukuran salah milih ukuran harus nya l bukan xl,ukuran salah milih ukuran harus nya l bukan xl,9,label_3,0.30235710740089417
kottokotto456kintil,"Produk cukup jelek, pertama karena murah, jgn beli disini, lebih baik nabung buat beli yg lebih mahal",1,0,1750314145,produk cukup jelek pertama karena murah jgn beli disini lebih baik nabung buat beli yg lebih mahal,produk cukup jelek pertama karena murah jgn beli disini lebih baik nabung buat beli yg lebih mahal,17,positive,0.26392772793769836
a*****e,"Warna:Hitam
Ukuran:M
Kenyamanan:Sangat nyaman digunakan, ukuran sesuai, tidak berat,,",5,0,1759986414,warna hitam ukuran m kenyamanan sangat nyaman digunakan ukuran sesuai tidak berat,warna hitam ukuran m kenyamanan sangat nyaman digunakan ukuran sesuai tidak berat,12,positive,0.27691709995269775
hamimtohari89,Ada sedikit goresan,5,0,1757001053,ada sedikit goresan,ada sedikit goresan,3,label_4,0.24701440334320068
apinplmonu,Barang gak di kirim kurir sama saya yang bersangkutan,1,0,1741803085,barang gak di kirim kurir sama saya yang bersangkutan,barang gak di kirim kurir sama saya yang bersangkutan,9,label_3,0.35105636715888977
nx72u21buh,Bagus tapi bagian spoiler nya lecet dikit,5,0,1757409511,bagus tapi bagian spoiler nya lecet dikit,bagus tapi bagian spoiler nya lecet dikit,7,label_3,0.3212164044380188
0909kus,"Warna:maroon
Ukuran:m
Kenyamanan:sangat Yaman",5,0,1757589864,warna maroon ukuran m kenyamanan sangat yaman,warna maroon ukuran m kenyamanan sangat yaman,7,positive,0.2923024892807007
luckymansyah02,Ok barang sudah mendarat selamat sesuai pesanan,5,0,1750574234,ok barang sudah mendarat selamat sesuai pesanan,ok barang sudah mendarat selamat sesuai pesanan,7,positive,0.2866213023662567
eddydarmawan_18,"Ukuran:terlalu kecil
Kenyamanan:lumayan lah",5,0,1742357036,ukuran terlalu kecil kenyamanan lumayan lah,ukuran terlalu kecil kenyamanan lumayan lah,6,label_3,0.29952338337898254
h31161,"Barang nya ok, designer nya apik. Thanks yaa...",5,0,1750990716,barang nya ok designer nya apik thanks yaa,barang nya ok designer nya apik thanks yaa,8,positive,0.29799485206604004
putra_serampas,Kualitas ok pas dan sesuai lah dengan harganya,5,0,1757734358,kualitas ok pas dan sesuai lah dengan harganya,kualitas ok pas dan sesuai lah dengan harganya,8,label_3,0.28633278608322144
muhammaddavidd,Bagusss bangett,3,0,1744907415,bagusss bangett,bagusss bangett,2,positive,0.3179168105125427
0e108puxo1,"4 bintang gak apa ya,soalnya bagian belakang ada yg lecet ,mungkin kedepanya bisa hati² lagi .selebihnya keren dan saya suka.terimakasihhh",4,0,1744969088,4 bintang gak apa ya soalnya bagian belakang ada yg lecet mungkin kedepanya bisa hati lagi selebihnya keren dan saya suka terimakasihhh,4 bintang gak apa ya soalnya bagian belakang ada yg lecet mungkin kedepanya bisa hati lagi selebihnya keren dan saya suka terimakasihhh,22,positive,0.36420419812202454
rafasyaaditya2019,"Lumayan lah,jgn mengharap lebih",3,0,1737730660,lumayan lah jgn mengharap lebih,lumayan lah jgn mengharap lebih,5,positive,0.2985687851905823
20u08attb4,Kenyamanan:lumayanlah diharga segitu,3,0,1739275446,kenyamanan lumayanlah diharga segitu,kenyamanan lumayanlah diharga segitu,4,label_3,0.2981913089752197
lenidian86,"Warna:ukuran pas,bagus",5,0,1754007316,warna ukuran pas bagus,warna ukuran pas bagus,4,label_3,0.28064513206481934
rendhysaputra689,Kurang bagus,1,0,1748068773,kurang bagus,kurang bagus,2,positive,0.2824587821960449
r*****i,"2 Minggu menunggu , barang  baru nyampe. Sangat mengecewakan",1,0,1752190637,2 minggu menunggu barang baru nyampe sangat mengecewakan,2 minggu menunggu barang baru nyampe sangat mengecewakan,8,label_3,0.3029302954673767
qqcii6hwqq,Pada lecet trs ada noda coklat entah apa sudah di ilanginkacanya juga pelastik,3,0,1761799841,pada lecet trs ada noda coklat entah apa sudah di ilanginkacanya juga pelastik,pada lecet trs ada noda coklat entah apa sudah di ilanginkacanya juga pelastik,13,label_3,0.3013562858104706
ratmisuratmi232,"Warna:hitam dof
Ukuran:xl
Kenyamanan:nyaman",5,0,1757259997,warna hitam dof ukuran xl kenyamanan nyaman,warna hitam dof ukuran xl kenyamanan nyaman,7,label_3,0.2859475910663605
veyphone19,Warna:lumayan murah,3,0,1740547721,warna lumayan murah,warna lumayan murah,3,label_3,0.2592408359050751
m_jabbar_m,"Warna:SANGAT SESUAI
Ukuran:PAS DAN SESUAI
Kenyamanan:SANGAT NYAMAN POKOKNYA MAH",5,0,1755092302,warna sangat sesuai ukuran pas dan sesuai kenyamanan sangat nyaman pokoknya mah,warna sangat sesuai ukuran pas dan sesuai kenyamanan sangat nyaman pokoknya mah,12,positive,0.3108043074607849
amrikhan,Semoga awat,4,0,1748143253,semoga awat,semoga awat,2,positive,0.3249310255050659
bob040383,"Warna:Sesuai
Ukuran:Sesuai
Kenyamanan:Mantap",5,0,1754154417,warna sesuai ukuran sesuai kenyamanan mantap,warna sesuai ukuran sesuai kenyamanan mantap,6,label_3,0.28069016337394714
roni.hernawan_,"Warna:ya
Ukuran:ya
Kenyamanan:ya",1,0,1739013299,warna ya ukuran ya kenyamanan ya,warna ya ukuran ya kenyamanan ya,6,positive,0.3096589148044586
agussopian1998,"Warna:hit dof
Ukuran:m",4,0,1741270909,warna hit dof ukuran m,warna hit dof ukuran m,5,positive,0.26561373472213745
ahmedgaming,Lumayan dengan harga segitu,4,0,1736490782,lumayan dengan harga segitu,lumayan dengan harga segitu,4,label_3,0.2577786147594452
rafifotografer,JASA KIRIM KELAMAAN,1,0,1745732058,jasa kirim kelamaan,jasa kirim kelamaan,3,label_4,0.24830617010593414
resanurfajri,"Warna:bagus
Ukuran:pas
Kenyamanan:ringan",4,0,1752581764,warna bagus ukuran pas kenyamanan ringan,warna bagus ukuran pas kenyamanan ringan,6,label_3,0.2959756851196289
azhkaalhafizy3011,Oke baik,4,0,1741320492,oke baik,oke baik,2,positive,0.28635501861572266
candramaulana305,Lumayanlah,3,0,1742721175,lumayanlah,lumayanlah,1,positive,0.29353153705596924
masadii45,Nggak ada stikernya padahal di aveliatornya ada stikernya iklannya ada stikernya parah,1,0,1741422995,nggak ada stikernya padahal di aveliatornya ada stikernya iklannya ada stikernya parah,nggak ada stikernya padahal di aveliatornya ada stikernya iklannya ada stikernya parah,12,label_3,0.30306193232536316
dorarasyid,"Warna:ok
Ukuran:tidak sesuai
Kenyamanan:kurang nyaman

kurang enak di pakai",3,0,1746260976,warna ok ukuran tidak sesuai kenyamanan kurang nyaman kurang enak di pakai,warna ok ukuran tidak sesuai kenyamanan kurang nyaman kurang enak di pakai,12,label_3,0.25768521428108215
imancahyono20,"Bagus, sesuai expetasi,toko amanah,mkasih",4,0,1747830031,bagus sesuai expetasi toko amanah mkasih,bagus sesuai expetasi toko amanah mkasih,6,label_3,0.30218762159347534
mrteguh17,"Ada cacat dibagian kancing, ga nyambung sama helm nya",3,0,1749043202,ada cacat dibagian kancing ga nyambung sama helm nya,ada cacat dibagian kancing ga nyambung sama helm nya,9,label_3,0.3092375695705414
novawrd,Ukuran:sesuai,5,0,1757860071,ukuran sesuai,ukuran sesuai,2,label_3,0.2706490159034729
adriansaputrasaputra646,Warna:barang bagus good,5,0,1758816006,warna barang bagus good,warna barang bagus good,4,positive,0.30897197127342224
0icfshiepy,Warna:jos jis,5,0,1760273380,warna jos jis,warna jos jis,3,positive,0.30630990862846375
debydarmawati317,Warna:Terima kasih,5,0,1753786955,warna terima kasih,warna terima kasih,3,positive,0.30707067251205444
ceng2243,"Warna:aqua
Ukuran:m
Kenyamanan:lumayan",3,0,1737792244,warna aqua ukuran m kenyamanan lumayan,warna aqua ukuran m kenyamanan lumayan,6,label_3,0.28489357233047485
kolis_07,"Warna:sesuai lah
Ukuran:pas",3,0,1760933135,warna sesuai lah ukuran pas,warna sesuai lah ukuran pas,5,label_3,0.3072117269039154
z412ul,"Warna:bagus
Ukuran:Pas
Kenyamanan:nyaman",5,0,1754269062,warna bagus ukuran pas kenyamanan nyaman,warna bagus ukuran pas kenyamanan nyaman,6,label_3,0.3027242124080658
bangtaiga,"Warna:mantap
Ukuran:pas
Kenyamanan:bagus",5,0,1758800131,warna mantap ukuran pas kenyamanan bagus,warna mantap ukuran pas kenyamanan bagus,6,label_3,0.2966451346874237
deathschyte.91,"Sesuai pesanan, semoga awet dipakai",5,0,1756107978,sesuai pesanan semoga awet dipakai,sesuai pesanan semoga awet dipakai,5,label_3,0.3043423593044281
farhn123357,Kenyamanan:lumayan,4,0,1746005741,kenyamanan lumayan,kenyamanan lumayan,2,label_3,0.2554226815700531
azismukti681,"Warna:MERAH MARUN
Ukuran:pas
Kenyamanan:mantap",5,0,1758442517,warna merah marun ukuran pas kenyamanan mantap,warna merah marun ukuran pas kenyamanan mantap,7,label_3,0.3024751842021942
jric4xt3b2,"Warna:bagus sesuai yg di gambar
Ukuran:pas",4,0,1743305957,warna bagus sesuai yg di gambar ukuran pas,warna bagus sesuai yg di gambar ukuran pas,8,label_3,0.3006998598575592
mqgbo1yl6p,"Warna:ok
Ukuran:M
Kenyamanan:ok",5,0,1760114318,warna ok ukuran m kenyamanan ok,warna ok ukuran m kenyamanan ok,6,label_3,0.27884891629219055
dfy9wkicz8,Sesuai harga. Tq,4,0,1737975076,sesuai harga tq,sesuai harga tq,3,positive,0.323834091424942
a*****1,baguss🥰,4,0,1743223473,baguss,baguss,1,positive,0.29090720415115356
fakhrulsidiq1,"Warna:sesui
Ukuran:pas
Kenyamanan:nyaman",5,0,1750386850,warna sesui ukuran pas kenyamanan nyaman,warna sesui ukuran pas kenyamanan nyaman,6,label_3,0.28575989603996277
m.irwansyah1984,"Warna:sesuai dgn pesanan
Ukuran:M
Kenyamanan:pas",5,0,1753687488,warna sesuai dgn pesanan ukuran m kenyamanan pas,warna sesuai dgn pesanan ukuran m kenyamanan pas,8,label_3,0.29341331124305725
zahrarara914,Oke,3,0,1736159785,oke,oke,1,positive,0.2691251039505005
haryanto722,Ada harga ada kwalitas,4,0,1749474280,ada harga ada kwalitas,ada harga ada kwalitas,4,positive,0.3086715340614319
ramadan3214_,"Warna:sesuai
Ukuran:sesuai

Barang datang pecah pengemasan nya tidak aman",1,0,1742449854,warna sesuai ukuran sesuai barang datang pecah pengemasan nya tidak aman,warna sesuai ukuran sesuai barang datang pecah pengemasan nya tidak aman,11,label_3,0.29315832257270813
4vov5qnf0n,"Busa sebelah kiri tipis,beda dengan busa sebelah kanan yang tebal.",4,0,1758203256,busa sebelah kiri tipis beda dengan busa sebelah kanan yang tebal,busa sebelah kiri tipis beda dengan busa sebelah kanan yang tebal,11,label_3,0.265598326921463
yadypaahidayatulimran,"Warna:bagus
Ukuran:pas
Kenyamanan:nyaman mkci kak",5,0,1759856629,warna bagus ukuran pas kenyamanan nyaman mkci kak,warna bagus ukuran pas kenyamanan nyaman mkci kak,8,positive,0.338880717754364
bang_gober_sr,"Warna:sesui
Ukuran:pas
Kenyamanan:nyaman",5,0,1759752302,warna sesui ukuran pas kenyamanan nyaman,warna sesui ukuran pas kenyamanan nyaman,6,label_3,0.28575989603996277
yflrizal,"Warna:sesuai
Ukuran:pas
Kenyamanan:nyaman",5,0,1760591762,warna sesuai ukuran pas kenyamanan nyaman,warna sesuai ukuran pas kenyamanan nyaman,6,label_3,0.2857382893562317
alfanalawi07,"Warna:Hitam
Ukuran:Pas
Kenyamanan:Ok",5,0,1756982188,warna hitam ukuran pas kenyamanan ok,warna hitam ukuran pas kenyamanan ok,6,label_3,0.2965296804904938
milar325,"Warna:hitam dof
Ukuran:xl
Kenyamanan:enak pas",5,0,1752269607,warna hitam dof ukuran xl kenyamanan enak pas,warna hitam dof ukuran xl kenyamanan enak pas,8,label_3,0.3043132424354553
shagala_farm,"Warna:sesuai
Ukuran:m
Kenyamanan:nyaman",5,0,1757695013,warna sesuai ukuran m kenyamanan nyaman,warna sesuai ukuran m kenyamanan nyaman,6,label_3,0.28430694341659546
arieflaka,Ok,4,0,1747206848,ok,ok,1,positive,0.2572935223579407
verrydianata,"Ukuran:pas
Kenyamanan:nyaman

Mantap",5,0,1753010097,ukuran pas kenyamanan nyaman mantap,ukuran pas kenyamanan nyaman mantap,5,label_3,0.2974811792373657
ramziariyanto060,"Warna:sesuai
Ukuran:L pas untuk coeok",5,0,1757781967,warna sesuai ukuran l pas untuk coeok,warna sesuai ukuran l pas untuk coeok,7,label_3,0.2857123911380768
basran1133ican,"Tampilan:bagus
Kualitas:ga terlalu bagus
Cocok Untuk:jalan

visornya gampang copot",3,0,1738117221,tampilan bagus kualitas ga terlalu bagus cocok untuk jalan visornya gampang copot,tampilan bagus kualitas ga terlalu bagus cocok untuk jalan visornya gampang copot,12,label_3,0.30048033595085144
n*****n,"Warna:ada yang lecet dikit,tpi ngak ngaruh

Ada bau yang patah",4,0,1736571596,warna ada yang lecet dikit tpi ngak ngaruh ada bau yang patah,warna ada yang lecet dikit tpi ngak ngaruh ada bau yang patah,12,label_3,0.3151572048664093
jasatugasaceh,"Warna:tidak tahan ledakan
Ukuran:tidak tahan ledakan
Kenyamanan:tidak tahan ledakan",1,0,1747569849,warna tidak tahan ledakan ukuran tidak tahan ledakan kenyamanan tidak tahan ledakan,warna tidak tahan ledakan ukuran tidak tahan ledakan kenyamanan tidak tahan ledakan,12,positive,0.248511403799057
fadhillarizkiherfian,Agak kecil helmnya padahal udah XL yah apa kepala aku yg gede,4,0,1752235714,agak kecil helmnya padahal udah xl yah apa kepala aku yg gede,agak kecil helmnya padahal udah xl yah apa kepala aku yg gede,12,positive,0.2908245623111725
rudirudisetyohartono,"Warna:warna bagus
Ukuran:XL
Kenyamanan:pas",4,0,1748210421,warna warna bagus ukuran xl kenyamanan pas,warna warna bagus ukuran xl kenyamanan pas,7,label_3,0.29753535985946655
,"Warna:black
Ukuran:L
Kenyamanan:merotol

Kurang apik",4,0,1753001184,warna black ukuran l kenyamanan merotol kurang apik,warna black ukuran l kenyamanan merotol kurang apik,8,label_3,0.28920313715934753
faisrhmdznr,"sayang banget bagian belakang harus di tempel sama double tip, kirain di design lain",4,0,1754819600,sayang banget bagian belakang harus di tempel sama double tip kirain di design lain,sayang banget bagian belakang harus di tempel sama double tip kirain di design lain,14,label_3,0.3356076180934906
ghalunjaddah,"Warna:hitam
Ukuran:xl
Kenyamanan:empuk nyaman",5,0,1760703838,warna hitam ukuran xl kenyamanan empuk nyaman,warna hitam ukuran xl kenyamanan empuk nyaman,7,label_3,0.2956748902797699
d*****s,"Warna:mantab
Ukuran:pas
Kenyamanan:nyaman",5,0,1759747301,warna mantab ukuran pas kenyamanan nyaman,warna mantab ukuran pas kenyamanan nyaman,6,label_3,0.29863592982292175
aprilriadin,"Warna:warna sesuai
Ukuran:terlalu besarr
Kenyamanan:busa terlalu tebal",3,0,1742956871,warna warna sesuai ukuran terlalu besarr kenyamanan busa terlalu tebal,warna warna sesuai ukuran terlalu besarr kenyamanan busa terlalu tebal,10,label_3,0.2605973482131958
yudialipian127,"Warna:pas
Ukuran:pas mantap
Kenyamanan:pas",5,0,1754806755,warna pas ukuran pas mantap kenyamanan pas,warna pas ukuran pas mantap kenyamanan pas,7,label_3,0.28443410992622375
s*****b,"Warna:y
Ukuran:y
Kenyamanan:y

Y",5,0,1752628859,warna y ukuran y kenyamanan y y,warna y ukuran y kenyamanan y y,7,label_3,0.30692335963249207
muhamadirvan973,"Warna:bagus
Ukuran:pas
Kenyamanan:ok",5,0,1751112063,warna bagus ukuran pas kenyamanan ok,warna bagus ukuran pas kenyamanan ok,6,label_3,0.31017181277275085
,"Warna:bagus
Ukuran:bagus dan pas
Kenyamanan:aman",5,0,1754995395,warna bagus ukuran bagus dan pas kenyamanan aman,warna bagus ukuran bagus dan pas kenyamanan aman,8,label_3,0.3016614615917206
infinixhot40pro455,"Warna:grey glosy
Ukuran:L

Double tip nya agak kurang nempel jadi suka lepas""",4,0,1752412165,warna grey glosy ukuran l double tip nya agak kurang nempel jadi suka lepas,warna grey glosy ukuran l double tip nya agak kurang nempel jadi suka lepas,14,label_3,0.3079110383987427
supeiyadi12,Pengiriman lama dan barang sedikit kotor dan tidak rapih.,1,0,1758209481,pengiriman lama dan barang sedikit kotor dan tidak rapih,pengiriman lama dan barang sedikit kotor dan tidak rapih,9,label_3,0.2648337185382843
rgd69xp9mm,"Warna:bagus
Ukuran:pas
Kenyamanan:mantap",5,0,1760180940,warna bagus ukuran pas kenyamanan mantap,warna bagus ukuran pas kenyamanan mantap,6,label_3,0.3025534451007843
rahmansyaputra176,"Warna:pas
Ukuran:pas
Kenyamanan:aman",5,0,1752081665,warna pas ukuran pas kenyamanan aman,warna pas ukuran pas kenyamanan aman,6,label_3,0.2838298976421356
m*****e,"Warna:putih glossy
Ukuran:pas
Kenyamanan:nyaman

worth it dengan harga segitu",4,0,1761103738,warna putih glossy ukuran pas kenyamanan nyaman worth it dengan harga segitu,warna putih glossy ukuran pas kenyamanan nyaman worth it dengan harga segitu,12,label_3,0.2828681170940399
diopermana581,"Warna:putih
Ukuran:M
Kenyamanan:nyaman sekali",4,0,1748611300,warna putih ukuran m kenyamanan nyaman sekali,warna putih ukuran m kenyamanan nyaman sekali,7,label_3,0.29618602991104126
gunawan3082,"Warna:mantap
Ukuran:pas",5,0,1757231439,warna mantap ukuran pas,warna mantap ukuran pas,4,label_3,0.2957390248775482
putraigo217,"Warna:bagus
Ukuran:pas
Kenyamanan:nyaman",5,0,1760190308,warna bagus ukuran pas kenyamanan nyaman,warna bagus ukuran pas kenyamanan nyaman,6,label_3,0.3027242124080658
tian.agustian94,"Warna:bagus sesuai harapan
Ukuran:pas dan nyaman",5,0,1759704103,warna bagus sesuai harapan ukuran pas dan nyaman,warna bagus sesuai harapan ukuran pas dan nyaman,8,label_3,0.30366286635398865
adin2109421,"Warna:bagus
Ukuran:pas
Kenyamanan:nyaman",5,0,1757949005,warna bagus ukuran pas kenyamanan nyaman,warna bagus ukuran pas kenyamanan nyaman,6,label_3,0.3027242124080658
feriefendi921,"Ukuran:oke
Kenyamanan:oke
Warna:oke

 lecet, potensi kerusakan apa an coba",3,0,1762307820,ukuran oke kenyamanan oke warna oke lecet potensi kerusakan apa an coba,ukuran oke kenyamanan oke warna oke lecet potensi kerusakan apa an coba,12,label_3,0.30765241384506226
ahmadrustandi123,"Warna:bagus
Ukuran:pas
Kenyamanan:nyaman",5,0,1752456144,warna bagus ukuran pas kenyamanan nyaman,warna bagus ukuran pas kenyamanan nyaman,6,label_3,0.3027242124080658
zallbluess12,Cuma ada goresan dikit di helem nya tapi ga papa lah,3,0,1751272420,cuma ada goresan dikit di helem nya tapi ga papa lah,cuma ada goresan dikit di helem nya tapi ga papa lah,11,positive,0.30975043773651123
susiyanah10,"Warna:tidak sesuai
Ukuran:kekecilan
Kenyamanan:tidak nyaman",1,0,1744366356,warna tidak sesuai ukuran kekecilan kenyamanan tidak nyaman,warna tidak sesuai ukuran kekecilan kenyamanan tidak nyaman,8,label_3,0.2859613597393036
b*****3,"Warna:abu²
Ukuran:pass dan keren bet
Kenyamanan:kurang beratt",4,0,1756927933,warna abu ukuran pass dan keren bet kenyamanan kurang beratt,warna abu ukuran pass dan keren bet kenyamanan kurang beratt,10,positive,0.2839677035808563
rollandzian,"Warna:hitam doff
Ukuran:xl
Kenyamanan:enak",5,0,1758691356,warna hitam doff ukuran xl kenyamanan enak,warna hitam doff ukuran xl kenyamanan enak,7,label_3,0.29096728563308716
alfisyahrin10,"Warna:bagus
Ukuran:sesuai
Kenyamanan:nyaman",5,0,1754221971,warna bagus ukuran sesuai kenyamanan nyaman,warna bagus ukuran sesuai kenyamanan nyaman,6,positive,0.2779526114463806
jiminsuryadi1,Sesuai pesanan meskipun lama sampai..,4,0,1746183803,sesuai pesanan meskipun lama sampai,sesuai pesanan meskipun lama sampai,5,label_3,0.3034207224845886
k*****i,"Ukuran:kekecilan

Saya pesan XL, tapi ga tau yg datang ukuran apa. Dipakai anak saya kekecilan",4,0,1760014420,ukuran kekecilan saya pesan xl tapi ga tau yg datang ukuran apa dipakai anak saya kekecilan,ukuran kekecilan saya pesan xl tapi ga tau yg datang ukuran apa dipakai anak saya kekecilan,16,positive,0.28080570697784424
75xnmulhma,Sayangnya kardusnya bonyok,5,0,1741155714,sayangnya kardusnya bonyok,sayangnya kardusnya bonyok,3,positive,0.30915582180023193
dikihidayathidayat589,"Warna:abu abu glossy
Ukuran:L
Kenyamanan:nyaman di pakai",4,0,1753461112,warna abu abu glossy ukuran l kenyamanan nyaman di pakai,warna abu abu glossy ukuran l kenyamanan nyaman di pakai,10,label_3,0.2735806405544281
s*****i,"Ukuran:pas
Kenyamanan:cukup nyaman

Kwalitas kurang",3,0,1754350762,ukuran pas kenyamanan cukup nyaman kwalitas kurang,ukuran pas kenyamanan cukup nyaman kwalitas kurang,7,positive,0.2596364915370941
qe7bq54yg3,"Warna:cocok
Ukuran:pass
Kenyamanan:nyaman",5,0,1754136610,warna cocok ukuran pass kenyamanan nyaman,warna cocok ukuran pass kenyamanan nyaman,6,label_3,0.29257267713546753
munajirmunajir868,"Warna:kuning
Ukuran:pas
Kenyamanan:ringan",5,0,1749731041,warna kuning ukuran pas kenyamanan ringan,warna kuning ukuran pas kenyamanan ringan,6,label_3,0.27787283062934875
1k0or9they,"Warna:sangat bagus
Ukuran:pas
Kenyamanan:ok",5,0,1750947387,warna sangat bagus ukuran pas kenyamanan ok,warna sangat bagus ukuran pas kenyamanan ok,7,label_3,0.27081313729286194
handyhan7292,"Warna:bagus
Ukuran:Pas
Kenyamanan:sesuai harga

Lumayan sesuai harga",4,0,1755146929,warna bagus ukuran pas kenyamanan sesuai harga lumayan sesuai harga,warna bagus ukuran pas kenyamanan sesuai harga lumayan sesuai harga,10,label_3,0.27745556831359863
a*****a,"Warna:sesuai
Ukuran:pass
Kenyamanan:so so lah",5,0,1752408626,warna sesuai ukuran pass kenyamanan so so lah,warna sesuai ukuran pass kenyamanan so so lah,8,positive,0.2947912812232971
moneymonster,"Warna:keren
Ukuran:pas fit
Kenyamanan:mayan",5,0,1762573711,warna keren ukuran pas fit kenyamanan mayan,warna keren ukuran pas fit kenyamanan mayan,7,label_3,0.30856844782829285
p*****9,"Warna:sesuai
Ukuran:pas
Kenyamanan:enak di pakai",5,0,1749635628,warna sesuai ukuran pas kenyamanan enak di pakai,warna sesuai ukuran pas kenyamanan enak di pakai,8,label_3,0.2853766679763794
osmondval,"Sy nanya dlu sebelum beli, katanya uda termasuk intercome, nyatanya setelah sy beli intercom ga dikirim. Bisa cek di obrolan sy di chat pertanyaan. Klo jualan yg bener donk, klo blg termasuk ya harusnya dikirim donk, klo jualan jgn gini caranya. Ini namanya nipu saya donk. Hadeuh...",1,0,1757248814,sy nanya dlu sebelum beli katanya uda termasuk intercome nyatanya setelah sy beli intercom ga dikirim bisa cek di obrolan sy di chat pertanyaan klo jualan yg bener donk klo blg termasuk ya harusnya dikirim donk klo jualan jgn gini caranya ini namanya nipu saya donk hadeuh,sy nanya dlu sebelum beli katanya uda termasuk intercome nyatanya setelah sy beli intercom ga dikirim bisa cek di obrolan sy di chat pertanyaan klo jualan yg bener donk klo blg termasuk ya harusnya dikirim donk klo jualan jgn gini caranya ini namanya nipu saya donk hadeuh,47,positive,0.297679603099823
posekpou78,Warna:okeh mungkin,2,0,1736424000,warna okeh mungkin,warna okeh mungkin,3,positive,0.3026314973831177
l7iqjngcdi,"Warna:sesuai
Ukuran:pas
Kenyamanan:kurang

Sepon'nya kunci klik lepas",3,0,1752541823,warna sesuai ukuran pas kenyamanan kurang sepon nya kunci klik lepas,warna sesuai ukuran pas kenyamanan kurang sepon nya kunci klik lepas,11,positive,0.2956220209598541
fauziamin604,"Warna:sesuai pesanan
Ukuran:pas
Kenyamanan:enak buat berkendara",4,0,1753944870,warna sesuai pesanan ukuran pas kenyamanan enak buat berkendara,warna sesuai pesanan ukuran pas kenyamanan enak buat berkendara,9,label_3,0.29604414105415344
d*****5,Kualitas:busa yg bagian kepala atas kurang tebal,3,0,1735805988,kualitas busa yg bagian kepala atas kurang tebal,kualitas busa yg bagian kepala atas kurang tebal,8,label_3,0.264325886964798
aanjz523,Kurir gak ramah sama sekali,4,0,1746107653,kurir gak ramah sama sekali,kurir gak ramah sama sekali,5,label_3,0.2831745445728302
hilmanfauzi33,Packing kurang bagus cuma helm ok,5,0,1757371416,packing kurang bagus cuma helm ok,packing kurang bagus cuma helm ok,6,label_3,0.3212418258190155
hansenhansen492,"Warna:bagus
Ukuran:pas
Kenyamanan:ringan",5,0,1759104646,warna bagus ukuran pas kenyamanan ringan,warna bagus ukuran pas kenyamanan ringan,6,label_3,0.2959756851196289
d81w8e49jl,"Warna:bagus
Ukuran:pas
Kenyamanan:lumayan",5,0,1757840927,warna bagus ukuran pas kenyamanan lumayan,warna bagus ukuran pas kenyamanan lumayan,6,label_3,0.30296847224235535
g*****5,"Warna:sesuai
Ukuran:lebih kecil dari yang di harapkan
Kenyamanan:kurang nyaman",1,0,1760001856,warna sesuai ukuran lebih kecil dari yang di harapkan kenyamanan kurang nyaman,warna sesuai ukuran lebih kecil dari yang di harapkan kenyamanan kurang nyaman,12,label_3,0.25878435373306274
i*****3,Bagus meskipun ada lecet nya,4,0,1747892169,bagus meskipun ada lecet nya,bagus meskipun ada lecet nya,5,label_3,0.3110344111919403
iwan.romantic,Barang bagus sayang pengeriman lama banget,4,0,1743167165,barang bagus sayang pengeriman lama banget,barang bagus sayang pengeriman lama banget,6,label_3,0.3146425485610962
qe7bq54yg3,"Warna:mantap
Ukuran:pas
Kenyamanan:nyaman",5,0,1754136647,warna mantap ukuran pas kenyamanan nyaman,warna mantap ukuran pas kenyamanan nyaman,6,label_3,0.3006955683231354
flory_05.05,"Warna:Sesuai pesanan
Ukuran:sesuai pesanan
Kenyamanan:cukup nyaman",4,0,1758198856,warna sesuai pesanan ukuran sesuai pesanan kenyamanan cukup nyaman,warna sesuai pesanan ukuran sesuai pesanan kenyamanan cukup nyaman,9,positive,0.26104530692100525
jj_tr3sinl,"Warna:sesuai
Ukuran:agak kegedean salah ukuran soalnya
Kenyamanan:lumayan",4,0,1756291169,warna sesuai ukuran agak kegedean salah ukuran soalnya kenyamanan lumayan,warna sesuai ukuran agak kegedean salah ukuran soalnya kenyamanan lumayan,10,label_3,0.29106584191322327
umamalsimazi,"Warna:sesuai pesanan
Ukuran:pas
Kenyamanan:sangat ringan",4,0,1762610630,warna sesuai pesanan ukuran pas kenyamanan sangat ringan,warna sesuai pesanan ukuran pas kenyamanan sangat ringan,8,label_3,0.273800253868103
tomygultom717,"Warna:warna bagus
Kenyamanan:kurang halus sisi sisi nya",4,0,1762794044,warna warna bagus kenyamanan kurang halus sisi sisi nya,warna warna bagus kenyamanan kurang halus sisi sisi nya,9,label_3,0.2725326716899872
ahmadaj662,,2,0,1736505916,,,1,positive,0.27766895294189453
mase.anang96,Kenyamanan:agak kurang dan buat busa helm tidak tebal,4,0,1758180844,kenyamanan agak kurang dan buat busa helm tidak tebal,kenyamanan agak kurang dan buat busa helm tidak tebal,9,label_3,0.26313260197639465
2ls_pue28g,"Warna:KEREN
Ukuran:XL PAS",5,0,1752832235,warna keren ukuran xl pas,warna keren ukuran xl pas,5,label_3,0.2898080348968506
fuadfadli.,"Warna:oke
Ukuran:ok
Kenyamanan:ok bahannya kurng ORI alias kW",4,0,1756366705,warna oke ukuran ok kenyamanan ok bahannya kurng ori alias kw,warna oke ukuran ok kenyamanan ok bahannya kurng ori alias kw,11,label_3,0.27533814311027527
nhoerlhannhoerlhan,"Ukuran:ukuran pas
Warna:cocok",4,0,1733117336,ukuran ukuran pas warna cocok,ukuran ukuran pas warna cocok,5,label_3,0.2911604940891266
yudiyanuari_,"Warna:ok
Ukuran:pas
Kenyamanan:ok",5,0,1748816671,warna ok ukuran pas kenyamanan ok,warna ok ukuran pas kenyamanan ok,6,label_3,0.2798726260662079
firmanahmad014,pengiriman lama truss banyak yg lecet lagi.,1,0,1736761585,pengiriman lama truss banyak yg lecet lagi,pengiriman lama truss banyak yg lecet lagi,7,label_3,0.30544355511665344
rwm_olshop,"Warna:ok
Ukuran:pas
Kenyamanan:ok",5,0,1756281348,warna ok ukuran pas kenyamanan ok,warna ok ukuran pas kenyamanan ok,6,label_3,0.2798726260662079
jukl6zmhx2,"Warna:ya sesuai
Ukuran:lebih besar
Kenyamanan:kurang",1,0,1759119565,warna ya sesuai ukuran lebih besar kenyamanan kurang,warna ya sesuai ukuran lebih besar kenyamanan kurang,8,label_3,0.28327876329421997
woy_jakuh,"Warna:sesuai
Ukuran:pas
Kenyamanan:gak nyaman soalnya tipis banget..",4,0,1754881832,warna sesuai ukuran pas kenyamanan gak nyaman soalnya tipis banget,warna sesuai ukuran pas kenyamanan gak nyaman soalnya tipis banget,10,label_3,0.2941626310348511
muljee567,"Warna:sesuai
Ukuran:L
Kualitas:bagus",3,0,1735980084,warna sesuai ukuran l kualitas bagus,warna sesuai ukuran l kualitas bagus,6,label_3,0.2772943675518036
blackbear183,"Warna:bagus
Ukuran:pas
Kenyamanan:99%nyaman",5,0,1758044064,warna bagus ukuran pas kenyamanan 99 nyaman,warna bagus ukuran pas kenyamanan 99 nyaman,7,label_3,0.295293390750885
andixixwoyo,"Warna:sesuai

Kurang puas",3,0,1744467214,warna sesuai kurang puas,warna sesuai kurang puas,4,positive,0.3073386549949646
kikirangga882,,3,0,1745931378,,,1,positive,0.27766895294189453
yansermatu,"Warna:ok
Ukuran:busanya jelek
Kenyamanan:ngga nyaman",1,0,1760171362,warna ok ukuran busanya jelek kenyamanan ngga nyaman,warna ok ukuran busanya jelek kenyamanan ngga nyaman,8,label_3,0.28877684473991394
hijrahmubarak,Pancingan yg sangat tidak baik,2,1,1735928564,pancingan yg sangat tidak baik,pancingan yg sangat tidak baik,5,label_3,0.25012290477752686
farid123ajaganteng,"Warna:tidak sesuai
Ukuran:sesuai
Kenyamanan:lumayan",3,0,1744763525,warna tidak sesuai ukuran sesuai kenyamanan lumayan,warna tidak sesuai ukuran sesuai kenyamanan lumayan,7,positive,0.30935946106910706
darmayulianti503,Ukuran:bagus,3,0,1738157362,ukuran bagus,ukuran bagus,2,label_3,0.2583913207054138
a*****i,Sedikit membingungkan HKM tapi dusnya MLA..,4,0,1736159780,sedikit membingungkan hkm tapi dusnya mla,sedikit membingungkan hkm tapi dusnya mla,6,positive,0.3118731677532196
hasrulfadillah,"Warna:Sesuai
Ukuran:Sesuai
Kenyamanan:Sesuai

Pengirimannya luammaaaa banget",3,0,1750762856,warna sesuai ukuran sesuai kenyamanan sesuai pengirimannya luammaaaa banget,warna sesuai ukuran sesuai kenyamanan sesuai pengirimannya luammaaaa banget,9,label_3,0.3121436536312103
aishiwa,Sayaang nya packing nya kurang,4,0,1737624132,sayaang nya packing nya kurang,sayaang nya packing nya kurang,5,positive,0.32490238547325134
risky_aulia997,"Warna:bagus
Ukuran:agak sempit
Kenyamanan:baik",5,0,1752139247,warna bagus ukuran agak sempit kenyamanan baik,warna bagus ukuran agak sempit kenyamanan baik,7,label_3,0.2832714021205902
aenurrofiq92,"Warna:sesuai pesanan
Ukuran:L
Kenyamanan:kurang nyaman kesempitan,,",4,0,1753846483,warna sesuai pesanan ukuran l kenyamanan kurang nyaman kesempitan,warna sesuai pesanan ukuran l kenyamanan kurang nyaman kesempitan,9,label_3,0.2840797007083893
