username,comment,rating,likes,create_time,comment_clean,tokens,tokens_count,sentiment,sentiment_confidence,text_len,char_repeat_ratio,token_repeat_ratio,dup_score,mismatch,fake_score,fake_pred,trust_score
ibribribr,"Performa:Lip balm
Cocok Untuk:Men's lip
Tekstur:Silky and light

Seller responsif
Real pic 
Pengiriman cuma sehari",5.0,18.0,1764543046,performa lip balm cocok untuk men s lip tekstur silky and light seller responsif real pic pengiriman cuma sehari,performa lip balm cocok untuk men s lip tekstur silky and light seller responsif real pic pengiriman cuma sehari,19,positive,0.75,112,0.0089285714285714,0.1052631578947368,0.0,0.0,0.028547932330827,0,95.87
muchamad_nurdianto,"Barang sesuai pesanan, kualitas produk sangat baik, kecepatan pengiriman sangat baik, cepat sampai, Mantap Banget...",5.0,4.0,1762146800,barang sesuai pesanan kualitas produk sangat baik kecepatan pengiriman sangat baik cepat sampai mantap banget,barang sesuai pesanan kualitas produk sangat baik kecepatan pengiriman sangat baik cepat sampai mantap banget,15,positive,0.75,109,0.0,0.2666666666666666,0.0,0.0,0.0666666666666666,0,84.86
elang001,Ok barang sudah diterima dg baik dan benar semoga bermanfaat dan bisa digunakan,5.0,0.0,1738672362,ok barang sudah diterima dg baik dan benar semoga bermanfaat dan bisa digunakan,ok barang sudah diterima dg baik dan benar semoga bermanfaat dan bisa digunakan,13,neutral,0.55,79,0.0126582278481012,0.1538461538461538,0.0,0.0,0.0416260954235637,0,49.38
hilalfirmansyah418,"Desain:bagus
Kualitas:sesuai
Kemudahan:sangat praktis

Yaa,terima kasih🙏
Di toko² sekitaran kawasan gw mahh kagak ada",5.0,1.0,1755101599,desain bagus kualitas sesuai kemudahan sangat praktis yaa terima kasih di toko sekitaran kawasan gw mahh kagak ada,desain bagus kualitas sesuai kemudahan sangat praktis yaa terima kasih di toko sekitaran kawasan gw mahh kagak ada,18,positive,0.75,114,0.0175438596491228,0.0,0.0,0.0,0.0043859649122807,0,81.8
h*****3,"Desain:model menarik dan kekinian
Kenyamanan:nyaman dikenakan
Kualitas:standart

Terimakasih barang dah datang",5.0,2.0,1755418051,desain model menarik dan kekinian kenyamanan nyaman dikenakan kualitas standart terimakasih barang dah datang,desain model menarik dan kekinian kenyamanan nyaman dikenakan kualitas standart terimakasih barang dah datang,14,neutral,0.55,109,0.0,0.0,0.0,0.0,0.0,0,53.63
agus_syam,"Performa:cukup nyaman
Tekstur:lembab
Cocok Untuk:bibir kering

Blm lama coba tp nyaman dipake. Thx all",5.0,2.0,1700313745,performa cukup nyaman tekstur lembab cocok untuk bibir kering blm lama coba tp nyaman dipake thx all,performa cukup nyaman tekstur lembab cocok untuk bibir kering blm lama coba tp nyaman dipake thx all,17,neutral,0.55,100,0.01,0.1176470588235294,0.0,0.0,0.0319117647058823,0,53.11
zakaria8a,"Desain:terbaik
Kemudahan:bagus mantap
Kenyamanan:mantap terbaik bagus

Tokonya amnh sukseselalu mantap terbaik ok bgus",5.0,0.0,1733653125,desain terbaik kemudahan bagus mantap kenyamanan mantap terbaik bagus tokonya amnh sukseselalu mantap terbaik ok bgus,desain terbaik kemudahan bagus mantap kenyamanan mantap terbaik bagus tokonya amnh sukseselalu mantap terbaik ok bgus,16,positive,0.75,117,0.0,0.5,0.0,0.0,0.125,0,77.0
nusawan_interior,"Terima kasih, Paketnya sudah Datang,packinganya full rapi, mantap. . . Semoga lancar selalu🙏🙏🙏",4.0,4.0,1753786048,terima kasih paketnya sudah datang packinganya full rapi mantap semoga lancar selalu,terima kasih paketnya sudah datang packinganya full rapi mantap semoga lancar selalu,12,positive,0.75,84,0.0119047619047619,0.0,0.0,0.0,0.0029761904761904,0,82.52
adie_bae_,"Desain:ok
Kenyamanan:nyaman
Kualitas:lumayan

Baru mau coba semoga aja cocok dan bersih untuk bibir hitam .",5.0,0.0,1731632268,desain ok kenyamanan nyaman kualitas lumayan baru mau coba semoga aja cocok dan bersih untuk bibir hitam,desain ok kenyamanan nyaman kualitas lumayan baru mau coba semoga aja cocok dan bersih untuk bibir hitam,17,positive,0.75,104,0.0,0.0,0.0,0.0,0.0,0,80.0
mukhtar614,"Desain:terlihat keren dan moderen
Kualitas:pengerjaan sangat rapih
Kemudahan:praktis,

Terkesan tidak ada merah"" nya, jadi cuman bisa nyaman saja untuk bibir yg kering tapi tetap hitam lhoo....",4.0,3.0,1759485297,desain terlihat keren dan moderen kualitas pengerjaan sangat rapih kemudahan praktis terkesan tidak ada merah nya jadi cuman bisa nyaman saja untuk bibir yg kering tapi tetap hitam lhoo,desain terlihat keren dan moderen kualitas pengerjaan sangat rapih kemudahan praktis terkesan tidak ada merah nya jadi cuman bisa nyaman saja untuk bibir yg kering tapi tetap hitam lhoo,29,neutral,0.55,185,0.0108108108108108,0.0,0.0,0.0,0.0027027027027027,0,51.14
shiddiqmz,"Desain:Sangat Bagus
Kualitas:Sangat Bagus
Efek:Insyaallah Sangat Bagus",5.0,2.0,1759003709,desain sangat bagus kualitas sangat bagus efek insyaallah sangat bagus,desain sangat bagus kualitas sangat bagus efek insyaallah sangat bagus,10,positive,0.75,70,0.0285714285714285,0.6,0.0,0.0,0.1571428571428571,0,79.68
7*****c,"Profil Kecantikan:bagus

barang sesuai. pengiriman cepat. amanah selalu ka.",5.0,1.0,1755221762,profil kecantikan bagus barang sesuai pengiriman cepat amanah selalu ka,profil kecantikan bagus barang sesuai pengiriman cepat amanah selalu ka,10,positive,0.75,71,0.0,0.0,0.0,0.0,0.0,0,81.9
saeful_kihfi29,Mantap pesen kemarin datang hari ini.... Realpict juga Sukses terus buat Tokonya👏👏,5.0,1.0,1711882874,mantap pesen kemarin datang hari ini realpict juga sukses terus buat tokonya,mantap pesen kemarin datang hari ini realpict juga sukses terus buat tokonya,12,positive,0.75,76,0.0,0.0,0.0,0.0,0.0,0,81.9
supendisiregar,Kualitas nya baik barang nya sesuai bagus penggirimanya cepat,5.0,1.0,1696291867,kualitas nya baik barang nya sesuai bagus penggirimanya cepat,kualitas nya baik barang nya sesuai bagus penggirimanya cepat,9,positive,0.75,61,0.0163934426229508,0.2222222222222222,0.0,0.0,0.0596539162112932,0,80.44
l*****2,,5.0,1.0,1755696339,,,1,neutral,0.55,0,0.0,0.0,0.0,0.0,0.6,1,11.42
arilgacor,"Desain:Alhamdulillah sudah yg kedua kalinya saya beli lip serum ini
Kualitas:dan hasil nya sangat memuaskan",5.0,0.0,1759503988,desain alhamdulillah sudah yg kedua kalinya saya beli lip serum ini kualitas dan hasil nya sangat memuaskan,desain alhamdulillah sudah yg kedua kalinya saya beli lip serum ini kualitas dan hasil nya sangat memuaskan,17,neutral,0.55,107,0.0093457943925233,0.0,0.0,0.0,0.0023364485981308,0,49.96
alfianyudhistira389,"Pengalaman Penggunaan:tekstur wangi
Kemasan:baik dan aman
Manfaat:membuat bibir lebih cerah",5.0,0.0,1750895693,pengalaman penggunaan tekstur wangi kemasan baik dan aman manfaat membuat bibir lebih cerah,pengalaman penggunaan tekstur wangi kemasan baik dan aman manfaat membuat bibir lebih cerah,13,neutral,0.55,91,0.0329670329670329,0.0,0.0,0.0,0.0082417582417582,0,49.88
nkrb7vrfgd,"Tekstur:belum coba
Cocok Untuk:belum coba
Performa:belum coba

Belum coba",5.0,2.0,1694762708,tekstur belum coba cocok untuk belum coba performa belum coba belum coba,tekstur belum coba cocok untuk belum coba performa belum coba belum coba,12,positive,0.75,72,0.0,0.6666666666666666,0.0,0.0,0.1666666666666666,0,79.44
firmansyafutra928,"Tips Pengguna:pemakaian dengan rutin
Manfaat:sdikit mencerahkan bibir yg ,berkosumsi peroko

barang nya sampai tunjuan ,pengiriman nya cepat",5.0,0.0,1708960767,tips pengguna pemakaian dengan rutin manfaat sdikit mencerahkan bibir yg berkosumsi peroko barang nya sampai tunjuan pengiriman nya cepat,tips pengguna pemakaian dengan rutin manfaat sdikit mencerahkan bibir yg berkosumsi peroko barang nya sampai tunjuan pengiriman nya cepat,19,positive,0.75,137,0.0145985401459854,0.1052631578947368,0.0,0.0,0.0299654245101805,0,79.28
muhamad_ismail18,,5.0,1.0,1690792675,,,1,neutral,0.55,0,0.0,0.0,0.0,0.0,0.6,1,11.42
d*****n,Makasi👍,5.0,1.0,1692051245,makasi,makasi,1,neutral,0.55,6,0.0,0.0,0.0,0.0,0.6,1,11.42
recksydhofingeovani27,,5.0,0.0,1692387094,,,1,neutral,0.55,0,0.0,0.0,0.0,0.0,0.6,1,11.0
jblakun,,5.0,0.0,1731230555,,,1,neutral,0.55,0,0.0,0.0,0.0,0.0,0.6,1,11.0
triwahyudijatisrono,Belum di coba...packing aman.barang sesuai foto mudah mudahan bibir ku gak kering lagi,5.0,1.0,1759466954,belum di coba packing aman barang sesuai foto mudah mudahan bibir ku gak kering lagi,belum di coba packing aman barang sesuai foto mudah mudahan bibir ku gak kering lagi,15,positive,0.75,84,0.0,0.0,0.0,0.0,0.0,0,81.9
k7oxd0cg5r,"Desain:Desain yah bagusss
Kenyamanan:Biasa saja
Kualitas:bagusss

Barang yah bagus mantap",2.0,0.0,1732334679,desain desain yah bagusss kenyamanan biasa saja kualitas bagusss barang yah bagus mantap,desain desain yah bagusss kenyamanan biasa saja kualitas bagusss barang yah bagus mantap,13,positive,0.75,88,0.0454545454545454,0.4615384615384615,0.0,1.0,0.3267482517482517,0,61.33
ahmadfaujan810,"Desain:bagus
Kemudahan:sip
Kualitas:baik",5.0,0.0,1734019794,desain bagus kemudahan sip kualitas baik,desain bagus kemudahan sip kualitas baik,6,positive,0.75,40,0.0,0.0,0.0,0.0,0.0,0,80.0
cintacinta504,bagus,5.0,1.0,1696260964,bagus,bagus,1,positive,0.75,5,0.0,0.0,0.4,0.0,0.72,1,15.07
endiandiansah1,"Desain:rapi
Kenyamanan:nyaman di pake nya
Kualitas:bagus

Mantap pesenan da sesuai",5.0,0.0,1731505988,desain rapi kenyamanan nyaman di pake nya kualitas bagus mantap pesenan da sesuai,desain rapi kenyamanan nyaman di pake nya kualitas bagus mantap pesenan da sesuai,13,positive,0.75,81,0.0,0.0,0.0,0.0,0.0,0,80.0
jojojulian69,"Kenyamanan:Enak tidak sepertu pakai lipstik cewek
Desain:simple mudah di bahwa

Bahkan beli lagi terima kasih penjual",5.0,0.0,1722648186,kenyamanan enak tidak sepertu pakai lipstik cewek desain simple mudah di bahwa bahkan beli lagi terima kasih penjual,kenyamanan enak tidak sepertu pakai lipstik cewek desain simple mudah di bahwa bahkan beli lagi terima kasih penjual,18,negative,0.75,116,0.0,0.0,0.0,1.0,0.2,0,18.8
2x848wzjx4,Sangat bagus & cepatt trma kasih.🙏,5.0,1.0,1690503331,sangat bagus cepatt trma kasih,sangat bagus cepatt trma kasih,5,positive,0.75,30,0.0333333333333333,0.0,0.0,0.0,0.0083333333333333,0,81.7
a*****1,"Tips Pengguna:dioles dibibir
Kemasan:bagus
Profil Kecantikan:usia, warna kulit

Bagus",5.0,0.0,1750472011,tips pengguna dioles dibibir kemasan bagus profil kecantikan usia warna kulit bagus,tips pengguna dioles dibibir kemasan bagus profil kecantikan usia warna kulit bagus,12,positive,0.75,83,0.0120481927710843,0.1666666666666666,0.0,0.0,0.0446787148594377,0,78.93
rudi8844,,5.0,0.0,1692614306,,,1,neutral,0.55,0,0.0,0.0,0.0,0.0,0.6,1,11.0
buedakleutikcengos,,5.0,0.0,1692287101,,,1,neutral,0.55,0,0.0,0.0,0.0,0.0,0.6,1,11.0
itsukijotaro,"Desain:model yang menarik dan kekinian
Kenyamanan:sangat nyaman saat dikenakan
Kualitas:sangat bagus",5.0,0.0,1731049398,desain model yang menarik dan kekinian kenyamanan sangat nyaman saat dikenakan kualitas sangat bagus,desain model yang menarik dan kekinian kenyamanan sangat nyaman saat dikenakan kualitas sangat bagus,14,positive,0.75,100,0.01,0.1428571428571428,0.0,0.0,0.0382142857142857,0,79.08
rendicahyaramadhan574,ok murah bos.e,5.0,0.0,1707894170,ok murah bos e,ok murah bos e,4,neutral,0.55,14,0.0,0.0,0.0,0.0,0.2,0,47.0
basriabduh,,5.0,0.0,1740036742,,,1,neutral,0.55,0,0.0,0.0,0.0,0.0,0.6,1,11.0
imamkhollif,"Desain:oke
Kualitas:sudah dalam kondisi terbuka
Efek:belum dicoba

Paket sudah sampe, tapi dalam kondisi sudah terbuka bukus mika nya..",3.0,1.0,1759466940,desain oke kualitas sudah dalam kondisi terbuka efek belum dicoba paket sudah sampe tapi dalam kondisi sudah terbuka bukus mika nya,desain oke kualitas sudah dalam kondisi terbuka efek belum dicoba paket sudah sampe tapi dalam kondisi sudah terbuka bukus mika nya,21,neutral,0.55,131,0.0,0.4285714285714285,0.0,0.0,0.1071428571428571,0,42.49
ndupanelkusla1903sh,Menyukainya,5.0,0.0,1689650787,menyukainya,menyukainya,1,neutral,0.55,11,0.0,0.0,0.0,0.0,0.2,0,47.0
369iiarwnj,"Desain:buruk
Kualitas:kayak tai..

barang penipuan.tidak seperti di iklan nya aga merah2han.eh tidak sama sekali malahan lebih parah warna bibir saya jadi tambah itam..",1.0,6.0,1763572137,desain buruk kualitas kayak tai barang penipuan tidak seperti di iklan nya aga merah2han eh tidak sama sekali malahan lebih parah warna bibir saya jadi tambah itam,desain buruk kualitas kayak tai barang penipuan tidak seperti di iklan nya aga merah2han eh tidak sama sekali malahan lebih parah warna bibir saya jadi tambah itam,27,negative,0.75,163,0.0,0.074074074074074,0.0,0.0,0.0185185185185185,0,12.95
d*****2,"Desain:menarik
Kemudahan:praktis
Kenyamanan:nyaman digunakan

Good job👍🏻",5.0,0.0,1733548757,desain menarik kemudahan praktis kenyamanan nyaman digunakan good job,desain menarik kemudahan praktis kenyamanan nyaman digunakan good job,9,neutral,0.55,69,0.0144927536231884,0.0,0.0,0.0,0.0036231884057971,0,49.95
riano_2024,Belum di cuba,5.0,0.0,1694917166,belum di cuba,belum di cuba,3,neutral,0.55,13,0.0,0.0,0.0,0.0,0.2,0,47.0
wylsyarif2,Belum coba.semoga cocok.terimakasih untuk tokonya,5.0,0.0,1703133446,belum coba semoga cocok terimakasih untuk tokonya,belum coba semoga cocok terimakasih untuk tokonya,7,positive,0.75,49,0.0,0.0,0.0,0.0,0.0,0,80.0
charo19,"Desain:keren
Kenyamanan:nyaman saat di pakai
Kualitas:bagus",5.0,0.0,1732544907,desain keren kenyamanan nyaman saat di pakai kualitas bagus,desain keren kenyamanan nyaman saat di pakai kualitas bagus,9,positive,0.75,59,0.0169491525423728,0.0,0.0,0.0,0.0042372881355932,0,79.9
a*****e,"Desain:ok
Kemudahan:praktis
Kualitas:bagus

otw korea",5.0,0.0,1734258957,desain ok kemudahan praktis kualitas bagus otw korea,desain ok kemudahan praktis kualitas bagus otw korea,8,positive,0.75,52,0.0,0.0,0.0,0.0,0.0,0,80.0
bangawall081,Baik sangat baik,5.0,0.0,1739637607,baik sangat baik,baik sangat baik,3,neutral,0.55,16,0.0,0.6666666666666666,0.0,0.0,0.1666666666666666,0,47.5
jay.rancage,Sesuai,5.0,0.0,1736135784,sesuai,sesuai,1,positive,0.75,6,0.0,0.0,0.0,0.0,0.6,1,17.6
raymondlangelo720,"Desain:work it
Kemudahan:sangat praktis
Kualitas:ok",5.0,0.0,1738518749,desain work it kemudahan sangat praktis kualitas ok,desain work it kemudahan sangat praktis kualitas ok,8,neutral,0.55,51,0.0,0.0,0.0,0.0,0.0,0,50.0
nusaindah76,Ok,5.0,0.0,1693103029,ok,ok,1,neutral,0.55,2,0.0,0.0,0.4,0.0,0.72,1,9.2
fitrialishoppe,Ok,5.0,0.0,1693729863,ok,ok,1,neutral,0.55,2,0.0,0.0,0.4,0.0,0.72,1,9.2
fendy2019,"Desain:minimalis
Kenyamanan:sesuai target
Kualitas:bagus

Kecil dan praktis",5.0,0.0,1733056741,desain minimalis kenyamanan sesuai target kualitas bagus kecil dan praktis,desain minimalis kenyamanan sesuai target kualitas bagus kecil dan praktis,10,positive,0.75,74,0.0,0.0,0.0,0.0,0.0,0,80.0
ahmadhasanudin175,bagus,5.0,0.0,1747727563,bagus,bagus,1,positive,0.75,5,0.0,0.0,0.4,0.0,0.72,1,14.72
d5sr50ucxu,Sesuai dengan iklan semoga bermafaat dan tetap amanah,5.0,0.0,1738144666,sesuai dengan iklan semoga bermafaat dan tetap amanah,sesuai dengan iklan semoga bermafaat dan tetap amanah,8,positive,0.75,53,0.0188679245283018,0.0,0.0,0.0,0.0047169811320754,0,79.89
z*****3,"Sangat nyaman dikenakan,uhuyyyyy pokoknya mah keren....",5.0,0.0,1718796272,sangat nyaman dikenakan uhuyyyyy pokoknya mah keren,sangat nyaman dikenakan uhuyyyyy pokoknya mah keren,7,positive,0.75,51,0.0784313725490196,0.0,0.0,0.0,0.0196078431372549,0,79.53
oi1p8zp4jz,good,5.0,0.0,1695462294,good,good,1,neutral,0.55,4,0.25,0.0,0.2,0.0,0.7224999999999999,1,9.16
heriaja450,Terimakasih pesanan sudah sampai 😊👍🏻,5.0,0.0,1765173140,terimakasih pesanan sudah sampai,terimakasih pesanan sudah sampai,4,neutral,0.55,32,0.0,0.0,0.0,0.0,0.0,0,50.0
1abidzar01,"Desain:ol
Kualitas:ok

Yess",5.0,0.0,1736953425,desain ol kualitas ok yess,desain ol kualitas ok yess,5,neutral,0.55,26,0.0384615384615384,0.0,0.0,0.0,0.0096153846153846,0,49.86
ekaezya,Sesuai pesanan,5.0,0.0,1732765972,sesuai pesanan,sesuai pesanan,2,positive,0.75,14,0.0,0.0,0.2,0.0,0.26,0,73.76
hendrosetiawan193,,5.0,0.0,1746021813,,,1,neutral,0.55,0,0.0,0.0,0.0,0.0,0.6,1,11.0
raisyah.69,,5.0,0.0,1737237858,,,1,neutral,0.55,0,0.0,0.0,0.0,0.0,0.6,1,11.0
aziz.fauzan6623,,5.0,0.0,1692698570,,,1,neutral,0.55,0,0.0,0.0,0.0,0.0,0.6,1,11.0
damargilang835,"Desain:bagus
Kualitas:bagus
Kemudahan:bagus",5.0,0.0,1738993797,desain bagus kualitas bagus kemudahan bagus,desain bagus kualitas bagus kemudahan bagus,6,positive,0.75,43,0.0,0.5,0.0,0.0,0.125,0,77.0
hargaterjangkau060,Desain:josjis,5.0,0.0,1764664245,desain josjis,desain josjis,2,neutral,0.55,13,0.0,0.0,0.0,0.0,0.2,0,47.0
tungtungsahur133,"Desain:bagus
Kualitas:memuaskan
Efek:mencerahkan bibir, tidak membuat bibir pecah""",5.0,0.0,1750194511,desain bagus kualitas memuaskan efek mencerahkan bibir tidak membuat bibir pecah,desain bagus kualitas memuaskan efek mencerahkan bibir tidak membuat bibir pecah,11,neutral,0.55,80,0.0,0.1818181818181818,0.0,0.0,0.0454545454545454,0,49.32
d1ktk_9obi,Awal agak perih,5.0,0.0,1706949811,awal agak perih,awal agak perih,3,neutral,0.55,15,0.0,0.0,0.0,0.0,0.2,0,47.0
edwinclever828,,5.0,0.0,1746968661,,,1,neutral,0.55,0,0.0,0.0,0.0,0.0,0.6,1,11.0
anjaszaki85,Ok,5.0,0.0,1703561611,ok,ok,1,neutral,0.55,2,0.0,0.0,0.4,0.0,0.72,1,9.2
andizakkiika,"Desain:menarik
Kualitas:baik
Efek:efektif",5.0,0.0,1745605396,desain menarik kualitas baik efek efektif,desain menarik kualitas baik efek efektif,6,neutral,0.55,41,0.0,0.0,0.0,0.0,0.0,0,50.0
uj0zzvh526,"Desain:simpel dan enak di pake
Kualitas:sangat nyaman di pake
Efek:melembabkan dan mencerahkan

10000",5.0,0.0,1763270386,desain simpel dan enak di pake kualitas sangat nyaman di pake efek melembabkan dan mencerahkan 10000,desain simpel dan enak di pake kualitas sangat nyaman di pake efek melembabkan dan mencerahkan 10000,16,neutral,0.55,100,0.03,0.375,0.0,0.0,0.10125,0,48.48
kurougami,"Desain:menarik
Kualitas:bagus
Efek:lembut

semoga awet",5.0,0.0,1747914680,desain menarik kualitas bagus efek lembut semoga awet,desain menarik kualitas bagus efek lembut semoga awet,8,positive,0.75,53,0.0,0.0,0.0,0.0,0.0,0,80.0
iik9hj6jam,"Desain:disen nya kaya mobil ferari
Kualitas:kualitas nya cukup oke
Efek:bisa menggoda janda 10 anak",5.0,0.0,1756019669,desain disen nya kaya mobil ferari kualitas kualitas nya cukup oke efek bisa menggoda janda 10 anak,desain disen nya kaya mobil ferari kualitas kualitas nya cukup oke efek bisa menggoda janda 10 anak,17,neutral,0.55,99,0.0101010101010101,0.2352941176470588,0.0,0.0,0.0613487819370172,0,49.08
njv7ic32ru,"Desain:bagus
Kualitas:baik
Kemudahan:baik",5.0,0.0,1743902299,desain bagus kualitas baik kemudahan baik,desain bagus kualitas baik kemudahan baik,6,positive,0.75,41,0.0,0.3333333333333333,0.0,0.0,0.0833333333333333,0,78.0
alvinadam11,"Desain:keren
Kualitas:standar
Efek:melembutkan",5.0,0.0,1750072229,desain keren kualitas standar efek melembutkan,desain keren kualitas standar efek melembutkan,6,positive,0.75,46,0.0,0.0,0.0,0.0,0.0,0,80.0
darmakhey,Pesanan datang tidak bersegel/sudah terbuka,5.0,0.0,1715351713,pesanan datang tidak bersegel sudah terbuka,pesanan datang tidak bersegel sudah terbuka,6,negative,0.75,43,0.0,0.0,0.0,1.0,0.2,0,18.8
0alot68w_m,"Desain:bgus
Kenyamanan:iya
Kualitas:myn",5.0,0.0,1731212429,desain bgus kenyamanan iya kualitas myn,desain bgus kenyamanan iya kualitas myn,6,neutral,0.55,39,0.0,0.0,0.0,0.0,0.0,0,50.0
u*****3,"Kenyamanan:simpel
Desain:bagus
Kualitas:baik",5.0,0.0,1727350686,kenyamanan simpel desain bagus kualitas baik,kenyamanan simpel desain bagus kualitas baik,6,positive,0.75,44,0.0,0.0,0.0,0.0,0.0,0,80.0
trisnawan910,"Desain:lumayan ok
Kualitas:yaa bagus
Efek:paas buat bibir

Mf baru tes sangat cocok buat ku..pecinta rokok,bibir bisa jadi merah,trima kasih buat tokonya.juga shopie",5.0,0.0,1754569621,desain lumayan ok kualitas yaa bagus efek paas buat bibir mf baru tes sangat cocok buat ku pecinta rokok bibir bisa jadi merah trima kasih buat tokonya juga shopie,desain lumayan ok kualitas yaa bagus efek paas buat bibir mf baru tes sangat cocok buat ku pecinta rokok bibir bisa jadi merah trima kasih buat tokonya juga shopie,29,positive,0.75,163,0.0122699386503067,0.1724137931034483,0.0,0.0,0.0461709329384387,0,78.89
edipurwanto1986,"Desain:ok
Kualitas:ok
Efek:ok",5.0,0.0,1746438087,desain ok kualitas ok efek ok,desain ok kualitas ok efek ok,6,neutral,0.55,29,0.0,0.5,0.0,0.0,0.125,0,48.12
r*****0,Desain:buagusssssssssssssspuollllllllllllllll amaaannnnnnnnnnnnnnnnnnnnnn,5.0,0.0,1752758503,desain buagusssssssssssssspuollllllllllllllll amaaannnnnnnnnnnnnnnnnnnnnn,desain buagusssssssssssssspuollllllllllllllll amaaannnnnnnnnnnnnnnnnnnnnn,3,neutral,0.55,73,0.6986301369863014,0.0,0.0,0.0,0.1746575342465753,0,47.38
osidekucing,,5.0,0.0,1754478392,,,1,neutral,0.55,0,0.0,0.0,0.0,0.0,0.6,1,11.0
zhatmenk197,,5.0,0.0,1761289568,,,1,neutral,0.55,0,0.0,0.0,0.0,0.0,0.6,1,11.0
edirepan,"Desain:menarik
Kualitas:belom dicoba
Efek:lembut",5.0,0.0,1751108691,desain menarik kualitas belom dicoba efek lembut,desain menarik kualitas belom dicoba efek lembut,7,neutral,0.55,48,0.0,0.0,0.0,0.0,0.0,0,50.0
,"Katanya baru,ko kemasan udah kebuka begini yaaaa..",1.0,0.0,1702726059,katanya baru ko kemasan udah kebuka begini yaaaa,katanya baru ko kemasan udah kebuka begini yaaaa,8,neutral,0.55,48,0.0625,0.0,0.0,0.0,0.015625,0,33.84
habibngegame,"Desain:sudah terbuka saat unboxing
Kualitas:buasa saja

Entah salah kurir atau emang pas masukin barangnya udah terbuka aku gak tau",2.0,0.0,1749470712,desain sudah terbuka saat unboxing kualitas buasa saja entah salah kurir atau emang pas masukin barangnya udah terbuka aku gak tau,desain sudah terbuka saat unboxing kualitas buasa saja entah salah kurir atau emang pas masukin barangnya udah terbuka aku gak tau,21,neutral,0.55,130,0.0076923076923076,0.0952380952380952,0.0,0.0,0.0257326007326007,0,37.71
1d4sa2hgb8,"Desain:menarik kekinian
Kemudahan:praktis
Kualitas:baik

Lips bagus sangat Cocok buat laki2",4.0,0.0,1737469437,desain menarik kekinian kemudahan praktis kualitas baik lips bagus sangat cocok buat laki2,desain menarik kekinian kemudahan praktis kualitas baik lips bagus sangat cocok buat laki2,13,positive,0.75,90,0.0,0.0,0.0,0.0,0.0,0,76.0
riyan_erlangga28,"Desain:mnarik
Kualitas:bagus
Efek:tdak mengganggu dan nyaman d pakai",5.0,0.0,1752162462,desain mnarik kualitas bagus efek tdak mengganggu dan nyaman d pakai,desain mnarik kualitas bagus efek tdak mengganggu dan nyaman d pakai,11,positive,0.75,68,0.0294117647058823,0.0,0.0,0.0,0.0073529411764705,0,79.82
haniwidiani128,Sangat baik,5.0,0.0,1756618660,sangat baik,sangat baik,2,neutral,0.55,11,0.0,0.0,0.0,0.0,0.2,0,47.0
abibastiansaputra,"Desain:keren mudah dibawa kemanapun
Kualitas:bagus
Efek:bibir terasa berminyak",5.0,0.0,1752470992,desain keren mudah dibawa kemanapun kualitas bagus efek bibir terasa berminyak,desain keren mudah dibawa kemanapun kualitas bagus efek bibir terasa berminyak,11,positive,0.75,78,0.0,0.0,0.0,0.0,0.0,0,80.0
genzholicy10,,4.0,1.0,1740318554,,,1,neutral,0.55,0,0.0,0.0,0.0,0.0,0.6,1,10.54
ahmadsubarkah251,"Desain:elegan
Kualitas:bagus
Efek:tidak enak waktu saya pakai,rasanya ada yang mengganjal di bibir",3.0,0.0,1745387682,desain elegan kualitas bagus efek tidak enak waktu saya pakai rasanya ada yang mengganjal di bibir,desain elegan kualitas bagus efek tidak enak waktu saya pakai rasanya ada yang mengganjal di bibir,16,neutral,0.55,98,0.010204081632653,0.0,0.0,0.0,0.0025510204081632,0,41.97
3jpual07ii,"Desain:bagus
Kualitas:sangat baik
Efek:melembutkan bibir",5.0,0.0,1753347544,desain bagus kualitas sangat baik efek melembutkan bibir,desain bagus kualitas sangat baik efek melembutkan bibir,8,positive,0.75,56,0.0,0.0,0.0,0.0,0.0,0,80.0
yusufalparizi429,"Desain:bagus
Kualitas:okeeee
Efek:melembutkan bibir suami sy",5.0,1.0,1754383064,desain bagus kualitas okeeee efek melembutkan bibir suami sy,desain bagus kualitas okeeee efek melembutkan bibir suami sy,9,positive,0.75,60,0.05,0.0,0.0,0.0,0.0125,0,81.6
6u_0fqf3nd,produk lumayan cuma ga lembab trs kaya Berjam jam hanya setengah jam saja lembabnya,4.0,0.0,1738831482,produk lumayan cuma ga lembab trs kaya berjam jam hanya setengah jam saja lembabnya,produk lumayan cuma ga lembab trs kaya berjam jam hanya setengah jam saja lembabnya,14,neutral,0.55,83,0.0,0.1428571428571428,0.0,0.0,0.0357142857142857,0,45.51
zoeszoes378,Desain:lom d coba,5.0,0.0,1756636902,desain lom d coba,desain lom d coba,4,neutral,0.55,17,0.0,0.0,0.0,0.0,0.0,0,50.0
vu5nutcujq,"Desain:cakep
Kualitas:lumayan bagus
Efek:belum tau",5.0,0.0,1752835306,desain cakep kualitas lumayan bagus efek belum tau,desain cakep kualitas lumayan bagus efek belum tau,8,positive,0.75,50,0.0,0.0,0.0,0.0,0.0,0,80.0
nvrd33,"Desain:elegan
Kualitas:terbaik
Efek:mencerahkan

Pokoknyaaa good product",5.0,0.0,1765223724,desain elegan kualitas terbaik efek mencerahkan pokoknyaaa good product,desain elegan kualitas terbaik efek mencerahkan pokoknyaaa good product,9,neutral,0.55,71,0.0422535211267605,0.0,0.0,0.0,0.0105633802816901,0,49.84
syahrulmubbarak,"Desain:belum tau
Kualitas:bagus
Efek:belum tau

Semoga bisa merubah",5.0,0.0,1765259320,desain belum tau kualitas bagus efek belum tau semoga bisa merubah,desain belum tau kualitas bagus efek belum tau semoga bisa merubah,11,positive,0.75,66,0.0,0.3636363636363636,0.0,0.0,0.0909090909090909,0,77.82
j*****7,"Desain:keren
Kualitas:bagus
Efek:bagus",5.0,0.0,1764505714,desain keren kualitas bagus efek bagus,desain keren kualitas bagus efek bagus,6,positive,0.75,38,0.0,0.3333333333333333,0.0,0.0,0.0833333333333333,0,78.0
i*****5,"Desain:keren
Kualitas:belum dicoba
Efek:belum di coba",5.0,0.0,1752288462,desain keren kualitas belum dicoba efek belum di coba,desain keren kualitas belum dicoba efek belum di coba,9,positive,0.75,53,0.0,0.2222222222222222,0.0,0.0,0.0555555555555555,0,78.67
oppa292,"Desain:praktis dan modern
Kualitas:sangat baik
Efek:membuat bibir lembut",4.0,0.0,1763726458,desain praktis dan modern kualitas sangat baik efek membuat bibir lembut,desain praktis dan modern kualitas sangat baik efek membuat bibir lembut,11,neutral,0.55,72,0.0,0.0,0.0,0.0,0.0,0,46.0
chakrabhirawa084,"Desain:biasa saja
Kemudahan:mudah
Kualitas:gak sesuai yang diinginkan tapi ya lumayan buat basahi bibir meski Agak kurang merah",2.0,0.0,1737603644,desain biasa saja kemudahan mudah kualitas gak sesuai yang diinginkan tapi ya lumayan buat basahi bibir meski agak kurang merah,desain biasa saja kemudahan mudah kualitas gak sesuai yang diinginkan tapi ya lumayan buat basahi bibir meski agak kurang merah,20,neutral,0.55,127,0.0078740157480314,0.0,0.0,0.0,0.0019685039370078,0,37.98
ujarkxr7wr,"Desain:sangat cocok
Kualitas:bagus
Efek:tidak",5.0,0.0,1762702060,desain sangat cocok kualitas bagus efek tidak,desain sangat cocok kualitas bagus efek tidak,7,positive,0.75,45,0.0,0.0,0.0,0.0,0.0,0,80.0
nasyaqiela,"Desain:ok
Kualitas:ok
Efek:melembabkan",5.0,0.0,1754985245,desain ok kualitas ok efek melembabkan,desain ok kualitas ok efek melembabkan,6,neutral,0.55,38,0.0,0.3333333333333333,0.0,0.0,0.0833333333333333,0,48.75
w0vmvojdsd,"Desain:cocok
Kualitas:sangat baik",5.0,0.0,1763905711,desain cocok kualitas sangat baik,desain cocok kualitas sangat baik,5,positive,0.75,33,0.0,0.0,0.0,0.0,0.0,0,80.0
jiokasat,"Desain:model yg kekinian
Kemudahan:sangat praktis
Kualitas:sangat baik",4.0,0.0,1738653058,desain model yg kekinian kemudahan sangat praktis kualitas sangat baik,desain model yg kekinian kemudahan sangat praktis kualitas sangat baik,10,neutral,0.55,70,0.0,0.2,0.0,0.0,0.05,0,45.31
j*****l,"Performa:cukup
Cocok Untuk:apa saja
Tekstur:lembek dalamnya",2.0,1.0,1731170463,performa cukup cocok untuk apa saja tekstur lembek dalamnya,performa cukup cocok untuk apa saja tekstur lembek dalamnya,9,positive,0.75,59,0.0,0.0,0.0,1.0,0.2,0,65.71
15_muhammadfarisjan,Barang datang sesuai dengan yang ada di gambar,3.0,0.0,1742804363,barang datang sesuai dengan yang ada di gambar,barang datang sesuai dengan yang ada di gambar,8,positive,0.75,46,0.0,0.0,0.0,0.0,0.0,0,72.0
barzexzex,"Ini apa broo?? 
Yg dateng jauh dari yg di pesen😡",1.0,1.0,1738842059,ini apa broo yg dateng jauh dari yg di pesen,ini apa broo yg dateng jauh dari yg di pesen,10,neutral,0.55,44,0.0227272727272727,0.2,0.0,0.0,0.0556818181818181,0,35.3
rio_prasetia,Baru nyoba,4.0,0.0,1693290648,baru nyoba,baru nyoba,2,neutral,0.55,10,0.0,0.0,0.0,0.0,0.2,0,43.24
muhbahrul299,,4.0,0.0,1739432529,,,1,neutral,0.55,0,0.0,0.0,0.0,0.0,0.6,1,10.12
fahrulrozzie,Pesanan sudah diterima.,4.0,0.0,1739591223,pesanan sudah diterima,pesanan sudah diterima,3,neutral,0.55,22,0.0,0.0,0.0,0.0,0.0,0,46.0
batiksantoso69,Sesuai pesanan,4.0,0.0,1743978450,sesuai pesanan,sesuai pesanan,2,positive,0.75,14,0.0,0.0,0.2,0.0,0.26,0,70.07
m*****3,"Kualitas:lumayan

Gak bisa diputer²",1.0,0.0,1753416619,kualitas lumayan gak bisa diputer,kualitas lumayan gak bisa diputer,5,neutral,0.55,33,0.0,0.0,0.0,0.0,0.0,0,34.0
kang.muham,"Desain:Barang sudah sampai dan sesuai semoga efektivitas kerjanya cepat
Kualitas:Baru pertama kali coba semoga cocok dan bagus
Efek:Semoga hasilnya nanti sesuai",4.0,0.0,1754626585,desain barang sudah sampai dan sesuai semoga efektivitas kerjanya cepat kualitas baru pertama kali coba semoga cocok dan bagus efek semoga hasilnya nanti sesuai,desain barang sudah sampai dan sesuai semoga efektivitas kerjanya cepat kualitas baru pertama kali coba semoga cocok dan bagus efek semoga hasilnya nanti sesuai,24,positive,0.75,160,0.0,0.2916666666666667,0.0,0.0,0.0729166666666666,0,74.34
feriherfian,produk lumayan bagus,4.0,0.0,1722909630,produk lumayan bagus,produk lumayan bagus,3,positive,0.75,20,0.0,0.0,0.0,0.0,0.0,0,76.0
q*****d,Kualitas:blm coba,4.0,0.0,1765183519,kualitas blm coba,kualitas blm coba,3,neutral,0.55,17,0.0,0.0,0.0,0.0,0.0,0,46.0
juvenwee,Tdk ad perubahan setelah memakai produk ini,1.0,0.0,1712782957,tdk ad perubahan setelah memakai produk ini,tdk ad perubahan setelah memakai produk ini,7,neutral,0.55,43,0.0,0.0,0.0,0.0,0.0,0,34.0
m1087gaming,,4.0,0.0,1732075352,,,1,neutral,0.55,0,0.0,0.0,0.0,0.0,0.6,1,10.12
penaldipenal,,1.0,0.0,1739769106,,,1,neutral,0.55,0,0.0,0.0,0.0,0.0,0.6,1,7.48
galanganarki128,"Desain:bagus
Kualitas:memuaskan
Efek:lembut dipakai",4.0,0.0,1751623201,desain bagus kualitas memuaskan efek lembut dipakai,desain bagus kualitas memuaskan efek lembut dipakai,7,positive,0.75,51,0.0,0.0,0.0,0.0,0.0,0,76.0
dizqikeyla1933,Mntp,4.0,0.0,1754308748,mntp,mntp,1,neutral,0.55,4,0.0,0.0,0.0,0.0,0.6,1,10.12
nunioktaviani_15,"Desain:kurang
Kualitas:kurang",3.0,0.0,1750178036,desain kurang kualitas kurang,desain kurang kualitas kurang,4,negative,0.75,29,0.0,0.5,0.0,0.0,0.125,0,11.55
_earth.4,"Desain:bagus
Kualitas:standar
Efek:fefek",3.0,0.0,1759827359,desain bagus kualitas standar efek fefek,desain bagus kualitas standar efek fefek,6,positive,0.75,40,0.0,0.0,0.0,0.0,0.0,0,72.0
davidarianto352,"Desain:bagus
Kualitas:baik
Efek:bagus",4.0,0.0,1761457441,desain bagus kualitas baik efek bagus,desain bagus kualitas baik efek bagus,6,positive,0.75,37,0.0,0.3333333333333333,0.0,0.0,0.0833333333333333,0,74.1
henny.zahri,Kemasannya kek udah lama banget jd lepas gitu pas sampe moga aja ex nya lama,3.0,0.0,1755937750,kemasannya kek udah lama banget jd lepas gitu pas sampe moga aja ex nya lama,kemasannya kek udah lama banget jd lepas gitu pas sampe moga aja ex nya lama,15,negative,0.75,76,0.0131578947368421,0.1333333333333333,0.0,0.0,0.0366228070175438,0,11.87
fajri_82,Paket sudah saya terima paket sesuai dengan keinginan,5.0,0.0,1762518454,paket sudah saya terima paket sesuai dengan keinginan,paket sudah saya terima paket sesuai dengan keinginan,8,positive,0.75,53,0.0,0.25,0.0,0.0,0.0625,0,78.5
hasanmubari,"ok , sudah dicoba , tp belum kelihatan hasilnya , baru dipakai 2x",5.0,0.0,1764458161,ok sudah dicoba tp belum kelihatan hasilnya baru dipakai 2x,ok sudah dicoba tp belum kelihatan hasilnya baru dipakai 2x,10,neutral,0.55,59,0.0,0.0,0.0,0.0,0.0,0,50.0
n*****3,"Sudah datang sesuai pesanan,belum dicoba semoga cocok,pengiriman cepat,kurir ramah",5.0,0.0,1751090025,sudah datang sesuai pesanan belum dicoba semoga cocok pengiriman cepat kurir ramah,sudah datang sesuai pesanan belum dicoba semoga cocok pengiriman cepat kurir ramah,12,positive,0.75,82,0.0,0.0,0.0,0.0,0.0,0,80.0
b5dnzfo9tm,"Desain:bagus
Kualitas:bagus
Kemudahan:mudah di gunakan tinggal di oles di area bibir

Pengiriman cepat 👍",5.0,0.0,1744534715,desain bagus kualitas bagus kemudahan mudah di gunakan tinggal di oles di area bibir pengiriman cepat,desain bagus kualitas bagus kemudahan mudah di gunakan tinggal di oles di area bibir pengiriman cepat,16,positive,0.75,101,0.0099009900990099,0.3125,0.0,0.0,0.0806002475247524,0,78.07
mohalfandiii,"Desain:jos
Kualitas:belom coba
Kemudahan:gatauu

Mau merah dipilox aja bibir nya hehehe",5.0,0.0,1741190435,desain jos kualitas belom coba kemudahan gatauu mau merah dipilox aja bibir nya hehehe,desain jos kualitas belom coba kemudahan gatauu mau merah dipilox aja bibir nya hehehe,14,neutral,0.55,86,0.0116279069767441,0.0,0.0,0.0,0.002906976744186,0,49.96
yohanes_pamungkas_yulianto,"Desain:baik
Kualitas:oke
Kemudahan:baik

Smga cocok",5.0,0.0,1740438543,desain baik kualitas oke kemudahan baik smga cocok,desain baik kualitas oke kemudahan baik smga cocok,8,positive,0.75,50,0.0,0.25,0.0,0.0,0.0625,0,78.5
r*****o,"Desain:simple
Kemudahan:ok
Kualitas:biasa aja

Aku pikir bakal jd merah ke bibir ternyata ngg 😆",4.0,0.0,1738234716,desain simple kemudahan ok kualitas biasa aja aku pikir bakal jd merah ke bibir ternyata ngg,desain simple kemudahan ok kualitas biasa aja aku pikir bakal jd merah ke bibir ternyata ngg,16,neutral,0.55,92,0.0108695652173913,0.0,0.0,0.0,0.0027173913043478,0,45.96
jonitanady,"Desain:model menarik dan kekinian
Kemudahan:sangat praktis
Kualitas:belum tau hasilnya

Belum tau hasilnya karena baru satu hari dipake ,seperti kyk lipstik bibir jd sedikit basah ,mudah mudahan bagus dan ada efeknya buat menghilangkan warna hitam dibibir",4.0,0.0,1733989518,desain model menarik dan kekinian kemudahan sangat praktis kualitas belum tau hasilnya belum tau hasilnya karena baru satu hari dipake seperti kyk lipstik bibir jd sedikit basah mudah mudahan bagus dan ada efeknya buat menghilangkan warna hitam dibibir,desain model menarik dan kekinian kemudahan sangat praktis kualitas belum tau hasilnya belum tau hasilnya karena baru satu hari dipake seperti kyk lipstik bibir jd sedikit basah mudah mudahan bagus dan ada efeknya buat menghilangkan warna hitam dibibir,38,positive,0.75,252,0.0,0.2105263157894736,0.0,0.0,0.0526315789473684,0,74.8
a*****s,"Pelembab bibir, meringankan pecah2 pada bibir dan pengiriman cepat",5.0,2.0,1722299382,pelembab bibir meringankan pecah2 pada bibir dan pengiriman cepat,pelembab bibir meringankan pecah2 pada bibir dan pengiriman cepat,9,positive,0.75,65,0.0,0.2222222222222222,0.0,0.0,0.0555555555555555,0,82.23
,"goodlah
guna banget buat bibir biar nggak kering


oklah packingnya",5.0,2.0,1713252614,goodlah guna banget buat bibir biar nggak kering oklah packingnya,goodlah guna banget buat bibir biar nggak kering oklah packingnya,10,neutral,0.55,65,0.0307692307692307,0.0,0.0,0.0,0.0076923076923076,0,53.5
z5zsxe4njk,Gak ada perubahan dibibir,2.0,0.0,1765891684,gak ada perubahan dibibir,gak ada perubahan dibibir,4,neutral,0.55,25,0.0,0.0,0.0,0.0,0.0,0,38.0
tasharizantasharizan,,5.0,0.0,1758441990,,,1,neutral,0.55,0,0.0,0.0,0.0,0.0,0.6,1,11.0
rohim123830,,5.0,0.0,1765845091,,,1,neutral,0.55,0,0.0,0.0,0.0,0.0,0.6,1,11.0
yudamulyawan,Tidak sesuai gambar,3.0,0.0,1765750976,tidak sesuai gambar,tidak sesuai gambar,3,neutral,0.55,19,0.0,0.0,0.0,0.0,0.0,0,42.0
herubekti,,5.0,0.0,1765532712,,,1,neutral,0.55,0,0.0,0.0,0.0,0.0,0.6,1,11.0
rianalitores,,4.0,0.0,1765679353,,,1,neutral,0.55,0,0.0,0.0,0.0,0.0,0.6,1,10.12
a*****p,,3.0,0.0,1765724607,,,1,neutral,0.55,0,0.0,0.0,0.0,0.0,0.6,1,9.24
ekoagus96,"Kualitas:beda sama yg di foto

Pengiriman lama",3.0,0.0,1763092235,kualitas beda sama yg di foto pengiriman lama,kualitas beda sama yg di foto pengiriman lama,8,negative,0.75,45,0.0,0.0,0.0,0.0,0.0,0,12.0
mohamadihsan758,,5.0,0.0,1764418400,,,1,neutral,0.55,0,0.0,0.0,0.0,0.0,0.6,1,11.0
g*****6,Desain:modern,5.0,0.0,1752069641,desain modern,desain modern,2,neutral,0.55,13,0.0,0.0,0.0,0.0,0.2,0,47.0
riki_chans,,5.0,0.0,1751959495,,,1,neutral,0.55,0,0.0,0.0,0.0,0.0,0.6,1,11.0
asnawiwali,"Desain:bagus
Efek:membuat bibir jadi pink",5.0,0.0,1750042730,desain bagus efek membuat bibir jadi pink,desain bagus efek membuat bibir jadi pink,7,positive,0.75,41,0.0,0.0,0.0,0.0,0.0,0,80.0
zha.al078,Bagus!,5.0,1.0,1710364814,bagus,bagus,1,positive,0.75,5,0.0,0.0,0.4,0.0,0.72,1,15.07
mutiiiiiiiiiiii22,,5.0,0.0,1733745083,,,1,neutral,0.55,0,0.0,0.0,0.0,0.0,0.6,1,11.0
nogodnogood.world,"Manfaat:bibir
Kemasan:aman",5.0,0.0,1715171142,manfaat bibir kemasan aman,manfaat bibir kemasan aman,4,neutral,0.55,26,0.0384615384615384,0.0,0.0,0.0,0.0096153846153846,0,49.86
z*****6,,5.0,0.0,1712052276,,,1,neutral,0.55,0,0.0,0.0,0.0,0.0,0.6,1,11.0
dewabagusbayuraditiya,,5.0,0.0,1715327373,,,1,neutral,0.55,0,0.0,0.0,0.0,0.0,0.6,1,11.0
d*****i,,5.0,0.0,1728707398,,,1,neutral,0.55,0,0.0,0.0,0.0,0.0,0.6,1,11.0
bayusetiawan1698,,5.0,0.0,1739003897,,,1,neutral,0.55,0,0.0,0.0,0.0,0.0,0.6,1,11.0
m*****u,,5.0,0.0,1728887550,,,1,neutral,0.55,0,0.0,0.0,0.0,0.0,0.6,1,11.0
danavis,,5.0,0.0,1724826234,,,1,neutral,0.55,0,0.0,0.0,0.0,0.0,0.6,1,11.0
azriel242,,5.0,0.0,1726898588,,,1,neutral,0.55,0,0.0,0.0,0.0,0.0,0.6,1,11.0
a_badistore,,5.0,0.0,1739458162,,,1,neutral,0.55,0,0.0,0.0,0.0,0.0,0.6,1,11.0
j*****7,,5.0,0.0,1736059300,,,1,neutral,0.55,0,0.0,0.0,0.0,0.0,0.6,1,11.0
marcuscorrynthians,,4.0,0.0,1717628833,,,1,neutral,0.55,0,0.0,0.0,0.0,0.0,0.6,1,10.12
harun.91,,5.0,0.0,1720106772,,,1,neutral,0.55,0,0.0,0.0,0.0,0.0,0.6,1,11.0
hadyanchandragiri,,5.0,0.0,1727091875,,,1,neutral,0.55,0,0.0,0.0,0.0,0.0,0.6,1,11.0
emil.muslim13,,5.0,0.0,1737733541,,,1,neutral,0.55,0,0.0,0.0,0.0,0.0,0.6,1,11.0
dodyii702,,4.0,1.0,1723701845,,,1,neutral,0.55,0,0.0,0.0,0.0,0.0,0.6,1,10.54
yashinta_aprista,,5.0,0.0,1728005271,,,1,neutral,0.55,0,0.0,0.0,0.0,0.0,0.6,1,11.0
agam1610,,5.0,0.0,1724137074,,,1,neutral,0.55,0,0.0,0.0,0.0,0.0,0.6,1,11.0
siti_rohmah582,,5.0,0.0,1718062116,,,1,neutral,0.55,0,0.0,0.0,0.0,0.0,0.6,1,11.0
ps_hydromatic,,5.0,0.0,1723776742,,,1,neutral,0.55,0,0.0,0.0,0.0,0.0,0.6,1,11.0
pahruroji44,,4.0,0.0,1718267233,,,1,neutral,0.55,0,0.0,0.0,0.0,0.0,0.6,1,10.12
fariz_baadillah,,5.0,0.0,1713352798,,,1,neutral,0.55,0,0.0,0.0,0.0,0.0,0.6,1,11.0
nanangkochimbae,,4.0,0.0,1721121000,,,1,neutral,0.55,0,0.0,0.0,0.0,0.0,0.6,1,10.12
ridwansetiawanfauzi,,5.0,0.0,1724669797,,,1,neutral,0.55,0,0.0,0.0,0.0,0.0,0.6,1,11.0
nikowijaya12,,5.0,0.0,1738648719,,,1,neutral,0.55,0,0.0,0.0,0.0,0.0,0.6,1,11.0
eazmv78ioz,,5.0,0.0,1738739195,,,1,neutral,0.55,0,0.0,0.0,0.0,0.0,0.6,1,11.0
akmaljalaaluddiin,,5.0,0.0,1739011619,,,1,neutral,0.55,0,0.0,0.0,0.0,0.0,0.6,1,11.0
matakukecil,,5.0,0.0,1739575452,,,1,neutral,0.55,0,0.0,0.0,0.0,0.0,0.6,1,11.0
septian_william21,,5.0,0.0,1739419530,,,1,neutral,0.55,0,0.0,0.0,0.0,0.0,0.6,1,11.0
_wur48rpvi,,5.0,0.0,1739540731,,,1,neutral,0.55,0,0.0,0.0,0.0,0.0,0.6,1,11.0
andik_311001,,5.0,0.0,1739405243,,,1,neutral,0.55,0,0.0,0.0,0.0,0.0,0.6,1,11.0
aulia091202nusi,,5.0,0.0,1720358047,,,1,neutral,0.55,0,0.0,0.0,0.0,0.0,0.6,1,11.0
,,5.0,0.0,1720437170,,,1,neutral,0.55,0,0.0,0.0,0.0,0.0,0.6,1,11.0
6qf3trq3xf,,5.0,0.0,1720504701,,,1,neutral,0.55,0,0.0,0.0,0.0,0.0,0.6,1,11.0
fikrianwar39,,5.0,0.0,1720060255,,,1,neutral,0.55,0,0.0,0.0,0.0,0.0,0.6,1,11.0
d5yt5beu17,,5.0,0.0,1714987253,,,1,neutral,0.55,0,0.0,0.0,0.0,0.0,0.6,1,11.0
damarhabibi673,,5.0,0.0,1714219523,,,1,neutral,0.55,0,0.0,0.0,0.0,0.0,0.6,1,11.0
royq4jln4g,,5.0,0.0,1716852128,,,1,neutral,0.55,0,0.0,0.0,0.0,0.0,0.6,1,11.0
aswansuli,,5.0,0.0,1717726099,,,1,neutral,0.55,0,0.0,0.0,0.0,0.0,0.6,1,11.0
gqylvvxc9k,,5.0,0.0,1721011904,,,1,neutral,0.55,0,0.0,0.0,0.0,0.0,0.6,1,11.0
m.yudan99,,5.0,0.0,1721033099,,,1,neutral,0.55,0,0.0,0.0,0.0,0.0,0.6,1,11.0
rwinasution,,5.0,0.0,1723368515,,,1,neutral,0.55,0,0.0,0.0,0.0,0.0,0.6,1,11.0
wstebicgak,,5.0,0.0,1723462376,,,1,neutral,0.55,0,0.0,0.0,0.0,0.0,0.6,1,11.0
kuskus125,,5.0,0.0,1723612401,,,1,neutral,0.55,0,0.0,0.0,0.0,0.0,0.6,1,11.0
aderaka1922,,5.0,0.0,1724009400,,,1,neutral,0.55,0,0.0,0.0,0.0,0.0,0.6,1,11.0
ferryfrry,,5.0,0.0,1724481486,,,1,neutral,0.55,0,0.0,0.0,0.0,0.0,0.6,1,11.0
adenmaulana188,,5.0,0.0,1724488276,,,1,neutral,0.55,0,0.0,0.0,0.0,0.0,0.6,1,11.0
r6v3za5zj1,,5.0,0.0,1724946353,,,1,neutral,0.55,0,0.0,0.0,0.0,0.0,0.6,1,11.0
idadhudaya,,5.0,0.0,1724736666,,,1,neutral,0.55,0,0.0,0.0,0.0,0.0,0.6,1,11.0
yuddyudhapratama,,5.0,0.0,1724760175,,,1,neutral,0.55,0,0.0,0.0,0.0,0.0,0.6,1,11.0
nbbn7572mg,,5.0,0.0,1725292669,,,1,neutral,0.55,0,0.0,0.0,0.0,0.0,0.6,1,11.0
cacahayadewi,,5.0,0.0,1725517773,,,1,neutral,0.55,0,0.0,0.0,0.0,0.0,0.6,1,11.0
regheezt,,5.0,0.0,1726222856,,,1,neutral,0.55,0,0.0,0.0,0.0,0.0,0.6,1,11.0
tvxxphzt19,,5.0,0.0,1726462275,,,1,neutral,0.55,0,0.0,0.0,0.0,0.0,0.6,1,11.0
vkloj15our,,5.0,0.0,1727026941,,,1,neutral,0.55,0,0.0,0.0,0.0,0.0,0.6,1,11.0
latippirman819,,5.0,0.0,1737008370,,,1,neutral,0.55,0,0.0,0.0,0.0,0.0,0.6,1,11.0
zulakbar774,,5.0,0.0,1737706777,,,1,neutral,0.55,0,0.0,0.0,0.0,0.0,0.6,1,11.0
padekeblex,,5.0,0.0,1737634442,,,1,neutral,0.55,0,0.0,0.0,0.0,0.0,0.6,1,11.0
inisialr567,,5.0,0.0,1737418155,,,1,neutral,0.55,0,0.0,0.0,0.0,0.0,0.6,1,11.0
irmayani27_,,5.0,0.0,1737462566,,,1,neutral,0.55,0,0.0,0.0,0.0,0.0,0.6,1,11.0
ridhokurniawan45,,5.0,0.0,1737856679,,,1,neutral,0.55,0,0.0,0.0,0.0,0.0,0.6,1,11.0
lalakhau,,5.0,0.0,1737514710,,,1,neutral,0.55,0,0.0,0.0,0.0,0.0,0.6,1,11.0
radhitradiy302,,5.0,0.0,1719823083,,,1,neutral,0.55,0,0.0,0.0,0.0,0.0,0.6,1,11.0
muhammadrizkyramadhanzai,,5.0,0.0,1713544790,,,1,neutral,0.55,0,0.0,0.0,0.0,0.0,0.6,1,11.0
bejoel18,,5.0,0.0,1715187614,,,1,neutral,0.55,0,0.0,0.0,0.0,0.0,0.6,1,11.0
andika_mv221,,5.0,0.0,1715086969,,,1,neutral,0.55,0,0.0,0.0,0.0,0.0,0.6,1,11.0
dikabee925,,5.0,0.0,1714043340,,,1,neutral,0.55,0,0.0,0.0,0.0,0.0,0.6,1,11.0
fathurrifqy1,,5.0,0.0,1716462466,,,1,neutral,0.55,0,0.0,0.0,0.0,0.0,0.6,1,11.0
aldarasyangelina,,5.0,0.0,1718318110,,,1,neutral,0.55,0,0.0,0.0,0.0,0.0,0.6,1,11.0
imamsyatria,,5.0,0.0,1722871121,,,1,neutral,0.55,0,0.0,0.0,0.0,0.0,0.6,1,11.0
dede_yana07,,5.0,0.0,1723021544,,,1,neutral,0.55,0,0.0,0.0,0.0,0.0,0.6,1,11.0
saputraboysofslow,,5.0,0.0,1723538573,,,1,neutral,0.55,0,0.0,0.0,0.0,0.0,0.6,1,11.0
dedichandraharahap,,5.0,0.0,1723771830,,,1,neutral,0.55,0,0.0,0.0,0.0,0.0,0.6,1,11.0
alantzy942,,5.0,0.0,1724035927,,,1,neutral,0.55,0,0.0,0.0,0.0,0.0,0.6,1,11.0
asep.satria1985,,5.0,0.0,1725098018,,,1,neutral,0.55,0,0.0,0.0,0.0,0.0,0.6,1,11.0
hendrakaluku417,,5.0,0.0,1727751619,,,1,neutral,0.55,0,0.0,0.0,0.0,0.0,0.6,1,11.0
4ix7tvx6ue,,5.0,0.0,1736766408,,,1,neutral,0.55,0,0.0,0.0,0.0,0.0,0.6,1,11.0
denisdit093,,5.0,0.0,1736723783,,,1,neutral,0.55,0,0.0,0.0,0.0,0.0,0.6,1,11.0
cilukbaaaaa280401,,5.0,0.0,1736964519,,,1,neutral,0.55,0,0.0,0.0,0.0,0.0,0.6,1,11.0
bijikkali,,5.0,0.0,1737022084,,,1,neutral,0.55,0,0.0,0.0,0.0,0.0,0.6,1,11.0
anggawidiantowidianto,,5.0,0.0,1737178406,,,1,neutral,0.55,0,0.0,0.0,0.0,0.0,0.6,1,11.0
al0u6e5xan,,5.0,0.0,1737540111,,,1,neutral,0.55,0,0.0,0.0,0.0,0.0,0.6,1,11.0
suryadiramadhan553,,5.0,0.0,1737929948,,,1,neutral,0.55,0,0.0,0.0,0.0,0.0,0.6,1,11.0
shendy_136,,5.0,0.0,1735960905,,,1,neutral,0.55,0,0.0,0.0,0.0,0.0,0.6,1,11.0
arifbudiman97,,5.0,0.0,1736015730,,,1,neutral,0.55,0,0.0,0.0,0.0,0.0,0.6,1,11.0
hakohl_g0t,,5.0,0.0,1737359106,,,1,neutral,0.55,0,0.0,0.0,0.0,0.0,0.6,1,11.0
fajarfajar211,,5.0,0.0,1738107066,,,1,neutral,0.55,0,0.0,0.0,0.0,0.0,0.6,1,11.0
adrivalbayupratama,,5.0,0.0,1738138774,,,1,neutral,0.55,0,0.0,0.0,0.0,0.0,0.6,1,11.0
mhmmdizazi,,4.0,0.0,1720601066,,,1,neutral,0.55,0,0.0,0.0,0.0,0.0,0.6,1,10.12
rahmadin1414,,4.0,0.0,1714458855,,,1,neutral,0.55,0,0.0,0.0,0.0,0.0,0.6,1,10.12
benifati_gulo99,,4.0,0.0,1721177552,,,1,neutral,0.55,0,0.0,0.0,0.0,0.0,0.6,1,10.12
rosyidinsaputra,,4.0,0.0,1726373539,,,1,neutral,0.55,0,0.0,0.0,0.0,0.0,0.6,1,10.12
raeaa_10,,4.0,0.0,1727306714,,,1,neutral,0.55,0,0.0,0.0,0.0,0.0,0.6,1,10.12
syahrulfazar20,,4.0,0.0,1736940525,,,1,neutral,0.55,0,0.0,0.0,0.0,0.0,0.6,1,10.12
kokokomarudin780,,4.0,0.0,1737093328,,,1,neutral,0.55,0,0.0,0.0,0.0,0.0,0.6,1,10.12
riann004,,4.0,0.0,1713762364,,,1,neutral,0.55,0,0.0,0.0,0.0,0.0,0.6,1,10.12
sumarno_tm,,4.0,0.0,1716009449,,,1,neutral,0.55,0,0.0,0.0,0.0,0.0,0.6,1,10.12
ardirungkad,,4.0,0.0,1721230512,,,1,neutral,0.55,0,0.0,0.0,0.0,0.0,0.6,1,10.12
taliban09,,4.0,0.0,1723361248,,,1,neutral,0.55,0,0.0,0.0,0.0,0.0,0.6,1,10.12
muhamadefendi069,,4.0,0.0,1727068538,,,1,neutral,0.55,0,0.0,0.0,0.0,0.0,0.6,1,10.12
albertussaverino,,4.0,0.0,1736655351,,,1,neutral,0.55,0,0.0,0.0,0.0,0.0,0.6,1,10.12
langgengmulyadi93,,4.0,0.0,1737809136,,,1,neutral,0.55,0,0.0,0.0,0.0,0.0,0.6,1,10.12
eko6791,,3.0,0.0,1738648909,,,1,neutral,0.55,0,0.0,0.0,0.0,0.0,0.6,1,9.24
_ss3u2c_a4,,3.0,0.0,1720099400,,,1,neutral,0.55,0,0.0,0.0,0.0,0.0,0.6,1,9.24
hajiodi,,3.0,0.0,1725000477,,,1,neutral,0.55,0,0.0,0.0,0.0,0.0,0.6,1,9.24
faisaldhimas,,3.0,0.0,1736814358,,,1,neutral,0.55,0,0.0,0.0,0.0,0.0,0.6,1,9.24
akbarz18,,3.0,0.0,1713675095,,,1,neutral,0.55,0,0.0,0.0,0.0,0.0,0.6,1,9.24
sepah,,3.0,0.0,1738414633,,,1,neutral,0.55,0,0.0,0.0,0.0,0.0,0.6,1,9.24
ilhammmyrz,,2.0,0.0,1727132945,,,1,neutral,0.55,0,0.0,0.0,0.0,0.0,0.6,1,8.36
aw5bgcg8mf,,1.0,0.0,1739331853,,,1,neutral,0.55,0,0.0,0.0,0.0,0.0,0.6,1,7.48
rahmat_adi89,,1.0,0.0,1716161266,,,1,neutral,0.55,0,0.0,0.0,0.0,0.0,0.6,1,7.48
rafli.deden.juniardi,Good,5.0,0.0,1700008790,good,good,1,neutral,0.55,4,0.25,0.0,0.2,0.0,0.7224999999999999,1,9.16
rully051163,,5.0,0.0,1739433134,,,1,neutral,0.55,0,0.0,0.0,0.0,0.0,0.6,1,11.0
ujangsuryadi08,,5.0,0.0,1735821485,,,1,neutral,0.55,0,0.0,0.0,0.0,0.0,0.6,1,11.0
agus_du,,5.0,0.0,1739287292,,,1,neutral,0.55,0,0.0,0.0,0.0,0.0,0.6,1,11.0
rowbeeen,,5.0,0.0,1728995031,,,1,neutral,0.55,0,0.0,0.0,0.0,0.0,0.6,1,11.0
baitulrizki,,5.0,0.0,1735266221,,,1,neutral,0.55,0,0.0,0.0,0.0,0.0,0.6,1,11.0
h*****n,,5.0,0.0,1736139243,,,1,neutral,0.55,0,0.0,0.0,0.0,0.0,0.6,1,11.0
teukusyarief,,5.0,0.0,1732106488,,,1,neutral,0.55,0,0.0,0.0,0.0,0.0,0.6,1,11.0
r*****7,,5.0,0.0,1733917950,,,1,neutral,0.55,0,0.0,0.0,0.0,0.0,0.6,1,11.0
purwantorayan67,,4.0,0.0,1736599641,,,1,neutral,0.55,0,0.0,0.0,0.0,0.0,0.6,1,10.12
dimaskenda,,5.0,0.0,1735721052,,,1,neutral,0.55,0,0.0,0.0,0.0,0.0,0.6,1,11.0
munahar70974,,5.0,0.0,1740029349,,,1,neutral,0.55,0,0.0,0.0,0.0,0.0,0.6,1,11.0
put_291,,5.0,0.0,1738716959,,,1,neutral,0.55,0,0.0,0.0,0.0,0.0,0.6,1,11.0
wahyupratama000,,5.0,1.0,1735983466,,,1,neutral,0.55,0,0.0,0.0,0.0,0.0,0.6,1,11.42
fitrii2018,,5.0,0.0,1733310629,,,1,neutral,0.55,0,0.0,0.0,0.0,0.0,0.6,1,11.0
kliwonajaib,,4.0,0.0,1733188584,,,1,neutral,0.55,0,0.0,0.0,0.0,0.0,0.6,1,10.12
anton_sujarwo20,,5.0,0.0,1733314099,,,1,neutral,0.55,0,0.0,0.0,0.0,0.0,0.6,1,11.0
o*****y,,5.0,0.0,1732200556,,,1,neutral,0.55,0,0.0,0.0,0.0,0.0,0.6,1,11.0
f*****i,,4.0,0.0,1735363526,,,1,neutral,0.55,0,0.0,0.0,0.0,0.0,0.6,1,10.12
hendrayantiisye,,5.0,0.0,1733124874,,,1,neutral,0.55,0,0.0,0.0,0.0,0.0,0.6,1,11.0
agil_baskhara,,5.0,0.0,1722420011,,,1,neutral,0.55,0,0.0,0.0,0.0,0.0,0.6,1,11.0
rio160399,,5.0,0.0,1734086883,,,1,neutral,0.55,0,0.0,0.0,0.0,0.0,0.6,1,11.0
fachrie.muhammad,,5.0,0.0,1739472362,,,1,neutral,0.55,0,0.0,0.0,0.0,0.0,0.6,1,11.0
aryakemuning13,,5.0,0.0,1731391926,,,1,neutral,0.55,0,0.0,0.0,0.0,0.0,0.6,1,11.0
indatamiadwiratih,,5.0,0.0,1736312957,,,1,neutral,0.55,0,0.0,0.0,0.0,0.0,0.6,1,11.0
oches.a,,5.0,0.0,1731733675,,,1,neutral,0.55,0,0.0,0.0,0.0,0.0,0.6,1,11.0
andrepanca11,,5.0,0.0,1735790715,,,1,neutral,0.55,0,0.0,0.0,0.0,0.0,0.6,1,11.0
arya1905,,5.0,0.0,1738483830,,,1,neutral,0.55,0,0.0,0.0,0.0,0.0,0.6,1,11.0
jerrysepianto,,5.0,0.0,1733234264,,,1,neutral,0.55,0,0.0,0.0,0.0,0.0,0.6,1,11.0
valentantonio772,,5.0,0.0,1739767546,,,1,neutral,0.55,0,0.0,0.0,0.0,0.0,0.6,1,11.0
nbsmandiri,,5.0,0.0,1740302806,,,1,neutral,0.55,0,0.0,0.0,0.0,0.0,0.6,1,11.0
go13lv_dm_,,5.0,0.0,1739352816,,,1,neutral,0.55,0,0.0,0.0,0.0,0.0,0.6,1,11.0
pooh456,,5.0,0.0,1739685957,,,1,neutral,0.55,0,0.0,0.0,0.0,0.0,0.6,1,11.0
_k7bregozm,,5.0,0.0,1739451983,,,1,neutral,0.55,0,0.0,0.0,0.0,0.0,0.6,1,11.0
rendiyaldo892,,5.0,0.0,1739340960,,,1,neutral,0.55,0,0.0,0.0,0.0,0.0,0.6,1,11.0
wahyuni7893,,5.0,0.0,1739713610,,,1,neutral,0.55,0,0.0,0.0,0.0,0.0,0.6,1,11.0
irfanramadhan813,,5.0,0.0,1730198280,,,1,neutral,0.55,0,0.0,0.0,0.0,0.0,0.6,1,11.0
andrigunawan502,,5.0,0.0,1731848442,,,1,neutral,0.55,0,0.0,0.0,0.0,0.0,0.6,1,11.0
jemekite866,,5.0,0.0,1732029402,,,1,neutral,0.55,0,0.0,0.0,0.0,0.0,0.6,1,11.0
mrf.23,,5.0,0.0,1732018418,,,1,neutral,0.55,0,0.0,0.0,0.0,0.0,0.6,1,11.0
ferdielborneo,,5.0,0.0,1732087986,,,1,neutral,0.55,0,0.0,0.0,0.0,0.0,0.6,1,11.0
muhammad_luki_firmansyah,,5.0,0.0,1732372485,,,1,neutral,0.55,0,0.0,0.0,0.0,0.0,0.6,1,11.0
zavinawavira961,,5.0,0.0,1732443127,,,1,neutral,0.55,0,0.0,0.0,0.0,0.0,0.6,1,11.0
chuazhilong,,5.0,0.0,1732540696,,,1,neutral,0.55,0,0.0,0.0,0.0,0.0,0.6,1,11.0
bcfgdhsm1m,,5.0,0.0,1732710777,,,1,neutral,0.55,0,0.0,0.0,0.0,0.0,0.6,1,11.0
ramasatria905,,5.0,0.0,1733399090,,,1,neutral,0.55,0,0.0,0.0,0.0,0.0,0.6,1,11.0
4a93j66ycy,,5.0,0.0,1733405409,,,1,neutral,0.55,0,0.0,0.0,0.0,0.0,0.6,1,11.0
5c3am1gle8,,5.0,0.0,1733404486,,,1,neutral,0.55,0,0.0,0.0,0.0,0.0,0.6,1,11.0
chenpatty123,,5.0,0.0,1732154512,,,1,neutral,0.55,0,0.0,0.0,0.0,0.0,0.6,1,11.0
asepsomantri685,,5.0,0.0,1732115745,,,1,neutral,0.55,0,0.0,0.0,0.0,0.0,0.6,1,11.0
aldo_budiansyah,,5.0,0.0,1733041852,,,1,neutral,0.55,0,0.0,0.0,0.0,0.0,0.6,1,11.0
khusnulabid948,,5.0,0.0,1734016109,,,1,neutral,0.55,0,0.0,0.0,0.0,0.0,0.6,1,11.0
ob_r1o1u7r,,5.0,0.0,1733736349,,,1,neutral,0.55,0,0.0,0.0,0.0,0.0,0.6,1,11.0
y0ndxonntv,,5.0,0.0,1733846663,,,1,neutral,0.55,0,0.0,0.0,0.0,0.0,0.6,1,11.0
adityatiya325,,5.0,0.0,1733892487,,,1,neutral,0.55,0,0.0,0.0,0.0,0.0,0.6,1,11.0
wb32lj5x5u,,5.0,0.0,1735442469,,,1,neutral,0.55,0,0.0,0.0,0.0,0.0,0.6,1,11.0
munmakmun,,5.0,0.0,1734613814,,,1,neutral,0.55,0,0.0,0.0,0.0,0.0,0.6,1,11.0
x02042002,,5.0,0.0,1734743196,,,1,neutral,0.55,0,0.0,0.0,0.0,0.0,0.6,1,11.0
kamilalfikri610,,5.0,0.0,1734720629,,,1,neutral,0.55,0,0.0,0.0,0.0,0.0,0.6,1,11.0
munaw20,,5.0,0.0,1736077475,,,1,neutral,0.55,0,0.0,0.0,0.0,0.0,0.6,1,11.0
6e_0i0opie,,5.0,0.0,1736266652,,,1,neutral,0.55,0,0.0,0.0,0.0,0.0,0.6,1,11.0
agitperdiana26,,5.0,0.0,1736251417,,,1,neutral,0.55,0,0.0,0.0,0.0,0.0,0.6,1,11.0
y*****7,,5.0,0.0,1736584096,,,1,neutral,0.55,0,0.0,0.0,0.0,0.0,0.6,1,11.0
z*****a,,5.0,0.0,1736729382,,,1,neutral,0.55,0,0.0,0.0,0.0,0.0,0.6,1,11.0
haeri.susanto,,5.0,0.0,1738054398,,,1,neutral,0.55,0,0.0,0.0,0.0,0.0,0.6,1,11.0
ahshsusjaja,,5.0,0.0,1737987895,,,1,neutral,0.55,0,0.0,0.0,0.0,0.0,0.6,1,11.0
alrashop,,5.0,0.0,1738919664,,,1,neutral,0.55,0,0.0,0.0,0.0,0.0,0.6,1,11.0
obinahrudin067,,5.0,0.0,1738383676,,,1,neutral,0.55,0,0.0,0.0,0.0,0.0,0.6,1,11.0
dickysisworo,,5.0,0.0,1739099322,,,1,neutral,0.55,0,0.0,0.0,0.0,0.0,0.6,1,11.0
7nlva8pw0v,,5.0,0.0,1739111276,,,1,neutral,0.55,0,0.0,0.0,0.0,0.0,0.6,1,11.0
mhdnaufal_12,,5.0,0.0,1721733687,,,1,neutral,0.55,0,0.0,0.0,0.0,0.0,0.6,1,11.0
edwinef,,5.0,0.0,1722411816,,,1,neutral,0.55,0,0.0,0.0,0.0,0.0,0.6,1,11.0
asepobi,,5.0,0.0,1722041255,,,1,neutral,0.55,0,0.0,0.0,0.0,0.0,0.6,1,11.0
bagasswjksnooo,,5.0,0.0,1731073210,,,1,neutral,0.55,0,0.0,0.0,0.0,0.0,0.6,1,11.0
ep26ibvf_3,,5.0,0.0,1731155002,,,1,neutral,0.55,0,0.0,0.0,0.0,0.0,0.6,1,11.0
adodoadodo232,,5.0,0.0,1731160624,,,1,neutral,0.55,0,0.0,0.0,0.0,0.0,0.6,1,11.0
aagunggumelar07,,5.0,0.0,1731391055,,,1,neutral,0.55,0,0.0,0.0,0.0,0.0,0.6,1,11.0
a*****8,,5.0,0.0,1731767477,,,1,neutral,0.55,0,0.0,0.0,0.0,0.0,0.6,1,11.0
3se9zrhh7i,,5.0,0.0,1731819759,,,1,neutral,0.55,0,0.0,0.0,0.0,0.0,0.6,1,11.0
af89_genfw,,5.0,0.0,1731862991,,,1,neutral,0.55,0,0.0,0.0,0.0,0.0,0.6,1,11.0
japarsodik339,,5.0,0.0,1731797794,,,1,neutral,0.55,0,0.0,0.0,0.0,0.0,0.6,1,11.0
3pjwe5bsvr,,5.0,0.0,1731938879,,,1,neutral,0.55,0,0.0,0.0,0.0,0.0,0.6,1,11.0
putraanas054,,5.0,0.0,1732431764,,,1,neutral,0.55,0,0.0,0.0,0.0,0.0,0.6,1,11.0
rendycoolzcoolz,,5.0,0.0,1732627454,,,1,neutral,0.55,0,0.0,0.0,0.0,0.0,0.6,1,11.0
asepsundhanese03,,5.0,0.0,1733397994,,,1,neutral,0.55,0,0.0,0.0,0.0,0.0,0.6,1,11.0
oneofrahma1,,5.0,0.0,1733329656,,,1,neutral,0.55,0,0.0,0.0,0.0,0.0,0.6,1,11.0
_gfyr9syhd,,5.0,0.0,1733187719,,,1,neutral,0.55,0,0.0,0.0,0.0,0.0,0.6,1,11.0
jesiktc,,5.0,0.0,1733133704,,,1,neutral,0.55,0,0.0,0.0,0.0,0.0,0.6,1,11.0
rezaalwikobra,,5.0,0.0,1733652153,,,1,neutral,0.55,0,0.0,0.0,0.0,0.0,0.6,1,11.0
miswadimiswadi419,,5.0,0.0,1733640552,,,1,neutral,0.55,0,0.0,0.0,0.0,0.0,0.6,1,11.0
ahmadfanalis,,5.0,0.0,1733735843,,,1,neutral,0.55,0,0.0,0.0,0.0,0.0,0.6,1,11.0
hajafhajaf,,5.0,0.0,1734215399,,,1,neutral,0.55,0,0.0,0.0,0.0,0.0,0.6,1,11.0
yopinurjaman,,5.0,0.0,1734186267,,,1,neutral,0.55,0,0.0,0.0,0.0,0.0,0.6,1,11.0
dindajuwita255,,5.0,0.0,1735229658,,,1,neutral,0.55,0,0.0,0.0,0.0,0.0,0.6,1,11.0
henay2807,,5.0,0.0,1735637279,,,1,neutral,0.55,0,0.0,0.0,0.0,0.0,0.6,1,11.0
rifqihelmi212,,5.0,0.0,1735695628,,,1,neutral,0.55,0,0.0,0.0,0.0,0.0,0.6,1,11.0
rykyedoyz,,5.0,0.0,1734578564,,,1,neutral,0.55,0,0.0,0.0,0.0,0.0,0.6,1,11.0
ezn46_hjcu,,5.0,0.0,1734774626,,,1,neutral,0.55,0,0.0,0.0,0.0,0.0,0.6,1,11.0
aldialdisetiawan607,,5.0,0.0,1736305661,,,1,neutral,0.55,0,0.0,0.0,0.0,0.0,0.6,1,11.0
insannurrahman29,,5.0,0.0,1736314656,,,1,neutral,0.55,0,0.0,0.0,0.0,0.0,0.6,1,11.0
desmonprasetiasesfao,,5.0,0.0,1736325447,,,1,neutral,0.55,0,0.0,0.0,0.0,0.0,0.6,1,11.0
ismailsulaiman001,,5.0,0.0,1736266762,,,1,neutral,0.55,0,0.0,0.0,0.0,0.0,0.6,1,11.0
inianania,,5.0,0.0,1738242448,,,1,neutral,0.55,0,0.0,0.0,0.0,0.0,0.6,1,11.0
ibaaahnich,,5.0,0.0,1738027940,,,1,neutral,0.55,0,0.0,0.0,0.0,0.0,0.6,1,11.0
i4e673sczc,,5.0,0.0,1737977164,,,1,neutral,0.55,0,0.0,0.0,0.0,0.0,0.6,1,11.0
mariogiovanni09,,5.0,0.0,1738680746,,,1,neutral,0.55,0,0.0,0.0,0.0,0.0,0.6,1,11.0
mukhbitizzu,,5.0,0.0,1738723688,,,1,neutral,0.55,0,0.0,0.0,0.0,0.0,0.6,1,11.0
vionanda,,5.0,0.0,1738986280,,,1,neutral,0.55,0,0.0,0.0,0.0,0.0,0.6,1,11.0
novaafandi25,,5.0,0.0,1738986645,,,1,neutral,0.55,0,0.0,0.0,0.0,0.0,0.6,1,11.0
untunghartono694,,5.0,0.0,1738942182,,,1,neutral,0.55,0,0.0,0.0,0.0,0.0,0.6,1,11.0
minarto95,,5.0,0.0,1738324017,,,1,neutral,0.55,0,0.0,0.0,0.0,0.0,0.6,1,11.0
bayuprawijaya,,5.0,0.0,1738481875,,,1,neutral,0.55,0,0.0,0.0,0.0,0.0,0.6,1,11.0
ferrizfirmansyah,,5.0,0.0,1739089258,,,1,neutral,0.55,0,0.0,0.0,0.0,0.0,0.6,1,11.0
haikalmalik516,,4.0,0.0,1740064069,,,1,neutral,0.55,0,0.0,0.0,0.0,0.0,0.6,1,10.12
farelleotvtravelofficial,,4.0,0.0,1740273497,,,1,neutral,0.55,0,0.0,0.0,0.0,0.0,0.6,1,10.12
,,4.0,0.0,1740160851,,,1,neutral,0.55,0,0.0,0.0,0.0,0.0,0.6,1,10.12
ipananarki,,4.0,0.0,1740412444,,,1,neutral,0.55,0,0.0,0.0,0.0,0.0,0.6,1,10.12
jhonsitoruss,,4.0,0.0,1731753425,,,1,neutral,0.55,0,0.0,0.0,0.0,0.0,0.6,1,10.12
6lcldkylgz,,4.0,0.0,1732455456,,,1,neutral,0.55,0,0.0,0.0,0.0,0.0,0.6,1,10.12
pashariswandinata,,4.0,0.0,1733121101,,,1,neutral,0.55,0,0.0,0.0,0.0,0.0,0.6,1,10.12
fransaditya893,,4.0,0.0,1734134495,,,1,neutral,0.55,0,0.0,0.0,0.0,0.0,0.6,1,10.12
,,4.0,0.0,1734449671,,,1,neutral,0.55,0,0.0,0.0,0.0,0.0,0.6,1,10.12
enengparida,,4.0,0.0,1734960216,,,1,neutral,0.55,0,0.0,0.0,0.0,0.0,0.6,1,10.12
satria19990,,4.0,0.0,1738747955,,,1,neutral,0.55,0,0.0,0.0,0.0,0.0,0.6,1,10.12
wahyuindrakusuma220120,,4.0,0.0,1738304630,,,1,neutral,0.55,0,0.0,0.0,0.0,0.0,0.6,1,10.12
firmanhidayat323,,4.0,0.0,1722517118,,,1,neutral,0.55,0,0.0,0.0,0.0,0.0,0.6,1,10.12
bgfikra886,,4.0,0.0,1732622952,,,1,neutral,0.55,0,0.0,0.0,0.0,0.0,0.6,1,10.12
p5hb6y8f3t,,4.0,0.0,1732801362,,,1,neutral,0.55,0,0.0,0.0,0.0,0.0,0.6,1,10.12
syahrulsyahrul143,,4.0,0.0,1729953103,,,1,neutral,0.55,0,0.0,0.0,0.0,0.0,0.6,1,10.12
chntkugqmr,,4.0,0.0,1734346534,,,1,neutral,0.55,0,0.0,0.0,0.0,0.0,0.6,1,10.12
safaukasyah,,4.0,0.0,1735236899,,,1,neutral,0.55,0,0.0,0.0,0.0,0.0,0.6,1,10.12
c*****i,,4.0,0.0,1734514450,,,1,neutral,0.55,0,0.0,0.0,0.0,0.0,0.6,1,10.12
surahmat2023386,,4.0,0.0,1738917752,,,1,neutral,0.55,0,0.0,0.0,0.0,0.0,0.6,1,10.12
boycasper05,,3.0,0.0,1731825216,,,1,neutral,0.55,0,0.0,0.0,0.0,0.0,0.6,1,9.24
zainiali507,,3.0,0.0,1733258176,,,1,neutral,0.55,0,0.0,0.0,0.0,0.0,0.6,1,9.24
reyhanalvi,,3.0,0.0,1735800236,,,1,neutral,0.55,0,0.0,0.0,0.0,0.0,0.6,1,9.24
ayniaazzahromargareta,,3.0,0.0,1738330307,,,1,neutral,0.55,0,0.0,0.0,0.0,0.0,0.6,1,9.24
ardiyanto567,,3.0,0.0,1738933780,,,1,neutral,0.55,0,0.0,0.0,0.0,0.0,0.6,1,9.24
genji_mulet17,,3.0,0.0,1738919499,,,1,neutral,0.55,0,0.0,0.0,0.0,0.0,0.6,1,9.24
bahyfardayana,,3.0,0.0,1738371285,,,1,neutral,0.55,0,0.0,0.0,0.0,0.0,0.6,1,9.24
0d2tqjy_xn,,3.0,0.0,1733495122,,,1,neutral,0.55,0,0.0,0.0,0.0,0.0,0.6,1,9.24
arifinjaya77,,1.0,0.0,1733566270,,,1,neutral,0.55,0,0.0,0.0,0.0,0.0,0.6,1,7.48
yogapriyapadita,,2.0,0.0,1740312947,,,1,neutral,0.55,0,0.0,0.0,0.0,0.0,0.6,1,8.36
f6tsg8892o,,2.0,0.0,1740548049,,,1,neutral,0.55,0,0.0,0.0,0.0,0.0,0.6,1,8.36
2mpm5m4flk,,2.0,0.0,1738493268,,,1,neutral,0.55,0,0.0,0.0,0.0,0.0,0.6,1,8.36
gynygh963y,,1.0,0.0,1734264655,,,1,neutral,0.55,0,0.0,0.0,0.0,0.0,0.6,1,7.48
jdgayciwhp,,1.0,0.0,1735097472,,,1,neutral,0.55,0,0.0,0.0,0.0,0.0,0.6,1,7.48
alyarisnizam,,5.0,0.0,1712487618,,,1,neutral,0.55,0,0.0,0.0,0.0,0.0,0.6,1,11.0
kpc2r6b8oa,,5.0,0.0,1712432303,,,1,neutral,0.55,0,0.0,0.0,0.0,0.0,0.6,1,11.0
sahrindutt,,5.0,0.0,1712445105,,,1,neutral,0.55,0,0.0,0.0,0.0,0.0,0.6,1,11.0
r*****u,,5.0,0.0,1712154535,,,1,neutral,0.55,0,0.0,0.0,0.0,0.0,0.6,1,11.0
rino659,,5.0,0.0,1711860096,,,1,neutral,0.55,0,0.0,0.0,0.0,0.0,0.6,1,11.0
a*****b,,3.0,0.0,1711865293,,,1,neutral,0.55,0,0.0,0.0,0.0,0.0,0.6,1,9.24
rifkiifadillah,,5.0,0.0,1711741399,,,1,neutral,0.55,0,0.0,0.0,0.0,0.0,0.6,1,11.0
m.sarfudin,,3.0,0.0,1711594619,,,1,neutral,0.55,0,0.0,0.0,0.0,0.0,0.6,1,9.24
listylismawati,,5.0,0.0,1740449611,,,1,neutral,0.55,0,0.0,0.0,0.0,0.0,0.6,1,11.0
anderakece,,2.0,0.0,1711446638,,,1,neutral,0.55,0,0.0,0.0,0.0,0.0,0.6,1,8.36
winshci,,1.0,0.0,1711367527,,,1,neutral,0.55,0,0.0,0.0,0.0,0.0,0.6,1,7.48
js9nejqsy4,,4.0,0.0,1711190214,,,1,neutral,0.55,0,0.0,0.0,0.0,0.0,0.6,1,10.12
idiprimen21.store,,5.0,0.0,1711010661,,,1,neutral,0.55,0,0.0,0.0,0.0,0.0,0.6,1,11.0
a*****_,,5.0,0.0,1711017912,,,1,neutral,0.55,0,0.0,0.0,0.0,0.0,0.6,1,11.0
prima801,,5.0,0.0,1710906116,,,1,neutral,0.55,0,0.0,0.0,0.0,0.0,0.6,1,11.0
nazwan132dzulfaqih,,5.0,0.0,1710892923,,,1,neutral,0.55,0,0.0,0.0,0.0,0.0,0.6,1,11.0
hendra_wahyu123,,5.0,0.0,1710770266,,,1,neutral,0.55,0,0.0,0.0,0.0,0.0,0.6,1,11.0
bangapis821,,4.0,0.0,1710775022,,,1,neutral,0.55,0,0.0,0.0,0.0,0.0,0.6,1,10.12
kurniawa_bejo,,5.0,0.0,1710405668,,,1,neutral,0.55,0,0.0,0.0,0.0,0.0,0.6,1,11.0
3bj6gudjxx,,5.0,0.0,1710413196,,,1,neutral,0.55,0,0.0,0.0,0.0,0.0,0.6,1,11.0
saktialamsyah10,,5.0,0.0,1710362132,,,1,neutral,0.55,0,0.0,0.0,0.0,0.0,0.6,1,11.0
aandifarhan703,,5.0,0.0,1710310279,,,1,neutral,0.55,0,0.0,0.0,0.0,0.0,0.6,1,11.0
bungsu123456789,,5.0,0.0,1709821536,,,1,neutral,0.55,0,0.0,0.0,0.0,0.0,0.6,1,11.0
zakybdrzmn_,,5.0,0.0,1710099281,,,1,neutral,0.55,0,0.0,0.0,0.0,0.0,0.6,1,11.0
alimustofa.14,,5.0,0.0,1709977621,,,1,neutral,0.55,0,0.0,0.0,0.0,0.0,0.6,1,11.0
92c3o6df8y,,5.0,0.0,1709826375,,,1,neutral,0.55,0,0.0,0.0,0.0,0.0,0.6,1,11.0
jhonibatubara034,,5.0,0.0,1709770441,,,1,neutral,0.55,0,0.0,0.0,0.0,0.0,0.6,1,11.0
nuzulfahrurozi,,5.0,0.0,1709677949,,,1,neutral,0.55,0,0.0,0.0,0.0,0.0,0.6,1,11.0
chuzaini.moh,,5.0,0.0,1709448664,,,1,neutral,0.55,0,0.0,0.0,0.0,0.0,0.6,1,11.0
uohbz9xxq1,,5.0,0.0,1709555272,,,1,neutral,0.55,0,0.0,0.0,0.0,0.0,0.6,1,11.0
zanmhrrm,,5.0,0.0,1709540843,,,1,neutral,0.55,0,0.0,0.0,0.0,0.0,0.6,1,11.0
masoonk22,,5.0,0.0,1709464290,,,1,neutral,0.55,0,0.0,0.0,0.0,0.0,0.6,1,11.0
laditafebriantidita,,5.0,0.0,1709378567,,,1,neutral,0.55,0,0.0,0.0,0.0,0.0,0.6,1,11.0
rahmancibenk,,5.0,0.0,1709222101,,,1,neutral,0.55,0,0.0,0.0,0.0,0.0,0.6,1,11.0
r*****4,,5.0,0.0,1709025440,,,1,neutral,0.55,0,0.0,0.0,0.0,0.0,0.6,1,11.0
bagasharare,,4.0,0.0,1708867123,,,1,neutral,0.55,0,0.0,0.0,0.0,0.0,0.6,1,10.12
alipiyanur,,5.0,0.0,1709037780,,,1,neutral,0.55,0,0.0,0.0,0.0,0.0,0.6,1,11.0
akmalmaulana1129,,5.0,0.0,1708429222,,,1,neutral,0.55,0,0.0,0.0,0.0,0.0,0.6,1,11.0
rifai15_,,5.0,0.0,1708054229,,,1,neutral,0.55,0,0.0,0.0,0.0,0.0,0.6,1,11.0
taufiqlor123,,5.0,0.0,1708431686,,,1,neutral,0.55,0,0.0,0.0,0.0,0.0,0.6,1,11.0
riadhiputerasulung,,5.0,0.0,1707845501,,,1,neutral,0.55,0,0.0,0.0,0.0,0.0,0.6,1,11.0
k*****z,,5.0,0.0,1707911699,,,1,neutral,0.55,0,0.0,0.0,0.0,0.0,0.6,1,11.0
a*****n,,5.0,0.0,1707976199,,,1,neutral,0.55,0,0.0,0.0,0.0,0.0,0.6,1,11.0
burhanslepp,,5.0,0.0,1707976866,,,1,neutral,0.55,0,0.0,0.0,0.0,0.0,0.6,1,11.0
panjicakra204,,4.0,0.0,1707815505,,,1,neutral,0.55,0,0.0,0.0,0.0,0.0,0.6,1,10.12
yogasvenz,,5.0,0.0,1707638158,,,1,neutral,0.55,0,0.0,0.0,0.0,0.0,0.6,1,11.0
andideday,,4.0,0.0,1707564412,,,1,neutral,0.55,0,0.0,0.0,0.0,0.0,0.6,1,10.12
yudhasoedibyo,,5.0,0.0,1707555125,,,1,neutral,0.55,0,0.0,0.0,0.0,0.0,0.6,1,11.0
a*****m,,5.0,0.0,1707446581,,,1,neutral,0.55,0,0.0,0.0,0.0,0.0,0.6,1,11.0
harisetiawn13,,5.0,0.0,1706932206,,,1,neutral,0.55,0,0.0,0.0,0.0,0.0,0.6,1,11.0
ridhoabiyyu1,,5.0,0.0,1707301734,,,1,neutral,0.55,0,0.0,0.0,0.0,0.0,0.6,1,11.0
irfan_a76321,,5.0,0.0,1707209916,,,1,neutral,0.55,0,0.0,0.0,0.0,0.0,0.6,1,11.0
aldiiyusuf_,,5.0,0.0,1707119825,,,1,neutral,0.55,0,0.0,0.0,0.0,0.0,0.6,1,11.0
sholahuddin463,,5.0,0.0,1706497104,,,1,neutral,0.55,0,0.0,0.0,0.0,0.0,0.6,1,11.0
nurohimnurohim650,,5.0,0.0,1706419502,,,1,neutral,0.55,0,0.0,0.0,0.0,0.0,0.6,1,11.0
ibnuayubi037,,5.0,0.0,1706334348,,,1,neutral,0.55,0,0.0,0.0,0.0,0.0,0.6,1,11.0
ditz_taz,,3.0,0.0,1705583051,,,1,neutral,0.55,0,0.0,0.0,0.0,0.0,0.6,1,9.24
triwidodowidodo795,,5.0,0.0,1705896241,,,1,neutral,0.55,0,0.0,0.0,0.0,0.0,0.6,1,11.0
bambangsumarna02,,4.0,0.0,1705742566,,,1,neutral,0.55,0,0.0,0.0,0.0,0.0,0.6,1,10.12
sienazainal,,5.0,0.0,1705659412,,,1,neutral,0.55,0,0.0,0.0,0.0,0.0,0.6,1,11.0
yjkf0mlt0l,,5.0,0.0,1705401642,,,1,neutral,0.55,0,0.0,0.0,0.0,0.0,0.6,1,11.0
jenal_17,,5.0,0.0,1705214781,,,1,neutral,0.55,0,0.0,0.0,0.0,0.0,0.6,1,11.0
j*****l,,5.0,0.0,1704281908,,,1,neutral,0.55,0,0.0,0.0,0.0,0.0,0.6,1,11.0
sartaf30,,5.0,0.0,1704956420,,,1,neutral,0.55,0,0.0,0.0,0.0,0.0,0.6,1,11.0
ukgpklo4rf,,5.0,0.0,1704975107,,,1,neutral,0.55,0,0.0,0.0,0.0,0.0,0.6,1,11.0
ericf16,,5.0,0.0,1704723449,,,1,neutral,0.55,0,0.0,0.0,0.0,0.0,0.6,1,11.0
dans_sucipto,,5.0,0.0,1703599831,,,1,neutral,0.55,0,0.0,0.0,0.0,0.0,0.6,1,11.0
ifan183,,5.0,0.0,1704745971,,,1,neutral,0.55,0,0.0,0.0,0.0,0.0,0.6,1,11.0
durrahghaisani,,5.0,0.0,1704589451,,,1,neutral,0.55,0,0.0,0.0,0.0,0.0,0.6,1,11.0
raihanmazid,,5.0,0.0,1704531409,,,1,neutral,0.55,0,0.0,0.0,0.0,0.0,0.6,1,11.0
ekaaditya2004,,4.0,0.0,1704475908,,,1,neutral,0.55,0,0.0,0.0,0.0,0.0,0.6,1,10.12
cyx2o_yvq4,,5.0,0.0,1704393726,,,1,neutral,0.55,0,0.0,0.0,0.0,0.0,0.6,1,11.0
ftupb_yuvensiusmikoherti,,5.0,0.0,1704273344,,,1,neutral,0.55,0,0.0,0.0,0.0,0.0,0.6,1,11.0
biharfaujan895,,5.0,0.0,1704323495,,,1,neutral,0.55,0,0.0,0.0,0.0,0.0,0.6,1,11.0
a.supriatna88,,5.0,0.0,1702975482,,,1,neutral,0.55,0,0.0,0.0,0.0,0.0,0.6,1,11.0
muhammadyakub309,,1.0,0.0,1704388866,,,1,neutral,0.55,0,0.0,0.0,0.0,0.0,0.6,1,7.48
sofyan_sonjaya,,5.0,0.0,1702698645,,,1,neutral,0.55,0,0.0,0.0,0.0,0.0,0.6,1,11.0
k*****a,,5.0,0.0,1703822777,,,1,neutral,0.55,0,0.0,0.0,0.0,0.0,0.6,1,11.0
erdinumamul,,5.0,0.0,1703837956,,,1,neutral,0.55,0,0.0,0.0,0.0,0.0,0.6,1,11.0
swisfabilo,,5.0,0.0,1703234283,,,1,neutral,0.55,0,0.0,0.0,0.0,0.0,0.6,1,11.0
bintangomen,,5.0,0.0,1703687501,,,1,neutral,0.55,0,0.0,0.0,0.0,0.0,0.6,1,11.0
gie_part2,,5.0,0.0,1702974355,,,1,neutral,0.55,0,0.0,0.0,0.0,0.0,0.6,1,11.0
torez.biger666,,5.0,0.0,1703594116,,,1,neutral,0.55,0,0.0,0.0,0.0,0.0,0.6,1,11.0
tuya_anyoen,,5.0,0.0,1702710587,,,1,neutral,0.55,0,0.0,0.0,0.0,0.0,0.6,1,11.0
diannoor85,,5.0,0.0,1702448586,,,1,neutral,0.55,0,0.0,0.0,0.0,0.0,0.6,1,11.0
cimenk26,,4.0,0.0,1702944999,,,1,neutral,0.55,0,0.0,0.0,0.0,0.0,0.6,1,10.12
x*****9,,5.0,0.0,1702820459,,,1,neutral,0.55,0,0.0,0.0,0.0,0.0,0.6,1,11.0
ys7dyjl0kw,,5.0,0.0,1702662461,,,1,neutral,0.55,0,0.0,0.0,0.0,0.0,0.6,1,11.0
wapeng23,,5.0,1.0,1702220609,,,1,neutral,0.55,0,0.0,0.0,0.0,0.0,0.6,1,11.42
rahmadhaniwirantika,,3.0,0.0,1702781479,,,1,neutral,0.55,0,0.0,0.0,0.0,0.0,0.6,1,9.24
aan_vijar,,5.0,0.0,1702577293,,,1,neutral,0.55,0,0.0,0.0,0.0,0.0,0.6,1,11.0
accunursyamsu,,5.0,1.0,1702220620,,,1,neutral,0.55,0,0.0,0.0,0.0,0.0,0.6,1,11.42
wandi746,,5.0,0.0,1702266072,,,1,neutral,0.55,0,0.0,0.0,0.0,0.0,0.6,1,11.0
yahya_0490,,5.0,1.0,1701389923,,,1,neutral,0.55,0,0.0,0.0,0.0,0.0,0.6,1,11.42
tyo_23,,5.0,0.0,1699956118,,,1,neutral,0.55,0,0.0,0.0,0.0,0.0,0.6,1,11.0
langoslaw78,,5.0,1.0,1702220918,,,1,neutral,0.55,0,0.0,0.0,0.0,0.0,0.6,1,11.42
aqillafariza16385,,5.0,1.0,1702221044,,,1,neutral,0.55,0,0.0,0.0,0.0,0.0,0.6,1,11.42
iqbaltoffani11,,3.0,1.0,1702220900,,,1,neutral,0.55,0,0.0,0.0,0.0,0.0,0.6,1,9.66
maulikiyo,,5.0,1.0,1701130681,,,1,neutral,0.55,0,0.0,0.0,0.0,0.0,0.6,1,11.42
oh5fayde_y,,5.0,1.0,1703775605,,,1,neutral,0.55,0,0.0,0.0,0.0,0.0,0.6,1,11.42
bebben03,,5.0,1.0,1698590045,,,1,neutral,0.55,0,0.0,0.0,0.0,0.0,0.6,1,11.42
sulisagus327,,5.0,0.0,1700175386,,,1,neutral,0.55,0,0.0,0.0,0.0,0.0,0.6,1,11.0
ilmiaditiaanuralwi,,5.0,1.0,1698679635,,,1,neutral,0.55,0,0.0,0.0,0.0,0.0,0.6,1,11.42
ratunida0913,,5.0,0.0,1694532297,,,1,neutral,0.55,0,0.0,0.0,0.0,0.0,0.6,1,11.0
dedditasitepu,,5.0,1.0,1696436185,,,1,neutral,0.55,0,0.0,0.0,0.0,0.0,0.6,1,11.42
joelocious92,,5.0,0.0,1699254141,,,1,neutral,0.55,0,0.0,0.0,0.0,0.0,0.6,1,11.0
kodirkodirkodir785,,5.0,0.0,1699261479,,,1,neutral,0.55,0,0.0,0.0,0.0,0.0,0.6,1,11.0
asepsujana90,,4.0,1.0,1698589862,,,1,neutral,0.55,0,0.0,0.0,0.0,0.0,0.6,1,10.54
nidac3ll,,5.0,0.0,1696163861,,,1,neutral,0.55,0,0.0,0.0,0.0,0.0,0.6,1,11.0
heroeheri.pdam,,5.0,0.0,1691915346,,,1,neutral,0.55,0,0.0,0.0,0.0,0.0,0.6,1,11.0
luthfimaslulmuttaqim,,5.0,0.0,1692051251,,,1,neutral,0.55,0,0.0,0.0,0.0,0.0,0.6,1,11.0
jejeendamaulana,,5.0,0.0,1687648620,,,1,neutral,0.55,0,0.0,0.0,0.0,0.0,0.6,1,11.0
m*****i,,5.0,0.0,1689856120,,,1,neutral,0.55,0,0.0,0.0,0.0,0.0,0.6,1,11.0
w1dv203zuw,,5.0,1.0,1696291437,,,1,neutral,0.55,0,0.0,0.0,0.0,0.0,0.6,1,11.42
arzetto2009,,5.0,0.0,1697288353,,,1,neutral,0.55,0,0.0,0.0,0.0,0.0,0.6,1,11.0
aoepep_sjs,,5.0,0.0,1695315844,,,1,neutral,0.55,0,0.0,0.0,0.0,0.0,0.6,1,11.0
latif.sw,,4.0,0.0,1692051256,,,1,neutral,0.55,0,0.0,0.0,0.0,0.0,0.6,1,10.12
bennyparlindungan,,4.0,0.0,1694359410,,,1,neutral,0.55,0,0.0,0.0,0.0,0.0,0.6,1,10.12
friskaoktariansyah,,5.0,0.0,1695487344,,,1,neutral,0.55,0,0.0,0.0,0.0,0.0,0.6,1,11.0
ruli8877,,5.0,1.0,1696261062,,,1,neutral,0.55,0,0.0,0.0,0.0,0.0,0.6,1,11.42
ajqk82bdmq,,5.0,1.0,1696260928,,,1,neutral,0.55,0,0.0,0.0,0.0,0.0,0.6,1,11.42
bunly99,,4.0,0.0,1697749012,,,1,neutral,0.55,0,0.0,0.0,0.0,0.0,0.6,1,10.12
baydayy,,5.0,1.0,1696261185,,,1,neutral,0.55,0,0.0,0.0,0.0,0.0,0.6,1,11.42
kaseptea_180619,,5.0,1.0,1696291454,,,1,neutral,0.55,0,0.0,0.0,0.0,0.0,0.6,1,11.42
vyi1i5u6p4,,5.0,1.0,1696261190,,,1,neutral,0.55,0,0.0,0.0,0.0,0.0,0.6,1,11.42
ofplilunh7,,5.0,1.0,1696291626,,,1,neutral,0.55,0,0.0,0.0,0.0,0.0,0.6,1,11.42
romario_0708,,5.0,1.0,1696291710,,,1,neutral,0.55,0,0.0,0.0,0.0,0.0,0.6,1,11.42
ky_deckres98,,5.0,0.0,1695539377,,,1,neutral,0.55,0,0.0,0.0,0.0,0.0,0.6,1,11.0
agun.indrawan,,5.0,1.0,1696291727,,,1,neutral,0.55,0,0.0,0.0,0.0,0.0,0.6,1,11.42
pirloaomar,,3.0,1.0,1696291664,,,1,neutral,0.55,0,0.0,0.0,0.0,0.0,0.6,1,9.66
edikurniawan04,,5.0,0.0,1693746873,,,1,neutral,0.55,0,0.0,0.0,0.0,0.0,0.6,1,11.0
kadalburik357,,3.0,1.0,1696291565,,,1,neutral,0.55,0,0.0,0.0,0.0,0.0,0.6,1,9.66
saefulanwar642,,5.0,1.0,1695221112,,,1,neutral,0.55,0,0.0,0.0,0.0,0.0,0.6,1,11.42
raihan_sabillah,,3.0,1.0,1696291758,,,1,neutral,0.55,0,0.0,0.0,0.0,0.0,0.6,1,9.66
sanusisantung,,4.0,1.0,1695051604,,,1,neutral,0.55,0,0.0,0.0,0.0,0.0,0.6,1,10.54
raditya_bintang,,5.0,0.0,1688654548,,,1,neutral,0.55,0,0.0,0.0,0.0,0.0,0.6,1,11.0
rosyad37_oel,,3.0,0.0,1694792960,,,1,neutral,0.55,0,0.0,0.0,0.0,0.0,0.6,1,9.24
rizki_marlan,,5.0,0.0,1696219062,,,1,neutral,0.55,0,0.0,0.0,0.0,0.0,0.6,1,11.0
k*****a,,5.0,0.0,1692617949,,,1,neutral,0.55,0,0.0,0.0,0.0,0.0,0.6,1,11.0
gogonbreedt,,2.0,0.0,1696551515,,,1,neutral,0.55,0,0.0,0.0,0.0,0.0,0.6,1,8.36
puthut_12345,,5.0,0.0,1694440670,,,1,neutral,0.55,0,0.0,0.0,0.0,0.0,0.6,1,11.0
mamaziyang,,5.0,0.0,1690035733,,,1,neutral,0.55,0,0.0,0.0,0.0,0.0,0.6,1,11.0
mohammad_basmalah,,4.0,0.0,1695257543,,,1,neutral,0.55,0,0.0,0.0,0.0,0.0,0.6,1,10.12
e7bwmxjou4,,4.0,0.0,1695430033,,,1,neutral,0.55,0,0.0,0.0,0.0,0.0,0.6,1,10.12
v04acpowcf,,5.0,0.0,1694962463,,,1,neutral,0.55,0,0.0,0.0,0.0,0.0,0.6,1,11.0
a06nwhyznt,,4.0,0.0,1695289123,,,1,neutral,0.55,0,0.0,0.0,0.0,0.0,0.6,1,10.12
yudaa14,,5.0,1.0,1688449485,,,1,neutral,0.55,0,0.0,0.0,0.0,0.0,0.6,1,11.42
dandiprastia_,,5.0,0.0,1694831395,,,1,neutral,0.55,0,0.0,0.0,0.0,0.0,0.6,1,11.0
0thu07fwmu,,5.0,1.0,1690786486,,,1,neutral,0.55,0,0.0,0.0,0.0,0.0,0.6,1,11.42
,,5.0,0.0,1694763053,,,1,neutral,0.55,0,0.0,0.0,0.0,0.0,0.6,1,11.0
restugustamil,,5.0,0.0,1694700329,,,1,neutral,0.55,0,0.0,0.0,0.0,0.0,0.6,1,11.0
pa9rinzwnu,,5.0,0.0,1694285065,,,1,neutral,0.55,0,0.0,0.0,0.0,0.0,0.6,1,11.0
zhewansuprialsharif,,5.0,0.0,1694536164,,,1,neutral,0.55,0,0.0,0.0,0.0,0.0,0.6,1,11.0
samage90,,5.0,0.0,1694097277,,,1,neutral,0.55,0,0.0,0.0,0.0,0.0,0.6,1,11.0
iramei039,,4.0,0.0,1694519843,,,1,neutral,0.55,0,0.0,0.0,0.0,0.0,0.6,1,10.12
arull02574,,3.0,0.0,1694909329,,,1,neutral,0.55,0,0.0,0.0,0.0,0.0,0.6,1,9.24
husinahmat_77,,3.0,0.0,1694859671,,,1,neutral,0.55,0,0.0,0.0,0.0,0.0,0.6,1,9.24
avrijal_05,,5.0,0.0,1692051235,,,1,neutral,0.55,0,0.0,0.0,0.0,0.0,0.6,1,11.0
gn_d5t38to,,5.0,0.0,1693622569,,,1,neutral,0.55,0,0.0,0.0,0.0,0.0,0.6,1,11.0
ryan.19.rh,,5.0,0.0,1690331456,,,1,neutral,0.55,0,0.0,0.0,0.0,0.0,0.6,1,11.0
yogamustofa218,,5.0,0.0,1693112399,,,1,neutral,0.55,0,0.0,0.0,0.0,0.0,0.6,1,11.0
yofiiprtm,,5.0,0.0,1693140204,,,1,neutral,0.55,0,0.0,0.0,0.0,0.0,0.6,1,11.0
violaoutsider,,5.0,0.0,1693046901,,,1,neutral,0.55,0,0.0,0.0,0.0,0.0,0.6,1,11.0
ridwankholiq14,,3.0,0.0,1694034436,,,1,neutral,0.55,0,0.0,0.0,0.0,0.0,0.6,1,9.24
10herdimanshop_,,5.0,0.0,1692051259,,,1,neutral,0.55,0,0.0,0.0,0.0,0.0,0.6,1,11.0
paketgratis09,,1.0,0.0,1694398909,,,1,neutral,0.55,0,0.0,0.0,0.0,0.0,0.6,1,7.48
tripane440,,5.0,0.0,1691875564,,,1,neutral,0.55,0,0.0,0.0,0.0,0.0,0.6,1,11.0
madeksuajaa,,5.0,0.0,1691732072,,,1,neutral,0.55,0,0.0,0.0,0.0,0.0,0.6,1,11.0
juandasyahputra01,,5.0,0.0,1691661361,,,1,neutral,0.55,0,0.0,0.0,0.0,0.0,0.6,1,11.0
raihantaqiiraihantaqii,,5.0,0.0,1692051260,,,1,neutral,0.55,0,0.0,0.0,0.0,0.0,0.6,1,11.0
a*****5,,5.0,0.0,1689887968,,,1,neutral,0.55,0,0.0,0.0,0.0,0.0,0.6,1,11.0
oksin12,,4.0,0.0,1692181289,,,1,neutral,0.55,0,0.0,0.0,0.0,0.0,0.6,1,10.12
bimabima592,,5.0,0.0,1690559558,,,1,neutral,0.55,0,0.0,0.0,0.0,0.0,0.6,1,11.0
b5lytwwj0j,,5.0,0.0,1690503197,,,1,neutral,0.55,0,0.0,0.0,0.0,0.0,0.6,1,11.0
elang001,,5.0,0.0,1690030272,,,1,neutral,0.55,0,0.0,0.0,0.0,0.0,0.6,1,11.0
emaildot,,5.0,0.0,1689171925,,,1,neutral,0.55,0,0.0,0.0,0.0,0.0,0.6,1,11.0
hilal90najmi,,5.0,0.0,1688701866,,,1,neutral,0.55,0,0.0,0.0,0.0,0.0,0.6,1,11.0
fxfernando189,,5.0,0.0,1686319453,,,1,neutral,0.55,0,0.0,0.0,0.0,0.0,0.6,1,11.0
4xu9vl_w7o,,4.0,0.0,1690188264,,,1,neutral,0.55,0,0.0,0.0,0.0,0.0,0.6,1,10.12
bangandri195,,4.0,0.0,1689657931,,,1,neutral,0.55,0,0.0,0.0,0.0,0.0,0.6,1,10.12
yipyip1986666,,4.0,0.0,1688966642,,,1,neutral,0.55,0,0.0,0.0,0.0,0.0,0.6,1,10.12
kevinnabil,,5.0,0.0,1748310798,,,1,neutral,0.55,0,0.0,0.0,0.0,0.0,0.6,1,11.0
inericardo,,5.0,0.0,1752285539,,,1,neutral,0.55,0,0.0,0.0,0.0,0.0,0.6,1,11.0
indahpermatasa_,,5.0,0.0,1763639292,,,1,neutral,0.55,0,0.0,0.0,0.0,0.0,0.6,1,11.0
nanasunardi,,5.0,0.0,1744126334,,,1,neutral,0.55,0,0.0,0.0,0.0,0.0,0.6,1,11.0
malvinkurniadi,,5.0,0.0,1752886721,,,1,neutral,0.55,0,0.0,0.0,0.0,0.0,0.6,1,11.0
d.syahrul,,5.0,0.0,1762418559,,,1,neutral,0.55,0,0.0,0.0,0.0,0.0,0.6,1,11.0
andasulastri,,4.0,0.0,1764075661,,,1,neutral,0.55,0,0.0,0.0,0.0,0.0,0.6,1,10.12
hendkerz,,5.0,0.0,1765317498,,,1,neutral,0.55,0,0.0,0.0,0.0,0.0,0.6,1,11.0
gallery_perfume79,,4.0,0.0,1745119955,,,1,neutral,0.55,0,0.0,0.0,0.0,0.0,0.6,1,10.12
andikabedu,,4.0,0.0,1752918029,,,1,neutral,0.55,0,0.0,0.0,0.0,0.0,0.6,1,10.12
kasnsbiqiwiw,,5.0,0.0,1751004681,,,1,neutral,0.55,0,0.0,0.0,0.0,0.0,0.6,1,11.0
ariesswf,,4.0,0.0,1764601913,,,1,neutral,0.55,0,0.0,0.0,0.0,0.0,0.6,1,10.12
muhamad_andi_sualman.212,,5.0,0.0,1744548255,,,1,neutral,0.55,0,0.0,0.0,0.0,0.0,0.6,1,11.0
angkassa_,,5.0,0.0,1762861082,,,1,neutral,0.55,0,0.0,0.0,0.0,0.0,0.6,1,11.0
muhammad_sahab_hamdani,,5.0,0.0,1744699933,,,1,neutral,0.55,0,0.0,0.0,0.0,0.0,0.6,1,11.0
zittcheiv1,,5.0,0.0,1747894785,,,1,neutral,0.55,0,0.0,0.0,0.0,0.0,0.6,1,11.0
triagusp,,5.0,0.0,1750305503,,,1,neutral,0.55,0,0.0,0.0,0.0,0.0,0.6,1,11.0
ammarsuekti,,4.0,0.0,1763019129,,,1,neutral,0.55,0,0.0,0.0,0.0,0.0,0.6,1,10.12
mahfud.69,,5.0,0.0,1743638549,,,1,neutral,0.55,0,0.0,0.0,0.0,0.0,0.6,1,11.0
wawan_1508,,5.0,0.0,1746538674,,,1,neutral,0.55,0,0.0,0.0,0.0,0.0,0.6,1,11.0
lalu_faozan,,5.0,0.0,1761632562,,,1,neutral,0.55,0,0.0,0.0,0.0,0.0,0.6,1,11.0
bebben03,,5.0,0.0,1765260157,,,1,neutral,0.55,0,0.0,0.0,0.0,0.0,0.6,1,11.0
fatihnashrulloh12,,5.0,0.0,1748749669,,,1,neutral,0.55,0,0.0,0.0,0.0,0.0,0.6,1,11.0
apesawey,,5.0,0.0,1759062825,,,1,neutral,0.55,0,0.0,0.0,0.0,0.0,0.6,1,11.0
riskykidut19,,5.0,0.0,1762596589,,,1,neutral,0.55,0,0.0,0.0,0.0,0.0,0.6,1,11.0
abel_cho,,5.0,0.0,1742300616,,,1,neutral,0.55,0,0.0,0.0,0.0,0.0,0.6,1,11.0
uxn5_wzq4q,,5.0,1.0,1742337346,,,1,neutral,0.55,0,0.0,0.0,0.0,0.0,0.6,1,11.42
lmufkzcy52,,5.0,1.0,1751155628,,,1,neutral,0.55,0,0.0,0.0,0.0,0.0,0.6,1,11.42
ainulyaqin0501,,5.0,0.0,1751432554,,,1,neutral,0.55,0,0.0,0.0,0.0,0.0,0.6,1,11.0
n*****4,,5.0,0.0,1744377309,,,1,neutral,0.55,0,0.0,0.0,0.0,0.0,0.6,1,11.0
s*****o,,5.0,0.0,1753483578,,,1,neutral,0.55,0,0.0,0.0,0.0,0.0,0.6,1,11.0
gugunnk,,5.0,0.0,1763850138,,,1,neutral,0.55,0,0.0,0.0,0.0,0.0,0.6,1,11.0
rumahunafa,,5.0,0.0,1752493679,,,1,neutral,0.55,0,0.0,0.0,0.0,0.0,0.6,1,11.0
feryhuanran,,5.0,0.0,1744786897,,,1,neutral,0.55,0,0.0,0.0,0.0,0.0,0.6,1,11.0
a.arifatul.u97,,5.0,0.0,1752057313,,,1,neutral,0.55,0,0.0,0.0,0.0,0.0,0.6,1,11.0
asmhendra,,5.0,0.0,1765777771,,,1,neutral,0.55,0,0.0,0.0,0.0,0.0,0.6,1,11.0
fortran16,,5.0,0.0,1762579167,,,1,neutral,0.55,0,0.0,0.0,0.0,0.0,0.6,1,11.0
rizalawawj234,,5.0,0.0,1764050804,,,1,neutral,0.55,0,0.0,0.0,0.0,0.0,0.6,1,11.0
68.98.00,,5.0,0.0,1751686986,,,1,neutral,0.55,0,0.0,0.0,0.0,0.0,0.6,1,11.0
rikihamdi,,4.0,0.0,1741931521,,,1,neutral,0.55,0,0.0,0.0,0.0,0.0,0.6,1,10.12
alifnurmuhamad12,,5.0,0.0,1741055545,,,1,neutral,0.55,0,0.0,0.0,0.0,0.0,0.6,1,11.0
ridwantoxic,,5.0,0.0,1762425489,,,1,neutral,0.55,0,0.0,0.0,0.0,0.0,0.6,1,11.0
anddezkuclle,,3.0,0.0,1752374998,,,1,neutral,0.55,0,0.0,0.0,0.0,0.0,0.6,1,9.24
rudiii1505,,5.0,0.0,1752732046,,,1,neutral,0.55,0,0.0,0.0,0.0,0.0,0.6,1,11.0
jalud17,,4.0,0.0,1744804895,,,1,neutral,0.55,0,0.0,0.0,0.0,0.0,0.6,1,10.12
hyy.tara,,5.0,0.0,1744102127,,,1,neutral,0.55,0,0.0,0.0,0.0,0.0,0.6,1,11.0
mahbub.hidayat_85,,4.0,0.0,1752638299,,,1,neutral,0.55,0,0.0,0.0,0.0,0.0,0.6,1,10.12
dionferryyudha,,5.0,0.0,1744183582,,,1,neutral,0.55,0,0.0,0.0,0.0,0.0,0.6,1,11.0
yourfav666,,5.0,0.0,1750508793,,,1,neutral,0.55,0,0.0,0.0,0.0,0.0,0.6,1,11.0
tariapratama,,5.0,0.0,1752900677,,,1,neutral,0.55,0,0.0,0.0,0.0,0.0,0.6,1,11.0
randasp23,,4.0,0.0,1762757934,,,1,neutral,0.55,0,0.0,0.0,0.0,0.0,0.6,1,10.12
odassambora,,5.0,0.0,1745034870,,,1,neutral,0.55,0,0.0,0.0,0.0,0.0,0.6,1,11.0
achmad696,,5.0,0.0,1758956676,,,1,neutral,0.55,0,0.0,0.0,0.0,0.0,0.6,1,11.0
rayhanbagas12,,5.0,0.0,1742871672,,,1,neutral,0.55,0,0.0,0.0,0.0,0.0,0.6,1,11.0
andrisub15,,5.0,0.0,1746035677,,,1,neutral,0.55,0,0.0,0.0,0.0,0.0,0.6,1,11.0
ujie6644,,5.0,0.0,1741850352,,,1,neutral,0.55,0,0.0,0.0,0.0,0.0,0.6,1,11.0
sardialkhattab,,5.0,0.0,1752320684,,,1,neutral,0.55,0,0.0,0.0,0.0,0.0,0.6,1,11.0
imam232128,,3.0,0.0,1747019827,,,1,neutral,0.55,0,0.0,0.0,0.0,0.0,0.6,1,9.24
zidanaryaardana,,5.0,0.0,1746900736,,,1,neutral,0.55,0,0.0,0.0,0.0,0.0,0.6,1,11.0
samidii1965,,5.0,0.0,1765474665,,,1,neutral,0.55,0,0.0,0.0,0.0,0.0,0.6,1,11.0
a*****3,,5.0,0.0,1744618776,,,1,neutral,0.55,0,0.0,0.0,0.0,0.0,0.6,1,11.0
irfanarpansa86,,5.0,0.0,1753008178,,,1,neutral,0.55,0,0.0,0.0,0.0,0.0,0.6,1,11.0
acunkpoenya,,3.0,0.0,1760885893,,,1,neutral,0.55,0,0.0,0.0,0.0,0.0,0.6,1,9.24
hya4_qmctf,,5.0,0.0,1741496780,,,1,neutral,0.55,0,0.0,0.0,0.0,0.0,0.6,1,11.0
g*****1,,5.0,0.0,1740725298,,,1,neutral,0.55,0,0.0,0.0,0.0,0.0,0.6,1,11.0
nur916646,,5.0,0.0,1741624514,,,1,neutral,0.55,0,0.0,0.0,0.0,0.0,0.6,1,11.0
zaenalfishing_91,,5.0,0.0,1741656135,,,1,neutral,0.55,0,0.0,0.0,0.0,0.0,0.6,1,11.0
iqronzamzami,,5.0,0.0,1742147022,,,1,neutral,0.55,0,0.0,0.0,0.0,0.0,0.6,1,11.0
kristina_olshop04,,5.0,0.0,1744001818,,,1,neutral,0.55,0,0.0,0.0,0.0,0.0,0.6,1,11.0
obbypeyee,,5.0,0.0,1744015528,,,1,neutral,0.55,0,0.0,0.0,0.0,0.0,0.6,1,11.0
nonoysuryati,,5.0,0.0,1744024135,,,1,neutral,0.55,0,0.0,0.0,0.0,0.0,0.6,1,11.0
rizqirrt,,5.0,0.0,1744082148,,,1,neutral,0.55,0,0.0,0.0,0.0,0.0,0.6,1,11.0
dewiekowati123,,5.0,0.0,1744138413,,,1,neutral,0.55,0,0.0,0.0,0.0,0.0,0.6,1,11.0
krisdokrisdo872,,5.0,0.0,1744359980,,,1,neutral,0.55,0,0.0,0.0,0.0,0.0,0.6,1,11.0
8_g7g7g7mn,,5.0,0.0,1744532222,,,1,neutral,0.55,0,0.0,0.0,0.0,0.0,0.6,1,11.0
karaingume,,5.0,0.0,1744728341,,,1,neutral,0.55,0,0.0,0.0,0.0,0.0,0.6,1,11.0
jb5u6bwl0d,,5.0,0.0,1745075480,,,1,neutral,0.55,0,0.0,0.0,0.0,0.0,0.6,1,11.0
44ou4p7jar,,5.0,0.0,1744976943,,,1,neutral,0.55,0,0.0,0.0,0.0,0.0,0.6,1,11.0
habib.zihandri15,,5.0,0.0,1744952471,,,1,neutral,0.55,0,0.0,0.0,0.0,0.0,0.6,1,11.0
kholis2504,,5.0,0.0,1745233197,,,1,neutral,0.55,0,0.0,0.0,0.0,0.0,0.6,1,11.0
rcandra520,,5.0,0.0,1745339676,,,1,neutral,0.55,0,0.0,0.0,0.0,0.0,0.6,1,11.0
5d7sak0iyh,,5.0,0.0,1745367411,,,1,neutral,0.55,0,0.0,0.0,0.0,0.0,0.6,1,11.0
xsrido,,5.0,0.0,1757246297,,,1,neutral,0.55,0,0.0,0.0,0.0,0.0,0.6,1,11.0
simpak_turbo031,,5.0,0.0,1757342569,,,1,neutral,0.55,0,0.0,0.0,0.0,0.0,0.6,1,11.0
mg_aladdin29,,5.0,0.0,1757160828,,,1,neutral,0.55,0,0.0,0.0,0.0,0.0,0.6,1,11.0
endasetone,,5.0,0.0,1757243581,,,1,neutral,0.55,0,0.0,0.0,0.0,0.0,0.6,1,11.0
rixcoannds,,5.0,0.0,1757524242,,,1,neutral,0.55,0,0.0,0.0,0.0,0.0,0.6,1,11.0
nurulenok,,5.0,0.0,1757558821,,,1,neutral,0.55,0,0.0,0.0,0.0,0.0,0.6,1,11.0
lutfiadi231,,5.0,0.0,1757652062,,,1,neutral,0.55,0,0.0,0.0,0.0,0.0,0.6,1,11.0
ardhi_almajid09,,5.0,0.0,1757069329,,,1,neutral,0.55,0,0.0,0.0,0.0,0.0,0.6,1,11.0
jefersonbatmomolin,,5.0,0.0,1756785059,,,1,neutral,0.55,0,0.0,0.0,0.0,0.0,0.6,1,11.0
ardhivinks,,5.0,0.0,1757053706,,,1,neutral,0.55,0,0.0,0.0,0.0,0.0,0.6,1,11.0
__q1edti5j,,5.0,0.0,1757506645,,,1,neutral,0.55,0,0.0,0.0,0.0,0.0,0.6,1,11.0
idrusrifai_86,,5.0,0.0,1757599638,,,1,neutral,0.55,0,0.0,0.0,0.0,0.0,0.6,1,11.0
mohaldihilmi,,5.0,0.0,1758966402,,,1,neutral,0.55,0,0.0,0.0,0.0,0.0,0.6,1,11.0
budemat674,,5.0,0.0,1758185765,,,1,neutral,0.55,0,0.0,0.0,0.0,0.0,0.6,1,11.0
vallenkabangung,,5.0,0.0,1758416061,,,1,neutral,0.55,0,0.0,0.0,0.0,0.0,0.6,1,11.0
ahmat_safii,,5.0,0.0,1758282700,,,1,neutral,0.55,0,0.0,0.0,0.0,0.0,0.6,1,11.0
yayannuryana,,5.0,0.0,1759657513,,,1,neutral,0.55,0,0.0,0.0,0.0,0.0,0.6,1,11.0
ikhsanbahri11,,5.0,0.0,1759808920,,,1,neutral,0.55,0,0.0,0.0,0.0,0.0,0.6,1,11.0
anwarhikam,,5.0,0.0,1760514313,,,1,neutral,0.55,0,0.0,0.0,0.0,0.0,0.6,1,11.0
rapiangani,,5.0,0.0,1760516698,,,1,neutral,0.55,0,0.0,0.0,0.0,0.0,0.6,1,11.0
fiuupdqyhk,,5.0,0.0,1760602803,,,1,neutral,0.55,0,0.0,0.0,0.0,0.0,0.6,1,11.0
zain1436,,5.0,0.0,1760851311,,,1,neutral,0.55,0,0.0,0.0,0.0,0.0,0.6,1,11.0
bangnour476,,5.0,0.0,1760955849,,,1,neutral,0.55,0,0.0,0.0,0.0,0.0,0.6,1,11.0
fsskthdloq,,5.0,0.0,1761042593,,,1,neutral,0.55,0,0.0,0.0,0.0,0.0,0.6,1,11.0
uajvf0m_ai,,5.0,0.0,1761586528,,,1,neutral,0.55,0,0.0,0.0,0.0,0.0,0.6,1,11.0
basreng_meledakk12,,5.0,0.0,1761055819,,,1,neutral,0.55,0,0.0,0.0,0.0,0.0,0.6,1,11.0
mohammadagussetiyawan230,,5.0,0.0,1761134927,,,1,neutral,0.55,0,0.0,0.0,0.0,0.0,0.6,1,11.0
rifkinurhandika,,5.0,0.0,1761649306,,,1,neutral,0.55,0,0.0,0.0,0.0,0.0,0.6,1,11.0
fahmialfarizi051,,5.0,0.0,1762097473,,,1,neutral,0.55,0,0.0,0.0,0.0,0.0,0.6,1,11.0
fatihjinan577,,5.0,0.0,1762070705,,,1,neutral,0.55,0,0.0,0.0,0.0,0.0,0.6,1,11.0
arc8xtwvh9,,5.0,0.0,1762092419,,,1,neutral,0.55,0,0.0,0.0,0.0,0.0,0.6,1,11.0
galeridebusbanten,,5.0,0.0,1762056459,,,1,neutral,0.55,0,0.0,0.0,0.0,0.0,0.6,1,11.0
cm1grsgpgv,,5.0,0.0,1762132171,,,1,neutral,0.55,0,0.0,0.0,0.0,0.0,0.6,1,11.0
rifanrifan952,,5.0,0.0,1740588076,,,1,neutral,0.55,0,0.0,0.0,0.0,0.0,0.6,1,11.0
aris345314,,5.0,0.0,1743297942,,,1,neutral,0.55,0,0.0,0.0,0.0,0.0,0.6,1,11.0
picunn05,,5.0,0.0,1743942424,,,1,neutral,0.55,0,0.0,0.0,0.0,0.0,0.6,1,11.0
hedon1000,,5.0,0.0,1743816964,,,1,neutral,0.55,0,0.0,0.0,0.0,0.0,0.6,1,11.0
sitampan8687,,5.0,0.0,1742928710,,,1,neutral,0.55,0,0.0,0.0,0.0,0.0,0.6,1,11.0
fadlymeloudicspeed,,5.0,0.0,1742990711,,,1,neutral,0.55,0,0.0,0.0,0.0,0.0,0.6,1,11.0
azizulazizul290,,5.0,0.0,1742913642,,,1,neutral,0.55,0,0.0,0.0,0.0,0.0,0.6,1,11.0
nealang205,,5.0,0.0,1743159415,,,1,neutral,0.55,0,0.0,0.0,0.0,0.0,0.6,1,11.0
chelsyk4rinnaaa,,5.0,0.0,1741247814,,,1,neutral,0.55,0,0.0,0.0,0.0,0.0,0.6,1,11.0
andriyantocainshow123,,5.0,0.0,1741003309,,,1,neutral,0.55,0,0.0,0.0,0.0,0.0,0.6,1,11.0
tinazoya965,,5.0,0.0,1741936959,,,1,neutral,0.55,0,0.0,0.0,0.0,0.0,0.6,1,11.0
murfingatulmuannisah,,5.0,0.0,1742047691,,,1,neutral,0.55,0,0.0,0.0,0.0,0.0,0.6,1,11.0
fajarhn1995,,5.0,0.0,1742076142,,,1,neutral,0.55,0,0.0,0.0,0.0,0.0,0.6,1,11.0
gavinsubroto,,5.0,0.0,1742295865,,,1,neutral,0.55,0,0.0,0.0,0.0,0.0,0.6,1,11.0
fitriyahramadhani146,,5.0,0.0,1742215708,,,1,neutral,0.55,0,0.0,0.0,0.0,0.0,0.6,1,11.0
bemskuybimo,,5.0,0.0,1742469462,,,1,neutral,0.55,0,0.0,0.0,0.0,0.0,0.6,1,11.0
dodoaryansyah,,5.0,0.0,1742260487,,,1,neutral,0.55,0,0.0,0.0,0.0,0.0,0.6,1,11.0
akhmadfaiz668,,5.0,0.0,1742553571,,,1,neutral,0.55,0,0.0,0.0,0.0,0.0,0.6,1,11.0
m.arsyad1121,,5.0,0.0,1742634485,,,1,neutral,0.55,0,0.0,0.0,0.0,0.0,0.6,1,11.0
wirdinawatimukhsan,,5.0,0.0,1750681376,,,1,neutral,0.55,0,0.0,0.0,0.0,0.0,0.6,1,11.0
imam_hayatudin,,5.0,0.0,1750688138,,,1,neutral,0.55,0,0.0,0.0,0.0,0.0,0.6,1,11.0
fsskthdloq,,5.0,0.0,1761042593,,,1,neutral,0.55,0,0.0,0.0,0.0,0.0,0.6,1,11.0
basreng_meledakk12,,5.0,0.0,1761055819,,,1,neutral,0.55,0,0.0,0.0,0.0,0.0,0.6,1,11.0
mohammadagussetiyawan230,,5.0,0.0,1761134927,,,1,neutral,0.55,0,0.0,0.0,0.0,0.0,0.6,1,11.0
zain1436,,5.0,0.0,1760851311,,,1,neutral,0.55,0,0.0,0.0,0.0,0.0,0.6,1,11.0
bangnour476,,5.0,0.0,1760955849,,,1,neutral,0.55,0,0.0,0.0,0.0,0.0,0.6,1,11.0
uajvf0m_ai,,5.0,0.0,1761586528,,,1,neutral,0.55,0,0.0,0.0,0.0,0.0,0.6,1,11.0
rifkinurhandika,,5.0,0.0,1761649306,,,1,neutral,0.55,0,0.0,0.0,0.0,0.0,0.6,1,11.0
aldibaduy493,,5.0,0.0,1761878525,,,1,neutral,0.55,0,0.0,0.0,0.0,0.0,0.6,1,11.0
ogi_riffa15,,5.0,0.0,1761881086,,,1,neutral,0.55,0,0.0,0.0,0.0,0.0,0.6,1,11.0
alucard318,,5.0,0.0,1761979345,,,1,neutral,0.55,0,0.0,0.0,0.0,0.0,0.6,1,11.0
duwiekb6hw,,5.0,0.0,1762287625,,,1,neutral,0.55,0,0.0,0.0,0.0,0.0,0.6,1,11.0
w.hidayat77,,5.0,0.0,1762247625,,,1,neutral,0.55,0,0.0,0.0,0.0,0.0,0.6,1,11.0
galeridebusbanten,,5.0,0.0,1762056459,,,1,neutral,0.55,0,0.0,0.0,0.0,0.0,0.6,1,11.0
fahmialfarizi051,,5.0,0.0,1762097473,,,1,neutral,0.55,0,0.0,0.0,0.0,0.0,0.6,1,11.0
fatihjinan577,,5.0,0.0,1762070705,,,1,neutral,0.55,0,0.0,0.0,0.0,0.0,0.6,1,11.0
arc8xtwvh9,,5.0,0.0,1762092419,,,1,neutral,0.55,0,0.0,0.0,0.0,0.0,0.6,1,11.0
cm1grsgpgv,,5.0,0.0,1762132171,,,1,neutral,0.55,0,0.0,0.0,0.0,0.0,0.6,1,11.0
iksanjaya0098,,5.0,0.0,1762238702,,,1,neutral,0.55,0,0.0,0.0,0.0,0.0,0.6,1,11.0
bandungtea145,,5.0,0.0,1762274315,,,1,neutral,0.55,0,0.0,0.0,0.0,0.0,0.6,1,11.0
fajar02setia,,5.0,0.0,1762313947,,,1,neutral,0.55,0,0.0,0.0,0.0,0.0,0.6,1,11.0
galangvli,,5.0,0.0,1746241686,,,1,neutral,0.55,0,0.0,0.0,0.0,0.0,0.6,1,11.0
rudiahmadnursahid491,,5.0,0.0,1746095923,,,1,neutral,0.55,0,0.0,0.0,0.0,0.0,0.6,1,11.0
ridwan0957,,5.0,0.0,1746151776,,,1,neutral,0.55,0,0.0,0.0,0.0,0.0,0.6,1,11.0
4u_5fhdko_,,5.0,0.0,1746191255,,,1,neutral,0.55,0,0.0,0.0,0.0,0.0,0.6,1,11.0
sahyudansahyudan,,5.0,0.0,1746263961,,,1,neutral,0.55,0,0.0,0.0,0.0,0.0,0.6,1,11.0
fadrikaskar,,5.0,0.0,1746362243,,,1,neutral,0.55,0,0.0,0.0,0.0,0.0,0.6,1,11.0
riky_saputra96,,5.0,0.0,1745458219,,,1,neutral,0.55,0,0.0,0.0,0.0,0.0,0.6,1,11.0
ozifoxzy,,5.0,0.0,1746439552,,,1,neutral,0.55,0,0.0,0.0,0.0,0.0,0.6,1,11.0
4oeygyy2h5,,5.0,0.0,1746446873,,,1,neutral,0.55,0,0.0,0.0,0.0,0.0,0.6,1,11.0
misriamicing,,5.0,0.0,1746686845,,,1,neutral,0.55,0,0.0,0.0,0.0,0.0,0.6,1,11.0
rizafram253,,5.0,0.0,1745475069,,,1,neutral,0.55,0,0.0,0.0,0.0,0.0,0.6,1,11.0
stygmg,,5.0,0.0,1745601531,,,1,neutral,0.55,0,0.0,0.0,0.0,0.0,0.6,1,11.0
vkhrqgbp0e,,5.0,0.0,1746704117,,,1,neutral,0.55,0,0.0,0.0,0.0,0.0,0.6,1,11.0
tiomunadi358,,5.0,0.0,1746677760,,,1,neutral,0.55,0,0.0,0.0,0.0,0.0,0.6,1,11.0
n*****b,,5.0,0.0,1746749600,,,1,neutral,0.55,0,0.0,0.0,0.0,0.0,0.6,1,11.0
ihhm0nsnis,,5.0,0.0,1746864396,,,1,neutral,0.55,0,0.0,0.0,0.0,0.0,0.6,1,11.0
eanludq8pw,,5.0,0.0,1746802205,,,1,neutral,0.55,0,0.0,0.0,0.0,0.0,0.6,1,11.0
bangjt072,,5.0,0.0,1746776268,,,1,neutral,0.55,0,0.0,0.0,0.0,0.0,0.6,1,11.0
rianapriansyah850,,5.0,0.0,1748580903,,,1,neutral,0.55,0,0.0,0.0,0.0,0.0,0.6,1,11.0
ucuy05,,5.0,0.0,1748771560,,,1,neutral,0.55,0,0.0,0.0,0.0,0.0,0.6,1,11.0
hendryazis050609,,5.0,0.0,1748779627,,,1,neutral,0.55,0,0.0,0.0,0.0,0.0,0.6,1,11.0
ilyasundawan,,5.0,0.0,1748839105,,,1,neutral,0.55,0,0.0,0.0,0.0,0.0,0.6,1,11.0
devario12,,5.0,0.0,1748818852,,,1,neutral,0.55,0,0.0,0.0,0.0,0.0,0.6,1,11.0
dxkeh1we3a,,5.0,0.0,1749022531,,,1,neutral,0.55,0,0.0,0.0,0.0,0.0,0.6,1,11.0
majidmurad,,5.0,0.0,1749005836,,,1,neutral,0.55,0,0.0,0.0,0.0,0.0,0.6,1,11.0
donisetiawanw3,,5.0,0.0,1749116836,,,1,neutral,0.55,0,0.0,0.0,0.0,0.0,0.6,1,11.0
ahmaddahlan723,,5.0,0.0,1749295435,,,1,neutral,0.55,0,0.0,0.0,0.0,0.0,0.6,1,11.0
muhamad_riky13,,5.0,0.0,1749172844,,,1,neutral,0.55,0,0.0,0.0,0.0,0.0,0.6,1,11.0
bimo_pratam86,,5.0,0.0,1749518645,,,1,neutral,0.55,0,0.0,0.0,0.0,0.0,0.6,1,11.0
juvx03x41x,,5.0,0.0,1750022688,,,1,neutral,0.55,0,0.0,0.0,0.0,0.0,0.6,1,11.0
dragonboll093,,5.0,0.0,1749988251,,,1,neutral,0.55,0,0.0,0.0,0.0,0.0,0.6,1,11.0
qianadarren,,5.0,0.0,1749995654,,,1,neutral,0.55,0,0.0,0.0,0.0,0.0,0.6,1,11.0
djonazhadelinmoza,,5.0,0.0,1749898266,,,1,neutral,0.55,0,0.0,0.0,0.0,0.0,0.6,1,11.0
cakanandana,,5.0,0.0,1750070391,,,1,neutral,0.55,0,0.0,0.0,0.0,0.0,0.6,1,11.0
feryjuliansyah699,,5.0,0.0,1749803212,,,1,neutral,0.55,0,0.0,0.0,0.0,0.0,0.6,1,11.0
nopalganteng763,,5.0,0.0,1750196432,,,1,neutral,0.55,0,0.0,0.0,0.0,0.0,0.6,1,11.0
i*****3,,5.0,0.0,1750157979,,,1,neutral,0.55,0,0.0,0.0,0.0,0.0,0.6,1,11.0
mia_yuri10,,5.0,0.0,1750296923,,,1,neutral,0.55,0,0.0,0.0,0.0,0.0,0.6,1,11.0
vv__bbfl9p,,5.0,0.0,1750263538,,,1,neutral,0.55,0,0.0,0.0,0.0,0.0,0.6,1,11.0
febristore001,,5.0,0.0,1749628667,,,1,neutral,0.55,0,0.0,0.0,0.0,0.0,0.6,1,11.0
vqc9sp0ies,,5.0,0.0,1749689504,,,1,neutral,0.55,0,0.0,0.0,0.0,0.0,0.6,1,11.0
argafaaz,,5.0,0.0,1750235246,,,1,neutral,0.55,0,0.0,0.0,0.0,0.0,0.6,1,11.0
asepramdani078,,5.0,0.0,1750334393,,,1,neutral,0.55,0,0.0,0.0,0.0,0.0,0.6,1,11.0
alfatyrois,,5.0,0.0,1750351510,,,1,neutral,0.55,0,0.0,0.0,0.0,0.0,0.6,1,11.0
rwo_ejhxki,,5.0,0.0,1750421715,,,1,neutral,0.55,0,0.0,0.0,0.0,0.0,0.6,1,11.0
uehr81z0as,,5.0,0.0,1750521327,,,1,neutral,0.55,0,0.0,0.0,0.0,0.0,0.6,1,11.0
masitahsr,,5.0,0.0,1750554547,,,1,neutral,0.55,0,0.0,0.0,0.0,0.0,0.6,1,11.0
2l8rsl92jp,,5.0,0.0,1750515727,,,1,neutral,0.55,0,0.0,0.0,0.0,0.0,0.6,1,11.0
iiembharga,,5.0,0.0,1750589715,,,1,neutral,0.55,0,0.0,0.0,0.0,0.0,0.6,1,11.0
i*****r,,5.0,0.0,1750658161,,,1,neutral,0.55,0,0.0,0.0,0.0,0.0,0.6,1,11.0
adryan121,,5.0,0.0,1752396197,,,1,neutral,0.55,0,0.0,0.0,0.0,0.0,0.6,1,11.0
anazstaanazsta,,5.0,0.0,1752413670,,,1,neutral,0.55,0,0.0,0.0,0.0,0.0,0.6,1,11.0
andryjadmika,,5.0,0.0,1752679158,,,1,neutral,0.55,0,0.0,0.0,0.0,0.0,0.6,1,11.0
vag4cv6k67,,5.0,0.0,1752800618,,,1,neutral,0.55,0,0.0,0.0,0.0,0.0,0.6,1,11.0
mhmadrzky,,5.0,0.0,1752983039,,,1,neutral,0.55,0,0.0,0.0,0.0,0.0,0.6,1,11.0
farisris631,,5.0,0.0,1752992986,,,1,neutral,0.55,0,0.0,0.0,0.0,0.0,0.6,1,11.0
antonioriado,,5.0,0.0,1752978142,,,1,neutral,0.55,0,0.0,0.0,0.0,0.0,0.6,1,11.0
satriaagung03,,5.0,0.0,1753619064,,,1,neutral,0.55,0,0.0,0.0,0.0,0.0,0.6,1,11.0
vv__bbfl9p,,5.0,0.0,1750263538,,,1,neutral,0.55,0,0.0,0.0,0.0,0.0,0.6,1,11.0
rwo_ejhxki,,5.0,0.0,1750421715,,,1,neutral,0.55,0,0.0,0.0,0.0,0.0,0.6,1,11.0
asepramdani078,,5.0,0.0,1750334393,,,1,neutral,0.55,0,0.0,0.0,0.0,0.0,0.6,1,11.0
alfatyrois,,5.0,0.0,1750351510,,,1,neutral,0.55,0,0.0,0.0,0.0,0.0,0.6,1,11.0
2l8rsl92jp,,5.0,0.0,1750515727,,,1,neutral,0.55,0,0.0,0.0,0.0,0.0,0.6,1,11.0
masitahsr,,5.0,0.0,1750554547,,,1,neutral,0.55,0,0.0,0.0,0.0,0.0,0.6,1,11.0
askia.fathir_,,5.0,0.0,1751093547,,,1,neutral,0.55,0,0.0,0.0,0.0,0.0,0.6,1,11.0
zenalarifin33,,5.0,0.0,1751264536,,,1,neutral,0.55,0,0.0,0.0,0.0,0.0,0.6,1,11.0
novendanurhidayat,,5.0,0.0,1750662816,,,1,neutral,0.55,0,0.0,0.0,0.0,0.0,0.6,1,11.0
iiembharga,,5.0,0.0,1750589715,,,1,neutral,0.55,0,0.0,0.0,0.0,0.0,0.6,1,11.0
uehr81z0as,,5.0,0.0,1750521327,,,1,neutral,0.55,0,0.0,0.0,0.0,0.0,0.6,1,11.0
qzr0tr7376,,5.0,0.0,1751434381,,,1,neutral,0.55,0,0.0,0.0,0.0,0.0,0.6,1,11.0
muhammadabimanyualnata,,5.0,0.0,1751399885,,,1,neutral,0.55,0,0.0,0.0,0.0,0.0,0.6,1,11.0
0*****p,,5.0,0.0,1751391596,,,1,neutral,0.55,0,0.0,0.0,0.0,0.0,0.6,1,11.0
kiyaanamanya,,5.0,0.0,1751341317,,,1,neutral,0.55,0,0.0,0.0,0.0,0.0,0.6,1,11.0
ikaedowicaksono,,5.0,0.0,1751833321,,,1,neutral,0.55,0,0.0,0.0,0.0,0.0,0.6,1,11.0
adisiswoyowoyo,,5.0,0.0,1751884382,,,1,neutral,0.55,0,0.0,0.0,0.0,0.0,0.6,1,11.0
syamhali,,5.0,0.0,1751792928,,,1,neutral,0.55,0,0.0,0.0,0.0,0.0,0.6,1,11.0
rudinckp,,5.0,0.0,1751463773,,,1,neutral,0.55,0,0.0,0.0,0.0,0.0,0.6,1,11.0
fahrulzachri,,5.0,0.0,1751475831,,,1,neutral,0.55,0,0.0,0.0,0.0,0.0,0.6,1,11.0
pudanx975,,5.0,0.0,1751449158,,,1,neutral,0.55,0,0.0,0.0,0.0,0.0,0.6,1,11.0
adildill098,,5.0,0.0,1751466897,,,1,neutral,0.55,0,0.0,0.0,0.0,0.0,0.6,1,11.0
margaretavia664,,5.0,0.0,1751647299,,,1,neutral,0.55,0,0.0,0.0,0.0,0.0,0.6,1,11.0
03nurgenjisaputra,,5.0,0.0,1751553804,,,1,neutral,0.55,0,0.0,0.0,0.0,0.0,0.6,1,11.0
mr.yono90,,5.0,0.0,1751982289,,,1,neutral,0.55,0,0.0,0.0,0.0,0.0,0.6,1,11.0
rianokta27,,5.0,0.0,1751987568,,,1,neutral,0.55,0,0.0,0.0,0.0,0.0,0.6,1,11.0
5670kcjtrc,,5.0,0.0,1751968498,,,1,neutral,0.55,0,0.0,0.0,0.0,0.0,0.6,1,11.0
zainkmb,,5.0,0.0,1751993423,,,1,neutral,0.55,0,0.0,0.0,0.0,0.0,0.6,1,11.0
ratnakomalasari318,,5.0,0.0,1752065929,,,1,neutral,0.55,0,0.0,0.0,0.0,0.0,0.6,1,11.0
massadentiga,,5.0,0.0,1752140510,,,1,neutral,0.55,0,0.0,0.0,0.0,0.0,0.6,1,11.0
aldiialdii694,,5.0,0.0,1752117087,,,1,neutral,0.55,0,0.0,0.0,0.0,0.0,0.6,1,11.0
aplesaples961,,5.0,0.0,1752148055,,,1,neutral,0.55,0,0.0,0.0,0.0,0.0,0.6,1,11.0
sponsbobsponsbob538,,5.0,0.0,1752143382,,,1,neutral,0.55,0,0.0,0.0,0.0,0.0,0.6,1,11.0
maulanamuhammadrozzin,,5.0,0.0,1752213759,,,1,neutral,0.55,0,0.0,0.0,0.0,0.0,0.6,1,11.0
riwacell942,,5.0,0.0,1752330502,,,1,neutral,0.55,0,0.0,0.0,0.0,0.0,0.6,1,11.0
andryjadmika,,5.0,0.0,1752679158,,,1,neutral,0.55,0,0.0,0.0,0.0,0.0,0.6,1,11.0
vag4cv6k67,,5.0,0.0,1752800618,,,1,neutral,0.55,0,0.0,0.0,0.0,0.0,0.6,1,11.0
wahyu_boyss,,5.0,0.0,1753210848,,,1,neutral,0.55,0,0.0,0.0,0.0,0.0,0.6,1,11.0
ahyaniracing,,5.0,0.0,1753419248,,,1,neutral,0.55,0,0.0,0.0,0.0,0.0,0.6,1,11.0
jv_w3317v8,,5.0,0.0,1753414310,,,1,neutral,0.55,0,0.0,0.0,0.0,0.0,0.6,1,11.0
anjas.elgi.260497,,5.0,0.0,1753411358,,,1,neutral,0.55,0,0.0,0.0,0.0,0.0,0.6,1,11.0
yusron099,,5.0,0.0,1753351041,,,1,neutral,0.55,0,0.0,0.0,0.0,0.0,0.6,1,11.0
ivantaa,,5.0,0.0,1753357044,,,1,neutral,0.55,0,0.0,0.0,0.0,0.0,0.6,1,11.0
kenzo_kecil,,5.0,0.0,1753360152,,,1,neutral,0.55,0,0.0,0.0,0.0,0.0,0.6,1,11.0
5*****y,,5.0,0.0,1753364249,,,1,neutral,0.55,0,0.0,0.0,0.0,0.0,0.6,1,11.0
d*****5,,5.0,0.0,1753446203,,,1,neutral,0.55,0,0.0,0.0,0.0,0.0,0.6,1,11.0
yx60dxzyw2,,5.0,0.0,1753448785,,,1,neutral,0.55,0,0.0,0.0,0.0,0.0,0.6,1,11.0
nurjayadialayubi,,5.0,0.0,1753272131,,,1,neutral,0.55,0,0.0,0.0,0.0,0.0,0.6,1,11.0
riyanpaleviii,,5.0,0.0,1753516206,,,1,neutral,0.55,0,0.0,0.0,0.0,0.0,0.6,1,11.0
utauta975,,5.0,0.0,1753564557,,,1,neutral,0.55,0,0.0,0.0,0.0,0.0,0.6,1,11.0
dederriz,,5.0,0.0,1753833803,,,1,neutral,0.55,0,0.0,0.0,0.0,0.0,0.6,1,11.0
ademahesaa1,,5.0,0.0,1753873338,,,1,neutral,0.55,0,0.0,0.0,0.0,0.0,0.6,1,11.0
wahyudin250191,,5.0,0.0,1753671205,,,1,neutral,0.55,0,0.0,0.0,0.0,0.0,0.6,1,11.0
jay060899,,5.0,0.0,1753676624,,,1,neutral,0.55,0,0.0,0.0,0.0,0.0,0.6,1,11.0
satriaagung03,,5.0,0.0,1753619064,,,1,neutral,0.55,0,0.0,0.0,0.0,0.0,0.6,1,11.0
safasyafruddin06,,5.0,0.0,1753609067,,,1,neutral,0.55,0,0.0,0.0,0.0,0.0,0.6,1,11.0
owennn528,,5.0,0.0,1753804215,,,1,neutral,0.55,0,0.0,0.0,0.0,0.0,0.6,1,11.0
riouyung,,5.0,0.0,1754213627,,,1,neutral,0.55,0,0.0,0.0,0.0,0.0,0.6,1,11.0
1nxegypgo1,,5.0,0.0,1754191043,,,1,neutral,0.55,0,0.0,0.0,0.0,0.0,0.6,1,11.0
iamparhann,,5.0,0.0,1754236638,,,1,neutral,0.55,0,0.0,0.0,0.0,0.0,0.6,1,11.0
sylfani27_,,5.0,0.0,1754207896,,,1,neutral,0.55,0,0.0,0.0,0.0,0.0,0.6,1,11.0
bj5lkdo862,,5.0,0.0,1754294831,,,1,neutral,0.55,0,0.0,0.0,0.0,0.0,0.6,1,11.0
anazstaanazsta,,5.0,0.0,1752413670,,,1,neutral,0.55,0,0.0,0.0,0.0,0.0,0.6,1,11.0
adryan121,,5.0,0.0,1752396197,,,1,neutral,0.55,0,0.0,0.0,0.0,0.0,0.6,1,11.0
haron01420,,5.0,0.0,1752399229,,,1,neutral,0.55,0,0.0,0.0,0.0,0.0,0.6,1,11.0
marisakelas11,,5.0,0.0,1752491806,,,1,neutral,0.55,0,0.0,0.0,0.0,0.0,0.6,1,11.0
bagusrahmadandika,,5.0,0.0,1752566884,,,1,neutral,0.55,0,0.0,0.0,0.0,0.0,0.6,1,11.0
arsaputra2099,,5.0,0.0,1752884878,,,1,neutral,0.55,0,0.0,0.0,0.0,0.0,0.6,1,11.0
antonioriado,,5.0,0.0,1752978142,,,1,neutral,0.55,0,0.0,0.0,0.0,0.0,0.6,1,11.0
mhmadrzky,,5.0,0.0,1752983039,,,1,neutral,0.55,0,0.0,0.0,0.0,0.0,0.6,1,11.0
farisris631,,5.0,0.0,1752992986,,,1,neutral,0.55,0,0.0,0.0,0.0,0.0,0.6,1,11.0
azamtawakkal932,,5.0,0.0,1754049367,,,1,neutral,0.55,0,0.0,0.0,0.0,0.0,0.6,1,11.0
wahydi91,,5.0,0.0,1754027642,,,1,neutral,0.55,0,0.0,0.0,0.0,0.0,0.6,1,11.0
alhadiyaldino,,5.0,0.0,1754477120,,,1,neutral,0.55,0,0.0,0.0,0.0,0.0,0.6,1,11.0
safirasalsabilaputri819,,5.0,0.0,1754465411,,,1,neutral,0.55,0,0.0,0.0,0.0,0.0,0.6,1,11.0
oji2230,,5.0,0.0,1754391528,,,1,neutral,0.55,0,0.0,0.0,0.0,0.0,0.6,1,11.0
rachmatlariand,,5.0,0.0,1754497336,,,1,neutral,0.55,0,0.0,0.0,0.0,0.0,0.6,1,11.0
bffih7fn5e,,5.0,0.0,1754895577,,,1,neutral,0.55,0,0.0,0.0,0.0,0.0,0.6,1,11.0
mikasulthan,,5.0,0.0,1755092868,,,1,neutral,0.55,0,0.0,0.0,0.0,0.0,0.6,1,11.0
ikbhal23,,5.0,0.0,1754734761,,,1,neutral,0.55,0,0.0,0.0,0.0,0.0,0.6,1,11.0
steventextile,,5.0,0.0,1755527650,,,1,neutral,0.55,0,0.0,0.0,0.0,0.0,0.6,1,11.0
yantproject,,5.0,0.0,1755658421,,,1,neutral,0.55,0,0.0,0.0,0.0,0.0,0.6,1,11.0
robistreamside,,5.0,0.0,1755789919,,,1,neutral,0.55,0,0.0,0.0,0.0,0.0,0.6,1,11.0
made_diwah1,,5.0,0.0,1755900177,,,1,neutral,0.55,0,0.0,0.0,0.0,0.0,0.6,1,11.0
r*****3,,5.0,0.0,1756615468,,,1,neutral,0.55,0,0.0,0.0,0.0,0.0,0.6,1,11.0
rifvay,,5.0,0.0,1756292384,,,1,neutral,0.55,0,0.0,0.0,0.0,0.0,0.6,1,11.0
nabil260198,,5.0,0.0,1756304154,,,1,neutral,0.55,0,0.0,0.0,0.0,0.0,0.6,1,11.0
mhiming08,,5.0,0.0,1756126459,,,1,neutral,0.55,0,0.0,0.0,0.0,0.0,0.6,1,11.0
qpalmho_b3,,5.0,0.0,1756017243,,,1,neutral,0.55,0,0.0,0.0,0.0,0.0,0.6,1,11.0
riskybintang,,5.0,0.0,1756371647,,,1,neutral,0.55,0,0.0,0.0,0.0,0.0,0.6,1,11.0
yohanesdiodanuari,,5.0,0.0,1756377521,,,1,neutral,0.55,0,0.0,0.0,0.0,0.0,0.6,1,11.0
alfan____,,5.0,0.0,1756355860,,,1,neutral,0.55,0,0.0,0.0,0.0,0.0,0.6,1,11.0
zxgreen,,5.0,0.0,1756701167,,,1,neutral,0.55,0,0.0,0.0,0.0,0.0,0.6,1,11.0
o4zx94lb67,,5.0,0.0,1756655894,,,1,neutral,0.55,0,0.0,0.0,0.0,0.0,0.6,1,11.0
amelazzahra038,,5.0,0.0,1756710523,,,1,neutral,0.55,0,0.0,0.0,0.0,0.0,0.6,1,11.0
mhmadrzky,,5.0,0.0,1756742825,,,1,neutral,0.55,0,0.0,0.0,0.0,0.0,0.6,1,11.0
n25g51kg2g,,5.0,0.0,1756481508,,,1,neutral,0.55,0,0.0,0.0,0.0,0.0,0.6,1,11.0
3v2x2dyjlj,,5.0,0.0,1756540958,,,1,neutral,0.55,0,0.0,0.0,0.0,0.0,0.6,1,11.0
1hky_um1_g,,5.0,0.0,1756005625,,,1,neutral,0.55,0,0.0,0.0,0.0,0.0,0.6,1,11.0
jefersonbatmomolin,,5.0,0.0,1756785059,,,1,neutral,0.55,0,0.0,0.0,0.0,0.0,0.6,1,11.0
ardhi_almajid09,,5.0,0.0,1757069329,,,1,neutral,0.55,0,0.0,0.0,0.0,0.0,0.6,1,11.0
mg_aladdin29,,5.0,0.0,1757160828,,,1,neutral,0.55,0,0.0,0.0,0.0,0.0,0.6,1,11.0
endasetone,,5.0,0.0,1757243581,,,1,neutral,0.55,0,0.0,0.0,0.0,0.0,0.6,1,11.0
xsrido,,5.0,0.0,1757246297,,,1,neutral,0.55,0,0.0,0.0,0.0,0.0,0.6,1,11.0
ardhivinks,,5.0,0.0,1757053706,,,1,neutral,0.55,0,0.0,0.0,0.0,0.0,0.6,1,11.0
simpak_turbo031,,5.0,0.0,1757342569,,,1,neutral,0.55,0,0.0,0.0,0.0,0.0,0.6,1,11.0
ogi_riffa15,,5.0,0.0,1761881086,,,1,neutral,0.55,0,0.0,0.0,0.0,0.0,0.6,1,11.0
aldibaduy493,,5.0,0.0,1761878525,,,1,neutral,0.55,0,0.0,0.0,0.0,0.0,0.6,1,11.0
alucard318,,5.0,0.0,1761979345,,,1,neutral,0.55,0,0.0,0.0,0.0,0.0,0.6,1,11.0
muhamadbadarudin908,,5.0,0.0,1762520762,,,1,neutral,0.55,0,0.0,0.0,0.0,0.0,0.6,1,11.0
muklisanugrah824,,5.0,0.0,1762662379,,,1,neutral,0.55,0,0.0,0.0,0.0,0.0,0.6,1,11.0
danteudanzz,,5.0,0.0,1762678368,,,1,neutral,0.55,0,0.0,0.0,0.0,0.0,0.6,1,11.0
wandias503,,5.0,0.0,1762578912,,,1,neutral,0.55,0,0.0,0.0,0.0,0.0,0.6,1,11.0
02q16hn21r,,5.0,0.0,1762600798,,,1,neutral,0.55,0,0.0,0.0,0.0,0.0,0.6,1,11.0
6wfy51w3zr,,5.0,0.0,1762749736,,,1,neutral,0.55,0,0.0,0.0,0.0,0.0,0.6,1,11.0
duwiekb6hw,,5.0,0.0,1762287625,,,1,neutral,0.55,0,0.0,0.0,0.0,0.0,0.6,1,11.0
fajar02setia,,5.0,0.0,1762313947,,,1,neutral,0.55,0,0.0,0.0,0.0,0.0,0.6,1,11.0
iksanjaya0098,,5.0,0.0,1762238702,,,1,neutral,0.55,0,0.0,0.0,0.0,0.0,0.6,1,11.0
bandungtea145,,5.0,0.0,1762274315,,,1,neutral,0.55,0,0.0,0.0,0.0,0.0,0.6,1,11.0
w.hidayat77,,5.0,0.0,1762247625,,,1,neutral,0.55,0,0.0,0.0,0.0,0.0,0.6,1,11.0
zakariaaja061,,5.0,0.0,1762956803,,,1,neutral,0.55,0,0.0,0.0,0.0,0.0,0.6,1,11.0
ichsanmapunna413,,5.0,0.0,1762942382,,,1,neutral,0.55,0,0.0,0.0,0.0,0.0,0.6,1,11.0
manggepengtea,,5.0,0.0,1762516243,,,1,neutral,0.55,0,0.0,0.0,0.0,0.0,0.6,1,11.0
2umxz7q81j,,5.0,0.0,1762488530,,,1,neutral,0.55,0,0.0,0.0,0.0,0.0,0.6,1,11.0
dwineisya28,,5.0,0.0,1762935785,,,1,neutral,0.55,0,0.0,0.0,0.0,0.0,0.6,1,11.0
nfk0pm_8tw,,5.0,0.0,1762830119,,,1,neutral,0.55,0,0.0,0.0,0.0,0.0,0.6,1,11.0
airisninetyfive,,5.0,0.0,1762851293,,,1,neutral,0.55,0,0.0,0.0,0.0,0.0,0.6,1,11.0
ramadhanmiko,,5.0,0.0,1763358403,,,1,neutral,0.55,0,0.0,0.0,0.0,0.0,0.6,1,11.0
bedhi,,5.0,0.0,1763343197,,,1,neutral,0.55,0,0.0,0.0,0.0,0.0,0.6,1,11.0
a*****e,,5.0,0.0,1763366324,,,1,neutral,0.55,0,0.0,0.0,0.0,0.0,0.6,1,11.0
irwanda673,,5.0,0.0,1763125292,,,1,neutral,0.55,0,0.0,0.0,0.0,0.0,0.6,1,11.0
dedysanjaya520,,5.0,0.0,1763182161,,,1,neutral,0.55,0,0.0,0.0,0.0,0.0,0.6,1,11.0
fayolla25,,5.0,0.0,1763358653,,,1,neutral,0.55,0,0.0,0.0,0.0,0.0,0.6,1,11.0
alvinusell,,5.0,0.0,1763383748,,,1,neutral,0.55,0,0.0,0.0,0.0,0.0,0.6,1,11.0
bastiansaid,,5.0,0.0,1763377022,,,1,neutral,0.55,0,0.0,0.0,0.0,0.0,0.6,1,11.0
om_ipit,,5.0,0.0,1763403014,,,1,neutral,0.55,0,0.0,0.0,0.0,0.0,0.6,1,11.0
2*****j,,5.0,0.0,1763498662,,,1,neutral,0.55,0,0.0,0.0,0.0,0.0,0.6,1,11.0
_me_and_you,,5.0,0.0,1763142287,,,1,neutral,0.55,0,0.0,0.0,0.0,0.0,0.6,1,11.0
9wkresggpk,,5.0,0.0,1763113527,,,1,neutral,0.55,0,0.0,0.0,0.0,0.0,0.6,1,11.0
bjork4k4,,5.0,0.0,1763805376,,,1,neutral,0.55,0,0.0,0.0,0.0,0.0,0.6,1,11.0
kmuaneh,,5.0,0.0,1763613798,,,1,neutral,0.55,0,0.0,0.0,0.0,0.0,0.6,1,11.0
thahirthahir339,,5.0,0.0,1763707463,,,1,neutral,0.55,0,0.0,0.0,0.0,0.0,0.6,1,11.0
2t4rvj1jdz,,5.0,0.0,1763459750,,,1,neutral,0.55,0,0.0,0.0,0.0,0.0,0.6,1,11.0
ranggajr053,,5.0,0.0,1763902938,,,1,neutral,0.55,0,0.0,0.0,0.0,0.0,0.6,1,11.0
mobagas_13,,5.0,0.0,1763963167,,,1,neutral,0.55,0,0.0,0.0,0.0,0.0,0.6,1,11.0
mas_irwant,,5.0,0.0,1763965376,,,1,neutral,0.55,0,0.0,0.0,0.0,0.0,0.6,1,11.0
anaktkiberpuisi,,5.0,0.0,1763964432,,,1,neutral,0.55,0,0.0,0.0,0.0,0.0,0.6,1,11.0
kakaaos11,,5.0,0.0,1763881534,,,1,neutral,0.55,0,0.0,0.0,0.0,0.0,0.6,1,11.0
lizaananda633,,5.0,0.0,1763990388,,,1,neutral,0.55,0,0.0,0.0,0.0,0.0,0.6,1,11.0
devichin795,,5.0,0.0,1763965820,,,1,neutral,0.55,0,0.0,0.0,0.0,0.0,0.6,1,11.0
wikolassaputra,,5.0,0.0,1764147385,,,1,neutral,0.55,0,0.0,0.0,0.0,0.0,0.6,1,11.0
ygajaak,,5.0,0.0,1764159684,,,1,neutral,0.55,0,0.0,0.0,0.0,0.0,0.6,1,11.0
rizani29,,5.0,0.0,1764153553,,,1,neutral,0.55,0,0.0,0.0,0.0,0.0,0.6,1,11.0
myusuf402,,5.0,0.0,1764679752,,,1,neutral,0.55,0,0.0,0.0,0.0,0.0,0.6,1,11.0
helmipratama542,,5.0,0.0,1764761771,,,1,neutral,0.55,0,0.0,0.0,0.0,0.0,0.6,1,11.0
qs57yrudi1,,5.0,0.0,1764393145,,,1,neutral,0.55,0,0.0,0.0,0.0,0.0,0.6,1,11.0
iwannnsateee,,5.0,0.0,1764375819,,,1,neutral,0.55,0,0.0,0.0,0.0,0.0,0.6,1,11.0
sektiajiantoko,,5.0,0.0,1764417554,,,1,neutral,0.55,0,0.0,0.0,0.0,0.0,0.6,1,11.0
xew1e70j85,,5.0,0.0,1764285101,,,1,neutral,0.55,0,0.0,0.0,0.0,0.0,0.6,1,11.0
abitmarsello687,,5.0,0.0,1764326698,,,1,neutral,0.55,0,0.0,0.0,0.0,0.0,0.6,1,11.0
prxe2rw5yj,,5.0,0.0,1765532641,,,1,neutral,0.55,0,0.0,0.0,0.0,0.0,0.6,1,11.0
wiryapamanukan,,5.0,0.0,1765560475,,,1,neutral,0.55,0,0.0,0.0,0.0,0.0,0.6,1,11.0
alfainhamdi,,5.0,0.0,1765562084,,,1,neutral,0.55,0,0.0,0.0,0.0,0.0,0.6,1,11.0
clxtrvnxsq,,5.0,0.0,1765454480,,,1,neutral,0.55,0,0.0,0.0,0.0,0.0,0.6,1,11.0
gaffistore207,,5.0,0.0,1765507843,,,1,neutral,0.55,0,0.0,0.0,0.0,0.0,0.6,1,11.0
edypethek796,,5.0,0.0,1764937245,,,1,neutral,0.55,0,0.0,0.0,0.0,0.0,0.6,1,11.0
sektiajiantoko,,5.0,0.0,1764417554,,,1,neutral,0.55,0,0.0,0.0,0.0,0.0,0.6,1,11.0
t9j1vq51ht,,5.0,0.0,1764497462,,,1,neutral,0.55,0,0.0,0.0,0.0,0.0,0.6,1,11.0
aliaziz856,,5.0,0.0,1764497627,,,1,neutral,0.55,0,0.0,0.0,0.0,0.0,0.6,1,11.0
al_j2jfw3h,,5.0,0.0,1764772893,,,1,neutral,0.55,0,0.0,0.0,0.0,0.0,0.6,1,11.0
helmipratama542,,5.0,0.0,1764761771,,,1,neutral,0.55,0,0.0,0.0,0.0,0.0,0.6,1,11.0
dedytrihandoko625,,5.0,0.0,1764980534,,,1,neutral,0.55,0,0.0,0.0,0.0,0.0,0.6,1,11.0
abitmarsello687,,5.0,0.0,1764326698,,,1,neutral,0.55,0,0.0,0.0,0.0,0.0,0.6,1,11.0
iwannnsateee,,5.0,0.0,1764375819,,,1,neutral,0.55,0,0.0,0.0,0.0,0.0,0.6,1,11.0
qs57yrudi1,,5.0,0.0,1764393145,,,1,neutral,0.55,0,0.0,0.0,0.0,0.0,0.6,1,11.0
6wz5f_qpb_,,5.0,0.0,1764300449,,,1,neutral,0.55,0,0.0,0.0,0.0,0.0,0.6,1,11.0
_uvmpvkku9,,5.0,0.0,1764617569,,,1,neutral,0.55,0,0.0,0.0,0.0,0.0,0.6,1,11.0
myusuf402,,5.0,0.0,1764679752,,,1,neutral,0.55,0,0.0,0.0,0.0,0.0,0.6,1,11.0
aldyacandra,,5.0,0.0,1764668298,,,1,neutral,0.55,0,0.0,0.0,0.0,0.0,0.6,1,11.0
firmane85,,5.0,0.0,1765139379,,,1,neutral,0.55,0,0.0,0.0,0.0,0.0,0.6,1,11.0
baloselli45,,5.0,0.0,1765038794,,,1,neutral,0.55,0,0.0,0.0,0.0,0.0,0.6,1,11.0
e8w4s20yxu,,5.0,0.0,1765184384,,,1,neutral,0.55,0,0.0,0.0,0.0,0.0,0.6,1,11.0
javiergaming556,,5.0,0.0,1765181229,,,1,neutral,0.55,0,0.0,0.0,0.0,0.0,0.6,1,11.0
sahrul_72sahrul,,5.0,0.0,1765067129,,,1,neutral,0.55,0,0.0,0.0,0.0,0.0,0.6,1,11.0
khabevt4x1,,5.0,0.0,1765274116,,,1,neutral,0.55,0,0.0,0.0,0.0,0.0,0.6,1,11.0
tonibae887,,5.0,0.0,1765279639,,,1,neutral,0.55,0,0.0,0.0,0.0,0.0,0.6,1,11.0
riskisadewe21,,5.0,0.0,1765252147,,,1,neutral,0.55,0,0.0,0.0,0.0,0.0,0.6,1,11.0
alex301203,,5.0,0.0,1765256750,,,1,neutral,0.55,0,0.0,0.0,0.0,0.0,0.6,1,11.0
achmadrohimhidayatullaha,,5.0,0.0,1765254404,,,1,neutral,0.55,0,0.0,0.0,0.0,0.0,0.6,1,11.0
4y2ehrb3en,,5.0,0.0,1765647697,,,1,neutral,0.55,0,0.0,0.0,0.0,0.0,0.6,1,11.0
mico_dinata,,5.0,0.0,1765672737,,,1,neutral,0.55,0,0.0,0.0,0.0,0.0,0.6,1,11.0
nalzywkz,,5.0,0.0,1765627413,,,1,neutral,0.55,0,0.0,0.0,0.0,0.0,0.6,1,11.0
vrayudhaaditya,,5.0,0.0,1765707022,,,1,neutral,0.55,0,0.0,0.0,0.0,0.0,0.6,1,11.0
kanapi00,,5.0,0.0,1765728119,,,1,neutral,0.55,0,0.0,0.0,0.0,0.0,0.6,1,11.0
deahasanah303,,5.0,0.0,1765635381,,,1,neutral,0.55,0,0.0,0.0,0.0,0.0,0.6,1,11.0
panjulooo,,5.0,0.0,1765802992,,,1,neutral,0.55,0,0.0,0.0,0.0,0.0,0.6,1,11.0
98snack,,5.0,0.0,1765796979,,,1,neutral,0.55,0,0.0,0.0,0.0,0.0,0.6,1,11.0
c42q2zq2x1,,5.0,0.0,1765897906,,,1,neutral,0.55,0,0.0,0.0,0.0,0.0,0.6,1,11.0
gerrypribadi,,5.0,0.0,1765865517,,,1,neutral,0.55,0,0.0,0.0,0.0,0.0,0.6,1,11.0
anisah51256,,5.0,0.0,1765853118,,,1,neutral,0.55,0,0.0,0.0,0.0,0.0,0.6,1,11.0
jajangkomarudin634,,4.0,0.0,1741487423,,,1,neutral,0.55,0,0.0,0.0,0.0,0.0,0.6,1,10.12
zull1004,,4.0,0.0,1741621528,,,1,neutral,0.55,0,0.0,0.0,0.0,0.0,0.6,1,10.12
antowijayawijaya583,,4.0,0.0,1741610307,,,1,neutral,0.55,0,0.0,0.0,0.0,0.0,0.6,1,10.12
thboyy,,4.0,0.0,1744290582,,,1,neutral,0.55,0,0.0,0.0,0.0,0.0,0.6,1,10.12
8hxoyt538z,,4.0,0.0,1744369557,,,1,neutral,0.55,0,0.0,0.0,0.0,0.0,0.6,1,10.12
78epy7mpc9,,4.0,0.0,1745206408,,,1,neutral,0.55,0,0.0,0.0,0.0,0.0,0.6,1,10.12
91ge64vatl,,4.0,0.0,1746124332,,,1,neutral,0.55,0,0.0,0.0,0.0,0.0,0.6,1,10.12
sitihanifah241,,4.0,0.0,1757323572,,,1,neutral,0.55,0,0.0,0.0,0.0,0.0,0.6,1,10.12
megantropuss7,,4.0,0.0,1757462527,,,1,neutral,0.55,0,0.0,0.0,0.0,0.0,0.6,1,10.12
muhammaddani795,,4.0,0.0,1759066865,,,1,neutral,0.55,0,0.0,0.0,0.0,0.0,0.6,1,10.12
g3yxxxw8tf,,4.0,0.0,1758516068,,,1,neutral,0.55,0,0.0,0.0,0.0,0.0,0.6,1,10.12
masrenoprasetya,,4.0,0.0,1760380685,,,1,neutral,0.55,0,0.0,0.0,0.0,0.0,0.6,1,10.12
tioaja598,,4.0,0.0,1741311603,,,1,neutral,0.55,0,0.0,0.0,0.0,0.0,0.6,1,10.12
elbadrunfalila,,4.0,0.0,1742345211,,,1,neutral,0.55,0,0.0,0.0,0.0,0.0,0.6,1,10.12
malaikat_maut212,,4.0,0.0,1742634466,,,1,neutral,0.55,0,0.0,0.0,0.0,0.0,0.6,1,10.12
raflysyaksena,,4.0,0.0,1742837899,,,1,neutral,0.55,0,0.0,0.0,0.0,0.0,0.6,1,10.12
mantanmira,,4.0,0.0,1750645681,,,1,neutral,0.55,0,0.0,0.0,0.0,0.0,0.6,1,10.12
key2_404,,4.0,0.0,1761922067,,,1,neutral,0.55,0,0.0,0.0,0.0,0.0,0.6,1,10.12
anggazia789,,4.0,0.0,1746200640,,,1,neutral,0.55,0,0.0,0.0,0.0,0.0,0.6,1,10.12
robbihitler379,,4.0,0.0,1746587668,,,1,neutral,0.55,0,0.0,0.0,0.0,0.0,0.6,1,10.12
antonianto476,,4.0,0.0,1746428171,,,1,neutral,0.55,0,0.0,0.0,0.0,0.0,0.6,1,10.12
isal128,,4.0,0.0,1746857264,,,1,neutral,0.55,0,0.0,0.0,0.0,0.0,0.6,1,10.12
isnainsali88,,4.0,0.0,1747013297,,,1,neutral,0.55,0,0.0,0.0,0.0,0.0,0.6,1,10.12
suryafirdaus061,,4.0,0.0,1747183488,,,1,neutral,0.55,0,0.0,0.0,0.0,0.0,0.6,1,10.12
rifalhafidz,,4.0,0.0,1747700014,,,1,neutral,0.55,0,0.0,0.0,0.0,0.0,0.6,1,10.12
romi.oktafiano,,4.0,0.0,1747824631,,,1,neutral,0.55,0,0.0,0.0,0.0,0.0,0.6,1,10.12
risela0503,,4.0,0.0,1748256309,,,1,neutral,0.55,0,0.0,0.0,0.0,0.0,0.6,1,10.12
dwicahyano,,4.0,0.0,1749218098,,,1,neutral,0.55,0,0.0,0.0,0.0,0.0,0.6,1,10.12
av1a199js3,,4.0,0.0,1749393130,,,1,neutral,0.55,0,0.0,0.0,0.0,0.0,0.6,1,10.12
irvanmz,,4.0,0.0,1749475787,,,1,neutral,0.55,0,0.0,0.0,0.0,0.0,0.6,1,10.12
mannmanz,,4.0,0.0,1749517623,,,1,neutral,0.55,0,0.0,0.0,0.0,0.0,0.6,1,10.12
yohansyah07,,4.0,0.0,1750075779,,,1,neutral,0.55,0,0.0,0.0,0.0,0.0,0.6,1,10.12
santimobile311,,4.0,0.0,1750235848,,,1,neutral,0.55,0,0.0,0.0,0.0,0.0,0.6,1,10.12
rilzril180,,4.0,0.0,1750315576,,,1,neutral,0.55,0,0.0,0.0,0.0,0.0,0.6,1,10.12
snpkinoy,,4.0,0.0,1750410870,,,1,neutral,0.55,0,0.0,0.0,0.0,0.0,0.6,1,10.12
satrioadi240,,4.0,0.0,1750876737,,,1,neutral,0.55,0,0.0,0.0,0.0,0.0,0.6,1,10.12
cahyataufik386,,4.0,0.0,1751165431,,,1,neutral,0.55,0,0.0,0.0,0.0,0.0,0.6,1,10.12
4*****3,,4.0,0.0,1751465720,,,1,neutral,0.55,0,0.0,0.0,0.0,0.0,0.6,1,10.12
pioviollate,,4.0,0.0,1752660849,,,1,neutral,0.55,0,0.0,0.0,0.0,0.0,0.6,1,10.12
temamuta1999,,4.0,0.0,1753415171,,,1,neutral,0.55,0,0.0,0.0,0.0,0.0,0.6,1,10.12
d_16rsino8,,4.0,0.0,1753269116,,,1,neutral,0.55,0,0.0,0.0,0.0,0.0,0.6,1,10.12
agifmaulana17,,4.0,0.0,1753022007,,,1,neutral,0.55,0,0.0,0.0,0.0,0.0,0.6,1,10.12
a*****i,,4.0,0.0,1753961398,,,1,neutral,0.55,0,0.0,0.0,0.0,0.0,0.6,1,10.12
ranggarahmat44,,4.0,0.0,1755238317,,,1,neutral,0.55,0,0.0,0.0,0.0,0.0,0.6,1,10.12
jiddan98,,4.0,0.0,1755688365,,,1,neutral,0.55,0,0.0,0.0,0.0,0.0,0.6,1,10.12
abdyabdydamanik,,4.0,0.0,1756130085,,,1,neutral,0.55,0,0.0,0.0,0.0,0.0,0.6,1,10.12
alvino_2910,,4.0,0.0,1756202260,,,1,neutral,0.55,0,0.0,0.0,0.0,0.0,0.6,1,10.12
h*****n,,4.0,0.0,1756545122,,,1,neutral,0.55,0,0.0,0.0,0.0,0.0,0.6,1,10.12
budi241085,,4.0,0.0,1756968770,,,1,neutral,0.55,0,0.0,0.0,0.0,0.0,0.6,1,10.12
c_qwili6y5,,4.0,0.0,1756630876,,,1,neutral,0.55,0,0.0,0.0,0.0,0.0,0.6,1,10.12
arolarol328,,4.0,0.0,1762710129,,,1,neutral,0.55,0,0.0,0.0,0.0,0.0,0.6,1,10.12
sofzs_9rfz,,4.0,0.0,1763375474,,,1,neutral,0.55,0,0.0,0.0,0.0,0.0,0.6,1,10.12
villaabe,,4.0,0.0,1763586622,,,1,neutral,0.55,0,0.0,0.0,0.0,0.0,0.6,1,10.12
dedesudirman174,,4.0,0.0,1763903445,,,1,neutral,0.55,0,0.0,0.0,0.0,0.0,0.6,1,10.12
depros07,,4.0,0.0,1764129551,,,1,neutral,0.55,0,0.0,0.0,0.0,0.0,0.6,1,10.12
qqg3nsa5aa,,4.0,0.0,1764933549,,,1,neutral,0.55,0,0.0,0.0,0.0,0.0,0.6,1,10.12
abieprazta,,4.0,0.0,1764487762,,,1,neutral,0.55,0,0.0,0.0,0.0,0.0,0.6,1,10.12
muhamad_afdal_123,,4.0,0.0,1764510049,,,1,neutral,0.55,0,0.0,0.0,0.0,0.0,0.6,1,10.12
gmcg2pql57,,4.0,0.0,1764758866,,,1,neutral,0.55,0,0.0,0.0,0.0,0.0,0.6,1,10.12
leql7k6w25,,4.0,0.0,1765203579,,,1,neutral,0.55,0,0.0,0.0,0.0,0.0,0.6,1,10.12
unforgettable20_,,4.0,0.0,1765654638,,,1,neutral,0.55,0,0.0,0.0,0.0,0.0,0.6,1,10.12
np8qm1e1gq,,4.0,0.0,1765714777,,,1,neutral,0.55,0,0.0,0.0,0.0,0.0,0.6,1,10.12
lutfianrijalussoleh,,4.0,0.0,1765621392,,,1,neutral,0.55,0,0.0,0.0,0.0,0.0,0.6,1,10.12
putrazakarya,,3.0,0.0,1750390839,,,1,neutral,0.55,0,0.0,0.0,0.0,0.0,0.6,1,9.24
andri_juad_arbi,,3.0,0.0,1740592307,,,1,neutral,0.55,0,0.0,0.0,0.0,0.0,0.6,1,9.24
ie1mto0ae4,,3.0,0.0,1744515968,,,1,neutral,0.55,0,0.0,0.0,0.0,0.0,0.6,1,9.24
rzkyy_andrsyh18,,3.0,0.0,1744883134,,,1,neutral,0.55,0,0.0,0.0,0.0,0.0,0.6,1,9.24
cs6lg6v9j8,,3.0,0.0,1759837217,,,1,neutral,0.55,0,0.0,0.0,0.0,0.0,0.6,1,9.24
34a8puok2x,,3.0,0.0,1760240887,,,1,neutral,0.55,0,0.0,0.0,0.0,0.0,0.6,1,9.24
dullohtampan,,3.0,0.0,1743185417,,,1,neutral,0.55,0,0.0,0.0,0.0,0.0,0.6,1,9.24
71s7aso6uj,,3.0,0.0,1743648767,,,1,neutral,0.55,0,0.0,0.0,0.0,0.0,0.6,1,9.24
damaanhuriii,,3.0,0.0,1743158761,,,1,neutral,0.55,0,0.0,0.0,0.0,0.0,0.6,1,9.24
f*****4,,3.0,0.0,1741952044,,,1,neutral,0.55,0,0.0,0.0,0.0,0.0,0.6,1,9.24
farelrk709,,3.0,0.0,1742457685,,,1,neutral,0.55,0,0.0,0.0,0.0,0.0,0.6,1,9.24
uk0gh8ngli,,3.0,0.0,1742803026,,,1,neutral,0.55,0,0.0,0.0,0.0,0.0,0.6,1,9.24
kimak992,,3.0,0.0,1751012722,,,1,neutral,0.55,0,0.0,0.0,0.0,0.0,0.6,1,9.24
husen847,,3.0,0.0,1761793307,,,1,neutral,0.55,0,0.0,0.0,0.0,0.0,0.6,1,9.24
tcpgjjy0f2,,3.0,0.0,1746239004,,,1,neutral,0.55,0,0.0,0.0,0.0,0.0,0.6,1,9.24
triyokuncoro398,,3.0,0.0,1746098640,,,1,neutral,0.55,0,0.0,0.0,0.0,0.0,0.6,1,9.24
ruzyrt,,3.0,0.0,1746503319,,,1,neutral,0.55,0,0.0,0.0,0.0,0.0,0.6,1,9.24
ikhwanalvario,,3.0,0.0,1747900142,,,1,neutral,0.55,0,0.0,0.0,0.0,0.0,0.6,1,9.24
srimajutv,,3.0,0.0,1748256877,,,1,neutral,0.55,0,0.0,0.0,0.0,0.0,0.6,1,9.24
imanuelsitoruss,,3.0,0.0,1749026809,,,1,neutral,0.55,0,0.0,0.0,0.0,0.0,0.6,1,9.24
lidinillah_21,,3.0,0.0,1749357387,,,1,neutral,0.55,0,0.0,0.0,0.0,0.0,0.6,1,9.24
kingcandidate,,3.0,0.0,1750150486,,,1,neutral,0.55,0,0.0,0.0,0.0,0.0,0.6,1,9.24
imammm.muzaki,,3.0,0.0,1754011386,,,1,neutral,0.55,0,0.0,0.0,0.0,0.0,0.6,1,9.24
kimak992,,3.0,0.0,1751012722,,,1,neutral,0.55,0,0.0,0.0,0.0,0.0,0.6,1,9.24
ardianzukri87,,3.0,0.0,1751617534,,,1,neutral,0.55,0,0.0,0.0,0.0,0.0,0.6,1,9.24
nfzhsn693,,3.0,0.0,1751834656,,,1,neutral,0.55,0,0.0,0.0,0.0,0.0,0.6,1,9.24
fredydhafinerz,,3.0,0.0,1751627991,,,1,neutral,0.55,0,0.0,0.0,0.0,0.0,0.6,1,9.24
go93_wsh8x,,3.0,0.0,1754132891,,,1,neutral,0.55,0,0.0,0.0,0.0,0.0,0.6,1,9.24
satriowibowo335,,3.0,0.0,1754529938,,,1,neutral,0.55,0,0.0,0.0,0.0,0.0,0.6,1,9.24
h*****0,,3.0,0.0,1754453252,,,1,neutral,0.55,0,0.0,0.0,0.0,0.0,0.6,1,9.24
rezaasyaputra904,,3.0,0.0,1755524245,,,1,neutral,0.55,0,0.0,0.0,0.0,0.0,0.6,1,9.24
2jfglhq0fs,,3.0,0.0,1755736596,,,1,neutral,0.55,0,0.0,0.0,0.0,0.0,0.6,1,9.24
khaidirbangkokhaidir814,,3.0,0.0,1756641460,,,1,neutral,0.55,0,0.0,0.0,0.0,0.0,0.6,1,9.24
cd73ggoqqd,,3.0,0.0,1756217002,,,1,neutral,0.55,0,0.0,0.0,0.0,0.0,0.6,1,9.24
sq67voj9fb,,3.0,0.0,1756342865,,,1,neutral,0.55,0,0.0,0.0,0.0,0.0,0.6,1,9.24
xmnxyzy,,3.0,0.0,1764693846,,,1,neutral,0.55,0,0.0,0.0,0.0,0.0,0.6,1,9.24
8hbz_5foaf,,3.0,0.0,1764285929,,,1,neutral,0.55,0,0.0,0.0,0.0,0.0,0.6,1,9.24
asepsutisna090,,3.0,0.0,1765300134,,,1,neutral,0.55,0,0.0,0.0,0.0,0.0,0.6,1,9.24
dl10cu6ayh,,3.0,0.0,1765294385,,,1,neutral,0.55,0,0.0,0.0,0.0,0.0,0.6,1,9.24
dedisuryadi530,,3.0,0.0,1765633180,,,1,neutral,0.55,0,0.0,0.0,0.0,0.0,0.6,1,9.24
r*****s,,3.0,0.0,1765877873,,,1,neutral,0.55,0,0.0,0.0,0.0,0.0,0.6,1,9.24
rionaldo787,,2.0,0.0,1761175742,,,1,neutral,0.55,0,0.0,0.0,0.0,0.0,0.6,1,8.36
holongsihaloho,,2.0,0.0,1742025404,,,1,neutral,0.55,0,0.0,0.0,0.0,0.0,0.6,1,8.36
afrgnesfhd,,2.0,0.0,1754812023,,,1,neutral,0.55,0,0.0,0.0,0.0,0.0,0.6,1,8.36
irfanharahab,,2.0,0.0,1761827191,,,1,neutral,0.55,0,0.0,0.0,0.0,0.0,0.6,1,8.36
fahmiwibowo02,,2.0,0.0,1764585934,,,1,neutral,0.55,0,0.0,0.0,0.0,0.0,0.6,1,8.36
5rkg3k3i91,,2.0,0.0,1765318690,,,1,neutral,0.55,0,0.0,0.0,0.0,0.0,0.6,1,8.36
flowersbunga291,,1.0,0.0,1744448552,,,1,neutral,0.55,0,0.0,0.0,0.0,0.0,0.6,1,7.48
o8s4nkw28a,,1.0,0.0,1741074422,,,1,neutral,0.55,0,0.0,0.0,0.0,0.0,0.6,1,7.48
wahyudinata208,,1.0,0.0,1741119850,,,1,neutral,0.55,0,0.0,0.0,0.0,0.0,0.6,1,7.48
vg0bl8k0z2,,1.0,0.0,1741123640,,,1,neutral,0.55,0,0.0,0.0,0.0,0.0,0.6,1,7.48
qbhf0fw3wd,,1.0,0.0,1748052504,,,1,neutral,0.55,0,0.0,0.0,0.0,0.0,0.6,1,7.48
danielaziez,,1.0,0.0,1748155956,,,1,neutral,0.55,0,0.0,0.0,0.0,0.0,0.6,1,7.48
fikriram_,,1.0,0.0,1748788339,,,1,neutral,0.55,0,0.0,0.0,0.0,0.0,0.6,1,7.48
ranggahardline,,1.0,0.0,1765887157,,,1,neutral,0.55,0,0.0,0.0,0.0,0.0,0.6,1,7.48
depresikuntul,,5.0,0.0,1764906623,,,1,neutral,0.55,0,0.0,0.0,0.0,0.0,0.6,1,11.0
15klobg7vy,,4.0,0.0,1758499304,,,1,neutral,0.55,0,0.0,0.0,0.0,0.0,0.6,1,10.12
_xrlnbdu4v,,5.0,1.0,1743785092,,,1,neutral,0.55,0,0.0,0.0,0.0,0.0,0.6,1,11.42
qmnp7fadat,,4.0,0.0,1760131881,,,1,neutral,0.55,0,0.0,0.0,0.0,0.0,0.6,1,10.12
