username,comment,rating,likes,create_time,comment_clean,tokens,tokens_count,sentiment,sentiment_confidence,text_len,char_repeat_ratio,token_repeat_ratio,dup_score,mismatch,fake_score,fake_pred
s*****i,"Barangnya sampe dengan selamat sentosa. Packingnya aman, bubble wrap super duper banyak. Lecet dan sebagainya gada masalah. Speaker, trackpad, layar, keyboard juga aman. Udah dapet mouse sama tas lagi. Mantap sihhh! Apalagi adminnya fastrespon parah, ini best. 100000/10 😻👍🏻",5,277,1765872573,barangnya sampe dengan selamat sentosa packingnya aman bubble wrap super duper banyak lecet dan sebagainya gada masalah speaker trackpad layar keyboard juga aman udah dapet mouse sama tas lagi mantap sihhh apalagi adminnya fastrespon parah ini best 100000 10,barangnya sampe dengan selamat sentosa packingnya aman bubble wrap super duper banyak lecet dan sebagainya gada masalah speaker trackpad layar keyboard juga aman udah dapet mouse sama tas lagi mantap sihhh apalagi adminnya fastrespon parah ini best 100000 10,39,positive,0.75,258,0.031007751937984496,0.05128205128205128,0.0,0.0,0.020572450805008944,0
,"Fungsi:normal
Kondisi Barang:msh sangat bagus
Spesifikasi:keren

Pertama kali beli barang elektronik secara online, awalnya agak ragu, tapi stlh barang kami terima dan dicoba pake, hasilnya sangat sangat puas....

Semoga awet...",5,281,1765814457,fungsi normal kondisi barang msh sangat bagus spesifikasi keren pertama kali beli barang elektronik secara online awalnya agak ragu tapi stlh barang kami terima dan dicoba pake hasilnya sangat sangat puas semoga awet,fungsi normal kondisi barang msh sangat bagus spesifikasi keren pertama kali beli barang elektronik secara online awalnya agak ragu tapi stlh barang kami terima dan dicoba pake hasilnya sangat sangat puas semoga awet,33,positive,0.75,216,0.0,0.18181818181818182,0.0,0.0,0.045454545454545456,0
n*****s,"Fungsi:Sangat Baik
Kondisi Barang:Pemakaian normal
Spesifikasi:TOP

Nyari laptop 2jtan untuk nyusun skripsi, dan nemu mac ini. Awalnya ragu karena mac os lama (takut gak support banyak hal), tapi it's fine! Semua app yang kubutuhin bisa di install termasuk SPSS (meski pakai versi 25). 

Untuk browser, karena beberapa browser termasuk safari sudah tidak support mac os 10.13 untuk versi ter-updatenya. Aku pakai firefox dengan download firefox esr-nya, browser jadi lebih update.

Overall semua bagus, performa laptop kebut, keyboard ok, backlight nyala, trackpad oke, speaker oke, baterai masih oke untuk ukuran laptop second. Sudah diinstall Ms. Office juga sama seller, bonus adobe ps, dapet tas dan mouse juga.

Terima kasih atas pelayanan dan barangnya! sukses selalu untuk seller dan tokonya.",5,85,1765821173,fungsi sangat baik kondisi barang pemakaian normal spesifikasi top nyari laptop 2jtan untuk nyusun skripsi dan nemu mac ini awalnya ragu karena mac os lama takut gak support banyak hal tapi it s fine semua app yang kubutuhin bisa di install termasuk spss meski pakai versi 25 untuk browser karena beberapa browser termasuk safari sudah tidak support mac os 10 13 untuk versi ter updatenya aku pakai firefox dengan download firefox esr nya browser jadi lebih update overall semua bagus performa laptop kebut keyboard ok backlight nyala trackpad oke speaker oke baterai masih oke untuk ukuran laptop second sudah diinstall ms office juga sama seller bonus adobe ps dapet tas dan mouse juga terima kasih atas pelayanan dan barangnya sukses selalu untuk seller dan tokonya,fungsi sangat baik kondisi barang pemakaian normal spesifikasi top nyari laptop 2jtan untuk nyusun skripsi dan nemu mac ini awalnya ragu karena mac os lama takut gak support banyak hal tapi it s fine semua app yang kubutuhin bisa di install termasuk spss meski pakai versi 25 untuk browser karena beberapa browser termasuk safari sudah tidak support mac os 10 13 untuk versi ter updatenya aku pakai firefox dengan download firefox esr nya browser jadi lebih update overall semua bagus performa laptop kebut keyboard ok backlight nyala trackpad oke speaker oke baterai masih oke untuk ukuran laptop second sudah diinstall ms office juga sama seller bonus adobe ps dapet tas dan mouse juga terima kasih atas pelayanan dan barangnya sukses selalu untuk seller dan tokonya,125,negative,0.75,768,0.014322916666666666,0.344,0.0,1.0,0.28958072916666666,0
elok.5667,"Fungsi:bekerja dengan baik
Kondisi Barang:mulus dan sesuai feskripsi
Spesifikasi:mantap dan penjualnya responsif

Apk di password dan penjual sangat respect. Kurir juga baik dg menginfokn barang yg diantarkan. Terima kasih semuanya dan semoga awet barangnya.",5,71,1765105764,fungsi bekerja dengan baik kondisi barang mulus dan sesuai feskripsi spesifikasi mantap dan penjualnya responsif apk di password dan penjual sangat respect kurir juga baik dg menginfokn barang yg diantarkan terima kasih semuanya dan semoga awet barangnya,fungsi bekerja dengan baik kondisi barang mulus dan sesuai feskripsi spesifikasi mantap dan penjualnya responsif apk di password dan penjual sangat respect kurir juga baik dg menginfokn barang yg diantarkan terima kasih semuanya dan semoga awet barangnya,37,positive,0.75,254,0.003937007874015748,0.21621621621621623,0.0,0.0,0.05503830602255799,0
d*****2,"Fungsi:berfungsi dengn baik
Kondisi Barang:mulussssss
Spesifikasi:good

Bagus muluss lecet dikit² mah wajar ya namanya second kalo ngak bener² di perhatiin ngak keliatan masih kayak baru dengan harga segini udah bagus banget sih
sellernya past respon minta di download in apk di download in dong, pas dateng langsung buat nugas alhamdulillah lancar semua berfungsi dengan baik dan semoga awet terimakasih seller",5,64,1765810350,fungsi berfungsi dengn baik kondisi barang mulussssss spesifikasi good bagus muluss lecet dikit mah wajar ya namanya second kalo ngak bener di perhatiin ngak keliatan masih kayak baru dengan harga segini udah bagus banget sih sellernya past respon minta di download in apk di download in dong pas dateng langsung buat nugas alhamdulillah lancar semua berfungsi dengan baik dan semoga awet terimakasih seller,fungsi berfungsi dengn baik kondisi barang mulussssss spesifikasi good bagus muluss lecet dikit mah wajar ya namanya second kalo ngak bener di perhatiin ngak keliatan masih kayak baru dengan harga segini udah bagus banget sih sellernya past respon minta di download in apk di download in dong pas dateng langsung buat nugas alhamdulillah lancar semua berfungsi dengan baik dan semoga awet terimakasih seller,63,positive,0.75,407,0.02702702702702703,0.2698412698412698,0.0,0.0,0.07421707421707421,0
m*****6,"Paket telah diterima dengan baik. Kualitas sesuai gambar, harga terjangkau, pengemasan rapi dan pengiriman tepat waktu. Recommended seller. Terima kasih atas servis yang memuaskan. Jadi langganan disini. Suka deh.",5,21,1764614717,paket telah diterima dengan baik kualitas sesuai gambar harga terjangkau pengemasan rapi dan pengiriman tepat waktu recommended seller terima kasih atas servis yang memuaskan jadi langganan disini suka deh,paket telah diterima dengan baik kualitas sesuai gambar harga terjangkau pengemasan rapi dan pengiriman tepat waktu recommended seller terima kasih atas servis yang memuaskan jadi langganan disini suka deh,29,positive,0.75,205,0.014634146341463415,0.0,0.0,0.0,0.003658536585365854,0
ikadanawati,"Fungsi:bekerja dengan baik
Kondisi Barang:Bagus
Spesifikasi:bagus

Meskipun keluaran 2011 tapi masih bisa di gunakan dengan baik , mantap, admin juga fast respon",5,22,1764516328,fungsi bekerja dengan baik kondisi barang bagus spesifikasi bagus meskipun keluaran 2011 tapi masih bisa di gunakan dengan baik mantap admin juga fast respon,fungsi bekerja dengan baik kondisi barang bagus spesifikasi bagus meskipun keluaran 2011 tapi masih bisa di gunakan dengan baik mantap admin juga fast respon,24,positive,0.75,157,0.006369426751592357,0.25,0.0,0.0,0.06409235668789809,0
chaniagorival27,"Kondisi Barang:masih mulus, walaupun masih ad dikit bekas goresan
Fungsi:bagus, cuma Keyboard di bagian huruf setelah L ga bisa di pakai
Spesifikasi:over all bagus semua",5,21,1765113089,kondisi barang masih mulus walaupun masih ad dikit bekas goresan fungsi bagus cuma keyboard di bagian huruf setelah l ga bisa di pakai spesifikasi over all bagus semua,kondisi barang masih mulus walaupun masih ad dikit bekas goresan fungsi bagus cuma keyboard di bagian huruf setelah l ga bisa di pakai spesifikasi over all bagus semua,28,positive,0.75,167,0.005988023952095809,0.21428571428571427,0.0,0.0,0.05506843455945252,0
cutanisyahnovira,"Bagus..
Walaupun barang keluaran tahun rendah tapi ini Second berkualitas..
Sompel & penyok dikit gak ngaruh..wajar juga karna barang second",5,14,1764604615,bagus walaupun barang keluaran tahun rendah tapi ini second berkualitas sompel penyok dikit gak ngaruh wajar juga karna barang second,bagus walaupun barang keluaran tahun rendah tapi ini second berkualitas sompel penyok dikit gak ngaruh wajar juga karna barang second,20,positive,0.75,133,0.0,0.2,0.0,0.0,0.05,0
enceps03041984,"Barang sudah saya terima dengan baik dan sangat membuat dengan kondisi barang yg sangat bagus sekali, mudah digunakannya awet",5,9,1763402922,barang sudah saya terima dengan baik dan sangat membuat dengan kondisi barang yg sangat bagus sekali mudah digunakannya awet,barang sudah saya terima dengan baik dan sangat membuat dengan kondisi barang yg sangat bagus sekali mudah digunakannya awet,19,positive,0.75,124,0.008064516129032258,0.3157894736842105,0.0,0.0,0.08096349745331069,0
f*****a,"Fungsi:berfungsi dgn baik
Kondisi Barang:baik dan sesuai harapan
Kegunaan:sangat cocok buat kerja, kuliah, dll, sudah dicoba umumnya bagus berfungsi dgn baik, namun nnti dicek lgi muda2han tak ada kendala dan awet, best buat penjual semoga next bs order lgi",5,9,1765687877,fungsi berfungsi dgn baik kondisi barang baik dan sesuai harapan kegunaan sangat cocok buat kerja kuliah dll sudah dicoba umumnya bagus berfungsi dgn baik namun nnti dicek lgi muda2han tak ada kendala dan awet best buat penjual semoga next bs order lgi,fungsi berfungsi dgn baik kondisi barang baik dan sesuai harapan kegunaan sangat cocok buat kerja kuliah dll sudah dicoba umumnya bagus berfungsi dgn baik namun nnti dicek lgi muda2han tak ada kendala dan awet best buat penjual semoga next bs order lgi,42,positive,0.75,252,0.011904761904761904,0.30952380952380953,0.0,0.0,0.08035714285714286,0
nhzndc,"Fungsi:baik
Kondisi Barang:mulus
Kegunaan:baik

Sangat cocok untuk anak kuliah, bagus, elegan",5,12,1764196796,fungsi baik kondisi barang mulus kegunaan baik sangat cocok untuk anak kuliah bagus elegan,fungsi baik kondisi barang mulus kegunaan baik sangat cocok untuk anak kuliah bagus elegan,14,positive,0.75,90,0.011111111111111112,0.14285714285714285,0.0,0.0,0.03849206349206349,0
carisa_alunk,"Barang sudah sampai dengan selamat,kondisi baik,,thanks seler..",5,14,1763550981,barang sudah sampai dengan selamat kondisi baik thanks seler,barang sudah sampai dengan selamat kondisi baik thanks seler,9,neutral,0.55,60,0.0,0.0,0.0,0.0,0.0,0
ajo17111987,"Fungsi:Sangat baik
Kondisi Barang:Sesuai dengan permintaan
Kegunaan:Work

Barang bagus
Berfungsi dengan baik
Sangat rekomendasi
Cocok sekali
Sesuai dengan pesanan
Ramah dan bertanggung jawab",5,14,1763688695,fungsi sangat baik kondisi barang sesuai dengan permintaan kegunaan work barang bagus berfungsi dengan baik sangat rekomendasi cocok sekali sesuai dengan pesanan ramah dan bertanggung jawab,fungsi sangat baik kondisi barang sesuai dengan permintaan kegunaan work barang bagus berfungsi dengan baik sangat rekomendasi cocok sekali sesuai dengan pesanan ramah dan bertanggung jawab,26,positive,0.75,189,0.015873015873015872,0.4230769230769231,0.0,0.0,0.10973748473748474,0
erwankrismawan,"Fungsi:Ok
Kondisi Barang:Ok
Desain:Ok

Brg mendarat dgn baik, dari brg datang sampe skrg ada notif update software, tp gagal trus saat mau diinstal, msh dlm progres update ulang yg ke 2 x nya",5,0,1764934750,fungsi ok kondisi barang ok desain ok brg mendarat dgn baik dari brg datang sampe skrg ada notif update software tp gagal trus saat mau diinstal msh dlm progres update ulang yg ke 2 x nya,fungsi ok kondisi barang ok desain ok brg mendarat dgn baik dari brg datang sampe skrg ada notif update software tp gagal trus saat mau diinstal msh dlm progres update ulang yg ke 2 x nya,36,neutral,0.55,187,0.0106951871657754,0.19444444444444445,0.0,0.0,0.05128490790255496,0
phosshopmedan.1111,,5,57,1765893855,,,1,neutral,0.55,0,0.0,0.0,0.0,0.0,0.6,1
princemitshop_,"Fungsi:beroperasi dengan sangat baik
Kondisi Barang:mulus no minus

Awalnya bingung cara pakai nya kyak gmna, tp sama admin di ajari dengan baik, barang ga ada cacat sama sekali, sukak bnget buat geser""ga lemot lelet, sat set deh pokok🥰 makasihh minn",5,0,1746437105,fungsi beroperasi dengan sangat baik kondisi barang mulus no minus awalnya bingung cara pakai nya kyak gmna tp sama admin di ajari dengan baik barang ga ada cacat sama sekali sukak bnget buat geser ga lemot lelet sat set deh pokok makasihh minn,fungsi beroperasi dengan sangat baik kondisi barang mulus no minus awalnya bingung cara pakai nya kyak gmna tp sama admin di ajari dengan baik barang ga ada cacat sama sekali sukak bnget buat geser ga lemot lelet sat set deh pokok makasihh minn,43,neutral,0.55,244,0.00819672131147541,0.23255813953488372,0.0,0.0,0.060188715211589784,0
myimmortals,"Kondisi Barang:ok
Fungsi:ok
Spesifikasi:ok

Seller ramah dan cepat pelayanan nya
Rekomendasi banget 
Belanja di toko ini 
👍👍👍👍👍",5,2,1755593633,kondisi barang ok fungsi ok spesifikasi ok seller ramah dan cepat pelayanan nya rekomendasi banget belanja di toko ini,kondisi barang ok fungsi ok spesifikasi ok seller ramah dan cepat pelayanan nya rekomendasi banget belanja di toko ini,19,positive,0.75,118,0.00847457627118644,0.15789473684210525,0.0,0.0,0.041592328278322925,0
t*****f,"Fungsi:perfectly work
Kondisi Barang:mulus
Spesifikasi:excellent

thanks a lot for merchant, Im very satisfied",5,15,1764014602,fungsi perfectly work kondisi barang mulus spesifikasi excellent thanks a lot for merchant im very satisfied,fungsi perfectly work kondisi barang mulus spesifikasi excellent thanks a lot for merchant im very satisfied,16,neutral,0.55,108,0.009259259259259259,0.0,0.0,0.0,0.0023148148148148147,0
ell_anggraella,"Fungsi:ok
Kondisi Barang:mulus
Spesifikasi:mantap

Terima kasih kaa, barang masih mulus dan siap pakai. Mantap 🥳🙏🏼",5,4,1761649553,fungsi ok kondisi barang mulus spesifikasi mantap terima kasih kaa barang masih mulus dan siap pakai mantap,fungsi ok kondisi barang mulus spesifikasi mantap terima kasih kaa barang masih mulus dan siap pakai mantap,17,positive,0.75,107,0.009345794392523364,0.35294117647058826,0.0,0.0,0.0905717427157779,0
asti1401,"Fungsi:leptopnya hidup,fungsinya oke
Kondisi Barang:bekas tapi bagus,bisa dipake buat nugas dan kerja fungsinya oke lah
Desain:sangat menarik.walpun ada yang lecet penyot wkwk

Adaptornya rusak dan gak bisa ngrcas,tapi aku udah minta tolong adminya buat bantu kendala aku,dan syukur adminya ramah pool baik dan cepat respon.nanti kalau adaptor ku dikirim balik ke aku..aku baru up penilaian lagi",2,10,1765101780,fungsi leptopnya hidup fungsinya oke kondisi barang bekas tapi bagus bisa dipake buat nugas dan kerja fungsinya oke lah desain sangat menarik walpun ada yang lecet penyot wkwk adaptornya rusak dan gak bisa ngrcas tapi aku udah minta tolong adminya buat bantu kendala aku dan syukur adminya ramah pool baik dan cepat respon nanti kalau adaptor ku dikirim balik ke aku aku baru up penilaian lagi,fungsi leptopnya hidup fungsinya oke kondisi barang bekas tapi bagus bisa dipake buat nugas dan kerja fungsinya oke lah desain sangat menarik walpun ada yang lecet penyot wkwk adaptornya rusak dan gak bisa ngrcas tapi aku udah minta tolong adminya buat bantu kendala aku dan syukur adminya ramah pool baik dan cepat respon nanti kalau adaptor ku dikirim balik ke aku aku baru up penilaian lagi,66,positive,0.75,393,0.002544529262086514,0.30303030303030304,0.0,1.0,0.2763937080730974,0
hakim196,"laptop mendarat dengan baik, berfungsi ok respon admin oke, rekomended dan amanah",5,2,1753925441,laptop mendarat dengan baik berfungsi ok respon admin oke rekomended dan amanah,laptop mendarat dengan baik berfungsi ok respon admin oke rekomended dan amanah,12,neutral,0.55,79,0.0,0.0,0.0,0.0,0.0,0
samudraaaa,"Fungsi:good l, ngebudd
Kondisi Barang:bagusss
Spesifikasi:sesuai

keluaran "" late  2011""",5,2,1757179925,fungsi good l ngebudd kondisi barang bagusss spesifikasi sesuai keluaran late 2011,fungsi good l ngebudd kondisi barang bagusss spesifikasi sesuai keluaran late 2011,12,positive,0.75,82,0.06097560975609756,0.0,0.0,0.0,0.01524390243902439,0
d*****h,"Fungsi:semua komponen beroperasi dengan baik
Kondisi Barang:masih bagus
Desain:menarik

Respon penjual sangat baik",5,0,1764949750,fungsi semua komponen beroperasi dengan baik kondisi barang masih bagus desain menarik respon penjual sangat baik,fungsi semua komponen beroperasi dengan baik kondisi barang masih bagus desain menarik respon penjual sangat baik,16,positive,0.75,113,0.0,0.125,0.0,0.0,0.03125,0
h*****4,"Fungsi:normal sesuai dengan yang di harapkan
Kondisi Barang:yes this item is smooth
Desain:terlihat keren dan moderen

Mantap mose nya di kasih 2 dan tas nya di kasi 2 woy lah mantap lah🫵🏻",5,17,1763945751,fungsi normal sesuai dengan yang di harapkan kondisi barang yes this item is smooth desain terlihat keren dan moderen mantap mose nya di kasih 2 dan tas nya di kasi 2 woy lah mantap lah,fungsi normal sesuai dengan yang di harapkan kondisi barang yes this item is smooth desain terlihat keren dan moderen mantap mose nya di kasih 2 dan tas nya di kasi 2 woy lah mantap lah,35,positive,0.75,185,0.005405405405405406,0.37142857142857144,0.0,0.0,0.09420849420849421,0
kreatiftik,Fungsi:bekerja dengan baik barang normal dan mulus,5,2,1763551091,fungsi bekerja dengan baik barang normal dan mulus,fungsi bekerja dengan baik barang normal dan mulus,8,neutral,0.55,50,0.0,0.0,0.0,0.0,0.0,0
ekasatriautama,"Fungsi:utk sementara fungsi berjalan lancar
Kondisi Barang:kondisi barang bagus seperti baru
Kegunaan:sementara cek baik

Puas dwngan kondisi laptop seperti baru, terima kasih seller",5,4,1762859772,fungsi utk sementara fungsi berjalan lancar kondisi barang kondisi barang bagus seperti baru kegunaan sementara cek baik puas dwngan kondisi laptop seperti baru terima kasih seller,fungsi utk sementara fungsi berjalan lancar kondisi barang kondisi barang bagus seperti baru kegunaan sementara cek baik puas dwngan kondisi laptop seperti baru terima kasih seller,26,positive,0.75,180,0.011111111111111112,0.5,0.0,0.0,0.12777777777777777,0
rehanharizsi,"Fungsi:Sangat optimal untuk office dan game edukasi
Kondisi Barang:90% masih gress, cuma sedikit banget dent dan scratch
Desain:keren dan ga ketinggalan jaman

Buat body 90%, masih bagus banget terhitung dari umur Mac ini sih luar biasa, dan sedikit scratch tapi ga ngaruh Klo pakai cover.

Untuk fungsi sejauh saya coba sekarang masih oke banget untuk office, browsing, YouTube, music dan game edukasi ringan untuk toodler.

Suara masih jernih, layar ga ada white spot, aman sentosa.

Ty buat admin dan tokonya yg ga bosen jawab pertanyaan saya, sukses terus.

Puas banget",5,2,1763551935,fungsi sangat optimal untuk office dan game edukasi kondisi barang 90 masih gress cuma sedikit banget dent dan scratch desain keren dan ga ketinggalan jaman buat body 90 masih bagus banget terhitung dari umur mac ini sih luar biasa dan sedikit scratch tapi ga ngaruh klo pakai cover untuk fungsi sejauh saya coba sekarang masih oke banget untuk office browsing youtube music dan game edukasi ringan untuk toodler suara masih jernih layar ga ada white spot aman sentosa ty buat admin dan tokonya yg ga bosen jawab pertanyaan saya sukses terus puas banget,fungsi sangat optimal untuk office dan game edukasi kondisi barang 90 masih gress cuma sedikit banget dent dan scratch desain keren dan ga ketinggalan jaman buat body 90 masih bagus banget terhitung dari umur mac ini sih luar biasa dan sedikit scratch tapi ga ngaruh klo pakai cover untuk fungsi sejauh saya coba sekarang masih oke banget untuk office browsing youtube music dan game edukasi ringan untuk toodler suara masih jernih layar ga ada white spot aman sentosa ty buat admin dan tokonya yg ga bosen jawab pertanyaan saya sukses terus puas banget,93,positive,0.75,553,0.0108499095840868,0.43010752688172044,0.0,0.0,0.11023935911645182,0
tri_wiyono,"Fungsi:bagus
Kondisi Barang:mulus
Spesifikasi:early 2011

Ternyata bukan MD101 tapi macbookpro 2011..barang mulus..dan normal..",5,7,1761184947,fungsi bagus kondisi barang mulus spesifikasi early 2011 ternyata bukan md101 tapi macbookpro 2011 barang mulus dan normal,fungsi bagus kondisi barang mulus spesifikasi early 2011 ternyata bukan md101 tapi macbookpro 2011 barang mulus dan normal,18,positive,0.75,122,0.02459016393442623,0.3333333333333333,0.0,0.0,0.08948087431693988,0
satriamuhammad99,"Fungsi:baik
Kondisi Barang:mulus
Spesifikasi:baik

Dapat charger macbook seperti ini.. overall laptop second yang cukup bagus dan murah masih bisa digunakan untuk pekerjaan kantor",4,4,1763551097,fungsi baik kondisi barang mulus spesifikasi baik dapat charger macbook seperti ini overall laptop second yang cukup bagus dan murah masih bisa digunakan untuk pekerjaan kantor,fungsi baik kondisi barang mulus spesifikasi baik dapat charger macbook seperti ini overall laptop second yang cukup bagus dan murah masih bisa digunakan untuk pekerjaan kantor,26,positive,0.75,176,0.017045454545454544,0.07692307692307693,0.0,0.0,0.023492132867132868,0
rickyabraham,,5,2,1757341976,,,1,neutral,0.55,0,0.0,0.0,0.0,0.0,0.6,1
alistamaharani18,"Mungkin karena murah, dikasih yg ga bagus.. 
Minimal yg ga ada kendala browsing ,walaupun body kurang bersih..",5,5,1747424679,mungkin karena murah dikasih yg ga bagus minimal yg ga ada kendala browsing walaupun body kurang bersih,mungkin karena murah dikasih yg ga bagus minimal yg ga ada kendala browsing walaupun body kurang bersih,17,neutral,0.55,103,0.0,0.23529411764705882,0.0,0.0,0.058823529411764705,0
r*****l,,5,2,1765851268,,,1,neutral,0.55,0,0.0,0.0,0.0,0.0,0.6,1
a*****a,"Fungsi:beroperasi dengan baik
Kondisi Barang:datang dalam keadaan mulus dan aman

terimakasih kakak 🎀🫶🏼",5,0,1742699748,fungsi beroperasi dengan baik kondisi barang datang dalam keadaan mulus dan aman terimakasih kakak,fungsi beroperasi dengan baik kondisi barang datang dalam keadaan mulus dan aman terimakasih kakak,14,neutral,0.55,98,0.01020408163265306,0.0,0.0,0.0,0.002551020408163265,0
l*****h,"Kondisi Barang:Baik

tapi kok saya gk bisa download apk word-nya yahh??? 
mohon bantuannya dong min🙏🏻",4,12,1765889583,kondisi barang baik tapi kok saya gk bisa download apk word nya yahh mohon bantuannya dong min,kondisi barang baik tapi kok saya gk bisa download apk word nya yahh mohon bantuannya dong min,17,neutral,0.55,94,0.02127659574468085,0.0,0.0,0.0,0.005319148936170213,0
r*****i,"Fungsi:Beroperasi baik
Kondisi Barang:Mulus
Desain:Modern

Barang datang mulus dengan packing yang baik, berfungsi baik. Seller amanah, ramah dan fast respon. Sukses selalu seller. Terima kasih",5,3,1763375997,fungsi beroperasi baik kondisi barang mulus desain modern barang datang mulus dengan packing yang baik berfungsi baik seller amanah ramah dan fast respon sukses selalu seller terima kasih,fungsi beroperasi baik kondisi barang mulus desain modern barang datang mulus dengan packing yang baik berfungsi baik seller amanah ramah dan fast respon sukses selalu seller terima kasih,28,neutral,0.55,187,0.0106951871657754,0.32142857142857145,0.0,0.0,0.08303093964858671,0
wina8189,"Fungsi:berfungsi baik dan bagus
Kondisi Barang:packing aman dan baik
Desain:macbook pro asli tapi versi lama 2017 untuk download aplikasi tidak mendukung.. tapi masih digunakan untuk kita bekerja wa dan zoom bisa dipakai dan Microsoft Office lainnya..",5,2,1765574440,fungsi berfungsi baik dan bagus kondisi barang packing aman dan baik desain macbook pro asli tapi versi lama 2017 untuk download aplikasi tidak mendukung tapi masih digunakan untuk kita bekerja wa dan zoom bisa dipakai dan microsoft office lainnya,fungsi berfungsi baik dan bagus kondisi barang packing aman dan baik desain macbook pro asli tapi versi lama 2017 untuk download aplikasi tidak mendukung tapi masih digunakan untuk kita bekerja wa dan zoom bisa dipakai dan microsoft office lainnya,39,negative,0.75,247,0.016194331983805668,0.2564102564102564,0.0,1.0,0.2681511470985155,0
junio_desukasdo,"Kondisi Barang:Baik
Fungsi:Baik
Spesifikasi:Sesuai",5,5,1764266946,kondisi barang baik fungsi baik spesifikasi sesuai,kondisi barang baik fungsi baik spesifikasi sesuai,7,positive,0.75,50,0.0,0.2857142857142857,0.0,0.0,0.07142857142857142,0
devratt,,5,0,1752481610,,,1,neutral,0.55,0,0.0,0.0,0.0,0.0,0.6,1
h*****l,"Fungsi:Berfungsi dengan bauk
Kondisi Barang:90%
Desain:Keren bangettt

Sebagai org yg blm pernah pke macbook, ini jadi pengalaman yang baik.Kondisi fisik bisa dibilang masih cukup oke ya guys! Mulus untuk macbook tahun segitu (dapet mp th mid 2012). Speaker kenceng, trackpad lancar, keyboard ga ada yg error. Pake os HighSierra yg diklaim paling stabil but I dont know. Batre masih aman kalo dipake 1-2jam. Ambil macbook ini buat kebutuhan kerja sama browsing. Moga dapet rejeki biar bs upgrade ke yg lebih baru! Makasih yaaa minnnn",5,2,1763129404,fungsi berfungsi dengan bauk kondisi barang 90 desain keren bangettt sebagai org yg blm pernah pke macbook ini jadi pengalaman yang baik kondisi fisik bisa dibilang masih cukup oke ya guys mulus untuk macbook tahun segitu dapet mp th mid 2012 speaker kenceng trackpad lancar keyboard ga ada yg error pake os highsierra yg diklaim paling stabil but i dont know batre masih aman kalo dipake 1 2jam ambil macbook ini buat kebutuhan kerja sama browsing moga dapet rejeki biar bs upgrade ke yg lebih baru makasih yaaa minnnn,fungsi berfungsi dengan bauk kondisi barang 90 desain keren bangettt sebagai org yg blm pernah pke macbook ini jadi pengalaman yang baik kondisi fisik bisa dibilang masih cukup oke ya guys mulus untuk macbook tahun segitu dapet mp th mid 2012 speaker kenceng trackpad lancar keyboard ga ada yg error pake os highsierra yg diklaim paling stabil but i dont know batre masih aman kalo dipake 1 2jam ambil macbook ini buat kebutuhan kerja sama browsing moga dapet rejeki biar bs upgrade ke yg lebih baru makasih yaaa minnnn,89,positive,0.75,519,0.023121387283236993,0.16853932584269662,0.0,0.0,0.0479151782814834,0
mohhimen,"Fungsi:beroperasi dengan baik
Kondisi Barang:datang dengan keadaan mulus
Desain:terlihat keren dan modern

Barang original 
Barang second like new
Semoga awet dan tidak ada kendala sama sekali",5,1,1763772773,fungsi beroperasi dengan baik kondisi barang datang dengan keadaan mulus desain terlihat keren dan modern barang original barang second like new semoga awet dan tidak ada kendala sama sekali,fungsi beroperasi dengan baik kondisi barang datang dengan keadaan mulus desain terlihat keren dan modern barang original barang second like new semoga awet dan tidak ada kendala sama sekali,29,neutral,0.55,190,0.005263157894736842,0.2413793103448276,0.0,0.0,0.06166061705989111,0
rofiudinmuhammad769,"Fungsi:normal
Kondisi Barang:bagus

Bagus lancar, sesuai deskripsi",5,1,1762699487,fungsi normal kondisi barang bagus bagus lancar sesuai deskripsi,fungsi normal kondisi barang bagus bagus lancar sesuai deskripsi,9,positive,0.75,64,0.0,0.2222222222222222,0.0,0.0,0.05555555555555555,0
sutrisno0807,"Fungsi:sesuai harapan
Kondisi Barang:keadaan mulus like new
Desain:menarik pada masanya

Terimakasih Kaka MC udah datang dgn keadaan baik dan normal,di coba langsung juga lancar jaya.nex KLO ada kendala minta bantuan ya kak, hehe",5,0,1765117507,fungsi sesuai harapan kondisi barang keadaan mulus like new desain menarik pada masanya terimakasih kaka mc udah datang dgn keadaan baik dan normal di coba langsung juga lancar jaya nex klo ada kendala minta bantuan ya kak hehe,fungsi sesuai harapan kondisi barang keadaan mulus like new desain menarik pada masanya terimakasih kaka mc udah datang dgn keadaan baik dan normal di coba langsung juga lancar jaya nex klo ada kendala minta bantuan ya kak hehe,38,positive,0.75,227,0.00881057268722467,0.05263157894736842,0.0,0.0,0.015360537908648272,0
lusianakurniati533,Cager tidak bisa digunakan cepat panas,4,2,1760511265,cager tidak bisa digunakan cepat panas,cager tidak bisa digunakan cepat panas,6,neutral,0.55,38,0.0,0.0,0.0,0.0,0.0,0
dhimboc96,"Fungsi:mudah-mudahan awet
Kondisi Barang:bagus

Sesuai deskripsi",5,0,1744864277,fungsi mudah mudahan awet kondisi barang bagus sesuai deskripsi,fungsi mudah mudahan awet kondisi barang bagus sesuai deskripsi,9,positive,0.75,63,0.0,0.0,0.0,0.0,0.0,0
nareyu,"Fungsi:beroperasi dengan baik
Kondisi Barang:barang 75 persen
Kegunaan:baik untuk digunakan keperluan sekolah

Barang ada yang penyok dibagian port HDMI kayak bekas ke timpa body kusam kurang perawatan mesin masih oke lancar jaya lumayan lah daripada lu manyun....",5,1,1759147004,fungsi beroperasi dengan baik kondisi barang barang 75 persen kegunaan baik untuk digunakan keperluan sekolah barang ada yang penyok dibagian port hdmi kayak bekas ke timpa body kusam kurang perawatan mesin masih oke lancar jaya lumayan lah daripada lu manyun,fungsi beroperasi dengan baik kondisi barang barang 75 persen kegunaan baik untuk digunakan keperluan sekolah barang ada yang penyok dibagian port hdmi kayak bekas ke timpa body kusam kurang perawatan mesin masih oke lancar jaya lumayan lah daripada lu manyun,40,negative,0.75,259,0.003861003861003861,0.125,0.0,1.0,0.23221525096525097,0
dheherman99,,5,3,1762693374,,,1,neutral,0.55,0,0.0,0.0,0.0,0.0,0.6,1
puputven10,"Fungsi:sesuai
Kondisi Barang:bagus
Desain:sesuai

Bodi depan mulus bawahnya agak lecet dikit gpp lah cuman cepet banget panasnya baru di pake bntr dah panas its okay nama juga fersi lama suka deh semoga awet yah 🥰",5,4,1763818274,fungsi sesuai kondisi barang bagus desain sesuai bodi depan mulus bawahnya agak lecet dikit gpp lah cuman cepet banget panasnya baru di pake bntr dah panas its okay nama juga fersi lama suka deh semoga awet yah,fungsi sesuai kondisi barang bagus desain sesuai bodi depan mulus bawahnya agak lecet dikit gpp lah cuman cepet banget panasnya baru di pake bntr dah panas its okay nama juga fersi lama suka deh semoga awet yah,37,positive,0.75,210,0.004761904761904762,0.05405405405405406,0.0,0.0,0.014703989703989704,0
siswantoindri010,"Fungsi:berfungsi dg baik
Kondisi Barang:kondisi mulus m baik

Semoga awet dan berguna",5,1,1763645860,fungsi berfungsi dg baik kondisi barang kondisi mulus m baik semoga awet dan berguna,fungsi berfungsi dg baik kondisi barang kondisi mulus m baik semoga awet dan berguna,14,neutral,0.55,84,0.0,0.2857142857142857,0.0,0.0,0.07142857142857142,0
japar97,"Fitur Terbaik:normal

Kondisi like new, sempat ada kendala tapi admin ramah & fast respon. Terbaik , semoga tetap amanah dan sukses. Aamiin",5,8,1765629363,fitur terbaik normal kondisi like new sempat ada kendala tapi admin ramah fast respon terbaik semoga tetap amanah dan sukses aamiin,fitur terbaik normal kondisi like new sempat ada kendala tapi admin ramah fast respon terbaik semoga tetap amanah dan sukses aamiin,21,neutral,0.55,131,0.015267175572519083,0.09523809523809523,0.0,0.0,0.02762631770265358,0
tutiyulianti1994,"Fungsi:bekerja dengan baik
Kondisi Barang:baik bisa beroperasi
Desain:keren walaupun sedikit berat

Sangat puas sekali sesuai dengan yang di tawarkan. Saya dan suami sudah 2x beli sangat puas.

Toko nya pun amanah dan slalu cepat respon.
Semoga bermanfaat dan berkah untuk semuanya.

Terimakasih kak",5,8,1764844455,fungsi bekerja dengan baik kondisi barang baik bisa beroperasi desain keren walaupun sedikit berat sangat puas sekali sesuai dengan yang di tawarkan saya dan suami sudah 2x beli sangat puas toko nya pun amanah dan slalu cepat respon semoga bermanfaat dan berkah untuk semuanya terimakasih kak,fungsi bekerja dengan baik kondisi barang baik bisa beroperasi desain keren walaupun sedikit berat sangat puas sekali sesuai dengan yang di tawarkan saya dan suami sudah 2x beli sangat puas toko nya pun amanah dan slalu cepat respon semoga bermanfaat dan berkah untuk semuanya terimakasih kak,46,positive,0.75,292,0.003424657534246575,0.2391304347826087,0.0,0.0,0.06063877307921382,0
t*****n,"Fungsi:Berfungsi dg baik
Kondisi Barang:Mulus dan empuk
Desain:elegan, tp berat

Alhamdulillah paket sdh nyampe, proses cpt, kondisi masih mulus, msh kokoh, daya tahan batre agak boros, ternyata hrus adaptasi ke macbook, setting2 lg, oya sdh request install apk tp blm di instalkan, mudah2an lancar dan awet, mkasih🙏🏻",5,0,1765248605,fungsi berfungsi dg baik kondisi barang mulus dan empuk desain elegan tp berat alhamdulillah paket sdh nyampe proses cpt kondisi masih mulus msh kokoh daya tahan batre agak boros ternyata hrus adaptasi ke macbook setting2 lg oya sdh request install apk tp blm di instalkan mudah2an lancar dan awet mkasih,fungsi berfungsi dg baik kondisi barang mulus dan empuk desain elegan tp berat alhamdulillah paket sdh nyampe proses cpt kondisi masih mulus msh kokoh daya tahan batre agak boros ternyata hrus adaptasi ke macbook setting2 lg oya sdh request install apk tp blm di instalkan mudah2an lancar dan awet mkasih,50,neutral,0.55,304,0.013157894736842105,0.2,0.0,0.0,0.053289473684210525,0
faizalzamie,"Fungsi:berfungsi baik
Kondisi Barang:bisa lah
Desain:sesuai

Sesuailah dengan harga segini y ada minus2 dikit di body wajarlah namanya second hand, wort it lah yg penting sistem berjalan baik dan sesuai dengan permintaan rekomended banget buat toko ini amanah respon cepat memuaskan semoga awet😀",5,4,1764654501,fungsi berfungsi baik kondisi barang bisa lah desain sesuai sesuailah dengan harga segini y ada minus2 dikit di body wajarlah namanya second hand wort it lah yg penting sistem berjalan baik dan sesuai dengan permintaan rekomended banget buat toko ini amanah respon cepat memuaskan semoga awet,fungsi berfungsi baik kondisi barang bisa lah desain sesuai sesuailah dengan harga segini y ada minus2 dikit di body wajarlah namanya second hand wort it lah yg penting sistem berjalan baik dan sesuai dengan permintaan rekomended banget buat toko ini amanah respon cepat memuaskan semoga awet,46,positive,0.75,292,0.003424657534246575,0.17391304347826086,0.0,0.0,0.04433442525312686,0
n*****i,"Fungsi:beroperasi dengan baik
Kondisi Barang:bagus , sedikit adapeyok fikit
Desain:menarik

Alhamdulillah datang dengan selamat, seusai . Ms word bisa excel bisa wa bisa semoga awet . Amin",5,0,1764674846,fungsi beroperasi dengan baik kondisi barang bagus sedikit adapeyok fikit desain menarik alhamdulillah datang dengan selamat seusai ms word bisa excel bisa wa bisa semoga awet amin,fungsi beroperasi dengan baik kondisi barang bagus sedikit adapeyok fikit desain menarik alhamdulillah datang dengan selamat seusai ms word bisa excel bisa wa bisa semoga awet amin,27,positive,0.75,180,0.005555555555555556,0.18518518518518517,0.0,0.0,0.047685185185185185,0
wahidhasanudin,"Amanah. Respon cepat. Ada kekurangan mau tanggung jawab. Nihh toko recomen kalo mau beli laptop. Cekout hari ini langsung di proses. 
Buat tokonya jangan bosen² jadi toko yg amanah.baik. good",5,1,1759758855,amanah respon cepat ada kekurangan mau tanggung jawab nihh toko recomen kalo mau beli laptop cekout hari ini langsung di proses buat tokonya jangan bosen jadi toko yg amanah baik good,amanah respon cepat ada kekurangan mau tanggung jawab nihh toko recomen kalo mau beli laptop cekout hari ini langsung di proses buat tokonya jangan bosen jadi toko yg amanah baik good,31,positive,0.75,183,0.01639344262295082,0.1935483870967742,0.0,0.0,0.05248545742993125,0
i*****d,"Sepadan dengan Harga:sesuai
Fitur Terbaik:hardware tidak semulus baru, tapi keren recomended

Baru mau cek softwarenya
Moga awet. Trimakasih",5,2,1763468756,sepadan dengan harga sesuai fitur terbaik hardware tidak semulus baru tapi keren recomended baru mau cek softwarenya moga awet trimakasih,sepadan dengan harga sesuai fitur terbaik hardware tidak semulus baru tapi keren recomended baru mau cek softwarenya moga awet trimakasih,20,positive,0.75,137,0.0,0.1,0.0,0.0,0.025,0
a*****i,"Fungsi:normal
Kondisi Barang:muluss
Desain:good

Mantap sesuai request dan kondisi bagus normal sekalii....semoga awett lah, thanks",5,2,1763830614,fungsi normal kondisi barang muluss desain good mantap sesuai request dan kondisi bagus normal sekalii semoga awett lah thanks,fungsi normal kondisi barang muluss desain good mantap sesuai request dan kondisi bagus normal sekalii semoga awett lah thanks,19,positive,0.75,126,0.031746031746031744,0.21052631578947367,0.0,0.0,0.060568086883876354,0
dederipaldo,"Fungsi:berpungsi dengan baik
Kondisi Barang:lumayan mulus
Desain:cantik

semoga awet...",5,0,1760710124,fungsi berpungsi dengan baik kondisi barang lumayan mulus desain cantik semoga awet,fungsi berpungsi dengan baik kondisi barang lumayan mulus desain cantik semoga awet,12,neutral,0.55,83,0.0,0.0,0.0,0.0,0.0,0
owhenkurniawan,"Fungsi:beroperasi dengan baik
Kondisi Barang:kondisi sedang
Spesifikasi:ok

Barang datang lama agak lama, kondisi laptop penyok depannya, selebihnya berfungsi normal.",3,8,1762421307,fungsi beroperasi dengan baik kondisi barang kondisi sedang spesifikasi ok barang datang lama agak lama kondisi laptop penyok depannya selebihnya berfungsi normal,fungsi beroperasi dengan baik kondisi barang kondisi sedang spesifikasi ok barang datang lama agak lama kondisi laptop penyok depannya selebihnya berfungsi normal,22,negative,0.75,162,0.006172839506172839,0.3181818181818182,0.0,0.0,0.08108866442199775,0
u*****4,,5,0,1763545752,,,1,neutral,0.55,0,0.0,0.0,0.0,0.0,0.6,1
astichintiafelice,"Fungsi:bagus
Kondisi Barang:lecet dikit tapi wajar",5,0,1763221154,fungsi bagus kondisi barang lecet dikit tapi wajar,fungsi bagus kondisi barang lecet dikit tapi wajar,8,positive,0.75,50,0.0,0.0,0.0,0.0,0.0,0
ikka_lorensa,"Fungsi:berfungsi dengan baik
Kondisi Barang:bagus tapi keyboard sebelah kanannya bunyi bunyi di dalam
Desain:keren",5,1,1762783208,fungsi berfungsi dengan baik kondisi barang bagus tapi keyboard sebelah kanannya bunyi bunyi di dalam desain keren,fungsi berfungsi dengan baik kondisi barang bagus tapi keyboard sebelah kanannya bunyi bunyi di dalam desain keren,17,positive,0.75,114,0.008771929824561403,0.11764705882352941,0.0,0.0,0.0316047471620227,0
rantatas,"Fungsi:semua berfungsi
Kondisi Barang:mulus. lumayan dengan harga terjangkau
Desain:sesuai bawaan aple",5,1,1762244128,fungsi semua berfungsi kondisi barang mulus lumayan dengan harga terjangkau desain sesuai bawaan aple,fungsi semua berfungsi kondisi barang mulus lumayan dengan harga terjangkau desain sesuai bawaan aple,14,positive,0.75,101,0.009900990099009901,0.0,0.0,0.0,0.0024752475247524753,0
faridahrahmah95,,5,0,1747229239,,,1,neutral,0.55,0,0.0,0.0,0.0,0.0,0.6,1
ekaariestanaagp,"Fungsi:berfungsi
Kondisi Barang:baik
Desain:baik

Paket sudah sampai dengan selamat dan lengkap, mohon pasword nya om.. terimakasih",5,0,1758082551,fungsi berfungsi kondisi barang baik desain baik paket sudah sampai dengan selamat dan lengkap mohon pasword nya om terimakasih,fungsi berfungsi kondisi barang baik desain baik paket sudah sampai dengan selamat dan lengkap mohon pasword nya om terimakasih,19,neutral,0.55,127,0.0,0.10526315789473684,0.0,0.0,0.02631578947368421,0
kiki_hartono77,"Fungsi:Sejauh ini berfungsi
Kondisi Barang:Alhamdulillah bagus
Desain:bagus",5,0,1760924836,fungsi sejauh ini berfungsi kondisi barang alhamdulillah bagus desain bagus,fungsi sejauh ini berfungsi kondisi barang alhamdulillah bagus desain bagus,10,positive,0.75,75,0.013333333333333334,0.2,0.0,0.0,0.05333333333333334,0
axalaja,,5,0,1760340363,,,1,neutral,0.55,0,0.0,0.0,0.0,0.0,0.6,1
a*****n,"Fungsi:Okr
Kondisi Barang:Bagus
Desain:Oke

Sesuai deskripsi packing rapi dan mantap hanya saja ga sesuai request. Pdhal request pakai dual os. Tp okelah. Intinya seller rekomended",5,0,1764024368,fungsi okr kondisi barang bagus desain oke sesuai deskripsi packing rapi dan mantap hanya saja ga sesuai request pdhal request pakai dual os tp okelah intinya seller rekomended,fungsi okr kondisi barang bagus desain oke sesuai deskripsi packing rapi dan mantap hanya saja ga sesuai request pdhal request pakai dual os tp okelah intinya seller rekomended,28,positive,0.75,176,0.005681818181818182,0.14285714285714285,0.0,0.0,0.037134740259740256,0
j*****o,"Fungsi:ok
Kondisi Barang:seperti Hampir baru
Desain:bagus

Terimakasih banyak pesanan sudah diterima dengan baik pengemasan produk aman dengan bubble tebal produk aman terimakasih",5,1,1761924891,fungsi ok kondisi barang seperti hampir baru desain bagus terimakasih banyak pesanan sudah diterima dengan baik pengemasan produk aman dengan bubble tebal produk aman terimakasih,fungsi ok kondisi barang seperti hampir baru desain bagus terimakasih banyak pesanan sudah diterima dengan baik pengemasan produk aman dengan bubble tebal produk aman terimakasih,25,positive,0.75,178,0.0056179775280898875,0.32,0.0,0.0,0.08140449438202248,0
miminmintarsih180832,,5,0,1754916092,,,1,neutral,0.55,0,0.0,0.0,0.0,0.0,0.6,1
akbarajiii,"barang mantap, minus di casan aja gak original
overall oke banget macbook ini",5,0,1760609880,barang mantap minus di casan aja gak original overall oke banget macbook ini,barang mantap minus di casan aja gak original overall oke banget macbook ini,13,positive,0.75,76,0.02631578947368421,0.0,0.0,0.0,0.006578947368421052,0
aziswkatamsi,"Fungsi:Puas, hanya bintang yang mewakili
Kondisi Barang:90% Mulus
Desain:puas

Walaupun saat awal booting agak lambat, tapi setelah masuki desktop semua aplikasi berjalan cepet. Koneksi internet kenceng, bateri CC205. TERIMA KASIH SELLER. Next akan ambil yang AIR",5,1,1758363609,fungsi puas hanya bintang yang mewakili kondisi barang 90 mulus desain puas walaupun saat awal booting agak lambat tapi setelah masuki desktop semua aplikasi berjalan cepet koneksi internet kenceng bateri cc205 terima kasih seller next akan ambil yang air,fungsi puas hanya bintang yang mewakili kondisi barang 90 mulus desain puas walaupun saat awal booting agak lambat tapi setelah masuki desktop semua aplikasi berjalan cepet koneksi internet kenceng bateri cc205 terima kasih seller next akan ambil yang air,39,positive,0.75,255,0.01568627450980392,0.10256410256410256,0.0,0.0,0.02956259426847662,0
gideonbattu,"Kondisi Barang:aga lecet pemakaian sedikit di bagian bawah, tapi 95% mlus

Harap lebih ditingkatkan lagi pelayanannya, terlebih dlam merespon konsumen terkait konsultasi kendala unit.
Masih sangat kurang reponsif adminnya dlam mnyelesaikan kendala yng di alami konsumen.
Selebihnya smua sangat oke",5,2,1764598210,kondisi barang aga lecet pemakaian sedikit di bagian bawah tapi 95 mlus harap lebih ditingkatkan lagi pelayanannya terlebih dlam merespon konsumen terkait konsultasi kendala unit masih sangat kurang reponsif adminnya dlam mnyelesaikan kendala yng di alami konsumen selebihnya smua sangat oke,kondisi barang aga lecet pemakaian sedikit di bagian bawah tapi 95 mlus harap lebih ditingkatkan lagi pelayanannya terlebih dlam merespon konsumen terkait konsultasi kendala unit masih sangat kurang reponsif adminnya dlam mnyelesaikan kendala yng di alami konsumen selebihnya smua sangat oke,41,negative,0.75,291,0.006872852233676976,0.24390243902439024,0.0,1.0,0.2626938228145168,0
rays.77,,5,0,1760438970,,,1,neutral,0.55,0,0.0,0.0,0.0,0.0,0.6,1
putraldebrano,,5,0,1755019026,,,1,neutral,0.55,0,0.0,0.0,0.0,0.0,0.6,1
albarfaisalm,"Fungsi:dengan baik
Kondisi Barang:baguss lecet dikit wajar
Desain:aman semua bagus

Admin nya ramah dan bertanggung jawab",5,1,1765298440,fungsi dengan baik kondisi barang baguss lecet dikit wajar desain aman semua bagus admin nya ramah dan bertanggung jawab,fungsi dengan baik kondisi barang baguss lecet dikit wajar desain aman semua bagus admin nya ramah dan bertanggung jawab,19,positive,0.75,120,0.016666666666666666,0.0,0.0,0.0,0.004166666666666667,0
naura2201,,5,2,1763830687,,,1,neutral,0.55,0,0.0,0.0,0.0,0.0,0.6,1
atmayaa,"Fungsi:sudah di coba, berfungsi dengan baik 
Kondisi Barang:kondisi baik
Desain:semoga bisa berfungsi dengan baik

Awalnya kesusahan buat nyalain tapi di pandu admin nya dgn baik, sabar dan ramah, pokoknya ga nyesel belanja dsni, tokonya amanah,. Recommend.",5,0,1756107989,fungsi sudah di coba berfungsi dengan baik kondisi barang kondisi baik desain semoga bisa berfungsi dengan baik awalnya kesusahan buat nyalain tapi di pandu admin nya dgn baik sabar dan ramah pokoknya ga nyesel belanja dsni tokonya amanah recommend,fungsi sudah di coba berfungsi dengan baik kondisi barang kondisi baik desain semoga bisa berfungsi dengan baik awalnya kesusahan buat nyalain tapi di pandu admin nya dgn baik sabar dan ramah pokoknya ga nyesel belanja dsni tokonya amanah recommend,39,neutral,0.55,248,0.004032258064516129,0.3076923076923077,0.0,0.0,0.07793114143920596,0
b*****p,"Fungsi:ok
Kondisi Barang:datang dengan keadaan ok
Spesifikasi:siip",5,1,1748045723,fungsi ok kondisi barang datang dengan keadaan ok spesifikasi siip,fungsi ok kondisi barang datang dengan keadaan ok spesifikasi siip,10,neutral,0.55,66,0.030303030303030304,0.2,0.0,0.0,0.05757575757575758,0
it5peejyb0,,5,2,1763559112,,,1,neutral,0.55,0,0.0,0.0,0.0,0.0,0.6,1
albiyanhassan,"Fungsi:oke
Kondisi Barang:mantap
Desain:menarik",5,0,1764951108,fungsi oke kondisi barang mantap desain menarik,fungsi oke kondisi barang mantap desain menarik,7,positive,0.75,47,0.0,0.0,0.0,0.0,0.0,0
,"Fungsi:bekerja dengan baik
Kondisi Barang:bagus

Sesuai",5,0,1746169720,fungsi bekerja dengan baik kondisi barang bagus sesuai,fungsi bekerja dengan baik kondisi barang bagus sesuai,8,positive,0.75,54,0.0,0.0,0.0,0.0,0.0,0
f*****4,"Fungsi:Sering mati-mati
Kondisi Barang:Cukup
Kegunaan:Tidak dapat digunakan karena sering mati hanya kurang dari 1 menit

Terimakasih",5,3,1759891416,fungsi sering mati mati kondisi barang cukup kegunaan tidak dapat digunakan karena sering mati hanya kurang dari 1 menit terimakasih,fungsi sering mati mati kondisi barang cukup kegunaan tidak dapat digunakan karena sering mati hanya kurang dari 1 menit terimakasih,20,negative,0.75,132,0.007575757575757576,0.25,0.0,1.0,0.2643939393939394,0
hendikelanajatidiri,,5,3,1763559136,,,1,neutral,0.55,0,0.0,0.0,0.0,0.0,0.6,1
k*****s,"Fungsi:ok
Kondisi Barang:ok
Desain:ok

Alhamdulillah dateng dengan aman barang ok semoga bermanfaat dan awet, awalnya degdegan takut gk sesuai ternyata amanah Alhamdulillah sukses selalu tokonya",5,0,1754646971,fungsi ok kondisi barang ok desain ok alhamdulillah dateng dengan aman barang ok semoga bermanfaat dan awet awalnya degdegan takut gk sesuai ternyata amanah alhamdulillah sukses selalu tokonya,fungsi ok kondisi barang ok desain ok alhamdulillah dateng dengan aman barang ok semoga bermanfaat dan awet awalnya degdegan takut gk sesuai ternyata amanah alhamdulillah sukses selalu tokonya,28,positive,0.75,192,0.015625,0.2857142857142857,0.0,0.0,0.07533482142857142,0
m*****b,"Kondisi Barang:MANTAP KEREN
Spesifikasi:SESUAI PESANAN

SUKSES SELALU",5,0,1743229823,kondisi barang mantap keren spesifikasi sesuai pesanan sukses selalu,kondisi barang mantap keren spesifikasi sesuai pesanan sukses selalu,9,positive,0.75,68,0.0,0.0,0.0,0.0,0.0,0
yurlensalsabillah,"Fungsi:baik
Kondisi Barang:datang dlm keadaan mulus
Desain:terlihat keren

bagus banget❤️",5,0,1751038620,fungsi baik kondisi barang datang dlm keadaan mulus desain terlihat keren bagus banget,fungsi baik kondisi barang datang dlm keadaan mulus desain terlihat keren bagus banget,13,positive,0.75,86,0.011627906976744186,0.0,0.0,0.0,0.0029069767441860465,0
arifsidik39,"Fungsi:Normal
Kondisi Barang:Aman kondisi barang nya

Cuman setelah d pake, batre kurang dari 2 jam sudah habis. Maaf baru bikin penilaian, soalnya d coba dulu
Semoga awet",5,0,1753118751,fungsi normal kondisi barang aman kondisi barang nya cuman setelah d pake batre kurang dari 2 jam sudah habis maaf baru bikin penilaian soalnya d coba dulu semoga awet,fungsi normal kondisi barang aman kondisi barang nya cuman setelah d pake batre kurang dari 2 jam sudah habis maaf baru bikin penilaian soalnya d coba dulu semoga awet,29,negative,0.75,167,0.005988023952095809,0.20689655172413793,0.0,1.0,0.2532211439190584,0
andre5858,"Fungsi:beroperasi dgn baik
Kondisi Barang:bagus
Desain:menarik",5,0,1759672805,fungsi beroperasi dgn baik kondisi barang bagus desain menarik,fungsi beroperasi dgn baik kondisi barang bagus desain menarik,9,positive,0.75,62,0.0,0.0,0.0,0.0,0.0,0
mazkalmutho,"Fungsi:bekerja dengan baik
Kondisi Barang:bagus, hanya ada bercak2 goresan tipis
Desain:sesuai dengan modelnya, btw ini yang keluaran 2012",5,0,1759379162,fungsi bekerja dengan baik kondisi barang bagus hanya ada bercak2 goresan tipis desain sesuai dengan modelnya btw ini yang keluaran 2012,fungsi bekerja dengan baik kondisi barang bagus hanya ada bercak2 goresan tipis desain sesuai dengan modelnya btw ini yang keluaran 2012,21,positive,0.75,136,0.0,0.09523809523809523,0.0,0.0,0.023809523809523808,0
laelash0202,"Fungsi:berfungsi dengan baik
Kondisi Barang:bagus sesuai harga
Desain:oke

Suka sama respon adminnya sabar banget sama akuu yang banyak nanya huhu😭🫶🏻",5,1,1763688867,fungsi berfungsi dengan baik kondisi barang bagus sesuai harga desain oke suka sama respon adminnya sabar banget sama akuu yang banyak nanya huhu,fungsi berfungsi dengan baik kondisi barang bagus sesuai harga desain oke suka sama respon adminnya sabar banget sama akuu yang banyak nanya huhu,23,positive,0.75,145,0.013793103448275862,0.08695652173913043,0.0,0.0,0.025187406296851574,0
thiorachman,Mantaapp bgtt,5,0,1761194756,mantaapp bgtt,mantaapp bgtt,2,neutral,0.55,13,0.23076923076923078,0.0,0.0,0.0,0.2576923076923077,0
a*****t,"Terimakasih, Dikirim sesuai orderan. smua berfungsi. Ada bekas jatuh kempot dan bengkok disudut  belakang display, sudah di lapisi skin. Batre agak boros. Sesuai harga.",1,7,1765881889,terimakasih dikirim sesuai orderan smua berfungsi ada bekas jatuh kempot dan bengkok disudut belakang display sudah di lapisi skin batre agak boros sesuai harga,terimakasih dikirim sesuai orderan smua berfungsi ada bekas jatuh kempot dan bengkok disudut belakang display sudah di lapisi skin batre agak boros sesuai harga,24,positive,0.75,160,0.0,0.08333333333333333,0.0,1.0,0.22083333333333335,0
bungadwi14,"Fungsi:Baik
Kondisi Barang:mulus karena diberi garskin
Desain:elegan",5,0,1755056361,fungsi baik kondisi barang mulus karena diberi garskin desain elegan,fungsi baik kondisi barang mulus karena diberi garskin desain elegan,10,neutral,0.55,68,0.0,0.0,0.0,0.0,0.0,0
jefriafriwan123,"Fungsi:bekerja dengan baik
Kondisi Barang:kurang mulus
Desain:Lumayan",4,0,1762701295,fungsi bekerja dengan baik kondisi barang kurang mulus desain lumayan,fungsi bekerja dengan baik kondisi barang kurang mulus desain lumayan,10,negative,0.75,69,0.0,0.0,0.0,1.0,0.2,0
d*****5,"Fungsi:rusak
Kondisi Barang:tidak layak pakai 
Desain:Oke

BARANG RONGSOKAN DIJUAL !!!!
KAPOKKKKKKK, TIDAK AMANAH ",1,23,1765881886,fungsi rusak kondisi barang tidak layak pakai desain oke barang rongsokan dijual kapokkkkkkk tidak amanah,fungsi rusak kondisi barang tidak layak pakai desain oke barang rongsokan dijual kapokkkkkkk tidak amanah,15,negative,0.75,105,0.05714285714285714,0.26666666666666666,0.0,0.0,0.08095238095238096,0
indrisapitri_,,5,0,1754664465,,,1,neutral,0.55,0,0.0,0.0,0.0,0.0,0.6,1
gunturgegar528,"ada kendala dan mau diperbaiki, tunggu nyampe baru dinilai lagii",3,0,1763448022,ada kendala dan mau diperbaiki tunggu nyampe baru dinilai lagii,ada kendala dan mau diperbaiki tunggu nyampe baru dinilai lagii,10,neutral,0.55,63,0.031746031746031744,0.0,0.0,0.0,0.007936507936507936,0
maulsevic,"Fungsi:bwkerja dengan baij
Kondisi Barang:datang dalam keadaan mulus
Desain:keren",5,0,1759312957,fungsi bwkerja dengan baij kondisi barang datang dalam keadaan mulus desain keren,fungsi bwkerja dengan baij kondisi barang datang dalam keadaan mulus desain keren,12,positive,0.75,81,0.012345679012345678,0.0,0.0,0.0,0.0030864197530864196,0
agus_saridana87,Fungsi:Normal sesuai dengan harapan,5,0,1764659063,fungsi normal sesuai dengan harapan,fungsi normal sesuai dengan harapan,5,positive,0.75,35,0.0,0.0,0.0,0.0,0.0,0
d*****h,,5,1,1759478475,,,1,neutral,0.55,0,0.0,0.0,0.0,0.0,0.6,1
e*****u,"Barang Datang dengan kondisi baik, sesuai dengan yang di order. Penjual Ramah dan sangat fast respon.",5,0,1749438939,barang datang dengan kondisi baik sesuai dengan yang di order penjual ramah dan sangat fast respon,barang datang dengan kondisi baik sesuai dengan yang di order penjual ramah dan sangat fast respon,16,positive,0.75,98,0.0,0.125,0.0,0.0,0.03125,0
frandydaniel_02,"Sepadan dengan harga, hanya masukan untukntanda barang elektronik saat packing 
Dan boleh lah pengiriman area timur Indonesia lebih baik dengan JNT.",4,1,1762487139,sepadan dengan harga hanya masukan untukntanda barang elektronik saat packing dan boleh lah pengiriman area timur indonesia lebih baik dengan jnt,sepadan dengan harga hanya masukan untukntanda barang elektronik saat packing dan boleh lah pengiriman area timur indonesia lebih baik dengan jnt,21,neutral,0.55,145,0.006896551724137931,0.09523809523809523,0.0,0.0,0.02553366174055829,0
roniafron,Fungsi:bekerja dengan baik,5,1,1763627277,fungsi bekerja dengan baik,fungsi bekerja dengan baik,4,neutral,0.55,26,0.0,0.0,0.0,0.0,0.0,0
ariflukmanhakim767,"Fungsi:berfubgsu dengan sangat baik tidak ada cacat pada barang hanya goresan goresan khas pemakaian dan itupun juga sangat minim
Kondisi Barang:sangat bagus, dan mulus

Barang diterima dengan kondisi yang sangat baik, semua fungsi bekerja sesuai dengan fungsinya, yang perlu diperhatikan laptop ini late 2011 sehingga hanya bisa support hingga mac os high sierra. Untuk kebutuhan office mengetik, admin dan multimedia sangat bisa diandalkan.",5,4,1745113412,fungsi berfubgsu dengan sangat baik tidak ada cacat pada barang hanya goresan goresan khas pemakaian dan itupun juga sangat minim kondisi barang sangat bagus dan mulus barang diterima dengan kondisi yang sangat baik semua fungsi bekerja sesuai dengan fungsinya yang perlu diperhatikan laptop ini late 2011 sehingga hanya bisa support hingga mac os high sierra untuk kebutuhan office mengetik admin dan multimedia sangat bisa diandalkan,fungsi berfubgsu dengan sangat baik tidak ada cacat pada barang hanya goresan goresan khas pemakaian dan itupun juga sangat minim kondisi barang sangat bagus dan mulus barang diterima dengan kondisi yang sangat baik semua fungsi bekerja sesuai dengan fungsinya yang perlu diperhatikan laptop ini late 2011 sehingga hanya bisa support hingga mac os high sierra untuk kebutuhan office mengetik admin dan multimedia sangat bisa diandalkan,65,positive,0.75,435,0.013793103448275862,0.4307692307692308,0.0,0.0,0.11114058355437667,0
dr.2020,,5,1,1756961667,,,1,neutral,0.55,0,0.0,0.0,0.0,0.0,0.6,1
entmartid,"Fungsi:bagus
Kondisi Barang:lumayan

Pengiriman cepat. Pelayanan ramah. Bakal langganan disini",5,0,1749016192,fungsi bagus kondisi barang lumayan pengiriman cepat pelayanan ramah bakal langganan disini,fungsi bagus kondisi barang lumayan pengiriman cepat pelayanan ramah bakal langganan disini,12,positive,0.75,91,0.01098901098901099,0.0,0.0,0.0,0.0027472527472527475,0
a*****_,"Kondisi Barang:mulusssss
Fungsi:sesuai harapan banget

rekomen banget sih ini, lain kali bakal langganan 👍🏻",5,0,1743264315,kondisi barang mulusssss fungsi sesuai harapan banget rekomen banget sih ini lain kali bakal langganan,kondisi barang mulusssss fungsi sesuai harapan banget rekomen banget sih ini lain kali bakal langganan,15,positive,0.75,102,0.049019607843137254,0.13333333333333333,0.0,0.0,0.045588235294117645,0
iranisanalurita,"Fungsi:normal
Kondisi Barang:baik

Sejauh ini bisa di gunakan semoga awet,respon adminnya cepat dan sabar",5,0,1744341060,fungsi normal kondisi barang baik sejauh ini bisa di gunakan semoga awet respon adminnya cepat dan sabar,fungsi normal kondisi barang baik sejauh ini bisa di gunakan semoga awet respon adminnya cepat dan sabar,17,positive,0.75,104,0.009615384615384616,0.0,0.0,0.0,0.002403846153846154,0
akdadang,"Fungsi:baik normal semua
Kondisi Barang:paking joss aman unit mantap
Spesifikasi:sesuai orderan

Mantap👍",5,1,1752114412,fungsi baik normal semua kondisi barang paking joss aman unit mantap spesifikasi sesuai orderan mantap,fungsi baik normal semua kondisi barang paking joss aman unit mantap spesifikasi sesuai orderan mantap,15,positive,0.75,102,0.00980392156862745,0.13333333333333333,0.0,0.0,0.035784313725490194,0
wisnuismail91,"Fungsi:bekerja dengan baik
Kondisi Barang:normal

Puas ... packingan nya aman ... buble warp nya berlapis-lapis ... bener-bener dijaga ... toko juga ramah dan fast response .. pokok nya puas ...",5,0,1762971228,fungsi bekerja dengan baik kondisi barang normal puas packingan nya aman buble warp nya berlapis lapis bener bener dijaga toko juga ramah dan fast response pokok nya puas,fungsi bekerja dengan baik kondisi barang normal puas packingan nya aman buble warp nya berlapis lapis bener bener dijaga toko juga ramah dan fast response pokok nya puas,28,positive,0.75,170,0.0,0.25,0.0,0.0,0.0625,0
irhams77,"Terimakasih, pesanan telah sampai..",5,0,1757495936,terimakasih pesanan telah sampai,terimakasih pesanan telah sampai,4,neutral,0.55,32,0.0,0.0,0.0,0.0,0.0,0
santosinagaa,"Minta cancel karena mau rubah pesanan tapi langsung ditolak sama toko khawatir pembeli ga jadi beli barang, secara barang oke2 aja tapi untuk pelayanan penjual mohon maaf sepertinya harus banyak diperbaiki kualitas pelayanannya, terimakasih",3,4,1751178668,minta cancel karena mau rubah pesanan tapi langsung ditolak sama toko khawatir pembeli ga jadi beli barang secara barang oke2 aja tapi untuk pelayanan penjual mohon maaf sepertinya harus banyak diperbaiki kualitas pelayanannya terimakasih,minta cancel karena mau rubah pesanan tapi langsung ditolak sama toko khawatir pembeli ga jadi beli barang secara barang oke2 aja tapi untuk pelayanan penjual mohon maaf sepertinya harus banyak diperbaiki kualitas pelayanannya terimakasih,34,neutral,0.55,238,0.008403361344537815,0.11764705882352941,0.0,0.0,0.031512605042016806,0
tghprt,"Kondisi Barang:lecet2 lumrah lah
Fungsi:ok
Spesifikasi:spesifikasi tdk sesuai. seharusnya 256. yg di pasang 128",3,14,1761545187,kondisi barang lecet2 lumrah lah fungsi ok spesifikasi spesifikasi tdk sesuai seharusnya 256 yg di pasang 128,kondisi barang lecet2 lumrah lah fungsi ok spesifikasi spesifikasi tdk sesuai seharusnya 256 yg di pasang 128,17,positive,0.75,109,0.0,0.11764705882352941,0.0,0.0,0.029411764705882353,0
msglow_beauty_center,"Fungsi:sofware baik
Kondisi Barang:fisik kurang bagus
Desain:jelek

penggunaan baterai cepat panas dan cepat habis",1,12,1765773736,fungsi sofware baik kondisi barang fisik kurang bagus desain jelek penggunaan baterai cepat panas dan cepat habis,fungsi sofware baik kondisi barang fisik kurang bagus desain jelek penggunaan baterai cepat panas dan cepat habis,17,neutral,0.55,113,0.017699115044247787,0.11764705882352941,0.0,0.0,0.0338365434669443,0
anjasspd,,5,0,1763215242,,,1,neutral,0.55,0,0.0,0.0,0.0,0.0,0.6,1
ayu_wandira001,,5,1,1758324000,,,1,neutral,0.55,0,0.0,0.0,0.0,0.0,0.6,1
i*****4,"Kondisi Barang:ok
Fungsi:ok
Spesifikasi:ok",4,18,1758625275,kondisi barang ok fungsi ok spesifikasi ok,kondisi barang ok fungsi ok spesifikasi ok,7,neutral,0.55,42,0.0,0.42857142857142855,0.0,0.0,0.10714285714285714,0
aaden78,mudah mudahan bisa awet,5,0,1764447487,mudah mudahan bisa awet,mudah mudahan bisa awet,4,neutral,0.55,23,0.0,0.0,0.0,0.0,0.0,0
achad_furqon_sahbani12,"Fungsi:tidak layak jual
Kondisi Barang:tidak layak
Kegunaan:tidak layak pakai

Silahkan nilai sendiri .sedari awal barang dikirim tidak amanah baik dr tahun produksi tidak sesuai deskripsi dan baterai pun tidak sesuai info mereka .dia bilang wajar baterai 100% macbook habis dalam waktu 20-30 menit ..saya kira orang yang baru pertama beli macbook yang iyain kewajaran itu yang jelas baterai soak di kirim",1,43,1764976157,fungsi tidak layak jual kondisi barang tidak layak kegunaan tidak layak pakai silahkan nilai sendiri sedari awal barang dikirim tidak amanah baik dr tahun produksi tidak sesuai deskripsi dan baterai pun tidak sesuai info mereka dia bilang wajar baterai 100 macbook habis dalam waktu 20 30 menit saya kira orang yang baru pertama beli macbook yang iyain kewajaran itu yang jelas baterai soak di kirim,fungsi tidak layak jual kondisi barang tidak layak kegunaan tidak layak pakai silahkan nilai sendiri sedari awal barang dikirim tidak amanah baik dr tahun produksi tidak sesuai deskripsi dan baterai pun tidak sesuai info mereka dia bilang wajar baterai 100 macbook habis dalam waktu 20 30 menit saya kira orang yang baru pertama beli macbook yang iyain kewajaran itu yang jelas baterai soak di kirim,65,neutral,0.55,399,0.010025062656641603,0.3230769230769231,0.0,0.0,0.08327549643339117,0
f*****5,"Fungsi:Baik
Kondisi Barang:Ada baret besar skali dibagian samping, Kondisi bodi sdh di Sticker atas bawah, bodi atas banyak penyok2 , kalau fungsi normal smua, pengiriman sangan mantap dan cepat",4,0,1744178339,fungsi baik kondisi barang ada baret besar skali dibagian samping kondisi bodi sdh di sticker atas bawah bodi atas banyak penyok2 kalau fungsi normal smua pengiriman sangan mantap dan cepat,fungsi baik kondisi barang ada baret besar skali dibagian samping kondisi bodi sdh di sticker atas bawah bodi atas banyak penyok2 kalau fungsi normal smua pengiriman sangan mantap dan cepat,30,positive,0.75,189,0.0,0.26666666666666666,0.0,0.0,0.06666666666666667,0
timcanpy,Sejauh ini bagus banget,5,0,1763631797,sejauh ini bagus banget,sejauh ini bagus banget,4,positive,0.75,23,0.0,0.0,0.0,0.0,0.0,0
adindasyaah,sampai dengan aman dan masih worth it,4,1,1755182823,sampai dengan aman dan masih worth it,sampai dengan aman dan masih worth it,7,neutral,0.55,37,0.0,0.0,0.0,0.0,0.0,0
avanmyidstudios,"Fungsi:ok
Kondisi Barang:kipas berisik, mesti dibersihin, update ke os sonoma sebelumnya high siera, cover depan di rapih²in",5,0,1764862294,fungsi ok kondisi barang kipas berisik mesti dibersihin update ke os sonoma sebelumnya high siera cover depan di rapih in,fungsi ok kondisi barang kipas berisik mesti dibersihin update ke os sonoma sebelumnya high siera cover depan di rapih in,20,neutral,0.55,121,0.0,0.0,0.0,0.0,0.0,0
donza1919,"Barang bagus, berfungsi normal semua",5,0,1742911843,barang bagus berfungsi normal semua,barang bagus berfungsi normal semua,5,positive,0.75,35,0.0,0.0,0.0,0.0,0.0,0
bangsonet,Mulus lancar jaya. Cocok buat edit².,5,0,1749308328,mulus lancar jaya cocok buat edit,mulus lancar jaya cocok buat edit,6,positive,0.75,33,0.0,0.0,0.0,0.0,0.0,0
azamtujannah,,5,0,1748176636,,,1,neutral,0.55,0,0.0,0.0,0.0,0.0,0.6,1
nursamsi88,"Macbook sudah saya coba berfungsi dengan baik, cas berfungsi dg baik ada bonus tas dan mouse. Body mulus.",5,0,1760782667,macbook sudah saya coba berfungsi dengan baik cas berfungsi dg baik ada bonus tas dan mouse body mulus,macbook sudah saya coba berfungsi dengan baik cas berfungsi dg baik ada bonus tas dan mouse body mulus,18,neutral,0.55,102,0.00980392156862745,0.2222222222222222,0.0,0.0,0.05800653594771241,0
ahmadmadani033,Datang dalam keadaan mulus dan sampai ke tujuan dengan baik,5,0,1761135890,datang dalam keadaan mulus dan sampai ke tujuan dengan baik,datang dalam keadaan mulus dan sampai ke tujuan dengan baik,10,neutral,0.55,59,0.01694915254237288,0.0,0.0,0.0,0.00423728813559322,0
l*****3,"Fungsi:berfungsi semua
Kondisi Barang:bagus
Desain:ok

Terimakasih min barangnya bagus,sorry kalo bawel hehehe,tapi admin responsif bangettt top dehh pokoknyaaa",5,0,1760758366,fungsi berfungsi semua kondisi barang bagus desain ok terimakasih min barangnya bagus sorry kalo bawel hehehe tapi admin responsif bangettt top dehh pokoknyaaa,fungsi berfungsi semua kondisi barang bagus desain ok terimakasih min barangnya bagus sorry kalo bawel hehehe tapi admin responsif bangettt top dehh pokoknyaaa,23,positive,0.75,159,0.03773584905660377,0.08695652173913043,0.0,0.0,0.03117309269893355,0
wandiasf,"Kondisi Barang:lumayan 95%
Desain:keren mantap

Alhamdulillah akhirnya nyampe juga nih macbook.. sepadan dengan harga. Keypad mash empuk, kecepatan browsing dan buka app mantap. Batre dtng kondisi off. Jd blum keuji. Mudah²n awet normal. Recomended seller. Hanya saja jasa kirimnya yg buruk.",5,0,1757249101,kondisi barang lumayan 95 desain keren mantap alhamdulillah akhirnya nyampe juga nih macbook sepadan dengan harga keypad mash empuk kecepatan browsing dan buka app mantap batre dtng kondisi off jd blum keuji mudah n awet normal recomended seller hanya saja jasa kirimnya yg buruk,kondisi barang lumayan 95 desain keren mantap alhamdulillah akhirnya nyampe juga nih macbook sepadan dengan harga keypad mash empuk kecepatan browsing dan buka app mantap batre dtng kondisi off jd blum keuji mudah n awet normal recomended seller hanya saja jasa kirimnya yg buruk,44,positive,0.75,279,0.017921146953405017,0.09090909090909091,0.0,0.0,0.027207559465623983,0
wahyu_zulkipar,"Alhamdulillah barangnya 95% masih oke. Memang apple build nya kuat dan tangguh

Terimakasih seller, sudah amanah dengan produknya.",5,0,1762945636,alhamdulillah barangnya 95 masih oke memang apple build nya kuat dan tangguh terimakasih seller sudah amanah dengan produknya,alhamdulillah barangnya 95 masih oke memang apple build nya kuat dan tangguh terimakasih seller sudah amanah dengan produknya,18,neutral,0.55,125,0.032,0.0,0.0,0.0,0.008,0
c*****2,"Fungsi:normal
Kondisi Barang:sedang
Desain:macbook pro

Saya order yg ram 16 gb tapi dikirim 8gb, gimana nih.....? ",5,0,1756382337,fungsi normal kondisi barang sedang desain macbook pro saya order yg ram 16 gb tapi dikirim 8gb gimana nih,fungsi normal kondisi barang sedang desain macbook pro saya order yg ram 16 gb tapi dikirim 8gb gimana nih,19,neutral,0.55,106,0.009433962264150943,0.0,0.0,0.0,0.0023584905660377358,0
sib0b,"Sudah diterima dg baik
Mudah2n awet utk kerjaan kantoran saja.",5,0,1753840183,sudah diterima dg baik mudah2n awet utk kerjaan kantoran saja,sudah diterima dg baik mudah2n awet utk kerjaan kantoran saja,10,neutral,0.55,61,0.01639344262295082,0.0,0.0,0.0,0.004098360655737705,0
bang_mirhan08,"Fungsi:ada yg kurang trackpad tidak bisa di click
Kondisi Barang:bekas",4,0,1746360799,fungsi ada yg kurang trackpad tidak bisa di click kondisi barang bekas,fungsi ada yg kurang trackpad tidak bisa di click kondisi barang bekas,12,negative,0.75,70,0.0,0.0,0.0,1.0,0.2,0
n*****9,"Fungsi:sejauh ini bekerja dgn baik
Kondisi Barang:dtng dlm keadaan aman
Desain:bagus

smpt ada kendala tp untung admin gercep ngerspon nya",4,0,1763031559,fungsi sejauh ini bekerja dgn baik kondisi barang dtng dlm keadaan aman desain bagus smpt ada kendala tp untung admin gercep ngerspon nya,fungsi sejauh ini bekerja dgn baik kondisi barang dtng dlm keadaan aman desain bagus smpt ada kendala tp untung admin gercep ngerspon nya,23,positive,0.75,137,0.0072992700729927005,0.0,0.0,0.0,0.0018248175182481751,0
farizhendrawan123,Fungsi:berfungsi baik,5,0,1748167231,fungsi berfungsi baik,fungsi berfungsi baik,3,neutral,0.55,21,0.0,0.0,0.0,0.0,0.0,0
a*****0,"Bagus berfungsi dengan baik
-Charger yang di kirim rusak + kotor ( tapi penjual mau bertanggung jawab jadi gapapa ) 
-Macbook kotor banyak noda kayak oli gatau kenapa 
- Apk yang di request gak di instal samsek
Dah sih itu aja setelah di pakai kurang lebih beberapa minggu macbook nya berfungsi dengan baik tanpa kendala,, terimakasih",4,3,1764976277,bagus berfungsi dengan baik charger yang di kirim rusak kotor tapi penjual mau bertanggung jawab jadi gapapa macbook kotor banyak noda kayak oli gatau kenapa apk yang di request gak di instal samsek dah sih itu aja setelah di pakai kurang lebih beberapa minggu macbook nya berfungsi dengan baik tanpa kendala terimakasih,bagus berfungsi dengan baik charger yang di kirim rusak kotor tapi penjual mau bertanggung jawab jadi gapapa macbook kotor banyak noda kayak oli gatau kenapa apk yang di request gak di instal samsek dah sih itu aja setelah di pakai kurang lebih beberapa minggu macbook nya berfungsi dengan baik tanpa kendala terimakasih,52,negative,0.75,320,0.0125,0.3076923076923077,0.0,1.0,0.2800480769230769,0
m*****i,"Fungsi:Baik
Kondisi Barang:Ada lecet. ya wajarlah
Spesifikasi:Bagus

Semoga awet",5,0,1746282297,fungsi baik kondisi barang ada lecet ya wajarlah spesifikasi bagus semoga awet,fungsi baik kondisi barang ada lecet ya wajarlah spesifikasi bagus semoga awet,12,positive,0.75,78,0.0,0.0,0.0,0.0,0.0,0
silviaeugene,"Bagian belakang agak bengkak, ada deng ujung kiri overall sih masih bagus semoga awet",5,0,1745887726,bagian belakang agak bengkak ada deng ujung kiri overall sih masih bagus semoga awet,bagian belakang agak bengkak ada deng ujung kiri overall sih masih bagus semoga awet,14,positive,0.75,84,0.011904761904761904,0.0,0.0,0.0,0.002976190476190476,0
a*****d,,4,0,1759934460,,,1,neutral,0.55,0,0.0,0.0,0.0,0.0,0.6,1
arkarasyashop,"Fungsi:bagus
Kondisi Barang:mulus lecet pemakaian biasa.
Desain:apik",5,0,1756291717,fungsi bagus kondisi barang mulus lecet pemakaian biasa desain apik,fungsi bagus kondisi barang mulus lecet pemakaian biasa desain apik,10,positive,0.75,67,0.0,0.0,0.0,0.0,0.0,0
hze_ri,"Fungsi:berfungsi dgn baik
Kondisi Barang:bagus dan mulus
Desain:bagus",5,0,1753071631,fungsi berfungsi dgn baik kondisi barang bagus dan mulus desain bagus,fungsi berfungsi dgn baik kondisi barang bagus dan mulus desain bagus,11,positive,0.75,69,0.0,0.18181818181818182,0.0,0.0,0.045454545454545456,0
_2z631iscr,"Fungsi:baik
Kondisi Barang:normal
Desain:masi keren",5,0,1752144566,fungsi baik kondisi barang normal desain masi keren,fungsi baik kondisi barang normal desain masi keren,8,positive,0.75,51,0.0,0.0,0.0,0.0,0.0,0
ferihbibi,,5,0,1759039162,,,1,neutral,0.55,0,0.0,0.0,0.0,0.0,0.6,1
imamzainalasrori,"Fungsi:semua berfungsi
Kondisi Barang:scont terasa baru
Desain:menarik perrhatian",5,0,1755313969,fungsi semua berfungsi kondisi barang scont terasa baru desain menarik perrhatian,fungsi semua berfungsi kondisi barang scont terasa baru desain menarik perrhatian,11,neutral,0.55,81,0.012345679012345678,0.0,0.0,0.0,0.0030864197530864196,0
a*****1,"Fungsi:baik
Kondisi Barang:bagus
Desain:bagus

Terima kasih",5,0,1759682617,fungsi baik kondisi barang bagus desain bagus terima kasih,fungsi baik kondisi barang bagus desain bagus terima kasih,9,positive,0.75,58,0.0,0.2222222222222222,0.0,0.0,0.05555555555555555,0
ardian1975,"Fungsi:beroperasi dengan baik
Kondisi Barang:kondisi ok
Desain:sangat bagus",5,0,1760508604,fungsi beroperasi dengan baik kondisi barang kondisi ok desain sangat bagus,fungsi beroperasi dengan baik kondisi barang kondisi ok desain sangat bagus,11,positive,0.75,75,0.0,0.18181818181818182,0.0,0.0,0.045454545454545456,0
om_ferdy,"Fungsi:bagus
Kondisi Barang:baik
Desain:keren oi

Terimakasih ya seller",5,0,1754490450,fungsi bagus kondisi barang baik desain keren oi terimakasih ya seller,fungsi bagus kondisi barang baik desain keren oi terimakasih ya seller,11,positive,0.75,70,0.014285714285714285,0.0,0.0,0.0,0.0035714285714285713,0
4n1fw,"Fungsi:beroperasi dengan baik
Kondisi Barang:sesuai harga
Desain:menarik",5,0,1763449347,fungsi beroperasi dengan baik kondisi barang sesuai harga desain menarik,fungsi beroperasi dengan baik kondisi barang sesuai harga desain menarik,10,positive,0.75,72,0.0,0.0,0.0,0.0,0.0,0
intan.raviani.ogianto,"Fungsi:oke
Kondisi Barang:oke
Desain:oke

Pelayanan cepat tanggap.",5,0,1765404743,fungsi oke kondisi barang oke desain oke pelayanan cepat tanggap,fungsi oke kondisi barang oke desain oke pelayanan cepat tanggap,10,positive,0.75,64,0.015625,0.3,0.0,0.0,0.07890625,0
fatimahfath622,"Fungsi:oke
Kondisi Barang:sedikit melantar
Desain:bagus

Respon baik sekalii",5,1,1753884713,fungsi oke kondisi barang sedikit melantar desain bagus respon baik sekalii,fungsi oke kondisi barang sedikit melantar desain bagus respon baik sekalii,11,positive,0.75,75,0.013333333333333334,0.0,0.0,0.0,0.0033333333333333335,0
maxhavestudio,Waktu beli sudah isi dan diminta isi request program adobe  tapi di cek kemudian tdk ada adobe. Sptinya ini cat ulang,5,0,1761130367,waktu beli sudah isi dan diminta isi request program adobe tapi di cek kemudian tdk ada adobe sptinya ini cat ulang,waktu beli sudah isi dan diminta isi request program adobe tapi di cek kemudian tdk ada adobe sptinya ini cat ulang,21,neutral,0.55,115,0.0,0.19047619047619047,0.0,0.0,0.047619047619047616,0
sahuleka_aldi,ok bagus sesuai,5,0,1758458563,ok bagus sesuai,ok bagus sesuai,3,positive,0.75,15,0.0,0.0,0.0,0.0,0.2,0
s*****8,"Fungsi:fungsi normal
Kondisi Barang:ada penyok di bagian belakang lcd",4,0,1748800852,fungsi fungsi normal kondisi barang ada penyok di bagian belakang lcd,fungsi fungsi normal kondisi barang ada penyok di bagian belakang lcd,11,neutral,0.55,69,0.0,0.18181818181818182,0.0,0.0,0.045454545454545456,0
funarnojuriadin.p,"Fungsi:berfungsi
Kondisi Barang:Namanya juga seccond. Lumayan
Desain:oke",4,0,1760264831,fungsi berfungsi kondisi barang namanya juga seccond lumayan desain oke,fungsi berfungsi kondisi barang namanya juga seccond lumayan desain oke,10,neutral,0.55,71,0.014084507042253521,0.0,0.0,0.0,0.0035211267605633804,0
e*****s,barang sesuai dengan deskripsi produk semoga bermanfaat......,4,0,1761101967,barang sesuai dengan deskripsi produk semoga bermanfaat,barang sesuai dengan deskripsi produk semoga bermanfaat,7,positive,0.75,55,0.01818181818181818,0.0,0.0,0.0,0.004545454545454545,0
m*****u,"Ok, tq",5,0,1760601049,ok tq,ok tq,2,neutral,0.55,5,0.0,0.0,0.0,0.0,0.6,1
wbone85,"Panik karena laptopnya ga bisa nyalaaa
Pas di perbaiki lagi ditoko terdekat, alhamdulillah bisa",3,0,1761581761,panik karena laptopnya ga bisa nyalaaa pas di perbaiki lagi ditoko terdekat alhamdulillah bisa,panik karena laptopnya ga bisa nyalaaa pas di perbaiki lagi ditoko terdekat alhamdulillah bisa,14,neutral,0.55,94,0.031914893617021274,0.14285714285714285,0.0,0.0,0.04369300911854103,0
andrewumboh7,Terbaik sangat profesional Zig zag. TUHAN berkati,5,0,1765275277,terbaik sangat profesional zig zag tuhan berkati,terbaik sangat profesional zig zag tuhan berkati,7,neutral,0.55,48,0.0,0.0,0.0,0.0,0.0,0
arjomfals,"Fungsi:gd
Kondisi Barang:ok
Desain:bg

Ok",4,0,1758154094,fungsi gd kondisi barang ok desain bg ok,fungsi gd kondisi barang ok desain bg ok,8,neutral,0.55,40,0.0,0.25,0.0,0.0,0.0625,0
ripai52,Kondisi Barang:rusak kecewa berat pokoknya,1,3,1763136646,kondisi barang rusak kecewa berat pokoknya,kondisi barang rusak kecewa berat pokoknya,6,negative,0.75,42,0.0,0.0,0.0,0.0,0.0,0
t*****1,"Fungsi:mulu
Kondisi Barang:baik
Desain:baik",5,0,1757513463,fungsi mulu kondisi barang baik desain baik,fungsi mulu kondisi barang baik desain baik,7,neutral,0.55,43,0.0,0.2857142857142857,0.0,0.0,0.07142857142857142,0
millahnwdtl53,"Barang diterima dengan kondisi baik, ada lecet di dekat keyboard sedikit tapi gapapa namanya jg second. Untuk trackpad berfungsi dengan baik, keyboard semua berfungsi tidak ada yg ngambek wkwk, untuk bagian memory sesuai pesanan, cuma minus dibagian layar macbook ada garis dibagian tengah lumayan panjang dan sebelak kiri tapi gapapa banget soalnya ga kelihatan saat dah nyala. Semoga panjang umurnya nih macbook murmer. Makasih seller baik hati, sukses selalu",5,0,1762748661,barang diterima dengan kondisi baik ada lecet di dekat keyboard sedikit tapi gapapa namanya jg second untuk trackpad berfungsi dengan baik keyboard semua berfungsi tidak ada yg ngambek wkwk untuk bagian memory sesuai pesanan cuma minus dibagian layar macbook ada garis dibagian tengah lumayan panjang dan sebelak kiri tapi gapapa banget soalnya ga kelihatan saat dah nyala semoga panjang umurnya nih macbook murmer makasih seller baik hati sukses selalu,barang diterima dengan kondisi baik ada lecet di dekat keyboard sedikit tapi gapapa namanya jg second untuk trackpad berfungsi dengan baik keyboard semua berfungsi tidak ada yg ngambek wkwk untuk bagian memory sesuai pesanan cuma minus dibagian layar macbook ada garis dibagian tengah lumayan panjang dan sebelak kiri tapi gapapa banget soalnya ga kelihatan saat dah nyala semoga panjang umurnya nih macbook murmer makasih seller baik hati sukses selalu,69,neutral,0.55,453,0.008830022075055188,0.34782608695652173,0.0,0.0,0.08916402725789423,0
yosef_osi_bnani,"Fungsi:komponen berfungsi. cuma belum tahu password utk buka 🙏
Kondisi Barang:kondisi barang baik.
Desain:baik

Semoga tahan lama. Belum coba adaptor. Semoga berfungsi dengan baik. Terimakasih 🙏",5,0,1758425742,fungsi komponen berfungsi cuma belum tahu password utk buka kondisi barang kondisi barang baik desain baik semoga tahan lama belum coba adaptor semoga berfungsi dengan baik terimakasih,fungsi komponen berfungsi cuma belum tahu password utk buka kondisi barang kondisi barang baik desain baik semoga tahan lama belum coba adaptor semoga berfungsi dengan baik terimakasih,27,negative,0.75,184,0.005434782608695652,0.48148148148148145,0.0,1.0,0.3217290660225443,0
novan4848,"Alhamdulillah sesuai dan befungsi baik, terima kasih seller",5,0,1758793501,alhamdulillah sesuai dan befungsi baik terima kasih seller,alhamdulillah sesuai dan befungsi baik terima kasih seller,8,positive,0.75,58,0.034482758620689655,0.0,0.0,0.0,0.008620689655172414,0
s*****1,"Fungsi:barang berfungsi dengan normal
Kondisi Barang:barang sesuai dgn deskripsi, bagus dengan harga terjangkau, seller fastrespon, mantapp next order lagi",5,0,1764765731,fungsi barang berfungsi dengan normal kondisi barang barang sesuai dgn deskripsi bagus dengan harga terjangkau seller fastrespon mantapp next order lagi,fungsi barang berfungsi dengan normal kondisi barang barang sesuai dgn deskripsi bagus dengan harga terjangkau seller fastrespon mantapp next order lagi,21,positive,0.75,152,0.013157894736842105,0.23809523809523808,0.0,0.0,0.06281328320802004,0
f*****3,"Fungsi:dengan baik
Kondisi Barang:sedikit lecet maklum barang secend tapi tetap ok
Desain:bagus",5,0,1761852546,fungsi dengan baik kondisi barang sedikit lecet maklum barang secend tapi tetap ok desain bagus,fungsi dengan baik kondisi barang sedikit lecet maklum barang secend tapi tetap ok desain bagus,15,positive,0.75,95,0.0,0.13333333333333333,0.0,0.0,0.03333333333333333,0
n*****a,"Fungsi:barang bekerja dengan baik
Kondisi Barang:datang dengan kondisi yang muluss
Desain:cakeppp bangettt kayaaa masihhh baruuu syukakkkkkkk😍❤️❤️❤️❤️",5,0,1757747669,fungsi barang bekerja dengan baik kondisi barang datang dengan kondisi yang muluss desain cakeppp bangettt kayaaa masihhh baruuu syukakkkkkkk,fungsi barang bekerja dengan baik kondisi barang datang dengan kondisi yang muluss desain cakeppp bangettt kayaaa masihhh baruuu syukakkkkkkk,19,neutral,0.55,141,0.12056737588652482,0.3157894736842105,0.0,0.0,0.10908921239268383,0
_6cntzzjif,"Fungsi:berfungsi dg baik
Kondisi Barang:bagus mulus gambar
Desain:Bagus

Rekom belanja di toko ini
Seller amanah, kalo tanya selalu di jawab dg cepat.",5,0,1765792884,fungsi berfungsi dg baik kondisi barang bagus mulus gambar desain bagus rekom belanja di toko ini seller amanah kalo tanya selalu di jawab dg cepat,fungsi berfungsi dg baik kondisi barang bagus mulus gambar desain bagus rekom belanja di toko ini seller amanah kalo tanya selalu di jawab dg cepat,25,positive,0.75,147,0.006802721088435374,0.24,0.0,0.0,0.06170068027210884,0
5ttruyo_sg,"Alhamdulillah paketnya sudah tiba. Packing rapi, macebook nya dapat berfungsi dengan baik.Semoga awet. Tokonya mantap, semoga jaya dan lancar.",5,0,1760534408,alhamdulillah paketnya sudah tiba packing rapi macebook nya dapat berfungsi dengan baik semoga awet tokonya mantap semoga jaya dan lancar,alhamdulillah paketnya sudah tiba packing rapi macebook nya dapat berfungsi dengan baik semoga awet tokonya mantap semoga jaya dan lancar,20,positive,0.75,137,0.014598540145985401,0.1,0.0,0.0,0.02864963503649635,0
heniyuliani289,"2minggu pakai bermasalah, barang sudah saya kembalikan. tukar unit tapi tidak kunjung dikirim...update penilaian kalau barang sudah dikirim lagi ke saya.",1,0,1765792284,2minggu pakai bermasalah barang sudah saya kembalikan tukar unit tapi tidak kunjung dikirim update penilaian kalau barang sudah dikirim lagi ke saya,2minggu pakai bermasalah barang sudah saya kembalikan tukar unit tapi tidak kunjung dikirim update penilaian kalau barang sudah dikirim lagi ke saya,22,negative,0.75,148,0.006756756756756757,0.36363636363636365,0.0,0.0,0.0925982800982801,0
sugengmaruf,"Fungsi:barang bekerja dengan baik
Kondisi Barang:datang dalam keadaan mulus
Desain:terlihat keren dan modern",5,0,1756635865,fungsi barang bekerja dengan baik kondisi barang datang dalam keadaan mulus desain terlihat keren dan modern,fungsi barang bekerja dengan baik kondisi barang datang dalam keadaan mulus desain terlihat keren dan modern,16,positive,0.75,108,0.009259259259259259,0.125,0.0,0.0,0.03356481481481481,0
hayatunnira111,"Fungsi:bekerja dengan baik sesuai harapan
Kondisi Barang:mulus walaupun ada gores kecil
Desain:menarik",5,0,1761865438,fungsi bekerja dengan baik sesuai harapan kondisi barang mulus walaupun ada gores kecil desain menarik,fungsi bekerja dengan baik sesuai harapan kondisi barang mulus walaupun ada gores kecil desain menarik,15,positive,0.75,102,0.0,0.0,0.0,0.0,0.0,0
dedirp26,"Fungsi:narang bekerja dengan baik
Kondisi Barang:barang mulus rahayu
Desain:ok mantep keren",5,0,1764733198,fungsi narang bekerja dengan baik kondisi barang barang mulus rahayu desain ok mantep keren,fungsi narang bekerja dengan baik kondisi barang barang mulus rahayu desain ok mantep keren,14,positive,0.75,91,0.0,0.14285714285714285,0.0,0.0,0.03571428571428571,0
rudiapriadi864,"Fungsi:baik
Kondisi Barang:95% masih baik,  wajar lecet pemakaian

Mantap barangnya",5,0,1764568982,fungsi baik kondisi barang 95 masih baik wajar lecet pemakaian mantap barangnya,fungsi baik kondisi barang 95 masih baik wajar lecet pemakaian mantap barangnya,12,positive,0.75,79,0.0,0.16666666666666666,0.0,0.0,0.041666666666666664,0
robianggara33,"Fungsi:lancar
Kondisi Barang:lumayan

lumayan lah gak jelek bgt beberapa titik ada dent tapi worth it lah buat harga sgitu . semoga awet",5,0,1762177097,fungsi lancar kondisi barang lumayan lumayan lah gak jelek bgt beberapa titik ada dent tapi worth it lah buat harga sgitu semoga awet,fungsi lancar kondisi barang lumayan lumayan lah gak jelek bgt beberapa titik ada dent tapi worth it lah buat harga sgitu semoga awet,23,negative,0.75,133,0.0,0.17391304347826086,0.0,1.0,0.24347826086956523,0
ahmadfauzi131195,"Produk sesuai deskripsi, kondisi visual 98% masih mulus",5,0,1761827568,produk sesuai deskripsi kondisi visual 98 masih mulus,produk sesuai deskripsi kondisi visual 98 masih mulus,8,positive,0.75,53,0.0,0.0,0.0,0.0,0.0,0
lkmeddia,"Fungsi:semoga berfungsi dengan baik
Kondisi Barang:barang datang dalam kondisi baik, double packing
Desain:model bagus",5,0,1765693566,fungsi semoga berfungsi dengan baik kondisi barang barang datang dalam kondisi baik double packing desain model bagus,fungsi semoga berfungsi dengan baik kondisi barang barang datang dalam kondisi baik double packing desain model bagus,17,positive,0.75,117,0.0,0.35294117647058826,0.0,0.0,0.08823529411764706,0
muhamadrafi1206,"Fungsi:bagus kok
Kondisi Barang:mulus

Kalo ada yg kurang konsultasi ke cs nya aja diarahkan bener2",5,0,1759320741,fungsi bagus kok kondisi barang mulus kalo ada yg kurang konsultasi ke cs nya aja diarahkan bener2,fungsi bagus kok kondisi barang mulus kalo ada yg kurang konsultasi ke cs nya aja diarahkan bener2,17,neutral,0.55,98,0.0,0.0,0.0,0.0,0.0,0
a*****m,"Fungsi:baik
Kondisi Barang:banyak lecet2
Desain:lumayan",5,0,1763616906,fungsi baik kondisi barang banyak lecet2 desain lumayan,fungsi baik kondisi barang banyak lecet2 desain lumayan,8,neutral,0.55,55,0.0,0.0,0.0,0.0,0.0,0
25v4dp4ma3,"Fungsi:berfungsi baik
Kondisi Barang:bagus
Desain:bagus n rapih",5,0,1755623928,fungsi berfungsi baik kondisi barang bagus desain bagus n rapih,fungsi berfungsi baik kondisi barang bagus desain bagus n rapih,10,positive,0.75,63,0.0,0.2,0.0,0.0,0.05,0
moncipdaster,"gimana ini quality control nya parah, pengiriman lama, kurang teliti , ga ada bautnya, udh nunggu lama
kecewa di toko ini ga bakal balek lagi!",1,1,1764966012,gimana ini quality control nya parah pengiriman lama kurang teliti ga ada bautnya udh nunggu lama kecewa di toko ini ga bakal balek lagi,gimana ini quality control nya parah pengiriman lama kurang teliti ga ada bautnya udh nunggu lama kecewa di toko ini ga bakal balek lagi,24,negative,0.75,136,0.007352941176470588,0.25,0.0,0.0,0.06433823529411764,0
n*****7,"Fungsi:bekerja dengan baik
Kondisi Barang:masih muluss, baret dikit ga keliatan
Desain:macbook pada umumnya

Bagus banget, dengan harga segitu worth it to buy. Jangan ragu yah beli di toko ini, ada garansinya juga.",5,0,1751563316,fungsi bekerja dengan baik kondisi barang masih muluss baret dikit ga keliatan desain macbook pada umumnya bagus banget dengan harga segitu worth it to buy jangan ragu yah beli di toko ini ada garansinya juga,fungsi bekerja dengan baik kondisi barang masih muluss baret dikit ga keliatan desain macbook pada umumnya bagus banget dengan harga segitu worth it to buy jangan ragu yah beli di toko ini ada garansinya juga,35,positive,0.75,208,0.009615384615384616,0.05714285714285714,0.0,0.0,0.01668956043956044,0
adrianalomang,"Fungsi:bekerja dgn baik
Kondisi Barang:agak 3 titik dent tapi tidak masalah
Desain:bagus dan tidak mengecewakan,

Belanja di toko ini tidak mengecewakan, trima kasih",5,0,1751638064,fungsi bekerja dgn baik kondisi barang agak 3 titik dent tapi tidak masalah desain bagus dan tidak mengecewakan belanja di toko ini tidak mengecewakan trima kasih,fungsi bekerja dgn baik kondisi barang agak 3 titik dent tapi tidak masalah desain bagus dan tidak mengecewakan belanja di toko ini tidak mengecewakan trima kasih,26,negative,0.75,162,0.0,0.19230769230769232,0.0,1.0,0.24807692307692308,0
l*****u,"Fungsi:iya berfungsi meskipun selalu ada tulisan updet aja
Kondisi Barang:agak besret sedikit tapi bagus lah
Desain:suka desainnya

Baguss",5,1,1765062530,fungsi iya berfungsi meskipun selalu ada tulisan updet aja kondisi barang agak besret sedikit tapi bagus lah desain suka desainnya baguss,fungsi iya berfungsi meskipun selalu ada tulisan updet aja kondisi barang agak besret sedikit tapi bagus lah desain suka desainnya baguss,21,positive,0.75,137,0.014598540145985401,0.0,0.0,0.0,0.0036496350364963502,0
nurfajarsepyanto_23,"Fungsi:sesuai dengan deskripsi
Kondisi Barang:kondisi 98% masih bagus
Desain:sesuai deskripsi

Recomended untuk belajar dan kerja",5,0,1751410289,fungsi sesuai dengan deskripsi kondisi barang kondisi 98 masih bagus desain sesuai deskripsi recomended untuk belajar dan kerja,fungsi sesuai dengan deskripsi kondisi barang kondisi 98 masih bagus desain sesuai deskripsi recomended untuk belajar dan kerja,18,positive,0.75,127,0.0,0.3333333333333333,0.0,0.0,0.08333333333333333,0
adrianalomang,"Fungsi:berfungsi dgn baik
Kondisi Barang:mulus
Desain:menarik dan tidak mengecewakan",5,0,1751637876,fungsi berfungsi dgn baik kondisi barang mulus desain menarik dan tidak mengecewakan,fungsi berfungsi dgn baik kondisi barang mulus desain menarik dan tidak mengecewakan,12,negative,0.75,84,0.0,0.0,0.0,1.0,0.2,0
vmubvev8m8,"Fungsi:baik
Kondisi Barang:mulus cakep
Desain:bagus

cuma ga di install sama yg saya minta pdhl mereka sendiri yg suruh tulis sesuai request sih. ya tapi yaudahlah. barangnya bagus masih mulus  , berfungsi dengan baik",5,0,1751184241,fungsi baik kondisi barang mulus cakep desain bagus cuma ga di install sama yg saya minta pdhl mereka sendiri yg suruh tulis sesuai request sih ya tapi yaudahlah barangnya bagus masih mulus berfungsi dengan baik,fungsi baik kondisi barang mulus cakep desain bagus cuma ga di install sama yg saya minta pdhl mereka sendiri yg suruh tulis sesuai request sih ya tapi yaudahlah barangnya bagus masih mulus berfungsi dengan baik,35,positive,0.75,211,0.004739336492890996,0.22857142857142856,0.0,0.0,0.05832769126607989,0
p*****0,"Fungsi:tidak berfungsi
Kondisi Barang:tidak bisa di pakai

Perdana mesen di seller ini. Sebelumnya saya selalu repeat order di beberapa seller lain, karna saya juga buat dagang.
Pertama dtng 1 unit itu tidak berfungsi speker dan sensor nya. Jika di tutup dan di buka layar tdk nyala
Di live di bilang CC btre kecil. Saat sampai ternyata udh gede banget 890
2 hari berjalan. Unit yg satu lgi juga bermasalah. LCD nya suka goyang saat pemakaian. Sprti longgar 
Alhasil ke 2 unit yg saya pesan smua rusak. Tpi satu yg saya kembalikan. Krna yg satu lgi saya perbaiki sndri
Saya return yg 1 unit dengan pengembalian dana. 
Tpi seller kekeuh gnti barang. Dengan alasan yg saya pikir ngk masuk akal. Dengan bbrpa bukti yg saya lampirkan di kolom komplen. Akirnya dana balik
Terakir deh order sma seller ini",1,4,1765796284,fungsi tidak berfungsi kondisi barang tidak bisa di pakai perdana mesen di seller ini sebelumnya saya selalu repeat order di beberapa seller lain karna saya juga buat dagang pertama dtng 1 unit itu tidak berfungsi speker dan sensor nya jika di tutup dan di buka layar tdk nyala di live di bilang cc btre kecil saat sampai ternyata udh gede banget 890 2 hari berjalan unit yg satu lgi juga bermasalah lcd nya suka goyang saat pemakaian sprti longgar alhasil ke 2 unit yg saya pesan smua rusak tpi satu yg saya kembalikan krna yg satu lgi saya perbaiki sndri saya return yg 1 unit dengan pengembalian dana tpi seller kekeuh gnti barang dengan alasan yg saya pikir ngk masuk akal dengan bbrpa bukti yg saya lampirkan di kolom komplen akirnya dana balik terakir deh order sma seller ini,fungsi tidak berfungsi kondisi barang tidak bisa di pakai perdana mesen di seller ini sebelumnya saya selalu repeat order di beberapa seller lain karna saya juga buat dagang pertama dtng 1 unit itu tidak berfungsi speker dan sensor nya jika di tutup dan di buka layar tdk nyala di live di bilang cc btre kecil saat sampai ternyata udh gede banget 890 2 hari berjalan unit yg satu lgi juga bermasalah lcd nya suka goyang saat pemakaian sprti longgar alhasil ke 2 unit yg saya pesan smua rusak tpi satu yg saya kembalikan krna yg satu lgi saya perbaiki sndri saya return yg 1 unit dengan pengembalian dana tpi seller kekeuh gnti barang dengan alasan yg saya pikir ngk masuk akal dengan bbrpa bukti yg saya lampirkan di kolom komplen akirnya dana balik terakir deh order sma seller ini,139,negative,0.75,782,0.011508951406649617,0.4748201438848921,0.0,0.0,0.12158227382288542,0
fuadibachrulielmy,"Fungsi:normal
Kondisi Barang:mulus
Permukaan:mulus

Bagus mudah2an awet",5,0,1749790554,fungsi normal kondisi barang mulus permukaan mulus bagus mudah2an awet,fungsi normal kondisi barang mulus permukaan mulus bagus mudah2an awet,10,positive,0.75,70,0.014285714285714285,0.2,0.0,0.0,0.053571428571428575,0
hds1113n,"Fungsi:berfungsi dengan baik
Kondisi Barang:bagus
Permukaan:mulus

Semoga awet... Berkah buat tokonya",4,0,1749904283,fungsi berfungsi dengan baik kondisi barang bagus permukaan mulus semoga awet berkah buat tokonya,fungsi berfungsi dengan baik kondisi barang bagus permukaan mulus semoga awet berkah buat tokonya,14,positive,0.75,97,0.010309278350515464,0.0,0.0,0.0,0.002577319587628866,0
eltonmayor048,"Fungsi:berfungsi dengan sangat cepat dan baik ttp
Kondisi Barang:datang dengan sangat mulus walaupun hanya second tpi, original 98%
Desain:bagus dan menarik

Awal mau order ragu"" karna t4 sya di Papua,PROV Papua Barat Daya, kota Sorong TPI, begitu leptopnya datang smpai dirumah dengan kurir yg menggunakan mobil . Sya merasa sangat puass skli, bgtu juga dengan pengirimannya bgtu cepat dan adminnya ramah trima kasih bnyak atas barang orderannya sya merasa sangat puasss..🤩🙏🏼 semoga leptopnya awet dan tahan lama",5,1,1765362694,fungsi berfungsi dengan sangat cepat dan baik ttp kondisi barang datang dengan sangat mulus walaupun hanya second tpi original 98 desain bagus dan menarik awal mau order ragu karna t4 sya di papua prov papua barat daya kota sorong tpi begitu leptopnya datang smpai dirumah dengan kurir yg menggunakan mobil sya merasa sangat puass skli bgtu juga dengan pengirimannya bgtu cepat dan adminnya ramah trima kasih bnyak atas barang orderannya sya merasa sangat puasss semoga leptopnya awet dan tahan lama,fungsi berfungsi dengan sangat cepat dan baik ttp kondisi barang datang dengan sangat mulus walaupun hanya second tpi original 98 desain bagus dan menarik awal mau order ragu karna t4 sya di papua prov papua barat daya kota sorong tpi begitu leptopnya datang smpai dirumah dengan kurir yg menggunakan mobil sya merasa sangat puass skli bgtu juga dengan pengirimannya bgtu cepat dan adminnya ramah trima kasih bnyak atas barang orderannya sya merasa sangat puasss semoga leptopnya awet dan tahan lama,80,positive,0.75,499,0.01603206412825651,0.3875,0.0,0.0,0.10088301603206414,0
romanrichardosibuea,"Fungsi:ok
Kondisi Barang:bagus
Kegunaan:ok

Bagus, semuanya berfungsi. Pokoknya keren dan rekomen beli disini",5,0,1748778944,fungsi ok kondisi barang bagus kegunaan ok bagus semuanya berfungsi pokoknya keren dan rekomen beli disini,fungsi ok kondisi barang bagus kegunaan ok bagus semuanya berfungsi pokoknya keren dan rekomen beli disini,16,positive,0.75,106,0.009433962264150943,0.25,0.0,0.0,0.06485849056603774,0
justiaganang,"Fungsi:bejala baik
Kondisi Barang:minus di trackpad sama keyboard bersamalah di tombol O&L",3,0,1750653792,fungsi bejala baik kondisi barang minus di trackpad sama keyboard bersamalah di tombol o l,fungsi bejala baik kondisi barang minus di trackpad sama keyboard bersamalah di tombol o l,15,neutral,0.55,90,0.0,0.13333333333333333,0.0,0.0,0.03333333333333333,0
j*****t,"Fungsi:oke
Kondisi Barang:barang bagus
Spesifikasi:sesuai deskripsi",5,1,1747931881,fungsi oke kondisi barang barang bagus spesifikasi sesuai deskripsi,fungsi oke kondisi barang barang bagus spesifikasi sesuai deskripsi,9,positive,0.75,67,0.0,0.2222222222222222,0.0,0.0,0.05555555555555555,0
oktorio191919,"Fungsi:bekerja dengan baik
Kondisi Barang:datang dalam keadaan bagus",4,2,1744731619,fungsi bekerja dengan baik kondisi barang datang dalam keadaan bagus,fungsi bekerja dengan baik kondisi barang datang dalam keadaan bagus,10,positive,0.75,68,0.014705882352941176,0.0,0.0,0.0,0.003676470588235294,0
sevinaalzahra227,"Fungsi:baik
Kondisi Barang:sangat mulus

Alhamdulillah sudah sampai dengan aman, untuk saat ini masih aman” aja semoga ttp aman kedepannya🙏🏻",5,0,1744347539,fungsi baik kondisi barang sangat mulus alhamdulillah sudah sampai dengan aman untuk saat ini masih aman aja semoga ttp aman kedepannya,fungsi baik kondisi barang sangat mulus alhamdulillah sudah sampai dengan aman untuk saat ini masih aman aja semoga ttp aman kedepannya,21,neutral,0.55,135,0.02962962962962963,0.14285714285714285,0.0,0.0,0.043121693121693117,0
n*****b,"Sumpaahh layarnya kayak mau copott...
Awalnya Pengen ngasih Nilai bagus tp koook lama kelamaan di bagian layar pas mau dibuka kayak abis bongkar pasang gitu..mau copot 😓😭
Mana mau di tuker juga udah gabisa 
Nambah Uang 100 rb via Tf katanya mau di Download in  SPSS jg ga di downlload iin

Huuhh..maaf min..Agak kecewa si aslinyaaa",3,2,1760666847,sumpaahh layarnya kayak mau copott awalnya pengen ngasih nilai bagus tp koook lama kelamaan di bagian layar pas mau dibuka kayak abis bongkar pasang gitu mau copot mana mau di tuker juga udah gabisa nambah uang 100 rb via tf katanya mau di download in spss jg ga di downlload iin huuhh maaf min agak kecewa si aslinyaaa,sumpaahh layarnya kayak mau copott awalnya pengen ngasih nilai bagus tp koook lama kelamaan di bagian layar pas mau dibuka kayak abis bongkar pasang gitu mau copot mana mau di tuker juga udah gabisa nambah uang 100 rb via tf katanya mau di download in spss jg ga di downlload iin huuhh maaf min agak kecewa si aslinyaaa,58,neutral,0.55,319,0.047021943573667714,0.1896551724137931,0.0,0.0,0.0591692789968652,0
k*****o,"Fungsi:berfungsi dengan baik
Kondisi Barang:baik
Permukaan:ada penyok2 sedikit, tapi wajar untuk barang bekas

Belum sepenuhnya memakai (nanti kita update), tapi setelah dicoba cukup puas dengan barangnya, menurut saya barang sangat bagus untuk sebuah laptop seken",5,1,1763627346,fungsi berfungsi dengan baik kondisi barang baik permukaan ada penyok2 sedikit tapi wajar untuk barang bekas belum sepenuhnya memakai nanti kita update tapi setelah dicoba cukup puas dengan barangnya menurut saya barang sangat bagus untuk sebuah laptop seken,fungsi berfungsi dengan baik kondisi barang baik permukaan ada penyok2 sedikit tapi wajar untuk barang bekas belum sepenuhnya memakai nanti kita update tapi setelah dicoba cukup puas dengan barangnya menurut saya barang sangat bagus untuk sebuah laptop seken,38,positive,0.75,258,0.003875968992248062,0.2894736842105263,0.0,0.0,0.0733374133006936,0
dhsonlineshop,"Fungsi:Nyala
Kondisi Barang:95% like new
Spesifikasi:sesuai deskripsi

Good Job",5,1,1758363770,fungsi nyala kondisi barang 95 like new spesifikasi sesuai deskripsi good job,fungsi nyala kondisi barang 95 like new spesifikasi sesuai deskripsi good job,12,positive,0.75,77,0.012987012987012988,0.0,0.0,0.0,0.003246753246753247,0
anpass567,Kondisi Barang:batre bocor,1,0,1764342743,kondisi barang batre bocor,kondisi barang batre bocor,4,neutral,0.55,26,0.0,0.0,0.0,0.0,0.0,0
c*****i,"Fungsi:sesuai
Kondisi Barang:bagus
Desain:menarik",5,0,1758974724,fungsi sesuai kondisi barang bagus desain menarik,fungsi sesuai kondisi barang bagus desain menarik,7,positive,0.75,49,0.0,0.0,0.0,0.0,0.0,0
l*****o,"Fungsi:Normal
Kondisi Barang:95% mulus",5,0,1765779762,fungsi normal kondisi barang 95 mulus,fungsi normal kondisi barang 95 mulus,6,neutral,0.55,37,0.0,0.0,0.0,0.0,0.0,0
id2363_71677,"Mantap, berfungsi dgn baik, ",5,0,1761831910,mantap berfungsi dgn baik,mantap berfungsi dgn baik,4,positive,0.75,25,0.0,0.0,0.0,0.0,0.0,0
tim.jagurrr,"Fungsi:sesuai kegunaan
Kondisi Barang:mulus",5,0,1765726125,fungsi sesuai kegunaan kondisi barang mulus,fungsi sesuai kegunaan kondisi barang mulus,6,positive,0.75,43,0.023255813953488372,0.0,0.0,0.0,0.005813953488372093,0
kurniawanbonang,Semoga awet,5,0,1763966949,semoga awet,semoga awet,2,neutral,0.55,11,0.0,0.0,0.0,0.0,0.2,0
bagus_ir.id,Mantap,5,0,1757233015,mantap,mantap,1,positive,0.75,6,0.0,0.0,0.0,0.0,0.6,1
r*****9,,5,0,1756652358,,,1,neutral,0.55,0,0.0,0.0,0.0,0.0,0.6,1
c*****8,brg oke bagusss,5,0,1765621600,brg oke bagusss,brg oke bagusss,3,neutral,0.55,15,0.13333333333333333,0.0,0.0,0.0,0.23333333333333334,0
kasrinih,,5,0,1761055526,,,1,neutral,0.55,0,0.0,0.0,0.0,0.0,0.6,1
penghulumuda860,,5,0,1765539488,,,1,neutral,0.55,0,0.0,0.0,0.0,0.0,0.6,1
pujias1,,5,0,1764200829,,,1,neutral,0.55,0,0.0,0.0,0.0,0.0,0.6,1
wahyudoankaj,,5,0,1765362721,,,1,neutral,0.55,0,0.0,0.0,0.0,0.0,0.6,1
zainalfanani271,,5,1,1764653178,,,1,neutral,0.55,0,0.0,0.0,0.0,0.0,0.6,1
k*****s,Burukk,1,3,1764696496,burukk,burukk,1,neutral,0.55,6,0.16666666666666666,0.0,0.0,0.0,0.6416666666666666,1
mamathnizam700,,5,1,1765362780,,,1,neutral,0.55,0,0.0,0.0,0.0,0.0,0.6,1
ramategarhartanto,,5,0,1765362808,,,1,neutral,0.55,0,0.0,0.0,0.0,0.0,0.6,1
mulkymubarak136,,5,0,1740635865,,,1,neutral,0.55,0,0.0,0.0,0.0,0.0,0.6,1
r*****i,,5,0,1742641152,,,1,neutral,0.55,0,0.0,0.0,0.0,0.0,0.6,1
konartokho,,5,0,1741917572,,,1,neutral,0.55,0,0.0,0.0,0.0,0.0,0.6,1
ollafee,,5,0,1745838158,,,1,neutral,0.55,0,0.0,0.0,0.0,0.0,0.6,1
yulleeee,,5,0,1746186103,,,1,neutral,0.55,0,0.0,0.0,0.0,0.0,0.6,1
seno129,,5,0,1762382656,,,1,neutral,0.55,0,0.0,0.0,0.0,0.0,0.6,1
karpet_terkini,,5,0,1760932008,,,1,neutral,0.55,0,0.0,0.0,0.0,0.0,0.6,1
dwengunawan,,5,0,1761157153,,,1,neutral,0.55,0,0.0,0.0,0.0,0.0,0.6,1
sinarti_kedawung,,5,0,1743171841,,,1,neutral,0.55,0,0.0,0.0,0.0,0.0,0.6,1
ahad8122,,5,0,1750924971,,,1,neutral,0.55,0,0.0,0.0,0.0,0.0,0.6,1
sendhyhariswan,,5,0,1753262456,,,1,neutral,0.55,0,0.0,0.0,0.0,0.0,0.6,1
ardirijal,,5,0,1763705606,,,1,neutral,0.55,0,0.0,0.0,0.0,0.0,0.6,1
siska123777,,5,0,1764314920,,,1,neutral,0.55,0,0.0,0.0,0.0,0.0,0.6,1
a*****i,,5,0,1761220103,,,1,neutral,0.55,0,0.0,0.0,0.0,0.0,0.6,1
luqman.lucid,,4,0,1744632689,,,1,neutral,0.55,0,0.0,0.0,0.0,0.0,0.6,1
ayahnya_zio,,4,0,1760697615,,,1,neutral,0.55,0,0.0,0.0,0.0,0.0,0.6,1
darmawanangkasa,,5,0,1763826457,,,1,neutral,0.55,0,0.0,0.0,0.0,0.0,0.6,1
aangko1611,,5,0,1762513757,,,1,neutral,0.55,0,0.0,0.0,0.0,0.0,0.6,1
s*****a,,4,0,1747847381,,,1,neutral,0.55,0,0.0,0.0,0.0,0.0,0.6,1
rudigautama,,5,0,1745441316,,,1,neutral,0.55,0,0.0,0.0,0.0,0.0,0.6,1
jayagiriban99,,5,0,1762215083,,,1,neutral,0.55,0,0.0,0.0,0.0,0.0,0.6,1
febriansadegaa,,5,0,1760961109,,,1,neutral,0.55,0,0.0,0.0,0.0,0.0,0.6,1
bamsq07,,5,0,1749027373,,,1,neutral,0.55,0,0.0,0.0,0.0,0.0,0.6,1
ref_sablon,,4,0,1746687041,,,1,neutral,0.55,0,0.0,0.0,0.0,0.0,0.6,1
affandi906,,5,0,1749742153,,,1,neutral,0.55,0,0.0,0.0,0.0,0.0,0.6,1
trivania_17,,4,0,1753537919,,,1,neutral,0.55,0,0.0,0.0,0.0,0.0,0.6,1
adisolihin79,,5,0,1759325985,,,1,neutral,0.55,0,0.0,0.0,0.0,0.0,0.6,1
letiapermatasari,,5,0,1743687984,,,1,neutral,0.55,0,0.0,0.0,0.0,0.0,0.6,1
akbaryakin,,5,0,1743825164,,,1,neutral,0.55,0,0.0,0.0,0.0,0.0,0.6,1
sukrizam,,5,0,1759473391,,,1,neutral,0.55,0,0.0,0.0,0.0,0.0,0.6,1
maryan_ody,,5,0,1742032349,,,1,neutral,0.55,0,0.0,0.0,0.0,0.0,0.6,1
adeirmarfs,,5,0,1763600913,,,1,neutral,0.55,0,0.0,0.0,0.0,0.0,0.6,1
msubroto1234,,5,0,1744197578,,,1,neutral,0.55,0,0.0,0.0,0.0,0.0,0.6,1
cipto108,,5,0,1753252898,,,1,neutral,0.55,0,0.0,0.0,0.0,0.0,0.6,1
arrymotion,,5,0,1749187534,,,1,neutral,0.55,0,0.0,0.0,0.0,0.0,0.6,1
beningcolisa,,5,0,1764679345,,,1,neutral,0.55,0,0.0,0.0,0.0,0.0,0.6,1
emiliafifianaf,,5,0,1760665036,,,1,neutral,0.55,0,0.0,0.0,0.0,0.0,0.6,1
alisudrajat6695,,5,0,1751994981,,,1,neutral,0.55,0,0.0,0.0,0.0,0.0,0.6,1
fitra_dian,,5,0,1765065660,,,1,neutral,0.55,0,0.0,0.0,0.0,0.0,0.6,1
alfinfarel,,5,0,1759719345,,,1,neutral,0.55,0,0.0,0.0,0.0,0.0,0.6,1
haryanto.photo,,5,0,1748500511,,,1,neutral,0.55,0,0.0,0.0,0.0,0.0,0.6,1
ridwanarief.234,,5,0,1747829200,,,1,neutral,0.55,0,0.0,0.0,0.0,0.0,0.6,1
andiaz80,,5,0,1741782333,,,1,neutral,0.55,0,0.0,0.0,0.0,0.0,0.6,1
liyawanindra2,,5,0,1764378992,,,1,neutral,0.55,0,0.0,0.0,0.0,0.0,0.6,1
r0d3.t,,5,0,1762236967,,,1,neutral,0.55,0,0.0,0.0,0.0,0.0,0.6,1
demirza01,,5,0,1749959285,,,1,neutral,0.55,0,0.0,0.0,0.0,0.0,0.6,1
ekaharmuny,,5,0,1764420837,,,1,neutral,0.55,0,0.0,0.0,0.0,0.0,0.6,1
danichandrap,,5,0,1761975241,,,1,neutral,0.55,0,0.0,0.0,0.0,0.0,0.6,1
umenproduct14,,5,0,1748063068,,,1,neutral,0.55,0,0.0,0.0,0.0,0.0,0.6,1
margarethsgt,,5,0,1743317348,,,1,neutral,0.55,0,0.0,0.0,0.0,0.0,0.6,1
gutunubai,,5,0,1762518900,,,1,neutral,0.55,0,0.0,0.0,0.0,0.0,0.6,1
jaw.calls,,5,0,1763298990,,,1,neutral,0.55,0,0.0,0.0,0.0,0.0,0.6,1
rony.stark,,5,0,1761304871,,,1,neutral,0.55,0,0.0,0.0,0.0,0.0,0.6,1
bawadi.foods,,5,0,1746448426,,,1,neutral,0.55,0,0.0,0.0,0.0,0.0,0.6,1
hafid71,,5,0,1759897954,,,1,neutral,0.55,0,0.0,0.0,0.0,0.0,0.6,1
anandashinta0,,5,0,1753963653,,,1,neutral,0.55,0,0.0,0.0,0.0,0.0,0.6,1
anugrah_surya_dewata,,5,0,1762432722,,,1,neutral,0.55,0,0.0,0.0,0.0,0.0,0.6,1
anugrah_surya_dewata,,5,0,1763267543,,,1,neutral,0.55,0,0.0,0.0,0.0,0.0,0.6,1
denmas.media,,5,0,1751454585,,,1,neutral,0.55,0,0.0,0.0,0.0,0.0,0.6,1
a*****p,,5,0,1740717996,,,1,neutral,0.55,0,0.0,0.0,0.0,0.0,0.6,1
ridwanjekil,,5,0,1759394994,,,1,neutral,0.55,0,0.0,0.0,0.0,0.0,0.6,1
bustanulamri22,,5,0,1753421945,,,1,neutral,0.55,0,0.0,0.0,0.0,0.0,0.6,1
syafriemalau2903,,5,0,1759871045,,,1,neutral,0.55,0,0.0,0.0,0.0,0.0,0.6,1
aarifhamam,,5,0,1749264051,,,1,neutral,0.55,0,0.0,0.0,0.0,0.0,0.6,1
e*****0,,5,0,1746405125,,,1,neutral,0.55,0,0.0,0.0,0.0,0.0,0.6,1
fahlupi,,5,0,1746764843,,,1,neutral,0.55,0,0.0,0.0,0.0,0.0,0.6,1
ema_irma,,5,0,1761970892,,,1,neutral,0.55,0,0.0,0.0,0.0,0.0,0.6,1
kastar_sianturi,,3,0,1763952292,,,1,neutral,0.55,0,0.0,0.0,0.0,0.0,0.6,1
nuryanaindra,,5,0,1761232565,,,1,neutral,0.55,0,0.0,0.0,0.0,0.0,0.6,1
adannst,,5,0,1748056307,,,1,neutral,0.55,0,0.0,0.0,0.0,0.0,0.6,1
fiqrisaputrasibuea,,5,0,1749643817,,,1,neutral,0.55,0,0.0,0.0,0.0,0.0,0.6,1
the_gunawans,,5,0,1765624777,,,1,neutral,0.55,0,0.0,0.0,0.0,0.0,0.6,1
salit10,,5,0,1745970826,,,1,neutral,0.55,0,0.0,0.0,0.0,0.0,0.6,1
hidayatyaseen,,5,0,1746593933,,,1,neutral,0.55,0,0.0,0.0,0.0,0.0,0.6,1
kamanya12_,,5,0,1763446785,,,1,neutral,0.55,0,0.0,0.0,0.0,0.0,0.6,1
allans1406,,5,0,1748149775,,,1,neutral,0.55,0,0.0,0.0,0.0,0.0,0.6,1
hanz1309,,5,0,1764085368,,,1,neutral,0.55,0,0.0,0.0,0.0,0.0,0.6,1
khaira.nimra,,5,0,1765526791,,,1,neutral,0.55,0,0.0,0.0,0.0,0.0,0.6,1
j4d3r7_fp_,,5,0,1763007784,,,1,neutral,0.55,0,0.0,0.0,0.0,0.0,0.6,1
denis.prayogaa,,4,0,1752627170,,,1,neutral,0.55,0,0.0,0.0,0.0,0.0,0.6,1
supriadianto,,5,0,1760875738,,,1,neutral,0.55,0,0.0,0.0,0.0,0.0,0.6,1
al_liwa_09,,5,0,1765019789,,,1,neutral,0.55,0,0.0,0.0,0.0,0.0,0.6,1
rivcyzeen,,5,0,1761825020,,,1,neutral,0.55,0,0.0,0.0,0.0,0.0,0.6,1
okkeshop5758,,5,0,1761193210,,,1,neutral,0.55,0,0.0,0.0,0.0,0.0,0.6,1
arie_leuser95,,5,0,1763988166,,,1,neutral,0.55,0,0.0,0.0,0.0,0.0,0.6,1
bijijeruuk,,5,0,1744636306,,,1,neutral,0.55,0,0.0,0.0,0.0,0.0,0.6,1
herurosaria,,5,0,1744601968,,,1,neutral,0.55,0,0.0,0.0,0.0,0.0,0.6,1
rasadanke,,5,0,1742313333,,,1,neutral,0.55,0,0.0,0.0,0.0,0.0,0.6,1
_zhanapustaka21,,5,0,1741330997,,,1,neutral,0.55,0,0.0,0.0,0.0,0.0,0.6,1
izk254us63,,5,0,1741310108,,,1,neutral,0.55,0,0.0,0.0,0.0,0.0,0.6,1
indrawiryawan560,,5,0,1741073709,,,1,neutral,0.55,0,0.0,0.0,0.0,0.0,0.6,1
ptjtncgps2,,5,0,1742012179,,,1,neutral,0.55,0,0.0,0.0,0.0,0.0,0.6,1
sayuroyongs,,5,0,1745277578,,,1,neutral,0.55,0,0.0,0.0,0.0,0.0,0.6,1
yudohandono,,5,0,1746061647,,,1,neutral,0.55,0,0.0,0.0,0.0,0.0,0.6,1
adewasih09,,5,0,1746713647,,,1,neutral,0.55,0,0.0,0.0,0.0,0.0,0.6,1
abdwhd92,,5,0,1746270197,,,1,neutral,0.55,0,0.0,0.0,0.0,0.0,0.6,1
kimey8591,,5,0,1762768017,,,1,neutral,0.55,0,0.0,0.0,0.0,0.0,0.6,1
sirjanfaozi,,5,0,1762765770,,,1,neutral,0.55,0,0.0,0.0,0.0,0.0,0.6,1
sdp80,,5,0,1762826913,,,1,neutral,0.55,0,0.0,0.0,0.0,0.0,0.6,1
ronaldo28,,5,0,1763288038,,,1,neutral,0.55,0,0.0,0.0,0.0,0.0,0.6,1
meldaria09,,5,0,1762997900,,,1,neutral,0.55,0,0.0,0.0,0.0,0.0,0.6,1
joelhasian,,5,0,1760604518,,,1,neutral,0.55,0,0.0,0.0,0.0,0.0,0.6,1
syaefurrahman939,,5,0,1760710863,,,1,neutral,0.55,0,0.0,0.0,0.0,0.0,0.6,1
ediwd,,5,0,1761027902,,,1,neutral,0.55,0,0.0,0.0,0.0,0.0,0.6,1
doni220692,,5,0,1743501131,,,1,neutral,0.55,0,0.0,0.0,0.0,0.0,0.6,1
okkyndayu,,5,0,1744025503,,,1,neutral,0.55,0,0.0,0.0,0.0,0.0,0.6,1
intanalghifarimunawar,,5,0,1743857771,,,1,neutral,0.55,0,0.0,0.0,0.0,0.0,0.6,1
alipsetiawanzaskia,,5,0,1751362343,,,1,neutral,0.55,0,0.0,0.0,0.0,0.0,0.6,1
fvalfmb2i2,,5,0,1751861747,,,1,neutral,0.55,0,0.0,0.0,0.0,0.0,0.6,1
muhamadibnukhosyim,,5,0,1757537387,,,1,neutral,0.55,0,0.0,0.0,0.0,0.0,0.6,1
halimah.hs,,5,0,1757025479,,,1,neutral,0.55,0,0.0,0.0,0.0,0.0,0.6,1
indrarevo,,5,0,1757191010,,,1,neutral,0.55,0,0.0,0.0,0.0,0.0,0.6,1
j*****a,,5,0,1757033796,,,1,neutral,0.55,0,0.0,0.0,0.0,0.0,0.6,1
ivandermch,,5,0,1757338474,,,1,neutral,0.55,0,0.0,0.0,0.0,0.0,0.6,1
24v51tk8em,,5,0,1757687751,,,1,neutral,0.55,0,0.0,0.0,0.0,0.0,0.6,1
ivanmpang,,5,0,1757817391,,,1,neutral,0.55,0,0.0,0.0,0.0,0.0,0.6,1
danielrakapermana,,5,0,1757608921,,,1,neutral,0.55,0,0.0,0.0,0.0,0.0,0.6,1
nhoveal_ranaldi,,5,0,1758530338,,,1,neutral,0.55,0,0.0,0.0,0.0,0.0,0.6,1
hygwyn27,,5,0,1760078829,,,1,neutral,0.55,0,0.0,0.0,0.0,0.0,0.6,1
zaenalhorisona,,5,0,1759752772,,,1,neutral,0.55,0,0.0,0.0,0.0,0.0,0.6,1
sarahmaniezz,,5,0,1759810707,,,1,neutral,0.55,0,0.0,0.0,0.0,0.0,0.6,1
labnaamayyadah,,5,0,1760143773,,,1,neutral,0.55,0,0.0,0.0,0.0,0.0,0.6,1
ketti_18,,5,0,1760424288,,,1,neutral,0.55,0,0.0,0.0,0.0,0.0,0.6,1
kdyudi18,,5,0,1760172944,,,1,neutral,0.55,0,0.0,0.0,0.0,0.0,0.6,1
stevanusharysupriyanto,,5,0,1761558082,,,1,neutral,0.55,0,0.0,0.0,0.0,0.0,0.6,1
siti.fatika85,,5,0,1761662407,,,1,neutral,0.55,0,0.0,0.0,0.0,0.0,0.6,1
puspa_ofc,,5,0,1761709758,,,1,neutral,0.55,0,0.0,0.0,0.0,0.0,0.6,1
teungkunovasariadi,,5,0,1761631002,,,1,neutral,0.55,0,0.0,0.0,0.0,0.0,0.6,1
16okebanget,,5,0,1743158145,,,1,neutral,0.55,0,0.0,0.0,0.0,0.0,0.6,1
veneziachristinee,,5,0,1747146054,,,1,neutral,0.55,0,0.0,0.0,0.0,0.0,0.6,1
nawangwiyanti93,,5,0,1747507198,,,1,neutral,0.55,0,0.0,0.0,0.0,0.0,0.6,1
paullowe,,5,0,1748816567,,,1,neutral,0.55,0,0.0,0.0,0.0,0.0,0.6,1
aa_app.id,,5,0,1748969621,,,1,neutral,0.55,0,0.0,0.0,0.0,0.0,0.6,1
bancexkediri,,5,0,1749366095,,,1,neutral,0.55,0,0.0,0.0,0.0,0.0,0.6,1
cutcabela,,5,0,1750117409,,,1,neutral,0.55,0,0.0,0.0,0.0,0.0,0.6,1
intaaanayul333,,5,0,1751039842,,,1,neutral,0.55,0,0.0,0.0,0.0,0.0,0.6,1
wakadia81,,5,0,1752019325,,,1,neutral,0.55,0,0.0,0.0,0.0,0.0,0.6,1
yogaarya14,,5,0,1752450424,,,1,neutral,0.55,0,0.0,0.0,0.0,0.0,0.6,1
irvandawisnu3,,5,0,1752820061,,,1,neutral,0.55,0,0.0,0.0,0.0,0.0,0.6,1
ahmad_abubakar_1971,,5,0,1753058881,,,1,neutral,0.55,0,0.0,0.0,0.0,0.0,0.6,1
cael10,,5,0,1753370756,,,1,neutral,0.55,0,0.0,0.0,0.0,0.0,0.6,1
adamkiki,,5,0,1753463734,,,1,neutral,0.55,0,0.0,0.0,0.0,0.0,0.6,1
syahud80,,5,0,1756141570,,,1,neutral,0.55,0,0.0,0.0,0.0,0.0,0.6,1
wulanfarhanahania,,5,0,1756218228,,,1,neutral,0.55,0,0.0,0.0,0.0,0.0,0.6,1
saumsuargana11,,5,0,1756289492,,,1,neutral,0.55,0,0.0,0.0,0.0,0.0,0.6,1
c*****e,,5,0,1755408323,,,1,neutral,0.55,0,0.0,0.0,0.0,0.0,0.6,1
salamun94,,5,0,1756371458,,,1,neutral,0.55,0,0.0,0.0,0.0,0.0,0.6,1
arisjuefry77,,5,0,1756395475,,,1,neutral,0.55,0,0.0,0.0,0.0,0.0,0.6,1
joelhasian,,5,0,1760604518,,,1,neutral,0.55,0,0.0,0.0,0.0,0.0,0.6,1
syaefurrahman939,,5,0,1760710863,,,1,neutral,0.55,0,0.0,0.0,0.0,0.0,0.6,1
ediwd,,5,0,1761027902,,,1,neutral,0.55,0,0.0,0.0,0.0,0.0,0.6,1
stevanusharysupriyanto,,5,0,1761558082,,,1,neutral,0.55,0,0.0,0.0,0.0,0.0,0.6,1
teungkunovasariadi,,5,0,1761631002,,,1,neutral,0.55,0,0.0,0.0,0.0,0.0,0.6,1
siti.fatika85,,5,0,1761662407,,,1,neutral,0.55,0,0.0,0.0,0.0,0.0,0.6,1
puspa_ofc,,5,0,1761709758,,,1,neutral,0.55,0,0.0,0.0,0.0,0.0,0.6,1
sirjanfaozi,,5,0,1762765770,,,1,neutral,0.55,0,0.0,0.0,0.0,0.0,0.6,1
kimey8591,,5,0,1762768017,,,1,neutral,0.55,0,0.0,0.0,0.0,0.0,0.6,1
sdp80,,5,0,1762826913,,,1,neutral,0.55,0,0.0,0.0,0.0,0.0,0.6,1
meldaria09,,5,0,1762997900,,,1,neutral,0.55,0,0.0,0.0,0.0,0.0,0.6,1
ronaldo28,,5,0,1763288038,,,1,neutral,0.55,0,0.0,0.0,0.0,0.0,0.6,1
puputnovitasari341,,5,0,1763805554,,,1,neutral,0.55,0,0.0,0.0,0.0,0.0,0.6,1
intandewdew10,,5,0,1763576828,,,1,neutral,0.55,0,0.0,0.0,0.0,0.0,0.6,1
dedisaya,,5,0,1764015093,,,1,neutral,0.55,0,0.0,0.0,0.0,0.0,0.6,1
awalalfar123,,5,0,1764121747,,,1,neutral,0.55,0,0.0,0.0,0.0,0.0,0.6,1
marketglobal92,,5,0,1764826782,,,1,neutral,0.55,0,0.0,0.0,0.0,0.0,0.6,1
dewa_komet,,5,0,1764928532,,,1,neutral,0.55,0,0.0,0.0,0.0,0.0,0.6,1
adhitya.anggit,,5,0,1764150901,,,1,neutral,0.55,0,0.0,0.0,0.0,0.0,0.6,1
dadiutomo17,,5,0,1764227225,,,1,neutral,0.55,0,0.0,0.0,0.0,0.0,0.6,1
mboizsf07,,5,0,1764474238,,,1,neutral,0.55,0,0.0,0.0,0.0,0.0,0.6,1
a*****3,,5,0,1765271666,,,1,neutral,0.55,0,0.0,0.0,0.0,0.0,0.6,1
budybuday24,,5,0,1765021059,,,1,neutral,0.55,0,0.0,0.0,0.0,0.0,0.6,1
yunitafitriyani209,,5,0,1763776281,,,1,neutral,0.55,0,0.0,0.0,0.0,0.0,0.6,1
8mfyia6gg6,,5,0,1763795687,,,1,neutral,0.55,0,0.0,0.0,0.0,0.0,0.6,1
gayuhpurnama05,,5,0,1765379942,,,1,neutral,0.55,0,0.0,0.0,0.0,0.0,0.6,1
hiolasamad,,5,0,1765885599,,,1,neutral,0.55,0,0.0,0.0,0.0,0.0,0.6,1
piutata,,4,0,1744385127,,,1,neutral,0.55,0,0.0,0.0,0.0,0.0,0.6,1
pinoyprincess,,4,0,1741683599,,,1,neutral,0.55,0,0.0,0.0,0.0,0.0,0.6,1
thries93995,,4,0,1742285096,,,1,neutral,0.55,0,0.0,0.0,0.0,0.0,0.6,1
bemm_3l,,4,0,1758977790,,,1,neutral,0.55,0,0.0,0.0,0.0,0.0,0.6,1
e*****5,,4,0,1760019830,,,1,neutral,0.55,0,0.0,0.0,0.0,0.0,0.6,1
ali.mustain_76,,4,0,1751340801,,,1,neutral,0.55,0,0.0,0.0,0.0,0.0,0.6,1
ibnubae839,,4,0,1756016606,,,1,neutral,0.55,0,0.0,0.0,0.0,0.0,0.6,1
fikritiana13,,4,0,1761297895,,,1,neutral,0.55,0,0.0,0.0,0.0,0.0,0.6,1
rodiansyahrodiansyah,,4,0,1761784855,,,1,neutral,0.55,0,0.0,0.0,0.0,0.0,0.6,1
yoke_29bdg,,4,0,1765149256,,,1,neutral,0.55,0,0.0,0.0,0.0,0.0,0.6,1
fiqihnrchy,,3,0,1744990944,,,1,neutral,0.55,0,0.0,0.0,0.0,0.0,0.6,1
anggabangun485,,3,0,1760827495,,,1,neutral,0.55,0,0.0,0.0,0.0,0.0,0.6,1
l*****y,,3,0,1754909837,,,1,neutral,0.55,0,0.0,0.0,0.0,0.0,0.6,1
z*****e,,3,0,1762399835,,,1,neutral,0.55,0,0.0,0.0,0.0,0.0,0.6,1
7j1x5eujon,,3,0,1764555363,,,1,neutral,0.55,0,0.0,0.0,0.0,0.0,0.6,1
4zyy771,,2,0,1764827444,,,1,neutral,0.55,0,0.0,0.0,0.0,0.0,0.6,1
jjnd7owzyt,,5,0,1749555687,,,1,neutral,0.55,0,0.0,0.0,0.0,0.0,0.6,1
aryawirayudha2006,,5,0,1760511364,,,1,neutral,0.55,0,0.0,0.0,0.0,0.0,0.6,1
maseya94,,5,0,1747136075,,,1,neutral,0.55,0,0.0,0.0,0.0,0.0,0.6,1
aryantosalem88,,3,0,1762982423,,,1,neutral,0.55,0,0.0,0.0,0.0,0.0,0.6,1
planet_motor1,,5,1,1763101560,,,1,neutral,0.55,0,0.0,0.0,0.0,0.0,0.6,1
william181016,,5,1,1754879525,,,1,neutral,0.55,0,0.0,0.0,0.0,0.0,0.6,1
wenirahmah,,3,0,1761382091,,,1,neutral,0.55,0,0.0,0.0,0.0,0.0,0.6,1
ali_indonesia,,1,1,1763136656,,,1,neutral,0.55,0,0.0,0.0,0.0,0.0,0.6,1
wandi_qori12,,1,1,1765593366,,,1,neutral,0.55,0,0.0,0.0,0.0,0.0,0.6,1
s*****1,,1,2,1763136655,,,1,neutral,0.55,0,0.0,0.0,0.0,0.0,0.6,1
ex3r7957fb,,1,1,1763136653,,,1,neutral,0.55,0,0.0,0.0,0.0,0.0,0.6,1
