username,comment,rating,likes,create_time,comment_clean,tokens,tokens_count
m*****e,"Sepadan dengan Harga:harga terjangkau aman kantong dan dompet
Fitur Terbaik:kualitas dan fitur normal dan sangat bagus ringan elegan fleksibel dan mudah dibawa kemana mana..

Barang sangat bagus dan harganya pun murah dan terjangkau, spesifikasi tinggi sesuai gambar.",5,217,1763345525,sepadan dengan harga harga terjangkau aman kantong dan dompet fitur terbaik kualitas dan fitur normal dan sangat bagus ringan elegan fleksibel dan mudah dibawa kemana mana barang sangat bagus dan harganya pun murah dan terjangkau spesifikasi tinggi sesuai gambar,sepadan dengan harga harga terjangkau aman kantong dan dompet fitur terbaik kualitas dan fitur normal dan sangat bagus ringan elegan fleksibel dan mudah dibawa kemana mana barang sangat bagus dan harganya pun murah dan terjangkau spesifikasi tinggi sesuai gambar,39
f*****8,"Fitur Terbaik:Sangat bagus
Sepadan dengan Harga:Sepadan dengan harga

Alhamdulillah unit nya oke, dan ada lecet² wajar karna 2nd. Sellernya ramah, fast respons, packingnya super tebal dan Insyaa Allah sangat aman. Booting hanya sekitar 27detik sampai home",5,67,1764805229,fitur terbaik sangat bagus sepadan dengan harga sepadan dengan harga alhamdulillah unit nya oke dan ada lecet wajar karna 2nd sellernya ramah fast respons packingnya super tebal dan insyaa allah sangat aman booting hanya sekitar 27detik sampai home,fitur terbaik sangat bagus sepadan dengan harga sepadan dengan harga alhamdulillah unit nya oke dan ada lecet wajar karna 2nd sellernya ramah fast respons packingnya super tebal dan insyaa allah sangat aman booting hanya sekitar 27detik sampai home,38
ooonz,"Fitur Terbaik:bagus sesuai
Sepadan dengan Harga:sangat sepadan

laptop nya aman bagus.. semoga gk ada kendala ..baru pertama beli di toko ini.. bagus bngt kyk barang baru ..dpt tas sama casan nya.. menyala abangkuh",5,97,1764199354,fitur terbaik bagus sesuai sepadan dengan harga sangat sepadan laptop nya aman bagus semoga gk ada kendala baru pertama beli di toko ini bagus bngt kyk barang baru dpt tas sama casan nya menyala abangkuh,fitur terbaik bagus sesuai sepadan dengan harga sangat sepadan laptop nya aman bagus semoga gk ada kendala baru pertama beli di toko ini bagus bngt kyk barang baru dpt tas sama casan nya menyala abangkuh,35
bayafillah,"Fitur Terbaik:Fisik Mulus meskipun 2nd penggunaan
Sepadan dengan Harga:Sangat Worth It dan layak dibeli

Ekspektasi saya sesuai, meskipun barang second tapi tidak kelihatan ada cacat, program berjalan normal, sama sekali gak bising. Pelayanan ramah dan fast respon. Terima kasih seller.",5,327,1763565858,fitur terbaik fisik mulus meskipun 2nd penggunaan sepadan dengan harga sangat worth it dan layak dibeli ekspektasi saya sesuai meskipun barang second tapi tidak kelihatan ada cacat program berjalan normal sama sekali gak bising pelayanan ramah dan fast respon terima kasih seller,fitur terbaik fisik mulus meskipun 2nd penggunaan sepadan dengan harga sangat worth it dan layak dibeli ekspektasi saya sesuai meskipun barang second tapi tidak kelihatan ada cacat program berjalan normal sama sekali gak bising pelayanan ramah dan fast respon terima kasih seller,42
sc_multimedia,"Sepadan dengan Harga:sangat sepadan
Fitur Terbaik:sangat terbaik

Packing rapi dan aman banget dibungkus dengan plastik dan bubble wrap berlapis sehingga aman dari benturan dan hujan deras sekalipun. Barang berkualitas bagus sesuai dengan diskripsi dan spesifikasi. Recommended seller deh pokoknya.",5,109,1763777639,sepadan dengan harga sangat sepadan fitur terbaik sangat terbaik packing rapi dan aman banget dibungkus dengan plastik dan bubble wrap berlapis sehingga aman dari benturan dan hujan deras sekalipun barang berkualitas bagus sesuai dengan diskripsi dan spesifikasi recommended seller deh pokoknya,sepadan dengan harga sangat sepadan fitur terbaik sangat terbaik packing rapi dan aman banget dibungkus dengan plastik dan bubble wrap berlapis sehingga aman dari benturan dan hujan deras sekalipun barang berkualitas bagus sesuai dengan diskripsi dan spesifikasi recommended seller deh pokoknya,41
dinasti_1,"Fitur Terbaik:spek sesuai deskripsi
Sepadan dengan Harga:masih mulus,

Semoga battery awet dan tidak rewel",5,77,1764975453,fitur terbaik spek sesuai deskripsi sepadan dengan harga masih mulus semoga battery awet dan tidak rewel,fitur terbaik spek sesuai deskripsi sepadan dengan harga masih mulus semoga battery awet dan tidak rewel,16
,"Fitur Terbaik:Pelayanan cepat,, mantul

pelayanan cepat, kondisi barang mulus,, packing juga sangat aman 👍👍👍
semoga selalu amanah..",5,71,1764975464,fitur terbaik pelayanan cepat mantul pelayanan cepat kondisi barang mulus packing juga sangat aman semoga selalu amanah,fitur terbaik pelayanan cepat mantul pelayanan cepat kondisi barang mulus packing juga sangat aman semoga selalu amanah,17
ashabulyaminbabe,"Kualitas:normal
Kondisi Barang:bagus walau second
Desain:slim

Seller amanah.. Ssuai deskripsi, malah dikirim yang TS,, padahal pesanan NO TS.. Terimakasih barang km Terima lengkap dan kemasan cukup aman.. Mudahan tidak ada kendala sehingga tidak klem garansi☺☺👌👌👍👍👍👍",5,18,1763550073,kualitas normal kondisi barang bagus walau second desain slim seller amanah ssuai deskripsi malah dikirim yang ts padahal pesanan no ts terimakasih barang km terima lengkap dan kemasan cukup aman mudahan tidak ada kendala sehingga tidak klem garansi,kualitas normal kondisi barang bagus walau second desain slim seller amanah ssuai deskripsi malah dikirim yang ts padahal pesanan no ts terimakasih barang km terima lengkap dan kemasan cukup aman mudahan tidak ada kendala sehingga tidak klem garansi,38
sukma_aditya_nurcahyo,"Fitur Terbaik:keyboard backlight
Sepadan dengan Harga:laptop masih terlihat seperti baru

respon penjual baik.. barang sesuai spek dan request dari saya juga dipenuhi.. kondisi barang juga masih bagus seperti laptop baru.. pengemasan rapi dan aman dengan bubble warp.. makasih banyak ya, sukses slalu 🙏🙏👍👍😁",5,61,1758274529,fitur terbaik keyboard backlight sepadan dengan harga laptop masih terlihat seperti baru respon penjual baik barang sesuai spek dan request dari saya juga dipenuhi kondisi barang juga masih bagus seperti laptop baru pengemasan rapi dan aman dengan bubble warp makasih banyak ya sukses slalu,fitur terbaik keyboard backlight sepadan dengan harga laptop masih terlihat seperti baru respon penjual baik barang sesuai spek dan request dari saya juga dipenuhi kondisi barang juga masih bagus seperti laptop baru pengemasan rapi dan aman dengan bubble warp makasih banyak ya sukses slalu,44
fikarahma201,"Desain:laptop ny bagus masih kekinian
Kondisi Barang:bagus
Fungsi:bgaus

Toko amanah pengiriman cepat pesen malam besok dah di kirim, walaupun laptop keluaran 2017 desain nya masih kekinian",5,16,1762621861,desain laptop ny bagus masih kekinian kondisi barang bagus fungsi bgaus toko amanah pengiriman cepat pesen malam besok dah di kirim walaupun laptop keluaran 2017 desain nya masih kekinian,desain laptop ny bagus masih kekinian kondisi barang bagus fungsi bgaus toko amanah pengiriman cepat pesen malam besok dah di kirim walaupun laptop keluaran 2017 desain nya masih kekinian,29
s*****4,"Sangat bagus, seperti baruu tidak ada lecet sama sekalia recommended bgt yang mau beli second terpercaya pengirimanya juga cepat. Penjualnya responsive banget packagingnya juga oke banget jadi aman banget pas sampai chargeran juga udh fullset dpt free tas leptop juga lagi. Pokoknya mantep good jobb!!",5,16,1754521500,sangat bagus seperti baruu tidak ada lecet sama sekalia recommended bgt yang mau beli second terpercaya pengirimanya juga cepat penjualnya responsive banget packagingnya juga oke banget jadi aman banget pas sampai chargeran juga udh fullset dpt free tas leptop juga lagi pokoknya mantep good jobb,sangat bagus seperti baruu tidak ada lecet sama sekalia recommended bgt yang mau beli second terpercaya pengirimanya juga cepat penjualnya responsive banget packagingnya juga oke banget jadi aman banget pas sampai chargeran juga udh fullset dpt free tas leptop juga lagi pokoknya mantep good jobb,45
ariwija,"Desain:keren, tipis
Kondisi Barang:Lus mulus
Kualitas:Second terasa Baru...

Recomended Seller...pake banget...
Sudah 2 kali beli disini dan selalu puas...
Gercep,dapat diskon pas live, selalu dapat bonus juga...
Packaging aman, kardus luar tebal dan double wrapping di laptop dan pengirimannya cepat bingit...mantaf....
Next mau order lagi buat anak kedua...
Mantaf pokoknya...
Sukses dan berkah selalu buat DNA 17 Com, aamiin...",5,14,1761891708,desain keren tipis kondisi barang lus mulus kualitas second terasa baru recomended seller pake banget sudah 2 kali beli disini dan selalu puas gercep dapat diskon pas live selalu dapat bonus juga packaging aman kardus luar tebal dan double wrapping di laptop dan pengirimannya cepat bingit mantaf next mau order lagi buat anak kedua mantaf pokoknya sukses dan berkah selalu buat dna 17 com aamiin,desain keren tipis kondisi barang lus mulus kualitas second terasa baru recomended seller pake banget sudah 2 kali beli disini dan selalu puas gercep dapat diskon pas live selalu dapat bonus juga packaging aman kardus luar tebal dan double wrapping di laptop dan pengirimannya cepat bingit mantaf next mau order lagi buat anak kedua mantaf pokoknya sukses dan berkah selalu buat dna 17 com aamiin,65
g*****a,"Fitur Terbaik:7270 i5 ram8/128gb
Sepadan dengan Harga:Good sesuai

Semua berjalan normal. Sesuai yg ada di deskripsi kok.. Thanks seller..",5,3,1742014182,fitur terbaik 7270 i5 ram8 128gb sepadan dengan harga good sesuai semua berjalan normal sesuai yg ada di deskripsi kok thanks seller,fitur terbaik 7270 i5 ram8 128gb sepadan dengan harga good sesuai semua berjalan normal sesuai yg ada di deskripsi kok thanks seller,22
dwirentiangraini_,"Fitur Terbaik:SSD
Sepadan dengan Harga:3,6 jt

Walaupun second tapi kualitas ngga diragukan ; bagus banget la,, lecet sedikit bagian samping tapi its okay,, kualitas tetap terjamin,, admin tokonya juga fast respon untuk bertanya"", Thanyou💚",5,9,1761607834,fitur terbaik ssd sepadan dengan harga 3 6 jt walaupun second tapi kualitas ngga diragukan bagus banget la lecet sedikit bagian samping tapi its okay kualitas tetap terjamin admin tokonya juga fast respon untuk bertanya thanyou,fitur terbaik ssd sepadan dengan harga 3 6 jt walaupun second tapi kualitas ngga diragukan bagus banget la lecet sedikit bagian samping tapi its okay kualitas tetap terjamin admin tokonya juga fast respon untuk bertanya thanyou,36
m*****e,"Sepadan dengan Harga:harga murah meriah sangat terjangkau dan berkualitas aman dan nyaman layanan terbwaiiiik
Fitur Terbaik:laptop ringan dan tahan banting aman dan nyaman. dibawa kemana mana dan tahan getar",5,14,1764554574,sepadan dengan harga harga murah meriah sangat terjangkau dan berkualitas aman dan nyaman layanan terbwaiiiik fitur terbaik laptop ringan dan tahan banting aman dan nyaman dibawa kemana mana dan tahan getar,sepadan dengan harga harga murah meriah sangat terjangkau dan berkualitas aman dan nyaman layanan terbwaiiiik fitur terbaik laptop ringan dan tahan banting aman dan nyaman dibawa kemana mana dan tahan getar,31
sisil_lia12,"Desain:bagus
Kondisi Barang:packing aman
Fungsi:beroperasi dengan baik

Kondisi barang oke, walaupun laptop bekas tapi kualitas oke, baterai juga normal, keren sih tidak mengecewakan. Terima kasih seller",5,2,1764554599,desain bagus kondisi barang packing aman fungsi beroperasi dengan baik kondisi barang oke walaupun laptop bekas tapi kualitas oke baterai juga normal keren sih tidak mengecewakan terima kasih seller,desain bagus kondisi barang packing aman fungsi beroperasi dengan baik kondisi barang oke walaupun laptop bekas tapi kualitas oke baterai juga normal keren sih tidak mengecewakan terima kasih seller,29
tknfs5r,"Desain:menarik
Kondisi Barang:mendarat dengan selamat,, barang mulus,, packingan rapihh bgtt🥰
Fungsi:barang bekerja dengan baik

Pertama kali mesen laptop di shoppee,, awalnya ragu² tapi alhamdulillah kondisi barang sangat memuaskan👍👍👍🤗🥰
Thanksss😍",5,2,1764491291,desain menarik kondisi barang mendarat dengan selamat barang mulus packingan rapihh bgtt fungsi barang bekerja dengan baik pertama kali mesen laptop di shoppee awalnya ragu tapi alhamdulillah kondisi barang sangat memuaskan thanksss,desain menarik kondisi barang mendarat dengan selamat barang mulus packingan rapihh bgtt fungsi barang bekerja dengan baik pertama kali mesen laptop di shoppee awalnya ragu tapi alhamdulillah kondisi barang sangat memuaskan thanksss,32
sc_multimedia,"Fitur Terbaik:terbaik
Sepadan dengan Harga:sangat sepadan

Packing rapi dan aman banget dibungkus dengan plastik dan bubble wrap berlapis sehingga aman dari benturan dan hujan deras sekalipun. Barang berkualitas bagus sesuai dengan diskripsi dan spesifikasi. Seller humble banget dan fast respon. Recommended seller deh pokoknya.",5,7,1742186355,fitur terbaik terbaik sepadan dengan harga sangat sepadan packing rapi dan aman banget dibungkus dengan plastik dan bubble wrap berlapis sehingga aman dari benturan dan hujan deras sekalipun barang berkualitas bagus sesuai dengan diskripsi dan spesifikasi seller humble banget dan fast respon recommended seller deh pokoknya,fitur terbaik terbaik sepadan dengan harga sangat sepadan packing rapi dan aman banget dibungkus dengan plastik dan bubble wrap berlapis sehingga aman dari benturan dan hujan deras sekalipun barang berkualitas bagus sesuai dengan diskripsi dan spesifikasi seller humble banget dan fast respon recommended seller deh pokoknya,46
rnfarah06,"Fitur Terbaik:bagus banget!
Sepadan dengan Harga:super worth it

Gila ini sih keren abis, beli laptop second kondisi mulusnya mulus parah gada gompal baret dll itu bersih. Alhamdulillah sesuai sm yg di inginkan dan pengiriman super cepet. Checkout siang sore sampe! Makasih banyak bgt buat seller semoga selalu amanah yaaa(⁠◍⁠•⁠ᴗ⁠•⁠◍⁠)⁠❤",5,39,1755915870,fitur terbaik bagus banget sepadan dengan harga super worth it gila ini sih keren abis beli laptop second kondisi mulusnya mulus parah gada gompal baret dll itu bersih alhamdulillah sesuai sm yg di inginkan dan pengiriman super cepet checkout siang sore sampe makasih banyak bgt buat seller semoga selalu amanah yaaa,fitur terbaik bagus banget sepadan dengan harga super worth it gila ini sih keren abis beli laptop second kondisi mulusnya mulus parah gada gompal baret dll itu bersih alhamdulillah sesuai sm yg di inginkan dan pengiriman super cepet checkout siang sore sampe makasih banyak bgt buat seller semoga selalu amanah yaaa,51
wiwiqdwilistrian,"Kondisi Barang:bagus sesuai harga 😊
Desain:pada umumnya
Kualitas:masih bagus

seller baik gercep😀.
terimakasih seller.aq ngga tau harus gimana kl laptop blm sampai malem itu soalnya mau buat anakku ujian, untungnya sellernya baik.
Abang kurirnya jg baik 1 jam'anlah sampai dgn selamat, terimakasih Abang kurirnya👍🏻",5,5,1743527845,kondisi barang bagus sesuai harga desain pada umumnya kualitas masih bagus seller baik gercep terimakasih seller aq ngga tau harus gimana kl laptop blm sampai malem itu soalnya mau buat anakku ujian untungnya sellernya baik abang kurirnya jg baik 1 jam anlah sampai dgn selamat terimakasih abang kurirnya,kondisi barang bagus sesuai harga desain pada umumnya kualitas masih bagus seller baik gercep terimakasih seller aq ngga tau harus gimana kl laptop blm sampai malem itu soalnya mau buat anakku ujian untungnya sellernya baik abang kurirnya jg baik 1 jam anlah sampai dgn selamat terimakasih abang kurirnya,48
baidi78,"Fitur Terbaik:mantab
Sepadan dengan Harga:sesuai

Terimakasih laptop sudah sampai, packing aman langsung tes mantab, suara bagus gak pecah pokok recommend 👍👍👍semoga awet....",5,1,1742011134,fitur terbaik mantab sepadan dengan harga sesuai terimakasih laptop sudah sampai packing aman langsung tes mantab suara bagus gak pecah pokok recommend semoga awet,fitur terbaik mantab sepadan dengan harga sesuai terimakasih laptop sudah sampai packing aman langsung tes mantab suara bagus gak pecah pokok recommend semoga awet,24
ajivalentino99,"Fitur Terbaik:pengiriman cepat, barang mulus kek baru👍👍",5,7,1757636165,fitur terbaik pengiriman cepat barang mulus kek baru,fitur terbaik pengiriman cepat barang mulus kek baru,8
ajengratna95,"Desain:Second rasa baru
Kondisi Barang:Mulus 95%
Fungsi:Sejauh ini berfungsi semua, dapet tas & charger, laptop gak lemot, semoga awet & paksu suka, hadiah anniv ke 3 untuk kerjaan dia, seller responsif & baik bgt ramah, sukses selalu tokonya:)",5,1,1750423720,desain second rasa baru kondisi barang mulus 95 fungsi sejauh ini berfungsi semua dapet tas charger laptop gak lemot semoga awet paksu suka hadiah anniv ke 3 untuk kerjaan dia seller responsif baik bgt ramah sukses selalu tokonya,desain second rasa baru kondisi barang mulus 95 fungsi sejauh ini berfungsi semua dapet tas charger laptop gak lemot semoga awet paksu suka hadiah anniv ke 3 untuk kerjaan dia seller responsif baik bgt ramah sukses selalu tokonya,38
gitaayulia,"Alhamdulillah mendarat dengan sempurna, laptop nya bagus, aku suka. Semoga longlast amin...
Terimakasih seller, seller cepat tanggap ramah dan selalu menjawab dengan baik, terimakasih seller.",5,11,1763957778,alhamdulillah mendarat dengan sempurna laptop nya bagus aku suka semoga longlast amin terimakasih seller seller cepat tanggap ramah dan selalu menjawab dengan baik terimakasih seller,alhamdulillah mendarat dengan sempurna laptop nya bagus aku suka semoga longlast amin terimakasih seller seller cepat tanggap ramah dan selalu menjawab dengan baik terimakasih seller,25
diansuryatmojo,"Desain:bagus
Kondisi Barang:baik
Kualitas:sesuai

Paket sudah sampai sesuai pesanan respon penjual cepat kulitas barang bagus pengiriman cepat mantappp",5,1,1741767010,desain bagus kondisi barang baik kualitas sesuai paket sudah sampai sesuai pesanan respon penjual cepat kulitas barang bagus pengiriman cepat mantappp,desain bagus kondisi barang baik kualitas sesuai paket sudah sampai sesuai pesanan respon penjual cepat kulitas barang bagus pengiriman cepat mantappp,21
zaibinsenen,"Desain:sangat baik
Kondisi Barang:datang dengan mulus dan baik
Kualitas:sangat memuaskan

Toko respon dengan baik dan ramah.
Barang tidak diragukan kualitas joss.
Rekomendasi dah buat yang sedang nyari.
Semoga awet. 🤲",5,0,1741765800,desain sangat baik kondisi barang datang dengan mulus dan baik kualitas sangat memuaskan toko respon dengan baik dan ramah barang tidak diragukan kualitas joss rekomendasi dah buat yang sedang nyari semoga awet,desain sangat baik kondisi barang datang dengan mulus dan baik kualitas sangat memuaskan toko respon dengan baik dan ramah barang tidak diragukan kualitas joss rekomendasi dah buat yang sedang nyari semoga awet,32
nurdinpolman311285,"Sepadan dengan Harga:kualitasnya melebihi harga 👍

Barang sampai dengan baik, packing mantap, laptop sesuai harapan",5,2,1753199790,sepadan dengan harga kualitasnya melebihi harga barang sampai dengan baik packing mantap laptop sesuai harapan,sepadan dengan harga kualitasnya melebihi harga barang sampai dengan baik packing mantap laptop sesuai harapan,15
b*****a,"Fitur Terbaik:sampai saat ini masih oke
Sepadan dengan Harga:sesuai

Belum periksa semua, semoga awet. Terima kasih pesanannya tidak salah. Packingnya aman, bubble wrapnya tebal. Dapat tas juga",5,24,1748586683,fitur terbaik sampai saat ini masih oke sepadan dengan harga sesuai belum periksa semua semoga awet terima kasih pesanannya tidak salah packingnya aman bubble wrapnya tebal dapat tas juga,fitur terbaik sampai saat ini masih oke sepadan dengan harga sesuai belum periksa semua semoga awet terima kasih pesanannya tidak salah packingnya aman bubble wrapnya tebal dapat tas juga,29
r*****i,"Fitur Terbaik:mantapppp
Sepadan dengan Harga:sesuai

Terima kasih shoppe.. sukses terus usahanya.. barang datang mulus tidak ada kendala .. packing rapih dan tebal .. ga takut rusak .. kiriman sesuai pesanan 🥰🙏🏼",5,18,1742186754,fitur terbaik mantapppp sepadan dengan harga sesuai terima kasih shoppe sukses terus usahanya barang datang mulus tidak ada kendala packing rapih dan tebal ga takut rusak kiriman sesuai pesanan,fitur terbaik mantapppp sepadan dengan harga sesuai terima kasih shoppe sukses terus usahanya barang datang mulus tidak ada kendala packing rapih dan tebal ga takut rusak kiriman sesuai pesanan,29
acuzrd,"Fitur Terbaik:bagus. sesuai deskripsi
Sepadan dengan Harga:sangat sepadan

Barang oke, sangat puas. Semoga awet",5,27,1764468543,fitur terbaik bagus sesuai deskripsi sepadan dengan harga sangat sepadan barang oke sangat puas semoga awet,fitur terbaik bagus sesuai deskripsi sepadan dengan harga sangat sepadan barang oke sangat puas semoga awet,16
ngelapak.store,"Fitur Terbaik:Gesit anti lelet
Sepadan dengan Harga:Murah

The best ini, barang mulus ga ada cacat sedikitpun seperti baru, udah langganan  jg disini penjualnya amanah krn banyak teman teman kantor beli disini, recomended banget.. semoga awet.. Aamiin",5,14,1763957773,fitur terbaik gesit anti lelet sepadan dengan harga murah the best ini barang mulus ga ada cacat sedikitpun seperti baru udah langganan jg disini penjualnya amanah krn banyak teman teman kantor beli disini recomended banget semoga awet aamiin,fitur terbaik gesit anti lelet sepadan dengan harga murah the best ini barang mulus ga ada cacat sedikitpun seperti baru udah langganan jg disini penjualnya amanah krn banyak teman teman kantor beli disini recomended banget semoga awet aamiin,38
a*****i,"Sepadan dengan Harga:harga sesuai dengan kualitas

fisik OK mulus, ga keliatan second, recommended 👆",5,2,1742009893,sepadan dengan harga harga sesuai dengan kualitas fisik ok mulus ga keliatan second recommended,sepadan dengan harga harga sesuai dengan kualitas fisik ok mulus ga keliatan second recommended,14
j*****g,"Desain:sangat menarik dan puas
Kondisi Barang:datang dalam keadaan tidak cacat
Fungsi:berfungsi semua dengan baik

Barang telah sampai ketujuan dengan selamat tanpa kekurangan apapun. Waktu pengiriman tepat waktu. Packaging rapi dan tidak rusak. Barang dicek aman. Cukup puas dengan produknya. Kualitas sesuai dengan harganya. Terima kasih buat seller karena sudan amanah. Semoga lancar selalu. Good Jobbb!!!",5,2,1750910660,desain sangat menarik dan puas kondisi barang datang dalam keadaan tidak cacat fungsi berfungsi semua dengan baik barang telah sampai ketujuan dengan selamat tanpa kekurangan apapun waktu pengiriman tepat waktu packaging rapi dan tidak rusak barang dicek aman cukup puas dengan produknya kualitas sesuai dengan harganya terima kasih buat seller karena sudan amanah semoga lancar selalu good jobbb,desain sangat menarik dan puas kondisi barang datang dalam keadaan tidak cacat fungsi berfungsi semua dengan baik barang telah sampai ketujuan dengan selamat tanpa kekurangan apapun waktu pengiriman tepat waktu packaging rapi dan tidak rusak barang dicek aman cukup puas dengan produknya kualitas sesuai dengan harganya terima kasih buat seller karena sudan amanah semoga lancar selalu good jobbb,58
indahtridiana,"Fitur Terbaik:kondisi barang tiba bagus
Sepadan dengan Harga:terjangkau dan sesuai dengan kualitas

kondisi barang unit masih bagus walaupun second dan masih sangat layak untuk dipakai untuk keperluan kantor dan sekolah biasa.
untuk speaker masih bagus dan kondisi battery masih awet",5,8,1747389646,fitur terbaik kondisi barang tiba bagus sepadan dengan harga terjangkau dan sesuai dengan kualitas kondisi barang unit masih bagus walaupun second dan masih sangat layak untuk dipakai untuk keperluan kantor dan sekolah biasa untuk speaker masih bagus dan kondisi battery masih awet,fitur terbaik kondisi barang tiba bagus sepadan dengan harga terjangkau dan sesuai dengan kualitas kondisi barang unit masih bagus walaupun second dan masih sangat layak untuk dipakai untuk keperluan kantor dan sekolah biasa untuk speaker masih bagus dan kondisi battery masih awet,42
indra_mutiaraf,Alhamdulillah brg dah keterima dgn baik...mantap brgnya...sempet ragu jg karena blm pernah....rekomendasi untuk yg selanjutnya...mksh seller,5,8,1758082042,alhamdulillah brg dah keterima dgn baik mantap brgnya sempet ragu jg karena blm pernah rekomendasi untuk yg selanjutnya mksh seller,alhamdulillah brg dah keterima dgn baik mantap brgnya sempet ragu jg karena blm pernah rekomendasi untuk yg selanjutnya mksh seller,20
c*****8,"Nyampenya cepet bgt, packing nya Aman.. semga awet😇..terimakasih seller",5,3,1742187849,nyampenya cepet bgt packing nya aman semga awet terimakasih seller,nyampenya cepet bgt packing nya aman semga awet terimakasih seller,10
enyrohyati,"Fitur Terbaik:touchscreen
Sepadan dengan Harga:sangat murah pas dikantong

Ini mah paket lengkap. Udah spesifikasi jangan diragukan lagi. Untuk barang kayak masih baru no lecet. Pengemasan juga aman banget 5 lapis bubble wrap. Pengiriman juga cepat banget 3 hari sampai Kalimantan barat. Gak nyesel pokoknya beli disini",3,45,1764213780,fitur terbaik touchscreen sepadan dengan harga sangat murah pas dikantong ini mah paket lengkap udah spesifikasi jangan diragukan lagi untuk barang kayak masih baru no lecet pengemasan juga aman banget 5 lapis bubble wrap pengiriman juga cepat banget 3 hari sampai kalimantan barat gak nyesel pokoknya beli disini,fitur terbaik touchscreen sepadan dengan harga sangat murah pas dikantong ini mah paket lengkap udah spesifikasi jangan diragukan lagi untuk barang kayak masih baru no lecet pengemasan juga aman banget 5 lapis bubble wrap pengiriman juga cepat banget 3 hari sampai kalimantan barat gak nyesel pokoknya beli disini,48
luthfiyahayank,"Kondisi Barang:datang dalam keadaan mulus
Desain:bagus, mungil pas di bawanya.
Kualitas:cukup memuaskan

Alhamdulillah barang datang dan langsung di cek, bagus orginal, carger, layar bening, masukan buat toko, bonus mouse juga boleh selain tas laptop.",5,1,1741770054,kondisi barang datang dalam keadaan mulus desain bagus mungil pas di bawanya kualitas cukup memuaskan alhamdulillah barang datang dan langsung di cek bagus orginal carger layar bening masukan buat toko bonus mouse juga boleh selain tas laptop,kondisi barang datang dalam keadaan mulus desain bagus mungil pas di bawanya kualitas cukup memuaskan alhamdulillah barang datang dan langsung di cek bagus orginal carger layar bening masukan buat toko bonus mouse juga boleh selain tas laptop,37
shanumbyshanum,"Desain:bagus
Kondisi Barang:mulus
Fungsi:berfungsi dengan baik

Gak nyangka sebagus ini pdahal sedond, over all semua bagus berfungsi dengan baik. Semoga awet dan tdk ada kendala. Makasih seller",5,1,1741679774,desain bagus kondisi barang mulus fungsi berfungsi dengan baik gak nyangka sebagus ini pdahal sedond over all semua bagus berfungsi dengan baik semoga awet dan tdk ada kendala makasih seller,desain bagus kondisi barang mulus fungsi berfungsi dengan baik gak nyangka sebagus ini pdahal sedond over all semua bagus berfungsi dengan baik semoga awet dan tdk ada kendala makasih seller,30
annas123241,"Desain:keren
Kondisi Barang:walau second tapi bagus seperti baru
Fungsi:barang sangat bagus dan lancar

Mantap guys",5,2,1755817071,desain keren kondisi barang walau second tapi bagus seperti baru fungsi barang sangat bagus dan lancar mantap guys,desain keren kondisi barang walau second tapi bagus seperti baru fungsi barang sangat bagus dan lancar mantap guys,18
0*****.,"Fitur Terbaik:baik
Sepadan dengan Harga:baik

Barang sudah sampai",5,2,1742183342,fitur terbaik baik sepadan dengan harga baik barang sudah sampai,fitur terbaik baik sepadan dengan harga baik barang sudah sampai,10
teguhoge,"Sepadan dengan Harga:sesuai
Fitur Terbaik:notebook + charger

Puas banget, produk sesuai deskripsi semua berfungsi dgn baik..semoga bs awet barangnya, seller jg responsif..trims Gan",5,13,1749048723,sepadan dengan harga sesuai fitur terbaik notebook charger puas banget produk sesuai deskripsi semua berfungsi dgn baik semoga bs awet barangnya seller jg responsif trims gan,sepadan dengan harga sesuai fitur terbaik notebook charger puas banget produk sesuai deskripsi semua berfungsi dgn baik semoga bs awet barangnya seller jg responsif trims gan,26
a*****f,"Fitur Terbaik:laptop nya datang dengan selamat, dengan kondisi yg cukup bagus juga dan sesuai pesanan

Laptop nya bagus secara hardware dan secara software berjalan dengan normal.
Saya beri bintang 4 dulu…
1) kirain laptop nya sesuai reviewers yg lain nya dapat keyboard backlight tp saya dapat nya yg no backlight kata nya random yg dapat key-backlight 
2) untuk office yg saya dapat kan perlu aktivasi terlebih dahulu dengan hal itu bagi saya yg ga suka ribet yg di anjurkan dr toko nya harus aktivasi dlu itu suatu hal yg menyebalkan bagi saya
Tapi overall secara tampilan bagus🙌🏼",4,14,1741682166,fitur terbaik laptop nya datang dengan selamat dengan kondisi yg cukup bagus juga dan sesuai pesanan laptop nya bagus secara hardware dan secara software berjalan dengan normal saya beri bintang 4 dulu 1 kirain laptop nya sesuai reviewers yg lain nya dapat keyboard backlight tp saya dapat nya yg no backlight kata nya random yg dapat key backlight 2 untuk office yg saya dapat kan perlu aktivasi terlebih dahulu dengan hal itu bagi saya yg ga suka ribet yg di anjurkan dr toko nya harus aktivasi dlu itu suatu hal yg menyebalkan bagi saya tapi overall secara tampilan bagus,fitur terbaik laptop nya datang dengan selamat dengan kondisi yg cukup bagus juga dan sesuai pesanan laptop nya bagus secara hardware dan secara software berjalan dengan normal saya beri bintang 4 dulu 1 kirain laptop nya sesuai reviewers yg lain nya dapat keyboard backlight tp saya dapat nya yg no backlight kata nya random yg dapat key backlight 2 untuk office yg saya dapat kan perlu aktivasi terlebih dahulu dengan hal itu bagi saya yg ga suka ribet yg di anjurkan dr toko nya harus aktivasi dlu itu suatu hal yg menyebalkan bagi saya tapi overall secara tampilan bagus,99
oedheil,"Desain:ok
Kondisi Barang:ok
Fungsi:ok

Mantul laptopnya dan bonus tas n mousenya
Fast respon. Trm ksh gan sukses slalu",5,1,1760000288,desain ok kondisi barang ok fungsi ok mantul laptopnya dan bonus tas n mousenya fast respon trm ksh gan sukses slalu,desain ok kondisi barang ok fungsi ok mantul laptopnya dan bonus tas n mousenya fast respon trm ksh gan sukses slalu,21
rusmantobnn,Alhamdulillah barang mentara dengan baik mudah-mudahan awet tidak ada pendapat terima kasih buat terima kasih Shopee,5,1,1741936232,alhamdulillah barang mentara dengan baik mudah mudahan awet tidak ada pendapat terima kasih buat terima kasih shopee,alhamdulillah barang mentara dengan baik mudah mudahan awet tidak ada pendapat terima kasih buat terima kasih shopee,17
jamalg4,"Kondisi Barang:BAGUS
Kualitas:BAGUS - sedang dipantau
Desain:MASIH MULUS

KONDISI BARANG MASIH MULUS, SEMUA FITUR NORMAL / BERFUNGSI NORMAL SEMENTARA BELUM KELIHATAN MINUSNYA, SEMOGA AWET,
SEMPET KECEWA SAMA KURIR BAYAR NEXT DAY MAHAL-MAHAL MALAH NGARET",5,1,1741932730,kondisi barang bagus kualitas bagus sedang dipantau desain masih mulus kondisi barang masih mulus semua fitur normal berfungsi normal sementara belum kelihatan minusnya semoga awet sempet kecewa sama kurir bayar next day mahal mahal malah ngaret,kondisi barang bagus kualitas bagus sedang dipantau desain masih mulus kondisi barang masih mulus semua fitur normal berfungsi normal sementara belum kelihatan minusnya semoga awet sempet kecewa sama kurir bayar next day mahal mahal malah ngaret,36
a*****n,"Sepadan dengan Harga:terbaik
Fitur Terbaik:barang sesuai

Penjual amanah barang sesuai spesikasi.. recommended seller",5,1,1742187943,sepadan dengan harga terbaik fitur terbaik barang sesuai penjual amanah barang sesuai spesikasi recommended seller,sepadan dengan harga terbaik fitur terbaik barang sesuai penjual amanah barang sesuai spesikasi recommended seller,15
rizky_alfan01,"Desain:elegan enak di bawa kemanpun
Kondisi Barang:mulus puol
Fungsi:sangat nyaman dan kenceng

Sumpah ekpetasi saya jauh banget ini puassssss puolll makasih seller baik❤️❤️❤️",5,0,1741672546,desain elegan enak di bawa kemanpun kondisi barang mulus puol fungsi sangat nyaman dan kenceng sumpah ekpetasi saya jauh banget ini puassssss puolll makasih seller baik,desain elegan enak di bawa kemanpun kondisi barang mulus puol fungsi sangat nyaman dan kenceng sumpah ekpetasi saya jauh banget ini puassssss puolll makasih seller baik,26
zaiii_88,"Kondisi Barang:datang dalam keadaan mulus
Desain:menarik dan modern
Kualitas:kemasan baik, fungsional baik sekali

Terpercaya, pengiriman cepet banget dan aman, packing juga tebal dan cukup aman, cs responsif sekali pas saya nanya nanya, biasanya kalau beli di tempat lain batrenya udah soak dan ada aja jeleknya. Nah disini 1000000% recomended. Aku coba batrenya, masih healthy banget gak gampang habis dan menurut saya performanya masih 99% bagus banget. Terima kasih ya sudah membantu saya mendapatkan laptop second berkualitas 😌🙏🏻",5,0,1741924982,kondisi barang datang dalam keadaan mulus desain menarik dan modern kualitas kemasan baik fungsional baik sekali terpercaya pengiriman cepet banget dan aman packing juga tebal dan cukup aman cs responsif sekali pas saya nanya nanya biasanya kalau beli di tempat lain batrenya udah soak dan ada aja jeleknya nah disini 1000000 recomended aku coba batrenya masih healthy banget gak gampang habis dan menurut saya performanya masih 99 bagus banget terima kasih ya sudah membantu saya mendapatkan laptop second berkualitas,kondisi barang datang dalam keadaan mulus desain menarik dan modern kualitas kemasan baik fungsional baik sekali terpercaya pengiriman cepet banget dan aman packing juga tebal dan cukup aman cs responsif sekali pas saya nanya nanya biasanya kalau beli di tempat lain batrenya udah soak dan ada aja jeleknya nah disini 1000000 recomended aku coba batrenya masih healthy banget gak gampang habis dan menurut saya performanya masih 99 bagus banget terima kasih ya sudah membantu saya mendapatkan laptop second berkualitas,79
susandisusandi320,"Desain:Keren
Kondisi Barang:OK
Kualitas:Baik

Pengiriman barang cepat. Barang sudah sampai diterima dalam keadaan baik dan bagus.  Respon penjual kooperatif dan baik. Recomended👌.",5,0,1759664845,desain keren kondisi barang ok kualitas baik pengiriman barang cepat barang sudah sampai diterima dalam keadaan baik dan bagus respon penjual kooperatif dan baik recomended,desain keren kondisi barang ok kualitas baik pengiriman barang cepat barang sudah sampai diterima dalam keadaan baik dan bagus respon penjual kooperatif dan baik recomended,25
ritayulipunya,"Fitur Terbaik:masih bagus sangat puas belanja disini

pengiriman juga aman,toko amanah..semoga awet barangnya",5,1,1742187792,fitur terbaik masih bagus sangat puas belanja disini pengiriman juga aman toko amanah semoga awet barangnya,fitur terbaik masih bagus sangat puas belanja disini pengiriman juga aman toko amanah semoga awet barangnya,16
benidoank083,Keren barang sesuai deskripsi recommended,5,2,1742015232,keren barang sesuai deskripsi recommended,keren barang sesuai deskripsi recommended,5
nickpandu69,Sepadan dengan Harga:barang bagus bgt gk nyesel bi disini fisik 97% mantap bgt,5,3,1742015654,sepadan dengan harga barang bagus bgt gk nyesel bi disini fisik 97 mantap bgt,sepadan dengan harga barang bagus bgt gk nyesel bi disini fisik 97 mantap bgt,14
cinta_1004,"Desain:menarik dan modern
Kondisi Barang:bagus, mulus
Fungsi:barang mekerja dengan baik

Datang dengan selamat, tidak ada pecah atau cacat. Barang bagus, suaranya juga bagus. Makasi",5,1,1741682493,desain menarik dan modern kondisi barang bagus mulus fungsi barang mekerja dengan baik datang dengan selamat tidak ada pecah atau cacat barang bagus suaranya juga bagus makasi,desain menarik dan modern kondisi barang bagus mulus fungsi barang mekerja dengan baik datang dengan selamat tidak ada pecah atau cacat barang bagus suaranya juga bagus makasi,27
supritetapdisini,"Kondisi Barang:Barangnya masih mulus
Desain:Simple
Kualitas:Bagus lancar

Pengiriman di hari yang sama saat order mantab.
Laptop nya masih bagus mulus sesuai deskripsi dan sesuai permintaan, touchscreen berfungsi normal.
Mantablah....next time order lg",5,0,1741770382,kondisi barang barangnya masih mulus desain simple kualitas bagus lancar pengiriman di hari yang sama saat order mantab laptop nya masih bagus mulus sesuai deskripsi dan sesuai permintaan touchscreen berfungsi normal mantablah next time order lg,kondisi barang barangnya masih mulus desain simple kualitas bagus lancar pengiriman di hari yang sama saat order mantab laptop nya masih bagus mulus sesuai deskripsi dan sesuai permintaan touchscreen berfungsi normal mantablah next time order lg,36
e*****s,"Batre perkiraan 4Jam lebih . Keyboard Nyala , semoga Awet 🙂🙂🙂",5,0,1741686190,batre perkiraan 4jam lebih keyboard nyala semoga awet,batre perkiraan 4jam lebih keyboard nyala semoga awet,8
l*****n,"Desain:bagus
Kondisi Barang:sangat bagus dan performa baik
Kualitas:baik

Bagus dan semua normal",5,0,1741766979,desain bagus kondisi barang sangat bagus dan performa baik kualitas baik bagus dan semua normal,desain bagus kondisi barang sangat bagus dan performa baik kualitas baik bagus dan semua normal,15
deon306,"Tidak worth it. Saya pesan latitude 7280 i5 gen 7 walau yg dateng gen 8 
Troubles.
1. Mati tiba2 kalau di diamkan dan berkala.
Admin suruh retur dan retur jeda seminggu
Saya terima lagi unit baru.
Masalahnya sama admin suruh retur kembali. Cuman udah jeda sebulan tidak ada repon.",1,74,1763487424,tidak worth it saya pesan latitude 7280 i5 gen 7 walau yg dateng gen 8 troubles 1 mati tiba2 kalau di diamkan dan berkala admin suruh retur dan retur jeda seminggu saya terima lagi unit baru masalahnya sama admin suruh retur kembali cuman udah jeda sebulan tidak ada repon,tidak worth it saya pesan latitude 7280 i5 gen 7 walau yg dateng gen 8 troubles 1 mati tiba2 kalau di diamkan dan berkala admin suruh retur dan retur jeda seminggu saya terima lagi unit baru masalahnya sama admin suruh retur kembali cuman udah jeda sebulan tidak ada repon,49
ayunanda56,"Desain:sangat bagus
Kondisi Barang:datang dalam keadaan mulus
Kualitas:sangat baik

fisik lumayan mulus, ada sedikit cacat pemakaian ajah, program lancar, packing nya juga rapi dan cepat pula… pokok nya bagus banget lahh …
semoga selalu amanah",5,0,1741764090,desain sangat bagus kondisi barang datang dalam keadaan mulus kualitas sangat baik fisik lumayan mulus ada sedikit cacat pemakaian ajah program lancar packing nya juga rapi dan cepat pula pokok nya bagus banget lahh semoga selalu amanah,desain sangat bagus kondisi barang datang dalam keadaan mulus kualitas sangat baik fisik lumayan mulus ada sedikit cacat pemakaian ajah program lancar packing nya juga rapi dan cepat pula pokok nya bagus banget lahh semoga selalu amanah,37
faridarida260905,"Desain:sesuai
Kondisi Barang:dalam keadaan mulus
Fungsi:berfungsi dengan baik

Sip terbaik",5,0,1741676444,desain sesuai kondisi barang dalam keadaan mulus fungsi berfungsi dengan baik sip terbaik,desain sesuai kondisi barang dalam keadaan mulus fungsi berfungsi dengan baik sip terbaik,13
t0h4_kr35n4,"Sepadan dengan Harga:ya
Fitur Terbaik:-

Barang sesuai, booting sedikit lama, tpi wajar. Keadaan barang rapi masih sip mulus. Carger bisa. Packing ok rapi, full bubble dan kardus. Respon pejual ok. Semoga awet.",5,0,1741935046,sepadan dengan harga ya fitur terbaik barang sesuai booting sedikit lama tpi wajar keadaan barang rapi masih sip mulus carger bisa packing ok rapi full bubble dan kardus respon pejual ok semoga awet,sepadan dengan harga ya fitur terbaik barang sesuai booting sedikit lama tpi wajar keadaan barang rapi masih sip mulus carger bisa packing ok rapi full bubble dan kardus respon pejual ok semoga awet,33
r*****2,"Sepadan dengan Harga:Sesuai dengan barang
Fitur Terbaik:Memuaskan,kelengkapan terjamin&original

Yang Mau order Gak usah Ragu,Gaass aja Stok masih tersedia langsung cekout keranjang kuning🥳",5,0,1741940814,sepadan dengan harga sesuai dengan barang fitur terbaik memuaskan kelengkapan terjamin original yang mau order gak usah ragu gaass aja stok masih tersedia langsung cekout keranjang kuning,sepadan dengan harga sesuai dengan barang fitur terbaik memuaskan kelengkapan terjamin original yang mau order gak usah ragu gaass aja stok masih tersedia langsung cekout keranjang kuning,27
thien_almoein,"Desain:menarik
Kondisi Barang:dalam keadaan baok
Fungsi:baik

Alhamdulillah paketnya sudah diterima dalam kondisi baik, semoga awet. Recomended seller. 
Yg mau beli laptop bekas rasa baru di toko ini saja.",5,0,1741680637,desain menarik kondisi barang dalam keadaan baok fungsi baik alhamdulillah paketnya sudah diterima dalam kondisi baik semoga awet recomended seller yg mau beli laptop bekas rasa baru di toko ini saja,desain menarik kondisi barang dalam keadaan baok fungsi baik alhamdulillah paketnya sudah diterima dalam kondisi baik semoga awet recomended seller yg mau beli laptop bekas rasa baru di toko ini saja,31
novanivt,Barang bagus mantap tidak menyesal beli brg ini semoga awet makasih seller,5,0,1742014365,barang bagus mantap tidak menyesal beli brg ini semoga awet makasih seller,barang bagus mantap tidak menyesal beli brg ini semoga awet makasih seller,12
rickynels0n,"Desain:menarik dan modern
Kondisi Barang:datang dalam keadaan mulus
Kualitas:produk terbaik

Mau lampirkan video gak bisa karena panjang
Overall melebihi ekspektasi
Semoga awet",5,0,1741686472,desain menarik dan modern kondisi barang datang dalam keadaan mulus kualitas produk terbaik mau lampirkan video gak bisa karena panjang overall melebihi ekspektasi semoga awet,desain menarik dan modern kondisi barang datang dalam keadaan mulus kualitas produk terbaik mau lampirkan video gak bisa karena panjang overall melebihi ekspektasi semoga awet,25
susena01,"Alhmdullah barang sudah sampai, pengiriman cepat dan barang masih mulus. Mudah mudahan awet dan berjalan normal terus..",5,1,1741938849,alhmdullah barang sudah sampai pengiriman cepat dan barang masih mulus mudah mudahan awet dan berjalan normal terus,alhmdullah barang sudah sampai pengiriman cepat dan barang masih mulus mudah mudahan awet dan berjalan normal terus,17
irfansukma13,"Desain:bagus
Kondisi Barang:bagus
Fungsi:untuk kerja

Sesuai spek, dtg cepat kirain brp hari ternyata pake sameday jd sehari dtg, untuk pemakaian kerja mantep kynya",5,0,1741671277,desain bagus kondisi barang bagus fungsi untuk kerja sesuai spek dtg cepat kirain brp hari ternyata pake sameday jd sehari dtg untuk pemakaian kerja mantep kynya,desain bagus kondisi barang bagus fungsi untuk kerja sesuai spek dtg cepat kirain brp hari ternyata pake sameday jd sehari dtg untuk pemakaian kerja mantep kynya,26
rohadi838,"Trima kasih barang sampe dngn selamat mudah²an awet,respon dan pengirman sngt cepat packing rapih",5,4,1742188296,trima kasih barang sampe dngn selamat mudah an awet respon dan pengirman sngt cepat packing rapih,trima kasih barang sampe dngn selamat mudah an awet respon dan pengirman sngt cepat packing rapih,16
kaprilusarganantatarigan,"Kondisi Barang:ok
Desain:ok
Kualitas:baik

Terimakasih seller 🙏🙏..
Respon cepat,pengiriman cepat.",5,0,1741768325,kondisi barang ok desain ok kualitas baik terimakasih seller respon cepat pengiriman cepat,kondisi barang ok desain ok kualitas baik terimakasih seller respon cepat pengiriman cepat,13
ahmaddewantara,"Sepadan dengan Harga:Recomended banget beli disini yah guys.. penjual amanah. laptop nya seken seperti baru. I like it.

Jangan lupa di order di sini yah guys.👌",5,1,1742013677,sepadan dengan harga recomended banget beli disini yah guys penjual amanah laptop nya seken seperti baru i like it jangan lupa di order di sini yah guys,sepadan dengan harga recomended banget beli disini yah guys penjual amanah laptop nya seken seperti baru i like it jangan lupa di order di sini yah guys,27
nurfirman534,"Alhamdulillah terimakasih min, barangnya sudah datangnya, secara keseluruhan barangnya okeh. 
Tingkat kemulusan 90% hhe. 
Semoga barangnya awet dan toko nya laris manis yah aamiin",5,0,1741686711,alhamdulillah terimakasih min barangnya sudah datangnya secara keseluruhan barangnya okeh tingkat kemulusan 90 hhe semoga barangnya awet dan toko nya laris manis yah aamiin,alhamdulillah terimakasih min barangnya sudah datangnya secara keseluruhan barangnya okeh tingkat kemulusan 90 hhe semoga barangnya awet dan toko nya laris manis yah aamiin,24
d*****e,"Desain:keren
Kondisi Barang:datang dengan mulus, aman
Kualitas:baik

Barang sampai dengan aman, sesuai deskripsi, rekomended bgt, maaf baru ngasih ulasan karena melihat kondisinya dulu, penjualnya jg responsif bgt",5,1,1755069576,desain keren kondisi barang datang dengan mulus aman kualitas baik barang sampai dengan aman sesuai deskripsi rekomended bgt maaf baru ngasih ulasan karena melihat kondisinya dulu penjualnya jg responsif bgt,desain keren kondisi barang datang dengan mulus aman kualitas baik barang sampai dengan aman sesuai deskripsi rekomended bgt maaf baru ngasih ulasan karena melihat kondisinya dulu penjualnya jg responsif bgt,30
w*****2,"Kondisi Barang:masih bagus bnget..lecet dikit aja ga klihatan
Desain:mantan
Kualitas:bintang 5

Barang sudah diterima dan sangat memuaskan untuk barang second",5,0,1741923004,kondisi barang masih bagus bnget lecet dikit aja ga klihatan desain mantan kualitas bintang 5 barang sudah diterima dan sangat memuaskan untuk barang second,kondisi barang masih bagus bnget lecet dikit aja ga klihatan desain mantan kualitas bintang 5 barang sudah diterima dan sangat memuaskan untuk barang second,24
a*****i,"Desain:sangat keren dan menarik
Kondisi Barang:datang dalam keadaan baik
Fungsi:sejauh ini bekerja dengan baik

laptop datang bagus sekali, dan juga mulus seperti baru..",5,1,1748156683,desain sangat keren dan menarik kondisi barang datang dalam keadaan baik fungsi sejauh ini bekerja dengan baik laptop datang bagus sekali dan juga mulus seperti baru,desain sangat keren dan menarik kondisi barang datang dalam keadaan baik fungsi sejauh ini bekerja dengan baik laptop datang bagus sekali dan juga mulus seperti baru,26
saphierz,"Kondisi Barang:70 - 80%
Kualitas:Lumayan
Desain:Sesuai

Deskripsi barang Dell Latitude type E6410/E6510 yg dikirim type Latitude E6430, Spek sesuai pesanan Ram 8gb/Ssd 128gb, Sdh dites, menyala & berfungsi normal. Chargeran bukan original/bawaan Dell, tes Baterai dari 100% cm sekitar krg lebih 20 menit ke 30% lsg ngedrop ke 5%, Kondisi fisik barang 70%  Proses packing sampai ke pengiriman sekitar 8 jam dgn opsi pengiriman Instant berasa Sameday (order jam 10an pagi barang tiba menjelang maghrib). Dapat bonus tas laptop baru jg, Mudah2an awet dipakai buat kerja ringan sehari2 yg cm butuh Ms. Office dan aplikasi editing/desain canva dsb.",4,4,1755831670,kondisi barang 70 80 kualitas lumayan desain sesuai deskripsi barang dell latitude type e6410 e6510 yg dikirim type latitude e6430 spek sesuai pesanan ram 8gb ssd 128gb sdh dites menyala berfungsi normal chargeran bukan original bawaan dell tes baterai dari 100 cm sekitar krg lebih 20 menit ke 30 lsg ngedrop ke 5 kondisi fisik barang 70 proses packing sampai ke pengiriman sekitar 8 jam dgn opsi pengiriman instant berasa sameday order jam 10an pagi barang tiba menjelang maghrib dapat bonus tas laptop baru jg mudah2an awet dipakai buat kerja ringan sehari2 yg cm butuh ms office dan aplikasi editing desain canva dsb,kondisi barang 70 80 kualitas lumayan desain sesuai deskripsi barang dell latitude type e6410 e6510 yg dikirim type latitude e6430 spek sesuai pesanan ram 8gb ssd 128gb sdh dites menyala berfungsi normal chargeran bukan original bawaan dell tes baterai dari 100 cm sekitar krg lebih 20 menit ke 30 lsg ngedrop ke 5 kondisi fisik barang 70 proses packing sampai ke pengiriman sekitar 8 jam dgn opsi pengiriman instant berasa sameday order jam 10an pagi barang tiba menjelang maghrib dapat bonus tas laptop baru jg mudah2an awet dipakai buat kerja ringan sehari2 yg cm butuh ms office dan aplikasi editing desain canva dsb,103
lindapusparobiatullah,"Desain:bagus
Kondisi Barang:baik kaya baru
Fungsi:baik lancar ga lemot juga

Baru kemaren order bsok siangnya udh sampai fast respon juga , 
Terimakasih 😁",5,0,1741676875,desain bagus kondisi barang baik kaya baru fungsi baik lancar ga lemot juga baru kemaren order bsok siangnya udh sampai fast respon juga terimakasih,desain bagus kondisi barang baik kaya baru fungsi baik lancar ga lemot juga baru kemaren order bsok siangnya udh sampai fast respon juga terimakasih,24
khaerulsaleh320,"Kondisi Barang:baik
Desain:bisa
Kualitas:mending

Saya kurang teliti klau tidak ada kamera padahal saya butuh sekali kameranya",5,0,1741766933,kondisi barang baik desain bisa kualitas mending saya kurang teliti klau tidak ada kamera padahal saya butuh sekali kameranya,kondisi barang baik desain bisa kualitas mending saya kurang teliti klau tidak ada kamera padahal saya butuh sekali kameranya,19
dedisardi648,"Desain:sangat menarik,
Kondisi Barang:datang dalam kondisi aman, berjalan dengan baik
Kualitas:packing rapih aman dengan bublewrap tebal.",5,0,1741685891,desain sangat menarik kondisi barang datang dalam kondisi aman berjalan dengan baik kualitas packing rapih aman dengan bublewrap tebal,desain sangat menarik kondisi barang datang dalam kondisi aman berjalan dengan baik kualitas packing rapih aman dengan bublewrap tebal,19
iriandra01,"Kondisi Barang:Bagus hanya lecet pemakaian
Desain:Baik
Kualitas:Baik

Semoga amet dan tidak ada kendala sebelum ganti baru",5,0,1741922578,kondisi barang bagus hanya lecet pemakaian desain baik kualitas baik semoga amet dan tidak ada kendala sebelum ganti baru,kondisi barang bagus hanya lecet pemakaian desain baik kualitas baik semoga amet dan tidak ada kendala sebelum ganti baru,19
t*****s,"Penjual responnya bagus cepet, lumayan kondisi fisik 95% specnya sesuai permintaan.mantaapp recomended",5,3,1742186406,penjual responnya bagus cepet lumayan kondisi fisik 95 specnya sesuai permintaan mantaapp recomended,penjual responnya bagus cepet lumayan kondisi fisik 95 specnya sesuai permintaan mantaapp recomended,13
a*****h,"Fitur Terbaik:free mouse, terimakasih
Sepadan dengan Harga:Lebih dari sekedar kata Lumayan🙏

Alhamdulillah,, amanah, terpercaya, pelayanan seller begitu prima,..
Barang bagus kualitas setara baru ! 
Mudah²an awet 🙏 amin.",5,0,1741935335,fitur terbaik free mouse terimakasih sepadan dengan harga lebih dari sekedar kata lumayan alhamdulillah amanah terpercaya pelayanan seller begitu prima barang bagus kualitas setara baru mudah an awet amin,fitur terbaik free mouse terimakasih sepadan dengan harga lebih dari sekedar kata lumayan alhamdulillah amanah terpercaya pelayanan seller begitu prima barang bagus kualitas setara baru mudah an awet amin,29
ikinzaenalmutaqin,Kondisi Barang:yg satu bagian monitornya pojok bawah kanan terbuka,5,0,1741767688,kondisi barang yg satu bagian monitornya pojok bawah kanan terbuka,kondisi barang yg satu bagian monitornya pojok bawah kanan terbuka,10
khamidahdidah,"Desain:oke
Kondisi Barang:baik
Fungsi:sesuai

Alhamdulillah Udah sampai dan udah dicoba aman dan sesuai dengan pesanan dan sesuai Dengan gambar dan pastinya amanah walaupun baru pertama kali beli semoga awet dan barang nya juga datang sesuai waktu semoga sukses terus untuk usaha nya dan semoga bermanfaat dan awet utuk laptop nya",5,0,1744351077,desain oke kondisi barang baik fungsi sesuai alhamdulillah udah sampai dan udah dicoba aman dan sesuai dengan pesanan dan sesuai dengan gambar dan pastinya amanah walaupun baru pertama kali beli semoga awet dan barang nya juga datang sesuai waktu semoga sukses terus untuk usaha nya dan semoga bermanfaat dan awet utuk laptop nya,desain oke kondisi barang baik fungsi sesuai alhamdulillah udah sampai dan udah dicoba aman dan sesuai dengan pesanan dan sesuai dengan gambar dan pastinya amanah walaupun baru pertama kali beli semoga awet dan barang nya juga datang sesuai waktu semoga sukses terus untuk usaha nya dan semoga bermanfaat dan awet utuk laptop nya,53
adiwibowo80,"Desain:sesuai gambar
Kondisi Barang:90% masih mulus
Fungsi:semua berfungsi normal

seller nya aktif dan sangat membantu banget,, minta tambahan bonus lgsg di kasih,, terimakasih seller dan kurir",5,0,1749877878,desain sesuai gambar kondisi barang 90 masih mulus fungsi semua berfungsi normal seller nya aktif dan sangat membantu banget minta tambahan bonus lgsg di kasih terimakasih seller dan kurir,desain sesuai gambar kondisi barang 90 masih mulus fungsi semua berfungsi normal seller nya aktif dan sangat membantu banget minta tambahan bonus lgsg di kasih terimakasih seller dan kurir,29
g*****h,"Desain:Bagus.
Kondisi Barang:Baik.
Fungsi:Baik.

Barang beroperasi dengan baik datang dengan kondisi yang prima. Thx seller",5,0,1741680709,desain bagus kondisi barang baik fungsi baik barang beroperasi dengan baik datang dengan kondisi yang prima thx seller,desain bagus kondisi barang baik fungsi baik barang beroperasi dengan baik datang dengan kondisi yang prima thx seller,18
e*****a,"Desain:sesuai
Kondisi Barang:Lumayan
Fungsi:buat tuk tik",5,0,1741674650,desain sesuai kondisi barang lumayan fungsi buat tuk tik,desain sesuai kondisi barang lumayan fungsi buat tuk tik,9
budhi54,"Fitur Terbaik:baikkk
Sepadan dengan Harga:sesuai dengan barang

Barang dtang dengan aman dn cepat ,respon penjual baik dn cepat, semoga awet paking aman barang dtg kondisi bagus 👍👍👍👍👍👍",5,1,1742186725,fitur terbaik baikkk sepadan dengan harga sesuai dengan barang barang dtang dengan aman dn cepat respon penjual baik dn cepat semoga awet paking aman barang dtg kondisi bagus,fitur terbaik baikkk sepadan dengan harga sesuai dengan barang barang dtang dengan aman dn cepat respon penjual baik dn cepat semoga awet paking aman barang dtg kondisi bagus,28
i*****i,"Desain:ok
Kondisi Barang:masih ok
Fungsi:baik

Barang pesanan sudah sampai, 
Barang sesuai deskripsi. 
Packing aman. Respon penjual dan pengiriman cepat",5,0,1741680499,desain ok kondisi barang masih ok fungsi baik barang pesanan sudah sampai barang sesuai deskripsi packing aman respon penjual dan pengiriman cepat,desain ok kondisi barang masih ok fungsi baik barang pesanan sudah sampai barang sesuai deskripsi packing aman respon penjual dan pengiriman cepat,22
lina_laksanawati1015,"Desain:mantap
Kondisi Barang:ok. sesuai
Kualitas:mantap sesuai yang di inginkan",5,0,1741765122,desain mantap kondisi barang ok sesuai kualitas mantap sesuai yang di inginkan,desain mantap kondisi barang ok sesuai kualitas mantap sesuai yang di inginkan,12
j*****a,"Sepadan dengan Harga:Good Quality.

Second rasa baru 😁🤝

Seller Amazing.👍

Terimakasih.",5,1,1742014850,sepadan dengan harga good quality second rasa baru seller amazing terimakasih,sepadan dengan harga good quality second rasa baru seller amazing terimakasih,11
mugi_rahayu1,"Sepadan dengan Harga:sepadan
Fitur Terbaik:jernih dan nyaman dipakai

Tampak seperti babru, keren pokoknya. Terima kasih seller, terima kasih Shopee, terima kasih Abang kurir.",5,0,1741941084,sepadan dengan harga sepadan fitur terbaik jernih dan nyaman dipakai tampak seperti babru keren pokoknya terima kasih seller terima kasih shopee terima kasih abang kurir,sepadan dengan harga sepadan fitur terbaik jernih dan nyaman dipakai tampak seperti babru keren pokoknya terima kasih seller terima kasih shopee terima kasih abang kurir,25
g*****e,"Fitur Terbaik:terbaeqq
Sepadan dengan Harga:worth it banget ini

Alhamdulillah sesuai ekspektasi, ini mah beli seken rasa new
Cakepp pokoknya 
Semoga awet, keren lah pokoknya
Beli di toko ini karna rekomendasi temen, dan ternyata emang serekomendid itu
Ramah, gercep, dan sabar menjawab pertanyaan saya👏🏻👏🏻👏🏻",5,1,1742183906,fitur terbaik terbaeqq sepadan dengan harga worth it banget ini alhamdulillah sesuai ekspektasi ini mah beli seken rasa new cakepp pokoknya semoga awet keren lah pokoknya beli di toko ini karna rekomendasi temen dan ternyata emang serekomendid itu ramah gercep dan sabar menjawab pertanyaan saya,fitur terbaik terbaeqq sepadan dengan harga worth it banget ini alhamdulillah sesuai ekspektasi ini mah beli seken rasa new cakepp pokoknya semoga awet keren lah pokoknya beli di toko ini karna rekomendasi temen dan ternyata emang serekomendid itu ramah gercep dan sabar menjawab pertanyaan saya,45
koplak_poll,"Desain:laptop mungil
Kondisi Barang:baik
Fungsi:beroperasi dengan sempurna

Ga pake mendang mending, kalo ga punya banyak duit. Langsung gas aja. Toko amanah, packing aman. Sesuai dengan kebutuhan saya",5,0,1741672200,desain laptop mungil kondisi barang baik fungsi beroperasi dengan sempurna ga pake mendang mending kalo ga punya banyak duit langsung gas aja toko amanah packing aman sesuai dengan kebutuhan saya,desain laptop mungil kondisi barang baik fungsi beroperasi dengan sempurna ga pake mendang mending kalo ga punya banyak duit langsung gas aja toko amanah packing aman sesuai dengan kebutuhan saya,30
a*****y,"Kondisi Barang:mulus
Kualitas:ok

Nyala , bisa di gunakan
Semoga aja awet
Packing tebal",5,0,1741684349,kondisi barang mulus kualitas ok nyala bisa di gunakan semoga aja awet packing tebal,kondisi barang mulus kualitas ok nyala bisa di gunakan semoga aja awet packing tebal,14
m*****n,"Fitur Terbaik:berjalan dengan baik
Sepadan dengan Harga:murce, dpt tas sm dpt keyboard blacklight pula

Bismillah lillah. Semoga awet terus...
Laptop second 98% kondisi fisik bagus. Lecet2 pemakaian saja.
Penjual super ramah dan responsif. Katanya non blacklight tp ternyata blacklight. Alhamdulillah semoga amanah dan sukses terus.",5,4,1742187891,fitur terbaik berjalan dengan baik sepadan dengan harga murce dpt tas sm dpt keyboard blacklight pula bismillah lillah semoga awet terus laptop second 98 kondisi fisik bagus lecet2 pemakaian saja penjual super ramah dan responsif katanya non blacklight tp ternyata blacklight alhamdulillah semoga amanah dan sukses terus,fitur terbaik berjalan dengan baik sepadan dengan harga murce dpt tas sm dpt keyboard blacklight pula bismillah lillah semoga awet terus laptop second 98 kondisi fisik bagus lecet2 pemakaian saja penjual super ramah dan responsif katanya non blacklight tp ternyata blacklight alhamdulillah semoga amanah dan sukses terus,47
mochilyaz,Barang sangat bagus sekali tanpa lecet pengiriman jga tepat waktu semoga bisa awet,5,0,1742186549,barang sangat bagus sekali tanpa lecet pengiriman jga tepat waktu semoga bisa awet,barang sangat bagus sekali tanpa lecet pengiriman jga tepat waktu semoga bisa awet,13
abspyn,"Kondisi Barang:Datang dalam keadaan mulus tapi kotor (lupa foto tapi ada di video)
Desain:Sesuai dengan merk
Kualitas:Ok, dilengkapi Adapter Charger dan dapet Tas laptop (Alhamdulillah walaupun bahannya tipis)

Dilihat dari kondisi produk dari awal pembelian beberapa bulan yg lalu sampe sekarang masih ok, hanya mungkin performanya sudah drop dari awal (maklum, namanya jga second). Tapi untuk kegiatan office dan editing foto seperti photoshop cc 2022, laptopnya sudah ngangkat, hanya butuh perawatan saja. Thanks min",5,2,1760540976,kondisi barang datang dalam keadaan mulus tapi kotor lupa foto tapi ada di video desain sesuai dengan merk kualitas ok dilengkapi adapter charger dan dapet tas laptop alhamdulillah walaupun bahannya tipis dilihat dari kondisi produk dari awal pembelian beberapa bulan yg lalu sampe sekarang masih ok hanya mungkin performanya sudah drop dari awal maklum namanya jga second tapi untuk kegiatan office dan editing foto seperti photoshop cc 2022 laptopnya sudah ngangkat hanya butuh perawatan saja thanks min,kondisi barang datang dalam keadaan mulus tapi kotor lupa foto tapi ada di video desain sesuai dengan merk kualitas ok dilengkapi adapter charger dan dapet tas laptop alhamdulillah walaupun bahannya tipis dilihat dari kondisi produk dari awal pembelian beberapa bulan yg lalu sampe sekarang masih ok hanya mungkin performanya sudah drop dari awal maklum namanya jga second tapi untuk kegiatan office dan editing foto seperti photoshop cc 2022 laptopnya sudah ngangkat hanya butuh perawatan saja thanks min,77
firmankhanafi,"Barang sampai dengan selamat, sesuai yang di deskripsikan, terima kasih admin.",5,0,1741933516,barang sampai dengan selamat sesuai yang di deskripsikan terima kasih admin,barang sampai dengan selamat sesuai yang di deskripsikan terima kasih admin,11
nicosatryapratama,"Kondisi Barang:baik sekali
Desain:bagus
Kualitas:bagus

Recomended",5,0,1741767418,kondisi barang baik sekali desain bagus kualitas bagus recomended,kondisi barang baik sekali desain bagus kualitas bagus recomended,9
wulanmbulan,"Desain:bagus, matte black
Kondisi Barang:walaupun second tp mulus ada lecet dikit di bagian engsel tp masih maklum karena pemakaian
Fungsi:semua komponen berfungsi dengan baik

Pelayanan ramah dan cepat, dikirim sesuai keinginan pembeli. Bismillah semoga awet..",5,0,1741676497,desain bagus matte black kondisi barang walaupun second tp mulus ada lecet dikit di bagian engsel tp masih maklum karena pemakaian fungsi semua komponen berfungsi dengan baik pelayanan ramah dan cepat dikirim sesuai keinginan pembeli bismillah semoga awet,desain bagus matte black kondisi barang walaupun second tp mulus ada lecet dikit di bagian engsel tp masih maklum karena pemakaian fungsi semua komponen berfungsi dengan baik pelayanan ramah dan cepat dikirim sesuai keinginan pembeli bismillah semoga awet,38
koheri1111,"Paket telah diterima sesuai pesanan, test nyala dan fungsi baik, semoga aman dan tidak ada keluhan",5,2,1742013245,paket telah diterima sesuai pesanan test nyala dan fungsi baik semoga aman dan tidak ada keluhan,paket telah diterima sesuai pesanan test nyala dan fungsi baik semoga aman dan tidak ada keluhan,16
shient.anday,"Desain:Bagus
Kondisi Barang:Bagus dan lengkap seperti baru
Kualitas:in shaa Allah terbaik

Sesuai pesanan dan bagus seperti baru
Semoga awet dan bermanfaat buat anak kuliah
Semoga makin selalu amanah dan makin sukses. Terima kasih",5,1,1755204298,desain bagus kondisi barang bagus dan lengkap seperti baru kualitas in shaa allah terbaik sesuai pesanan dan bagus seperti baru semoga awet dan bermanfaat buat anak kuliah semoga makin selalu amanah dan makin sukses terima kasih,desain bagus kondisi barang bagus dan lengkap seperti baru kualitas in shaa allah terbaik sesuai pesanan dan bagus seperti baru semoga awet dan bermanfaat buat anak kuliah semoga makin selalu amanah dan makin sukses terima kasih,36
endangwidiati22,"Desain:kerenn
Kondisi Barang:mulus
Kualitas:bagus

Kualitas bagus dan masih mulus, kondisinya ...baterai masih bertahan 2 jam 
Semoga tetap bertahan lama 
InsyaAllah bisa jadi langganan",5,0,1741770999,desain kerenn kondisi barang mulus kualitas bagus kualitas bagus dan masih mulus kondisinya baterai masih bertahan 2 jam semoga tetap bertahan lama insyaallah bisa jadi langganan,desain kerenn kondisi barang mulus kualitas bagus kualitas bagus dan masih mulus kondisinya baterai masih bertahan 2 jam semoga tetap bertahan lama insyaallah bisa jadi langganan,26
nasirfatur,"Fitur Terbaik:produk original

Barang bagus, saya sangat suka ini",5,4,1742188819,fitur terbaik produk original barang bagus saya sangat suka ini,fitur terbaik produk original barang bagus saya sangat suka ini,10
nonasri906,"Desain:kereen
Kondisi Barang:mulus
Kualitas:sangat bagus dan memuaskan

Laptopnya keren mulus,awalnya nggk bisa buka e ternyata bukanya di geser kesamping...😊",5,0,1741686935,desain kereen kondisi barang mulus kualitas sangat bagus dan memuaskan laptopnya keren mulus awalnya nggk bisa buka e ternyata bukanya di geser kesamping,desain kereen kondisi barang mulus kualitas sangat bagus dan memuaskan laptopnya keren mulus awalnya nggk bisa buka e ternyata bukanya di geser kesamping,23
_*****m,"Laptop bagus,tidak terlalu jelek,mulus,tapi  ya sepadan dengan kata seken kalau laptop ada sisa bekas sering disentuh atau kotor debu
Tapi untuk inti mesin bagussss berfungsi semua",5,2,1742186233,laptop bagus tidak terlalu jelek mulus tapi ya sepadan dengan kata seken kalau laptop ada sisa bekas sering disentuh atau kotor debu tapi untuk inti mesin bagussss berfungsi semua,laptop bagus tidak terlalu jelek mulus tapi ya sepadan dengan kata seken kalau laptop ada sisa bekas sering disentuh atau kotor debu tapi untuk inti mesin bagussss berfungsi semua,29
putridevi.arumsari,"Fitur Terbaik:bagus
Sepadan dengan Harga:sepadan

bagus sesuai dengan deskripsi. namun lecet tepi bagian engsel laptop lumayan kelihatan tapi tidak apa apa. terimakasih kak",4,6,1741682378,fitur terbaik bagus sepadan dengan harga sepadan bagus sesuai dengan deskripsi namun lecet tepi bagian engsel laptop lumayan kelihatan tapi tidak apa apa terimakasih kak,fitur terbaik bagus sepadan dengan harga sepadan bagus sesuai dengan deskripsi namun lecet tepi bagian engsel laptop lumayan kelihatan tapi tidak apa apa terimakasih kak,25
z*****p,"Mantap,,barang bagus seperti baru. Storage aman lega. Sizenya mantep di 15"". Dapet tas baru, packing aman juga. Perfek si. Mulai dari chargeran nyambung, layar bersih. Keyboard juga enak. Suara aman si meski kadang ga stabil tapi fine aja soalnya cuma buat programming aja. Oiya sama engsel nya tuing-tuing dikit tapi ya gamasalah soalnya cuma dipake bikin software doang,ngoding2 tipis doang lah. Makasih mimin cantik dan ganteng. Barang bagus nih.",5,1,1756260322,mantap barang bagus seperti baru storage aman lega sizenya mantep di 15 dapet tas baru packing aman juga perfek si mulai dari chargeran nyambung layar bersih keyboard juga enak suara aman si meski kadang ga stabil tapi fine aja soalnya cuma buat programming aja oiya sama engsel nya tuing tuing dikit tapi ya gamasalah soalnya cuma dipake bikin software doang ngoding2 tipis doang lah makasih mimin cantik dan ganteng barang bagus nih,mantap barang bagus seperti baru storage aman lega sizenya mantep di 15 dapet tas baru packing aman juga perfek si mulai dari chargeran nyambung layar bersih keyboard juga enak suara aman si meski kadang ga stabil tapi fine aja soalnya cuma buat programming aja oiya sama engsel nya tuing tuing dikit tapi ya gamasalah soalnya cuma dipake bikin software doang ngoding2 tipis doang lah makasih mimin cantik dan ganteng barang bagus nih,72
wilispebrianitabundadafirazqa,"Fitur Terbaik:ok, sesuai dg harapan, yg paling penting bisa COD, pkok nya top deh, dg harga sekian bisa dpat laptop.

Makasih 😍",5,1,1742015256,fitur terbaik ok sesuai dg harapan yg paling penting bisa cod pkok nya top deh dg harga sekian bisa dpat laptop makasih,fitur terbaik ok sesuai dg harapan yg paling penting bisa cod pkok nya top deh dg harga sekian bisa dpat laptop makasih,22
melodymiracle,"Kondisi Barang:baik
Desain:bagus
Kualitas:biasa saja

Kondisi barangnya bagus, berfungsi dengan baik cuma baterainya agak kurang bagus. Butuh waktu lama utk mengecas dicas lebih dari 6 jam tdk penuh. Sangat buruk dalam hal pengecasan",5,0,1741766501,kondisi barang baik desain bagus kualitas biasa saja kondisi barangnya bagus berfungsi dengan baik cuma baterainya agak kurang bagus butuh waktu lama utk mengecas dicas lebih dari 6 jam tdk penuh sangat buruk dalam hal pengecasan,kondisi barang baik desain bagus kualitas biasa saja kondisi barangnya bagus berfungsi dengan baik cuma baterainya agak kurang bagus butuh waktu lama utk mengecas dicas lebih dari 6 jam tdk penuh sangat buruk dalam hal pengecasan,36
ebettri,"Sepadan dengan Harga:Sangat Luar biasa

Sangat mulus seperti baru, keren pokoknya, makasih kak, toko sangat amanah, semoga awet yahhh laptopnya... 😁😁🙏",5,0,1741936291,sepadan dengan harga sangat luar biasa sangat mulus seperti baru keren pokoknya makasih kak toko sangat amanah semoga awet yahhh laptopnya,sepadan dengan harga sangat luar biasa sangat mulus seperti baru keren pokoknya makasih kak toko sangat amanah semoga awet yahhh laptopnya,21
slametbudi649,"Desain:slim bagus
Kondisi Barang:mulus
Kualitas:bagus

Alhamdulillah barang bagus
Sesuai dengan keinginan",5,0,1741770750,desain slim bagus kondisi barang mulus kualitas bagus alhamdulillah barang bagus sesuai dengan keinginan,desain slim bagus kondisi barang mulus kualitas bagus alhamdulillah barang bagus sesuai dengan keinginan,14
umailanura,"Kondisi Barang:lecet pemakaian wajar
Kualitas:good
Desain:good

masih dalam masa uji coba semoga aman",5,0,1741932513,kondisi barang lecet pemakaian wajar kualitas good desain good masih dalam masa uji coba semoga aman,kondisi barang lecet pemakaian wajar kualitas good desain good masih dalam masa uji coba semoga aman,16
uli0112,Makasih sangat amanah sekali.. dan kondisi laptop nya masih muluss dan sangat bagus batrei awet sekali 🥰,5,0,1741764143,makasih sangat amanah sekali dan kondisi laptop nya masih muluss dan sangat bagus batrei awet sekali,makasih sangat amanah sekali dan kondisi laptop nya masih muluss dan sangat bagus batrei awet sekali,16
akps84,"Desain:Menarim
Kondisi Barang:Datang dengan Mulus
Fungsi:Normal, semoga Awet

Seller baik, d bantu ngirim Video dan Photo untuk meyakinkan.... Pembelian ke2",5,0,1741672045,desain menarim kondisi barang datang dengan mulus fungsi normal semoga awet seller baik d bantu ngirim video dan photo untuk meyakinkan pembelian ke2,desain menarim kondisi barang datang dengan mulus fungsi normal semoga awet seller baik d bantu ngirim video dan photo untuk meyakinkan pembelian ke2,23
andjanisari.m,"Fitur Terbaik:sangat baik
Sepadan dengan Harga:worth it

Masya Allah barang sudah datang. Body mulus, sistem bekerja dengan baik. Dengan respon admin yang baik dan cepat. Barang dikirim dengan aman dan tepat. Semoga awet🥰
Terima kasih admin 🙏🏻",5,0,1741934652,fitur terbaik sangat baik sepadan dengan harga worth it masya allah barang sudah datang body mulus sistem bekerja dengan baik dengan respon admin yang baik dan cepat barang dikirim dengan aman dan tepat semoga awet terima kasih admin,fitur terbaik sangat baik sepadan dengan harga worth it masya allah barang sudah datang body mulus sistem bekerja dengan baik dengan respon admin yang baik dan cepat barang dikirim dengan aman dan tepat semoga awet terima kasih admin,38
dediha9090,"Fitur Terbaik:baik
Sepadan dengan Harga:baik

Barang masih bagus, terimakasih kepada toko dan kurirnya",5,1,1742009873,fitur terbaik baik sepadan dengan harga baik barang masih bagus terimakasih kepada toko dan kurirnya,fitur terbaik baik sepadan dengan harga baik barang masih bagus terimakasih kepada toko dan kurirnya,15
yooodio,Mantap banget laptop second kaya bukan laptop second masih mulus ya pasti ada lah lecet dikit spesifikasi juga sesuai sama di deskripsi😁😁😁,5,3,1760541096,mantap banget laptop second kaya bukan laptop second masih mulus ya pasti ada lah lecet dikit spesifikasi juga sesuai sama di deskripsi,mantap banget laptop second kaya bukan laptop second masih mulus ya pasti ada lah lecet dikit spesifikasi juga sesuai sama di deskripsi,22
golbinachr15,"Desain:bagus
Kondisi Barang:dapat digunakan
Kualitas:baik

Walau tidak fast respon, tapi responnya cukup ketika tanya tanya untuk masalah spek dll. Barang datang dengan selamat. Kita lihat beberapa waktu mendatang, seperti apa yser experiencenya saat menggunakan laptop baru ini.",5,2,1760541223,desain bagus kondisi barang dapat digunakan kualitas baik walau tidak fast respon tapi responnya cukup ketika tanya tanya untuk masalah spek dll barang datang dengan selamat kita lihat beberapa waktu mendatang seperti apa yser experiencenya saat menggunakan laptop baru ini,desain bagus kondisi barang dapat digunakan kualitas baik walau tidak fast respon tapi responnya cukup ketika tanya tanya untuk masalah spek dll barang datang dengan selamat kita lihat beberapa waktu mendatang seperti apa yser experiencenya saat menggunakan laptop baru ini,40
metandclo,"Maaf baru review. Karena baru sempat buka laptopnya. Laptopnya diterima dengan sangat baik. Baterai udh dicoba buat nnton film, bisa bertahan 3 jam lebih. Mantaappp pokoknya",5,0,1741674016,maaf baru review karena baru sempat buka laptopnya laptopnya diterima dengan sangat baik baterai udh dicoba buat nnton film bisa bertahan 3 jam lebih mantaappp pokoknya,maaf baru review karena baru sempat buka laptopnya laptopnya diterima dengan sangat baik baterai udh dicoba buat nnton film bisa bertahan 3 jam lebih mantaappp pokoknya,26
ica_aniq,"Desain:agak jadul
Kondisi Barang:lumayan mulus
Fungsi:berfungsi dengan baik

Overall baik semua berfungsi termasuk charger..terimakasih.",5,0,1741680488,desain agak jadul kondisi barang lumayan mulus fungsi berfungsi dengan baik overall baik semua berfungsi termasuk charger terimakasih,desain agak jadul kondisi barang lumayan mulus fungsi berfungsi dengan baik overall baik semua berfungsi termasuk charger terimakasih,18
sarihartini21,"Desain:bagus dan gk ada lecet, seperti laptop baru walaupun bekas
Kondisi Barang:barang dalam kondisi bagus, packing tebal, buble warp sangat tebal
Fungsi:laptop berfungsi dg normal

Packing sangat aman, plastik warp sangat tebal. Laptop kondisi bagus dan gk ada lecet, seperti baru walaupun bekas. Berfungsi dg normal jg. Pengiriman jg cepat. Rekomended",2,0,1742810507,desain bagus dan gk ada lecet seperti laptop baru walaupun bekas kondisi barang barang dalam kondisi bagus packing tebal buble warp sangat tebal fungsi laptop berfungsi dg normal packing sangat aman plastik warp sangat tebal laptop kondisi bagus dan gk ada lecet seperti baru walaupun bekas berfungsi dg normal jg pengiriman jg cepat rekomended,desain bagus dan gk ada lecet seperti laptop baru walaupun bekas kondisi barang barang dalam kondisi bagus packing tebal buble warp sangat tebal fungsi laptop berfungsi dg normal packing sangat aman plastik warp sangat tebal laptop kondisi bagus dan gk ada lecet seperti baru walaupun bekas berfungsi dg normal jg pengiriman jg cepat rekomended,54
pujiilahi,"Barang oke, sayang cuman chargernya aja ada bunyi dikit. Mantap",5,0,1741768895,barang oke sayang cuman chargernya aja ada bunyi dikit mantap,barang oke sayang cuman chargernya aja ada bunyi dikit mantap,10
ratna.nha,"Desain:bagus
Kondisi Barang:second like new
Fungsi:aman

Thanks kak barangnya bagus, second tp sprti baru
Suka deh
Pengiriman cepet bgt",5,0,1749877674,desain bagus kondisi barang second like new fungsi aman thanks kak barangnya bagus second tp sprti baru suka deh pengiriman cepet bgt,desain bagus kondisi barang second like new fungsi aman thanks kak barangnya bagus second tp sprti baru suka deh pengiriman cepet bgt,22
auf_zp,"Sepadan dengan Harga:sesuai dengan harga

Fungsi  normal",5,0,1742009586,sepadan dengan harga sesuai dengan harga fungsi normal,sepadan dengan harga sesuai dengan harga fungsi normal,8
jajananamasar,"Fitur Terbaik:Bagus.. sperti baru, fungsi normal.. battere msih joss..",5,18,1742189437,fitur terbaik bagus sperti baru fungsi normal battere msih joss,fitur terbaik bagus sperti baru fungsi normal battere msih joss,10
nurkhalik2603,"Desain:Lumayan Bagus
Kondisi Barang:Lumayan Banyak Minusnya
Kualitas:Microsoft Officenya hanya bisa 1 bulan

baru sempat kasih review setelah 1 bulan lebih pemakaian... Kindisi fisik barang lumayan, cas/chargernya KW, baterai gak tahan hanya 30 menit sampai 2 jam, tergantung pemakaian.... Software microsoft.nya tidak bisa dipakai lagi setelah 30 harus beli kode aktivasi sendiri ...
Saat beli juga tipe barang yang dipesan dan yang tiba juga berbeda... Kalau mau beli baiknya minta dulu foto barangnya, pastikan sesuai dengan tipe... Terimakasih... Mari lebih bijak dalam membeli, belajar dari pengalaman org lain",1,12,1763487450,desain lumayan bagus kondisi barang lumayan banyak minusnya kualitas microsoft officenya hanya bisa 1 bulan baru sempat kasih review setelah 1 bulan lebih pemakaian kindisi fisik barang lumayan cas chargernya kw baterai gak tahan hanya 30 menit sampai 2 jam tergantung pemakaian software microsoft nya tidak bisa dipakai lagi setelah 30 harus beli kode aktivasi sendiri saat beli juga tipe barang yang dipesan dan yang tiba juga berbeda kalau mau beli baiknya minta dulu foto barangnya pastikan sesuai dengan tipe terimakasih mari lebih bijak dalam membeli belajar dari pengalaman org lain,desain lumayan bagus kondisi barang lumayan banyak minusnya kualitas microsoft officenya hanya bisa 1 bulan baru sempat kasih review setelah 1 bulan lebih pemakaian kindisi fisik barang lumayan cas chargernya kw baterai gak tahan hanya 30 menit sampai 2 jam tergantung pemakaian software microsoft nya tidak bisa dipakai lagi setelah 30 harus beli kode aktivasi sendiri saat beli juga tipe barang yang dipesan dan yang tiba juga berbeda kalau mau beli baiknya minta dulu foto barangnya pastikan sesuai dengan tipe terimakasih mari lebih bijak dalam membeli belajar dari pengalaman org lain,91
yayanjogja,"Sepadan dengan Harga:sesuai dengan harga
Fitur Terbaik:mantap...

Sesuai spek..",5,0,1741934424,sepadan dengan harga sesuai dengan harga fitur terbaik mantap sesuai spek,sepadan dengan harga sesuai dengan harga fitur terbaik mantap sesuai spek,11
vitradhevie,"Fitur Terbaik:Berfungsi dengan baik
Sepadan dengan Harga:Sesuai dengan produk

Pembelian ke 2 nie. Alhamdulillah baranganya sudah sampai dengan selamat . Bagus pokoknya TOP BGT Terimakasih Seller",5,0,1742184242,fitur terbaik berfungsi dengan baik sepadan dengan harga sesuai dengan produk pembelian ke 2 nie alhamdulillah baranganya sudah sampai dengan selamat bagus pokoknya top bgt terimakasih seller,fitur terbaik berfungsi dengan baik sepadan dengan harga sesuai dengan produk pembelian ke 2 nie alhamdulillah baranganya sudah sampai dengan selamat bagus pokoknya top bgt terimakasih seller,27
alclothes_,"Fitur Terbaik:bagus
Sepadan dengan Harga:cocok sama harga nya.

Tks ini pembelian ke 3 di lapak dna com",4,4,1741682989,fitur terbaik bagus sepadan dengan harga cocok sama harga nya tks ini pembelian ke 3 di lapak dna com,fitur terbaik bagus sepadan dengan harga cocok sama harga nya tks ini pembelian ke 3 di lapak dna com,19
anangsholihin438,"Desain:mantap
Kondisi Barang:bagus sekali sampai tujuan sampai dimainin anak langsung pas dicoba
Kualitas:dell oke mantap dan penjual sangat amanah",5,0,1741686794,desain mantap kondisi barang bagus sekali sampai tujuan sampai dimainin anak langsung pas dicoba kualitas dell oke mantap dan penjual sangat amanah,desain mantap kondisi barang bagus sekali sampai tujuan sampai dimainin anak langsung pas dicoba kualitas dell oke mantap dan penjual sangat amanah,22
mohafifi,"Desain:bagus
Kondisi Barang:selayaknya second
Kualitas:bagus

Rekomended seller",5,0,1741763925,desain bagus kondisi barang selayaknya second kualitas bagus rekomended seller,desain bagus kondisi barang selayaknya second kualitas bagus rekomended seller,10
arispeth3l,"Sepadan dengan Harga:harga miring kualitas bagus
Fitur Terbaik:fitur ok

Terimakasih gan pasti order lagi barang berkualitas, sudah di unboxing video kurang lama durasi tidak bisa diupload.",5,0,1742009546,sepadan dengan harga harga miring kualitas bagus fitur terbaik fitur ok terimakasih gan pasti order lagi barang berkualitas sudah di unboxing video kurang lama durasi tidak bisa diupload,sepadan dengan harga harga miring kualitas bagus fitur terbaik fitur ok terimakasih gan pasti order lagi barang berkualitas sudah di unboxing video kurang lama durasi tidak bisa diupload,28
p*****k,Barang smpai dengan selamat dan gak ada masalah. seller nya juga keren dan respon nya ramah👍🏼👍🏼,5,0,1742014423,barang smpai dengan selamat dan gak ada masalah seller nya juga keren dan respon nya ramah,barang smpai dengan selamat dan gak ada masalah seller nya juga keren dan respon nya ramah,16
lucasyosaphat,"Desain:Slim
Kondisi Barang:Kondisi lecet dikit penggunaan
Fungsi:fungsi normal semua. worth it daripada beli laptop baru dengan harga yang sama tapi spec nya jauh

Dikasih bonus mouse yang membantu sekali. Thankyouu",5,0,1749878032,desain slim kondisi barang kondisi lecet dikit penggunaan fungsi fungsi normal semua worth it daripada beli laptop baru dengan harga yang sama tapi spec nya jauh dikasih bonus mouse yang membantu sekali thankyouu,desain slim kondisi barang kondisi lecet dikit penggunaan fungsi fungsi normal semua worth it daripada beli laptop baru dengan harga yang sama tapi spec nya jauh dikasih bonus mouse yang membantu sekali thankyouu,33
arinibanyak,"Fitur Terbaik:SSD
Sepadan dengan Harga:Sepadan

Pengemasan cepat 1 hari langsung datang, barang mulus dan berkualitas terimakasih sudah amanah dan memberikan kualitas yang baik🙏🙏",5,0,1741937592,fitur terbaik ssd sepadan dengan harga sepadan pengemasan cepat 1 hari langsung datang barang mulus dan berkualitas terimakasih sudah amanah dan memberikan kualitas yang baik,fitur terbaik ssd sepadan dengan harga sepadan pengemasan cepat 1 hari langsung datang barang mulus dan berkualitas terimakasih sudah amanah dan memberikan kualitas yang baik,25
abuhasan1977,"Desain:menarik seperti dell pada umumnya
Kondisi Barang:cukup baik walaupun banyak goresan,namun datang dengan kondisi aman dengan pengaman tebal
Kualitas:cukup baik dengan spek yang tinggi performanya bagus

Cukup rekomended bagi yang mencari laptop second",5,0,1741686289,desain menarik seperti dell pada umumnya kondisi barang cukup baik walaupun banyak goresan namun datang dengan kondisi aman dengan pengaman tebal kualitas cukup baik dengan spek yang tinggi performanya bagus cukup rekomended bagi yang mencari laptop second,desain menarik seperti dell pada umumnya kondisi barang cukup baik walaupun banyak goresan namun datang dengan kondisi aman dengan pengaman tebal kualitas cukup baik dengan spek yang tinggi performanya bagus cukup rekomended bagi yang mencari laptop second,37
rzf6sw1a2a,"Desain:terlihat keren
Kondisi Barang:datang dalam keadaan mulus
Kualitas:baik

Saya suka",5,0,1741764787,desain terlihat keren kondisi barang datang dalam keadaan mulus kualitas baik saya suka,desain terlihat keren kondisi barang datang dalam keadaan mulus kualitas baik saya suka,13
r*****n,"Desain:bagus
Kondisi Barang:bagus
Fungsi:berfungsi dengan baik sampe saat ini

Barangnya sudah saya terima dengan baik dan lengkap 👍👍👍👍
Laptopnya bagus pas di tasku 👌👌👌👌
Semoga awet laptopnya 🤭🤭🤭🤭
Packingannya bagus 🫶🫶🫶🫶
Pengirimannya lama sekali 😌😌😌😌
Kurirnya malas sekali antar paketku jadi saya harus ambil sendiri dengan biaya tambahan 😔😔😔😔
Terima kasih 😊😊😊😊",5,0,1758949477,desain bagus kondisi barang bagus fungsi berfungsi dengan baik sampe saat ini barangnya sudah saya terima dengan baik dan lengkap laptopnya bagus pas di tasku semoga awet laptopnya packingannya bagus pengirimannya lama sekali kurirnya malas sekali antar paketku jadi saya harus ambil sendiri dengan biaya tambahan terima kasih,desain bagus kondisi barang bagus fungsi berfungsi dengan baik sampe saat ini barangnya sudah saya terima dengan baik dan lengkap laptopnya bagus pas di tasku semoga awet laptopnya packingannya bagus pengirimannya lama sekali kurirnya malas sekali antar paketku jadi saya harus ambil sendiri dengan biaya tambahan terima kasih,48
72n4g6dlot,"awalnya ragu buat  beli leptop di online shop tapi pas lihat review nya bagus jadi coba ternyata sellernya baik banget. Barangnya bagus, walau bodynya lecet tapi gak papa seller nya ramah pol recommend banget ini toko. Semoga awet kedepannya amin",5,3,1750230807,awalnya ragu buat beli leptop di online shop tapi pas lihat review nya bagus jadi coba ternyata sellernya baik banget barangnya bagus walau bodynya lecet tapi gak papa seller nya ramah pol recommend banget ini toko semoga awet kedepannya amin,awalnya ragu buat beli leptop di online shop tapi pas lihat review nya bagus jadi coba ternyata sellernya baik banget barangnya bagus walau bodynya lecet tapi gak papa seller nya ramah pol recommend banget ini toko semoga awet kedepannya amin,40
b*****n,"Sepadan dengan Harga:iya
Fitur Terbaik:-

5 dulu,",5,0,1742012839,sepadan dengan harga iya fitur terbaik 5 dulu,sepadan dengan harga iya fitur terbaik 5 dulu,8
koheri1111,"Pengiriman paket telah diterima sesuai dengan pesanan, tested normal",5,0,1742011365,pengiriman paket telah diterima sesuai dengan pesanan tested normal,pengiriman paket telah diterima sesuai dengan pesanan tested normal,9
reni_arsy,"Desain:modern
Kondisi Barang:mulus
Kualitas:bagusss

Alhamdulillah laptop datang dengan baik dan selamat.. Sesuai pesanan.. Dapat tas jga.. Mantaap sukses selalu",5,0,1741685640,desain modern kondisi barang mulus kualitas bagusss alhamdulillah laptop datang dengan baik dan selamat sesuai pesanan dapat tas jga mantaap sukses selalu,desain modern kondisi barang mulus kualitas bagusss alhamdulillah laptop datang dengan baik dan selamat sesuai pesanan dapat tas jga mantaap sukses selalu,22
ajipasetio,"Recomended banget, barang bagus, normal..",5,0,1742185597,recomended banget barang bagus normal,recomended banget barang bagus normal,5
parfumwanggi1,"Fitur Terbaik:bagus masih mulus

Masih mulus dan bagus",5,1,1742185743,fitur terbaik bagus masih mulus masih mulus dan bagus,fitur terbaik bagus masih mulus masih mulus dan bagus,9
marzukialbar,"Semoga awet dan tahan lama
Untuk saat ini lancar jaya. Mulus banget.  kurir jnt pasangkayu sperti biasa lambat",5,0,1741927548,semoga awet dan tahan lama untuk saat ini lancar jaya mulus banget kurir jnt pasangkayu sperti biasa lambat,semoga awet dan tahan lama untuk saat ini lancar jaya mulus banget kurir jnt pasangkayu sperti biasa lambat,18
faniacyntia30,"Pengirimannya cepat, laptopnya berguna dengan baik...",5,0,1741932937,pengirimannya cepat laptopnya berguna dengan baik,pengirimannya cepat laptopnya berguna dengan baik,6
carmenitanainggolan966,"Desain:bagus
Kondisi Barang:lecet,barangnya kayak ada ditempelin kertas
Fungsi:bagus

Bagus si tapi belakangnya lecet😭,kalo diulasan yang lain mulus nya,tapi gppla",4,2,1741680731,desain bagus kondisi barang lecet barangnya kayak ada ditempelin kertas fungsi bagus bagus si tapi belakangnya lecet kalo diulasan yang lain mulus nya tapi gppla,desain bagus kondisi barang lecet barangnya kayak ada ditempelin kertas fungsi bagus bagus si tapi belakangnya lecet kalo diulasan yang lain mulus nya tapi gppla,25
darlina.lyn,"Desain:Menarik
Kondisi Barang:datang dalam keadaan mulus
Fungsi:bekerja dengan baik dan sesuai harapan.",5,0,1741675041,desain menarik kondisi barang datang dalam keadaan mulus fungsi bekerja dengan baik dan sesuai harapan,desain menarik kondisi barang datang dalam keadaan mulus fungsi bekerja dengan baik dan sesuai harapan,15
vitradhevie,Alhamdulillah pesanan sudah sampai dengan selamat. Sdh ke 3 kalinya beli di toko ini. Pelayanan nya ramah. Amanah. Terimakasih Seller😍,5,0,1742183971,alhamdulillah pesanan sudah sampai dengan selamat sdh ke 3 kalinya beli di toko ini pelayanan nya ramah amanah terimakasih seller,alhamdulillah pesanan sudah sampai dengan selamat sdh ke 3 kalinya beli di toko ini pelayanan nya ramah amanah terimakasih seller,20
j*****n,"Fitur Terbaik:Touchscreen
Sepadan dengan Harga:Terjangkau

Barangnya sesuai orderan, respon nya cepet... Terima kasih ka🙏",5,0,1742186261,fitur terbaik touchscreen sepadan dengan harga terjangkau barangnya sesuai orderan respon nya cepet terima kasih ka,fitur terbaik touchscreen sepadan dengan harga terjangkau barangnya sesuai orderan respon nya cepet terima kasih ka,16
shoera.id,"Desain:model nya standard,bukan model jadul yg tebel gtu
Kondisi Barang:ada lecet/minus pemakaian di body laptopnya
Kualitas:oke bangett

so far bagus semua sih, laptopnya sesuai sama yg aku pesen i7,gen7 layar 14 inch walau bukan type yg aku tulis di note. Semuanya masih oke kecuali body nya aja ada minus pemakaian tapi ga mempengaruhi sih karna yg penting performa laptopnya.Untuk baterainya blm di coba sih ketahanannya, keyboard nya masih oke, buat scroll nya juga masih oke. Pluss nya lagi pengirimanyya cepet beneerr",5,0,1741687128,desain model nya standard bukan model jadul yg tebel gtu kondisi barang ada lecet minus pemakaian di body laptopnya kualitas oke bangett so far bagus semua sih laptopnya sesuai sama yg aku pesen i7 gen7 layar 14 inch walau bukan type yg aku tulis di note semuanya masih oke kecuali body nya aja ada minus pemakaian tapi ga mempengaruhi sih karna yg penting performa laptopnya untuk baterainya blm di coba sih ketahanannya keyboard nya masih oke buat scroll nya juga masih oke pluss nya lagi pengirimanyya cepet beneerr,desain model nya standard bukan model jadul yg tebel gtu kondisi barang ada lecet minus pemakaian di body laptopnya kualitas oke bangett so far bagus semua sih laptopnya sesuai sama yg aku pesen i7 gen7 layar 14 inch walau bukan type yg aku tulis di note semuanya masih oke kecuali body nya aja ada minus pemakaian tapi ga mempengaruhi sih karna yg penting performa laptopnya untuk baterainya blm di coba sih ketahanannya keyboard nya masih oke buat scroll nya juga masih oke pluss nya lagi pengirimanyya cepet beneerr,88
rezekiberkah8,"Sellernya amanah, sebelum barang dikirim dicek dulu, kalau ada masalah langsung dikonfirmasi ke pembeli, barang kualitas bagus beneran ini mah, makasih, sukses selalu",5,0,1742014677,sellernya amanah sebelum barang dikirim dicek dulu kalau ada masalah langsung dikonfirmasi ke pembeli barang kualitas bagus beneran ini mah makasih sukses selalu,sellernya amanah sebelum barang dikirim dicek dulu kalau ada masalah langsung dikonfirmasi ke pembeli barang kualitas bagus beneran ini mah makasih sukses selalu,23
yuliantoasri,"Desain:menarik
Kondisi Barang:mulus
Fungsi:berfungsi dengan baik

Telah diterima dengan baik dan benar dan sesuai dengan pesanan 
Ok sip 
Terimakasih Shopee terimakasih seller terimakasih kurir",5,0,1764217985,desain menarik kondisi barang mulus fungsi berfungsi dengan baik telah diterima dengan baik dan benar dan sesuai dengan pesanan ok sip terimakasih shopee terimakasih seller terimakasih kurir,desain menarik kondisi barang mulus fungsi berfungsi dengan baik telah diterima dengan baik dan benar dan sesuai dengan pesanan ok sip terimakasih shopee terimakasih seller terimakasih kurir,27
hardono_1281,"Desain:sesuai harapan
Kondisi Barang:bagus
Fungsi:normal, semoga awet kedepannya",5,0,1741681506,desain sesuai harapan kondisi barang bagus fungsi normal semoga awet kedepannya,desain sesuai harapan kondisi barang bagus fungsi normal semoga awet kedepannya,11
erniam,Barangx sdh sampai dan berfungsi normal...semoga awet yaa,5,0,1741686118,barangx sdh sampai dan berfungsi normal semoga awet yaa,barangx sdh sampai dan berfungsi normal semoga awet yaa,9
lilisanin2,,5,0,1742012850,,nan,1
indahnovita_17,,5,1,1742185457,,nan,1
mydastan_olshop,"Desain:good
Kondisi Barang:good
Kualitas:bagus walaupun second ya",5,0,1741685388,desain good kondisi barang good kualitas bagus walaupun second ya,desain good kondisi barang good kualitas bagus walaupun second ya,10
herwinrohadi,"barang sampai dengan aman, sesuai pesanan. terima kasih banyak",5,0,1741763957,barang sampai dengan aman sesuai pesanan terima kasih banyak,barang sampai dengan aman sesuai pesanan terima kasih banyak,9
casila_789,"Desain:menarik
Kondisi Barang:datang dalam keadaan mulus
Kualitas:bagus dan rapih

Barang mendarat dengan selamat, semoga berfungsi baik dan awet, makasih seller",4,0,1741677978,desain menarik kondisi barang datang dalam keadaan mulus kualitas bagus dan rapih barang mendarat dengan selamat semoga berfungsi baik dan awet makasih seller,desain menarik kondisi barang datang dalam keadaan mulus kualitas bagus dan rapih barang mendarat dengan selamat semoga berfungsi baik dan awet makasih seller,23
abhalim784,Fitur Terbaik:bagus,5,0,1742186567,fitur terbaik bagus,fitur terbaik bagus,3
firgis,,5,0,1742188131,,nan,1
i*****9,Sepadan dengan Harga:Alhamdulillah barang sesuai 👍,5,0,1741931145,sepadan dengan harga alhamdulillah barang sesuai,sepadan dengan harga alhamdulillah barang sesuai,6
jhulhi,"Desain:mantap
Kondisi Barang:seperti baru
Fungsi:berfungsi

Paket sampai lengkap berfungsi dengan baik.. Semoga awet. 
Second rasa baru",5,0,1764915273,desain mantap kondisi barang seperti baru fungsi berfungsi paket sampai lengkap berfungsi dengan baik semoga awet second rasa baru,desain mantap kondisi barang seperti baru fungsi berfungsi paket sampai lengkap berfungsi dengan baik semoga awet second rasa baru,19
rendypojok,"Barang aman,,,semoga awet",5,0,1742009718,barang aman semoga awet,barang aman semoga awet,4
n*****a,,5,1,1742186652,,nan,1
zuyyinarpl02,"Desain:ok
Kondisi Barang:ok
Fungsi:ok

Sejauh ini kondisi baik barang sudah di tes baik, semoga awet.",5,0,1741676036,desain ok kondisi barang ok fungsi ok sejauh ini kondisi baik barang sudah di tes baik semoga awet,desain ok kondisi barang ok fungsi ok sejauh ini kondisi baik barang sudah di tes baik semoga awet,18
bram091290,"Desain keren , kondisi barang sesuai kondisi second bagus ,cuma mngkin lupa penjualnya ,sy minta free mouse ,nga ada di dos, overall godd",5,0,1761538696,desain keren kondisi barang sesuai kondisi second bagus cuma mngkin lupa penjualnya sy minta free mouse nga ada di dos overall godd,desain keren kondisi barang sesuai kondisi second bagus cuma mngkin lupa penjualnya sy minta free mouse nga ada di dos overall godd,22
rijal2002,"Kondisi Barang:bagus
Desain:modern
Kualitas:mantap lah",5,0,1741921981,kondisi barang bagus desain modern kualitas mantap lah,kondisi barang bagus desain modern kualitas mantap lah,8
l*****i,"Sepadan dengan Harga:iya

Barang sampai dengan kondisi baik dan normal,dengan harga segitu bisa dapet laptop  sebagus ini 👍",5,0,1742010292,sepadan dengan harga iya barang sampai dengan kondisi baik dan normal dengan harga segitu bisa dapet laptop sebagus ini,sepadan dengan harga iya barang sampai dengan kondisi baik dan normal dengan harga segitu bisa dapet laptop sebagus ini,19
f*****6,"Desain:menarik
Kondisi Barang:baik tapi gk ada kardus aslinya dan stiker belakangnya udah kelupas tapi gpp kondisi barang bagus
Fungsi:semua berjalan dengan lancar",4,0,1741676733,desain menarik kondisi barang baik tapi gk ada kardus aslinya dan stiker belakangnya udah kelupas tapi gpp kondisi barang bagus fungsi semua berjalan dengan lancar,desain menarik kondisi barang baik tapi gk ada kardus aslinya dan stiker belakangnya udah kelupas tapi gpp kondisi barang bagus fungsi semua berjalan dengan lancar,25
safbihani,"Baru dipake 2 mingguan, karena libur sekolah jadi gak dihidupkan selama 2 Minggu, ehh pas mau dipakai ternyata SSD-nya rusak, dan kondisi dalam body laptopnya kotor bet
Tau sih laptop second tapi gak separah ini juga",1,10,1762911605,baru dipake 2 mingguan karena libur sekolah jadi gak dihidupkan selama 2 minggu ehh pas mau dipakai ternyata ssd nya rusak dan kondisi dalam body laptopnya kotor bet tau sih laptop second tapi gak separah ini juga,baru dipake 2 mingguan karena libur sekolah jadi gak dihidupkan selama 2 minggu ehh pas mau dipakai ternyata ssd nya rusak dan kondisi dalam body laptopnya kotor bet tau sih laptop second tapi gak separah ini juga,37
yedijaefraim,"Harusnya unitnya bagus, tim QC lalai (saya saja yang apes dapat unit jelek).",5,0,1741679306,harusnya unitnya bagus tim qc lalai saya saja yang apes dapat unit jelek,harusnya unitnya bagus tim qc lalai saya saja yang apes dapat unit jelek,13
fasa_lan,"Pengemasan oke, berfungsi dengan baik, pengiriman cepat",5,0,1742183300,pengemasan oke berfungsi dengan baik pengiriman cepat,pengemasan oke berfungsi dengan baik pengiriman cepat,7
r*****n,"Laptop sampai dengan selamat,spec sesuai",5,22,1742189493,laptop sampai dengan selamat spec sesuai,laptop sampai dengan selamat spec sesuai,6
nurmyyanti,Barangnya sudah sampai..makasih banget tak kira bakal lama karena lebaran tapi GK ternyara,5,1,1742015674,barangnya sudah sampai makasih banget tak kira bakal lama karena lebaran tapi gk ternyara,barangnya sudah sampai makasih banget tak kira bakal lama karena lebaran tapi gk ternyara,14
jeesloge8y,Kondisi Barang:aman,5,0,1741679494,kondisi barang aman,kondisi barang aman,3
serupa_batik,"Fitur Terbaik:sesuai spek
Sepadan dengan Harga:semoga awet",5,1,1742013222,fitur terbaik sesuai spek sepadan dengan harga semoga awet,fitur terbaik sesuai spek sepadan dengan harga semoga awet,9
kusnulkholiq011,"Desain:terlihat keren dan modern
Kondisi Barang:barang dalam keadaan bagus, minus sedikit tapi tidak mempengaruhi fungsi, internet juga cepat, dikasih bonus casan dan tas laptop juga
Fungsi:bekerja sesuai dengan yang diharapkan, semoga awet

Tokonya amanah, sesuailah dengan deskripsi, awalnya ragu tapi sekarang tidak ragu belanja disini",5,0,1758948115,desain terlihat keren dan modern kondisi barang barang dalam keadaan bagus minus sedikit tapi tidak mempengaruhi fungsi internet juga cepat dikasih bonus casan dan tas laptop juga fungsi bekerja sesuai dengan yang diharapkan semoga awet tokonya amanah sesuailah dengan deskripsi awalnya ragu tapi sekarang tidak ragu belanja disini,desain terlihat keren dan modern kondisi barang barang dalam keadaan bagus minus sedikit tapi tidak mempengaruhi fungsi internet juga cepat dikasih bonus casan dan tas laptop juga fungsi bekerja sesuai dengan yang diharapkan semoga awet tokonya amanah sesuailah dengan deskripsi awalnya ragu tapi sekarang tidak ragu belanja disini,48
tparsep1,"Barang yg datang sesuai pesanan, packing cukup baik.",5,1,1742186747,barang yg datang sesuai pesanan packing cukup baik,barang yg datang sesuai pesanan packing cukup baik,8
iidadja,Sesuai deskripsi semoga awet,5,0,1741926299,sesuai deskripsi semoga awet,sesuai deskripsi semoga awet,4
warihkismasari,,5,0,1746860022,,nan,1
pranurinda,,5,0,1741766961,,nan,1
diana57576,"Harga terjangkau kualitas terbaik, terimakasih",5,1,1742186514,harga terjangkau kualitas terbaik terimakasih,harga terjangkau kualitas terbaik terimakasih,5
umarholil1978,"Desain:ok
Kondisi Barang:ok
Kualitas:ok

Ok",5,0,1741765421,desain ok kondisi barang ok kualitas ok ok,desain ok kondisi barang ok kualitas ok ok,8
sisc485,"Desain:bagus
Kondisi Barang:seperti baru
Kualitas:mantap",5,0,1741686427,desain bagus kondisi barang seperti baru kualitas mantap,desain bagus kondisi barang seperti baru kualitas mantap,8
darmgab,"Kondisi Barang:sesuai dan bagus
Kualitas:bagus",5,0,1741767596,kondisi barang sesuai dan bagus kualitas bagus,kondisi barang sesuai dan bagus kualitas bagus,7
faisholrohman32,Istimewa,5,0,1741946559,istimewa,istimewa,1
sriwahyu151083,,5,0,1741676053,,nan,1
t*****8,"Sepadan dengan Harga:Worth it lah dengan harga segtu
Fitur Terbaik:Baik

Semoga awet deh dan tidak ada kendala apa²",5,0,1742013882,sepadan dengan harga worth it lah dengan harga segtu fitur terbaik baik semoga awet deh dan tidak ada kendala apa,sepadan dengan harga worth it lah dengan harga segtu fitur terbaik baik semoga awet deh dan tidak ada kendala apa,20
wijilestari362,,5,0,1741682062,,nan,1
erfin.zulkarnain,Bagus banget memuaskan,5,0,1741948261,bagus banget memuaskan,bagus banget memuaskan,3
dadi_rosandi,joss tenan,5,0,1741931448,joss tenan,joss tenan,2
topickenjoy,,5,0,1742014693,,nan,1
bu_dew_dew,"Desain:menarik
Kondisi Barang:bagus
Kualitas:baik",5,0,1741764060,desain menarik kondisi barang bagus kualitas baik,desain menarik kondisi barang bagus kualitas baik,7
sriems,"Desain:bagus
Kondisi Barang:bagus
Kualitas:baik",5,0,1741770479,desain bagus kondisi barang bagus kualitas baik,desain bagus kondisi barang bagus kualitas baik,7
,,5,0,1741680095,,nan,1
lhaelhanourhaniefach,,5,0,1754226886,,nan,1
hsunvreally,Ok k,5,0,1741764050,ok k,ok k,2
_destiana12,"Desain:lumayan
Kondisi Barang:bagus,casan panas baru di pakai tapi🙏🙏
Kualitas:bagus

Leptop berfungsi dengan baikk,semoga sjaa kdepan nya tetap berfungsi dengan baikkk,cuman casaan nya baru di pakai sebentar lngsngg panass,smogaa sajaa tidak ada kerusakan, terimakasih tokoh sudah amaanah🙏",4,0,1741677352,desain lumayan kondisi barang bagus casan panas baru di pakai tapi kualitas bagus leptop berfungsi dengan baikk semoga sjaa kdepan nya tetap berfungsi dengan baikkk cuman casaan nya baru di pakai sebentar lngsngg panass smogaa sajaa tidak ada kerusakan terimakasih tokoh sudah amaanah,desain lumayan kondisi barang bagus casan panas baru di pakai tapi kualitas bagus leptop berfungsi dengan baikk semoga sjaa kdepan nya tetap berfungsi dengan baikkk cuman casaan nya baru di pakai sebentar lngsngg panass smogaa sajaa tidak ada kerusakan terimakasih tokoh sudah amaanah,43
mohafifi,"Desain:bagus
Kondisi Barang:baik
Kualitas:Lumayan

Rekomended seller",5,0,1741763934,desain bagus kondisi barang baik kualitas lumayan rekomended seller,desain bagus kondisi barang baik kualitas lumayan rekomended seller,9
ferdianfarit,,5,1,1741931475,,nan,1
ivi9yllqyz,"Desain:lumayan
Kondisi Barang:baik
Fungsi:bekerja dengan baik

Semoga awet kedepannya",5,0,1741676749,desain lumayan kondisi barang baik fungsi bekerja dengan baik semoga awet kedepannya,desain lumayan kondisi barang baik fungsi bekerja dengan baik semoga awet kedepannya,12
nasirfatur,"Fitur Terbaik:Mantap
Sepadan dengan Harga:ok",5,1,1742187969,fitur terbaik mantap sepadan dengan harga ok,fitur terbaik mantap sepadan dengan harga ok,7
focussarana,Barang bagus mdah2an awet...,5,0,1741767020,barang bagus mdah2an awet,barang bagus mdah2an awet,4
hafiz_arsyad_al_hamid,Mantabb..  Nyaman sih.. Semoga awet..,5,1,1742011620,mantabb nyaman sih semoga awet,mantabb nyaman sih semoga awet,5
lazeezjember,"Desain:mantap
Kondisi Barang:baguss
Fungsi:bagussss",5,0,1741679758,desain mantap kondisi barang baguss fungsi bagussss,desain mantap kondisi barang baguss fungsi bagussss,7
sael_basreng,"worth lah ya, tidak ada kendala thx u, ini btw nyalain backlight nya gmn ka",5,0,1741931527,worth lah ya tidak ada kendala thx u ini btw nyalain backlight nya gmn ka,worth lah ya tidak ada kendala thx u ini btw nyalain backlight nya gmn ka,15
k*****8,"Bgs bgt like new, thankssss",5,1,1742186577,bgs bgt like new thankssss,bgs bgt like new thankssss,5
vhir2srva1,,5,1,1741937634,,nan,1
2288.44,Mantab bosss suksesss selalu..,5,0,1741680446,mantab bosss suksesss selalu,mantab bosss suksesss selalu,4
itakataka,"Desain:ok
Kondisi Barang:awal di start layar berkedip
Fungsi:ok",5,0,1741681779,desain ok kondisi barang awal di start layar berkedip fungsi ok,desain ok kondisi barang awal di start layar berkedip fungsi ok,11
achmadefendy80,Kondisi Barang:datang keadaan mulus,5,0,1741686164,kondisi barang datang keadaan mulus,kondisi barang datang keadaan mulus,5
ratibabang,"Kondisi Barang:mantap
Desain:mantap
Kualitas:mantap

Barang sampai dalam keadaan baik, trims",5,0,1741769148,kondisi barang mantap desain mantap kualitas mantap barang sampai dalam keadaan baik trims,kondisi barang mantap desain mantap kualitas mantap barang sampai dalam keadaan baik trims,13
taufanjokopamungkas,"Desain:menarik
Kondisi Barang:baik
Kualitas:baik

Rekondisi .... Ada beberapa bagian dicat ulang seperti baru... tombol keyboard baru... Soket soket aman semua...RAM betul² 16 GB ....cepet bangett processor nya.... Layar monitor sangat aman... Bersih... Tinggal pakai pokoknya
Rekomendasi bgt beli disini",5,0,1741766256,desain menarik kondisi barang baik kualitas baik rekondisi ada beberapa bagian dicat ulang seperti baru tombol keyboard baru soket soket aman semua ram betul 16 gb cepet bangett processor nya layar monitor sangat aman bersih tinggal pakai pokoknya rekomendasi bgt beli disini,desain menarik kondisi barang baik kualitas baik rekondisi ada beberapa bagian dicat ulang seperti baru tombol keyboard baru soket soket aman semua ram betul 16 gb cepet bangett processor nya layar monitor sangat aman bersih tinggal pakai pokoknya rekomendasi bgt beli disini,42
bellasyahira448,Kondisi Barang:Alhamdulillah aman diterima dg baik,5,0,1758948428,kondisi barang alhamdulillah aman diterima dg baik,kondisi barang alhamdulillah aman diterima dg baik,7
distributor_sr12_store,Memuaskan. Solusi barang second berkualitas.,5,1,1741767867,memuaskan solusi barang second berkualitas,memuaskan solusi barang second berkualitas,5
syaiphulfahry,"Semoga awet, belum di coba",5,1,1741939498,semoga awet belum di coba,semoga awet belum di coba,5
nydavidarifnugroho,"Desain:bagus
Kondisi Barang:terlihat seperti baru
Fungsi:saat ini bekerja dengan baik. semoga awet.",5,0,1764915383,desain bagus kondisi barang terlihat seperti baru fungsi saat ini bekerja dengan baik semoga awet,desain bagus kondisi barang terlihat seperti baru fungsi saat ini bekerja dengan baik semoga awet,15
rianpestariadi,"Desain:sangat keren dan menarik
Kondisi Barang:datang dalam keadaan mulus
Kualitas:barang dengan kualitas terbaik

Alhamdulillah kak sesuai pesanan, bagus barangnya, packing rapih dan aman, memakai bubble warp yg sangat tebal berlapis lapis, mudah mudahan menjadi langganan, terimakasih kak.",5,0,1741764006,desain sangat keren dan menarik kondisi barang datang dalam keadaan mulus kualitas barang dengan kualitas terbaik alhamdulillah kak sesuai pesanan bagus barangnya packing rapih dan aman memakai bubble warp yg sangat tebal berlapis lapis mudah mudahan menjadi langganan terimakasih kak,desain sangat keren dan menarik kondisi barang datang dalam keadaan mulus kualitas barang dengan kualitas terbaik alhamdulillah kak sesuai pesanan bagus barangnya packing rapih dan aman memakai bubble warp yg sangat tebal berlapis lapis mudah mudahan menjadi langganan terimakasih kak,40
ifah_ibtida,"Produknya untuk saat ini bagus, sempat blue screen tapi sejauh ini aman. Pengirimannya cepat pesan sore, besok siangnya sampai. Body 90% mulus. Aplikasi lumayan lengkap",5,1,1742012776,produknya untuk saat ini bagus sempat blue screen tapi sejauh ini aman pengirimannya cepat pesan sore besok siangnya sampai body 90 mulus aplikasi lumayan lengkap,produknya untuk saat ini bagus sempat blue screen tapi sejauh ini aman pengirimannya cepat pesan sore besok siangnya sampai body 90 mulus aplikasi lumayan lengkap,25
ika_lili,"Fitur Terbaik:keren
Sepadan dengan Harga:bagus

Pengiriman sangat cepat... Brg sampai dgn aman... bubble rapnya triple ...  Fitur okee... Reseller fast respon... Sabar dan baik bgt... Walaupun aku rada bawel tp reseller nya ttp respon dgn baik...Cocok buat d jadiin langganan ini .. next pasti order lagi dsni",5,1,1742184763,fitur terbaik keren sepadan dengan harga bagus pengiriman sangat cepat brg sampai dgn aman bubble rapnya triple fitur okee reseller fast respon sabar dan baik bgt walaupun aku rada bawel tp reseller nya ttp respon dgn baik cocok buat d jadiin langganan ini next pasti order lagi dsni,fitur terbaik keren sepadan dengan harga bagus pengiriman sangat cepat brg sampai dgn aman bubble rapnya triple fitur okee reseller fast respon sabar dan baik bgt walaupun aku rada bawel tp reseller nya ttp respon dgn baik cocok buat d jadiin langganan ini next pasti order lagi dsni,48
ekayunitasetyoningsih,"Keren,makasih seller,semoga awet sampe lulus",5,0,1742184002,keren makasih seller semoga awet sampe lulus,keren makasih seller semoga awet sampe lulus,7
a*****6,"Desain:futuristic
Kondisi Barang:lumayan bagus
Fungsi:baik

Overall baik",5,0,1764915207,desain futuristic kondisi barang lumayan bagus fungsi baik overall baik,desain futuristic kondisi barang lumayan bagus fungsi baik overall baik,10
muhammadfadel585,Pelayanan bagus,5,0,1741684313,pelayanan bagus,pelayanan bagus,2
e*****e,"Fitur Terbaik:Layar sentuh
Sepadan dengan Harga:luar biasa

Laptop second, tapi Compact, mulus, mantap. Cuman lupa request tipe keyboard nya yang backlite.

Pengemasan bagus, aman, bonus tas laptop",5,0,1741935931,fitur terbaik layar sentuh sepadan dengan harga luar biasa laptop second tapi compact mulus mantap cuman lupa request tipe keyboard nya yang backlite pengemasan bagus aman bonus tas laptop,fitur terbaik layar sentuh sepadan dengan harga luar biasa laptop second tapi compact mulus mantap cuman lupa request tipe keyboard nya yang backlite pengemasan bagus aman bonus tas laptop,29
b*****1,"Terimakasih seller, barangnya bagus .. semoga awet maaf baru sempat kasih nilai",5,0,1742184522,terimakasih seller barangnya bagus semoga awet maaf baru sempat kasih nilai,terimakasih seller barangnya bagus semoga awet maaf baru sempat kasih nilai,11
s*****p,"Sepadan dengan Harga:worth it bangettt!!!

toko amanah!! barang yg dipesen ada cacat barang dan dikonfirmasi ditukar spek yg lebih rendah dan uangnya dibalikin.. setelah 3 hari nyoba make gada kendala apapun, batrai pemakaian 2jam++ msih oke. overall love itttt beryymuchh. terima kasih banyakk smoga kalian yg amanah sehat2 terus yaa!:*",5,1,1741934739,sepadan dengan harga worth it bangettt toko amanah barang yg dipesen ada cacat barang dan dikonfirmasi ditukar spek yg lebih rendah dan uangnya dibalikin setelah 3 hari nyoba make gada kendala apapun batrai pemakaian 2jam msih oke overall love itttt beryymuchh terima kasih banyakk smoga kalian yg amanah sehat2 terus yaa,sepadan dengan harga worth it bangettt toko amanah barang yg dipesen ada cacat barang dan dikonfirmasi ditukar spek yg lebih rendah dan uangnya dibalikin setelah 3 hari nyoba make gada kendala apapun batrai pemakaian 2jam msih oke overall love itttt beryymuchh terima kasih banyakk smoga kalian yg amanah sehat2 terus yaa,51
yovaneolaka,"Kondisi Barang:bagus
Fungsi:beroperasi dgn baik",5,0,1741675084,kondisi barang bagus fungsi beroperasi dgn baik,kondisi barang bagus fungsi beroperasi dgn baik,7
wkb09,Kualitas baik. Packing rapi dan aman.,5,0,1749877937,kualitas baik packing rapi dan aman,kualitas baik packing rapi dan aman,6
w*****h,Bagus banget barang nya,5,1,1742187991,bagus banget barang nya,bagus banget barang nya,4
jembuten,"Desain:mantap
Kondisi Barang:barang mantap
Kualitas:memuaskan

Barang sampe dengan selamat
Respon penjual bagus
Laptop aman tidak ada kendala

Recomend toko buat nyari laptop secend tpi berkualitas 🫶🏽",5,0,1741765573,desain mantap kondisi barang barang mantap kualitas memuaskan barang sampe dengan selamat respon penjual bagus laptop aman tidak ada kendala recomend toko buat nyari laptop secend tpi berkualitas,desain mantap kondisi barang barang mantap kualitas memuaskan barang sampe dengan selamat respon penjual bagus laptop aman tidak ada kendala recomend toko buat nyari laptop secend tpi berkualitas,28
jefriamd,,5,0,1758948479,,nan,1
nikosell,"Desain:menarik
Kondisi Barang:baik
Fungsi:normal",5,0,1741680596,desain menarik kondisi barang baik fungsi normal,desain menarik kondisi barang baik fungsi normal,7
sekarayupurwanti,"alhamdulillah, baguss dan terpercayaa 🫶🏻",5,0,1741673965,alhamdulillah baguss dan terpercayaa,alhamdulillah baguss dan terpercayaa,4
aans.12,"Desain:barang bermasalah, macet macetan, respons teknisinya jga lambat, kapok
Kondisi Barang:rusak
Fungsi:tidak normal",1,10,1757789399,desain barang bermasalah macet macetan respons teknisinya jga lambat kapok kondisi barang rusak fungsi tidak normal,desain barang bermasalah macet macetan respons teknisinya jga lambat kapok kondisi barang rusak fungsi tidak normal,16
urk_mzn,Joss,5,0,1741686489,joss,joss,1
meka_sport,"Spek sesuai
Terimakasih",5,0,1741942116,spek sesuai terimakasih,spek sesuai terimakasih,3
uhy333g6sp,Aku puas wkwk,5,0,1742015850,aku puas wkwk,aku puas wkwk,3
ariffahrudin447,,5,0,1741768250,,nan,1
nauvalarifsetiawan,,5,0,1741684520,,nan,1
raju.syahputra57,,5,0,1741768409,,nan,1
nila_wulan90,,5,0,1741927092,,nan,1
mayanaya706,,5,0,1741687039,,nan,1
raditya_nandar,,5,0,1745641707,,nan,1
ayantawiryawan,,5,0,1741763829,,nan,1
977jaqbipc,Barang sangat baik,5,2,1742187935,barang sangat baik,barang sangat baik,3
jonmar.241177,Sesuai dgn keinginan,5,0,1741670875,sesuai dgn keinginan,sesuai dgn keinginan,3
mirnawatiputri14_,,5,0,1742010282,,nan,1
y*****s,"Best seller, semua spesifikasi sesuai 👍",5,0,1741930911,best seller semua spesifikasi sesuai,best seller semua spesifikasi sesuai,5
macankym,,5,0,1742012114,,nan,1
yuanly012,"Desain:mantap
Kondisi Barang:bagus
Fungsi:baikkk",5,0,1749876545,desain mantap kondisi barang bagus fungsi baikkk,desain mantap kondisi barang bagus fungsi baikkk,7
slametfidiyanto,,5,0,1741680750,,nan,1
b*****7,"Kondisi Barang:Baik
Desain:baik
Kualitas:Cukup baik

Kondisi laptop cukup mulus, tapi sangat di sayangkan hanya minus di battery yg sudah musti harus di ganti, gw maklumin sih karna ini barang second, cpu, ssd, layar, keyboard, speaker, kamera, dll, aman lah",4,0,1741680034,kondisi barang baik desain baik kualitas cukup baik kondisi laptop cukup mulus tapi sangat di sayangkan hanya minus di battery yg sudah musti harus di ganti gw maklumin sih karna ini barang second cpu ssd layar keyboard speaker kamera dll aman lah,kondisi barang baik desain baik kualitas cukup baik kondisi laptop cukup mulus tapi sangat di sayangkan hanya minus di battery yg sudah musti harus di ganti gw maklumin sih karna ini barang second cpu ssd layar keyboard speaker kamera dll aman lah,42
literasisantri,"Desain:sesuai pesanan
Kondisi Barang:masih bangus dan mulus, second serasa baru
Fungsi:spesifikasi sesuai. kenceng digunakan kalau browsing. semiga awet, laptop ini buat adik ipar yang kulia di juran teknik sipil.",5,0,1741678896,desain sesuai pesanan kondisi barang masih bangus dan mulus second serasa baru fungsi spesifikasi sesuai kenceng digunakan kalau browsing semiga awet laptop ini buat adik ipar yang kulia di juran teknik sipil,desain sesuai pesanan kondisi barang masih bangus dan mulus second serasa baru fungsi spesifikasi sesuai kenceng digunakan kalau browsing semiga awet laptop ini buat adik ipar yang kulia di juran teknik sipil,32
fahrijuice,,5,0,1741687066,,nan,1
02.anang,,5,0,1741671088,,nan,1
ayirosad1,,5,0,1741938772,,nan,1
faldio_khayra,,5,0,1741940284,,nan,1
raju_sanjaya,,5,0,1741677481,,nan,1
n*****i,,5,0,1741922618,,nan,1
ririsari808,,5,0,1741772291,,nan,1
baksokobak,,5,0,1741763921,,nan,1
kahfisaja,Sudah digunakan lebih 2 bulan... Semuanya lancar..,5,0,1741672464,sudah digunakan lebih 2 bulan semuanya lancar,sudah digunakan lebih 2 bulan semuanya lancar,7
4r8hlp60ln,"Bagus, memuaskan, terima kasih (bukan kaleng-kaleng)",5,0,1741927057,bagus memuaskan terima kasih bukan kaleng kaleng,bagus memuaskan terima kasih bukan kaleng kaleng,7
jimylimala,"Berfungsi dengan normal, semoga awet, terimakasih buat adminnya ramah sabar 👍🏽🫶🏽",5,0,1741767498,berfungsi dengan normal semoga awet terimakasih buat adminnya ramah sabar,berfungsi dengan normal semoga awet terimakasih buat adminnya ramah sabar,10
s*****5,Alhamdulillah...sudah keempat kali. Mudah mudahan amanah terus,5,0,1746859748,alhamdulillah sudah keempat kali mudah mudahan amanah terus,alhamdulillah sudah keempat kali mudah mudahan amanah terus,8
tanda.noktah,"paket smpai dngn aman, untuk sementara ini pemakaian sehari laptop msih aman dan bagus, nnt akan d update lg penilaian nya",4,0,1741675949,paket smpai dngn aman untuk sementara ini pemakaian sehari laptop msih aman dan bagus nnt akan d update lg penilaian nya,paket smpai dngn aman untuk sementara ini pemakaian sehari laptop msih aman dan bagus nnt akan d update lg penilaian nya,21
dadangzfr,Packing rapih,5,0,1741681282,packing rapih,packing rapih,2
arifin_landung73,"Desain:minimalis
Kondisi Barang:smagat mulus sperti baru
Fungsi:semua berfungsi san bagis

Paket telah diterima, tepat waktu
Kurir ramah dan tau jalan
Penjual ramah dan rekomended",5,0,1745641550,desain minimalis kondisi barang smagat mulus sperti baru fungsi semua berfungsi san bagis paket telah diterima tepat waktu kurir ramah dan tau jalan penjual ramah dan rekomended,desain minimalis kondisi barang smagat mulus sperti baru fungsi semua berfungsi san bagis paket telah diterima tepat waktu kurir ramah dan tau jalan penjual ramah dan rekomended,27
y*****e,"Alhamdulillah...anak saya suka sellernya ramah chat langsung di respon Insyaallah enggak ada keluhan apa2, terimakasih buat seller dan shopee jg buat abang kurir yg amanah 🙏",5,0,1742015425,alhamdulillah anak saya suka sellernya ramah chat langsung di respon insyaallah enggak ada keluhan apa2 terimakasih buat seller dan shopee jg buat abang kurir yg amanah,alhamdulillah anak saya suka sellernya ramah chat langsung di respon insyaallah enggak ada keluhan apa2 terimakasih buat seller dan shopee jg buat abang kurir yg amanah,26
hana_dhanu19,"Desain:bagus
Kondisi Barang:mulus
Fungsi:baik

Mantap bener bener rekomen barang mulus ❤️❤️",5,0,1741681691,desain bagus kondisi barang mulus fungsi baik mantap bener bener rekomen barang mulus,desain bagus kondisi barang mulus fungsi baik mantap bener bener rekomen barang mulus,13
yessyema21,"Lumayan, masih bagus, meskipun ada yg kegores dikit",5,0,1741932387,lumayan masih bagus meskipun ada yg kegores dikit,lumayan masih bagus meskipun ada yg kegores dikit,8
shabi_,"Kondisi mulus , kualitas bagus semua berfungsi , saler fast respon dan amanah , thanks",5,0,1741770058,kondisi mulus kualitas bagus semua berfungsi saler fast respon dan amanah thanks,kondisi mulus kualitas bagus semua berfungsi saler fast respon dan amanah thanks,12
ejxu26t3sd,"Kondisi Barang:Alhamdulillah aman
Kualitas:Alhamdulillah kualitas bagus",4,0,1741679210,kondisi barang alhamdulillah aman kualitas alhamdulillah kualitas bagus,kondisi barang alhamdulillah aman kualitas alhamdulillah kualitas bagus,8
andreasdaud987,"Mantap gak nyesel beli disini, cuma nyeselnya knp gk ambil yg i7 😭",5,0,1741937624,mantap gak nyesel beli disini cuma nyeselnya knp gk ambil yg i7,mantap gak nyesel beli disini cuma nyeselnya knp gk ambil yg i7,12
rismanalileurima,"Fitur Terbaik:baik
Sepadan dengan Harga:sesuai

Produk baik",4,0,1741679311,fitur terbaik baik sepadan dengan harga sesuai produk baik,fitur terbaik baik sepadan dengan harga sesuai produk baik,9
umi.azizah_,Alhamdulillah paket sudah sampai. Semoga bisa bermanfaat dan mempermudah utk mengerjakan tugas kuliah. Terima kasih seller.🙏🏻,5,0,1742015968,alhamdulillah paket sudah sampai semoga bisa bermanfaat dan mempermudah utk mengerjakan tugas kuliah terima kasih seller,alhamdulillah paket sudah sampai semoga bisa bermanfaat dan mempermudah utk mengerjakan tugas kuliah terima kasih seller,16
yuliabbas636,"Kondisi Barang:baik
Desain:baik
Kualitas:terbaik",5,0,1741771479,kondisi barang baik desain baik kualitas terbaik,kondisi barang baik desain baik kualitas terbaik,7
roni053153,,5,1,1741763825,,nan,1
hasangrosir88,"Desain:oke
Kondisi Barang:bagus
Fungsi:bekerja dg baik

Admin baik respon cepat, laptop sesuai pesanan",5,0,1741679909,desain oke kondisi barang bagus fungsi bekerja dg baik admin baik respon cepat laptop sesuai pesanan,desain oke kondisi barang bagus fungsi bekerja dg baik admin baik respon cepat laptop sesuai pesanan,16
radnya0468,"Desain:bagus
Kondisi Barang:bagus
Kualitas:kualitas baru dan baru kucolok langsung mati",5,0,1741765839,desain bagus kondisi barang bagus kualitas kualitas baru dan baru kucolok langsung mati,desain bagus kondisi barang bagus kualitas kualitas baru dan baru kucolok langsung mati,13
2m6jj19kny,"Desain:keren
Kondisi Barang:datang dalam keadaan baik
Fungsi:beroperasi baik

Sedikit kurang di engsel.",5,0,1741671994,desain keren kondisi barang datang dalam keadaan baik fungsi beroperasi baik sedikit kurang di engsel,desain keren kondisi barang datang dalam keadaan baik fungsi beroperasi baik sedikit kurang di engsel,15
c*****o,"Kondisi Barang:bagus
Desain:bagus
Kualitas:bagus

Overall semuanya aman bagus bgt 👍",5,1,1741848089,kondisi barang bagus desain bagus kualitas bagus overall semuanya aman bagus bgt,kondisi barang bagus desain bagus kualitas bagus overall semuanya aman bagus bgt,12
oedheil,"Kondisi Barang:ok mantap
Desain:kreen
Kualitas:ok mantap

Mantul laptopnya sesuai deskripsi dan packing aman bnr. Cepat kirim. Thx gan sukses slalu",5,0,1741927008,kondisi barang ok mantap desain kreen kualitas ok mantap mantul laptopnya sesuai deskripsi dan packing aman bnr cepat kirim thx gan sukses slalu,kondisi barang ok mantap desain kreen kualitas ok mantap mantul laptopnya sesuai deskripsi dan packing aman bnr cepat kirim thx gan sukses slalu,23
msyahruddin,"Desain:baik
Kondisi Barang:baik
Fungsi:berfungsi dengan baik

Berfungsi baik, respon penjual baik.. barang istimewa gak lemot. Terimakasoh",5,0,1749875989,desain baik kondisi barang baik fungsi berfungsi dengan baik berfungsi baik respon penjual baik barang istimewa gak lemot terimakasoh,desain baik kondisi barang baik fungsi berfungsi dengan baik berfungsi baik respon penjual baik barang istimewa gak lemot terimakasoh,19
abisalmansalman495,,5,0,1741686564,,nan,1
anastasiayw,"Kondisi Barang:bagus
Desain:bagus
Kualitas:bagus

Wlpn second hand tp bagus banget. Ngak expect sebagus ini . Thank you seller. Sukses untuk toko nya 👏",5,0,1741769106,kondisi barang bagus desain bagus kualitas bagus wlpn second hand tp bagus banget ngak expect sebagus ini thank you seller sukses untuk toko nya,kondisi barang bagus desain bagus kualitas bagus wlpn second hand tp bagus banget ngak expect sebagus ini thank you seller sukses untuk toko nya,24
hajar_aswa09,,5,0,1753697451,,nan,1
suhermangunawan506,Desain:bagus,5,0,1754732726,desain bagus,desain bagus,2
l0120019020,"Kondisi Barang:bagus
Desain:oke
Kualitas:jossss

Pelanggan ramah.....pengiriman cepat..semoga barangnya bisa tahan lama",5,0,1741853611,kondisi barang bagus desain oke kualitas jossss pelanggan ramah pengiriman cepat semoga barangnya bisa tahan lama,kondisi barang bagus desain oke kualitas jossss pelanggan ramah pengiriman cepat semoga barangnya bisa tahan lama,16
nur.fai,Joss,5,0,1741946198,joss,joss,1
dfahrn,"Aman insyaallah awet, terimakasih",5,0,1754732461,aman insyaallah awet terimakasih,aman insyaallah awet terimakasih,4
robbijanuar27,"Fitur Terbaik:terbaik
Sepadan dengan Harga:terbaik

mantap banget laptop nya sesuai harapan,,
body mulus,,
next order lagi kak,,",5,0,1742010221,fitur terbaik terbaik sepadan dengan harga terbaik mantap banget laptop nya sesuai harapan body mulus next order lagi kak,fitur terbaik terbaik sepadan dengan harga terbaik mantap banget laptop nya sesuai harapan body mulus next order lagi kak,19
msaidm1312,"Kondisi Barang:Bagus, Mulus seperti baru
Desain:Keren
Kualitas:Baik

Adminnya Fast Respon. Pelayanan bagus, produk bagus. Kalau butuh laptop lagi akan belanja di sini",5,0,1741926394,kondisi barang bagus mulus seperti baru desain keren kualitas baik adminnya fast respon pelayanan bagus produk bagus kalau butuh laptop lagi akan belanja di sini,kondisi barang bagus mulus seperti baru desain keren kualitas baik adminnya fast respon pelayanan bagus produk bagus kalau butuh laptop lagi akan belanja di sini,25
mymrparfume,"Kondisi Barang:datang dalam keadaan packing aman dan rapi
Desain:keren dan elegan
Kualitas:sangat bagus",5,0,1741927164,kondisi barang datang dalam keadaan packing aman dan rapi desain keren dan elegan kualitas sangat bagus,kondisi barang datang dalam keadaan packing aman dan rapi desain keren dan elegan kualitas sangat bagus,16
hellysatriyadi11,,5,0,1758947571,,nan,1
dailyirta24,"Desain:oke
Kondisi Barang:bagus, sesuai deskripsi
Fungsi:laptop harga terjangkau, spec tinggi. sejuah ini berfungsi dgn baik. seller responsif",5,0,1741677473,desain oke kondisi barang bagus sesuai deskripsi fungsi laptop harga terjangkau spec tinggi sejuah ini berfungsi dgn baik seller responsif,desain oke kondisi barang bagus sesuai deskripsi fungsi laptop harga terjangkau spec tinggi sejuah ini berfungsi dgn baik seller responsif,20
s*****_,,5,0,1752039645,,nan,1
sugiyoutomo,"Desain:bagus
Kondisi Barang:mulis
Kualitas:sangat baik

Barangnya bagus...Spec sesuai diskripsi
..respon cepat",5,0,1741767162,desain bagus kondisi barang mulis kualitas sangat baik barangnya bagus spec sesuai diskripsi respon cepat,desain bagus kondisi barang mulis kualitas sangat baik barangnya bagus spec sesuai diskripsi respon cepat,15
margotop,"Kondisi Barang:Datang dalam keadaan baik
Desain:Menarik
Kualitas:Barang dengan kualitas baik",5,0,1741926975,kondisi barang datang dalam keadaan baik desain menarik kualitas barang dengan kualitas baik,kondisi barang datang dalam keadaan baik desain menarik kualitas barang dengan kualitas baik,13
alanbanjarmasinkalsel,"Ada garansinya kan, ini seri apa mas soalnya kalau bukan charge bermasalah mungkin batrenya, mau coba beli chargenya dong , minta inpfo berapa harga charge laptop dell procie intel coreI5 windows 10 , raam 8gb hd 250gb , tolong direspon ya",5,1,1744351142,ada garansinya kan ini seri apa mas soalnya kalau bukan charge bermasalah mungkin batrenya mau coba beli chargenya dong minta inpfo berapa harga charge laptop dell procie intel corei5 windows 10 raam 8gb hd 250gb tolong direspon ya,ada garansinya kan ini seri apa mas soalnya kalau bukan charge bermasalah mungkin batrenya mau coba beli chargenya dong minta inpfo berapa harga charge laptop dell procie intel corei5 windows 10 raam 8gb hd 250gb tolong direspon ya,38
muhamadfalchanmalahim,"Mohon di update stock nya yaa, saya pesan DELL 7280(karna di keterangan stock masih banyak) tapi tawarkanya DELL7270 karna DELL 7280 habis. Jadi orang yang mau beli gak kerepotan 

Selebihnya aman.",5,0,1742010896,mohon di update stock nya yaa saya pesan dell 7280 karna di keterangan stock masih banyak tapi tawarkanya dell7270 karna dell 7280 habis jadi orang yang mau beli gak kerepotan selebihnya aman,mohon di update stock nya yaa saya pesan dell 7280 karna di keterangan stock masih banyak tapi tawarkanya dell7270 karna dell 7280 habis jadi orang yang mau beli gak kerepotan selebihnya aman,32
chapunknawiir,"Desain:dell
Kondisi Barang:allhamdulilah baik
Kualitas:semoga awet.. maksih banyak recom buat tokonya",5,0,1741765071,desain dell kondisi barang allhamdulilah baik kualitas semoga awet maksih banyak recom buat tokonya,desain dell kondisi barang allhamdulilah baik kualitas semoga awet maksih banyak recom buat tokonya,14
khafidzadinda,"Fitur Terbaik:hardware oke, worth banget buat harga segini
Sepadan dengan Harga:worth it",5,0,1742185929,fitur terbaik hardware oke worth banget buat harga segini sepadan dengan harga worth it,fitur terbaik hardware oke worth banget buat harga segini sepadan dengan harga worth it,14
nurdin_1996,"Desain:bagus
Kondisi Barang:overall bagus
Fungsi:blm di coba

Untuk overall bagus , barang second yang sesuai harga 
Next kalo butuh lagi pasti order di sini",5,0,1741680809,desain bagus kondisi barang overall bagus fungsi blm di coba untuk overall bagus barang second yang sesuai harga next kalo butuh lagi pasti order di sini,desain bagus kondisi barang overall bagus fungsi blm di coba untuk overall bagus barang second yang sesuai harga next kalo butuh lagi pasti order di sini,26
vynfrmnsy,"Kondisinya very good, lecet pemakaian dikit wajar lah. Thanks seller",5,0,1742186254,kondisinya very good lecet pemakaian dikit wajar lah thanks seller,kondisinya very good lecet pemakaian dikit wajar lah thanks seller,10
dian.berkah,"Kondisi Barang:Kondisi bagus 90-95%
Desain:sesuai spek
Kualitas:penggunaan 1 hari setelah pembelian lancar tidak ada kendala, mantab.",5,0,1741931304,kondisi barang kondisi bagus 90 95 desain sesuai spek kualitas penggunaan 1 hari setelah pembelian lancar tidak ada kendala mantab,kondisi barang kondisi bagus 90 95 desain sesuai spek kualitas penggunaan 1 hari setelah pembelian lancar tidak ada kendala mantab,20
igor_tamse,"Mantap bang semoga awet unitnya, barokah selalu",5,0,1741940772,mantap bang semoga awet unitnya barokah selalu,mantap bang semoga awet unitnya barokah selalu,7
venaajeng,"Kondisi Barang:mulus sperti bidadari
Kualitas:baik
Desain:bagus

Barang sesuai dengan harga",5,0,1741933150,kondisi barang mulus sperti bidadari kualitas baik desain bagus barang sesuai dengan harga,kondisi barang mulus sperti bidadari kualitas baik desain bagus barang sesuai dengan harga,13
ubaidillahubex,"Sepadan dengan Harga:cocok dikantong
Fitur Terbaik:berfungsi dengan baik

Barang bagus 👍👍👍",5,0,1741946826,sepadan dengan harga cocok dikantong fitur terbaik berfungsi dengan baik barang bagus,sepadan dengan harga cocok dikantong fitur terbaik berfungsi dengan baik barang bagus,12
ss.kaptensahrul,"Produk Bagus, Semoga segera re order lagi kalo awet dan sesuai expektasi",5,0,1741679931,produk bagus semoga segera re order lagi kalo awet dan sesuai expektasi,produk bagus semoga segera re order lagi kalo awet dan sesuai expektasi,12
ybasri76,"Pengiriman cepat, kualitas notebook jg bagus, terima kasih",5,0,1749877981,pengiriman cepat kualitas notebook jg bagus terima kasih,pengiriman cepat kualitas notebook jg bagus terima kasih,8
fadeljibran,"Kondisi Barang:muluss walaupun engsel laptopnya agak kendor, overall bagus sih
Kualitas:bagus
Desain:lumayan bagus",5,0,1741932431,kondisi barang muluss walaupun engsel laptopnya agak kendor overall bagus sih kualitas bagus desain lumayan bagus,kondisi barang muluss walaupun engsel laptopnya agak kendor overall bagus sih kualitas bagus desain lumayan bagus,16
g*****a,"Alhamdulillah nyampek juga laptopnya. Semoga awet dan gak ada kendala. Sejauh ini respon penjual baik, smg seterusnya pun begitu. Butuh 4 hari barangnya smp di rmh. 
Terima kasih",5,1,1742186063,alhamdulillah nyampek juga laptopnya semoga awet dan gak ada kendala sejauh ini respon penjual baik smg seterusnya pun begitu butuh 4 hari barangnya smp di rmh terima kasih,alhamdulillah nyampek juga laptopnya semoga awet dan gak ada kendala sejauh ini respon penjual baik smg seterusnya pun begitu butuh 4 hari barangnya smp di rmh terima kasih,28
ayuferry,"Desain:keten
Kondisi Barang:bagus, meski second masih bagus banget
Fungsi:semoga awet",5,0,1741846623,desain keten kondisi barang bagus meski second masih bagus banget fungsi semoga awet,desain keten kondisi barang bagus meski second masih bagus banget fungsi semoga awet,13
agus_purwanto.999,"Thank you 
Semoga awet",5,0,1741768612,thank you semoga awet,thank you semoga awet,4
geraiocha.com,"Puas banget Sama barangnya, semua berjalan normal & sesuai deskripsi, tq seller",5,0,1741765203,puas banget sama barangnya semua berjalan normal sesuai deskripsi tq seller,puas banget sama barangnya semua berjalan normal sesuai deskripsi tq seller,11
f*****m,"Saya beri dulu bintang 3 ya min krn baru pake 2 hari layar drop, skrg lg di cek semoga baik2 aja untung admin fast response, huhu resiko beli brg second...",5,1,1741931980,saya beri dulu bintang 3 ya min krn baru pake 2 hari layar drop skrg lg di cek semoga baik2 aja untung admin fast response huhu resiko beli brg second,saya beri dulu bintang 3 ya min krn baru pake 2 hari layar drop skrg lg di cek semoga baik2 aja untung admin fast response huhu resiko beli brg second,30
yan.m.y,Hadiah buat istri sangat suka dan full senyum,5,0,1741686159,hadiah buat istri sangat suka dan full senyum,hadiah buat istri sangat suka dan full senyum,8
parlaunganpulungan,Sesuai dan bagus..,5,0,1742015409,sesuai dan bagus,sesuai dan bagus,3
jtriono007,"Sangat bagus, memuaskan, sesuai dengan deskripsi. Best seller",5,0,1749876103,sangat bagus memuaskan sesuai dengan deskripsi best seller,sangat bagus memuaskan sesuai dengan deskripsi best seller,8
nazilah_0108,Puas sekali sekali sekali,5,0,1741766409,puas sekali sekali sekali,puas sekali sekali sekali,4
xiangxin.id,Bagus 👍👍👍👍👍👍👍👍👍👍👍,5,0,1741672312,bagus,bagus,1
n*****e,"Bagus, cuman batre agak boros",5,0,1741769331,bagus cuman batre agak boros,bagus cuman batre agak boros,5
aventytianda,Layar kedip2 saat start,5,0,1742185825,layar kedip2 saat start,layar kedip2 saat start,4
jacksvev,Laptop kondisi bagus...cuman salah kirim dari yg dijelasin oleh seller tpi gpp.. terimakasih karena buble warp nya tebel.,5,0,1741934630,laptop kondisi bagus cuman salah kirim dari yg dijelasin oleh seller tpi gpp terimakasih karena buble warp nya tebel,laptop kondisi bagus cuman salah kirim dari yg dijelasin oleh seller tpi gpp terimakasih karena buble warp nya tebel,19
m.rey26,"Setelah dicoba 2 hari normal dan nyaman, semoga tidak ada kendala. Terimakasih seller keren.",5,0,1742014132,setelah dicoba 2 hari normal dan nyaman semoga tidak ada kendala terimakasih seller keren,setelah dicoba 2 hari normal dan nyaman semoga tidak ada kendala terimakasih seller keren,14
1*****a,"Desain:menarik
Kondisi Barang:lecet dikit dibagian depan
Kualitas:bagus

Maaf gk bisa kasi review/unboxing karna videonya gk bisa di upload padhal udh direkam. Semoga awet gk ada kendala apapun, selalu amanah ya min☺️🙏",5,0,1741687087,desain menarik kondisi barang lecet dikit dibagian depan kualitas bagus maaf gk bisa kasi review unboxing karna videonya gk bisa di upload padhal udh direkam semoga awet gk ada kendala apapun selalu amanah ya min,desain menarik kondisi barang lecet dikit dibagian depan kualitas bagus maaf gk bisa kasi review unboxing karna videonya gk bisa di upload padhal udh direkam semoga awet gk ada kendala apapun selalu amanah ya min,35
ardiginanjar.bekuk,"Desain:bagus
Kondisi Barang:baik
Fungsi:berfungsi dengan baik

Jos mantap",5,0,1746859882,desain bagus kondisi barang baik fungsi berfungsi dengan baik jos mantap,desain bagus kondisi barang baik fungsi berfungsi dengan baik jos mantap,11
s*****5,"Desain:bagus

Alhamdulillah kondisi baik... Semoga awet...",5,0,1741679814,desain bagus alhamdulillah kondisi baik semoga awet,desain bagus alhamdulillah kondisi baik semoga awet,7
mfajri1991,"Fitur Terbaik:worthed it untuk laptop second

Muluss",5,0,1741934844,fitur terbaik worthed it untuk laptop second muluss,fitur terbaik worthed it untuk laptop second muluss,8
titik1_22,"Barang sesuai,,admin fast respon,sangat membantu..
Sehat selalu admin",5,0,1741938630,barang sesuai admin fast respon sangat membantu sehat selalu admin,barang sesuai admin fast respon sangat membantu sehat selalu admin,10
jumakir73,"Sepadan dengan Harga:iya bagus
Fitur Terbaik:alhamdulillah joss

Cm casing atas agak hbs kenas gesek,, baret... 
Untuk lain nya lancar",5,1,1742007622,sepadan dengan harga iya bagus fitur terbaik alhamdulillah joss cm casing atas agak hbs kenas gesek baret untuk lain nya lancar,sepadan dengan harga iya bagus fitur terbaik alhamdulillah joss cm casing atas agak hbs kenas gesek baret untuk lain nya lancar,21
hasta.af86,Biarkan bintang berbicara,5,0,1741765027,biarkan bintang berbicara,biarkan bintang berbicara,3
h*****_,"Desain:bagus
Kondisi Barang:aman
Fungsi:semua berfungsi dengan baik",5,0,1749875971,desain bagus kondisi barang aman fungsi semua berfungsi dengan baik,desain bagus kondisi barang aman fungsi semua berfungsi dengan baik,10
windianihumaira12,"Barang bagus. penjual amanah, software tambahan dikasih sesuai permintaan. Terimakasih",5,0,1742009603,barang bagus penjual amanah software tambahan dikasih sesuai permintaan terimakasih,barang bagus penjual amanah software tambahan dikasih sesuai permintaan terimakasih,10
caayuscarf,"Desain:bagus
Kondisi Barang:bagus ga mengcewakan
Fungsi:sesuai banget",5,0,1744350946,desain bagus kondisi barang bagus ga mengcewakan fungsi sesuai banget,desain bagus kondisi barang bagus ga mengcewakan fungsi sesuai banget,10
fhebryvalidhaosea,"Desain:menarik
Kondisi Barang:mantapp jiwa

Mantapppp",5,0,1741675780,desain menarik kondisi barang mantapp jiwa mantapppp,desain menarik kondisi barang mantapp jiwa mantapppp,7
oceandy,N,5,0,1742010288,n,n,1
pratamatv01,"Desain:keten
Kondisi Barang:mantap
Fungsi:baik

Alhamdulillah pembelianbke 4",5,0,1741671304,desain keten kondisi barang mantap fungsi baik alhamdulillah pembelianbke 4,desain keten kondisi barang mantap fungsi baik alhamdulillah pembelianbke 4,10
dikabagoessetiawan,"Barang sudah sampai dengan selamat. 
Alhamdulillah tidak kecewa, cuma ada lecet dikit di fisik tapi tidak apaa apa. 
Rekomendasi kalau mau beli laptop second disini. 
Terimakasih admin, semoga semakin lancar usahanya
Mohon maaf ga ada fotonya karena laptop nya beliin adek",5,0,1742185565,barang sudah sampai dengan selamat alhamdulillah tidak kecewa cuma ada lecet dikit di fisik tapi tidak apaa apa rekomendasi kalau mau beli laptop second disini terimakasih admin semoga semakin lancar usahanya mohon maaf ga ada fotonya karena laptop nya beliin adek,barang sudah sampai dengan selamat alhamdulillah tidak kecewa cuma ada lecet dikit di fisik tapi tidak apaa apa rekomendasi kalau mau beli laptop second disini terimakasih admin semoga semakin lancar usahanya mohon maaf ga ada fotonya karena laptop nya beliin adek,41
kiapratama123,Desain:barang sangat baik dan terpercaya,5,0,1741674328,desain barang sangat baik dan terpercaya,desain barang sangat baik dan terpercaya,6
e*****o,Terimakasih kak,5,0,1752039455,terimakasih kak,terimakasih kak,2
n*****o,mantap.... mulus...,5,0,1741926978,mantap mulus,mantap mulus,2
menik_septiana16,"Kondisi Barang:baik
Desain:oke
Kualitas:oke",4,0,1741680005,kondisi barang baik desain oke kualitas oke,kondisi barang baik desain oke kualitas oke,7
7tdwmiarro,"Desain:menarik
Kondisi Barang:dateng dgn kondisi mulus
Fungsi:bekerja dgn baik, sempet ragu mau co krna ketakutan g sesuai, alhmdllh aman sih.. Peking bagus bgt.. semoga awet..",5,0,1758948741,desain menarik kondisi barang dateng dgn kondisi mulus fungsi bekerja dgn baik sempet ragu mau co krna ketakutan g sesuai alhmdllh aman sih peking bagus bgt semoga awet,desain menarik kondisi barang dateng dgn kondisi mulus fungsi bekerja dgn baik sempet ragu mau co krna ketakutan g sesuai alhmdllh aman sih peking bagus bgt semoga awet,28
ayusuminabilah17,Mantabbb,5,0,1741934770,mantabbb,mantabbb,1
dthrift_box,"Fitur Terbaik:lengkap
Sepadan dengan Harga:sesuai harga

Jangan ragu beli disini, amanah kok.
Barang bekas cuma lecet dikit.
Bisa juga konsultasi dgn tekhnisinya.",5,0,1742011549,fitur terbaik lengkap sepadan dengan harga sesuai harga jangan ragu beli disini amanah kok barang bekas cuma lecet dikit bisa juga konsultasi dgn tekhnisinya,fitur terbaik lengkap sepadan dengan harga sesuai harga jangan ragu beli disini amanah kok barang bekas cuma lecet dikit bisa juga konsultasi dgn tekhnisinya,24
nandabathara,Desain:mantap,5,0,1741676745,desain mantap,desain mantap,2
putraoggie,sesuai dengan apa yang di pesan. barang mulus.. gores dkit aja. wajar. tanks... semoga awet,5,0,1742188144,sesuai dengan apa yang di pesan barang mulus gores dkit aja wajar tanks semoga awet,sesuai dengan apa yang di pesan barang mulus gores dkit aja wajar tanks semoga awet,15
r*****2,Mantap. Kondisi laptop lumayan mulus. Somoga awet,5,0,1742013188,mantap kondisi laptop lumayan mulus somoga awet,mantap kondisi laptop lumayan mulus somoga awet,7
,,5,0,1741933047,,nan,1
jessicalapian,,5,0,1741680942,,nan,1
hyun_365,"Kondisi Barang:Amanah
Fungsi:Restorasi Bagus

bagi anak kuliah atau anak sekolah rekomende belanja leptop disini saya aceh peaan jauh dari luan aceh,pokok Sebelum Beli Bismllah",4,0,1741676637,kondisi barang amanah fungsi restorasi bagus bagi anak kuliah atau anak sekolah rekomende belanja leptop disini saya aceh peaan jauh dari luan aceh pokok sebelum beli bismllah,kondisi barang amanah fungsi restorasi bagus bagi anak kuliah atau anak sekolah rekomende belanja leptop disini saya aceh peaan jauh dari luan aceh pokok sebelum beli bismllah,27
iammoat,"Desain:Keren
Kondisi Barang:Mulus sekali
Kualitas:sesuai

Barang sesuai pesanan",5,0,1741765249,desain keren kondisi barang mulus sekali kualitas sesuai barang sesuai pesanan,desain keren kondisi barang mulus sekali kualitas sesuai barang sesuai pesanan,11
lmalin47,"Desain:menarik
Kondisi Barang:baik
Kualitas:bagus

Mantap bosku",5,0,1741766673,desain menarik kondisi barang baik kualitas bagus mantap bosku,desain menarik kondisi barang baik kualitas bagus mantap bosku,9
ikasambadha,,5,0,1741680092,,nan,1
toyo102008,,5,0,1741769285,,nan,1
m*****1,"Packing aman dan barang cepat sampai,kualitas barang bagus.mantap",5,0,1742188452,packing aman dan barang cepat sampai kualitas barang bagus mantap,packing aman dan barang cepat sampai kualitas barang bagus mantap,10
i.yum,"Desain:bagus
Kondisi Barang:bagus
Fungsi:baik

real pict",5,0,1749877929,desain bagus kondisi barang bagus fungsi baik real pict,desain bagus kondisi barang bagus fungsi baik real pict,9
jeffrey.sinaga,Pengiriman cepat.. mantaplah,5,0,1741765601,pengiriman cepat mantaplah,pengiriman cepat mantaplah,3
mommystrongest,"Barang sesuai pesanan. Lumayan lah. 
Tapi layar nya kecil. Tak kira gede😅",5,0,1741767606,barang sesuai pesanan lumayan lah tapi layar nya kecil tak kira gede,barang sesuai pesanan lumayan lah tapi layar nya kecil tak kira gede,12
andryallshoop,Good,5,0,1742010861,good,good,1
12348765_.240112,"Kemas bagus ...
Rapi aman...",5,0,1741770648,kemas bagus rapi aman,kemas bagus rapi aman,4
i*****h,"Desain:ok
Kondisi Barang:ok
Kualitas:ok

Barang mulus, aplikasi jalan Alus...",5,0,1741685668,desain ok kondisi barang ok kualitas ok barang mulus aplikasi jalan alus,desain ok kondisi barang ok kualitas ok barang mulus aplikasi jalan alus,12
robby_dnoci,Baguss,5,0,1742187733,baguss,baguss,1
asepsaepudin_81,"Desain:Cakep
Kondisi Barang:Mulus
Kualitas:produk terbaik",5,0,1741768864,desain cakep kondisi barang mulus kualitas produk terbaik,desain cakep kondisi barang mulus kualitas produk terbaik,8
,"Sudah beli 2 kali disini, pertama kali order produk sesuai pesanan dan bagus, kedua kali order terdapat kendala baterai nya rusak, tapi admin tanggung jwb dan fast respon, recommended buat tokonya🙌🏻",3,0,1711898182,sudah beli 2 kali disini pertama kali order produk sesuai pesanan dan bagus kedua kali order terdapat kendala baterai nya rusak tapi admin tanggung jwb dan fast respon recommended buat tokonya,sudah beli 2 kali disini pertama kali order produk sesuai pesanan dan bagus kedua kali order terdapat kendala baterai nya rusak tapi admin tanggung jwb dan fast respon recommended buat tokonya,31
anaainunnikmatin8694,"Desain:bagus
Kondisi Barang:sesuai
Kualitas:bagus

MasyaAlloh, setelah pemakaian  1 bulan ternyata ada aja masalahnya, sedikit2 blank gak mau masuk windows . Selama dua bulan ini udah 2 kali servis. Peforma hard disk penurun tiap kali habis blank 🫠🫠",4,0,1741676617,desain bagus kondisi barang sesuai kualitas bagus masyaalloh setelah pemakaian 1 bulan ternyata ada aja masalahnya sedikit2 blank gak mau masuk windows selama dua bulan ini udah 2 kali servis peforma hard disk penurun tiap kali habis blank,desain bagus kondisi barang sesuai kualitas bagus masyaalloh setelah pemakaian 1 bulan ternyata ada aja masalahnya sedikit2 blank gak mau masuk windows selama dua bulan ini udah 2 kali servis peforma hard disk penurun tiap kali habis blank,38
harrrisvis,"Desain:menarik
Kondisi Barang:sesuai mantap
Kualitas:baik",5,0,1741684738,desain menarik kondisi barang sesuai mantap kualitas baik,desain menarik kondisi barang sesuai mantap kualitas baik,8
lalurachmatramdhany,"Kondisi Barang:Mantap
Desain:Elegan
Kualitas:Memuaskan",5,0,1741853212,kondisi barang mantap desain elegan kualitas memuaskan,kondisi barang mantap desain elegan kualitas memuaskan,7
a*****e,"Fitur Terbaik:Terbaik
Sepadan dengan Harga:Sepadan",5,0,1742012813,fitur terbaik terbaik sepadan dengan harga sepadan,fitur terbaik terbaik sepadan dengan harga sepadan,7
hipermall,"Sepadan dengan Harga:Murah berkualitas
Fitur Terbaik:ajib-ajib",5,0,1742012285,sepadan dengan harga murah berkualitas fitur terbaik ajib ajib,sepadan dengan harga murah berkualitas fitur terbaik ajib ajib,9
m*****n,"bukan sekedar jelek tapi bener tidak sesuai spek, barang sconde begini boleh di bilang mahal.... karna baru di bawah 4juta pun ada
lebih rekomend inisial L",2,4,1735036151,bukan sekedar jelek tapi bener tidak sesuai spek barang sconde begini boleh di bilang mahal karna baru di bawah 4juta pun ada lebih rekomend inisial l,bukan sekedar jelek tapi bener tidak sesuai spek barang sconde begini boleh di bilang mahal karna baru di bawah 4juta pun ada lebih rekomend inisial l,26
s*****7,,5,0,1742186187,,nan,1
1*****2,"Kondisi Barang:Bagus
Kualitas:Bagus

Top markotop untuk harga segitu.",5,0,1741767877,kondisi barang bagus kualitas bagus top markotop untuk harga segitu,kondisi barang bagus kualitas bagus top markotop untuk harga segitu,10
khaerulumamaxl,Mantappp 👍👍👍 speak gahar harga bersahabat,5,0,1741765128,mantappp speak gahar harga bersahabat,mantappp speak gahar harga bersahabat,5
euis180891,"Kondisi Barang:lumayan
Desain:elegan
Kualitas:bagus",5,0,1741926423,kondisi barang lumayan desain elegan kualitas bagus,kondisi barang lumayan desain elegan kualitas bagus,7
mawartikkaningrum,,4,0,1741682187,,nan,1
nuraini_naeyla,"Kondisi Barang:msh mulus
Desain:standar
Kualitas:baik

Barang mulus walaupun seken. Semoga aman dan awat",4,0,1741680361,kondisi barang msh mulus desain standar kualitas baik barang mulus walaupun seken semoga aman dan awat,kondisi barang msh mulus desain standar kualitas baik barang mulus walaupun seken semoga aman dan awat,16
zieman82,"Kondisi Barang:like new oke
Kualitas:bagus lhah utk brg sekend

Ookee....recomended",5,0,1741931513,kondisi barang like new oke kualitas bagus lhah utk brg sekend ookee recomended,kondisi barang like new oke kualitas bagus lhah utk brg sekend ookee recomended,13
qhelliek,"Fitur Terbaik:Sedang untuk barang bekas pakai
Sepadan dengan Harga:Harga sesuai untuk barang bekas pakai",3,3,1733436281,fitur terbaik sedang untuk barang bekas pakai sepadan dengan harga harga sesuai untuk barang bekas pakai,fitur terbaik sedang untuk barang bekas pakai sepadan dengan harga harga sesuai untuk barang bekas pakai,16
artikaasr,"Fitur Terbaik:Mulus kayak baru

bagus saya suka, semoga awet",5,4,1742188196,fitur terbaik mulus kayak baru bagus saya suka semoga awet,fitur terbaik mulus kayak baru bagus saya suka semoga awet,10
i*****n,mantapp laptop nya bagusss dengan harga segitu,5,0,1741935318,mantapp laptop nya bagusss dengan harga segitu,mantapp laptop nya bagusss dengan harga segitu,7
i*****s,Ada beberapa yang lecet dan pecah,4,1,1751625722,ada beberapa yang lecet dan pecah,ada beberapa yang lecet dan pecah,6
andofficial,"Fitur Terbaik:semuanya berfungsj
Sepadan dengan Harga:woth the price!",5,0,1741937630,fitur terbaik semuanya berfungsj sepadan dengan harga woth the price,fitur terbaik semuanya berfungsj sepadan dengan harga woth the price,10
sheilaocrifa,Bagus,4,0,1741677789,bagus,bagus,1
waone061,"Sepadan dengan Harga:Sangat Baik

Recomended",5,0,1741946463,sepadan dengan harga sangat baik recomended,sepadan dengan harga sangat baik recomended,6
hadi.teguh95,"Kondisi Barang:mukus
Desain:keren
Kualitas:mantap

Baik semua",5,0,1741769199,kondisi barang mukus desain keren kualitas mantap baik semua,kondisi barang mukus desain keren kualitas mantap baik semua,9
5oge69nguo,"Desain:Bagus
Kondisi Barang:Baik
Kualitas:Mantap

Semoga awet....",5,0,1741765254,desain bagus kondisi barang baik kualitas mantap semoga awet,desain bagus kondisi barang baik kualitas mantap semoga awet,9
_jabstore_,"Sepadan dengan Harga:Sepadan

Mantap, sesuai dengan yang diharapkan",5,0,1741935033,sepadan dengan harga sepadan mantap sesuai dengan yang diharapkan,sepadan dengan harga sepadan mantap sesuai dengan yang diharapkan,9
yatie_m_konveksi,"Bagus, cuma touchpad yg kurang peka.
Makasih, moga awet",5,0,1741675591,bagus cuma touchpad yg kurang peka makasih moga awet,bagus cuma touchpad yg kurang peka makasih moga awet,9
hello_nadeeey,"bagus, kondisi baik & packing oke",5,1,1742012738,bagus kondisi baik packing oke,bagus kondisi baik packing oke,5
fiazshop_,Barang sesuai...tks seller,5,0,1742010232,barang sesuai tks seller,barang sesuai tks seller,4
nurulamila97,"Rekomendasi bgd utk beli barang di toko ini. Charger sempet ga bs, lgsg diganti baru doooong... 
Laptop jg second like new. Batrenya msh bagus bgd, awet sampe 4 jam.
Sellernya jg ramah pake bgd lho....",5,0,1742186563,rekomendasi bgd utk beli barang di toko ini charger sempet ga bs lgsg diganti baru doooong laptop jg second like new batrenya msh bagus bgd awet sampe 4 jam sellernya jg ramah pake bgd lho,rekomendasi bgd utk beli barang di toko ini charger sempet ga bs lgsg diganti baru doooong laptop jg second like new batrenya msh bagus bgd awet sampe 4 jam sellernya jg ramah pake bgd lho,35
harissmat,"Kondisi Barang:lumayan buat laptop second
Desain:bagus
Kualitas:ok",5,0,1741767238,kondisi barang lumayan buat laptop second desain bagus kualitas ok,kondisi barang lumayan buat laptop second desain bagus kualitas ok,10
j*****a,Fitur Terbaik:kondisi masih bagus bangett kayak baru,5,0,1742188666,fitur terbaik kondisi masih bagus bangett kayak baru,fitur terbaik kondisi masih bagus bangett kayak baru,8
vhir2srva1,,5,0,1741672534,,nan,1
deriopan,"Barang bagus, penjual ramah dan responsive",5,0,1742013263,barang bagus penjual ramah dan responsive,barang bagus penjual ramah dan responsive,6
atiqahmufidah,"Kondisi Barang:baik
Desain:menarik
Kualitas:barang bagus, tetapi ada beberapa tombol yg penggunaannya harus lebih ditekan. yah... namanya juga laptop seken ya 😄 jd ga 100% mulus",4,0,1741680220,kondisi barang baik desain menarik kualitas barang bagus tetapi ada beberapa tombol yg penggunaannya harus lebih ditekan yah namanya juga laptop seken ya jd ga 100 mulus,kondisi barang baik desain menarik kualitas barang bagus tetapi ada beberapa tombol yg penggunaannya harus lebih ditekan yah namanya juga laptop seken ya jd ga 100 mulus,27
mazzamid,"Sepadan dengan Harga:barang nya sudah diterima,,kualitas nya super,,recomended lah",5,0,1741934915,sepadan dengan harga barang nya sudah diterima kualitas nya super recomended lah,sepadan dengan harga barang nya sudah diterima kualitas nya super recomended lah,12
tyman_nshop,bagus laptopnya,5,0,1741674346,bagus laptopnya,bagus laptopnya,2
rizkariaa,Sejauh ini barang oke. Semoga gk ada kendala apapun ya,5,0,1741677413,sejauh ini barang oke semoga gk ada kendala apapun ya,sejauh ini barang oke semoga gk ada kendala apapun ya,10
agorah,Barang mantul👍,5,0,1741765758,barang mantul,barang mantul,2
a*****d,"Baterai mati, bukan drop lagi. Laptop nyala kalau di charger. minta ganti pihak seller, seller maunya saya kirim pribadi tanpa melalui aplikasi shopee yang mana sangat beresiko kalau tanpa aplikasi shopee. Jadi pikirkan lagi kalau mau beli disini. Masih ada seller lain yang jual laptop serupa.",1,26,1763487553,baterai mati bukan drop lagi laptop nyala kalau di charger minta ganti pihak seller seller maunya saya kirim pribadi tanpa melalui aplikasi shopee yang mana sangat beresiko kalau tanpa aplikasi shopee jadi pikirkan lagi kalau mau beli disini masih ada seller lain yang jual laptop serupa,baterai mati bukan drop lagi laptop nyala kalau di charger minta ganti pihak seller seller maunya saya kirim pribadi tanpa melalui aplikasi shopee yang mana sangat beresiko kalau tanpa aplikasi shopee jadi pikirkan lagi kalau mau beli disini masih ada seller lain yang jual laptop serupa,46
5w6hgzo3np,Sepadan dengan Harga:barangnya nyampe dengan aman kurirny juga ramah,5,0,1742015779,sepadan dengan harga barangnya nyampe dengan aman kurirny juga ramah,sepadan dengan harga barangnya nyampe dengan aman kurirny juga ramah,10
johnkarnadi,"Desain:Sesuai pesanan
Kondisi Barang:like new
Kualitas:sesuai pesanan

Barang bagus",5,0,1741764531,desain sesuai pesanan kondisi barang like new kualitas sesuai pesanan barang bagus,desain sesuai pesanan kondisi barang like new kualitas sesuai pesanan barang bagus,12
muhammadfariedahliani,"Barangnya bagus, rekomended",5,0,1741938456,barangnya bagus rekomended,barangnya bagus rekomended,3
prasetyo896,Sesuai dengan pesanan,5,0,1741679879,sesuai dengan pesanan,sesuai dengan pesanan,3
youhan_niaga,"Kondisi Barang:bagus
Desain:sesuai
Kualitas:lumayan",5,0,1741924022,kondisi barang bagus desain sesuai kualitas lumayan,kondisi barang bagus desain sesuai kualitas lumayan,7
dearesta_87,,1,3,1755479429,,nan,1
rangga_mhndr,"Fitur Terbaik:Baik
Sepadan dengan Harga:sesuai",5,1,1741934849,fitur terbaik baik sepadan dengan harga sesuai,fitur terbaik baik sepadan dengan harga sesuai,7
l*****h,"Kondisi aman ,makasih bosqu",5,0,1742012119,kondisi aman makasih bosqu,kondisi aman makasih bosqu,4
ruli18012019,"barang datang tgl 5 juni , tgl 22 barang sudah mati total kita kirim lagi ke tokonya dipacking rapih pake kayuu , dia bilang ganti unit baru kirain bener baru padahal second , dikira barang baru padahal barang second 😭 merasa ditipu sama tokonya",1,41,1749506192,barang datang tgl 5 juni tgl 22 barang sudah mati total kita kirim lagi ke tokonya dipacking rapih pake kayuu dia bilang ganti unit baru kirain bener baru padahal second dikira barang baru padahal barang second merasa ditipu sama tokonya,barang datang tgl 5 juni tgl 22 barang sudah mati total kita kirim lagi ke tokonya dipacking rapih pake kayuu dia bilang ganti unit baru kirain bener baru padahal second dikira barang baru padahal barang second merasa ditipu sama tokonya,40
leo030809,"Fitur Terbaik:memukaw
Sepadan dengan Harga:mantap jiwa

Alhamdulillah paket sudah mendarat dengan selamat, pengemasan aman sentosa. Thanks seller & Shopee semoga laptopnya awet dan ga rewel ya...",5,2,1742183559,fitur terbaik memukaw sepadan dengan harga mantap jiwa alhamdulillah paket sudah mendarat dengan selamat pengemasan aman sentosa thanks seller shopee semoga laptopnya awet dan ga rewel ya,fitur terbaik memukaw sepadan dengan harga mantap jiwa alhamdulillah paket sudah mendarat dengan selamat pengemasan aman sentosa thanks seller shopee semoga laptopnya awet dan ga rewel ya,27
161718h,Kondisi Barang:mulus,5,0,1741687107,kondisi barang mulus,kondisi barang mulus,3
merysary895,Barang sampe dengan aman semoga awet,5,0,1741672033,barang sampe dengan aman semoga awet,barang sampe dengan aman semoga awet,6
,Barang bagus sesuai dengan peformace,5,0,1742186429,barang bagus sesuai dengan peformace,barang bagus sesuai dengan peformace,5
harsihdamayanti,"Desain:menarik
Kondisi Barang:keadaan baik dan mulus
Fungsi:barang berfungsi dengan baik",5,0,1762747558,desain menarik kondisi barang keadaan baik dan mulus fungsi barang berfungsi dengan baik,desain menarik kondisi barang keadaan baik dan mulus fungsi barang berfungsi dengan baik,13
hakimaljazary,"Sepadan dengan Harga:barang bekas tp lumayan laah
Fitur Terbaik:bagus",5,0,1742185094,sepadan dengan harga barang bekas tp lumayan laah fitur terbaik bagus,sepadan dengan harga barang bekas tp lumayan laah fitur terbaik bagus,11
dedyjack31,Baut SSD hilang... Jadi kalau kena benturan.. terlepas dan laptop lngsg eror,5,0,1741769068,baut ssd hilang jadi kalau kena benturan terlepas dan laptop lngsg eror,baut ssd hilang jadi kalau kena benturan terlepas dan laptop lngsg eror,12
siswomulyono68,"Makasih, barang sesuai, toko sangat amanah",5,0,1741672793,makasih barang sesuai toko sangat amanah,makasih barang sesuai toko sangat amanah,6
fandiefun,"Kondisi Barang:kemasan ok
Desain:kelihatan seperti baru.. mulus
Kualitas:sering restart tiba2, setelah beberapa bulan windows explorer nya eror..",3,0,1719740410,kondisi barang kemasan ok desain kelihatan seperti baru mulus kualitas sering restart tiba2 setelah beberapa bulan windows explorer nya eror,kondisi barang kemasan ok desain kelihatan seperti baru mulus kualitas sering restart tiba2 setelah beberapa bulan windows explorer nya eror,20
7tc88499g2,"Desain:keren
Kondisi Barang:Bagus
Kualitas:Bagus",5,0,1741686923,desain keren kondisi barang bagus kualitas bagus,desain keren kondisi barang bagus kualitas bagus,7
andlst11,"Kualitas tidak sesuai dengan ekspektasi.. 
Datang pertama layar bergaris, request pengembalian dikasih saran kembalikan nnti ganti device.. nunggu sebulan baru di antar lagi.. 
Setelah datang, Baru dipakai beberapa hari koneksi laptop tidak bisa dipakai, wifi mati tidak bisa dihidupkan..",1,4,1746513787,kualitas tidak sesuai dengan ekspektasi datang pertama layar bergaris request pengembalian dikasih saran kembalikan nnti ganti device nunggu sebulan baru di antar lagi setelah datang baru dipakai beberapa hari koneksi laptop tidak bisa dipakai wifi mati tidak bisa dihidupkan,kualitas tidak sesuai dengan ekspektasi datang pertama layar bergaris request pengembalian dikasih saran kembalikan nnti ganti device nunggu sebulan baru di antar lagi setelah datang baru dipakai beberapa hari koneksi laptop tidak bisa dipakai wifi mati tidak bisa dihidupkan,39
9zpggjvpaz,"Kondisi Barang:bagus
Desain:bagus
Kualitas:mantap",5,0,1741926435,kondisi barang bagus desain bagus kualitas mantap,kondisi barang bagus desain bagus kualitas mantap,7
dickychandra208,"Meski ada kecacatan bekas ganti LCD, tpi overal berjalan mulus dan baik",5,0,1764218606,meski ada kecacatan bekas ganti lcd tpi overal berjalan mulus dan baik,meski ada kecacatan bekas ganti lcd tpi overal berjalan mulus dan baik,12
aqilah_store83,Mantul... Mantap betul...,5,1,1759139029,mantul mantap betul,mantul mantap betul,3
a*****0,"Saya kasih 4 bintang dulu ya... Soalnya dg kondisi yg sdh saya sebutkan japri... Overall bagus... Mudah2an awet... 
Lg dites dulu seminggu... Klo spek daleman sepertinya sesuai pesanan",4,0,1741681772,saya kasih 4 bintang dulu ya soalnya dg kondisi yg sdh saya sebutkan japri overall bagus mudah2an awet lg dites dulu seminggu klo spek daleman sepertinya sesuai pesanan,saya kasih 4 bintang dulu ya soalnya dg kondisi yg sdh saya sebutkan japri overall bagus mudah2an awet lg dites dulu seminggu klo spek daleman sepertinya sesuai pesanan,28
chandra_ade,"Kondisi Barang:sangat baik
Kualitas:sangat baik",5,0,1741932421,kondisi barang sangat baik kualitas sangat baik,kondisi barang sangat baik kualitas sangat baik,7
r*****3,"Desain:bagus
Kualitas:lumayan, karena baru 1 bulan pemakaian udah rusak mesinnya, yah mungkin saya yang salah dalam penggunaannya",3,0,1730956369,desain bagus kualitas lumayan karena baru 1 bulan pemakaian udah rusak mesinnya yah mungkin saya yang salah dalam penggunaannya,desain bagus kualitas lumayan karena baru 1 bulan pemakaian udah rusak mesinnya yah mungkin saya yang salah dalam penggunaannya,19
boimwardi,"Kondisi Barang:sip
Desain:oke",5,0,1741769135,kondisi barang sip desain oke,kondisi barang sip desain oke,5
diaralarta,Barang nya bagus tp sayang mudah cepat panas & buku garansi nya tidak ada,4,0,1741678925,barang nya bagus tp sayang mudah cepat panas buku garansi nya tidak ada,barang nya bagus tp sayang mudah cepat panas buku garansi nya tidak ada,13
nengmira21,Semoga awet,4,0,1741679399,semoga awet,semoga awet,2
andihidayat007,"Kondisi Barang:mulis
Desain:bagus
Kualitas:baik",5,0,1741920588,kondisi barang mulis desain bagus kualitas baik,kondisi barang mulis desain bagus kualitas baik,7
s*****a,Sepadan dengan Harga:kualitas oke,5,0,1742185121,sepadan dengan harga kualitas oke,sepadan dengan harga kualitas oke,5
1kms7dzxt_,Fitur Terbaik:mantap cepetnya,5,0,1741934749,fitur terbaik mantap cepetnya,fitur terbaik mantap cepetnya,4
namakunurdin,,4,0,1741680446,,nan,1
nurulidepranada,,4,0,1741679812,,nan,1
w*****2,Kedua kali beli laptop disini dan pelayanan selalu memuaskan. Barang pun sesuai pemakaian 90% mulus,5,0,1753697318,kedua kali beli laptop disini dan pelayanan selalu memuaskan barang pun sesuai pemakaian 90 mulus,kedua kali beli laptop disini dan pelayanan selalu memuaskan barang pun sesuai pemakaian 90 mulus,15
selleramanah22,"Fitur Terbaik:lumayan

Ada lecet pemakaian overall its oke namanya jg barang second",4,0,1741680549,fitur terbaik lumayan ada lecet pemakaian overall its oke namanya jg barang second,fitur terbaik lumayan ada lecet pemakaian overall its oke namanya jg barang second,13
sitysakdiah,"Desain:luman bagus
Kondisi Barang:bagus
Fungsi:berpungsi dengan baik",3,0,1737614410,desain luman bagus kondisi barang bagus fungsi berpungsi dengan baik,desain luman bagus kondisi barang bagus fungsi berpungsi dengan baik,10
n*****z,"Desain:ok
Kondisi Barang:ok
Fungsi:ok",5,0,1749875985,desain ok kondisi barang ok fungsi ok,desain ok kondisi barang ok fungsi ok,7
susmayani,,4,0,1741677857,,nan,1
rng1905,"Sepadan dengan Harga:.
Fitur Terbaik:baik

Oke",5,0,1742015661,sepadan dengan harga fitur terbaik baik oke,sepadan dengan harga fitur terbaik baik oke,7
m*****2,semoga bisa awet,4,0,1741679447,semoga bisa awet,semoga bisa awet,3
h*****p,"Desain:kerenn
Kondisi Barang:baik
Fungsi:normal madep",5,0,1753697306,desain kerenn kondisi barang baik fungsi normal madep,desain kerenn kondisi barang baik fungsi normal madep,8
rajaobral082,"Kondisi Barang:ok
Desain:ok
Kualitas:ok",5,0,1741924085,kondisi barang ok desain ok kualitas ok,kondisi barang ok desain ok kualitas ok,7
mahmud_aldho,"Sejauh ini barang sudah di test, berfungsi normal body ada lecet bekas pemakaian, seluruh slot usb, vga, hdmi normal hanya agak berkarat saja, untuk office tidak bisa digunakan karena blm di crack tapi ini mudah. Sejauh ini ok lah.terimakasih",4,0,1741679331,sejauh ini barang sudah di test berfungsi normal body ada lecet bekas pemakaian seluruh slot usb vga hdmi normal hanya agak berkarat saja untuk office tidak bisa digunakan karena blm di crack tapi ini mudah sejauh ini ok lah terimakasih,sejauh ini barang sudah di test berfungsi normal body ada lecet bekas pemakaian seluruh slot usb vga hdmi normal hanya agak berkarat saja untuk office tidak bisa digunakan karena blm di crack tapi ini mudah sejauh ini ok lah terimakasih,40
chandra_anggara162,"Kondisi Barang:lecet dikit wajar
Desain:istimewa",5,0,1741924644,kondisi barang lecet dikit wajar desain istimewa,kondisi barang lecet dikit wajar desain istimewa,7
idhulabdullah,"Desain:sesuai
Kondisi Barang:agak sedikit lecet di bahian luar
Kualitas:berkerja dengan normal",3,0,1727235932,desain sesuai kondisi barang agak sedikit lecet di bahian luar kualitas berkerja dengan normal,desain sesuai kondisi barang agak sedikit lecet di bahian luar kualitas berkerja dengan normal,14
sumarnobri1991,"Desain:cukup
Kondisi Barang:lumayan sesuai bajet
Fungsi:oke",5,0,1758946694,desain cukup kondisi barang lumayan sesuai bajet fungsi oke,desain cukup kondisi barang lumayan sesuai bajet fungsi oke,9
i*****m,Alhamdulillah barangnya bagus dan memuaskan,4,0,1741677425,alhamdulillah barangnya bagus dan memuaskan,alhamdulillah barangnya bagus dan memuaskan,5
ryrarajak,Sesuai dengan pesanan,5,0,1761538692,sesuai dengan pesanan,sesuai dengan pesanan,3
mzkomar123,"Desain:keren
Kondisi Barang:ok
Fungsi:normaal",5,0,1761538727,desain keren kondisi barang ok fungsi normaal,desain keren kondisi barang ok fungsi normaal,7
real.read,"Bagus. Pengiriman cepat. Respon penjual juga ramah dan cepat. Barang bagus, semoga terus baik. Terimakasih saya puas",5,2,1742185438,bagus pengiriman cepat respon penjual juga ramah dan cepat barang bagus semoga terus baik terimakasih saya puas,bagus pengiriman cepat respon penjual juga ramah dan cepat barang bagus semoga terus baik terimakasih saya puas,17
m13xwtsm0k,Bagus tapi partisinya cuma 1 c doang,4,1,1741681706,bagus tapi partisinya cuma 1 c doang,bagus tapi partisinya cuma 1 c doang,7
komaradi24,Ada 1 tombol yg gak ngeper. Tpi masih wort it sih,4,0,1741681487,ada 1 tombol yg gak ngeper tpi masih wort it sih,ada 1 tombol yg gak ngeper tpi masih wort it sih,11
tonny_ardiansyah,Agak Baret Dikit,4,0,1741679646,agak baret dikit,agak baret dikit,3
p*****o,Sesuai dengan pesanan,3,0,1662736456,sesuai dengan pesanan,sesuai dengan pesanan,3
rohani_sinaga85,,4,0,1741682800,,nan,1
rober.hendri,,4,0,1741681642,,nan,1
safriah81,,4,0,1741679238,,nan,1
s*****i,"overall oke banget untuk ukuran barang 2nd, ada beberapa minus kaya layarnya berongga (lemnya kurang nempel), terus bagian layar ada dissnya jg kaya bintik2 kecil, update penggunaan di hari ke 3 agak lumayan cepet panas, oke oke lah ya soalnya layarnya bener bener jernih. yang mau beli boleh banget coba ditoko ini, semoga awet dan dpt barang baguss, lovv all🫶🏻🙏🏻",3,0,1764080217,overall oke banget untuk ukuran barang 2nd ada beberapa minus kaya layarnya berongga lemnya kurang nempel terus bagian layar ada dissnya jg kaya bintik2 kecil update penggunaan di hari ke 3 agak lumayan cepet panas oke oke lah ya soalnya layarnya bener bener jernih yang mau beli boleh banget coba ditoko ini semoga awet dan dpt barang baguss lovv all,overall oke banget untuk ukuran barang 2nd ada beberapa minus kaya layarnya berongga lemnya kurang nempel terus bagian layar ada dissnya jg kaya bintik2 kecil update penggunaan di hari ke 3 agak lumayan cepet panas oke oke lah ya soalnya layarnya bener bener jernih yang mau beli boleh banget coba ditoko ini semoga awet dan dpt barang baguss lovv all,60
d*****i,"Udah cek spesifikasi nya sesuai pesanan , laptop nya hidup semua . Cas juga berfungsi . Ada tas juga ❤️ . Barang juga cepat datang , 3 hari sebelum estimasi .",5,0,1762747608,udah cek spesifikasi nya sesuai pesanan laptop nya hidup semua cas juga berfungsi ada tas juga barang juga cepat datang 3 hari sebelum estimasi,udah cek spesifikasi nya sesuai pesanan laptop nya hidup semua cas juga berfungsi ada tas juga barang juga cepat datang 3 hari sebelum estimasi,24
afdhalludien,"Desain:bagus
Kondisi Barang:masih mulus
Fungsi:barang nya berfungsi dengan baik, sayangnya hanya sedikit sekali minus nya yaitu keyboard nya, btw its ok, thanks device nya, masih berjalan dengan baik",5,0,1765028104,desain bagus kondisi barang masih mulus fungsi barang nya berfungsi dengan baik sayangnya hanya sedikit sekali minus nya yaitu keyboard nya btw its ok thanks device nya masih berjalan dengan baik,desain bagus kondisi barang masih mulus fungsi barang nya berfungsi dengan baik sayangnya hanya sedikit sekali minus nya yaitu keyboard nya btw its ok thanks device nya masih berjalan dengan baik,31
r*****n,"Barangnya sudah saya terima dengan baik 👍👍👍👍
Packingnya bagus 👌👌👌👌
Pengirimannya cepat 🫶🫶🫶🫶
Kurirnya baik dan ramah 👏👏👏👏
Terima kasih",5,0,1764217947,barangnya sudah saya terima dengan baik packingnya bagus pengirimannya cepat kurirnya baik dan ramah terima kasih,barangnya sudah saya terima dengan baik packingnya bagus pengirimannya cepat kurirnya baik dan ramah terima kasih,16
4prili42018,"Desain:oke
Kondisi Barang:bagus
Fungsi:bekerja dgn baik, baterai bertahan 1,5 jam. pengiriman super cepat.",5,0,1765152510,desain oke kondisi barang bagus fungsi bekerja dgn baik baterai bertahan 1 5 jam pengiriman super cepat,desain oke kondisi barang bagus fungsi bekerja dgn baik baterai bertahan 1 5 jam pengiriman super cepat,17
rabiatul_adawiyah20,"Desain:baik sekali
Kondisi Barang:mulus
Fungsi:lancar semuanya

Alhamdulillah sesuai dengan ekspektasi, selamat sampai di kotabaru kalsel, terimakasih",5,0,1762488189,desain baik sekali kondisi barang mulus fungsi lancar semuanya alhamdulillah sesuai dengan ekspektasi selamat sampai di kotabaru kalsel terimakasih,desain baik sekali kondisi barang mulus fungsi lancar semuanya alhamdulillah sesuai dengan ekspektasi selamat sampai di kotabaru kalsel terimakasih,19
yuliantoasri,"Telah diterima dengan baik dan benar dan sesuai dengan pesanan 
Ok sip
Terimakasih Shopee terimakasih seller terimakasih kurir",5,0,1764217123,telah diterima dengan baik dan benar dan sesuai dengan pesanan ok sip terimakasih shopee terimakasih seller terimakasih kurir,telah diterima dengan baik dan benar dan sesuai dengan pesanan ok sip terimakasih shopee terimakasih seller terimakasih kurir,18
ibeyeza,"Desain:ya...lumayan lah
Kondisi Barang:ya .. lumayan banyak baretnya..bagus karena ditutup stiker tapi..namanya juga second. kalo mau mulus ya beli baru 😁😁😁
Fungsi:blututh tidak berpungsi

Semoga awet tidak ada masalah. 
Yang jelas TDK Puas belanja disini walau responnya enak. Kalo mau beli teliti dan tanya tanya dulu dari awal biar gak kecewa.",3,0,1763647127,desain ya lumayan lah kondisi barang ya lumayan banyak baretnya bagus karena ditutup stiker tapi namanya juga second kalo mau mulus ya beli baru fungsi blututh tidak berpungsi semoga awet tidak ada masalah yang jelas tdk puas belanja disini walau responnya enak kalo mau beli teliti dan tanya tanya dulu dari awal biar gak kecewa,desain ya lumayan lah kondisi barang ya lumayan banyak baretnya bagus karena ditutup stiker tapi namanya juga second kalo mau mulus ya beli baru fungsi blututh tidak berpungsi semoga awet tidak ada masalah yang jelas tdk puas belanja disini walau responnya enak kalo mau beli teliti dan tanya tanya dulu dari awal biar gak kecewa,55
bayuadi03,"Desain:sesuai keinginan
Kondisi Barang:sempurna!!!!
Fungsi:bekerja dengan baik.

terima kasih sangat amanah walaupun second tapi keadaan laptop seperti baru, sukses selalu!!",5,0,1760000676,desain sesuai keinginan kondisi barang sempurna fungsi bekerja dengan baik terima kasih sangat amanah walaupun second tapi keadaan laptop seperti baru sukses selalu,desain sesuai keinginan kondisi barang sempurna fungsi bekerja dengan baik terima kasih sangat amanah walaupun second tapi keadaan laptop seperti baru sukses selalu,23
ebettri,"Desain:Mulussss
Kondisi Barang:sesuai dengan pesanan, mulusss
Fungsi:Normal semua",5,0,1762923063,desain mulussss kondisi barang sesuai dengan pesanan mulusss fungsi normal semua,desain mulussss kondisi barang sesuai dengan pesanan mulusss fungsi normal semua,11
lazeezjember,"Oke gpp salah kirim, tp lain kali tolong kalo seller lupa ngasih catatan dikonfirmasi dulu",5,0,1749877710,oke gpp salah kirim tp lain kali tolong kalo seller lupa ngasih catatan dikonfirmasi dulu,oke gpp salah kirim tp lain kali tolong kalo seller lupa ngasih catatan dikonfirmasi dulu,15
ummikhsan,"Desain:keren
Kondisi Barang:mulus like new
Fungsi:sesuai deskripsi",5,0,1749875949,desain keren kondisi barang mulus like new fungsi sesuai deskripsi,desain keren kondisi barang mulus like new fungsi sesuai deskripsi,10
n*****a,"Desain:keren
Kondisi Barang:datang Keadaan baik
Fungsi:sesuai deskripsi

Terimakasih seller Barang sesuai pesanan.. Semogah Awet kuat ...",5,0,1745641428,desain keren kondisi barang datang keadaan baik fungsi sesuai deskripsi terimakasih seller barang sesuai pesanan semogah awet kuat,desain keren kondisi barang datang keadaan baik fungsi sesuai deskripsi terimakasih seller barang sesuai pesanan semogah awet kuat,18
a*****i,"Kondisi Barang:Cukup Mulus
Desain:Keren warna semi Doff
Kualitas:Packaging Aman

Overall cukup puas beli disini, walaupun proses pengiriman agak lama. Kondisi barang cukup baik, engga mulus"" banget. Maklum barang second dan release tahun 2017, untuk spesifikasi jujur dari toko dengan Ram 16, SSD 512, Core i7 Gen 7, kelengkapan charger kurang tau ori atau engga, unit dan free tas laptop. 
Ketika cek keseluruhan, body"" cukup aman walaupun ada sedikit minus di bagian mousenya dan baterai health mendekati saatnya ganti sekitar 75%anlah. Tapi ketutup dengan keyboard backlight yg nyala, port"" aman, screen aman dan udh touchscreen. Fitur lain ada fingerprint tapi belum di coba, kualitas speaker lumayan halus bawaan dell dan camera aman juga. Untuk uji ketahanan baterai belum dicoba, tapi thankyou seller telah menjual produk dengan kejujuran 🙏 terimakasih",5,0,1741924978,kondisi barang cukup mulus desain keren warna semi doff kualitas packaging aman overall cukup puas beli disini walaupun proses pengiriman agak lama kondisi barang cukup baik engga mulus banget maklum barang second dan release tahun 2017 untuk spesifikasi jujur dari toko dengan ram 16 ssd 512 core i7 gen 7 kelengkapan charger kurang tau ori atau engga unit dan free tas laptop ketika cek keseluruhan body cukup aman walaupun ada sedikit minus di bagian mousenya dan baterai health mendekati saatnya ganti sekitar 75 anlah tapi ketutup dengan keyboard backlight yg nyala port aman screen aman dan udh touchscreen fitur lain ada fingerprint tapi belum di coba kualitas speaker lumayan halus bawaan dell dan camera aman juga untuk uji ketahanan baterai belum dicoba tapi thankyou seller telah menjual produk dengan kejujuran terimakasih,kondisi barang cukup mulus desain keren warna semi doff kualitas packaging aman overall cukup puas beli disini walaupun proses pengiriman agak lama kondisi barang cukup baik engga mulus banget maklum barang second dan release tahun 2017 untuk spesifikasi jujur dari toko dengan ram 16 ssd 512 core i7 gen 7 kelengkapan charger kurang tau ori atau engga unit dan free tas laptop ketika cek keseluruhan body cukup aman walaupun ada sedikit minus di bagian mousenya dan baterai health mendekati saatnya ganti sekitar 75 anlah tapi ketutup dengan keyboard backlight yg nyala port aman screen aman dan udh touchscreen fitur lain ada fingerprint tapi belum di coba kualitas speaker lumayan halus bawaan dell dan camera aman juga untuk uji ketahanan baterai belum dicoba tapi thankyou seller telah menjual produk dengan kejujuran terimakasih,131
fickiealpha,"Alhamdulillah brg bagus, mulus dan sesuai spek. Trimaksh. Rekomen seller",5,0,1745641609,alhamdulillah brg bagus mulus dan sesuai spek trimaksh rekomen seller,alhamdulillah brg bagus mulus dan sesuai spek trimaksh rekomen seller,10
kochenkoren646,"Desain:Bagus
Kondisi Barang:Sangat bagus
Fungsi:normal,lancar tidak ada kendala

Sangat bagus berfungsi normal,tidak ada kendala semua tombol berfungsi dan tidak ada kerusakan",5,0,1741670898,desain bagus kondisi barang sangat bagus fungsi normal lancar tidak ada kendala sangat bagus berfungsi normal tidak ada kendala semua tombol berfungsi dan tidak ada kerusakan,desain bagus kondisi barang sangat bagus fungsi normal lancar tidak ada kendala sangat bagus berfungsi normal tidak ada kendala semua tombol berfungsi dan tidak ada kerusakan,26
byu__x,"Sepadan dengan Harga:sepadan

Untuk pengiriman sesuai dg jadwal,, utk kualitas oke,, respon peniual juga baik,,
Tingkt kemanan pengiriman sangat tinggi,,
Laptop berfungsi dg baik,, cumn ad beberapa app harus update,, tpi semua itu bkn masalah besar,,, semoga awet
Terimakasih...",5,1,1742014284,sepadan dengan harga sepadan untuk pengiriman sesuai dg jadwal utk kualitas oke respon peniual juga baik tingkt kemanan pengiriman sangat tinggi laptop berfungsi dg baik cumn ad beberapa app harus update tpi semua itu bkn masalah besar semoga awet terimakasih,sepadan dengan harga sepadan untuk pengiriman sesuai dg jadwal utk kualitas oke respon peniual juga baik tingkt kemanan pengiriman sangat tinggi laptop berfungsi dg baik cumn ad beberapa app harus update tpi semua itu bkn masalah besar semoga awet terimakasih,40
upmeee,"Sepadan dengan Harga:sangat worth it 👍

Awalnya ragu buat beli, tapi waktu barangnya datang ternyata sangat bagus padahal second tapi masih mulus dan sistem masih oke 👍. Admin nya ya ramah. Dikasih produk yang terbaik pula, plus free tas laptop. Sukses selalu buat seller, semoga ini bisa dipakai jangka waktu lama 🙌",5,0,1741933550,sepadan dengan harga sangat worth it awalnya ragu buat beli tapi waktu barangnya datang ternyata sangat bagus padahal second tapi masih mulus dan sistem masih oke admin nya ya ramah dikasih produk yang terbaik pula plus free tas laptop sukses selalu buat seller semoga ini bisa dipakai jangka waktu lama,sepadan dengan harga sangat worth it awalnya ragu buat beli tapi waktu barangnya datang ternyata sangat bagus padahal second tapi masih mulus dan sistem masih oke admin nya ya ramah dikasih produk yang terbaik pula plus free tas laptop sukses selalu buat seller semoga ini bisa dipakai jangka waktu lama,50
w*****e,"Laptop nya bagus walaupun second. Alhamdulillah memuaskan. Charger berfungsi dg baik. Brightness nya aku turunin ke level 40%. Silau bgt soal nya. Gk ada backlit keyboarnya hihi
Body nya jg mulus. Laptop nya tipis tp kokoh. Spek sesuai. Bgtu nyampek lngsung ak pake kerja krna ada deadline akhir bulan 🤣",5,0,1741926937,laptop nya bagus walaupun second alhamdulillah memuaskan charger berfungsi dg baik brightness nya aku turunin ke level 40 silau bgt soal nya gk ada backlit keyboarnya hihi body nya jg mulus laptop nya tipis tp kokoh spek sesuai bgtu nyampek lngsung ak pake kerja krna ada deadline akhir bulan,laptop nya bagus walaupun second alhamdulillah memuaskan charger berfungsi dg baik brightness nya aku turunin ke level 40 silau bgt soal nya gk ada backlit keyboarnya hihi body nya jg mulus laptop nya tipis tp kokoh spek sesuai bgtu nyampek lngsung ak pake kerja krna ada deadline akhir bulan,49
fauziahdewia,"Kondisi Barang:Good, sesuai deskripsi
Desain:Interesting
Kualitas:Recommended

Sudah seminggu coba pakai baru review. Sejauh ini baterai awet, laptop mudah dan cepat diajak kerja, nyaman juga keyboardnya empuk. Semoga aweeet seterusnya. Thanks seller, admin, teknisi, masalah di awal pembelian solved.",5,0,1741923044,kondisi barang good sesuai deskripsi desain interesting kualitas recommended sudah seminggu coba pakai baru review sejauh ini baterai awet laptop mudah dan cepat diajak kerja nyaman juga keyboardnya empuk semoga aweeet seterusnya thanks seller admin teknisi masalah di awal pembelian solved,kondisi barang good sesuai deskripsi desain interesting kualitas recommended sudah seminggu coba pakai baru review sejauh ini baterai awet laptop mudah dan cepat diajak kerja nyaman juga keyboardnya empuk semoga aweeet seterusnya thanks seller admin teknisi masalah di awal pembelian solved,41
a*****5,"Desain:barang aman dan bagus
Kondisi Barang:kondisi keseluruhan ok,
Kualitas:fungsi aman semua.

Barang bagus dan sesuai. Kualitas ok. namun ada sedikit minus pada rubber bawah hilang 1 jadi agak licin, dent pemakaian ok. ada suara baut lepas di dalam.",5,0,1741770575,desain barang aman dan bagus kondisi barang kondisi keseluruhan ok kualitas fungsi aman semua barang bagus dan sesuai kualitas ok namun ada sedikit minus pada rubber bawah hilang 1 jadi agak licin dent pemakaian ok ada suara baut lepas di dalam,desain barang aman dan bagus kondisi barang kondisi keseluruhan ok kualitas fungsi aman semua barang bagus dan sesuai kualitas ok namun ada sedikit minus pada rubber bawah hilang 1 jadi agak licin dent pemakaian ok ada suara baut lepas di dalam,41
arief.pln,"Kondisi Barang:Baik Sesuai Deskripsi
Kualitas:Baik
Desain:Bagus

Tadi saya coba lepas tidak pakai charger Baterai lumayan cukup lama ketahan nya. semoga awet",5,1,1741933357,kondisi barang baik sesuai deskripsi kualitas baik desain bagus tadi saya coba lepas tidak pakai charger baterai lumayan cukup lama ketahan nya semoga awet,kondisi barang baik sesuai deskripsi kualitas baik desain bagus tadi saya coba lepas tidak pakai charger baterai lumayan cukup lama ketahan nya semoga awet,24
lulouadzan,"Fitur Terbaik:All Of Dell Latitude Specification Is Here
Sepadan dengan Harga:Untuk Harga Segini, Cukup Sepadan

Barang Second Berkualitas.
Harus Terima Minusnya, Tapi Sangat Worthed.
Pilihan Masing-Masing.
Kalau Saya, Yess !!",5,0,1742878025,fitur terbaik all of dell latitude specification is here sepadan dengan harga untuk harga segini cukup sepadan barang second berkualitas harus terima minusnya tapi sangat worthed pilihan masing masing kalau saya yess,fitur terbaik all of dell latitude specification is here sepadan dengan harga untuk harga segini cukup sepadan barang second berkualitas harus terima minusnya tapi sangat worthed pilihan masing masing kalau saya yess,32
algymayag,"Sepadan dengan Harga:sepadan
Fitur Terbaik:7290 i5 gen 7

Barang mulus , fungsi juga normal, moga gak ada masalah kedepannya, admin ramah fast respon, recommended seller terimakasih banyak ya 🙏🙏🙏",5,0,1742011232,sepadan dengan harga sepadan fitur terbaik 7290 i5 gen 7 barang mulus fungsi juga normal moga gak ada masalah kedepannya admin ramah fast respon recommended seller terimakasih banyak ya,sepadan dengan harga sepadan fitur terbaik 7290 i5 gen 7 barang mulus fungsi juga normal moga gak ada masalah kedepannya admin ramah fast respon recommended seller terimakasih banyak ya,29
andikwidodo88,"Kondisi Barang:mulus seperti baru
Desain:desain menarik
Kualitas:sangat bagus..

Maaf kepencet ama anak tadi bintang dua untuk kurirnya....gak bisa dirubah...🙏padahal pengiriman baik....🙏🙏",5,0,1741924032,kondisi barang mulus seperti baru desain desain menarik kualitas sangat bagus maaf kepencet ama anak tadi bintang dua untuk kurirnya gak bisa dirubah padahal pengiriman baik,kondisi barang mulus seperti baru desain desain menarik kualitas sangat bagus maaf kepencet ama anak tadi bintang dua untuk kurirnya gak bisa dirubah padahal pengiriman baik,26
ujerahmat991,Alhamdulillah laptop nya bagus banget anak sy seneng tks udah nyampe hari Minggu karena hari Senin di pakai tks seller dan kurir nya sehat selalu untuk semua nya Aamiin aamiin yrb 🙏,5,0,1741766550,alhamdulillah laptop nya bagus banget anak sy seneng tks udah nyampe hari minggu karena hari senin di pakai tks seller dan kurir nya sehat selalu untuk semua nya aamiin aamiin yrb,alhamdulillah laptop nya bagus banget anak sy seneng tks udah nyampe hari minggu karena hari senin di pakai tks seller dan kurir nya sehat selalu untuk semua nya aamiin aamiin yrb,31
melda_yenti13,"Kondisi Barang:sangat bagus
Kualitas:memuaskan
Desain:bagus

Laptopnya bagus,kualitas oke,  ini pembelian saya yang ke-3 kalinya di toko ini, sangat memuaskan, makasih ya gan....👌👌",5,0,1741931452,kondisi barang sangat bagus kualitas memuaskan desain bagus laptopnya bagus kualitas oke ini pembelian saya yang ke 3 kalinya di toko ini sangat memuaskan makasih ya gan,kondisi barang sangat bagus kualitas memuaskan desain bagus laptopnya bagus kualitas oke ini pembelian saya yang ke 3 kalinya di toko ini sangat memuaskan makasih ya gan,27
r*****8,"Desain:menarik dengan detail yang apik
Kondisi Barang:datang dalam keadaan mulus
Fungsi:bekerja dengan baik sesuai harapan

MantuL alias mantap betul ini",5,0,1741675736,desain menarik dengan detail yang apik kondisi barang datang dalam keadaan mulus fungsi bekerja dengan baik sesuai harapan mantul alias mantap betul ini,desain menarik dengan detail yang apik kondisi barang datang dalam keadaan mulus fungsi bekerja dengan baik sesuai harapan mantul alias mantap betul ini,23
t*****0,"Pengiriman super duper cepet banget.. pesen tgl 29, tgl 30 nya nyampe..
Alhamdulillah walaupun second tapi masih bagus, semoga awet dan tetap normal di pake nya.
Thank seller 🙏",5,0,1741926953,pengiriman super duper cepet banget pesen tgl 29 tgl 30 nya nyampe alhamdulillah walaupun second tapi masih bagus semoga awet dan tetap normal di pake nya thank seller,pengiriman super duper cepet banget pesen tgl 29 tgl 30 nya nyampe alhamdulillah walaupun second tapi masih bagus semoga awet dan tetap normal di pake nya thank seller,28
hidayat94p,"Alhamdulillah barang sampai dengan selamat, sudah ditest semuanya aman sesuai deskripsi, tokonya amanah, dengan harga segitu dapat spek yang bagus, mantaapppp, sukses terus",5,0,1741933532,alhamdulillah barang sampai dengan selamat sudah ditest semuanya aman sesuai deskripsi tokonya amanah dengan harga segitu dapat spek yang bagus mantaapppp sukses terus,alhamdulillah barang sampai dengan selamat sudah ditest semuanya aman sesuai deskripsi tokonya amanah dengan harga segitu dapat spek yang bagus mantaapppp sukses terus,23
arga13.,"Kondisi Barang:lumayan
Desain:ok
Kualitas:lumayan

Semuany sih okk, minus nya cm di karet bawah laptop ga ada satu hehe. Tp gpp namanya jg barang second. Tp over all bagus 👊🏻",4,0,1741680370,kondisi barang lumayan desain ok kualitas lumayan semuany sih okk minus nya cm di karet bawah laptop ga ada satu hehe tp gpp namanya jg barang second tp over all bagus,kondisi barang lumayan desain ok kualitas lumayan semuany sih okk minus nya cm di karet bawah laptop ga ada satu hehe tp gpp namanya jg barang second tp over all bagus,31
hendrashptr,"Fisik 95%, performa 90%, kelengkapan oke, pengiriman mantap. Untuk selebihnya kita liat pemakaian, overall worth It untuk harganya. Pengiriman juga cepat. Josss🔥🔥🔥",5,0,1741934437,fisik 95 performa 90 kelengkapan oke pengiriman mantap untuk selebihnya kita liat pemakaian overall worth it untuk harganya pengiriman juga cepat josss,fisik 95 performa 90 kelengkapan oke pengiriman mantap untuk selebihnya kita liat pemakaian overall worth it untuk harganya pengiriman juga cepat josss,22
wantyardika,"Kondisi Barang:baik
Desain:bagus
Kualitas:bagus

demi apa laptop ny bagus bangeeeet ngeeeet....like a new.☺☺☺☺ dan ramah sekali penjualnya.......makasih ya kak...",5,0,1741767530,kondisi barang baik desain bagus kualitas bagus demi apa laptop ny bagus bangeeeet ngeeeet like a new dan ramah sekali penjualnya makasih ya kak,kondisi barang baik desain bagus kualitas bagus demi apa laptop ny bagus bangeeeet ngeeeet like a new dan ramah sekali penjualnya makasih ya kak,24
alfanilingga,"Sepadan dengan Harga:bagus

Baik dan bagus ga ragu untuk beli lagi,admin fast respon",5,1,1742015051,sepadan dengan harga bagus baik dan bagus ga ragu untuk beli lagi admin fast respon,sepadan dengan harga bagus baik dan bagus ga ragu untuk beli lagi admin fast respon,15
misbahuldmunir,"Sudah ditest nyala dengan baik, loading cepat, kondisi mulus, keyboard masih oke, baterey masih lumayan(belum test ketahanan sepenuhnya)
semoga awet.",5,0,1741932740,sudah ditest nyala dengan baik loading cepat kondisi mulus keyboard masih oke baterey masih lumayan belum test ketahanan sepenuhnya semoga awet,sudah ditest nyala dengan baik loading cepat kondisi mulus keyboard masih oke baterey masih lumayan belum test ketahanan sepenuhnya semoga awet,21
mukhliscaem1,"Kondisi Barang:baguss mulus
Desain:bagus
Kualitas:okey

Sangat cocok untuk pelajar mahasiswa atau pekerjaan kantoran desain. Terimakasih kaka, hihi",5,0,1741924577,kondisi barang baguss mulus desain bagus kualitas okey sangat cocok untuk pelajar mahasiswa atau pekerjaan kantoran desain terimakasih kaka hihi,kondisi barang baguss mulus desain bagus kualitas okey sangat cocok untuk pelajar mahasiswa atau pekerjaan kantoran desain terimakasih kaka hihi,20
asepsuhendi13,"Kondisi Barang:baik
Desain:baik
Kualitas:baik

kecepatan jasa kurir sangat kebut, unit berjalan dengan normal hanya banyak lecet2 d bagian samping!",5,0,1741927112,kondisi barang baik desain baik kualitas baik kecepatan jasa kurir sangat kebut unit berjalan dengan normal hanya banyak lecet2 d bagian samping,kondisi barang baik desain baik kualitas baik kecepatan jasa kurir sangat kebut unit berjalan dengan normal hanya banyak lecet2 d bagian samping,22
dadanrisdianapratama90,"Fitur Terbaik:pengirimannya cepat,barang nya berfungsi dgn baik,semoga awet dipakainya.penjualnya pass respon gercep makasih shopee & kurirnya...🤗",5,0,1742015064,fitur terbaik pengirimannya cepat barang nya berfungsi dgn baik semoga awet dipakainya penjualnya pass respon gercep makasih shopee kurirnya,fitur terbaik pengirimannya cepat barang nya berfungsi dgn baik semoga awet dipakainya penjualnya pass respon gercep makasih shopee kurirnya,19
te2kx5nsy_,"Kondisi Barang:baik dan mulus
Desain:bagus
Kualitas:untuk kualitas baik,

diawal sempat khawatir tetapi setelah barang datang alhamdulillah aman dan amanah.",4,0,1741680326,kondisi barang baik dan mulus desain bagus kualitas untuk kualitas baik diawal sempat khawatir tetapi setelah barang datang alhamdulillah aman dan amanah,kondisi barang baik dan mulus desain bagus kualitas untuk kualitas baik diawal sempat khawatir tetapi setelah barang datang alhamdulillah aman dan amanah,22
f8ucaczvez,"Kondisi Barang:laptop kondisi bagus dan mulus, harga terjangkau dan spesifikasi sesuai yang ditawarkan.
Desain:bagus
Kualitas:sangat baik",5,0,1741767351,kondisi barang laptop kondisi bagus dan mulus harga terjangkau dan spesifikasi sesuai yang ditawarkan desain bagus kualitas sangat baik,kondisi barang laptop kondisi bagus dan mulus harga terjangkau dan spesifikasi sesuai yang ditawarkan desain bagus kualitas sangat baik,19
ant.ink,"mantap pengirimannya cepet bgt, barang sampai dngan selamat tnpa cacat, sedang dicoba ltopnya smoga tidak ada kendala, mantap pokoknya",5,0,1741940798,mantap pengirimannya cepet bgt barang sampai dngan selamat tnpa cacat sedang dicoba ltopnya smoga tidak ada kendala mantap pokoknya,mantap pengirimannya cepet bgt barang sampai dngan selamat tnpa cacat sedang dicoba ltopnya smoga tidak ada kendala mantap pokoknya,19
y*****w,"Sepadan dengan Harga:sejauh ini sesuai yaa
Fitur Terbaik:semoga awet

Barang sesuai pesanan semoga awet terima kasiu seller",5,0,1741936283,sepadan dengan harga sejauh ini sesuai yaa fitur terbaik semoga awet barang sesuai pesanan semoga awet terima kasiu seller,sepadan dengan harga sejauh ini sesuai yaa fitur terbaik semoga awet barang sesuai pesanan semoga awet terima kasiu seller,19
j*****t,"Lumayan menunggu lama diterimanya,bagus barangnya semoga bermanfaat dan awet..semoga tidak ada kendala apapun🙏🤲",5,0,1741931434,lumayan menunggu lama diterimanya bagus barangnya semoga bermanfaat dan awet semoga tidak ada kendala apapun,lumayan menunggu lama diterimanya bagus barangnya semoga bermanfaat dan awet semoga tidak ada kendala apapun,15
witoyo86,"Fitur Terbaik:Terbaik
Sepadan dengan Harga:Sepadan

Terima kasih produk sesuai dan dapat berfungsi dengan baik.",5,0,1742006645,fitur terbaik terbaik sepadan dengan harga sepadan terima kasih produk sesuai dan dapat berfungsi dengan baik,fitur terbaik terbaik sepadan dengan harga sepadan terima kasih produk sesuai dan dapat berfungsi dengan baik,16
nailinatech,"Kondisi Barang:Mulus,bersih 95%
Desain:Ramping, slim
Kualitas:100% berfungsi dengan baik

Rekomended seller..",5,0,1741924594,kondisi barang mulus bersih 95 desain ramping slim kualitas 100 berfungsi dengan baik rekomended seller,kondisi barang mulus bersih 95 desain ramping slim kualitas 100 berfungsi dengan baik rekomended seller,15
irnanhasetiawan,untuk laptop second bisa d bilang mulus. moga awet dan tidak ada kendala apa-apa. maaf telat ngasih ulasan.,5,0,1741927121,untuk laptop second bisa d bilang mulus moga awet dan tidak ada kendala apa apa maaf telat ngasih ulasan,untuk laptop second bisa d bilang mulus moga awet dan tidak ada kendala apa apa maaf telat ngasih ulasan,19
nandaputri1910,"Packing aman, kualitas masih oke, cuma ada beberapa bagian yg lecet, tapi ga keliatan. Keren bgt, sukaaaa",5,0,1741935468,packing aman kualitas masih oke cuma ada beberapa bagian yg lecet tapi ga keliatan keren bgt sukaaaa,packing aman kualitas masih oke cuma ada beberapa bagian yg lecet tapi ga keliatan keren bgt sukaaaa,17
cumik.id,"Kipas dalam bunyi sih tp yaa ok lah namanya jg bekas
Mantap joss lah pokok nya 🔪
Semoga laris seller",5,0,1742016002,kipas dalam bunyi sih tp yaa ok lah namanya jg bekas mantap joss lah pokok nya semoga laris seller,kipas dalam bunyi sih tp yaa ok lah namanya jg bekas mantap joss lah pokok nya semoga laris seller,19
yusrildewantara,"Kondisi Barang:good
Desain:good
Kualitas:good

Thanks seller good.. moga makin laris",5,0,1741768359,kondisi barang good desain good kualitas good thanks seller good moga makin laris,kondisi barang good desain good kualitas good thanks seller good moga makin laris,13
ipoeng99,"Barang di terima dengan aman
Semoga awet.. 
Pengiriman cepat.. 
Wush..",5,0,1741931322,barang di terima dengan aman semoga awet pengiriman cepat wush,barang di terima dengan aman semoga awet pengiriman cepat wush,10
ampunom486,"Penjual amanah, pengiriman cepat, barang sesuai dan  semoga awet.",5,0,1741766430,penjual amanah pengiriman cepat barang sesuai dan semoga awet,penjual amanah pengiriman cepat barang sesuai dan semoga awet,9
e1lgaibyg0,Terimakasih barang sudah sampai.. Sudah dicoba berfungsi semua,5,0,1742011044,terimakasih barang sudah sampai sudah dicoba berfungsi semua,terimakasih barang sudah sampai sudah dicoba berfungsi semua,8
s*****m,Alhamdulillah barang sudah sampai dan sesuai pesanan saya,5,0,1741934856,alhamdulillah barang sudah sampai dan sesuai pesanan saya,alhamdulillah barang sudah sampai dan sesuai pesanan saya,8
chandraruli,Sesuai expektasi semoga awet dan tidak ada masalah,5,0,1741770669,sesuai expektasi semoga awet dan tidak ada masalah,sesuai expektasi semoga awet dan tidak ada masalah,8
tonyinstrument,,5,0,1758946815,,nan,1
d*****1,"Desain:simple
Kondisi Barang:bagus
Fungsi:bagus",5,0,1758947069,desain simple kondisi barang bagus fungsi bagus,desain simple kondisi barang bagus fungsi bagus,7
r*****2,Semua berfungsi dengan baik,5,0,1765148547,semua berfungsi dengan baik,semua berfungsi dengan baik,4
s*****r,,5,0,1762488229,,nan,1
j0n_c0nn3nt,"Kondisi Barang:Alhamdulillah baik
Fungsi:normal",5,0,1764218547,kondisi barang alhamdulillah baik fungsi normal,kondisi barang alhamdulillah baik fungsi normal,6
bundayati01051962,,5,0,1752039298,,nan,1
uswasobari,,5,0,1749876437,,nan,1
bungkarno068,Kondisi Barang:laptop tidak bisa dcash,1,0,1745284431,kondisi barang laptop tidak bisa dcash,kondisi barang laptop tidak bisa dcash,6
vii_ann,,5,0,1745641668,,nan,1
johnlajar,,5,0,1742183203,,nan,1
cottonmap,,5,0,1742184028,,nan,1
,Bagus sesuai spek semoga awet,5,1,1742011048,bagus sesuai spek semoga awet,bagus sesuai spek semoga awet,5
7*****s,Layarnya rusak sebelah,3,1,1727933199,layarnya rusak sebelah,layarnya rusak sebelah,3
m*****5,"performa baik, kondisi baik, terima kasih banyakk",5,0,1741938433,performa baik kondisi baik terima kasih banyakk,performa baik kondisi baik terima kasih banyakk,7
f*****p,"Fitur Terbaik:ok
Sepadan dengan Harga:iya",5,0,1741935004,fitur terbaik ok sepadan dengan harga iya,fitur terbaik ok sepadan dengan harga iya,7
f*****1,"Alhamdulillah, terima kasih banyak",4,0,1741681900,alhamdulillah terima kasih banyak,alhamdulillah terima kasih banyak,4
azanzuhur,,5,0,1741924632,,nan,1
andi_azka06,,5,0,1741934675,,nan,1
novanivt,,5,0,1741934643,,nan,1
miftamithasam,,5,0,1741924605,,nan,1
hendikendi548,,5,0,1741932637,,nan,1
a*****_,,5,0,1741924337,,nan,1
elba1002,,5,0,1741932477,,nan,1
karpins,,1,0,1746419726,,nan,1
abrar_habibullah,,5,0,1742183623,,nan,1
m*****5,,4,0,1741681824,,nan,1
doyana.etyka,,3,0,1727145761,,nan,1
gutara_yunie,,5,0,1735967568,,nan,1
andysuherlan,,3,0,1728998729,,nan,1
fahmifauzisetiawan,,3,0,1718367608,,nan,1
udandika595,,5,0,1735967300,,nan,1
maulana1424,,3,0,1727947650,,nan,1
semarotomotif,,3,0,1733233094,,nan,1
hendiwantoro,,3,0,1714618390,,nan,1
nafrotullailiyah,,2,1,1722870199,,nan,1
6rucc_3l_j,,3,0,1739972343,,nan,1
rudychandra99,,5,0,1735967192,,nan,1
miftahulqodrilr,,1,1,1737597397,,nan,1
sunantiyem,,1,2,1737597418,,nan,1
rositahandari,,5,0,1765022477,,nan,1
trie_70,,5,0,1746859660,,nan,1
putripatria1997,,5,0,1744350789,,nan,1
prahita29,,5,0,1762488157,,nan,1
ukhtyelkalifa,,5,0,1745641458,,nan,1
restuhaqiqi,,4,0,1761538674,,nan,1
yethiasriani18,,5,0,1752037890,,nan,1
ricopratamaismanto,,5,0,1762488226,,nan,1
v*****9,,5,0,1753697074,,nan,1
jokotole01,,5,0,1760000580,,nan,1
mhmmdzidant,,5,0,1742192227,,nan,1
bakoulan,,5,0,1753696915,,nan,1
w*****2,,5,0,1761192979,,nan,1
vhir2srva1,,5,0,1760000538,,nan,1
dina.dina31,,5,0,1765119410,,nan,1
rdalam,,5,0,1765245813,,nan,1
serupa_batik,,5,0,1746859704,,nan,1
thomasmaulana658,,3,0,1740912777,,nan,1
safriah81,,3,0,1762830187,,nan,1
surip_muhamad,,5,0,1763352696,,nan,1
robimaulanaishak,,1,0,1753875515,,nan,1
ricohermawan_,,5,0,1745641447,,nan,1
julyan99,,5,0,1746859698,,nan,1
mamahraka,,5,0,1759568965,,nan,1
hawa81735,,5,0,1761973343,,nan,1
weelhia,,5,0,1741671178,,nan,1
rendipdonovan,,5,0,1764915256,,nan,1
ebettri,,5,0,1744350813,,nan,1
daniyahrj23,,5,0,1754732411,,nan,1
ippsupriadi447,,4,0,1761973352,,nan,1
gefoojuf,,4,0,1761039534,,nan,1
nanalilia1,,5,0,1744350942,,nan,1
varel2374,,5,0,1761039583,,nan,1
dhanyblu33,,5,0,1759568932,,nan,1
s*****e,,5,0,1741671270,,nan,1
tatilukman04,,3,0,1741676534,,nan,1
evisrymarianisaragih,,5,0,1746859870,,nan,1
adihdyh05,,5,0,1754732721,,nan,1
uncle_abe,,5,0,1760000806,,nan,1
sahadpw,,5,0,1764915426,,nan,1
4veb8shfp0,,5,0,1754732760,,nan,1
mamahraka,,5,0,1754732749,,nan,1
hardono_1281,,5,0,1764915505,,nan,1
syaiphulfahry,,5,0,1752038013,,nan,1
q*****v,,5,0,1746859905,,nan,1
sryxontimcool,,4,0,1744351641,,nan,1
sukuriyono2,,5,0,1758947091,,nan,1
irmafebriani98,,5,0,1744351039,,nan,1
farida0987,,5,0,1746859923,,nan,1
nesa_herlambang,,5,0,1764218528,,nan,1
a_kurniawan999,,5,0,1745641684,,nan,1
andezabimanyu,,5,0,1745641679,,nan,1
dedidarmawansyah980,,5,0,1753697210,,nan,1
imamnasution29,,5,0,1754732998,,nan,1
sunddd_22,,4,0,1752039787,,nan,1
pratiwinuraisyah2,,5,0,1745641746,,nan,1
n*****i,,5,0,1741672024,,nan,1
eddysusanto703,,5,0,1758947316,,nan,1
arthanadhika777,,5,0,1753697315,,nan,1
lestari_moralisaa,,5,0,1754733182,,nan,1
oshyngatol,,4,0,1764218585,,nan,1
supriadian,,5,0,1752039372,,nan,1
ajinandito97,,5,0,1744351023,,nan,1
lovellyraihanah,,5,0,1744351009,,nan,1
bramadistyra,,5,0,1741671516,,nan,1
34jg4zzalf,,5,0,1749876377,,nan,1
luccyahmad,,5,0,1749876394,,nan,1
ms.design_and_printing,,5,0,1749876479,,nan,1
pujiilahi,,5,0,1753697433,,nan,1
mustofa58,,5,0,1741672164,,nan,1
den_kastoeri,,5,0,1758947830,,nan,1
umahramo,,5,0,1749876515,,nan,1
desyrozana,,5,0,1741672148,,nan,1
t*****i,,5,0,1752039607,,nan,1
varizky09,,5,0,1753697502,,nan,1
nurdinnasabilla,,4,0,1749878358,,nan,1
r*****9,,5,0,1741672105,,nan,1
renigumelar10,,1,0,1762416604,,nan,1
akhsubkhan,,5,0,1758948049,,nan,1
bass.ankes,,5,0,1749876728,,nan,1
darwin.minangkabau,,5,0,1752039649,,nan,1
wkb09,,5,0,1752039618,,nan,1
deddyihsan,,5,0,1754733169,,nan,1
edwintoma,,4,0,1744351654,,nan,1
azcloting99,,5,0,1752039663,,nan,1
varizky09,,5,0,1758947969,,nan,1
ms.design_and_printing,,4,0,1749878425,,nan,1
rhma_rhma,,5,0,1741672391,,nan,1
asdf09876_,,4,0,1741672360,,nan,1
tatang0111,,5,0,1749877718,,nan,1
rio7717,,5,0,1749877933,,nan,1
ebettri,,5,0,1749877861,,nan,1
satria0510,,5,0,1741672735,,nan,1
a*****n,,5,0,1741672434,,nan,1
firman.djafar,,5,0,1741672691,,nan,1
hadianor13,,5,0,1749878146,,nan,1
dewi_surya_hastuti,,5,0,1741672749,,nan,1
triosandi652,,5,0,1741672564,,nan,1
ariffahrudin447,,5,0,1741672730,,nan,1
issnawa11,,5,0,1758949636,,nan,1
d*****7,,5,0,1741674446,,nan,1
cijokejo,,5,0,1754732934,,nan,1
sadatlandjar,,5,0,1741674334,,nan,1
nizar.plg,,5,0,1741674578,,nan,1
elcahya29,,5,0,1741674661,,nan,1
juslamin,,5,0,1741674891,,nan,1
detrypm___,,5,0,1741674859,,nan,1
kil90cq7dw,,5,0,1741674902,,nan,1
xelo_fabello,,5,0,1741674971,,nan,1
bembenk28,,5,0,1741675249,,nan,1
ratihecha10,,5,0,1741675117,,nan,1
n*****a,,5,0,1741675078,,nan,1
pratamatv01,,5,0,1741675244,,nan,1
pratamatv01,,5,0,1741675603,,nan,1
ronirahmat719,,5,0,1741675616,,nan,1
danildelucha,,5,0,1741676024,,nan,1
suanfri,,4,0,1741676191,,nan,1
enggon_outdoorsbyrequest,,5,0,1741676049,,nan,1
andrisiap,,5,0,1741676131,,nan,1
0.cyc,,4,1,1741676211,,nan,1
banjarid,,5,0,1741676433,,nan,1
juwitaita461,,5,0,1741676225,,nan,1
dahliapratiwi2008,,5,0,1741677439,,nan,1
yanuardano,,5,0,1741676817,,nan,1
paras_beauty_jabar_96,,5,0,1741677682,,nan,1
ahadianan,,5,0,1741677381,,nan,1
kang_haerul,,5,0,1741677402,,nan,1
jamalsukau789,,4,0,1741676577,,nan,1
sasmytha94,,4,0,1741674512,,nan,1
b*****6,,5,0,1741678326,,nan,1
habibie12102015,,5,0,1741679297,,nan,1
aww1111,,5,0,1741679778,,nan,1
w*****g,,4,0,1741676633,,nan,1
upikfitrianingsih,,5,0,1741679826,,nan,1
wahyuigoor,,5,0,1741679341,,nan,1
elva051294,,5,0,1741680046,,nan,1
m3japm,,5,0,1741679436,,nan,1
denirustandi85,,5,0,1741679448,,nan,1
osimmtsmkusp,,5,0,1741679425,,nan,1
exodenzie,,5,0,1741679636,,nan,1
pratamatv01,,5,0,1741679522,,nan,1
idrisbl,,5,0,1741679632,,nan,1
andriyawan1999,,5,0,1741679658,,nan,1
rio2241,,5,0,1741680171,,nan,1
mandala_53,,5,0,1741679889,,nan,1
rhemrev0912,,5,0,1741679977,,nan,1
liaaylie,,5,0,1741680237,,nan,1
111222333telek,,5,0,1741680024,,nan,1
fast_deal_market,,5,0,1741681116,,nan,1
mjr.indo,,5,0,1741681336,,nan,1
orchidbrand.officialstore,,5,0,1741681771,,nan,1
ava7ar,,5,0,1741680184,,nan,1
masayujunaedah,,5,0,1741680441,,nan,1
razakfatiha,,5,0,1741680329,,nan,1
meggaw16,,5,0,1741680354,,nan,1
galihrijal650,,5,0,1741680274,,nan,1
zilvy_sabrina,,5,0,1741681016,,nan,1
supostikerlabel,,5,0,1741681171,,nan,1
darorolita,,5,0,1741680703,,nan,1
f*****.,,5,0,1741682501,,nan,1
neatatipikalawan,,5,0,1741684839,,nan,1
lm_store22,,5,0,1741684621,,nan,1
donny.kusuma34,,5,0,1741681352,,nan,1
pahmi21584,,5,0,1741681393,,nan,1
onerusia,,5,0,1741681972,,nan,1
d*****8,,5,0,1741681519,,nan,1
jiqistore,,5,0,1741685980,,nan,1
dwi_nur_taufiq,,5,0,1741681825,,nan,1
mrmoney219,,5,0,1741681909,,nan,1
tony_f_63,,5,0,1741685264,,nan,1
n*****h,,5,0,1741686249,,nan,1
berthaagatha_ofc,,5,0,1741683924,,nan,1
fs2u02y8qe,,4,0,1741677000,,nan,1
adri_94,,5,0,1741682421,,nan,1
ibitrianto,,5,0,1741684461,,nan,1
cumasayaa21,,5,0,1741683951,,nan,1
kumbanktawon,,5,0,1741682476,,nan,1
alinebundaagha,,5,0,1741686357,,nan,1
l14lus14n4,,5,0,1741686445,,nan,1
gladrahan,,5,0,1741684744,,nan,1
septiandwiguna81,,5,0,1741686722,,nan,1
el_deluxe,,5,0,1741685707,,nan,1
fajar_project_smi,,5,0,1741684203,,nan,1
nadiatulfebrianti,,5,0,1741687049,,nan,1
defri_yanto12,,5,0,1741684473,,nan,1
ichanisa1994,,5,0,1741685371,,nan,1
kodrotenkaderisman,,5,0,1741684335,,nan,1
zyxxyzack,,5,0,1741684398,,nan,1
berbudisetiawan1,,1,15,1749506198,,nan,1
fernandorumbayan,,4,0,1741677250,,nan,1
pkdjungkat,,5,0,1741685223,,nan,1
iin_masinah20,,5,0,1741685797,,nan,1
matsusavic,,5,0,1741685487,,nan,1
tomi_hokidoki,,5,0,1741685579,,nan,1
nurhayati564,,5,0,1741685601,,nan,1
atinksaif,,5,0,1741685615,,nan,1
a*****e,,1,6,1752893403,,nan,1
valentinoadam.99,,5,0,1741685784,,nan,1
sriems,,5,0,1741685985,,nan,1
cicifitriani89,,5,0,1741766136,,nan,1
nasrullahaji,,5,0,1741766043,,nan,1
virgirx,,5,0,1741686254,,nan,1
mmh_faisal,,5,0,1741686217,,nan,1
wr_2820,,5,0,1741686280,,nan,1
hellhound2,,4,0,1741677449,,nan,1
haikalwafda,,5,0,1741686330,,nan,1
r*****i,,4,0,1741677489,,nan,1
bahrul16277272,,5,0,1741763987,,nan,1
8rgfodop1z,,5,0,1741686879,,nan,1
sitiasrifah112,,5,0,1741686553,,nan,1
nandanmiftahulmubarrok,,5,0,1741763862,,nan,1
dellaviane,,5,0,1741765649,,nan,1
mr.thriftshop,,5,0,1741686689,,nan,1
untari99,,5,0,1741763997,,nan,1
abdulfahmihr,,5,0,1741767881,,nan,1
ianirwana,,5,0,1741686752,,nan,1
fath6699,,5,0,1741686776,,nan,1
e0yz5e3g97,,5,0,1741765157,,nan,1
t*****6,,5,0,1741766832,,nan,1
enankstyle,,5,0,1741765353,,nan,1
anandaakhoerunnisa,,5,0,1741768228,,nan,1
amorji,,5,0,1741764107,,nan,1
normaluntayo,,5,0,1741768494,,nan,1
s3jljbhpo3,,5,0,1741687012,,nan,1
renaldipratama185,,5,0,1741686981,,nan,1
ngatimanngatiman,,5,0,1741763814,,nan,1
s*****5,,5,0,1741768657,,nan,1
nemoolabs,,5,0,1741767165,,nan,1
jokoprawibowo,,5,0,1741766648,,nan,1
artur2117,,5,0,1741687271,,nan,1
chyntiahaary,,5,0,1741764559,,nan,1
hanna_azzalia,,5,0,1741768791,,nan,1
faysholamir1234,,5,0,1741766236,,nan,1
fikihherdiawan,,5,0,1741767005,,nan,1
rsyofiyan,,5,0,1741769080,,nan,1
ndoy1971,,5,0,1741769049,,nan,1
andidojo,,5,0,1741769144,,nan,1
duwixhennadaffa,,5,0,1741769280,,nan,1
iskanddinata,,4,0,1741679005,,nan,1
tankmatelounge,,5,0,1741764011,,nan,1
herianto.pakpahan,,5,0,1741763977,,nan,1
aryaaphreeyaya,,5,0,1741769480,,nan,1
sri_nurhidayah.1,,5,0,1741764071,,nan,1
nawawiaskar,,4,0,1741677921,,nan,1
rudifebrian88,,5,0,1741766077,,nan,1
nuuar23,,5,0,1741766614,,nan,1
arysuprastiyo,,5,0,1741766370,,nan,1
ululfadlisetiawan,,5,1,1741766149,,nan,1
naufalaidil100,,5,0,1741765087,,nan,1
bisnisoemahan,,5,0,1741767434,,nan,1
ramdansy,,5,0,1741771042,,nan,1
poekis88,,5,0,1741765110,,nan,1
ailsakiranawardani,,5,0,1741770963,,nan,1
albirizkyf,,5,0,1741765166,,nan,1
sarkam008,,5,0,1741767300,,nan,1
moz9gmxmg7,,5,0,1741765325,,nan,1
christinatobing910,,5,0,1741765361,,nan,1
masgun267,,5,0,1741765367,,nan,1
ogebshall,,5,0,1741768907,,nan,1
badrul_musl1h,,5,0,1741766585,,nan,1
rizkikurniamlk,,5,0,1741922543,,nan,1
hailabit,,5,0,1741765715,,nan,1
ahmadhafidr95,,5,0,1742188978,,nan,1
ahmadhafidr95,,5,0,1742189029,,nan,1
zearaga,,5,0,1741768018,,nan,1
adamsakha29,,5,0,1741923172,,nan,1
handdry22,,5,0,1741766921,,nan,1
antonbunaryo,,5,0,1741926425,,nan,1
meivina123,,5,0,1741927119,,nan,1
windiles495,,5,0,1741922605,,nan,1
m*****f,,5,0,1741932238,,nan,1
c*****h,,5,0,1741933111,,nan,1
mtma_stuff,,5,0,1741933528,,nan,1
nuranti_13,,5,0,1741933546,,nan,1
nopian11,,5,0,1741941129,,nan,1
tommyhry,,5,0,1741937614,,nan,1
s*****a,,5,0,1741940902,,nan,1
azila0109,,5,0,1742012132,,nan,1
jemmytanubrata,,5,0,1742014194,,nan,1
venibumbu,,5,0,1742015084,,nan,1
jemmytanubrata,,5,0,1742015042,,nan,1
f*****a,,5,0,1742013143,,nan,1
hadiansyah_abdurahman,,5,0,1742015806,,nan,1
hadiansyah_abdurahman,,5,0,1742015758,,nan,1
hadiansyah_abdurahman,,5,0,1742016062,,nan,1
axlz3n,,5,0,1742015940,,nan,1
cv_odis,,5,0,1742010841,,nan,1
andin_eka6696,,5,0,1742009636,,nan,1
hadiansyah_abdurahman,,5,0,1742015382,,nan,1
ekaayulest,,5,0,1742184684,,nan,1
yaye56,,5,0,1742184755,,nan,1
hadiansyah_abdurahman,,5,0,1742185426,,nan,1
hadiansyah_abdurahman,,5,0,1742185669,,nan,1
abpn.87,,5,0,1742185453,,nan,1
hadiansyah_abdurahman,,5,0,1742185367,,nan,1
nanisopyan,,5,0,1742187977,,nan,1
j*****a,,5,0,1742188406,,nan,1
g*****h,,5,0,1742188027,,nan,1
abpn.87,,5,0,1742188049,,nan,1
hadiansyah_abdurahman,,5,0,1742184353,,nan,1
hadiansyah_abdurahman,,5,0,1742184544,,nan,1
s*****o,,5,0,1742183823,,nan,1
aramiyenkutacane,,5,0,1742186685,,nan,1
hadiansyah_abdurahman,,5,0,1742185137,,nan,1
zulfatunfurida92,,5,0,1742185160,,nan,1
hadiansyah_abdurahman,,5,0,1742185179,,nan,1
hadiansyah_abdurahman,,5,0,1742184958,,nan,1
hadiansyah_abdurahman,,5,0,1742183988,,nan,1
vinanai1,,5,0,1742184015,,nan,1
hadiansyah_abdurahman,,5,0,1742186496,,nan,1
h*****n,,5,0,1742186416,,nan,1
epas66,,5,0,1741769809,,nan,1
081354525686raudatulzannah,,5,0,1742185578,,nan,1
bravoval1612,,5,0,1742006140,,nan,1
andhikamaulanarianputra,,5,0,1742012879,,nan,1
herybautmur,,4,0,1741677822,,nan,1
f*****n,,5,0,1741769826,,nan,1
s*****5,,5,0,1741927155,,nan,1
inasuryana667,,5,0,1741766012,,nan,1
inzaghi.co,,5,0,1741767139,,nan,1
sitimundakiroh,,5,0,1742006720,,nan,1
ndoy1971,,5,0,1741931265,,nan,1
sugiartosaptomo,,5,0,1741769565,,nan,1
dindamaira,,5,0,1742014190,,nan,1
sugi_blitz,,5,0,1742185851,,nan,1
amamry,,5,0,1741927039,,nan,1
da_hee12,,5,0,1742014279,,nan,1
hanipermataj,,4,0,1741680426,,nan,1
dyahfaridaariesta,,5,0,1741922996,,nan,1
prastio92,,5,0,1741769412,,nan,1
mitochibashop,,5,0,1741938343,,nan,1
aprillian1995,,5,0,1742186678,,nan,1
a*****3,,5,0,1741767748,,nan,1
ardypinguin,,5,0,1741768562,,nan,1
m*****d,,5,0,1742014644,,nan,1
dendydewantoro,,5,0,1741920566,,nan,1
hdwclimax,,5,0,1742186284,,nan,1
nuriadimardin,,5,0,1741772617,,nan,1
dheshanti,,4,0,1741682570,,nan,1
dheshanti,,4,0,1741683067,,nan,1
yadiez.gustawan,,5,0,1742012146,,nan,1
daffaanov,,4,0,1741677893,,nan,1
arifw75.,,5,0,1741767790,,nan,1
b*****n,,5,0,1741770623,,nan,1
asepudomuharom,,5,0,1742187796,,nan,1
bary2541,,5,0,1742188279,,nan,1
khairul_muktamar,,4,0,1741682549,,nan,1
dingklongsetiawan,,5,0,1742015045,,nan,1
mi78mi78,,5,0,1742015868,,nan,1
sastra_mico,,5,0,1742187996,,nan,1
dfecfy_39o,,5,0,1741766957,,nan,1
irmhajesianaphaluphe,,5,0,1741939487,,nan,1
ilh44m246,,5,0,1742014952,,nan,1
unyill_rm,,4,0,1741679287,,nan,1
antohuacimm,,5,0,1742012428,,nan,1
bambangirawn92,,5,0,1742015541,,nan,1
t3oto9m6_u,,5,0,1741767807,,nan,1
bangpenthol05,,5,0,1741769911,,nan,1
rcyberipa1,,5,0,1741853500,,nan,1
araujoefi,,5,0,1741767112,,nan,1
suryal,,5,0,1742013815,,nan,1
akbaral08,,4,0,1741680533,,nan,1
welidayanti,,5,0,1741770492,,nan,1
akbardarma32,,5,0,1741768000,,nan,1
muftizainavisena,,5,0,1741771454,,nan,1
hajizulnasution00,,5,0,1742013401,,nan,1
mrskwon38,,5,0,1742186690,,nan,1
karpins,,5,0,1741767514,,nan,1
babvit04,,5,0,1741767445,,nan,1
susybanjar,,5,0,1742015110,,nan,1
fyaana,,5,0,1741768718,,nan,1
farhanhadiens,,4,0,1741681321,,nan,1
id0165_36565,,5,0,1741931220,,nan,1
nailaelfadilah,,5,0,1741923998,,nan,1
nuriana.20,,5,0,1741935191,,nan,1
i*****9,,5,0,1742012824,,nan,1
harisfebriansya130297,,5,0,1741768815,,nan,1
edwanluis31,,5,0,1741931013,,nan,1
y*****9,,5,0,1742014803,,nan,1
mfiqhabdillah,,5,0,1741931340,,nan,1
e*****e,,5,0,1741920681,,nan,1
dimasathib,,5,0,1741926366,,nan,1
prastio92,,5,0,1742015269,,nan,1
muhamad.taqi,,5,0,1742185100,,nan,1
bachrun_cell12,,5,0,1741768334,,nan,1
tamyizud,,5,0,1741922643,,nan,1
kevinparulian,,4,0,1741678930,,nan,1
mulyadi085669178267,,5,0,1741768467,,nan,1
yayanroyani380,,5,0,1741768471,,nan,1
01c41e3hls,,5,0,1741768530,,nan,1
ammar_muh,,5,0,1741768856,,nan,1
xiangtay,,5,0,1741930961,,nan,1
xiangtay,,5,0,1741930965,,nan,1
abdulkadirwahid,,4,0,1741682314,,nan,1
macisgas555,,5,0,1741926157,,nan,1
dendimarizal88,,5,0,1741772177,,nan,1
d*****1,,5,0,1741931350,,nan,1
ipien255,,5,0,1742184924,,nan,1
saproject167,,5,0,1741769072,,nan,1
r*****2,,5,0,1741927566,,nan,1
c*****.,,5,0,1741933468,,nan,1
amaluddinakbar05,,5,0,1741932661,,nan,1
p*****d,,5,0,1741927578,,nan,1
adam_ramdhani,,5,0,1741935246,,nan,1
sendiiiiiiiiii,,5,0,1742184829,,nan,1
tristinadks2310,,5,0,1741769470,,nan,1
andrinh,,5,0,1741771238,,nan,1
rosanirwana09,,5,0,1741931215,,nan,1
weelhia,,5,0,1741936026,,nan,1
ronalkhairul,,5,0,1741942379,,nan,1
lianyuandry,,5,0,1742186696,,nan,1
suwandimangoendikrama22,,5,0,1741769741,,nan,1
nailinatech,,5,0,1741770687,,nan,1
aj_comp1,,5,0,1742188032,,nan,1
w*****u,,5,0,1742184596,,nan,1
tomibaskoro,,5,0,1741922736,,nan,1
d*****1,,5,0,1742184928,,nan,1
agungnurwendo,,5,0,1741926419,,nan,1
acesusanto85,,5,0,1741770268,,nan,1
graha_cell,,5,0,1741931388,,nan,1
muktibintan1980,,5,0,1741933279,,nan,1
jeeaulia210,,5,0,1742007564,,nan,1
gilangaryw,,5,0,1741770488,,nan,1
tonipwidodo,,5,0,1741771060,,nan,1
m*****0,,4,0,1741679441,,nan,1
ilham3502,,4,0,1741679732,,nan,1
faisalhamzahh,,5,0,1741931183,,nan,1
luckyfashionn,,5,0,1741946492,,nan,1
candra.k,,5,0,1741940648,,nan,1
encisrubihatlan_9,,5,0,1741932968,,nan,1
el_fazashop,,5,0,1742013595,,nan,1
dedew131,,5,0,1741932670,,nan,1
heppy_andrianto,,5,0,1741946998,,nan,1
b*****i,,5,0,1742015734,,nan,1
kangsam85,,5,0,1742014168,,nan,1
arthanadhika777,,5,0,1741848560,,nan,1
mazslan123,,5,0,1741941793,,nan,1
sqgeepiiir,,5,0,1742185417,,nan,1
adrehong,,5,0,1741923069,,nan,1
vielluizky,,5,0,1741946241,,nan,1
bomu_stud10,,5,0,1742183484,,nan,1
dhenysetiawan201,,5,0,1741934685,,nan,1
dvpqddcb58,,5,0,1741853229,,nan,1
h*****1,,5,0,1742010001,,nan,1
dyahutamirahman,,5,0,1741922689,,nan,1
ruslan97,,4,0,1741682365,,nan,1
andry1971,,5,0,1742013807,,nan,1
wantomargono,,5,0,1741924325,,nan,1
nanangv,,5,0,1741932392,,nan,1
akiaki.ngonten,,5,0,1741933040,,nan,1
saaaa190,,5,0,1741933056,,nan,1
agung_laksono01,,5,0,1742011542,,nan,1
felixekayaniearistania,,5,0,1742010008,,nan,1
uus_iwan,,5,0,1741924404,,nan,1
,,4,0,1741680070,,nan,1
anggigalihpratama,,5,0,1741924570,,nan,1
riyanvfx,,5,0,1741924728,,nan,1
l*****a,,5,0,1742185385,,nan,1
dingdonggg02,,5,0,1741927030,,nan,1
samuelpane326,,5,0,1741927523,,nan,1
baktip,,5,0,1741927777,,nan,1
pratamatv01,,5,0,1741930613,,nan,1
keisha_aliza,,5,0,1741930871,,nan,1
ryaannbbb,,5,0,1741931301,,nan,1
satriarajagukguk558,,5,0,1741931368,,nan,1
ajengmarsini,,5,0,1741931371,,nan,1
basmallah25,,5,0,1741931432,,nan,1
ilmaqurrota99,,5,0,1741932699,,nan,1
binaryoagung,,5,0,1741932956,,nan,1
hendiwantoro,,5,0,1741933178,,nan,1
limcitra,,5,0,1741934799,,nan,1
agunglelakon,,5,0,1741935056,,nan,1
fadlifahrulzani793,,5,0,1741935137,,nan,1
yulita.ambar,,5,0,1741935143,,nan,1
and1529,,5,0,1741935148,,nan,1
rama_danu00,,5,0,1741946206,,nan,1
dewina_92,,5,0,1741939632,,nan,1
rinaldyabdhamid,,5,0,1742006641,,nan,1
reza_maulana05,,5,0,1742014538,,nan,1
m*****e,,5,0,1742009551,,nan,1
,,5,0,1742010983,,nan,1
teukusyafrizal77,,5,0,1742007338,,nan,1
m*****e,,5,0,1742009757,,nan,1
dewina_92,,5,0,1742010046,,nan,1
adesukmana011,,5,0,1741942337,,nan,1
tokoyant01,,5,0,1742185634,,nan,1
simion1982,,5,0,1742183961,,nan,1
mertaa121,,4,0,1741680713,,nan,1
sulistiyani166,,4,0,1741680515,,nan,1
9l_t83u2um,,4,0,1741680588,,nan,1
tokohijabku88,,4,0,1741680646,,nan,1
r*****a,,4,0,1741680746,,nan,1
