username,comment,rating,likes,create_time,comment_clean,tokens,tokens_count,sentiment,sentiment_confidence
t*****6,"Fitur Terbaik:baik
Sepadan dengan Harga:betul

Barang sudah saya terima, kondisi baik dan rapi diplastikin gitu kaya barang baru, trima kasih",5,303,1765526944,fitur terbaik baik sepadan dengan harga betul barang sudah saya terima kondisi baik dan rapi diplastikin gitu kaya barang baru trima kasih,fitur terbaik baik sepadan dengan harga betul barang sudah saya terima kondisi baik dan rapi diplastikin gitu kaya barang baru trima kasih,22,positive,0.75
hanifahjihan,"Fitur Terbaik:baik
Sepadan dengan Harga:lumayan terjangkau

Alhamdulillah kemaren pesan hari ini sampai karna kebetulan dekat, puas karna laptopnya sesuai ekspektasi kondisi mulus, tidak lemot, speaker tidak sember, batrai lumayan awet dapet bonus mouse... semoga awet yaa",5,686,1765874604,fitur terbaik baik sepadan dengan harga lumayan terjangkau alhamdulillah kemaren pesan hari ini sampai karna kebetulan dekat puas karna laptopnya sesuai ekspektasi kondisi mulus tidak lemot speaker tidak sember batrai lumayan awet dapet bonus mouse semoga awet yaa,fitur terbaik baik sepadan dengan harga lumayan terjangkau alhamdulillah kemaren pesan hari ini sampai karna kebetulan dekat puas karna laptopnya sesuai ekspektasi kondisi mulus tidak lemot speaker tidak sember batrai lumayan awet dapet bonus mouse semoga awet yaa,38,positive,0.75
yuyusanto,"Harga murah, kondisi fisik +- 90% , tidak ada tulisan toshiba, tapi pas dipasang langsung masuk, sudah ke charge 93% , belum dicoba di running bisa smpenbrp jam, semoga tahan nggak gampang ngedrop",5,96,1764204747,harga murah kondisi fisik 90 tidak ada tulisan toshiba tapi pas dipasang langsung masuk sudah ke charge 93 belum dicoba di running bisa smpenbrp jam semoga tahan nggak gampang ngedrop,harga murah kondisi fisik 90 tidak ada tulisan toshiba tapi pas dipasang langsung masuk sudah ke charge 93 belum dicoba di running bisa smpenbrp jam semoga tahan nggak gampang ngedrop,30,negative,0.75
h.mulyono,"Fitur Terbaik:All
Sepadan dengan Harga:sangat sesuai

Laptop sdh diterima dgn baik utuh (10 hari), packing super aman, awalnya ragu² dan was² terkait barang yg dikirim, ternyata sesuai ecpetasi dan deskripsi, kondisi masih sangat baik dlm kategori second, aplikasi komplit bonus mouse tinggal pakai, mudah²an awet, terimakasih",5,508,1765871435,fitur terbaik all sepadan dengan harga sangat sesuai laptop sdh diterima dgn baik utuh 10 hari packing super aman awalnya ragu dan was terkait barang yg dikirim ternyata sesuai ecpetasi dan deskripsi kondisi masih sangat baik dlm kategori second aplikasi komplit bonus mouse tinggal pakai mudah an awet terimakasih,fitur terbaik all sepadan dengan harga sangat sesuai laptop sdh diterima dgn baik utuh 10 hari packing super aman awalnya ragu dan was terkait barang yg dikirim ternyata sesuai ecpetasi dan deskripsi kondisi masih sangat baik dlm kategori second aplikasi komplit bonus mouse tinggal pakai mudah an awet terimakasih,49,positive,0.75
johanandrianus,"Sudah tes semua.. bagus, oke banget penjualnya.. cuma ka.. ini ga ada DVD RW nya... 🥺Beli lagi deh.. 
Trims ya..",5,202,1765553619,sudah tes semua bagus oke banget penjualnya cuma ka ini ga ada dvd rw nya beli lagi deh trims ya,sudah tes semua bagus oke banget penjualnya cuma ka ini ga ada dvd rw nya beli lagi deh trims ya,20,positive,0.75
uwincalvin,"Fitur Terbaik:sangat baik
Sepadan dengan Harga:sepada dengan harga

Alhamdullilah paket nya sudah sampai
Masyaallah bangus banget mulus tidak ada yg rusak aman...respon penjual cepat  baik dan ramah pengiriman pun cepat Alhamdullilah..terimakaish banyak ya semoga awet .. dan dapet bonus mous juga..alhamdullilah",5,664,1765881002,fitur terbaik sangat baik sepadan dengan harga sepada dengan harga alhamdullilah paket nya sudah sampai masyaallah bangus banget mulus tidak ada yg rusak aman respon penjual cepat baik dan ramah pengiriman pun cepat alhamdullilah terimakaish banyak ya semoga awet dan dapet bonus mous juga alhamdullilah,fitur terbaik sangat baik sepadan dengan harga sepada dengan harga alhamdullilah paket nya sudah sampai masyaallah bangus banget mulus tidak ada yg rusak aman respon penjual cepat baik dan ramah pengiriman pun cepat alhamdullilah terimakaish banyak ya semoga awet dan dapet bonus mous juga alhamdullilah,45,negative,0.75
z*****i,"Fitur Terbaik:Accessories lengkap sesuai deskripsi
Sepadan dengan Harga:murah

Produk sesuai dengan deskripsi. 
Kondisi barang siap pakai, bagus. 
Pengiriman cepat. 
Penjual fast response dan ramah. 
Bagus untuk belajar anak dan kerja pembukuan istri. 
""Bismillah"" Semoga awet tidak rusak-rusak. 
Amin......",5,176,1765535371,fitur terbaik accessories lengkap sesuai deskripsi sepadan dengan harga murah produk sesuai dengan deskripsi kondisi barang siap pakai bagus pengiriman cepat penjual fast response dan ramah bagus untuk belajar anak dan kerja pembukuan istri bismillah semoga awet tidak rusak rusak amin,fitur terbaik accessories lengkap sesuai deskripsi sepadan dengan harga murah produk sesuai dengan deskripsi kondisi barang siap pakai bagus pengiriman cepat penjual fast response dan ramah bagus untuk belajar anak dan kerja pembukuan istri bismillah semoga awet tidak rusak rusak amin,41,positive,0.75
hikmatullaili_87,"Fitur Terbaik:lumayan
Sepadan dengan Harga:semoga

Packingan oke, sampai dg selamat di ambalat kalimantan utara.

dapat asus hitam.
Bonus 2 mouse karna sudah susah memang cursor di laptop.
Seharian penuh di cash ndak penuh2 juga batrey nya.
Kalo di pake tanpa di cash beberapa menit langsung mati. Dan harus di cash lagi klo hidupin nya. Berkali2 begitu.
jadi gmn seller?


makasih shopee",5,186,1765456203,fitur terbaik lumayan sepadan dengan harga semoga packingan oke sampai dg selamat di ambalat kalimantan utara dapat asus hitam bonus 2 mouse karna sudah susah memang cursor di laptop seharian penuh di cash ndak penuh2 juga batrey nya kalo di pake tanpa di cash beberapa menit langsung mati dan harus di cash lagi klo hidupin nya berkali2 begitu jadi gmn seller makasih shopee,fitur terbaik lumayan sepadan dengan harga semoga packingan oke sampai dg selamat di ambalat kalimantan utara dapat asus hitam bonus 2 mouse karna sudah susah memang cursor di laptop seharian penuh di cash ndak penuh2 juga batrey nya kalo di pake tanpa di cash beberapa menit langsung mati dan harus di cash lagi klo hidupin nya berkali2 begitu jadi gmn seller makasih shopee,63,neutral,0.55
s*****p,"Fitur Terbaik:baik
Sepadan dengan Harga:terjangkau

Awalnya ragu karena pertama beli online brg elektronik yg lumayan harganya. Deg""an takut Scammm .tp Alhamdulillah trnyta dkirim bener semua fungsi jalan brg mulus
Wajar pemakaian lecet mah.Pokonya jangan ragu order disini yeorobuuunnnn",5,44,1764170722,fitur terbaik baik sepadan dengan harga terjangkau awalnya ragu karena pertama beli online brg elektronik yg lumayan harganya deg an takut scammm tp alhamdulillah trnyta dkirim bener semua fungsi jalan brg mulus wajar pemakaian lecet mah pokonya jangan ragu order disini yeorobuuunnnn,fitur terbaik baik sepadan dengan harga terjangkau awalnya ragu karena pertama beli online brg elektronik yg lumayan harganya deg an takut scammm tp alhamdulillah trnyta dkirim bener semua fungsi jalan brg mulus wajar pemakaian lecet mah pokonya jangan ragu order disini yeorobuuunnnn,42,neutral,0.55
g*****_,"Fitur Terbaik:pengemasan cepat pengiriman juga cepat barang juga oke..

Pengemasan cepat pengiriman juga cepat barang oke",5,120,1765022128,fitur terbaik pengemasan cepat pengiriman juga cepat barang juga oke pengemasan cepat pengiriman juga cepat barang oke,fitur terbaik pengemasan cepat pengiriman juga cepat barang juga oke pengemasan cepat pengiriman juga cepat barang oke,17,positive,0.75
i*****1,"Fungsi:dapat berfungsi dengan baik
Kondisi Barang:keadaan ter packing dgn baik dan barang mulus

packing nya sangat aman bgtt dan rekomendasi bgtt si untuk beli di sni udh murah dapat free mousenya jga. terimakasih seller😊",5,21,1764929049,fungsi dapat berfungsi dengan baik kondisi barang keadaan ter packing dgn baik dan barang mulus packing nya sangat aman bgtt dan rekomendasi bgtt si untuk beli di sni udh murah dapat free mousenya jga terimakasih seller,fungsi dapat berfungsi dengan baik kondisi barang keadaan ter packing dgn baik dan barang mulus packing nya sangat aman bgtt dan rekomendasi bgtt si untuk beli di sni udh murah dapat free mousenya jga terimakasih seller,36,neutral,0.55
hernadewita911,"Puas beli disini rekomendasi untuk semuanya
Toko amanah 
Semoga berkah leptop ini untuk saya dan keluarga
Terimakasih banyak atas layanan yang diberikan.
Semoga laris terus... Aamiin ya Allah.",5,15,1764169173,puas beli disini rekomendasi untuk semuanya toko amanah semoga berkah leptop ini untuk saya dan keluarga terimakasih banyak atas layanan yang diberikan semoga laris terus aamiin ya allah,puas beli disini rekomendasi untuk semuanya toko amanah semoga berkah leptop ini untuk saya dan keluarga terimakasih banyak atas layanan yang diberikan semoga laris terus aamiin ya allah,28,positive,0.75
romdan.taufik,"Fitur Terbaik:amanah selalu ya
Sepadan dengan Harga:mantap harga murah tapi tidak murahan.

Berkualitas barang ny",5,14,1765918029,fitur terbaik amanah selalu ya sepadan dengan harga mantap harga murah tapi tidak murahan berkualitas barang ny,fitur terbaik amanah selalu ya sepadan dengan harga mantap harga murah tapi tidak murahan berkualitas barang ny,17,neutral,0.55
idris.m0101,Sepadan dengan Harga:packing sangat rapi. pengiriman cepat. semoga berfungsi dengan baik.,5,81,1763181739,sepadan dengan harga packing sangat rapi pengiriman cepat semoga berfungsi dengan baik,sepadan dengan harga packing sangat rapi pengiriman cepat semoga berfungsi dengan baik,12,positive,0.75
cak.bagus,Ok paket dah sampai di tangan pengiriman cepat kurir baik barang sesuway pesanan trimakasih semuanya,5,13,1757436559,ok paket dah sampai di tangan pengiriman cepat kurir baik barang sesuway pesanan trimakasih semuanya,ok paket dah sampai di tangan pengiriman cepat kurir baik barang sesuway pesanan trimakasih semuanya,15,positive,0.75
v*****r,"Fitur Terbaik:top

Saya angkat 4 jempol buat seller 

Paket di jamin ori
Packing paling top 
Estimasi cepat

Saya tdk banyak komen pokoknya TOP MANTUL sukses selalu,InsyaALLAH kalau saya perlu saya order lagi,pertahankan terus gan THE BEST SELLER",5,23,1760829279,fitur terbaik top saya angkat 4 jempol buat seller paket di jamin ori packing paling top estimasi cepat saya tdk banyak komen pokoknya top mantul sukses selalu insyaallah kalau saya perlu saya order lagi pertahankan terus gan the best seller,fitur terbaik top saya angkat 4 jempol buat seller paket di jamin ori packing paling top estimasi cepat saya tdk banyak komen pokoknya top mantul sukses selalu insyaallah kalau saya perlu saya order lagi pertahankan terus gan the best seller,40,positive,0.75
mma1938,"Kemasan bagus.
Laptop masih seperti baru.
Sayang tidak ada dvd drive",5,11,1764240598,kemasan bagus laptop masih seperti baru sayang tidak ada dvd drive,kemasan bagus laptop masih seperti baru sayang tidak ada dvd drive,11,neutral,0.55
b*****0,"Fitur Terbaik:sesuai spek
Sepadan dengan Harga:terjangkau",5,29,1761486297,fitur terbaik sesuai spek sepadan dengan harga terjangkau,fitur terbaik sesuai spek sepadan dengan harga terjangkau,8,positive,0.75
erna_yuliana2007,"Fungsi:normal
Desain:dpt merk lenovo
Kondisi Barang:bagus, mulus

sblmnya hrp2 cemas kawatir brrmslh di pengirimannya, stlh datang trnyata brgnya bagus,,muluss, lebih dr ekspektasiku,pengiriman cpt, packing aman, dilapisi bbrp dus tebal, pokoknya puass banget.. bnr2 second rasa baru.. terimakasih seller,,, smg makin sukses dan berkah buat semuanya",5,8,1764635835,fungsi normal desain dpt merk lenovo kondisi barang bagus mulus sblmnya hrp2 cemas kawatir brrmslh di pengirimannya stlh datang trnyata brgnya bagus muluss lebih dr ekspektasiku pengiriman cpt packing aman dilapisi bbrp dus tebal pokoknya puass banget bnr2 second rasa baru terimakasih seller smg makin sukses dan berkah buat semuanya,fungsi normal desain dpt merk lenovo kondisi barang bagus mulus sblmnya hrp2 cemas kawatir brrmslh di pengirimannya stlh datang trnyata brgnya bagus muluss lebih dr ekspektasiku pengiriman cpt packing aman dilapisi bbrp dus tebal pokoknya puass banget bnr2 second rasa baru terimakasih seller smg makin sukses dan berkah buat semuanya,50,positive,0.75
princessyulifarah,"Fitur Terbaik:ok
Sepadan dengan Harga:terjangkau

Alhamdulillah laptop nya udah sampe, dpt yg merk Dell, udah di coba berfungsi semua dan ok...
Tx seller, pengiriman cepet banget... 
Mudah2an awet dan manfaat buat di pondok ade...aamiin",5,45,1765793621,fitur terbaik ok sepadan dengan harga terjangkau alhamdulillah laptop nya udah sampe dpt yg merk dell udah di coba berfungsi semua dan ok tx seller pengiriman cepet banget mudah2an awet dan manfaat buat di pondok ade aamiin,fitur terbaik ok sepadan dengan harga terjangkau alhamdulillah laptop nya udah sampe dpt yg merk dell udah di coba berfungsi semua dan ok tx seller pengiriman cepet banget mudah2an awet dan manfaat buat di pondok ade aamiin,37,neutral,0.55
nac9jf11hc,"Fitur Terbaik:sangat bagus..meskipun second..seperti baru
Sepadan dengan Harga:harga murah tapi kualitas sangat bagus

Mantappp....barang nya sudah diterima tidak ada kendalan ...semuanya ok
Barang sangat cepat pengirimanya",5,30,1758007526,fitur terbaik sangat bagus meskipun second seperti baru sepadan dengan harga harga murah tapi kualitas sangat bagus mantappp barang nya sudah diterima tidak ada kendalan semuanya ok barang sangat cepat pengirimanya,fitur terbaik sangat bagus meskipun second seperti baru sepadan dengan harga harga murah tapi kualitas sangat bagus mantappp barang nya sudah diterima tidak ada kendalan semuanya ok barang sangat cepat pengirimanya,31,positive,0.75
runadikiruncloth,"Packing baik.... Tp sayang yg dikirim hp bukan toshiba atau acer
Jos lah semoga awet jd bisa utk langganan",5,61,1764115486,packing baik tp sayang yg dikirim hp bukan toshiba atau acer jos lah semoga awet jd bisa utk langganan,packing baik tp sayang yg dikirim hp bukan toshiba atau acer jos lah semoga awet jd bisa utk langganan,19,neutral,0.55
farabiakbar,"Sepadan dengan Harga:lumayan buat anak yg baru belajar pegang leptop
Fitur Terbaik:sudah langsung bisa dipake",5,18,1765884764,sepadan dengan harga lumayan buat anak yg baru belajar pegang leptop fitur terbaik sudah langsung bisa dipake,sepadan dengan harga lumayan buat anak yg baru belajar pegang leptop fitur terbaik sudah langsung bisa dipake,17,neutral,0.55
m*****n,"Fungsi:berfungsi semestinya
Desain:bagus minim lecet dan keyboard terlihat jelas
Kondisi Barang:barang datang dalam keadaan aman

Mantap sesuai dengan yang dipesan 
,👍👍👍 semoga awet",5,5,1761872951,fungsi berfungsi semestinya desain bagus minim lecet dan keyboard terlihat jelas kondisi barang barang datang dalam keadaan aman mantap sesuai dengan yang dipesan semoga awet,fungsi berfungsi semestinya desain bagus minim lecet dan keyboard terlihat jelas kondisi barang barang datang dalam keadaan aman mantap sesuai dengan yang dipesan semoga awet,25,positive,0.75
masonketutmason,"Fitur Terbaik:8
Sepadan dengan Harga:8

Barang sudah sampai dan sesuai dengan keinginan saya barang lumayan bagus dengan harga segitu setelah di cek semuanya normal semoga awet dan tahan lama",5,21,1764771220,fitur terbaik 8 sepadan dengan harga 8 barang sudah sampai dan sesuai dengan keinginan saya barang lumayan bagus dengan harga segitu setelah di cek semuanya normal semoga awet dan tahan lama,fitur terbaik 8 sepadan dengan harga 8 barang sudah sampai dan sesuai dengan keinginan saya barang lumayan bagus dengan harga segitu setelah di cek semuanya normal semoga awet dan tahan lama,31,positive,0.75
uda98qp2bm,"Alhmduliah paketan udah sampe dengan sepamat,  dan peking nya rapih,  semua baring aman jalan semuanya Makasih buat penjualnya,  sukses terus jualan leptop nya amin 👐",5,16,1761333655,alhmduliah paketan udah sampe dengan sepamat dan peking nya rapih semua baring aman jalan semuanya makasih buat penjualnya sukses terus jualan leptop nya amin,alhmduliah paketan udah sampe dengan sepamat dan peking nya rapih semua baring aman jalan semuanya makasih buat penjualnya sukses terus jualan leptop nya amin,24,neutral,0.55
bte76p4gbk,"Fitur Terbaik:Bagus

Laptop udah di terima sama anak saya , Mudah2han awet laptopnya di pakai buat anak saya belajar",5,21,1760954623,fitur terbaik bagus laptop udah di terima sama anak saya mudah2han awet laptopnya di pakai buat anak saya belajar,fitur terbaik bagus laptop udah di terima sama anak saya mudah2han awet laptopnya di pakai buat anak saya belajar,19,positive,0.75
setiatye,"Fitur Terbaik:baik,bagus,masih mulus
Sepadan dengan Harga:bagus sepadan dengan harga

Trmksh kak SDH dikirim ,pngiriman cepat,bagus.blum saya cek lagi",5,21,1762148085,fitur terbaik baik bagus masih mulus sepadan dengan harga bagus sepadan dengan harga trmksh kak sdh dikirim pngiriman cepat bagus blum saya cek lagi,fitur terbaik baik bagus masih mulus sepadan dengan harga bagus sepadan dengan harga trmksh kak sdh dikirim pngiriman cepat bagus blum saya cek lagi,24,positive,0.75
hajieman,"Fitur Terbaik:Bagus
Sepadan dengan Harga:murmer

Barang sesuai pesanan, ada kamera depan, semoga awet di pakenya.Terimakasih",5,5,1721783555,fitur terbaik bagus sepadan dengan harga murmer barang sesuai pesanan ada kamera depan semoga awet di pakenya terimakasih,fitur terbaik bagus sepadan dengan harga murmer barang sesuai pesanan ada kamera depan semoga awet di pakenya terimakasih,18,positive,0.75
,"Paket nya sudah di terima dan alhamdulilah kondisi nya baik,packing nya mantap sekali kokoh walau tanpa Buble wrap  sangat aman terima kasih",5,31,1756774661,paket nya sudah di terima dan alhamdulilah kondisi nya baik packing nya mantap sekali kokoh walau tanpa buble wrap sangat aman terima kasih,paket nya sudah di terima dan alhamdulilah kondisi nya baik packing nya mantap sekali kokoh walau tanpa buble wrap sangat aman terima kasih,23,positive,0.75
,Fitur Terbaik:Maaf barunkasih ulasan barangnyah sesuai lah dengan harga cuman batre nyah cepat abis,5,6,1757482504,fitur terbaik maaf barunkasih ulasan barangnyah sesuai lah dengan harga cuman batre nyah cepat abis,fitur terbaik maaf barunkasih ulasan barangnyah sesuai lah dengan harga cuman batre nyah cepat abis,15,positive,0.75
,"Masih bagus walaupun seken, suka dengan pengemasannya rapi dan aman",5,60,1765037387,masih bagus walaupun seken suka dengan pengemasannya rapi dan aman,masih bagus walaupun seken suka dengan pengemasannya rapi dan aman,10,positive,0.75
amey9915,"udah takut duluan kalo laptopnya gak bisa nyala, dan ternyata bisa dong, pengirimannya lumayan cepet juga, thanks buat seller",5,18,1749200310,udah takut duluan kalo laptopnya gak bisa nyala dan ternyata bisa dong pengirimannya lumayan cepet juga thanks buat seller,udah takut duluan kalo laptopnya gak bisa nyala dan ternyata bisa dong pengirimannya lumayan cepet juga thanks buat seller,19,neutral,0.55
widiaputri155,pokok nya bagus banget laptop nya dengan harga segitu🥰🥰🥰,5,4,1738344735,pokok nya bagus banget laptop nya dengan harga segitu,pokok nya bagus banget laptop nya dengan harga segitu,9,positive,0.75
irmawidhiyanti611,"Awalny deg2n sih order elektronik online.. tp pas brg sampai d check alhamdulillah brg sesuai hrpn,berfungsi dgn baik, kondisi laptop mulus,keren bgt.. pengemasan rapi,, pengirimn cepat,,trimaksh y dah amanah,,love it🥰🙏",5,10,1760411176,awalny deg2n sih order elektronik online tp pas brg sampai d check alhamdulillah brg sesuai hrpn berfungsi dgn baik kondisi laptop mulus keren bgt pengemasan rapi pengirimn cepat trimaksh y dah amanah love it,awalny deg2n sih order elektronik online tp pas brg sampai d check alhamdulillah brg sesuai hrpn berfungsi dgn baik kondisi laptop mulus keren bgt pengemasan rapi pengirimn cepat trimaksh y dah amanah love it,34,positive,0.75
lutfi_ar07,"Sepadan dengan Harga:mantep
Fitur Terbaik:lumayan lah sepadan dengan harga ya

Sampai saat ini mulus tapi masih dalam pengecek an , tapi matep sih...",5,20,1756826664,sepadan dengan harga mantep fitur terbaik lumayan lah sepadan dengan harga ya sampai saat ini mulus tapi masih dalam pengecek an tapi matep sih,sepadan dengan harga mantep fitur terbaik lumayan lah sepadan dengan harga ya sampai saat ini mulus tapi masih dalam pengecek an tapi matep sih,24,neutral,0.55
sriyulan_sari,"Fungsi:berfungsi dengan baik
Kondisi Barang:barang bagus
Desain:lumayan

Trimakasih.. Laptop Merek DELL sudah tiba.. Spikernya jernih. Tombolnya aktif semua..",5,5,1764171179,fungsi berfungsi dengan baik kondisi barang barang bagus desain lumayan trimakasih laptop merek dell sudah tiba spikernya jernih tombolnya aktif semua,fungsi berfungsi dengan baik kondisi barang barang bagus desain lumayan trimakasih laptop merek dell sudah tiba spikernya jernih tombolnya aktif semua,21,positive,0.75
rahmatpauzi123,"Fungsi:mantep berfungsi dengan baik
Kondisi Barang:aman tidak ada kendala
Permukaan:mulus

Kurir ramah respon penjual baik barang bagus seneng banget Alhamdulillah",5,3,1757074327,fungsi mantep berfungsi dengan baik kondisi barang aman tidak ada kendala permukaan mulus kurir ramah respon penjual baik barang bagus seneng banget alhamdulillah,fungsi mantep berfungsi dengan baik kondisi barang aman tidak ada kendala permukaan mulus kurir ramah respon penjual baik barang bagus seneng banget alhamdulillah,23,neutral,0.55
ijulsh,"Fitur Terbaik:Laptop seken dengan harga yang ramah
Sepadan dengan Harga:pas lah buat memgetik

Setelah saya unboxing, kesan pertama tidak begitu menggoda, setelah saya buka laptopnya ternyata kesannya ciamik...
Cuma mousenya nggak ada, dan saya kirain merk toshiba, ternyata merek lenovo...
Yo wis lah ra po po, sing penting iso mengetik..
Untuk laptop seken sekelas ini saya rasa ini cukup mantul. Suara masih jernih, tampilan masih ok..
Semoga berkah",5,14,1757242993,fitur terbaik laptop seken dengan harga yang ramah sepadan dengan harga pas lah buat memgetik setelah saya unboxing kesan pertama tidak begitu menggoda setelah saya buka laptopnya ternyata kesannya ciamik cuma mousenya nggak ada dan saya kirain merk toshiba ternyata merek lenovo yo wis lah ra po po sing penting iso mengetik untuk laptop seken sekelas ini saya rasa ini cukup mantul suara masih jernih tampilan masih ok semoga berkah,fitur terbaik laptop seken dengan harga yang ramah sepadan dengan harga pas lah buat memgetik setelah saya unboxing kesan pertama tidak begitu menggoda setelah saya buka laptopnya ternyata kesannya ciamik cuma mousenya nggak ada dan saya kirain merk toshiba ternyata merek lenovo yo wis lah ra po po sing penting iso mengetik untuk laptop seken sekelas ini saya rasa ini cukup mantul suara masih jernih tampilan masih ok semoga berkah,70,negative,0.75
nntcir4_aj,"Fitur Terbaik:oke

Udah di unboxing.. tampilan casing mulus meskipun bekas, pengemasan juga aman , camera rada burem tapi sepadan dg harga , moga awet buat nugas kuliah.",5,14,1760576139,fitur terbaik oke udah di unboxing tampilan casing mulus meskipun bekas pengemasan juga aman camera rada burem tapi sepadan dg harga moga awet buat nugas kuliah,fitur terbaik oke udah di unboxing tampilan casing mulus meskipun bekas pengemasan juga aman camera rada burem tapi sepadan dg harga moga awet buat nugas kuliah,26,neutral,0.55
charlessianturi994,"Fungsi:barang berfungsi dengan baik. 👍👍
Kondisi Barang:sangat bagus
Permukaan:mulus, 90%

Seller sangat amanah sesuai dgn expectation, saya rekomendasi kan toko ini, bagus pelayanan nya. dan bisa cod   Terima kasih..",5,8,1760371024,fungsi barang berfungsi dengan baik kondisi barang sangat bagus permukaan mulus 90 seller sangat amanah sesuai dgn expectation saya rekomendasi kan toko ini bagus pelayanan nya dan bisa cod terima kasih,fungsi barang berfungsi dengan baik kondisi barang sangat bagus permukaan mulus 90 seller sangat amanah sesuai dgn expectation saya rekomendasi kan toko ini bagus pelayanan nya dan bisa cod terima kasih,31,positive,0.75
rikarahmadya,"Sepadan dengan Harga:awalnya ragu eh tau nya mantep .. makasih seller

Touchpad awalnya mati smpet panik eh bisa udah
🤗",5,4,1695840746,sepadan dengan harga awalnya ragu eh tau nya mantep makasih seller touchpad awalnya mati smpet panik eh bisa udah,sepadan dengan harga awalnya ragu eh tau nya mantep makasih seller touchpad awalnya mati smpet panik eh bisa udah,19,neutral,0.55
mitaapriliyanti53,Fitur Terbaik:mantab penjual nya sangat amanah pokok nya ga nyesel beli di toko ini 🥰,5,3,1721970747,fitur terbaik mantab penjual nya sangat amanah pokok nya ga nyesel beli di toko ini,fitur terbaik mantab penjual nya sangat amanah pokok nya ga nyesel beli di toko ini,15,neutral,0.55
tana7a9r8x,"Fitur Terbaik:kondisi baik speck sesuai

Barang bagus sesuai dengan harga dan pesanan..smoga awet",5,9,1761284245,fitur terbaik kondisi baik speck sesuai barang bagus sesuai dengan harga dan pesanan smoga awet,fitur terbaik kondisi baik speck sesuai barang bagus sesuai dengan harga dan pesanan smoga awet,15,positive,0.75
daniputraservice,"Fitur Terbaik:barang bagus, packing aman, pengiriman lancar, penjual amanah, semoga di lancarkan usaax.Amiiin, dan semoga bermanfaat Amiiin 🤲",5,13,1760265157,fitur terbaik barang bagus packing aman pengiriman lancar penjual amanah semoga di lancarkan usaax amiiin dan semoga bermanfaat amiiin,fitur terbaik barang bagus packing aman pengiriman lancar penjual amanah semoga di lancarkan usaax amiiin dan semoga bermanfaat amiiin,19,positive,0.75
k*****i,"Alhamdulillah paketan tiba lebih awal, terimakasih kak. Semoga dapat berjalan baik aamiin. 🤗",5,4,1674997191,alhamdulillah paketan tiba lebih awal terimakasih kak semoga dapat berjalan baik aamiin,alhamdulillah paketan tiba lebih awal terimakasih kak semoga dapat berjalan baik aamiin,12,neutral,0.55
s*****9,Barang second tapi masih bagus. Berfungsi dengan baik. Smoga tokonya makin laris ya kakak,5,5,1757321324,barang second tapi masih bagus berfungsi dengan baik smoga tokonya makin laris ya kakak,barang second tapi masih bagus berfungsi dengan baik smoga tokonya makin laris ya kakak,14,positive,0.75
maskady,"Respon penjual baik, pengiriman cepat, produk sampai tujuan dengan selamat sesuai iklan produk sudah sepaket dengan mouse, packing rapi dan aman, kondisi bisa digunakan normal, kualitas sesuai harga",5,11,1754143080,respon penjual baik pengiriman cepat produk sampai tujuan dengan selamat sesuai iklan produk sudah sepaket dengan mouse packing rapi dan aman kondisi bisa digunakan normal kualitas sesuai harga,respon penjual baik pengiriman cepat produk sampai tujuan dengan selamat sesuai iklan produk sudah sepaket dengan mouse packing rapi dan aman kondisi bisa digunakan normal kualitas sesuai harga,28,positive,0.75
bagjjawijayasakinah,"Alhamdulillah pesanan sudah sampai 
Sesuai dengan deskripsi",5,4,1742351057,alhamdulillah pesanan sudah sampai sesuai dengan deskripsi,alhamdulillah pesanan sudah sampai sesuai dengan deskripsi,7,positive,0.75
t*****5,"Fitur Terbaik:baik

barang sudah sampai kondisi baik hanya capslock tidak berfungsi selebihnya normal pengiriman sangat cepat trimakasih seller dan shopee sukses slalu",5,83,1744026315,fitur terbaik baik barang sudah sampai kondisi baik hanya capslock tidak berfungsi selebihnya normal pengiriman sangat cepat trimakasih seller dan shopee sukses slalu,fitur terbaik baik barang sudah sampai kondisi baik hanya capslock tidak berfungsi selebihnya normal pengiriman sangat cepat trimakasih seller dan shopee sukses slalu,23,neutral,0.55
riskanovianti42,"Fungsi:Sesuai deskripsi
Kondisi Barang:Masih bagus untuk ukuran second
Permukaan:Mulus

Bagus, sesuai deskripsi.",5,2,1736862488,fungsi sesuai deskripsi kondisi barang masih bagus untuk ukuran second permukaan mulus bagus sesuai deskripsi,fungsi sesuai deskripsi kondisi barang masih bagus untuk ukuran second permukaan mulus bagus sesuai deskripsi,15,positive,0.75
neng_bijie,"Alhamdulillah SDH sampai,terimakasih seller SDH amanah walaupun secen tapi ku ayak baru, packingan nya jg tebel☺️",5,10,1746831747,alhamdulillah sdh sampai terimakasih seller sdh amanah walaupun secen tapi ku ayak baru packingan nya jg tebel,alhamdulillah sdh sampai terimakasih seller sdh amanah walaupun secen tapi ku ayak baru packingan nya jg tebel,17,neutral,0.55
eko0800,"Fungsi:lancar alhamdulillah
Kondisi Barang:masih bagus, tapi ada yang penyok dikit di bagian belakang but ok lah untuk harga segitu
Desain:keren",5,1,1742453066,fungsi lancar alhamdulillah kondisi barang masih bagus tapi ada yang penyok dikit di bagian belakang but ok lah untuk harga segitu desain keren,fungsi lancar alhamdulillah kondisi barang masih bagus tapi ada yang penyok dikit di bagian belakang but ok lah untuk harga segitu desain keren,23,positive,0.75
pani9,"Sepadan dengan Harga:alhamdullilah paketnya udah nyampai dan amanah,  bagus bangat kwalitas seprti baru.",5,1,1691775108,sepadan dengan harga alhamdullilah paketnya udah nyampai dan amanah bagus bangat kwalitas seprti baru,sepadan dengan harga alhamdullilah paketnya udah nyampai dan amanah bagus bangat kwalitas seprti baru,14,positive,0.75
risa.bluesaphier,"Fitur Terbaik:ok
Sepadan dengan Harga:iya

Sudah dicoba sejauh ini oke, cuma screen aja warnanya pudar, mungkin perlu di setting supaya warna lebih baik, tapi saya ga tau caranya hehe.
Meskipun yg dikirim bukan merk Toshiba seperti request, saya maafkan karena warna casing nya BIRU kesukaan saya. 
Semoga awet dan bisa buat kerja. Makasih.
Oh iya packing nya bagus, rapih dan aman.",4,64,1759030076,fitur terbaik ok sepadan dengan harga iya sudah dicoba sejauh ini oke cuma screen aja warnanya pudar mungkin perlu di setting supaya warna lebih baik tapi saya ga tau caranya hehe meskipun yg dikirim bukan merk toshiba seperti request saya maafkan karena warna casing nya biru kesukaan saya semoga awet dan bisa buat kerja makasih oh iya packing nya bagus rapih dan aman,fitur terbaik ok sepadan dengan harga iya sudah dicoba sejauh ini oke cuma screen aja warnanya pudar mungkin perlu di setting supaya warna lebih baik tapi saya ga tau caranya hehe meskipun yg dikirim bukan merk toshiba seperti request saya maafkan karena warna casing nya biru kesukaan saya semoga awet dan bisa buat kerja makasih oh iya packing nya bagus rapih dan aman,63,positive,0.75
parsiman83,"Sepadan dengan Harga:oke sih

Order merk TOSHIBA yg datang merk hp",5,1,1703524150,sepadan dengan harga oke sih order merk toshiba yg datang merk hp,sepadan dengan harga oke sih order merk toshiba yg datang merk hp,12,neutral,0.55
fathurfs6666,"Fitur Terbaik:oke banget
Sepadan dengan Harga:belinya

Terima kasih, pertamanya agak dedekkan,akhirnya tidak mengecewakan",5,6,1760411331,fitur terbaik oke banget sepadan dengan harga belinya terima kasih pertamanya agak dedekkan akhirnya tidak mengecewakan,fitur terbaik oke banget sepadan dengan harga belinya terima kasih pertamanya agak dedekkan akhirnya tidak mengecewakan,16,negative,0.75
8dpidr2244,"Dengan harga segitu ya,wajar barang sesuai bagus semuanya normal,dpat Free, charger+mose semuanya normal 👍👍👍👍👍",5,5,1747470760,dengan harga segitu ya wajar barang sesuai bagus semuanya normal dpat free charger mose semuanya normal,dengan harga segitu ya wajar barang sesuai bagus semuanya normal dpat free charger mose semuanya normal,16,positive,0.75
t*****6,Sepadan dengan Harga:bagus gan thanks,5,2,1715493776,sepadan dengan harga bagus gan thanks,sepadan dengan harga bagus gan thanks,6,positive,0.75
vera165_dera,"Fungsi:ok
Desain:ok
Kondisi Barang:ok

Murah dan berkualitas, semua berfungsi dengan baik, makasih seller 💕💕💕",5,4,1765068692,fungsi ok desain ok kondisi barang ok murah dan berkualitas semua berfungsi dengan baik makasih seller,fungsi ok desain ok kondisi barang ok murah dan berkualitas semua berfungsi dengan baik makasih seller,16,neutral,0.55
pratioindra,"Fungsi:Bagus bgt kakak aku suka bgt
Desain:keren . elegan
Kondisi Barang:mulus bgt kaya Syahrini

Sumpah gak nyesel beli di toko ini bener bener amanah",5,0,1738825165,fungsi bagus bgt kakak aku suka bgt desain keren elegan kondisi barang mulus bgt kaya syahrini sumpah gak nyesel beli di toko ini bener bener amanah,fungsi bagus bgt kakak aku suka bgt desain keren elegan kondisi barang mulus bgt kaya syahrini sumpah gak nyesel beli di toko ini bener bener amanah,26,positive,0.75
s5zkrrpi6h,"Allhamdulillah terima kasih,pesanan sudah sampai dgn selamat. Kondisi baik, barang udah bisa di oprasikan",5,0,1729689625,allhamdulillah terima kasih pesanan sudah sampai dgn selamat kondisi baik barang udah bisa di oprasikan,allhamdulillah terima kasih pesanan sudah sampai dgn selamat kondisi baik barang udah bisa di oprasikan,15,neutral,0.55
hestifaridah29,"Fitur Terbaik:baik
Sepadan dengan Harga:good

Barang datang dengan baik, semoga awet dipakenya makasih seller sudah kasih sesuai yg dibutuhkan🥰",5,1,1739439171,fitur terbaik baik sepadan dengan harga good barang datang dengan baik semoga awet dipakenya makasih seller sudah kasih sesuai yg dibutuhkan,fitur terbaik baik sepadan dengan harga good barang datang dengan baik semoga awet dipakenya makasih seller sudah kasih sesuai yg dibutuhkan,21,positive,0.75
datin759,"Fungsi:berfungsi dengan baik.
Desain:menarik.
Kondisi Barang:datang dalam keadaan mulus.

Bagus sesuai ekspektasi bahkan lebih.., terimakasih untuk kk nya sudah amanah 😁😊😊., Awalnya ragu2 tpi setelah datang alhamdulillah , sesuai deskripsi. Topp.",5,0,1747309582,fungsi berfungsi dengan baik desain menarik kondisi barang datang dalam keadaan mulus bagus sesuai ekspektasi bahkan lebih terimakasih untuk kk nya sudah amanah awalnya ragu2 tpi setelah datang alhamdulillah sesuai deskripsi topp,fungsi berfungsi dengan baik desain menarik kondisi barang datang dalam keadaan mulus bagus sesuai ekspektasi bahkan lebih terimakasih untuk kk nya sudah amanah awalnya ragu2 tpi setelah datang alhamdulillah sesuai deskripsi topp,32,positive,0.75
h*****2,Fitur Terbaik:laptop ok..bagus cuma saya minta yang ada kamera nya ini malah ngga adaa,4,25,1756723928,fitur terbaik laptop ok bagus cuma saya minta yang ada kamera nya ini malah ngga adaa,fitur terbaik laptop ok bagus cuma saya minta yang ada kamera nya ini malah ngga adaa,16,positive,0.75
lxr9hesnwo,"Fungsi:fungsi dgn baik
Desain:masih sangat mulus

trimakasi leptopnya sudah kita trima dlm ke adaan baik dan berfungsi semua.dilain waktu kita pesan lagi.",5,0,1736375049,fungsi fungsi dgn baik desain masih sangat mulus trimakasi leptopnya sudah kita trima dlm ke adaan baik dan berfungsi semua dilain waktu kita pesan lagi,fungsi fungsi dgn baik desain masih sangat mulus trimakasi leptopnya sudah kita trima dlm ke adaan baik dan berfungsi semua dilain waktu kita pesan lagi,25,neutral,0.55
fatimah_putri15,"Pengiriman sangat baik, barang sampai dengan selamat, bisa digunakan, cuma suaranya agak pecah",5,44,1715493452,pengiriman sangat baik barang sampai dengan selamat bisa digunakan cuma suaranya agak pecah,pengiriman sangat baik barang sampai dengan selamat bisa digunakan cuma suaranya agak pecah,13,neutral,0.55
jayazay30,"Fungsi:laptop beroperasi dengan baik
Kondisi Barang:kondisi unit mulus
Desain:menarik desainnya

Rekomen banget lah keren pokonya",5,2,1742453130,fungsi laptop beroperasi dengan baik kondisi barang kondisi unit mulus desain menarik desainnya rekomen banget lah keren pokonya,fungsi laptop beroperasi dengan baik kondisi barang kondisi unit mulus desain menarik desainnya rekomen banget lah keren pokonya,18,positive,0.75
sfmm5o0oqx,"Fungsi:normal
Desain:oke
Kondisi Barang:lumayan bagus",5,0,1757248098,fungsi normal desain oke kondisi barang lumayan bagus,fungsi normal desain oke kondisi barang lumayan bagus,8,positive,0.75
b4ng74go,"Fungsi:bekerja dengan baik
Kondisi Barang:lumayan seperti baru
Desain:penampilan menarik

Alhamdulillah pesanan'x sesuai harapan  puas banget belanja di toko ini tokonya amanah paking rapih kurir baik sukses selalu buat seller terima kasih buat shopee",5,3,1759317584,fungsi bekerja dengan baik kondisi barang lumayan seperti baru desain penampilan menarik alhamdulillah pesanan x sesuai harapan puas banget belanja di toko ini tokonya amanah paking rapih kurir baik sukses selalu buat seller terima kasih buat shopee,fungsi bekerja dengan baik kondisi barang lumayan seperti baru desain penampilan menarik alhamdulillah pesanan x sesuai harapan puas banget belanja di toko ini tokonya amanah paking rapih kurir baik sukses selalu buat seller terima kasih buat shopee,37,positive,0.75
maharani.09,"Fungsi:lumayan normal
Kondisi Barang:mendarat dengan mulus
Desain:menarik dengan harga segini",5,0,1725780947,fungsi lumayan normal kondisi barang mendarat dengan mulus desain menarik dengan harga segini,fungsi lumayan normal kondisi barang mendarat dengan mulus desain menarik dengan harga segini,13,neutral,0.55
rierien_94,"Fungsi:ok
Kondisi Barang:ok
Desain:ok

Blm di coba semoga berfungsi dengan baik
Mksh seller",5,0,1730277352,fungsi ok kondisi barang ok desain ok blm di coba semoga berfungsi dengan baik mksh seller,fungsi ok kondisi barang ok desain ok blm di coba semoga berfungsi dengan baik mksh seller,16,neutral,0.55
aanandriana145,"Laptop sudah nyampe keadaan baik, mudah2an awet, trm kasih resseler",5,0,1705396727,laptop sudah nyampe keadaan baik mudah2an awet trm kasih resseler,laptop sudah nyampe keadaan baik mudah2an awet trm kasih resseler,10,neutral,0.55
menggokil102,"Barang sesuai di gambar dan deskripsi, tidak ada cacat apapun di berikan mouse dan benar ada aplikasi nya dan game² juga",5,0,1707303198,barang sesuai di gambar dan deskripsi tidak ada cacat apapun di berikan mouse dan benar ada aplikasi nya dan game juga,barang sesuai di gambar dan deskripsi tidak ada cacat apapun di berikan mouse dan benar ada aplikasi nya dan game juga,21,neutral,0.55
yuli1509,"Fungsi:baik
Kondisi Barang:bagus
Desain:menarik

barang bagus semoga awet dan berguna",5,0,1722081040,fungsi baik kondisi barang bagus desain menarik barang bagus semoga awet dan berguna,fungsi baik kondisi barang bagus desain menarik barang bagus semoga awet dan berguna,13,positive,0.75
srilestarijuliamar,"Fungsi:berfungsi dengan baik
Kondisi Barang:datang dalam keadaan mulus
Desain:cantik

Laptop nya bagus berfungsi dengan baik dapat gratis laptop. Dengan harga segitu sangat puas.",4,6,1745463268,fungsi berfungsi dengan baik kondisi barang datang dalam keadaan mulus desain cantik laptop nya bagus berfungsi dengan baik dapat gratis laptop dengan harga segitu sangat puas,fungsi berfungsi dengan baik kondisi barang datang dalam keadaan mulus desain cantik laptop nya bagus berfungsi dengan baik dapat gratis laptop dengan harga segitu sangat puas,26,positive,0.75
jiansjians464,"Sepadan dengan Harga:bagus
Fitur Terbaik:bagus

Semua bagus ,brang gak lecet.
Cuman model lama, windows nya  windows 7.
Selebihnya bagus.di kasih bonus mos jga",5,0,1707709128,sepadan dengan harga bagus fitur terbaik bagus semua bagus brang gak lecet cuman model lama windows nya windows 7 selebihnya bagus di kasih bonus mos jga,sepadan dengan harga bagus fitur terbaik bagus semua bagus brang gak lecet cuman model lama windows nya windows 7 selebihnya bagus di kasih bonus mos jga,26,neutral,0.55
novifi06,"Fitur Terbaik:bagus
Sepadan dengan Harga:iyah

Barang dteng bagus,
Berharap dpt warna putih tapi gpp item juga bagus
Cuma pengiriman agak lama",5,9,1709595624,fitur terbaik bagus sepadan dengan harga iyah barang dteng bagus berharap dpt warna putih tapi gpp item juga bagus cuma pengiriman agak lama,fitur terbaik bagus sepadan dengan harga iyah barang dteng bagus berharap dpt warna putih tapi gpp item juga bagus cuma pengiriman agak lama,23,neutral,0.55
s*****h,"Sepadan dengan Harga:sepadan
Fitur Terbaik:lenovo

Laptop sampai kondisi baik bagus packing aman rapi semoga laptopnya awet ya..",5,0,1708162775,sepadan dengan harga sepadan fitur terbaik lenovo laptop sampai kondisi baik bagus packing aman rapi semoga laptopnya awet ya,sepadan dengan harga sepadan fitur terbaik lenovo laptop sampai kondisi baik bagus packing aman rapi semoga laptopnya awet ya,19,positive,0.75
holqiahqiah,Sepadan dgn harga kualitas oke belum di cek semua tp sayang kipetnya cotor tp gpph terimakasih kak🙏,5,14,1757321346,sepadan dgn harga kualitas oke belum di cek semua tp sayang kipetnya cotor tp gpph terimakasih kak,sepadan dgn harga kualitas oke belum di cek semua tp sayang kipetnya cotor tp gpph terimakasih kak,17,neutral,0.55
myboyaditya,"Fitur Terbaik:sangat baik
Sepadan dengan Harga:sepadan dengan harga

barang bagus....seperti baru packing rapih banget,. respon toko nya cepat...
pengiriman nya lama banget....sejauh ini oke semua nya",5,91,1755616643,fitur terbaik sangat baik sepadan dengan harga sepadan dengan harga barang bagus seperti baru packing rapih banget respon toko nya cepat pengiriman nya lama banget sejauh ini oke semua nya,fitur terbaik sangat baik sepadan dengan harga sepadan dengan harga barang bagus seperti baru packing rapih banget respon toko nya cepat pengiriman nya lama banget sejauh ini oke semua nya,30,positive,0.75
alpian_latif,"Fungsi:beroperasi dengan baik
Kondisi Barang:datang dalam kondisi mulus
Desain:Alhamdulillah menarik

Sangat baik",5,2,1734535123,fungsi beroperasi dengan baik kondisi barang datang dalam kondisi mulus desain alhamdulillah menarik sangat baik,fungsi beroperasi dengan baik kondisi barang datang dalam kondisi mulus desain alhamdulillah menarik sangat baik,15,neutral,0.55
m*****8,"Barang sudah diterima lengkap sesuai pesanan dan kemasan super rapi dan aman,, toko amanah mantul rekomendasi",5,3,1676981732,barang sudah diterima lengkap sesuai pesanan dan kemasan super rapi dan aman toko amanah mantul rekomendasi,barang sudah diterima lengkap sesuai pesanan dan kemasan super rapi dan aman toko amanah mantul rekomendasi,16,positive,0.75
shuzanneyongyen,"Alhamdulillah amanah tadinya sempet ragu& hampir ga jadi tp stlh liat barangnya bungkusnya rapi dan barangnya jg oke mullusss mazkipun agak panas dipake agk lamaan tp keren sihh, moga awett n tengkyu seller🙏🙏🙏",5,1,1706539946,alhamdulillah amanah tadinya sempet ragu hampir ga jadi tp stlh liat barangnya bungkusnya rapi dan barangnya jg oke mullusss mazkipun agak panas dipake agk lamaan tp keren sihh moga awett n tengkyu seller,alhamdulillah amanah tadinya sempet ragu hampir ga jadi tp stlh liat barangnya bungkusnya rapi dan barangnya jg oke mullusss mazkipun agak panas dipake agk lamaan tp keren sihh moga awett n tengkyu seller,33,positive,0.75
annarubyangreni,"Sepadan dengan Harga:melebihi espektasi
Fitur Terbaik:ok

Awalnya ragu2 tapi pas barang datang, wahhh ok banget loh mulus lancar jaya cuman volume kecil padahal udh di setting ke 100% msh belum berubah,, over all bagus banget, thankz seller.. pengirimanya juga agak lama",5,7,1733212755,sepadan dengan harga melebihi espektasi fitur terbaik ok awalnya ragu2 tapi pas barang datang wahhh ok banget loh mulus lancar jaya cuman volume kecil padahal udh di setting ke 100 msh belum berubah over all bagus banget thankz seller pengirimanya juga agak lama,sepadan dengan harga melebihi espektasi fitur terbaik ok awalnya ragu2 tapi pas barang datang wahhh ok banget loh mulus lancar jaya cuman volume kecil padahal udh di setting ke 100 msh belum berubah over all bagus banget thankz seller pengirimanya juga agak lama,43,neutral,0.55
sugiantogianto634,"Fungsi:beroperasi dgn baik
Desain:merk hp, lumayan
Kondisi Barang:ada penyok dikit di sudut kanan, yh namanya jg secen.

Paket sdh sampe dgn baik, dan berfungsi, sedikit penyok ada di foto gpp lah karna harga jg berpengaruh..kelengkapan cm ada MOS ,,, Ok , mksih seler n ma kurir..",5,0,1742548479,fungsi beroperasi dgn baik desain merk hp lumayan kondisi barang ada penyok dikit di sudut kanan yh namanya jg secen paket sdh sampe dgn baik dan berfungsi sedikit penyok ada di foto gpp lah karna harga jg berpengaruh kelengkapan cm ada mos ok mksih seler n ma kurir,fungsi beroperasi dgn baik desain merk hp lumayan kondisi barang ada penyok dikit di sudut kanan yh namanya jg secen paket sdh sampe dgn baik dan berfungsi sedikit penyok ada di foto gpp lah karna harga jg berpengaruh kelengkapan cm ada mos ok mksih seler n ma kurir,48,neutral,0.55
loviegrapes,"Overall good...cm kmrn katanya merk hp,yg dikirim lenovo. semoga awet. sementara smua normal.cm baterai cpt bgt habis. 
kurir ga diantar ketempat...dititip tetangga jauh
Thanks seller",5,5,1748608845,overall good cm kmrn katanya merk hp yg dikirim lenovo semoga awet sementara smua normal cm baterai cpt bgt habis kurir ga diantar ketempat dititip tetangga jauh thanks seller,overall good cm kmrn katanya merk hp yg dikirim lenovo semoga awet sementara smua normal cm baterai cpt bgt habis kurir ga diantar ketempat dititip tetangga jauh thanks seller,29,neutral,0.55
udsanto,"Fungsi:lumayanlah dengan harga segitu
Kondisi Barang:lumayan baik
Desain:boleh lah,

Barangnya masih bagus sih,cman agak lelet sdkit yah trus mousenya awalnya menyala sih tapi pas semalam mau bikin kerja mousenya udah nggak berfungsi lagi alias mati hidup yah mngkin KRNA lubang USB nya yg udah bekarat atau apa gitu..trus ad tombol yg keangkat gitu..trus lebih pertahankan kwalitasnya yah kak🙏",4,2,1745810679,fungsi lumayanlah dengan harga segitu kondisi barang lumayan baik desain boleh lah barangnya masih bagus sih cman agak lelet sdkit yah trus mousenya awalnya menyala sih tapi pas semalam mau bikin kerja mousenya udah nggak berfungsi lagi alias mati hidup yah mngkin krna lubang usb nya yg udah bekarat atau apa gitu trus ad tombol yg keangkat gitu trus lebih pertahankan kwalitasnya yah kak,fungsi lumayanlah dengan harga segitu kondisi barang lumayan baik desain boleh lah barangnya masih bagus sih cman agak lelet sdkit yah trus mousenya awalnya menyala sih tapi pas semalam mau bikin kerja mousenya udah nggak berfungsi lagi alias mati hidup yah mngkin krna lubang usb nya yg udah bekarat atau apa gitu trus ad tombol yg keangkat gitu trus lebih pertahankan kwalitasnya yah kak,64,positive,0.75
miftaaquarista,mantap pelayanan bagus. bisa reques spek  ram dan hdd,5,11,1705408288,mantap pelayanan bagus bisa reques spek ram dan hdd,mantap pelayanan bagus bisa reques spek ram dan hdd,9,positive,0.75
salosfreitas,"Fungsi:dapat di gunakan dgn baik
Desain:terihat keren.
Kondisi Barang:datang dlm keadaan mulus.

Barang yg pesan acer tapi yg dtang lain.",5,0,1754281355,fungsi dapat di gunakan dgn baik desain terihat keren kondisi barang datang dlm keadaan mulus barang yg pesan acer tapi yg dtang lain,fungsi dapat di gunakan dgn baik desain terihat keren kondisi barang datang dlm keadaan mulus barang yg pesan acer tapi yg dtang lain,23,positive,0.75
tiyamto,"Sepadan dengan Harga:seukuran dg harga
Fitur Terbaik:okelah

Semua berfungsi, bateray agak lemah tapi wajarlah second",5,1,1738578856,sepadan dengan harga seukuran dg harga fitur terbaik okelah semua berfungsi bateray agak lemah tapi wajarlah second,sepadan dengan harga seukuran dg harga fitur terbaik okelah semua berfungsi bateray agak lemah tapi wajarlah second,17,neutral,0.55
sahabat_ltm,"Fitur Terbaik:kualiatas bagus dan amanah

Semoga awet
Amin",5,0,1696380615,fitur terbaik kualiatas bagus dan amanah semoga awet amin,fitur terbaik kualiatas bagus dan amanah semoga awet amin,9,positive,0.75
aniemaryaani,"Fungsi:smua komponen berpungsi dengan baik
Desain:bagus dan menarik
Kondisi Barang:datang dengan keadaan mulus

Maap saya cuma ngasih bintang 4, dikira mau dapat Acer atu tosiba malah dapat Lenovo tapi ga papah lah sepadan sama harganya...!",4,1,1742522149,fungsi smua komponen berpungsi dengan baik desain bagus dan menarik kondisi barang datang dengan keadaan mulus maap saya cuma ngasih bintang 4 dikira mau dapat acer atu tosiba malah dapat lenovo tapi ga papah lah sepadan sama harganya,fungsi smua komponen berpungsi dengan baik desain bagus dan menarik kondisi barang datang dengan keadaan mulus maap saya cuma ngasih bintang 4 dikira mau dapat acer atu tosiba malah dapat lenovo tapi ga papah lah sepadan sama harganya,38,positive,0.75
suhetisuheti618,Fitur Terbaik:Alhamdulillah amanah yg jual ny moga berkah rizkinya Aamiin,5,0,1673910241,fitur terbaik alhamdulillah amanah yg jual ny moga berkah rizkinya aamiin,fitur terbaik alhamdulillah amanah yg jual ny moga berkah rizkinya aamiin,11,neutral,0.55
erpansetiawan.chelsea,"Fungsi:baik
Kondisi Barang:bagus
Desain:lumayan menarik

Sayangnya pengen acer malah Lenovo. Pengiriman cepat.. packing rapih dan aman",4,3,1747854285,fungsi baik kondisi barang bagus desain lumayan menarik sayangnya pengen acer malah lenovo pengiriman cepat packing rapih dan aman,fungsi baik kondisi barang bagus desain lumayan menarik sayangnya pengen acer malah lenovo pengiriman cepat packing rapih dan aman,19,positive,0.75
maisarasara_,"Fungsi:baik
Desain:model dulu
Kondisi Barang:datang dengn selamat

Dapat merk lenovo udh d coba 2 hari untuk baterai lumayan awett yaa... terimakasih",5,0,1750151534,fungsi baik desain model dulu kondisi barang datang dengn selamat dapat merk lenovo udh d coba 2 hari untuk baterai lumayan awett yaa terimakasih,fungsi baik desain model dulu kondisi barang datang dengn selamat dapat merk lenovo udh d coba 2 hari untuk baterai lumayan awett yaa terimakasih,24,neutral,0.55
yanitjie,"Sdh dateng barang nya..tp merk nya beda ya..

Blm saya cek sih keyboardnya..",5,3,1675482949,sdh dateng barang nya tp merk nya beda ya blm saya cek sih keyboardnya,sdh dateng barang nya tp merk nya beda ya blm saya cek sih keyboardnya,14,neutral,0.55
sohib99,"Barang yg di kirim tidak sesuai yg di tawarkan,, baik model maupun merek 
Di tawarkan merek Toshiba tapi yang datang merek lenovo",3,16,1749048886,barang yg di kirim tidak sesuai yg di tawarkan baik model maupun merek di tawarkan merek toshiba tapi yang datang merek lenovo,barang yg di kirim tidak sesuai yg di tawarkan baik model maupun merek di tawarkan merek toshiba tapi yang datang merek lenovo,22,neutral,0.55
yulianaracmad,"Fitur Terbaik:katanya cepat pas di coba lelet kali nggak sesuai dengan keterangan yg di tulis,",2,10,1744584128,fitur terbaik katanya cepat pas di coba lelet kali nggak sesuai dengan keterangan yg di tulis,fitur terbaik katanya cepat pas di coba lelet kali nggak sesuai dengan keterangan yg di tulis,16,positive,0.75
ekhanoviyanto,"Alhamdulillah,barang berfungsi normal,kondisi fisik masih sangat oke,semoga barang nya awet,minimal sampai selesai skripsi 🙏",4,3,1723287777,alhamdulillah barang berfungsi normal kondisi fisik masih sangat oke semoga barang nya awet minimal sampai selesai skripsi,alhamdulillah barang berfungsi normal kondisi fisik masih sangat oke semoga barang nya awet minimal sampai selesai skripsi,17,neutral,0.55
0987654321ahsh,"Fungsi:sesuai dengan harapan bekerja dengan baik
Desain:dengan detail yang apik dan menarik mbos
Kondisi Barang:datang dalam keadaan bagus seperti apa adanya sesuai dengan harga barang secondhand yang sepadan dan apik",5,0,1753614370,fungsi sesuai dengan harapan bekerja dengan baik desain dengan detail yang apik dan menarik mbos kondisi barang datang dalam keadaan bagus seperti apa adanya sesuai dengan harga barang secondhand yang sepadan dan apik,fungsi sesuai dengan harapan bekerja dengan baik desain dengan detail yang apik dan menarik mbos kondisi barang datang dalam keadaan bagus seperti apa adanya sesuai dengan harga barang secondhand yang sepadan dan apik,33,positive,0.75
rahayllll,Berfungsi dengan baik makasih. Semoga barang nya awet berkah,5,1,1691679920,berfungsi dengan baik makasih semoga barang nya awet berkah,berfungsi dengan baik makasih semoga barang nya awet berkah,9,neutral,0.55
sista_24,Memuaskan bakasih banyak... beli 2... ok semua barangnya sony dan dellll,5,1,1755156002,memuaskan bakasih banyak beli 2 ok semua barangnya sony dan dellll,memuaskan bakasih banyak beli 2 ok semua barangnya sony dan dellll,11,neutral,0.55
evownqmlt4,"Fungsi:semua komponen fungsi
Kondisi Barang:komplit mulus
Desain:good

Recomended",5,1,1723200659,fungsi semua komponen fungsi kondisi barang komplit mulus desain good recomended,fungsi semua komponen fungsi kondisi barang komplit mulus desain good recomended,11,neutral,0.55
nikmahk,"Fitur Terbaik:bagus

Barang bagus kondisi masih oke cuma mouse nya ga ada tapi gppa tetep puas, semoga toko slalu amanah",5,0,1703843092,fitur terbaik bagus barang bagus kondisi masih oke cuma mouse nya ga ada tapi gppa tetep puas semoga toko slalu amanah,fitur terbaik bagus barang bagus kondisi masih oke cuma mouse nya ga ada tapi gppa tetep puas semoga toko slalu amanah,21,positive,0.75
www.satrio.25,Fitur Terbaik:cocok utk kebutuhan kerja,5,4,1693401941,fitur terbaik cocok utk kebutuhan kerja,fitur terbaik cocok utk kebutuhan kerja,6,positive,0.75
65xwbpr2bz,"Fungsi:barangnya bagus
Kondisi Barang:hidup
Desain:oke nggak ada yang lecek

M kasih banyak,,sampainya dengan selamat,,laptopnya di pilihin merek yang bagus..",5,0,1719181350,fungsi barangnya bagus kondisi barang hidup desain oke nggak ada yang lecek m kasih banyak sampainya dengan selamat laptopnya di pilihin merek yang bagus,fungsi barangnya bagus kondisi barang hidup desain oke nggak ada yang lecek m kasih banyak sampainya dengan selamat laptopnya di pilihin merek yang bagus,24,positive,0.75
salwasha123,"Fungsi:berfungsi
Desain:bagus
Kondisi Barang:mulud

Semoga awet",5,0,1747993356,fungsi berfungsi desain bagus kondisi barang mulud semoga awet,fungsi berfungsi desain bagus kondisi barang mulud semoga awet,9,positive,0.75
nursyahid999,"Alhamdulillah barang bagus,mulus,sesuai permintaan,cm batreinya kurang tahan lama,tp mantablah,makasis boss kuuuu",5,61,1699830646,alhamdulillah barang bagus mulus sesuai permintaan cm batreinya kurang tahan lama tp mantablah makasis boss kuuuu,alhamdulillah barang bagus mulus sesuai permintaan cm batreinya kurang tahan lama tp mantablah makasis boss kuuuu,16,neutral,0.55
lv373nnf97,,5,90,1707552096,,,1,neutral,0.55
dediagusferiadi,"Fungsi:Berpungsi semua
Kondisi Barang:Oke

Maap kl lambat memberi ulasan ya kak barang oke toko amanah",5,0,1721903805,fungsi berpungsi semua kondisi barang oke maap kl lambat memberi ulasan ya kak barang oke toko amanah,fungsi berpungsi semua kondisi barang oke maap kl lambat memberi ulasan ya kak barang oke toko amanah,17,neutral,0.55
1mastotok1,"Fitur Terbaik:kwalitas barang lebih bagus dari harganya

Saya langsung pakai buat laporan, semua dalam kondisi baik, batre kuat 2 jam, mouse baik , kondisi  mulus, keyboard normal, semua baik deh... Makasih seller .. laporanku dah beres",5,1,1689085058,fitur terbaik kwalitas barang lebih bagus dari harganya saya langsung pakai buat laporan semua dalam kondisi baik batre kuat 2 jam mouse baik kondisi mulus keyboard normal semua baik deh makasih seller laporanku dah beres,fitur terbaik kwalitas barang lebih bagus dari harganya saya langsung pakai buat laporan semua dalam kondisi baik batre kuat 2 jam mouse baik kondisi mulus keyboard normal semua baik deh makasih seller laporanku dah beres,35,positive,0.75
kangmasnoersad,Fitur Terbaik:barang bagus ok... sesikit aja kekurangannya batre cept abis... moga awet,4,12,1719794269,fitur terbaik barang bagus ok sesikit aja kekurangannya batre cept abis moga awet,fitur terbaik barang bagus ok sesikit aja kekurangannya batre cept abis moga awet,13,positive,0.75
karn4ain,"Fungsi:baik
Kondisi Barang:bateray drop hrus slalu di colok carger, kalo gak, laptopny mati.
Desain:bagus",3,0,1730289330,fungsi baik kondisi barang bateray drop hrus slalu di colok carger kalo gak laptopny mati desain bagus,fungsi baik kondisi barang bateray drop hrus slalu di colok carger kalo gak laptopny mati desain bagus,17,positive,0.75
javastorebcl,Barang sudah sampai dengan selamat... Smoga awet.,5,3,1680968928,barang sudah sampai dengan selamat smoga awet,barang sudah sampai dengan selamat smoga awet,7,neutral,0.55
pujiritanti,"Cepat, rapi, aman, packingnya tebel... Terima kasih semoga berkah ya.. Dan sukses untuk anda.. 😍🙏",5,0,1692018135,cepat rapi aman packingnya tebel terima kasih semoga berkah ya dan sukses untuk anda,cepat rapi aman packingnya tebel terima kasih semoga berkah ya dan sukses untuk anda,14,positive,0.75
ryaan.064,"Fungsi:berfungsi dengan baik
Kondisi Barang:mulus
Desain:manteb",5,0,1728910234,fungsi berfungsi dengan baik kondisi barang mulus desain manteb,fungsi berfungsi dengan baik kondisi barang mulus desain manteb,9,neutral,0.55
8vyw7h71l2,"merk lain dari stok pesanan
Beberapa tombol keyboard off
yah sudahlah..
terima kasih",4,4,1693038143,merk lain dari stok pesanan beberapa tombol keyboard off yah sudahlah terima kasih,merk lain dari stok pesanan beberapa tombol keyboard off yah sudahlah terima kasih,13,neutral,0.55
udinarma90,"Sepadan dengan Harga:Alhamdulillah dapet yg bisa di upgrade

Mantap tapi ko chat nya ga pernah di bls",5,0,1702276297,sepadan dengan harga alhamdulillah dapet yg bisa di upgrade mantap tapi ko chat nya ga pernah di bls,sepadan dengan harga alhamdulillah dapet yg bisa di upgrade mantap tapi ko chat nya ga pernah di bls,18,positive,0.75
radityarusli75,,5,14,1697227444,,,1,neutral,0.55
nadilamotor,"Fungsi:ok
Desain:ok
Kondisi Barang:ok

Seller amanah terima kasih bos ku",5,0,1753302824,fungsi ok desain ok kondisi barang ok seller amanah terima kasih bos ku,fungsi ok desain ok kondisi barang ok seller amanah terima kasih bos ku,13,neutral,0.55
saraastari,"Fungsi:semuanya beroperasi dg baik
Desain:menarik
Kondisi Barang:dtng dlm keadaan baik cuma ada leset leset di area belakang

Bagus sekali dg hrga yg begitu terjangkau😍
Next order lagi 🥰",4,1,1743572575,fungsi semuanya beroperasi dg baik desain menarik kondisi barang dtng dlm keadaan baik cuma ada leset leset di area belakang bagus sekali dg hrga yg begitu terjangkau next order lagi,fungsi semuanya beroperasi dg baik desain menarik kondisi barang dtng dlm keadaan baik cuma ada leset leset di area belakang bagus sekali dg hrga yg begitu terjangkau next order lagi,30,positive,0.75
aulianandana,,5,16,1697483139,,,1,neutral,0.55
heriyaniaulialea,"Sepadan dengan Harga:sepadan dengan harga

Barang sesuai deskripsi semua berfungsi baik",4,1,1709162811,sepadan dengan harga sepadan dengan harga barang sesuai deskripsi semua berfungsi baik,sepadan dengan harga sepadan dengan harga barang sesuai deskripsi semua berfungsi baik,12,positive,0.75
billyjacknendissa,"Fitur Terbaik:Peking nya rapih
Sepadan dengan Harga:Mantap Min

Trm ksh Min barang barang nya masih bagus, sukses terus Min 🙏🙏",5,0,1703221049,fitur terbaik peking nya rapih sepadan dengan harga mantap min trm ksh min barang barang nya masih bagus sukses terus min,fitur terbaik peking nya rapih sepadan dengan harga mantap min trm ksh min barang barang nya masih bagus sukses terus min,21,positive,0.75
nenih_naran,"Fitur Terbaik:sangat baik
Sepadan dengan Harga:ekonomis

Terimakasih barang sudah sampai harga sangat terjangkau terimakasih seller amanah nya",5,7,1741752179,fitur terbaik sangat baik sepadan dengan harga ekonomis terimakasih barang sudah sampai harga sangat terjangkau terimakasih seller amanah nya,fitur terbaik sangat baik sepadan dengan harga ekonomis terimakasih barang sudah sampai harga sangat terjangkau terimakasih seller amanah nya,19,neutral,0.55
yudhialdy,,5,3,1708167160,,,1,neutral,0.55
3nzcl85m4_,"Fungsi:berfungsi dengan baik, semua tombol berfungsi, sudah d instal aplikasi yg diinginkan
Kondisi Barang:baik
Desain:menarik,kokoh

Barang sampai dengan selamat, packing bagus, aman, kurir jg ramah, barang dengan harga segitu berkualitas sekali, recommended belanja di sini....",5,0,1729036722,fungsi berfungsi dengan baik semua tombol berfungsi sudah d instal aplikasi yg diinginkan kondisi barang baik desain menarik kokoh barang sampai dengan selamat packing bagus aman kurir jg ramah barang dengan harga segitu berkualitas sekali recommended belanja di sini,fungsi berfungsi dengan baik semua tombol berfungsi sudah d instal aplikasi yg diinginkan kondisi barang baik desain menarik kokoh barang sampai dengan selamat packing bagus aman kurir jg ramah barang dengan harga segitu berkualitas sekali recommended belanja di sini,39,positive,0.75
mutiarakomputer,"leptopnya alhamdulillah berfungsi semua normal spadan dengan harga,, cuma mereknya tidak sesuai dengan foto yang ada di diskripsi",4,0,1742622297,leptopnya alhamdulillah berfungsi semua normal spadan dengan harga cuma mereknya tidak sesuai dengan foto yang ada di diskripsi,leptopnya alhamdulillah berfungsi semua normal spadan dengan harga cuma mereknya tidak sesuai dengan foto yang ada di diskripsi,18,neutral,0.55
mainanrajeh,"Fitur Terbaik:mantap

Seller ok",5,1,1696140354,fitur terbaik mantap seller ok,fitur terbaik mantap seller ok,5,positive,0.75
harjokoabadijayamotor,"Fitur Terbaik:bagus barangnya
Sepadan dengan Harga:pas harganya",5,0,1702369502,fitur terbaik bagus barangnya sepadan dengan harga pas harganya,fitur terbaik bagus barangnya sepadan dengan harga pas harganya,9,positive,0.75
erwinmunthe75,Bagus ...mantap,5,5,1699857364,bagus mantap,bagus mantap,2,positive,0.75
t*****l,"Fungsi:berfungsi dengan baik
Kondisi Barang:lumayan mulus

Mksh untuk pnjualnya,pakingnya aman bgt smga awet",5,0,1762654814,fungsi berfungsi dengan baik kondisi barang lumayan mulus mksh untuk pnjualnya pakingnya aman bgt smga awet,fungsi berfungsi dengan baik kondisi barang lumayan mulus mksh untuk pnjualnya pakingnya aman bgt smga awet,16,neutral,0.55
abib_tea,"Barang sudah di terima, sementara normal hanya satu yg terdeksi untuk klik kanan tidak berfungsi",5,0,1695978813,barang sudah di terima sementara normal hanya satu yg terdeksi untuk klik kanan tidak berfungsi,barang sudah di terima sementara normal hanya satu yg terdeksi untuk klik kanan tidak berfungsi,15,negative,0.75
mia4udina,"Laptop beroperasi dengan baik , pengiriman aman",5,0,1755171519,laptop beroperasi dengan baik pengiriman aman,laptop beroperasi dengan baik pengiriman aman,6,neutral,0.55
yayan733,"Fungsi:ok
Desain:ok
Kondisi Barang:bagus

Paket nya udah datang dari kemarin maaf kak baru kasih ulasannya karena lagi sibuk banget,, laptopnya bagus,mulus pokoknya mantap ini pembelian ku yang kedua kalinya ditoko ini amanah banget pokoknya selalu puas belanja ditoko ini,,jadi langganan pokoknya toko ini,, nanti kalau ada yang pesan laptop lagi aku pesan lagi kak laptopnya mantap 👍👍 pertahankan slalu kak kualitasnya n buat mas kurir udah langganan",5,0,1737245945,fungsi ok desain ok kondisi barang bagus paket nya udah datang dari kemarin maaf kak baru kasih ulasannya karena lagi sibuk banget laptopnya bagus mulus pokoknya mantap ini pembelian ku yang kedua kalinya ditoko ini amanah banget pokoknya selalu puas belanja ditoko ini jadi langganan pokoknya toko ini nanti kalau ada yang pesan laptop lagi aku pesan lagi kak laptopnya mantap pertahankan slalu kak kualitasnya n buat mas kurir udah langganan,fungsi ok desain ok kondisi barang bagus paket nya udah datang dari kemarin maaf kak baru kasih ulasannya karena lagi sibuk banget laptopnya bagus mulus pokoknya mantap ini pembelian ku yang kedua kalinya ditoko ini amanah banget pokoknya selalu puas belanja ditoko ini jadi langganan pokoknya toko ini nanti kalau ada yang pesan laptop lagi aku pesan lagi kak laptopnya mantap pertahankan slalu kak kualitasnya n buat mas kurir udah langganan,71,positive,0.75
mulyana_nana,"Fitur Terbaik:lumayan
Sepadan dengan Harga:ya

Cepat dtng nya",3,2,1708350332,fitur terbaik lumayan sepadan dengan harga ya cepat dtng nya,fitur terbaik lumayan sepadan dengan harga ya cepat dtng nya,10,positive,0.75
indokamila,Mantap laptopnya core i7 ram 16g,5,0,1728992026,mantap laptopnya core i7 ram 16g,mantap laptopnya core i7 ram 16g,6,positive,0.75
12_aman_ja2y,,5,2,1697233927,,,1,neutral,0.55
elizashopie,"Fitur Terbaik:baik
Sepadan dengan Harga:sepadan dengan harga

Packing bgus rapi,.
Untuk saat ini kondisi laptop ny masih baik.
GK tau nanti nya, mudah mudahan awet.
Sayang batre nya baru 3 menit udh habis 😭",3,1,1702125579,fitur terbaik baik sepadan dengan harga sepadan dengan harga packing bgus rapi untuk saat ini kondisi laptop ny masih baik gk tau nanti nya mudah mudahan awet sayang batre nya baru 3 menit udh habis,fitur terbaik baik sepadan dengan harga sepadan dengan harga packing bgus rapi untuk saat ini kondisi laptop ny masih baik gk tau nanti nya mudah mudahan awet sayang batre nya baru 3 menit udh habis,35,positive,0.75
r*****r,"Sepadan dengan Harga:mahal dikit
Fitur Terbaik:spek tinggi

Untuk properti karyawan pemula cukup oke, jadi ga perlu invest laptop baru yang mahal. Kalo bisa murah kenapa harus cari yang mahal ?",5,3,1697477896,sepadan dengan harga mahal dikit fitur terbaik spek tinggi untuk properti karyawan pemula cukup oke jadi ga perlu invest laptop baru yang mahal kalo bisa murah kenapa harus cari yang mahal,sepadan dengan harga mahal dikit fitur terbaik spek tinggi untuk properti karyawan pemula cukup oke jadi ga perlu invest laptop baru yang mahal kalo bisa murah kenapa harus cari yang mahal,31,neutral,0.55
yantizulfa502,"Fungsi:dpt berfungsi
Kondisi Barang:sesuai harga
Desain:bagus

Paket mendarat dgn selamat paking rapi cuma batrenya low baru di pake 10 menit mati harus sambil di cas tapi ok lah sesuai harga",3,3,1742453102,fungsi dpt berfungsi kondisi barang sesuai harga desain bagus paket mendarat dgn selamat paking rapi cuma batrenya low baru di pake 10 menit mati harus sambil di cas tapi ok lah sesuai harga,fungsi dpt berfungsi kondisi barang sesuai harga desain bagus paket mendarat dgn selamat paking rapi cuma batrenya low baru di pake 10 menit mati harus sambil di cas tapi ok lah sesuai harga,33,positive,0.75
nonaahmadin,"Fungsi:sedikit agak lemot dn batrei cpt habis🤭 maklum namax jg seken
Desain:leptopnya keren
Kondisi Barang:datang dgn kondisi baik dn aman

Respon penjual cpt sekali ditanggapi, amanah, semoga  leptopx awet walpun sedikit lemot responya",5,0,1747755745,fungsi sedikit agak lemot dn batrei cpt habis maklum namax jg seken desain leptopnya keren kondisi barang datang dgn kondisi baik dn aman respon penjual cpt sekali ditanggapi amanah semoga leptopx awet walpun sedikit lemot responya,fungsi sedikit agak lemot dn batrei cpt habis maklum namax jg seken desain leptopnya keren kondisi barang datang dgn kondisi baik dn aman respon penjual cpt sekali ditanggapi amanah semoga leptopx awet walpun sedikit lemot responya,36,positive,0.75
amiliasara33,"Sepadan dengan Harga:murah

Ndak kaleng2 pokoknya",5,0,1707033401,sepadan dengan harga murah ndak kaleng2 pokoknya,sepadan dengan harga murah ndak kaleng2 pokoknya,7,neutral,0.55
hermansyah365,,5,1,1733301577,,,1,neutral,0.55
maiyarsi13,"Fitur Terbaik:keyboard nya  kena Bg,gak di pencet tapi jalan sendiri

Keyboard nya kena gak di pencet malah jalan sendiri,setiap nonton video YouTube terus pasti balik balik sendiri video nya",2,11,1702506293,fitur terbaik keyboard nya kena bg gak di pencet tapi jalan sendiri keyboard nya kena gak di pencet malah jalan sendiri setiap nonton video youtube terus pasti balik balik sendiri video nya,fitur terbaik keyboard nya kena bg gak di pencet tapi jalan sendiri keyboard nya kena gak di pencet malah jalan sendiri setiap nonton video youtube terus pasti balik balik sendiri video nya,32,neutral,0.55
hamzah0505,Mantap gan sesuai pesanan tks,5,0,1723121636,mantap gan sesuai pesanan tks,mantap gan sesuai pesanan tks,5,positive,0.75
kgsirsandayusman,"Kondisi Barang:kok beda merek.digampar pesen merek toshiba acer..koo yg datang merek dell

Dak sesuai dgn gambar",5,0,1722138898,kondisi barang kok beda merek digampar pesen merek toshiba acer koo yg datang merek dell dak sesuai dgn gambar,kondisi barang kok beda merek digampar pesen merek toshiba acer koo yg datang merek dell dak sesuai dgn gambar,19,positive,0.75
eva_yulianti13,"Sepadan dengan Harga:merk tidak sesuai dengan yg tercntum

Maaf cuma kasih bintang 4 karna baterai sudah tidak berfungsi dengan baik ,nyalainnya garus pakai charger ,kalo dilepas chargernya laptop mati...itu aja sih yang lain MH oke ..",4,5,1719793723,sepadan dengan harga merk tidak sesuai dengan yg tercntum maaf cuma kasih bintang 4 karna baterai sudah tidak berfungsi dengan baik nyalainnya garus pakai charger kalo dilepas chargernya laptop mati itu aja sih yang lain mh oke,sepadan dengan harga merk tidak sesuai dengan yg tercntum maaf cuma kasih bintang 4 karna baterai sudah tidak berfungsi dengan baik nyalainnya garus pakai charger kalo dilepas chargernya laptop mati itu aja sih yang lain mh oke,37,neutral,0.55
rianthea83,Ok mksh barang bisa nyala,5,0,1653739546,ok mksh barang bisa nyala,ok mksh barang bisa nyala,5,neutral,0.55
ks_albi,"Fitur Terbaik:untuk semuanya sesuai yang tercantum di deskripsi

Tetapi Untuk Baterai Tidak Cukup Lama Tetapi Oke lah, Dan Untuk Touch Kanan Dan Kiri Tidak Berfungsi, Jadi Untuk Harga Segini Okelah...
Good Seller",3,2,1702204543,fitur terbaik untuk semuanya sesuai yang tercantum di deskripsi tetapi untuk baterai tidak cukup lama tetapi oke lah dan untuk touch kanan dan kiri tidak berfungsi jadi untuk harga segini okelah good seller,fitur terbaik untuk semuanya sesuai yang tercantum di deskripsi tetapi untuk baterai tidak cukup lama tetapi oke lah dan untuk touch kanan dan kiri tidak berfungsi jadi untuk harga segini okelah good seller,33,negative,0.75
harmenharmen951,"Fungsi:bekerja dengan baik sesuai dengan harapan.
Desain:menarik dengan detail yang sangat bagus.
Kondisi Barang:datang dalam keadaan mulus dan sangat rapi.

Barang bagus tidak mengecewakan dan amanah. 
Awalnya ada keraguan pas tiba barangnya ternyata bagus dan sangat memuaskan dengan harga yang tergolong murah tp bukan murahan. 
Terimakasih. 
Kurir juga sangat ramah.",5,0,1742368292,fungsi bekerja dengan baik sesuai dengan harapan desain menarik dengan detail yang sangat bagus kondisi barang datang dalam keadaan mulus dan sangat rapi barang bagus tidak mengecewakan dan amanah awalnya ada keraguan pas tiba barangnya ternyata bagus dan sangat memuaskan dengan harga yang tergolong murah tp bukan murahan terimakasih kurir juga sangat ramah,fungsi bekerja dengan baik sesuai dengan harapan desain menarik dengan detail yang sangat bagus kondisi barang datang dalam keadaan mulus dan sangat rapi barang bagus tidak mengecewakan dan amanah awalnya ada keraguan pas tiba barangnya ternyata bagus dan sangat memuaskan dengan harga yang tergolong murah tp bukan murahan terimakasih kurir juga sangat ramah,53,positive,0.75
valleria.azzahra,Semoga awet... Sudah ta cek masih mulus... Terimakasih,5,0,1681543711,semoga awet sudah ta cek masih mulus terimakasih,semoga awet sudah ta cek masih mulus terimakasih,8,neutral,0.55
p*****5,"Sempat ragu,tetapi ternyata tokonya sangat amanah barang nya sampai dengan baik",5,0,1733475258,sempat ragu tetapi ternyata tokonya sangat amanah barang nya sampai dengan baik,sempat ragu tetapi ternyata tokonya sangat amanah barang nya sampai dengan baik,12,neutral,0.55
f*****a,"Fitur Terbaik:mantapp pooolllll
Sepadan dengan Harga:sepadan sekali

Kemaren request merk dell atau Toshiba tapi dikirm Lenovo, tapi gpp kok masih tetap puas sama laptop nya
Fitur berfungsi dengan baik, semoga awet, thanks ya seller dan kurir 🙏",5,0,1689642492,fitur terbaik mantapp pooolllll sepadan dengan harga sepadan sekali kemaren request merk dell atau toshiba tapi dikirm lenovo tapi gpp kok masih tetap puas sama laptop nya fitur berfungsi dengan baik semoga awet thanks ya seller dan kurir,fitur terbaik mantapp pooolllll sepadan dengan harga sepadan sekali kemaren request merk dell atau toshiba tapi dikirm lenovo tapi gpp kok masih tetap puas sama laptop nya fitur berfungsi dengan baik semoga awet thanks ya seller dan kurir,38,positive,0.75
waworul,Nex pesan lagi bosku,5,0,1726273451,nex pesan lagi bosku,nex pesan lagi bosku,4,neutral,0.55
mulllyanaa,,5,0,1672494644,,,1,neutral,0.55
n*****h,"Alhamdulillah bagus , semoga awet 🤲🏻
Barakallah seller & bg kurir 🤗",5,1,1700237214,alhamdulillah bagus semoga awet barakallah seller bg kurir,alhamdulillah bagus semoga awet barakallah seller bg kurir,8,positive,0.75
m*****5,"Fitur Terbaik:baik
Sepadan dengan Harga:ya dn murah bngt hrga trjngkau tp msg blm divoba mudah2 awet

Alhmdulillah brng nympk dngn somt dn bs dinylakn...pngemasanya rapi dn bnr2 aman trmksh shoper ats kprcyaanya",5,5,1686631750,fitur terbaik baik sepadan dengan harga ya dn murah bngt hrga trjngkau tp msg blm divoba mudah2 awet alhmdulillah brng nympk dngn somt dn bs dinylakn pngemasanya rapi dn bnr2 aman trmksh shoper ats kprcyaanya,fitur terbaik baik sepadan dengan harga ya dn murah bngt hrga trjngkau tp msg blm divoba mudah2 awet alhmdulillah brng nympk dngn somt dn bs dinylakn pngemasanya rapi dn bnr2 aman trmksh shoper ats kprcyaanya,35,positive,0.75
m*****0,"Fitur Terbaik:Fisik lumayan
Sepadan dengan Harga:ya ya ya

Batre boros harus sambil cas",4,1,1708350261,fitur terbaik fisik lumayan sepadan dengan harga ya ya ya batre boros harus sambil cas,fitur terbaik fisik lumayan sepadan dengan harga ya ya ya batre boros harus sambil cas,15,neutral,0.55
hatim.86,,5,12,1697484290,,,1,neutral,0.55
toko.quinn,"Fungsi:baik
Desain:baik
Kondisi Barang:baik

Bagus, ga nyangka sebagus ini body mulus, berfungsi dengan baik sesuai deskriosi, seller ramah fast respond juga packing sangat baik tebal pengiriman juga cepat next klo butuh yang lainnorder di sini lagi",5,0,1746518667,fungsi baik desain baik kondisi barang baik bagus ga nyangka sebagus ini body mulus berfungsi dengan baik sesuai deskriosi seller ramah fast respond juga packing sangat baik tebal pengiriman juga cepat next klo butuh yang lainnorder di sini lagi,fungsi baik desain baik kondisi barang baik bagus ga nyangka sebagus ini body mulus berfungsi dengan baik sesuai deskriosi seller ramah fast respond juga packing sangat baik tebal pengiriman juga cepat next klo butuh yang lainnorder di sini lagi,39,positive,0.75
7u3tlkvad8,,5,0,1700629555,,,1,neutral,0.55
_7tjze8iz9,"Terima kasih paketxa udah datang,,,di terima dalam keadaan baik,,tidak ada lecet sedikit pun,,,mantap tokohx,,,
Kurirxa juga baik dan ramah pokokxa the best👍👍",5,0,1760094259,terima kasih paketxa udah datang di terima dalam keadaan baik tidak ada lecet sedikit pun mantap tokohx kurirxa juga baik dan ramah pokokxa the best,terima kasih paketxa udah datang di terima dalam keadaan baik tidak ada lecet sedikit pun mantap tokohx kurirxa juga baik dan ramah pokokxa the best,25,neutral,0.55
hanifahabu,"Fitur Terbaik:Sesuai dengan etalasenya
Sepadan dengan Harga:sesuai dengan harga

Terimakasih kak, amanah, barang sesuai dengan pesanan, semoga awet, di tunggu pesan selanjutnya, recomendasi buat anak belajar...",5,0,1705665905,fitur terbaik sesuai dengan etalasenya sepadan dengan harga sesuai dengan harga terimakasih kak amanah barang sesuai dengan pesanan semoga awet di tunggu pesan selanjutnya recomendasi buat anak belajar,fitur terbaik sesuai dengan etalasenya sepadan dengan harga sesuai dengan harga terimakasih kak amanah barang sesuai dengan pesanan semoga awet di tunggu pesan selanjutnya recomendasi buat anak belajar,28,positive,0.75
sejahtera_bordir_medan,,5,0,1697232459,,,1,neutral,0.55
tika2778,Baguss👍👍👍,5,1,1756531239,baguss,baguss,1,neutral,0.55
johan.santoso.js,Paket telah di terima... maaf baru kasih ulasan terimakasih,5,0,1700702645,paket telah di terima maaf baru kasih ulasan terimakasih,paket telah di terima maaf baru kasih ulasan terimakasih,9,neutral,0.55
faizal_syahrul1927,"Sepadan dengan Harga:standart
Fitur Terbaik:ok

Kualitas buruk, buat flash eprom selalu tiba"" mati.",2,9,1739517884,sepadan dengan harga standart fitur terbaik ok kualitas buruk buat flash eprom selalu tiba mati,sepadan dengan harga standart fitur terbaik ok kualitas buruk buat flash eprom selalu tiba mati,15,negative,0.75
samsiaabas11,,5,0,1742993733,,,1,neutral,0.55
d*****8,,5,0,1676377351,,,1,neutral,0.55
,"Sepadan dengan Harga:Dan kualitasnya .
Fitur Terbaik:Lumayan .

Laptopnya berfungsi dan menyala dengan normal
Terima Kasih Ka.",5,0,1703211989,sepadan dengan harga dan kualitasnya fitur terbaik lumayan laptopnya berfungsi dan menyala dengan normal terima kasih ka,sepadan dengan harga dan kualitasnya fitur terbaik lumayan laptopnya berfungsi dan menyala dengan normal terima kasih ka,17,neutral,0.55
k*****a,"Fungsi:berfungsi dengan baik
Desain:baguus
Kondisi Barang:keadaan mulus, packingan aman

Alhamdulillah barang nya sampe min, terimakasih, barang terbungkus dengan rapi dan aman, semoga awet dan tahan lama.",5,0,1734842241,fungsi berfungsi dengan baik desain baguus kondisi barang keadaan mulus packingan aman alhamdulillah barang nya sampe min terimakasih barang terbungkus dengan rapi dan aman semoga awet dan tahan lama,fungsi berfungsi dengan baik desain baguus kondisi barang keadaan mulus packingan aman alhamdulillah barang nya sampe min terimakasih barang terbungkus dengan rapi dan aman semoga awet dan tahan lama,29,neutral,0.55
samarapearce,,5,2,1675083778,,,1,neutral,0.55
an4ng_ardi4nsy4h,"Fitur Terbaik:lumayan

Yang di pesan Toshiba yang datang Lenovo semoga awet ja barang nya",3,0,1703737319,fitur terbaik lumayan yang di pesan toshiba yang datang lenovo semoga awet ja barang nya,fitur terbaik lumayan yang di pesan toshiba yang datang lenovo semoga awet ja barang nya,15,neutral,0.55
ivanoom,,5,1,1709028460,,,1,neutral,0.55
ba2ngspeedshop06,"Fitur Terbaik:masih ok
Sepadan dengan Harga:sesuai",5,1,1673832104,fitur terbaik masih ok sepadan dengan harga sesuai,fitur terbaik masih ok sepadan dengan harga sesuai,8,positive,0.75
nurul4j4,,5,1,1675083807,,,1,neutral,0.55
arsadapandike,,5,1,1676847076,,,1,neutral,0.55
abdulhalim665,Barang bagus banget kondisi oke 👍,5,0,1715314143,barang bagus banget kondisi oke,barang bagus banget kondisi oke,5,positive,0.75
dealofa799,"Fungsi:semua komponen berfungsi dengan bajk
Kondisi Barang:ya nama. ya jg secon
Desain:ok",5,0,1723380756,fungsi semua komponen berfungsi dengan bajk kondisi barang ya nama ya jg secon desain ok,fungsi semua komponen berfungsi dengan bajk kondisi barang ya nama ya jg secon desain ok,15,neutral,0.55
yvqrif4fxq,,5,1,1709465640,,,1,neutral,0.55
yuliaasfianah,"Fungsi:berfungsi dengan baik
Desain:bagus
Kondisi Barang:lumayan bagus",5,0,1755090021,fungsi berfungsi dengan baik desain bagus kondisi barang lumayan bagus,fungsi berfungsi dengan baik desain bagus kondisi barang lumayan bagus,10,positive,0.75
sugiono162582,Fitur Terbaik:bagus banget makasih amanah,5,0,1701249412,fitur terbaik bagus banget makasih amanah,fitur terbaik bagus banget makasih amanah,6,positive,0.75
a*****m,"Sepadan dengan Harga:barang sudah diterima

Kondisi barang ndak bisa digunakan. Tombol power tidak bisa nyala. Penjual bertanggung jawab.",4,4,1743820237,sepadan dengan harga barang sudah diterima kondisi barang ndak bisa digunakan tombol power tidak bisa nyala penjual bertanggung jawab,sepadan dengan harga barang sudah diterima kondisi barang ndak bisa digunakan tombol power tidak bisa nyala penjual bertanggung jawab,19,negative,0.75
almaristaridho,"Fungsi:baik
Desain:cukup
Kondisi Barang:agak lecet",4,0,1732417904,fungsi baik desain cukup kondisi barang agak lecet,fungsi baik desain cukup kondisi barang agak lecet,8,neutral,0.55
abak131313,Kualitas oke,5,0,1718779309,kualitas oke,kualitas oke,2,neutral,0.55
c*****s,"Fitur Terbaik:pengiriman cepet bungkusnya pakai buble wrap pokok mantaapp

Mntaap",5,0,1664901609,fitur terbaik pengiriman cepet bungkusnya pakai buble wrap pokok mantaapp mntaap,fitur terbaik pengiriman cepet bungkusnya pakai buble wrap pokok mantaapp mntaap,11,neutral,0.55
farmyandaguppy99,"Fitur Terbaik:menyesuaikan
Sepadan dengan Harga:iya

Saya kira bener leptop taunya notebook tapi ga papa lah yg penting fungsi nya untuk harga segitu , terimakasih penjual mantap",4,7,1691580887,fitur terbaik menyesuaikan sepadan dengan harga iya saya kira bener leptop taunya notebook tapi ga papa lah yg penting fungsi nya untuk harga segitu terimakasih penjual mantap,fitur terbaik menyesuaikan sepadan dengan harga iya saya kira bener leptop taunya notebook tapi ga papa lah yg penting fungsi nya untuk harga segitu terimakasih penjual mantap,27,positive,0.75
nenengsumarni94,Packing rapi dan barang masih mulus.. semoga baterai awet ya..,5,0,1675516983,packing rapi dan barang masih mulus semoga baterai awet ya,packing rapi dan barang masih mulus semoga baterai awet ya,10,positive,0.75
ponggawa09,"Fungsi:Baterai kalah
Kondisi Barang:Bekas mulus

Maaf bintangnya cuma 1 karna cas merek Toshiba padahal Laptop merek Lenovo
Ketahanan baterai cuma 30 menit dan itupun cuma di nyalain aja..",1,0,1760182631,fungsi baterai kalah kondisi barang bekas mulus maaf bintangnya cuma 1 karna cas merek toshiba padahal laptop merek lenovo ketahanan baterai cuma 30 menit dan itupun cuma di nyalain aja,fungsi baterai kalah kondisi barang bekas mulus maaf bintangnya cuma 1 karna cas merek toshiba padahal laptop merek lenovo ketahanan baterai cuma 30 menit dan itupun cuma di nyalain aja,30,neutral,0.55
lutfia_alfarizvie,Kwalitas sangat baik,5,0,1672980858,kwalitas sangat baik,kwalitas sangat baik,3,neutral,0.55
sriwulanirmawati40,"Baru di pakek belum ada 2 menit langsung Gak bisa di pakek, Langsung timbul bacaab gini",1,61,1761636988,baru di pakek belum ada 2 menit langsung gak bisa di pakek langsung timbul bacaab gini,baru di pakek belum ada 2 menit langsung gak bisa di pakek langsung timbul bacaab gini,16,neutral,0.55
rozitettew,"Fitur Terbaik:barang dah datang, mantap sesuai dengan harga,,",4,17,1697660791,fitur terbaik barang dah datang mantap sesuai dengan harga,fitur terbaik barang dah datang mantap sesuai dengan harga,9,positive,0.75
triple.n_001,Mudah2an awettt dan sama2 makin banyak orderan..barokah barokah,5,0,1747212859,mudah2an awettt dan sama2 makin banyak orderan barokah barokah,mudah2an awettt dan sama2 makin banyak orderan barokah barokah,9,neutral,0.55
z73z2yibda,,5,0,1754381388,,,1,neutral,0.55
unangprianatas,Barang normal sesuai dengan harapan trimakasih buat tokonya dan semuanya.semoga awet,5,0,1735700958,barang normal sesuai dengan harapan trimakasih buat tokonya dan semuanya semoga awet,barang normal sesuai dengan harapan trimakasih buat tokonya dan semuanya semoga awet,12,positive,0.75
pm87jhkb47,"Fungsi:berfungsi baik
Desain:menarik
Kondisi Barang:mulus",5,0,1735900009,fungsi berfungsi baik desain menarik kondisi barang mulus,fungsi berfungsi baik desain menarik kondisi barang mulus,8,neutral,0.55
t*****l,"Fungsi:beroperasi dengan baik
Desain:sangat menarik
Kondisi Barang:barang bagus, semoga awet",5,0,1738727285,fungsi beroperasi dengan baik desain sangat menarik kondisi barang barang bagus semoga awet,fungsi beroperasi dengan baik desain sangat menarik kondisi barang barang bagus semoga awet,13,positive,0.75
tarisambira,"Barang bagus, tapi mouse tidak ada cuma dos nya saja isinya kosong,",4,0,1695869569,barang bagus tapi mouse tidak ada cuma dos nya saja isinya kosong,barang bagus tapi mouse tidak ada cuma dos nya saja isinya kosong,12,neutral,0.55
sarinirmala041,Fitur Terbaik:Alhamdulillah barangnya Bagus,5,0,1703055685,fitur terbaik alhamdulillah barangnya bagus,fitur terbaik alhamdulillah barangnya bagus,5,positive,0.75
arsadapandike,Mantap berpungsi dengan baik,5,0,1677058204,mantap berpungsi dengan baik,mantap berpungsi dengan baik,4,positive,0.75
senja_abadi1,Sangat baik kurirnya juga ramah,5,1,1680433259,sangat baik kurirnya juga ramah,sangat baik kurirnya juga ramah,5,neutral,0.55
prassetya96,"barangnya masih mulus, cuma batrenya udah drop, sayang sekali padahal di deskripsi batre awet",4,0,1662815933,barangnya masih mulus cuma batrenya udah drop sayang sekali padahal di deskripsi batre awet,barangnya masih mulus cuma batrenya udah drop sayang sekali padahal di deskripsi batre awet,14,neutral,0.55
c*****l,"Packing rapi dan aman, laptop berfungsi dengan baik, semoga awet, terima kasih seller dan kurir",5,14,1701834330,packing rapi dan aman laptop berfungsi dengan baik semoga awet terima kasih seller dan kurir,packing rapi dan aman laptop berfungsi dengan baik semoga awet terima kasih seller dan kurir,15,positive,0.75
fahmiz27,"Fitur Terbaik:laptopnya ok

Laptop msh fungsi semua yg blm beli cepat beli disini aja",5,0,1702488887,fitur terbaik laptopnya ok laptop msh fungsi semua yg blm beli cepat beli disini aja,fitur terbaik laptopnya ok laptop msh fungsi semua yg blm beli cepat beli disini aja,15,positive,0.75
princeleo_26071991,"Fitur Terbaik:Bagus

Paket diterima baik. Semoga tahan dan awet",1,1,1764395152,fitur terbaik bagus paket diterima baik semoga tahan dan awet,fitur terbaik bagus paket diterima baik semoga tahan dan awet,10,positive,0.75
jekysaputera,Sepadan dengan Harga:dengan harga segitu sepadan,5,0,1712283234,sepadan dengan harga dengan harga segitu sepadan,sepadan dengan harga dengan harga segitu sepadan,7,neutral,0.55
pitokomerchan,Sangatt baikk,5,0,1697470661,sangatt baikk,sangatt baikk,2,neutral,0.55
yuma78,"Bagus,, berfungsi dg baik semuanya terimakasih bonusnya",5,0,1709373419,bagus berfungsi dg baik semuanya terimakasih bonusnya,bagus berfungsi dg baik semuanya terimakasih bonusnya,7,positive,0.75
arisrynaldi947,"Fungsi:semua berfungsi
Kondisi Barang:sangat bagus
Desain:menarik

Nggk sia² belanja di toko ini",5,0,1720830146,fungsi semua berfungsi kondisi barang sangat bagus desain menarik nggk sia belanja di toko ini,fungsi semua berfungsi kondisi barang sangat bagus desain menarik nggk sia belanja di toko ini,15,positive,0.75
fitri.oel20,"Fitur Terbaik:Terbaik
Sepadan dengan Harga:sangat sepadan",5,0,1660261774,fitur terbaik terbaik sepadan dengan harga sangat sepadan,fitur terbaik terbaik sepadan dengan harga sangat sepadan,8,neutral,0.55
3_ykr97weo,"Fungsi:bekerja dengan baik
Desain:menarik
Kondisi Barang:keadaan kurang lebih 90 persen

Barang sudah d anboxing,,belom tau keawetannya,masih d coba sebentar,,walupun second masih keliatan bagus,,makasih untuk seller,,semoga berguna untuk belajar anak,,😀😀😀",4,0,1733415876,fungsi bekerja dengan baik desain menarik kondisi barang keadaan kurang lebih 90 persen barang sudah d anboxing belom tau keawetannya masih d coba sebentar walupun second masih keliatan bagus makasih untuk seller semoga berguna untuk belajar anak,fungsi bekerja dengan baik desain menarik kondisi barang keadaan kurang lebih 90 persen barang sudah d anboxing belom tau keawetannya masih d coba sebentar walupun second masih keliatan bagus makasih untuk seller semoga berguna untuk belajar anak,37,neutral,0.55
sudaryonoamd,Semoga awet... terimakasih,5,0,1686291262,semoga awet terimakasih,semoga awet terimakasih,3,neutral,0.55
j*****n,"Fitur Terbaik:lengkap
Sepadan dengan Harga:sesuai dgn barang bagus

Sesuai dgn pesanan lengkap charge dan mouse, respond penjual sangat baik dan pengiriman super cepat...semoga awet",5,8,1691250859,fitur terbaik lengkap sepadan dengan harga sesuai dgn barang bagus sesuai dgn pesanan lengkap charge dan mouse respond penjual sangat baik dan pengiriman super cepat semoga awet,fitur terbaik lengkap sepadan dengan harga sesuai dgn barang bagus sesuai dgn pesanan lengkap charge dan mouse respond penjual sangat baik dan pengiriman super cepat semoga awet,27,positive,0.75
johandenis,Gak kefoto soalnya punya adek saya tapi bagus semoga awet,5,0,1715039960,gak kefoto soalnya punya adek saya tapi bagus semoga awet,gak kefoto soalnya punya adek saya tapi bagus semoga awet,10,positive,0.75
triwiyanitouwely,,5,0,1740573776,,,1,neutral,0.55
sutirmin,,5,0,1664184487,,,1,neutral,0.55
fengky09,,5,0,1743102355,,,1,neutral,0.55
3k5z3nj8uj,,5,0,1721142658,,,1,neutral,0.55
nugiewidi,"Pengiriman cepat..terima ksh seller..laptop kondisi bgs ssi harga..mantabs, recomended..sukses selalu..",5,0,1659406079,pengiriman cepat terima ksh seller laptop kondisi bgs ssi harga mantabs recomended sukses selalu,pengiriman cepat terima ksh seller laptop kondisi bgs ssi harga mantabs recomended sukses selalu,14,positive,0.75
0b5sfst7p5,,5,0,1658122934,,,1,neutral,0.55
abdulkusaini965,,5,0,1725378087,,,1,neutral,0.55
n4mgkg0miv,,5,0,1676534031,,,1,neutral,0.55
wetr1,,5,0,1678540461,,,1,neutral,0.55
ajanhendry,,5,0,1719396592,,,1,neutral,0.55
fietdjoelee,"Fitur Terbaik:barang mulus
Sepadan dengan Harga:sesuai harga

Lumayan lah buat ngerjain tugas kuliah",5,0,1701875525,fitur terbaik barang mulus sepadan dengan harga sesuai harga lumayan lah buat ngerjain tugas kuliah,fitur terbaik barang mulus sepadan dengan harga sesuai harga lumayan lah buat ngerjain tugas kuliah,15,positive,0.75
idamirsha,"Bagus laptopnya, pengemasan jg rapi dan cukup aman",5,0,1653138462,bagus laptopnya pengemasan jg rapi dan cukup aman,bagus laptopnya pengemasan jg rapi dan cukup aman,8,positive,0.75
agusmiran803,Alhamdulillah barang sudah sampe mulus bagus mudahan awet,3,1,1682529114,alhamdulillah barang sudah sampe mulus bagus mudahan awet,alhamdulillah barang sudah sampe mulus bagus mudahan awet,8,positive,0.75
linchesampurna,,5,0,1746589560,,,1,neutral,0.55
,"Fungsi:berfungsi dengan baik
Kondisi Barang:dalam keadaan baik
Desain:Bagus tidak ada yg cacat, sesuai dengan harga lah",5,0,1730721288,fungsi berfungsi dengan baik kondisi barang dalam keadaan baik desain bagus tidak ada yg cacat sesuai dengan harga lah,fungsi berfungsi dengan baik kondisi barang dalam keadaan baik desain bagus tidak ada yg cacat sesuai dengan harga lah,19,positive,0.75
bachtiararas475,,5,0,1733288689,,,1,neutral,0.55
askaaska830,,5,0,1727591873,,,1,neutral,0.55
nb2rfzrmf8,,5,0,1678108386,,,1,neutral,0.55
jaybuitenzorg,,5,0,1726990560,,,1,neutral,0.55
dex_oka11,,5,0,1748924036,,,1,neutral,0.55
_k4y4093r1,,5,0,1692512794,,,1,neutral,0.55
dimasyogipratama718,"Fungsi:bagus
Kondisi Barang:bagus sesuai barangnya
Desain:bagus banget mantap lah gak nyesel pokok nya

Maaf gak tak kasih potonnya barangnya udah di bawa pulang kampung🙏👍",5,0,1726238067,fungsi bagus kondisi barang bagus sesuai barangnya desain bagus banget mantap lah gak nyesel pokok nya maaf gak tak kasih potonnya barangnya udah di bawa pulang kampung,fungsi bagus kondisi barang bagus sesuai barangnya desain bagus banget mantap lah gak nyesel pokok nya maaf gak tak kasih potonnya barangnya udah di bawa pulang kampung,27,positive,0.75
mhmmdamin930,,5,0,1721363653,,,1,neutral,0.55
tokoserba.35,Fitur Terbaik:bagus banget gk nyangka semua berfungsi dengan baik,5,0,1677756321,fitur terbaik bagus banget gk nyangka semua berfungsi dengan baik,fitur terbaik bagus banget gk nyangka semua berfungsi dengan baik,10,positive,0.75
syahirazade,,5,0,1697234683,,,1,neutral,0.55
aldy_firmansyah02,Rekomend semoga awet,5,1,1680433260,rekomend semoga awet,rekomend semoga awet,3,neutral,0.55
denokaeidenokaeni,Pengiriman 24 jam barang sesuai harga,5,0,1659068975,pengiriman 24 jam barang sesuai harga,pengiriman 24 jam barang sesuai harga,6,positive,0.75
h*****2,,5,0,1728309574,,,1,neutral,0.55
e*****2,,5,0,1707744228,,,1,neutral,0.55
ikafamily19,"Alhamdulillah dah nyampei... Aku dapat nya Toshibaaa.. Seneng banget, bagus lumayan sejutaan dpt bagus, semoga lancar..",5,0,1713774409,alhamdulillah dah nyampei aku dapat nya toshibaaa seneng banget bagus lumayan sejutaan dpt bagus semoga lancar,alhamdulillah dah nyampei aku dapat nya toshibaaa seneng banget bagus lumayan sejutaan dpt bagus semoga lancar,16,positive,0.75
hanahd19,"Fitur Terbaik:lumayan sesuai harga
Sepadan dengan Harga:lumayan

Semoga awet",5,1,1731833979,fitur terbaik lumayan sesuai harga sepadan dengan harga lumayan semoga awet,fitur terbaik lumayan sesuai harga sepadan dengan harga lumayan semoga awet,11,positive,0.75
,Bagus da cepat,5,1,1680433262,bagus da cepat,bagus da cepat,3,positive,0.75
s*****a,,5,0,1745141816,,,1,neutral,0.55
afrie_sangkan13,Sepadan dengan Harga:barang bagus sesuai dengan harga,5,0,1675417560,sepadan dengan harga barang bagus sesuai dengan harga,sepadan dengan harga barang bagus sesuai dengan harga,8,positive,0.75
sudiyana2219,"Fitur Terbaik:lumayan  body terawat  ,layar masih oke
Sepadan dengan Harga:oke

Makasih seler ,rekomended belanja di sini semoga amanah  paking aman",5,0,1678709554,fitur terbaik lumayan body terawat layar masih oke sepadan dengan harga oke makasih seler rekomended belanja di sini semoga amanah paking aman,fitur terbaik lumayan body terawat layar masih oke sepadan dengan harga oke makasih seler rekomended belanja di sini semoga amanah paking aman,22,neutral,0.55
fiftriemlia,"Sepadan dengan Harga:entahlah
Fitur Terbaik:jelek 2 hari pake gak idup

Cukup bintang yg bercerita y
Sangat mengecewakan baru 2 hari sdah gak hidup buat pelajaran saya klo kedepannya gak gak lagi lah 😟",1,7,1764813193,sepadan dengan harga entahlah fitur terbaik jelek 2 hari pake gak idup cukup bintang yg bercerita y sangat mengecewakan baru 2 hari sdah gak hidup buat pelajaran saya klo kedepannya gak gak lagi lah,sepadan dengan harga entahlah fitur terbaik jelek 2 hari pake gak idup cukup bintang yg bercerita y sangat mengecewakan baru 2 hari sdah gak hidup buat pelajaran saya klo kedepannya gak gak lagi lah,34,negative,0.75
m65vd_7ffs,"Bagus smg awet amin YRA, smg bs berlangganan ya kk dan sllu amanh",5,0,1728353176,bagus smg awet amin yra smg bs berlangganan ya kk dan sllu amanh,bagus smg awet amin yra smg bs berlangganan ya kk dan sllu amanh,13,positive,0.75
mudjiutomo666,Cukup memuaskan,5,4,1697236542,cukup memuaskan,cukup memuaskan,2,neutral,0.55
muhammadbintangfadhizi,"Fungsi:bagus seperti katalog
Kondisi Barang:mulus
Desain:keren

Toko online nya amanah dan baik hati",5,0,1723125481,fungsi bagus seperti katalog kondisi barang mulus desain keren toko online nya amanah dan baik hati,fungsi bagus seperti katalog kondisi barang mulus desain keren toko online nya amanah dan baik hati,16,positive,0.75
pujiekorustanto,"Fitur Terbaik:baik banget
Sepadan dengan Harga:oke

oke mantap",5,0,1711884876,fitur terbaik baik banget sepadan dengan harga oke oke mantap,fitur terbaik baik banget sepadan dengan harga oke oke mantap,10,positive,0.75
panjull16,"Fitur Terbaik:lumayan

untuk harga 1jt kemahalan si..",3,0,1704869865,fitur terbaik lumayan untuk harga 1jt kemahalan si,fitur terbaik lumayan untuk harga 1jt kemahalan si,8,neutral,0.55
nuryadibilly,"Fitur Terbaik:lumayan
Sepadan dengan Harga:murah

Bagus dgn harga yg murah... Tpi sanyang batre boros. Di cas full 5 mnit lngsung mati..",5,0,1677369242,fitur terbaik lumayan sepadan dengan harga murah bagus dgn harga yg murah tpi sanyang batre boros di cas full 5 mnit lngsung mati,fitur terbaik lumayan sepadan dengan harga murah bagus dgn harga yg murah tpi sanyang batre boros di cas full 5 mnit lngsung mati,23,positive,0.75
rila_invitation,"Bagus sih. Semoga awet cuma ga ada aplikasi corelnya yah. Padahal di deskripsi tertulis gt. Wkwkwkwk,",5,1,1663248052,bagus sih semoga awet cuma ga ada aplikasi corelnya yah padahal di deskripsi tertulis gt wkwkwkwk,bagus sih semoga awet cuma ga ada aplikasi corelnya yah padahal di deskripsi tertulis gt wkwkwkwk,16,positive,0.75
a*****6,"Fitur Terbaik:kualitas bagus
Sepadan dengan Harga:sesuai harga

Packing rapi dan terjaga, barang sampai tanpa ada kendala",5,0,1655008919,fitur terbaik kualitas bagus sepadan dengan harga sesuai harga packing rapi dan terjaga barang sampai tanpa ada kendala,fitur terbaik kualitas bagus sepadan dengan harga sesuai harga packing rapi dan terjaga barang sampai tanpa ada kendala,18,positive,0.75
wiranataardi,Kondisi barang benar2 masih bagus dan normal semua dan terpercaya,5,0,1709794024,kondisi barang benar2 masih bagus dan normal semua dan terpercaya,kondisi barang benar2 masih bagus dan normal semua dan terpercaya,10,positive,0.75
marinasetyowati,Barang ok sesuai pesanan semoga awet,4,4,1693825117,barang ok sesuai pesanan semoga awet,barang ok sesuai pesanan semoga awet,6,positive,0.75
asbullah87,"Alhamdulillah barang bagus,,, cocok untuk kerja",5,0,1725789161,alhamdulillah barang bagus cocok untuk kerja,alhamdulillah barang bagus cocok untuk kerja,6,positive,0.75
alimunajat15,"Keren abis , sesuai diskripsi , mau pesan lagi",5,0,1692069693,keren abis sesuai diskripsi mau pesan lagi,keren abis sesuai diskripsi mau pesan lagi,7,positive,0.75
hawasajid,Bagus srkali.. Suka..,5,1,1663997541,bagus srkali suka,bagus srkali suka,3,positive,0.75
hasanbirawa,"Fitur Terbaik:mantap
Sepadan dengan Harga:sangat sepadan

Pokoknya sesuai dengan harapan nggak mengecewakan. Terimakasih seller baik, semoga awet barangnya dan berkah penjualannya.",5,0,1708947121,fitur terbaik mantap sepadan dengan harga sangat sepadan pokoknya sesuai dengan harapan nggak mengecewakan terimakasih seller baik semoga awet barangnya dan berkah penjualannya,fitur terbaik mantap sepadan dengan harga sangat sepadan pokoknya sesuai dengan harapan nggak mengecewakan terimakasih seller baik semoga awet barangnya dan berkah penjualannya,23,positive,0.75
mdxk45xn79,Bonus mouse nya ga da....tpi prodak bagus...sesuai harganya...pengirimannya lama banget....,5,0,1660317128,bonus mouse nya ga da tpi prodak bagus sesuai harganya pengirimannya lama banget,bonus mouse nya ga da tpi prodak bagus sesuai harganya pengirimannya lama banget,13,positive,0.75
putry03,,5,1,1666169865,,,1,neutral,0.55
bagjagasss,"Fitur Terbaik:baik

Maaf baru kasih ulasan ny
Sukses buat toko ny
Amanah",5,0,1710029009,fitur terbaik baik maaf baru kasih ulasan ny sukses buat toko ny amanah,fitur terbaik baik maaf baru kasih ulasan ny sukses buat toko ny amanah,13,neutral,0.55
mujikuntoro,Good job 👍,5,0,1678514756,good job,good job,2,neutral,0.55
b6eom8ox80,Terbaik👍👍👍,5,0,1723821152,terbaik,terbaik,1,neutral,0.55
riziq3003,"Fitur Terbaik:baik

Ada sedikit kendala sama pengiriman jadi barang aga bermasalah dikit untung ada garansi respon penjual baik pokonya rekomendasi banget rill amanah",5,0,1678121079,fitur terbaik baik ada sedikit kendala sama pengiriman jadi barang aga bermasalah dikit untung ada garansi respon penjual baik pokonya rekomendasi banget rill amanah,fitur terbaik baik ada sedikit kendala sama pengiriman jadi barang aga bermasalah dikit untung ada garansi respon penjual baik pokonya rekomendasi banget rill amanah,24,neutral,0.55
edibayadi672,Ini kedua kali nya saya pesan bagus dan terbungkus rapi tingkat kan terus ya penjualan nya is the best,5,0,1711684759,ini kedua kali nya saya pesan bagus dan terbungkus rapi tingkat kan terus ya penjualan nya is the best,ini kedua kali nya saya pesan bagus dan terbungkus rapi tingkat kan terus ya penjualan nya is the best,19,positive,0.75
septiyono488,Sangat mantap ❤❤❤,5,1,1697501737,sangat mantap,sangat mantap,2,positive,0.75
walfiani123,Jos pokok e,5,0,1668171956,jos pokok e,jos pokok e,3,neutral,0.55
nwezcwf6t_,"Fungsi:berfungsi dg bagus
Desain:mantap
Kondisi Barang:bagus",5,0,1748248271,fungsi berfungsi dg bagus desain mantap kondisi barang bagus,fungsi berfungsi dg bagus desain mantap kondisi barang bagus,9,positive,0.75
go93_wsh8x,Fitur Terbaik:banyak kerusakan,2,0,1699837285,fitur terbaik banyak kerusakan,fitur terbaik banyak kerusakan,4,neutral,0.55
yusufdwianto,Produk sesuai harga,5,0,1692972937,produk sesuai harga,produk sesuai harga,3,positive,0.75
olehkulon,Ok mantap,5,0,1739779109,ok mantap,ok mantap,2,positive,0.75
irmamelayu09,Bgsss,5,0,1742114888,bgsss,bgsss,1,neutral,0.55
cf422yttza,,5,0,1722592077,,,1,neutral,0.55
parto30,,5,0,1657792744,,,1,neutral,0.55
siscayndrsiscayndr,"Keren banget, sesuai gambar",5,0,1702986339,keren banget sesuai gambar,keren banget sesuai gambar,4,positive,0.75
ferry32lnd,Bagus banget,5,0,1676537502,bagus banget,bagus banget,2,positive,0.75
syekhassegaff,"Fungsi:baik
Kondisi Barang:baik
Desain:terlihat keren&moderen

Pokoknya rekomen banget si admin nya ramah& bertanggung jawab😊👌👍",5,0,1717406831,fungsi baik kondisi barang baik desain terlihat keren moderen pokoknya rekomen banget si admin nya ramah bertanggung jawab,fungsi baik kondisi barang baik desain terlihat keren moderen pokoknya rekomen banget si admin nya ramah bertanggung jawab,18,positive,0.75
ctz933p2eh,suda di coba alhamdulilah bagus,5,1,1752495800,suda di coba alhamdulilah bagus,suda di coba alhamdulilah bagus,5,positive,0.75
megamahendra197,mantap,5,0,1704415916,mantap,mantap,1,positive,0.75
wirdiasnovin726,Desain:brg bagus cuman batrai tidak berfungsi dan harus lepas batrai dulu. baru bisa nyala dengan dicas,5,0,1729748123,desain brg bagus cuman batrai tidak berfungsi dan harus lepas batrai dulu baru bisa nyala dengan dicas,desain brg bagus cuman batrai tidak berfungsi dan harus lepas batrai dulu baru bisa nyala dengan dicas,17,neutral,0.55
ajisyariff0808,Bagus semoga awet kk keren,5,0,1687238127,bagus semoga awet kk keren,bagus semoga awet kk keren,5,positive,0.75
alikazmya,"Alhamdulillah... Laptop sudah sy terima.
Terima kasih. Sangat puas 👍🙏",5,0,1705832780,alhamdulillah laptop sudah sy terima terima kasih sangat puas,alhamdulillah laptop sudah sy terima terima kasih sangat puas,9,positive,0.75
rinaldi081191,Mantap,5,0,1657294433,mantap,mantap,1,positive,0.75
lamalima,Mantap,5,0,1728512878,mantap,mantap,1,positive,0.75
f*****5,"Alhmdulillah laptopnya sudah nyampe dengan selamat... Murmer, bagus, moga awet... Berkah dan sukses buat kk seller Aamin... Terimakasih kk seller dan Shopee.",5,0,1674876122,alhmdulillah laptopnya sudah nyampe dengan selamat murmer bagus moga awet berkah dan sukses buat kk seller aamin terimakasih kk seller dan shopee,alhmdulillah laptopnya sudah nyampe dengan selamat murmer bagus moga awet berkah dan sukses buat kk seller aamin terimakasih kk seller dan shopee,22,positive,0.75
mamihayuyanti,Allhamdullillah bagus,5,0,1707285695,allhamdullillah bagus,allhamdullillah bagus,2,positive,0.75
664ki7xqjc,"Fitur Terbaik:Ok

Sangat Puas....
Pengiriman Express.
Terimakasih",5,0,1683283657,fitur terbaik ok sangat puas pengiriman express terimakasih,fitur terbaik ok sangat puas pengiriman express terimakasih,8,positive,0.75
samhari0708,Mantap betul semoga awet,5,0,1675229110,mantap betul semoga awet,mantap betul semoga awet,4,positive,0.75
rjf_ypwyli,"Fitur Terbaik:mantap

sesuai lah",5,0,1713010590,fitur terbaik mantap sesuai lah,fitur terbaik mantap sesuai lah,5,positive,0.75
,Mantap sekali bisa request juga untuk merk amanah luar biasa lah pokoknya,5,0,1736926100,mantap sekali bisa request juga untuk merk amanah luar biasa lah pokoknya,mantap sekali bisa request juga untuk merk amanah luar biasa lah pokoknya,12,positive,0.75
anggiapriasoraya,Alhamdulillah paket sudah sampai hanya saja mohon penjual dapat membalas chat dan pengemasan jangan lama sekali makasih ,5,1,1695137040,alhamdulillah paket sudah sampai hanya saja mohon penjual dapat membalas chat dan pengemasan jangan lama sekali makasih,alhamdulillah paket sudah sampai hanya saja mohon penjual dapat membalas chat dan pengemasan jangan lama sekali makasih,17,negative,0.75
a*****t,semoga awet 😊,5,0,1739968496,semoga awet,semoga awet,2,neutral,0.55
pitriharyani5,"Sepadan dengan Harga:iya sepadan

Sementara pemakaian bagus, tapi cepat panas jika untuk buka YouTube.. mudah-mudahan awet tidak ada masalah.. 
Terimakasih seller",5,0,1687866510,sepadan dengan harga iya sepadan sementara pemakaian bagus tapi cepat panas jika untuk buka youtube mudah mudahan awet tidak ada masalah terimakasih seller,sepadan dengan harga iya sepadan sementara pemakaian bagus tapi cepat panas jika untuk buka youtube mudah mudahan awet tidak ada masalah terimakasih seller,23,positive,0.75
dasep1982,Fitur Terbaik:ok,5,0,1665477363,fitur terbaik ok,fitur terbaik ok,3,neutral,0.55
vvcdlfkc1z,,5,0,1756143342,,,1,neutral,0.55
gilmotaccpakghilankteha,"Fungsi:baik
Desain:ok
Kondisi Barang:sip

mantaf",5,0,1733844331,fungsi baik desain ok kondisi barang sip mantaf,fungsi baik desain ok kondisi barang sip mantaf,8,neutral,0.55
achechesar,Baik,5,0,1709462713,baik,baik,1,neutral,0.55
pioneer.hijab2022,Ada garis tengah di layar nya ya ka,4,0,1725520342,ada garis tengah di layar nya ya ka,ada garis tengah di layar nya ya ka,8,neutral,0.55
gajfarm,Ok,5,0,1660957751,ok,ok,1,neutral,0.55
trinap03,Mantan barangnya,5,0,1676476526,mantan barangnya,mantan barangnya,2,neutral,0.55
,Produk bagus! Dapat bonus softcase toshiba!!!tq seller!!!,5,1,1594453913,produk bagus dapat bonus softcase toshiba tq seller,produk bagus dapat bonus softcase toshiba tq seller,8,positive,0.75
d1yn7f7tp_,"Fitur Terbaik:sering patah"" buat ngerjain wisuda",5,0,1679900288,fitur terbaik sering patah buat ngerjain wisuda,fitur terbaik sering patah buat ngerjain wisuda,7,neutral,0.55
gunawansiswantoro743,Sepadan dengan Harga:beng oke gan.,5,0,1705039259,sepadan dengan harga beng oke gan,sepadan dengan harga beng oke gan,6,neutral,0.55
sofwatun_nida28,Alhamdulillah brangnya bagus,5,0,1727183337,alhamdulillah brangnya bagus,alhamdulillah brangnya bagus,3,positive,0.75
rahmayanti600,"Fungsi:bekerja dengan baik
Desain:keren
Kondisi Barang:bagus",5,0,1742214037,fungsi bekerja dengan baik desain keren kondisi barang bagus,fungsi bekerja dengan baik desain keren kondisi barang bagus,9,positive,0.75
maryeni16,"Fungsi:baik
Desain:bagus
Kondisi Barang:masih dalam uji coba

Mohon di garansi ya",5,0,1744671140,fungsi baik desain bagus kondisi barang masih dalam uji coba mohon di garansi ya,fungsi baik desain bagus kondisi barang masih dalam uji coba mohon di garansi ya,14,positive,0.75
w*****h,"Sepadan dengan Harga:iya betul juga
Fitur Terbaik:ok

Tadinya pesanan saya Toshiba yang datang Acer bingung saya 
Tapi nggak pp lah  .... mudah-mudahan lain kali tidak terulang lagi",5,0,1693228213,sepadan dengan harga iya betul juga fitur terbaik ok tadinya pesanan saya toshiba yang datang acer bingung saya tapi nggak pp lah mudah mudahan lain kali tidak terulang lagi,sepadan dengan harga iya betul juga fitur terbaik ok tadinya pesanan saya toshiba yang datang acer bingung saya tapi nggak pp lah mudah mudahan lain kali tidak terulang lagi,29,negative,0.75
syamsi_fuad.,"Barang dateng sesuai harga bagus lumayan , sayang mos nya sekali pake langsung rusak",5,0,1728360330,barang dateng sesuai harga bagus lumayan sayang mos nya sekali pake langsung rusak,barang dateng sesuai harga bagus lumayan sayang mos nya sekali pake langsung rusak,13,positive,0.75
halakani,💯👌 kreren,5,0,1675375935,kreren,kreren,1,neutral,0.55
oksenbenu79,"Fungsi:Bekerja dengan baik
Kondisi Barang:Dalam Keadaan mulus",5,0,1728998927,fungsi bekerja dengan baik kondisi barang dalam keadaan mulus,fungsi bekerja dengan baik kondisi barang dalam keadaan mulus,9,neutral,0.55
z_0elr5h3l,"Kondisi Barang:65/70

WD emang udah di stel ke WD 11, tapi di layar banyak bnget bintik putih nya,",3,0,1717841798,kondisi barang 65 70 wd emang udah di stel ke wd 11 tapi di layar banyak bnget bintik putih nya,kondisi barang 65 70 wd emang udah di stel ke wd 11 tapi di layar banyak bnget bintik putih nya,20,neutral,0.55
p*****4,"Baterai kalw dicas GK penuh""
Wifinya juga GK bisa udah distel pun juga GK bisa nyesel bnget jadinya mana mahal lagi",1,6,1743696328,baterai kalw dicas gk penuh wifinya juga gk bisa udah distel pun juga gk bisa nyesel bnget jadinya mana mahal lagi,baterai kalw dicas gk penuh wifinya juga gk bisa udah distel pun juga gk bisa nyesel bnget jadinya mana mahal lagi,21,neutral,0.55
didit60,Fitur Terbaik:lumayan bagus,5,0,1715247551,fitur terbaik lumayan bagus,fitur terbaik lumayan bagus,4,positive,0.75
dhila1504,,4,0,1697474449,,,1,neutral,0.55
uriff80,Barang sesuai dengan harga. Kualitas masih bagus mantap pokoknya trimakasih,4,0,1709126158,barang sesuai dengan harga kualitas masih bagus mantap pokoknya trimakasih,barang sesuai dengan harga kualitas masih bagus mantap pokoknya trimakasih,10,positive,0.75
damsolonely,"Kondisi Barang:mantap

Mantap man",5,0,1739088746,kondisi barang mantap mantap man,kondisi barang mantap mantap man,5,positive,0.75
matrojih_24,Blm di coba mudah2an bagus,5,0,1697215118,blm di coba mudah2an bagus,blm di coba mudah2an bagus,5,positive,0.75
,Sepadan dengan Harga:barang realpict terima kasih,5,0,1682630475,sepadan dengan harga barang realpict terima kasih,sepadan dengan harga barang realpict terima kasih,7,neutral,0.55
alstore.smmcom,Mantap,5,0,1712249710,mantap,mantap,1,positive,0.75
chimah10,"Fitur Terbaik:bagus
Sepadan dengan Harga:sepadan

Keren... Semoga awet",5,0,1682307526,fitur terbaik bagus sepadan dengan harga sepadan keren semoga awet,fitur terbaik bagus sepadan dengan harga sepadan keren semoga awet,10,positive,0.75
edyrizal650,Lumayan buat kerjamah,5,0,1724836257,lumayan buat kerjamah,lumayan buat kerjamah,3,neutral,0.55
sylviaaoctaviani,"Alhamdulillah paket nyampe dengan aman .
Semoga lancar",5,0,1703841584,alhamdulillah paket nyampe dengan aman semoga lancar,alhamdulillah paket nyampe dengan aman semoga lancar,7,neutral,0.55
tutikurniati15,Alhamdulillah barang nya bagus dan seller nya sangat baik..,5,9,1697508223,alhamdulillah barang nya bagus dan seller nya sangat baik,alhamdulillah barang nya bagus dan seller nya sangat baik,9,positive,0.75
edibayadi672,Alhamdulillah paket datang dengan selamat barang nya bagus walaupun seken makasih ya seler,4,0,1711166291,alhamdulillah paket datang dengan selamat barang nya bagus walaupun seken makasih ya seler,alhamdulillah paket datang dengan selamat barang nya bagus walaupun seken makasih ya seler,13,positive,0.75
3xjjd092ti,"Fungsi:tak ada kendala semua berfungsi dengan baik
Desain:kokoh
Kondisi Barang:sangat bagus untuk ukuran seken

Buat yg lain jangan ragu belaja di toko ini packing super tebal penjual amanah, pertahankan  terus agar pelanggan makin banyak ,makasih",5,0,1754834408,fungsi tak ada kendala semua berfungsi dengan baik desain kokoh kondisi barang sangat bagus untuk ukuran seken buat yg lain jangan ragu belaja di toko ini packing super tebal penjual amanah pertahankan terus agar pelanggan makin banyak makasih,fungsi tak ada kendala semua berfungsi dengan baik desain kokoh kondisi barang sangat bagus untuk ukuran seken buat yg lain jangan ragu belaja di toko ini packing super tebal penjual amanah pertahankan terus agar pelanggan makin banyak makasih,38,positive,0.75
belanjaonline22019,Pengiriman cepat barang sudah diterima kualitas baik tapi agak kecewa suaranya ngga keluar mati total.. gimana nih,3,2,1664501932,pengiriman cepat barang sudah diterima kualitas baik tapi agak kecewa suaranya ngga keluar mati total gimana nih,pengiriman cepat barang sudah diterima kualitas baik tapi agak kecewa suaranya ngga keluar mati total gimana nih,17,positive,0.75
mulajanang,,5,0,1713156602,,,1,neutral,0.55
ambt5ccx3w,"Fungsi:kurang berpungsi dgn baik
Desain:ok
Kondisi Barang:ok",3,0,1746421391,fungsi kurang berpungsi dgn baik desain ok kondisi barang ok,fungsi kurang berpungsi dgn baik desain ok kondisi barang ok,10,negative,0.75
hiduptapimati,Alhamdulila barang sampe dengan selamat parking rapi..semoga awet,5,0,1663586586,alhamdulila barang sampe dengan selamat parking rapi semoga awet,alhamdulila barang sampe dengan selamat parking rapi semoga awet,9,positive,0.75
imamsaddamin,"Fungsi:Alhamdulillah msih di operasikan
Desain:bagus
Kondisi Barang:lumayan msih bagus.

Minus batreinya sudah kurang baik atau gk tahan alias suap mungkin, dan juga adaptor charger nya tidak di sertai.
Namun msih bisa di maklumi sebab hrga dan kualitas yg jdi pertimbangan",3,0,1747909689,fungsi alhamdulillah msih di operasikan desain bagus kondisi barang lumayan msih bagus minus batreinya sudah kurang baik atau gk tahan alias suap mungkin dan juga adaptor charger nya tidak di sertai namun msih bisa di maklumi sebab hrga dan kualitas yg jdi pertimbangan,fungsi alhamdulillah msih di operasikan desain bagus kondisi barang lumayan msih bagus minus batreinya sudah kurang baik atau gk tahan alias suap mungkin dan juga adaptor charger nya tidak di sertai namun msih bisa di maklumi sebab hrga dan kualitas yg jdi pertimbangan,43,negative,0.75
k*****g,"Fitur Terbaik:barang ok
Sepadan dengan Harga:ok

sesuai harga produk",5,0,1665190833,fitur terbaik barang ok sepadan dengan harga ok sesuai harga produk,fitur terbaik barang ok sepadan dengan harga ok sesuai harga produk,11,positive,0.75
basarrudin0212,,5,0,1747976938,,,1,neutral,0.55
widyzerocool,"Sepadan dengan Harga:bagus , lumayan sesuai harga

Agak penasaran kok ada uang kembali ya kak ??",4,0,1673666380,sepadan dengan harga bagus lumayan sesuai harga agak penasaran kok ada uang kembali ya kak,sepadan dengan harga bagus lumayan sesuai harga agak penasaran kok ada uang kembali ya kak,15,positive,0.75
kiannantakerlin,"Top laptop nya,,tapi belum tau kdepanya",5,0,1677313422,top laptop nya tapi belum tau kdepanya,top laptop nya tapi belum tau kdepanya,7,neutral,0.55
r*****r,"Fitur Terbaik:Touchpad error dan batrai drop
Sepadan dengan Harga:Ok

Oke sih, tapi saya touchpad nya eror. Harapan sebelum saya klik pesanan diterima dan penilaian udah ada solusi, Udah minta solusi tapi respon lama padahal online. Lainnya oke lah sesuai harga.batrai drop juga.!!!",2,12,1708604026,fitur terbaik touchpad error dan batrai drop sepadan dengan harga ok oke sih tapi saya touchpad nya eror harapan sebelum saya klik pesanan diterima dan penilaian udah ada solusi udah minta solusi tapi respon lama padahal online lainnya oke lah sesuai harga batrai drop juga,fitur terbaik touchpad error dan batrai drop sepadan dengan harga ok oke sih tapi saya touchpad nya eror harapan sebelum saya klik pesanan diterima dan penilaian udah ada solusi udah minta solusi tapi respon lama padahal online lainnya oke lah sesuai harga batrai drop juga,45,neutral,0.55
arifindalali322,"Fungsi:berfungsi dgn naik
Kondisi Barang:cocok sesuai pesanan",5,0,1739458435,fungsi berfungsi dgn naik kondisi barang cocok sesuai pesanan,fungsi berfungsi dgn naik kondisi barang cocok sesuai pesanan,9,positive,0.75
yohanaandelo,"Kondisi Barang:tergores sedikit
Permukaan:ada sedikit yg tergores

Walaupun keliatannya seperti bekasan tapi okelah sesuai dgn harganya,terimakasih semoga berfungsi dgn baik dan selalu awet untuk di pakai",5,0,1714452287,kondisi barang tergores sedikit permukaan ada sedikit yg tergores walaupun keliatannya seperti bekasan tapi okelah sesuai dgn harganya terimakasih semoga berfungsi dgn baik dan selalu awet untuk di pakai,kondisi barang tergores sedikit permukaan ada sedikit yg tergores walaupun keliatannya seperti bekasan tapi okelah sesuai dgn harganya terimakasih semoga berfungsi dgn baik dan selalu awet untuk di pakai,29,positive,0.75
oscaraldevarosyailendra,"Fungsi:berfungsi dengan baik
Desain:ok
Kondisi Barang:bagus

Pengiriman cepat kondisi barang lumayan bagus ya namanya second jgn berharap lebih dengan harga sekian. Mudah mudahan awet dipakai nya. Keren pokonya",5,0,1755088471,fungsi berfungsi dengan baik desain ok kondisi barang bagus pengiriman cepat kondisi barang lumayan bagus ya namanya second jgn berharap lebih dengan harga sekian mudah mudahan awet dipakai nya keren pokonya,fungsi berfungsi dengan baik desain ok kondisi barang bagus pengiriman cepat kondisi barang lumayan bagus ya namanya second jgn berharap lebih dengan harga sekian mudah mudahan awet dipakai nya keren pokonya,31,positive,0.75
amagun990,"Fungsi:hidup
Kondisi Barang:baik
Desain:coba dl

Merk dan modelnya gak cocok dg yg ditampilkan",1,1,1733699638,fungsi hidup kondisi barang baik desain coba dl merk dan modelnya gak cocok dg yg ditampilkan,fungsi hidup kondisi barang baik desain coba dl merk dan modelnya gak cocok dg yg ditampilkan,16,positive,0.75
tgkfahry,"Fungsi:bagus
Desain:tebal dan jadul
Kondisi Barang:ok

nyaris ditolak pelanggan karena bentuknya jadul bangat walaupun kondisinya lumayan masih bgus",3,0,1737268501,fungsi bagus desain tebal dan jadul kondisi barang ok nyaris ditolak pelanggan karena bentuknya jadul bangat walaupun kondisinya lumayan masih bgus,fungsi bagus desain tebal dan jadul kondisi barang ok nyaris ditolak pelanggan karena bentuknya jadul bangat walaupun kondisinya lumayan masih bgus,21,positive,0.75
atih_hijab,"Sepadan dengan Harga:ya
Fitur Terbaik:ya

barang ok, pengemasan ok,trimakasih seller lancar &  berkah trs  usahanya🙏😊",4,0,1703063952,sepadan dengan harga ya fitur terbaik ya barang ok pengemasan ok trimakasih seller lancar berkah trs usahanya,sepadan dengan harga ya fitur terbaik ya barang ok pengemasan ok trimakasih seller lancar berkah trs usahanya,17,neutral,0.55
muhammadhasanevanda,"Fungsi:beroperasi dng baik
Kondisi Barang:Alhamdulillah mulus dan lumayan bagus
Desain:oke bagus",4,0,1717656631,fungsi beroperasi dng baik kondisi barang alhamdulillah mulus dan lumayan bagus desain oke bagus,fungsi beroperasi dng baik kondisi barang alhamdulillah mulus dan lumayan bagus desain oke bagus,14,positive,0.75
keziaasitumorang,"Fungsi:beroperasi dengan baik
Kondisi Barang:datang dalam keadaan mulis Dan peckingannya bagus
Desain:sesuai dengan harga",4,0,1727009029,fungsi beroperasi dengan baik kondisi barang datang dalam keadaan mulis dan peckingannya bagus desain sesuai dengan harga,fungsi beroperasi dengan baik kondisi barang datang dalam keadaan mulis dan peckingannya bagus desain sesuai dengan harga,17,positive,0.75
rizky.arifin,"Sesuai harga standar
Pengiriman pilih kurirnya yg lain bos banyak pilihan kurir nya n akhirnya bisa 10 harian baru sampai untung saya jemput ke gudangnya",3,0,1665630437,sesuai harga standar pengiriman pilih kurirnya yg lain bos banyak pilihan kurir nya n akhirnya bisa 10 harian baru sampai untung saya jemput ke gudangnya,sesuai harga standar pengiriman pilih kurirnya yg lain bos banyak pilihan kurir nya n akhirnya bisa 10 harian baru sampai untung saya jemput ke gudangnya,25,positive,0.75
ikesutrachanel,Pkok kecewa beli di tokoh ini baterai bocor gak tahan lama sanga2t kecewa di tokoh ini Internal 16 GB GK bisa nympan apa2 Ndak biasa nxan HDD biasa nxan 256atau500  ini 16gb gmna2 mau nympan apa2 dalam..,1,0,1760351548,pkok kecewa beli di tokoh ini baterai bocor gak tahan lama sanga2t kecewa di tokoh ini internal 16 gb gk bisa nympan apa2 ndak biasa nxan hdd biasa nxan 256atau500 ini 16gb gmna2 mau nympan apa2 dalam,pkok kecewa beli di tokoh ini baterai bocor gak tahan lama sanga2t kecewa di tokoh ini internal 16 gb gk bisa nympan apa2 ndak biasa nxan hdd biasa nxan 256atau500 ini 16gb gmna2 mau nympan apa2 dalam,37,negative,0.75
lianuraeni992,,3,0,1728369431,,,1,neutral,0.55
nanda_gunawan27,Laptop ok cuma batre cepat habis di cas full gak nyampe satu jam udah habis setelah dua hari pemakaian di cas jadi gak masuk,2,1,1688666134,laptop ok cuma batre cepat habis di cas full gak nyampe satu jam udah habis setelah dua hari pemakaian di cas jadi gak masuk,laptop ok cuma batre cepat habis di cas full gak nyampe satu jam udah habis setelah dua hari pemakaian di cas jadi gak masuk,24,positive,0.75
totokferianto,"Fungsi:untuk sekarang bagus semoga awet lama
Desain:bagus

Saya pesan yang ada kameranya yg datang malah gak ada kamera,, saya mau retur bagaimana caranya ",2,0,1724063166,fungsi untuk sekarang bagus semoga awet lama desain bagus saya pesan yang ada kameranya yg datang malah gak ada kamera saya mau retur bagaimana caranya,fungsi untuk sekarang bagus semoga awet lama desain bagus saya pesan yang ada kameranya yg datang malah gak ada kamera saya mau retur bagaimana caranya,25,neutral,0.55
f*****1,Fungsi:belum di coba,4,0,1747457025,fungsi belum di coba,fungsi belum di coba,4,neutral,0.55
yussuf10,"Sepadan dengan Harga:3
Fitur Terbaik:5

Sayangnya gak ad tasnya,yh untuk paking aman
Casan Parah gak mau isi ulang daya rupanya bukan kabel casan buat laptop,untung gue punya casan laptop cadangan jadi bisa di pakai,kirain erorr",3,4,1690518868,sepadan dengan harga 3 fitur terbaik 5 sayangnya gak ad tasnya yh untuk paking aman casan parah gak mau isi ulang daya rupanya bukan kabel casan buat laptop untung gue punya casan laptop cadangan jadi bisa di pakai kirain erorr,sepadan dengan harga 3 fitur terbaik 5 sayangnya gak ad tasnya yh untuk paking aman casan parah gak mau isi ulang daya rupanya bukan kabel casan buat laptop untung gue punya casan laptop cadangan jadi bisa di pakai kirain erorr,40,neutral,0.55
tz4gt1cpu_,Lettopnya bagus anak saya senang,5,0,1683277955,lettopnya bagus anak saya senang,lettopnya bagus anak saya senang,5,positive,0.75
koesnoe.sh.mh,"Fitur Terbaik:no
Sepadan dengan Harga:ok

Minus ternyata, saya ajukan pengembalian nggak ad respon",3,1,1664501944,fitur terbaik no sepadan dengan harga ok minus ternyata saya ajukan pengembalian nggak ad respon,fitur terbaik no sepadan dengan harga ok minus ternyata saya ajukan pengembalian nggak ad respon,15,neutral,0.55
rsugandi17,Yg datang merkn lenovo,4,0,1676225225,yg datang merkn lenovo,yg datang merkn lenovo,4,neutral,0.55
oalqizytc,"Sepadan dengan Harga:sangat Bagus, recommended",5,0,1681224912,sepadan dengan harga sangat bagus recommended,sepadan dengan harga sangat bagus recommended,6,positive,0.75
aflengtg,Sepadan dengan Harga:tapi batre nya cepat habis,3,0,1692868223,sepadan dengan harga tapi batre nya cepat habis,sepadan dengan harga tapi batre nya cepat habis,8,positive,0.75
yogiepradana,"Fitur Terbaik:lumayan
Sepadan dengan Harga:pas

Packing oke..
Laptopnya oke..
Batre boros gpp,karena second oke oke aja..
Paling kalo bisa apliksinya di instal dulu semua yang ada file..",3,0,1677260312,fitur terbaik lumayan sepadan dengan harga pas packing oke laptopnya oke batre boros gpp karena second oke oke aja paling kalo bisa apliksinya di instal dulu semua yang ada file,fitur terbaik lumayan sepadan dengan harga pas packing oke laptopnya oke batre boros gpp karena second oke oke aja paling kalo bisa apliksinya di instal dulu semua yang ada file,30,neutral,0.55
maidasafirah,Bagus barang nya,5,0,1731285687,bagus barang nya,bagus barang nya,3,positive,0.75
turdianto87,Fitur Terbaik:belum d coba,4,2,1686744715,fitur terbaik belum d coba,fitur terbaik belum d coba,5,neutral,0.55
putri2699,"Fitur Terbaik:baik
Sepadan dengan Harga:sepadan

Semua ok hanya saja baterai nya cpet habis.",4,0,1705223825,fitur terbaik baik sepadan dengan harga sepadan semua ok hanya saja baterai nya cpet habis,fitur terbaik baik sepadan dengan harga sepadan semua ok hanya saja baterai nya cpet habis,15,neutral,0.55
babochang,Yaa sangat cocok dan sepadam dengan harganya.. Saya sangat puas dengan kondisi barang yg datang,4,0,1688224322,yaa sangat cocok dan sepadam dengan harganya saya sangat puas dengan kondisi barang yg datang,yaa sangat cocok dan sepadam dengan harganya saya sangat puas dengan kondisi barang yg datang,15,positive,0.75
rahmathd7919,Barang nya tidak sesuai gambar... order merk toshiba yg di kirim merk advance dan dan ram 2 gb bukan 4 gb,3,2,1704628359,barang nya tidak sesuai gambar order merk toshiba yg di kirim merk advance dan dan ram 2 gb bukan 4 gb,barang nya tidak sesuai gambar order merk toshiba yg di kirim merk advance dan dan ram 2 gb bukan 4 gb,21,neutral,0.55
dandyasieh,"Fitur Terbaik:ok

Sdh sampai kak barangnya,trimakasih ya smoga awet",4,1,1680433259,fitur terbaik ok sdh sampai kak barangnya trimakasih ya smoga awet,fitur terbaik ok sdh sampai kak barangnya trimakasih ya smoga awet,11,neutral,0.55
j*****m,"Fitur Terbaik:now
Sepadan dengan Harga:now

Barang bobrok kok dijual",1,9,1760309192,fitur terbaik now sepadan dengan harga now barang bobrok kok dijual,fitur terbaik now sepadan dengan harga now barang bobrok kok dijual,11,neutral,0.55
fajrifa614,"Fungsi:bagus
Desain:bagus
Kondisi Barang:bagus

Terima kasih ... Barang sesuai dan amanh",5,0,1734109590,fungsi bagus desain bagus kondisi barang bagus terima kasih barang sesuai dan amanh,fungsi bagus desain bagus kondisi barang bagus terima kasih barang sesuai dan amanh,13,positive,0.75
efandyirwan,"Fungsi:Laptop lenovo
Desain:Model lama
Kondisi Barang:Barang Second

Paket SDH sampe. Hanya pengiriman sangat lama.",4,0,1731797853,fungsi laptop lenovo desain model lama kondisi barang barang second paket sdh sampe hanya pengiriman sangat lama,fungsi laptop lenovo desain model lama kondisi barang barang second paket sdh sampe hanya pengiriman sangat lama,17,negative,0.75
ze1namos6a,,4,1,1718784799,,,1,neutral,0.55
tutisupriani603,,4,1,1680054172,,,1,neutral,0.55
irwanrohimulloh,Suiipp,4,0,1688368224,suiipp,suiipp,1,neutral,0.55
rojek72063,,5,0,1750766172,,,1,neutral,0.55
onepiece130,"Sepadan dengan Harga:baik

Amanah recomend tunggu order selanjutny",4,0,1713539599,sepadan dengan harga baik amanah recomend tunggu order selanjutny,sepadan dengan harga baik amanah recomend tunggu order selanjutny,9,neutral,0.55
a*****g,"Fungsi:ok
Kondisi Barang:ok
Permukaan:ok",5,0,1716393053,fungsi ok kondisi barang ok permukaan ok,fungsi ok kondisi barang ok permukaan ok,7,neutral,0.55
nur03syahsinaga,,5,0,1757305815,,,1,neutral,0.55
papawi2112,Camera nya ga bisa..merk ga sesuai.,3,7,1720912864,camera nya ga bisa merk ga sesuai,camera nya ga bisa merk ga sesuai,7,positive,0.75
3ftj8ptvv0,Barangnya lumayan tidak ada kendala. Cuman kemarin saya pesan merk Toshiba yg datang merk Asus tapi gak apa2 mudah2an awet,4,0,1677186333,barangnya lumayan tidak ada kendala cuman kemarin saya pesan merk toshiba yg datang merk asus tapi gak apa2 mudah2an awet,barangnya lumayan tidak ada kendala cuman kemarin saya pesan merk toshiba yg datang merk asus tapi gak apa2 mudah2an awet,20,negative,0.75
shondampojeck,"Fungsi:baikk
Kondisi Barang:beret dikit
Desain:lumayan baguss",4,1,1724839422,fungsi baikk kondisi barang beret dikit desain lumayan baguss,fungsi baikk kondisi barang beret dikit desain lumayan baguss,9,neutral,0.55
afaizal77doang,"yg di pesan thosiba tapi yang datang DELL
kecewa!!!!!",2,1,1688666137,yg di pesan thosiba tapi yang datang dell kecewa,yg di pesan thosiba tapi yang datang dell kecewa,9,neutral,0.55
wh2v3ykz4b,"Fungsi:awal ragu syaa pesan laptop lewat online, tpi pas barngnya sampai sesuai tpi deg degan pas bukanya takut bukan laptop yg dikrm,. buat tokonya sukses selalu, selalu amanah ya",5,0,1752668220,fungsi awal ragu syaa pesan laptop lewat online tpi pas barngnya sampai sesuai tpi deg degan pas bukanya takut bukan laptop yg dikrm buat tokonya sukses selalu selalu amanah ya,fungsi awal ragu syaa pesan laptop lewat online tpi pas barngnya sampai sesuai tpi deg degan pas bukanya takut bukan laptop yg dikrm buat tokonya sukses selalu selalu amanah ya,30,positive,0.75
izzamellynda,"laptop nya agak lemot dan mudah panas, batre nya juga cpet abisss
suara nya tidak bisa full volume ",4,0,1707794000,laptop nya agak lemot dan mudah panas batre nya juga cpet abisss suara nya tidak bisa full volume,laptop nya agak lemot dan mudah panas batre nya juga cpet abisss suara nya tidak bisa full volume,18,negative,0.75
rama_23.mobil,"barang ok, tapi sayang batrenya boros banget masak full kok ndak nyampai 1jam",4,0,1671672858,barang ok tapi sayang batrenya boros banget masak full kok ndak nyampai 1jam,barang ok tapi sayang batrenya boros banget masak full kok ndak nyampai 1jam,13,neutral,0.55
sudarniancha,"Fungsi:dengan baik
Kondisi Barang:baik
Desain:lumayan sesuai dengan harga",4,0,1730376458,fungsi dengan baik kondisi barang baik desain lumayan sesuai dengan harga,fungsi dengan baik kondisi barang baik desain lumayan sesuai dengan harga,11,positive,0.75
syarifuddinwiguna,"Minusnya cuma charger, kabelnya tidak bisa ngecas , selebih bagus. Windosnya masih windows seven.",4,0,1726731213,minusnya cuma charger kabelnya tidak bisa ngecas selebih bagus windosnya masih windows seven,minusnya cuma charger kabelnya tidak bisa ngecas selebih bagus windosnya masih windows seven,13,neutral,0.55
zhaey_,"Sepadan dengan Harga:tidak sepandan
Fitur Terbaik:tidak baik ada goresan

Adminnya juga tidak ramah, tidak merespon chat custumer",1,3,1737368752,sepadan dengan harga tidak sepandan fitur terbaik tidak baik ada goresan adminnya juga tidak ramah tidak merespon chat custumer,sepadan dengan harga tidak sepandan fitur terbaik tidak baik ada goresan adminnya juga tidak ramah tidak merespon chat custumer,19,negative,0.75
w18zekjiw5,Desain:tidak sesuai bekas tidak cocok,1,1,1745118182,desain tidak sesuai bekas tidak cocok,desain tidak sesuai bekas tidak cocok,6,positive,0.75
tricholis542,Jasa kirim ny lambat ya,1,4,1720584121,jasa kirim ny lambat ya,jasa kirim ny lambat ya,5,neutral,0.55
samsamlajaling,"Fungsi:pada umumnya bagus , cuma tombol angka 0 nya tidak berfungsi",3,0,1743929350,fungsi pada umumnya bagus cuma tombol angka 0 nya tidak berfungsi,fungsi pada umumnya bagus cuma tombol angka 0 nya tidak berfungsi,11,neutral,0.55
k*****e,Barang sampai dengan baik,4,0,1757636794,barang sampai dengan baik,barang sampai dengan baik,4,neutral,0.55
sitiai5,"Fungsi:bagus
Desain:y
Kondisi Barang:siap krj untk sssat ini",4,0,1748088716,fungsi bagus desain y kondisi barang siap krj untk sssat ini,fungsi bagus desain y kondisi barang siap krj untk sssat ini,11,positive,0.75
adyarto17,"Bintang 4 dulu, nanti diupdate lagi karena lagi dipantau",4,1,1725423173,bintang 4 dulu nanti diupdate lagi karena lagi dipantau,bintang 4 dulu nanti diupdate lagi karena lagi dipantau,9,neutral,0.55
rinciepul,Mantap,4,0,1723819236,mantap,mantap,1,positive,0.75
3lby5mymjs,Ngga bisa di pake ngga mau loding tidak sesue,1,1,1761190350,ngga bisa di pake ngga mau loding tidak sesue,ngga bisa di pake ngga mau loding tidak sesue,9,negative,0.75
marlamarla296,,4,0,1732008145,,,1,neutral,0.55
e*****h,Fitur Terbaik:barang realpict,1,4,1714518711,fitur terbaik barang realpict,fitur terbaik barang realpict,4,neutral,0.55
6xnym2sw51,,1,4,1760620271,,,1,neutral,0.55
asyah_cia,agak kecewa di deskripsi katanya merk politrin tp yg dtg lenovo tp over all baik lah,4,0,1709365856,agak kecewa di deskripsi katanya merk politrin tp yg dtg lenovo tp over all baik lah,agak kecewa di deskripsi katanya merk politrin tp yg dtg lenovo tp over all baik lah,16,neutral,0.55
_ultstn9kl,"Fungsi:normal cuman batre nya ga jelas
Desain:ok
Kondisi Barang:batre nya aga error padahal penuh tiba tiba mati

Lumayan lah sesuai harga",5,0,1758370601,fungsi normal cuman batre nya ga jelas desain ok kondisi barang batre nya aga error padahal penuh tiba tiba mati lumayan lah sesuai harga,fungsi normal cuman batre nya ga jelas desain ok kondisi barang batre nya aga error padahal penuh tiba tiba mati lumayan lah sesuai harga,24,positive,0.75
z2s973vvxz,"Maaf sy kasi bintang 4 krn kibord ada yg tdk berfungsi, batre cepet habis. Jadi klo hidup agak lama langsung mati, harus slalu di cas.🙏",4,0,1708569502,maaf sy kasi bintang 4 krn kibord ada yg tdk berfungsi batre cepet habis jadi klo hidup agak lama langsung mati harus slalu di cas,maaf sy kasi bintang 4 krn kibord ada yg tdk berfungsi batre cepet habis jadi klo hidup agak lama langsung mati harus slalu di cas,25,negative,0.75
adikaputra_88,"Kondisi Barang:batray bocor parah, maksimal 2 jam pemakaian langsung mati dan selalu begitu",1,0,1749943788,kondisi barang batray bocor parah maksimal 2 jam pemakaian langsung mati dan selalu begitu,kondisi barang batray bocor parah maksimal 2 jam pemakaian langsung mati dan selalu begitu,14,neutral,0.55
h8b_wizdr8,,4,0,1682923076,,,1,neutral,0.55
yayan_tdm,,4,0,1740751051,,,1,neutral,0.55
,Baik,1,2,1690255250,baik,baik,1,neutral,0.55
yatiabdullah711,"Sepadan dengan Harga:pesanan sudah diterima dengan baik ,makasih🙏🙏🙏",3,0,1702801234,sepadan dengan harga pesanan sudah diterima dengan baik makasih,sepadan dengan harga pesanan sudah diterima dengan baik makasih,9,neutral,0.55
da3ng,Fitur Terbaik:mantap sesuai dengan harga,4,0,1682998522,fitur terbaik mantap sesuai dengan harga,fitur terbaik mantap sesuai dengan harga,6,positive,0.75
mhmdikbalrmdhn89,"Fungsi:Sip barang OK awal nya ragu,",3,0,1722720353,fungsi sip barang ok awal nya ragu,fungsi sip barang ok awal nya ragu,7,neutral,0.55
aszsutrisno,Sesuai harga murah,4,3,1691799395,sesuai harga murah,sesuai harga murah,3,positive,0.75
carma69,"Fungsi:berfungsi baik saat ini moga awet
Desain:lumayan bagus sesuai harga
Kondisi Barang:batre boros",4,0,1754663535,fungsi berfungsi baik saat ini moga awet desain lumayan bagus sesuai harga kondisi barang batre boros,fungsi berfungsi baik saat ini moga awet desain lumayan bagus sesuai harga kondisi barang batre boros,16,positive,0.75
silva154,"Sepadan dengan Harga:kurang baik

Banyak minus nya",3,0,1709700266,sepadan dengan harga kurang baik banyak minus nya,sepadan dengan harga kurang baik banyak minus nya,8,negative,0.75
d*****8,"Fungsi:semua komponen bekerja dgn baik, minusnya batre ny cepat habis
Desain:bagus
Kondisi Barang:kabel casannya beda😥",4,0,1753745679,fungsi semua komponen bekerja dgn baik minusnya batre ny cepat habis desain bagus kondisi barang kabel casannya beda,fungsi semua komponen bekerja dgn baik minusnya batre ny cepat habis desain bagus kondisi barang kabel casannya beda,18,positive,0.75
suhartihar594,"Kondisi Barang:sesuai dengan harga, Baterainya yang gampang lobet..",4,0,1724293625,kondisi barang sesuai dengan harga baterainya yang gampang lobet,kondisi barang sesuai dengan harga baterainya yang gampang lobet,9,positive,0.75
bundarbp,Terimakasih pengiriman sgt cepat,4,0,1692884660,terimakasih pengiriman sgt cepat,terimakasih pengiriman sgt cepat,4,positive,0.75
dinatriastutik,Kondisi Barang:sepadan dengan harga ..,4,0,1713994539,kondisi barang sepadan dengan harga,kondisi barang sepadan dengan harga,5,neutral,0.55
madielektro,Desain:barang tidak sesuai sama  yg di pasang lai lain d pesan lain yg datang,2,0,1722289669,desain barang tidak sesuai sama yg di pasang lai lain d pesan lain yg datang,desain barang tidak sesuai sama yg di pasang lai lain d pesan lain yg datang,15,neutral,0.55
jonlibert324,Kondisi Barang:baik mantap bos,3,0,1747729582,kondisi barang baik mantap bos,kondisi barang baik mantap bos,5,positive,0.75
herahmhoeh,"Fungsi:tdk berfungi dengan baik... layarnya berhenti disitu saja saat di nyalah. kang
Kondisi Barang:tidak sesuai dengan deskripsi katanya tochiba atau acer tpi yang dtang dell",2,0,1753021064,fungsi tdk berfungi dengan baik layarnya berhenti disitu saja saat di nyalah kang kondisi barang tidak sesuai dengan deskripsi katanya tochiba atau acer tpi yang dtang dell,fungsi tdk berfungi dengan baik layarnya berhenti disitu saja saat di nyalah kang kondisi barang tidak sesuai dengan deskripsi katanya tochiba atau acer tpi yang dtang dell,27,neutral,0.55
rjpydn,Kamera gelap,4,0,1654866505,kamera gelap,kamera gelap,2,neutral,0.55
khoirul_ihwan95,"Kondisi Barang:kiboard banyak yg gak bisa

Kiboard banyak yg gak bisa",2,0,1726222088,kondisi barang kiboard banyak yg gak bisa kiboard banyak yg gak bisa,kondisi barang kiboard banyak yg gak bisa kiboard banyak yg gak bisa,12,neutral,0.55
vevyvevy255,Produk  bagus ...cuma batrei nya cepat low 🙏,2,2,1688666148,produk bagus cuma batrei nya cepat low,produk bagus cuma batrei nya cepat low,7,positive,0.75
mdediazwar,"Kondisi Barang:batrai nya sdh soak/ngedrop,sdkit kecewa,,,,karna hrs ganti batrai lagi,,,,,,",3,0,1731468529,kondisi barang batrai nya sdh soak ngedrop sdkit kecewa karna hrs ganti batrai lagi,kondisi barang batrai nya sdh soak ngedrop sdkit kecewa karna hrs ganti batrai lagi,14,neutral,0.55
angelveronika572,Fungsi:belum ada 10 menit mati,1,1,1756592091,fungsi belum ada 10 menit mati,fungsi belum ada 10 menit mati,6,neutral,0.55
jaccbonay,pesanan tidak sesuai dengan barang yang diterima pesanan laptop Acer yang datang Laptop Dell...mohon agar sebelum dikirim diteliti kembali sesuai pesanan ordernya...mksih,1,0,1757163934,pesanan tidak sesuai dengan barang yang diterima pesanan laptop acer yang datang laptop dell mohon agar sebelum dikirim diteliti kembali sesuai pesanan ordernya mksih,pesanan tidak sesuai dengan barang yang diterima pesanan laptop acer yang datang laptop dell mohon agar sebelum dikirim diteliti kembali sesuai pesanan ordernya mksih,24,neutral,0.55
mamzaries517,Kalau barang oke semua cuman dipengirimannya yang lamaaaa beder,4,0,1729576415,kalau barang oke semua cuman dipengirimannya yang lamaaaa beder,kalau barang oke semua cuman dipengirimannya yang lamaaaa beder,9,neutral,0.55
sukajaya364,Amanah...👍,4,0,1710036732,amanah,amanah,1,neutral,0.55
satriaramadhani.stb12,Sesuai dengan harganya,4,0,1702710299,sesuai dengan harganya,sesuai dengan harganya,3,positive,0.75
elmarusdin965,"Ada goresan, baru pake langsung panas kak🥹",3,0,1747547089,ada goresan baru pake langsung panas kak,ada goresan baru pake langsung panas kak,7,neutral,0.55
abqary99shop,Alhamdulillah sudah sampai,4,0,1703485093,alhamdulillah sudah sampai,alhamdulillah sudah sampai,3,neutral,0.55
kandardayax,,1,0,1705332845,,,1,neutral,0.55
andifikri387,Good,4,0,1666921668,good,good,1,neutral,0.55
6l3tofbi6u,Bagus,4,0,1704767153,bagus,bagus,1,positive,0.75
ramliagus876,Bagus,4,0,1730441260,bagus,bagus,1,positive,0.75
mrefendi_syamsi,Bagus,4,0,1725522888,bagus,bagus,1,positive,0.75
b*****i,Siap operasi,4,0,1726634878,siap operasi,siap operasi,2,neutral,0.55
liamaya86,Fitur Terbaik:bagus,4,0,1698743040,fitur terbaik bagus,fitur terbaik bagus,3,positive,0.75
c*****6,Penjual nya ramah terimakasih,4,0,1674260052,penjual nya ramah terimakasih,penjual nya ramah terimakasih,4,neutral,0.55
ravelgoivany1401,Keyboard ada yg tdak aktif,1,1,1756592069,keyboard ada yg tdak aktif,keyboard ada yg tdak aktif,5,neutral,0.55
xcm13rz0cs,Fungsi:tabel kursor tidak berpungsi dan layar nonitor  rusak lcd/bewarna,1,0,1754392672,fungsi tabel kursor tidak berpungsi dan layar nonitor rusak lcd bewarna,fungsi tabel kursor tidak berpungsi dan layar nonitor rusak lcd bewarna,11,negative,0.75
johnsabdo,Lumayan sih klo buat pelajaran,4,0,1704275402,lumayan sih klo buat pelajaran,lumayan sih klo buat pelajaran,5,neutral,0.55
vivinchabrina,"Bagus ka,cuma kalo di pake panas bgt ka",4,0,1682751535,bagus ka cuma kalo di pake panas bgt ka,bagus ka cuma kalo di pake panas bgt ka,9,positive,0.75
hendrairawan070,"Fungsi:ok
Desain:ok
Kondisi Barang:baik",3,0,1734585697,fungsi ok desain ok kondisi barang baik,fungsi ok desain ok kondisi barang baik,7,neutral,0.55
116v21oyt2,,1,0,1717245616,,,1,neutral,0.55
ojbx7ugnm_,"Fungsi:tidak sesuai
Kondisi Barang:barang tidak sesuai pesanan",1,0,1725162825,fungsi tidak sesuai kondisi barang barang tidak sesuai pesanan,fungsi tidak sesuai kondisi barang barang tidak sesuai pesanan,9,neutral,0.55
r0ya4expkh,"Fungsi:baik
Desain:bagus
Kondisi Barang:normal",4,0,1731992523,fungsi baik desain bagus kondisi barang normal,fungsi baik desain bagus kondisi barang normal,7,positive,0.75
bangsolah1103,Kondisi Barang:dvd nya tidak pungsi,4,0,1717082533,kondisi barang dvd nya tidak pungsi,kondisi barang dvd nya tidak pungsi,6,negative,0.75
windroh,Lain.merk yg di request,3,0,1674544326,lain merk yg di request,lain merk yg di request,5,neutral,0.55
hamudi519,Displaynya merek Toshiba yang datang Lenovo,4,0,1692863559,displaynya merek toshiba yang datang lenovo,displaynya merek toshiba yang datang lenovo,6,neutral,0.55
najwacomkotaserang88,Fungsi:baik,4,0,1755413361,fungsi baik,fungsi baik,2,neutral,0.55
djr240196,Batreinya tidak kuat,3,0,1753364230,batreinya tidak kuat,batreinya tidak kuat,3,negative,0.75
e5ilf88ngp,"Fungsi:normal
Desain:ok Joss memang
Kondisi Barang:Bekas rasa baru rekomendasi tokohnya memang 👍👍

#infonya dong masss cara konekan wifi pada lectop sudah beberapa kami coba tapi TDK bisa terkoneksi ke wifi adakah cara lain untuk koneksikan🙏",5,0,1755696716,fungsi normal desain ok joss memang kondisi barang bekas rasa baru rekomendasi tokohnya memang infonya dong masss cara konekan wifi pada lectop sudah beberapa kami coba tapi tdk bisa terkoneksi ke wifi adakah cara lain untuk koneksikan,fungsi normal desain ok joss memang kondisi barang bekas rasa baru rekomendasi tokohnya memang infonya dong masss cara konekan wifi pada lectop sudah beberapa kami coba tapi tdk bisa terkoneksi ke wifi adakah cara lain untuk koneksikan,37,neutral,0.55
verryverrywell,"Fungsi:bagus
Desain:elegan
Kondisi Barang:sipp...besuk beli lg ahh",5,0,1765862112,fungsi bagus desain elegan kondisi barang sipp besuk beli lg ahh,fungsi bagus desain elegan kondisi barang sipp besuk beli lg ahh,11,positive,0.75
miynick,"Fungsi:kecewa kali sama laptopnya,batre cepet habis,di cas susah,lemot,
Desain:cukup bagus
Kondisi Barang:ada yang lecet dan goresan sepertinya sudah pernah di gunakan",1,0,1757676991,fungsi kecewa kali sama laptopnya batre cepet habis di cas susah lemot desain cukup bagus kondisi barang ada yang lecet dan goresan sepertinya sudah pernah di gunakan,fungsi kecewa kali sama laptopnya batre cepet habis di cas susah lemot desain cukup bagus kondisi barang ada yang lecet dan goresan sepertinya sudah pernah di gunakan,27,positive,0.75
ypp5oert7c,"Fungsi:bekerja dengan baik

Laptopnya sama seperti digambar. Semuanya masih lancar dan aman untuk digunakan",4,0,1747615552,fungsi bekerja dengan baik laptopnya sama seperti digambar semuanya masih lancar dan aman untuk digunakan,fungsi bekerja dengan baik laptopnya sama seperti digambar semuanya masih lancar dan aman untuk digunakan,15,neutral,0.55
herlinawati896,"Kondisi Barang:awal hidup selang sehari dah mati

Kecewa banget",1,0,1764656336,kondisi barang awal hidup selang sehari dah mati kecewa banget,kondisi barang awal hidup selang sehari dah mati kecewa banget,10,neutral,0.55
suwarta66,"Berfungsi sih tapi tidak Merk tidak sesuai pesanan 
Pesen Merk dell dikirim Toshiba. Toko di chat ngebalesnya pake otomatis Robot chat",2,0,1755501136,berfungsi sih tapi tidak merk tidak sesuai pesanan pesen merk dell dikirim toshiba toko di chat ngebalesnya pake otomatis robot chat,berfungsi sih tapi tidak merk tidak sesuai pesanan pesen merk dell dikirim toshiba toko di chat ngebalesnya pake otomatis robot chat,21,neutral,0.55
ue1nt04l_3,"Fungsi:mudah2an gak ada kendala...semua berfungsi dgn baik
Desain:cukup sepadan dgn harga
Kondisi Barang:cukup baik. mendarat dlm kadaan sehat walapiat...",5,0,1751798748,fungsi mudah2an gak ada kendala semua berfungsi dgn baik desain cukup sepadan dgn harga kondisi barang cukup baik mendarat dlm kadaan sehat walapiat,fungsi mudah2an gak ada kendala semua berfungsi dgn baik desain cukup sepadan dgn harga kondisi barang cukup baik mendarat dlm kadaan sehat walapiat,23,neutral,0.55
91ek16cxbu,"Fungsi:bagus
Desain:futuristik
Kondisi Barang:keadaan mulus seperti baru",5,0,1749728354,fungsi bagus desain futuristik kondisi barang keadaan mulus seperti baru,fungsi bagus desain futuristik kondisi barang keadaan mulus seperti baru,10,positive,0.75
andi_adiyan,"Desain:bagus
Kondisi Barang:datang dengan bagus, cuman diganti ramnya dengan 4gb padahal udah ceklis 8gb alasan kerena diganti ssd, ya kecewa sih tapi gapapa lah",4,0,1734184539,desain bagus kondisi barang datang dengan bagus cuman diganti ramnya dengan 4gb padahal udah ceklis 8gb alasan kerena diganti ssd ya kecewa sih tapi gapapa lah,desain bagus kondisi barang datang dengan bagus cuman diganti ramnya dengan 4gb padahal udah ceklis 8gb alasan kerena diganti ssd ya kecewa sih tapi gapapa lah,26,positive,0.75
iragreen2298,"Fungsi:lumayan bagus
Desain:ada lecet2 dikit
Kondisi Barang:sesui harganya.,,bgus

cuman.ketahanan battrey nya yng kurang bagus krn hanya bisa pakai sambil cass ,",4,0,1744713557,fungsi lumayan bagus desain ada lecet2 dikit kondisi barang sesui harganya bgus cuman ketahanan battrey nya yng kurang bagus krn hanya bisa pakai sambil cass,fungsi lumayan bagus desain ada lecet2 dikit kondisi barang sesui harganya bgus cuman ketahanan battrey nya yng kurang bagus krn hanya bisa pakai sambil cass,25,neutral,0.55
ah485966,"Fungsi:berfungsi dengan baik
Desain:sayang merk Dell, lobang USB cuma satu.
Kondisi Barang:bagus

Kondisi Laptop bagus semua berfungsi dengan baik. Sayang casing merk Dell, lobang USB cuma satu.. Semoga awet sampai kiamat",4,0,1742194278,fungsi berfungsi dengan baik desain sayang merk dell lobang usb cuma satu kondisi barang bagus kondisi laptop bagus semua berfungsi dengan baik sayang casing merk dell lobang usb cuma satu semoga awet sampai kiamat,fungsi berfungsi dengan baik desain sayang merk dell lobang usb cuma satu kondisi barang bagus kondisi laptop bagus semua berfungsi dengan baik sayang casing merk dell lobang usb cuma satu semoga awet sampai kiamat,34,positive,0.75
jihanaunillahrahmawati,"Fungsi:dapat digunakan dengan baik, mulus
Desain:menarik
Kondisi Barang:barang nya bagus meskipun second

Barang nya masih bagus, mulus meskipun second cuman di deskripsi diterangkan Toshiba tetapi yg datang merk Lenovo tapi apapun yg penting bisa dipakai ya Alhamdulillah",4,0,1740731951,fungsi dapat digunakan dengan baik mulus desain menarik kondisi barang barang nya bagus meskipun second barang nya masih bagus mulus meskipun second cuman di deskripsi diterangkan toshiba tetapi yg datang merk lenovo tapi apapun yg penting bisa dipakai ya alhamdulillah,fungsi dapat digunakan dengan baik mulus desain menarik kondisi barang barang nya bagus meskipun second barang nya masih bagus mulus meskipun second cuman di deskripsi diterangkan toshiba tetapi yg datang merk lenovo tapi apapun yg penting bisa dipakai ya alhamdulillah,40,positive,0.75
rilannafi738,"Fungsi:normal
Desain:keren
Kondisi Barang:tidak ada lecet sama sekali",5,0,1741160091,fungsi normal desain keren kondisi barang tidak ada lecet sama sekali,fungsi normal desain keren kondisi barang tidak ada lecet sama sekali,11,neutral,0.55
henimaju79,"Kwalitas baik , tokonya amanah mdh2n slalu berkah...terima kasih",5,0,1699083598,kwalitas baik tokonya amanah mdh2n slalu berkah terima kasih,kwalitas baik tokonya amanah mdh2n slalu berkah terima kasih,9,neutral,0.55
alycialewis,Pertama beli dapat thinkpad trus ada masalah. Di retur.. dan setelah di ganti yang lain problem ada lagi dari suara nya kecil ngendep sampe ade part/bagian yang pecah dan barang tidak sesuau untuk price yang di bayar dengn unit yang di dapat kan unit fujitsu T580....positive nya orang tokoh nya bertanggung jawab...,2,2,1706740431,pertama beli dapat thinkpad trus ada masalah di retur dan setelah di ganti yang lain problem ada lagi dari suara nya kecil ngendep sampe ade part bagian yang pecah dan barang tidak sesuau untuk price yang di bayar dengn unit yang di dapat kan unit fujitsu t580 positive nya orang tokoh nya bertanggung jawab,pertama beli dapat thinkpad trus ada masalah di retur dan setelah di ganti yang lain problem ada lagi dari suara nya kecil ngendep sampe ade part bagian yang pecah dan barang tidak sesuau untuk price yang di bayar dengn unit yang di dapat kan unit fujitsu t580 positive nya orang tokoh nya bertanggung jawab,54,negative,0.75
topanadi1984,"Fungsi:dapat di gunakan dengan baik,tapi sayang masih windos7 dan hdd nya 160 gb
Desain:lumayan baik
Kondisi Barang:kurang mulus banyak lecetnya sama tokpadnya kurang responsif terbantu dengan mouse dan layar ada bintik2 putih

yah,udah terlanjur terbeli,klu di bilang kecewa, yah kecewa lah
cukup sekali ini aja lah,beli di toko ini,respon lambat",4,0,1736707388,fungsi dapat di gunakan dengan baik tapi sayang masih windos7 dan hdd nya 160 gb desain lumayan baik kondisi barang kurang mulus banyak lecetnya sama tokpadnya kurang responsif terbantu dengan mouse dan layar ada bintik2 putih yah udah terlanjur terbeli klu di bilang kecewa yah kecewa lah cukup sekali ini aja lah beli di toko ini respon lambat,fungsi dapat di gunakan dengan baik tapi sayang masih windos7 dan hdd nya 160 gb desain lumayan baik kondisi barang kurang mulus banyak lecetnya sama tokpadnya kurang responsif terbantu dengan mouse dan layar ada bintik2 putih yah udah terlanjur terbeli klu di bilang kecewa yah kecewa lah cukup sekali ini aja lah beli di toko ini respon lambat,58,negative,0.75
alidrus212,"Fitur Terbaik:Masih Berfungsi Dengan Baik
Sepadan dengan Harga:Sesuai

Mantap Bang , Amanah ,, Kykx gk lama lg bkalan order lg sih dsini ,,, pertahankan amanahx bang ,, joosss ,,, cuman ya namax jga barang seken yah , tpi sesuai lah , agak ngelag , tpi maklum lah spek sgini , n batrex gk bisa full klo di cas , n ngedrop jga  , cuman bisa 20 menitan kira2 ,,,, tpi okelah , kita jga kan udh tau barangx bekas pakai ,,, joos lah ,, thanks saller , maju troooss 🙏👍👍👍",5,1,1710053839,fitur terbaik masih berfungsi dengan baik sepadan dengan harga sesuai mantap bang amanah kykx gk lama lg bkalan order lg sih dsini pertahankan amanahx bang joosss cuman ya namax jga barang seken yah tpi sesuai lah agak ngelag tpi maklum lah spek sgini n batrex gk bisa full klo di cas n ngedrop jga cuman bisa 20 menitan kira2 tpi okelah kita jga kan udh tau barangx bekas pakai joos lah thanks saller maju troooss,fitur terbaik masih berfungsi dengan baik sepadan dengan harga sesuai mantap bang amanah kykx gk lama lg bkalan order lg sih dsini pertahankan amanahx bang joosss cuman ya namax jga barang seken yah tpi sesuai lah agak ngelag tpi maklum lah spek sgini n batrex gk bisa full klo di cas n ngedrop jga cuman bisa 20 menitan kira2 tpi okelah kita jga kan udh tau barangx bekas pakai joos lah thanks saller maju troooss,75,positive,0.75
totokiswanto,"Fitur Terbaik:baguussssss

Barang tak terima dgn utuh dan aman.     Dengan pengepakan yg super dobel2 semoga barang nya bisa di pakai dan awet . . Amin .",5,0,1680868521,fitur terbaik baguussssss barang tak terima dgn utuh dan aman dengan pengepakan yg super dobel2 semoga barang nya bisa di pakai dan awet amin,fitur terbaik baguussssss barang tak terima dgn utuh dan aman dengan pengepakan yg super dobel2 semoga barang nya bisa di pakai dan awet amin,24,neutral,0.55
zierahijab,"Mohon maaf laptop tidak dapat berfungsi. Tidak dapat masuk ke windows. Hanya beberapa hari saja bisa dipakai 

Sangat kecewa sekali 🥺",1,1,1737368775,mohon maaf laptop tidak dapat berfungsi tidak dapat masuk ke windows hanya beberapa hari saja bisa dipakai sangat kecewa sekali,mohon maaf laptop tidak dapat berfungsi tidak dapat masuk ke windows hanya beberapa hari saja bisa dipakai sangat kecewa sekali,20,negative,0.75
nurlitasari110597,"Sepadan dengan Harga:ya
Fitur Terbaik:ok

Ini tuh lumayan banget dengan harga segitu ga bisa dapetin laptop thanks ya buat penjualnya udah amanah awalnya ragu tapi pas dateng Alhamdulillah aga sedikit lecet dikit tapi gpp sukses terus",4,0,1705185399,sepadan dengan harga ya fitur terbaik ok ini tuh lumayan banget dengan harga segitu ga bisa dapetin laptop thanks ya buat penjualnya udah amanah awalnya ragu tapi pas dateng alhamdulillah aga sedikit lecet dikit tapi gpp sukses terus,sepadan dengan harga ya fitur terbaik ok ini tuh lumayan banget dengan harga segitu ga bisa dapetin laptop thanks ya buat penjualnya udah amanah awalnya ragu tapi pas dateng alhamdulillah aga sedikit lecet dikit tapi gpp sukses terus,38,neutral,0.55
a*****u,"Fungsi:betrei soak,
Kondisi Barang:tidak bisa menyalah kalau tidak di cas
Desain:ok

laptopnya tidak bisa menyalah kalau tdk di cas, harus di cas baru menyalah, Mungkin betreinya yg sdah soak, tpi tokonya bertanggung jawab ganti uang untuk betreinya, mudah2han jadi kembali klo sdah ganti betrei 🙏",4,1,1720913683,fungsi betrei soak kondisi barang tidak bisa menyalah kalau tidak di cas desain ok laptopnya tidak bisa menyalah kalau tdk di cas harus di cas baru menyalah mungkin betreinya yg sdah soak tpi tokonya bertanggung jawab ganti uang untuk betreinya mudah2han jadi kembali klo sdah ganti betrei,fungsi betrei soak kondisi barang tidak bisa menyalah kalau tidak di cas desain ok laptopnya tidak bisa menyalah kalau tdk di cas harus di cas baru menyalah mungkin betreinya yg sdah soak tpi tokonya bertanggung jawab ganti uang untuk betreinya mudah2han jadi kembali klo sdah ganti betrei,47,negative,0.75
alexserawak,"Fungsi:backspace sama delete nya ngga mau dihapus
Kondisi Barang:mulus
Desain:menarik",4,0,1727055344,fungsi backspace sama delete nya ngga mau dihapus kondisi barang mulus desain menarik,fungsi backspace sama delete nya ngga mau dihapus kondisi barang mulus desain menarik,13,neutral,0.55
arifalfa354,"Alhamdulillah sampai dan barang nya bagus sesuai harga semoga awet,.. Merek Toshiba
Pengenya beli lagi dapat Acer.. 
Thanks",5,0,1711893471,alhamdulillah sampai dan barang nya bagus sesuai harga semoga awet merek toshiba pengenya beli lagi dapat acer thanks,alhamdulillah sampai dan barang nya bagus sesuai harga semoga awet merek toshiba pengenya beli lagi dapat acer thanks,18,positive,0.75
riskanovianti42,"Sepadan dengan Harga:Sesuai
Fitur Terbaik:Bagus untuk ukuran second

Penjualnya fast respon, ketika barang gak sesuai bisa langsung ajukan garansi dan prosesnya cepat. Tokonya amanah, jangan ragu beli disini walaupun second tapi tetep wort it.",5,0,1714996845,sepadan dengan harga sesuai fitur terbaik bagus untuk ukuran second penjualnya fast respon ketika barang gak sesuai bisa langsung ajukan garansi dan prosesnya cepat tokonya amanah jangan ragu beli disini walaupun second tapi tetep wort it,sepadan dengan harga sesuai fitur terbaik bagus untuk ukuran second penjualnya fast respon ketika barang gak sesuai bisa langsung ajukan garansi dan prosesnya cepat tokonya amanah jangan ragu beli disini walaupun second tapi tetep wort it,36,positive,0.75
r4mat_5f,"Fungsi:ok
Kondisi Barang:sesuai harga
Desain:ok

Barang di terima dgn baik,
Yg datang notebook ku kira laptop,
Windows 7 belum tau core nya brpa belum di cek apakah sesuai dgn pesanan,dan batrey cukup lumayan,
Dan tentu nya pasti ada kekurangan maklum aja bekas 😃,
Tapi so ok lah semoga bisa di pakai dgn lancar",5,0,1718208663,fungsi ok kondisi barang sesuai harga desain ok barang di terima dgn baik yg datang notebook ku kira laptop windows 7 belum tau core nya brpa belum di cek apakah sesuai dgn pesanan dan batrey cukup lumayan dan tentu nya pasti ada kekurangan maklum aja bekas tapi so ok lah semoga bisa di pakai dgn lancar,fungsi ok kondisi barang sesuai harga desain ok barang di terima dgn baik yg datang notebook ku kira laptop windows 7 belum tau core nya brpa belum di cek apakah sesuai dgn pesanan dan batrey cukup lumayan dan tentu nya pasti ada kekurangan maklum aja bekas tapi so ok lah semoga bisa di pakai dgn lancar,56,positive,0.75
mutiarakomputer,barang sudah diterima aman..cuman pking kardusx ga pakai babel rep.. untung kondisi aman aja nyampaix ga ada krusakan..,5,0,1720590613,barang sudah diterima aman cuman pking kardusx ga pakai babel rep untung kondisi aman aja nyampaix ga ada krusakan,barang sudah diterima aman cuman pking kardusx ga pakai babel rep untung kondisi aman aja nyampaix ga ada krusakan,19,neutral,0.55
maspek173,"Fungsi:dapat digunakan dengan baik
Kondisi Barang:datang dalam keadaan mulus
Desain:terlihat bagus daan minimalis

Awalnya ragu ragu untuk beli soalnya baru pertama kali beli barang yang harganya mahal tapi alhamdulillah akhirnya laptop nya datang dengan kondisi yang baik pokoknya keren sesuai dengan harga.",5,0,1718537101,fungsi dapat digunakan dengan baik kondisi barang datang dalam keadaan mulus desain terlihat bagus daan minimalis awalnya ragu ragu untuk beli soalnya baru pertama kali beli barang yang harganya mahal tapi alhamdulillah akhirnya laptop nya datang dengan kondisi yang baik pokoknya keren sesuai dengan harga,fungsi dapat digunakan dengan baik kondisi barang datang dalam keadaan mulus desain terlihat bagus daan minimalis awalnya ragu ragu untuk beli soalnya baru pertama kali beli barang yang harganya mahal tapi alhamdulillah akhirnya laptop nya datang dengan kondisi yang baik pokoknya keren sesuai dengan harga,45,positive,0.75
aluontop_01,"Fitur Terbaik:sangat tidak memuaskan.
Sepadan dengan Harga:saya kurang beruntung

Baterai rusak dan tidak bisa charger dan mati jika tidak terhubung charger, serta koneksi wifi bermasalah.

Kondisi baru beli dan masuk tempat service lagi biaya 400.000 tuk perbaikan.",1,1,1743696363,fitur terbaik sangat tidak memuaskan sepadan dengan harga saya kurang beruntung baterai rusak dan tidak bisa charger dan mati jika tidak terhubung charger serta koneksi wifi bermasalah kondisi baru beli dan masuk tempat service lagi biaya 400 000 tuk perbaikan,fitur terbaik sangat tidak memuaskan sepadan dengan harga saya kurang beruntung baterai rusak dan tidak bisa charger dan mati jika tidak terhubung charger serta koneksi wifi bermasalah kondisi baru beli dan masuk tempat service lagi biaya 400 000 tuk perbaikan,40,negative,0.75
sukarni252525,Puas banget  terimakasih riseler dan mas kurir nya luar biasa toko amanah lektop nya sangat mulus walaupun seken tapi seperti baru . 💝💝💝,5,0,1720710990,puas banget terimakasih riseler dan mas kurir nya luar biasa toko amanah lektop nya sangat mulus walaupun seken tapi seperti baru,puas banget terimakasih riseler dan mas kurir nya luar biasa toko amanah lektop nya sangat mulus walaupun seken tapi seperti baru,21,positive,0.75
zulhaiddien,"Fungsi:bagus,
Kondisi Barang:normal,
Permukaan:mulus ,entah knp berminyak body mukanya,tapi aman dan bagus,,baterai kurang fir",5,0,1716779502,fungsi bagus kondisi barang normal permukaan mulus entah knp berminyak body mukanya tapi aman dan bagus baterai kurang fir,fungsi bagus kondisi barang normal permukaan mulus entah knp berminyak body mukanya tapi aman dan bagus baterai kurang fir,19,neutral,0.55
a*****a,"Bagus banget notebooknya, spek bagus, bisa berfungsi dgn baik, tombol ok, sdh diinstal aplikasi trbaru, microsoft office 2010, internet bisa di akses. Amanah tokonya, bakal repeat order nanti ya",5,0,1717238974,bagus banget notebooknya spek bagus bisa berfungsi dgn baik tombol ok sdh diinstal aplikasi trbaru microsoft office 2010 internet bisa di akses amanah tokonya bakal repeat order nanti ya,bagus banget notebooknya spek bagus bisa berfungsi dgn baik tombol ok sdh diinstal aplikasi trbaru microsoft office 2010 internet bisa di akses amanah tokonya bakal repeat order nanti ya,29,positive,0.75
123456789abdullah,"Fitur Terbaik:terbaik
Sepadan dengan Harga:produk ok",5,0,1704793493,fitur terbaik terbaik sepadan dengan harga produk ok,fitur terbaik terbaik sepadan dengan harga produk ok,8,neutral,0.55
wici_kalimantan,"Fungsi:bekerja dngn baik
Kondisi Barang:mulus
Desain:keren

Awalnya ragu banget,pas mau buka dus nya berlapis lapis,jadi deg degan.skli dah keliatan leptopnya.aoto lega...amanah banget pokoknya.pengamannya juga tebal,jadi aman pas pengiriman.",4,0,1719987545,fungsi bekerja dngn baik kondisi barang mulus desain keren awalnya ragu banget pas mau buka dus nya berlapis lapis jadi deg degan skli dah keliatan leptopnya aoto lega amanah banget pokoknya pengamannya juga tebal jadi aman pas pengiriman,fungsi bekerja dngn baik kondisi barang mulus desain keren awalnya ragu banget pas mau buka dus nya berlapis lapis jadi deg degan skli dah keliatan leptopnya aoto lega amanah banget pokoknya pengamannya juga tebal jadi aman pas pengiriman,38,positive,0.75
fadfad061,"Fungsi:baik
Desain:keren
Kondisi Barang:sehat

Mudah2 an awet dan tahan lama, untuk minus tidak ada walaupun second, untuk merk lenovo bagus untuk kuliah, makasih",5,0,1733831970,fungsi baik desain keren kondisi barang sehat mudah2 an awet dan tahan lama untuk minus tidak ada walaupun second untuk merk lenovo bagus untuk kuliah makasih,fungsi baik desain keren kondisi barang sehat mudah2 an awet dan tahan lama untuk minus tidak ada walaupun second untuk merk lenovo bagus untuk kuliah makasih,26,neutral,0.55
maya_eka03,Masya Allah penjualnya amanah chat selalu direspon dan penuh tanggung jawab saya rekomendasi pada semuanya jangan ragu ya belanja di toko ini🙏🏻🙏🏻🙏🏻,5,1,1717269810,masya allah penjualnya amanah chat selalu direspon dan penuh tanggung jawab saya rekomendasi pada semuanya jangan ragu ya belanja di toko ini,masya allah penjualnya amanah chat selalu direspon dan penuh tanggung jawab saya rekomendasi pada semuanya jangan ragu ya belanja di toko ini,22,neutral,0.55
sarahabiyan19,"Fungsi:Baik
Kondisi Barang:Bagus
Permukaan:Mulus

Barang sudah sampai dari hari rabu niat mao kasih nilai nya kamis kelupaan , soalnya mao test sehari ada kendala apa gak, bagus laptopnya terimakasih",5,0,1716510221,fungsi baik kondisi barang bagus permukaan mulus barang sudah sampai dari hari rabu niat mao kasih nilai nya kamis kelupaan soalnya mao test sehari ada kendala apa gak bagus laptopnya terimakasih,fungsi baik kondisi barang bagus permukaan mulus barang sudah sampai dari hari rabu niat mao kasih nilai nya kamis kelupaan soalnya mao test sehari ada kendala apa gak bagus laptopnya terimakasih,31,positive,0.75
djaranhy,"Fitur Terbaik:terbaik
Sepadan dengan Harga:sepadan

Thankss shoppe barang udh sampai dgn aman, barang bagus senang banget walaupun awalnya degdegan Krn Bru pertama x 
Untuk toko thanks yah",5,0,1714715486,fitur terbaik terbaik sepadan dengan harga sepadan thankss shoppe barang udh sampai dgn aman barang bagus senang banget walaupun awalnya degdegan krn bru pertama x untuk toko thanks yah,fitur terbaik terbaik sepadan dengan harga sepadan thankss shoppe barang udh sampai dgn aman barang bagus senang banget walaupun awalnya degdegan krn bru pertama x untuk toko thanks yah,29,positive,0.75
kuntet04,"Kondisi Barang:bintang yang menilai

Tidak direspon saat ada komplain, niatnya gapengen komplen dikomentar, tapi pas komplain pribadi tidak ada tanggapan",1,1,1735438492,kondisi barang bintang yang menilai tidak direspon saat ada komplain niatnya gapengen komplen dikomentar tapi pas komplain pribadi tidak ada tanggapan,kondisi barang bintang yang menilai tidak direspon saat ada komplain niatnya gapengen komplen dikomentar tapi pas komplain pribadi tidak ada tanggapan,21,negative,0.75
martakahaassan,"Terima kasih pesanan sudah kami terima dan kemasan rapih setelah di buka laptopnya berfungsi dgn baik,terima kasih untuk kurir yg ramah dan baik.semoga toko ini lancar reseki nya",5,0,1726574275,terima kasih pesanan sudah kami terima dan kemasan rapih setelah di buka laptopnya berfungsi dgn baik terima kasih untuk kurir yg ramah dan baik semoga toko ini lancar reseki nya,terima kasih pesanan sudah kami terima dan kemasan rapih setelah di buka laptopnya berfungsi dgn baik terima kasih untuk kurir yg ramah dan baik semoga toko ini lancar reseki nya,30,neutral,0.55
srisri118,"Fitur Terbaik:cukup baik
Sepadan dengan Harga:lumayan

Alhamdulillah barang sampe dengan baik. Baranyanya cepet sampenya cuma 3 hari. Reseller nya ramah bnget lope² lahh",5,0,1710057609,fitur terbaik cukup baik sepadan dengan harga lumayan alhamdulillah barang sampe dengan baik baranyanya cepet sampenya cuma 3 hari reseller nya ramah bnget lope lahh,fitur terbaik cukup baik sepadan dengan harga lumayan alhamdulillah barang sampe dengan baik baranyanya cepet sampenya cuma 3 hari reseller nya ramah bnget lope lahh,25,neutral,0.55
jdrkhgv_qj,"Sepadan dengan Harga:sepadan, kirain dpaat notebook ternyata laptop Alhamdulillah
Fitur Terbaik:bagus tampilannya oke, insya Allah semoga awet dan tahan lama pemakaiannya",4,0,1699346933,sepadan dengan harga sepadan kirain dpaat notebook ternyata laptop alhamdulillah fitur terbaik bagus tampilannya oke insya allah semoga awet dan tahan lama pemakaiannya,sepadan dengan harga sepadan kirain dpaat notebook ternyata laptop alhamdulillah fitur terbaik bagus tampilannya oke insya allah semoga awet dan tahan lama pemakaiannya,23,neutral,0.55
bundatriof,"Fitur Terbaik:produk bagus
Sepadan dengan Harga:sepadan

Produk sampai dengan baik dan berfungsi,kurir ramah,anak saya senang sekali terima kasih seller",5,0,1721305362,fitur terbaik produk bagus sepadan dengan harga sepadan produk sampai dengan baik dan berfungsi kurir ramah anak saya senang sekali terima kasih seller,fitur terbaik produk bagus sepadan dengan harga sepadan produk sampai dengan baik dan berfungsi kurir ramah anak saya senang sekali terima kasih seller,23,positive,0.75
p*****9,"Fitur Terbaik:maaf saya beri 3 bintang

Suara kecil minta thosiba yang dikirim thinkpad
Ada bintik putih di layar baterei cepat habis",3,0,1711205636,fitur terbaik maaf saya beri 3 bintang suara kecil minta thosiba yang dikirim thinkpad ada bintik putih di layar baterei cepat habis,fitur terbaik maaf saya beri 3 bintang suara kecil minta thosiba yang dikirim thinkpad ada bintik putih di layar baterei cepat habis,22,positive,0.75
wfms8efbz2,Paket sudah nyampe tadi siang alhamdulillah semuanya bagus dan berfungsi dengan baik sesuai pesanan ❤ semoga awet,5,0,1716035828,paket sudah nyampe tadi siang alhamdulillah semuanya bagus dan berfungsi dengan baik sesuai pesanan semoga awet,paket sudah nyampe tadi siang alhamdulillah semuanya bagus dan berfungsi dengan baik sesuai pesanan semoga awet,16,positive,0.75
0toxlpsoxp,Sepadan dengan Harga:terima kasih.....barang sangat bagus dan sesuai harapan sya...sekali lagi terima kasih.....,5,0,1705297840,sepadan dengan harga terima kasih barang sangat bagus dan sesuai harapan sya sekali lagi terima kasih,sepadan dengan harga terima kasih barang sangat bagus dan sesuai harapan sya sekali lagi terima kasih,16,positive,0.75
fazeelarizky,"Fungsi:baik
Kondisi Barang:bagus
Permukaan:mulus

Keren banget semoga awet laptopnya.. cepet bgt nyampenya",5,0,1716633761,fungsi baik kondisi barang bagus permukaan mulus keren banget semoga awet laptopnya cepet bgt nyampenya,fungsi baik kondisi barang bagus permukaan mulus keren banget semoga awet laptopnya cepet bgt nyampenya,15,positive,0.75
ekapuputriani89,"Sepadan dengan Harga:puas

Barang nya bagus, aku dapat windows 7 tapi okelah dengan harga segitu",5,0,1712248930,sepadan dengan harga puas barang nya bagus aku dapat windows 7 tapi okelah dengan harga segitu,sepadan dengan harga puas barang nya bagus aku dapat windows 7 tapi okelah dengan harga segitu,16,positive,0.75
asrulpratama463,"Fungsi:TDk bisaaa dipakai
Desain:kurang bagus
Kondisi Barang:rusak",2,0,1734006034,fungsi tdk bisaaa dipakai desain kurang bagus kondisi barang rusak,fungsi tdk bisaaa dipakai desain kurang bagus kondisi barang rusak,10,negative,0.75
totokferianto,"Fungsi:bagus
Kondisi Barang:baik
Desain:bagus

Alhamdulillah amanah,pengiriman cepat",5,0,1724483551,fungsi bagus kondisi barang baik desain bagus alhamdulillah amanah pengiriman cepat,fungsi bagus kondisi barang baik desain bagus alhamdulillah amanah pengiriman cepat,11,positive,0.75
sriragyasenadinidatra,"Fungsi:ok
Kondisi Barang:ok
Desain:ok

Ok,terimakasih barang bangsu berpungsi semua",5,0,1716889704,fungsi ok kondisi barang ok desain ok ok terimakasih barang bangsu berpungsi semua,fungsi ok kondisi barang ok desain ok ok terimakasih barang bangsu berpungsi semua,13,neutral,0.55
malatea306,"Sepadan dengan Harga:sesuai

Merk bagus dan semua msh oke
Terimakasih",5,0,1681112889,sepadan dengan harga sesuai merk bagus dan semua msh oke terimakasih,sepadan dengan harga sesuai merk bagus dan semua msh oke terimakasih,11,positive,0.75
o*****2,,5,0,1757572245,,,1,neutral,0.55
angrapher,,5,0,1758967057,,,1,neutral,0.55
h*****0,,5,0,1751175049,,,1,neutral,0.55
val6kc4qxp,,5,0,1749728536,,,1,neutral,0.55
santi_dewi98,"Fungsi:susuai harapanbagusss

Barang normal",5,0,1748648093,fungsi susuai harapanbagusss barang normal,fungsi susuai harapanbagusss barang normal,5,neutral,0.55
idamufida077,,4,0,1745458785,,,1,neutral,0.55
narasikaum,,5,0,1745211061,,,1,neutral,0.55
tobingstyawan,,5,0,1749138943,,,1,neutral,0.55
n5ihx8_lun,,5,0,1736866493,,,1,neutral,0.55
c*****6,Kurang dari 1bulan barang udah error' sistem nya,1,2,1697601859,kurang dari 1bulan barang udah error sistem nya,kurang dari 1bulan barang udah error sistem nya,8,negative,0.75
fwrk_r671lcrz6owil8upq_c20cg,Lumayan bagus Dgn hrg segitu,5,0,1694413616,lumayan bagus dgn hrg segitu,lumayan bagus dgn hrg segitu,5,positive,0.75
metihardianty,"Mantul sihh 
.semoga Bagus dan Awett 😍😍",5,0,1699441914,mantul sihh semoga bagus dan awett,mantul sihh semoga bagus dan awett,6,positive,0.75
ekoadinugroho99,,3,0,1705736094,,,1,neutral,0.55
andi_berkah84,Fitur Terbaik:mantap pengiriman cepat barang ok,4,0,1699403176,fitur terbaik mantap pengiriman cepat barang ok,fitur terbaik mantap pengiriman cepat barang ok,7,positive,0.75
ahmadazaenalabidin,Batrei drop parah .tidak sesuai deskripsi..,2,0,1713405686,batrei drop parah tidak sesuai deskripsi,batrei drop parah tidak sesuai deskripsi,6,neutral,0.55
dhealovedhe,Tombolnya nyala tp GK idup gmn ini,3,0,1699830535,tombolnya nyala tp gk idup gmn ini,tombolnya nyala tp gk idup gmn ini,7,neutral,0.55
desiharmosen,,5,0,1715844519,,,1,neutral,0.55
rely20005,,5,0,1717497352,,,1,neutral,0.55
rettylangilangi,,5,0,1714707452,,,1,neutral,0.55
samsamlajaling,,4,0,1717490526,,,1,neutral,0.55
rival_elecktone,,5,0,1736172867,,,1,neutral,0.55
nanang_maryana1998,,5,0,1735198215,,,1,neutral,0.55
alvinoranda096,,5,0,1738924045,,,1,neutral,0.55
7*****o,,4,0,1738067037,,,1,neutral,0.55
syafiisyafii382,,3,0,1735822896,,,1,neutral,0.55
aichieyekyusso,,5,0,1725028045,,,1,neutral,0.55
maalina98,,5,0,1728976767,,,1,neutral,0.55
2017ahmad_rifai.,,5,0,1718185639,,,1,neutral,0.55
nova.aji.setiyawan,,5,0,1735370038,,,1,neutral,0.55
syahdu27,,5,0,1726417399,,,1,neutral,0.55
vanky_hs86,,5,0,1717924383,,,1,neutral,0.55
dewiwidia478,,5,0,1725840431,,,1,neutral,0.55
darwati170717,,5,0,1713790792,,,1,neutral,0.55
zaenpandancellular,,5,0,1719641877,,,1,neutral,0.55
ucuchleo,,4,0,1717628323,,,1,neutral,0.55
panji_lelana150013,,4,0,1731324423,,,1,neutral,0.55
andik_mantap_banget,,5,0,1716025808,,,1,neutral,0.55
izal.rahman,,5,0,1714744064,,,1,neutral,0.55
m*****h,,5,0,1728965217,,,1,neutral,0.55
yantiogara15,,5,0,1737431796,,,1,neutral,0.55
etilusita,,3,0,1722065437,,,1,neutral,0.55
aldheimanz,,5,0,1740275392,,,1,neutral,0.55
jokosur885,,5,0,1739011559,,,1,neutral,0.55
oyong_ilham,,5,0,1718698766,,,1,neutral,0.55
oyong_ilham,,5,0,1718698819,,,1,neutral,0.55
anitakengon,,5,0,1717571038,,,1,neutral,0.55
roedhyansyah,,5,0,1718054857,,,1,neutral,0.55
abunaim052,,4,0,1719403480,,,1,neutral,0.55
wayangkudur,,5,0,1721290891,,,1,neutral,0.55
vp7wovxeid,,5,0,1724574421,,,1,neutral,0.55
larasvalen,,5,0,1729245902,,,1,neutral,0.55
suker8186,,5,0,1720015144,,,1,neutral,0.55
okygabriel,,3,0,1718270032,,,1,neutral,0.55
aw95537,,5,0,1731333094,,,1,neutral,0.55
tritirta37,,5,0,1738204283,,,1,neutral,0.55
b*****v,,4,0,1713324096,,,1,neutral,0.55
wardiward453,,4,1,1729573143,,,1,neutral,0.55
nurellqomariyah,,5,0,1726805084,,,1,neutral,0.55
arfianherdiansyah,,4,0,1720530171,,,1,neutral,0.55
diianarahayu,,5,0,1720157904,,,1,neutral,0.55
yudarizki1101,,4,0,1732539384,,,1,neutral,0.55
f*****i,,5,0,1724286150,,,1,neutral,0.55
ramlanchaniago,,5,0,1736945772,,,1,neutral,0.55
rezavai03,,5,0,1724735291,,,1,neutral,0.55
tukang1m,,5,0,1715986017,,,1,neutral,0.55
hamrani_76,,5,0,1727250989,,,1,neutral,0.55
hestiutami_23,,5,0,1733629545,,,1,neutral,0.55
jawirsound,,5,0,1719288307,,,1,neutral,0.55
r*****a,,4,0,1716350345,,,1,neutral,0.55
ms.plankton_,,5,0,1717425295,,,1,neutral,0.55
4is8gz4klp,,5,0,1720337877,,,1,neutral,0.55
a*****a,,5,0,1720438746,,,1,neutral,0.55
lilisuryani1980,,5,0,1721633014,,,1,neutral,0.55
fika_rajat,,5,0,1721551294,,,1,neutral,0.55
me0b9hg5m3,,5,0,1724302947,,,1,neutral,0.55
y3zar4q927,,5,0,1724605397,,,1,neutral,0.55
irwandi2163,,5,0,1724954980,,,1,neutral,0.55
azam_el_fairuz,,5,0,1725278408,,,1,neutral,0.55
sheilaslon,,5,0,1725675814,,,1,neutral,0.55
iwanrahmanrahmaniwan,,5,0,1727082890,,,1,neutral,0.55
hadyecklana,,5,0,1736224021,,,1,neutral,0.55
7bnq0gmpar,,5,0,1720071606,,,1,neutral,0.55
zaenalstudio,,5,0,1719975207,,,1,neutral,0.55
mohtambagau,,5,0,1722195866,,,1,neutral,0.55
deniharyanto817,,5,0,1722521510,,,1,neutral,0.55
yhauvan,,5,0,1723708033,,,1,neutral,0.55
putrazaki758,,5,0,1724665184,,,1,neutral,0.55
puputandriani961,,5,0,1724819274,,,1,neutral,0.55
adiilham025,,5,0,1724683313,,,1,neutral,0.55
h0_6vu0hto,,5,0,1724995969,,,1,neutral,0.55
ronibno306,,5,0,1725147134,,,1,neutral,0.55
milikindira786,,5,0,1736937986,,,1,neutral,0.55
syh0ynrnxo,,5,0,1736873840,,,1,neutral,0.55
tusnopga,,5,0,1739277509,,,1,neutral,0.55
kickyk,,5,0,1728647960,,,1,neutral,0.55
dolimin273,,5,0,1729469750,,,1,neutral,0.55
rozikinrozikin947,,5,0,1713284228,,,1,neutral,0.55
rozikinrozikin947,,5,0,1713705777,,,1,neutral,0.55
aji_parfum12,,5,0,1714063151,,,1,neutral,0.55
alfinlia01,,5,0,1714177776,,,1,neutral,0.55
yahyayahyah412,,5,0,1717056596,,,1,neutral,0.55
jusmaneducation,,5,0,1718413093,,,1,neutral,0.55
abuyuci,,5,0,1718911193,,,1,neutral,0.55
siskaharun964,,5,0,1733974643,,,1,neutral,0.55
d6tlfpaykk,,5,0,1733803876,,,1,neutral,0.55
aliabubakar336,,5,0,1734444899,,,1,neutral,0.55
simoninikolia,,5,0,1733196644,,,1,neutral,0.55
willyanto_wilsant,,5,0,1731391122,,,1,neutral,0.55
richi.khairanza,,5,0,1732006829,,,1,neutral,0.55
meiaming270,,5,0,1733273887,,,1,neutral,0.55
rafagibran26,,5,0,1734087193,,,1,neutral,0.55
muhamadyusuf1996,,5,0,1733918222,,,1,neutral,0.55
rusvilla,,5,0,1734705051,,,1,neutral,0.55
on16vq4w4f,,5,0,1734937275,,,1,neutral,0.55
wr3gncrw5l,,5,0,1735117599,,,1,neutral,0.55
widiaanjani041,,5,0,1735332087,,,1,neutral,0.55
j50asm_nzt,,5,0,1729347356,,,1,neutral,0.55
serafinanaibesi,,5,0,1729346514,,,1,neutral,0.55
stefin05,,5,0,1729310924,,,1,neutral,0.55
vo9a4wjrn2,,5,0,1729755587,,,1,neutral,0.55
dimasakbarfrslo,,5,0,1725848054,,,1,neutral,0.55
yuswaidi,,5,0,1725952357,,,1,neutral,0.55
rickyparewa,,5,0,1726626709,,,1,neutral,0.55
t9qyr6wrc5,,5,0,1726883551,,,1,neutral,0.55
89tmy0f9z9,,5,0,1726917682,,,1,neutral,0.55
jeksonabanat367,,5,0,1727439661,,,1,neutral,0.55
7ab6sre7834,,5,0,1713141203,,,1,neutral,0.55
sugiman755,,5,0,1713794512,,,1,neutral,0.55
4tzryv2ux5,,5,0,1714874861,,,1,neutral,0.55
,,5,0,1716628712,,,1,neutral,0.55
c_pr0__0z_,,5,0,1717215469,,,1,neutral,0.55
adesmtr,,5,0,1717586741,,,1,neutral,0.55
gqdlgez5r5,,5,0,1717829962,,,1,neutral,0.55
syuhadaalfansuri380,,5,0,1732769948,,,1,neutral,0.55
srimingg,,5,0,1740095059,,,1,neutral,0.55
knuqolxbf0,,5,0,1736249178,,,1,neutral,0.55
sriwahtuti234,,5,0,1737766305,,,1,neutral,0.55
dedhysahirman,,5,0,1737780186,,,1,neutral,0.55
satriy78,,5,0,1739755823,,,1,neutral,0.55
paulgambleng,,4,0,1738456724,,,1,neutral,0.55
w_xeuyqukq,,4,0,1721630458,,,1,neutral,0.55
jezzikaputri,,4,0,1720830640,,,1,neutral,0.55
mardiahmjg,,4,0,1722500201,,,1,neutral,0.55
arisyahputra69,,4,0,1724623216,,,1,neutral,0.55
resna021,,4,0,1725683437,,,1,neutral,0.55
p7b5n1h82e,,4,0,1736847961,,,1,neutral,0.55
lyayayakk,,4,0,1737064274,,,1,neutral,0.55
putraragilproperty,,4,0,1720421749,,,1,neutral,0.55
m.tegar.saputra.01,,4,0,1721615966,,,1,neutral,0.55
tugiyantongadijo,,4,0,1723002145,,,1,neutral,0.55
2vh5dhrtq4,,4,0,1725007771,,,1,neutral,0.55
aj7svr8ekn,,4,0,1725524527,,,1,neutral,0.55
nurjamanucuy,,4,0,1729083349,,,1,neutral,0.55
dewicf31,,4,0,1728138317,,,1,neutral,0.55
kartinamensayu,,4,0,1729997968,,,1,neutral,0.55
rofiqi_mohammad11,,4,0,1712895813,,,1,neutral,0.55
irkhamrustam,,4,0,1715597321,,,1,neutral,0.55
anjarsaripurwantika,,4,0,1715149159,,,1,neutral,0.55
istianahnur,,4,0,1717295319,,,1,neutral,0.55
mochigreentea,,4,0,1717969722,,,1,neutral,0.55
dede.sofiah25,,4,0,1731844310,,,1,neutral,0.55
oppoa57seken,,4,0,1728635476,,,1,neutral,0.55
aliciaegita,,4,0,1726055620,,,1,neutral,0.55
maikeltl069,,4,0,1727795591,,,1,neutral,0.55
8rk88wd4ns,,4,0,1727599007,,,1,neutral,0.55
nugi1313,,4,0,1728283963,,,1,neutral,0.55
sitiaisahululazmi09,,4,0,1740270918,,,1,neutral,0.55
rudirman74,,3,0,1724332706,,,1,neutral,0.55
deralderal123,,3,0,1737208967,,,1,neutral,0.55
tri_aji2705,,3,0,1723899407,,,1,neutral,0.55
adithebpys,,3,0,1724562113,,,1,neutral,0.55
selfianafnekan,,3,0,1728985841,,,1,neutral,0.55
znme8my8es,,3,0,1726015019,,,1,neutral,0.55
87ylcy3dg7,,3,0,1714171572,,,1,neutral,0.55
allek201,,3,0,1732107846,,,1,neutral,0.55
hendi123321aa,,3,0,1732983149,,,1,neutral,0.55
159at58lc2,,3,0,1735094338,,,1,neutral,0.55
rwalet,,3,0,1729487829,,,1,neutral,0.55
s_sabinajessica30,,3,0,1727180598,,,1,neutral,0.55
prihatinisaid,,3,0,1726652127,,,1,neutral,0.55
ltcglodok87,,3,0,1719272429,,,1,neutral,0.55
sanny574,,3,0,1715147414,,,1,neutral,0.55
novariuskore,,3,0,1717537492,,,1,neutral,0.55
wos_pqzwjl,,3,0,1730872482,,,1,neutral,0.55
568hrlnzdd,,2,0,1727917656,,,1,neutral,0.55
onesius168,,2,0,1731219847,,,1,neutral,0.55
keyy140808,,2,0,1735611792,,,1,neutral,0.55
nugrah361,,2,0,1728549630,,,1,neutral,0.55
stl54l70xh,,1,0,1725730400,,,1,neutral,0.55
lehalehas.pd,,1,0,1720057912,,,1,neutral,0.55
aanriadinnur,,1,0,1713798346,,,1,neutral,0.55
khaidir854,,1,0,1740298340,,,1,neutral,0.55
m*****y,,5,0,1712232035,,,1,neutral,0.55
anas36,,5,0,1712340472,,,1,neutral,0.55
andredc1991,,2,0,1722920898,,,1,neutral,0.55
eoka2018,,3,0,1712363796,,,1,neutral,0.55
echofaisalpermana,,5,0,1712055119,,,1,neutral,0.55
mahfudohpartii,,5,0,1711633666,,,1,neutral,0.55
junamanik576,,5,0,1738654293,,,1,neutral,0.55
i*****9,,1,0,1711723900,,,1,neutral,0.55
_julianna30,,5,0,1711538965,,,1,neutral,0.55
agusbudiarto1205,,3,0,1711467746,,,1,neutral,0.55
nona_nawa,,5,0,1711356325,,,1,neutral,0.55
bundazam12,,4,0,1711361661,,,1,neutral,0.55
fitriirivi,,5,0,1710993344,,,1,neutral,0.55
marthinherlansya,,5,0,1710851001,,,1,neutral,0.55
ajibabuahmad,,5,0,1710455760,,,1,neutral,0.55
reyp9dw7sp,,4,0,1710332988,,,1,neutral,0.55
gallery_ms.vee,,5,0,1709742996,,,1,neutral,0.55
mince1977,,5,0,1709971268,,,1,neutral,0.55
ndh.cici,,5,0,1709827038,,,1,neutral,0.55
henrikaedinnasiregar,,5,0,1709605539,,,1,neutral,0.55
hana05x,,5,0,1709569573,,,1,neutral,0.55
bakwankejuxxx,,5,0,1708945097,,,1,neutral,0.55
komangdalem14,,5,0,1708515706,,,1,neutral,0.55
anggunputriana905,,2,0,1738055637,,,1,neutral,0.55
jualbeli328,,2,0,1708413875,,,1,neutral,0.55
juragaanmuda,,5,0,1708214481,,,1,neutral,0.55
umiparhati,,5,0,1707521076,,,1,neutral,0.55
rfpzinxg8m,,5,0,1707890375,,,1,neutral,0.55
desysilvianirahayu,,4,0,1707904196,,,1,neutral,0.55
u15nk4_mzk,,5,0,1707544839,,,1,neutral,0.55
ainurrofiq140,,4,0,1707450450,,,1,neutral,0.55
s*****d,,1,0,1707197969,,,1,neutral,0.55
robbyawaludin545,,5,0,1706778139,,,1,neutral,0.55
qimxf8g77h,,3,1,1706879008,,,1,neutral,0.55
thontet,,4,0,1706847928,,,1,neutral,0.55
super_glossy,,5,0,1706700594,,,1,neutral,0.55
nadiiaalia,,5,0,1706699663,,,1,neutral,0.55
melindathen2905,,5,0,1706258700,,,1,neutral,0.55
reyp9dw7sp,,5,0,1706666824,,,1,neutral,0.55
risnacomellah,,5,0,1706596570,,,1,neutral,0.55
surotoacexpres,,5,0,1706674531,,,1,neutral,0.55
ika170783,,5,0,1706449871,,,1,neutral,0.55
nanang010389,,4,0,1705708804,,,1,neutral,0.55
junedyedy80,,5,0,1706103104,,,1,neutral,0.55
bagustumulyo,,5,0,1705848012,,,1,neutral,0.55
febri_helmi,,5,0,1705229498,,,1,neutral,0.55
aljannahshop_87,,5,0,1705377137,,,1,neutral,0.55
dickylholha,,5,0,1704749934,,,1,neutral,0.55
n8r9yi7alk,,5,0,1704689922,,,1,neutral,0.55
abdulqodirkaelani,,5,0,1705013679,,,1,neutral,0.55
n8zjh9foml,,5,0,1704960772,,,1,neutral,0.55
tantitiarasari,,5,0,1704612154,,,1,neutral,0.55
sulkhaniswandi,,5,0,1704876184,,,1,neutral,0.55
noer_salim,,4,0,1704122905,,,1,neutral,0.55
syekhiri,,3,0,1704504963,,,1,neutral,0.55
85m9zv0j9f,,5,0,1704290531,,,1,neutral,0.55
saragi123e,,3,0,1703987757,,,1,neutral,0.55
mm09bja0so,,5,0,1703675559,,,1,neutral,0.55
hariyanto2706,,5,0,1703046105,,,1,neutral,0.55
hasan45614,,5,0,1703566918,,,1,neutral,0.55
hirai1,,3,0,1706666941,,,1,neutral,0.55
alstore1212,,4,0,1703082942,,,1,neutral,0.55
entollukyl,,5,0,1702982989,,,1,neutral,0.55
suwardoyodoyo,,5,0,1702800372,,,1,neutral,0.55
alkafdinda,,5,0,1701075162,,,1,neutral,0.55
nenglasari12,,3,0,1702645359,,,1,neutral,0.55
anawati258,,5,0,1702517110,,,1,neutral,0.55
fredychannel,,5,0,1702162568,,,1,neutral,0.55
f*****a,,2,0,1723388799,,,1,neutral,0.55
hermaneff28,,4,1,1702370942,,,1,neutral,0.55
mnandankjaelani,,3,0,1700629251,,,1,neutral,0.55
f*****6,,5,0,1696785346,,,1,neutral,0.55
ramadanidamanik037,,2,0,1700355301,,,1,neutral,0.55
elamsinuratelam,,4,0,1699907862,,,1,neutral,0.55
ramadanidamanik037,,4,0,1699773743,,,1,neutral,0.55
a*****j,,5,0,1698617100,,,1,neutral,0.55
aco082187811284,,5,0,1698801656,,,1,neutral,0.55
g*****y,,5,0,1686745541,,,1,neutral,0.55
19.10.80.11,,5,0,1676036715,,,1,neutral,0.55
olahaolah2,,5,0,1676196767,,,1,neutral,0.55
nabillahkompeksi,,5,0,1667534030,,,1,neutral,0.55
omzai4664,,5,0,1674272205,,,1,neutral,0.55
sumberagenstore,,5,0,1633483378,,,1,neutral,0.55
siska4699,,5,0,1666522899,,,1,neutral,0.55
rohadialwi,,5,0,1672646327,,,1,neutral,0.55
ehha04,,5,0,1675856701,,,1,neutral,0.55
y*****a,,5,0,1655634034,,,1,neutral,0.55
agusdh2016,,5,0,1667040384,,,1,neutral,0.55
putrabm1,,5,0,1677567931,,,1,neutral,0.55
malhazhizhu982,,5,0,1698323653,,,1,neutral,0.55
gea.29,,5,0,1694342033,,,1,neutral,0.55
roki12345,,4,0,1665029655,,,1,neutral,0.55
tjioktang,,5,0,1675260399,,,1,neutral,0.55
ikaristy22,,4,1,1555914414,,,1,neutral,0.55
d*****0,,5,0,1697970917,,,1,neutral,0.55
yudairawan124,,5,0,1698032390,,,1,neutral,0.55
toko_rugyo,,5,0,1684722013,,,1,neutral,0.55
abdhalim1412,,3,0,1698155132,,,1,neutral,0.55
panji240,,5,1,1674087248,,,1,neutral,0.55
yusa_tuni,,2,0,1689237415,,,1,neutral,0.55
hastasudra,,5,1,1680433262,,,1,neutral,0.55
sahra96,,5,0,1697097117,,,1,neutral,0.55
ekolaksono01,,5,0,1694078416,,,1,neutral,0.55
rosemn_,,5,0,1654428311,,,1,neutral,0.55
dokw17z7n8,,5,0,1696291967,,,1,neutral,0.55
supriadisiri,,5,0,1697431785,,,1,neutral,0.55
arwi2704,,5,0,1678000553,,,1,neutral,0.55
gusmangun,,5,0,1676534146,,,1,neutral,0.55
yudawae1557,,4,0,1688213317,,,1,neutral,0.55
ika_07wati,,5,0,1689938173,,,1,neutral,0.55
saga.official.store,,4,0,1633592320,,,1,neutral,0.55
undanganpesta,,5,0,1654838565,,,1,neutral,0.55
parningotan11.,,5,0,1671685718,,,1,neutral,0.55
dedensupratman,,5,0,1686102128,,,1,neutral,0.55
ahmadefendy1707,,3,0,1670942996,,,1,neutral,0.55
budik_juves,,5,0,1692421889,,,1,neutral,0.55
yeniahdiani20,,5,0,1693112549,,,1,neutral,0.55
harapanbaruacc,,5,0,1684036031,,,1,neutral,0.55
asep241265,,5,0,1694781878,,,1,neutral,0.55
t*****6,,5,0,1677919911,,,1,neutral,0.55
rumaholshopcikarang,,5,0,1680004818,,,1,neutral,0.55
ahmadsayyadi,,4,0,1676599721,,,1,neutral,0.55
sabenih01,,4,0,1684069301,,,1,neutral,0.55
p*****e,,5,0,1681105998,,,1,neutral,0.55
dessyfadandelea,,4,0,1564568096,,,1,neutral,0.55
dedensuhendar88,,5,0,1696159248,,,1,neutral,0.55
handimuhsan,,5,0,1665212328,,,1,neutral,0.55
handimuhsan,,5,0,1672997986,,,1,neutral,0.55
polos.store88,,5,0,1676177768,,,1,neutral,0.55
barche17,,5,0,1688323349,,,1,neutral,0.55
imamriyanto342,,5,0,1695431968,,,1,neutral,0.55
,,5,0,1667880656,,,1,neutral,0.55
lanues,,5,0,1683675946,,,1,neutral,0.55
febriwfa,,5,0,1687590153,,,1,neutral,0.55
arifnathan.23,,4,0,1673413535,,,1,neutral,0.55
dheyfha,,5,0,1659605694,,,1,neutral,0.55
ridhoibnu47,,3,0,1694397157,,,1,neutral,0.55
kangagoes,,5,0,1655035120,,,1,neutral,0.55
johan2972,,5,0,1690006252,,,1,neutral,0.55
mulidalida960,,5,0,1687170544,,,1,neutral,0.55
febryolahale,,5,0,1693752091,,,1,neutral,0.55
mohdhaerul,,5,0,1683461836,,,1,neutral,0.55
pakbud19,,5,0,1682921953,,,1,neutral,0.55
haidar7,,5,0,1677499016,,,1,neutral,0.55
01k_uihnaa,,5,0,1671070830,,,1,neutral,0.55
21t81upzvg,,1,0,1695065184,,,1,neutral,0.55
yasinmar,,5,0,1677722177,,,1,neutral,0.55
rimbunstg,,3,0,1661726315,,,1,neutral,0.55
ahmadsyafeih02,,3,0,1670759987,,,1,neutral,0.55
wiyanto.123,,3,0,1657094470,,,1,neutral,0.55
ncancnc,,5,0,1660997227,,,1,neutral,0.55
7g0z96jhzx,,5,0,1662777967,,,1,neutral,0.55
haav__5ggz,,5,0,1684971608,,,1,neutral,0.55
nandaberman,,5,0,1675493413,,,1,neutral,0.55
m.ranisaputra,,5,0,1676806894,,,1,neutral,0.55
keysha_elina07,,5,0,1692008950,,,1,neutral,0.55
xsu55v46h4,,5,0,1691909526,,,1,neutral,0.55
hariyadi34,,5,0,1661919624,,,1,neutral,0.55
dikipn09,,5,0,1691734257,,,1,neutral,0.55
merlyne_hijab,,5,0,1691744819,,,1,neutral,0.55
alfiealfarizki31,,3,0,1666946084,,,1,neutral,0.55
sejaticell33544,,5,0,1678259094,,,1,neutral,0.55
,,5,0,1677485735,,,1,neutral,0.55
857bfnpi6r,,4,0,1692358830,,,1,neutral,0.55
_hans_555,,5,0,1691278811,,,1,neutral,0.55
r*****k,,5,0,1666161496,,,1,neutral,0.55
enengintanwulandari,,5,0,1691068336,,,1,neutral,0.55
lalamcsela,,5,0,1690971035,,,1,neutral,0.55
,,5,0,1690951790,,,1,neutral,0.55
virgyawan1986,,5,0,1686778297,,,1,neutral,0.55
abdmaki,,4,0,1675321756,,,1,neutral,0.55
edy450.,,5,0,1689759746,,,1,neutral,0.55
niakurniawati236,,5,0,1689412698,,,1,neutral,0.55
masbolang814,,5,0,1689073122,,,1,neutral,0.55
s*****i,,5,0,1686887957,,,1,neutral,0.55
dahliaagnihuliyani,,5,0,1688479284,,,1,neutral,0.55
mjautopart57,,5,0,1684685520,,,1,neutral,0.55
sugengparanto66,,5,0,1684205843,,,1,neutral,0.55
indrayudani012,,5,0,1682007373,,,1,neutral,0.55
rigo.,,5,0,1681616071,,,1,neutral,0.55
okebangeetshop,,5,0,1676101904,,,1,neutral,0.55
g*****6,,5,0,1676436331,,,1,neutral,0.55
lofanfauzi07,,5,0,1679012832,,,1,neutral,0.55
114conoukp,,5,0,1680780316,,,1,neutral,0.55
bfo_608brq,,5,0,1679374227,,,1,neutral,0.55
wijayantowahyu,,5,0,1679557142,,,1,neutral,0.55
b833r2v3ob,,5,0,1672405647,,,1,neutral,0.55
muhajirapriansyah56,,5,0,1659745291,,,1,neutral,0.55
andi_mulyagan,,5,0,1669030293,,,1,neutral,0.55
ratono73,,5,0,1665496143,,,1,neutral,0.55
wawansururi,,5,0,1679805636,,,1,neutral,0.55
sbudiono69,,5,0,1676395139,,,1,neutral,0.55
z*****6,,5,0,1672815305,,,1,neutral,0.55
didinpirlo,,5,0,1658663177,,,1,neutral,0.55
rokiahmanurung,,5,0,1674626883,,,1,neutral,0.55
saepuloh_5,,5,0,1667784987,,,1,neutral,0.55
hadiputrara,,5,0,1675359213,,,1,neutral,0.55
ow69ulj0_d,,5,0,1681227754,,,1,neutral,0.55
dhafin_barnik20,,5,0,1674814759,,,1,neutral,0.55
antok2104,,5,0,1656761490,,,1,neutral,0.55
bagassaja198,,5,0,1677905322,,,1,neutral,0.55
g*****3,,5,0,1657448756,,,1,neutral,0.55
banrgtotd,,5,0,1679829716,,,1,neutral,0.55
hilya_shopp.2808,,5,0,1667005563,,,1,neutral,0.55
nurmaswahyu,,5,0,1678240512,,,1,neutral,0.55
yapros,,5,0,1673263185,,,1,neutral,0.55
cilayur,,4,0,1673275159,,,1,neutral,0.55
taniainfinix,,4,0,1682901894,,,1,neutral,0.55
adekristianto80,,4,0,1679738127,,,1,neutral,0.55
,,4,0,1675332355,,,1,neutral,0.55
kokoarnopicen,,3,0,1690095915,,,1,neutral,0.55
alexanderantonio,,3,0,1685144371,,,1,neutral,0.55
abdulmanaf976,,3,0,1679646486,,,1,neutral,0.55
supyan560,,3,0,1668417928,,,1,neutral,0.55
rezkijulita,,1,0,1691030581,,,1,neutral,0.55
nazwaraffa79,,5,0,1748045767,,,1,neutral,0.55
rezakastawan,,5,0,1751876652,,,1,neutral,0.55
reyzafaline,,5,0,1760338667,,,1,neutral,0.55
rosi8307,,4,0,1761808883,,,1,neutral,0.55
aanbelantara,,5,0,1747432367,,,1,neutral,0.55
daniarhardiyanty,,5,0,1748607153,,,1,neutral,0.55
yogapnk,,5,0,1741610125,,,1,neutral,0.55
ternakberkah,,5,0,1744958534,,,1,neutral,0.55
dimas_cillik123,,5,0,1751254866,,,1,neutral,0.55
asraf.014,,5,0,1742001365,,,1,neutral,0.55
toto_toink,,5,0,1749989828,,,1,neutral,0.55
rhoky_benguludji,,5,0,1750079847,,,1,neutral,0.55
renn29,,5,0,1747118108,,,1,neutral,0.55
t3maf8ksp7,,5,0,1747317471,,,1,neutral,0.55
hyhx1wzizr,,5,0,1747798672,,,1,neutral,0.55
riswandiradindah,,5,0,1748072407,,,1,neutral,0.55
t9d7tpxw4e,,5,0,1748670408,,,1,neutral,0.55
4inyg8qfke,,5,0,1749476719,,,1,neutral,0.55
yvfi7yqq52,,5,0,1749514040,,,1,neutral,0.55
9pdagavg41,,5,0,1743165242,,,1,neutral,0.55
onrap64,,5,0,1743773382,,,1,neutral,0.55
irfan_agustiyan,,5,0,1741868284,,,1,neutral,0.55
n72t2l05e6,,5,0,1741693966,,,1,neutral,0.55
miqnug2zad,,5,0,1745372340,,,1,neutral,0.55
lengge21,,5,0,1746330639,,,1,neutral,0.55
79qjxmlipq,,5,0,1746420870,,,1,neutral,0.55
victoryponsel662,,5,0,1761709395,,,1,neutral,0.55
adhityasningprihandiyono451,,5,0,1761796571,,,1,neutral,0.55
m.july_ardiansyah,,5,0,1762252332,,,1,neutral,0.55
zackybaba,,5,0,1762406220,,,1,neutral,0.55
bismilahanjay,,5,0,1762513786,,,1,neutral,0.55
suhardisp,,5,0,1762676402,,,1,neutral,0.55
nzciuv1gje,,5,0,1762920374,,,1,neutral,0.55
ed13l18xw0,,5,0,1763052777,,,1,neutral,0.55
9vg3xgasbl,,5,0,1763106764,,,1,neutral,0.55
arfaasir,,5,0,1740921230,,,1,neutral,0.55
kamalkamaludinkrgpato,,5,0,1740801496,,,1,neutral,0.55
iml_kurnia92,,5,0,1751453227,,,1,neutral,0.55
cutegril19,,5,0,1752838694,,,1,neutral,0.55
damaskus_ganteng,,5,0,1753091456,,,1,neutral,0.55
nabilahsudirman,,5,0,1753092704,,,1,neutral,0.55
jayarahman2,,5,0,1754090359,,,1,neutral,0.55
ahmadd4rwin,,5,0,1756613533,,,1,neutral,0.55
ilhamnasrrudin,,5,0,1756717527,,,1,neutral,0.55
9g_tnh13_o,,5,0,1756015043,,,1,neutral,0.55
98ckzhiy01,,5,0,1757245923,,,1,neutral,0.55
rb4ksomqqd,,5,0,1757326972,,,1,neutral,0.55
nanasujana064,,5,0,1757577736,,,1,neutral,0.55
rijabakumpaibakumpai,,5,0,1757598783,,,1,neutral,0.55
kaumanirak,,5,0,1758527737,,,1,neutral,0.55
ami_aat,,5,0,1759022087,,,1,neutral,0.55
98ckzhiy01,,5,0,1757245923,,,1,neutral,0.55
rb4ksomqqd,,5,0,1757326972,,,1,neutral,0.55
rijabakumpaibakumpai,,5,0,1757598783,,,1,neutral,0.55
nanasujana064,,5,0,1757577736,,,1,neutral,0.55
wt2w3qa8o3,,5,0,1757675765,,,1,neutral,0.55
tunuttunut014,,5,0,1759539516,,,1,neutral,0.55
sahmul568,,5,0,1759550730,,,1,neutral,0.55
nyl9053zvd,,5,0,1759846585,,,1,neutral,0.55
idasuryanipakpahan,,4,0,1748763353,,,1,neutral,0.55
1txpng3u32,,4,0,1741795589,,,1,neutral,0.55
padli391,,4,0,1761703784,,,1,neutral,0.55
2aqi98lsqn,,4,0,1753426340,,,1,neutral,0.55
hartutywibowo,,4,0,1755599231,,,1,neutral,0.55
mhzn1tf837,,4,0,1755699657,,,1,neutral,0.55
yusliantikayusliantika,,4,0,1757943994,,,1,neutral,0.55
wahyudi_sa,,4,0,1757070491,,,1,neutral,0.55
sup12i,,4,0,1759106067,,,1,neutral,0.55
qs9cb2wtpq,,4,0,1759830469,,,1,neutral,0.55
bpwqwyvvi4,,4,0,1759624020,,,1,neutral,0.55
51t1_rmdn,,4,0,1760536453,,,1,neutral,0.55
astunj043,,3,0,1747797580,,,1,neutral,0.55
4rlj7tgxtm,,3,0,1743933341,,,1,neutral,0.55
u616gq29mz,,3,0,1744341958,,,1,neutral,0.55
lekalung,,3,0,1745406404,,,1,neutral,0.55
d*****8,,3,0,1753541267,,,1,neutral,0.55
muhamadkiki055,,3,0,1758197596,,,1,neutral,0.55
ed1lfu5itf,,1,0,1759107933,,,1,neutral,0.55
hardi23,,3,0,1749611757,,,1,neutral,0.55
aininnurfitriani_,,1,0,1757778134,,,1,neutral,0.55
dedytisnaamijaya,,5,0,1752228326,,,1,neutral,0.55
nadiadeva161,,4,0,1748077211,,,1,neutral,0.55
98ckzhiy01,,5,0,1757067308,,,1,neutral,0.55
68_7cw1e_t,,5,0,1753430251,,,1,neutral,0.55
4rfnzojkm6,,1,0,1740978559,,,1,neutral,0.55
l3jr_frmn3,,2,0,1752209291,,,1,neutral,0.55
stasiunlbf,,1,0,1765174143,,,1,neutral,0.55
nuraya525,,1,1,1756592100,,,1,neutral,0.55
