username,comment,rating,likes,create_time,comment_clean,tokens,tokens_count,sentiment,sentiment_confidence,text_len,char_repeat_ratio,token_repeat_ratio,dup_score,mismatch,fake_score,fake_pred
brewrock77,"Sepadan dengan Harga:termasuk murah untuk area Kalimantan

Packing bagus,, rapi,,  double bubble wrap..
Barang bagus,, mulus,, sesuai dengan keterangan toko..  Spec laptop sesuai keterangan penjual.. DIJAMIN TIDAK MENYESAL BELI LAPTOP DISINI..",5,561,1765916858,sepadan dengan harga termasuk murah untuk area kalimantan packing bagus rapi double bubble wrap barang bagus mulus sesuai dengan keterangan toko spec laptop sesuai keterangan penjual dijamin tidak menyesal beli laptop disini,sepadan dengan harga termasuk murah untuk area kalimantan packing bagus rapi double bubble wrap barang bagus mulus sesuai dengan keterangan toko spec laptop sesuai keterangan penjual dijamin tidak menyesal beli laptop disini,32,positive,0.75,224,0.004464285714285714,0.3125,0.0,0.0,0.07924107142857142,0
s*****7,"Fungsi:lancar
Kondisi Barang:datang dalam keadaan baik
Permukaan:mulus

Baguss laptop nya packing nya jg aman rapih, cuma pas dinyalain batre low harus dicas langsung, dri layar nya jernih, sesuai harga jg karna second tpi masih mulus ya, rekomendasi bgt sihh ini buat kuliah smoga awett😊 thank you seller☺",5,21,1765629237,fungsi lancar kondisi barang datang dalam keadaan baik permukaan mulus baguss laptop nya packing nya jg aman rapih cuma pas dinyalain batre low harus dicas langsung dri layar nya jernih sesuai harga jg karna second tpi masih mulus ya rekomendasi bgt sihh ini buat kuliah smoga awett thank you seller,fungsi lancar kondisi barang datang dalam keadaan baik permukaan mulus baguss laptop nya packing nya jg aman rapih cuma pas dinyalain batre low harus dicas langsung dri layar nya jernih sesuai harga jg karna second tpi masih mulus ya rekomendasi bgt sihh ini buat kuliah smoga awett thank you seller,50,positive,0.75,299,0.020066889632107024,0.14,0.0,0.0,0.040016722408026756,0
bertus_aw,"Packing bagus dan aman, sesuai pesanan, kualitas bagus dan berfungsi normal, serta respon dan layanan penjual bagus.",5,70,1765601723,packing bagus dan aman sesuai pesanan kualitas bagus dan berfungsi normal serta respon dan layanan penjual bagus,packing bagus dan aman sesuai pesanan kualitas bagus dan berfungsi normal serta respon dan layanan penjual bagus,17,positive,0.75,112,0.0,0.35294117647058826,0.0,0.0,0.08823529411764706,0
a*****6,"Barang mantap, pakking aman, pengiriman cepat, penjual responsip. Selanjutnya 
Biarlah Bintang ⭐️⭐️⭐️⭐️⭐️ yg berbicara 👍👍👍",5,199,1764892741,barang mantap pakking aman pengiriman cepat penjual responsip selanjutnya biarlah bintang yg berbicara,barang mantap pakking aman pengiriman cepat penjual responsip selanjutnya biarlah bintang yg berbicara,13,positive,0.75,102,0.00980392156862745,0.0,0.0,0.0,0.0024509803921568627,0
rahmat_panji,"Fungsi:baik
Kondisi Barang:super normal
Permukaan:mulus 90% lebih

Utk drive intel graphic harus download sendiri ya gays agar kecerahan laptop bisa di atur.. sekitar 300mb an.. kalo fungsi2 yg lain sudah normal.. charger, tas, mouse sama bublewrapnya mantap.. tangerang - nganjuk jawa timur cuma 4 hari.. co selasa malem, sabtu sore udah sampai.. tinggal check2 fungsi2 yg lain semoga aman dan awet.. oh ya batrai nya 90%an juga sih.. ngisi 30 menit bisa utk 4 jam..",5,11,1765498051,fungsi baik kondisi barang super normal permukaan mulus 90 lebih utk drive intel graphic harus download sendiri ya gays agar kecerahan laptop bisa di atur sekitar 300mb an kalo fungsi2 yg lain sudah normal charger tas mouse sama bublewrapnya mantap tangerang nganjuk jawa timur cuma 4 hari co selasa malem sabtu sore udah sampai tinggal check2 fungsi2 yg lain semoga aman dan awet oh ya batrai nya 90 an juga sih ngisi 30 menit bisa utk 4 jam,fungsi baik kondisi barang super normal permukaan mulus 90 lebih utk drive intel graphic harus download sendiri ya gays agar kecerahan laptop bisa di atur sekitar 300mb an kalo fungsi2 yg lain sudah normal charger tas mouse sama bublewrapnya mantap tangerang nganjuk jawa timur cuma 4 hari co selasa malem sabtu sore udah sampai tinggal check2 fungsi2 yg lain semoga aman dan awet oh ya batrai nya 90 an juga sih ngisi 30 menit bisa utk 4 jam,78,positive,0.75,442,0.006787330316742082,0.2564102564102564,0.0,0.0,0.06579939668174961,0
mankkandar,"Fungsi:alhamdulillah berguna dengan fungsi moga awet dan tahan lam
Kondisi Barang:paking rapi tampa ada keraguan
Permukaan:tidak ada penyom

Barang datang dgn selamat pelapak dapat di percaya dgn barang nya seken tapi tidak murahan... Poko nya the best",5,61,1765825208,fungsi alhamdulillah berguna dengan fungsi moga awet dan tahan lam kondisi barang paking rapi tampa ada keraguan permukaan tidak ada penyom barang datang dgn selamat pelapak dapat di percaya dgn barang nya seken tapi tidak murahan poko nya the best,fungsi alhamdulillah berguna dengan fungsi moga awet dan tahan lam kondisi barang paking rapi tampa ada keraguan permukaan tidak ada penyom barang datang dgn selamat pelapak dapat di percaya dgn barang nya seken tapi tidak murahan poko nya the best,40,neutral,0.55,248,0.008064516129032258,0.325,0.0,0.0,0.08326612903225807,0
z*****e,"Fitur Terbaik:layar full HD dan pengemasan oke
Sepadan dengan Harga:sepadan

Barang sudah mendarat dengan selamat dan barang juga masih mulus, semua berjalan dengan baik. Semoga saja awet dan seterusnya berjalan dengan normal. Free bag laptop dan mouse juga tengkyu seller",5,158,1764084765,fitur terbaik layar full hd dan pengemasan oke sepadan dengan harga sepadan barang sudah mendarat dengan selamat dan barang juga masih mulus semua berjalan dengan baik semoga saja awet dan seterusnya berjalan dengan normal free bag laptop dan mouse juga tengkyu seller,fitur terbaik layar full hd dan pengemasan oke sepadan dengan harga sepadan barang sudah mendarat dengan selamat dan barang juga masih mulus semua berjalan dengan baik semoga saja awet dan seterusnya berjalan dengan normal free bag laptop dan mouse juga tengkyu seller,42,neutral,0.55,268,0.011194029850746268,0.38095238095238093,0.0,0.0,0.0980366027007818,0
a*****y,"Fungsi:sejauh ini beroperasi dengan lancar tidak ada kendala apapun
Kondisi Barang:datang dalam keadaan bagussss
Permukaan:mulusss

keyboardnya dalam bahasa jepang tapi di kasih stiker keyboard biasaaaa baik bangettt..ada bonus mouse charger sama tas laptop jugaaa,yg datang warna silver pas bangettt karena emang pengennya warna yg cerah",5,64,1765550393,fungsi sejauh ini beroperasi dengan lancar tidak ada kendala apapun kondisi barang datang dalam keadaan bagussss permukaan mulusss keyboardnya dalam bahasa jepang tapi di kasih stiker keyboard biasaaaa baik bangettt ada bonus mouse charger sama tas laptop jugaaa yg datang warna silver pas bangettt karena emang pengennya warna yg cerah,fungsi sejauh ini beroperasi dengan lancar tidak ada kendala apapun kondisi barang datang dalam keadaan bagussss permukaan mulusss keyboardnya dalam bahasa jepang tapi di kasih stiker keyboard biasaaaa baik bangettt ada bonus mouse charger sama tas laptop jugaaa yg datang warna silver pas bangettt karena emang pengennya warna yg cerah,50,negative,0.75,336,0.050595238095238096,0.24,0.0,1.0,0.27264880952380954,0
blu9xb45a9,"Barang sudah diterima , packing ok, pengiriman cepat, belum coba hidupkan, cari steker sambungan dulu, mantap, terima kasih,",5,3,1761834568,barang sudah diterima packing ok pengiriman cepat belum coba hidupkan cari steker sambungan dulu mantap terima kasih,barang sudah diterima packing ok pengiriman cepat belum coba hidupkan cari steker sambungan dulu mantap terima kasih,17,positive,0.75,116,0.0,0.0,0.0,0.0,0.0,0
khoirunnisasofian28,"Fungsi:laptop bekerja dgn baik
Kondisi Barang:bagus dan aman

Laptopnya sudah sampai dengan kondisi aman dan packaging yang bagus. Sellernya juga menjelaskan dgn baik. Thank you",5,4,1757066029,fungsi laptop bekerja dgn baik kondisi barang bagus dan aman laptopnya sudah sampai dengan kondisi aman dan packaging yang bagus sellernya juga menjelaskan dgn baik thank you,fungsi laptop bekerja dgn baik kondisi barang bagus dan aman laptopnya sudah sampai dengan kondisi aman dan packaging yang bagus sellernya juga menjelaskan dgn baik thank you,27,positive,0.75,174,0.005747126436781609,0.4444444444444444,0.0,0.0,0.1125478927203065,0
elvann02,"Produk sesuai pesanan dan berfungsi dengan baik, packing aman dan pengiriman juga cepat 🙏🏻",5,11,1765522795,produk sesuai pesanan dan berfungsi dengan baik packing aman dan pengiriman juga cepat,produk sesuai pesanan dan berfungsi dengan baik packing aman dan pengiriman juga cepat,13,positive,0.75,86,0.0,0.15384615384615385,0.0,0.0,0.038461538461538464,0
rahmat_panji,"Fungsi:normal
Kondisi Barang:95% lah..
Permukaan:lainnya mulus..

Normal.. packing super aman.. 3hari sampek nganjuk jatim.. sesuai spesifikasi pesanan.. perlu instal driver bawaan laptop karna brightness dari toko gk bisa di atur.. cargher mouse normal.. bonus tas laptop.. makasih min.. pembelian ke 2 lancar..",5,2,1764937378,fungsi normal kondisi barang 95 lah permukaan lainnya mulus normal packing super aman 3hari sampek nganjuk jatim sesuai spesifikasi pesanan perlu instal driver bawaan laptop karna brightness dari toko gk bisa di atur cargher mouse normal bonus tas laptop makasih min pembelian ke 2 lancar,fungsi normal kondisi barang 95 lah permukaan lainnya mulus normal packing super aman 3hari sampek nganjuk jatim sesuai spesifikasi pesanan perlu instal driver bawaan laptop karna brightness dari toko gk bisa di atur cargher mouse normal bonus tas laptop makasih min pembelian ke 2 lancar,45,positive,0.75,288,0.013888888888888888,0.1111111111111111,0.0,0.0,0.03125,0
pcleooo,"Sepadan dengan Harga:sepadan

Harga murah dan spesifikasi lumayan untuk kebutuhan sehari-hari",5,7,1764993540,sepadan dengan harga sepadan harga murah dan spesifikasi lumayan untuk kebutuhan sehari hari,sepadan dengan harga sepadan harga murah dan spesifikasi lumayan untuk kebutuhan sehari hari,13,neutral,0.55,92,0.0,0.3076923076923077,0.0,0.0,0.07692307692307693,0
balqiskhairaa,"Rekomended banget laptopnya kak, penjual jg rekomended friendly. Kereeennn kapan² order lagi kesini kak makasih banyak.",5,16,1758676505,rekomended banget laptopnya kak penjual jg rekomended friendly kereeennn kapan order lagi kesini kak makasih banyak,rekomended banget laptopnya kak penjual jg rekomended friendly kereeennn kapan order lagi kesini kak makasih banyak,16,neutral,0.55,115,0.034782608695652174,0.25,0.0,0.0,0.07119565217391305,0
i*****i,"Sepadan dengan Harga:ya ini mah 50% kualitas
Fitur Terbaik:lumayan

Baru di pekek 1 hari langsung mati total,bisa sih di returen cuman sama aja brangknya batrai cuman than 45 mnit,windows blom aktif, pas qt tanya baik2 mintq solusi m seler mlah kyak marah.seharusnya sebelum di kirim ya cek baik2 pdahal dh di ingtin.kecewa gk kecewa tp ya udah gpp  udah trjadi. Trimksih ",4,133,1765060320,sepadan dengan harga ya ini mah 50 kualitas fitur terbaik lumayan baru di pekek 1 hari langsung mati total bisa sih di returen cuman sama aja brangknya batrai cuman than 45 mnit windows blom aktif pas qt tanya baik2 mintq solusi m seler mlah kyak marah seharusnya sebelum di kirim ya cek baik2 pdahal dh di ingtin kecewa gk kecewa tp ya udah gpp udah trjadi trimksih,sepadan dengan harga ya ini mah 50 kualitas fitur terbaik lumayan baru di pekek 1 hari langsung mati total bisa sih di returen cuman sama aja brangknya batrai cuman than 45 mnit windows blom aktif pas qt tanya baik2 mintq solusi m seler mlah kyak marah seharusnya sebelum di kirim ya cek baik2 pdahal dh di ingtin kecewa gk kecewa tp ya udah gpp udah trjadi trimksih,67,neutral,0.55,366,0.00273224043715847,0.22388059701492538,0.0,0.0,0.056653209363020963,0
bertus_aw,"Packing aman, sesuai pesanan, beberapa hari sudah pakai berfungsi dan berjalan dengan baik, respon penjual baik. Hanya saja baut-bautnya lupa tidak dipasang, tapi penjual bersedia mengirimkan kembali.",5,33,1760435917,packing aman sesuai pesanan beberapa hari sudah pakai berfungsi dan berjalan dengan baik respon penjual baik hanya saja baut bautnya lupa tidak dipasang tapi penjual bersedia mengirimkan kembali,packing aman sesuai pesanan beberapa hari sudah pakai berfungsi dan berjalan dengan baik respon penjual baik hanya saja baut bautnya lupa tidak dipasang tapi penjual bersedia mengirimkan kembali,28,neutral,0.55,194,0.0,0.14285714285714285,0.0,0.0,0.03571428571428571,0
beadsbymi,"Sepadan dengan Harga:murah sekali
Fitur Terbaik:baikkk

cepet banget datengnya, masih mulus dan admindya sangat ramahhhhhhh, dan gak lemot sama sekali. sat set ✨💗🫶✨💗recomended sekaliiiiiiii",5,9,1761068764,sepadan dengan harga murah sekali fitur terbaik baikkk cepet banget datengnya masih mulus dan admindya sangat ramahhhhhhh dan gak lemot sama sekali sat set recomended sekaliiiiiiii,sepadan dengan harga murah sekali fitur terbaik baikkk cepet banget datengnya masih mulus dan admindya sangat ramahhhhhhh dan gak lemot sama sekali sat set recomended sekaliiiiiiii,26,neutral,0.55,180,0.08333333333333333,0.15384615384615385,0.0,0.0,0.05929487179487179,0
g*****e,"Fitur Terbaik:sesuai deskripsi tentunya.
Sepadan dengan Harga:harga sepadan dengan kualitas produknya",5,10,1744115994,fitur terbaik sesuai deskripsi tentunya sepadan dengan harga harga sepadan dengan kualitas produknya,fitur terbaik sesuai deskripsi tentunya sepadan dengan harga harga sepadan dengan kualitas produknya,13,positive,0.75,100,0.0,0.46153846153846156,0.0,0.0,0.11538461538461539,0
diqin2016,"Sepadan dengan Harga:sesuai deskripsi
Fitur Terbaik:terbaik

Udah ke-3 kali order dapet barang mulus...perfect...
orderku bakal lanjut sampai unit laptop di lab. sekolahku dirasa cukup... terimakasih kak",5,6,1764299069,sepadan dengan harga sesuai deskripsi fitur terbaik terbaik udah ke 3 kali order dapet barang mulus perfect orderku bakal lanjut sampai unit laptop di lab sekolahku dirasa cukup terimakasih kak,sepadan dengan harga sesuai deskripsi fitur terbaik terbaik udah ke 3 kali order dapet barang mulus perfect orderku bakal lanjut sampai unit laptop di lab sekolahku dirasa cukup terimakasih kak,30,positive,0.75,193,0.0,0.06666666666666667,0.0,0.0,0.016666666666666666,0
i*****l,"Fitur Terbaik:ok
Sepadan dengan Harga:bersahabat

Trims seler",5,5,1763614732,fitur terbaik ok sepadan dengan harga bersahabat trims seler,fitur terbaik ok sepadan dengan harga bersahabat trims seler,9,neutral,0.55,60,0.0,0.0,0.0,0.0,0.0,0
anggirhmmwtii,"baru datang tadi jadi belum sempet full chek. Dari body keliatan new, sesuai yang di display. Tidak ada lecet karena dikirim sangat safety, dapat lengkap chasan, mouse dan tas nya. cocok untuk penggunaan pelajar sperti saya... sisanya nanti update",5,12,1742705353,baru datang tadi jadi belum sempet full chek dari body keliatan new sesuai yang di display tidak ada lecet karena dikirim sangat safety dapat lengkap chasan mouse dan tas nya cocok untuk penggunaan pelajar sperti saya sisanya nanti update,baru datang tadi jadi belum sempet full chek dari body keliatan new sesuai yang di display tidak ada lecet karena dikirim sangat safety dapat lengkap chasan mouse dan tas nya cocok untuk penggunaan pelajar sperti saya sisanya nanti update,39,positive,0.75,238,0.012605042016806723,0.0,0.0,0.0,0.0031512605042016808,0
andri260690,"Fungsi:NORMAL
Kondisi Barang:tested baik
Permukaan:90% msh layak jual

Sdg running test
Semoga lancar tanpa kendala",5,8,1765876096,fungsi normal kondisi barang tested baik permukaan 90 msh layak jual sdg running test semoga lancar tanpa kendala,fungsi normal kondisi barang tested baik permukaan 90 msh layak jual sdg running test semoga lancar tanpa kendala,18,neutral,0.55,113,0.017699115044247787,0.0,0.0,0.0,0.004424778761061947,0
tokbh8j6ir,"Barang datang dengan bagus, packing bagus, dan fungsi masih cukup apik, mantap lah sepadan dengan harganya,,",5,5,1765768664,barang datang dengan bagus packing bagus dan fungsi masih cukup apik mantap lah sepadan dengan harganya,barang datang dengan bagus packing bagus dan fungsi masih cukup apik mantap lah sepadan dengan harganya,16,positive,0.75,103,0.0,0.25,0.0,0.0,0.0625,0
mircheazahira,"Fungsi:Bekerja dgn Baik
Kondisi Barang:datang dlm keadaan rapi dan mulus
Permukaan:mulus

Barangnya SDH dtg sesuai dgn pesanan, sesuai dgn diskeifsimya, Alhamdulillah barangnya bagus masih mulus, trimakasih shopee SDH 2x saya beli leptop di shopee Alhamdulillah semuanya bagus..👍🙏",5,3,1742686665,fungsi bekerja dgn baik kondisi barang datang dlm keadaan rapi dan mulus permukaan mulus barangnya sdh dtg sesuai dgn pesanan sesuai dgn diskeifsimya alhamdulillah barangnya bagus masih mulus trimakasih shopee sdh 2x saya beli leptop di shopee alhamdulillah semuanya bagus,fungsi bekerja dgn baik kondisi barang datang dlm keadaan rapi dan mulus permukaan mulus barangnya sdh dtg sesuai dgn pesanan sesuai dgn diskeifsimya alhamdulillah barangnya bagus masih mulus trimakasih shopee sdh 2x saya beli leptop di shopee alhamdulillah semuanya bagus,40,positive,0.75,272,0.022058823529411766,0.45,0.0,0.0,0.11801470588235294,0
rofi.el_mawali,"Fungsi:baik
Kondisi Barang:bagus
Permukaan:mulus

Laptop berfungsi dengan baik, bagus, walaupun second tapi mulus.. Good job",5,0,1721137289,fungsi baik kondisi barang bagus permukaan mulus laptop berfungsi dengan baik bagus walaupun second tapi mulus good job,fungsi baik kondisi barang bagus permukaan mulus laptop berfungsi dengan baik bagus walaupun second tapi mulus good job,18,positive,0.75,119,0.01680672268907563,0.3333333333333333,0.0,0.0,0.08753501400560224,0
a*****y,"Fungsi:normal
Kondisi Barang:datang dalam keadaan mulus
Permukaan:mulus

First order sangat memuaskan,,,, bakalan repeat order.",5,0,1721711732,fungsi normal kondisi barang datang dalam keadaan mulus permukaan mulus first order sangat memuaskan bakalan repeat order,fungsi normal kondisi barang datang dalam keadaan mulus permukaan mulus first order sangat memuaskan bakalan repeat order,17,neutral,0.55,121,0.01652892561983471,0.23529411764705882,0.0,0.0,0.06295576081672338,0
d*****6,"Fungsi:normal
Kondisi Barang:muluss
Permukaan:muluss

Alhamdulillah diterima dengan kondisi baik lengkap dan mulus...sudah sering order disini...terbaik dah....pertahankan kak pelayanan dan kualitasnya.... terimakasih",5,5,1749726651,fungsi normal kondisi barang muluss permukaan muluss alhamdulillah diterima dengan kondisi baik lengkap dan mulus sudah sering order disini terbaik dah pertahankan kak pelayanan dan kualitasnya terimakasih,fungsi normal kondisi barang muluss permukaan muluss alhamdulillah diterima dengan kondisi baik lengkap dan mulus sudah sering order disini terbaik dah pertahankan kak pelayanan dan kualitasnya terimakasih,27,neutral,0.55,205,0.01951219512195122,0.2222222222222222,0.0,0.0,0.060433604336043355,0
mujibagio,"Fungsi:sudah +/- 2 mingguan saya operasikan sampai saat ini berfungsi dengaybaik
Kondisi Barang:sesuai diskripsi
Permukaan:mulus

yang penting baca spek dengan teliti pada keterangan barang yg dijual",5,0,1736475595,fungsi sudah 2 mingguan saya operasikan sampai saat ini berfungsi dengaybaik kondisi barang sesuai diskripsi permukaan mulus yang penting baca spek dengan teliti pada keterangan barang yg dijual,fungsi sudah 2 mingguan saya operasikan sampai saat ini berfungsi dengaybaik kondisi barang sesuai diskripsi permukaan mulus yang penting baca spek dengan teliti pada keterangan barang yg dijual,28,positive,0.75,194,0.015463917525773196,0.07142857142857142,0.0,0.0,0.021723122238586155,0
daropedia,"Mantap sekali packing nya, dapat bonus tas laptop dan mouse Votre, penjual sangat membantu dan ramah, mantap sukses selalu",5,3,1739210768,mantap sekali packing nya dapat bonus tas laptop dan mouse votre penjual sangat membantu dan ramah mantap sukses selalu,mantap sekali packing nya dapat bonus tas laptop dan mouse votre penjual sangat membantu dan ramah mantap sukses selalu,19,positive,0.75,119,0.0,0.21052631578947367,0.0,0.0,0.05263157894736842,0
s*****5,"Fungsi:biasa cepat
Kondisi Barang:lecet pemakaian
Permukaan:lumayan

Batrei saja sudah bocor sesuai harga yang lain sesuai deskripsi layar tidak bisa diatur kecerahanya sakit dimata....
Kecepatan bagus tidak lele...lumayanlah untuk anak sekolah....",5,2,1762486261,fungsi biasa cepat kondisi barang lecet pemakaian permukaan lumayan batrei saja sudah bocor sesuai harga yang lain sesuai deskripsi layar tidak bisa diatur kecerahanya sakit dimata kecepatan bagus tidak lele lumayanlah untuk anak sekolah,fungsi biasa cepat kondisi barang lecet pemakaian permukaan lumayan batrei saja sudah bocor sesuai harga yang lain sesuai deskripsi layar tidak bisa diatur kecerahanya sakit dimata kecepatan bagus tidak lele lumayanlah untuk anak sekolah,34,positive,0.75,237,0.004219409282700422,0.11764705882352941,0.0,0.0,0.03046661702655746,0
z*****e,"Fitur Terbaik:layar full HD
Sepadan dengan Harga:sepdan

Kualitas oke dan ridak mengecewakan, toko rekomen buat yang mau beli jangan ragu lagi yes, ini pembelian yang kedua kalinya tapi lebih better pesanan yang pertama. Untuk beberapa detail kurang lengkap",5,19,1764869590,fitur terbaik layar full hd sepadan dengan harga sepdan kualitas oke dan ridak mengecewakan toko rekomen buat yang mau beli jangan ragu lagi yes ini pembelian yang kedua kalinya tapi lebih better pesanan yang pertama untuk beberapa detail kurang lengkap,fitur terbaik layar full hd sepadan dengan harga sepdan kualitas oke dan ridak mengecewakan toko rekomen buat yang mau beli jangan ragu lagi yes ini pembelian yang kedua kalinya tapi lebih better pesanan yang pertama untuk beberapa detail kurang lengkap,40,negative,0.75,253,0.007905138339920948,0.075,0.0,1.0,0.22072628458498025,0
rozikinrd2,"Alhamdulilah... barang sudah sampai dengan selamat, semoga tidak ada masalah dan awet..",5,3,1765667103,alhamdulilah barang sudah sampai dengan selamat semoga tidak ada masalah dan awet,alhamdulilah barang sudah sampai dengan selamat semoga tidak ada masalah dan awet,12,negative,0.75,81,0.0,0.0,0.0,1.0,0.2,0
irawanedogawa,"Fungsi:Dengan baik dan bagus
Kondisi Barang:Bagus
Permukaan:Bagus

Sesuai harapan",5,3,1746043824,fungsi dengan baik dan bagus kondisi barang bagus permukaan bagus sesuai harapan,fungsi dengan baik dan bagus kondisi barang bagus permukaan bagus sesuai harapan,12,positive,0.75,80,0.0125,0.25,0.0,0.0,0.065625,0
balqiskhairaa,"Mantap mantap laptop sudah saya terima, sudah saya cek semua OK. Cuman ada satu SSD nya masih sata belum M2. Tp overall keren banget.",5,3,1710264599,mantap mantap laptop sudah saya terima sudah saya cek semua ok cuman ada satu ssd nya masih sata belum m2 tp overall keren banget,mantap mantap laptop sudah saya terima sudah saya cek semua ok cuman ada satu ssd nya masih sata belum m2 tp overall keren banget,24,positive,0.75,129,0.015503875968992248,0.25,0.0,0.0,0.06637596899224807,0
renoeko_,"Fungsi:barang sangatttt istimewaaaa
Kondisi Barang:bagusss mulus, cuma lecet pemakaian aja, selain itu gaada
Permukaan:mulus kek kmu:v

Bagus bgt, cuma datang nya lama 4 harian, tapi bagus, colokan nya sih perlu di kasih yg bagus aja, nga expect kalo Mimin nya amanah, worth it lah dgn harga nya, terimakasih kalo ad rezeki bisa beli disini saja haha wkwkwk",5,0,1740159501,fungsi barang sangatttt istimewaaaa kondisi barang bagusss mulus cuma lecet pemakaian aja selain itu gaada permukaan mulus kek kmu v bagus bgt cuma datang nya lama 4 harian tapi bagus colokan nya sih perlu di kasih yg bagus aja nga expect kalo mimin nya amanah worth it lah dgn harga nya terimakasih kalo ad rezeki bisa beli disini saja haha wkwkwk,fungsi barang sangatttt istimewaaaa kondisi barang bagusss mulus cuma lecet pemakaian aja selain itu gaada permukaan mulus kek kmu v bagus bgt cuma datang nya lama 4 harian tapi bagus colokan nya sih perlu di kasih yg bagus aja nga expect kalo mimin nya amanah worth it lah dgn harga nya terimakasih kalo ad rezeki bisa beli disini saja haha wkwkwk,61,neutral,0.55,348,0.028735632183908046,0.2786885245901639,0.0,0.0,0.076856039193518,0
y*****h,Hp layar lebar laptop slim tas dan mouse free enteng kamera juga bagus,5,1,1701609365,hp layar lebar laptop slim tas dan mouse free enteng kamera juga bagus,hp layar lebar laptop slim tas dan mouse free enteng kamera juga bagus,13,positive,0.75,70,0.014285714285714285,0.0,0.0,0.0,0.0035714285714285713,0
d6110,"Fitur Terbaik:belum dicem
Sepadan dengan Harga:ok

Ada bonus mouse dan t4 laptop, meski bekas semoga aja awet, sejauh ini cukup baik",5,1,1733220542,fitur terbaik belum dicem sepadan dengan harga ok ada bonus mouse dan t4 laptop meski bekas semoga aja awet sejauh ini cukup baik,fitur terbaik belum dicem sepadan dengan harga ok ada bonus mouse dan t4 laptop meski bekas semoga aja awet sejauh ini cukup baik,23,neutral,0.55,129,0.0,0.0,0.0,0.0,0.0,0
hadisj87,"Packing rapi, pengiriman cepat, real picture, spesifikasi sesuai pesanan, sudah beberapa kali pesan, tidak mengecewakan, seller amanah, sukses selalu, terima kasih.",5,1,1713281030,packing rapi pengiriman cepat real picture spesifikasi sesuai pesanan sudah beberapa kali pesan tidak mengecewakan seller amanah sukses selalu terima kasih,packing rapi pengiriman cepat real picture spesifikasi sesuai pesanan sudah beberapa kali pesan tidak mengecewakan seller amanah sukses selalu terima kasih,21,positive,0.75,155,0.0064516129032258064,0.0,0.0,0.0,0.0016129032258064516,0
novar7,Untuk prodak mantap pegeging juga sangat kuat saya sangat puas pelayanan sangat cepat juga untuk video unboxing saya ngak bisa kirim ya gaes karna terlalu lama tapi semua nya Sangat mantap ngak rugi sih beli,5,0,1748207601,untuk prodak mantap pegeging juga sangat kuat saya sangat puas pelayanan sangat cepat juga untuk video unboxing saya ngak bisa kirim ya gaes karna terlalu lama tapi semua nya sangat mantap ngak rugi sih beli,untuk prodak mantap pegeging juga sangat kuat saya sangat puas pelayanan sangat cepat juga untuk video unboxing saya ngak bisa kirim ya gaes karna terlalu lama tapi semua nya sangat mantap ngak rugi sih beli,35,positive,0.75,207,0.0,0.4,0.0,0.0,0.1,0
j*****a,"Fungsi:barang berfungsi dgn baik
Kondisi Barang:datang dengan keadaan mulus
Permukaan:mulus dan baik

Baguss dengan harga segitu meskipun second semoga bertahan lama klok bisa sampe lulus kuliah hehe",5,0,1741382579,fungsi barang berfungsi dgn baik kondisi barang datang dengan keadaan mulus permukaan mulus dan baik baguss dengan harga segitu meskipun second semoga bertahan lama klok bisa sampe lulus kuliah hehe,fungsi barang berfungsi dgn baik kondisi barang datang dengan keadaan mulus permukaan mulus dan baik baguss dengan harga segitu meskipun second semoga bertahan lama klok bisa sampe lulus kuliah hehe,30,negative,0.75,198,0.015151515151515152,0.26666666666666666,0.0,1.0,0.27045454545454545,0
bangkitinsanula,"Fungsi:aman
Kondisi Barang:cukup memuaskan 90%+
Permukaan:-",5,1,1737216257,fungsi aman kondisi barang cukup memuaskan 90 permukaan,fungsi aman kondisi barang cukup memuaskan 90 permukaan,8,neutral,0.55,55,0.01818181818181818,0.0,0.0,0.0,0.004545454545454545,0
ajiy_,"Fungsi:baikk
Kondisi Barang:masih bagus
Permukaan:mulus

Alhamdulillah laptop nya masih bagus semoga awett, makasih seller🤝🤗",5,1,1765876285,fungsi baikk kondisi barang masih bagus permukaan mulus alhamdulillah laptop nya masih bagus semoga awett makasih seller,fungsi baikk kondisi barang masih bagus permukaan mulus alhamdulillah laptop nya masih bagus semoga awett makasih seller,17,positive,0.75,120,0.041666666666666664,0.23529411764705882,0.0,0.0,0.06924019607843138,0
benji_stark,"Fungsi:Normal
Kondisi Barang:Bagus
Permukaan:Bagus

Berfungsi normal. Layar bersih, tidak ada whitespot atau blankspot, cuma ada sedikit goresan di permukaan, tapi tidak mempengaruhi fungsionalnya. Keyboard, wifi, bluetooth, semua normal. Kondisi 90% mulus, goresan kecil-kecil karena pemakaian wajar. Cuma baterai tidak bertahan satu jam. Pelayanan bagus, packing aman dan pengiriman cepat. Overall bagus.",5,1,1720431425,fungsi normal kondisi barang bagus permukaan bagus berfungsi normal layar bersih tidak ada whitespot atau blankspot cuma ada sedikit goresan di permukaan tapi tidak mempengaruhi fungsionalnya keyboard wifi bluetooth semua normal kondisi 90 mulus goresan kecil kecil karena pemakaian wajar cuma baterai tidak bertahan satu jam pelayanan bagus packing aman dan pengiriman cepat overall bagus,fungsi normal kondisi barang bagus permukaan bagus berfungsi normal layar bersih tidak ada whitespot atau blankspot cuma ada sedikit goresan di permukaan tapi tidak mempengaruhi fungsionalnya keyboard wifi bluetooth semua normal kondisi 90 mulus goresan kecil kecil karena pemakaian wajar cuma baterai tidak bertahan satu jam pelayanan bagus packing aman dan pengiriman cepat overall bagus,55,positive,0.75,389,0.010282776349614395,0.4,0.0,0.0,0.1025706940874036,0
d*****6,Lumayan lah dengan segitu....bagus...lecet pemakaian..namanya juga second... respon cepat namun pengiriman agak lama,5,0,1765468484,lumayan lah dengan segitu bagus lecet pemakaian namanya juga second respon cepat namun pengiriman agak lama,lumayan lah dengan segitu bagus lecet pemakaian namanya juga second respon cepat namun pengiriman agak lama,16,positive,0.75,107,0.0,0.0,0.0,0.0,0.0,0
rsstore28_,"Fungsi:baik
Kondisi Barang:95% mulus
Permukaan:oke

Alhamdulillah Barang bagus seperti baru, sesuai keinginan, cuman yg kurang Chasannya aja gabisa tapi diganti yg baru oleh adminnya

Note : gabisa masukin video unboxingnya",5,0,1722819807,fungsi baik kondisi barang 95 mulus permukaan oke alhamdulillah barang bagus seperti baru sesuai keinginan cuman yg kurang chasannya aja gabisa tapi diganti yg baru oleh adminnya note gabisa masukin video unboxingnya,fungsi baik kondisi barang 95 mulus permukaan oke alhamdulillah barang bagus seperti baru sesuai keinginan cuman yg kurang chasannya aja gabisa tapi diganti yg baru oleh adminnya note gabisa masukin video unboxingnya,32,positive,0.75,216,0.018518518518518517,0.25,0.0,0.0,0.06712962962962962,0
eka_uamiatus,"Sesuai deskripsi.. Packing aman... 
Berfungsi
Lecet pemakaian wajar (bagian depan dikit,bagian belakang lumayan banyak) noda bekas lem,tapi ga masalah..
Bonus slave  dan mouse",5,1,1732115799,sesuai deskripsi packing aman berfungsi lecet pemakaian wajar bagian depan dikit bagian belakang lumayan banyak noda bekas lem tapi ga masalah bonus slave dan mouse,sesuai deskripsi packing aman berfungsi lecet pemakaian wajar bagian depan dikit bagian belakang lumayan banyak noda bekas lem tapi ga masalah bonus slave dan mouse,25,positive,0.75,164,0.0,0.08,0.0,0.0,0.02,0
ainumuassisul,"Sepadan dengan Harga:sepadan dengan harga
Fitur Terbaik:baik

Packing aman, sesuai dan rekomendasi bagi yang membutuhkan laptop. Semoga barokah dan awet",5,0,1703322147,sepadan dengan harga sepadan dengan harga fitur terbaik baik packing aman sesuai dan rekomendasi bagi yang membutuhkan laptop semoga barokah dan awet,sepadan dengan harga sepadan dengan harga fitur terbaik baik packing aman sesuai dan rekomendasi bagi yang membutuhkan laptop semoga barokah dan awet,22,positive,0.75,149,0.0,0.36363636363636365,0.0,0.0,0.09090909090909091,0
queenaramol_,"Laptopnya bagusss dan berfungsi walaupun second tapi masih bagus, adminnya ramah banget walaupun nanya pas malem malem tetep dijawab, pengirimannya juga cepet banget, pesen malam besoknya udh sampe... Sorry baru kasih nilai karna mau liat dulu laptopnya kaya gimana",5,0,1729939772,laptopnya bagusss dan berfungsi walaupun second tapi masih bagus adminnya ramah banget walaupun nanya pas malem malem tetep dijawab pengirimannya juga cepet banget pesen malam besoknya udh sampe sorry baru kasih nilai karna mau liat dulu laptopnya kaya gimana,laptopnya bagusss dan berfungsi walaupun second tapi masih bagus adminnya ramah banget walaupun nanya pas malem malem tetep dijawab pengirimannya juga cepet banget pesen malam besoknya udh sampe sorry baru kasih nilai karna mau liat dulu laptopnya kaya gimana,39,positive,0.75,259,0.019305019305019305,0.20512820512820512,0.0,0.0,0.056108306108306104,0
iwanalfarizy36,"Fungsi:baik
Kondisi Barang:oke untuk brng seken
Permukaan:mulus 90%

Barang oke berfungsi dgn baik semoga awet trimkasih seller",5,0,1732679276,fungsi baik kondisi barang oke untuk brng seken permukaan mulus 90 barang oke berfungsi dgn baik semoga awet trimkasih seller,fungsi baik kondisi barang oke untuk brng seken permukaan mulus 90 barang oke berfungsi dgn baik semoga awet trimkasih seller,20,neutral,0.55,125,0.016,0.3,0.0,0.0,0.079,0
rafaxel,"Fungsi:bekerja dengan baik
Permukaan:nice ga lecet

Tapi sayang kecerahannya tidak bisa diubah2,pada saat dicharger layar menjadi sangat terang,ketika tidak dicharger layar normal/standar kecerahaannya,overall bagus dan saya puas,thanks adminnya yg sabar menjawab terus pertanyaan saya 🙏",5,0,1732712763,fungsi bekerja dengan baik permukaan nice ga lecet tapi sayang kecerahannya tidak bisa diubah2 pada saat dicharger layar menjadi sangat terang ketika tidak dicharger layar normal standar kecerahaannya overall bagus dan saya puas thanks adminnya yg sabar menjawab terus pertanyaan saya,fungsi bekerja dengan baik permukaan nice ga lecet tapi sayang kecerahannya tidak bisa diubah2 pada saat dicharger layar menjadi sangat terang ketika tidak dicharger layar normal standar kecerahaannya overall bagus dan saya puas thanks adminnya yg sabar menjawab terus pertanyaan saya,41,positive,0.75,284,0.028169014084507043,0.1951219512195122,0.0,0.0,0.05582274132600481,0
kayarayamasuksurga,"Fungsi:baik
Kondisi Barang:sesuai harga
Permukaan:sesuai diskripsi

Semoga menjadi manfaat dan berkah",5,0,1745726524,fungsi baik kondisi barang sesuai harga permukaan sesuai diskripsi semoga menjadi manfaat dan berkah,fungsi baik kondisi barang sesuai harga permukaan sesuai diskripsi semoga menjadi manfaat dan berkah,14,positive,0.75,100,0.02,0.14285714285714285,0.0,0.0,0.04071428571428571,0
a*****k,"Laptop Bagus,cma yg satu sayang minta upgrade/downgread bios,jadi pas hidup pertama agak lama masuk Windows nya",5,1,1761606499,laptop bagus cma yg satu sayang minta upgrade downgread bios jadi pas hidup pertama agak lama masuk windows nya,laptop bagus cma yg satu sayang minta upgrade downgread bios jadi pas hidup pertama agak lama masuk windows nya,19,neutral,0.55,111,0.0,0.0,0.0,0.0,0.0,0
adi_270894,"Fitur Terbaik:lengkap
Sepadan dengan Harga:iya

Ok recomendit. 
Semuanya sementara coba bagus Normal. Semoga lancar tidak ada kendala apapun. 
Kendala bonusnya Mouse dan tas. 
Mousenya bonusan pecah, gpp karena hanya bonus. 
Lanjutkan. Terbaik seller",5,1,1747756085,fitur terbaik lengkap sepadan dengan harga iya ok recomendit semuanya sementara coba bagus normal semoga lancar tidak ada kendala apapun kendala bonusnya mouse dan tas mousenya bonusan pecah gpp karena hanya bonus lanjutkan terbaik seller,fitur terbaik lengkap sepadan dengan harga iya ok recomendit semuanya sementara coba bagus normal semoga lancar tidak ada kendala apapun kendala bonusnya mouse dan tas mousenya bonusan pecah gpp karena hanya bonus lanjutkan terbaik seller,35,neutral,0.55,238,0.008403361344537815,0.11428571428571428,0.0,0.0,0.030672268907563024,0
intan_ayu_novianti05,"Mantabp jaya, lancar, sampe nya juga cepet. Semoga awet yaahh",5,0,1715770382,mantabp jaya lancar sampe nya juga cepet semoga awet yaahh,mantabp jaya lancar sampe nya juga cepet semoga awet yaahh,10,neutral,0.55,58,0.034482758620689655,0.0,0.0,0.0,0.008620689655172414,0
i*****p,"Barang datang sesuai deskripsi, hanya saja kelihatan banget barang bekasnya.... Beda dengan barang yg beberapa bulan lalu saya beli disini seperti baru. Ya mungkin tinggal yg sisa sisa ya...lecet bekas pemakaian tampak disana sini.",4,9,1744320245,barang datang sesuai deskripsi hanya saja kelihatan banget barang bekasnya beda dengan barang yg beberapa bulan lalu saya beli disini seperti baru ya mungkin tinggal yg sisa sisa ya lecet bekas pemakaian tampak disana sini,barang datang sesuai deskripsi hanya saja kelihatan banget barang bekasnya beda dengan barang yg beberapa bulan lalu saya beli disini seperti baru ya mungkin tinggal yg sisa sisa ya lecet bekas pemakaian tampak disana sini,35,positive,0.75,222,0.0045045045045045045,0.2571428571428571,0.0,0.0,0.06541184041184041,0
hupshab,"Kondisi masih oke banget cuma masih kosongan tanpa aplikasi jadi harus install sendiri huhuu, semoga awett",5,2,1762154192,kondisi masih oke banget cuma masih kosongan tanpa aplikasi jadi harus install sendiri huhuu semoga awett,kondisi masih oke banget cuma masih kosongan tanpa aplikasi jadi harus install sendiri huhuu semoga awett,16,neutral,0.55,105,0.02857142857142857,0.125,0.0,0.0,0.038392857142857145,0
kuncungkuncung229,"Fungsi:bekerja dengan baik
Kondisi Barang:sesuai
Permukaan:bagus walaupun ada goresan

sesuai dengan harga admin fast respon",5,1,1762154202,fungsi bekerja dengan baik kondisi barang sesuai permukaan bagus walaupun ada goresan sesuai dengan harga admin fast respon,fungsi bekerja dengan baik kondisi barang sesuai permukaan bagus walaupun ada goresan sesuai dengan harga admin fast respon,18,positive,0.75,123,0.008130081300813009,0.2222222222222222,0.0,0.0,0.0575880758807588,0
asriyahriyahidr,"Fungsi:baik
Kondisi Barang:baik

Alhamdulillah barang sampai dengan baik tidak ada yang rusak",5,0,1731683493,fungsi baik kondisi barang baik alhamdulillah barang sampai dengan baik tidak ada yang rusak,fungsi baik kondisi barang baik alhamdulillah barang sampai dengan baik tidak ada yang rusak,14,negative,0.75,92,0.010869565217391304,0.35714285714285715,0.0,1.0,0.29200310559006215,0
a*****6,Orderan kedua,5,7,1740313991,orderan kedua,orderan kedua,2,neutral,0.55,13,0.0,0.0,0.0,0.0,0.2,0
a*****6,Mantul,5,3,1708243404,mantul,mantul,1,neutral,0.55,6,0.0,0.0,0.0,0.0,0.6,1
arief_mitra,Semoga laptopnya awet.,5,2,1716820325,semoga laptopnya awet,semoga laptopnya awet,3,neutral,0.55,21,0.0,0.0,0.0,0.0,0.0,0
anekamacam_grosir,,5,1,1762154236,,,1,neutral,0.55,0,0.0,0.0,0.0,0.0,0.6,1
lutfihasby26,"paket cepat rapih, laptop di test oke semua",5,0,1728497376,paket cepat rapih laptop di test oke semua,paket cepat rapih laptop di test oke semua,8,positive,0.75,42,0.0,0.0,0.0,0.0,0.0,0
c*****i,"Barangnya berfungsi baik, untuk kabel casannya belum dicobain sih semoga juga berfungsi baik. Semoga awet, pengirimannya juga cepet",5,1,1735540988,barangnya berfungsi baik untuk kabel casannya belum dicobain sih semoga juga berfungsi baik semoga awet pengirimannya juga cepet,barangnya berfungsi baik untuk kabel casannya belum dicobain sih semoga juga berfungsi baik semoga awet pengirimannya juga cepet,18,neutral,0.55,128,0.015625,0.4444444444444444,0.0,0.0,0.1150173611111111,0
jayacctv2024,"Fungsi:baik
Kondisi Barang:baik
Permukaan:baik

Mantap",5,0,1716227252,fungsi baik kondisi barang baik permukaan baik mantap,fungsi baik kondisi barang baik permukaan baik mantap,8,positive,0.75,53,0.018867924528301886,0.375,0.0,0.0,0.09846698113207547,0
a*****6,Biarlah ⭐️⭐️⭐️⭐️⭐️ yg berbicara,5,0,1705754687,biarlah yg berbicara,biarlah yg berbicara,3,neutral,0.55,20,0.0,0.0,0.0,0.0,0.0,0
wahyusodik671,"Fungsi:good
Kondisi Barang:aman rapih
Permukaan:aman",5,0,1733336564,fungsi good kondisi barang aman rapih permukaan aman,fungsi good kondisi barang aman rapih permukaan aman,8,neutral,0.55,52,0.038461538461538464,0.25,0.0,0.0,0.07211538461538461,0
kholilasadi80,Pengemasan aman bagus mantab👍,5,1,1763612785,pengemasan aman bagus mantab,pengemasan aman bagus mantab,4,positive,0.75,28,0.0,0.0,0.0,0.0,0.0,0
a*****6,Orderan ke sembilan,5,1,1711338150,orderan ke sembilan,orderan ke sembilan,3,neutral,0.55,19,0.0,0.0,0.0,0.0,0.0,0
sisyfransiscatholib,Woke mantap amanah lancar jaya abadi sentosa,5,0,1733930428,woke mantap amanah lancar jaya abadi sentosa,woke mantap amanah lancar jaya abadi sentosa,7,positive,0.75,44,0.0,0.0,0.0,0.0,0.0,0
qweenindiii,"Fungsi:baik
Kondisi Barang:baik
Permukaan:baik

thank you kak, realpict,bagus banget❤️",5,0,1741337460,fungsi baik kondisi barang baik permukaan baik thank you kak realpict bagus banget,fungsi baik kondisi barang baik permukaan baik thank you kak realpict bagus banget,13,positive,0.75,82,0.012195121951219513,0.23076923076923078,0.0,0.0,0.060741088180112576,0
n*****s,"Fungsi:beroprasibdengan baik
Kondisi Barang:datang dengan keadaan aman
Permukaan:mulus

Cuma ada 2 tombol yang harus di tekennya aga keras, yg lainnya aman. Untuk cargerannya harus beli us lug nya. ",2,1,1759290550,fungsi beroprasibdengan baik kondisi barang datang dengan keadaan aman permukaan mulus cuma ada 2 tombol yang harus di tekennya aga keras yg lainnya aman untuk cargerannya harus beli us lug nya,fungsi beroprasibdengan baik kondisi barang datang dengan keadaan aman permukaan mulus cuma ada 2 tombol yang harus di tekennya aga keras yg lainnya aman untuk cargerannya harus beli us lug nya,31,neutral,0.55,193,0.025906735751295335,0.12903225806451613,0.0,0.0,0.03873474845395287,0
denurcinta,Lumayan walau TDK 💯% semoga awet .tanjs,5,0,1733362148,lumayan walau tdk semoga awet tanjs,lumayan walau tdk semoga awet tanjs,6,neutral,0.55,35,0.0,0.0,0.0,0.0,0.0,0
arysui30,,5,0,1748259781,,,1,neutral,0.55,0,0.0,0.0,0.0,0.0,0.6,1
chusainb,"Fitur Terbaik:barang bagus meski second masih berkualitas
Sepadan dengan Harga:sesuai lah dengan harga

Awalnya ada eror, tapi bisa diatasi dengan baik, mantap pelayanan juga oke",5,0,1711763850,fitur terbaik barang bagus meski second masih berkualitas sepadan dengan harga sesuai lah dengan harga awalnya ada eror tapi bisa diatasi dengan baik mantap pelayanan juga oke,fitur terbaik barang bagus meski second masih berkualitas sepadan dengan harga sesuai lah dengan harga awalnya ada eror tapi bisa diatasi dengan baik mantap pelayanan juga oke,27,positive,0.75,175,0.0,0.18518518518518517,0.0,0.0,0.046296296296296294,0
d*****e,,5,0,1731409347,,,1,neutral,0.55,0,0.0,0.0,0.0,0.0,0.6,1
akbar_mulia_fariq_3636,"Fungsi:baik
Kondisi Barang:90%mulus ada minus sedikit di bawah ada bekas bekas dan kurang pas pasang casing bawah nya
Permukaan:bagus

Terimakasih juga karena Kaka nya juga ramah dan baik jika di chat rekomendasi dari saya untuk kalian, sukses terus ka untuk ke depan nya langsung saya kasih bintang 🌟🌟🌟🌟🌟  ini belum bisa cas karena kabel powernya kendor ga nyolok",5,0,1728300525,fungsi baik kondisi barang 90 mulus ada minus sedikit di bawah ada bekas bekas dan kurang pas pasang casing bawah nya permukaan bagus terimakasih juga karena kaka nya juga ramah dan baik jika di chat rekomendasi dari saya untuk kalian sukses terus ka untuk ke depan nya langsung saya kasih bintang ini belum bisa cas karena kabel powernya kendor ga nyolok,fungsi baik kondisi barang 90 mulus ada minus sedikit di bawah ada bekas bekas dan kurang pas pasang casing bawah nya permukaan bagus terimakasih juga karena kaka nya juga ramah dan baik jika di chat rekomendasi dari saya untuk kalian sukses terus ka untuk ke depan nya langsung saya kasih bintang ini belum bisa cas karena kabel powernya kendor ga nyolok,61,neutral,0.55,355,0.0028169014084507044,0.3770491803278688,0.0,0.0,0.09496652043407988,0
qiemounte,"Fungsi:beroperasi dengan baik
Kondisi Barang:datang dalam keadaan mulus",5,0,1764500663,fungsi beroperasi dengan baik kondisi barang datang dalam keadaan mulus,fungsi beroperasi dengan baik kondisi barang datang dalam keadaan mulus,10,neutral,0.55,71,0.014084507042253521,0.0,0.0,0.0,0.0035211267605633804,0
harsinifitria93,"Kak katanya keyboad mau di passng stiker. Krnq tulisan kan jepang semua ,saya udh chat ,blom respon
Trus speaker nya sedikit pecah.ya wort it lah karana second.
Cuman pas live mau dinpasang stiker .tapi gak di pasang🙏🙏🙏",5,0,1728644973,kak katanya keyboad mau di passng stiker krnq tulisan kan jepang semua saya udh chat blom respon trus speaker nya sedikit pecah ya wort it lah karana second cuman pas live mau dinpasang stiker tapi gak di pasang,kak katanya keyboad mau di passng stiker krnq tulisan kan jepang semua saya udh chat blom respon trus speaker nya sedikit pecah ya wort it lah karana second cuman pas live mau dinpasang stiker tapi gak di pasang,38,neutral,0.55,211,0.004739336492890996,0.15789473684210525,0.0,0.0,0.04065851833374906,0
gischai,,5,1,1698219056,,,1,neutral,0.55,0,0.0,0.0,0.0,0.0,0.6,1
nacht_,,5,1,1733756012,,,1,neutral,0.55,0,0.0,0.0,0.0,0.0,0.6,1
v*****p,,5,1,1709851761,,,1,neutral,0.55,0,0.0,0.0,0.0,0.0,0.6,1
salmahaida6,"Sepadan dengan Harga:ya
Fitur Terbaik:speaker bagus

Mulus bagus tp minusnya batre cuma kuat ga sampe 1 jam dari 100 ke 0. Cepat panas juga.",4,2,1732958543,sepadan dengan harga ya fitur terbaik speaker bagus mulus bagus tp minusnya batre cuma kuat ga sampe 1 jam dari 100 ke 0 cepat panas juga,sepadan dengan harga ya fitur terbaik speaker bagus mulus bagus tp minusnya batre cuma kuat ga sampe 1 jam dari 100 ke 0 cepat panas juga,26,positive,0.75,137,0.0072992700729927005,0.07692307692307693,0.0,0.0,0.021055586749017408,0
,"Fitur Terbaik:kualitas menurun, tdk mulus pngirimn juga terlambat, kualitas menurut tdk sperti biasanya, padahal saya sudah jadi pelanggan tetap dan sering banget ambil disini, seharusnya lbh diutamakan
Sepadan dengan Harga:fisiknya kurang mulus tp mesinnya masih bagus",4,3,1729013915,fitur terbaik kualitas menurun tdk mulus pngirimn juga terlambat kualitas menurut tdk sperti biasanya padahal saya sudah jadi pelanggan tetap dan sering banget ambil disini seharusnya lbh diutamakan sepadan dengan harga fisiknya kurang mulus tp mesinnya masih bagus,fitur terbaik kualitas menurun tdk mulus pngirimn juga terlambat kualitas menurut tdk sperti biasanya padahal saya sudah jadi pelanggan tetap dan sering banget ambil disini seharusnya lbh diutamakan sepadan dengan harga fisiknya kurang mulus tp mesinnya masih bagus,38,neutral,0.55,265,0.007547169811320755,0.15789473684210525,0.0,0.0,0.0413604766633565,0
d3d3h_4hd1y4h,"Fungsi:baik
Kondisi Barang:mulus
Permukaan:bagus

Kendala hanya di batre selebihnya ok ,baru dipake bbrp hari udah bocor x batre nya di cas ga masuk jadinya harus slalu dicas kalo mau nyala cabut cas udah mati 🤦",5,0,1725326581,fungsi baik kondisi barang mulus permukaan bagus kendala hanya di batre selebihnya ok baru dipake bbrp hari udah bocor x batre nya di cas ga masuk jadinya harus slalu dicas kalo mau nyala cabut cas udah mati,fungsi baik kondisi barang mulus permukaan bagus kendala hanya di batre selebihnya ok baru dipake bbrp hari udah bocor x batre nya di cas ga masuk jadinya harus slalu dicas kalo mau nyala cabut cas udah mati,37,positive,0.75,207,0.00966183574879227,0.21621621621621623,0.0,0.0,0.05646951299125212,0
permana_computer,"Sepadan dengan Harga:jelek

Jangan beli di toko ini, klaim garansi di persulit, batre drop, mic tidak berfungsi dengan baik, laptop nya juga nyetrum kalo di pake sambil di cas, admin wa nya juga slow repon 4 hari baru di balas dengan alasan tutup toko, chat dengan admin di toko shopee nya slow repon",1,20,1763736724,sepadan dengan harga jelek jangan beli di toko ini klaim garansi di persulit batre drop mic tidak berfungsi dengan baik laptop nya juga nyetrum kalo di pake sambil di cas admin wa nya juga slow repon 4 hari baru di balas dengan alasan tutup toko chat dengan admin di toko shopee nya slow repon,sepadan dengan harga jelek jangan beli di toko ini klaim garansi di persulit batre drop mic tidak berfungsi dengan baik laptop nya juga nyetrum kalo di pake sambil di cas admin wa nya juga slow repon 4 hari baru di balas dengan alasan tutup toko chat dengan admin di toko shopee nya slow repon,54,negative,0.75,293,0.0034129692832764505,0.4444444444444444,0.0,0.0,0.11196435343193022,0
r*****2,"Fungsi:Bergantung Pemakaian Sehari-Hari
Kondisi Barang:Laptop Bekas Buatan Jepang
Permukaan:80% Mulus, 20% Lecet Pemakaian, 100% Casing Layar Full Stiker

Pertama kali belanja di toko ini dengan pelayanan yang sebenarnya BISA 100% sangat memuaskan, karena penjual cepat tanggap, sabar menanggapi respon, bertanggungjawab, dan produk yang dikirim ternyata awet selama 2 bulan. Selain itu, penjual mau mengemas cepat dan rapi dengan menggunakan bubble warp, kardus, air bag dan bubble warp lagi. Di tambah bonus tas laptop, mouse dan stiker keyboard. Sayangnya, penjual kurang memperhatikan beberapa hal yang menurunkan kepuasan saya menjadi bintang 3 meskipun minor tapi lumayan krusial, yakni: pertama, tidak diberitahukan jika tipe colokannya adalah berbentuk kotak sehingga saya harus perlu mencari dan membeli dulu konektornya sebelum dipakai; barang yang dikirim ternyata tidak dicek dengan seksama dan akhirnya saya terpaksa menambah dana pengiriman ke toko untuk perbaikan software dan hardware setelah beberapa kali pemakaian yang tidak dibawa kemana-mana; untuk pengaturan software pencahayaan masih tidak berfungsi setelah diperbaiki dari toko yang katanya itu permasalahan bawaan; dan bagi saya kejujuran adminnya masih kurang, karena informasi di chat katanya ""digantikan unit lain"" setelah dikirim bukti video laptop berbeda ke saya. Tapi setelah barangnya dikirim ke saya, ternyata masih tetap unit yang sama setelah saya cek secara teliti dan dilakukan perbandingan (ada buktinya tapi tidak cukup dishare di sini). Sebagai pembelajaran, saya harap pihak penjual benar-benar memperhatikan unit/produk yang akan dikirim dan jangan sampai pihak pembeli harus menambahkan dana atas kelalaian penjual. Selain itu, tanamkan kejujuran No. 1 untuk menyampaikan informasi riil karena kepercayaan, kepuasan dan loyalitas pembeli bergantung pada kualitas layanan yang jujur. Jika laptop yang saya terima ini benar-benar awet lebih dari 1 tahun, mungkin saya lebih merekomendasikan toko ini dan (jika perlu) saya kembali berbelanja di toko ini. Sukses selalu untuk toko ini!",3,1,1751597226,fungsi bergantung pemakaian sehari hari kondisi barang laptop bekas buatan jepang permukaan 80 mulus 20 lecet pemakaian 100 casing layar full stiker pertama kali belanja di toko ini dengan pelayanan yang sebenarnya bisa 100 sangat memuaskan karena penjual cepat tanggap sabar menanggapi respon bertanggungjawab dan produk yang dikirim ternyata awet selama 2 bulan selain itu penjual mau mengemas cepat dan rapi dengan menggunakan bubble warp kardus air bag dan bubble warp lagi di tambah bonus tas laptop mouse dan stiker keyboard sayangnya penjual kurang memperhatikan beberapa hal yang menurunkan kepuasan saya menjadi bintang 3 meskipun minor tapi lumayan krusial yakni pertama tidak diberitahukan jika tipe colokannya adalah berbentuk kotak sehingga saya harus perlu mencari dan membeli dulu konektornya sebelum dipakai barang yang dikirim ternyata tidak dicek dengan seksama dan akhirnya saya terpaksa menambah dana pengiriman ke toko untuk perbaikan software dan hardware setelah beberapa kali pemakaian yang tidak dibawa kemana mana untuk pengaturan software pencahayaan masih tidak berfungsi setelah diperbaiki dari toko yang katanya itu permasalahan bawaan dan bagi saya kejujuran adminnya masih kurang karena informasi di chat katanya digantikan unit lain setelah dikirim bukti video laptop berbeda ke saya tapi setelah barangnya dikirim ke saya ternyata masih tetap unit yang sama setelah saya cek secara teliti dan dilakukan perbandingan ada buktinya tapi tidak cukup dishare di sini sebagai pembelajaran saya harap pihak penjual benar benar memperhatikan unit produk yang akan dikirim dan jangan sampai pihak pembeli harus menambahkan dana atas kelalaian penjual selain itu tanamkan kejujuran no 1 untuk menyampaikan informasi riil karena kepercayaan kepuasan dan loyalitas pembeli bergantung pada kualitas layanan yang jujur jika laptop yang saya terima ini benar benar awet lebih dari 1 tahun mungkin saya lebih merekomendasikan toko ini dan jika perlu saya kembali berbelanja di toko ini sukses selalu untuk toko ini,fungsi bergantung pemakaian sehari hari kondisi barang laptop bekas buatan jepang permukaan 80 mulus 20 lecet pemakaian 100 casing layar full stiker pertama kali belanja di toko ini dengan pelayanan yang sebenarnya bisa 100 sangat memuaskan karena penjual cepat tanggap sabar menanggapi respon bertanggungjawab dan produk yang dikirim ternyata awet selama 2 bulan selain itu penjual mau mengemas cepat dan rapi dengan menggunakan bubble warp kardus air bag dan bubble warp lagi di tambah bonus tas laptop mouse dan stiker keyboard sayangnya penjual kurang memperhatikan beberapa hal yang menurunkan kepuasan saya menjadi bintang 3 meskipun minor tapi lumayan krusial yakni pertama tidak diberitahukan jika tipe colokannya adalah berbentuk kotak sehingga saya harus perlu mencari dan membeli dulu konektornya sebelum dipakai barang yang dikirim ternyata tidak dicek dengan seksama dan akhirnya saya terpaksa menambah dana pengiriman ke toko untuk perbaikan software dan hardware setelah beberapa kali pemakaian yang tidak dibawa kemana mana untuk pengaturan software pencahayaan masih tidak berfungsi setelah diperbaiki dari toko yang katanya itu permasalahan bawaan dan bagi saya kejujuran adminnya masih kurang karena informasi di chat katanya digantikan unit lain setelah dikirim bukti video laptop berbeda ke saya tapi setelah barangnya dikirim ke saya ternyata masih tetap unit yang sama setelah saya cek secara teliti dan dilakukan perbandingan ada buktinya tapi tidak cukup dishare di sini sebagai pembelajaran saya harap pihak penjual benar benar memperhatikan unit produk yang akan dikirim dan jangan sampai pihak pembeli harus menambahkan dana atas kelalaian penjual selain itu tanamkan kejujuran no 1 untuk menyampaikan informasi riil karena kepercayaan kepuasan dan loyalitas pembeli bergantung pada kualitas layanan yang jujur jika laptop yang saya terima ini benar benar awet lebih dari 1 tahun mungkin saya lebih merekomendasikan toko ini dan jika perlu saya kembali berbelanja di toko ini sukses selalu untuk toko ini,298,neutral,0.55,2032,0.008366141732283465,0.5604026845637584,0.0,0.0,0.14219220657401047,0
elisnurjanah22,Bagus sesuai pesanan,5,0,1724921862,bagus sesuai pesanan,bagus sesuai pesanan,3,positive,0.75,20,0.0,0.0,0.0,0.0,0.0,0
s*****r,Semoga awet dan tidak gampang rusak,5,0,1715951466,semoga awet dan tidak gampang rusak,semoga awet dan tidak gampang rusak,6,negative,0.75,35,0.0,0.0,0.0,1.0,0.2,0
adnanthebe91,"Untuk kali ini mengecewakan, beli 2, dua"" nya batre drop !!!",2,3,1744133427,untuk kali ini mengecewakan beli 2 dua nya batre drop,untuk kali ini mengecewakan beli 2 dua nya batre drop,10,negative,0.75,53,0.0,0.0,0.0,0.0,0.0,0
71l13qb2nf,"Fungsi:ada tombol keyboard yang tidak berfungsi dan ternyata keyboard huruf kanji selain itu tidak ada tombol untuk tanda + dan @
Kondisi Barang:ada bagian sebelah atas layar yang sudah keropos",2,0,1760222888,fungsi ada tombol keyboard yang tidak berfungsi dan ternyata keyboard huruf kanji selain itu tidak ada tombol untuk tanda dan kondisi barang ada bagian sebelah atas layar yang sudah keropos,fungsi ada tombol keyboard yang tidak berfungsi dan ternyata keyboard huruf kanji selain itu tidak ada tombol untuk tanda dan kondisi barang ada bagian sebelah atas layar yang sudah keropos,30,negative,0.75,189,0.0,0.43333333333333335,0.0,0.0,0.10833333333333334,0
,,5,0,1704961449,,,1,neutral,0.55,0,0.0,0.0,0.0,0.0,0.6,1
bagusmf1403,,5,0,1715040901,,,1,neutral,0.55,0,0.0,0.0,0.0,0.0,0.6,1
0hrwz6jxcf,"Fungsi:fungsi cahaya nya tidak bisa diubah
Kondisi Barang:ada sedikit lecet
Permukaan:minus nya di cas nya soal nya ada yang patah di tambah lagi mouse nya itu ada patah juga,jadi nya harus belik cas baru",4,0,1729264280,fungsi fungsi cahaya nya tidak bisa diubah kondisi barang ada sedikit lecet permukaan minus nya di cas nya soal nya ada yang patah di tambah lagi mouse nya itu ada patah juga jadi nya harus belik cas baru,fungsi fungsi cahaya nya tidak bisa diubah kondisi barang ada sedikit lecet permukaan minus nya di cas nya soal nya ada yang patah di tambah lagi mouse nya itu ada patah juga jadi nya harus belik cas baru,38,negative,0.75,204,0.004901960784313725,0.4473684210526316,0.0,1.0,0.31306759545923635,0
juhandi_28,,5,0,1709368061,,,1,neutral,0.55,0,0.0,0.0,0.0,0.0,0.6,1
berkat10001,"Fungsi:sementara baik
Kondisi Barang:sementara bagus.
Permukaan:baik

Untuk beso2 blm tau,,semuga bagus",5,0,1723006759,fungsi sementara baik kondisi barang sementara bagus permukaan baik untuk beso2 blm tau semuga bagus,fungsi sementara baik kondisi barang sementara bagus permukaan baik untuk beso2 blm tau semuga bagus,15,positive,0.75,100,0.01,0.4,0.0,0.0,0.10250000000000001,0
7u0m6adnzw,,5,0,1715363390,,,1,neutral,0.55,0,0.0,0.0,0.0,0.0,0.6,1
i*****l,,5,0,1719927094,,,1,neutral,0.55,0,0.0,0.0,0.0,0.0,0.6,1
adnanthebe91,"Pastikan anda update seluruh driver, agar semua berjalan lancar",5,0,1721070109,pastikan anda update seluruh driver agar semua berjalan lancar,pastikan anda update seluruh driver agar semua berjalan lancar,9,neutral,0.55,62,0.0,0.0,0.0,0.0,0.0,0
d*****6,"Fitur Terbaik:lengkap

udah kedua kali order... barang ok..reel sesuai spek dengan harga murah tapi kualitas ok
Packing super aman.. fast respon pengiriman cepat",5,1,1744143562,fitur terbaik lengkap udah kedua kali order barang ok reel sesuai spek dengan harga murah tapi kualitas ok packing super aman fast respon pengiriman cepat,fitur terbaik lengkap udah kedua kali order barang ok reel sesuai spek dengan harga murah tapi kualitas ok packing super aman fast respon pengiriman cepat,25,positive,0.75,154,0.006493506493506494,0.08,0.0,0.0,0.021623376623376624,0
firmanundhari,"Laptop hp elitebook 850 g5, prosesor core i5 gen 8,   layar 15,6 inchi warna silver, ram 8 gb, ssd 256. Murah diharga 2,5 jt, produk mulussssss. Performance sesuai spesifikasi, mantap pokoknya",5,0,1714952526,laptop hp elitebook 850 g5 prosesor core i5 gen 8 layar 15 6 inchi warna silver ram 8 gb ssd 256 murah diharga 2 5 jt produk mulussssss performance sesuai spesifikasi mantap pokoknya,laptop hp elitebook 850 g5 prosesor core i5 gen 8 layar 15 6 inchi warna silver ram 8 gb ssd 256 murah diharga 2 5 jt produk mulussssss performance sesuai spesifikasi mantap pokoknya,33,positive,0.75,182,0.038461538461538464,0.06060606060606061,0.0,0.0,0.024766899766899768,0
putrihijab05,"Fungsi:baik
Kondisi Barang:mulus
Permukaan:mulus

Suka",5,0,1736381587,fungsi baik kondisi barang mulus permukaan mulus suka,fungsi baik kondisi barang mulus permukaan mulus suka,8,neutral,0.55,53,0.018867924528301886,0.25,0.0,0.0,0.06721698113207547,0
fajaragus6040,"Fungsi:beroperasi dgn baik
Kondisi Barang:bagus
Permukaan:bagus

Lagi cek battery health nya",5,0,1732194220,fungsi beroperasi dgn baik kondisi barang bagus permukaan bagus lagi cek battery health nya,fungsi beroperasi dgn baik kondisi barang bagus permukaan bagus lagi cek battery health nya,14,positive,0.75,91,0.02197802197802198,0.14285714285714285,0.0,0.0,0.04120879120879121,0
ratu_faradiba,"Sepadan dengan Harga:betul.. sesuai harganya
Fitur Terbaik:bagus

Maaf blm bisa video kan... Tapi bagus 👍 Terima kasih",5,0,1710642571,sepadan dengan harga betul sesuai harganya fitur terbaik bagus maaf blm bisa video kan tapi bagus terima kasih,sepadan dengan harga betul sesuai harganya fitur terbaik bagus maaf blm bisa video kan tapi bagus terima kasih,18,positive,0.75,110,0.00909090909090909,0.1111111111111111,0.0,0.0,0.03005050505050505,0
r*****z,"Fungsi:normal
Kondisi Barang:normal

Semoga awet untuk kerja
Baru pertama beli online...",4,0,1729936196,fungsi normal kondisi barang normal semoga awet untuk kerja baru pertama beli online,fungsi normal kondisi barang normal semoga awet untuk kerja baru pertama beli online,13,neutral,0.55,84,0.0,0.15384615384615385,0.0,0.0,0.038461538461538464,0
i*****1,"sellernya baik, laptop diterima dengan baik.. lancar teruss kakk, terimakasih 🫶",5,0,1710568996,sellernya baik laptop diterima dengan baik lancar teruss kakk terimakasih,sellernya baik laptop diterima dengan baik lancar teruss kakk terimakasih,10,neutral,0.55,73,0.0410958904109589,0.2,0.0,0.0,0.06027397260273973,0
inolista,"Lumayan bagus,sudah dipakai smeoga awet karena untuk keperluan lembaga skeolah",5,0,1710300605,lumayan bagus sudah dipakai smeoga awet karena untuk keperluan lembaga skeolah,lumayan bagus sudah dipakai smeoga awet karena untuk keperluan lembaga skeolah,11,positive,0.75,78,0.0,0.0,0.0,0.0,0.0,0
,"Kondisi mesin sangat bagus
Cm fisiknya aja yg kurang mulus
Tdk semulus pesanan pertama dan kedua
Mohon diberikan yang terbaik ya buat pelanggan seperti saya 🙋",5,0,1710098953,kondisi mesin sangat bagus cm fisiknya aja yg kurang mulus tdk semulus pesanan pertama dan kedua mohon diberikan yang terbaik ya buat pelanggan seperti saya,kondisi mesin sangat bagus cm fisiknya aja yg kurang mulus tdk semulus pesanan pertama dan kedua mohon diberikan yang terbaik ya buat pelanggan seperti saya,25,neutral,0.55,156,0.00641025641025641,0.0,0.0,0.0,0.0016025641025641025,0
aminudin.setiawan,"seminggu pemakaian sih normal + mulus + lancar jaya, semoga awet ya gan",5,0,1710384989,seminggu pemakaian sih normal mulus lancar jaya semoga awet ya gan,seminggu pemakaian sih normal mulus lancar jaya semoga awet ya gan,11,neutral,0.55,66,0.015151515151515152,0.0,0.0,0.0,0.003787878787878788,0
aghadigital,"Fungsi:semua fungsi sangat baik
Kondisi Barang:mulus banget kayak baru
Permukaan:mulus

Recomended guys",5,0,1719235399,fungsi semua fungsi sangat baik kondisi barang mulus banget kayak baru permukaan mulus recomended guys,fungsi semua fungsi sangat baik kondisi barang mulus banget kayak baru permukaan mulus recomended guys,15,neutral,0.55,102,0.00980392156862745,0.26666666666666666,0.0,0.0,0.06911764705882353,0
,"Fitur Terbaik:kondisi sangat baik, udah banyak kali kulakan disini tdk mngecewakan
Sepadan dengan Harga:sangat sepadan, mantap pokoe",5,0,1697243162,fitur terbaik kondisi sangat baik udah banyak kali kulakan disini tdk mngecewakan sepadan dengan harga sangat sepadan mantap pokoe,fitur terbaik kondisi sangat baik udah banyak kali kulakan disini tdk mngecewakan sepadan dengan harga sangat sepadan mantap pokoe,19,positive,0.75,130,0.0,0.21052631578947367,0.0,0.0,0.05263157894736842,0
e*****r,,5,0,1728571148,,,1,neutral,0.55,0,0.0,0.0,0.0,0.0,0.6,1
agil_cahyo_adi_aryanto,"Fungsi:Fungsi semua
Kondisi Barang:Bagus banget
Permukaan:mulus

Barangnya bagus banget kak saya suka",5,0,1716992935,fungsi fungsi semua kondisi barang bagus banget permukaan mulus barangnya bagus banget kak saya suka,fungsi fungsi semua kondisi barang bagus banget permukaan mulus barangnya bagus banget kak saya suka,15,positive,0.75,100,0.01,0.4,0.0,0.0,0.10250000000000001,0
mastercctv123,"Fitur Terbaik:mantab normal bgus
Sepadan dengan Harga:sepadan brng normal mulus berkualitas

Pesan lagi... Pesan lagi po lagi",5,0,1710572509,fitur terbaik mantab normal bgus sepadan dengan harga sepadan brng normal mulus berkualitas pesan lagi pesan lagi po lagi,fitur terbaik mantab normal bgus sepadan dengan harga sepadan brng normal mulus berkualitas pesan lagi pesan lagi po lagi,19,neutral,0.55,121,0.0,0.47368421052631576,0.0,0.0,0.11842105263157894,0
iz.bolaer,"Maaf spek tidak sesuai dengan deskripsi... 
Saya beli i7 dengan harga sesuai spek,, 
Tapi yang dikasih mapah i5

Minuss chargerr jugaa tidak lengkap,, 
Jadi kondisi laptop belum terpakai sampai sekarang... 

Apakah isi dalam juga sesuai spek? SAYA TIDAK TAHUU.... 😔😔😔

NYESAL BELI DI LAPAK INI... 
HATI HATI GUIS CEK AJA DULU",1,12,1764592800,maaf spek tidak sesuai dengan deskripsi saya beli i7 dengan harga sesuai spek tapi yang dikasih mapah i5 minuss chargerr jugaa tidak lengkap jadi kondisi laptop belum terpakai sampai sekarang apakah isi dalam juga sesuai spek saya tidak tahuu nyesal beli di lapak ini hati hati guis cek aja dulu,maaf spek tidak sesuai dengan deskripsi saya beli i7 dengan harga sesuai spek tapi yang dikasih mapah i5 minuss chargerr jugaa tidak lengkap jadi kondisi laptop belum terpakai sampai sekarang apakah isi dalam juga sesuai spek saya tidak tahuu nyesal beli di lapak ini hati hati guis cek aja dulu,50,neutral,0.55,295,0.01694915254237288,0.34,0.0,0.0,0.08923728813559323,0
a*****a,"Batrai drop,  masih 90% langsung mati, harus sambung charger terus baru bisa dipakai",1,2,1762012767,batrai drop masih 90 langsung mati harus sambung charger terus baru bisa dipakai,batrai drop masih 90 langsung mati harus sambung charger terus baru bisa dipakai,13,neutral,0.55,80,0.0,0.0,0.0,0.0,0.0,0
hery7777,Sedang di test mudah-mudahan tidak ada kendala 🙏,5,0,1716631557,sedang di test mudah mudahan tidak ada kendala,sedang di test mudah mudahan tidak ada kendala,8,negative,0.75,46,0.0,0.0,0.0,1.0,0.2,0
aldinov75,"Thnks, pengiriman gercep sehari lngsng sampai dan unit lancar jaya 👍",5,0,1716214730,thnks pengiriman gercep sehari lngsng sampai dan unit lancar jaya,thnks pengiriman gercep sehari lngsng sampai dan unit lancar jaya,10,neutral,0.55,65,0.0,0.0,0.0,0.0,0.0,0
rumahmeja,,5,1,1697017488,,,1,neutral,0.55,0,0.0,0.0,0.0,0.0,0.6,1
a*****e,"Fungsi:ada
Kondisi Barang:80%
Permukaan:87%

kekurangannya gabisa backlight dan sering banget batre habis padahal ga di pake",5,0,1717680527,fungsi ada kondisi barang 80 permukaan 87 kekurangannya gabisa backlight dan sering banget batre habis padahal ga di pake,fungsi ada kondisi barang 80 permukaan 87 kekurangannya gabisa backlight dan sering banget batre habis padahal ga di pake,19,neutral,0.55,121,0.01652892561983471,0.0,0.0,0.0,0.004132231404958678,0
y*****e,Bagus laptopnya sayang casnya harus cari sambungan lagi,5,0,1691902028,bagus laptopnya sayang casnya harus cari sambungan lagi,bagus laptopnya sayang casnya harus cari sambungan lagi,8,positive,0.75,55,0.0,0.0,0.0,0.0,0.0,0
andri260690,Semoga berkah,5,0,1716788425,semoga berkah,semoga berkah,2,neutral,0.55,13,0.0,0.0,0.0,0.0,0.2,0
d*****d,"Sepadan dengan Harga:sangat Baik
Fitur Terbaik:lancar semua

Laptop termurah dengan spesifikasi diatas rata-rata, lancar jaya semoga awet",5,0,1702352949,sepadan dengan harga sangat baik fitur terbaik lancar semua laptop termurah dengan spesifikasi diatas rata rata lancar jaya semoga awet,sepadan dengan harga sangat baik fitur terbaik lancar semua laptop termurah dengan spesifikasi diatas rata rata lancar jaya semoga awet,20,neutral,0.55,135,0.0,0.3,0.0,0.0,0.075,0
6zvwhnc7zc,"Fungsi:normal
Kondisi Barang:95 %
Permukaan:95 %

Cepat pengirimannya, barang bagus, berfungsi, mouse lumayan bonus, tas bagus. Hanya sambungan colokan ke listrik Tdk ada. Murah harganya. Toko jaga kwalitas. Terima kasih.",5,0,1732010477,fungsi normal kondisi barang 95 permukaan 95 cepat pengirimannya barang bagus berfungsi mouse lumayan bonus tas bagus hanya sambungan colokan ke listrik tdk ada murah harganya toko jaga kwalitas terima kasih,fungsi normal kondisi barang 95 permukaan 95 cepat pengirimannya barang bagus berfungsi mouse lumayan bonus tas bagus hanya sambungan colokan ke listrik tdk ada murah harganya toko jaga kwalitas terima kasih,31,positive,0.75,207,0.00966183574879227,0.1935483870967742,0.0,0.0,0.05080255571139161,0
muh_najih,Top markotop,5,0,1738863774,top markotop,top markotop,2,neutral,0.55,12,0.0,0.0,0.0,0.0,0.2,0
annas_yaqin,"Fungsi:berfungsi dengan baik
Kondisi Barang:buangeus buangett
Permukaan:sangat mulus

Kualitas diatas harga , sangat rekomen sekali",5,0,1745556113,fungsi berfungsi dengan baik kondisi barang buangeus buangett permukaan sangat mulus kualitas diatas harga sangat rekomen sekali,fungsi berfungsi dengan baik kondisi barang buangeus buangett permukaan sangat mulus kualitas diatas harga sangat rekomen sekali,17,neutral,0.55,128,0.015625,0.11764705882352941,0.0,0.0,0.03331801470588235,0
h4ndokogmn,"Fungsi:bagus barangnya, masih layak pakai
Kondisi Barang:mulus 90%
Permukaan:bagus

Trims seller",5,0,1732877525,fungsi bagus barangnya masih layak pakai kondisi barang mulus 90 permukaan bagus trims seller,fungsi bagus barangnya masih layak pakai kondisi barang mulus 90 permukaan bagus trims seller,14,positive,0.75,93,0.021505376344086023,0.14285714285714285,0.0,0.0,0.04109062980030722,0
ngengngenggggggg,kalau ga sambil dicas mati gabisa nyala. dicas pun bisa mati sendiri.,2,1,1733676312,kalau ga sambil dicas mati gabisa nyala dicas pun bisa mati sendiri,kalau ga sambil dicas mati gabisa nyala dicas pun bisa mati sendiri,12,neutral,0.55,67,0.0,0.3333333333333333,0.0,0.0,0.08333333333333333,0
mukidnabat,"Fungsi:berfungsi dengan lancara
Kondisi Barang:datang dalam keadaan normal
Permukaan:mulus

Semua berfungsi dengan baik, hanya kondisi baterai yang kurang tahan",5,0,1749202968,fungsi berfungsi dengan lancara kondisi barang datang dalam keadaan normal permukaan mulus semua berfungsi dengan baik hanya kondisi baterai yang kurang tahan,fungsi berfungsi dengan lancara kondisi barang datang dalam keadaan normal permukaan mulus semua berfungsi dengan baik hanya kondisi baterai yang kurang tahan,22,negative,0.75,158,0.012658227848101266,0.2727272727272727,0.0,1.0,0.2713463751438435,0
boysantoso176,"Barang bagus, cuman keyboard nya ada abjad jepangnya.. tapi mantap...",5,0,1746093865,barang bagus cuman keyboard nya ada abjad jepangnya tapi mantap,barang bagus cuman keyboard nya ada abjad jepangnya tapi mantap,10,positive,0.75,63,0.0,0.0,0.0,0.0,0.0,0
yanwarta,Alhdlh berjalan dengan normal.... Semoga awet,5,0,1732025761,alhdlh berjalan dengan normal semoga awet,alhdlh berjalan dengan normal semoga awet,6,neutral,0.55,41,0.0,0.0,0.0,0.0,0.0,0
wahdaniaayunezz,"Fungsi:baik
Kondisi Barang:barang mulusss
Permukaan:mulus rapi

Packing safety aman",5,0,1747355759,fungsi baik kondisi barang barang mulusss permukaan mulus rapi packing safety aman,fungsi baik kondisi barang barang mulusss permukaan mulus rapi packing safety aman,12,positive,0.75,82,0.036585365853658534,0.16666666666666666,0.0,0.0,0.0508130081300813,0
iiman_y,Bagus banget lo🤩,5,0,1733549112,bagus banget lo,bagus banget lo,3,positive,0.75,15,0.0,0.0,0.0,0.0,0.2,0
c*****n,"Fungsi:berfungsi dengan baik
Kondisi Barang:bagus
Permukaan:bagus, cuman ada goresan dikit di merek

Barangnya bagus, berfungsi dengan baik, aplikasi Microsoft officenya juga lengkap. Kondisi barang mulus, cuman ada goresan dikit di mereknya it's okay karena second..
Terima kasih seller dan kurir, sukses selalu untuk tokonya ❤️",5,0,1742454781,fungsi berfungsi dengan baik kondisi barang bagus permukaan bagus cuman ada goresan dikit di merek barangnya bagus berfungsi dengan baik aplikasi microsoft officenya juga lengkap kondisi barang mulus cuman ada goresan dikit di mereknya it s okay karena second terima kasih seller dan kurir sukses selalu untuk tokonya,fungsi berfungsi dengan baik kondisi barang bagus permukaan bagus cuman ada goresan dikit di merek barangnya bagus berfungsi dengan baik aplikasi microsoft officenya juga lengkap kondisi barang mulus cuman ada goresan dikit di mereknya it s okay karena second terima kasih seller dan kurir sukses selalu untuk tokonya,48,positive,0.75,317,0.00946372239747634,0.4791666666666667,0.0,0.0,0.12215759726603576,0
sopandivasopandiva,"Fungsi:bagus sich,,cuman lagi di otak atik d coba di pakai tiba"" baterai nya abis,,pdhl masih 89 persen
Kondisi Barang:bagus mulus 80. persen
Permukaan:mulus",5,0,1736172055,fungsi bagus sich cuman lagi di otak atik d coba di pakai tiba baterai nya abis pdhl masih 89 persen kondisi barang bagus mulus 80 persen permukaan mulus,fungsi bagus sich cuman lagi di otak atik d coba di pakai tiba baterai nya abis pdhl masih 89 persen kondisi barang bagus mulus 80 persen permukaan mulus,28,positive,0.75,153,0.006535947712418301,0.2857142857142857,0.0,0.0,0.073062558356676,0
ika_febrina_ginting,"Fitur Terbaik:labtop nya
Sepadan dengan Harga:iya

Labtop nya bagus 👍. Mudah mudahan awet",5,0,1694168138,fitur terbaik labtop nya sepadan dengan harga iya labtop nya bagus mudah mudahan awet,fitur terbaik labtop nya sepadan dengan harga iya labtop nya bagus mudah mudahan awet,14,positive,0.75,85,0.0,0.2857142857142857,0.0,0.0,0.07142857142857142,0
mastercctv123,"Fitur Terbaik:mantab berfungsi normal
Sepadan dengan Harga:oke termurah

Semoga awet. Makasih kk",5,0,1713253276,fitur terbaik mantab berfungsi normal sepadan dengan harga oke termurah semoga awet makasih kk,fitur terbaik mantab berfungsi normal sepadan dengan harga oke termurah semoga awet makasih kk,14,neutral,0.55,94,0.010638297872340425,0.0,0.0,0.0,0.0026595744680851063,0
milaardiana,"Sepadan dengan Harga:iya
Fitur Terbaik:bagus

Adminnya kurang respon… di chat-chat ga dibalas sama sekali, semoga aman” aja 🙂
Update terbaru, laptobnya mati hidup mati hidup… dichat kmren ga dibalas… parah bgt ga amanah",2,2,1711423193,sepadan dengan harga iya fitur terbaik bagus adminnya kurang respon di chat chat ga dibalas sama sekali semoga aman aja update terbaru laptobnya mati hidup mati hidup dichat kmren ga dibalas parah bgt ga amanah,sepadan dengan harga iya fitur terbaik bagus adminnya kurang respon di chat chat ga dibalas sama sekali semoga aman aja update terbaru laptobnya mati hidup mati hidup dichat kmren ga dibalas parah bgt ga amanah,35,neutral,0.55,210,0.004761904761904762,0.3142857142857143,0.0,0.0,0.07976190476190476,0
darius1470,"Pesanan sampai dengan baik, tepat waktu sesuai estimasi.",5,0,1718875354,pesanan sampai dengan baik tepat waktu sesuai estimasi,pesanan sampai dengan baik tepat waktu sesuai estimasi,8,positive,0.75,54,0.0,0.0,0.0,0.0,0.0,0
b*****_,Seller fast respon..,5,0,1732283793,seller fast respon,seller fast respon,3,neutral,0.55,18,0.05555555555555555,0.0,0.0,0.0,0.013888888888888888,0
marcwalde214,"Package very well received in adorable time. Product is as described, condition is very good, those white marks as mentioned in the description, not really visible. For a workshop computer as it was ordered, very useful and super practical to handle. 
Thanks a lot to the seller, trust worthy store. Next computer definitely again there 
Terima Kasih",5,0,1751631775,package very well received in adorable time product is as described condition is very good those white marks as mentioned in the description not really visible for a workshop computer as it was ordered very useful and super practical to handle thanks a lot to the seller trust worthy store next computer definitely again there terima kasih,package very well received in adorable time product is as described condition is very good those white marks as mentioned in the description not really visible for a workshop computer as it was ordered very useful and super practical to handle thanks a lot to the seller trust worthy store next computer definitely again there terima kasih,57,neutral,0.55,339,0.011799410029498525,0.3157894736842105,0.0,0.0,0.08189722092842726,0
jayacctv2024,Sip,5,0,1717057316,sip,sip,1,neutral,0.55,3,0.0,0.0,0.2,0.0,0.6599999999999999,1
nanoindrapraja,Bagus banget,5,0,1720429392,bagus banget,bagus banget,2,positive,0.75,12,0.0,0.0,0.0,0.0,0.2,0
andri260690,Semoga normal jaya.,5,0,1735453831,semoga normal jaya,semoga normal jaya,3,neutral,0.55,18,0.0,0.0,0.0,0.0,0.0,0
jayacctv2024,Sip,5,0,1717056840,sip,sip,1,neutral,0.55,3,0.0,0.0,0.2,0.0,0.6599999999999999,1
budipr0810,"Fungsi:normal
Kondisi Barang:istimewa laahhh
Permukaan:mulusss,,, walaupun ada sedikit cuil di bazel bawah kayaknya bekas pemakaian,, tapi semuanya bagussss semoga awet..

Toko ini memang rekomended,, cs nya ramahhh,,, fast reapon,,, safti banget packingannya",5,0,1728651321,fungsi normal kondisi barang istimewa laahhh permukaan mulusss walaupun ada sedikit cuil di bazel bawah kayaknya bekas pemakaian tapi semuanya bagussss semoga awet toko ini memang rekomended cs nya ramahhh fast reapon safti banget packingannya,fungsi normal kondisi barang istimewa laahhh permukaan mulusss walaupun ada sedikit cuil di bazel bawah kayaknya bekas pemakaian tapi semuanya bagussss semoga awet toko ini memang rekomended cs nya ramahhh fast reapon safti banget packingannya,35,neutral,0.55,243,0.04938271604938271,0.0,0.0,0.0,0.012345679012345678,0
mardianto.assyai,Sesuai ekspektasi,5,0,1743668294,sesuai ekspektasi,sesuai ekspektasi,2,positive,0.75,17,0.0,0.0,0.0,0.0,0.0,0
akbaraaa111,"Terimakasih banyak kak, leptop keren dengan dompet sy yg tipis rasanya beruntung banget beli di sini",4,0,1718394252,terimakasih banyak kak leptop keren dengan dompet sy yg tipis rasanya beruntung banget beli di sini,terimakasih banyak kak leptop keren dengan dompet sy yg tipis rasanya beruntung banget beli di sini,16,neutral,0.55,99,0.0,0.0,0.0,0.0,0.0,0
sumiyatiazh,,5,0,1710726049,,,1,neutral,0.55,0,0.0,0.0,0.0,0.0,0.6,1
1*****l,"Fitur Terbaik:sangat
Sepadan dengan Harga:sepadan

Ada sedikit kurang, tombol atau karet trackpad yg di keyboard, pas cel laptop ngk ada. Jadi susah gerakinnya. Kalau bisa ada yg jual di infoin ya gan. Makasih",5,0,1715715201,fitur terbaik sangat sepadan dengan harga sepadan ada sedikit kurang tombol atau karet trackpad yg di keyboard pas cel laptop ngk ada jadi susah gerakinnya kalau bisa ada yg jual di infoin ya gan makasih,fitur terbaik sangat sepadan dengan harga sepadan ada sedikit kurang tombol atau karet trackpad yg di keyboard pas cel laptop ngk ada jadi susah gerakinnya kalau bisa ada yg jual di infoin ya gan makasih,35,negative,0.75,203,0.0049261083743842365,0.2571428571428571,0.0,1.0,0.2655172413793103,0
armen18,"Baguss, lancarrrr, harga bersahabat, bonus Tas dan Mouse. Top Dah...",5,0,1690450507,baguss lancarrrr harga bersahabat bonus tas dan mouse top dah,baguss lancarrrr harga bersahabat bonus tas dan mouse top dah,10,neutral,0.55,61,0.06557377049180328,0.0,0.0,0.0,0.01639344262295082,0
i*****i,"Sepadan dengan Harga:-
Fitur Terbaik:-

Casing atas hasil repaint, agak kasar bagian pinggir ada yg tidak ter cat. Jd kliatan ada 2 cat beda, ada 2 penyok kecil di frame, dan 1 di lobang/ kisi-kisi spiker. Tp laptop normal.",3,2,1723179395,sepadan dengan harga fitur terbaik casing atas hasil repaint agak kasar bagian pinggir ada yg tidak ter cat jd kliatan ada 2 cat beda ada 2 penyok kecil di frame dan 1 di lobang kisi kisi spiker tp laptop normal,sepadan dengan harga fitur terbaik casing atas hasil repaint agak kasar bagian pinggir ada yg tidak ter cat jd kliatan ada 2 cat beda ada 2 penyok kecil di frame dan 1 di lobang kisi kisi spiker tp laptop normal,40,negative,0.75,211,0.004739336492890996,0.275,0.0,0.0,0.06993483412322275,0
agusdailah,,1,0,1748801674,,,1,neutral,0.55,0,0.0,0.0,0.0,0.0,0.6,1
ahmadtaufikmarsaoly,Pemakaian bru 1 minggu baterai bocor,1,5,1765716662,pemakaian bru 1 minggu baterai bocor,pemakaian bru 1 minggu baterai bocor,6,neutral,0.55,36,0.027777777777777776,0.0,0.0,0.0,0.006944444444444444,0
herza.arifin,Fitur Terbaik:patennn,5,0,1705981844,fitur terbaik patennn,fitur terbaik patennn,3,neutral,0.55,21,0.09523809523809523,0.0,0.0,0.0,0.023809523809523808,0
balqiskhairaa,"Mantep banget kak, suka suka suka Sama laptopnya",5,0,1691840321,mantep banget kak suka suka suka sama laptopnya,mantep banget kak suka suka suka sama laptopnya,8,neutral,0.55,47,0.0,0.375,0.0,0.0,0.09375,0
maxcomputerbanyuwangi,"Fungsi:baterai drop di kirim

Baterai drop di kirim , baterai di cas 100% di pakek 67% lagsung mati , baterai drop 
Seller di minta pertanggung jawaban , malah fi ko pensasi 50 rb , baterai harga 160 rb an 

Rekom  buat temen2 hati2 klau beli laptop di toko ini  parahhh",1,2,1745226628,fungsi baterai drop di kirim baterai drop di kirim baterai di cas 100 di pakek 67 lagsung mati baterai drop seller di minta pertanggung jawaban malah fi ko pensasi 50 rb baterai harga 160 rb an rekom buat temen2 hati2 klau beli laptop di toko ini parahhh,fungsi baterai drop di kirim baterai drop di kirim baterai di cas 100 di pakek 67 lagsung mati baterai drop seller di minta pertanggung jawaban malah fi ko pensasi 50 rb baterai harga 160 rb an rekom buat temen2 hati2 klau beli laptop di toko ini parahhh,47,neutral,0.55,254,0.01968503937007874,0.3829787234042553,0.0,0.0,0.10066594069358352,0
a*****g,"setelah beberapa hari penggunaan, baru sadar keyboard rusak dan tidak berfungsi dengan baik, battery jg cm tahan 5mnt an, untuk kegunaan sehari2 masih belum ada kendala lagi terimakasih banyak :)",1,20,1749107063,setelah beberapa hari penggunaan baru sadar keyboard rusak dan tidak berfungsi dengan baik battery jg cm tahan 5mnt an untuk kegunaan sehari2 masih belum ada kendala lagi terimakasih banyak,setelah beberapa hari penggunaan baru sadar keyboard rusak dan tidak berfungsi dengan baik battery jg cm tahan 5mnt an untuk kegunaan sehari2 masih belum ada kendala lagi terimakasih banyak,29,negative,0.75,189,0.021164021164021163,0.0,0.0,0.0,0.005291005291005291,0
d*****d,"Barang berfungsi dengan baik, sesuai dengan deskripsi",5,0,1739623684,barang berfungsi dengan baik sesuai dengan deskripsi,barang berfungsi dengan baik sesuai dengan deskripsi,7,positive,0.75,52,0.0,0.2857142857142857,0.0,0.0,0.07142857142857142,0
awanndra,"Fungsi:ok
Kondisi Barang:ok
Permukaan:bagus

Berfungsi smoga awet",5,0,1733833258,fungsi ok kondisi barang ok permukaan bagus berfungsi smoga awet,fungsi ok kondisi barang ok permukaan bagus berfungsi smoga awet,10,positive,0.75,64,0.015625,0.2,0.0,0.0,0.05390625,0
f*****f,"Fungsi:Nirmal
Kondisi Barang:Baik
Permukaan:Baik

Alhamdulillah. Baik dan lancar.",5,0,1716505497,fungsi nirmal kondisi barang baik permukaan baik alhamdulillah baik dan lancar,fungsi nirmal kondisi barang baik permukaan baik alhamdulillah baik dan lancar,11,neutral,0.55,78,0.02564102564102564,0.2727272727272727,0.0,0.0,0.07459207459207459,0
taufiqpriathma,"Fitur Terbaik:Sezuai

Sesuai, amanah",5,0,1710664266,fitur terbaik sezuai sesuai amanah,fitur terbaik sezuai sesuai amanah,5,positive,0.75,34,0.0,0.0,0.0,0.0,0.0,0
kakaarya07,"Fungsi:beroperasi dengan baik
Kondisi Barang:mulus
Permukaan:mikus

cakep banget sumpah",5,0,1718974462,fungsi beroperasi dengan baik kondisi barang mulus permukaan mikus cakep banget sumpah,fungsi beroperasi dengan baik kondisi barang mulus permukaan mikus cakep banget sumpah,12,neutral,0.55,86,0.011627906976744186,0.0,0.0,0.0,0.0029069767441860465,0
i*****k,"Fungsi:mantap
Kondisi Barang:mulus
Permukaan:baguus",5,0,1735871006,fungsi mantap kondisi barang mulus permukaan baguus,fungsi mantap kondisi barang mulus permukaan baguus,7,positive,0.75,51,0.0392156862745098,0.0,0.0,0.0,0.00980392156862745,0
achmadkusairi676,Barang mulus,5,0,1708090834,barang mulus,barang mulus,2,neutral,0.55,12,0.0,0.0,0.0,0.0,0.2,0
subagiyospdi,"Kondisi Barang:bagua
Permukaan:baik
Fungsi:key board salah mestinya QWERTY ini QWERTZ, Huruf Y ketuker Z.

Fungsi:key board salah mestinya KWERTY ini KWERTZ, Huruf Y ketuker Z.
Kondisi Barang:bagus jasa telat datang
Permukaan:baik",3,0,1722853305,kondisi barang bagua permukaan baik fungsi key board salah mestinya qwerty ini qwertz huruf y ketuker z fungsi key board salah mestinya kwerty ini kwertz huruf y ketuker z kondisi barang bagus jasa telat datang permukaan baik,kondisi barang bagua permukaan baik fungsi key board salah mestinya qwerty ini qwertz huruf y ketuker z fungsi key board salah mestinya kwerty ini kwertz huruf y ketuker z kondisi barang bagus jasa telat datang permukaan baik,37,positive,0.75,225,0.008888888888888889,0.7567567567567568,0.0,0.0,0.1914114114114114,0
laela2911,"Kondisi Barang:mulusss

Thanks semoga awet",5,0,1733653869,kondisi barang mulusss thanks semoga awet,kondisi barang mulusss thanks semoga awet,6,neutral,0.55,41,0.04878048780487805,0.0,0.0,0.0,0.012195121951219513,0
balqiskhairaa,"Sepadan dengan Harga:bagus sesuai sekali
Fitur Terbaik:mantap banget",5,0,1690037453,sepadan dengan harga bagus sesuai sekali fitur terbaik mantap banget,sepadan dengan harga bagus sesuai sekali fitur terbaik mantap banget,10,positive,0.75,68,0.0,0.0,0.0,0.0,0.0,0
eratech_komputer,"Kondisi fisik dan mesin gk masalah, tp baterai masih 85% langsung mati. Di charge ulang baru 12% loncat ke 100%, tp gk bisa komplain baterai karena gk ada video unboxing.",1,0,1720762592,kondisi fisik dan mesin gk masalah tp baterai masih 85 langsung mati di charge ulang baru 12 loncat ke 100 tp gk bisa komplain baterai karena gk ada video unboxing,kondisi fisik dan mesin gk masalah tp baterai masih 85 langsung mati di charge ulang baru 12 loncat ke 100 tp gk bisa komplain baterai karena gk ada video unboxing,30,neutral,0.55,163,0.006134969325153374,0.23333333333333334,0.0,0.0,0.059867075664621676,0
f*****.,"speknya sesuai, cuma ada sedikit kendala dibaterainya hanya bertahan kurang lebih 30 menit",4,0,1709407355,speknya sesuai cuma ada sedikit kendala dibaterainya hanya bertahan kurang lebih 30 menit,speknya sesuai cuma ada sedikit kendala dibaterainya hanya bertahan kurang lebih 30 menit,13,neutral,0.55,89,0.0,0.0,0.0,0.0,0.0,0
yunaseh,"Fungsi:standar sesuai harga
Kondisi Barang:blm di coba
Permukaan:agak penyot bodi depan",3,0,1732092719,fungsi standar sesuai harga kondisi barang blm di coba permukaan agak penyot bodi depan,fungsi standar sesuai harga kondisi barang blm di coba permukaan agak penyot bodi depan,14,positive,0.75,87,0.011494252873563218,0.0,0.0,0.0,0.0028735632183908046,0
ernaarsylla,"Barang sudah diterima, mantap semoga sukses selalu buat seller",5,0,1754039381,barang sudah diterima mantap semoga sukses selalu buat seller,barang sudah diterima mantap semoga sukses selalu buat seller,9,positive,0.75,61,0.01639344262295082,0.0,0.0,0.0,0.004098360655737705,0
marhamah.aqil,"Fungsi:rusak, dari awal dikirim barang rusak, disuruh beli baterai sy udh beli dan ganti ttp ga nyala, udah tau rusak dikirim. Beli baterai jg ga diganti duitnya, katanya mau diganti
Kondisi Barang:murah tp rusak buat apa",1,2,1745850585,fungsi rusak dari awal dikirim barang rusak disuruh beli baterai sy udh beli dan ganti ttp ga nyala udah tau rusak dikirim beli baterai jg ga diganti duitnya katanya mau diganti kondisi barang murah tp rusak buat apa,fungsi rusak dari awal dikirim barang rusak disuruh beli baterai sy udh beli dan ganti ttp ga nyala udah tau rusak dikirim beli baterai jg ga diganti duitnya katanya mau diganti kondisi barang murah tp rusak buat apa,38,negative,0.75,216,0.004629629629629629,0.4473684210526316,0.0,0.0,0.11299951267056531,0
99herdhan,"Fungsi:lom d.cek
Kondisi Barang:90%
Permukaan:90%

Smoga awet & nermanfaat",4,0,1719815371,fungsi lom d cek kondisi barang 90 permukaan 90 smoga awet nermanfaat,fungsi lom d cek kondisi barang 90 permukaan 90 smoga awet nermanfaat,12,neutral,0.55,69,0.028985507246376812,0.16666666666666666,0.0,0.0,0.048913043478260865,0
punkbribantul,"Fungsi:fungsi semua
Kondisi Barang:kliatan bekas mulus 75%
Permukaan:75%

Normal tp brg tdk mukus",4,0,1731553444,fungsi fungsi semua kondisi barang kliatan bekas mulus 75 permukaan 75 normal tp brg tdk mukus,fungsi fungsi semua kondisi barang kliatan bekas mulus 75 permukaan 75 normal tp brg tdk mukus,16,neutral,0.55,94,0.010638297872340425,0.25,0.0,0.0,0.06515957446808511,0
d*****2,Sepadan dengan Harga:sepadan,5,0,1709277714,sepadan dengan harga sepadan,sepadan dengan harga sepadan,4,neutral,0.55,28,0.0,0.5,0.0,0.0,0.125,0
r*****h,,4,0,1719465755,,,1,neutral,0.55,0,0.0,0.0,0.0,0.0,0.6,1
s*****a,"Fungsi:Tidak sesuai harapan
Kondisi Barang:Layar sering mati sendiri, Baterai cuma bertahan 20 menit.
Permukaan:lumayan mulus

Saya kasih review jujur saja. 
LCD bukan original, layar sering mati sendiri,
Sebenernya suruh retur, tapi harusnya PENJUAL info kalau ada minusnya.
Masa iyaa sebelum kirim ga dicoba.
Kalau orang beli ga dipakai kerja bisa langsung retur, bisa santai nunggu.
Beli pertama sudah langsung kecewa, dapat yg ga sesuai harapan.
Keyboard juga bukan yg backlight alias bukan aslinya.
Buat penjual, kasih info kalau ada minusnya, disitu kejujuran penjual mesti dijaga.",3,0,1722849449,fungsi tidak sesuai harapan kondisi barang layar sering mati sendiri baterai cuma bertahan 20 menit permukaan lumayan mulus saya kasih review jujur saja lcd bukan original layar sering mati sendiri sebenernya suruh retur tapi harusnya penjual info kalau ada minusnya masa iyaa sebelum kirim ga dicoba kalau orang beli ga dipakai kerja bisa langsung retur bisa santai nunggu beli pertama sudah langsung kecewa dapat yg ga sesuai harapan keyboard juga bukan yg backlight alias bukan aslinya buat penjual kasih info kalau ada minusnya disitu kejujuran penjual mesti dijaga,fungsi tidak sesuai harapan kondisi barang layar sering mati sendiri baterai cuma bertahan 20 menit permukaan lumayan mulus saya kasih review jujur saja lcd bukan original layar sering mati sendiri sebenernya suruh retur tapi harusnya penjual info kalau ada minusnya masa iyaa sebelum kirim ga dicoba kalau orang beli ga dipakai kerja bisa langsung retur bisa santai nunggu beli pertama sudah langsung kecewa dapat yg ga sesuai harapan keyboard juga bukan yg backlight alias bukan aslinya buat penjual kasih info kalau ada minusnya disitu kejujuran penjual mesti dijaga,88,neutral,0.55,569,0.005272407732864675,0.4772727272727273,0.0,0.0,0.120636283751398,0
i*****t,"Fungsi:ok
Kondisi Barang:ok
Permukaan:ok",5,0,1734359776,fungsi ok kondisi barang ok permukaan ok,fungsi ok kondisi barang ok permukaan ok,7,neutral,0.55,40,0.025,0.42857142857142855,0.0,0.0,0.11339285714285714,0
yulisiburian090,"Sepadan dengan Harga:sepadan
Fitur Terbaik:menarik",4,0,1702979360,sepadan dengan harga sepadan fitur terbaik menarik,sepadan dengan harga sepadan fitur terbaik menarik,7,neutral,0.55,50,0.0,0.2857142857142857,0.0,0.0,0.07142857142857142,0
yudisugardata,Produk baik,5,0,1709562962,produk baik,produk baik,2,neutral,0.55,11,0.0,0.0,0.0,0.0,0.2,0
_gsda5fxtg,"Fungsi:suara speakernya pecah, semalam digunain masih bgus bgus aja
Kondisi Barang:bgus ",1,0,1745214446,fungsi suara speakernya pecah semalam digunain masih bgus bgus aja kondisi barang bgus,fungsi suara speakernya pecah semalam digunain masih bgus bgus aja kondisi barang bgus,13,neutral,0.55,86,0.0,0.23076923076923078,0.0,0.0,0.057692307692307696,0
shevasaanjosss,"Unit Lecet2, ada bekas Benturannya juga",3,3,1715554524,unit lecet2 ada bekas benturannya juga,unit lecet2 ada bekas benturannya juga,6,neutral,0.55,38,0.02631578947368421,0.0,0.0,0.0,0.006578947368421052,0
indah_grosir.id,"barang pecah"" dikirim..dasar.. sdh tiap kali langganan.. malah begitu",1,0,1735178871,barang pecah dikirim dasar sdh tiap kali langganan malah begitu,barang pecah dikirim dasar sdh tiap kali langganan malah begitu,10,neutral,0.55,63,0.015873015873015872,0.0,0.0,0.0,0.003968253968253968,0
a*****6,laptopnya mati gabisa nyala👎🏻,4,0,1732161651,laptopnya mati gabisa nyala,laptopnya mati gabisa nyala,4,neutral,0.55,27,0.0,0.0,0.0,0.0,0.0,0
rizalmr21,,4,0,1721377815,,,1,neutral,0.55,0,0.0,0.0,0.0,0.0,0.6,1
n*****a,Ada 1 tombol tidak berfungsi,4,0,1719328088,ada 1 tombol tidak berfungsi,ada 1 tombol tidak berfungsi,5,negative,0.75,28,0.0,0.0,0.0,1.0,0.2,0
b*****z,Seauai dgn harga,5,0,1754195279,seauai dgn harga,seauai dgn harga,3,neutral,0.55,16,0.0,0.0,0.0,0.0,0.0,0
rifki_andreza,Barang bekas dari luar di kira dari indo,3,0,1752492018,barang bekas dari luar di kira dari indo,barang bekas dari luar di kira dari indo,8,neutral,0.55,40,0.0,0.25,0.0,0.0,0.0625,0
zakiyahnonok,"Fungsi:berfungsi dengan baik
Kondisi Barang:ada sedikit lecet
Permukaan:baik

Alhamdulillah hari minggu kemarin sore laptopnya sampe rumah. 
mudah""n awet kedepanya 🥰🤲🏻
terima kasih",5,0,1765175639,fungsi berfungsi dengan baik kondisi barang ada sedikit lecet permukaan baik alhamdulillah hari minggu kemarin sore laptopnya sampe rumah mudah n awet kedepanya terima kasih,fungsi berfungsi dengan baik kondisi barang ada sedikit lecet permukaan baik alhamdulillah hari minggu kemarin sore laptopnya sampe rumah mudah n awet kedepanya terima kasih,25,neutral,0.55,173,0.017341040462427744,0.08,0.0,0.0,0.024335260115606938,0
fuzillesmana,"Fungsi:iya
Kondisi Barang:not bad
Permukaan:aduhai

sesuai harga👍👍👍👍👍👍",5,0,1762500197,fungsi iya kondisi barang not bad permukaan aduhai sesuai harga,fungsi iya kondisi barang not bad permukaan aduhai sesuai harga,10,positive,0.75,63,0.015873015873015872,0.0,0.0,0.0,0.003968253968253968,0
o*****8,"Fungsi:beroperasi dengan lancar
Kondisi Barang:datang dalam keadaan mulus
Permukaan:mulus

Laptop nya bagus dan kondisinya juga masih bagus seperti baru, penjualnya Baik dan ramah.",5,0,1764474116,fungsi beroperasi dengan lancar kondisi barang datang dalam keadaan mulus permukaan mulus laptop nya bagus dan kondisinya juga masih bagus seperti baru penjualnya baik dan ramah,fungsi beroperasi dengan lancar kondisi barang datang dalam keadaan mulus permukaan mulus laptop nya bagus dan kondisinya juga masih bagus seperti baru penjualnya baik dan ramah,26,positive,0.75,177,0.011299435028248588,0.23076923076923078,0.0,0.0,0.060517166449369844,0
devaumarsyah,"Fungsi:berfungsi dengan baik
Kondisi Barang:kondisi barang bagus tapi ada seperti tempelan di logo HP nya.
Permukaan:mulus dan ga ada cacat

Sejauh ini masih aman dan spesifikasinya sesuai dengan deskripsi. Semoga awet dan tahan lama untuk nugas skripsi selama kuliah!",5,0,1762834331,fungsi berfungsi dengan baik kondisi barang kondisi barang bagus tapi ada seperti tempelan di logo hp nya permukaan mulus dan ga ada cacat sejauh ini masih aman dan spesifikasinya sesuai dengan deskripsi semoga awet dan tahan lama untuk nugas skripsi selama kuliah,fungsi berfungsi dengan baik kondisi barang kondisi barang bagus tapi ada seperti tempelan di logo hp nya permukaan mulus dan ga ada cacat sejauh ini masih aman dan spesifikasinya sesuai dengan deskripsi semoga awet dan tahan lama untuk nugas skripsi selama kuliah,42,positive,0.75,264,0.003787878787878788,0.2619047619047619,0.0,0.0,0.06642316017316018,0
,"Sepadan dengan Harga:harga sangat ok
Fitur Terbaik:kondisi bagus

Cocok dibuat langganan",5,0,1699272834,sepadan dengan harga harga sangat ok fitur terbaik kondisi bagus cocok dibuat langganan,sepadan dengan harga harga sangat ok fitur terbaik kondisi bagus cocok dibuat langganan,13,positive,0.75,87,0.011494252873563218,0.15384615384615385,0.0,0.0,0.041335101679929265,0
syamsurisr,"Layar ada memar seperti,dan tombol keybord tidak sesuai apa yang di ketik.keybordnya tidak ori.pernah bongkar.di keterangan ori,tidak sesusi diskripsi",1,10,1719764609,layar ada memar seperti dan tombol keybord tidak sesuai apa yang di ketik keybordnya tidak ori pernah bongkar di keterangan ori tidak sesusi diskripsi,layar ada memar seperti dan tombol keybord tidak sesuai apa yang di ketik keybordnya tidak ori pernah bongkar di keterangan ori tidak sesusi diskripsi,24,neutral,0.55,150,0.0,0.2916666666666667,0.0,0.0,0.07291666666666667,0
,"Fitur Terbaik:spesifikasi tdk sesuai

Order 2 unit laptop 256gb yg datang 240gb
Admin kurang responsif
Jawaban tdk memuaskan
256 itu sm dengan 240
itu jawaban model bgmn❓❓❓
Fisik udah skotletan
Seharusnya user seperti saya diberikan produk yg baik dan respon yg baik jg",1,6,1746381249,fitur terbaik spesifikasi tdk sesuai order 2 unit laptop 256gb yg datang 240gb admin kurang responsif jawaban tdk memuaskan 256 itu sm dengan 240 itu jawaban model bgmn fisik udah skotletan seharusnya user seperti saya diberikan produk yg baik dan respon yg baik jg,fitur terbaik spesifikasi tdk sesuai order 2 unit laptop 256gb yg datang 240gb admin kurang responsif jawaban tdk memuaskan 256 itu sm dengan 240 itu jawaban model bgmn fisik udah skotletan seharusnya user seperti saya diberikan produk yg baik dan respon yg baik jg,44,neutral,0.55,265,0.0,0.25,0.0,0.0,0.0625,0
aderock20,"Fitur Terbaik:terbaik
Sepadan dengan Harga:sepadan

Laptopnya cukup bagus dengan harga segitu, prosesor nya masih bagus penyimpanan oke, proses masuknya ndk lama. Hanya memang perlu di lakukan update windows sama aktivasi Windows. Untuk baterainya kemungkinan udh bocor soalnya ndk lama habis dan ngecas nya juga ndk lama jadi dipastikan bocor. Untuk fungsi sensor fingerprint nya kayak udh ndk bagus soalnya udh di coba beberapa kali nyobanya ndk bisa terdeteksi. Untuk yg lain masih aman",5,0,1709650417,fitur terbaik terbaik sepadan dengan harga sepadan laptopnya cukup bagus dengan harga segitu prosesor nya masih bagus penyimpanan oke proses masuknya ndk lama hanya memang perlu di lakukan update windows sama aktivasi windows untuk baterainya kemungkinan udh bocor soalnya ndk lama habis dan ngecas nya juga ndk lama jadi dipastikan bocor untuk fungsi sensor fingerprint nya kayak udh ndk bagus soalnya udh di coba beberapa kali nyobanya ndk bisa terdeteksi untuk yg lain masih aman,fitur terbaik terbaik sepadan dengan harga sepadan laptopnya cukup bagus dengan harga segitu prosesor nya masih bagus penyimpanan oke proses masuknya ndk lama hanya memang perlu di lakukan update windows sama aktivasi windows untuk baterainya kemungkinan udh bocor soalnya ndk lama habis dan ngecas nya juga ndk lama jadi dipastikan bocor untuk fungsi sensor fingerprint nya kayak udh ndk bagus soalnya udh di coba beberapa kali nyobanya ndk bisa terdeteksi untuk yg lain masih aman,75,neutral,0.55,482,0.0,0.5066666666666667,0.0,0.0,0.12666666666666668,0
edycikko,"Brg gak gitu baru lagi. Tp diskin sticker biar nampak agak baru, Tp skinnya krg rapi. Sudah bongkaran, keyboard sprtnya tdk lagi ori tp berfungsi baik. Kl segi fungsi, Semua berfungsi lumayan bagus . Specnya yg dikirim juga sesuai. Hanya berkata apa adanya bro. Semoga kedepannya lbh baik dan sesuai ekspetasi dan deskripsi",4,1,1717185963,brg gak gitu baru lagi tp diskin sticker biar nampak agak baru tp skinnya krg rapi sudah bongkaran keyboard sprtnya tdk lagi ori tp berfungsi baik kl segi fungsi semua berfungsi lumayan bagus specnya yg dikirim juga sesuai hanya berkata apa adanya bro semoga kedepannya lbh baik dan sesuai ekspetasi dan deskripsi,brg gak gitu baru lagi tp diskin sticker biar nampak agak baru tp skinnya krg rapi sudah bongkaran keyboard sprtnya tdk lagi ori tp berfungsi baik kl segi fungsi semua berfungsi lumayan bagus specnya yg dikirim juga sesuai hanya berkata apa adanya bro semoga kedepannya lbh baik dan sesuai ekspetasi dan deskripsi,52,positive,0.75,313,0.006389776357827476,0.28846153846153844,0.0,0.0,0.07371282870484147,0
m*****n,"Sepadan dengan Harga:yg ini lecetnya lumayan nampak banyak, gak kayak yg biasanya
Fitur Terbaik:fitur sesuai harus tambah instal apk sendiri, blueotooth dll

Bonus mouse selalu pecah hancur lebur ntah bagaimana. 
Minum kita harus selalu cari tambahan kepala buat charging. Order ke 3x nya . 
Mau ke 4x.

Pengiriman expedisi jne cargo. Mhn dirubah kalau mau nambah pelanggan. Karna benar2 lelet.",5,0,1695666983,sepadan dengan harga yg ini lecetnya lumayan nampak banyak gak kayak yg biasanya fitur terbaik fitur sesuai harus tambah instal apk sendiri blueotooth dll bonus mouse selalu pecah hancur lebur ntah bagaimana minum kita harus selalu cari tambahan kepala buat charging order ke 3x nya mau ke 4x pengiriman expedisi jne cargo mhn dirubah kalau mau nambah pelanggan karna benar2 lelet,sepadan dengan harga yg ini lecetnya lumayan nampak banyak gak kayak yg biasanya fitur terbaik fitur sesuai harus tambah instal apk sendiri blueotooth dll bonus mouse selalu pecah hancur lebur ntah bagaimana minum kita harus selalu cari tambahan kepala buat charging order ke 3x nya mau ke 4x pengiriman expedisi jne cargo mhn dirubah kalau mau nambah pelanggan karna benar2 lelet,61,positive,0.75,380,0.007894736842105263,0.19672131147540983,0.0,0.0,0.05115401207937877,0
a*****1,"Fungsi:sesuai dekripsi
Kondisi Barang:sesuai dekripsi
Permukaan:mulus sesuai dekripsi

Sesuai dekripsi dan spesifikasinya seller ramah respon cepat packingnya rapi dan aman kurir ramah pengiriman sangat baik terima kasih paketnya telah saya terima gan sudah dicoba dan dihidupkan saat normal dan aman aman saja mudah mudahan awet",5,0,1717254079,fungsi sesuai dekripsi kondisi barang sesuai dekripsi permukaan mulus sesuai dekripsi sesuai dekripsi dan spesifikasinya seller ramah respon cepat packingnya rapi dan aman kurir ramah pengiriman sangat baik terima kasih paketnya telah saya terima gan sudah dicoba dan dihidupkan saat normal dan aman aman saja mudah mudahan awet,fungsi sesuai dekripsi kondisi barang sesuai dekripsi permukaan mulus sesuai dekripsi sesuai dekripsi dan spesifikasinya seller ramah respon cepat packingnya rapi dan aman kurir ramah pengiriman sangat baik terima kasih paketnya telah saya terima gan sudah dicoba dan dihidupkan saat normal dan aman aman saja mudah mudahan awet,48,positive,0.75,328,0.009146341463414634,0.3958333333333333,0.0,0.0,0.10124491869918699,0
suheri465,"Fungsi:Beroperasi dengan baik
Kondisi Barang:oke..bagusssss,ya gores dikit mah wajar wajar aja,namanya second
Permukaan:mulussssss

Awalnya sempet ragu...tapi admin nya gercep..tanya jawab..jadi makin yakin aja mo check out barang di toko ini..makasih ya min..moga laptop nya awetttt 🥰🥰💕🤗✌️
(Pokok jangan ragu daaahhhh)",5,0,1717175869,fungsi beroperasi dengan baik kondisi barang oke bagusssss ya gores dikit mah wajar wajar aja namanya second permukaan mulussssss awalnya sempet ragu tapi admin nya gercep tanya jawab jadi makin yakin aja mo check out barang di toko ini makasih ya min moga laptop nya awetttt pokok jangan ragu daaahhhh,fungsi beroperasi dengan baik kondisi barang oke bagusssss ya gores dikit mah wajar wajar aja namanya second permukaan mulussssss awalnya sempet ragu tapi admin nya gercep tanya jawab jadi makin yakin aja mo check out barang di toko ini makasih ya min moga laptop nya awetttt pokok jangan ragu daaahhhh,50,neutral,0.55,302,0.059602649006622516,0.24,0.0,0.0,0.07490066225165562,0
fahrojie,"Fitur Terbaik:alhamdulillaah mendarat dengan selamat. 
Sepadan dengan Harga:oke

Sempat ragu pas sambungan colokan (plug US) ga ada. Harus beli sendiri. Tapi oke lah. Dinyalakan sebentar indikator baterai awalnya penuh tapi 10 menit drop. Tapi setelah dicas kurleb 1 jam, alhamdulillaah awet di tes YouTube. ",5,0,1714049618,fitur terbaik alhamdulillaah mendarat dengan selamat sepadan dengan harga oke sempat ragu pas sambungan colokan plug us ga ada harus beli sendiri tapi oke lah dinyalakan sebentar indikator baterai awalnya penuh tapi 10 menit drop tapi setelah dicas kurleb 1 jam alhamdulillaah awet di tes youtube,fitur terbaik alhamdulillaah mendarat dengan selamat sepadan dengan harga oke sempat ragu pas sambungan colokan plug us ga ada harus beli sendiri tapi oke lah dinyalakan sebentar indikator baterai awalnya penuh tapi 10 menit drop tapi setelah dicas kurleb 1 jam alhamdulillaah awet di tes youtube,46,neutral,0.55,296,0.013513513513513514,0.1956521739130435,0.0,0.0,0.05229142185663925,0
a*****i,"Fitur Terbaik:lumayan bagus
Sepadan dengan Harga:lumayan

Paketnya sdh sampai disini dengan baik tanpa cacat sedikitpun karena dibungkus dengan rapi bangets... Sayangnya videonya gak bisa full sampai akhir😁😃😄🤭. Laptop nya blm di restart bagus or tidak semua aplikasinya, tombol""nya. Thanks You Shopee n sukses trus buat penjualnya 😇😇",3,0,1715772745,fitur terbaik lumayan bagus sepadan dengan harga lumayan paketnya sdh sampai disini dengan baik tanpa cacat sedikitpun karena dibungkus dengan rapi bangets sayangnya videonya gak bisa full sampai akhir laptop nya blm di restart bagus or tidak semua aplikasinya tombol nya thanks you shopee n sukses trus buat penjualnya,fitur terbaik lumayan bagus sepadan dengan harga lumayan paketnya sdh sampai disini dengan baik tanpa cacat sedikitpun karena dibungkus dengan rapi bangets sayangnya videonya gak bisa full sampai akhir laptop nya blm di restart bagus or tidak semua aplikasinya tombol nya thanks you shopee n sukses trus buat penjualnya,49,positive,0.75,319,0.006269592476489028,0.22448979591836735,0.0,0.0,0.057689847098714095,0
a*****i,"Fungsi:Baik
Kondisi Barang:80%
Permukaan:Ada lecet pemakaian normal

Laptop berfungsi dengan baik, dapet potongan 333rb krn co pas 6.6. Pengiriman pakai instant cuma setengah jam aman sampai tujuan. Kondisi mulus 80%, masih ada lecet pemakaian di bagian sisi dan belakang. Admin fast respon baik sekali.",5,0,1717912562,fungsi baik kondisi barang 80 permukaan ada lecet pemakaian normal laptop berfungsi dengan baik dapet potongan 333rb krn co pas 6 6 pengiriman pakai instant cuma setengah jam aman sampai tujuan kondisi mulus 80 masih ada lecet pemakaian di bagian sisi dan belakang admin fast respon baik sekali,fungsi baik kondisi barang 80 permukaan ada lecet pemakaian normal laptop berfungsi dengan baik dapet potongan 333rb krn co pas 6 6 pengiriman pakai instant cuma setengah jam aman sampai tujuan kondisi mulus 80 masih ada lecet pemakaian di bagian sisi dan belakang admin fast respon baik sekali,48,neutral,0.55,294,0.01020408163265306,0.3125,0.0,0.0,0.08067602040816327,0
citrawatiscym,"Fungsi:barang bekerja dengan baik
Permukaan:Mulus
Kondisi Barang:Datang dalam keadaan mulus

Alhamdulillah paketnya sudah sampai ya kak,laptopnya berfungsi dengan baik,buat tokonya sukses slalu",5,1,1716186175,fungsi barang bekerja dengan baik permukaan mulus kondisi barang datang dalam keadaan mulus alhamdulillah paketnya sudah sampai ya kak laptopnya berfungsi dengan baik buat tokonya sukses slalu,fungsi barang bekerja dengan baik permukaan mulus kondisi barang datang dalam keadaan mulus alhamdulillah paketnya sudah sampai ya kak laptopnya berfungsi dengan baik buat tokonya sukses slalu,27,neutral,0.55,192,0.015625,0.2962962962962963,0.0,0.0,0.07798032407407407,0
erni9393,"Sepadan dengan Harga:oke lumayan murah
Fitur Terbaik:overall masih oke

Laptop ada minusnya, harus chat terlebih dahulu biar tau minusnya mimin oke gercep balesnya. Laptop keadaan lumayan hanya lecet2 sedikit saja. Semoga awet dan tidak ada masalah apa2 yaa.",5,0,1699886692,sepadan dengan harga oke lumayan murah fitur terbaik overall masih oke laptop ada minusnya harus chat terlebih dahulu biar tau minusnya mimin oke gercep balesnya laptop keadaan lumayan hanya lecet2 sedikit saja semoga awet dan tidak ada masalah apa2 yaa,sepadan dengan harga oke lumayan murah fitur terbaik overall masih oke laptop ada minusnya harus chat terlebih dahulu biar tau minusnya mimin oke gercep balesnya laptop keadaan lumayan hanya lecet2 sedikit saja semoga awet dan tidak ada masalah apa2 yaa,40,negative,0.75,253,0.011857707509881422,0.275,0.0,1.0,0.2717144268774704,0
r15wandee,"Fungsi:Semuau berfungsi dgn baik
Kondisi Barang:Bagus, mulus mantab ..thanks untuk bonusnya (mouse, cover)
Permukaan:rekomendasi untuk toko nya semoga sukses selalu",5,1,1748802068,fungsi semuau berfungsi dgn baik kondisi barang bagus mulus mantab thanks untuk bonusnya mouse cover permukaan rekomendasi untuk toko nya semoga sukses selalu,fungsi semuau berfungsi dgn baik kondisi barang bagus mulus mantab thanks untuk bonusnya mouse cover permukaan rekomendasi untuk toko nya semoga sukses selalu,23,positive,0.75,158,0.006329113924050633,0.08695652173913043,0.0,0.0,0.023321408915795268,0
d*****6,Alhamdulillah dateng yg nyala keyboard nya... dikit demi dikit bisa nambah unit laptop di lab. komputer sekolah... terbaik ini ..làpak...👍,5,1,1725825991,alhamdulillah dateng yg nyala keyboard nya dikit demi dikit bisa nambah unit laptop di lab komputer sekolah terbaik ini l pak,alhamdulillah dateng yg nyala keyboard nya dikit demi dikit bisa nambah unit laptop di lab komputer sekolah terbaik ini l pak,21,neutral,0.55,125,0.008,0.09523809523809523,0.0,0.0,0.02580952380952381,0
davin_bacem,"Fungsi:normal
Permukaan:mulus
Kegunaan:pelajar .mahasiswa dan kantorn

Recommended seller... Untuk sekarang lancar jaya.. barang mulus.. untuk budget 2 jutaan sudah di atas ekspetasi..
Semoga awet... Aamiin..",5,0,1713678757,fungsi normal permukaan mulus kegunaan pelajar mahasiswa dan kantorn recommended seller untuk sekarang lancar jaya barang mulus untuk budget 2 jutaan sudah di atas ekspetasi semoga awet aamiin,fungsi normal permukaan mulus kegunaan pelajar mahasiswa dan kantorn recommended seller untuk sekarang lancar jaya barang mulus untuk budget 2 jutaan sudah di atas ekspetasi semoga awet aamiin,28,positive,0.75,192,0.036458333333333336,0.14285714285714285,0.0,0.0,0.04482886904761905,0
b*****1,"Sepadan dengan Harga:yoi
Fitur Terbaik:bener

Packing aman. Kardus bubble lengkap. Laptop juga bagus lumayan mulus. Semoga nanti dipakai juga oke ga pake rewel. Dapat free tas, mouse. Terima kasih seller",5,0,1711003861,sepadan dengan harga yoi fitur terbaik bener packing aman kardus bubble lengkap laptop juga bagus lumayan mulus semoga nanti dipakai juga oke ga pake rewel dapat free tas mouse terima kasih seller,sepadan dengan harga yoi fitur terbaik bener packing aman kardus bubble lengkap laptop juga bagus lumayan mulus semoga nanti dipakai juga oke ga pake rewel dapat free tas mouse terima kasih seller,32,positive,0.75,196,0.015306122448979591,0.0625,0.0,0.0,0.0194515306122449,0
e*****2,"Fitur Terbaik:usefull, berfungsi sesuai spek yang disampaikan.
Sepadan dengan Harga:kualitas memuaskan.. dengam harga segitu",5,1,1718670427,fitur terbaik usefull berfungsi sesuai spek yang disampaikan sepadan dengan harga kualitas memuaskan dengam harga segitu,fitur terbaik usefull berfungsi sesuai spek yang disampaikan sepadan dengan harga kualitas memuaskan dengam harga segitu,16,positive,0.75,120,0.008333333333333333,0.125,0.0,0.0,0.03333333333333333,0
balqiskhairaa,"Sepadan dengan Harga:mantap unitnya mulus seekali, seneng banget Sama unitnya. Saya cek semua sesuai dan ada bonus keyboard backlight. makasih kak besok beli lagi disini.",5,0,1703943027,sepadan dengan harga mantap unitnya mulus seekali seneng banget sama unitnya saya cek semua sesuai dan ada bonus keyboard backlight makasih kak besok beli lagi disini,sepadan dengan harga mantap unitnya mulus seekali seneng banget sama unitnya saya cek semua sesuai dan ada bonus keyboard backlight makasih kak besok beli lagi disini,26,positive,0.75,166,0.006024096385542169,0.07692307692307693,0.0,0.0,0.020736793327154775,0
a*****6,"Seller ramah dan respon cepat, pengiriman cepat dan aman.
Biarlah bintang ⭐️⭐️⭐️⭐️⭐️ yg berbicara",5,1,1713771194,seller ramah dan respon cepat pengiriman cepat dan aman biarlah bintang yg berbicara,seller ramah dan respon cepat pengiriman cepat dan aman biarlah bintang yg berbicara,13,positive,0.75,84,0.011904761904761904,0.3076923076923077,0.0,0.0,0.0798992673992674,0
a*****y,"Fungsi:berfungsi normal
Kondisi Barang:sesuai dan bagus
Permukaan:mulus wajar

Order ke dua kalinya,,, tetap konsisten quality,,, keren. Mau lanjut next order.",5,0,1722316114,fungsi berfungsi normal kondisi barang sesuai dan bagus permukaan mulus wajar order ke dua kalinya tetap konsisten quality keren mau lanjut next order,fungsi berfungsi normal kondisi barang sesuai dan bagus permukaan mulus wajar order ke dua kalinya tetap konsisten quality keren mau lanjut next order,23,positive,0.75,150,0.006666666666666667,0.08695652173913043,0.0,0.0,0.023405797101449275,0
a*****k,"Fungsi:Baik
Kondisi Barang:kondisi mulus
Permukaan:mulus

Bagus untuk laptop second harga segitu, barang mulus dan berfungsi dengan baik. Terima kasih",5,0,1716297387,fungsi baik kondisi barang kondisi mulus permukaan mulus bagus untuk laptop second harga segitu barang mulus dan berfungsi dengan baik terima kasih,fungsi baik kondisi barang kondisi mulus permukaan mulus bagus untuk laptop second harga segitu barang mulus dan berfungsi dengan baik terima kasih,22,positive,0.75,147,0.006802721088435374,0.4090909090909091,0.0,0.0,0.10397340754483612,0
s*****h,"Fungsi:baik
Kondisi Barang:baik
Permukaan:mulus

Pengiriman aman double wrapping",5,1,1723221223,fungsi baik kondisi barang baik permukaan mulus pengiriman aman double wrapping,fungsi baik kondisi barang baik permukaan mulus pengiriman aman double wrapping,11,neutral,0.55,79,0.02531645569620253,0.18181818181818182,0.0,0.0,0.05178365937859609,0
riaulfa254,"Fungsi:normal
Kondisi Barang:80% bagus
Permukaan:mulus

Alhamdulillah akhirnya datang juga , barang normal sesuai diskripsi, mudah-mudahan Awit",5,0,1716621848,fungsi normal kondisi barang 80 bagus permukaan mulus alhamdulillah akhirnya datang juga barang normal sesuai diskripsi mudah mudahan awit,fungsi normal kondisi barang 80 bagus permukaan mulus alhamdulillah akhirnya datang juga barang normal sesuai diskripsi mudah mudahan awit,19,positive,0.75,138,0.014492753623188406,0.21052631578947367,0.0,0.0,0.05625476735316552,0
r*****i,"Fungsi:beroperasi dengan lancar
Kondisi Barang:datang dengan keadaan bagus
Permukaan:mulus

Kurangnya di batrai
Tp lumayan lah dg harga segitu",5,0,1720399531,fungsi beroperasi dengan lancar kondisi barang datang dengan keadaan bagus permukaan mulus kurangnya di batrai tp lumayan lah dg harga segitu,fungsi beroperasi dengan lancar kondisi barang datang dengan keadaan bagus permukaan mulus kurangnya di batrai tp lumayan lah dg harga segitu,21,positive,0.75,141,0.014184397163120567,0.09523809523809523,0.0,0.0,0.027355623100303948,0
anisstill,"Sepadan dengan Harga:ya
Fitur Terbaik:berfungsi dengan baik

Untuk Laptopnya bagus, saya sangat suka walaupun batre nya sangat boros",5,0,1712581891,sepadan dengan harga ya fitur terbaik berfungsi dengan baik untuk laptopnya bagus saya sangat suka walaupun batre nya sangat boros,sepadan dengan harga ya fitur terbaik berfungsi dengan baik untuk laptopnya bagus saya sangat suka walaupun batre nya sangat boros,20,positive,0.75,130,0.0,0.2,0.0,0.0,0.05,0
eriksyah23,"Fungsi:berfungsi semua
Kondisi Barang:baguss
Permukaan:muluss

Toko yg recomend pengiriman cpt respon sellernya baik bngt +dpt bonus",5,0,1716958082,fungsi berfungsi semua kondisi barang baguss permukaan muluss toko yg recomend pengiriman cpt respon sellernya baik bngt dpt bonus,fungsi berfungsi semua kondisi barang baguss permukaan muluss toko yg recomend pengiriman cpt respon sellernya baik bngt dpt bonus,19,neutral,0.55,130,0.03076923076923077,0.0,0.0,0.0,0.007692307692307693,0
sy.aifullah,"Fungsi:oke
Kondisi Barang:like new
Permukaan:lumayan mulus",4,0,1739694349,fungsi oke kondisi barang like new permukaan lumayan mulus,fungsi oke kondisi barang like new permukaan lumayan mulus,9,neutral,0.55,58,0.017241379310344827,0.0,0.0,0.0,0.004310344827586207,0
excel_pratama16,"Fungsi:bekerja dengan baik
Kondisi Barang:aman
Permukaan:mulus

Semoga awet gak ada kendala 
Terimakasih",5,0,1735914593,fungsi bekerja dengan baik kondisi barang aman permukaan mulus semoga awet gak ada kendala terimakasih,fungsi bekerja dengan baik kondisi barang aman permukaan mulus semoga awet gak ada kendala terimakasih,15,neutral,0.55,102,0.00980392156862745,0.0,0.0,0.0,0.0024509803921568627,0
l*****8,"Fungsi:berfungsi baik
Kondisi Barang:bagus masih layak pakai
Permukaan:masih baik

fungsi baik normal sesuai diskripsi",5,0,1724819639,fungsi berfungsi baik kondisi barang bagus masih layak pakai permukaan masih baik fungsi baik normal sesuai diskripsi,fungsi berfungsi baik kondisi barang bagus masih layak pakai permukaan masih baik fungsi baik normal sesuai diskripsi,17,positive,0.75,117,0.008547008547008548,0.4117647058823529,0.0,0.0,0.10507792860734037,0
pulausempu,"Fungsi:normal
Kondisi Barang:sesuai
Permukaan:mulus

Terima kasih telah sampai dengan kondisi baik",5,0,1716571501,fungsi normal kondisi barang sesuai permukaan mulus terima kasih telah sampai dengan kondisi baik,fungsi normal kondisi barang sesuai permukaan mulus terima kasih telah sampai dengan kondisi baik,14,positive,0.75,97,0.010309278350515464,0.14285714285714285,0.0,0.0,0.038291605301914576,0
adisaputro7,"Barang sudah diterima dengan kondisi mulus, packing aman dan cepat pengirimannya",5,0,1717767477,barang sudah diterima dengan kondisi mulus packing aman dan cepat pengirimannya,barang sudah diterima dengan kondisi mulus packing aman dan cepat pengirimannya,11,positive,0.75,79,0.012658227848101266,0.0,0.0,0.0,0.0031645569620253164,0
cometomama182,"Sepadan dengan Harga:No kendala, semoga gak ada error di kemudian hari",5,0,1709395226,sepadan dengan harga no kendala semoga gak ada error di kemudian hari,sepadan dengan harga no kendala semoga gak ada error di kemudian hari,12,neutral,0.55,69,0.014492753623188406,0.0,0.0,0.0,0.0036231884057971015,0
ebid_ismail,"Fungsi:beroperasi lancar
Kondisi Barang:bagus
Permukaan:bagus

Bagus",5,0,1717468056,fungsi beroperasi lancar kondisi barang bagus permukaan bagus bagus,fungsi beroperasi lancar kondisi barang bagus permukaan bagus bagus,9,positive,0.75,67,0.014925373134328358,0.3333333333333333,0.0,0.0,0.08706467661691542,0
m*****1,"Fungsi:bagus
Kondisi Barang:sesuai
Permukaan:mulus",5,0,1717128632,fungsi bagus kondisi barang sesuai permukaan mulus,fungsi bagus kondisi barang sesuai permukaan mulus,7,positive,0.75,50,0.02,0.0,0.0,0.0,0.005,0
p*****e,"Kualitas unit Ok, tp baterai gk sehat.
Udah gt aja.",4,0,1719925728,kualitas unit ok tp baterai gk sehat udah gt aja,kualitas unit ok tp baterai gk sehat udah gt aja,10,neutral,0.55,48,0.0,0.0,0.0,0.0,0.0,0
gmlcollection,"Respon nya cepet, terpakai terimakasih seller 🙏",5,0,1764415309,respon nya cepet terpakai terimakasih seller,respon nya cepet terpakai terimakasih seller,6,neutral,0.55,44,0.022727272727272728,0.0,0.0,0.0,0.005681818181818182,0
uolz89yobc,BAGUSS BANGTT MAKASIH,5,0,1765629289,baguss bangtt makasih,baguss bangtt makasih,3,neutral,0.55,21,0.09523809523809523,0.0,0.0,0.0,0.023809523809523808,0
ameiliacindy426,,5,0,1763393024,,,1,neutral,0.55,0,0.0,0.0,0.0,0.0,0.6,1
giaargiaul,,5,0,1763471439,,,1,neutral,0.55,0,0.0,0.0,0.0,0.0,0.6,1
muhammad_adli_nafis,,5,1,1714689523,,,1,neutral,0.55,0,0.0,0.0,0.0,0.0,0.6,1
pipitri18,Langsung di test youtube dan hasilnya memuaskan.,5,0,1714728223,langsung di test youtube dan hasilnya memuaskan,langsung di test youtube dan hasilnya memuaskan,7,neutral,0.55,47,0.0,0.0,0.0,0.0,0.0,0
yayanoke46,"Minus btrai cepat lowbet,gak sampe 1 jam mati",5,0,1714186146,minus btrai cepat lowbet gak sampe 1 jam mati,minus btrai cepat lowbet gak sampe 1 jam mati,9,positive,0.75,45,0.0,0.0,0.0,0.0,0.0,0
agung_f_a015,Barang 90 mulus tidak ada kendal rekomendasi,5,0,1717123464,barang 90 mulus tidak ada kendal rekomendasi,barang 90 mulus tidak ada kendal rekomendasi,7,negative,0.75,44,0.0,0.0,0.0,1.0,0.2,0
muhammadwildanbahtiar,"Barang sudah sampai ,, leptop normal mantap",5,0,1705501349,barang sudah sampai leptop normal mantap,barang sudah sampai leptop normal mantap,6,positive,0.75,40,0.0,0.0,0.0,0.0,0.0,0
i*****l,"Fitur Terbaik:ok
Sepadan dengan Harga:ok",5,0,1715668469,fitur terbaik ok sepadan dengan harga ok,fitur terbaik ok sepadan dengan harga ok,7,neutral,0.55,40,0.0,0.2857142857142857,0.0,0.0,0.07142857142857142,0
l*****d,Barang masih bagus mulus. Semoga awet,5,0,1721474258,barang masih bagus mulus semoga awet,barang masih bagus mulus semoga awet,6,positive,0.75,36,0.0,0.0,0.0,0.0,0.0,0
a*****6,Biarlah ⭐️⭐️⭐️⭐️⭐️ yang berbicara,5,0,1713615515,biarlah yang berbicara,biarlah yang berbicara,3,neutral,0.55,22,0.0,0.0,0.0,0.0,0.0,0
cakmaypalembaja,Kelihatn bnget kalau di sticker,4,0,1718355271,kelihatn bnget kalau di sticker,kelihatn bnget kalau di sticker,5,neutral,0.55,31,0.0,0.0,0.0,0.0,0.0,0
gk_solutions,Semoga awet yunitnya,5,0,1715889262,semoga awet yunitnya,semoga awet yunitnya,3,neutral,0.55,20,0.0,0.0,0.0,0.0,0.0,0
afkar_net,Barang jos gandoss,5,0,1699702621,barang jos gandoss,barang jos gandoss,3,neutral,0.55,18,0.05555555555555555,0.0,0.0,0.0,0.013888888888888888,0
yozza.alfariky,"Mantap, good",5,0,1713590131,mantap good,mantap good,2,positive,0.75,11,0.09090909090909091,0.0,0.0,0.0,0.22272727272727275,0
i*****l,Orderan ke 3,5,0,1714185107,orderan ke 3,orderan ke 3,3,neutral,0.55,12,0.0,0.0,0.0,0.0,0.2,0
a*****6,Mantap lah,5,0,1694444040,mantap lah,mantap lah,2,positive,0.75,10,0.0,0.0,0.0,0.0,0.2,0
andri260690,Dapat yg stikeran,4,0,1715075573,dapat yg stikeran,dapat yg stikeran,3,neutral,0.55,17,0.0,0.0,0.0,0.0,0.0,0
a*****6,Mantap,5,0,1698964475,mantap,mantap,1,positive,0.75,6,0.0,0.0,0.0,0.0,0.6,1
istiqomah_85,,5,0,1722338752,,,1,neutral,0.55,0,0.0,0.0,0.0,0.0,0.6,1
andri260690,,5,0,1716456002,,,1,neutral,0.55,0,0.0,0.0,0.0,0.0,0.6,1
elfrydnita,,5,0,1710413617,,,1,neutral,0.55,0,0.0,0.0,0.0,0.0,0.6,1
ismatnasrul,,5,0,1718764022,,,1,neutral,0.55,0,0.0,0.0,0.0,0.0,0.6,1
jayacctv2024,,5,0,1718492895,,,1,neutral,0.55,0,0.0,0.0,0.0,0.0,0.6,1
frdy_hr,,5,0,1710263970,,,1,neutral,0.55,0,0.0,0.0,0.0,0.0,0.6,1
melaaa12,,5,0,1750413788,,,1,neutral,0.55,0,0.0,0.0,0.0,0.0,0.6,1
diarypetani,,5,0,1719620071,,,1,neutral,0.55,0,0.0,0.0,0.0,0.0,0.6,1
hery7777,,5,0,1718260308,,,1,neutral,0.55,0,0.0,0.0,0.0,0.0,0.6,1
a*****8,,5,0,1718872126,,,1,neutral,0.55,0,0.0,0.0,0.0,0.0,0.6,1
a*****8,,5,0,1718965191,,,1,neutral,0.55,0,0.0,0.0,0.0,0.0,0.6,1
a*****8,,5,0,1720284508,,,1,neutral,0.55,0,0.0,0.0,0.0,0.0,0.6,1
,,5,0,1720685503,,,1,neutral,0.55,0,0.0,0.0,0.0,0.0,0.6,1
lukhida,,5,0,1720440656,,,1,neutral,0.55,0,0.0,0.0,0.0,0.0,0.6,1
a*****8,,5,0,1720769550,,,1,neutral,0.55,0,0.0,0.0,0.0,0.0,0.6,1
hery7777,,5,0,1719600297,,,1,neutral,0.55,0,0.0,0.0,0.0,0.0,0.6,1
a*****8,,5,0,1719457579,,,1,neutral,0.55,0,0.0,0.0,0.0,0.0,0.6,1
a*****8,,5,0,1719457601,,,1,neutral,0.55,0,0.0,0.0,0.0,0.0,0.6,1
zavinna_shop,,5,0,1721994540,,,1,neutral,0.55,0,0.0,0.0,0.0,0.0,0.6,1
a*****8,,5,0,1722777552,,,1,neutral,0.55,0,0.0,0.0,0.0,0.0,0.6,1
miamiratulmujahidah,,5,0,1722866816,,,1,neutral,0.55,0,0.0,0.0,0.0,0.0,0.6,1
a*****8,,5,0,1723095871,,,1,neutral,0.55,0,0.0,0.0,0.0,0.0,0.6,1
mutia_wulandari,,5,0,1723067692,,,1,neutral,0.55,0,0.0,0.0,0.0,0.0,0.6,1
a*****8,,5,0,1723430101,,,1,neutral,0.55,0,0.0,0.0,0.0,0.0,0.6,1
a*****8,,5,0,1724989803,,,1,neutral,0.55,0,0.0,0.0,0.0,0.0,0.6,1
a*****8,,5,0,1724981480,,,1,neutral,0.55,0,0.0,0.0,0.0,0.0,0.6,1
kmustofa808,,5,0,1740824508,,,1,neutral,0.55,0,0.0,0.0,0.0,0.0,0.6,1
a*****8,,5,0,1731193413,,,1,neutral,0.55,0,0.0,0.0,0.0,0.0,0.6,1
a*****8,,5,0,1731886904,,,1,neutral,0.55,0,0.0,0.0,0.0,0.0,0.6,1
ksn97_,,5,0,1730090948,,,1,neutral,0.55,0,0.0,0.0,0.0,0.0,0.6,1
a*****8,,5,0,1728806828,,,1,neutral,0.55,0,0.0,0.0,0.0,0.0,0.6,1
a*****8,,5,0,1729031775,,,1,neutral,0.55,0,0.0,0.0,0.0,0.0,0.6,1
dial.vallery,,5,0,1729608164,,,1,neutral,0.55,0,0.0,0.0,0.0,0.0,0.6,1
a*****8,,5,0,1729813846,,,1,neutral,0.55,0,0.0,0.0,0.0,0.0,0.6,1
a*****8,,5,0,1729813859,,,1,neutral,0.55,0,0.0,0.0,0.0,0.0,0.6,1
riniiba,,5,0,1730335515,,,1,neutral,0.55,0,0.0,0.0,0.0,0.0,0.6,1
o*****o,,5,0,1734190372,,,1,neutral,0.55,0,0.0,0.0,0.0,0.0,0.6,1
azzahrakhoirunnida,,5,0,1739198542,,,1,neutral,0.55,0,0.0,0.0,0.0,0.0,0.6,1
mawaryf1,,5,0,1745569346,,,1,neutral,0.55,0,0.0,0.0,0.0,0.0,0.6,1
essi12_guspaneza,,5,0,1746770295,,,1,neutral,0.55,0,0.0,0.0,0.0,0.0,0.6,1
candramahadiani,,5,0,1751455485,,,1,neutral,0.55,0,0.0,0.0,0.0,0.0,0.6,1
ilhamandina,,5,0,1732471047,,,1,neutral,0.55,0,0.0,0.0,0.0,0.0,0.6,1
arifliarupat,,5,0,1717682717,,,1,neutral,0.55,0,0.0,0.0,0.0,0.0,0.6,1
blackantx,,5,0,1731719299,,,1,neutral,0.55,0,0.0,0.0,0.0,0.0,0.6,1
p*****n,,5,0,1720327878,,,1,neutral,0.55,0,0.0,0.0,0.0,0.0,0.6,1
ade.yuda,,5,0,1719723225,,,1,neutral,0.55,0,0.0,0.0,0.0,0.0,0.6,1
ikafartika,,5,0,1713865190,,,1,neutral,0.55,0,0.0,0.0,0.0,0.0,0.6,1
alvinadiwibowo,,5,0,1715560965,,,1,neutral,0.55,0,0.0,0.0,0.0,0.0,0.6,1
wiwikjuliantza,,5,0,1721900186,,,1,neutral,0.55,0,0.0,0.0,0.0,0.0,0.6,1
briliant.tauhid,,5,0,1716104306,,,1,neutral,0.55,0,0.0,0.0,0.0,0.0,0.6,1
briliant.tauhid,,5,0,1716104279,,,1,neutral,0.55,0,0.0,0.0,0.0,0.0,0.6,1
briliant.tauhid,,5,0,1716104293,,,1,neutral,0.55,0,0.0,0.0,0.0,0.0,0.6,1
briliant.tauhid,,5,0,1732722887,,,1,neutral,0.55,0,0.0,0.0,0.0,0.0,0.6,1
a*****a,,5,0,1730296807,,,1,neutral,0.55,0,0.0,0.0,0.0,0.0,0.6,1
la_armi,,5,0,1745915017,,,1,neutral,0.55,0,0.0,0.0,0.0,0.0,0.6,1
la_armi,,5,0,1745915025,,,1,neutral,0.55,0,0.0,0.0,0.0,0.0,0.6,1
la_armi,,5,0,1747642302,,,1,neutral,0.55,0,0.0,0.0,0.0,0.0,0.6,1
la_armi,,5,0,1737542564,,,1,neutral,0.55,0,0.0,0.0,0.0,0.0,0.6,1
sentracorp,,4,0,1743057928,,,1,neutral,0.55,0,0.0,0.0,0.0,0.0,0.6,1
a*****8,,4,0,1729813898,,,1,neutral,0.55,0,0.0,0.0,0.0,0.0,0.6,1
bertus_aw,,4,0,1717827754,,,1,neutral,0.55,0,0.0,0.0,0.0,0.0,0.6,1
rosi120551,,5,0,1739434062,,,1,neutral,0.55,0,0.0,0.0,0.0,0.0,0.6,1
sepokat.jonegoro,,4,0,1716915628,,,1,neutral,0.55,0,0.0,0.0,0.0,0.0,0.6,1
i*****l,,5,0,1722518906,,,1,neutral,0.55,0,0.0,0.0,0.0,0.0,0.6,1
i*****l,,5,0,1714905398,,,1,neutral,0.55,0,0.0,0.0,0.0,0.0,0.6,1
i*****l,,5,0,1716377286,,,1,neutral,0.55,0,0.0,0.0,0.0,0.0,0.6,1
i*****l,,5,0,1717065162,,,1,neutral,0.55,0,0.0,0.0,0.0,0.0,0.6,1
g*****a,,5,0,1750238849,,,1,neutral,0.55,0,0.0,0.0,0.0,0.0,0.6,1
vhandyahmad,,5,0,1723118873,,,1,neutral,0.55,0,0.0,0.0,0.0,0.0,0.6,1
aprie.ah,,5,0,1714001409,,,1,neutral,0.55,0,0.0,0.0,0.0,0.0,0.6,1
j3bbgoii8f,,5,0,1743258793,,,1,neutral,0.55,0,0.0,0.0,0.0,0.0,0.6,1
sdigital,,5,0,1730003678,,,1,neutral,0.55,0,0.0,0.0,0.0,0.0,0.6,1
lisa2586,,5,0,1729994148,,,1,neutral,0.55,0,0.0,0.0,0.0,0.0,0.6,1
gianto_76,,5,0,1717277924,,,1,neutral,0.55,0,0.0,0.0,0.0,0.0,0.6,1
galiiiihhh,,5,0,1718400565,,,1,neutral,0.55,0,0.0,0.0,0.0,0.0,0.6,1
a*****n,,1,0,1761707485,,,1,neutral,0.55,0,0.0,0.0,0.0,0.0,0.6,1
rahsya07089999,,5,0,1751870671,,,1,neutral,0.55,0,0.0,0.0,0.0,0.0,0.6,1
ardy_audya,,5,0,1730007032,,,1,neutral,0.55,0,0.0,0.0,0.0,0.0,0.6,1
agusdailah,,5,0,1731581816,,,1,neutral,0.55,0,0.0,0.0,0.0,0.0,0.6,1
agusdailah,,5,0,1724649305,,,1,neutral,0.55,0,0.0,0.0,0.0,0.0,0.6,1
ho.sake,,5,0,1714696834,,,1,neutral,0.55,0,0.0,0.0,0.0,0.0,0.6,1
irfanmuktapa,,5,0,1725076582,,,1,neutral,0.55,0,0.0,0.0,0.0,0.0,0.6,1
f*****n,,4,0,1724194967,,,1,neutral,0.55,0,0.0,0.0,0.0,0.0,0.6,1
sukrizam,,5,0,1748141190,,,1,neutral,0.55,0,0.0,0.0,0.0,0.0,0.6,1
sukrizam,,5,0,1738905517,,,1,neutral,0.55,0,0.0,0.0,0.0,0.0,0.6,1
sukrizam,,5,0,1760573756,,,1,neutral,0.55,0,0.0,0.0,0.0,0.0,0.6,1
sukrizam,,5,0,1741323785,,,1,neutral,0.55,0,0.0,0.0,0.0,0.0,0.6,1
wiwit_wijayanto,,5,0,1732231797,,,1,neutral,0.55,0,0.0,0.0,0.0,0.0,0.6,1
santopaula,,5,0,1738391284,,,1,neutral,0.55,0,0.0,0.0,0.0,0.0,0.6,1
uchan_syawal,,5,0,1734709149,,,1,neutral,0.55,0,0.0,0.0,0.0,0.0,0.6,1
olil_00,,5,0,1733377488,,,1,neutral,0.55,0,0.0,0.0,0.0,0.0,0.6,1
rafiqohpurnamasari,,5,0,1723518796,,,1,neutral,0.55,0,0.0,0.0,0.0,0.0,0.6,1
alimaksum2019,,5,0,1724472389,,,1,neutral,0.55,0,0.0,0.0,0.0,0.0,0.6,1
alimaksum2019,,5,0,1737864492,,,1,neutral,0.55,0,0.0,0.0,0.0,0.0,0.6,1
ariefrahmanhidayat92,,5,0,1728821095,,,1,neutral,0.55,0,0.0,0.0,0.0,0.0,0.6,1
alimaksum2019,,5,0,1729233946,,,1,neutral,0.55,0,0.0,0.0,0.0,0.0,0.6,1
kelor_99,,5,0,1746542906,,,1,neutral,0.55,0,0.0,0.0,0.0,0.0,0.6,1
toni_bf,,5,0,1714307721,,,1,neutral,0.55,0,0.0,0.0,0.0,0.0,0.6,1
aribudiawan71,,5,0,1718524078,,,1,neutral,0.55,0,0.0,0.0,0.0,0.0,0.6,1
aribudiawan71,,5,0,1721571112,,,1,neutral,0.55,0,0.0,0.0,0.0,0.0,0.6,1
aribudiawan71,,5,0,1734531571,,,1,neutral,0.55,0,0.0,0.0,0.0,0.0,0.6,1
anieqmaghfiroh,,5,0,1725806225,,,1,neutral,0.55,0,0.0,0.0,0.0,0.0,0.6,1
iqu360,,5,0,1741440509,,,1,neutral,0.55,0,0.0,0.0,0.0,0.0,0.6,1
ibnushina13,,5,0,1734766386,,,1,neutral,0.55,0,0.0,0.0,0.0,0.0,0.6,1
tyasitria,,5,0,1748968231,,,1,neutral,0.55,0,0.0,0.0,0.0,0.0,0.6,1
010201tedihasrul,,5,0,1715579402,,,1,neutral,0.55,0,0.0,0.0,0.0,0.0,0.6,1
hijab_4g,,5,0,1718766649,,,1,neutral,0.55,0,0.0,0.0,0.0,0.0,0.6,1
ibnuhan,,5,0,1753442783,,,1,neutral,0.55,0,0.0,0.0,0.0,0.0,0.6,1
yoyohrostikawati,,5,0,1750053243,,,1,neutral,0.55,0,0.0,0.0,0.0,0.0,0.6,1
hendiirawan02,,4,0,1723583602,,,1,neutral,0.55,0,0.0,0.0,0.0,0.0,0.6,1
grienchonk,,5,0,1722906745,,,1,neutral,0.55,0,0.0,0.0,0.0,0.0,0.6,1
oepi84,,5,0,1719735263,,,1,neutral,0.55,0,0.0,0.0,0.0,0.0,0.6,1
grienchonk,,4,0,1729666992,,,1,neutral,0.55,0,0.0,0.0,0.0,0.0,0.6,1
sucidewiayu,,5,0,1730285324,,,1,neutral,0.55,0,0.0,0.0,0.0,0.0,0.6,1
carolina_michelle,,5,0,1713947577,,,1,neutral,0.55,0,0.0,0.0,0.0,0.0,0.6,1
tanipedia28,,5,0,1718036725,,,1,neutral,0.55,0,0.0,0.0,0.0,0.0,0.6,1
tanipedia28,,5,0,1731130496,,,1,neutral,0.55,0,0.0,0.0,0.0,0.0,0.6,1
endung_bagiharto,,5,0,1729763797,,,1,neutral,0.55,0,0.0,0.0,0.0,0.0,0.6,1
faruuqtf,,5,0,1716976759,,,1,neutral,0.55,0,0.0,0.0,0.0,0.0,0.6,1
raisha23.7,,5,0,1759645784,,,1,neutral,0.55,0,0.0,0.0,0.0,0.0,0.6,1
muktibintan1980,,5,0,1744551513,,,1,neutral,0.55,0,0.0,0.0,0.0,0.0,0.6,1
arbis12,,5,0,1719200025,,,1,neutral,0.55,0,0.0,0.0,0.0,0.0,0.6,1
yulianaspdi,,4,0,1748697083,,,1,neutral,0.55,0,0.0,0.0,0.0,0.0,0.6,1
vanstea,,5,0,1735452756,,,1,neutral,0.55,0,0.0,0.0,0.0,0.0,0.6,1
reihan.rafael,,4,0,1730890468,,,1,neutral,0.55,0,0.0,0.0,0.0,0.0,0.6,1
a*****m,,5,0,1721709922,,,1,neutral,0.55,0,0.0,0.0,0.0,0.0,0.6,1
a*****m,,5,0,1721682193,,,1,neutral,0.55,0,0.0,0.0,0.0,0.0,0.6,1
a*****m,,5,0,1722255004,,,1,neutral,0.55,0,0.0,0.0,0.0,0.0,0.6,1
a*****m,,5,0,1722239516,,,1,neutral,0.55,0,0.0,0.0,0.0,0.0,0.6,1
a*****m,,5,0,1715123674,,,1,neutral,0.55,0,0.0,0.0,0.0,0.0,0.6,1
srinirwana19,,5,0,1720096225,,,1,neutral,0.55,0,0.0,0.0,0.0,0.0,0.6,1
anenuraeni16,,5,0,1745545820,,,1,neutral,0.55,0,0.0,0.0,0.0,0.0,0.6,1
m*****n,,5,0,1746928366,,,1,neutral,0.55,0,0.0,0.0,0.0,0.0,0.6,1
arief.muhammad,,5,0,1714478551,,,1,neutral,0.55,0,0.0,0.0,0.0,0.0,0.6,1
handradiosta007,,5,0,1716455369,,,1,neutral,0.55,0,0.0,0.0,0.0,0.0,0.6,1
bukan_kalengkaleng,,5,0,1717282203,,,1,neutral,0.55,0,0.0,0.0,0.0,0.0,0.6,1
pvfio03z_1,,1,0,1725149553,,,1,neutral,0.55,0,0.0,0.0,0.0,0.0,0.6,1
ubay2705,,5,0,1722874510,,,1,neutral,0.55,0,0.0,0.0,0.0,0.0,0.6,1
ubay2705,,5,0,1722874516,,,1,neutral,0.55,0,0.0,0.0,0.0,0.0,0.6,1
ubay2705,,5,0,1724070206,,,1,neutral,0.55,0,0.0,0.0,0.0,0.0,0.6,1
jumadil_awal,,5,0,1736342762,,,1,neutral,0.55,0,0.0,0.0,0.0,0.0,0.6,1
jaliel123,,5,0,1731047876,,,1,neutral,0.55,0,0.0,0.0,0.0,0.0,0.6,1
buyaalkahfi39,,5,0,1738931616,,,1,neutral,0.55,0,0.0,0.0,0.0,0.0,0.6,1
buyaalkahfi39,,5,0,1736678621,,,1,neutral,0.55,0,0.0,0.0,0.0,0.0,0.6,1
buyaalkahfi39,,5,0,1737269397,,,1,neutral,0.55,0,0.0,0.0,0.0,0.0,0.6,1
buyaalkahfi39,,5,0,1737555984,,,1,neutral,0.55,0,0.0,0.0,0.0,0.0,0.6,1
buyaalkahfi39,,5,0,1734937472,,,1,neutral,0.55,0,0.0,0.0,0.0,0.0,0.6,1
buyaalkahfi39,,5,0,1745499939,,,1,neutral,0.55,0,0.0,0.0,0.0,0.0,0.6,1
buyaalkahfi39,,5,0,1751773274,,,1,neutral,0.55,0,0.0,0.0,0.0,0.0,0.6,1
b_tenesia,,5,0,1736692086,,,1,neutral,0.55,0,0.0,0.0,0.0,0.0,0.6,1
rimacell_21,,5,0,1763772578,,,1,neutral,0.55,0,0.0,0.0,0.0,0.0,0.6,1
m*****7,,5,0,1718427124,,,1,neutral,0.55,0,0.0,0.0,0.0,0.0,0.6,1
najmibasreng,,5,0,1733375568,,,1,neutral,0.55,0,0.0,0.0,0.0,0.0,0.6,1
rahmatshofanrazaqi,,5,0,1728573735,,,1,neutral,0.55,0,0.0,0.0,0.0,0.0,0.6,1
riyan_satria_art,,5,0,1730034701,,,1,neutral,0.55,0,0.0,0.0,0.0,0.0,0.6,1
a*****6,,5,0,1731058892,,,1,neutral,0.55,0,0.0,0.0,0.0,0.0,0.6,1
lina_syahrul,,4,0,1725142622,,,1,neutral,0.55,0,0.0,0.0,0.0,0.0,0.6,1
notaris_ryo,,5,0,1733977953,,,1,neutral,0.55,0,0.0,0.0,0.0,0.0,0.6,1
donyyanuar,,5,0,1735265860,,,1,neutral,0.55,0,0.0,0.0,0.0,0.0,0.6,1
ardanlhm,,5,0,1720960593,,,1,neutral,0.55,0,0.0,0.0,0.0,0.0,0.6,1
k*****r,,5,0,1713922169,,,1,neutral,0.55,0,0.0,0.0,0.0,0.0,0.6,1
marialenayuni,,4,0,1721115454,,,1,neutral,0.55,0,0.0,0.0,0.0,0.0,0.6,1
vhenaaap,,5,0,1751479533,,,1,neutral,0.55,0,0.0,0.0,0.0,0.0,0.6,1
ayahexcel,,5,0,1714563803,,,1,neutral,0.55,0,0.0,0.0,0.0,0.0,0.6,1
khoirul_hadi019,,5,0,1715472615,,,1,neutral,0.55,0,0.0,0.0,0.0,0.0,0.6,1
khoirul_hadi019,,5,0,1713509297,,,1,neutral,0.55,0,0.0,0.0,0.0,0.0,0.6,1
khoirul_hadi019,,5,0,1713765893,,,1,neutral,0.55,0,0.0,0.0,0.0,0.0,0.6,1
khoirul_hadi019,,5,0,1714028489,,,1,neutral,0.55,0,0.0,0.0,0.0,0.0,0.6,1
technocombna,,5,0,1745858841,,,1,neutral,0.55,0,0.0,0.0,0.0,0.0,0.6,1
slametabdulhadi,,5,0,1746327254,,,1,neutral,0.55,0,0.0,0.0,0.0,0.0,0.6,1
slametabdulhadi,,5,0,1747289940,,,1,neutral,0.55,0,0.0,0.0,0.0,0.0,0.6,1
komang_ayu.dian,,5,0,1747371344,,,1,neutral,0.55,0,0.0,0.0,0.0,0.0,0.6,1
rarardu465,,5,0,1748383061,,,1,neutral,0.55,0,0.0,0.0,0.0,0.0,0.6,1
muhammadholel148,,5,0,1749760537,,,1,neutral,0.55,0,0.0,0.0,0.0,0.0,0.6,1
egla1chfv5,,5,0,1750294424,,,1,neutral,0.55,0,0.0,0.0,0.0,0.0,0.6,1
s*****o,,5,0,1755063279,,,1,neutral,0.55,0,0.0,0.0,0.0,0.0,0.6,1
niko.hardian,,5,0,1755238028,,,1,neutral,0.55,0,0.0,0.0,0.0,0.0,0.6,1
tanipedia28,,5,0,1754099341,,,1,neutral,0.55,0,0.0,0.0,0.0,0.0,0.6,1
yocan57,,5,0,1717584781,,,1,neutral,0.55,0,0.0,0.0,0.0,0.0,0.6,1
rickychandraricky,,5,0,1717734257,,,1,neutral,0.55,0,0.0,0.0,0.0,0.0,0.6,1
baraanggara253,,5,0,1718449685,,,1,neutral,0.55,0,0.0,0.0,0.0,0.0,0.6,1
raymondwbutarbutar,,5,0,1718452977,,,1,neutral,0.55,0,0.0,0.0,0.0,0.0,0.6,1
hendraonesyahthoemy,,5,0,1719207972,,,1,neutral,0.55,0,0.0,0.0,0.0,0.0,0.6,1
rusdi.kamros,,5,0,1720252136,,,1,neutral,0.55,0,0.0,0.0,0.0,0.0,0.6,1
,,5,0,1719441572,,,1,neutral,0.55,0,0.0,0.0,0.0,0.0,0.6,1
pgming,,5,0,1721959156,,,1,neutral,0.55,0,0.0,0.0,0.0,0.0,0.6,1
aaayyyy0210_,,5,0,1721999905,,,1,neutral,0.55,0,0.0,0.0,0.0,0.0,0.6,1
shafirachairunnisa99,,5,0,1722677647,,,1,neutral,0.55,0,0.0,0.0,0.0,0.0,0.6,1
dippavaaa,,5,0,1723111177,,,1,neutral,0.55,0,0.0,0.0,0.0,0.0,0.6,1
rivalrinaldiahmad,,5,0,1723073894,,,1,neutral,0.55,0,0.0,0.0,0.0,0.0,0.6,1
hendraonesyahthoemy,,5,0,1723119175,,,1,neutral,0.55,0,0.0,0.0,0.0,0.0,0.6,1
herisulasiono552,,5,0,1724373280,,,1,neutral,0.55,0,0.0,0.0,0.0,0.0,0.6,1
fathurrohman91,,5,0,1724492029,,,1,neutral,0.55,0,0.0,0.0,0.0,0.0,0.6,1
1*****n,,5,0,1725796416,,,1,neutral,0.55,0,0.0,0.0,0.0,0.0,0.6,1
mood.putri,,5,0,1724985628,,,1,neutral,0.55,0,0.0,0.0,0.0,0.0,0.6,1
indahdah104,,5,0,1725295549,,,1,neutral,0.55,0,0.0,0.0,0.0,0.0,0.6,1
ouwqapqczc,,5,0,1725041498,,,1,neutral,0.55,0,0.0,0.0,0.0,0.0,0.6,1
lalasolihah29,,5,0,1740653881,,,1,neutral,0.55,0,0.0,0.0,0.0,0.0,0.6,1
budiabdullahabdullah,,5,0,1738155081,,,1,neutral,0.55,0,0.0,0.0,0.0,0.0,0.6,1
t*****4,,5,0,1736078064,,,1,neutral,0.55,0,0.0,0.0,0.0,0.0,0.6,1
v4doefdojd,,5,0,1734578682,,,1,neutral,0.55,0,0.0,0.0,0.0,0.0,0.6,1
fidel24soares,,5,0,1739400062,,,1,neutral,0.55,0,0.0,0.0,0.0,0.0,0.6,1
rickychandraricky,,5,0,1713884044,,,1,neutral,0.55,0,0.0,0.0,0.0,0.0,0.6,1
ratuikaa,,5,0,1714001632,,,1,neutral,0.55,0,0.0,0.0,0.0,0.0,0.6,1
cvrizqimultitama123,,5,0,1715150714,,,1,neutral,0.55,0,0.0,0.0,0.0,0.0,0.6,1
rizki639,,5,0,1715163526,,,1,neutral,0.55,0,0.0,0.0,0.0,0.0,0.6,1
agusbagai,,5,0,1714825010,,,1,neutral,0.55,0,0.0,0.0,0.0,0.0,0.6,1
dannygembongariyanto,,5,0,1715641875,,,1,neutral,0.55,0,0.0,0.0,0.0,0.0,0.6,1
sarkumang,,5,0,1716211430,,,1,neutral,0.55,0,0.0,0.0,0.0,0.0,0.6,1
hafi1912,,5,0,1716164942,,,1,neutral,0.55,0,0.0,0.0,0.0,0.0,0.6,1
sumberlaptop.id,,5,0,1716036123,,,1,neutral,0.55,0,0.0,0.0,0.0,0.0,0.6,1
sumberlaptop.id,,5,0,1716036140,,,1,neutral,0.55,0,0.0,0.0,0.0,0.0,0.6,1
pradathe,,5,0,1735770888,,,1,neutral,0.55,0,0.0,0.0,0.0,0.0,0.6,1
derekpeyroux,,5,0,1734910859,,,1,neutral,0.55,0,0.0,0.0,0.0,0.0,0.6,1
rafaalghoz,,5,0,1731677253,,,1,neutral,0.55,0,0.0,0.0,0.0,0.0,0.6,1
laksanahaol,,5,0,1731816012,,,1,neutral,0.55,0,0.0,0.0,0.0,0.0,0.6,1
rantirosita047,,5,0,1731920455,,,1,neutral,0.55,0,0.0,0.0,0.0,0.0,0.6,1
sulaimandwitanto,,5,0,1728563073,,,1,neutral,0.55,0,0.0,0.0,0.0,0.0,0.6,1
rusdi.kamros,,5,0,1728954940,,,1,neutral,0.55,0,0.0,0.0,0.0,0.0,0.6,1
s*****3,,5,0,1729722568,,,1,neutral,0.55,0,0.0,0.0,0.0,0.0,0.6,1
rusdi.kamros,,5,0,1729848915,,,1,neutral,0.55,0,0.0,0.0,0.0,0.0,0.6,1
papalona,,5,0,1729855643,,,1,neutral,0.55,0,0.0,0.0,0.0,0.0,0.6,1
tristinadks2310,,5,0,1730384189,,,1,neutral,0.55,0,0.0,0.0,0.0,0.0,0.6,1
rivaldyazr06,,5,0,1730162666,,,1,neutral,0.55,0,0.0,0.0,0.0,0.0,0.6,1
maheswari321,,5,0,1734071488,,,1,neutral,0.55,0,0.0,0.0,0.0,0.0,0.6,1
udy_1988,,5,0,1739318265,,,1,neutral,0.55,0,0.0,0.0,0.0,0.0,0.6,1
anthonyputra732,,5,0,1741828972,,,1,neutral,0.55,0,0.0,0.0,0.0,0.0,0.6,1
sk526lwe2y,,5,0,1742143094,,,1,neutral,0.55,0,0.0,0.0,0.0,0.0,0.6,1
edisuwarsono.tq,,5,0,1745218550,,,1,neutral,0.55,0,0.0,0.0,0.0,0.0,0.6,1
fsmandiri33,,5,0,1751551148,,,1,neutral,0.55,0,0.0,0.0,0.0,0.0,0.6,1
bali.reef.box,,5,0,1751933018,,,1,neutral,0.55,0,0.0,0.0,0.0,0.0,0.6,1
luax_01,,5,0,1752810981,,,1,neutral,0.55,0,0.0,0.0,0.0,0.0,0.6,1
tanipedia28,,5,0,1754099341,,,1,neutral,0.55,0,0.0,0.0,0.0,0.0,0.6,1
faiz_store99,,5,0,1758788247,,,1,neutral,0.55,0,0.0,0.0,0.0,0.0,0.6,1
faiz_store99,,5,0,1758617130,,,1,neutral,0.55,0,0.0,0.0,0.0,0.0,0.6,1
ramdanramdhani123,,5,0,1760601068,,,1,neutral,0.55,0,0.0,0.0,0.0,0.0,0.6,1
irma.pta,,5,0,1760831361,,,1,neutral,0.55,0,0.0,0.0,0.0,0.0,0.6,1
faiz_store99,,5,0,1761081389,,,1,neutral,0.55,0,0.0,0.0,0.0,0.0,0.6,1
sweetpotato23_,,5,0,1761097513,,,1,neutral,0.55,0,0.0,0.0,0.0,0.0,0.6,1
reciagustira,,5,0,1763904591,,,1,neutral,0.55,0,0.0,0.0,0.0,0.0,0.6,1
fendyfebriandi,,5,0,1764063015,,,1,neutral,0.55,0,0.0,0.0,0.0,0.0,0.6,1
aldinov75,,5,0,1765154614,,,1,neutral,0.55,0,0.0,0.0,0.0,0.0,0.6,1
romualdus_cahya,,4,0,1717731908,,,1,neutral,0.55,0,0.0,0.0,0.0,0.0,0.6,1
syaifululum488,,4,0,1720962499,,,1,neutral,0.55,0,0.0,0.0,0.0,0.0,0.6,1
hana_game,,4,0,1735610175,,,1,neutral,0.55,0,0.0,0.0,0.0,0.0,0.6,1
fitrianafauziah102,,4,0,1715184880,,,1,neutral,0.55,0,0.0,0.0,0.0,0.0,0.6,1
chiwong55,,4,0,1739101672,,,1,neutral,0.55,0,0.0,0.0,0.0,0.0,0.6,1
dellatra,,4,0,1751341336,,,1,neutral,0.55,0,0.0,0.0,0.0,0.0,0.6,1
muhammaddias133,,4,0,1753322259,,,1,neutral,0.55,0,0.0,0.0,0.0,0.0,0.6,1
dilan.a,,4,0,1764400890,,,1,neutral,0.55,0,0.0,0.0,0.0,0.0,0.6,1
aretha0612,,3,0,1719738705,,,1,neutral,0.55,0,0.0,0.0,0.0,0.0,0.6,1
rahayu_30nengsih,,3,0,1721484018,,,1,neutral,0.55,0,0.0,0.0,0.0,0.0,0.6,1
juikzw17em,,3,0,1732456420,,,1,neutral,0.55,0,0.0,0.0,0.0,0.0,0.6,1
atcomputer_,,3,0,1731067816,,,1,neutral,0.55,0,0.0,0.0,0.0,0.0,0.6,1
ae30gjhbuy,,2,0,1745337532,,,1,neutral,0.55,0,0.0,0.0,0.0,0.0,0.6,1
gilanggeet145,,1,0,1747229489,,,1,neutral,0.55,0,0.0,0.0,0.0,0.0,0.6,1
pingok662,,1,0,1721589962,,,1,neutral,0.55,0,0.0,0.0,0.0,0.0,0.6,1
piyatiolala,,5,0,1765623647,,,1,neutral,0.55,0,0.0,0.0,0.0,0.0,0.6,1
kenzhynadianto,,4,0,1754376009,,,1,neutral,0.55,0,0.0,0.0,0.0,0.0,0.6,1
zikiri123,,5,0,1740844927,,,1,neutral,0.55,0,0.0,0.0,0.0,0.0,0.6,1
ariefrahmanhidayat92,,5,0,1712051710,,,1,neutral,0.55,0,0.0,0.0,0.0,0.0,0.6,1
wwrstttttt321,,3,0,1712161556,,,1,neutral,0.55,0,0.0,0.0,0.0,0.0,0.6,1
rinawalhanisa,,5,0,1728893218,,,1,neutral,0.55,0,0.0,0.0,0.0,0.0,0.6,1
adit777,,5,0,1711723200,,,1,neutral,0.55,0,0.0,0.0,0.0,0.0,0.6,1
wwina09,,4,0,1711788344,,,1,neutral,0.55,0,0.0,0.0,0.0,0.0,0.6,1
y*****e,,2,0,1716362648,,,1,neutral,0.55,0,0.0,0.0,0.0,0.0,0.6,1
rpswatchcomputer93,,5,0,1711428227,,,1,neutral,0.55,0,0.0,0.0,0.0,0.0,0.6,1
khoirul_hadi019,,5,0,1711612714,,,1,neutral,0.55,0,0.0,0.0,0.0,0.0,0.6,1
kalimantancomputer,,5,0,1711247182,,,1,neutral,0.55,0,0.0,0.0,0.0,0.0,0.6,1
z*****e,,5,0,1710853166,,,1,neutral,0.55,0,0.0,0.0,0.0,0.0,0.6,1
aryakadek92,,5,0,1711089033,,,1,neutral,0.55,0,0.0,0.0,0.0,0.0,0.6,1
m.agiljaelani,,5,0,1710854795,,,1,neutral,0.55,0,0.0,0.0,0.0,0.0,0.6,1
w*****o,,5,0,1710588877,,,1,neutral,0.55,0,0.0,0.0,0.0,0.0,0.6,1
junabezzie,,5,0,1710216884,,,1,neutral,0.55,0,0.0,0.0,0.0,0.0,0.6,1
a*****6,,3,0,1709965899,,,1,neutral,0.55,0,0.0,0.0,0.0,0.0,0.6,1
nurulfaizin53,,4,0,1709747047,,,1,neutral,0.55,0,0.0,0.0,0.0,0.0,0.6,1
yantiww,,4,0,1709524316,,,1,neutral,0.55,0,0.0,0.0,0.0,0.0,0.6,1
rahmatshofanrazaqi,,5,0,1709441243,,,1,neutral,0.55,0,0.0,0.0,0.0,0.0,0.6,1
agushart7873,,5,0,1708962406,,,1,neutral,0.55,0,0.0,0.0,0.0,0.0,0.6,1
griyakomputer,,5,0,1709258706,,,1,neutral,0.55,0,0.0,0.0,0.0,0.0,0.6,1
bennyirawaty29,,5,0,1709165230,,,1,neutral,0.55,0,0.0,0.0,0.0,0.0,0.6,1
avvabeauty,,5,0,1708327019,,,1,neutral,0.55,0,0.0,0.0,0.0,0.0,0.6,1
efendi308787,,2,0,1722156801,,,1,neutral,0.55,0,0.0,0.0,0.0,0.0,0.6,1
agusdailah,,1,0,1731053659,,,1,neutral,0.55,0,0.0,0.0,0.0,0.0,0.6,1
septinaji03,,3,2,1710208480,,,1,neutral,0.55,0,0.0,0.0,0.0,0.0,0.6,1
fce9msm6wu,,5,0,1708075803,,,1,neutral,0.55,0,0.0,0.0,0.0,0.0,0.6,1
liayulianti0710,,5,0,1707728086,,,1,neutral,0.55,0,0.0,0.0,0.0,0.0,0.6,1
davidsomantri,,2,0,1729762245,,,1,neutral,0.55,0,0.0,0.0,0.0,0.0,0.6,1
nengupitfitriyani68,,5,1,1705844410,,,1,neutral,0.55,0,0.0,0.0,0.0,0.0,0.6,1
nufuscom01_jkt,,4,0,1705417667,,,1,neutral,0.55,0,0.0,0.0,0.0,0.0,0.6,1
boss_shop88,,5,0,1705089311,,,1,neutral,0.55,0,0.0,0.0,0.0,0.0,0.6,1
pejoeangrupiah,,5,0,1704874976,,,1,neutral,0.55,0,0.0,0.0,0.0,0.0,0.6,1
elvaaa008,,5,0,1705719215,,,1,neutral,0.55,0,0.0,0.0,0.0,0.0,0.6,1
d*****5,,5,0,1705304895,,,1,neutral,0.55,0,0.0,0.0,0.0,0.0,0.6,1
lookman.id,,5,0,1704699944,,,1,neutral,0.55,0,0.0,0.0,0.0,0.0,0.6,1
avvabeauty,,5,0,1703658657,,,1,neutral,0.55,0,0.0,0.0,0.0,0.0,0.6,1
muhammadrubai,,5,0,1703749223,,,1,neutral,0.55,0,0.0,0.0,0.0,0.0,0.6,1
a*****8,,5,0,1702953245,,,1,neutral,0.55,0,0.0,0.0,0.0,0.0,0.6,1
p4yj0,,5,0,1702569557,,,1,neutral,0.55,0,0.0,0.0,0.0,0.0,0.6,1
muhammadrubai,,5,0,1703344588,,,1,neutral,0.55,0,0.0,0.0,0.0,0.0,0.6,1
d*****0,,5,0,1703471677,,,1,neutral,0.55,0,0.0,0.0,0.0,0.0,0.6,1
iqmal_nurqi,,5,0,1703819194,,,1,neutral,0.55,0,0.0,0.0,0.0,0.0,0.6,1
a*****8,,5,0,1702314297,,,1,neutral,0.55,0,0.0,0.0,0.0,0.0,0.6,1
,,5,0,1702110210,,,1,neutral,0.55,0,0.0,0.0,0.0,0.0,0.6,1
rizkybudisaputraa,,5,0,1702411550,,,1,neutral,0.55,0,0.0,0.0,0.0,0.0,0.6,1
a*****8,,5,0,1701387750,,,1,neutral,0.55,0,0.0,0.0,0.0,0.0,0.6,1
jefryfernando82,,5,0,1702948000,,,1,neutral,0.55,0,0.0,0.0,0.0,0.0,0.6,1
avvabeauty,,5,0,1700861730,,,1,neutral,0.55,0,0.0,0.0,0.0,0.0,0.6,1
rusdi.kamros,,5,0,1702557849,,,1,neutral,0.55,0,0.0,0.0,0.0,0.0,0.6,1
avvabeauty,,5,0,1700710840,,,1,neutral,0.55,0,0.0,0.0,0.0,0.0,0.6,1
d*****d,,5,0,1701805784,,,1,neutral,0.55,0,0.0,0.0,0.0,0.0,0.6,1
tf3mr13scu,,5,0,1702079575,,,1,neutral,0.55,0,0.0,0.0,0.0,0.0,0.6,1
dodialhudori,,1,1,1748295513,,,1,neutral,0.55,0,0.0,0.0,0.0,0.0,0.6,1
a*****8,,5,0,1699361826,,,1,neutral,0.55,0,0.0,0.0,0.0,0.0,0.6,1
alfahrenza803,,5,0,1700923076,,,1,neutral,0.55,0,0.0,0.0,0.0,0.0,0.6,1
jefryfernando82,,5,0,1700434169,,,1,neutral,0.55,0,0.0,0.0,0.0,0.0,0.6,1
nadazahy,,5,0,1695037531,,,1,neutral,0.55,0,0.0,0.0,0.0,0.0,0.6,1
rickychandraricky,,5,0,1699498627,,,1,neutral,0.55,0,0.0,0.0,0.0,0.0,0.6,1
rickychandraricky,,5,0,1699498614,,,1,neutral,0.55,0,0.0,0.0,0.0,0.0,0.6,1
i*****s,,5,0,1693343434,,,1,neutral,0.55,0,0.0,0.0,0.0,0.0,0.6,1
daudimannez,,5,0,1699049653,,,1,neutral,0.55,0,0.0,0.0,0.0,0.0,0.6,1
fadli.glandian,,5,0,1695961468,,,1,neutral,0.55,0,0.0,0.0,0.0,0.0,0.6,1
sigit.wr,,5,0,1691840361,,,1,neutral,0.55,0,0.0,0.0,0.0,0.0,0.6,1
hilman0112,,5,0,1689348119,,,1,neutral,0.55,0,0.0,0.0,0.0,0.0,0.6,1
a*****6,,5,0,1698341991,,,1,neutral,0.55,0,0.0,0.0,0.0,0.0,0.6,1
sitinurbayati21,,5,0,1688889406,,,1,neutral,0.55,0,0.0,0.0,0.0,0.0,0.6,1
maulana156,,5,1,1689084032,,,1,neutral,0.55,0,0.0,0.0,0.0,0.0,0.6,1
iwanlink,,5,0,1687769162,,,1,neutral,0.55,0,0.0,0.0,0.0,0.0,0.6,1
wh_gallery,,5,0,1691840320,,,1,neutral,0.55,0,0.0,0.0,0.0,0.0,0.6,1
derypriz,,5,0,1697575639,,,1,neutral,0.55,0,0.0,0.0,0.0,0.0,0.6,1
agesguntar,,5,0,1696229130,,,1,neutral,0.55,0,0.0,0.0,0.0,0.0,0.6,1
pgming,,5,0,1695288344,,,1,neutral,0.55,0,0.0,0.0,0.0,0.0,0.6,1
adnan9619,,5,0,1691755824,,,1,neutral,0.55,0,0.0,0.0,0.0,0.0,0.6,1
wahyudifatah451,,5,0,1689336099,,,1,neutral,0.55,0,0.0,0.0,0.0,0.0,0.6,1
ucz_cz0cad,,2,0,1733284242,,,1,neutral,0.55,0,0.0,0.0,0.0,0.0,0.6,1
