username,comment,rating,likes,create_time
r*****7,"Warna:sangat bagus
Ukuran:pas
Kenyamanan:sangat nyaman sekali

helm sampai dengan cepat dan kasih dong keamanan juga pada kardua nya biar tidak remuk tapi kualitas helm terbaik 
makasih buat pengirim nya",5,989,1763528320
yohanesaryo79,"Sesuai semuanya.ukuran L untuk kepala laki2 pas,untuk cewek m aja,klo berhijab L atau xl rekomennya c. Bahan bagus,kaca bening,busa tebal dan empuk. Tali pengingat ya lmyan lah.Pengiriman super cepat,respon admin ok. Helm ini REKOMENDED buat yg pas2an duitnya.",5,398,1763514938
bahyudiazka,"Warna:hitam doff
Ukuran:pas dan sesuai
Kenyamanan:lumayan

Terimakasih kak paketnya sudah diterima dalam keadaan baik sesuai dengan pesanan 
Helm nya sih lumayan untuk sekedar riding santai dan gaya,
Langsung dipasangkan interkom e1 
Jadi tambah gaya
Untuk pengiriman nya juga lumayan cepat 
Oh iya udah dapat free spoiler nya juga 
Makasih seller dan kurir",5,264,1763289814
t*****o,"Warna:ok putih solid sesuai etalase, visor ok warna smoke sesuai etalase
Ukuran:ok kayaknya all size tp pas dan nyaman utk pria dewasa
Kualitas:ok sesuai harga

Helm ringan namun solid, design kekinian plus spoiler, visor jg menunjang dgn warna smoke, cocok utk daily activity terutama di siang hari yg panas, harganya pun terjangkau (kompetitif). Recommended product & seller. Thx

Note : packing rapi dan aman dgn dus bawaan helm (ada tulisan merknya) kondisi helm di dlm dus dibungkus dgn bubblewrap. Helm diterima  dlm kondisi spoiler blm terpasang (sdh trdpt double tape tinggal pnp).",5,537,1763311234
opank_hugy,"Warna:hitdof
Ukuran:xl
Kenyamanan:oke

Helm half face cocok banget buat penggunaan harian, terutama untuk perjalanan pendek di kota. Berikut review umum tentang helm half face berdasarkan kelebihan dan kekurangannya:

Kelebihan:

1. Ventilasi Udara: Helm half face lebih terbuka, jadi aliran udaranya lebih baik, cocok buat cuaca panas.


2. Lebih Ringan: Helm ini biasanya lebih ringan dibandingkan helm full face, sehingga nyaman untuk pemakaian lama.


3. Visibilitas Lebih Baik: Karena bagian depannya terbuka, pandangan ke depan dan samping lebih leluasa.


4. Desain Stylish: Banyak pilihan desain yang modis, cocok buat pengendara skutik atau motor harian.",5,237,1763457920
jbrvid,"Warna:kueren
Ukuran:pas
Kualitas:baik

Wes wayae kueren  helm e",5,209,1763475939
e*****r,"Warna:Hitam doff elegant
Ukuran:Pas
Kenyamanan:Ringan dan busanya terasa nyaman digunakan

Helmnya bagus sesuai deskripsi, bahkan utk helm di harga 100 ribuan ini kyknya paling rekomended. Mksih seller sukses slalu.",5,273,1763534495
suparjanto.,"Warna:toska
Ukuran:M- pas dan muat
Kualitas:build quality cukup baik

Helm SNI dengan harga ramah dikantong...
Busa cukup kencang..
Jadi ragu kalau ditaruh diparkiran, bisa diambil orang soalnya...
Warna TOSKA sesuai dengan yang kita pesan dan kaca bening sehingga enak dipakai kalau malam hari juga..
Pengiriman cukup cepat...
Pakai diterima dengan kondisi baik dan aman...
Terima kasih gan...",5,630,1763426939
i*****i,"Kualitas:Bagus
Tampilan:Keren
Cocok Untuk:Touring

Ada spoiler di belakang nya harus tempel manual wkwk,, kirain udh nempel dri sana nya
Keren² 👍🏻👍🏻👍🏻",5,181,1763537028
yogifauzi840,"Warna:bagus
Ukuran:pas
Kualitas:ok bngt dengan hrga segitu nex order lain",5,71,1763171939
d*****1,"Kegunaan:buat keamanan kepala
Kualitas:mantap
Ukuran:pas sesuai ukuran

Perdana pesen di toko ini,harga murah pengiriman cepat respon gercep, barang bagus sekali tampilannya dan sesuai dengan deskripsi yg ada di gambar etalase",5,400,1763425228
rioirawan483,"Warna:warna nya bagus, sesuai pesanan
Ukuran:ukuran pas, enak di kepala
Kualitas:kualitas ny original bukan kawe

Buat temen-temen jgan ragu beli di toko ini, toko nya sangat amanah sekali",5,49,1763215640
t*****i,"Ukuran:m
Kualitas:ok
Kegunaan:melindungi kepala

Wih keren sih ini di harga 150rban udh dpet helm se bagus ini🤭kecepatan pengiriman oke 3 hari dteng 
Bahan bagus kokoh kuat bisa tebal bismilah semoga awet next order di sini❤",5,103,1762522402
adpri10,"Warna:sesuai yg di inginkan... dn ini warna favorit bgt ..Aqua Blue
Ukuran:M pas di kelapa
Kenyamanan:nyaman bgt... apalagi di kasih itu.. semi Intercome.. ah lah pokoknya

Sesuai gambar.. ukuran sesuai permintaan..
Sebenernya ada Video Unboxingnya... TPI 3 menit 40 detik.. g bisa di up",5,31,1763293948
heriyanto832,"Warna:solid
Ukuran:press
Kualitas:standar sesuai harga

Sesuai di kelasnya",5,43,1761902540
primayoga611,"Warna:hitam glossy
Ukuran:ukuran m sangat pas

Helmnya keren dan kualitasnya bagus gk nyangka untuk harga segini bner2 worth it sih",5,18,1761938959
toshihiko11,"Warna:bagus
Ukuran:pas
Kenyamanan:nyaman

cukup bagus diharganya, cuma ada bagian yang presisinya kurang pas sehingga ada yg kelok²",5,26,1761451111
ronie_curl,"Warna:hitam dop
Ukuran:pas dan Sesuaiii
Kenyamanan:sangat Nyaman

Baru pertama Kaliii belanja Disini Sangatt Puasss Pengiriman Cepat dan Helm Harga Sangat Murah Dan Terjngkau.... Jadi langganan Nanti Saya Pesan Lagiii....",5,42,1763475798
suhermansuherman808,"Warna:warna sangat bagus suai dengan gambar
Ukuran:pas di kepala sangat nyamanqq
Kenyamanan:ringan dan nyaman di pakai

Pengiriman cepat packing rapih,kurirnya ramah ,tokonya juga amanah ,terima kasih kpd tokonya juga shopi  ,warna juga bagus ,engga nyesel belanja di toko ini good 👍👍👍",5,95,1763408707
bahru_n45,"Warna:hitam dop
Ukuran:pas
Kenyamanan:nyaman dipakai dan tidak berat

Saya kira biasa saja. Ternyata bagus helemnya. Ukuran pas dan nyaman dipakai. 
Design jg keren. Konsep futuristik. 
Semoga awet.",5,54,1763304182
suvrihamz,"Warna:bagus
Ukuran:pas
Kenyamanan:sesuai

Keren banget asli, kualitas bagus dengan harga terjangkau dapet bonus spoiler. Mantappppppppp",5,30,1762075459
nofanafryanto778,"Warna:Sesuai deskripsi
Ukuran:Pas dikepala tidak kebesaran tidak kekecilan
Kenyamanan:lumayan nyaman dengan bisa empuk

Pas dikepala
Tidak terlalu pengap
Model stylish
Kalo pake helm ini Berasa muda lagi
Wkwkwk",5,39,1763109584
muhammadyusuf31,"Warna:putihh
Ukuran:ukuran nya pas di kepala aku gk kekecilan gak kebesaran juga
Kualitas:kuitas nya sangat mntap okee sekali

Toko nya amanah 🥰🤗puas beli di sini",5,152,1763387893
dj.ydrv,"Warna:KUNING MAXIM
Ukuran:L
Berat:kurang tau

Venroof / Ventilasi Roofnya Berfungsi ( angin masuk dari ventilasi ) kepala jadi adem , Gengsi Dapet Fungsi Dapet",5,15,1759916953
dj.ydrv,"Warna:Grey Doff
Ukuran:L
Kualitas:SESUAI EKSPETASI

Fungsi dapet Gengsi Dapet , GAS BRE CHECKOUT",5,9,1758701843
jalaludinasr1,"Warna:memiliki pigmen yang bagus
Ukuran:ukuran produknya pas
Berat:sangat ringan tapi nyaman

Overall oke banget diharga segini, tp mohon diperhatikan lagi karena ada baut braket yang kurang rapat jadi harus di baut ulang. Mohon lebih teliti lagi ya 👍",5,30,1760942623
arikpratamacandra,"Ukuran:pas L
Warna:hitam
Durabilitas:lumayan

Toko amanah...... Helem harga lumayan..... Langsung di pakai.... Alhamdulillah",5,35,1759781483
andri2505,"Warna:Hitam doff
Ukuran:Pas
Kualitas:baik

Bagus..
Amanah..
Ok gass lah.",5,23,1763223744
kenziedela,"Warna:keren sih warnanya abu abu dof gitu
Ukuran:pas dan sangat nyaman
Kenyamanan:nyaman

pas banget si ini buat yg mau nyari helm yang bentuk nya sporty, udah gitu harganya sangat terjangkau keren lah pokoknya mah 😉",5,14,1761649650
bharawisesa,"Warna:Cat nya lumayan bagus dengan harga segini
Ukuran:Pas bgt di kepala
Kenyamanan:Nyaman karena busa nya tebal

Ga nyangka bneran bagus euyy dengan harga yg murah, udah mirip helm2 kekinian jaman sekarang.",5,20,1762075392
a*****3,"Warna:Hitam Doff
Ukuran:Pas sesuai lingkar kepala
Kenyamanan:Nyaman dan ringan dalam berkendara

Produk sesuai pesanan, hanya saja sprti biasa penghalusan di bagian spoiler dan dudukannya karena masih banyak tidak kerataan",5,44,1763301124
i*****7,"sesuai apa yg di pesan, pengemasan rapi, aman, pengirimannya cepet, terima kasih kak & abng kurir",5,7,1761918296
dinandyeager,"Cocok Untuk:smua mtr
Kualitas:standard
Tampilan:real pict

Design yg menawan, grey glossy UK L recomended",5,9,1761414340
haniesri,"Warna:grey
Ukuran:pas
Kualitas:bagus

Paket nya udah dateng...sesuai sama yg di gambar lumayan lah..notif pengiriman dari hari minggu tp baru dateng selasa mlm tp gpp lah yg penting udah dateng.makasih shopee n seller",4,189,1763119250
alifsakera,"Warna:bagus
Ukuran:pas sama kepala saya
Kualitas:desain bagus, tolong Babel nya di tebalin lagi kak soal nya bagian udara masuk nya ada retak dikit

mantap lah harga murah tapi tidak murahan tingkat kan lagi helm nya kak🙌🏻",5,10,1760953440
rinamaharani_97,"Warna:bagus
Ukuran:pas
Kenyamanan:sangat nyaman

Bikin keliatan jadi tambah ganteng 😍",5,3,1757419466
rofiqrina441,"Warna:merah dof
Ukuran:pas dan sesuai banget
Kualitas:sangat bagus

helmnya bagus banget keren kayak helm Sultan murah tapi bukan murahan next order lagi kapan-kapan",5,33,1762075433
y*****3,"Warna:sesuai pesanan,hitam doff,sama seperti difoto
Ukuran:pas cocok untuk yg kurus²
Kenyamanan:nyaman banget

soal tampilan kece parah,klo soal kualitas diharga segini yaa termasuk bagus",5,11,1762863179
sancangpancasukmajati,"Warna:maron dof
Ukuran:m
Kenyamanan:nyaman

Ukiran pas dan nyaman di pakai",5,13,1763210362
tooooomiiiiii,"Warna:warna sesuai
Ukuran:pas
Kenyamanan:lumayan

helm untuk harga segini sih udah mantep, cuman mohon di perhatikan lagi dalam segi packeging nya.
helm sampai dan sesuai expektasi sayang nya malah hancur. tolong ya minnn di perbaiki kesalahan nya",2,311,1763535302
fitriyahcantikk,"Warna:sesuai dengan tipe
Ukuran:pas
Kenyamanan:nyaman dipake ringan juga

Bagus helmnya nyaman dan ringan, semogaa awet cocok untuk ganti gantii👍🏻",5,1,1759850865
malikabdul144,"Ukuran:pas dan bagus di kepala
Durabilitas:produknya bagus sekali
Desain:terlihat  bagus dan kualitas gk kaleng kaleng",5,52,1762745733
nasimmaulana646,"Warna:hitam D
Ukuran:l
Kenyamanan:sangat nyaman

Alhamdulillah pesanan sudah sampai dengan baik, sumpah pengiriman nya cpt bnget,helm juga bagus keren, gx ada yg cacat,pas di kepala nyaman di pakainya, terimakasih seller semoga tambah laris jualannya,tetap amanah, terimakasih shoppe dan om kurir 👍👍👍👍👍👍👍👍👍👍🌟🌟🌟🌟🌟🌟🌟🌟🌟🌟🌟🌟🌟🌟🌟🌟🌟🌟🌟",5,32,1761030100
usupzanin,"Warna:memiliki pigmen yg bgus
Ukuran:pas dan sesuai
Kenyamanan:ringan dan nyaman

Mantul boz ku thankz",5,3,1760238216
j*****a,"Warna:cukup oke
Ukuran:size XL nya bener / nggk kurang tau ya, krn nggk ada penandanya
Kualitas:okelah tp jgn berharap banyak dg harga yg segitu ya",5,11,1762470852
mhmmdrrofiq,"Ukuran:pas dipakai
Durabilitas:bagus
Desain:bagus banar",5,15,1761997633
lkgb7w7k2r,"Warna:hitam dop
Ukuran:L
Kenyamanan:sangat nyaman d pakai

Pesanan sesuai ga ada lecet atau pun pecah mulus poko ya ga nyesel deh belanja d toko ini amanah banget buruan pesan helm d toko ini sudh murah amanah dan rill pic sulesuai iklan",5,1,1755609279
tqmpl64zbo,"Warna:sangat bagus sesuai dengan yg dipasarkan
Ukuran:pas dikepal nyaman
Kenyamanan:nyaman dipakai

Paket diterima dgn baik.
Saran aja packing nya lebih ditingkatkan lagi biar kotak gak penyok² ya.",5,1,1747140377
najib111333,"Warna:pigmen bagus
Ukuran:Pas sesuai
Kenyamanan:Ringan sangat nymn d.pakai

Hlemnya keren d.pakai sngat nyaman ringan d.kepala cuma bahannya agak tipis d.dalam tpi gpp ssuai harganya murah.. Mantabb lah pokonya ganteng .",5,1,1744291630
e5dhqybqyy,"Warna:putih
Ukuran:pas banget
Kualitas:bagus

Makasih buat tokonya 
Amanah banget 👍",5,27,1759321858
m*****7,"Warna:sesuai
Ukuran:pas
Kenyamanan:nyaman

Packing aman barang Bagus sesuai harga",5,8,1755770870
syifabkt,"Warna:putih
Ukuran:M
Kenyamanan:boleh lh dengan harga segitu murah tp tdk murahan

Barang bagus tidak mengecewakan tp jasa kirim ny kayak babi barang di tahan 2 hari di kntor di tambah untuk konfirmasi udh di terima oleh penerima ny GK di konfirmasi"" pas udh hampir selesai hari pengiriman ny baru di konfirmasi sama jasa kirim babi tu",5,4,1759086728
firlypramuja,"Ukuran:m
Warna:grey glosy
Durabilitas:produk sampai dengan kondisi baik, seller juga ramah dalam menanggapi pelanggan",5,2,1743692888
muchammadilhamsaid,"Warna:merah
Ukuran:L
Kenyamanan:nyaman

Sangat bagus dan moderen",5,3,1755529228
rf4nilnpam,"Warna:sesuai pesanan
Ukuran:pas dikepala Dan nyaman
Kenyamanan:nyaman

Recommend banget sellernya, thks",5,1,1758580388
definurcahyanti,"Warna:hitam dof
Ukuran:xl
Kenyamanan:nyamanya pas

Untuk harga segitu mantaplah 
Rekomendasi untuk yang sedang cari cari helm sekeren ini 
Cuma ada beberapa jahitan busa yang kurang rapi .
Tapi gak masalah 
Oke trimakasih",5,4,1760002231
marioagusri,"Warna:keren bagus sesuai harga
Ukuran:pas untuk ukuran kepala dengan peci nomor 10
Kenyamanan:nyaman sesuai harga",5,2,1760207618
ekowahyudi127,"Warna:good
Ukuran:good
Kenyamanan:good

Ini baru bentul tipe n warnanya, nyaman pula pkeknya moga awet dah 🙏😁",5,1,1755359341
aryo.bakulers86,"Warna:hitam dop
Ukuran:xl
Kenyamanan:pas

Lumayanlah sesuai harga unik bahan nya
Model keren
Spoiler nya model lem double tip,klo ga kuat pasti lepas",5,3,1757488949
dianherdiani1979,"Warna:bagus sesuai gambar
Ukuran:pas
Kenyamanan:nyaman

Barang datang sesuai pesanan,pengiriman cepat...tq shopee",5,15,1759791512
renomarvino,"Warna:sesuai gambar
Ukuran:pas
Kenyamanan:ringan dan enak di pakai

Terima kasih barangnya sudah mendarat dengan selamat",5,0,1758216647
a*****a,"Ada harga ada kualitas guys, jangan berharap lebih dengan harga segini👌",5,1,1758119217
r*****y,Tampilan keren helm nya ringan 🚀🚀🚀🔥,5,22,1763209756
aryagansg,"Warna:hitam glossy
Ukuran:XL
Kenyamanan:busa tebal dan kedap dari angin

Helm desain simpel dan keren harga sesuai yang didapatkan",5,0,1749017263
l*****a,"Warna:hitam dof
Ukuran:ukuran M ny pas di kepala
Kenyamanan:nyaman di pakai

Buat tampilan helm ny keren gak kalah dngn helm yg mahal
Tapi cuma ada 1 yg kurang, logo yg d blkng helm ny gak ada klau d fhoto ny ada logo kecil di dekat logo cosmo ny
Over all aman GK ada yg rusak
Trma ksih buat tokoh,seller,dan kurir ny 🙏🙏🙏",5,0,1742996394
adityaagus882,"Warna:sesuai pesana
Ukuran:pas
Kenyamanan:di dalam atas kurang tebal busanya,helem hampir mepet pundak

Cukup bagus,
Sesuai dengan harga,
Okelaah...",5,1,1743267118
w*****1,"Warna:memiliki pigmen yang bagus
Ukuran:pas banget di kepala dan nyaman
Kenyamanan:alhamdulillah nyaman di pakai

Tapi ada lecet sikit tapi ngk papa bagus kok",5,0,1747727637
akunkuygy,"Warna:sesuai pesanan
Ukuran:pas
Kenyamanan:nyaman

Saya puas dengan pesanan semuanya sesuai terimakasih shopy dan tokonya yang amanah semoga berkah laris saya beli helmnya seadanya terimakasih 🙏🙏🙏",5,5,1761585381
satriobee,"Warna:Warna Hitam Doff
Ukuran:L
Kenyamanan:Nyaman di pakai Busa tebal

Paket helm sdh di terima dgn kondisi baik packing rapi tks shopee tks seller sukses selalu",5,5,1762075478
krusnic89,"Warna:hitam dop
Ukuran:pas
Berat:ringan

Terimakasih, helmnya sudah sampai dan sudah di coba",5,2,1738631966
a*****s,"Kualitas:bagus
Cocok Untuk:perjalanan menengah
Tampilan:menarik

Helm adalah safety kepala saat berkendara
Semoga barokah perjalanan aman
Dan tahan lama",5,5,1758040152
leksynoviyar,"Warna:kerennn
Ukuran:pass
Kualitas:bagusss

helm nya baguss.....ditempel stiker biar makin joss",5,3,1736465130
apriyansah502,"Warna:putih
Ukuran:M
Kenyamanan:sangat nyaman, tampilan juga bagus

Pokonya ngk nyesel beli di sini recomend bangettt
Cmn pengirimanya agk lambat mungkin ada hambatan, tpi hasilnya memuaskan, sekali lagi makasihhh",5,2,1759452359
pinhealth,"Warna:bagus
Ukuran:pas
Berat:ringan

untuk harga 150 rb an udh bagus bgt. kalo di toko offline mgkin bisa kena 200 lbih harganya",5,8,1744438634
docy_shadeg4,"Tampilan:keren banget

pemakaian sehari hari sunmory",5,3,1760023337
0icfshiepy,"Warna:sesuai
Ukuran:pas banget
Kualitas:mantap polll

Ngk kecewa beli di sini joss",5,11,1755529620
angade,"Warna:warnanya sesuai sm pesanan dn yg digambar.. kinclongggg😍
Ukuran:pas dan sesuai
Kenyamanan:sangat nyaman puolllllll

Amanah bgt tokonya. Ku kira bkl rusak atau apa tp pas dateng dengan harga segitu buagus puol puas pokoke.. next order lg buat pak suami🤭",5,2,1742682891
ronie_curl,"Warna:dop
Ukuran:pas Dan Sesuaiii
Kenyamanan:ringan Nyaman Dan Elegan

Pesan Disini Selalu Memuaskan.... Sudah Jadi Langganan Julak Yang Ke 2 Kalinya... Andalan....",5,9,1755267930
syafrialgibran,"Warna:hitam glossy
Ukuran:L
Kenyamanan:nyaman

Helm nya bagus tidak ada kecacatan ,nyaman di pakai",5,6,1762256168
epen_salman,"Warna:sangat bagus
Ukuran:pas size L
Kenyamanan:nyaman di pakai nya

terimakasih paket helm nya da sampai pengiriman cepet kurir ramah....barang nya bagus recomended....terimakasih shopee dan seller nya",5,1,1757569803
dzunnurain23,"Warna:hitam glosy
Ukuran:besar
Kenyamanan:nyaman

Warna hitam glosy mengkilat, model helmnya keren, lakik banget, tapi baut kacanya gampang longgar, jadi harus sering diperhatikan bautnya dikencengin",5,4,1759555717
d*****a,"Kualitas barang oke, harga terjangkau, pengiriman cepat, kurir ramah, thank u seller 🙏",5,1,1759602501
t*****n,"Warna:real sesuai
Ukuran:pas
Kenyamanan:pas dkepala tak goyang

recommended seller, next order lgi model lain",5,1,1754986925
siswantosudarsono,"Warna:sesuai
Ukuran:pas L
Kenyamanan:nyaman tenan

Alhamdulillah sdh sampe sblm lebaran helm impian. Bentuknya bagus setelah liat ALV tp harganya jauh bagusan cosmo ini. Helm datang dlm keada9an box yg penyok2 tp dalemnya aman,visor jg lgs tk pasang STLH tk tambahi Doble tape biar lbh kuat. Kelemahan helm ini rachet kacanya agak ringkih ya kasar gitu di banding NHK R1 milik saya. Semoga awet dan kembali lg ke harga ya jika minusnya masih wajar kyk gini itu wajar Krn saya dpt hrga 150rb. Ini saja saya jg nunggu helm J5 dri tik tok yg dpt harga 122rb...",5,1,1754728245
x0ct9wwuz7,"Warna:Grey glosy
Ukuran:pas dan sesuai
Kenyamanan:ringan dan nyaman dipakai",5,0,1753362215
c*****a,"Pesanannya sudah sampai 
Packagingnya juga rapih pakai kerdus 
Thanks seller..",5,4,1756016553
nusss_,"Warna:hitam dof
Ukuran:M
Kenyamanan:recommended

Harga sesuai kualitas, dan kualitas bagus banget nyaman dipake",5,3,1760477788
ros0505,"Warna:sangat bagus
Ukuran:pas dn sesui
Kenyamanan:sangat nyaman

Terimakasih kak paketnya sudah smpe bagus helm nya dan menarik warna jg bagus pas ukuran XL nya",5,18,1763149291
xruso09qe5,"Warna:sangat bagus dan sesuai
Ukuran:pas dan nyaman di kepala

Barang sesuai pesanan, kondisi bagus.. recommended banget dahh.. thanks seller good job 👍👍👍",5,2,1758028995
r*****9,"Warna:sesuai pesanan.
Ukuran:ukurannya jg pas dan sesuai pesanan
Kenyamanan:sangat nyaman

Abang kurirnya ok ramah jg.
Pesenan ok sesuai dgn apa yg kita pesen.
Pokoknya gk nyesel deh..",5,2,1747867908
shobah179,"Warna:sangat bagus dan sesuai dengan gambar
Ukuran:pas dan sesuai
Kualitas:sangat bagus dan memuaskan

Lk tuku helm rinio pasti amanah",5,17,1756794657
m*****9,"Warna:sangat bagus
Ukuran:pas sedikit kopong dibagian kepala atas
Kenyamanan:cukup nyaman

Untuk beberapa detail mungkin kurang presisi...
Tapi untuk harga segitu helm termasuk cukup mewah..
Terima kasih",5,1,1761405848
mridhomaulanagaming,helm nya bagus warnanya sesuai saya sangat sukaaa ternyata lebih bagus dari pada dugaan sayaa🤩🤩,5,2,1758614254
ucup4480,"Warna:sesuai hitam Doff
Ukuran:pas
Kenyamanan:ringan nyaman

Terima kasih paket helm nya sudah sampai dengan selamat mksh sudah amanah sukses sllu",5,4,1760330496
aqleemaghayda,"Warna:sesuai dengan deskripsi
Ukuran:sesuai ekspektasi
Kenyamanan:sangat nyaman

Toko amanah, pengiriman cepat, sesuai dengan deskripsi produk, sesuai dengan ekspektasi, paking bagus & aman, semoga awet dah",5,7,1760580864
maliabdullah67,"Warna:bagus cerah
Ukuran:pas di kepala
Kenyamanan:enak di pake gak berat ringan dikepala",5,0,1740875744
adyajuliyantosinggih,"Warna:putih
Ukuran:sesuai
Kenyamanan:ccok keknyaa buat dipke",5,1,1757489254
wahyu031294,"Warna:Hitam, Glosy
Ukuran:Pas
Kenyamanan:Nyaman enteng",5,0,1742646647
sugali86,"Warna:warna mulus
Ukuran:sesuai
Kenyamanan:nyaman pas

Paket mendarat dengan selamat, aman dan nyaman...
isi paket sesuai, barang juga sesuai diskripsi. warna OK, bahan OK semuanya OK. spesifisikasi sesuai.
pengiriman juga cepat, selalu mengkonfirmasi, bukti engirimaan juga sesuai. penjual ramah, respon juga cepat.
mantab jaya sentosa",5,0,1753065956
riau_fahri,"Warna:bleck
Ukuran:L
Kualitas:bagus sesuai dengan harga tapi sayang kualitasnya minus dikit

Bagus tapi sayang ada minus dikit tapi ngak papa sesuai dengan harga dan yang datang pun sesuai dengan pesanan mantap bagus nyaman",4,20,1759330247
ricki111112,"Warna:hitam doff
Ukuran:m
Kenyamanan:nyaman puuoolll untuk harga segitu

Buat Budget pas Pasan helm ini cocok bngt boss",5,1,1760592615
fernando38,"Warna:grey
Ukuran:L
Kenyamanan:baguss sih keren worth it harga segitu",5,0,1742316445
afrian_hadi_97,"Warna:bagus sesuai pesanan
Ukuran:pas bingit
Kenyamanan:sangat enak

Satset bener ini toko
Bgitu dipesan lngsung gassspol, pengiriman, reapon cepat, busa helmnya tebal, nyaman banget dipakai
Thank you",5,2,1758387124
indriretno04,"Warna:putih
Ukuran:pas
Kenyamanan:ringan dan nyaman

Tampilan keren real pick bahannya empuk ok bgt terimakasih",5,2,1757489302
ridwan_tandjung27,"Warna:hitam
Ukuran:L
Kenyamanan:ringan fan nyaman dipakai

performance shiipp 🙏👍👍👍",5,0,1751864677
pebyherdiansyah,"Warna:sesuai pesanan
Ukuran:pas
Kenyamanan:nyaman

Barang sesuai pesanan ukuran pas kualitas bagus harga ok...",5,4,1748557642
juna.arie,"Warna:sesuai gmbar
Ukuran:pas sesuai pesnan
Kenyamanan:lumayan nyaman di pake

Pengiriman sesuai estimasi peking aman helm seauai etalasi makasih yahh👍👍👍👍👍👍👍",5,1,1762552789
farhatmulyanafarhat,"Warna:grey Glosy
Ukuran:M
Kenyamanan:pas sangat cocok

Helm nya bagus dan sudah free spoiler harga pun oke untuk helm sekeren ini.

Cuma ada sedikit goressan‼️",5,1,1744265988
shendyshifafauzi,"Warna:warna sesuai dan good choice
Ukuran:Pas sesuai M
Kenyamanan:Sangat nyaman sekali

Mudah-mudahan awet sepanjang masaaaaaaa",5,2,1759761327
nopyarifi4nsy4hid92,"Warna:warna sesuai pilihan
Ukuran:ukuran sesuai pesanan
Kenyamanan:sangat nyaman

Ini helm murah terkeren sih menurut saya",5,1,1760467759
sulisferdiyanto,"Warna:Keren
Ukuran:Pas
Kenyamanan:Nyaman di pakai

Respon penjual Ok, pengiriman standar, sangat recommended sekali belanja ditoko ini",5,4,1762700187
devaanggara200,"Warna:abu-abu
Ukuran:pas
Kenyamanan:sangat nyaman

Helm nya sangat nyaman, harga terjangkau, modelnya bagus dan proses pengirimannya sangat cepat",5,0,1755226338
m*****h,"Warna:hitam dove
Ukuran:pas
Kenyamanan:nyaman

Tampilan Keren, nyaman dipakai mungkin karena spons masih baru jadi masih kenceng dikepala.
dari segi kekuatan helm seperti kurang begitu kokoh, tp positifnya jadi gak berat dikepala, jadi gak pusing. buat harian cukup oke + kece.",5,0,1741819337
z*****2,"Warna:bagus sesuai deskripsi
Ukuran:pas sesuai
Kenyamanan:nyaman dipakai

Pelindung kepala sudah diterima meski pengiriman ada kendala, harga murah tapi bukan murahan ada spoilernya juga jadi tampak kece, helm cocok buat harian aman dari begal helm yang meresahkan.",5,1,1758611532
c3r7bo6sf6,"Warna:bagus
Ukuran:pas
Kenyamanan:mntp

Barang bagus enak untuk berkendara melindungi kpala
Puass blnja di toko ini
Pengiriman akurat dan cpat
Trimakasih untuk tokonya
Smoga jaya truss",5,4,1759704764
r*****i,"Warna:hitam Dop sesuai
Ukuran:pas banget
Kenyamanan:nyaman banget

Sesuai ekspektasi, toko nya amanah semoga sukses usahanya",5,0,1738757947
dutaarisona,"Warna:hitam doff
Ukuran:M tpi agak longgar tpi gx masalah
Kenyamanan:cm nyaman buat sehari2 trimakasih🙏seller ramah smg sht sllu lancar rejeki amiin",5,2,1755530060
agsan007,"Warna:sesuai pesanan
Ukuran:pas
Kenyamanan:nyaman dipake

Paket mendarat dengan selamat sesuai pesanan,helem pas nyaman dipake cm ada baret hitam disamping & dispoiler",5,1,1758053448
d*****s,"Warna:Hitam doff
Ukuran:pas
Kenyamanan:ok

Paket sudah sampai di tujuan dengan selamat terimakasih. Barangnya asli bagus',",5,4,1755530095
jerry.axis,"Warna:bagus
Ukuran:pas
Kenyamanan:ringan dan nyaman

Barang bagus, berkualitas, sesuai ekspektasi dan sangat memuaskan.",5,0,1743238821
niser123,Trim bos barang nya sudah smpi.sesuai harapan ..SMA lancar selalu.,5,0,1736574693
ikokurniawan103,"Warna:memiliki pigmen yang bagus
Ukuran:pas dan sesuai
Kenyamanan:sangat nyaman saat di kenakan

Barangnya dah sampe,  mendarat dengan aman
Barang bagus mantap peking  rapih,  seperti yang di inginkan terima kasih buat tokonya sukses slalu, terima kasih jga buat jasa kirimnya 👍👍👍👍👍",5,2,1754735609
f*****4,"Warna:hitam pekat
Ukuran:pas, masi ada longgar dikit okelah tapi bagus
Kenyamanan:nyaman di pakai pastinyaa broww

demi apapun guys ini worth ith banget, menurut ku best bangett, ote beli lagii buat doii 😻😻 (makasih min karna sesuai)",5,1,1750305644
wisnu_m,"Warna:Warna bagus
Ukuran:Kekecilan
Kenyamanan:Ringan dan nyaman walaupun agak sempit

Helm bagus, tapi agak ringkih sesuai lah dgn harganya
Saya sudah pesan ukuran XL tapi kekecilan
Mau di pasang interkom tapi gak ada slotnya
Semoga awet lah yah",5,1,1757051336
s*****r,"Warna:warna sesuai yang dipesan
Ukuran:pas dikepala ga kegedean
Kenyamanan:lumayan nyaman

Helmnya keren dengan harga segitu mantap lah",5,1,1746368702
jofanhamdani,"Warna:hitam glos mantap
Ukuran:pas

Pengiriman agak lama mungkin karena pakai mobil",5,0,1748333894
dimzzzz.rorr,"Warna:putihh
Ukuran:M
Kenyamanan:sangat nyaman

Helm nya real dan bahannya bagus , mantap deh tokonya ga mengecewakan 🙌🏼
#dimzzpakez #ambatukammodesad",5,0,1753106396
aldiz2206,"Warna:hitam dof
Ukuran:L
Kenyamanan:nyaman

Bagus moga awet",5,0,1746858421
aryagolnd,"Warna:bagus
Ukuran:gede dikut
Kenyamanan:bagus

Pengiriman nya lama bnyak tertunda nya,karna barang sesuai jdi oke² ajh",5,0,1755773655
fajarbayuwijaya856,"Warna:bagus
Ukuran:pass
Kenyamanan:baguss

Pengiriman agak lama sih tapi Joss lah aman",5,1,1749266217
ariesetiawan293,"Warna:sesuan dengan yang diharapkan
Ukuran:pas banget
Kenyamanan:ringan dan nyaman

Gak nyesel deh beli helm di sini. Respon nya cepat 
Penjualan sangat amanah",5,2,1761478128
saiful165,"Warna:Merah glossy
Ukuran:pas sesuai
Kenyamanan:ringan dan nyama

Helm hkm Cosmo murah tapi bukan abal abal COCOk buat motorn makasi sopi",5,3,1758644299
t*****3,"Warna:sangat bagus dan sesuai sama yang digambar
Ukuran:ukuran produk yang pas dan sesuai
Kenyamanan:sangat nyaman saat dikenakan

Barang nya sangat sesuai dan aman harganya pun sangat terjangkau",5,0,1761243850
yamahabysonnew,"Warna:bagus dan awet
Ukuran:ukuran sesuai
Kenyamanan:bagus dan lumayan nyaman dipakai

Baik",5,0,1756814540
k*****z,"Beli 2 buat jalan2 bareng istri. Overall ok, yang helm cewek lecet dikit banget di bagian atas, minor, g ngaruh. Harga murah, pengiriman baik. Saya rekomendasikan bagi yang budget minimalis. Btw gambar no 5 pasang sebelah mana ya?",5,0,1762666583
d*****2,"Warna:cocok
Ukuran:pas
Kenyamanan:baik

busa dalam bisa buka pasang",5,0,1756942171
muhammadjuty,"Warna:hitam dof
Ukuran:M
Kenyamanan:nyaman dan sangat pas saat di gunakan

Desain keren dan cakep, dan sesuai pesanan.. tidak mengecewakan..saat Dateng kardus penyok..tapi Alhamdulillah, aman dan tidak ada yang rusak..",5,0,1757489451
settogiding,"Warna:keren abis
Ukuran:passs banget
Kenyamanan:ckup bagus seharga sgtu..nyaman lah buat nge vlog ama istri anak

bahan simpell keren abiss..matur suwun seller.nya kurir.nya",5,1,1760671304
jovelynkeyana,Puas belanja di toko ini dengan produk yang sesuai next beli lagi helm di sini,5,0,1737706705
nurulhanik,"Warna:keren
Ukuran:pas sesuai
Kenyamanan:nyaman helm sedang tidak terlalu berat

Ke dua kalinya belanja di toko ini barang jos no baret no lecet .  realpict . yok beli aja di toko ini",5,1,1755530274
zamzami.s,"Warna:sesuai dgan foto
Ukuran:ukuran M sesuai dgan deskripsi
Kenyamanan:sangat nyaman di pakai 👍👍",5,0,1746010783
085227451530_007,Makasih paket dah sampai barang bagus sesuai pesanan pengiriman cepat jangan ragu beli ditoko ini dapat helm bagus murah dipakai nyaman pas bgt ukuran m,5,1,1738922339
arofiurzkiscs,"Warna:HKM Abu Abu Doff
Ukuran:Pas dan Nyaman
Kenyamanan:Sangat nyaman",5,0,1762553059
juny260689,"Warna:mint
Ukuran:m
Kenyamanan:sangat nyaman

Barangnya sudah sampai dengan slamat... kualitasnya bagus keren warnanya sesuai pesanan sangat suka bgt ....",5,1,1755530310
sonny046,"Warna:hitam Dof
Ukuran:XL
Kenyamanan:pas

Harga murah tapi bukan kaleng ini mah.... Mantap elegan dan Istimewa Good Job",5,0,1748424626
b*****2,"Ukuran:M
Warna:dof
Durabilitas:bagus

Helm nya bagus pengiriman juga cepat krna jarak ny ga jauh,
Tapi kualitas Helmya sih yg kurang dr finishing nya bnyak yang agak ga rapi tp ya sesuai dengan harga ny ,selain itu ok di pake juga nyaman busa ny lembut dan tampilan helm ny pas di pake kece abis",5,2,1736755887
l5iourkq0_,"Warna:kerennnn
Ukuran:L
Kenyamanan:kualitasss josss

Kerennnnnnnn",5,3,1759506081
ahmadfaujisaputra569,"Warna:sangat puas
Ukuran:pas dan sesuai
Kenyamanan:trasa sejuk dan nyaman",5,0,1743037225
c*****a,Barang sesuai harga lah.. helm nya enteng kaya helm sepeda.,5,0,1742044959
ainurrofiqtampan,"Warna:sesuai pesenan
Ukuran:pas
Kenyamanan:nyaman di pakai

Bagi yg pengen bentuk hlm anak muda rekomendet dgn harga pelajar..tp tipis sekali tidak untuk sirkuit hanya untuk penampilan",5,1,1759425455
f*****7,"Warna:putih
Ukuran:m
Kualitas:bagus

Cukuup bagus banget ini helm. Harga terjangkau tpi worth it kualitasnya. Keren",5,2,1744438720
d*****a,"Warna:abu a u
Ukuran:xl
Kenyamanan:nyaman bgt

Helm nya bagus cocok buat anak motor bgt 👋💥",5,0,1745466526
jajakpeyek,"Warna:hitam
Ukuran:pas
Kenyamanan:lumayan nyaman

mantap, warna dan ukuran sesuai
minusnya tadi cuman braketnya visornya aja kurang pas jadinya lepas sebelah, tapi its oke dah bisa di pasang
murah tapi desain keren
saran kasih double tape lebih biar pemasangan spoiler bisa lebih kuat",5,1,1760671357
a*****8,"Warna:sesuai
Ukuran:pas
Kenyamanan:nyaman

Pesanan diterima baik... Packing rapi.. Pakai dus.. Barang sesuai pesanan warna dan ukuran sesuai.. Terimakasih..",5,0,1755744338
rendiferdiansyah.,"Kualitas:good
Cocok Untuk:pas
Tampilan:keren

Wlpn murah yg penting sni",5,0,1757489565
vitvitgemoy,"Sesuai pesanan 
Pengemasannya lumayan .. ga ada yang lecet
Dipake juga ringan ga berat",5,0,1745847685
m*****a,"Warna:memiliki pigmen yang bagus
Ukuran:pas di kepala
Kenyamanan:nyaman saat dipakai

Barang bagus sesuai diskripsi paking rapih dan kurir cepat dan baik",5,0,1747540203
i*****9,"Warna:L
Ukuran:pas di kepala
Kenyamanan:ok ok sja

Pengiriman lebih cepat dri estimasi, tp bguslah & barang sesuai👍🏻",5,1,1741894919
h*****h,"Sesuai pesanan,mantaf ga ad yg lecet,,kalo bisa packing si tebelin lagi kalo nyebrang pulau",5,0,1745062643
andynotsc,"Warna:grey dof sdh sesuai mewah
Ukuran:M pas dikepala
Kenyamanan:sangat nyaman dipake",5,1,1745242466
rayhanagum,"Warna:Hitam
Ukuran:XL
Kenyamanan:nyaman dipakai, dan pas

pesanan selamat tidak ada kerusakan dan sesuai pesanan, pas dikepala juga,dan cocok buat yang suka touring ke Antartika 👍",5,0,1746247529
z*****1,"Warna:white glos
Ukuran:pas di kepala
Kenyamanan:daleman ny lmyn empuk

Paket udah di terima, yg size L ok cuma yg size M ada sedikit bagian yg patah, tpi gpp tinggal di akalin aja, worth it lah utk harga segitu, nyaman di kepala n helm ny ringan, thx seller n abang kurir ny, 🙏",5,1,1757092660
sonny.oksa,"Helm mendarat dengan aman walopun dusnya penyok hehe,,, warna sesuai yg dipesan, helmnya enteng, sesuai dengan harganya,, modelnya bagus, pengiriman cepat, 1 hari nyampe , mantappp",5,0,1738324819
willray,Barangnya bagus sesuai deskripsi cuma minusnya packingannya berantakan banget untung barangnya masih aman gak ada lecet,5,0,1734690166
chandra_purnama67,"Warna:sesuai
Ukuran:pas
Kenyamanan:nyaman

Sesuai harga & nyaman",5,0,1737976397
tyotyo828,"Ukuran:pas dan sesuai
Warna:memiliki pigmen yang bagus
Durabilitas:lumayan sesuai harga",5,0,1734193468
galangakmal11,"Warna:memiliki pigmen yang bagus, warna cocok untuk anak remaja
Ukuran:pas, gak kekecilan gak kegedean
Kenyamanan:bagian dalam helm empuk, nyaman dipakai, kaca dilihat dari luar gelap padahal pas dipakai terang&jelas

Pokoknya recommend banget seller tokonya amanah,pengiriman juga cepet, thanks seller & kurir👌🙏",5,0,1753452414
samsuddin_16,"Warna:keren
Ukuran:L
Kenyamanan:bagus dan nyaman di pakai

keren juga buat setelan anak muda
dan harga terjangkau",5,0,1747712754
ridho.wijaya13,"Warna:hitam, elegan
Ukuran:pas
Kenyamanan:nyaman dipake, ga kendor

Bagus pokonya no komen",5,0,1756461865
agusprimaapandi,"Untuk look ganteng bgt
Tp untuk keamanan msh sangat diragukn
Soalnya ringkih smua materialnya 😅",5,0,1741597642
brokuyysantuyy,"Warna:Hitam Doff
Ukuran:dalemnya aja yg pas, luarnya tetep gede, kek alien wkwk
Kenyamanan:untuk safety cukup, untuk gaya & kenyamanan belum

Barang sudah sampai ditempat ☕👍🏻 terima kasih...",5,1,1752258785
9enssk1duq,"Warna:warna hitam dof
Ukuran:pas sesuai
Kenyamanan:terasa empuk dan nyaman",5,0,1748323805
anggasandi139,"Warna:sesuai sm yg d pesan
Ukuran:ukuran jg pas M
Kenyamanan:sangat nyaman

Asli sih bangus banget helmnya,keren pokoknya tokonya amanan,trs kurirnya jg ramah the best lh pokoknya",5,0,1746007600
joko7055,"Warna:bagus ice blue
Ukuran:Sedikit kebesaran
Kenyamanan:tapi nyaman enak di pakai

Warna sesuai dengan deskripsi. Sedikit kebesaran. Karena postur kepala sya mungkin agak kecil. Nyaman di pakai dan ringan.",5,0,1745501193
rudyandambotov,"Warna:memiliki pigmen yang bagus
Ukuran:pas dan sesuai
Kenyamanan:sejuk dan nyaman

Pengiriman cepat kurir yang ngirim lama kualitas baik sesuai harga terasa ringan dipakai terima kasih shopee terima kasih seller",5,1,1756626843
fadla23,"Warna:hitam
Ukuran:sesuai pesanan
Kenyamanan:busa baik",5,0,1742619857
rafiiempie,"Warna:oke
Ukuran:mantap
Kenyamanan:bagus

Mantap langsung pasang intercom 
Makin ganteng ini helm😂😂😂",5,1,1741635791
pandesurya15,"Warna:pas
Ukuran:ukuran sesuai cuman mungkin saya aja yang salah milih
Kenyamanan:nyaman gak sumpek",5,0,1750124703
nino_kurniawan,"Warna:Bagus
Ukuran:Sedikit kebesaran, tp masih wajar
Kenyamanan:Sangat nyaman digunakan",5,0,1748000412
o*****1,"Warna:sangat menarik dan bagus
Ukuran:pas dan sesuai
Kenyamanan:ringan, adem dan nyaman

Terimakasih seller produknya sudah diterima dan sesuai dengan pesanan",5,1,1744612856
cadisertama.d.raizel,"Warna:bagus
Ukuran:masih menyesuaikan
Kenyamanan:ringan nyaman",5,0,1746439941
aanbudi145,"Warna:hitam doff
Ukuran:kebesaran padahal pesen ukuran m
Kenyamanan:nyaman enteng

Alhamdulillah akhirnya paket sudah diterima packing aman dan bagus semoga bermanfaat sesuai dengan keinginan dan kebutuhan terimakasih banyak untuk seller semoga sukses selalu",5,0,1744894600
ajltewjmco,"Warna:warna sesuai
Ukuran:ukuran ok
Kenyamanan:enak nyaman,

Ada tulisan yg hilang sedikit tapi ok lah nyaman GK ngaruh",5,0,1746859764
ranimun975,"Warna:mantap,nggak nyesel beli disini!
Kenyamanan:ringan,dan nyaman",5,1,1739375519
97hmt4tedy,"Warna:Ok
Ukuran:pas
Kenyamanan:nyaman saat di pakai",5,0,1739349630
dirgahayuwijaya17,"Warna:sesuai dengan gambar
Ukuran:pas di kepala
Kenyamanan:nyaman untuk di kenakan

Barang sesuai dengan pesanan, waktu pengiriman sesuai dengan estimasi dan terima kasih.",5,2,1759425239
yogi14_,Rekomended bgt buat harga pelajar bagus ini,5,0,1743167736
rianivali1,"Warna:Gray DOF
Ukuran:xl
Kenyamanan:pas bgt

Mantap",5,1,1757121184
awal.astan,"Warna:sangat bagus
Ukuran:pas dan sesuai
Kenyamanan:ringan nyaman f pakai

maanntap pooll,👍👍👍",5,0,1750376997
rifkihidayat723,"Warna:warna sesuai bnget sama gambar
Ukuran:ukuran saya salah pilih,,,harusnya M😁😁🙏
Kenyamanan:nyaman tidak gerah dan ringan,busa juga empuk hehe best wes",5,0,1747732637
viona_nayaaaa,"Ukuran:pass

Plisss bagus bgtt, suka karna kaca nya hitam tpi kalo dipake ga gelap gituu, malem pun ga gelapp, thankyouuu❤️‍🔥",5,0,1756125550
ghazi_store_84,Paket sudah diterima sesuai dengan Pesanan. Respon cepet pengemasan cepet pengiriman cepet seller ramah harga murah berkualitas terima kasih. Jasa kurir aga lama pending 2 hari di gudang.,5,6,1744333501
agungnazari,"Warna:bagus dan sesuai dengan gambar
Ukuran:pas dan sesuai
Kenyamanan:nyaman saat di pakai

Paket baru saya terima dengan aman . Barang sesuai dengan pesanan ataupun photo.packingan juga rapi bubble wrap nya tebal .pengiriman juga cukup cepat .terima kasih untuk semuannya",5,0,1737686750
0llciytvti,"Warna:hitam doff
Ukuran:pas
Kenyamanan:ringan dan nyaman

gila sih semurah ini tapi bisa sebagus ini 😍",5,0,1759227586
r*****n,"Warna:bagus
Ukuran:pas
Kenyamanan:Nyaman

No komen ,Barang Murah jangan Berharap Lebih ya",5,0,1746111960
gh_shop86,"Warna:bagus doff
Ukuran:pas
Kenyamanan:ringan nyaman

Trima kasih helm sampekmselamatsallerramakirim cepet,",5,0,1759834929
f*****d,"Warna:hitam
Ukuran:kebesaran dikit
Kenyamanan:oke

Mantap banget. Pengiriman oke!!",5,1,1739409220
nadilaoktalia30,"Warna:grey
Ukuran:dilepala aku yg kecil agak besar dikit tp ok lah
Kenyamanan:baguss

Ukuran M buat aku masih agak kelonggaran tp selebihnya baguss ga ad lecet🥰",5,0,1740778937
ahmaad_j,"Warna:sesuai foto persis
Ukuran:ukuran M pas dikepala
Kenyamanan:sangat nyaman dan busanya tebal

tampilannya sangat keren dan saya sangat puas.
thankyou seller",5,0,1758337549
f*****r,Bagus sih tapi ada kesalahan saat memasang kacanya tapi masih  bisa dipasang terimakasih,5,0,1753512916
r*****8,"Warna:warna keren
Ukuran:agak longgar sedikit tapi pas lah
Kenyamanan:nyaman",5,0,1736555121
emakazah,"Warna:Maroon dof
Ukuran:Pas
Kenyamanan:Baik

Helm nya udh sampai bgus keren cpt bgt lg dtg nya mksh seller n shopee",5,0,1738412745
wulandarinovitri,Semoga awet helmnya. Lumayan sih dengan harga terjangkau,5,0,1739952238
idrismade,"Warna:sangat bagus
Ukuran:nyaman
Kenyamanan:nyaman

Terima kasih kakak pesanan helm HIKARU sudah sampai rumah dlm kondisi baik. Bagus. Recomended banget....
Saran untuk yg punya TB 155-160 BB 45-50 pake ukuran M masih agak longgar. Harus pake BUFF/MASKER baru pas. Mungkin pilih ukuran S kalo opsi tersedia.
Ubtuk unit bagus bangat....TOP BGT...",5,0,1744872364
chiko25,"Warna:pigmen yang bagus
Ukuran:pas dan sesuai
Kenyamanan:sNgT nyaman dikenakan

Cuman cucuk belakang pnjang banget
Overall bangus dengan harga murah
Nyampe kalimantan tanpa lecet satu pun
Terimakasih",5,0,1742034188
hendrifiadi,"Warna:Sesuai pesanan
Ukuran:Pas
Kenyamanan:Nyaman pas di pakai

Helmnya sangat mantab",5,0,1745048734
a*****7,"Terima Kasih atas kerjasama nya,.
Produk diterima dalam kondisi baik dan sesuai dengan jumlah serta varian pesanan.
Produk sudah di dicoba dan presisi..
Recommended seller.,
Mantabs..",5,1,1758622638
abahtanziila,"Warna:maroon
Ukuran:pas

Alhamdulillah helm cosmo nya SDH nyampe bagus sesuai pesanan",5,0,1745383336
,"Warna:sesuai pesanan hitam doff
Ukuran:sesuai pesanan dan pas, XL
Kenyamanan:nyaman dipakai karena ukurannya pas",5,0,1746087199
naura_ekaputri05,"Warna:bagus sesuai gambar
Ukuran:pas
Kenyamanan:oke

Bagus banget sesuai gambar, aku kira dapat yg biasa eh ternyata busanya agak tebal, ya lumayan lah buat dipakai keluar",5,0,1746783545
encang_kasim,"Warna:hitam dop
Ukuran:pas
Kenyamanan:baik

Sesuai deskripsi, respon penjual cepat, pengiriman cepat dan ramah. Sesuai harga. Terimakasih",5,0,1742678117
k*****5,"Warna:hitam doff
Ukuran:Pas di kepala
Kenyamanan:standar dan nyaman

Singkat aja, Murah daripada beli di toko reseller",5,0,1747723349
ydryjxfglz,"Warna:sesui
Ukuran:pas
Kenyamanan:nyaman

Lecet sedikit ga ngaruh cocok lh harga segitu",5,0,1760004417
ramzalwaysnt,"Warna:oke
Ukuran:oke
Kualitas:sangat bagus untuk di kelas harganya",5,0,1735962917
dul_1987,"Warna:hitam glossy sesuai
Ukuran:M sesuai dan pas
Kenyamanan:belom di coba",5,0,1744393304
panji_anggriawan,"Warna:sesuai
Ukuran:M
Kenyamanan:ok mantep

Seler Slow respon, Alhamdulillah amanah,warna sesuai ,kece bgt,keren,,cuma pngriman agak slow,selebihnya ok..trims all...untuk kurir lambat,helmny mau di pake ge syang,buat pajangan aja dah wxwx",5,1,1743428740
s*****8,"Ukuran:M pas banget
Durabilitas:bagus
Desain:keren bet rekomend",5,1,1733864172
4*****f,"Worth it lah, pakenya nyaman, modelnya keren, pengiriman cepat, datangnya aman, sesuai pesanan, barangsesuai gambar. Suka lah pkoknya, semoga awet dan tahan lama.
Terimakasih.",4,3,1749031970
rhandasauda,"Warna:hitam dof sesuai pesanan
Ukuran:ukuran L pas dikepala
Kenyamanan:sangat pas,gak longgar gak sesak",5,1,1757735465
fita_dinda90,"Barangnya bagus, terlihat mewah. Harga murah, packingnya aman. Semoga awet. Terima kasih",5,0,1748944443
joko_adjie,"Warna:sesuai
Ukuran:pas sesuai pesanan L
Kenyamanan:blm d coba, tp kliatanya nyaman

Muaaantaaaabbbb.......
Toko amanah",5,0,1736134801
0vszaprs6p,"Warna:sesuai
Ukuran:pas
Kenyamanan:nyaman banget dipake nya

Mantap",5,2,1760313126
09_07ismail,"Warna:warna merah maroon glossy
Ukuran:pass
Kenyamanan:ok

Alhamdulillah nyampe juga ini helm, emng murah tapi bukan sembarang murah udh berkelas mantap terimakasih seller 🙏",5,0,1737618274
fadlykaita96,"Warna:sangat bagus dan sesuai pesanan
Ukuran:pas dan sesuai
Kenyamanan:sangat nyaman",5,1,1737088098
t*****9,"Mantaps 
Sesuai pesanan
Ukuran nyaman Pas Di kepala
Josssss",5,0,1745747488
indrasyahtriady,"Warna:cerah
Ukuran:pas
Kenyamanan:nyaman

Ringan, enak utk perjalanan motor yg lama. SNI.",5,0,1746003033
hiinnoo,"Warna:pas
Ukuran:pas
Kenyamanan:pas

Keren mantab ga kecewa apalagi kalau kacanya lebih hitammm tambah mantab",5,0,1739322832
selametriyadhi809,"Helm sesuai dengan yg di jual
Helmx bagus dan nyaman di pakai",5,2,1760532379
wicaksonohendi,Barang sesuai dengan pesanan dan penjual juga amanah.. Lanjutkan,5,0,1737949560
achmadatausyarief,"Warna:pigmen yg bagus
Ukuran:pas dan sesuai
Kenyamanan:ringan dan nyaman saat di pakai.

Bagus dan sesuai pesanan saat live. Good",5,0,1745492213
f*****y,"Warna:Warna bagus
Ukuran:pas
Kenyamanan:sejuk dan nyaman

Nyaman banget buat di pakai dan pas",5,1,1751570503
wulanjmbng,"Warna:pigmen yang bagus
Ukuran:pas di kepalan dan nyaman di pakai
Kenyamanan:sangat nyaman

Pemesanan sesuai produk bagus gak rugi beli di toko ini makasih pengemasan sangat rapi pengiriman juga cepat",5,0,1746011465
langkahtujuan,"Warna:cocok
Ukuran:pas
Kenyamanan:sangat nyaman di pakai

Nyaman bgt saat di pakai helem nya...mksih bgt toko nya....kirim man ja cepat ..mksih bgt atas toko ini....",5,0,1742735618
thohir__muryanti,"Sesuai pesanan, dan kwalitas bagus 
Semoga aweet",5,0,1745381418
setyasetyanugraha399,"Warna:hitam dof
Ukuran:L

pengirimanya cepat 👍🏻 produk sesuai pesanan
untuk desain lumayan bagus dan untuk kenyamanan blm sya digunakan karena sya tambahkan sdikit modifikasi 
selebihnya produk baik dan aman 
terimakasih seller and shopee 🙏🏻👍🏻👌🏻",4,1,1754622308
indranettanaufalsetiawan,"Untuk busa dalamnya masih terasa kurang lembut, dgn harga segitu it's wort it laaah",5,0,1760889621
anamaryana13,"Warna:hitam , D
Ukuran:L
Kenyamanan:nyaman di pakai

Alhamdulillah pas di anak bujang, tidak mengecewakan helem nya bagus, bahan nya tebal, pokoknya tidak nyesel blanja di tokoh ini amanah, trimakasih Shopee",5,0,1746804886
bismillah1987,"Untuk harga helm segitu udh lumayan, bahan nya lumayan juga ga begitu ringkih, pengiriman cepet pesen jam 12 siang jam 3 sore udh sampe 3jam doang keren,pokonya recommended banget",5,20,1763185871
alfiandrisaputra174,"Warna:bagus
Ukuran:pas
Kenyamanan:nyaman

Helmnya bagus, murah tapi tidak murah""an
Yg penting jos lah
Kurang cuma 1 seller, yg abu"" Saya pesan ukuran M, tapi busa nya kurang padat jadi sedikit lapang klw di pake, terimakasih lah seller",5,1,1752403618
muhammadzahwan839,"Warna:sangat baguss
Ukuran:pas di Kepala & nyaman di pakai
Kenyamanan:terasa sejuk nyaman

cocok buat pria Starboyyy ✨",5,0,1744096650
fytharizky,"Warna:seuai
Ukuran:pas
Kenyamanan:ga kalah sama ori

barang memusakan, cuman kualitas  ga bisa berharap lebih , namanya baranh murah , yg pasti sangat layak di harga segitu .",5,0,1760008394
mryqrc8_2e,"Warna:Grey
Ukuran:XL pas di kepala
Kenyamanan:ringan dan nyaman

Baranganya sampai dengan selamat tidak ada baret²,pecah,dan sebagainya,kurirnya ramah.semoga amanah selalu",5,0,1744095667
sibarani79,"Warna:bagus
Ukuran:pas
Kenyamanan:nyaman mantap.....gk nyesel beli

Makasih seller dan sophee",5,0,1756290352
koko232031,"Warna:hitam doff
Ukuran:pas
Kenyamanan:nyaman

Pengiriman cepet, hari sabtu pesen, minggu harus y udah d trima, karna kendala d kurir jd hari ini baru diterimanya,. Semua y ok ko ga ada cacat y. Recommend deh poko y",5,0,1761564650
i*****1,"Warna:hitam dof
Ukuran:L sesuai dan pas
Kenyamanan:Nyaman sesuai harga

Helm nya keren sih mantep 👌🏻",5,0,1752132926
agunggunawan26,"Warna:hitam doft
Ukuran:m
Kenyamanan:lumayan

Bagus hanya saja pengiriman nya terlalu sama di simpen di tempat sortir",5,0,1736039910
gilang_rmdhn66,"Warna:memiliki pigmen yang bagus
Ukuran:ukuran produk yang pas dan sesuai
Kenyamanan:saat nyaman ketika di pakai

Oke juga 👍👍",5,0,1757611179
pandikesuma,"Warna:sesuai
Ukuran:pas
Kenyamanan:busa nya lembut enak di pakai",5,0,1741921521
arysoetra08,"Warna:warna sesuai lah sama gambar
Ukuran:ukuran pas di kepala
Kenyamanan:nyaman di pake

buat harga segitu worth it bgt buat di pake sehari hari",5,0,1743049647
ariefzoetteradhite,"Warna:sesuai dengan deskripsi dalam etalase toko
Ukuran:pas dan sesuai dengan ekspektasi
Kenyamanan:nyaman dipakai",5,0,1745122084
mhmmdbgs_,"Warna:hitam dove
Ukuran:L
Kenyamanan:sangat pas dan keren dipakai

Thanks seller... Pesanan sampai sesuai keinginan
Sehat trus ya, biar bisa order lagi😁😁",5,0,1742816418
s*****n,"Warna:bagus sesuai dengan gambar
Ukuran:pas M
Kenyamanan:pas di pakai busa tebal

Pengiriman cepat dan harga terjangkau",5,1,1756627171
quen_22wn,"Warna:sesuai pesanan
Ukuran:[M] sesuai
Kenyamanan:ringan dikepala,gnakaln pusing dhh",5,0,1746234065
mukhlas1267,"Warna:hitam dof
Ukuran:L
Kenyamanan:Lumayan sesuai harga

Modelnya bagus, kualitas standar SNI sesuai harga, ekspektasi jangan terlalu tinggi, setidaknya sudah SNI, bagus.",5,0,1742991722
iskandsteel19,"Warna:okey
Ukuran:pas tdk longgar
Kenyamanan:nyman² saja ckup lah

Brang yg smpai krdus ny hmpir lepas isolasi ny dan ada bgian dibwah visor knn bawah patah yah msih bsa dilem buat hrga sgitu lmyan okey tdk wah tp tdk jlek jga, sesuai dgn pmkaian shari² buat prjlnan rngan²",5,0,1752411592
yogipirmansah86,"Warna:sesuai
Ukuran:Pas
Kenyamanan:Ringan enakndipake inimah

Barang udah sampe mantul nih👍👍",5,0,1748084860
mymc5my9md,"Warna:bagus , hanya cat nya ada yang kurang halus
Ukuran:pas
Kenyamanan:nyaman di pakai ringan

Ada sedikit yang pecah",5,0,1746098888
ojikaja246,"Tampilan:Helm nya bagus, tapi baut pengikat tali nya rusak 1 sebelah kiri
Cocok Untuk:Remaja - dewasa
Kualitas:Bagus

Helm nya bagus untuk anak remaja dan dewasa",4,2,1743391362
_*****y,"Kualitas:bagus
Tampilan:cukup elegant, dengan harga segitu recomend lah, untuk yg suka murah2 tpi nyaman di pakek boleh lah pakek ini",5,0,1757121341
muchammadakhsansaputra,"Warna:sesuai dengan yg dipesan
Ukuran:pas sesuai dengan yg dipesan
Kenyamanan:sangat nyaman

dengan harga yg sangat bisa dikatakan murah untuk sekelas helm yg sangat baguss",5,0,1746779588
mc.boy,"Warna:ok
Ukuran:pas
Kualitas:ok

Helm ok lah....harga terjangkau tapi tampilan ciamik",5,1,1755778259
ageng60,"Warna:grey dof
Ukuran:pas sesuai
Kenyamanan:nyaman sekali rekomendeh buat klian, pengiriman sangat cepat",5,0,1750399571
ketutwiguna74,"Warna:hitam dop
Ukuran:pas di kepala
Kenyamanan:nyaman cocok untuk saya",5,0,1742271921
bzemeuc434,"Warna:bagus cerah
Ukuran:pas
Kenyamanan:nyaman enak di pakai

Selamat siang kk pesanan sudah saya terima sesuai gambar pesanan terima kasih kk dan Shopee terima kasih",5,0,1745136086
mrjay29teq,"Warna:hitam glos
Ukuran:pas
Kenyamanan:ok

ok bagus helmnya.seharusnya sy pesan yg doff...krn glost gampang lecet.helmnya ok",5,0,1742922352
gomang,"Warna:hitam dof/hitam
Ukuran:pas dikepala
Kenyamanan:nyaman

Sesuai yg dipesan, enak dipakai ringan dikepala, bagus",5,0,1750245682
mikeyowha,"Ukuran:pas dan sesuai
Kenyamanan:ringan dan sangat nyaman di pakai
Warna:Bagus sesuai pesanan dpt spoiler nya juga",5,0,1760680669
b*****4,"Warna:hitam dof
Ukuran:pas di kepala, pake ukuran M
Kenyamanan:nyaman gak panas

Mantap lah, sesuai pesanan, helm juga keren bgt",5,0,1756729558
komarudin011,"Warna:sangat bagus
Ukuran:pas dikepala
Kenyamanan:sangat nyaman

Helmnya sudah sampai, barang nya bagus nyaman digunakan, pas dikepala tidak sakit untuk jarak jauh. Helmnya enteng dan mantap.",5,1,1757571331
sodri63,"Warna:hitam glosy. L
Ukuran:pas
Kenyamanan:lumayan sesuai dgn harga dan kualitas",4,1,1741788032
ikin_sodikin83,"Warna:hitam glosi
Ukuran:m
Kenyamanan:lumayan enak,.enteng lagi

Alhamdulilah paket sudah sampai,.helmnya,bagus mulus dan gak baret,.makasih seler,.makasih abang kurirnya ,.sukses slalau..",5,0,1745119977
,Sangat mantap saya suka sesuai pick saya suka saya suka ✌️,5,0,1737955732
sldon,"Paket sudah diterima aman dan lengkap, walaupun kardusnya rusak,, Ukuran dicoba masih kegedean atau mungkin Kepalanya Kecil, jasa pengirimannya lambat tapi produknya puas. Terimakasih Gan, saran kedepannya semoga jasa pengirimannya bukan yg ini lagi",5,1,1756808932
oemaralfathir,"Warna:grey glossy
Ukuran:M
Kenyamanan:nyamann banget busanya juga

keceee banget wakk",5,0,1748500956
e*****3,"Warna:mantap
Ukuran:pas
Kualitas:untuk di kelas nya lumayan",5,3,1735784904
a*****e,"Warna: sesuai dengan gambar
Ukuran:ukuran pas  sesuai
Kenyamanan:kern",5,0,1746792210
w*****6,"Pesanan sesuai yg saya mau,.pengiriman cepat,.saler cepat tanggap pas di chat,.terimakasih",5,0,1742388075
restiqomah28,"Warna:pink nya cakep lucu
Ukuran:kekecilan sedikit, tapi busanya empuk
Kenyamanan:enak di pake

Walaupun kekecilan sedikit,, tapi masih enak di pake karna busanya gede empuk,, warna nya oke keren",5,0,1741350695
jamalddn22,"Warna:sangat bagus sesuai dengan yang ada pada gambar
Ukuran:ukuran produk pas dan sangat sesuai
Kenyamanan:sangat nyaman saat kita mengenakan

Bagus. Tapi sayang variasi yang ditempel sebaiknya tidak pakai lem, tapi pakai baut.",5,2,1760203742
4h7i285ja8,"Warna:warna nya bagus
Ukuran:ukuran nya juga pas
Kenyamanan:sangat nyaman

Pesanan sesuai dengan yang di pesan dan bagus",5,2,1739871015
hsj6p405m_,Alhamdulilah pesanan udah datang barang nyah bagus  warna nya cocok paslagi ukuran nyah,5,0,1746099579
herirahman92,"Warna:hitam dof
Ukuran:L pas di kepala
Kenyamanan:nyman di pakai untuk harian

Terimakasih sudah mendarat dengan selamat",5,0,1758525150
f*****2,"Warna:merah
Ukuran:pas
Kenyamanan:nyaman di pakai",5,0,1747322450
aguspathol,"Warna:hitam D.L
Ukuran:pas dikepala
Kenyamanan:ringan dan nyaman dipakai

Mantap sesuai pesanan, pengirimannya jg cepat,mantap dah pkoknya",5,0,1740626486
tungauhalus,"Warna:sangat bagus sesuai pesanan
Ukuran:pas
Kenyamanan:ringan dan nyaman bila di pakai",5,0,1739194206
tama_olshop,"Warna:warna tidak sesuai orderan
Ukuran:pas
Kenyamanan:lumayan

Untuk harga segini kualitas kurang begitu memuaskan, logo kurang rapih terkesan KWnya, busa ok, ukuran pas, warna order abu abu yg dtg hitam",3,0,1748008406
thohaalshehabi,"Dgn harga yang murah ini termasuk cukup bagus
Terimakasih",5,1,1736089608
anggafrediansah,"Warna:memiliki pigmen yang bagus
Ukuran:ukuran produk yang pas dan sesuai
Kenyamanan:sangat nyaman digunakan

Mantap",5,0,1745422595
muhammadamir069,"Alhamdulillah sesuai pesanan 
terimakasih sehat slalu",5,1,1742829306
ndeirma,"Warna:warna sesuai keinginan mantap
Ukuran:m
Kenyamanan:pas banget dikepala mantap",5,0,1747216421
m*****e,"Warna:seusai pesanan
Ukuran:L nya kayak m TPI gpp masih okk
Kenyamanan:lumayan nyaman

Niat mau kasih B5 tapi syg banget ada yg patah di bagian atas nya. Jdi goel2 itu kanan kiri mau lepas hmmm padahal dh di tanya aman gak krm ke lokasi saya ,di jwb aman TPI nyampe nya rada kecewa dikit.",3,0,1747291584
irhamsyah57,"Warna:keren dan sesuai pesanan
Ukuran:sesuai dan sangat pas
Kenyamanan:belum dipakai

Terimakasih seller barang mendarat dengan aman tanpa luka sedikit pun,, barang juga sesuai terimakasih sukses selalu",5,0,1742713891
a*****_,"Warna:.
Ukuran:.
Kenyamanan:.

Barang di Terima dengan baik dan aman. Packingan rapih. Dan berfungsi dengan baik. Good seller 👍🏻",5,0,1760877747
bambangs2,"Warna:hitam dop
Ukuran:pas
Kenyamanan:aman dalam bepergian, utamakan keselamatan pkai Hlem,trimakasi smoga tokonya laris suxes",5,1,1755475760
d*****5,"Warna:bagus sekali hitam dof
Ukuran:pas banget ukuran L
Kenyamanan:nyaman di pakai

Ini mah di luar ekspetasi bener"" murah helm harga 160an sebagus ini emang bener"" salut banget puas banget pokoknya buat mejeng sama temen"".",5,0,1740662153
erwinhajisaputra,"Mantul tidak mengecewakan, cukup bintang yang berbicara",5,0,1739026868
b*****f,"Warna:Hitam
Ukuran:Terlalu kecil
Kenyamanan:ada harga ada barang

Size XL gak ngaruh, Tetep kekecilan.
Ada harga ada barang",5,0,1741588417
indraardiansah744,"Kualitas:bagus
Cocok Untuk:berkendara
Tampilan:sangat bagus

Barang sampai dengan kondisi baik walaupun datangnya terlambat tp saya suka dengan helm ini dengan harga yg gk terlalu mahal saya dapatin helm yg berkualitas dan sesuai dengan fotonya dan sangat riil buat kalian yang membutuhkan helm jangan ragu beli di toko ini yg menawarkan produk yg. Sangat bagus trmksh buat sellernya sukses selalu",5,1,1753467306
danialfanibel,"Warna:sangat bagus dan sesuai gambar
Ukuran:pas di kepala dan sangat nyaman
Kenyamanan:sangat nyaman saat di kenakan

Untuk helmnya si wort it lah, cuma dus nya aja pada penyok2",5,0,1738344915
fazriyannor08,"Warna:cerah
Ukuran:pas
Kenyamanan:nyaman di pakai

Jangan ragu beli di toko ini haja pasti is the best pokoknya",5,0,1746699891
m.alif.hidayat,"Warna:bagus ada yang retak kecil
Ukuran:pas
Kenyamanan:ringan dan nyaman dipakai

helm ini ringan namun solid dengan desain kekinian dan spoilernya,visor menunjang dengan warna smoke,cocok jadi buat harian,helm ini nyaman dipakai tidak terlalu berat bahan tembal dan empuk, memberikan perlindungan dengan baik, harga terjangkau dengan kualitas yang mayan bagus",4,1,1754716340
ifa_yayan.2824,"Warna:sesuai. ,
Ukuran:L pass
Kenyamanan:nyaman

Semua ok 
Harga sesuai dengan bahan",5,1,1745242454
z2zuz2bqhz,"Warna:DARK grey
Ukuran:all size
Kenyamanan:lumayan

Pengiriman 👍, packing 👍, brgnya 👍 sesuai order, trimakasih seller 🙏",5,0,1748317719
adamsari443,"Alhamdulillah selamat sampai tujuan 😀, sangat puas. fulll senyum..🤣
Next order lagi yahh",5,0,1745077713
su_h7nmkay,"Warna:sesua
Ukuran:pas di kepala
Kenyamanan:enak banget di pakek

Ok sip pokoknya dah",5,0,1738919407
ngabboim,"Warna:hitam doff
Ukuran:XL
Kenyamanan:enk di pake sebagai di helm nya kurang rapi lem nya

Pakingan aman produk sesuai sama di gambar",5,0,1737098440
tommy.kembang,"Warna:bagus
Ukuran:ps
Kenyamanan:enyak

Bagus hehe",5,0,1747998538
iam.narr_,"Warna:Bagus
Ukuran:Pas
Kenyamanan:Pas dikepala dengan lingkar 58cm

Bagus walaupun ada bercak dikit tp gak terlalu terlihat,ventilasi sebelah kanan susah dibuka tutup",5,0,1747376006
ohmyrammm,"Warna:hitam dof
Ukuran:ukuran L pas lah
Kenyamanan:sangat nyaman

Untuk packingannya sendiri itu cukup bagus dan aman terus untuk kurir nya juga ramah dan baik , pokoknya the best lah kurir dan toko helmet nya",5,1,1759769275
a*****n,"Warna:hitam doff sesuai deskripsi
Ukuran:pas sesuai ukuran standar
Kenyamanan:cukup nyaman untuk helm half face",5,0,1748270286
s*****y,"Warna:putih
Ukuran:lebih besar
Kenyamanan:nyaman

Warna bagus. Sampai dengan selamat dan bagus. Hanya ukurannya sepertinya bukan L. Biasa pakai L pas . Ini lebih besar..
Di helm gak ada ukurannya",5,0,1746277700
darbyraffi,"Warna:warna sesuai pesanan
Ukuran:ukuran lumayan lah berhubung saya 60-61 ya gpp lah nanti juga longgar sendiri 😅

Barang bagus tidak lecet pengiriman juga oke walaupun lama tapi barang sampai dengan aman makasih seller amanah 👍👍joss tenan bolo👍👍",5,1,1745076937
irvan_ankarian,"Warna:sangat bagus dan sesuai dgn gambar
Ukuran:ukuran produk sesuai dan pas
Kenyamanan:ringan dan nyaman saat di pakai",5,0,1737781680
adesonimaulani,"Warna:sangat pas dengan pesanannya warna putih
Ukuran:pas dan seseuai
Kenyamanan:sangat nyaman saat dikenakan",5,0,1745472052
r*****c,"Warna:Hitam Dof
Ukuran:L
Kenyamanan:Ringan dan nyaman saat dipakai",5,1,1757814257
5vanxx_tib,"Warna:sangat bagus dan sesuai
Ukuran:pas dan nyaman
Kenyamanan:baik",5,0,1745113045
daffa_28ari,"Warna:putih
Ukuran:pas
Kenyamanan:oke

Bagus buat di harga nya, juga sangat nyaman di pakai.",5,0,1739356280
rahmatsani152,"Warna:bagus
Ukuran:pas
Kenyamanan:sejuk nyaman

Kancing helm nya kurang cocok",5,0,1762757474
rico_afrizal,Kirain HKM bneran . Yg di kirim merek 🤭MLA. Tapi helem nya bagus.. harga murah dapet harga 78.000 . Makasi min,5,0,1759867480
ardi_shoft,"Cocok Untuk:bekrendara

Barang udah sampai kak,pengiriman cepat,pelayanan sangat ramah,makasih kak",5,0,1750425652
bee.by.nadi,"Warna:bagus
Ukuran:pas
Kenyamanan:sangat nyamam

Udah nyampek, bagus. Busanya juga tebal, worth it sekali...👍👍👍",5,0,1736234731
liamunawaroh119,"Bagus banget,suka warna grey dof,harganya murah banget helm berkwalitas cuman finishing nya kurang rapi dikit....
Nggak nyesel beli di sini helmnya berat guys kayak helm mahal",5,0,1756463887
h22ea2wi6j,"Warna:pas
Ukuran:ga tau ukuran apa yg saya pesan m, yg i i mungkin L, atau XL, tapii ini pass
Kenyamanan:nyaman bngett",5,0,1743835419
naefiz2502,"Lumayan bagus helm nya, agak khawatir buka tutup visor nya kaya rawan gimana gitu..kalo dibuka terlalu ke atas suka lepas visornya, tapi overall good lah thx..",5,0,1741662940
dikky.putra,"Warna:disennya menarik
Ukuran:ukuran nya pas dan nyaman
Kenyamanan:nyaman saat di pakai",5,1,1759219457
aqsoaqso379,"Warna:black doft
Ukuran:XL
Kenyamanan:enak dan nyaman, busanya empuk

Ini rekomend sih, harga murah, kualitas ok, udah SNI,dan kece badai untuk anak motoran, atau untuk gaya naik motor bagus banget, dgn harga segitu bagus banget kualitas dan modelnya, saya apresiasi, dan ini rupanya buatan langsung dari pabrik makanya murah",5,1,1757738627
d*****1,"Respons cepat, chat pun langsung dibalas. Cuma agak lambat dari pengiriman saja, dari mitra ekspedisinya, mungkin dari sistem dan antrean mereka.  Barang yang dikirim, sesuai dengan yang di pajang pada etalase toko. Saran saya kedepannya, agar lebih ditingkatkan lagi, kecepatan dalam pengiriman, dan pelayanan terhadap pelanggan. Terima kasih, senang berbisnis dengan anda.",5,1,1740891434
kenzie422,"Warna:sesuai hitam glosy
Ukuran:M tp sepertinya ALL size. ukuran hanya gimmic
Kenyamanan:Ukuran M berasa XL

Lg diskon Dapet diharga 80rb hehe. Wortit bgt sih sumpah
Cuma anehnya kenapa nama helmnya MLA bukan HKM 🤣",5,1,1756132234
kevin12849,"Ukuran:passs
Warna:pitih
Durabilitas:gacor abiss pokok nya",5,1,1733070034
d*****1,"Warna:sesuai pesanan
Ukuran:pas
Kenyamanan:ok

Yg penting sampai dng selamat, overall sesuai budget lah ya,",5,0,1756183530
r*****6,"Warna:warna bagus halus
Ukuran:pas di kepala
Kenyamanan:busa empuk

Worth it dengan harga segitu, cocok buat sehari hari berangkat kerja",5,0,1754659254
3xleamkl1f,Produksinya bagus selamat sampai tujuan tapi agak lama,5,0,1738541830
s*****8,"Warna:sangat bagus
Ukuran:pas
Kenyamanan:nyaman

Thank u pesanan sudah datang dan sesuai dengan iklan, helm keren",5,0,1751895442
a*****5,"Warna:hitam dof
Ukuran:L
Kenyamanan:Cocok

Helmnya ringan Ngga terlalu berat, Cocok untuk perjalanan Jauh",5,0,1742363853
ariefhidayat216,"Mannntap.. Sesuai pesanan... 
Smudah dg paket ganteng
Dg harga segitu sudah dpt helm yg mannntap..",5,1,1742918603
heryapit,"Warna:Putih
Ukuran:L
Kenyamanan:Pas, sangat nyaman seperti rasa sayang mu ke diaa.. Hiiyyaa🤣

Oke baik",5,0,1737681655
ilhamrusli641,"Warna:warna sangat bagus dan sesuai
Ukuran:ukuran pas dikepala
Kenyamanan:terasa sejuk dan nyaman

recommended",5,0,1746024223
muhammadiqbalgarut602,"Warna:hitam
Kualitas:bagus cuma pakingan terlalu ketat sehingga bodi belakang helm pecah tergores...kalau bisa di tingkatkan lagi keamanan ya bos biar gax pecah helm ya",2,24,1759425369
anakristiani,"Ukuran:pas dan sesuai
Durabilitas:produk sangat kuat
Desain:keren dan modern

Thx kak buat helmnya bagus suka",5,0,1732277881
x406dxypy5,"Ukuran:pas sesuai ke inginkan saya
Kenyamanan:sangat nyaman",5,0,1760091435
eko_budi_prasetia,"Warna:bagus
Ukuran:pas
Kenyamanan:sangat nyaman

Wajib cekout disini",5,0,1757920596
dlamajastibbajo,Masyaallah helm nya bagus bangetttttt cocok di pake suami aku tercintaaaa🥰🥰🥰🥰🥰🥰,5,1,1755692499
noor_aji35,"Warna:hitam doff
Ukuran:pas sesuai
Kenyamanan:lumayan ringan dan nyaman dipakai

Alhamdulillah, paketnya sdh samapai, barangnya ok. Sangat nyaman di pakai, Mudah-mudahan awet & untuk pengirimannya sangat cepat sekali, padahal estimasinya tanggal 4 Agustus, pokonya mantaplah",5,0,1753163999
mashanzz903,"Warna:Hitam dop
Ukuran:M
Kenyamanan:Ringan dan nyaman saat dipakai

bagus helm ringan juga tapi nunggu datangnya lumayan lama yaa, bagus ada lecetnya juga dikit kardusnya bikin melehoy 😭 dikira udah remuk sumpah, yah intinya makasih buat penjual alhamdulillah saya puas yah makasih banyak😇😊",5,0,1755160147
bl9tbyr4qw,"Warna:hkm kosmo hitam d
Ukuran:L
Kenyamanan:nyaman lembut dan desain yang menarik",3,0,1747741720
rikidwijulianto466,"Warna:bangus banget seauai
Ukuran:pas
Kenyamanan:nyaman banget pasti",5,0,1748062330
g*****a,"Warna:hitam glossy
Ukuran:L
Kenyamanan:sangat nyaman

Helm ukuran L masih oke untuk kepala ukuran M Enak dipake pkoke",5,0,1742633793
mahesaruhiyatna,"Warna:sangat bagus dan sesuai gambar
Ukuran:pas dikepala dan nyaman dipakai
Kenyamanan:ringan dan nyaman saat dipakai

Alhamdulillah helmnya dah sampai, sangat bagus dan nyaman dipakai.pengiriman cepat kurirnya pun ramah dan sopan terimakasih shopee terimakasih KK tokonya sukses selalu ya.",5,0,1738685361
deapok,"Warna:bagus
Ukuran:pas
Kenyamanan:nyaman dipake

Kata suami bagus...",4,2,1743125093
ahmadalfharezi,"Warna:pigmen bagus
Ukuran:pas di pake
Kenyamanan:sangat nyaman",5,0,1738919585
u*****5,"Warna:cocok
Ukuran:pas
Kenyamanan:nyaman

Produk bagus sesuai pesanan pengiriman cepat packing rapih...",5,0,1746834844
bagas555,"Warna:bagus
Ukuran:pas
Kenyamanan:lumayan nyaman untuk harga 100k",5,0,1754463413
micogiofannidermawan,"Warna:sangat bagus dan sesuai dengan gambar
Ukuran:ukuran produk yang pas dan sesuai
Kenyamanan:sangat nyaman saat digunakan",5,0,1736243788
shodikdakhlan,"Warna:memiliki pigmen yang bagus
Ukuran:pas dikepala
Kenyamanan:ringan dan nyaman saat digunakan

Paket datang dengan aman dan sesuai pesanan...helmnya pas dipakai walaupun bagian busa di atas kepalanya tipis jadi terasa di bagian kepalanya seperti menyentuh streopormnya ya gimana lagi harga sepadan dengan barangnya semoga bermanfaat dan awet dipakainya",5,0,1743230419
gian_aji_wiwaha,"Warna:warna bagus
Ukuran:ukuran pas dikepala uk m kek nya yak
Kenyamanan:nyaman",5,0,1746575840
evosmunir223,"Warna:item doff
Ukuran:xl
Kenyamanan:nyaman dipake, tapi sayangnya ada luka cacat dikit di bagian atas tapi gapapa sesuai di harga segitu",4,0,1737466215
mochammadnovalzamalullai,"Warna:hitam
Ukuran:L
Kenyamanan:busa nyaman,, ringan juga. ga bkin pegel leher",5,0,1757308553
d3nb4gusandhika,"Warna:merah doff
Ukuran:L
Kenyamanan:lumayan

Lumayan bagus best lah pokoknya thanks seller barang sesuai pesanan 👍👍👍👍",5,0,1747226667
ekowahyudi127,"Ada miss packing deh keknya, seharusnya setipe sama yg grey hanya beda warna aja, ini datengnya beda tipe, tpi syukurlah gk beda jauh, sama nyaman jga dipakek. Thanks 👌",3,0,1748347693
rakha20abizar,"Warna:pigmen yg bagus doff
Ukuran:pas
Kenyamanan:nyaman

Barang bagus dan berkualitas dengan harga ga terlalu mahal",5,1,1744525874
,"Warna:warna nya sesuai yang dipesan
Ukuran:sesuai dan pas
Kualitas:bagus banget loh rek😹",5,0,1734863945
medynufa,"Warna:sangat bagus
Ukuran:pas
Kenyamanan:nyaman

Pokoke barangnya muantap good 👍👍👍
Walaupun proses pengirimannya agak lelet,
Tapi helm nya mantap mantul,,,,",5,0,1744458216
inganta.tigan,"Warna:bagus
Ukuran:sesuai
Kenyamanan:ringan

Helmnya bagus dan mantap. Sesuai dengan deskripsi produk yg ditawarkan si seller. 
Tapi agak kebesaran di kepala (L).",5,1,1742490335
opal.jumroh,"Warna:bagus Sesuany dgn gambar dn warna yg di pesan
Ukuran:ukuran pas sesuai yg di pesan
Kenyamanan:nyaman buat di pake

Untuk kurir sangat ramah dn pengiriman cepat

kekurangan cuma sdikit doang sih. kurang rapih dibagian karet nya. dn visor belakang. dapat dimaklumi dgn harga segitu.
josss Recomen bgt nih untuk anak muda yg mau bergaya dgn harga terjangkau.",5,0,1759658365
ismi_diah0531,"Warna:bagus
Ukuran:sesuai
Kenyamanan:nyaman

Barang datang sesuai pesanan bagus warna hitam spon tebal cuma agak kebesaran dipakai anak saya",5,0,1746220066
dmdy672cgb,"Ukuran:pas d kepala tidak longgar,busa tebal
Durabilitas:sangat baik sesuai harga
Desain:keren,cat bagus",5,0,1732103855
m*****a,"Warna:ok, sesuai iklan
Ukuran:pas dikepala
Kenyamanan:nyaman

Harga ramah dikantong, tetapi finishing catnya kurang rapih, tapi tidak menjelekkan dari helmnya, helm nya bagus kok",5,0,1743007450
setyadimaswiranata,"Warna:kece sesuai sama gambar
Ukuran:pas sesuai ukuran
Kenyamanan:sangat nyaman dipakai",5,0,1746093807
h*****8,"Warna:keren
Ukuran:agak kekecilan
Kenyamanan:sangat nyaman saat di pakai

barang bagus, sepadan dengan harga, pengiriman cepat",5,0,1757630550
axeljostino,"Warna:sangat bagus sekali sesuai dengan gambar
Ukuran:ukuran agak kebesaran dikit
Kenyamanan:sangat nyaman bagaikan pembalap moto gp

Buat yang mau tampil kece dengan budget apa adanya monggo",5,0,1759847456
buntung91,"Warna:bagus
Ukuran:pass
Kenyamanan:ringan

Sungguh sayang barang dateng ada lecet"" Lumayan panjang",1,10,1760519700
maryono43,"Warna:Sesuai dengan yg di pesan
Ukuran:size M serasa L
Kenyamanan:J5 versi lama jauh lbh nyaman...

Desain ok keres,buat gaya dapet banget,tp soal kualitas jangan berharap lebih,.. mau yg murah kualitas bagus nyaman di pake mending ambil MLA J5 model lama, cm yq itu desain kalah keren dari HKM cosmo ini...",4,0,1737387596
aldinoferdhipratama,"Warna:warna Dof
Ukuran:Sesuai
Kenyamanan:Dengan Harga segitu bagus sesuai deskripsi & nyaman dipake",5,0,1737906357
mahlym,"Warna:bagus
Ukuran:bagus
Kenyamanan:bagus

Barang bagus , barang datang sesuai pesanan terimakasih seller",5,0,1738467774
9xzxfyttmm,"Warna:Hitam Doff
Ukuran:L
Kenyamanan:Pas ga terlalu kesempitan ga terlalu ke gedean

Paket udh sampe Alhamdulillah cuman bolong aja kardus nya,tapi barangnya Alhamdulillah aman",5,0,1742997284
oppa_alul,"Warna:hitam
Ukuran:pas
Kenyamanan:nyaman

Pesanan sampai dengan selamat aman damai sentosa",5,0,1741427175
ww1kzqq99f,"Warna:tidak sesuai dengan pesanan
Ukuran:pas
Kenyamanan:nyaman

Maaf ka saya pesan hitam glos kenapa pas datang jadi warna hitam dof lain kali kalo pas mau pengiriman di cek kembali sama pesanannya saya kecewa sama toko ini gak amanah",1,18,1760681302
h*****n,"Warna:sangat bagus dan sesuai digambar
Ukuran:pas dan mantap
Kenyamanan:sangat nyaman dipakai suami saya

Terimakasih bosskuu🙏 barang sampai dengan selamat tanpa ada kendala apapun, helmnya sangat bagus, cantik, glossy, dan elegan saat dipakai suami sayaa🥰🥰
Dan terimakasih juga sudah menjadi toko yg amanahhhh, saya sangat sangat senang karena barang helmnya sampai sesuai tanpa ada kecacatan🥰🥰🥰

Semoga tokonya selalu jayaaa dan makinn patennn. Topp markotopppp👍👍👍👍

BURUAN GAESS DICO DITUNGGU APALAGI, POKOKNYA GA NYESAL KALIAN BELI HELM DITOKOOO INII. KALIAN BAKALAN NYESEL KALO GA BELI HELM DITOKO INII👍👍🥰🥰",5,1,1752315692
aribbintang,"Warna:warna sesuai difoto
Ukuran:pas dikepala
Kenyamanan:nyaman saat dipakai

helm yg sampai bagus, tidak lecet, kirain pas liat difoto warna visor nya hitam gelap ternyata light dark tapi visor nya oke ga silau pas di pake, satu lagi bingung masang bagian spoiler nya gimana",5,0,1753145307
sungging1980,"Warna:bagus
Ukuran:pas dan nyaman
Kenyamanan:enak pakai

Barang sesuai pesanan
Respon penjaul cepat
Toko amanah

Hanya saja pengirimanya lama
Tapi gak pa² barang sampai dgn selamat",5,0,1750840190
n*****a,"Warna:hitam doff keren
Ukuran:pas dan sesuai pesanan ukuran M
Kenyamanan:nyaman utk pelindung kepala dengan busa tebal

Paket sudah diterima walau harus menunggu 5hr dtg nya, kondisi paket aman tidak ada yg lecet/cacat. Terima kasih",4,0,1744889600
t0im1a0epc,"Mantappp👍🏼
Barang Mendarat Sempurna Tanpa Ada Cacat...",5,0,1738824227
raskhajerico,"Warna:bagus
Ukuran:pas
Kenyamanan:nyaman di pakenya

Barang sudah mendarat selamat min.. thanks sesuai pesanan 👍 pas dipakenya & keren modelnya",5,0,1753948000
m*****l,"Warna:sangat bagus
Ukuran:M

Ringan di pke sperti Paket Ganteng",5,0,1752208059
b*****w,"Warna:sangat bagus dan sesuai dengan gambar
Ukuran:pas di kepala dan sangat nyaman
Kenyamanan:terasa sejuk dan nyaman

Next order kembali",5,0,1754274564
a*****3,"Warna:black dof
Ukuran:M
Kenyamanan:lumayan

Tampilan oke untuk bahan Sesuai harga",5,0,1739441633
z*****6,"Warna:warna abu dof sesuai
Ukuran:ukuran L tapi pas bnget
Kenyamanan:lumayan nyaman dipakai",5,0,1738052227
ftkazis,"Warna:pas
Ukuran:cocok
Kenyamanan:mantap

Terimakasih atas kirimannya yang sudah sampai dengan tepat",5,0,1745478644
ferdyid047,"Warna:hitam ngawi
Ukuran:pas dan sesuai
Kenyamanan:sangat lembut seperi rotio khas lempuyangan

mantap banget cik helm nya sangat recommended",5,0,1759810588
01_04_86,"Warna:sesuai pesanan
Ukuran:pas dgn yg saya pesan
Kenyamanan:nyaman

Sekedar masukan aja buat sellernya buat spoilernya harusnya di baut jgn di kasih isolasi bolak balik🙏🏻,selebihnya bagus",5,0,1758028825
srihusaimah,"Warna:Alhamdulillah brngx sesuai
Ukuran:pas dgn kepala ankku
Kenyamanan:reelpicklh pokokx.helmx ringan.",5,0,1754484007
5uan6r10wy,"Warna:gray
Ukuran:ukuran sesui
Kenyamanan:sangat nyaman",5,0,1754907016
a*****a,"Warna:tidak sesuai pesanan
Ukuran:oke
Kenyamanan:oke

Sangat kecewa beli helm d toko ini, order yg Grey Glossy, dikirim yg Grey Doff.
Sesusah itu utk cek detail orderan customer.
Tolong dipertimbangkan jika mau beli helm d toko ini.",1,32,1760684198
masvicky380,"Warna:sangat. bagus sesuai gambar
Ukuran:pas dikepala ukurannya
Kenyamanan:sangan nyaman dipake

Terbaik dehhhh",5,0,1740775778
dartiagustina513,Gausah ragu atau bimbang kalo mau beli helm ini di jamin gak bakalan nyesell 😍😍 saran buat laki-laki kalo mau ambil ukuran ambil (L)....... Thanks you admin and kurir..,5,0,1744834636
b4sk0m,"Warna:sesuai keinginan
Ukuran:ukuran pas
Kenyamanan:nyaman dengan busa yang empuk

Helmnya bagus sesuai dengan pesanan, 
Packingnya lumayan aman sih tapi minusnya kurang rapi aja di bagian pengeleman nya agak belepotan dikit. Tapi gkpp, harga segitu udh dapet helm baru
Rekomendasi lh pokonya top👍🏻",5,0,1758107594
tiosetiawan689,"Helmnya enteng,kebawa angin pas di jalan
Sedikit saran""Tambahin sedikit busa di bagian atas kepala lebih jos lagi nih produk""
Harga pelajar lumayan,moga aja awet",4,0,1746038904
mariyanto.8888,"Warna:sesuai
Ukuran:pass
Kenyamanan:nyaman sekali

Sedikit ada goresan di sisi helm..selebihnya aman... pelayanan sdh baik perlu dipertahankan..next order disini lagii.. terimakasih 🙏",5,1,1749542134
a*****4,"Terima kasih gann 
Barang sudah sampai dengan selamat di rumah saya",5,0,1736147830
wedz_03,"Warna:bagus dah sesuai.. 🔥 cakep pokoknya
Ukuran:pas di kepala.. cuma ya lama aja nyampek nya.. jauh jugak sih.. tapi puas dengan barangnya pas dateng🥰
Kenyamanan:ringan dan enak ketika di pakai",5,0,1752316441
dodi_saputra2905,"Warna:memiliki pigmen yang bagus
Ukuran:ukuran produk pas dan sesuai
Kenyamanan:sangat nyaman saat dipakai

Produk nya bagus sesuai dengan pesanan",5,0,1739984077
f474rtri,"Warna:pink
Ukuran:pas
Kenyamanan:anget presisi

Terima kasih semoga berguna dan bermanfaat untuk mencari rezeki",5,0,1759671234
s*****.,"Warna:cakep
Ukuran:pas
Kenyamanan:nyaman

Paket helm sudah diterima baik dan sudah dicoba sesuai semoga awet dan tahan lama. Terimakasih",5,0,1760318572
c7btttij7e,Mantap sesuai pesanan jangan ragu beli di toko ini,5,0,1752819494
r*****o,"Warna:sesuai
Ukuran:sesuai
Kualitas:gak sesuai ekspetasi

Wajar sih harga segitu pasti ada minusnya",2,2,1736260331
widya_wati75,"Warna:bagus
Ukuran:pass
Kenyamanan:lumayan

Mantep dah buat yg jual sukses terus 👍👍",5,0,1741356551
hidayat_p,"Warna:aqua
Ukuran:untuk ukuran kepala saya XL ngepas ,tapi lebih enak jika ada xxl
Kenyamanan:ok

Ada harga ada kualitas jadi gak bisa banyak protes ,kukira helm kaya gini ringan ternyata lumayan berat juga

Dan sempat ragu kalo kalo lecet tapi jasa kirimnya amanah walaupun agak di luar perkiraan waktu yg saya kira 

Nice",5,0,1746672563
alalaku267,"Warna:pas banget
Ukuran:pilihanku
Kenyamanan:sangat nyaman

Perspektif",5,0,1754887288
amargo07854,"Barang bagus  dan pas 
Penjual oke
Pengiriman parah lama dan salah kirim lg",5,0,1752895311
s*****h,Barang sesuai pesanan cepat sampai fast respon recommended seller semoga bermanfaat dan awet dipakainya terima kasih atas perhatiannya,5,0,1749219248
xzn_bixs223,"Warna:hitam dof
Ukuran:L
Kenyamanan:nyaman dipake pas dikepala

Saya minta pengiriman lebih cepat lagi,paket saya hampir 2 minggu blom dteng dan kemarin baru dateng tapi barang okeh,minus di nama merk-nya saja terlalu tebal.",5,0,1744425154
semyms_dk3,"Warna:ok
Ukuran:ukuran M gede banget,
Kenyamanan:tidak nyaman ,terlalu ringan

kecewa gue beli, itu helm apa bukan,kayak gak ada busa nya, ukuran M gede dan spoiler nya cuma di tempelin doang sama dobel tip,ga ada lobang pengunci spoiler nya,. gak nyaman kalo buat ngebut bisa terbawa angin itu helm",2,2,1754937680
tyapantu336,"Kualitas:bagus cuman finising helemnya ga rapih dikit aja tapi untuk bahan bagus busa dalam juga tebal
Cocok Untuk:cocok untuk yang nyari helm dana pelajara dan kece beli ini aja bagus pastinya
Tampilan:keren dan menarik

thak u reseler mungkin finisingnya aja yg di rapihin dan packingnya tolong di di pertebal lagi untuk bahan bagus spoilernya tinggal pasang ga susah mantap",4,0,1738142617
arkacendana89,"Warna:keren sangat bagus
Ukuran:pas
Kenyamanan:nyaman

Helmnya bagus cuma masalah dipengiriman yang sangat lama hampir 2 minggu",5,0,1750139249
dw1dh14n,"Warna:memiliki warna yang berkualitas
Ukuran:ukuran pas banget
Kenyamanan:ringan dan nyaman",5,0,1748082962
einjdra,"Warna:sesuai yang dipesan
Ukuran:pas
Kenyamanan:lumayan , sesuai harga

Pesanan sudah diterima , terima kasih",5,0,1736061286
rimaseptiani14,"Warna:tosca
Ukuran:pas
Kenyamanan:nyaman

Sampe ke Tangerang 3 hari.  Karena Abang paket nya baru",5,0,1749648700
r*****2,"Warna:hitam doff
Ukuran:m
Kenyamanan:ringan

Barang sampai dengan baik tidak ada yg rusak. Harga juga lumayan dan brang ok bahanya juga ringan dipegang. Cocok lah tidak mengecewakan. Semoga awet dan tahan lama.",4,0,1738725861
594bidabeu,Untuk harga segini sih lumayan .. cuma saya kira bagian blakang yg warna item lgsg ke pasang . Trnyata cuma dabel tip . Tp baguss sihh .. rekomend 👍👍👍👍👍,5,0,1753614106
bismillah787,"Paket sudah sampe dngn baik,sesuai pesanan,pengiriman cepat.mksh shopee, seller dan kurirnya,sukses slalu",5,0,1743150015
nadiaindy,"Mungkin karena masih baru jd busanya tebal bgt , rasanya sempit tapi kalau ambil ukuran L malah takutnya kegedean",5,0,1752639025
e*****a,"Warna:Sesuai pilihan dan halus
Ukuran:Pas sesuai ukuran
Kenyamanan:Ringan nyaman di pakai",5,0,1750161258
ditoandreandre,"Warna:bagus banget sesuai
Ukuran:aku pake L ini enak banget di pake nya
Kenyamanan:nyaman banget cuyy

Rekomen deh buat beli ini mah mantap",5,0,1749307020
rianagoesta,"Warna:Hitam Dop
Ukuran:XL
Kenyamanan:lumayan

Mksh gan sesuai pesanan cm minus baut dudukan penyangga kaca patah 1 tp gpp",4,0,1743326279
z*****n,"Warna:sesuai
Ukuran:sesuai
Kenyamanan:nyaman di gunakan

Sesuai penilaian",5,1,1742233486
j*****1,"Warna:bagus
Ukuran:pas
Kenyamanan:oke lah

Ad yg kurang presisi, tapi udah diakalin",5,1,1760429812
ridwangans123123,"Warna:hitam
Ukuran:pas tida besar tida kecil
Kenyamanan:sangat nyaman

Tampilan oke kenyamanan oke kaca jernih",5,0,1752301196
dewashincan040,"Ukuran:pass
Durabilitas:lumayan dgn harga segitu
Desain:kecee",5,1,1733318353
syahrilarifiansyah,"Warna:hitam dop
Ukuran:pas xL
Kenyamanan:lumayan

Agak kecewa cat kurang rapih,trus kualitas ya lumayan lah harga segitu mah.",4,1,1756794079
dzulfikaryp,"Warna:bagus
Ukuran:pas
Kenyamanan:nyaman

Barang sudah sampai dan sudah di pakai untuk kegiatan mantap pemgiriman cepat juoss pokoknya",5,0,1759904316
r_bz5qeibe,"Warna:sangat bagus dan sesuai gambar
Ukuran:pas dan sesuai
Kenyamanan:nyaman digunakan

Respon penjual sangat baikk",5,0,1760091187
iyushxpiohxpio,"mantap,,,,
barang realpict ,,,,
pengiriman cepat ,,,
kurir ok langganan ,,,,,",5,0,1744195129
adtarino,"Warna:hitam doff
Ukuran:pas
Kenyamanan:nyaman dan mpuk busanya

Worth it lah sesuai dengan harga murah dan kualitas, tapi Mayan baguslah kacanya agak keras di tutup,buka
Terimakasih toko dan kurir udh amanah",5,0,1738316673
yonwi411,"Warna:Ttidak sesuai dgn pesanan
Ukuran:Pas
Kenyamanan:Sesuai dgn harga

Tampilan sama gambar berbeda, dan sangat di sayangkan warna yg di kirim tidak sesuai orderan. Toko menurut saya kurang amanah.",3,0,1751992339
hq_ostgliq,"Warna:baik, sesuai
Ukuran:pas
Kenyamanan:baik

Sayang banget dateng malah ada yang pecah jadi harus di lem packing kurang aman juga finishing diperbaiki lagi selebihnya lumayan nyaman",3,0,1737813104
aem43,"Warna:Bagus
Ukuran:PASS
Kenyamanan:Nyaman

cuma bagian fisor tambahan di belakang nya renggang sedikit di kiri, padahal pemasangan nya udah pass presisi, tapi gapapa TETAP CAKEP👍🏻🔥",5,0,1752167537
m*****s,"Warna:putih
Ukuran:L
Berat:sedang",5,1,1736846556
hendrygianto,"Kerenn semoga amanndi kepala saya

Cepat sekali , langsung di antar
Terimakasih kak",5,0,1744445999
wahmudin_15,"Warna:putih
Ukuran:pas
Kenyamanan:nyaman

Sudah mendarat, pengiriman cepat, lumayan dgn harga segitu",5,0,1741865160
monkeyd.luffy201,"Warna:abu abu
Ukuran:M
Kenyamanan:agak longgar

Aku pesennya warna putih tpi yg di kirim abu abu ,gimana sih min🗿 tpi gpp lah ku pake aja, mau di kembalikan masih nunggu waktu lama, tpi bagus sih sesuai harga, klo pengen yg bagus banget ya beli yg lebih mahal wkwkwk",4,4,1760501415
komalia181294,Pesanan sudah mendarat aman dan sesuai,5,0,1762279828
akhmad_hilmiansyah,"Warna:bagus
Ukuran:pas
Kenyamanan:ringan

Sesuai harga ya gaes, jgn berharap mewah ekspektasi tinggi,
Untuk desain keren, namun kalu dideketin detailnya kurang rapi ya sesuai harga.
Ada lecet dikit bagian belakang, overall worth it lah.",4,0,1742659039
kanaoshop,Alhamdulillah pesanan saya telah sampai dengan selamat tq,5,0,1740900067
87qsgm__e1,,5,5,1757121940
bop1l_u5b6,Barang bagus sesuai permintaan dan berkualitas bagus,5,0,1736068604
ahmadzm387,"Warna:menarik
Ukuran:pass
Kenyamanan:lumayan

Aga kurang bisa nya pas kepala atas 
Tapi lumayan lah",5,0,1746292678
albyrizky56,"Warna:Black Glossy
Ukuran:Tidak ada tulisan size nya
Kenyamanan:Enteng, Lumayan

Recommended, sesuai pesanan, cuma ada sebagian yang lecet, gak tau lecet karena apa, tapi gpp wes, mantap...",4,0,1756321816
lekweryo,"Warna:hitam
Ukuran:size m tp kebesaran..🤣
Kenyamanan:nyaman

Pesanan udah mendarat dengan baik size m tp sayang masih kebesaran...☺️
Apa emang kepalaku kecil apa karna helm ny yg kebesaran....🤣🤣☺️",5,0,1745160927
opickchikal,"Warna:bgs sesuai harga,
Ukuran:pas bgt enak di pake
Kenyamanan:nyaman sangat,",5,0,1747218555
yyanita_,"Warna:memiliki pigmen yang bagus
Ukuran:pas dan sesuai
Kenyamanan:sangat nyaman dipakai",5,0,1752616311
nikenulan171,"Warna:warna hitam dan sangat sesuai di gambar
Ukuran:XL
Kualitas:sangat memuaskan sekali",5,0,1734346880
dificha_tailor,"Warna:black doff
Ukuran:L
Kenyamanan:lumayan

Not bad, gaya kece badai",5,0,1743318912
a*****8,"Warna:abu
Ukuran:L
Kenyamanan:pas

rekomen",5,1,1742486977
pgmevgmd7k,"Warna:mengkilat
Ukuran:pass dan sesuai
Kenyamanan:sangat nyaman sangat percaya diri

Puas amanah",5,0,1740073000
sulhanhadi776,,5,1,1736493117
hoojunmin,"Warna:sesuai merah
Ukuran:ukuran L
Kenyamanan:nyaman

Baik tidak ada yg pecah tp banyak lecet di cat, packing aman bubble mngkin lecet pas di pabrik, untuk presisi kurang QC dr pabrik, untuk visor baik unt mlm hari juga baik, cuman rachet agak keras mngkin efek bahan pencetak dr pabrik, over all bisa di pakai dan nyaman unt berkendara, ventilasi atas berfungsi, kekedapan suara di telinga baik, gak ada suara siulan / getaran visor karena keras melekat, baik unt perjalanan jauh, untuk butuh buka tutup visor kurang fleksibel. Saller ok dan build pabrik unt harg 100rbn desain baik sekali, material variasi warna hitam dr plastik yg ada di vent angin dan stoper visor dr bahan reuse",3,0,1744461083
masreza441,"Warna:luar biasa
Ukuran:pas dan iziii
Kenyamanan:terasa nyaman gak berat helem 1jt yang gua beli berat banget anjai

Temen gua dibangunin susah bener ya gua coret coretin aja tu punya muka",5,2,1759764621
yusup_al14,"Warna:hitam doff
Ukuran:m
Kenyamanan:lumayan

Agak ringan. ya lumayan harga segitu udah ganteng",4,0,1736612934
fildzafathifauzanah,"Warna:sesuai gambar
Ukuran:pas
Kenyamanan:ringan dan nyaman

Sudah 2 kali.beli disini selalu puas, harga oke kualitas juga bagusss.",5,0,1742929706
alturgurning,"Warna:merah dop sesuai pesanan
Ukuran:L pas ukuran kepala
Kenyamanan:lumayan sesuai dgn harga lah

Terima kasih deseler shope sesuai dgn pesanan",5,1,1755530243
djokohardiyanto71,Jasa kirim nya gak NGOTAK 14 hari baru diantar  kalo ga dikomplain bakal hancur itu barang karna pas sampai sudah koyak semua kartonnya udh dlm kondisi terbuka...untuk tokonya profesional barang sesuai pesanan  Alhamdulillah dalam kondisi bagus ...utk tokoknya saran saya lebih baik agak mahal sedikit asal jasa kirim nya bukan spx hemat ..apalagi di DC MAKASAAR banyak tangan jahil,5,0,1759052251
devisdedemon,"Warna:lumayan bagus
Ukuran:pas
Kenyamanan:ok

Sesuai harga...",4,1,1742966099
88yearkgf6,"Warna:bagus
Ukuran:pas
Kenyamanan:nyaman sangat

Broduk bagus",5,0,1752507711
mas_abidzarrr,"Warna:hitam doff
Ukuran:L
Kenyamanan:nyaman

pesanan sesuai, nyaman juga, the best lah pokonya⭐⭐⭐⭐⭐",5,0,1736007777
a*****i,Ukuran helm ke 2 nya alhamdulillah pas banget. Sesuai ekspektasi. Semoga awet dan gak di colong orang lg  hehe,5,0,1741688563
johannes531,Terima kasih Bos Gan.. Barang sudah sampai diterima dengan keadaan sehat & segar Bugar.. sesuai pesanan MANTULL... Semoga tambah sukses dan laris manis👍👍👍,5,0,1737809293
hasan9199,"Warna:sesuai dengan deskripsi
Ukuran:M, pas unutk tinggi 165 dan berat 60 an
Kenyamanan:empuk,, karena masih baru",5,0,1752303740
alfianfahrurrozi123,"Warna:hitam doff
Ukuran:pas
Kualitas:mantap",5,10,1741490393
r*****l,"Warna:real pict red glossy kinclong
Ukuran:pas dan sesuai
Kenyamanan:busa tebal nyaman dipakai

Size nya sesuai dan nyaman dipakai, hanya saya untuk tali kancingnya pendek banget ya ga bisa diadjust lebih panjang lagi jadinya rada nyekek dileher saat berkendara.",5,0,1760323635
r*****r,"Warna:hitam dof
Ukuran:pas
Kenyamanan:insya Allah nyaman

Keren bgt ssuai pic",5,0,1753423635
mudjionomudjiono636,"Warna:Black Glosy
Ukuran:lPas sesuai ukuran kepala
Kenyamanan:Nyaman

Harga tidak sesuai yg di iklan shopi",4,0,1745383124
ebvebuwk2v,"Warna:sangat bagus dan sesuai dengan gambar
Ukuran:ukuran pas dan sesuai
Kenyamanan:ringan dan Nyaman di gunakan

Sangat bagus, sesuai dengan deskripsi dan dambar... Untuk yg bingung pasang spoilernya. Pasang nya pakai dobel tape ya bes.",5,0,1756543394
bgreiz,"Warna:hitam sesuai keinginan
Ukuran:pas rapat nyaman di kepala
Kenyamanan:ringan skali dan luar biasa cepat pengirimanya",5,0,1746248802
adaneijas,"Warna:sangat bagus dan sesuai dengan gambar
Ukuran:ukuran produk yang pas dan seduai
Kenyamanan:ringan dan nyaman saat di pakai",5,0,1746876758
elaihan,"Warna:hitam
Ukuran:xl
Kenyamanan:nyaman dan ringan

Sangat bagus dan memuaskan dalam nya tebal tapi tetap ringan",5,0,1741690834
e701z3gqbi,"Warna:PUTIH GLOSSY
Ukuran:XL
Kenyamanan:Ringan dan nyaman

HELM SNI look kekinian nyaman di pakai. thanx admin nya jg fast respon , kmarin malam pesan langsung di kirim hari ini sampai",5,0,1762342126
4ou0x11wie,"Warna:grey
Ukuran:pass sesuai pesenan M
Kenyamanan:okee nyaman bgus dengan harganyaa okee bagus👍",5,0,1739188894
f0voade3an,"Istimewa makasih bosku paket sudah sampai sangat puas,👻👻🤣🤣",5,0,1748331641
heruiskandar123,"Warna:hitam dop
Ukuran:L
Kenyamanan:pas sesuai harga",5,0,1740200834
i9ztiixalv,"Warna:sesuai dengan gambar
Ukuran:pas banget sama kepala aku
Kenyamanan:sangat nyaman pas di gunakan",5,0,1748959836
a*****0,"Warna:sesuai gambar
Ukuran:pas dan sesuai
Kenyamanan:sangat nyaman di pakai

Barang sampai dengan selamat,real pict 👍",5,0,1738757877
putraaa890,"Ukuran:pas sesuai keinginan
Warna:bagus
Durabilitas:oke",5,0,1733200033
selvianaidrak038,"Warna:bagus
Ukuran:M
Kenyamanan:bagus dan pas jaya selalu",5,0,1736158226
orbstore,Rekomen banget klik aja langsung liknya,5,1,1756329580
dlidriveaja,"Warna:cat ga rapih
Ukuran:pas si
Kenyamanan:b aja

Look nya bagus kalo buat safety kurang sih,😀 mayan lah buat harian mh dengan harga segitu",4,0,1738921025
yahyapurnomo464,"Warna:bagus
Ukuran:pas
Kenyamanan:nyaman

Mantap ...barang sesuwai tapi sayang spoyler nya copot...mantap lah",5,2,1755568299
muhammad_781,"Warna:sesuai
Ukuran:uk L pas
Kenyamanan:sangat nyaman

Pengirimannya sangat cepat thx shoppe",5,1,1759919782
ibj830_pz_,"Kualitas:super
Tampilan:mahal
Cocok Untuk:anak muda

Baus banget untuk helm harga 150an,, 
Busa empuk, helm kokoh,, pengemasan aman,, 
Recomend banget,, 
Alhamdulillaah seller amanah,, 
Sukses terus",5,0,1750459434
amihandriani7,"Warna:grey glossy
Ukuran:xl

pliss bagus pas dateng barangnya dan aman juga gada lecet sedikit pun, pengiriman juga cepet banget thanks🫰🏻🫰🏻🫰🏻",5,0,1746797719
o*****a,"Warna:cocok dengan pesanan
Ukuran:pas dan nyaman
Kenyamanan:baik

Pesanan sudah diterima dlm kondisi baik",5,0,1759939118
ardyrizkyathaya,"Warna:grey glosy
Ukuran:L
Kenyamanan:lembutt

Bagus sih barangnya, tpi catnya ada yg luber jdi kyak ada ombak cat yg luber , sama penutup ventilasi di kencangin jdi Oblak, kaca visor kok jdi kayak buat yg bermata minus yahh, masa kyak pakai kacamata minus hadehh jdi pusing kalo pake visornya",2,0,1749275093
kuncishock,Sesuai pesanan amana toko nya👍👍👍👍👍,5,0,1741516780
n*****9,"Bagus,sesuai dgn harga jgn brharap lebih 👌",5,0,1751962283
arol.syarief,"Warna:Sesuai
Ukuran:M
Kenyamanan:Kurang

Pesan hkm cosmo yg dikirim malah mla cosmo, tokonya gak amanah padahal udah dichat berapa kali adminnya. Kacanya banyak yg baret juga warnanya kusam. Keliatan banget KW nya, yg mau co mending mikir dua kali sebelum nyesel.",2,0,1757437322
p*****n,"Warna:hitam doff
Ukuran:pas sesuai dengan kepala saya
Kenyamanan:nyaman buat harian

Mantap semua sesuai ekspetasi saya👍👍",5,0,1762775856
il080815,"Warna:bagus
Ukuran:pas
Kenyamanan:oke

Packing aman bagus barangnya joss makasih sukses slalu",5,0,1753887205
bang.azis.bedul,"Warna:hitam dop
Ukuran:L
Kenyamanan:bagus sih, cuma kurang rekat sisi kaca nya

Bagus, Kuat bahan, lem dobel tip nya kurang",5,0,1759471545
thia_abilbyan,Bagus helmnya sesuai sama gambar dan pas saat dipakai,5,1,1754669723
adipratama7878,"Warna:sesuai pesanan saya
Ukuran:pass tidak terlalu kecil untuk semuanya
Kenyamanan:sangat nyaman dan enteng sekali barang bagus terlihat mewah sekali cukup buat bepergian tiap hari dan Turing jarak jauh 🥰🥰🥰🥰🥰🥰

Harga murah kwalitas gak murahan semuanya bagusss dan sangat nyaman sekali buat kemana mana 🥰🥰😘😘😘😘🥰🥰🥰🥰",5,1,1758214762
renaldisulaeman,"Warna:hitam glosy
Ukuran:M sedikit agak longgar mungkin kepala sya kecil
Kenyamanan:lumayanlah

Oke paketnya mendarat dengan selamat cuma 2 hari pengiriman nya sangat cepat sekali terimakasih boss ku 👍👍👌👌",5,0,1760884741
t*****h,"Lucuuu bangetttt, sukaa, sni jugaa dan harganya murah bangett tpi kualitas nya baguss huhuu seneng bangett, dapet tas serut buat penyimpanan helmnya jugaa, thankyouu yaaa",5,1,1760626170
syakira.ali,"Warna:sesuai pesanan
Ukuran:ukuran pas
Kenyamanan:nyaman.

Sesuai tapi ukurannya yg pink M tapi malah lebih gede dri pada yg hitam ukuran L. Tapi gk papa . Nyaman busanya tebal mungkin akan sedikit bikin kuping sakit.",5,0,1757501311
d*****o,"Warna:hitam dop
Ukuran:L
Kenyamanan:pas

Ada lecet dikit mungkin di expedisinya soalnya kardusnya aja sampe penyok penyok, baut kaca bagian kiri selek tidak bisa di kencangkan. 
Bagus, enteng
Semoga awet
Terinakasih seller & Shopee",4,1,1745718897
hendrajayasuntara,"Warna:cocok sesuai pesanan
Ukuran:pas banget gaesss
Kenyamanan:lumayan lah dgn harga yg terjangkau",5,0,1752245880
putrimorses,"Keren helmnya, warna sesuai, nyaman jg dipakai.
Terimakasih",5,0,1752916371
pi9bw8_v0b,Puas dengan barang nya bosqu kere pokoknya 💯,5,0,1752819526
vivisopiar,"Warna:bagus si keren
Ukuran:pas ukurannya L
Kenyamanan:mantap lumayan bagus keren pokoknya joos👍",5,0,1738823068
l*****.,"Warna:bagus
Ukuran:sesuai
Kenyamanan:nyaman di pakai

Barang sampai dengan baik semua sesuai pesanan baik tipe dan warna alhmdulillah aman sampai sini walaupun pengiriman agak lambat tp ok lah untungnya barang sesuai dan baik-baik aja terimakasih.",4,1,1749201334
vaozan0_imm4,"Warna:warna nya g presisi
Ukuran:gajelas, pesan m masa gede banget
Kualitas:gatao sih

Helm nya ada cacat dent sdikit, finishing nya kurang rata, tp worth it lah
Ada harga ada kualitas",5,2,1739388926
d*****8,"Warna:hitam
Ukuran:pas dan sesuai
Kenyamanan:sangat nyaman

Cocok bgt 
Pas dipake 
Harga termurah 
Bahan kuat dan kokoh
Barang dikirim sesuai pesanan 
Terima kasih 🙏 kak",5,0,1757469408
arifyahya94,"Warna:Sesuai Pesanan
Ukuran:Pas walau agak ngepas dikepala
Kenyamanan:standar

Helmnya sampai dgn selamat walaupun dusnya penyok parah tp Alhamdulillah barangnya gak ada yg lecet/retak. Utk finishingnya masih kurang rapi, catnya belang & bergelombang, tp ya sesuai dgn harga. Thanks seller & shopee",4,0,1747039691
aan160912saputra,"Warna:keren
Ukuran:pas
Kenyamanan:nyaman di pakai",5,0,1741584779
blackrider05,"Warna:Hitam Doff, bagus banget.
Ukuran:Agak sedikit kekecilan.
Kenyamanan:Lumayan nyaman.

Paket Super Cepat Sampai! Packaging Ok, Helm original sesuai deskripsi dari toko. Helm nya sedikit kekecilan, tp overall bagus semuanya. Dapet visor smoke, dan spoiler smoke. Hanya saja visor stopper nya dri plastik, dan agak tajam kalo kena tangan. Mesti di amplas supaya GK tajam. Terima kasih!!",5,1,1760501227
hikmattuloh619,"Warna:sangat bagus sesuai dengan gambar
Ukuran:ukuran pas dan sesuai
Kenyamanan:empuk dan nyaman di oake

Produk yg murah tapi ga murahan nyaman di pake ringan d kepala pengiriman cepat tepat aman terima kasih sudah amanah berkah selalu",5,0,1761205601
iramayasinta30,Helmnya bgus sesuai dengan yg dpesan tapi sayang pesan wrnanya grey glow yg dtang warna hitam glowing 😁untungnya suami trima2 aja..pngriman lumyan cepat..,5,1,1752013338
7iczctjs8k,"Warna:hitam doff
Kenyamanan:baik

Barang sdh sampai cuma packinganya kurang bagus,almhamdulillah helm nya gk ada kerusakan
Terimakasih min",5,0,1759409163
biworoprasongko,"Kualitas harga 100 ribu, kaca tidak ada pengunci, mudah lepas, kualitas plastik jelek, mohon maaf , fakta kualitas perlu ditingkatkan",3,45,1749414977
jho_ngalam87,Pengiriman cepat tapi sayang barangnya cacat...kelihatan seperti patah dan sengaja dibakar buat direkatkan...🙏,1,18,1763450580
skuybrengsek,"Warna:sesuai cerah
Ukuran:sesuai ukuran kepala
Kenyamanan:belum dicoba

Soal barang sih bagus realita 100% baru cuman kalo bisa buat pengiriman jangan Lewat si cepet lebih baik lewat Xpress atau JNT JNE pesenan saya jadi kelewat tanggaL",5,0,1746364209
nyaiwahyuningsih,"Warna:sesuai sih
Ukuran:ukuran pas sih
Kenyamanan:cuman kotor helem nya ada serbuk putih gitu sama ada yang cacad

Ada benda item nempel sama ada totol totol sama kentob kecil Hem kiran bakal aman di kemas nya tapi dus datang nya dah penyok tapi cepet sih pengiriman nya 2 hari udah nyampe",3,0,1746617142
skaaaulia,"Warna:hitam dof
Ukuran:M
Kenyamanan:sangat nyaman

pas banget sama kepala yang kecil kayak aku😅cuma agak kegedean.. tpi bagus banget",5,1,1761562284
azizarrasyid022,"Warna:sesuai
Ukuran:passs
Kenyamanan:sangat nyaman

Bagus dehhh pokoknya Jan raguu brooo gas co",5,0,1762680985
wobo6kay0t,Ukuran:sesuai dengan pesanan ukuran juga pas,5,0,1738471088
ahmadgaming329,"Warna:sesuai mantap
Ukuran:pas
Kenyamanan:sangat nyaman dipakai

Sangat kelas king 👑",5,0,1760339944
y93rc0nemm,"Warna:sesuai pesanan
Ukuran:L
Kenyamanan:lumayan

Helm nya ada lecet dikit TPI gpp lah",5,0,1760867136
budi_khoiri,"Warna:sesuai dengan pesanan
Ukuran:pas untuk saya yang xl
Kenyamanan:mantap

Barang sampai dengan selamat sesuai dengan pesanan 👍",5,0,1762432644
dessy_yani,"Warna:bagus
Ukuran:pas
Kenyamanan:nyaman

Anak ku suka banget",5,0,1747390759
t.aan28,"Warna:hitam dof
Ukuran:pas di kepala
Kenyamanan:accesoris di belakang helem cuma pake perekat",5,0,1751007644
anggapraseptio71,"Warna:sangat bagus
Ukuran:pas
Kenyamanan:sangat nyaman

Sayang strip angin belakang bukan item, tapi gpp lah bagus !!",5,0,1753096957
jauzaannaji,"Warna:lumayan cuma ada baret dikit
Ukuran:pas
Kenyamanan:empuk bngt",5,0,1758109350
rinto.usman,Barang sudah di Terima dengan sedikit lecet  tapi ngak pa pa lah semoga order yg selanjut nya barang nya mulus,4,0,1746444547
k*****2,Paket telah diterima dengan baik dan dalam keadaan baik terima kasih.,5,0,1743001039
m.hasan_akbar,"Warna:gk sesuai yg di pesan
Ukuran:gk pas tidak sesuai Yang di pesan
Kenyamanan:sangat tidak nyaman karna kebesaran

Agak menyesal karna saya beli 2 Helm yang warna sama cuman beda ukuran Dan yg datang  satu ukuran beda warna",5,0,1749561805
marwan840,Sangat bagus trima kasih bayak barang sesuai pesanan,5,0,1740073297
adisviber,"Kualitas:bagus
Cocok Untuk:pelindu seklaigus pake kaca siang malaam

Okee",5,0,1749111274
eyickinako,"lumayan,,, tp sedikit kegedean",5,0,1742552314
alilah14,"Warna:Hitam
Ukuran:pas dan sesuai
Kenyamanan:sangat nyaman saat di kenakan

Puas banget dengan pesanannya , next bakalan pesen lagi😁",5,0,1743941557
m*****h,"Warna:sesuai iklan
Ukuran:pas
Kenyamanan:nyaman

Enak bgt anget pake helm ini karena busanya tebelll",5,0,1755174593
lemariminibunda,"Warna:Putih
Ukuran:pas
Kenyamanan:nyaman dipakai, ttapi busa yang diatas agak tipis

Overall helm nya bagusss, tapi ada beberapa yang kurang potongannya.",3,0,1745113921
hendrogubuktiwul,"Warna:sesuai dengan pesanan
Ukuran:pas di kepala
Kenyamanan:nyaman saat dikenakan

Tidak mengecewakan dengan harga segitu",5,0,1757862290
lzfh1qs02c,"Warna:sesuai
Ukuran:pas
Kenyamanan:sangt nyaman

Penjualnya amanah",5,0,1736379694
arez_r3ds,"Warna:abu dof
Ukuran:pas
Kenyamanan:nyaman

Diluar ekspektasi dgn harga segitu, mantap luar biasa",5,0,1746611055
komali,"Warna:bagus
Ukuran:pas dan sesuai
Kenyamanan:ringan nyamab dipakai

Terima kasih paket udah sampai, pengiriman lama, tapi allhamdulillah akhirnya datang juga",5,0,1747703911
zakier088260043,"Bagus bangeut, terimakasih banyak ya",5,1,1746607527
4xi0256nm8,"Warna:sesuai
Ukuran:pas
Kenyamanan:lumayan

Tipis helm nya, tapi lumayan sih harga segitu",5,0,1756744188
adityasurnap,"Warna:mint
Ukuran:L",5,0,1737044066
gjdghhnkd9,"Warna:sesuai vidio
Ukuran:ukuran M serasa ukuran L
Kenyamanan:lumayan

Pengiriman paket lumayan lama, akhirnya datang juga",4,0,1741701472
a*****9,Paket Telah di terima dengan baik kualitas Produk Sangat baik terimakasih,5,0,1762660587
pratamappri20,"Warna:hitam D
Ukuran:L
Kenyamanan:Nyaman

Bagus",5,0,1745148261
t*****o,"Warna:sesuai harapan
Ukuran:pas di hati dan kepala
Kenyamanan:ringan sangat nyaman dan mengesankan",5,0,1739713928
vlnaja,"Warna:bagus
Ukuran:pas
Kenyamanan:sangat nyaman dipakai

minus lecet dikit dah gitu aja klk tampilan oke bgt nih",4,0,1742548038
8371837_7373,,5,1,1735387613
z*****y,"Warna:.

Alhamdulillah paket sudah sampai dengan selamat... Paket sesuai pesanan dan recomended... Barang ori... Next time order tipe lain... Makasih seller dan kurirnya sukses selalu amiin... 🫰🫰🫰",5,1,1763223710
m*****7,"Kenyamanan:Terasa Ringan

Busa Terlalu Kecil... Tapi Sesuai Lah Dengan Harga Segitu",5,0,1759199985
dennisleonard,"Warna:Hitam
Ukuran:L
Kenyamanan:Tidak nyaman jika jalanan hancur

Helmnya bikin sakit kepala kalau jalanan hancur",5,0,1747416870
m*****3,"Warna:item
Ukuran:xl
Kenyamanan:sangat cocok untuk harga terjangkau

sangat rekomendasi untuk harga yang terjangkau",5,0,1755000974
qorifebrian27,"Warna:sesuai
Ukuran:pas
Kenyamanan:bolehlah

Barang oke, sesuai pesanan,respon cpt.tp syg pakingnya asal2an.untung barangnya g knp2.kondisi kardusnya mangap terbuka sebagian.keseluruhan oke cm syg dipaking aja yg kurang bagus.",5,0,1756381881
pianvian823,"Warna:putih
Ukuran:M
Kenyamanan:pas dan nyaman di pakai",5,0,1744866738
s*****1,bagus nyaman keren untuk harga yang terjangkau paket komplit dah,5,0,1762699896
j*****p,"Warna:grey dof
Ukuran:pas
Kenyamanan:mantap

kualitas mantap, sesuai dgn harga, pengiriman agak lambat, semoga awet, berkah, dan sukses selalu",5,0,1741655680
tthoshanto,Untuk harga segitu y lumayan.. Semoga awet amin. Mksh,5,0,1752836488
ciefajri,"Warna:pas sesuai pesanan
Ukuran:L dan pas skali di kpala tdak longgar
Kenyamanan:cukup nyaman

Helm nya bagus ringan enak di pakai, walaupun ada lobang baut yg patah tpi masih bisa di atasi..pengiriman cepat..",5,0,1752467213
t*****o,Alhamdulillah Paket ganteng sudah nyampe well pkonya mah,5,0,1743224619
nazvin0410,"Warna:hitam d
Ukuran:m
Kenyamanan:nyaman di kepala

Helmnya sangat keren elegan kekinian,di bungkus kembali biar ga berdebu hehe",5,0,1753155107
dipra_023,"Warna:sangat bagus dan sesuai dengan ekspektasi
Ukuran:pas dan sesuai
Kenyamanan:nyaman saat dipakai

Pengiriman cepat produk sesuai packing rapi harga murah kualitas bagus",5,0,1755607684
anangkprn,"Warna:bagus
Ukuran:pas
Kenyamanan:nyaman dan tebal

Barang bagus dan aman, walaupun dos penyok",5,0,1747286218
a*****3,"Warna:hitam
Ukuran:M
Kenyamanan:Busa tebal

Barang nya sesuai 
Next time order lagi 
Makasih ya kak",5,0,1740904413
dodisetiawan202,"Warna:sangat bagus dan sesuai gambar
Ukuran:ukuran produk pas dan sesuai
Kenyamanan:sangat nyaman saat dikenakan

Barang dah sampe alhamdulillah gak ada yang lecet atau rusak sangat rapi bungkus nya meski agak telat datang 5 hari baru sampe rumah ni helm 
Makasih ya buat toko nya sesuai sama yang di gambar dah mantap.....",5,0,1759231965
hengkisibawel,"Warna:hitm dop sesuai pesanan
Ukuran:pas...bget
Kenyamanan:empuk gk bkin pegel di leher

tampiln bgus lumyan dengn harga segitu",5,0,1759664469
owietekor,"Warna:HKM COSMO HITAM D,L
Ukuran:sesuai
Kenyamanan:helm ringan nyaman da ganteng sob🔥",5,1,1752213104
adun_sekarepmu,"Warna:sesuai gambar

Mantap pokonya mah pengiriman cepat dan satset pokonya mah,",5,0,1760015423
asep45dadan,"Warna:sesuai bagus glos
Ukuran:pas
Kenyamanan:sedikit kurang

Kaca nya kaya gak ori. Aga keras kalo di tutup rapet",5,0,1745035912
iwx9k_tuiv,"Warna:sesuai
Ukuran:pas dan sesuai
Kenyamanan:lumayan lah sesuai harga",5,0,1756553728
sidikdesuarga,"Warna:oke
Ukuran:pas untuk XL nya
Kenyamanan:oke

Untuk di harga 150 sih udh oke bgt ya, disamping ada detail² kecil yg msh kurang rapi kyk lem yg bleber, atau lem yg kurang kuat",5,0,1749618037
donirosyid,"Warna:black glosy
Ukuran:m
Kenyamanan:nyaman",5,1,1741584453
picfamiio3,"Warna:hkm cosmo grey, d, m
Kenyamanan:nyaman",5,0,1741507513
ngfstore,"Warna:sesuai
Ukuran:pas
Kenyamanan:nyaman

Mantab..",5,0,1743102918
davidkobi15,"Warna:sesuai dengan warna pesanan
Ukuran:pas
Kenyamanan:sangat nyaman

Barqng diterima dengan baik, pengemasan baik dilengkapi dengan bubble wrap, Pengiriman cepat, seller fast respon, sangat amanah, model helem keren dengan harga ekonomis, sesuai standar SNI lagi",5,12,1762075411
anas_0409,"Warna:sesuai
Ukuran:m
Kenyamanan:pengepakan amn bngt

Nympe dg baik",5,0,1744434092
imammaul56,"Bagus banget, recommended banget dengan budget segitu",5,0,1747303235
dianmelati14,"Warna:sangat bagus dan cocok
Ukuran:pas dikepala dan nyaman di pakai
Kenyamanan:ringan tidak berat",5,0,1759832881
v2l_6b1h3b,"Warna:bagus sesuai poto
Ukuran:ok
Kenyamanan:enak dipake",5,2,1740402842
aroy2101,"Warna:bagus
Ukuran:pas
Kenyamanan:lumayan nyaman

Produk baik, bagus, nyaman",5,0,1736157792
donny8181,"Warna:abu²
Ukuran:pas L
Kenyamanan:lumayan

Mesen dof yg dateng glossy. Ya sudahlah... apa boleh bulet...",4,0,1745489312
derimaulidzakaria818,"Warna:hitam doff
Ukuran:m tapi agak kegedean
Kenyamanan:lumayan enak",5,0,1737715101
a*****9,"Warna:hitam
Ukuran:XL sedang untuk di pakai
Kenyamanan:ringan

Helm half face MLA nya standar,saya meragu kan kualitas warnanya karena kurang kinclong",5,0,1753761503
t*****h,"Warna:bagus
Ukuran:pas tapi sayang nya salah beli ukuran
Kenyamanan:sangat nyaman",5,0,1757494863
qomarichusna,"Barang sudah nyampek dan sudah diterima, sesuai pesanan, uk pas di kepala, packing aman.",5,0,1741594189
ilham306,"Warna:sangat keren
Ukuran:kecil kurang besar , terpaksa buat anak
Kenyamanan:nyaman sesuai",5,0,1756554896
dhoxv3aydq,"Warna:abu2

Kerenn poll..",5,1,1750096102
rais210488,"Warna:pas sesuai
Ukuran:sesuai ukuran
Kenyamanan:sudah kelihatan Yaman,,, terimakasih seller",5,0,1742800789
d*****1,"Warna:sesuai
Ukuran:pas dan nyaman
Kenyamanan:nyaman

Barang sampe kemarin, barang tidk lecet atau tidak ada kerusakan. Utk harga sgtu bagus sih",5,0,1761555290
bqkl0ufjv7,"Helm murah berkualitas,d3ngan toko yang amanah dan berkarakter semoga tetap jaya",5,0,1757516090
putripatricia689,"Warna:pas
Ukuran:pas
Kenyamanan:sagat nyaman

Bagus tidk jonk",5,0,1738833075
masspatricktamfans,"Warna:hitam
Ukuran:M
Kenyamanan:sangat nyaman

iseng² jam 2 liat shopee eh eror shopee nya pdhl harganya ngga sgtu tapi disaya cuma 73.000 saya coba kirain boongan eh bnran dong 73.000 pas dateng udah gamau berharap banyak takut boong. eh bnran sesuai😭. alhamdulilah makasih seller",5,0,1753527324
a*****m,"Warna:Real pic
Ukuran:Pas dan Sesuai
Kenyamanan:Sangat nyaman saat di pakai

Buat kuat, kencang, bagus, rapih dan keren. Terima kasih",5,1,1752755704
6_0pqywz34,"Warna:warna. bgus
Ukuran:pas dikepala enak dipakai
Kenyamanan:nyaman banget.",5,0,1748095945
gendisr777,"Warna:hitam doff
Ukuran:XL
Kenyamanan:XL tapi kecil nyaman pas di kepala ga berat jg nyaman 😂",5,1,1763223741
veyliatikamoningka,,5,0,1747724916
f*****a,"Warna:sangat bagus dan sesuai dengan gambar
Ukuran:ukuran produk yang pas dan sesuai
Kenyamanan:ringan dan nyaman saat dipakai

Nice, keres sii👌",5,2,1757210949
lianwindi,"Ukuran:L
Warna:hitam
Durabilitas:okela

Uda request warna grey malah tetep hitam",3,0,1735379067
s_mwwhlr11,Baguss sesuai pesanan mksii yaa udh amanahh☺️,5,0,1732529676
didikdidik057,"Warna:hitam
Ukuran:l
Kualitas:oky

Barangnya udah Sampay dengan slamat barang nya mantap ma'af baru ngasik ulasan ea jooooos pokok nya",5,0,1735635987
joeyfaiz,"Warna:oke
Ukuran:oke
Kenyamanan:mntap

Smoga sukses slalu dan amanah mantapp",5,0,1745064444
jareminjaremin,"Tampilan:bagus
Cocok Untuk:touring
Kualitas:bagus

👍👍👍👍👍👍",5,0,1738064019
aganyusufarifin,The best,5,0,1738734597
yasintianur,"Warna:hitam dove
Ukuran:pas
Kenyamanan:nyaman

Barang datang sesuai pesanan
Packing aman sampai tujuan",4,0,1739889109
abuybkc,"Warna:sesuay
Ukuran:sesuay
Kenyamanan:mantap

Barang bagus rekomen",5,0,1743261775
nunu220722,Top markotop sesuai banget semoga awet,5,0,1748504282
irvan_hottua_fransiskus,,5,0,1747028048
rajofernando31,"Warna:ok
Ukuran:sayang nya di ukuran nya m sprti L
Kenyamanan:nyaman",5,0,1750336882
arie_pratama03,"Warna:warna oke
Ukuran:ukuran pas
Kenyamanan:nyaman sekali",5,0,1736780192
belqiupariaman,,5,0,1745117003
andry.saprik,,5,0,1749180907
i*****7,"Pesanan udah nyampe tepat waktu & dalam kondisi yang baik, terimakasih seller",5,0,1750932898
choirur_rizky01,"Warna:abu abu
Ukuran:pas ke kepala
Kenyamanan:nyaman saat di gunakan

Ukuran warna sesuai dengan yang di gambar nyaman saat di gunakan",5,0,1738387232
wendisetiawan118,"Ukuran:M tapi kayak L size nya kayak dicabut busa pipi tipis pulak !
Kualitas:wort it lah untuk harga segituan mah
Warna:abu glosy",3,0,1735851436
didiksuyanto223,Sudah sampai terima kasih seller,5,0,1737619495
fajarmuhamad322,"Warna:sangat bagus
Ukuran:pas
Kenyamanan:nyaman

Bagus termurah dikelasnya tapi mantap kualitasnya",5,0,1759247456
reyrey037,Bagus!,5,1,1750096204
o*****i,"Warna:ok
Ukuran:pas
Kenyamanan:kedap

bagus sesuai harga",5,0,1745499164
kam9qcam5j,,5,0,1743223716
alvijie79,Kualitas maaf ya saya rasa masih baik saj bukan yang waoow begitu wajar lah ya dengan harga 150 an jangan berkhayal dapat kualitas kayak KYT pokok ok saja bukan yg waow begitu makasih,4,0,1746321883
rizkyardiansyah_,,5,0,1744390699
coberic298,,5,0,1742979503
tcinch6ozq,"Warna:ok
Ukuran:kebesaran
Kenyamanan:kurang nyaman

Pesen nya yg hitam kirim nya yg hijau",5,0,1746081787
a*****1,"Warna:sangat bagus dan sesuai gambar
Ukuran:sangat pas
Kenyamanan:sangat nyaman saat di pakai

mantap keren pengiriman cepat
respon penjual cepat
tapi sayang kardusnya penyok
tapi tidak apa apa lah yang penting barang bagus
no lecet²",5,0,1760858505
m.adeeffendi,Alhamdulillah pesanan telah sampai sesuai apa yang di pesan...,5,0,1747745495
soleh2707,"Warna:sesuai keinginan dan harapan yg slalu ku inginkan
Ukuran:pas dan pas
Kenyamanan:sesuai banet

Mantap bosQ, sesuai yg di inginkn, cepat dan satset",5,0,1752419458
sultanathariez,"Warna:merah dof
Ukuran:L
Kenyamanan:pas

Barang sudah diterima dengan baik 👍",5,0,1761662516
aditgsd,"Warna:sesuai pesanan
Ukuran:pas
Kenyamanan:nyaman saat di pakai

Mantap deh pokonya, udh da spoiler'a lagi👍",5,0,1760143278
khairulkhamsyah,,5,0,1745674081
n*****4,"Warna:bagus, sesuai gambar
Ukuran:ukuran sangat pas. busa pres
Kenyamanan:nyaman banget buat di pakai

Sudah bagus. Cuman saya kurang suka kurirnya. Masak saya yang harus jemput. Bukan malah di anterin kerumah",5,0,1743826882
6kx5r9sk_n,"Warna:sangat ccok dngan pilihan hati
Ukuran:sangat pas
Kenyamanan:nyaman d pakai

Ccok ssui pesanan.. Cma kecawa dgn pengiriman.a yg agak lambat",5,0,1749617795
kk_efkha,,5,0,1744436262
rahmadsyabirin50779,"Warna:sesuai deskripsi grey doff 😃
Ukuran:pas di kepala dan nyaman 🙂
Kenyamanan:nyaman dan cocok dipakai sunmori dan style

Terima Kasih buat seller sukses dan lancar selalu usahanya 🤲🏻 buat yang nyari helm kekinian beli disini dijamin barangnya bagus dan berkualitas 👍🏻",5,0,1752329024
bahtiartiarmuslim,"Warna:bagus
Ukuran:ukuran pas
Kenyamanan:nyaman

Helm bagus Mayan buat hari²",5,0,1746534459
y*****a,"Warna:cerah menyenangkan
Ukuran:pas sekali d kpala
Kenyamanan:nyaman di pakai cuma pengaitnya ga mau kenceng agak longgar",5,0,1760415073
kh4dpiyqrp,"Warna:bagus
Ukuran:sesuai
Kenyamanan:sangat bagus sesuai dengan harga ya",5,0,1737608110
dedytarikan,,5,0,1738716875
anjalnugroho351,"Warna:bagus
Ukuran:pas
Kenyamanan:nyaman banget

Mantan ga kecewa",5,0,1744085841
finn77,"Warna:hitam dob
Ukuran:m
Kenyamanan:ok

Sesuai ekspektasi mantap, keren",5,0,1742799704
pakdekintong,"Warna:hitam doff
Ukuran:xl
Kenyamanan:cukup nyaman

Ukuran XL agak kurang gede sedikit di saya 
Untuk barang mantep kualitas Oky buat harga segitu jangan ragu beli di sini",5,0,1760163492
n*****a,"Warna:putih
Ukuran:xl
Kenyamanan:nyaman

Waktu pesanan d terimah dos keadaan penyok dan sobek, untung helmnya g kenapa² sdh kepikiran klu pecah. Mau di retur tp alhamdulilah helm nya utuh.
Next packingnya agak di amankan lg. Biar lebih aman.
Untuk semuanya terimakasih. Untk pelapak🙏🏻
Tak kasih bintang 5⭐⭐⭐⭐⭐",5,1,1755772835
s*****1,,5,0,1749060001
andriksuyatno,Sesuai pesanan dan pas ukurannya disaya Terima kasih selleer dan bang kurirnya 👍,5,0,1759468878
muhammadrendyakbar,"Barang cepat sampai tp keadaan seperti yg di hambar, lecet², kotanya seperti itu gak bagus kurirnya",2,0,1742648151
syafutrii,"Warna:Hitam
Ukuran:M
Kenyamanan:Nyaman dan ringan

Worth to buy, nuhun seller..",5,0,1756165338
ika_arlina1,"Warna:grey G
Ukuran:m

Realpick",5,0,1737597729
kresnafilipi45,"Warna:bagus
Ukuran:pas
Kenyamanan:sangat nyaman, busa tebal

Paket sudah mendarat dengan selamat dan packing sangat rapi dan rapat 
Terimakasih 😁",5,0,1750506263
tekhnikalgorontalo,"Warna:sangat bagus
Ukuran:pas
Kenyamanan:ringan di pakai

Nyaman di pakai setiap berkendraan",5,0,1745059710
ajay.szh,,5,0,1736235877
2207lvk5h2,,5,0,1738468166
japrageming,Bintang yg bicara,5,0,1740833283
nurul_ardila02,,5,1,1750096247
syifathan,"Warna:sangat bagus
Ukuran:ukuran pas
Kenyamanan:ringan dan nyaman

Pengiriman cepat mantap",5,0,1751105040
oshinbeauty_sedayu,"Warna:sesuai pesanan
Ukuran:pas
Kenyamanan:lumayan

Baik bagus",5,0,1740564844
r*****l,"barang sampai sesuai pesanan, gada yang kurang, mulus no minus",5,0,1758115447
arkanciberem,"Warna:sesuay
Ukuran:pas
Kenyamanan:baik

Sesuay pengiriman cepat",5,0,1741336699
fadli.dawali,"Warna:sangat bagus
Ukuran:ukuran pas
Kenyamanan:ringan dan nyaman",5,0,1745397077
l*****r,,5,0,1738843193
s*****_,"Warna:bagus, sesuai lah sama gambar
Ukuran:pas
Kenyamanan:nyaman dipakai

Barang sesuai pesanan dan bagus, hanya di jasa pengiriman yang lama, ya sudahlah",5,0,1752631335
kallkall433,"Warna:Sesuai
Ukuran:XL
Kenyamanan:Nyaman Lah Wlapun Aga Lamah Nungguin😅",3,0,1737678370
agung.k21,"Warna:bagus
Ukuran:pas
Kenyamanan:nyaman

Semua bagus, cuma sayang ada goresan di helmnya. 
Packingannya sepertinya kurang baik",5,0,1759562164
sigitpurnomo188,"Warna:memilik pigmen yg bagus
Ukuran:pas di kepala dewasa
Kenyamanan:terasa nyaman dan empuk  rekomend sekali...🫰👍

Kurir baik dan ramah thx y..👍",5,0,1754231301
buddyonoh,,5,0,1745839060
riyankristanto432,"Warna:sesuai dengan yg di gambar...good
Ukuran:asli....mantap....
Kenyamanan:pas di pakai nyaman....",5,0,1742825047
z*****d,"Warna:Hitam Glossy real
Ukuran:Pas dengan ukuran saya tidak kebesaran dan kekecilan
Kenyamanan:Cukup Nyaman dan pasti Aman

Dapat Harga yang istimewa, Helm di Harga 125.000 sudah sekeren ini, semoga awet",5,0,1758482487
d*****8,"Warna:hitam
Ukuran:pas
Kenyamanan:nyaman alhamdulillah

Rekomended buat harga segitu, terimakasih atas semuanya, maaf lambat buat ulasan nya...",5,0,1742613163
wahyumanyun,"Warna:memiliki pigmen yg bagus
Ukuran:pas sesuai
Kenyamanan:sejuk nyaman

barang sudah sampai dngn selamat
barang mya bagus tp ada beberapa yg lecet dikit tp oke lah
nyman dan enak
lebih di perhatikan ja cat nya selebih okey",5,0,1754500775
sidiksalmah,"Warna:warna nya mantap
Ukuran:pas dipakai
Kenyamanan:bagus dan mantap",5,0,1738315707
firdaus_oq,,5,0,1744894395
w9hhehgel6,"Warna:sesuai pesanan
Ukuran:Pas
Kenyamanan:nyaman dan kokoh",5,0,1748093177
wuryy777,"Warna:lumayan bagus
Ukuran:pas sesuai yg dipesan
Kenyamanan:lumayan lah utk ukuran harga segitu

Terima kasih pesanannya sudah sampai dengan aman
Lumayan bagus helmnya utk harga segitu",5,0,1759396575
g*****i,"Warna:memiliki pigmen yang bagus
Ukuran:pas di kepala dan sangat nyaman
Kenyamanan:terasa sejuk dan nyaman

Good & recommended, lengkap dengan spoilernya. Tampilan keren sangar 👍",5,0,1753785975
m*****s,"Warna:hitam dof
Ukuran:xl
Kenyamanan:pas

Barang sesuai deskripsi, model kekinian, warna hitam dof, seller ramah, pengiriman cepat",5,0,1757076418
ivan.susantosusanto,Ya lumayan lah sesuai harga...,5,0,1742458490
pna_bknqv8,"Warna:hitam
Ukuran:pas
Kenyamanan:nyaman

Helm nya bagus dan nyaman tidak berat",5,0,1754627499
n*****h,"Warna:cosmo hitam doff
Ukuran:L
Kenyamanan:dalam helm seperti ada baut lepat

sparepat helm banyak yg kendor, ada lecet dan ada yg sudah di lem” , bekas lem juga tidak rapi",1,4,1752323129
rostinarostina328,,5,0,1747924036
dodyexsar,"Warna:biru nice
Ukuran:pas
Kenyamanan:lumayan nyaman dipakai

Terimakasih atas pesenan saya sukses selalu untuk seller dan kurirnya terimakasih.",5,0,1756970707
winatawidia,"Warna:hitam
Ukuran:M
Kenyamanan:nyaman

Makasih barang sudah sampai dan sesuai pesanan",5,0,1742479811
byanfarid52,Dari sekian banyak stok kok ga dicek ya yg model gini dikasihnya. Jelek bgt logonya kyk tipex,2,0,1739880017
eonnisaa_,"Warna:sangat bagus dan bersih
Ukuran:sesuai ekspektasi
Kenyamanan:sangat nyaman

warnanya cakep pengiriman juga cepat, tapi ada bagian helm yg lecet hingga terlihat hitam tapi all in good condition",5,0,1736506618
yadineng,Mantap helemnya saya puas belanja di toko ini moga toko ini lancar terus amin,5,0,1744463300
irnawatidaengtinokirnawa,"Warna:sesuai
Ukuran:pas
Kenyamanan:sangat nyaman

Mksh tokoh shopee ma kurir terus amanah 
Pengiriman cepat banget",5,0,1740206692
didibusak,"Warna:bagus dan sesuai dengan gambar
Ukuran:ukuran produk pas
Kenyamanan:sangat nyaman di gunakan

Sesuai dengan gambar,cuma agak longgar dan kemungkinan salah pilih ukuran,harusnya ukuran L",5,0,1750742630
soe5an,"Warna:sangat bagus
Ukuran:pas
Kenyamanan:nyaman

Sesuai dengan harga
Bisa dipakai sehari hari",5,0,1750986951
rajimein,"Warna:ok
Ukuran:pas
Kenyamanan:sangat nyaman

Barang nya sesuai dgn yg d harapkan, ok banget, silakn di order kwn² . Mantap lh udah sy pake keren banget",5,0,1762422800
e*****_,,5,0,1745394265
a*****8,"Warna:ok
Ukuran:m tapi berasa XL
Kenyamanan:b aja

Pengiriman lambat, admin slow respon, chat ga bales",1,3,1746174758
m*****0,"Warna:bagus
Ukuran:M
Kenyamanan:sesuai",5,0,1740641790
arsyajihan210,"Warna:warna nya bgus bngtt
Ukuran:pass
Kenyamanan:enak dan aerodinamis bngtt",5,0,1738775383
deni_s_90,"Warna:memiliki pigmen warna yg bagus
Ukuran:ukuran produk pas dan sesuai
Kenyamanan:sangat nyaman di kenakan",5,0,1760865036
kokamgatak,,5,0,1744875462
sanzsultansultan,,5,0,1741679495
fadhilnayu,"Warna:sesuai pesanan
Ukuran:pas dikepala
Kenyamanan:alhamdulillah nyaman

Alhamdulillah..paketnya cepat sampai dan sesuai dgn pesanan",5,0,1750670800
v*****a,"Warna:putih
Ukuran:M
Kenyamanan:aman

Bagus diharga segitu, nyaman, ringan, cocok buat kado, thkss.",5,0,1738662904
ahmadkurniawanyudhap,"Warna:hitam
Ukuran:xl
Kenyamanan:enak di pakek

Hlem ya babgus cocok  semangat buat penjualan ya bisa laris semua",4,0,1736572299
umarilmi267,"Warna:memiliki desen yang bagus
Ukuran:ukuran pas dikepala saya
Kenyamanan:ringan dan nyaman saat dipakay",5,0,1756300776
heru78herdiansyah,Barang mantap bos q rekomen bnget pokoknya nex beli lagi d toko ini,5,0,1754745189
mnlatif2410,"Paket sudah sampai dengan selamat, udah dicoba emang kuat semoga awet, thanks min",4,0,1746096806
ariadityaaditya,"Warna:hitam dof
Ukuran:pas banget juga enak di paki sip deh pokoknya
Kenyamanan:sangat nyaman banget",5,0,1744427995
sqg591eik8,"Warna:Hitam dof
Ukuran:L.. pas dgn kepala saya
Kenyamanan:sangat nyaman saat digunakan

Gak nyesel belanja di toko ini Barang orderan saya sdh sesuai orderan saya dan barangnya sampai dgn selamat & gak ada lecet sama sekali. Semoga tokonya Berkah dan Amanah.",5,2,1757764152
sxdwxhyu,"Warna:hitam
Ukuran:pas di kepala
Kenyamanan:oke sih di rasa rasa, tapi blum coba perjalanan

Dari look sih mantep, ga ada penyesalan, packnya pun oklah klo ga kena air, soalnya luar kardus dalem bubble, semoga awet aja lah ya, ini sih overall bagus sih worth it!",5,0,1743161476
izulid318,,5,0,1742793664
qqm3a09lto,,5,0,1741340024
hasansaputrasaputra,,5,0,1745090831
f*****y,"Yg di krm gk sesuai warna minta merah dop di ksh warna hitam.
Bukan ad komfirmasi dulu mau di ubah warna apa gak.
Gk amanah dan sangat kecewa.",1,5,1753284644
rosidparidi,"Warna:hitam
Ukuran:pas
Kenyamanan:ringan dan nyaman di pakai

Harga lumayan lah, kualitas bagus",5,0,1752921736
egi_herdians,mantapp,5,0,1747551607
ar1f_f1rm4n,,5,0,1745990074
mujibanana,"Warna:sesuai yg di pesan dan cerah warnanya
Ukuran:pas dan enak dipakai...
Kenyamanan:busanya empuk dan penampilan tambah kece.. helmnya penambah kegantengan",5,0,1758023878
fiki_mul_pratama,"Warna:abu
Ukuran:pas
Kenyamanan:nyaman

Sngat bagus",5,0,1742461810
yusupmaulana1301,"kren lah lumayan, cuma visor blakang nya g terlalu nempel, kren kren",5,0,1757151972
h*****k,,5,1,1727834704
adesasha633,"Warna:putih
Ukuran:m
Kenyamanan:sangat nyaman

Pengiriman cepat kurir nya baik. Top dah helmnya bgus ank ku suka🤗",5,0,1757301747
muhsultan243,,5,0,1742793663
saleha_nada,"Warna:bagus
Ukuran:pas
Kenyamanan:nyaman

good 👌👌",5,0,1742017832
erikestrada1781,"Warna:Sesuai Pesanan
Ukuran:Pas
Kenyamanan:Bagus

Bagus Sesuai Harga",5,0,1742647467
muhammad_luthfi14,"Warna:abu abu
Ukuran:sesuai
Kenyamanan:Lumayan

Sangat rekomendasi bgt, cobain deh",5,0,1756902270
4kau5dlnfh,"Warna:sesuai dan amanah
Ukuran:sangat longgar padahal M jadi aku modif dengan menambahkan streofam helm bekas
Kenyamanan:kurang nyaman karena waktu di pake lewat jalan berlubang helm malah nutupin mata

Tapi untuk desain dengan harga segitu menurutku sangat bagus",4,0,1737197643
kukuh7382,,5,0,1744387293
d*****9,"Warna:memiliki pigmen yang bagus
Ukuran:ukuran produk yang pas dan sesuai
Kenyamanan:sangat nyaman tidak sakit di kepala

Harga segitu barangnya bagus 👍👍",5,0,1756292551
reyhan_brt,"Warna:warnanya pas dan sesuai di gambar suka banget
Ukuran:pas m
Kenyamanan:nyaman dan ringan

Makasih buat yang punya toko dan adminnya GK mengecewakan produknya akhirnya bisa kebeli juga",5,0,1761285154
fazhatsudrajat,"Ukuran:pas
Warna:sesuai keren
Durabilitas:mantap barang bgs",5,0,1733302574
brata_,"Warna:sesuai pesanan
Ukuran:pas ngepas
Kenyamanan:cukup nyaman untuk harga helm hampir 200rban

Review jujur.. utk helmnya ringan, bahan abs tebal.. finishing bagus cuman perlu di rapikan lagi. Ada sedikit bared di bagian visor , ada harga ada kualitas ,selebihnya oke.",4,1,1755416764
r*****u,"Warna:bagus sesua
Ukuran:pass di kepala
Kenyamanan:sangat nyaman

recomen bangat untuk yg mau beli disni,sesuai deskripsi,tapi untuk dos karna faktor pengiriman yg sangat jauh jadi sampai di tnagn saya kondisi box atau dus sudah tda mempunyai bentuk namun untuk helm masi tetap utuh,recomen dehhh untuk yg mau beli",5,0,1761480407
hendra_shoping,,5,0,1740201945
b.prasetyo,"Warna:bagus untuk logo kurang rapi
Ukuran:pas
Kenyamanan:ringan

Sesuai dengan harga",4,0,1745145192
e*****p,"Warna:sesuai
Ukuran:xl
Kenyamanan:nyaman

Cocok dan sesuai pesanan. Namun di packagingnya masih menghawatirkan. Terima kasih",5,0,1757376137
m*****a,"Warna:bagus sesuai gambar
Ukuran:pas
Kenyamanan:nyaman",5,1,1755732162
aramn01,"Barang sudah datang dengan selamat dan aman
Pengiriman cepat
Semoga bermanfaat
Terima kasih",5,0,1754728659
forbarindgtlo,"Warna:sesuai selera
Ukuran:pas

MNTAP POLL",5,0,1741845035
tikotiko591,"Warna:hitam dop
Ukuran:M pas bngt
Kenyamanan:sangat  nyaman

Jos pokonya puas",5,0,1758001173
ryansetiawan670,"Warna:sangat bagus.
Ukuran:Sesuai.
Kenyamanan:Terasa nyaman.

Alhamdulillah barangnya sudah tiba ditempat dengan selamat untuk helmet nya desain nya semuanya bagus tidak rusak atau pun pecah. Dan lumayan bagus lah saat digunakan, Terima kasih.",5,0,1759970825
n*****z,"Warna:warna dof keren..
Ukuran:agak sempit buat saya krn busa tebal
Kenyamanan:busa tebal bikin nyaman

Pelayanan mantab
Modelnya bagus bgt
Packing jg oke
Harga sangat bersahabat",5,0,1759466766
t*****3,Sangat bagus hlm nya 🥰🥰🙏,5,0,1743169755
bayuiswanto582,"Warna:abu
Ukuran:ukuran L rasa XL gede bngt
Kenyamanan:lumayan",5,0,1745746140
rudysijarak,"Warna:warna sesuai
Ukuran:pas
Kenyamanan:sangat nyaman dan bagus tampilan keren",5,1,1740613311
mazvicks,"Warna:warna bagus dan sesuai
Ukuran:pas dan sesuai
Kenyamanan:nyaman saat di gunakan",5,0,1751859805
milihdonagea,"Warna:hitam
Ukuran:L
Kenyamanan:bagus",5,0,1742466905
petruckmv,,5,0,1740069048
pradanayuliantosantoso,"Kualitas:kurang  baik

Tidak sama dengan yg di bilang sepon atas tidak bosa di lepas dan bahan tidak sesuai yg di iklan sedikit kecewa",3,9,1746009420
rahimaja455,H banyak leceknya baru tidak sama yang seperti di foto atau digambar kalau warnanya Sesuai Ji semua tapi yang lainnya ada yang tidak sesuai warnanya karena paket stiker baru bukan pilos dia paket baru lemnya tidak baik melengket baik kasih aku voucher yang banyak karena selainmu tidak baik banyak yang minusnya,5,0,1753359714
javierbulahari,Mantap Cuma Sedikit Lecet Di Bagian Bawa Tapi Okelah 👍👍👍,5,1,1760329387
bagusjati559,"Warna:cakep
Ukuran:pas
Kenyamanan:enqk

baru di pake 1-2 harii langsung lecet padahal GK jatoh samaa sekali",3,0,1745918661
d*****5,"Warna:sesuai
Ukuran:pas
Kenyamanan:nyaman

banyak lecetnya, mohon ditingkatkan keamanan pengemasan, kacanya juga gampang lepas, seret pas dibuka tutup ",4,0,1745820963
a*****h,Mantap helm nya bagus gk mengecewakan meskipun murah tapi kayak helm mahal..,5,0,1753845395
arie03gunawan,"Warna:bagus barang sampai aman smp rmh
Ukuran:pas
Kenyamanan:nyaman enteng semoga awet",5,0,1761303462
n*****5,"Warna:sesuai pesanan
Ukuran:sesuai pesanan
Kenyamanan:nyaman

Barang bagus
Cuma dg ukuran tersebut, ternyata pas banget (ngepris)
Bagus
Pengiriman lumayan lama",5,0,1760075374
5rqgp8zmlx,Sangat keren,5,0,1737097982
robbanisidiq,,5,0,1743222807
grem2ggvff,Biar bintang yang memberi jawaban....puas bgt...maksih boz ku....,5,0,1747716141
ryugarazka,,5,0,1746005756
f*****_,"Packingan nya jeboll, mungkin nanti dari pihak penjual boleh di perbaiki yaa,di lakban erat erat kalo pengiriman jarak jauh, overall bagusss.mantanp lahh",5,0,1757945084
fitrianii441,"Warna:ok
Ukuran:pas
Kenyamanan:poll

Semua nya ok, cuma kardus nya penyok tapiii aman  ada bubblegum nyaa🤣🤣🤣",4,0,1740915061
selvianabayani,,5,0,1743819369
amilogia,"Warna:sesuai
Ukuran:pas sekali
Kenyamanan:nyaman,busa tebel

Alhamdulillah paket dateng dengan selamat dan cepat,
Tetap terus ditingkatkan pelayanannya semoga barokah 🙏",5,0,1756291885
i*****a,"Warna:sesuia dengan gambar
Ukuran:agak sempit buat pipi cuby
Kenyamanan:nyaman dan empuk

Suka sama helmnya,bagus kokoh cm variasinya yg kecil² diatasnya agak sedikit kendor.sengaja pesen yg xl buat pipi cuby tp tetep masih sedikit kesempitan 😁.",5,0,1756130787
ajat101092,"Warna:grey glosy
Ukuran:M
Kenyamanan:sangat nyaman

Pengiriman cepat",5,0,1739969895
vanilla24,"Warna:sesuai
Ukuran:pas L
Kenyamanan:nyaman",5,0,1745999025
arifmaulia,"Warna:sesuai pesanan
Ukuran:pas
Kenyamanan:lumayan nyaman

Respon dan pelayanan seller cepat.. packing nya aj kalo bisa agak d tambah biar lebih aman aj.. semogaa sukses",5,0,1759918177
nandaerlangga333,"Warna:bagus
Ukuran:pas cuma tali nya kurang panjang
Kenyamanan:tali kurang panjang",5,0,1762342288
zaenalbinmuhali,"Baru pertama pakai kacanya sudah lepas,model bagus minus di kaca helm yg mudah copot, kurang baguslah klo merk ini",1,3,1751732890
ryosampana77,"Warna:putih
Ukuran:L
Kenyamanan:ringan

helmnyabagus

.
pengirimannya cepet bgt",5,0,1748225780
risky8451,"Warna:lime
Ukuran:pas
Kenyamanan:sangat nyaman saat dipakai,model bagus terlihat keren",5,0,1761295923
mochvideffendi,"Warna:kerenn
Ukuran:pas
Kualitas:bagus

Kerennn",5,2,1735365768
r*****i,"Warna:Grey metalik
Ukuran:kekecilan L .
Kenyamanan:sempit

Minta size (XL) dikirim ( L)
Untuk helm bagus tp, salah size terus. Udh langganan ditoko ini dan ini pesanan ke 3 salahnya di ukuran yg dikirim minta (XL)dikirim (L) (PENGIRIMAN LELET BANGET MAKE SI CEP*T )",4,0,1752741327
m*****i,"Warna:sesuai

Sesuai pesanan, terikasih 🙏",5,0,1738471335
y*****0,"Warna:sesui
Ukuran:gede banget L serasa XL
Kualitas:sesuai harga

busa nya tipis bgt ga ngepres di kepala",1,2,1745108386
n*****7,"Suka banget barangnya juga bagus sekali 
murah benget dg harga segituu",5,0,1752208348
05xunynxhd,"Warna:grey
Ukuran:XL,
Kenyamanan:lumayan

Kira in XL itu besar pol,ternyata kurang besar....tpi lumayan lah hrga segitu.",5,0,1753856107
zery_aris97,Paket aman gk ada yg kurang atau lecet . cuma kendalanya d pengiriman aja lama bener pake s cepat mh . mending pake SPX ka laen kali cepet baru . next order lg . thanks,4,0,1748321746
rozzak_ad,"Warna:bagus sesuai gambar
Ukuran:pas
Kenyamanan:nyaman",5,0,1760617058
rina_amalia04,"Warna:hitam

Lem di Spoilernya GK ada 
Jdi harus beli lem lagi lem dabeltip nya GK ada",5,0,1751884531
r*****5,"Warna:bagus
Ukuran:sdh xl, tapi masih juga 🫣
Kenyamanan:nyaman

nyaman dikepala",5,0,1757417917
charles_sp26,"Warna:putih ,
Ukuran:pas dan sesuai

nyaman , kualitas sesuai harga , pesen 2 , yg satu cacat produk saya retur bang ,yg satu oke gada masalah",5,0,1756310752
kamilkamiludin012,"Warna:sesuai
Ukuran:sesuai
Kenyamanan:ya nyaman lah sesuai harga saya dapat di harga 95 ribu

barang bagus pokok nya cuma lecet sedikit cat nya",5,0,1761115113
nkalana,"Lumayanlah, model bagus, cuma kualitas bahan kurang, apalagi tali pengaitnya low level. harga sebaiknya harga disesuaikan lagi.",4,0,1747748962
irfab1201,"Warna:wara sangat bagus
Ukuran:ukuran terlalu besar saya pesan ukuran M malah di kasih L
Kenyamanan:sangat nyaman

Ke 2x nya belu cuman sayang beda dari yg pertama' saya beli dari pisor nya beda yg ini pisor nya jelek tapi lumayan lah di tunggu aksesoris pisor nya biar saya beli",5,0,1753279624
ahmdsfn12,,5,0,1747308724
arya_putra25698,"Warna:sesuai
Ukuran:sesuai
Kenyamanan:nyaman

Semuanya bagus hanya saja spoiler nya GK bsa dipasang dan harus beli lem dulu dan alhasil bikin lengket di helm jadi GK mulus lagi. Semoga kedepannya bsa lebih di maksimalkan untuk kualitas terutama bagian spoilernya",3,0,1735990577
bastoriabas,"Warna:hitam dop
Ukuran:pas
Kenyamanan:smgt myman

Brang mndrat dgn baik...brang bgus ssuai pesanan",5,0,1749457949
r*****i,"Warna:Sangat bagus dan sesuai Gambar
Ukuran:Sangat pas Dan nyaman di kepala
Kenyamanan:Ringan dan nyaman saat di pakai sangat cocok

Alhamdulillah, paket ke2 sudah mendarat dalam keadaan aman dan baik"" saja .
Seller fast respon, wajib langganan di toko ini, gak akan kecewa .",5,1,1756808623
i*****a,"Warna:sesuai gambar,tpi ada lecet dikit
Ukuran:pas
Kenyamanan:nyaman di pake",4,0,1747400267
jerimamonto,,5,1,1740109692
lehalea,,5,1,1731265366
f*****m,"Warna:Sesuai, Hitam DOFF
Ukuran:XL ngePAS di kepala
Kenyamanan:Ukuran helm sesuai dan pas di kepala, tdk terasa sempit.

Cukup Baik, Pengemasan kurang rapat sehingga penyok, Kualitas sesuai dengan harga walau desain dan beberapa sisi tdk begitu presisi dan juga posisi SPOILER dan juga dauble tape tdk dapat lengket dan bertahan sempurna, sehingga jika tersenggol dapat jatuh. Good",4,0,1757067318
noviaindah25,"Warna:PUTIH bersih, mantap
Ukuran:passs banget busa nya empuk
Kenyamanan:nyaman pas

bagus visor tempelan tapi lumayan kuat
ada minus baret dikit okelah tapi mantap poll bagus, terimakasih seller semoga laris terus",5,0,1752505836
irkoh,"Warna:memiliki pigmen yang bagus
Ukuran:pas di kepala dan sangat nyaman
Kenyamanan:sangat nyaman saat di pakai

Mantap bgt pas, nex beli lg",5,0,1743142350
wahyus332,"Warna:𝚜𝚎𝚜𝚞𝚊𝚒 𝚐𝚊𝚖𝚋𝚊𝚛
Ukuran:𝚙𝚊𝚜
Kenyamanan:𝚛𝚒𝚗𝚐𝚊𝚗 𝚍𝚊𝚗 𝚗𝚢𝚊𝚖𝚊𝚗",5,0,1740925557
safirulhidayah,"Warna:hitam doff
Ukuran:pas
Kenyamanan:nyaman saat di gunakan",5,0,1743166572
kholid085714484956,"Okee Boss kuu pass bangeeet di kepala ,real pic sesuai pesana",5,0,1758104579
idaalfi,"Warna:sangar bagus sesuai gambar
Ukuran:ukuran nya pas Poko nya mantull🥰🥰",5,0,1754389975
i*****a,"Warna:warna hitam yg bagus
Ukuran:sangat pas di kepala
Kenyamanan:sangat nyaman untuk berkendara jauh",5,0,1761664534
dzoelzigel,Setelah drama dengan kurir yang ngga jelas akhirnya paketnya tiba juga,5,0,1761459273
dianherdiana1990,Terima kasih barang sesuai pesanan,5,0,1738313074
anismunawaroh955,"Warna:putih sesuai
Ukuran:pas
Kenyamanan:nyaman dipakai

Barang nya bagus dan pas dipakai",5,0,1757160895
mochamadferrandioalfaqih,"Warna:hitam
Ukuran:XL
Kenyamanan:pesanan yang datang tidak sesuai dan barang yg datang lebih murah dari yg saya pesan, untuk seler nya bagus langsung melayani complain, tapi saya udah malas untuk refund, udah rada kecewa juga, dan ber hubung juga sama sama helm jadi yaudah saya pakai",3,0,1754473661
e*****j,"Warna:grey
Ukuran:pas dan sesuai
Kenyamanan:sangat nyaman di pakai",5,0,1752332596
tasman19,"Warna:sesuai
Ukuran:kegedean
Kenyamanan:kurang nyaman

Saya pesan size M, tapi seperti ukuran L . jadi terlaku besar dan tidak nyaman di pakai. Spoiler nya pun model tempel biasa, jadi mudah lepas.",3,0,1756936633
daffasinaga123,"Ukuran:pas sesuai
Durabilitas:blum tau kuat atau enggaknya semoga awet
Desain:keren

Mantap",4,0,1729499508
wdx07937wl,Oke mksi barang sudah sampai sesuai sama yg di fto  mantap bagus lah,4,0,1741319684
hudi13,"Warna:warna sesuai
Ukuran:kurang pas
Kenyamanan:kurang nyaman

Barang bukan ORI tapi tiruan",5,0,1752121238
ferrymartono,"Warna:ok
Ukuran:pas
Kenyamanan:ok

Alhamdulillah sesuai pesanan",5,0,1756806099
abifa03509,,5,5,1734284950
k*****4,"Warna:Hitam Dof
Ukuran:L
Kualitas:Baguss

Barang Oke dan Bagus",5,1,1736239305
w*****n,"Warna:Mantap
Ukuran:Pas dan sesuai
Kenyamanan:Nyaman banget di pake",5,0,1737982538
j*****a,"Warna:hitam gloss
Ukuran:m
Kualitas:baik

Barang udah terkirim
Pengiriman cepat",5,1,1753535836
alishaputriwibowo,"Warna:sesuai
Ukuran:pas
Kualitas:sesuai harga

Bagussssss",5,0,1734327858
a*****2,,5,0,1740907736
diantrias1313,,5,0,1735387713
m_rizqiii,"Warna:hitam
Ukuran:xl
Kenyamanan:nyaman

pas di pake dan ringan",5,0,1754030848
tzt2rp8loe,"Warna:bagus
Ukuran:pas
Kenyamanan:nyaman

Mantaps boskuuu 👌😁",5,0,1743075934
andri_33,"Warna:bagus, sesuai pilihan
Ukuran:sangat pas di gunakan
Kenyamanan:enak banget",5,0,1751881836
sayuengki,,5,1,1740532371
tony_siregar,"Warna:bagus
Ukuran:aps
Kenyamanan:ringan

Keren",5,0,1742542159
e*****o,"Warna:warna ya bgus
Ukuran:pas
Kenyamanan:nyaman

Barang bagus dan pas... Lumayan untuk harian pakai... Dapat harga ya murah bnget... Dan The best seller ya... Jamin ok dah sesuai harga",5,0,1738769724
putraedo220,,5,1,1739026454
vym6q2udbc,,5,1,1737944563
m*****j,"Warna:merah glossy
Ukuran:pas dan sesuai
Kenyamanan:ringan dan nyaman",5,0,1749635016
b*****8,"pesanan sudah mendarat dgn selamat
sesuai deskripsi
saran, untuk cowok pake ukuran L
sangat puas dgn produk
berkah selalu",5,0,1754292951
mikelsyahputra,"keren🔥 
busa tebal & empuk, sangat nyaman, mantap terbaik 🔥",5,1,1756006773
gaming42,"Warna:sangat bagus
Ukuran:pas
Kenyamanan:sangat nyaman",5,0,1757520046
89zv5wt02i,"Warna:ada yang lecet dikit mungkin paking kurang tebal
Ukuran:pas buanget
Kenyamanan:SNI tertulis",5,0,1759925564
tinorudi334,"Warna:bagus, tp sedikit berminyak untuk yg Doff
Ukuran:pas
Kenyamanan:sesuai harga

Overall gak nyesel order ditoko ini, ya walaupun ada sedikit cacat pada barang. Mungkin tidak terlihat saat pengemasan karna co pas tengah malam kemungkinan. But is ok. Intinya tetap gak nyesel order disini. 👍👍👍",5,0,1759535443
andricitra03,"Ukuran:pas sesuai

Keren",5,0,1739876278
h*****e,"Warna:sesuai pesanan
Ukuran:pas
Kenyamanan:nyaman

mantappp sesuai pesenan barangnya bagus",5,0,1748506521
ariefcupuw01,"Warna:sesuai
Ukuran:pas
Kenyamanan:nyaman banget

Oke sesuai gambar",5,0,1743142445
kloz5_w5bc,Kereeeeen,5,0,1747378032
agungfebri032,"Warna:bagus
Ukuran:pas
Kenyamanan:enakk dipake

tapi adaa yang lecet sama lobang yang ga pas di bagian samping kanan, sama kain dalem helem nya copot separuh masih bisa di benerin sih yauda itu aja kedepannya tolong lah usahain cek barang dulu sebelum dikirim trimakasih!!",3,0,1746075232
julisriadi,"Warna:sesuai pesanan
Ukuran:pas
Kenyamanan:ringan dipakai

Barang sesuai gambar dan pesanan, ringan dan kualitas bahan bagus",5,0,1756122391
mymiraishop,"Warna:sangat bagus sesuai dengan gambar contoh ( Hitam D )
Ukuran:Ukuran pas ( XL )
Kenyamanan:ringan dan nyaman saat dipakai

Alhamdulillah punya helm baru, tadinya mau mudik bingung gaada helm soalnya masih di kirim, ternyata masih sempet dtg duluan helm nya, jadi skrg bisa mudik pake Helm baru, terima kasih 👍🏻",5,0,1743163136
cucurutpasarcibuaya,"Warna:hitam doff
Ukuran:pas di kepala
Kenyamanan:sangat nyaman dan cocok",5,0,1740205206
x*****h,"Warna:Grey glas
Ukuran:M
Kenyamanan:Ringan dan nyaman

Udah nyampe kak,,makasih,,sesuai,,sama ekspektasi🤗",5,0,1757688349
ruslanrafvir,"Warna:bagus
Ukuran:pas
Kenyamanan:nyaman

Aman cepat amanah mantap terimakasih kak",5,0,1747224560
ilunainas,"Warna:Hitam sesuai
Ukuran:L
Kualitas:Bagus, pengiriman cepat",5,0,1735807997
e*****5,Lumayan lah..tebel..lumayan nyaman di aku..pengiriman luama,4,0,1748332085
xlw1ms9g8_,Mantap puas,5,1,1755932927
tubagushilmy742,"Ukuran:pas

sedikit kecewa ada lecet"" jadi tolong lain kali lebih di perhatiin lagi",5,0,1732979377
gatot55,"Warna:biru
Ukuran:M
Kenyamanan:josss bener mening dan nyaman..recomended😁👍",5,0,1754745150
g*****i,"Warna:warna sesuai pesanan
Ukuran:ukuran pass
Kenyamanan:cukup nyaman

Barang sesuai si dengan pesanan tapi ada minus nya dikit dibagian leher nya sobek tapi GPP masih bisa diperbaiki walaupun agak kecewa dikit 😌",3,0,1750233078
mhmmdddan,"Warna:sngat bagus sesuaii the best
Ukuran:ukuran L sangat pas
Kualitas:kualitas okee",5,0,1735273533
firman4450,"Warna:sangat bagus
Ukuran:pass
Kenyamanan:nyaman banget saat d pake

Paketan Nye cepat juga dtang Nye TPI pekingan Nye kurang rapi,,, tapi GPP GK Ade yg pecak atau pun lecet...",5,0,1750330986
jarwosauvignon2,"Warna:lumayan buat harga segitu
Ukuran:pas buat kepala
Kenyamanan:lumayan nyaman

Pengiriman cepat sekali sehari langsung tiba",5,0,1758115449
muhammad15311,"Warna:Bagus
Ukuran:XL
Kenyamanan:Pas untuk pria",5,1,1760429886
eckode,"Packing aman, barang tidak ada lecet/ rusak...
Good job seller",4,0,1745047862
doniandrea643,"Warna:sesuai pesanan
Ukuran:pas sesuai ukuran
Kenyamanan:sangat nyaman saat di gunakan berkendara

Sangat puas",4,0,1746670061
k82z3gu9l6,,5,1,1734807550
kzhepalamsyah,"Warna:Bagus
Ukuran:Pas

Lumayan lah dengan harga segitu mah , tapi tolong pengiriman nya lama banget ini .",4,0,1742720087
idhank72,"Mewah, cakep,, rekomend seller 👍👍👍👍",5,0,1739088239
desmarandika,"Warna:sesuai pesanan
Ukuran:pas dikepala sangat nyaman
Kenyamanan:sangat nyaman dan padat",5,0,1756228180
m.hasan_akbar,"Warna:sangat bagus
Ukuran:pas
Kenyamanan:nayaman Dan ringan

Alhmdulilah barang datang meski dusnya gk karu""an",5,0,1749561387
coybae46,"Warna:bagus
Ukuran:m
Kenyamanan:lumayan ringan

Mantap, pesen malem besok siang udah nyampe di rumah, , semoga sukses selalu laris manis",5,0,1749446245
x*****q,"Barang sesuai, nice",5,1,1735920717
awan.17,"Bagus lh lumayan sesuai harga, pengiriman juga cepat sampai",4,0,1746687169
qsqnz5mq3d,"Warna:sesuai
Ukuran:M longgar
Kenyamanan:kurang

Pesen HKM yang di kirim MLA",2,0,1751876813
c7btttij7e,Alhamdulillah paket datang dan seauai pesanan.. Pokonya rekomend banget,5,0,1761282152
dewoasmarantika01,"Warna:bagus mengkilap
Ukuran:agak kegedean
Kenyamanan:cukup nyaman

Helm ny keren si, cuman agak kegedean karna size M adanya tp oke deh puas lumayan buat gaya""",5,0,1759546769
d*****o,"Warna:Cat rapi dan bagus sesuai pesanan
Ukuran:Pas lega
Kenyamanan:Ringan dan Nyaman

Semoga tidak membuat panas dan semoga awet.
Minusnya Jasa Kirimnya Lama Banget sampai Over Due sampai baramg diterima. Tidak memberikan informasi jika barang sudah sampai rumah.",4,0,1752748428
a*****o,"Warna:sesui dengan diskripsi
Ukuran:kebesaran

Pesan ukuran paling kecil ukuran M, yang datang gak tau ukuran apa gak ada tertulisan ukuran di barangnya, di pakai kebesaran, gak yakin bisa awet lama, ada harga ada rupa.",3,0,1741862703
yudhiismoyo,Secara barang bagus.semua hampir sesuai.aman ga ada lecet dsb. Cuma bagian pengunci helmnya rada sembunyi dan jauh.jd rada extra waktu lepas kunci helm nya nanti. Overall barang ok,5,0,1761657535
e*****6,"Warna:sesuai
Ukuran:pas
Kenyamanan:cukup nyaman

Harga murah kualitas ok.",5,0,1749557936
abensilatang,"Warna:warna hitam dof
Ukuran:xl
Kenyamanan:nyaman untuk sehari"",,,,helm nya keren harga merakyat,,,kurir dan seller ramah

Pengiriman cepat",5,0,1741814155
rotenona,Sesuai dengan pesanan 👍,5,0,1746595696
yunigemini1214,"Warna:bagus bgt warna nya
Ukuran:pas
Kenyamanan:nyaman

Trima kasih pesen 2 sampai dengan selamat,sesuai warna yg di mau juga,,,",5,0,1761555514
rmdhn_alf,"Warna:mantaf
Ukuran:mantaf
Kenyamanan:mantaf

Mantaf",5,1,1749035920
rohmatanarki16,ok sesuai difoto... kualitas lumayan menyesuaikan dengan harga,5,0,1760329007
arif86alfarizi,"Warna:lumayan
Ukuran:pas
Kenyamanan:cukup nyaman

Dengan harga segitu cukup memuaskan.....",5,0,1739450297
814ndo,"Warna:sesuai
Ukuran:pas
Kenyamanan:nyaman dipakai

Barang dtng sesuai pesanan,packing rapi,harga sesuai ,kurir ramah ,trimakasih untuk toko n shoppe 👍",5,0,1744157445
facedown248,"Kualitas:barangnya berkualitas joss pokoknya deh
Tampilan:keren
Cocok Untuk:kepala",5,0,1738064432
realmeok845,"Warna:putih
Ukuran:XL
Kenyamanan:nyaman tapi sayang ada yang sobek di bagian samping",3,0,1742777720
komangsanjaya706,,5,0,1757900762
anggiraaa,"Warna:hitam
Ukuran:EM
Kenyamanan:nyaman dan enteng saat di pakai",5,0,1752411170
l*****8,"Warna:hitam
Ukuran:L
Kenyamanan:nyaman banget

Terimakasih ya kak pesanan sudah sampai dan sudah diterima. Ukuran pas banget",5,0,1746458711
iqbalfirmansyah030,"Warna:putih
Ukuran:L
Kenyamanan:sangat enk di pakai

Cuman ada kelicetan sedikit di bagian belakangnya",4,0,1750416004
ridhuhulujr.,"Warna:black doff manfap
Ukuran:pas

Design oke, material cukup sesuai harga lahh 
saya pakai untuk daily yg jarak tempuh per hari hanya 10km pp.
Utk jarak tempuh jauh seperti touring sebaiknya pakai DOT merek lain.",5,0,1738150685
ikbalsetiawan89,"Warna:sesuai dengan gambar
Ukuran:agak kebesaran dikit dari ukuran M biasanya
Kenyamanan:cukup nyaman

Over all ok sih,, cuman masalah di ukuran doang tpi it's oke lah",5,0,1752298854
rudirimansah,"Warna:abu2 dof
Ukuran:m
Kenyamanan:nyaman

Barang nya oke. Cepat smpai juga.",4,0,1749168752
mthshopp,"Murah dan keren, sip pokoknya",5,0,1758354742
supangkat77,"Warna:dop ok
Ukuran:pas
Kenyamanan:cukup nyaman

Kualitas sesuai harga, sayang sedikit agak kurang rapih pinggirannya , sebaliknya dicek grimbilan dari cetakan pabriknya ya seller, thanks seller",4,0,1741605508
renaldiramadhan666,"Warna:bagus
Ukuran:pass
Kenyamanan:nyaman

Mantap pokoknya",5,0,1752335056
svx37ng8l_,"Warna:bagus
Ukuran:sesuai
Kenyamanan:sangat nyaman",5,0,1756722619
devinaananda611,"Warna:putih
Ukuran:kegedean salah pilih ukuran🫠
Kenyamanan:baguss nyaman suka banget",5,0,1741693468
abiezarnurf,"Warna:grey
Ukuran:xl
Kenyamanan:nyaman

Saya sangat puas dengan paket helm ini. Materialnya terasa kokoh, dengan desain modern yang nyaman dipakai bahkan untuk perjalanan jarak jauh. Visor-nya bening dan tidak mudah tergores, memberikan pandangan yang jernih saat berkendara.

Paket ini juga dilengkapi dengan sarung helm yang melindungi helm dari debu ketika tidak digunakan, serta bonus kacamata pelindung yang sangat membantu saat berkendara di siang hari.",5,0,1737791026
aryareyhann,"Warna:lumayan, ada sedikit cat' an yang mbleber
Ukuran:pas
Kenyamanan:lumayan enak

baang bagus, pengiriman nya sih lambat, estimasi 3h 4 h baru dtng, bautpada ilang, adayabg copot.",5,0,1756384143
dhionviva,"Warna:sesuai
Ukuran:salah ukuran
Kenyamanan:gak nyaman

Respon penjual baik   ...  Packing barang  bagus  ...  Pengiriman barang lambat  ...  Satu hal yg paling parah   ,,,  saya pesan ukuran XL  , ini yg datang gk ada ukurannya  ,,  ini kemungkinan ukuran M   ,,,  terlalu jauh jarak nya  antara XL  &  M  ...  Jadi terlalu sempit dipakainya   ...",3,0,1756285856
ariprawira04,"Ukuran:pas
Kualitas:sangat bagus",5,1,1728736556
6fbudn0v1l,"Warna:item
Ukuran:pas
Kenyamanan:oke

Mendarat dngn selamat.
Pengiriman juga cepat.
Terimakasih",5,0,1762313805
0411aini,"Pesanan sampai dengan aman, trimakasih buat toko nya, semoga slalu amanah..",5,0,1760181339
tmzuf8xxpx,,5,0,1753614763
duda_bahagia83,"Warna:bagus
Ukuran:pas
Kenyamanan:nyaman

Namun karena packing atau proses pengiriman sehingga ada bagian tutup diatas yg lepas, karena ada klip yg patah",4,0,1748921858
aryo_papae_lina,"sangat kecewa begitu datang helm'y pecah, semoga kedepanya untuk penjual dan jasa kirim lebih hati²..",1,17,1762821755
muhasdarharpin,,5,1,1763223808
dinaarianti954,,5,1,1735106726
681ue84fjo,"Warna:bagus dan sesuai gambar
Ukuran:pas dan sesuai
Kenyamanan:nyaman dipakai

Barang bagus dan baik",5,0,1757405395
alisadikin2579,"Ok gan
Bagus
Sesuai harga",5,0,1752904207
a*****7,"Warna:sesuai pesanan
Ukuran:pas,namun tidak ada label size ukuran di helm nya
Kenyamanan:di coba seperti nya nyaman, belum di pakai berkendara jauh.",4,0,1755724091
trianaarie789,"Warna:sesuai dengan contoh gambar
Ukuran:ukuran pas
Kenyamanan:lumayan, sesuai harga",5,0,1754914385
wawankuswanto338,,5,0,1757504558
adikistianto,,5,0,1756720818
j*****g,,5,0,1760944118
indahnovitaaaa9401,"Ini pembelian kedua, agak kecewa masukin keranjang HKM Cosmo, yg dikirim MLA Cosmo, barang tidak rapi beberapa meleyot penyok.",4,0,1754560789
azwinsuherlya,,5,0,1759377816
m*****d,,5,0,1752815415
rezkywid,"Warna:Tidak rata pada bagian bawah
Ukuran:Pas
Kualitas:Builtnya bagus, kurang di perataan warna saja",4,0,1735690993
k*****s,,5,0,1758305595
einjdra,"Warna:sesuai pesanan merah marooon
Ukuran:L
Kenyamanan:belum di coba

Pesanan sudah diterima .. terima kasih",5,0,1736051668
mohamadreska,Helmya bagus cuma sedikit lecet dan warna cetnya ad yg kenak pasir,4,0,1737774576
sanusi_tjp,"Warna:sesuai
Ukuran:pas
Kenyamanan:lumayan

Sayang nya ada lecet karena terlalu lama di pihak jasa kirim/Kuril  sampai 10 hari baru dikirimkan,, sangat kecewa sama jasa kirim nya",4,0,1758368264
andriansahsapala,"Warna:bagus dan sesuai gambar
Ukuran:pas
Kenyamanan:lumayan nyaman saat digunakan

Barangnya ok ok aja, cuman jasa kirimnya aja yang agak kureng.",5,0,1755007841
rizkylicious2,"Warna:sesuai
Ukuran:m
Kenyamanan:nyaman

Pengiriman cepat.
Good looking. Ga kalah sma sebelah.
Sejauh ini ini yg paling murah tapi desainnya oke .yang lebih bagus banyak tapi harganya jauh diatasnya. Recomended untuk kaum mendang mending",5,0,1737467665
l*****a,"Warna:baik
Ukuran:pas
Kenyamanan:baik

Good condition",5,0,1752295386
h*****5,"Warna:bagus
Ukuran:pas
Kenyamanan:susuai yg dtng terimakasih..",5,0,1748495415
t*****a,,5,0,1757332502
moh_akbar_maulana_mamonto,,5,0,1756169021
akujelek87,"Warna:bagus
Ukuran:kebesaran dikit
Kualitas:lumayan dengan harga segitu

Rilpic barangnya tapi playanan penjual kurang respon n pengiriman lama",4,0,1735816970
yo2gj79a_k,,5,0,1760848368
2dowf0sh1b,Paling best seller,5,0,1742562662
z*****3,Bagus saya suka tapi ngepas bgt dipake,5,0,1749596228
hichael,"Warna:hitam glos, bagus
Ukuran:pas
Kenyamanan:ringan nyaman, sesuai dengan harga",5,0,1746538724
muhammadraesah,"Warna:sangat bagus sesuai dengan pesanan
Ukuran:pas
Kenyamanan:sangat nyaman saat di pakai

Ini ada gores pas di cek ini gara² apa 
Tapi nyam bagus sesuai pesanan.
Saya kasi bintang 5.",5,0,1754554102
febrinh14,"Warna:sesuai
Ukuran:pas
Kenyamanan:ringan, busa pas",5,0,1741503135
obieenexiss,"Warna:hitam dov
Ukuran:pesan uk M yg dateng mlah seperti bukan uk M, soalnya sblm nya make merk GM dan NHK uk M nge pas di kepala, trus nyoba hkm uk M mlah kegedean, jdi aneh pas di pake
Kenyamanan:aneh pas di pakai

Barang dtang udh chat seller nya ga di respon, pdhal cuma komplain mslah ukuran, payahh",1,3,1745108451
phitapusphitaistriadi,,5,0,1750725104
ichal0233,"Warna:hitam
Ukuran:pas
Kenyamanan:nyaman saat di pakai",5,1,1763223817
irpusboy,"Warna:bagus
Ukuran:pas
Kenyamanan:nyaman di pakai",5,0,1737983254
remavariuz,"yg di beli cosmo yg dtang malah mjm batman 🗿
sengaja nih tokonya
awas kawan2",1,3,1758003843
p3lj0eip52,"Warna:sesuai pesanan
Ukuran:pad
Kenyamanan:ok nyaman

Jujur kecewa sih,,kan udh d chat seller nya soal pengiriman nya aman enggak nya,,kita kn g tau d jalan/expedisi kayak gmna,,nah kan biar aman dprjlnan barang harus d bungkus yg tebel,,ini cmn selembar plastik pelindungnya,kardusnya pun sampe penyok"", kan ujung""nya helm nya retak bagian belakang. 1 lagi,yg harusnya Dateng kemarin tp gajadi karna kurir salah bawa paket,akhirnya baru hari ini tiba.",2,0,1746778929
ijuljuliadi935,"Warna:black doff
Ukuran:m
Kenyamanan:sangat nyaman",5,0,1750747115
kaitodulex600,"Warna:pas
Ukuran:mantap
Kenyamanan:lumayan

Bakar"" dulu guys gpp tahun baru udah lewat yg penting kyyyahhh",5,0,1736003288
llucaswong_,"Warna:baguss
Ukuran:passs
Kenyamanan:nyamannn

mantep lah bosquuu",5,0,1742647686
7q5et1flm0,Ok pesnn sy udh sy terima mksih tokonya amnh kemasan bgus ga ada yng lecet sedikitpun sesuai keinginn siip lh,5,0,1753087364
junirianto000,"Warna:oke
Ukuran:pas cocok
Kenyamanan:semoga awet,nyaman dipake spon bisa dilepas",5,0,1754921825
vanilla24,"Warna:sesuai
Ukuran:pass
Kenyamanan:nyaman",5,0,1746230322
desililiyanti,"Helm nya bagus, pengiriman pun cepat kurir ramah",5,0,1732874961
k*****3,"Ukuran:pas
Kualitas:baguss",5,1,1733938996
alfindesta978,"helm nya bagus,tapi bagian pengencang helm nya kaya nya ke balik",4,0,1755182752
m*****_,"Warna:sesuai
Ukuran:sesuai dan pas
Kenyamanan:cukup nyaman

Barang mantap dan bagus tapi barangnya lama sampe, masa 9 hari.
Tapi gapapa la ttp puas kok dengan barangnya🙏",5,0,1750682423
rakafirky,"barang bagus cuma ada lecet sedikit di bagian belakang, lain kali lebih teliti buat pembungkusan nya",5,0,1750597001
jabbarizaky01,Perfect of Product..,5,0,1754130072
musyahil,"Warna:mera marun gays
Ukuran:pas
Kenyamanan:kerren bgt pokok nya deh",5,0,1741314305
hendrysusanto155,,5,0,1750759235
shaadevano,,5,0,1750292893
htex5y93m7,,5,0,1759986191
sugeng_568,,5,0,1759928740
l*****i,,5,0,1751882491
riopermana799,"Warna:sesuai
Ukuran:pas di kepala
Kenyamanan:sangat nyaman",5,0,1741585270
ngajagorawit,"Warna:sangat bagus
Ukuran:ukutan paa
Kenyamanan:nyaman

Secara keseluruhan bagus  cuman maaf paku ripet na tolong agak diperhatikan ...soalnya kurang rapet paku nya",5,0,1738537316
yndraraf,"Warna:Aqua sesuai
Ukuran:m pas dipakai
Kualitas:mantul

Gak mengecewakan karena awal nya coba coba dan helm berkualitas banget 
Detail nya rapih 
Pengiriman oke
Gak ada lecet atau pecah 
Alhamdulillah 
Lancar jaya slalu ✊",5,0,1735639947
t*****h,"Warna:sangat bagus dan sesuai
Ukuran:pas dan nyaman di kepala
Kenyamanan:ringan dan nyaman saat di pakai",5,0,1751020328
hardiansyah210188,"Warna:memiliki pitmen yg bagus
Ukuran:ukuran produk pas dan sesuai
Kenyamanan:ringan dan nyaman

Alhamdulilah sesuai pesanan dan pas",5,0,1758180263
meyshinmusin,"Warna:sangat bagus sesuai dgn pesanan sy..
Ukuran:ukuran pas
Kenyamanan:ringan dn enak sekali d pakai

Sesuai dgn pesanan sy sangat suka dgn toko ini amanah.. Barang bagus dn tidak mengecewakn..",5,0,1741829120
f*****3,"Warna:bagus
Ukuran:pas pasan bgt
Kenyamanan:nyaman tpi engap karena pas”an bgt

Bagus cuma harus di Clear dikit ini kalo gak gampang lecet doff nya",5,0,1757427721
ramahdhani040,"Warna:sesuai warna
Ukuran:pesan ukuran M tapi yg datang ga tau ukuran apa ga ada ukuran nya waktu di pakai longgar parah  ni mungkin ukuran xl yg datang
Kenyamanan:lumayan , walaupun yg datang kebesaran yahh jadi ga kepake deh",4,0,1747994393
fyktor_91,"Warna:sesuai permintaan
Ukuran:sangat pas
Kenyamanan:busa tebal, terasa nyaman saat di pakai

Alhamdulillah... Sampai dengan selamat... Meski proteksi nya kurang... Tapi aman...",5,0,1760159145
oulqft0_b4,"Ukuran:ngepas bg busa nya tebel
Warna:sangat elegan
Durabilitas:sangat memuaskan, dan harga terjangkau

rekomen bgt buat pelajar yg ga punya dana tapi gaya selangit 
sudah support intercom jugk",5,0,1733528888
w*****n,"Warna:oke
Ukuran:pas
Kenyamanan:oke

Bagus",5,0,1743179695
ranggapratama229,"Warna:sangat bagus sesuai gambar
Ukuran:pas dan sesuai
Kenyamanan:sangat nyaman ketika di pake

Tolong saya belakang nya, langsung di pasang pakek baut aja kak, biar enak, kalo pake lem jadi nya jelek",5,0,1738558058
alalaku267,"Warna:mantul
Ukuran:pas
Kenyamanan:blm dicoba

Pokoknya bagus banget",5,0,1754887207
crisyoz,"Warna:Hitam Doff
Ukuran:L
Kenyamanan:Sesuai dengan harga

Untuk barang beda jauh dengan yang di testi video ,namun sesuai dengan harga. Dari segi Bentuk bagus.",3,0,1743228264
andriuwente0811,"Warna:Memiliki pigmen yang bagus
Ukuran:Ukuran produk pas dan sesuai
Kenyamanan:Ringan dan nyaman saat di pakai

Jngn ragu belnja di toko ini, brngnya sesuai dan bagus",5,0,1737123751
t*****h,"Warna:silver sesuai
Ukuran:pas aja
Kenyamanan:lumayan nyaman

Buat harga segini udah oke, tp SNI nya saya ahak ragu, tipis & ringkih bgt. Buat helm back up masih oke lah",4,0,1752470139
andialfriandi,Mantap dibawak nongki ☕,5,0,1738829840
suar4,,5,0,1756001031
d*****o,"Warna:sangat bagus
Ukuran:pas
Kenyamanan:nyaman dipakai

Mantap banget👍",5,0,1752463628
amirarezekisyandana,,5,0,1752304548
j*****4,,5,0,1757060249
angkringanpaklik,"Warna:ok
Ukuran:pas
Kualitas:ok

Sedikit lecetttt",4,2,1736434726
dedenjunaidi2024,"Warna:hitam dof
Ukuran:M
Kenyamanan:sangat nyaman di pakai

Terima kasih bos barang sudah sampai keadaan baik mulus tidak ada kerusakan, sesuai dengan poto.",5,0,1761449003
a*****2,"Warna:black doff
Ukuran:M
Kenyamanan:cukup nyaman

Tampilan gak kalah dg brand yg lain, helm lumayan ringan, busa empuk, rekomended buat kalian yang mau cari. Helm murah tapi tetap tampil beda dan mewah 🥰",5,0,1737893368
gerponponto,Murah tapi tidak murahan.,5,0,1740625014
anggarahditya,"Warna:sesuai
Ukuran:busa medium tapi longgar banget dipipi, saran adain busa sz s dijual terpisah gapapa saya beli, selebihnya aman cakep",4,0,1745930034
naufalk07,Sambungan karet nya jelek banget quality control nya kacau barang gitu masih aja di jual,1,4,1751152120
alirizal613,Keren sih sumpah buruan bli,5,0,1734851006
faisalbusku,,5,0,1752387712
nanangb.p,"Warna:mulus dan bagus
Ukuran:sesuai
Kenyamanan:ringan",5,0,1748012372
arsadmaulana805,"Warna:sesuai
Ukuran:pass
Kenyamanan:nyaman

Tapi ada tetesan lem setan di foto ke 2 nya itu min",3,1,1755718938
sopianeka345,,5,0,1751974879
andiprasetiabls,"Warna:mantap
Ukuran:pas
Kenyamanan:ok mantap barang mendarat dengan mulus",5,0,1759744923
h*****4,"Paket sampai dengan aman walaupun kardus ny robek"" 👍",5,0,1761554818
thisrappz_,"bintang 4 aja, soalnya spoilernya ga merekat sempurna, padahal udh bener masangnya tpi double tipnya kering pas mau dipasang",4,0,1747203153
khen_4ri,"Warna:sippp
Ukuran:pas
Kenyamanan:muantapz",5,0,1741503581
hjgvt_ffxp,"Warna:sesuai dengan gambar
Ukuran:pas
Kenyamanan:enteng",5,0,1759992100
aguzmaroont516,"Warna:putih
Ukuran:L
Kenyamanan:pas di pake

Sesuai dengan foto",5,0,1746529639
mahardikasetiawan343,"Warna:sesuai
Ukuran:pass
Kenyamanan:nyaman

Bagus bgt...",5,0,1752910951
roziqinrobby,Bagus barang real pick dan sampai dgn aman,5,0,1758879539
deniamrlh,"Warna:glosy
Ukuran:pas
Kenyamanan:sangat nyaman",5,0,1753868826
bospik15bospik15,"Warna:bagus
Ukuran:pas
Kenyamanan:sangat nyaman mantap dah 👍👍",5,0,1760448097
hafidzindirwan,"Warna:selama aku
Ukuran:masih bisa
Kenyamanan:bernafas

masih sanggup berjalan ku kan selalu memuja mu meskipun ta ada point koin shopee minta kocak",5,0,1757932899
pratiwayogi029,Pokok nya mantab,5,0,1743242172
putra_1622,"Warna:keren
Ukuran:lumayan
Kenyamanan:okelah

Kualitas oke mantap",5,0,1759824534
shp4_sozbx,"Warna:hitam doff
Ukuran:L
Kenyamanan:nyaman di pakai bekendara jauh maupun dekat",5,0,1757077059
arzabizar17,"Warna:abu abu
Ukuran:pas
Kenyamanan:nyaman

Sesuai pesanan",5,0,1752382874
vt_q06if6x,"Warna:sesuai dengan di poto
Ukuran:pas dan sesuai
Kenyamanan:sangat nyaman dan enteng utuk busa bagian kanan dan kiri sangat empuk cocok lah utk yg suka bepergian jauh",5,0,1747316394
maikalagusriandi,,5,0,1753666141
laurensius31,,5,0,1759241780
m*****3,"Warna:bagus
Ukuran:sedang
Kenyamanan:pas

Perasaan gue milih yg GLOS, kok yg dateng kaya jenis yg DOF yahhh... 
Apa emang gue yg salah liat...",3,0,1753428240
heracahya577,"Helem nya baguss.
Cuma ada lecet dikitt tapi gpp gk terlalu keliatan.
Tengkyuuuu",5,0,1748099964
c*****5,,5,0,1754565606
rafkha14_reyvan,"Warna:hitam. glosy
Ukuran:pas dikepala sangat nyaman
Kenyamanan:sangaat nyaman

Helmnya bagus,, cocok di kepala dan pengiriman cepat tanpa cacat. Maaf gak ada fotonya karena buru2 buat kado 👍",5,0,1740008396
nanamukti18,"Warna:hitam dop
Ukuran:Pas
Kenyamanan:Kurang di bagian busa

Review jujur, untuk desain bagus cakep. Untuk kemanan saya rasa kurang karena busa bagian dalamnya kurang tebal dan mudah geser jadi gak ngefit di kepala. Overall untuk harga 100'n lumayan lah daripada kena tilang 250k wkwk",4,0,1738747442
s*****o,"Warna:sangat bagus
Ukuran:pas dikepala
Kenyamanan:sejuk nyaman",5,0,1752667480
sqo2da6l5l,Warna:bagus,5,0,1761779291
subersuber197,"Warna:hitam doff
Ukuran:m
Kenyamanan:bagus dan keren, nyaman di pakai.

Boxnya remuk tapi Syukur helmnya aman, bagus tanpa cela.",4,0,1760589841
a*****q,"Warna:Grey glosy Sesuai diskripsi dan pesanan
Ukuran:Pas

Tulisan MLA Helmet g center/ miring , Next time kl da orderan lagi sebelum di kirim di cek lagi ya, Selebihnya OK",4,0,1755256602
c*****6,"Banyak baret seperti barang bekas pakai.
Apa gak di cek sebelum dikirim? Masak barang baret-baret dikirim ke konsumen.",1,0,1757999913
dickymarjon,"Warna:mulusssss
Ukuran:pass
Kualitas:bagus..",5,1,1737944537
lukijipong,"Helmnya Bagus,Respon Penjual Jg Bagus Sayang di pengiriman Lama Banget Hampir Sminggu
Sampe Males Nunggunya",5,0,1737724639
mansur_kwk,"Warna:grey glossy
Ukuran:m
Kenyamanan:ya nyaman sesuai harga sihh

Pekinganya ga terlalu bagus tapi lumayan aman karna di anter mobil, barangnya ga mulus ada yg lecet, bagus di design aja untuk kualitas yah sesuai harga, SNI? Tidak sihhh karna bahan lembek, oke sekian terimakasih",2,0,1748508864
arjunamaxx436,"Warna:Gak sesuai pesen nya grey glosy, malah dateng warna item
Ukuran:pas L
Kualitas:Cocok lah",2,0,1735987622
arifnaruna,"Sesuai...barang bagus..
Bkal beli lagi sih ini..",5,0,1740227110
bhysiidoubleoche,"Helmnya bagus , cuma pas sampe di bagian atas kirinya terlepas tp sdh sy lem .",4,0,1736651035
pastiada123,"Sesuai pesanan sih , barang oke segini mah  gak ada yg cacat atau lecet , cuma pnising mah kurg rapih dikit",4,0,1747996542
m.jamaludin12,"Warna:hitam bening
Ukuran:m
Kenyamanan:sangat nyaman di pakay

Makasih semuanya saya puas banget",5,0,1736747109
a*****_,"Warna:bagus
Ukuran:sesuai
Kenyamanan:nyaman

Sangat memuaskan",5,0,1745139870
j0djc7fr5p,Bagus sesuai pesanan,5,0,1734677512
ig1frt4wza,"Warna:grey glos
Ukuran:xl",5,0,1740391031
ampangpelor916,Brangx mantap bosq memuaskan,5,0,1740192465
sardotchannels,Kelas barang sesuai pesanan,5,0,1735974191
phrasetiyo,"Alhamdulillah pesanan telah sampai sangat sesuai dengan harga yang pas, semoga awet.. Amiin🤲",5,0,1752108613
bahtiarkasbulah863,Barang nya cepet sampe helm gk ada yg lecet sama sekali,5,0,1740219111
dhimz_97,,5,0,1743223155
emonsyarief,,5,0,1749341158
sear85,,5,0,1744090948
dedy601,,5,0,1740305198
alddiiy,,5,0,1742726691
rendi_raff25,,5,0,1738308610
irmacayank1506,,5,0,1742534482
victoridham,,5,0,1742395280
rayardika206,,5,0,1741078817
miftahululum659,,5,0,1740296210
ahmad_risyaf_indrawan023,,5,0,1744862316
hend.ramadhan,,5,0,1739430972
revanbagas972,,5,0,1736658044
rickyartana,,5,0,1734253367
ekiramlan05,"Warna:Grey
Ukuran:M
Kenyamanan:keren",5,0,1737122651
explenbawah,Ok sesuai sama pesanan,5,0,1741854910
abdulrajakmootalu,sangat bagus helmnya sesuai dengan yang di foto,5,0,1757837252
qriz4,,5,0,1754733061
melani.safitri,,5,0,1741061925
,"Warna:sesuai
Ukuran:pas
Kenyamanan:nyaman

Sip mantap pas di ukuran kepala",5,0,1759908522
heriheri278,"Warna:kita mintanya glosy,, mlh yg d kirim dof
Ukuran:pas baguss

Nyaman d pakaiii enakk , nggak mengecewakan",3,0,1761702484
asnur020,"Warna:Warna Sesuai
Ukuran:ukuran pass
Kenyamanan:Kurang empuk dikepala

Paket datang packing keadaan rusak, ekspedisi kurang aware dalam penanganan barang rawan pecah, padahal sudah ada stiker fragile nya. 

Barang yang diterima juga keadaan kurang baik, gabus helem terlepas, hanya di lakban bening, tidak ada lem perekat. Seperti stock barang rusak yang sengaja dikirim.",3,0,1757955955
uul_s3,,5,0,1737424767
ekkaferdistya,"Ukuran:pas untuk laki2 ukuran L

Barang mulus",5,0,1748148731
dblenk_,,5,0,1757065382
dinanti_ariefianti,"Warna:sesuai
Ukuran:busa kurang kenceng
Kenyamanan:di bikin nyaman

Yang bikin kecewa bukan di pihak penjual atau kurir tapi justru dari pihak pabrik sangat bikin ini   ko behel hitam pakainya dobel tipe bukan langsung nempel apa klambi atau selain bukan dobel tipe gini kacau sih menurut saya
Pihak pabriknya produksi barang tapi ga tau disend nya",2,0,1759375842
t*****7,"Warna:keren
Ukuran:pas
Kualitas:kokoh",5,0,1734333667
ryza031,"packing tipis & ancur 😅 untung isix selamat walau ada lecet² dikit tapi ga begitu nampak. pengiriman pakai si cepat lamaaaaa bgt. 
sisax oK hlemx bagus .",4,0,1739833450
f*****8,"Warna:Sesuai Gambar
Ukuran:Pas
Kenyamanan:Lumayan",5,0,1756536510
jhonssc840,"Warna:bangus sesuai dgn gambar
Ukuran:pas
Kenyamanan:nyaman saat di pakai",5,0,1743203210
andreprohacker,"Warna:Hitam doff
Ukuran:Pas
Kenyamanan:Nyaman",5,0,1741968151
q*****2,,5,0,1759944984
0jemhysms1,"Warna:pesanan sesuai dengan apa yang saya mau
Ukuran:pas buat sehari 2 jadi lebih keren
Kenyamanan:oke

Barang pesanan mendarat lebih cepat dari jaktual perkiraan.buat Abang kurir makasih jos lah pokonya mantap 👍👍😉",5,0,1746958620
syy54wjd19,"Warna:bagus
Ukuran:pas di kepala
Kenyamanan:nyaman",5,0,1757478897
ardimahendra,"Warna:sesuai peaanan
Ukuran:pas
Kenyamanan:sangat nyaman dipakai",5,0,1737473631
gunpalevi10,"Warna:hitam
Ukuran:pas di kepala
Kenyamanan:nyaman

barang sudah sampai hlem kekinian mantul",5,0,1754503832
kanhia93,,5,0,1736574719
r*****2,"Ukuran:pas
Warna:abu glossy

Mantapnyooooo",5,0,1733041111
achmadhafit188,,5,0,1743930945
nesynesy842,,5,0,1738560576
zakasantuy,,5,0,1747999677
hermanadja58,,5,0,1740288303
xj3oskmzsx,,5,0,1737381748
apudmahpudin19031994,,5,0,1737436210
p*****o,"Warna:Doff gagah
Ukuran:Belum coba..
Kenyamanan:kekny Bole la.

Nampak depan ny Gagah jon..
Saran saja.  Busa nya di ks lbh padet sikit. uda la. gk ad lawan di hrg segitu..
Pack nya bole jg. lebih manusiawi la drpd beli helm bogo murahan itu..",5,0,1741189477
rendisetiawan_13,"Ukuran:ukuran dan warna sesuai dg yg di pesan
Kualitas:sangat wort it dg harga
Kegunaan:mantap

Pesanan mendarat dg selamat tanpa cacat
Pengiriman cepat
Puas lah pkokna",5,0,1728203400
badrussholeh298,Barang kurang diteliti banyak retakan dan benjolan yg sangat menggangu dan tidak enak dilihat,3,0,1736159305
boncelzz,"Pass,.. Sesuai pesanan 😎",5,0,1736676455
v24czlca9s,"Warna:sesuai real pic
Ukuran:m sangat passd
Kenyamanan:sangat nyaman

Jangan ragu sama toko ini guys sangat real pic sangat puas, foto tidak sempat foto langsung di pakak",5,0,1736741300
agussopian591,"Warna tidak sesuai dengan pesanan saya , saya  minta warna Aqua di kirim warna kuning",1,0,1750580852
muhammadseptiandani,"Warna:warna bagus
Ukuran:terlalu ngepas
Kenyamanan:nyaman

Helmnya sesuai lah sama Harga nya, cuman ada beberapa yang kurang rapi seperti di foto dan di helm striping belakang cuman dikasih double tape",4,0,1760942440
emonkkenji,Mantaappp,5,0,1739796973
w*****k,"Warna:mint
Ukuran:Pas
Kenyamanan:OK

Alhamdulillaah... helm bagus .lgsg Beli 2pcs ,
Cm pengiriman lama Dan mas kurir yg Bener'' dech .bikin kcewaa berat .
Biar ⭐yg berbicara buat mas kurir .

Mksh shopee mksh seller",5,0,1736754944
alifahrezi854,"Warna:warnanya hitam doft mantep
Ukuran:terlalu ngepress
Kenyamanan:kurang nyaman terlalu press pdhl udh ambil yg xl

Helm nya model nya bagus warnanya cuman lock sistem kaca helm nya rentan lepas",5,0,1737367362
kholilbinwalid,Mantappp,5,0,1746602906
5*****k,"Warna:sesuai pesanan..mantao
Ukuran:pas

Kecewa barang ada yang rusak/ patah  main kirim aja",2,0,1752837929
dennyapriansyah580,,5,0,1756979690
anita_gatra35,Bagus sesuai pesanan,5,0,1736412251
ytdtmcretv,,5,0,1747980360
juunhwaiting,,5,0,1740560412
irfanfauzi86,,5,0,1748065574
zulkiflizul210,,5,0,1747283270
5moq_8euhq,,5,0,1746787491
i5zjz8w1qh,,5,0,1746612124
g010k9wfsv,,5,0,1745651546
almuhamad898,,5,0,1742400796
masriza877,,5,0,1741336848
mustikamustika339,,5,0,1736254198
kuncoro_budi_p,,5,0,1736658854
miftahululum55,,5,0,1735819028
riisofyan,,5,0,1734827867
yusufafrial,,5,0,1747455091
nazrielraihan396,,5,0,1743057535
9fpjy7dk0x,,5,0,1736665270
31hihqswfx,,5,0,1736132857
mbunesya,,5,0,1748442167
anti_adi20,,5,0,1737170144
wawansetiawanads,,5,0,1732090313
elsanurfebria570,,5,0,1747973832
y1d_a9bwop,,5,0,1738406279
lukman_yah,,5,0,1736148545
erikmuhtarom064,,5,0,1740136755
hadiasmajakhadeeja,,5,0,1737355893
adiekodil,Mantap sesuai pesanan...,5,0,1735398087
kisamekun990,Barang kurang rapi cat nya ada yg terkelupas lem kurang kuat mengunci,1,2,1745108457
s*****2,,5,0,1732805324
f*****g,,5,0,1740585923
d*****a,,5,0,1735560242
sri.endang.marzuki,"Warna:sesuai
Ukuran:ukuran pas
Kenyamanan:lumayan nyaman

sesuai harga lah mantap bagus modelnya",4,0,1752344137
uripampastahu,"Warna:cntik
Ukuran:pas
Kenyamanan:pas

Mntp lah warna cantik",5,0,1736145862
b*****r,"Warna:hitam dof
Ukuran:sedikit longgar
Kenyamanan:lumayan nyaman

Mantap barang sesuai",5,0,1753507424
g*****4,"Warna:sangat bagus dan sesuai di gambar
Ukuran:ukuran produk yang pas sesuai
Kenyamanan:sangat nyaman di kenalkan

Maksih ka Pesanan udah aku Terima dengan baik dan sesuai🙏🏼",5,0,1736955130
mrobiansyah146,"Ga Detail baca discreption warna nya, kalau di gambar seperti warna Aqua tapi pas datang ternyata Toska... Dan difoto pakai kamera pun seperti warna aqua",3,0,1738755249
z4h1r4z1d4n3,"Warna:cakep item
Ukuran:utk ank bujang pas L
Kenyamanan:nyaman dipakai

Order tgl 7,smp tgl 15,lama bgttt, kt kurir, numpuk digudang🤦‍♀️untung barang sesuai dg yg dipesan, helmnya bagus, moga awet🤲terimakasih seller🙏",4,0,1752563690
syahibiputrabungsu,"Warna:bagus
Ukuran:pas
Kenyamanan:nyaman dipakai",5,0,1738290872
bagusfebriansyah.,"Lnsng beli 2, kualitas sesuai harga ya overall oke🤙",2,2,1750900468
103kjs,"Bagus sesuai display cuma bagian lock nya trlalu pendek kedalem jadi agak susah pas mau dipake/dilepas. Busanya tebal jadi gak berisik pas dipake berkendara.

REVIEW UNTUK JASA KIRIM : SANGAT LAMBAN GAK SESUAI NAMA PERUSAHAAN NYA, MENDING GANTI NAMA. GAK SENGAJA KEPILIH SI CEPAT DAN PAS MAU DI GANTI EKSPEDISI TERNYATA UDAH CETAK RESI. TIAP PAKE SI LAMBAT SELALU BERMASALAH. BUAT SELLER BISA DI NON AKTIFKAN AJA KALO BISA, DAN BUAT BUYER PIKIR DUA KALI KALO MAU PAKE SI CEPAT. 

BINTANG 0 UNTUK SI CEPAT",4,0,1750167013
t*****i,"Warna:Baguss Black dop
Ukuran:Pas
Kenyamanan:sangat super nyaman

Udah tak unboxing sudah di video tapi ngga bisa di upload , ngga nyesel pokok e beli di sini",5,0,1736394091
chris10988,"Warna:sesuai👍👍👍
Ukuran:passs
Kenyamanan:rigan nyaman di pakai",5,0,1746771399
andhyjo,"Warna:hitam glossy
Ukuran:pass
Kenyamanan:nyaman",5,0,1741504699
alifahwarohmah,,5,0,1749358872
2l0wahr73p,Bgus sesuai gambar,5,0,1738037524
luckman_04,"Warna:sesuai pesanan
Ukuran:pas di gunakn
Kenyamanan:baik

Cuma pengiriman telat",5,0,1757430848
r*****4,lumayan meskipun detailnya kurang rapi,5,0,1756881225
faaryujii,"Warna:Sesuai
Ukuran:Oke

Kaca lepas..nggk tau dari kurir atau emng kaca nya gampang lepas",3,0,1742417002
u6ksmde3o8,"Warna:merah
Kenyamanan:Nyaman",5,0,1760683469
dov_kj6mja,,5,0,1745150945
cahyaakbar406,Bagus,5,0,1735795126
rikigepeng0,,5,0,1742381987
d*****6,"Ok,, sudah diterima,, sesuai pseanan, terima kasih buat semuavnya, sukses buat semuanya,,",5,0,1739611968
dikyblack,"Warna:warna oke
Ukuran:ukuran oke jg
Kenyamanan:pas

Cuman agak syng di kerapihan atau finising ny aja yg agk kurng cmn ya sbnding dngn hrga jg tpi klo bisa lbih baik lg",4,0,1760328474
nouva1297,"Warna:Hitam Glossy Oke
Ukuran:M

Overall ok, cuma racket kanan ngk kenceng
Udh coba di kencengin ga bisa.. kalo ga lanas ya patah (mungkin) jadi kaca agak kendor
Sama ada sedikit lecet",4,1,1759764309
jawiah9999,Bagus sesuai dengan pesanan,5,0,1746616269
darmansahlong,,5,0,1758086543
bahrisamsulsmsl,"Warna:sangat bagus
Ukuran:pas
Kenyamanan:nyaman

Real pick",5,0,1757404081
ronisabachtani,,5,0,1736663417
shanynoerr,"Warna:wagus
Ukuran:pas
Kenyamanan:belum dicoba",5,0,1747474172
pujotripamungkas,,5,0,1749173472
niski,,5,0,1745715717
qhodhar22,,5,0,1743175493
dikito.art,,5,0,1740222125
ateeeeeeeeeee,,5,0,1756976297
nazar_999,,5,0,1748151839
jajulireank910,,5,0,1734529656
maulanaa997,,5,0,1736587711
ybk60bws8j,,5,0,1735542096
roddybengkolen,,5,0,1739781573
thx2o0bwya,"Warna:baguss bangettt
Kenyamanan:ringan dan nyaman untuk di pakai berkendara tampil begitu baguss

Puass bangett!! Dan cepat lagi pengerimannya",5,0,1753093685
t0lz5g035t,"Warna:sesuai
Ukuran:terlalu kecil

yang dikirim tidak sesuai dengan yg di foto, saya pilih yg J5 biasa bukan yang runcing atau yg terbaru",3,0,1752583655
ztqph9mhr5,"Warna:hitam dod
Ukuran:L
Kenyamanan:sesuay di Poto cocok di pake",5,0,1747582100
n5ffm7pij2,"Warna:warna seperti di cet ulang
Ukuran:ukuran kepala pas kalok di lht dri luar kebesaran helem sama kepala",3,1,1760501316
dimastripurtanto,Kenyamanan:bagus pokonya,5,0,1737595649
ghofurrrrr,"Warna:pengecatan buruk, bleber kemana mana, debu nempel ikut dicat juga, jadi kasar kek komedo
Ukuran:ukuran M tapi masih longgar kayak bukan ukuran M

yg dikirim barang BS barang rijek, spoilernya juga patah, barang kw, rijek pula, nyesel gua,",1,0,1747916996
indahwiwit60,Helm nya bagus tapi agak sedikit lecet pas dateng terus itu cara masang gimna yah kok gk lengket,4,0,1747550457
2i0_zcg3ld,Warna:sesuai pesanan,5,0,1739481238
n.njie_21,Ini sih mantap ini,5,0,1737962713
8e7m4rtyqj,"Warna:sesuai pesanan yang telah ditentukan
Ukuran:ukuran sesuai dengan keinginan
Kenyamanan:ringan dan mudah digunakan

Barang datang dengan baik",4,0,1754636966
a*****4,,5,0,1737347216
b*****3,,5,0,1737542626
angatobejo048,"Warna:dof hitam
Ukuran:L
Kenyamanan:ok",5,0,1749126868
bodongarsen,"Warna:sesuai
Ukuran:ngak jelas
Kenyamanan:kebesaran

Bagus lah sesuai harga",5,0,1746687592
r*****1,"Warna:hideng
Ukuran:xL
Kenyamanan:ntuk menjaga kepala anda saat mengendarai motor supaya aman dari benturan

Ok mendarat dengan slamat kurir dh langganan cuman 1 dua nya pada rusak ntung barang atw helm nya amang Ndak ad yg pecah retak atw rusak sehat selalu wat semua nya",5,0,1746444764
muhammadfaizin424,"Warna:grey dof
Ukuran:L
Kenyamanan:belum di coba

Bagus bet jirr",5,0,1754109382
872aa1th53,"Warna:putih
Ukuran:belum tau,semoga pas
Kenyamanan:belum divoba

Barang datang sszuai pesanan..modelnya apik",5,0,1759488925
iwanjoisgea,,5,0,1735381849
i28l15fobt,,5,0,1741060145
lucky.aprianto,,5,0,1740227534
dariceazalia,,5,0,1735352010
pujiasti20,,5,0,1746793945
pipikhidayat,,5,0,1742968086
aldi_priyanto.12,,5,0,1741601368
starlacans086,,5,0,1736755635
0nyex_chandra,,5,0,1736233333
kakkadiyanto,,5,0,1736151399
adityamahawan,,5,0,1748086754
suryadipang,"Packing barang harap lebih aman, dus penyok.",4,0,1745931786
ogghiew,,5,0,1742974767
irvanie_18,,5,0,1741498144
adynguru98,,5,0,1741049842
budiagung04,,5,0,1738320892
adzriel0220,,5,0,1747320181
agimdatau,,5,0,1744433388
ilyas.xl,,5,0,1743939728
faid067,,5,0,1743230070
uniquestuffby_na,,5,0,1742041495
wahyuyudistira194,,5,0,1734406295
iwayanriandarnatha,,5,0,1731654424
rska_putra,,5,0,1747890391
husensulaeman652,,5,0,1747284323
safei.7979,,5,0,1742455516
ginungfirmanhidayat228,,5,0,1736573938
agusprasetiyoutomo202,,5,0,1736156870
sutrisnokenzi,,5,0,1736240032
riizkimustofa,,5,0,1736076940
eujoek23ib,,5,0,1734951281
csr_insyaalloh_racing,"Warna:sesuain pesanan
Ukuran:pas
Kualitas:bagus.",5,0,1735037912
d*****s,Good,5,0,1737894009
ibrasatya,"Warna:sesuai
Ukuran:pas

Ma'af ya ada yg patah di bagian samping kanan. Bawah .. sangat mengecewakan",1,0,1757340645
t*****_,,5,0,1744167564
o*****9,,5,0,1739943819
t*****9,,5,0,1740035588
musang_jantan83,,5,0,1741850387
aldirizky425,"bagus, nyaman, semuanya oke tapi untuk pengiriman terlalu lama di proses pengantaran pihak jasa kirim.",5,0,1744897725
teguh_rio,"Warna:putih
Ukuran:m
Kenyamanan:mantap",5,0,1748149416
r*****8,"Warna:tidak sesuai minta warna hitam glossy di kirim abu abu .ga jelas ini toko hati hati bagi yg mau beli di toko ini

Kecewa banget ga sesuai yg di pesan ..hati hati",1,0,1752733263
xo.arull,"Warna:sesuai
Ukuran:pas
Kenyamanan:lumyan sesuai dengan harga, tapi sangat di sayangkan pengiriman nya agak lama(telat)",4,0,1753858736
fahmi_1930,"Warna:oke sesuai
Ukuran:ukuran bolehlah cman agak besar helmnya.
Kenyamanan:ringan dan bantalan dalam sangat tebal",4,0,1753793372
t*****r,"Warna:Warna sesuai
Ukuran:Ukuran sesuai, pas sih
Kenyamanan:Ya namanya juga barang murah

Sepadan lah ya dengan harganya, kalau mau bagus pilih helm lain aja yang harganya diatas 500K, tapi kalau budget tipis helm ini lumayan kok",3,0,1736314951
septian.ric,"mantap, beli yg ke 2 yg pertama ilang di taruh kurir di tumpukan sampah",5,0,1759556531
rusher1124,Mantap,5,0,1738819456
yadi.surya,Mantap,5,0,1747536820
sofian565,"Warna:hitam doff.terlihat elegan
Ukuran:m
Kenyamanan:lumayan

Tampilan lumayan keren, cuma bagian busa nya gk rapi dan ada lecet² sedikit, 
Lumayan sedikit kecaw dengan hasil nya",3,0,1759921669
suryahunter27,"Pesanan sesuai,dan pengiriman cepat",5,0,1746252779
caktohir707,,5,0,1747656266
putraedo220,Sangat memuaskan 🙏🙏🙏,5,1,1739026468
ayu_suseno,Terimakasih suka bagus,5,0,1733383192
990kpc86yf,Mantul,5,0,1747887102
bangviix,"Warna:bagus
Ukuran:pas
Kenyamanan:nyaman banget

Keren",5,0,1739616821
_erie_,"Paket sudah sampai dengan selamat, pengiriman cepat, sesuai pesanan, mayan lah tapi kancing dalam helm ada yg putus, cek lagi lah sebelum di kirim
Terima kasih",4,0,1755141963
adyabdulloh,,5,0,1749375078
a*****o,"Warna:hitam
Ukuran:terlalu besar
Kenyamanan:pengaman longgar",4,0,1759976360
aris_munandar2,"Warna:sesui
Ukuran:agak longgar karna kepala saya yg kecil 🤣😂
Kenyamanan:okeh lahh

Its Oke. Sesuai Harga 👍👍",4,0,1753967674
jangkrik323,"Cat nya ada yang gak rata, kacanya gabisa dilepas. Busanya lumayan enak ga bikin pegel juga soalnya helmnya ringan.
Sesuai lah ama harga, gak expect tinggi²",4,0,1738409896
a*****4,,5,0,1742981468
hasriwlndr12,"Warna:sesuai pesanan
Ukuran:pas
Kualitas:keren",5,0,1734780625
nico240,keren,5,0,1750129649
ifikriyansyah,,5,0,1746450946
dedirahmi,"Warna:cantik dan bagus
Ukuran:pas
Kenyamanan:nyaman",5,0,1740208935
sibarani79,"Warna:bgus sesuai
Ukuran:pas
Kenyamanan:nyaman

Trims saller dan sophee",5,0,1757096170
,"Warna:gray
Ukuran:L
Kenyamanan:nyaman banget",5,0,1743183581
adrians_233,"Warna:sesuai semua
Ukuran:pass dan oke
Kenyamanan:sebelumnya maaf untuk seller helmnya saya sangat sukak sekali , bagus, oke dengan harganya, namun untuk jasa kirim dan packing saya tau dengan 150 itu ya memang si cuma untuk kardusnya di terima dapan keadaan bonyok dan sobek ancur tapi Alhamdulillah nya helm aman 100% no lecet dan no cacat sama sekali untuk next paling saya cuma mau kasih saran packing saja yah kak bisa di rapihoan untuk safety barang lagi, di sini cukup pelayanan okee insyallah saya belanja lagi di sini makasi buat seller terpercaya mungkin itu saran saya saja tentang packing untuk barang aman",4,0,1745125598
kamzha,"Warna:sesuai gambar
Ukuran:pas dan nyaman
Kenyamanan:sejuk dipakai

Hanya saja salah kirim kaca nya
Pesanan kaca warna hitam
Yang datang kaca nya bening
Selain itu ok semua...",5,0,1758278134
b3rtus,,5,0,1748152511
renoriansyah453,,5,0,1747451383
f*****9,Barang datang dengan kondisi bodynya lecet2 ada beberapa bagian yang patah kaca engselnya gak kenceng ogleg2 packingan nyaa juga kurang rapih gimana sih ini sy sebagai costumer merasa kecewa dengan pelayanannya,1,0,1760699976
u1_w8kg_mn,"Warna:sesuai
Ukuran:pas aja

Cuman sayangnya dibelakang ada sedikit tidam baik",4,0,1754917732
gabrielsesa,"Warna:sesungai
Ukuran:pas
Kenyamanan:lumayun

Terima kasih",5,0,1741675626
z33e7agy5p,"Mulus,, sesuai gambar puas belanja disini.. Terbaik lah pokoknya... Terimakasih..",5,0,1754731694
waryud,"Warna:gray doof
Ukuran:xl
Kenyamanan:agak besar dikit

Warna dirubah, pesanan gray doof menjadi hitam doof. Tak mengapalah, cuma xl nya agak lumayan besar ya",4,0,1741862149
k*****i,,5,0,1738914999
i*****a,,5,0,1756993375
arkanaadara,,5,0,1746793961
odec7iw4z8,,5,0,1748340860
eskeproklenong,,5,0,1734352881
garage.hr,,5,0,1737698377
zulkifli4683,,5,0,1739751278
guswinanda055,"Warna:sesuai
Ukuran:mesen L tpi berasa kecil kayak M
Kenyamanan:padat sempit",4,0,1745043133
imamhori,"Warna:bagus
Ukuran:pas
Kenyamanan:nyaman",5,0,1742990291
s*****9,,5,0,1748333407
s*****t,,5,0,1735556970
tdrgy6a50h,,5,0,1741857388
faridribani,"Warna:bagus
Ukuran:pas",5,0,1738891026
faizkembar767,,5,0,1744876061
faldykaunang,"Warna:bagus
Ukuran:ukuran pas L
Kenyamanan:nyman tidak terlalu berat

SARAN SAYA KAK : kalau mau jual barang pikir2 dulu, HELM paket ganteng , kualitas bagus, bonus spoiler, jika saya prediksi harganya HELM kakak ini bersaing dengan helm lain yg harga jualnya berkisar 600san atau 700san (paket ganteng) 🤔🤔🤔 , tetapi kenapa HELM ini dijual dengan harga 100 ribuan ??? 🤦🤦 

sudah pastih pihak tokonya jual RUGI 🤗🤗👍🏻👍🏻",5,0,1738837918
fitribudianto92,Bagus,5,0,1737779444
waterfightbro,"Warna:putih
Ukuran:L
Kenyamanan:barang sampai dengan baik dan tidak ada kendala",5,0,1757863337
bintangsurya92,,5,0,1745814964
joenzjun,bukan helm brand HKM,5,0,1753364718
exy165,"Warna:lumayan
Ukuran:ok
Kenyamanan:lumayan

ada lecet sikit tapi oke lah",5,0,1760402568
adijumadi214,"Warna:sesuai dengan keinginan
Ukuran:kebesaran
Kenyamanan:nyaman dipakai",5,0,1760948199
puybl7fah7,"Warna:doff,smoke
Ukuran:pas
Kenyamanan:nyaman dipakai",5,0,1749506709
jankiwil,"Ukuran:pas
Kenyamanan:nyaman",5,0,1742713725
92lhc7qu5t,,5,0,1745154430
rayuanputra,"Warna:mantap
Ukuran:pas banget dikepala
Kenyamanan:sangat nyaman",5,0,1745731487
ss3uqdzgj_,Ya biasa aja,5,0,1740851090
andikafernando443,"Warna:hitam
Ukuran:M
Kenyamanan:sesak akibat kekecilan overal ok

barangnya lumayan hanya saja kurang minat di visor nya terlalu lancip dan melengkung disisi visor + pengiriman yg katanya cepat ternyata Lama dan kardus udah banyak penyok alhamdulillah helmnya gk kenapa"" .",3,0,1741933285
zigimon,sesuai,5,0,1747299944
2ylnxqkqcb,"Warna:hitam
Ukuran:M
Kenyamanan:terasa nyaman",5,0,1742997183
e*****p,"Warna:putih
Ukuran:L
Kenyamanan:tidak berat",5,0,1747976295
viko_valen1924,"Paking rusak.
Pesan ukuran M
Yang datang besar banget.
Jdi GK  kepakai lagi.
Oke thank",5,0,1757673741
nandafarizaurel,"Warna:sesuai
Ukuran:cukup
Kenyamanan:lumayan

Kaca yng bagian kiri kalo di buka full suka copot dari dudukan nya😂ada harga ada kualitas",3,0,1762745740
indranugraha292,"Warna:sesuai
Ukuran:pas
Kenyamanan:nyaman",5,0,1759913610
ichaznow,"Warna:Warnanya cakep
Ukuran:pas
Kenyamanan:nyaman dipakai",5,0,1757929019
hoirteguh,"Warna:hitam
Ukuran:xl

Tambahan ekor spoilernya g dikirim ntah copot atau gmna pokonya ilang. Jadi belakangnya keliatan Biasa aja.
Bahan tipis dri plastik",1,0,1747753878
hichael,"Warna:bagus
Ukuran:pas",5,0,1745645849
indramayulbh,"Bagus mantap  cocok dan sesuai bikib puas
Semoga barokah & tambah laris manis jualnya....",5,0,1739618273
aankatara,"Awal pesan doank manis, ke dua pesannya lgi tidak sesui, kaim busa bagian dalem beda suka lepas kainya,lem karet bagian luar tidak rapih,dank kelihatan dri luar parah sih.",1,0,1756299083
reginovriadi,"Warna:Hitam Doff
Ukuran:M
Kenyamanan:Masih Longgar, untuk BB 50 & TB 165",5,0,1741477088
rahmatramadan05mustikamotor,"Warna:ok
Ukuran:ok
Kenyamanan:ok",5,0,1738309323
tikaarif694,"Warna:grey glosy
Ukuran:pas
Kenyamanan:lumayan",5,0,1740317308
bangjojo11,"Warna:bagus tapi ada yang ilang satu untuk lubang angin nya jadi kurang teliti untuk seler semoga kedepan nya di kembangkan lagi
Ukuran:pass
Kenyamanan:mantap

Pengiriman kurang sat set",3,0,1760953687
m_pp5zmchj,"Warna:sesuai
Ukuran:pas sekali
Kenyamanan:sangat nyaman",5,0,1754901499
m*****i,"Warna:hitam dof
Ukuran:pas

Cangkang helm lentur, tidak disarankan untuk riding dengan agresif, buat riding santai ok, modelnya bolehlah, harga masih tinggi untuk kualitas helmnya",3,0,1752305040
s*****a,"Warna:bagus
Ukuran:pas
Kenyamanan:mantap

Ada bekas baret dikit",5,0,1747920324
aris_031_komsaf,"Warna:sesuai
Ukuran:pas
Kenyamanan:nyaman dan ringan",5,0,1754127083
tx4vdu1tmt,"Barang yg di kirim rusak, patah di bagian part sirkulasi udara, spoiler belakang datang tidak terpasang, dan tidak ada tempat untuk memasang nya sendiri. Akhirnya pemasangan harus dengan pengeleman yg mengurangi estetika barang tsb",1,1,1755693267
rizky_r70,"Warna:bagus
Ukuran:pas sesuai
Kenyamanan:nyaman",5,0,1738561172
herru.bangun,"Cocok Untuk:dipakai
Tampilan:elegan
Kualitas:baik

Sesuai dengan yg difoto",5,0,1756880211
icaul25,"Warna:barang cepet sampe, barang oke tapi ada minus sedikit bautnya agak kendor",4,0,1757117319
gentawirabuana598,"Warna:sesuai
Ukuran:pas ukuran m
Kenyamanan:nyaman

Mines nya ada baret di helmnya kek udah pernah di bukak packingan nya munking karna itu ada baret",4,0,1755146710
gie_dave,"Proses pengiriman dr penjual lama coyy... Gak fast respon & kebayakan live kyknya 😂😂. Barang dgn harga gak smp 200 yahh harap maklum yaa  klo kualitas alakadarnya, jgn menuntut lebih 😁😁😁",3,0,1738030072
jefrisibarani1988,"Warna:sesuai
Ukuran:masih kebesaran
Kenyamanan:biasa aja

Lumayan lah untuk sesuai harga nya, untuk ukuran M masih longgar, jadi kurang nyaman krena tidak ngepres.",4,0,1744204025
maswillhehe,"Warna:sesuai
Ukuran:lebih kecil dari expetasi

menyesuaikan harga saja, cuman entah kenapa ini logonya mla bukan HKM",3,0,1752206545
euj9mih0ae,"Warna:pas
Ukuran:kurang besar
Kenyamanan:nyaman di pake",5,0,1761143041
mhmmdfuzy,bagus sesuai d fto,5,0,1737453575
dhany151515,"Barang sampai dengan mulus helm murah tapi ga murahan, standar SNI kualitas juga ok banget 👍",5,0,1739071473
blessell,"Warna:glossy grey
Ukuran:pas

Lumayan dengan harga segitu. Bagus barangnya sesuai , cuman satu spoiler belakang double tip kecil bgt harusnya make yang lebar biar merekat kenceng. Tapi over all bagus barangny.",4,0,1762303267
enrizwan1,"Warna:bagus dop
Ukuran:m pas
Kenyamanan:nyam sekali",5,0,1757502755
fajrinmbt,"Warna:sesuai sgat bagus
Ukuran:pass
Kenyamanan:ringan dan embuk",5,0,1753958293
farhan_tuti,"harga worth it bgt buat dpt helm yg kece ini, biar bintang yg berbicara",5,0,1736196294
yudhaprdn_,Ukuran:pas,5,0,1743080374
qyi2ts1o_a,"Warna:ston grey
Ukuran:pan dan sesuai
Kualitas:baikkk

Ga espek any helm 151 dapet spoiler wkwk",5,0,1734268708
youvie_aw,keren... sesuai ukuran... puas pokonya...,5,0,1757136175
rofikshabri,"Warna:sesuai
Ukuran:agak sempit
Kenyamanan:ringan dan nyaman",4,0,1757842125
usmanofficial799,Joshandos,5,0,1759929583
mokhamad_kirom,Barang uda nyampek syng ukuranya afak besar,5,0,1736420243
dini085642939602,"Warna:sesuau pesanan
Ukuran:pas
Kenyamanan:nyaman",5,0,1744855721
8s_t7sw41e,"Yang d pesan glossy,,yang datang malah dof..tapi okelah gpp, selebihnya lebih teliti lagi yah buat tokohnya👍",5,0,1739797450
faizanaylaazizah2,Bagus,5,0,1745491029
hadieeeec,"Warna:mantap cuma sya nya aja cuma salah pilih warna
Ukuran:pas
Kenyamanan:luamayan",4,0,1752319161
1t7f82os59,"Warna:ok
Ukuran:top
Kenyamanan:ok",5,1,1753334371
khairulrull960,"Warna:pas
Ukuran:M

Sesuai harga,tapi takut nya mudh pecah",3,0,1741297665
n4yy4h92,"Warna:sesuai pesanan
Ukuran:L tapi kaya keciiil bnget tapi alhmdllah masih muat di kepala
Kenyamanan:ringan banget malah bebrasa helm""n replika tapi enak ko di pake g berat di kepala bikin leher pgel

Cuma telat sehari dari tgl pengiriman sama bungkus kerdus nya ancur g meyakin kan kurang septi bagus nya helm ga knp"" ga cacat pecah walau di bungkus pelingdung",4,0,1759462138
ayatul_husna12,"Warna:sesuai
Ukuran:sesuai
Kenyamanan:nyaman",5,0,1740195310
waliddjuna,"Kacanya agak butek, tp gpplah untuk harga sgt Sdh oke",4,0,1760876347
bangdimas14,"Warna:bagus
Ukuran:pas
Kenyamanan:sangat nyaman",5,0,1739953918
mas_sadewo,,5,0,1762409331
muhammadtaufiqnurlan,,5,0,1753492945
eddysusilo00,,5,0,1761190609
28h1fc8rpj,,5,0,1761467022
d*****a,,5,0,1756124819
a*****1,"Baru datang sudah sobek, terus bagian dalam ada yang patah, pengiriman lama, sekali ini aja beli disini, nyesal banget",1,0,1750250857
antonprabowo632,"Warna:hitam
Ukuran:m pas
Kenyamanan:lumayan nyaman",4,0,1747370696
t*****k,"Warna:hitam doff
Ukuran:xl
Kenyamanan:nyaman

Biarkan bintang yg bicara 😁😁",1,0,1763433169
tungkistrong,"Warna:sesuai
Ukuran:kebesaran tolong di perbaiki kalo minta ukuran m di kasih m jangan asal kirim kalo habis
Kenyamanan:kurang",4,0,1743327514
lenijuhariyah997,"Warna:warna sesuai
Ukuran:ukuran tidak di cantumkan di helm
Kenyamanan:pas pakai sempit kaya bukan ukuran XL

Ada lecet, mungkin pas pasang kaca helm nya... Tolong di perhatikan lagi aja sebelum di kirim.",4,0,1753864124
hendryvandertvaart,"Warna:warna bagus
Ukuran:ukuran pas dikepala
Kenyamanan:sangat nyaman dipakai",4,0,1743164953
angelasalsa437,"Ganteng & kren bang, ty ya...",5,0,1759837755
agues82,"Kurir geblek,.. barang jd lecet,.. kardus di bolongin,..",4,0,1757523527
mohsodikin17,"Warna:warna sesuai
Ukuran:pas kepala
Kenyamanan:nyaman di pakai",5,0,1757504259
abhie.sc,"Patah gess karna minim pengaman
Hanya kotak dan bublewrap tanpa ad gabus/busa didalam dusnya
Alhasil ya gutu deh

Tolong agar lebih di perhatikan lagi packingnya
Supaya pelanggan puas",3,0,1752488000
oh3sylp,"Warna:baguss
Ukuran:sesuai

Barang sampai dengn aman dan tidak ada kelecetan sangat aman dan barang yg dipesan sesuai",4,0,1761140487
zivella.hijab,"Terimakasih, barangnya bagus sesuai dengan pesanan👌🏻",5,0,1761212238
wraycyse51,"Warna:grey glosy
Ukuran:L
Kenyamanan:nyaman

Helm secara face ok cuma spoiler nya mesti pakai double tip jadi agak di sayangkan bukan nempel lgsg dari helm nya tapi sesuai harga juga lah secara bagus kok dan aku salah ukuran L kebesaran seharus nya aku milih ukuran M. thanks banget utk penjual nya dan sukses selalu helm nya utk harga nya ok banget dah rekomen juga dan kalau bisa tambah varian pilihan seperti redbull dan leopard pasti tambah keren 120% dah Auh lebih bagus lagi",5,0,1738456898
l.461.bt,Yah lumayan lah busa tipis sama ventilasi udara yang atas sedikit mangap,4,0,1753531042
samidaman613,"Warna:bagus
Ukuran:pas
Kenyamanan:nyaman

Bagian belakang les hitam hanya gunakan perekat biasa dan bukan baut",4,0,1758352482
silaban_margana91,Barang sampai dalam keadaan rusak. Kacanya lepas² dari kedudukannya. Sedikit kecewa,2,0,1741994537
levimauliza85,,5,0,1761050044
1ydwngnwtx,,5,0,1753758666
bobychandrak,,5,0,1753673376
w4hyuaris,,5,0,1760026655
d*****7,pokoknya 👍,5,0,1752147657
gandasaputra561,,5,1,1758553344
bb7rel4ugv,"Warna:hitam
Ukuran:M. pas di kepala
Kenyamanan:lumayan nyaman",5,0,1750250550
kangzsadz,Laki laki tidak bercerita,5,1,1736581665
akuwidodo,"Warna:abu dof
Ukuran:pass ukuran
Kenyamanan:aman",5,0,1750315269
khalifatuluzma,Relpict,5,0,1760453181
dhayena90,"Warna:sesuai yg di iklankan
Ukuran:ukurannya agak kecil LW sdh pake jilbb sempit
Kenyamanan:kurang nyaman Krn sempit LW di pake waktu berjilbb",4,0,1736594975
f*****h,"Warna:grey
Ukuran:sempit dikit
Kualitas:mantap best",4,0,1734408992
kajul749,,5,0,1761487168
s*****3,"Warna:warna sesuai dengan deskripsi
Ukuran:ukuran sama dengan yang dipesan

Untuk sementara nyaman sich",3,0,1755165654
amin91_lulu,,5,0,1760844185
yosep_setiawan92,,5,0,1759419559
bangbotak99,,5,0,1762875639
yanuarmk,,5,0,1754965462
firsyahirawan,,5,0,1754497233
soviyaningsih,,5,0,1759649559
minanputrapertama,,5,0,1759550561
cang1284,,5,0,1754315021
sarianto123670,,5,0,1753867229
ebyrahman_20,,5,0,1752478117
kodok_saltoo,,5,0,1749554460
nova_rizky82,,5,0,1749561406
candrabayu92,"Warna:sesuai
Ukuran:pas
Kenyamanan:ringan",5,0,1742732752
alaltech,"Warna:sesuai
Ukuran:kebesaran
Kenyamanan:longgar banget...ndk nyaman

Ukuran M kok besar banget padahal standar ukuran kepala saya kl pake helm standar L",3,0,1739898655
feton_awari,"Warna:sesui
Ukuran:pas
Kenyamanan:nyaman

Maaf saya kasi bintang 2 karna helm ada cacatnya. Mainan atasnya ga ada 1",2,0,1752126498
dev_store89,"Warna:bagus
Ukuran:pas
Kenyamanan:lumayan sesuai harga

Min klo bisa packingnya di perbaiki lagi ya soalnya keterima ada yg sedikit patah",4,0,1762780930
arnandoppr,"Ukuran:pas
Kenyamanan:nayaman",5,0,1737094139
mochamadkahfi_08,"Warna:hitam doff
Ukuran:M
Kenyamanan:.

Harga dan kualitas sesuai",4,0,1739776153
mahbub86,"Warna:bagus
Ukuran:pas
Kenyamanan:nyaman",5,0,1746334790
ira_kbon,"Warna:hkm cosmo putih
Ukuran:m
Kualitas:bagus

Pas dengan harga👍",4,0,1735038511
chp7zw9z55,,5,0,1756271885
desi_utari,,5,0,1757171418
andi210679,paket sudah sampai dn diterima.pesanan gak sesuai minta kaca bening dikasih kaca hitam payah penjualnya,1,1,1745108470
r*****6,Lumayan sesuai hrga,5,0,1736562430
bakul.stiker2024,"Barang tidak sesuai pesanan, chat lemot banget parah, yang belanja harus chat dulu. Biar gak ketipu pas dikirim.
KPK (kapok)",1,0,1762863322
echa_euy,,5,0,1752808144
9*****a,"Warna:sesuai
Ukuran:terlalu kecil untuk ukuran xl
Kenyamanan:lumayan

Untuk pengiriman nya cepat tpi Tolong di cek lgi barang nya klo mau ngirim, jgn bikin orng kecewa.",2,0,1760199062
parta_stark,"Warna:Bagus
Ukuran:pas
Kenyamanan:sangat nyaman",5,0,1747321229
wanarfan02,"Warna:Lumayan
Ukuran:Pas di kepala
Kenyamanan:Sesuai harga

Pesanan helm sdh sampai, Bahannya tipis, modelnya lumayan  Sirip hitam utk dibelakang helm ditempel pakai double tips rawan lepas.",3,0,1757425393
4ayzx5nqb3,"Warna:bagus
Ukuran:pas
Kenyamanan:ringan",5,0,1741436390
wahyualamsyah566,"Warna:Sesuai keinginan
Ukuran:Pas dikepala, nyaman digunakan
Kenyamanan:Seperti tidak memakai helm, enteng bed.",4,0,1743053053
altshop20,"Warna:warna sangat bagus dan sesuai ekspetasi
Ukuran:ukuran pas
Kenyamanan:sangat nyaman di pakai

Ini beli yg ke 2 kalinya tidak mengecewakan",5,0,1759328512
mizafi547,"Helm nya oke sesuai harga,,tapi kualitas kaca nya jelek x lembek plastik,dan miring GK pas..nyesel beli",2,0,1752313368
thonie.,"Kualitas:lumayan
Cocok Untuk:kendaraan
Tampilan:lumayan",5,0,1756829591
crpl_wqbdg,,5,0,1756912879
ishaktambunan618,,5,0,1759248195
rbc_lpa,"Warna:gacor
Ukuran:pas
Kenyamanan:mantap

gacor euy sicepat ama tokonya gercep mesen tgl 9 nyampe skrng tgl 11 padahal jauh lokasi",5,0,1744341898
ludaldjizar,,5,0,1754999254
p*****2,,5,0,1760351562
r*****a,,5,0,1752546239
z6konx_lls,,5,0,1753864425
geradakthrift_store,,5,0,1761107617
us8dqcr3bw,,5,0,1760187453
almalibari90,,5,0,1758090476
yamnishope,,5,0,1756122690
arenabreakout992,,5,0,1760958204
p_6orvvp5t,,5,0,1752581906
lirasaputri604,,5,0,1752299162
romanryan,,5,0,1762418364
dihanafandy,,5,1,1759515158
risaputri747,,5,0,1753688280
agan.28,,5,0,1752235779
asep_supriyatna56,,5,0,1758278925
ayathumaeny,,5,0,1753800142
sanbhayu,,5,0,1759588034
nurrizky239,,5,0,1752834025
l*****5,Paket sudah sampai..untuk packing tolong diperbaiki dengan kardus yg lebih tebal.,4,0,1756538836
priyambudi.didit,"Warna:sesuai (standart)
Ukuran:pas sesuai
Kenyamanan:nyaman, tp untuk berkendara belum coba

Ada beberapa bagian finishing masih kurang sesuai.
Tp dah bagus untuk helm untuk harga segitu",4,0,1755253635
rohazanunzahar,,5,0,1757324583
a*****i,,5,0,1755141345
r*****3,,5,0,1753181353
robbychandra751,,5,0,1748174130
ilyasy,"Warna:tidak sesuai

Pesan KHM , ini malah MLA trus warna gak sesuai ini malah GRAY bukan hitam , spoiler gak ada pula , ngaco dah",1,0,1762340194
k*****_,"Warna:abu
Ukuran:kekecilan
Kenyamanan:oke

Syg kali ukuran nya agak kekecilan.",5,0,1740206816
furqon_fahren,,5,0,1746412607
laz90,"Warna:glosi
Ukuran:pas
Kenyamanan:aman

Keren dah",5,0,1753443149
yullyawantitumia,"Warna:sangat bagus
Ukuran:pas dan sesuai
Kenyamanan:sangat nyaman saat di pakai

Keren banget",5,0,1752263679
triantoni110616,,5,0,1735978891
09_j4a4hf7,,5,0,1744198671
ana024,,5,0,1740092844
ida_safitri.480,,5,0,1742355440
marwan1111,,5,0,1738469465
hendraopi,,5,0,1746084475
t7nu0tomcb,,5,0,1741666515
4spmptris6,,5,0,1746701547
kardo283,,5,0,1738857032
r*****2,Sudah kedua kalinya beli helm d toko ini dan cocok semua gak ada yg rusak atau cacat. Keseluruhan baik cuman pngemasan kerdus nya penyok semua.,4,0,1745658013
fxaansar3105,"Warna:bagus
Ukuran:pass
Kenyamanan:nyaman",5,0,1746678670
agungsantoso03,"Warna:bagus
Ukuran:kurang pas dikit
Kenyamanan:lumayan",5,0,1738848961
muhammadwigianto,,5,0,1750765209
isalgt,Mau beli lagi nanti soalx pengiriman cepat dan sesuai pesanan,5,0,1738510420
_*****8,,5,0,1752231795
tamrindpt,Mantap,5,0,1757327343
a*****a,"Sudah dikasih note pastikan tidak ada yg cacat, tapi begini",3,0,1732870322
adeyulhendri,"Warna:bagus
Ukuran:pas
Kenyamanan:nyaman",5,0,1758523818
vitadewirahayu205,,5,0,1758023297
margettanarcissia,Ukuran:pas dan nyama,5,0,1755745238
ridauli05,"Warna:bagus
Ukuran:sesuai",5,0,1742017970
adpatria,"Warna:bagus
Ukuran:pas",5,0,1744898443
a*****2,,5,0,1753762513
rahmansodikin786,Aslinya kereeeeeeeeeeeeeeeeeeen bgt,5,0,1735794688
yudaamaulana197,"Ukuran:M pas dan sesuai
Kenyamanan:Nyaman saat dipakai dan menambah kece

Uda Checkout di toko ini yang ke2x nya tanpa ada lecet dan minus",5,0,1747999320
hettieharmoniuos,Warna:baguslah yaa mayan,5,0,1754127008
berkah19plg,"Ukuran:pas
Kenyamanan:sangat nyaman

Ada minus,Banyak lecet",4,0,1746786466
muhajirin23,"Ukuran sesuai 
Model ya sesuai gambar",5,0,1760087679
stribgskr,"Warna:bagus
Ukuran:baik
Kenyamanan:baik

Warna tidak sesuai pesanan saya pesan hitam doff malah yg dikirim hitam glossy + ada lubang lumayan gede",4,0,1754371220
abdulwahid_0101,"Warna:sesuai pesanan
Ukuran:pas dan sesuai
Kenyamanan:lumayan",4,0,1737974798
diasdangili,Joss pokok'e,5,0,1748597427
aj4774,Helm lecet. Kaca helm nya tidak sesuai. Saya beli 2 helm. Untungnya tidak semuanya lecet.,2,0,1740103636
aripsakrep,"Warna:sesuai pesanan
Ukuran:pas
Kenyamanan:nyaman",5,0,1760354093
bangan867,Mantap,5,0,1756294838
ianmuhammad29,,5,0,1761561368
ahmadfariki953,Barang nya bagus sekali kalok mau beli yg murah di toko ini solusinya 😊,5,0,1745491562
andikalavigne,Wooow helmnya mantappp bagus benerrr.. Next mau order lagi lahhh....,5,0,1738503883
shamarsaila,"Warna:grey
Ukuran:pas
Kenyamanan:nyaman dipakai",5,0,1754547857
vario15555,"Warna:bagus banget dan ini rekomendasi untuk dana pelajar warna nya juga mantep banget pokoknya joss gandos kotos2 😆🙏🏻
Ukuran:ukuran nya Alhamdulillah sesuai yang saya request dan pas di kepala 😇🙏🏻
Kenyamanan:bahan nya lembut dan halus enak banget di pake nya pokoknya bintang 5 deh 🔥🔥",5,0,1758633090
h0nzd7z528,,5,0,1757829098
diecmas,"Warna:fad ya
Ukuran:FC Barcelona
Kenyamanan:VCD dan

Nya ya gan ya bg Rudi Rubiandini mengaku memberikan",5,0,1742340314
c*****0,,5,0,1733140288
b*****r,"Warna:grey
Ukuran:XL
Kenyamanan:nyaman banget

Lanjutkan !!",5,0,1748948532
aromabaru,"Biar bintang yg berbicara...

 Luar biasa... mntap 👍👍👍👍👍",5,0,1739631850
lemahlembutttt,Cakepp bangeeeeettt,5,0,1759640829
m.fauzirizal,"Warna:dof
Ukuran:m
Kenyamanan:ringan",5,0,1755088245
l*****r,"Warna:kelas
Ukuran:pas",5,0,1742982396
zunnyirwanaryanto,"Terimakasih Bang.,😊🙏",5,0,1752839259
habil732,"Warna:sesuai
Ukuran:pas
Kenyamanan:lumayan",5,0,1760340571
87gc3o2b3m,,5,0,1759025622
windar1505,,5,0,1757507487
mas.iam99,"Warna:hitam dof
Ukuran:pas
Kenyamanan:nyaman di pakai",4,0,1760621094
73rxm4l1rq,,5,0,1752288287
fitriadrianazrielabizar,Ada goresan,5,0,1742565465
vha3aqd1jq,"Kenyamanan:mntp lah pokoknyo, awal ny khawatir barng kenapa' tapi alhamdulillah selamat",4,0,1746855326
faizagustiar921,"Warna:putih
Ukuran:L sesuai ek6
Kenyamanan:nyaman banget

Ayoo temen"" yang mau helm half face keren beli aja disini dijamin puas kalian👍👍🤗",5,0,1744297625
c*****o,Finishing banyak yang tidak rapi cuma asal tidak memperhatikan setiap bagian.Dengan harga segitu kurang puas.. Jasa kirim jga sangat lambat,1,0,1754971071
syapeipei487,"Warna:sesuai warna cuma Ada goresan sedikit
Ukuran:L
Kenyamanan:lumayan",4,0,1736412841
ahmadsantoso507,"Warna:sesuai dengan pesanan
Ukuran:pas sama dengan yg di pesan

Sesuai dengan harga",5,0,1740288297
fahrycomez,,5,0,1758166758
q1sv7_ktua,"Warna:sesuai pesanan
Ukuran:pas sesuai pesanan
Kenyamanan:nyaman

Sudah seharusnya pedagang yang ada di shopee menjaga kepercayaan konsumen, salah satunya pedagang tempat saya membeli Helm ini,,,,,",5,0,1737958302
s*****k,"Warna:bagus dan sesuai sama di gambar mantap
Ukuran:pas sangat pres di kepala
Kenyamanan:sangat nyaman

Ada sedikit goresan waktu saya buka entah dari kurir atau dari sananya, dan untuk detailing di rapihkan lagi agar semakin oke",4,0,1753783307
s*****4,"Warna:grey gloss, cocok.
Ukuran:pas, ngpress di palak
Kenyamanan:lumayan, mines krna trlalu ringan.

untuk penampilan bagus, sesuai di foto.
minus nya cuman trlalu ringan aja",4,0,1742290465
kevinkhalevi,"Warna:putih
Ukuran:pas
Kenyamanan:sangat nyaman

recommended buat yang nyari helm murah tapi kualitas ga murahan",5,0,1736250242
vfg3q2y0cm,"Warna:sesuai
Ukuran:pas

ada retakan di belakang lumayan panjang packing kurang baik",3,0,1741872004
dengsutte,,5,0,1760058297
perbdaankasta,"Puas banget bagus,,,,",5,0,1756558909
wahyususanto004,Helm bagus packing aman,5,0,1752750173
d*****t,,5,0,1750754503
wiwinajee,"Barang sudah sampai tanpa ada yg pecah aman lah meskipun kardusnya sampe basah semua,barang sesuai harga ya gaes",4,0,1758361121
wahyoetomo,"Pengiriman cepat sekali, kualitas barang termasuk bagus sudah SNI dan model nyaman sesuai gambar... Thanks seller",5,0,1744683543
luckybless323,"Pliss jangan ada yg beli biar barangnya ga Abis.. Bagus banget soalnya,kalo abis stock lagi ya min,murah tapi bagus nih helm",5,0,1747025264
umangkurnia370,"Warna:sama yg di pesan
Ukuran:sama
Kenyamanan:nyaman dan ringan enak di pakai ny

Paket ganteng ush ada spoiler ny makin cakep",5,0,1741135645
cahyaakbar406,"Warna:putih
Ukuran:pasa

Barit” di atasnya patah juga",2,0,1736583088
vareltarek,"Warna:hitam doff
Ukuran:M
Kenyamanan:lumayan",5,0,1762328836
ardha_rad11,"Warna:hitam doff
Ukuran:L
Kenyamanan:lumayan

Sesuai harga ada bagian busa yang kebuka gak rapet",4,0,1756942157
alkywahyu,Klotak klotak di ats sebelah kiri kayak mau lepas gak bisa rapat...,3,0,1751972923
i*****o,"Warna:bagus
Ukuran:pas
Kualitas:baik sesuai harga

overall bagus tapi ada sedikit lecet sama lem leman nya kurang rapi",4,0,1734768487
wahyuputrakelana028,"Warna:hitam doff
Ukuran:L. pas banget
Kenyamanan:sangat nyaman next mau order lagi warna lain. thanks Min🥰☺️",5,0,1749856391
ichsansuci0102,"Helm nya bagus.. Seller nya amanah dan pengiriman cepat
Terima kasih",5,0,1748531734
efradiany,bagus packingan jg aman..jd brg smpai gk ada ccat sm sekali,5,0,1741280268
71pr9_ssqd,Tidak pernah mengecewakan 2x beli bagus semua,5,0,1749159248
garoh1133,"Warna:hitam
Ukuran:pas
Kenyamanan:nyaman",5,0,1759209205
ylm2nhmuk2,Pokonya rekomendasi banget,5,0,1734950933
aa.ib4n.thea,"Alkhamdulillah bagus helm nya. Pngiriman aman, dan barang pun mulus.",5,0,1742676848
masragasa,"Warna:kalem
Ukuran:pass busa tebal",5,0,1761656269
ikhw4n24,Gaguss bnget,5,0,1744684370
en1id0t7u8,Sesuai dengan gambar,5,0,1735616843
dsandcell,"Warna:hitam
Ukuran:M
Kualitas:keren

Recomended belanja disini cepet dikirim ga kaya toko sebelah 😅",5,0,1734606663
coesja31,"Ukuran:pas
Warna:yang ku suka
Durabilitas:smoga saja awet

pelayananny sngat bgus thnks seller",5,0,1732408477
muhammadsubhiansyahsimamora,"Warna:sesuai
Ukuran:pas
Kenyamanan:good

mantap kk sesuai pesanan dan gk ada lecet sikit pun, bakaln pesan 2 lgi ni kk buat stok. 😎",5,0,1741356395
nikkogozilla,"Warna:warna sesuai dengan pesanan
Ukuran:ukuran juga pas di kepala
Kenyamanan:ringan dan nyaman saat di pakai

Oke pesanan nyampe dan udah di terima",5,0,1737992251
johanemp,"Warna:sesuai
Ukuran:pas
Kenyamanan:nyaman",5,0,1761472020
afunisaragih,"Warna:abu
Ukuran:pas
Kenyamanan:nyaman",5,0,1746367755
darmawanwawan800,"Warna:bagus
Ukuran:sesuai
Kenyamanan:nyaman",5,0,1739876682
ytchannel446,KEREN BANGET SUMPAH,5,0,1741872267
ajiwahyudi710,Mantap pokok nya😁,5,0,1744509850
085742686880_faad.,"Warna:alhamdulillah sesuai
Ukuran:pas M
Kenyamanan:sangat nyaman

Lain kali mau order",5,0,1742009987
teamrocket_store,"Packing superrr aman...
Barang real pict dan sesuai warnanya.. tanpa ada lecet apapun di helm dan kacanya...
Recommended seller 👍👍",5,0,1738688574
f*****o,"Warna:merah maroon doff
Ukuran:m
Kenyamanan:ringan helmnya semoga awet dan untuk kaca berat naik turunya",5,0,1741153394
kh.aditya.ps,"Warna:bagus
Ukuran:pas
Kenyamanan:sedang , sepoler nya Doble tip nya kurang , kemungkinan kurang kuat

Busa di kepala bagian atas longgar , tpi oke harga segitu",5,0,1748602250
mochamadzaenularifin,,5,0,1761136456
rivaldosiregarrivaldo,"Mantap, sesuai pesanan 👌👌👌👌🤟🤟",5,0,1753711341
saupibucil,Datang tidak bagus baut kaca nya copot,3,0,1742922297
j*****7,"Warna:memliki pigmen yg bagus
Ukuran:pas dan sesuai
Kenyamanan:ringan

Recomended selller",5,0,1750154499
sigitmindarto,Packing aman...tanpa cacat. Di kira helm nya berat ternyata ringan...ya semoga awet lah. Klo jatuh ga lgs pecah.,5,0,1740044551
wansutrics,"Warna:sesuai apa yang di pesan
Ukuran:pas dan sesuai
Kenyamanan:nyaman pake banget

Asli sihhh dengan harga segitu barangnya bagus, selernya amanah pokonya bagus dahh sumpah kaga nyesel beli helm ini toko ini 😁",5,0,1752712297
zahira1311,Sesuai pesanan..seller amanah dan bertanggung jawab,5,0,1755104967
putraigo217,"Warna:bagus
Ukuran:pas
Kenyamanan:nyaman",5,0,1760066726
n4zril_007,Recomended 👍👍👍👍👍👍👍👍👍👍👍👍👍👍👍👍👍👍👍👍👍👍👍👍,5,0,1741297778
mckiq8bh8z,"Warna:GREY
Ukuran:M
Kenyamanan:bagus

Sangat memuaskan,semoga tokonya amanah terus dan laris manis👍👍👍",5,0,1748707533
herrel,"Warna:hitam doff
Ukuran:pas
Kenyamanan:nyaman

Ukuran pas di kepala saya dan warna hitam dof yang mantap nyaman dipakai dan harga cukup murah dibanding merk ***",5,0,1748339187
r*****t,"Warna:bagus
Ukuran:pas
Kenyamanan:pas",5,0,1753508518
usmanganteng7261,"Ukuran:pas
Durabilitas:kuat dan tahan lama
Desain:keren",5,1,1730604962
prabuhendrayananew,Barang diterima dlm keadaan bagus dan Ok. Modelnya kerennn cocok buat harian atau touring jg bisa. Pengiriman cot. Terima kasih.,5,0,1746369431
jonathanbecham,"Ukuran:pas
Warna:bagus
Durabilitas:kuat dan tahan lama

Produk sesuai 
Mantap pokok nya 
Teman saya juga suka",5,0,1733134048
hc5r1ine71,"Warna:sangat bagus dan sesuai dengan gambar
Ukuran:pas dan sesuai
Kualitas:sangat baik",5,0,1734958404
toufik_firmansyah91,Cukup puas dengan harga segitu....,4,0,1740567185
reskyaldiansyah,"Warna:bagus
Ukuran:kekecilan
Kenyamanan:ya

bagus design seperti helmet kisaran harga 400-800rb cuman sepertinya beberapa part ada yg digunakan buat variasi doang ya, seperti dibawah spoiler ( vent ) nya dan jaitannya kurang rapih cuman overall bagus bgt diharga 150 an",5,0,1737794872
hendra_wijaya888,"Mantap, next order lagi",5,0,1734053910
yozzolord,"Warna:bagus glossy
Ukuran:untuk ukuran L longgar
Kenyamanan:ringan nyaman nggak kebawa angin pas top speed",5,0,1748086979
deny_m009,"Warna:sesuai..mantap
Ukuran:pas
Kenyamanan:Sangat nyaman

Penjual amanah sesuai dgn pesanan..terima kasih.",5,0,1742194608
firmanefendi220,"Warna:warna cocok
Ukuran:pas sesuai pesanan
Kenyamanan:cukup nyaman dipakai

Pesanannya yg datang merk Batman bukan yg dipesan tp gpp lah harga segitu udah lumayan bagus",5,0,1745144696
nenindut066,"Warna:sesuai
Ukuran:M tapi gede
Kualitas:sesuai harga

Barang baru tapi udah ada goresan banyak
Tapi keseluruhan oke sih",4,0,1734507540
muhammadsyaiful79,"Warna:sesuai
Ukuran:pas M
Kenyamanan:nyaman saat dipakai",5,0,1749469412
802l71lxia,"Warna:sangat bagus dan menarik sesuai dengan gambar
Ukuran:agak kecil
Kenyamanan:terasa empuk dan nyaman",5,0,1762762290
zenalalhadad,"Ukuran:pas sesuai pesanan
Warna:sesuai
Durabilitas:bagus dan baik

Pengiriman lebih cepat dr jadwal",5,0,1733052779
auluth,Sesuaikan ekspektasi mu dengan harga beli maka kau akan mendapatkan sesuai dengan yang kau ekspektasi kan,5,0,1746756227
a*****1,Helmnya sesuai yang di pesan ringan juga pengiriman sangat cepat trmks,5,0,1748693585
jasmanijezz123,"Warna:sesuai deskripsi pesanan
Ukuran:pas banget mantab
Kualitas:bagus sesuai harga

Mantappp......
Sesuai harga tidak mengecewakan
Jossss.....",5,0,1734696428
yati_angelika,Anakku senabanget,5,0,1745921170
surady77,"Warna:sangat bagus dan Ok
Ukuran:pas dikepala
Kenyamanan:Sesuai dan nyaman dipakai

Mantap.. Sesuai dengan gambar nya 
Sukses selalu buat Tokohnya",5,0,1748692850
m.rizkyky,"Warna:sesuai gambar
Ukuran:pas
Kenyamanan:nyaman

Puas lah, sampai d tangan saya dgn selamat & helmnya aman",5,0,1748141754
raidmaqil135,"Warna:pas
Ukuran:enak banget pas",5,0,1750313157
edisetiawan051,Warna:sangat bagus  dan sesuai dengan gambar,5,0,1752147529
m1020an,Sudah terparkir Rapi,5,0,1752383056
raja_beat,The bes pokonya,5,0,1745036763
nv.putra,Mantap banget joss🔥,5,0,1742450738
yuan160106,"Kegunaan:susah amat bang nyopot plastik visor nya
Kualitas:josht
Ukuran:m",5,2,1727074179
derlyfebrian,"Warna:warna bagus
Ukuran:M
Berat:ringan dan nyaman di pakai

Helm nya bagus dan keren",5,0,1735359096
mokokudus,"Warna:hitam doff
Ukuran:L
Kualitas:bagus sni , baru prtma pake HKM

modely keren busany kurang tebal",5,0,1734694929
se7en.cell,"Warna:sesuai
Ukuran:M

Nyaman, 
hanya saja packing nya kurang aman",3,0,1743249918
luckybless323,"BEST RECOMEND POKOKNYA,SELLERNYA JUGA FAST RESPON.GOOD",5,0,1747025303
riduanayla,,4,0,1745844800
retnonyaindah,"Warna:ok
Ukuran:pas
Berat:std

Riel barang sesuai dgn iklan,. Bagus ok kece,. Yg pasti harga terjangkau, trimakasih saya suka",5,0,1735430533
munafvakullaili,Josss helm nya keren,5,0,1742473416
dharma2301,Spoilernya knpa ga warna hitam doff juga kak,3,0,1749555137
mohdtaruni,"Ukuran:pas dan sesuai
Durabilitas:produk bagus, kokoh, tahan pastinya
Desain:terlihat keren dan topppppp",5,0,1728399106
ifoxsgebleg,"Warna:sesuai
Ukuran:passss
Kenyamanan:mantappp

Alhamdulillah mantul helmnya",5,1,1742399314
premanflez,"Ukuran:passs
Warna:sngatt bagusslhhh Seperti Di foto/vidio
Durabilitas:-

Kerenn bnget lahh harga sgtu",5,0,1733202581
d*****6,"Warna:sesuai

Lumayan, cuma ada beberapa tempat minus di cat nya, dan sambungan belakang nya hanya pakai doubletip 3m sama sekali tidak ada pengunci... Jadi bisa lepas kapan saja..",4,0,1746804048
maulanaolan587,Bagus dan sesuai,5,0,1740729086
madanipermana423,,5,0,1751126436
rinifeka,"Bagusss pas buat anak remaja, sukses selalu",5,0,1746702873
putranyashanty,"Warna:bagus..cat nya mulus..tanpa cacat
Ukuran:pas dikepala ku
Kenyamanan:ringan

Helm nya sampai dengan selamat",5,0,1738937713
yannprnta,"Warna:bagus
Ukuran:agak longgar sedikit
Berat:ringan",4,0,1735545276
safarudin.358,"Warna:sesuai kaka
Ukuran:pas banget
Kenyamanan:nyaman banget

Terimakasih seller produk yang terbaik no debaddd",5,0,1738938247
1d5caansuu,"Warna:sesuai
Ukuran:l
Kenyamanan:nyaman sesuai harga

Ini pesanan super cepat cuma hitungan jam barang sampai dengan selamat luar bias",5,0,1743930225
vvi7pctyag,"Warna:sesuai
Ukuran:pas
Kenyamanan:sangat nyaman

Mantap tapi klo bisa banyakin lagi promo nya biar nanti co lagi hehe",5,0,1741854923
dedenapriadi7,"Warna:mantap
Ukuran:mantap
Kenyamanan:mantap

Buruan beli selagi discon",5,0,1737358701
o77rjgwdtg,"Warna:bagus dan sesuai
Ukuran:Pas
Kenyamanan:sangat nyaman dan enak

Pas dan enak di pakai buruan yang belum beli cek out langsung",5,0,1738838524
b*****s,"Warna:bagus
Ukuran:paw
Kenyamanan:ok lah",5,0,1757908303
suerdadu,"Warna:bagus
Ukuran:bagus
Kenyamanan:bagus

Barang bagus dan pengiriman cepat. Terima kasih untuk penjual dan kurir",5,0,1737252939
renohafiz1982,"Warna:cocok
Ukuran:g th ntah ukuran apa karna g tertulis
Kenyamanan:ok",5,0,1745309878
suradiantosuradianto420,Warna:hitam dof,5,1,1759842275
rakaisanjaya,"murah, kualitas cukupan lah, untuk model cakep banget. kalo kurangnya, built kurang kokoh dan finishing cat kurang rapi kalo dilihat dari dekat. selebihnya, dipakai nyaman. busa empuk dan keseluruhan ringan",5,0,1735631416
nurridwanspxexpress,"Warna:aduhay sekali
Ukuran:pas dan sesuai ukuran
Kenyamanan:sangat nyaman bisa tebal

Pengiriman paketnya cepat bintang⭐🌟 100 deh",5,0,1748091931
rochmadkasianto,"Warna:hitam dof
Ukuran:pas
Kenyamanan:biasa

Tidak sesuai videonya.spoiler terpisah...huft",4,0,1736243628
pixyta,Kereeeeeennn sukaaaaa baguuuusssss,5,0,1746111365
dafaalgifari616,"Warna:baguss sesuai dengan di poto
Ukuran:pass bangett
Kualitas:baguss sesuai ekspektasi",5,0,1735957289
racun42,"Warna:sangat baik
Ukuran:pas dan nyaman
Kenyamanan:sangat nyaman di pakai

Helmnya sangat nyaman di gunakan desainnya menarik terlihat mewah bisa bersaing dengan helm merk lainnya,penjual yang amanah semoga rezkynya di tambah,,,,",5,0,1752860183
m.ifan0202,"Warna:ok
Ukuran:M pas banget susuai yg di harapkan
Kenyamanan:bgus

terimaksih smoga sukses trus buat tokonya",5,0,1745921185
royroy446,bgus bgt helmny ga nyesel beli di toko ini dan pecking ny jga aman bgt+saya suka krna dikrimny pke jne lebih aman lgi pkokny best lah,5,0,1752897485
uftvtrzylk,"Warna:memiliki pinmen yg bagus
Ukuran:ukuran produk pas dan sesuai
Kenyamanan:sangat nyaman saat di kenakan",5,0,1750838179
ramdaniinyonyo,Real pict,5,0,1747487803
wisnusanti1990,trm ksh,5,0,1732189571
kanguwen,Lumayan buat sehari2,5,0,1741705591
andiromansyah752,Berat:yessss.....ini baru Helm kereeeeen ...harga mumerrrr..mantaaaabbbb ....salam dari Cengkareng Timur ..Jakbar ...tetap jaga kwalitas buat konsumen yg lain..agar jangan sampai kecewa....josss,5,0,1735378751
alvaaalvaa686,"Warna:sesuai gambar
Ukuran:pas
Kenyamanan:nyaman",5,0,1750215788
farelnugroho395,"Warna:hitam doff
Ukuran:L
Kenyamanan:sangat nyaman

bagus x geng, gaa nyesel la",5,0,1736412341
byonenet,"Warna:bagus
Ukuran:pas
Kenyamanan:nyaman

Alhamdulillah barang akhirnya sampai juga... Barang oke sesuai gambar.",5,0,1743148332
altar362,"Ukuran:pas dan sesuai
Warna:memiliki pigmen bagus
Durabilitas:produk sangat kuat dan tahan lama

bagian dalam pas tapi bagian luar ny kebesaran dikit
tpi kualitas nya bagus dn sesuai",5,0,1733825582
ridhospeed819,"Warna:bagus sesuai dengan gambar
Kualitas:sangat bagus

Barang nya bagus tapi saya minta tolong buat pengiriman nya agar di perbaiki lagi karna cara Peking nya asal asalan",2,2,1735928554
ragilrada,"Warna:grey
Ukuran:pas dikepala
Kenyamanan:ringan

Reallll ganteng helm nya cookkkkkk, gk bakal rugi kalo beli di toko ini, pekingan aman",5,0,1738590174
zdbe8ao13i,"Warna:akua
Ukuran:m
Kenyamanan:bagus

Makasih best seler pesanan dah sampai sesuai pesanan moga amanah banyak orderannya amin",5,0,1739776702
rahmanmariyam,"Warna:cock
Ukuran:pas sesuai
Kenyamanan:mantaf

Jgn ragu untuk membeli di seler ini",5,0,1745230268
suksesberkarir515,"Warna:Hitam Doff
Ukuran:paa
Kenyamanan:nayaman

Thaks seller ramah psking aman barng mewah",5,0,1739057640
wisnusanti1990,trm ksh,5,0,1730605058
agus_amirullah05081994,"Warna:sesuai dengan gambar
Ukuran:L
Kenyamanan:nyaman dan ringan

sangat keren, PUAS dengan hasil pesanan nya 
tidak ada yg cacat, maupun pecah",5,0,1745215449
nanaristikaharyanto,"Warna:sesuai
Ukuran:pas
Kenyamanan:standart",5,0,1754628682
muhammadfahjar,"Warna:abu
Ukuran:L
Kenyamanan:baik",5,0,1756565781
radihandika425,"Warna:Hitam Dov
Ukuran:M
Kenyamanan:Nyaman

Packing nya kurang bagus",4,0,1741316123
yaya1808470,"Warna:bagus
Ukuran:pas
Kenyamanan:nyaman",5,0,1737352414
k0c3tft1za,"Warna:pas
Ukuran:pas
Kenyamanan:sangat nyaman",5,0,1738892666
syahibiputrabungsu,"Warna:bagus
Ukuran:pas
Kenyamanan:nyaman dipakai

Rekomendasi buat yg cari helm, udh order ke 2X tdk mengecewakan",5,0,1749342330
d*****o,"Warna:ok
Ukuran:sesuai pas ok
Kenyamanan:ringan dan nyaman dipakai

Biarkan ⭐⭐⭐⭐⭐ yg bicara. Terimakasih seller sukses terus utk tokonya berkah amin🤲",5,0,1746014677
qzvxtuudrq,"Warna:hitam glossy
Ukuran:XL
Kenyamanan:sangat nyaman",5,0,1741414517
hizqilkhoirulazam,"Barang bagus,tp sayang Bagian Kaca nya ada yg tergores..",4,0,1745633501
opik_ismail,"Warna:nice
Ukuran:pas M..utk anak es'em'a
Kenyamanan:worth it utk harga segini",5,0,1746050610
ahmad_baihaki230,"Warna:memiliki pigmen yg bagus
Ukuran:pas dikepala
Kenyamanan:sangat nyaman

Produk berkualitas",5,0,1741477800
subhan121,"Warna:sesuai
Ukuran:pas
Kenyamanan:lumayan nyaman

okelah untuk harga segitu, real pict.",5,0,1742954493
arifrahmanbndng,Helm bagus dan murah,5,0,1732165925
septiramadhani291,"Warna:bagus sesuai dgn pesanan
Ukuran:XL
Kenyamanan:nyaman d pakai

Toko amanah the best pokonya",5,0,1742290452
alhakimarifin,"Warna:sesuai pesanan saya
Ukuran:sesuai pesanan saya
Kenyamanan:nyaman

Terima kasih sudah sangat amanah",5,0,1745663516
r*****6,"Warna:pigmen menarik
Ukuran:ukuran produk pas dengan kepala
Kenyamanan:sangat nyaman dipakai",5,0,1736309539
fitriwidur123,"Warna:sesuai gambar
Ukuran:pas
Kenyamanan:nyaman di pake

Beli buat ponakan yg sudah di sunat
Maaf nda saya foto soalnya lgsung sya kirim ke Yogya.",5,0,1748248064
asenue742,"Warna:sangat bagus dan sesuai dengan gambar
Ukuran:pas dan sesuai
Kualitas:sangat baik",5,0,1734604953
siti_rohmah38,"Warna:pas
Ukuran:passs
Kenyamanan:nyaman

Kwalitas barang sesuai dengan harga mantap lah",5,0,1746659065
h*****1,"Warna:sesuai
Ukuran:minta ukuran M tapi knpa ko kya ukuran L besar
Kenyamanan:lumayan lah",5,0,1739197883
angguncell_olshop,"Warna:bagus, cocok dan sy suka
Ukuran:pas bgt, cocok dgn apa yg sy mau
Kenyamanan:mantap, ringan dipakai.",5,0,1736699774
joko080421,"Warna:bagus
Ukuran:pas sesuai yg di minta
Kenyamanan:sangat nyaman di pakai

Terima kasih buat penjualnya,,mantaaap helmnya,,hai gais beli helm cukup memuaskan",5,0,1736744831
faizol.sherly,"Warna:Doff.. Bagus Kaliiii
Ukuran:Pas yg ke Istri.. Yg ke saya kurang besar.. Padahal pesen XL
Kenyamanan:Nyaman Kaiii

Pelayanan sangat baik.. Pengiriman sangat baik.. Intinya sama sekali tak nyesel, tak ragu melleh di Toko ini.. Kereenn..",5,0,1739192654
chandra30pratama,"Warna:Sesuai dengan gambar
Ukuran:pas untuk ukuran saya
Kenyamanan:nyaman dipakai

Barang sesuai pesanan tanpa lecet",5,0,1750069972
mumuhdani,"Warna:bagus banget warna mengkilap
Ukuran:pas di kepala
Kenyamanan:sangat amat nyaman

Pokoknya best👍",5,0,1746699189
suro040321,Alhamdulillah bagus,5,0,1742279635
duul12,"Warna:Bagus
Ukuran:Pas
Kenyamanan:Okeh

Bagus.. Tapi dari segi kurir aja yg kurang.. Makasih seller..",5,0,1738710209
d*****9,"Warna:bafus
Ukuran:pas
Kenyamanan:lumayan

Lumayan Sesuai harga. Awalnya pengiriman cepat tgl 1 pesen tgl 2 udh di Purwokerto.eh giliran dri Purwokerto ke tempat saya sampe 4 hari🤦‍♂️. Kapok pake si cepat ke daerah saya.",5,0,1754629593
sulistiyono210,Mantabb,5,0,1736136133
yaniimanuelnenometa,"Warna:abu abu
Ukuran:pas dan sesuai
Kenyamanan:sangat nyaman saat di pakai",5,0,1736399523
g5mat33b8w,"Warna:ok
Ukuran:pas
Kenyamanan:sangat nyaman di pakai

Trims kak paket udah nyampek dgn aman dan terpercaya",5,0,1746247898
aryawiralodra473,Sesuai dengan pesanan barangnya oke makasih 👍👍👍,5,0,1752310296
danishito18,"Warna:bagus sesuai
Ukuran:pas
Kenyamanan:pas

untuk yg rangka tambahannya bagus sih bisa dibongkar pasang tp menurut sy lebih bagus di pasang dan dikasih pengerat di semua sisinya tidak hanya di tengah saja",5,0,1751601367
z*****6,"Warna:putih
Ukuran:pas

Bagus, sesuai dengan yang di gambar, ringan dan packing nya juga aman 👍",5,0,1739404391
irfancranyi,Cantik,5,0,1745417191
davidricardojs,,5,0,1757645621
lagatapetshop,,5,0,1754496064
yogipbk898,,5,0,1756693988
muhammadyassin91,,5,0,1754401815
ryandadut,"Warna:sesuai predijsi
Ukuran:pas dan bagus
Kenyamanan:ringan dan nyaman dikepala

Sesuai ekspetasi dan harga.. 
Mantap",5,0,1745227715
r*****s,,5,0,1754106786
h4f_id.,"Warna:sesuai
Ukuran:ga jelas, L tapi sempit
Kenyamanan:busanya ga tebal

Tapi ya sudah lah, dengan harga segitu ya wajar, tapi tidak sesuai ekspektasi, tidak semenarik iklannya, pengirim ga seramah expedisi lain, cuma ngasih barang, pergi begitu saja ga ada basa basi ucapan",1,18,1752925755
irfanfebian111,"Warna:ok
Ukuran:kurang pas
Kenyamanan:sesuai harga

Hlem nya bagus cuma salah pilih ukuran tapi keren si helm nya 👍😇",5,0,1737293915
kikirizkiyah1604,"Warna:ok
Kenyamanan:bagus sesuai",5,0,1760088239
xzesss,"Warna:bagus
Ukuran:pas
Berat:nyaman di pakai

Dari keseluruhan bagus banget menurut saya sesuai harga,tapi hanya 1 yg saya permasalahan yaitu ada nya lecet di beberapa bagian helm hanya beberapa, walaupun kecil kecil tapi itu mengganggu saya sebagai customer yang menggunakan barang baru.selebih nya sudah sangat sesuai harapan.terima kasih",5,0,1735549079
nteeliaa,"Bagus sesuai dengan pesanan,dan pas sekali 
Sesuai dengan harga semoga awet lah🙏",5,0,1741506532
tifahlatifah372,"Warna:bagus
Ukuran:pas
Kenyamanan:sangat nyamat dan ringan

bagus hlm nya cakep.",5,0,1747274488
adammaulana12519,Sumpah ganteng x helm nya ☺,5,0,1742279407
rockhim89,mantap,5,0,1742718830
iconkcutte,"Warna:white
Ukuran:pas
Kenyamanan:sangat nyaman sesuai

Sesuai banget yg Dateng nya promonya mantap",5,0,1740035861
abassupriyanto950,"Warna:sangat bagus
Ukuran:sesuai ekspektasi
Kenyamanan:mantap sekali pas, oke",5,0,1754481353
kicksolo,Sip sip mantep,5,0,1750287812
h*****a,"Warna:kuning sesuai pesanan
Ukuran:pas mantap sesuai
Kenyamanan:nyaman pas Ama pala

Toko bagus grecep
Walaupun flashsale tetep ga di kirim asal",5,0,1746985323
dikaradika826,"Warna:putih
Ukuran:L
Kenyamanan:sangat nyaman

barang bagus dan sampai dengan aman",5,0,1746257438
dikhapratama383,"Warna:sesuai yang dipoto
Ukuran:pas sesuai ukurannya
Kenyamanan:enak banget pemakaian nya",5,0,1748423012
a*****t,Harga sesuai kualitas 👍,5,0,1746874967
tahridtahrid,"Warna:hitam dop
Ukuran:pas
Kualitas:lumayan keren

Desainya keren yang kurang cuma bagian interior yang di lem bagian belakang agak kurang lem nya tapi secara model dan ketahanan keren banget deh pokoknya enak di pakai harian juga",4,0,1735726127
a*****7,"Warna:doff
Ukuran:m
Kenyamanan:pas dan nyaman

Semoga awet ..over all bagus... Sesuae harga...",5,0,1736062651
aldiyansahh027,Baguus,5,0,1736771513
sandiprayogaswp,"Warna:sesuai dengan gambar
Ukuran:ukuran pas buat tinggi saya 160
Kenyamanan:ringan dan keren

Terima kasih sudah amanah🙏",5,0,1741771076
coco1879,"Warna:keren hitam doffnya 👍🏼
Ukuran:sesuai dan nyaman di kepala (size XL)
Kenyamanan:sangat nyaman",5,0,1738912688
danihamble,"Warna:hitam doff
Ukuran:size L
Kenyamanan:sangat nyaman di pakai

Barang oke kualitas mantap.. Sudah SNI
  Pakingan oke terjamin",5,0,1736852346
akodir1806,"Warna:memiliki pigmen warna yg bagus
Ukuran:pas d kepala n sangat nyaman
Kenyamanan:ringan n nyaman saat d pakai",5,0,1744818391
ifdarusakel,"Warna:bagus
Ukuran:pas
Kenyamanan:nyaman lumayan enteng

saya ubah penilayan nya karna baru di pake 2 bulan itu pun jarang di pake nya baru akhir akhir ini aja eh malah patah bagian kanan tempat buka tutup helem nya berarti barang nya jelek",1,0,1749003980
a*****e,"Warna:hitam doff
Ukuran:M
Kenyamanan:nyaman dipakai

Pemgiriman cepat dan aman,kualitas barang bagus fashion nya dapat",5,0,1738542223
jvnludga9p,Lecet dikit. Tapi lumayan lah,3,0,1748254185
rqw_vjht8y,Sangat bagus👍👍👍,5,0,1738148117
brey_5ury4,Udh mendarat,5,0,1756567531
zulhamabid,Okke👍👍👍👍,5,0,1748168165
mandiriprinting718,Bagus banget22222,5,0,1735977357
anthonpenturyc,"Warna:memiliki pigmen yg bagus
Ukuran:pas di kepala dan nyaman
Kenyamanan:ringan di kepala, nyaman di pake",5,0,1741599471
rodo1988,"Warna:black dop
Ukuran:xl
Kenyamanan:pres

Sampai juga helm nya dengan selamat tampa ada cacat sedikit pun..makash seler dan kurir nya barang datang tampa ada kekurangan",5,0,1744961888
jdxry2q4pn,mantap pokona mah,5,0,1737782030
addryanaddryan,"Warna:bagus bnget
Ukuran:ukurannya pas sesuai ukuran kepala
Kenyamanan:dari ukuran gk terlalu besar dan gak berat..nyaman pas pake",5,0,1736145731
aozorautsuksh,"Warna:grey doff
Ukuran:M
Kenyamanan:sangat nyaman

pengirimannya kurang, soalnya nunggu sampe 1 minggu lebih, klo untuk barangnya memuaskan",5,0,1751435715
wahyudi25071995,Hlem yang baguss,5,0,1737849764
m*****8,"Warna:bagus
Ukuran:pas
Kualitas:bagus kualitas murah tapi tidak murahan 10/10 dari saya bagus banget",5,0,1735570987
dikamahesaputra,"Warna:mint
Ukuran:M
Kenyamanan:nyaman

Alhamdulillah.barang sudah sampai.terimakasih seller. 
,, saya beli,, 
Nyanggakeun artosna, nampi barangna",5,0,1742552239
ananfarizki,"Warna:okeh
Ukuran:okeh
Kenyamanan:okeh

gila pengirimannya lama benerr, pesen tgl 8, nyampenya tgl 15, tapi kualitas okelah di harga segitu, kalo bisa pengantaran lebih cepet dikit lah, hampir seminggu apaan dah",5,0,1739679274
aramandalika797,"Mantap kondisi nya , keren tampilan nya",4,0,1741319789
willyf27,"lebih baik untuk mengukur dulu ukuran kepala agar tidak terlalu sempit, tapi untuk harga segini sangat worth to buy🙏🏿",5,0,1741314296
sahrulsahrul319,,3,0,1742467987
fachalubis,Mantabb bossku,5,0,1735933893
alfin_ngaberss02,"mantap, keren",5,0,1740490869
riyanpakai,"Ukuran:mantap
Durabilitas:produk baik
Desain:bagus

Sangat puas",5,0,1731556252
arifinlex505,"Warna:sesuai
Ukuran:pas
Kenyamanan:nyaman d pake

datang cepat barang bagus 👍👍",5,0,1738218174
d*****0,"Warna:bagus
Ukuran:pas dan sesuai
Kenyamanan:sangat nyaman di pakai karena ringan",5,0,1739937670
elandrisani,"Warna:sngat Bagu Sesuai di foto
Ukuran:L.Pas Di Kepala
Kenyamanan:Sngat Nyaman",5,0,1744901321
dandiramdhani477,Ntap min,5,0,1757150753
shihab.azhar,"Warna:hitam glossy mengkilap
Ukuran:pas
Kenyamanan:nyaman banget

Pengiriman nya terlalu lama sampe hampir seminggu",5,0,1749550348
arstore.id26,"Warna:sesuai
Ukuran:pas
Kenyamanan:pass

Tidak ada yg cacat barang di terima dengan baik",5,0,1741585464
hardiboyz10,"Warna:sesuai pesanan
Ukuran:pas
Kenyamanan:lumayan bagus dengan harga segitu

Barang sesuai pesanan tapi pengiriman nya lama bgt",5,0,1736771494
fadlinugroho580,"Warna:sangat bagus dan sesuai dengan gambar
Ukuran:pas dan sesuai
Kenyamanan:sangat nyaman saat dikenakan",5,0,1740983340
zainulzain400,"Warna:sesuai
Ukuran:ukuran pas, meskipun agak longgar dikit
Kenyamanan:nyaman dan tebal

Mantap sesuai deskripsi",5,0,1744787919
fajarrold,"Warna:baguss
Ukuran:pas
Kenyamanan:nyaman",5,0,1754306039
mhdayi509,"Warna:bagus
Ukuran:pas lah
Kenyamanan:baik",5,0,1736653254
h*****r,"Sesuai harga,tp klo pgn yg kuat dan awet tahan lama,mending yg laen",5,0,1737372216
r*****s,"Warna:sangat bagus sesuai dengan gambar
Ukuran:pas di kepala sangat nyaman
Kenyamanan:ringan dan nyaman saat di pakai

Produk sangat bagus",5,0,1749374713
bagussatrioekamurti,Barang sudah sesuai bagus banget sesuai yg di inginkan,5,0,1737711207
salemhermawan,"Warna:bagus merah marun
Ukuran:XL tp terlalu press
Kenyamanan:nyaman busanya empuk",5,0,1741761161
r39ijuliana,"Warna:warna sesuai
Ukuran:pas banget di kepala
Kenyamanan:terlalu nyaman

Sampai Dengan selamat.harga murah tapi gk murahan..semoga saja bisa awet",5,0,1746755375
dira3003,Good...,5,0,1746062759
virgiawanvirgiawan771,"Warna:sesuai pesanan
Ukuran:pas di kepala pas bnget di pakai
Kenyamanan:nyaman",5,0,1742820633
ashilah_kurniawan,"Warna:bagus
Ukuran:pass
Kenyamanan:cukup nyaman dan kedap suara

Semoga awet... 👍",5,0,1747824167
j*****6,"Warna:sangat bagus mengkilap
Ukuran:passs
Kenyamanan:sangat nyaman

Sangat recommended, harga terjangkau, kualitas istimewa",5,0,1748911357
ade.ragil_setiawan1,Good,5,0,1762769804
deriardiansyah677,"Warna:sesuai pesena
Ukuran:pas
Kenyamanan:enak di pandang dan enak di gunakan",5,0,1744570323
8abde5bqwd,"Warna:sesuai
Ukuran:pas
Kenyamanan:nyaman aja

kalo pisornya di tutup aman tapi pas di buka si pisornya suka copot sebelah overall bagus cuma di pisornya doang lainkali jangan sampe gitu lagi takutnya patah ngga kuat nahan angin",5,0,1746109360
mhdridwan062,"Warna:cocok
Ukuran:size cocok
Berat:ringan nyaman di kepala

Ada minus sedikit goresan🙏",5,0,1735352617
a*****x,"Warna:memiliki pigmen yang bagus
Ukuran:pas dan sesuai
Kenyamanan:sangat nyaman di pakai",5,0,1741338874
amzicolek,"Bagus, andai spoiler nya yang 3d lebih cakep",5,0,1744037027
amorilla_project,"Warna:bagus
Ukuran:sangat tidak pas, minta ukuran m di kirim L
Kenyamanan:longgar

Bahan helm bagus tapi minta M di kirim L padahal udah saya tanyakan sebelum nya, minta tuker tidak boleh, barang saya kembalikan tidak boleh, padahal saya sudah ukur helm ini size L, penjual malah bilang itu yg di kirim size M, kalo size M pasti udah pas di pake, untuk pembeli yang lain, harus berhati - hati beli di sini, pastikan size kamu itu pas, dari pada salah beli, lebih baik cari tempat lain, kan banyak yang jualan helm, bukan di sini aja. pastikan kamu ukur kepala dulu. Hati2 dengan penjual helm yg tidak mau tanggung jawab. Tidak mau membantu customernya cari solusi yg bagus, biar win win solution. Untuk penjual di sini 👎",3,0,1747411059
i*****8,"Warna:bagus
Ukuran:pas
Kenyamanan:nyaman

Lumayan buat gagayaan🤣🤣",4,0,1756800448
akumakumi77,"Keren,ringan pula",5,0,1748589069
fir786,"thanks,barang sesuai gambar,barang nya ngk ada yg cacat,cuma spoiler helm belakang ngak di tolong di pasangin tp ngak apa2 lah
toko nya bisa di percaya,buat jadi langganan",5,0,1738846155
9l0qxrfbpz,"Warna:hitam glossy
Ukuran:L
Kenyamanan:pas pokoknya",4,0,1750729342
5*****8,Ok cuma ukuran sama,5,0,1746003672
rihayatunningsih,"Warna:keren
Ukuran:sedikit sesak mungkin karna masih baru..
Kenyamanan:lumayan enteng

Bagus untuk harga segitu...",5,0,1747304940
erickprimanda,"Finishing kasar,ada lecet dikit.tp gpp dg harga segitu",3,0,1757088041
khairulhuda28,Mantab,5,0,1742211816
abdulhasan91,"Warna:cocok seperti yg di pesan
Ukuran:pas dan sesuai
Kenyamanan:sangat yaman",5,0,1736349862
mubarokabay,"Warna:sangat bagus sesuai sama gambar
Ukuran:pas di kepala dan sangat nyaman
Kenyamanan:nyaman saat di gunakan",5,0,1742808976
noor_hidayat145,"Warna:sesuai yang dipesan
Ukuran:pas",5,0,1737944712
irwanbagus28,"Warna:sangat bagus dan sesuai gambar
Ukuran:pas dikepala dan nyaman
Kenyamanan:enak dan sangat nyaman dipake",5,0,1738412835
kentanguril03,"Warna:bagus
Ukuran:m
Kenyamanan:paking nya asal²

Paking nya asal²an bikin troma mau beli lagi takut cacat pecah dll soal nya cuma di bungkus kardus tipus doang",5,0,1748319743
dianahmadfatoni,"Warna:warna ok
Ukuran:ukurannya pas
Kualitas:kualitas lumayan, walaupun ada lecet dikit",5,0,1735888176
tatangs_291174,"Warna:bagus
Ukuran:pas
Kenyamanan:ringan",5,0,1750762039
dadangnd_,"Warna:bagus
Ukuran:pas

produk bestt penjual juga fast respon tapi sayang pengirimannya yg lamaa sampe lewat estimasi hampir 2minggu baru sampe",5,0,1736417235
bangkobs1,"Warna:mantap
Ukuran:padahal ukuran M cuma agak kegedean
Kenyamanan:enak sih nyaman cuma agak longgar",5,0,1746506788
7f10h3idxy,Sesuai yang di harapkan,5,0,1738291946
arjuncaroleni,"Warna:pas
Ukuran:pas
Kenyamanan:oke",5,0,1759975372
arifnaruna,Alhmdllh..2x beli semua memuaskan..trimakasih seller,5,0,1752316156
ervangusarvansah992,"Warna:Baguss
Ukuran:Pass tapi tidak ada ukuran nya tercantum
Kenyamanan:nyaman banget dan kéren

TERIMAKASIH",5,0,1747209782
abimanyu__69,"Warna:HITAM DOFF
Ukuran:Pas
Kenyamanan:Ringan busanya tebal banget

Keren sih tpi sayang nya spoilernya pke doble tape, gmpang lepas... 😁😁😁",5,0,1741188707
zakaprayuda345,Bintang 5 buat helm dan admin nya👍,5,0,1741281662
iyansitohang279,"Warna:kuning mantap
Ukuran:l
Kenyamanan:ok

Makasih buat toko nya sesuai dengan yg di gambar👍",4,0,1738581770
reichal,",,👍👍👍👍mantaaf",5,0,1735904593
aceperma,"Warna:sangat bagus sesuai dengan gambar
Ukuran:pas di kepala
Kenyamanan:sangat nyaman saat di kepala",5,0,1745242538
2n77qeajct,"Warna:putih
Ukuran:L
Kenyamanan:Sangat nyaman dipakai sesuai",5,0,1737434453
bagaswahyu167,Kualitas sesuai harga,5,0,1742889213
hendryytakiyya,Mantap,5,0,1745567188
dedy34567,Mantap,5,0,1750863467
mangjohn288,Mantap,5,0,1746404942
akbarakbari296,Mantap,5,0,1746189808
acilkumbang12,Terima kasih barang sesuai pesanan dan paket saya sudah diterima Terima kasih,5,0,1738054334
danendradhanny,"Sayangnya helmnya ada bekas jatuh/pecok, penjualnya kurang teliti atau kurang mengkomunikasikan",4,0,1741521624
dingdong470,Mantap,5,0,1742059807
nurahmadafandi123,Mantap,5,0,1741094907
bhbhbhbhsss,"Warna:Hitam Glosy
Ukuran:M
Kualitas:Mantap banget,,harga sma kualitas keren",5,0,1735670062
iqbaltanjung1995,"Mantab ,makasih bos helmnya cakep dan tebel",5,0,1754737959
komangfariyasa,"Warna:putih
Ukuran:pas sesuai
Kenyamanan:nyaman apalagi harga segitu, mantappp

Maaf belum sempet kasi video review tapi mantapp",5,0,1737269316
r*****j,"Warna:bagus

Barang bagus",5,0,1761653725
dandibuhely,"Kenyamanan:sangat bagus

Alhamdulillah pesanan sudah sampai",5,0,1742378831
regitousman600,Kren,5,0,1736088633
najwa57_28,sesuai harga,5,0,1759218152
febyganteng399,Ukuran:bagus dan sesuai warna tanpa leced,5,0,1753943675
rtze8a73mo,Mantap....,5,0,1745129682
gierossi,Sesuai,5,0,1742007830
amsarsyaripudin,"Warna:oke banget warnanya sesuai harapan
Ukuran:pas
Kualitas:kaca nya terlalu keras kalau di geser ke atas",5,0,1735830564
erwinsyahputra980,"Ukuran:pas
Durabilitas:sangat bagus
Desain:keren

Sangat sangat bagus lah pokoknya",5,0,1732286323
reyfaalwanzackyzacky,"Warna:grey G
Ukuran:M
Kenyamanan:ringan dan bagus penampilan nya

Ada kelecetan dikit",5,0,1737536469
p9xetakg3m,Lumayan ajaa harga 150han berharap apa ya kan tpi bagus sih,4,0,1754657274
yuniyun256,"Warna:warna yg keren
Ukuran:pass bnget
Kenyamanan:puas",5,0,1742311523
ahmaddika837,"Warna:mantap sihh
Ukuran:pas banget di kepala
Kenyamanan:nyaman di pake

minesnya cuma pengiriman nya sangat lama, tapi it's okey lah kalo produk nya se bagus ini",5,0,1744184791
9*****p,"Warna:sesuai
Ukuran:sesuai
Kenyamanan:kurang

Pengiriman sangat lama.. Tidak rekomendet",2,0,1739153727
m*****i,"Warna:putih
Ukuran:Pas
Kenyamanan:nyaman

Bagus sesuai pesanan, cepat responnya penjualnya mantap",5,0,1737238835
zakariau05,Good,5,0,1736139829
keblabasen,Sangat bagus,5,0,1735819469
8qnzeg6wt5,Mantap...,5,0,1745374542
bertiemam,Good,5,0,1745462584
m*****i,Bagus dan cakep banget di pake kemana-mana tetap okee. Terimakasih banyak seller,5,0,1752139037
jeyzaenudin05,Bagus banget,5,0,1740123520
herirosandi,"Warna:ok
Ukuran:pas
Kenyamanan:nyaman",5,0,1754732540
chenpohh,Bagus banget,5,0,1741269392
yoviasriady,nilai sendiri ajalah..🙏🙏,4,0,1751868230
muhamadmundakirt,"Ukuran:pas
Warna:tidak sesuai

Pesan warna dof yang datang glosy",4,0,1732515166
putradjakaria,"Ukuran:ukuran tidak sesuai, terlalu besar untuk ukuran M",3,0,1746273674
x__7ekp563,,3,0,1745999683
rizal061995,Barang sesuai .bagus lah recomended .untuk harga segitu mantap,5,0,1743172641
y*****4,"Warna:hitam doff
Ukuran:L
Kenyamanan:agak besar

Bagus",5,0,1736491319
s*****6,"kurir yg pertama tidak sabar jd saya kasih 3bintang saja, jika pelayanannya bagus maybe saya kasih 4 ato 5",3,0,1742972359
abdulazizbawadi,"Warna:warna nya bagus
Ukuran:ukuran produk yg pas dan sesuai
Kenyamanan:ringan dan nyaman saat pakai

kuality nya masih cukup utk harga nya dan look nya",4,0,1741715334
denni.89,"Warna:dof
Ukuran:M
Kenyamanan:ol

Mantap",5,0,1752481819
debryan85,Terlalu mantab,5,0,1744349191
wilyadialfatih,"Belum sempat dicek mdh2an bagus...
Terimakasih",5,0,1745937162
arizat02,"Warna:memiliki pigmen yang baguss
Ukuran:ukuran produk pas dan sesuai
Kenyamanan:sangat nyaman ketika di gunakan",5,0,1742295920
m*****m,Cukup bagus dengan harga segini,5,0,1745212104
ufikbebong,Warna:nggk sesuai d suruh kirim warna biru malah DTG warna pink.. d harpkan KLO ngk ready yg d order d info dong.. jgn langsung d kirim,3,0,1745819032
muhherwin24,Saya BB 68 kebesaran untuk ukuran M,4,0,1737370528
2dkyfx8nhe,"Warna:bagus
Ukuran:pnp kepala saya
Kualitas:bagus polll",5,0,1735798720
jarot2306,"Warna:bagus
Ukuran:pas cocok
Kenyamanan:ringan dan nyaman",5,0,1747912132
aditfirmansyah302,"Warna:glos
Ukuran:m
Kenyamanan:baik

Bagus terpercaya",5,0,1745884073
om_ray07,,4,0,1747714083
f*****8,"Produk datang sesuai foto, pengiriman cepat, respon penjual bagus, sangat rekomended untuk di beli, kurir ramah tidak mengecewakan, bingtang seribu",5,0,1741624166
aanadhelan,"Warna:warna sesuai
Ukuran:pas
Kualitas:bagus dan keren

Pas sesuai dengan di pesan",5,0,1735926492
dinramdintta,kecewa banyak lecet nya,2,0,1748061919
jufriadi50,Proses pengiriman lama.. 1 minggu lebih😡😡😡😡😡😡😡😡😡😡😡😡😡😡😡😡,5,0,1741887328
aldixalvg,"Warna:hitam dof
Ukuran:pas
Kenyamanan:lumayann

Baguss si cumn ada retak dikitt doang tpi msh bagus",5,0,1746096821
paksugik850,"Warna:sesuai
Ukuran:pas
Kenyamanan:sangat nyaman",5,0,1752729707
agungara,Tapi lama 1 Minggu ke Tangerang kab.,5,0,1742140702
6ugt7dnjvb,"Warna:sesuai dengan ekspektasi
Ukuran:pesan XL datangnya kecil banget

Tidak nyaman soalnya kekecilan",1,0,1756102138
fauziarif88,Kualitas lumayan sesuai harga,5,0,1746345239
syamsinarnasution,"Warna:Hitam DOF Ukuran..M
Ukuran:Pas dikepala nyaman
Kenyamanan:Sangat nyaman dipakai tapi kacai agak longgar sih tpi mantap lah dipake enakk",5,0,1745201114
dionumar_13,TOKO AMANAH ❤️❤️,5,0,1741848063
z*****z,"Order warna grey glossy, dikirim warna hitam doff, kalo tidak ada grey glossy sebaiknya konfirmasi dulu jgn asal kirim orang jadi kecewa terimalah bintang 🌟 aja, jgn dibiasakan ya 😡😡😡😡",1,0,1751875842
fan_231,"Warna:grey doff
Ukuran:pas
Kenyamanan:okelah dengan harga segitu",5,0,1736761544
riojhonferis,Mantul,5,0,1739337633
a*****6,"Warna:sangat bagus dan sesuai
Ukuran:ukuran produk yg pas dan sesuai
Kenyamanan:sangat nyaman dikenakan

Mines lecet dikit di belakang",5,0,1745621899
setiawaneko_,"Mksih helm nya udah sampai ,bgus.smoga murah rezeki nya ..amin.",5,0,1740303936
andrirudiyanto490,Mantap sesuai dengan gambar.tidak mengecewakan lah,5,0,1748768457
yusufefendi_12,"Ukuran:L
Kualitas:bagus
Kegunaan:pengaman kepala

Pengiriman cepat.tapi sayang plastik bagian kaca nya susah dilepas.jadi kejepit di kaca nya",4,0,1726328393
r*****8,Penyortiran sangat buruk sampai pecah satu sirkulasi udara nya,2,0,1753544990
varrsagank,"Warna:sesuai pesanan
Ukuran:blm di coba
Kenyamanan:nyaman

pengiriman lumayan lama tpi ok lh barang gk ada kerusakan",5,0,1741652553
opueog_eum,"Warna:Warna bagus sesuai di gambar
Ukuran:L
Kenyamanan:Ringan dan Nyaman dipakai

Kece boss nggak salah ini 😁",5,0,1737292298
hasan.basri23,Obat Ganteng😋,5,0,1735376772
franscafrarecko,"Warna:bagus
Ukuran:sedikit kebesaran
Kenyamanan:nyaman

Barang dikirim sesuai dengan pesanan penjualan baik pelanggan senang",5,0,1740307556
f*****n,Mantab,5,0,1739522766
ihsan22082002,"Warna:putih
Ukuran:l
Kenyamanan:helm nya keren abis..g nyesel beli nya...the best lah pokoknya 🔥",5,0,1744608278
aditiapratama685,Helm pecah tidak bagus kaca kendor penjual nya nipu,1,0,1745660625
sandro030985,Mantap Bagus,5,0,1737358289
msglow_martapurabanjarbaru,"Warna:warna sangat bagus
Ukuran:pas dan sesuai ukuran
Kenyamanan:enak pas di kepala

Mohon ma'af  di atas kepala helm, variasi ada yg patah waktu sa'at helm datang. Tetapi masih bisa di lem sih",4,0,1747481677
tsdhadneei,,4,0,1760715323
iqbal2110,,5,0,1746114645
fritzba,,5,0,1749391384
sundaythea,,5,0,1742458267
cecen_rifael,,5,0,1734603802
5bvben1kdx,"Warna:bagus sesuai gambar
Ukuran:pas
Kenyamanan:nyaman

Sayang nya peking nya agak rusak sedikit tapi barang aman",5,0,1742269220
nyaknisaul,,5,0,1736946819
putra_handa,Bagusss,5,0,1746098600
k82z3gu9l6,,5,0,1740382308
258285fio,,5,0,1734414350
chalvinwardhana,"Warna:Merah
Ukuran:L

Keren Helm nya sesuai yg di foto",5,0,1737711109
herniiajaa,"Pesanan sesuai ekpetasi,mantaaaaap pertahan kan ya amanah nya",5,0,1745496197
ahmadngadio,Mantap bagus,5,0,1738093217
affanalfii,"Warna:Putih
Ukuran:L
Kenyamanan:Baik

Untuk barang 100% bagus dan mulus, tapi untuk pengiriman nya tolong di percepat ya... saya mesen 5 hari baru di kirim padahal estimasi nya 2-3 hari",4,0,1743161569
rasdi907,"Warna:warna nya cocok
Ukuran:ukuran pas
Kenyamanan:lumayan sesuai harga

Lumayan bagus sesuai harga",4,0,1753708410
lebongchip761,"Sya kurang puas,pesanan tdk sesuia,banyak lecet😞😭",1,0,1742779617
w*****9,"Warna:bagus
Ukuran:pas dikepala
Kenyamanan:cukup nyaman

Barang cukup bagus sesuai dengan harga,,,mantap 👍👍👍😁🤭🤣",5,0,1746943995
l*****5,"Warna:good
Ukuran:good
Kenyamanan:good

Pesanan semua sudah sampai, terima kasih seller",5,0,1742468877
vinos02,Josss...,5,0,1753884344
ilyoom.m,gacorr dah,5,0,1759921288
guntur0588,"Warna:sesuai
Ukuran:ok
Kenyamanan:nyaman

Ya sesuai harga lumayan buat shari2 bagus untuk harga segitu 
Tambahan belakang nya ternyata pake doubletip",4,0,1739961380
apaajadeh038,"Warna:bagus mulus
Ukuran:pas di kepala
Kenyamanan:lumayan nyaman walau sedikit gerah",5,0,1744212029
kholisrc,,5,0,1736065540
pikinbaewis,,5,0,1747760795
123amanjaya,,5,0,1740114303
roy1690,,5,0,1734849497
jasmi8812,,5,0,1747640870
kian.arya,,5,0,1737565990
andreas45924,,5,0,1736756444
cesteradesta,,5,0,1746338913
bang_azlin,,5,0,1737254335
m*****6,"Warna:sesuai mantaap
Ukuran:paasss
Kenyamanan:nyaman dgn harga segitu

Mantapp dah pokoknya,terimakasih..🙏🙏",5,0,1741198429
usuppacing,"Warna:TDK sesuai
Ukuran:gede banget
Kualitas:ok

pesan warna grey glos yg datang hitam dop
ukuran m d kirim XL
penjualnya ga amanah ga jelas",1,3,1741612253
nfgu2k72ab,"Warna:hitam dof
Ukuran:m
Kenyamanan:lumayan sesuai harga",5,0,1749478144
farelhassandwistio,"Warna:bagus
Ukuran:pas
Kenyamanan:nyamm

Semuanya bagus hanya di bagian visor nya saja yang hampir² mau patah saat di buka ke atas",5,0,1744790820
a*****5,Mantap,5,0,1736418876
theolazarony,Wort it dgn harga segitu.. daripada helm model bogo..,5,0,1741068113
skygantingaran,Mantap . Sesuai boss ku..mksh ..maaf telat kasih ulasan,5,0,1758593659
eddysofiyan,Lumayan sesuai harga,4,2,1732877867
winapparelbgr,Warna:cuma 1 sih kenapa ga di patenin aja pake double tip jadi keliatan ga wort it tapi setara lah sama harga,5,0,1749563732
haykalgunanda,"Warna:oke
Ukuran:lumayan
Kenyamanan:'-)

Menurut saya dengan harga segitu ya lumayan minusnya spoiler gada tempat sekrupnya malah mengunakan lem perekat yang pastinya juga kurang merekat",4,0,1739770453
devitorizkyantara,"Warna:bagus
Ukuran:m
Kenyamanan:enak cuma busa aga keras dikit

Semuanya bagus",5,0,1745763833
a*****d,"Warna:ok
Ukuran:pas
Kenyamanan:ringan

Mantapsssss....",5,0,1752581601
mizanziito,"Warna:putig
Ukuran:all zize
Kenyamanan:sangat passss

Pengantaran aga lambat tapi tidak apa-apa, lain kali kasi shope express saja yang atar",5,0,1747056418
kfwh2hxfw9,"Warna:bagus
Ukuran:pas
Kenyamanan:lumayan",5,0,1750325699
dharyani300,Helmnya bagus aku suka,5,0,1737089855
amarillobilly,mayan,5,0,1732878761
arumsari2616,"Warna:hitam
Ukuran:pas
Kualitas:bagus

Awalnya tdk datang tp setelah pengajuan pengembalian baru datang ini paket",5,0,1734507387
naswasintia,Terlalu banyak yang licet,3,0,1749034189
davidpratama100,"Warna:Merah marun
Ukuran:Pas
Kenyamanan:Sangat baik

Terima kasih banyak sekali barang sudah sampai tujuan dengan cepat dan terima kasih banyak",5,0,1746517908
purlambang,"Pesanan sudah sampai dan sesuai dengan yang ada di gambar deskripsi, semoga nyaman diakai dalam berkendara",5,0,1742238286
sitiftmh85,"Warna:bagus sesuai dengan gambar
Ukuran:pas 👍",4,0,1738405505
fakweil,,5,0,1741909620
htps0909,,5,0,1737711503
04r4l4w9ps,,5,0,1734227050
5ou_gv273u,"Warna:sesuai
Ukuran:pas
Kenyamanan:oke

Pengiriman cepat,sesuai dngan yg di gmbar.",5,0,1741957612
reniefita973,Helmnya sangat bagus. Saya suka,5,0,1743596428
afdnhumam,"Warna:sesuai
Ukuran:pass bangett
Kenyamanan:nyaman bgt ga kecewa dehh beli di toko ini",4,0,1742629675
tamytamy018,"Warna:memiliki pigmen yang bagus
Ukuran:pas dan sesuai
Kenyamanan:sangat nyaman saat dipakai

Keren👍👍",5,0,1737255029
vxnmn247md,"Cocok Untuk:ok lah
Tampilan:ok
Kualitas:ok

Lumayan dg harga segitu sih",4,0,1749114074
7be51gaqad,"Warna:ok
Ukuran:pas
Kenyamanan:nyaman

Tapi sayang harga segitu tidak dapat  bluetooth",4,0,1747920770
09zc25u1og,"sayang sekali bautnya longgar tdk bisa di kencangin ,seharusnya sebelum dibungkus priksalah dulu ,karna tadinya orang mau beli lgi jadi ragu belinya ,",3,0,1743052325
relawansesama,"Warna:siip
Ukuran:pas
Kenyamanan:mantap

Barangnya sesuai pesanan",5,0,1739271772
ian.karo,"Warna:hitam dope
Ukuran:M
Kenyamanan:nyaman

Review jujur dari gue nih. 
Helm ini harga 150rb an tapi kualitas 500rb an.",5,0,1760581062
hanif.boshonda,Bahan seperti helm standart motor yg dijual di online.,2,1,1735928559
jemz26,Kenyamanan:mantap,5,0,1748414319
arizat02,"Warna:memiliki warna yang bagus
Ukuran:ukuran produk pas dan sesuai
Kenyamanan:sangat nyaman ketika di pakai",5,0,1742296220
85va_a5vv1,"Warna:sesuai pesanan
Ukuran:pas
Kenyamanan:nyaman dipakai

Warna dan ukuran sesuai dengan deskripsi",4,0,1736920735
sapriajah184,Terima kasih mas..sudah di antar kan paket nya,5,0,1743075562
herucakra1986,"Barang cacat dikirim, mau retur plastik sudah saya sobek. Lain kali kl mau dikirim dicek murnya sama kacanya ada yg belum dipasang",1,0,1745136447
dhea2798,"Warna:sesuai dengan pesanan
Ukuran:pas
Kenyamanan:nyaman",3,0,1752848968
e*****s,"Barang sudah sampai dan sesuai, terima kasih",5,0,1732364095
kevinzzzzz263,"Warna:hitam
Ukuran:pas di kepala
Kenyamanan:nyaman di pakai busanya empuk",5,0,1739106064
6tisqmys_v,"Warna:hitam doff
Ukuran:m
Kenyamanan:lumayan nyaman di pakai healing bareng ayang",4,0,1738843977
t*****8,Ukuran:UKURAN M TAPI KAYAK XL,5,0,1734503664
adityaumadji,boleh lah,5,0,1744409675
mariel276,"Warna:bagus
Ukuran:pas bnettt cocok deh oaket gnteng 🤭
Kenyamanan:ok",5,0,1750158959
rivaldo_rio,"Warna:glossy
Ukuran:pas
Kenyamanan:sangat nyaman

Mantapp sekalii sesuai pict kerenn rekomended banget ,lebih dri exspetasii👍",5,0,1750161267
yudhasunerlan,Bagus,5,0,1740374048
tre6hvhl1q,Bagus,5,0,1742876548
abigailaccesories,Bagus,5,0,1739112322
ahmadfazzrin,Bagus,5,0,1735301670
ediips,"Warna:bagus
Ukuran:pas
Kenyamanan:lumayan

Paket diterima namun masukan buat seller packingnya harap di perbaiki, untung helmnya gak kenapa2, ok segitu saja",4,0,1758209249
sangbaja_2020,Bagus,5,0,1740809550
a*****a,Lecet pengiriman lainnya sesuai harga,4,0,1739057815
deriberry,"Warna:sesuai
Ukuran:kecil
Kenyamanan:kurang barang nya kurang bgus, lem nya kayak asal""lan nempel nya, udh itu lem nya nampak lagik",2,0,1757947598
asriadiadi030,"Warna:pesan warna marun doff malah hitam doff yg datang
Ukuran:M",3,0,1755068486
3bg0py6u4s,"Warna:merah
Ukuran:pokonya pas
Kenyamanan:alhmdah nyaman",1,0,1740719598
hpt0aif58o,"Warna:seuai gambar
Ukuran:pas
Kenyamanan:nyaman

Barang yg sampai kondisi lecet pengemasan tidak rapi",4,0,1748181261
s*****y,"Ukuran pas, nyaman di gunakan, pengiriman cepat, harga juga sesuai..",5,0,1738647029
andi.starjkt,"Warna:ok
Ukuran:pas dikepala",5,0,1757842767
f2lm9kh67r,"Warna:ok
Ukuran:kegedean
Kenyamanan:nyaman",5,0,1747744112
alantijar.,"Warna:bagus
Ukuran:pas
Kenyamanan:ga ngarep nyaman dari harga segitu",4,0,1761666416
edwinteruna88,"Barang bagus, sesuai dengan diskripsi.",5,0,1737087095
juan22sebastian,"cukup oke..
spoiler baeru dipasang, dipake jalan sdh lepas karena lem kurang merekat",5,0,1756690116
dedeunang280,"Warna:tidak sesuai pesanan
Ukuran:pas

Lumayan",2,0,1749644597
3lcv0df9my,"Warna:sesuai
Ukuran:L Tapi dapat liat ukuranya S
Kenyamanan:Nyaman

Helmnya bagus tapi ukurannya kecil dengan penggante helm sudah rusak....Dan ad sedikit lecet",1,0,1747887301
xtgkxaxiel,"Warna:sangat bagus
Ukuran:pas ukurannya
Kenyamanan:nyaman",5,0,1745308071
d*****i,"Warna:Gray glossy
Ukuran:pass dikepala
Kenyamanan:g terlalu berat, nyaman

Good helm",5,0,1753665840
zxrs0332xo,Kalo mau kirim dicek dulu layak tidak untuk dikirimkan🙏😞,2,0,1759486926
_3pshehkxd,"Warna:sesuai di foto
Ukuran:sedang
Kenyamanan:sangat berkualitas",5,0,1750840135
ranggahasian,"Warna:hitam dof
Ukuran:×l
Kenyamanan:sangat nyaman

Kualitass terbaik",5,0,1737056203
arsyah44,"Warna:maroon glossy
Ukuran:M
Kenyamanan:sangat nyaman ringan dan juga pas",5,0,1745646591
m*****9,"Warna:memliki pigmen yang bagus
Ukuran:ukuran produk yang pas
Kenyamanan:ringan dan nyaman saat dipakai",4,0,1746221207
e*****i,"ganteng ni helm,cakep lah cocok keren nih gan ane mau jual ke orang lain bernama lengkap di brosur nya ga ada yg tau ga di ambil dari berbagai sumber dan di pisahkan yg di pake training harusnya kau pilih pilih ubah pencarian toko online yang penting untuk grup nya saya ga bisa tidur sampe rumah langsung di suruh senior katanya",5,0,1741538082
apriliosusanto,"Warna:sesuai pesenan
Ukuran:pas di kepala
Kualitas:kualitas sesuai harga",5,0,1734964481
suhandri72,"Cocok Untuk:touring
Tampilan:lumayan bagus
Kualitas:sesuai harga

Lumayan bagus",5,0,1750853123
071282nana,"Warna:sesuai pesanan sesuai harga
Ukuran:pas 
Kenyamanan:normal sesuai harga",5,0,1736574755
pebriyantopotale,"Warna:memiliki pigmen yang bgus
Ukuran:Pas di kepala
Kenyamanan:Nyaman di pakai",4,0,1745481030
afit_lexy,"Warna:hitam dof
Ukuran:pas
Kenyamanan:sangat nyaman",5,0,1738297031
h*****d,"Warna:hitam polos bagusss
Ukuran:pas
Kenyamanan:nyaman tapi untuk kacanya agak kaku ya. tapi gak apa apa, masih baru juga",5,0,1741591743
citrapratamapanji,"Warna:bagus
Ukuran:pas di kepala
Kenyamanan:sangat nyaman",5,0,1741153231
nurulhanik,"Warna:sesuai deskripsi
Ukuran:pas
Kenyamanan:nyaman",5,0,1743443484
apridoi,,4,1,1739389148
m*****l,"Warna:ɢʀᴇʏ ɢʟᴏsʏ
Ukuran:ʟ
Kenyamanan:ᴍᴀʏᴀɴ

ᴘʟᴀsᴛɪᴋ, ᴀᴅᴀ ʙᴇʙᴇʀᴀᴘᴀ ʏɢ ᴋᴜʀᴀɴɢ ʙᴀɢᴜs",3,0,1742416906
dhue5psph6,Baik,5,0,1736487565
rasta_fara_29,"Warna:Sesuai
Ukuran:Sesuai
Kenyamanan:Lumayan

Ringan banget helmnya entah SNI beneran atau ga. Kalau buat gaya sih ok",3,0,1743305952
a*****m,"Sesuai harga, dan datang  dalam.keadaan packing rusak",4,0,1761617071
ahmadyasinalhaudhi,Pesan grey yg datang warna merah,1,0,1739066590
richardredianto,Ok,5,0,1747803070
raden_aka22,mantap helm nyaa,5,0,1741783215
imanherliman10,"Warna:sesuai bagus
Ukuran:pas
Kenyamanan:sanngat cocok",5,0,1747468119
mirahibrael261294,"Warna:warnanya bagus
Ukuran:pas
Kenyamanan:ringan dan nyaman dipakai",4,0,1759825498
asepbekuanbro,"Warna:sesuai gambar
Ukuran:pas
Kenyamanan:b8asa

design memang keren tapi kalau keamanan kurang meyakinkan, bahan materialnya kayak plastik buat bikin barang imitasi, tapi ya entahlah harga segitu lagian kan yak",4,0,1741516541
zannymarry,"Lama sekali kirain hilang,over all semua oke datang dlm kondisi baik",5,0,1754299038
muhammadjkt,"Warna:bagus
Ukuran:pas
Kenyamanan:kurang nyaman kacanya kalau di tutup di buka lagi sulit kaca samping kaya rusak harus di teken 2 tangan baru bisa buka lagi kacanya, mohon lebih teliti kalau mau kirim cek produk bener2 bekerja dengan baik",4,0,1744887629
a*****4,Terimakasih barang sudah diterima dan sesuai dengan pesanan,5,0,1745054605
s*****i,"Warna:real pick
Ukuran:pas d kepala
Kualitas:bagus",5,0,1735649157
saepuddin123,"Warna:sesuai
Ukuran:pas

Untuk harga segitu cocok sesuai barang",5,0,1742904845
hi0e4rmoso,"Warna:cocok
Ukuran:pas
Kenyamanan:nyaman saat di pakai",5,0,1738462766
elziena,"Bagus sebenarnya suka bngt tpi ko ad goresannya, ya walaupun sedkit kecil jg tpi tetep keliatan klo dari deket dan ad kya bekas minyak gtu di helm nya pdhl mau jdi kado buat pacar:(",5,0,1753537613
rezaardiyansyah13,,4,0,1737548390
syainalsyamsulbahri,"Warna:hitdof
Ukuran:m",5,0,1746307462
fulmisari084,"Warna:GREY Glosy
Ukuran:M
Kenyamanan:LUMAYAN

👍👍",5,0,1742515924
arl_13xs2i,"Warna:grey
Ukuran:pas
Kenyamanan:agak kekecilan dikit

Ada baretnya dikit di helm nya tapi it s Ok gapapa",4,0,1745918279
fgjwxya4j0,"Warna:bagus
Ukuran:pas dn sesuai
Kualitas:sanggat memuaskan",5,0,1734974178
pgx24rkuol,"Warna:mantap
Ukuran:pas
Kenyamanan:nyamann

Mantaplah dgn harga segitu👍👍👍",5,0,1746960608
burhanudin26,"Helm Ini bukan yang terbaik, tapi helm ini sesuai dgn harganya... worth it",5,0,1745137572
qcxe2iu9yl,"Warna:sangat bagus
Ukuran:pas
Kenyamanan:sangat nyaman

Buruan beli guys",5,0,1741857552
mhmmdfikri063,"Warna:sangat bagus
Ukuran:pas di kepala
Kualitas:sangat bagus dan baik",5,0,1735039906
a*****z,"Warna:Sesui dengan apa yg di pens
Ukuran:uk m lebih besar tidak sesui expetasi
Kenyamanan:nyaman",3,0,1747136833
amielavr,Kenyamanan:mntul,5,0,1738452554
j5l604rbwj,"Warna:hitam
Ukuran:L
Kenyamanan:bagus nyaman meskipun agak kebesaran mintak M di kasi L

Mantap suami suka.
Makasih semoga laris manis",5,0,1738825948
rezkiputraa13,Helmnya bagus dan keren untuk harga segitu udah waw banget,5,0,1753509512
rpsumpitt,bagus admin nya ramah rekomen lah beli di sini,5,0,1732946452
elvanalfinzen,"Warna:abu-abu
Ukuran:pas banget njir
Kenyamanan:nyaman ei enak di pakai",5,0,1738822955
masda_333,,2,1,1736976125
wsgx49r1mb,"Warna:sesuai dengan gambar
Ukuran:pas
Kenyamanan:ringan dan nyaman dipakai",5,0,1738970598
indraxyz,Mantabbb semuanya..,5,0,1739014673
randianggara879,"Kualitas:bagus
Tampilan:sesuai dengan gambar
Cocok Untuk:berkendara sepeda motor",5,0,1750856041
dika_0000,Jasa kirim nya gak jelas bisa bisa nya paket ketuker,5,0,1746833124
renar73,Barang aman,5,0,1742982763
fajar.bond,"Warna:ok
Ukuran:pas
Kenyamanan:ok

Untuk barang ok",5,0,1742964323
phewid,"Warna:mantap
Ukuran:pas
Kenyamanan:aman

Nyampe dengan aman",5,0,1736040031
yestako2004,"Sebenernya lumayan helm nya. Cuma finishing nya kurang, trus saya minta yg XL di kasih yg L",2,2,1750960861
justme_nezz,"Tampilan:Bagus aja
Kualitas:bagus aja
Cocok Untuk:kepala lahh kocakk",5,0,1749042470
nuraybell,"Warna:ok
Ukuran:pas
Kenyamanan:sangat ringan di pakai",5,0,1737448307
tian.nf,"Warna:bagus
Ukuran:lumayan tapi agak longgar dikit tapi tpp
Kenyamanan:baik",5,0,1737721359
azrul12,"kardusnya mah masih ada, helmnya udh ilang di maling di parkiran🥹🥹 sedihh",5,0,1759079825
alok85,"Warna:abu-abu gelap
Ukuran:pas",5,0,1755774844
leoramadhani710,"Warna:Okylh sesuai hargai cuma agak lecet sikit
Ukuran:pas
Kualitas:blom di  tes sih",4,0,1734759689
m.zeiny,"Warna:sesuai
Ukuran:pas

Biar bintang yang bicara soal jasa kirim lama barang sesuai",3,0,1737554020
jukijuki517,"Warna:keren
Ukuran:pas dikepala
Kenyamanan:sangat nyaman",5,0,1736499385
wahyuhidayadjati22,"Paket terlalu lama sampai tujuan, setelah di samperin di kator kurir baru selesai",5,0,1736236962
asephputra,"Warna:hitam
Ukuran:pas
Kenyamanan:sangat nyaman di pake",5,0,1748612993
ay_xkbh5ky,Bgs,5,0,1759969663
ardansurachman48,"Warna:keren
Ukuran:tidak pas
Kenyamanan:lumayab

Ukurannya M nya longgar, selebihnya mantap bgt",5,0,1741688330
46_t5jknl1,"Warna:abu""
Ukuran:L
Kualitas:terbaik min",5,0,1734401835
arjunamaxx436,"Warna:sesuai pesanan
Ukuran:pas L
Kenyamanan:Lumayan nyaman",5,0,1736409667
n*****u,"Warna:warna sangat terang dan cantik
Ukuran:pas dan sesuai di kepala
Kenyamanan:sangat nyaman dan keren

terimakasih",5,0,1740619061
saifulya492,"Warna:hitam doff
Ukuran:pas
Kenyamanan:nyaman dipakai

Agak kecewa nunggu 12 hari baru nyampek",3,0,1738019433
erikprem,"Warna:sesuai
Ukuran:pas
Kenyamanan:nyaman",5,1,1736250463
rafli_9990,"Warna:bagus
Ukuran:gede dikit gpph lah
Kenyamanan:sangat nyaman dan enteng",5,0,1742349860
v*****w,produk sesuai pengiriman cepat,5,0,1736299117
ryujunaanairi,"Warna:bagus
Ukuran:sesuai
Kenyamanan:nyaman dipakai",4,0,1739337210
frans.mulyadi,"Warna:bagus & sesuai gambar
Ukuran:pas & sesuai
Kenyamanan:nyaman",4,0,1755074628
wiraardiansyah478,"Warna:bagus idaman bgt
Ukuran:pas
Kenyamanan:sangat nyaman

Minus di bagian kaca susah di buka tutup nya plus brisik",4,0,1742570528
deavinsa2007,"Warna:bagus
Ukuran:pas dan nyaman
Kenyamanan:sangat nyaman",5,0,1745471085
zs76023e7c,"Warna:bagus
Ukuran:tidak pas
Kenyamanan:sangat yaman

Saya beli XL tetapi yg datang ukuran L kurang nyaman sih tapi gpp deh yg penting datang dengan selamat sampai tujuan 😁",4,0,1736174539
30titik.lmy,"Warna:bagus
Ukuran:pas
Kualitas:baik

Aku suka...aku suka....😁😁😁😁",5,0,1735293804
budiblack56,"saya pesan dua helm yang datang satu helm saya, yang satu lagi mana? 
katanya mau dikirim lagi, sampai sekarang belum dikirim. sudah doa minggu dari saya konfirmasi sampai sekarang belum datang yg satu nya lagi.. 
kecewa saya toko ini tidak teliti dengan pesanan yang diminta konsumen.....!!?",1,3,1750479674
bimantara_000,"Warna:bagus
Ukuran:pass XL
Kenyamanan:nyaman tidak berat

Mantablah sesuai harapan",5,0,1736358949
ahmadhasbi856,"Warna:cocok
Ukuran:pas di kepala, nyaman
Kenyamanan:terasa adem dan nyaman",5,0,1744848802
akmaljuna547,"Warna:finishing ok buat helm budget segitu
Ukuran:pas sesuai pesanan
Kenyamanan:nyaman tapi busa kurang bagus tapi ok

Estimasi terlalu lama nunggunya",4,0,1736843605
b*****9,"Warna:bagus
Ukuran:pas
Kenyamanan:nyaman saat di pakai",5,0,1750844588
naning_1997,"Warna:hitam dof
Ukuran:M
Kenyamanan:sangat ganteng helm mya",5,0,1745743969
ib0nwq7l19,"Warna:bsgus
Ukuran:paz
Kenyamanan:nyaman saat dipakai",5,0,1738240444
nandapangrib,"Warna:Doff
Ukuran:pas
Kenyamanan:Sangat nyaman

Terbaik",5,0,1739262324
babangarulsahputra,"Warna:bagus
Ukuran:L
Kenyamanan:nyaman untuk sehari²",5,0,1741085716
sofyanekoferdihansyah,Harga sesuai murah kualitas ok,5,0,1745449882
a*****4,Overall buat harganya udh termasuk murah bgt.. ga bisa komplen ini itu. good job seller salam sukses,5,1,1756226876
theegastorytheegastoty,"Oke lah, walaupun dus/kotak pakkingnya sobek"" Yng penting isinya lah",5,0,1744679378
h.mpenk,"Sangat memuaskan, joss dengan harga",5,0,1735550853
whansrass,"Kalau barang sih oke,,,cuman jasa kirimnya lemot banget,sangat mengecewakan.",4,0,1756085593
ibnumaulanaaedi,"Warna:oke lah
Ukuran:buat ukuran M benar tapi masih agak longgar
Kenyamanan:nyamanin aja",4,0,1741581007
bobraksa,puas seller mantap,5,0,1739066533
radityalim,Pesennya yg mla cosmo kaca gelap datangnya j5,2,0,1756092842
muhammadnabilsholahuddin,"Warna:Grey
Ukuran:M. Pas
Kenyamanan:Sangat nyaman dipakai. cuman Kadang kadang visornya pas diturunin copot",3,0,1743950300
derildoang,"Warna:putih
Ukuran:L
Kualitas:Sangat baikk.dalam nya tebal helm nya ringan",5,0,1735082217
arifsaputra884,"Warna:sesuai
Ukuran:pas
Kenyamanan:Alhamdulillah Yaman",5,0,1741279268
romliweh,"Warna:tidak sesuai yang datang warna hitam doff bukn merah
Ukuran:kaya L
Kenyamanan:oke lah",1,0,1750327322
ator1024,"Helm nya bagus busa nya lumayan tebel. 
Cuma sayang saya pesen hijau di kirim biru",5,0,1737790439
22041973_123456,"Warna:memiliki pigmen yang bagus
Ukuran:pas
Kenyamanan:sangat nyaman",5,0,1742380302
dhera_collection3003,Bagsu,5,0,1762085665
janoe78,"Warna:merah maroon
Ukuran:pas dikepala
Kenyamanan:sangat nyaman dan ringan",5,0,1742367171
wardonypk,"Warna:bagus
Ukuran:pas sesuai
Kenyamanan:mayan sejuk dipake harian",5,0,1748544262
owandamaila,"Warna:merah
Ukuran:xl
Kenyamanan:bolelah untuk seharga gitu. mntap deh",5,0,1741293871
goezraka603,"Warna:tidak sesuai pesanan
Ukuran:pas
Kenyamanan:sangat nyaman

Lebih tekiti dalam pesanan. Warna model dll",4,0,1741506784
zaskiavidi76,Kenyamanan:sangat nyaman,5,0,1738641530
mohammadraihan.,Kenyamanan:sangat nyaman,5,0,1746787297
d5qo8mj9wa,"Warna:bagus
Ukuran:pas
Kenyamanan:nyaman

Kaca agak susah dibuka, packing boxnya kurang nyaman dilihat, tapi barang aman..",4,0,1741659742
mystyel.id,"Pengiriman lelet 3 hari barang di gudang stts nya ga dikirin kirim ,tapi ok untuk produk bagus 🙏🙏",5,0,1745638153
desipriyantini,"Warna:hitam
Ukuran:pas dan sesuai
Kenyamanan:ringan dan nyaman dipakai",5,0,1740095633
yukkymardiyansyahyukky,"Warna:sesuai
Ukuran:pas
Kualitas:memuaskan",5,1,1735271843
jeremylimbong,"Warna:sangat seusai
Ukuran:ukuran pas
Kenyamanan:nyuaman banget rek",5,0,1736644762
noeacil,"Warna:bagus banget
Ukuran:Pas dengan ukuran kepala
Kenyamanan:enak dipakai",5,0,1742393720
muhammadfardanilham,"Warna:model yg bagus
Ukuran:agk kebesaran sih di kepala aku
Kenyamanan:nyaman untuk di pakai",4,0,1745490263
ydxjyg9w0g,"Warna:bagus rapi
Ukuran:pas
Kenyamanan:nyaman dipakai",5,0,1747026991
a*****5,"Warna:Bagus dan sesuai dengan gambar
Ukuran:Pas di kepala

Barang nya bagus dan dikemas dengan baik",5,0,1742438218
cepisetiawan403,"Warna:silver glosy
Ukuran:L
Kenyamanan:lumayan

Minta UK m datang L. Gpp lah barang oke",4,0,1745140780
l7tnq9ic5z,Kualitas gabus kurang nyaman di pakai.. Klau body luar bagus. Penjual fast respon tapi Pengiriman sangat lambat,4,0,1737628548
r8h8fevfe4,Terima kasih barang sampai sesuai pesanan,5,0,1740537368
pjbw2__x58,lumayan bagus untuk kelas harganya,5,0,1738746311
khalilurrahmananwar,Alhamdulillah sudah sampai di rumah terimakasih banyak tukar seadanya minta rela ulun dunia Wal Akhirat,5,0,1757346795
fahmiaziz617,Mantapppp...... 👍👍👍👍,5,0,1735261076
m*****0,"Warna:sesuai
Ukuran:pas saat digunakan
Kenyamanan:saat digunakan nyaman",5,0,1746351911
rizkyfatwamaulanachannel,"Warna:hitam doff
Ukuran:XL
Kenyamanan:oke sih

Tapi bukannya merek HKM cosmo y
Malah yg terkirim MLA cosmo abgku
Minimal jualan jgn nipu bg
Tulis keterangan disitu merek MLA jgn tulis HKM 
Jdi kecewa org
Barangnya oke aman hanya saja ingin HKM malah MLA jjr aj KLO jualan",5,0,1754630306
ibrael1518,"Kualitas:ada beberapa bagain cat yg gelembung,

Lumayan untuk hrga sgtu,txs",4,0,1738109198
gushfd,Paking cuma dus kurang safety pada penyok expedisi banyak pending,5,0,1750405569
novandaprilianda,"Warna:mantap
Ukuran:paa
Kenyamanan:nyaman ringan ga terlalu berat",5,0,1738655942
moggele_21,"Warna:sangat bagus
Ukuran:sesuai
Kenyamanan:sangat nyaman",5,0,1736053478
a2ylqswe29,Barang Alhamdulillah bagus tapi sayang pengiriman lambat,1,0,1737637997
inlh4szs20,"Warna:sangat bagus
Ukuran:ukuran pas sesuai
Kenyamanan:sangat nyaman

Tapi agak kecewa sedikit , kaca nya sedikit pecah .. mohon harus lebih teliti lg ya..",4,0,1743088641
oktyansani916,"Warna:putih
Ukuran:sesuai dengan kepala saya
Kenyamanan:sangat nyaman dan empuk dalam nya

Mohon di cek kembali kalau mau packing saya pesan hitam dof tapi yang datang warna putih",1,0,1742560907
vfnh_e6xg4,Barang nya bagus cuman packing nya jelek asal2 an untung gak knapa2 helm nya lain kali di perbaiki lagi packing nya om🙏,5,0,1750038304
anton_kekey24,"Warna:sesuai dg pesenan
Ukuran:sesuai dg pesenan
Kenyamanan:nyaman untuk dipakai",5,0,1744784056
bngnus,Sesuai pesanan,5,0,1740386734
bangkendoyobae,"Warna:putih
Ukuran:pas dan sesuai
Kenyamanan:mantap pokok nyaa

Barang oke bagus sesuai",4,0,1746020273
u*****3,Bagus bangett sesuai gambar,5,0,1736156276
lintangaquascape736,Ukuran:model menurut saya bagus .tp kwalitas bahan kurang .it menurut saya ya..ini jujur.kaca buka nutupnya kasar.barang ringan banget.dengan harga segitu ya cukup lah sesuai sama kwalitasnya🙏,3,0,1737562535
arganta.ghaisan,Sesuai pesanan,5,0,1742192823
arbim_pramasto,"Warna:bagus tapi pengerjaan kurang rapih
Ukuran:pas dikepala
Kenyamanan:lumayan

pengerjaan tidak rapih tapi overall sesuai dengan harga",4,0,1743494571
narutoshippon1,"Ukuran:pas
Kenyamanan:nyaman

min baut dekat visor nya udah berkarat min tapi helm nya bagus mines nya ya itu baut nya sama spoiler nya min agak kurang nempel lem nya itu aja min makasih",5,0,1756969077
nanangardiansya10,Goodd,5,0,1747232408
agungwahyu069,"Warna:sesuaii ama pesenan
Ukuran:sesuaii
Kenyamanan:sangat nyaman,tetapi plastik belakangnya tipis dan gk nempel kuat",4,0,1750219978
syakurulloh,"Warna:merah sesuai pesanan
Ukuran:L
Kenyamanan:cukup

Cuman sangat kecewa banget sama kurirnya",4,0,1745549290
b*****s,cat nya yang biru ada yang kelupas,4,0,1759392189
kevinzzzzz263,"Warna:hitam doff
Ukuran:pas dikepala
Kenyamanan:nyaman busanya empuk",5,0,1738672724
m.iqbal.firdaus23,"Warna:sangat bagus warna sesuai top.lah
Ukuran:pas
Kenyamanan:blm di coba",5,0,1742997292
khy2epygfd,"Warna:sesuai
Ukuran:pas
Kualitas:sesuai ekspektasi

Baik",2,1,1735928562
58umo4srgl,Sesuai pesanan mantap,5,0,1740808612
abahkuman,"Warna:bagus
Ukuran:pas

Perekat aksesoris kurang kuat, harus ditambah perekat sendiri dengan lem atau double tape 3M agar kuat",4,0,1738213200
a*****n,"Warna:bagus
Ukuran:minta M tapi koq kek besar bgt
Kenyamanan:bagian atas di ubun² gak empuk

tampilan keren",4,0,1746268063
__santi_,"Warna:sesuai
Ukuran:Untuk ukuran XL terasa kecil
Kenyamanan:Ok

Semoga Awat",4,0,1754282324
ai_nurdahlia247,"Warna:sesuai pesanan
Ukuran:pas
Kenyamanan:sangat nyaman",5,0,1741480278
buyutjagaraksa,"Warna:sesuai pesanan
Ukuran:pas
Kenyamanan:nyaman di pakai",5,0,1741373096
sandyrainz,"Warna:sesuai pesanan
Ukuran:pas
Kenyamanan:nyaman di pakai",5,0,1739979873
rizalcutngoh,"Cocok Untuk:harian
Kualitas:biasa aja

Bagus....cuma longgar dipake... padahal size M ... Kurang presisi..goyang2 waktu dipakek",2,0,1749056417
syahidzubair637,"Warna:sesuai
Ukuran:sesuai
Kenyamanan:enak pas ga terlalu sempit

Bagus",5,0,1737155913
arsakaylash99,Barang sdh di terima hasil sesuai ekspektasi terima kasih,5,0,1739084587
varianadisuryo,"Warna:bagus, tp bisa lbh bagus lg dar ini
Ukuran:xL
Kenyamanan:ringan, tp batoknya krasa tipis bgt",4,0,1742538171
i*****a,"Warna:sesuai
Ukuran:pas sekali untuk bb 55 tinggi 169
Kenyamanan:nyaman

keren",5,0,1757262809
nanangajah194,"Ukuran:ukuran L nya terlalu besar
Kenyamanan:karena kesedihan jadi ngga nyaman

Barang bagus pengerimian juga cepat cuma anehnya saya biasa pake ukuran L nyaman pas sekarang beli ukuran L ngga nyaman banget karena L nya terlalu longgar",3,0,1748572441
juliansah71,"Warna:sesuai yg d pesan
Ukuran:pas
Kenyamanan:nyaman kali",5,0,1745121069
fakhriman_354,"Warna:hitam
Ukuran:longgar dikit
Kenyamanan:nyaman

Sesuai harga, spoiler copot”an mulu, dan strapnya sesuai harganya",5,0,1758877104
mrgiew,"Warna:Hitam dop
Ukuran:m
Berat:ringan",4,0,1735388711
uhmeba0l43,"Warna:sesuai
Ukuran:L
Kenyamanan:sangat nyaman

Keren pokona mah",5,0,1738836522
dederukmana912,"Warna:hitam glossy
Ukuran:M
Kenyamanan:sangat nyaman, pas dan sesuai...",5,0,1746778958
pilihanki,"Warna:marun
Ukuran:pas
Kenyamanan:sangat nyaman",5,0,1752894659
nadianazea,Pesen nya warna hijau yg datang warna biru,3,0,1735546144
pusxxftkaz,Ukuran:barang sesuai pesanan kualitas ok good job 👍,5,0,1741221093
m*****i,"Warna:sesuai dengan foto
Ukuran:pas nyaman
Kualitas:terbaik",5,0,1734579069
0mnoorsaf06,"Warna:futuristik
Ukuran:sesuai
Kenyamanan:cukup nyaman....tadinya pesan yg Cosmo

Semua y baik...gak perlu ragu ,dgn harga segitu dapat barang bagus & stylish",5,0,1751270977
o1fupbqiw8,"Kualitas:keseluhanboke
Tampilan:bagus banget GK nyeseldeh beli di nih
Cocok Untuk:pas",5,0,1752118499
ppsserambigunung,"Warna:hitam dof
Ukuran:pas
Kenyamanan:kurang nyaman

Helmnya kurang sih, masih bagus helm standart  bawaan motor",2,0,1746084035
ajumaisaljambi,Harga sesuai,5,0,1748085703
antonsaputra161,"Warna:putih
Ukuran:M.
Kenyamanan:agak kurang nyaman soalnya ukuran M tpi agak kegedean kyk ngk ukuran m...",5,0,1740972782
wana_888,"Tampilan:sangat bagus
Kualitas:oke",5,0,1749043121
rihira,"Warna:menarik
Ukuran:pas
Kenyamanan:sangat nyaman

Sayang ada yang patah jdi ga 100persen sempura",5,0,1759483107
azahsalsabilla12,"Ukuran:pas
Warna:grey doff
Durabilitas:awet enak

Bagus real gambar",5,0,1732969351
musafirmusafir951,"Warna:cocok
Ukuran:pas
Kenyamanan:kecewa",5,0,1754319280
nauvaljamalullail,"Warna:sesuai
Ukuran:m, cuman busanya ga tebal,jadi agak kendor di kepala
Kenyamanan:lumayan",3,0,1738486130
akunalli,"Warna:hitam
Ukuran:-
Kenyamanan:sangat nyaman",5,0,1742113541
oq71lcqqi7,"Warna:bagus
Ukuran:pas dan nyaman
Kenyamanan:sngat nyman pas di pkek",5,0,1745600340
aldosipandi,"Warna:sesuai
Ukuran:pas
Kenyamanan:bagus busaa tebal

Helm bagus sebenarnya tapih Cat nya banyak lecet kurang Bagus pengecetan sama lock visor  agak longgar",3,0,1742210910
armandzaky,bahan ok pas bngt keren,5,0,1743084522
wpol86mp8k,"Warna:maroon dop
Ukuran:s
Kenyamanan:ok

Mkasih.. Barang sidak ktrima",5,0,1747841719
kiosmerah234,"Warna:hitam
Ukuran:xl
Kenyamanan:manrapp",5,0,1746499092
wakhidtawakkal99,"Warna:jos
Ukuran:pnp
Kenyamanan:mantap betul",5,0,1738913919
ashaasy,"Warna:kereen
Ukuran:pas dg kepala
Kenyamanan:busa tebal",5,0,1744635823
mohammadrifqi294,"Warna:sesuai pesanan
Ukuran:pas
Kenyamanan:nyaman, joss",5,0,1744800650
d*****o,"Ada kesalahan pengiriman warna, tapi overall good",5,0,1742255210
s14ry8bwom,"Warna:sangat bagus
Ukuran:L
Kenyamanan:nyaman dan ringan",5,0,1748411112
dahliyanisaputri,"Warna:sesuai di gambar
Ukuran:pas bgttt
Kenyamanan:nyaman",5,0,1743742375
iyonmaskur,Sy.. Pessn  L tpi besar kya XL jdi kbeaaran nga enak d pake,5,0,1744877436
i26570cz_x,"Warna:memiliki pigmen yg bagus
Ukuran:pas dikepala dan nyaman
Kenyamanan:ringan",5,0,1742615719
w8i4lfwcrw,"Warna:merah D
Ukuran:m
Kenyamanan:nyaman

Bagus GK kaleng² murah juga",5,0,1750419076
byonedkzulzuliant,"Warna:nice
Ukuran:fasss
Kenyamanan:aaaahhh kurang empuks:V",5,0,1750338720
rendanovallucciano,Ukuran:pass,5,0,1733639019
slametekocahyono,Barang bagus remonended banget cuma sayamknya jasa expedisi pengirim nya yang lemaot sicepat aduh jangan oake sicepat lagi ... Klo terkait barang sangat bagys sesuai expetasi,5,0,1746518213
p*****w,"Warna:sesuai pesanan
Ukuran:pas
Kenyamanan:belum dipakai

Helm nya ada yang pecah 👎",4,0,1742466412
r*****7,"Warna:bagus
Ukuran:pas sesuai
Kenyamanan:terasa sejuk dan nyaman

Harga murah, kualitas gak murahan.
Pesanan sampai tujuan melebihi batas waktu estimasi datang.
Lama di bagian pengemasan.",5,0,1751585205
xzmr1hq1h5,"Warna:bagus
Ukuran:sesuai
Kenyamanan:nyaman dan tebal",5,0,1737274426
kembarshoop14,"Warna:hitam
Ukuran:pas
Kenyamanan:lumayan

Barang sudah sampai dan terlalu enteng, tapi ya sudahlah,tidak sesuai yang di harapkan, namun karna sudah barang sampai juga ya biarkan",2,0,1747747133
titintitin563,Warna:hitam ko,5,0,1746680464
c4cab4im,"Warna:ok
Ukuran:ok
Kenyamanan:lumayan,cm busanya terlalu tebal bagian pipi",5,0,1742692856
fajarfaturachmam,"Warna:hidam dof
Ukuran:m
Kenyamanan:sesuai harga",5,0,1738504417
sopyanihsanudin,"Warna:hitam dof
Ukuran:pas
Kenyamanan:busa belakang tidak begitu, wajarlah harga segitu..... kritik terhadap jasa kirim, lama bgt, sampe seminggu... padahal udah deket tapi masih butuh waktu 5 hari untuk sampai rumah... tolong kedepannya lebih diperhatikan...",3,0,1736760400
jacks_separuhw,,4,0,1753118060
h*****d,"Warna:hitam
Ukuran:pas
Kenyamanan:lumayan nyaman

Packing sangat tidak save. Barang sesuai yg diiklankan",5,0,1761244131
nada.yz,"Warna:bagus
Ukuran:pas
Kualitas:baut samping tidak simetris",5,0,1734665962
mafalihaulamafaza,"Warna:baguss
Ukuran:pass dan sesuaii
Kenyamanan:nyaman saat dipakai",5,0,1736141099
0v6iqwavxg,,1,0,1758476681
taoh5v08zx,"Barangnya bagus, sesuai dengan yg di gambar.",5,0,1749511253
jeffry_harazuku,Mantap .. kualitas baik toko amanah,5,0,1731573462
celengasu145,"Warna:sesuai deskripsi
Ukuran:sesuai
Kenyamanan:nyaman

Harga murah tapi nggak murahan next order lagi,,,,",5,0,1761824778
i*****3,"Warna:bagus
Ukuran:xl ternyata sempit
Kenyamanan:sempit jad pipi kaya monyong

agak sempit padahal sudah minta yg Xl dan engga ada keterangan ukuran. 
padahal dengan ukuran yg sama di merk lain cukup.
packing penyok bubble wrapnya tipis.",3,0,1744701722
r4axklsash,"Warna:oke
Ukuran:XL
Kenyamanan:ok",5,0,1748179373
hafshahzarmina,Goood lah dengan harga segitu,5,0,1757682231
oji_april,"Warna:bagus
Ukuran:kurang pas
Kenyamanan:lumayan

Sepadan dgn harga",5,0,1741314716
4zx7w64vye,Warna:oke,5,0,1742906798
armansupriadi86,Biarkan bintang yang berbicara ☺️,5,0,1756005840
vivivalensia,Bagus sesuai d fto,5,0,1748836548
cndra_55,"Warna:hitam
Ukuran:L
Kenyamanan:mantapp, tebel dalamnya sesuai ekspektasi",5,0,1745489478
whoodhy,Sangat bagus sesuai kebutuhan dan harga nya,5,0,1740021459
6m667mm9wu,Bagus sesuai dengan keinginan,5,0,1751731502
ianlxrose,"Warna:Hitam G
Ukuran:M
Kenyamanan:Pas Nyaman

Helm oke tnpa lecet dan mulus banget, tapi sayangnya perekat spoiler nya gak ada",5,0,1748860484
u*****8,Lumayan lah untuk harga anak sekolahan.helm nyaman juga kok.cuma kaca nya aj kurang terang.selebih nya mantap.terima kasih seller n shopee,5,0,1736405092
fadilahtunnikmah616,,4,0,1757336468
nataliuscuan,"Warna:sesuai hitam glosy
Ukuran:pas L
Kenyamanan:lumayan nyaman dan ringan

Helm nya lumayan bagus semoga awet tidak gmpang rusak.",5,0,1756005631
w*****a,"Warna:bagus
Ukuran:pas
Kenyamanan:nyaman

buat barang oke sih cman knapa di kasihnya spoiler bening kirain saya mah hitam",5,0,1750943807
ridhoadam123.q,"Warna:hitam dof
Ukuran:L sangan pas buat cwok
Kenyamanan:lumyan tebel

Baguss banget rekomendd jngan ragu dahh cepet CO",5,0,1759417404
lennifebrianty,Barangnya SDH sampai bagus sesuai dengan gambar tapi sayang pelayanan penjual nya sama kurirnya kurang bagus,5,0,1745647464
rusmirusmi350,"Warna:grey
Ukuran:M
Kenyamanan:ringan dan nyaman pas di pake",5,0,1744177589
qk4ya7wcaf,"Warna:ok
Ukuran:pas
Kenyamanan:kurang nyaman saat di pakai",4,0,1739969364
aziss2602,"Warna:hitam D
Ukuran:L
Kenyamanan:pas dan nyamaan di gunakan",5,0,1741141385
r*****3,"Warna:hitam
Ukuran:XL
Kenyamanan:nyaman",4,0,1757165148
a*****d,"Warna:sesuai gambar
Ukuran:pas
Kenyamanan:ringan pas dikepala",5,0,1741620489
neng_ana72,"Warna:sesuai
Ukuran:pas dikepala
Kenyamanan:nyaman dipakainya",5,0,1740733835
kanda_ae,"Warna:warna sesuai dan bagus
Ukuran:ukuran pas di kepala",5,0,1741181213
l0cr62x14b,"Ukuran:pas
Kenyamanan:pol",1,0,1742543121
sped_69.anaknyapakwayan,,5,0,1754362059
joejonathan496,,5,0,1752984608
hadziqahmad,,5,0,1750473949
putrabungsu244,,5,0,1758205753
fazkasyah,,5,0,1753155279
dhikabae,,5,0,1754630165
plagaoleng,,5,0,1758165376
t6yxsmhyr4,Warna:bagus,5,0,1742302835
yudiandreas09,,5,0,1757806663
husnulkhatimah070300,,5,0,1758352560
alfinrizaldi99,,5,0,1756212720
giltri.f,,5,0,1756107947
bismillah1987,,5,0,1752969796
naisa6,,5,0,1752943809
gabrielpasaribu865,"Warna:putih
Ukuran:L

kekurangan kardus sudah rusak dan helm ada yang lecet",5,0,1740296210
a*****r,Sesuai harga,5,0,1736639122
u.s.ripto,Oke top,5,0,1758463143
k*****a,"Kenyamanan:nyaman

Murah sih.... Sesuai harga... Soalnya baru pertama beli helm ol... Cat tidak rapih dan kasar....karet pelindung keras...belum dapat yg murah tp berkualitas di produk ini....",2,0,1741127979
zikrihidayatullah939,"Warna:lecet
Ukuran:pas sih
Kenyamanan:nyaman

packing nya kurang bagus.. lecet deh jadi nya..",5,0,1758644928
vendrycosusanto,"Warna:warna sesuai
Ukuran:ukuran ya pas
Kenyamanan:kenyamanan nya cukup",5,0,1744956545
s*****3,ad yg lecet sm rusak sdkit bgt ajaa,5,0,1753442871
ramdaniaj,"Warna:sesuai pesanan
Ukuran:ukuran pas
Kenyamanan:nyaman dipakai

Kualitas bagus sesuai harga",5,0,1761477027
hiskiatobing996,"Warna:Black Doff
Ukuran:L
Kenyamanan:Lumayan Nyaman

Helm dengan harga terjangkau, lumayan bagus dan nyaman. Mantap",5,0,1762777322
e*****r,"Warna:bagus putih terang
Ukuran:pas tetapi agak longgar dikit
Kenyamanan:nyaman tetapi helmnya besar banget jadi berat

bagus suka cuman belakanganya itu yang aksesoris itu kan ada solatip nya tetapi solatip nya gak ngerekat banegt tetapi oke tapi yg aku gasukain kacanya sih soalnya kayak lincip gitu jadi pas di buka sambil naik sepeda itu aneh banegt kek paruh burung",5,0,1759216341
d*****4,,5,0,1753612579
raffiadityapr_,"Warna:Hitam Glossy
Ukuran:Pas
Kenyamanan:Ringan dan nyaman ketika di pakai, recomend",5,0,1758690667
eaglehorn,"Warna:keren pol
Ukuran:terlalu kecil
Kenyamanan:nyaman

Antara kepala gue yg kegedean, atau ukuran helmnya yg kekecilan. Overall good sih, busanya tebel banget jd empuk, jd terasa sempit di kepala",5,0,1761379777
super.slamet,"Warna:sesuai gambar
Ukuran:ok
Kenyamanan:nyaman di pakai",5,0,1740486356
awingal,Ukuran:besar banget helmnya ukuran kepala pas helm aja yg besar,2,0,1739503261
siswoyo261,,4,0,1754898370
f*****7,"Warna:sesuai dengan yang dipesan
Ukuran:pas
Kenyamanan:nyaman",5,0,1744102329
hasyafa46,"Warna:pas
Ukuran:pas
Kenyamanan:barang bagus, mantap",5,0,1744206182
,"Warna:Hitam doff
Ukuran:M
Kenyamanan:Nyaman

Buat warna dan ukuran sudah pas, namun karet bagian bawah helm terlepas mungkin lemnya kurang kuat. Overall sudah good",4,0,1746858078
lojongboy,"Ukuran:pas
Durabilitas:sangat bagus
Desain:keren",5,0,1730605030
jtmtpiimnn,"Ukuran:pas

Ada yg patah dibagian saluran angin",4,0,1760359245
alfianayatillah517,mantap sesuai pesanan,5,0,1735360429
carakabuwono,"Warna:bagus dopenya cuma ada baret2 dikit gapapa deh
Ukuran:enak buat pacil m
Kenyamanan:m aja buat pala gue yg kecil lumayan sempit buat kalian yang mau agak longgar ambil L aja",5,0,1760101621
martinsavrizal,"Warna:hitam doff
Ukuran:M

Helm nya sudh sampai lengkap dgn spoiler nya...
Tpi syg enggak press padahal sudh pesan ukuran M",5,0,1758196791
dianrizqullah,"Warna:bagus sesuai
Ukuran:pas di kepala
Kenyamanan:keren dah nih",5,0,1750169828
nitzy13,"Warna:sesuai
Ukuran:pas
Kenyamanan:kurang nyaman, kaca depan gak mulus buka tutup",3,0,1737261455
mhsyahputra,"Warna:bagus
Ukuran:agak kecil dari normal, lebih bagus bei yang diatas biasa pemakaian
Kenyamanan:nyaman,.bagi yg suka press di pipi (kalau saya kurang)

Bagus, tapi yang dipilih HKM malah yg dikirim MLA",5,0,1755272180
denismuhammaddenis650,"Warna:bagus
Ukuran:pas
Kenyamanan:ringan pas di pakai👊

Saya gk video lagi karena udah yakin",5,0,1758897840
n*****.,baru dateng udh pada patah semua sedih bgt,2,2,1744111260
dwisugiharto,"Barang sudah diterima, bagus, semoga awet....",5,0,1738831868
musliminmuslimin563,"Warna:hitam
Ukuran:pas dan sesuai
Kenyamanan:sangat nyaman di pakai",5,0,1739858960
f*****h,"Warna:merah glosi
Ukuran:XL
Kenyamanan:nyaman

Warna sesuai barang bagus ringan, mines lecet sama vent atas kendor kaya mau copot
Tapi okelah ya helm 100rb an",4,0,1737286517
softboy454,"Warna:putih
Ukuran:M
Kenyamanan:sangat nyaman",5,0,1736732809
bayufebrianto11,"""Jgn di ulang kembali""",5,0,1755183610
angkyoso,"Barang sudah datang dan diterima, mudah2an Awet dan bisa Tahan Lama",5,0,1742981452
rioadisaputra407,,2,0,1750330212
luthfan88,"Warna:Merah maroon
Ukuran:XL
Kenyamanan:Ringan

Bagus helm nya sesuai pesanan, pengiriman juga cepat karena pakai sameday",5,0,1759242417
farhanulqalbijr,"Ukuran:Ada yg retak dkt spoiler, tp gpp la
Desain:keren",5,0,1730766053
trionoalqorni,"Warna:maroon
Ukuran:L
Kenyamanan:nyaman",5,0,1736592840
y4taq18fnz,"Warna:warna nya agak kusam
Ukuran:pas
Kenyamanan:nyaman

Stiker ga sesuai di poto",4,0,1741677579
etenjr,Mantap pak bos👍,5,0,1756743349
i*****a,"Warna:hitam doff
Ukuran:XL pas
Kenyamanan:nyaman

Bagus barangnya tapi baru dipake 1x spoiler lepas dan ilang",5,0,1757576275
galuh19427,Produk bagus 👍👍,5,0,1742276716
,"Warna:sesuai
Ukuran:pas
Kenyamanan:busa tipis

Ada baret besar 2 titik",3,0,1741670353
czud8vir2m,"Warna:cocok
Ukuran:cocok
Kenyamanan:sangat nyaman

keren paten jos 👍",5,0,1736520178
putraagam462,Warna:mayan,5,0,1737646511
v*****8,"Tidak ada busa di atasnya, bikin kepala sakit ketika di pakai",1,0,1747368574
nurvarediansyah,"Warna:sesuai pesanan
Ukuran:XL rasa L
Kenyamanan:panas

Semua kualitas memang sudah sesuai dgn harga, jangan terlalu ngarep lebih jika harga murah 😁🙏

Bentuk dan warna 100% sesuai dgn yg dipesan 👍",4,0,1746955297
pitriadiz,mantap,5,0,1761069482
aryadikhoirulfatah,mantap,5,0,1760356682
d*****z,Kalo untuk anak2 masih terlalu besar. Tks,5,0,1756285004
putrastar02,"Warna:warna sesuai
Ukuran:ukuran nya kurang sesuai saya pesen yg m yg Dateng l
Kenyamanan:kenyamanan lumayan tapi agak kurang pas aja",4,0,1748430004
jejejenny455,"Warna:warna yang di kirim tidak sesuai yang di pesan
Ukuran:L

Warna yang di kirim tidak sesuai yang di pesann, pesan warna putih yang di kirim warna hitam",5,0,1738813393
_bimbom,"Warna:sesuai gambar, mulus tidak ada lecet
Ukuran:pas
Kenyamanan:sangat nyaman

The bestt!!!!!! 🌟🌟🌟🌟🌟",5,0,1751092493
h3rrysky,Helm nya sesuai di gambar tp sayang ada lecet dikit,4,0,1741949980
yutamlbb625,"Warna:hitam doff
Ukuran:sangat sesuai
Kenyamanan:sangat nyaman

Saya cuma ada 1 keluhan,lem buat masang sayap belakangnya kurang kuat",5,0,1757467112
andikavrziawan,Bagus pengiriman cepat,5,0,1738907209
0*****8,Kenyamanan:sesuai dng harga ?,4,0,1736584343
aizamafazamarzia,"Kurir sangat baik dan sopan ,,trimakasih",5,0,1734058720
qh8jp7gbgq,"Warna:sesuai di gambar
Ukuran:pas uk M
Kenyamanan:ringan dan nyaman",5,0,1741502195
ardiyan1986,"pas bianget di pakek. mak teplek gak longgar, gak smpit. paaassss bgt",1,0,1739647702
hantu29,Warna:nise,5,0,1746271045
antiimeriani_10,"Bagus , bapak kurir nya juga baik bgt🙏
Sukses selalu buat toko sama bapak kurir nya🙏",4,0,1741265528
ilham.wahyudi_1989,,5,0,1754546192
azrimuhammad552,"Warna:HITAM DOF
Ukuran:xl
Kenyamanan:sangat nyaman

Sangat keren gk nyangka sekeren ini wajib beli sih untuk harganya dengan kualitas nya sih cocok",5,0,1760181858
d*****a,"Warna:bagus
Ukuran:pas
Kenyamanan:terasa sejuk dikulit

Bagus semua
All Please subscribe DhikaTv (Dtv) di YouTube ya.. nanti touring pake helm ini",5,1,1751455298
waldiyanto603,"Ukuran:ukuran pas buat kepala saya
Durabilitas:produknya ada cacat
Desain:lumayan",5,0,1730605053
lq8bic9g23,,5,0,1756891181
cykazrh9q3,"Warna:bagus
Ukuran:passsssssssss
Kenyamanan:lumayaann",5,0,1741175805
adebaru010,"Alhamdulilah barang nya sudah di terima,tapi ada lecet sedikit gpp lah buat toko semoga semakin maju dan sukses",5,0,1745845698
triyai,"Warna:hitam dof
Ukuran:pas
Kenyamanan:nyaman",5,0,1739338923
anuchou,,5,0,1754458258
daffahafidzun,"Warna:sangat bagus dan sesuai
Ukuran:ukuran produknya pas
Kenyamanan:sangat nyaman saat di pakai kemana mana",5,0,1752579189
yoganewyoganew,"Warna:bagus
Ukuran:pas
Kenyamanan:baik dan nyaman

Aku suka banget 🗿",5,0,1760659511
ckyueltofx,"Warna:sesuai dengan gambar
Ukuran:pas
Kenyamanan:nyaman pas",5,0,1746620034
yunuspamangkih,"Warna:HKM COSMO-HITAM D,M
Ukuran:lumayan pas di kepala
Kenyamanan:ringan enak buat jalan jauh 👍🏼",5,0,1751791002
alfa_rha,Cocok,5,0,1761995790
a*****0,,5,0,1760851684
d*****7,"Bukan hasil repaint kan?tapi bagus ko helmnya,top deh",4,0,1745663544
ahmad_abdulloh85,Kualitas Sesuai harga. Cat. Ya kurang rapih ada yang belepotan.,3,0,1735637465
t*****o,"Cocok Untuk:berkendara
Kualitas:bagus
Tampilan:menarik

Barang sesuai deskripsi dan pesanan",5,0,1762065563
p*****l,"Warna:Bagus

Lumayan, sesuai harga",4,0,1754570503
d*****8,Pas di pakai,5,0,1752918900
fr0arrv88_,"Barang bagus 
Sesuai pesanan",5,0,1738580608
kristiyonoadhicrees,Sudah diterima dengan baik sesuai deskripsi yg dipesan kualitas ok seller respon baik semoga awet dan terimakasih 🙏,5,0,1757339325
abdulmajit781,"Warna:putih
Ukuran:xl
Kenyamanan:sangant nyaman",5,0,1742517298
agussyahidin699,Untuk barang ada harga ada kualitas ...cuman agak kecewa dipengiriman sudah melebihi tanggal estimasi....tolong di evaluasi lagi supaya pelanggan TDK kecewa ...tenang saya akan tetap kasih bintang 5,5,0,1761146000
tawfiqakbar,Pembelian kedua dan memang bagus dan mantap,5,0,1760681619
bossdefril,"Warna:sesuai dengan pesanan
Ukuran:pass banget cocok yg berkepala besar
Kenyamanan:nyaman busa nya tebal sesuai dengan permintaan ke kakaknya minta yg baguss",5,0,1761793395
idris.barcelu,"Tampilan:keren bang
Kualitas:nyaman

Tapi lama njir 
Gak sabar nunggux",5,0,1749124732
zabibbakar,"Warna:elegan
Ukuran:pas
Kenyamanan:nyaman bgtt",5,0,1743211601
93rba90qh9,"Warna:putih
Ukuran:M
Kenyamanan:enak di pakai",5,0,1744325863
anandariyanhidayat,"Warna:sangat bagus, real pict
Ukuran:pas dan sangat nyaman

semoga awet dan tahan lama",5,0,1761630567
b*****7,"Warna:Sesuai
Ukuran:Sesuai
Kenyamanan:Kurang Nyaman

Saat Buka Tutup Kaca Helem Sering macet dan keras",3,0,1737972010
peringatan.lafau.07,"Barang memang bagus tapi saya kasi 3 bintang karna penjempit gabus udah rusak 2 buah ,saya gak tau apa kelalaian toko atau tertimpa barang lain saat di antar",3,0,1746582492
i*****6,"Warna:mantap
Ukuran:agak besar d saya
Kualitas:b aja",5,0,1734866940
n.harianto75,"Warna:black dof
Ukuran:L
Kenyamanan:pas",5,0,1737940254
r*****4,"Warna:hitam doff
Ukuran:XL nyaman dan agak gede sedikit gapapa lah yak
Kenyamanan:enak nande²",5,0,1757496529
pangfreaks,"Warna:sesuai pesanan
Ukuran:sesuai pesanan
Kenyamanan:nyaman dipakai dan ringan

Ok sip, mantab",5,0,1753417262
muhyidin.mh,"Ukuran:ikutan All size bukan M yg diminta
Kenyamanan:kaca prlindungn lepas dipasang lepas lagi ga presisi",2,0,1736479708
adjis354,Kualitas Sesuai dengan harga...  Tulisan kurang bagus kyk di tipex,4,0,1736405925
tanzil761,Lumayan untuk harga 100 ribuan,4,0,1748771916
mardi_anto1987,"Maaf sdkit mngcewakan, datangnya 3 minggu, paket helm datang tanpa tali",4,0,1744445684
rifkirohman658,"Warna:baguss
Ukuran:pass
Kenyamanan:nyaman

worth it buat helem harga segitu ygy bagus bahanya juga mantep lay",5,0,1756466462
arissariss114,Mantap 😇,5,0,1761976606
m.refirianto,"Ukuran:pass
Warna:baguss
Durabilitas:passs baguss",4,0,1733557089
fandychelsea601,"Warna:sangat bagus
Ukuran:pas & sesuai
Kenyamanan:ringan & nyaman

barang sangat murah & bagus banget..👍",5,0,1757825379
fatehaheah,"Warna:sesuai
Ukuran:pas
Kenyamanan:nyaman

Kotor banyak bekas tanah",5,0,1761456329
selaa67,"Warna:sangat bagus
Ukuran:pas dan sesuai
Kenyamanan:cukup nyaman",4,0,1748048549
mataharibulan.id,"Ukuran:pas dan sesuai
Kualitas:sangat bagus",5,0,1726481010
r*****6,"Warna:bagus
Ukuran:pas
Kenyamanan:cukup nyaman

Pengiriman juga cepet walau finishing nya agk kurang, tpi overall oke lah buat harga segitu. Semoga aja awet seenggaknya 1 thn an",5,0,1758189114
finganks,"Warna:aman dan terpercaya
Ukuran:pas tai pasti
Kenyamanan:ringan

Saran saya dibeli seharusnya soalnya bagus banget",5,0,1758442605
a*****e,"Very good, recomended seller 👍",5,0,1755328522
ridwan_agustriady,"Warna:hitam doff nya bagus
Ukuran:pas dengan ukuran kepala
Kenyamanan:ringan dan nyaman",5,0,1757239871
2mt4gbs_jm,Tutor ilangin brng yg lcet,3,0,1758854302
y1kno6tss4,,4,0,1748065031
widugeni,,4,0,1734879625
beluk_shop,Bagus banget... Terimakasih banyak seller... Sampai dengan selamat helm nya... Packing aman.,5,0,1758844180
rajamalangbong,Warna:sesuai pesanan trimakasih,5,0,1743146900
adoooooooy_01,"Warna:hitam dor
Ukuran:L
Kenyamanan:sangat nyaman

Barang sesuai ok lah pkoknya trimakasih.",5,0,1757441154
blaytea,Sipp,5,0,1754915357
ayahibra26,"Warna:ok
Ukuran:sesuai pesanan
Kenyamanan:lumayan

Kualitas Sesuai harganya",5,0,1742559767
nandapangrib,"Warna:putih
Ukuran:pas dah nyaman
Kenyamanan:ringan

Ke dua kali nya beli, cepat dan aman saat sampai di tempat. Berkah dan tetap amanah ya min",5,0,1758646846
devinur90,"Warna:sangat bagus dan sesuai dengan pesanan
Ukuran:pas
Kenyamanan:ringan saat dipakai

Barang nya bagus memuaskan,barng sebagus itu dijual murah. Pokoknya bagus",5,0,1758184569
bnuw1cjak7,"Warna:hitam
Ukuran:sesuai
Kenyamanan:lumayan",5,0,1738921207
dwiyuda87,"Warna:sangat bagus sesuai ekspektasi
Ukuran:ukuran pas dan sesuai
Kenyamanan:sangat nyaman dipakai",5,0,1752558707
excelfirdausaudrey,Mantapp baguss buangett pokok nyaa,5,0,1752576753
_afjjuq64_,"Warna:sesuai pesanan
Ukuran:ukuran jg pas",5,0,1745540517
dandisetiawan620,Mantap👍👍 oke helem ny bagus sesuai dengan harga segitu,4,0,1740252790
hasmar.nasution,Produk ok mantap visual puas. Pakai juga enak di kepala mantul,5,0,1759412117
laksajr.,Lumayan harga segitu u,5,0,1741927805
mantociu80,"Warna:mantap hitam dof cuman gak sesuai merk
Ukuran:pass banget
Kenyamanan:nyaman sihh",5,0,1751673577
z*****a,"Ukuran:pas
Kenyamanan:nyaman di kepala, kaca nyaman di gunakan di malam hari",5,0,1752709590
agres77,"Warna:bagus sesuai pesanan
Ukuran:pas di kepala
Kenyamanan:nyaman di pake nya,,ngga berat",5,0,1754664701
ahmad_dahlan25,BRG sesuai n bagus,4,0,1740733056
raynaldy24,"Warna:sangat bagus
Ukuran:pas
Kenyamanan:nyaman

Barang nya realpict, mantaapp deh pokoknya 😍👍👍",5,0,1751069602
rahmaddwi_,"Warna:hitam g sesuai desk
Ukuran:xl

Barang lecet",3,0,1762410844
chen_arfinisya04,"Warna:bagus
Ukuran:pasn real pick
Kenyamanan:nyaman",4,0,1740952669
andihanz998,Ukuran:barang bagus cuman visor belakang helem Gak pas jadi  cengkang,5,0,1752476016
porenjes.a,"Warna:oke
Ukuran:oke
Kenyamanan:lumayan",4,0,1748096206
sankpriasejati2,,3,0,1746790166
z*****h,"Warna:keren sesuai expect
Ukuran:pas dan sesuai
Kenyamanan:cukup nyaman

Sepertinya si akan repeat order 👍👍",5,0,1759687768
aldhimaulana2002,"Warna:sesuai
Ukuran:sempit

Size L tapi kayak size M sempit bgt",3,0,1748428251
acarial_15,,4,0,1748000320
ertiyektiningsih,"Warna:bagus
Ukuran:pad
Kenyamanan:nyaman",5,0,1736056733
arifwibowo3079,,4,0,1736415941
nlithfi_02,"Warna:bag6s
Ukuran:pas
Kenyamanan:nyaman",5,0,1748784968
k6yu6hc42e,Ukuran:pas,5,0,1731653623
insansw,,4,0,1749343702
alvanfazaa,,4,1,1757077701
otakibeng,,3,0,1737094827
eddysopiadi,"Warna:Black Doff
Ukuran:XL
Kenyamanan:oke",5,0,1737208204
antonpramudyapramudya,Mantap,5,0,1751881574
akbarakbarr05,Mantap,5,0,1750926746
fitranain,"Warna:gaga
Ukuran:L
Kenyamanan:lumayan",5,0,1741181201
5p2gdmj4fi,"Warna:hitam
Ukuran:ukuran m pas banget
Kenyamanan:sangat nyaman di gunakan

Pokonya jangan ragu belanja di toko ini puas bangettt",5,0,1753245346
fahridabdulahsugandifahr,"Warna:bagus
Ukuran:pas
Kenyamanan:nyaman

Cuma ada yg copot ajaa jaring harus di perbaiki",5,0,1759234098
budarhut,"Over all oke..masukan saja..packing di perhatikan lagi..
karena plastik kurang jadi lakban mengenai sarung helm..
proses buka nya menyebabkan sarung helm robek.",4,0,1738036895
qjwkjro04k,Warna:sangaat bagus sesuawe dengan gambar,5,0,1737430587
u38i1rn3eb,Payahh,4,0,1741453024
andriardyansyah,"Warna:sesuai
Ukuran:ukuran sesuai
Kenyamanan:lumayan",5,0,1745654212
inibukanumam,"Warna:jeruk
Ukuran:xxl
Kenyamanan:rasanya mantab",5,0,1760241479
alvyoctavianus,"Warna:sesuai dengan gambar
Ukuran:ukuran sesuai
Kenyamanan:nyaman di pake kren

Di jamin aman 👍",5,0,1750513805
devancell01,Warna:Mantul,5,0,1738641011
a*****a,"Warna:hitam dof
Ukuran:M
Kenyamanan:nyaman tapi minus pengiriman lana,dus nya penyok dan ada yg patah",5,0,1762664458
chansku,"Warna:black matte
Ukuran:M
Kenyamanan:sangat pas",5,0,1738855595
riansahtriiutomo,"Warna:grey doff
Ukuran:kebesaren dikit
Kenyamanan:nyaman",5,0,1736149396
ali_alqadri,Untuk harga segini mah gapapa bagus lah walaupun masih ada lebihan material yg belum di cutting...,5,0,1751882860
susikumala20,"Warna:bguss
Ukuran:Ukuran XL tapi kecil
Kenyamanan:nyaman",5,0,1737288121
awenzlay,"Warna:sangat bagus sesuai dengan gambar
Ukuran:pas dan sesuai
Kenyamanan:sangat nyaman digunakan

Perfect , semoga awet",5,0,1756391454
asden19,"Tapi pesen hlem HKM Dateng nya MLA.. TAPI lumayan lah..
Tar kalau packing cek dulu biar ga salah barang kak",5,0,1752032926
tintaalodiahbalkis,Barang bagus sekali,5,0,1747895992
boannn.321,"Warna:bagusss👍
Ukuran:pass👍
Kenyamanan:mantapppppp👍",5,0,1744047587
b*****7,"Warna:bagus
Ukuran:pas
Kenyamanan:nyaman

Barang sudah sampai,packing aman,rapi,terimakasih",5,0,1738647496
prianjar90,Kenyamanan:lem kurang bnyak,5,0,1745510617
swj91llava,helmnya bgs 👍🏻,5,0,1752147413
sgpsoqfaxk,"Warna:hitam
Ukuran:L
Kenyamanan:nyaman enakk di pake",4,0,1746243875
ekapratiwi121892,"Kali ini helmnya kurang memuaskan,perekat spoiler bgian belakang helm mudah lepas. Jdi g bisa terpasang. Tp bisalah dijual tanpa spoiler,tp mohon lbih teliti lg agar perekatnya lebih kuat di  tempatkan agak bwahan sdikit spya lem/perekat.y tdk keliatan dan lebih rapi lg. Dan jg tdk mudah lepas.",4,0,1746760184
ahmaddarwis996,Biar kan bintang berbicara,5,0,1756776526
msl0hn73hf,"Warna:sangat bagus dan sesuai dengan foto
Ukuran:ukuran yang sangat pas
Kenyamanan:sangat nyaman",5,0,1761619644
dafarizalalmusthofa,"Warna:grey
Ukuran:pas
Kenyamanan:enak di pakai",5,0,1744589826
agusbudiharto657,"Warna:keren
Ukuran:pas
Kenyamanan:nyaman di pakai",5,0,1738496264
raufabdul311,"Warna:sangat bagus
Ukuran:pas
Kenyamanan:lumayan nyaman",4,0,1742814364
santialpis,"Warna:lumayan
Ukuran:passs
Kenyamanan:nganahen

Dari kaca",3,0,1736030224
kcrit7a6m9,"Warna:warnanya sangat bagus
Ukuran:pas dan sesuai
Kenyamanan:kenyamananya enak sekali pas dengan kepala",5,0,1761038911
s*****9,"Warna:grey dop
Ukuran:pas
Kenyamanan:agak longgar dikit tapi gapapalah",5,0,1738602226
susanto2506,"Warna:bagus
Ukuran:L pas
Kenyamanan:sangat nyaman

rekomedasi buy it, seriusly",5,0,1748838171
masl98,"Woyyy ini tali buat konci Helmy kebalik masangnya, mana nyampenya gak sesuai tgl lagi",1,0,1739083005
gh1epsnkuw,"Warna:hitam
Ukuran:m
Kenyamanan:bagus",5,0,1736781098
mu.iqbal07,"Warna:pigmen bagus
Ukuran:pas dan sesuai
Kenyamanan:nyaman dipakai, ada angin di kepala",5,0,1754879321
ediridwanto354,"Warna:hitam
Ukuran:sesuai",4,0,1741952310
aankatara,"Warna:sesui

Barang berkualitas dan sesuai, walaupun ad lecet dikit,tpi ngga ppalah",5,0,1755912319
masrafika,"Warna:cocok
Ukuran:l
Kenyamanan:nyaman",5,0,1736040680
rionaldi89,"Warna:bagus
Ukuran:tidak seauai ukuran bagian depan",5,0,1745149554
armans378,"Terima kasih, paketnya sdh diterima smoga awet selamanya",4,0,1754629147
m*****y,"Warna:sesuai
Ukuran:Pas
Kenyamanan:nyaman",5,0,1742555662
ariston_immanuel,"Baru kali ini beli helm murah ga ada rapi rapinya, 
Busanya nth dimana, kainnya keluar keluar,",2,0,1757151617
rakadwiputra91,"Warna:putih
Ukuran:M
Kenyamanan:nyaman untuk berkendara",4,0,1747827862
ramacukong094,"Warna:bagus
Ukuran:pas banget
Kenyamanan:nyaman digunakan,kurirnya ramah dan jujur,barang sampai suruh cek dulu ,pokoknya ok banget kurirnya",5,0,1760784191
yasminmaira0430,"Warna:cantik
Ukuran:pas
Kenyamanan:nyaman",5,0,1742468755
kwarti_putri,,5,0,1758869999
win_santuy,,4,0,1737193143
ambikasadewo,,3,0,1733885283
d23ga8cdm9,,4,0,1747051270
jhonsemprul02,,3,0,1746173565
andi_mw,,4,0,1756989280
maswanmaswan653,,3,0,1747479018
didda.nurh,,4,0,1737548113
funwddhtur,,4,0,1741943445
bagus_h_purwanto,,4,0,1739551769
bhysiidoubleoche,,4,0,1737089202
is_one85,,4,0,1738819182
riskiiganteng767,,4,0,1735190820
ob3p21eblg,Ringan,5,0,1762973523
sukarditea,"Warna:Bagus dan sesuai dengan gambar
Ukuran:pas dikepala dan sangat nyaman
Kenyamanan:sangat nyaman saat digunakan",5,0,1758584304
n*****9,"Warna:cocok yang di pesan
Ukuran:agak kebesaran dikit
Kenyamanan:lumayan

Standar lah dengan bajet segitu",5,0,1752416641
ridhowando,"Warna:sesuai
Ukuran:sesuai

Paking nya hancur stiker Cosmo nya hancur banyak yang hancur",3,0,1740997948
djindanerwin,"Cocok Untuk:Ok
Kualitas:Ok
Tampilan:OK Banget

Mantaap,,, order sehari lgs sampe sesuai dengan Orderan,, makasih banyak ya Boss",5,0,1756829313
wxyzkj6zx1,,3,0,1749022829
rikyagustiawan27,Size M tp gede banget serasa L/XL,5,0,1749090478
hmjbdh4vag,Kurir kurang ramah. Alamat udah jelas. Nelpon marah2,5,0,1732338394
dickypahlawan10,"Warna:sesuai
Ukuran:busanya ga tebal
Kenyamanan:busanya ga tebal

Ga rapi untuk bagian atasnya,",3,0,1738503619
j56r8w9lri,"Warna:bagus
Ukuran:pas
Kenyamanan:aman

Ok lah",5,0,1749875364
oshimarshajkt48,Sayang banget salah pilih harusnya yang cosmos 🥺🥺,5,0,1744367571
iyon.falah,"Warna:Hitam dop
Ukuran:L

Terima kasih barang sesuai dengan pesanan",5,0,1751281080
8rhnd_q8b4,Mana ngak ada kurir terus ongkir nya aku yang bayar,5,0,1745887325
radityoprakoso996,Keren banget,5,0,1751349510
faizalfio,"Baretan dikit ga ngaruh.. mungkin karna protection kurang!
But.....All good👍👍👍",5,0,1741769660
arimustopa,,4,0,1746513424
j577idhjti,"Warna:hitam
Ukuran:m
Kenyamanan:sedikit longgar di kepala

Finishing kurang rapi spon depan miring",5,0,1743816310
d*****4,"Ukuran:Pas
Kenyamanan:Mantab",5,0,1744729321
javasland,"Ukuran:size XL tp agak sempit.

Ukuran XL pas dipakai agak sempit.. ga seperti helm standard hadiah motor. Dipakai bisa pas nyaman di kepala",4,0,1729153842
a*****r,,5,0,1754297546
m*****0,"Warna:hitam dof
Ukuran:M. pas di kepala ku
Kenyamanan:nyaman makai nya

Pokoknya mantap joss",5,0,1758156584
e_b3l2w2z5,"Warna:sangat bagus dan sesuai dengan gambar
Ukuran:pas dan sesuai
Kenyamanan:ringan dan nyaman",5,0,1762984470
zulfani929,Barang bagus cuma spoiler nya mudah copot karena cuma ditempel doang,5,0,1755311760
anggi.2308,"Bagus 
Pas kepala
Cuma  ada patah",4,0,1747989487
g2ik0bvanf,"Warna:sesuai
Ukuran:pas
Kenyamanan:nyaman

Barang sudah sampai dan sesuai pesanan barangnya bagus, pokoknya oke",5,0,1751691685
powerranger599,pengirimannya lambat tp gpp yg pntg barangny sesuai mksh,5,0,1741093446
f*****6,"Warna:sesuai
Ukuran:pas di kepala dan nyaman di gunakan
Kenyamanan:pokoknya rekomen",5,0,1758502366
maryono1933,"naj*s pengiriman SICEPAT kaga dikirim² dari tempat sortir, malah gua yang bawa, T*I",5,0,1754096620
yuliantocawang,"Warna:sesuai
Ukuran:pas
Kenyamanan:nyaman",5,0,1741683092
r*****2,barang bagus okee,5,0,1747141652
luthfi_azka_abdullah,"Warna:sesuai
Ukuran:pas di kepala
Kenyamanan:nyaman

Ada lecet sedikit di bagian kaca visor tapi barang masih bagus",5,0,1759821877
ardi_jayy,"Warna:sesuai
Ukuran:pas
Kenyamanan:nyaman",5,0,1737104822
defectrank,"Warna:sesuai
Ukuran:pas
Kenyamanan:nyaman",5,0,1738252137
azi_101,Ya sesuai foto,5,0,1738838202
jajangsuherli940,,4,0,1737168265
fandymoroisa,"Bagus tpi ada yg kurang, spoiler nya gak bisa melekat sempurna,kadang"" lepas sendiri ,terus cara pekingannya kurang bagus hancur TDK rapih",3,0,1740998096
466rk9gsdv,"Ukuran:sesuai
Warna:bagus
Durabilitas:lumayan",5,0,1733472025
daengbroo768,"Warna:sesuai
Ukuran:pas
Kenyamanan:mantap",5,0,1737815573
aefbitscorner,"Warna:sesuai
Ukuran:lebih kecil
Kenyamanan:karena agak kecil jadi kurang nyaman

kualitas produk biasa saja, tidak sesuai dengan gambar",3,0,1736379489
bpkamid,"Warna:bagus
Ukuran:pas
Kenyamanan:Buktikan Sendiri",5,0,1755236313
rosialbarado_86,"Warna:sesuai
Ukuran:pas

Kaca saja yg hitam padahal minta yg bening",5,0,1756024542
ifanefriadi,Warna:sesuai pesana,5,0,1742383851
elitael23,"Ukuran:pas
Warna:sesuai
Durabilitas:ok",5,0,1733739461
randioppo592,"Warna:hitam kilat
Ukuran:ukuran pas cuman kurng sikit aj lgii
Kenyamanan:nyamn cumn udh lama gak pakek helem jdi agk peningg",5,0,1758529916
muhammadlutfyadi,"Warna:bagus
Ukuran:pas
Kenyamanan:bagus",4,0,1738745801
jaenullah_azril,"Warna:abu glos
Ukuran:kurang pas

Helm sesuai,, tpi pengirimannya sangat sangat lammaa",2,0,1748335049
haekalnurhandi,"Warna:bagus
Ukuran:pas
Kualitas:bagus banget",5,0,1734716773
krvsn4f7o3,"Warna:sesuai gambar
Ukuran:agak kebesaran padahal sudah pesan ukuran 'M'
Kenyamanan:kurang nyaman karena kebesaran",4,0,1748638694
bajury,"Warna:tidak sesuai
Ukuran:pas

Pesen warna glossy di kirim dof",2,0,1738496426
9_thuoxmxg,pecah,1,0,1742262411
643quzci2z,"Warna:sesuai
Ukuran:longar
Kenyamanan:longar

bagus sesuai cmn psanan kuran size M dateng L",5,0,1751387234
kurniawan_yulinda,"Warna:bgs
Ukuran:longgar dikit
Kenyamanan:lumayan

Makasih kk bgs helm nya",5,0,1752141330
baristhopya,"Warna:Rekom banget..

Harga murah. Tapi ngak murahan.
Kualitas oke",5,0,1761579170
_p88ixpdbq,"Warna:Sama seperti pesanan
Kenyamanan:lumayan",5,0,1739182352
a*****9,,4,0,1736416040
becloush,"Warna:keren kali
Ukuran:oke
Kenyamanan:nyaman

Overrall its okey",5,0,1760361351
andikanurubaydillah,"Warna:bagus
Ukuran:sesuai
Kenyamanan:nyaman",4,0,1742480006
yusuf_ni,"Seperti nya tidak d qc , spoiler tidak menempel sempurna , masih ada rongga , lem nya kurang kuat",3,0,1743337329
ebdhmkn0p5,Okeh,5,0,1751931322
wey3ud18u6,"Warna:bagus
Ukuran:lumayan pas
Kenyamanan:nyaman",5,0,1744355752
hendraihenihen,Warna:pas,5,0,1738818704
incakkelan,"Ukuran:pas
Warna:bagus
Durabilitas:iyh",5,0,1733743308
asean_31,,5,0,1758179407
gahhdvdvvhwsdbb.1338,,5,0,1753231821
bronchitiz,"Ukuran:ukuran xl nya kecil macem ukuran M

Ada baret sedikit di sebelah kanan",4,0,1738406761
rusdiyadi107,Knapa pada patah inih hlm sayah,5,0,1736863498
erwiner2005,Kualitas:penampilan ok cuman ke gedean salah pilih ukuran,4,0,1749049525
xrtfzzp4zh,"Warna:bagus
Ukuran:pas
Kenyamanan:nyaman",4,0,1749166433
intannandi31_,"Warna:untuk warna sesuai pesanan tapi dari bau cat nya yg bikin aku pusing
Ukuran:Untuk ukuran L di kepala aku itu kurang besar tapi kalo dari merk lain misalnya nya alv ultron itu pas banget",3,0,1760511129
qews4z8dci,"Warna:hitam
Ukuran:xl
Kenyamanan:lumayan

Oikingx tdk tdk memuaskan,",2,0,1741887400
rezzakewong,"Warna:sesuai
Ukuran:pas
Kenyamanan:ok

mantulll",5,0,1742906580
ph_qsskomo,Barang bagus sesuai gambar,5,0,1742780969
agungsuryadi986,"Warna:warna hitam doff
Ukuran:XL pas
Kenyamanan:nyaman di kepala",5,0,1735994200
dwislankers038,"Warna:sangat bagus sesuai gambar
Ukuran:pas
Kenyamanan:nyaman",4,0,1739683519
k84d2ymxa7,"Warna:b aja
Ukuran:pas
Kenyamanan:b aja

lumayan untuk harga segitu",4,0,1738397145
p*****a,,5,0,1750838110
u*****n,,5,0,1756692501
m*****5,"Pesanannya sudah sampai, terima kasih ya seller semoga sukses selalu.b",5,0,1756735592
anaknyalora12,"Warna:sesuai dengan yang di foto
Ukuran:ukuran m nya agak terlalu kebesaran",3,0,1737677554
erwinft,Respon cepat 🚴三 pengiriman mantap,5,0,1737986732
hasansaif,"Cocok Untuk:berkendara
Kualitas:lumayan
Tampilan:kece abis

Pokonya maasya allah dh, mantep, helem seratusan dpt helm secakep ini tu, wort it bngt.. Maaf ga sempet foto, pokoknya cakep udah.. Cuman kmren kendala di kurir kayany, langsung dpt voucer hh",5,0,1750891930
syahrindit,"Warna:putih
Ukuran:m
Kenyamanan:bener bener kece + nyaman banget

Keren dah pokoknya",5,0,1759885278
hilmimubarok177,Kenyamanan:visor blakang tidak bisa di pasang,5,0,1750159828
pilansupriatman,"Warna:bagua
Ukuran:pas
Kenyamanan:nyaman banget",5,0,1743118135
24muslimin,"Warna:hitam doff
Ukuran:pas
Kenyamanan:baik",5,0,1743734947
fahrulrozinasution90,Warna:mantap la pokoknya,5,0,1736187172
hendra2234567,"Sangat puas barang saya terima original, terima kasih admin 🙏",5,0,1758011409
f*****r,"Warna:bagus
Ukuran:pas
Kenyamanan:nyaman",5,0,1740792082
sadikun5776,Siip,5,0,1753078709
i*****9,,4,0,1749617512
0*****r,,3,0,1747918350
m*****t,,1,0,1745768028
e*****y,,3,0,1743086713
b*****o,"Warna:bagus
Ukuran:pas
Kenyamanan:nyaman",5,0,1749169732
salimqu_,"Sesuai pesanan,namun sesampainya paket kaca depan penguncian ya copot alias pecah akibat kurir paketnya kurang ananah",5,0,1755324625
fahroziean,"Warna:mantap
Ukuran:pas
Kenyamanan:bagus kakak saya suka",5,0,1757524146
8w8wo07c0_,"Warna:Black
Ukuran:M
Kenyamanan:I Dit not",1,0,1747997272
h*****4,"Tampilan:keren
Cocok Untuk:motoran
Kualitas:lumayan memuaskan",5,0,1756817990
saepudinbiker123,"Barang oke, jasa pengirimannya aja lambat gak sesuai dengan nama layanan, udah telat gak ada konfirmasinya",5,0,1751627878
ismaputri19,"Warna:sesuai
Ukuran:sesuai
Kenyamanan:kecewa krn pesen helmnya kaca hitam ternyata yg dtg kaca bening.tpi biar lh.males ngereturt nanti lama lgi prosesnya.laolin x tolong lebih teliti lagi ya",3,0,1741323852
f*****_,"Warna:pas
Ukuran:pas
Kenyamanan:nyaman

Kurang nempel",4,0,1748605185
vyrnaherawati,"Warna:sesuai
Ukuran:pas
Kualitas:sesuai harga",5,0,1735828712
dendyrahmadhoni,"Warna:baik
Ukuran:pas dan sesuai
Kenyamanan:nyaman",4,0,1737306560
coconuet_storee,"Ukuran:sesuai
Warna:tidak sesuai

Beli yng glosy katanya redy pas di chat eh yang dikirm malah yang dop",3,0,1732945550
herubl,"Warna:bagus
Ukuran:sesuai
Kenyamanan:nyaman",5,0,1742304618
raffafatar419,Ko bolong,1,2,1740412590
andriyano24,"Warna:pas
Ukuran:pas
Kenyamanan:pass

Pass",5,0,1741780419
feryardiansyah414,Bautnya blum kepasang sblah.,5,0,1748675725
istambulparfum,"Warna:bagus
Ukuran:pas
Kenyamanan:sangat nyaman",5,0,1748097454
luosym2312,Lain kali di cek dulu sblum di kirim,5,0,1753964838
6*****s,"Warna:bagus
Ukuran:pas
Kenyamanan:sangat nyaman",5,0,1737951306
i*****a,"Warna:suai
Ukuran:pas
Kenyamanan:lumayan

mantap",5,0,1746958800
z*****i,Model bagus. TapiKualitas sesuai harga. Baru jatuh 1x kaca langsung lepas,5,0,1759814818
gerygerygery119,"Warna:sesuai
Ukuran:pas

Lumayan lah",2,0,1750138116
1stmalsky,"Warna:hitam glossy

Overal cakep, cuma ada baret dikit mungkin bekas kardus.",5,0,1750997792
ea6scveoho,"Warna:bagus
Ukuran:pas
Kenyamanan:sesuai",5,0,1746510534
ramadani11,"Warna:pas
Ukuran:sesuai
Kenyamanan:nyman",5,0,1741930070
egie203,"Warna:doff
Ukuran:pas
Kenyamanan:nyaman

nice",5,0,1738879597
kerupuksiti,"Warna:bagus
Ukuran:pas

Ada bagian rusak mungkin saat diperjalanan 
Bagian penutup kaca",5,0,1749679875
ziroarashyi,"Warna:sesuai
Ukuran:sesuai
Kenyamanan:bagsu",5,0,1737115802
antosusanto370,"Warna:mntap
Ukuran:pas
Kualitas:bguss",5,0,1734498034
ekapratiwi121892,"Warna:sesuai
Ukuran:ukuran M tp berasa ukuran XL
Kenyamanan:kurang

Helmnya bgus cuma bgian belakang retak, pengiriman.y kurang safety.",2,0,1745388224
a*****2,"Warna:Hitam Dof
Ukuran:L
Kenyamanan:Nyaman busa tebal",5,0,1759965495
9*****5,Mantap 🫰🏻🫰🏻🫰🏻🫰🏻🫰🏻🫰🏻🫰🏻🫰🏻🫰🏻🫰🏻🫰🏻🫰🏻🫰🏻🫰🏻🫰🏻🫰🏻,4,0,1737380236
bahalaiwawah,Oke,5,0,1758204222
grow_sablonmaker84,"Warna:oke
Ukuran:pas mantap
Kenyamanan:oke",5,0,1746380480
rsitrsit310,"paket lama sampai,kurir tidak ramah,nama nya aja udah si cepat tapi hasil nya lambat padahal pakai reguler",1,0,1742491686
m*****3,Barang sudah sampai di tujuan pengiriman cepat semoga awet dan tahan lama dan,5,0,1756555120
user35y5,"Warna:hitam
Ukuran:M
Kenyamanan:pas

Itu yang ada tambahan di belakang nya bingung masa cuman pake isolatif",5,0,1751087393
jayaeka123,Ukuran:Pas di kepala,5,0,1733556657
jb9vc0a1ah,Mantap lah,5,0,1760245505
omienadv123,"Warna:bagus
Ukuran:pas
Kenyamanan:nyaman",5,0,1746015521
niehirwan,"Warna:bagus
Ukuran:pas
Kenyamanan:nyaman",5,0,1740121781
everlino19,"Warna:bagus
Ukuran:pas
Kenyamanan:nyaman",5,0,1742847845
e8006q59km,"Warna:bagus
Ukuran:pas
Kenyamanan:nyaman",5,0,1739374527
rizkykyyy381,"Warna:jwelekk banget
Ukuran:kecil banget
Kenyamanan:gk nyaman bikin sakit pala kuu

Nyesel gua nunggu lu udah lama banget",1,0,1737444453
muhamadardiyansah206,"Warna:bagus
Ukuran:pas
Kenyamanan:nyaman",5,0,1739675028
budiiidenokk,"Warna:bagus
Ukuran:pas
Kenyamanan:nyaman",5,0,1739261749
_8sr7j3rbr,Kualitas ok,5,0,1758852690
0_i21gwtop,Bagus,5,0,1754469863
rizkiputraananda0407,Bagus,5,0,1752286468
i*****1,Oke,5,0,1751460327
anisbata694,"Warna:sip
Ukuran:pas
Kenyamanan:sangat nyaman",5,0,1736763422
k*****l,"Bagus sih, tapi packaging nya kurang aman",5,0,1738159923
alfajar26,"Warna:grey
Ukuran:pas banget
Kenyamanan:terasa sejuk dan nyaman,mantap pokoknya",4,0,1742564847
fandyyysk,"Ukuran:agak sedikit terlalu besar
Kenyamanan:lumayan nyaman di pake",5,0,1739151566
handisnts,Luarbiasaaaa,5,0,1750497344
d*****8,Bagus,5,0,1752918916
arcystore24,Barang nya mntapp,5,0,1736270155
x79gpkjywo,Alhamdulillah helm bagus banget mantap toko amanah,5,0,1752740870
k13bjf58nl,"Warna:bagus
Ukuran:sesuai
Kenyamanan:aman",5,0,1742456190
darwin12396,Sangat Ok,5,0,1762055729
simaagustina,"Ukuran:pas
Warna:bagus
Durabilitas:sangat cocok",5,0,1732510302
a*****m,"Warna:hitam bagus
Ukuran:ukuran pas
Kenyamanan:sangat nyaman untuk berkendara",5,0,1751457441
handokoprawiryo,"Warna:5
Ukuran:pas
Kenyamanan:nyaman",5,0,1737038874
9kkxk6__ln,Paket sudah sampai 👍,5,0,1760266118
1_u58b0t0q,"Warna:mantap
Ukuran:pas banget
Kenyamanan:luarbiasa nyaman",5,0,1751946794
gilangsuryasaputra193,"Ukuran:pas
Warna:grey glos

busa yang kurang rapi",3,0,1733199393
hen_driw,"Warna:sesuai
Ukuran:sesuai
Kenyamanan:bagus",5,0,1742116876
mnurulazman,"Warna:putih
Ukuran:pas sekali
Kenyamanan:ringan",5,0,1745652892
zenkla,Insol dalam helmnya kurang rapi.dan mengklik tali pengamannya terlalu pendek,3,0,1751290759
a*****1,"Warna:hitam doff
Ukuran:XL
Kenyamanan:nyaman

lumayan la helm nya ,cuma kunciannya gampang lepas, sama spoiler belakangnya gabisa dipasang",3,0,1749614397
budivario85,"Warna:sesuai
Ukuran:pas
Kenyamanan:nyaman

Good seller",5,0,1760578110
eckode,"Warna:Bagus
Ukuran:Pas
Kenyamanan:Lumayan nyaman",5,0,1745203325
ie70zulem8,Kenyamanan:barang bagus cuman kebesaran sedikit,2,1,1745056561
marufdmcawesome,"Warna:merah maroon dof
Ukuran:M
Kenyamanan:sangat nyaman

lecet dikit bagian kaca kardus rusak parah",3,1,1757772389
h*****w,"Barang sudah sampai dengan selamat, toko recomonded, pengiriman ok",5,0,1732931635
mbaaziz443,"Warna:sesuai pesanan 100%
Ukuran:sesuai pesanan 100%
Kenyamanan:ketat 100%

Ga tau ini apakah dari pihak penjual atau pengirim, produk yang saya terima ada cacat sedikit. Udahmah sameday ternyata barang yang di terima tidak 100% mulus :( enakan reguler aja kalau gitu mah. Kalau aja mulus helm nya tak kasih bintang 5, tapi sekarang cukup bintang 3. Saran untuk penjual Quality control nya di tingkatkan kalau bisa kasih tau juga agen pengirimnya untuk hati-hati dalam menangani barang yang kalian jual supaya sama² hati².",3,0,1744894219
sukendarkendar552,"Warna:sesuai
Ukuran:tidak sesuai dgn pesanan, dipesan L yg sampai XL
Kenyamanan:kurang nyaman karena ke besaran.",2,0,1736858634
agussetiawan492,Ok,5,0,1756219342
abel0905,Ukuran XXl terasa pake L pinising cat nya kurang sedikit rapih selebih nya ok lah,4,0,1753398487
sandisungailiat,"Warna:ada bagian cat yang tidak sempurna atau retak

Perbaiki lagi kualitasnya",4,0,1761874148
fr68_pq_da,"Warna:bagus
Ukuran:pas
Kenyamanan:nyman",5,0,1736653007
abimanyu_legostore,Pengirimannya lama banget,5,0,1743161103
5*****3,"Warna:marun
Ukuran:pas
Kenyamanan:nyaman

Wortit lah bagus luar dalam",5,0,1753683386
jaliusjalius384,"Warna:sesuai
Ukuran:pas
Kenyamanan:ok

Sesuai harga la",4,0,1738914750
g*****8,"Warna:abu dof
Ukuran:L
Kenyamanan:nyaman

terdapat sedikit goresan",5,0,1750992233
istoyibistoyib,"Warna:bagus
Ukuran:pas
Kenyamanan:aman",5,0,1750226003
muhammadakhsanmufidassya,"Warna:bagus sesuai dgn gambar
Ukuran:pas
Kenyamanan:lumayan nyaman",4,0,1749460348
nazir_husei,mantull barangnya,5,0,1744363149
h*****3,"Warna:abu
Ukuran:pas
Kenyamanan:nymn

Tingkatin lagu QC nya.",3,0,1736503297
riyadiriyadi730,"Warna:pas
Ukuran:pas
Kenyamanan:pass",5,0,1746722369
pilot_darat119,"Warna:lumayan
Ukuran:xl kecil untuk bb 78
Kenyamanan:sempit

Jangan berharap lebih di harga segitu",4,0,1754504057
tokosekinkher,"Warna:bgus
Ukuran:pas
Kenyamanan:enak

Barang ok acc",5,0,1759813981
r64x1uyh4i,"Warna:bagus sesuai dngn gambar
Ukuran:pas
Kenyamanan:adem dan ntaman",5,0,1753938984
budhyono1290,"Warna:Sesuai
Ukuran:Pas
Kenyamanan:Lumayan Nyaman

MANTABB",5,0,1753025062
thoifahmad,"Warna:Hitam Doff
Ukuran:pas / m
Kenyamanan:sangat nyaman",5,0,1752408867
k*****9,Ok,5,0,1753154188
miners,"Warna:Merah metalic
Ukuran:Pass bgt
Kenyamanan:Good bgt pokoke..",5,0,1752077408
m3ozlfemlo,"Warna:sesuai
Ukuran:pas
Kenyamanan:sangat nyaman",5,0,1741170013
hermanjumaidi,"Warna:sesuai
Ukuran:pas
Kenyamanan:sangat nyaman",5,0,1738405886
abdulindra814,"Warna:bagus
Ukuran:pas
Kenyamanan:oke",5,0,1746852078
ekopunggur,"Warna:bagus
Ukuran:pas
Kenyamanan:oke",5,0,1742289794
rudizhibril,Sangat2 luar biasa helm baguss,5,0,1751955846
57ot580o6m,"Warna:oke pas
Ukuran:pas
Kenyamanan:lumayan",5,0,1738029112
m.agusptasetya,"Bagus banget sesuai gambar ,tapi ukuran xL nya sedikit sempit",5,0,1760291916
yudiarya87,"Warna:sesuai dengan diskripsi
Ukuran:ukuran pas
Kenyamanan:Sangat nyaman",1,0,1738390047
kingjames547,"Warna:bagus
Ukuran:pas
Kenyamanan:nyamanah",5,0,1741755883
mawardy20,"Warna:hiyam
Ukuran:kebesaran
Kenyamanan:longggar

Salah kirim kayaknya aku mau ukuran M yang di kirim L - XL",3,0,1745242904
k*****5,"Warna:abu"" tidak sesuai iklan
Ukuran:xl

Tidak nyaman,sunguh buruk,dan tidak berkualitas",1,0,1751803396
h*****6,"Warna:ok
Ukuran:pas
Kenyamanan:nyaman",5,0,1738311805
h*****6,"Warna:putih
Ukuran:L, pas

Lecet, lem spoiler tidak lengket, rachet rusak",2,0,1753606322
irfab1201,"Warna:mantap
Ukuran:ukuran pas
Kenyamanan:sangat bagus",5,0,1753011832
dhenicagur,"Warna:sangat bagus
Ukuran:pas
Kenyamanan:baik",5,0,1739518968
r*****8,"Warna:sesuai dengan pesanan
Ukuran:pas dan sesuai
Kenyamanan:nyaman",4,0,1736921899
wankurniawan590,"Warna:sesuai
Ukuran:l
Kenyamanan:kurang enak

Pass buka kaca ya keras, dan brisik, busa  tipis",4,0,1742891096
abdillahgordynn,Cat nya ko ga rapih banyak baret nya,2,0,1746083096
a*****1,"Warna:Pas sesuai deskripsi
Ukuran:xl tapi tali pengikat pendek
Kenyamanan:Coba pakai nyaman

ada beberapa goresan dp helm (sesuai harga) dicek kesan pertama bahan ringkih atau kurang kuat, namun semoga awet",4,0,1752046106
izzan_24,"Baru beli, di pakai sekali lngsung jatuh dari atas jok motor doang batoknya lngsung pecah 🥲",3,0,1747008698
saputra_rachmad,"Warna:baik
Ukuran:baik
Kenyamanan:baik

Mantaf",5,0,1743311504
jdmanroe,"Warna:sesuai
Ukuran:pas
Kenyamanan:lumayan nyaman

Baru sadar helm yg di pajang utk foto merk HKM d bagian belakang ada stiker HKM orginal sedangkan yg di kirim merk MLA tidak ada stiker nya 
Overall bagus la utk harga segitu 
Sukses terus buat tokonya 👍",4,0,1754239258
dendysuryadinata,Baiklah,5,0,1752657683
matcodet858,"Warna:Bagus
Ukuran:pas dan sesuai
Kenyamanan:sangat nyaman di pakai",5,0,1760514638
n0_4sfug6u,"Warna:hitam dof
Ukuran:pas sesuai pesanan
Kenyamanan:nyaman lah 😊",5,0,1758188371
zukhaerulasad,"Warna:warna nya sesuai dengan gambar nya
Ukuran:ukuran nya kanan kiri nya pas namun sisi belakang masih longgar sehingga helm nya dapat maju dan mundur

Untuk kenyamana sudah lumayan bagus namun spoiler nya kurang akurat dengan sisi helm nya ketika di tempel dan ketika ingin di tempel itupun kurang merekat sehingga dapat terjadi nya jatuh tak di duga",3,0,1758203971
kromkriru8,"Warna:warna baguss
Ukuran:pass
Kenyamanan:nyamann",5,0,1738666145
xs0k523pz5,"Menyala warna nya, sesuai pesanan",4,0,1740895217
bedu354,"Warna:menarik
Ukuran:pas di kepala
Kenyamanan:sangat nyaman",5,0,1753108156
a*****8,"Warna:sesuai pesanan
Ukuran:pas
Kenyamanan:kurang nyaman

Kualitasnya kayak helm yang 70-80ribuan...
Not rekomended...",3,0,1759216661
aladiyofficial,"Warna:abu abu rokok
Ukuran:L
Kenyamanan:ringan dipakai

Askia,mantap",4,0,1741155787
ratmisuratmi232,"Warna:hitam
Ukuran:L
Kenyamanan:pas

Helm bagus , pas di kepala dan tutup helm rapat sehingga mata terhindar dari debu",4,0,1756812613
r*****d,"Warna:baguss mulus
Ukuran:pass sesuai
Kenyamanan:nyamann",5,0,1751967314
jagadsatria312,"Warna:tak sesuai dengan yg di pajang.
Ukuran:lbh kecil,
Kenyamanan:tak nyaman.

Tak usah belanja di sini lagi.",1,0,1759580162
teggaar,"Warna:bagus
Ukuran:paa
Kenyamanan:pas

Mantap",5,0,1745155311
fireart1,Dudukan atau penahan kaca ada yang patah di bagian dalam,2,0,1738296110
tyonations,"Warna:sesuai
Ukuran:pas
Kenyamanan:okelah busanya lumayan tebel

Kalo dari aku yang perlu di perbaiki double tape spoiler nya sih soalnya gampang lepas di aku yang double tape bagian kanan udah g nempel rawan aja gitu kalo tbtb lepas",4,0,1761830366
alkausar625,"Warna:kerenn
Ukuran:pass banget
Kenyamanan:nyaman",5,0,1745046518
jusoproject,"Warna:putih
Ukuran:xl kebasaran

Barang mah bagus banget tapi kualitas burik om !!",1,0,1751763990
zardhanyou,"Warna:sesuai
Ukuran:pas di kepala",5,0,1744761640
b*****2,"Warna:sesuai dengan pilihan
Ukuran:pad
Kenyamanan:ringan sangat nyaman",5,0,1751102588
h*****m,"Warna:hitam dof yang elegan
Ukuran:ukuran yang pas cukup nyaman sat di pakek
Kenyamanan:sedeng",4,0,1752620935
chris.170,"Warna:putih
Ukuran:pas banget
Kenyamanan:helmnya bagus bangettt",5,0,1757637130
j*****x,"Ada kualitas ada harga, kalo mau bagus mending spend lebih, karna harga murah pasti sesuai dngn kualitasnya.",1,0,1751857290
sandi.a7,"Warna:sesuai
Ukuran:pas
Kenyamanan:baik",5,0,1746162625
l*****z,"Warna:biasa
Ukuran:lebih kecil dari yang di harapkan
Kenyamanan:tidak nyaman

Ga recommended banget, bukan barang original. Nyesel banget belanja di Toko ini.
Bahan tipis, itu mah ga SNI.
Kapok belanja di toko ini lagi. Terima kasih.",2,0,1762863639
5*****g,"Warna:ok
Ukuran:sangat kecil

Helm ukuran xl tp sangat kecil tidak bisa dipakai oleh orang dewasa",1,0,1760091838
a*****i,"Warna:warna nya sesuai
Ukuran:Ukuran sesuai
Kenyamanan:Pas dengan kepala dan nyaman dipakai

minusnya aksesori bagian kaca tempat pemasangan baut",3,0,1760245315
syahrulagus77,"Warna:ok
Ukuran:pas
Kenyamanan:mantap",5,0,1736148792
mey_dell,"Warna:sesuai gambar
Ukuran:pas
Kenyamanan:nyaman",5,0,1736405251
akay_23,"Ukuran:Masih sedikit besar untuk ukuran M

Busa di telinga tidak sama yg kiri & yg kanan
Kanan tebal , kiri agak tipis .",4,0,1750804609
fillahdestroyer,"Warna:sesuai
Ukuran:oke
Kenyamanan:oke

Barangnya agak sedikit cacat, gak mulus padahal tokonya lebih mahal dibandingkan dengan toko lain, lem annya jelek bangettt",2,0,1760635264
wx80d0hme1,"Warna:bagus
Ukuran:ukuran sedikit kebesaran tp ok
Kenyamanan:nyaman cuma busanya SMP ngepres ke pipi

Helmnya nyaman dan ringan sesuai dg harganya",4,0,1753439069
mr.cloud.33,Warna:saya pesan merah glossy.. yg dikirim merah doff,4,0,1737451409
agus_kuncir,"Warna:ok
Ukuran:pas
Kenyamanan:nyaman",5,0,1750339124
kasimin03622,"Kenyamanan:sangat nyaman di pakai
Warna:memiliki pigmen bagus
Ukuran:pas",5,0,1750760917
rizzhorr,"Warna:sesuai
Ukuran:lebih besar

Merk tidak sesuai, ada cacat, Spon tipis,segel sdh kebuka",1,0,1758283985
erwinendha,"Warna:sesuai dgn ekspt
Ukuran:besar dari yg di harap
Kenyamanan:sakit keras atas kpla",1,0,1758031358
088zjqvxru,"Warna:bugus banget
Ukuran:pas
Kenyamanan:sejuk

pokoknya aku suka",5,0,1762661657
chokiecoy,"Warna:hitam dop
Ukuran:xl
Kenyamanan:ok",5,0,1757857876
bowo1805,Bagus helmny tapi sayang spoilerny double tape dikit bnget jdi g nempel,4,0,1750751660
atkxdyn,"Warna:hitam
Ukuran:M
Kenyamanan:nyaman

Overal oke, tapi ada baret dikit di kaca depan",4,0,1756569797
z7xdqh2nyb,"Warna:bagus
Ukuran:pas
Kenyamanan:sangat nyaman",5,0,1737091471
aryaanto0000,"Warna:bagus
Ukuran:pas
Kenyamanan:sangat nyaman",5,0,1736586273
intointo317,Barang'nya bagus tapi mines pengiriman sangat-sangat-sangat lama,4,0,1748609102
rioverrysa,"Warna:easy green
Ukuran:L
Kenyamanan:pas dan nyaman",5,0,1761131505
adhysam,"Warna:bagus
Ukuran:pas
Kenyamanan:lumayan

Bagus... Smga awet",4,0,1737260923
bacabaca746,"Warna:Tidak sesuai foto
Ukuran:kegedean tapi salah ku, masih bisa di jual
Kenyamanan:jika di pakai jelas tidak nyaman karna kegedean 😅",3,0,1752561100
amielavr,Warna:mntul,5,0,1756706577
acamacam989,"Warna:putih
Ukuran:M sesuai
Kenyamanan:enteng d pke nya kaca bening banget",4,0,1754528268
zyl64ayba3,"Warna:warna doff hitam
Ukuran:pas dan sesuai
Kenyamanan:sangat nyaman",5,0,1752655703
agusramadani102,"Warna:bagus
Ukuran:terlalu besar untuk body helm nya dan busa di dalam nya tipis sehingga msh longgar di kepala.padagal ukuran nya sdh M.
Kenyamanan:kurang nyaman karna msh kebesaran.padayal ukuran nya sdh M",3,0,1761863892
rizki_galih99,"Warna:sesuai
Ukuran:pas",5,0,1749558078
chairilgunawan402,"Sesuai harga, nyaman dipake nya👍👍",4,0,1738302433
zulfikarhou,"Warna:bagus
Ukuran:pas banget

Pengiriman lama lambat 3 hari",5,0,1753263813
stokzeox,"Warna:aslinya abu"" merah tapi di kirim warna merah
Ukuran:pas,M
Kenyamanan:super nyaman

walau warnanya salah sayaa tetep suka sama hlemnya🙏",4,0,1753608890
akun05883,"Warna:bagus
Ukuran:agak besar dikit tapi gpp lah
Kenyamanan:ok tapi agak longgar karna kebesaran dikit",4,0,1759237339
aljanary,"Warna:Bagus
Ukuran:pas
Kenyamanan:Aksesoris belakangnya kurang pas dan harus pake lem, soalnya pake double tip kurang rekat",4,0,1759420396
e*****l,"JANGAN PERNAH PAKAI JASA PENGIRIMAN "" SiCepat "" !!!!! Kurirnya pada HALU MALAS !!! pengiriman melebihin batas estimasi tanggal sampainya.",1,0,1752536417
dendiden894,"Warna:sesuai
Ukuran:pas",5,0,1738581589
sm8pyd6mbv,"Warna:baik
Ukuran:XL tapi kecil
Kenyamanan:biasa

Untuk pengiriman sangat baik",5,0,1760084531
gama3,"Warna:warna sesuai
Ukuran:sangat kecil
Kenyamanan:tidak nyaman

Ukurannya sangat kecil padahal udah pesen size xl. Entah salah kirim atau gimana karena di helm nya juga gk ada keterangan size nya.",2,0,1754014388
wmghfnmm6y,"Warna:cocok
Ukuran:sesuai
Kenyamanan:enak di pakai",5,0,1757896063
avariem,"Warna:Hitam Dof
Ukuran:Pesan XL tapi serasa L atau M
Kenyamanan:Ok aja klw ga pakai Headset atau TWS. tapi klw pakai TWS gbs jirlah

Pas datang ada beberapa part yg lepas dibagian atas. ada jg yg patah tpi bisa diakalin pakai lem",3,0,1755816796
ayuwldftrr_,"Warna:bagus
Ukuran:pas
Kenyamanan:mantap sangat

Tapi salah kirim warna, saya pesan warna abu2 yg datang hitam, tapi ganteng jugak",4,0,1760799710
nuryanti.no_rumah_78h,"Warna:warna pas
Ukuran:pas
Kenyamanan:aku sih stecu

ada sedikit cacat di cet nya trs visornya bengkok",4,0,1759002344
cosco.line,"Warna:cantik
Ukuran:pas sekali
Kenyamanan:ringan Dan nyaman ✨

Mantap pokoknya",5,0,1758116192
ufju38zu6n,"Warna:sesuai harga
Ukuran:lebih kecil dari ekspektasi

Kesan pertama engap, awalnya sudah mengajukan pengembalian, tapi karna kasian jadi di tungguin dan sampai 9 hari lamanya dari tanggal check out",3,0,1752060480
h*****2,"Warna:bagus
Ukuran:pas banget
Kenyamanan:boleh diuji",5,0,1762762966
yudihartono350,"Warna:bagus
Ukuran:pas
Kenyamanan:baik",5,0,1740709761
jastoys,"Warna:pilihan
Ukuran:kekecilan
Kenyamanan:kurang besar dikit , pdhl udah ukuran L tp msh agak sempit

Alhamdulillah barang sudah sampai dengan aman dan sesuai dengan diskripsi serta dibungkus dengan rapi mudah mudahan bisa bermanfaat. Aamiin",4,0,1759661647
ahmadihsan926,sesuai harga,5,0,1742795448
abqararsenio,"Warna:bagus
Ukuran:pas
Kenyamanan:baik",5,0,1736895538
arkaanmaulana489,"Warna:bagus
Ukuran:pas
Kenyamanan:nyaman

sedikit hancur kardus packing nya.",4,0,1741018805
cieakmar,"Warna:sangat bagus
Ukuran:pas
Kenyamanan:nyaman

Walaupun terlambat, tapi mendarat dengan selamat.. hanya saja pemasangannya kurang pas.. mohon diperbaiki.. 🙏",4,0,1759581647
khoirulfuad190,"Warna:sesuai
Ukuran:pas
Kenyamanan:oke",5,0,1746945230
bobi17255,"Warna:sesuai
Kenyamanan:lumayan

Minus nya pengiriman lama",4,0,1744518128
4ebhierc6s,"Warna:putih
Ukuran:pas
Kenyamanan:lumayan

Cuma kurir ny lama bnget ngirim ny",4,0,1751011544
anza_araystar,"Warna:bagus
Ukuran:pas
Kenyamanan:pas",5,0,1736080629
ardan555636,"Warna:sesuai
Ukuran:sesuai
Kenyamanan:kurang nyaman

Kemarin baru datang barangnya sudah berantakan, bahannya tipis banget kayak helm mainan, visor nya juga copot, baut nya pada ilang",1,0,1753416321
wilmarketeng,"Warna:ok
Ukuran:ok
Kenyamanan:ok",5,0,1736678230
8qqv8rnrep,"Warna:bagus
Ukuran:agak sempit
Kenyamanan:yah lumayan dengan harga segitu",5,0,1761347045
minangsalman,"Warna:ok
Ukuran:ok
Kenyamanan:ok",5,0,1746533720
cundiyogi,"Warna:ok
Ukuran:ok
Kenyamanan:ok",5,0,1740860110
radisufardi,"Warna:hitam
Ukuran:pas
Kenyamanan:gatau

Sebenarny bagus barang nya gk ad lecet cmn kasi bintang dua karena pengiriman nya lama banget",2,0,1760701733
kuntaraabuluth,"Money talks, Ada harga, ada kuailtas, barang sesuai harga. Don't expect too much.",4,0,1762730832
f*****l,"Warna:sesuai
Ukuran:tidak sesuai pesanan ukuran M yg di kirim ukuran L",3,0,1762773222
b*****9,"Warna:sesuai
Ukuran:pas
Kenyamanan:pas

Tapi pinggir nya bagian lis hitam nya gabisa rapet",3,0,1755001985
dwigalihsetyoaji12345,"Warna:hitam glossy
Ukuran:M. pas sekali
Kenyamanan:nyaman.",5,0,1751182225
o*****1,"Warna:ok
Ukuran:ok
Kenyamanan:ok deh",5,0,1740822389
sulkhan925,"Warna:ok
Ukuran:ok
Kenyamanan:ok

Ok",5,0,1739446790
auliyaayira,Ada yg mau copot helmnya,5,0,1754405199
akbarnukalimaakbarnukali,Untuk harga segitu tak rugi...barang nya oke,3,0,1741097134
rohmatmuslihat,"Warna:ok
Ukuran:ok
Kenyamanan:ok

Ok",5,0,1738160061
siyami12345,Warna:ok,5,0,1759910126
babangacum,"hlem nya bagus dan keren,maaf ya baru beri ulasan,terimakasih seler dn kurir nya,",5,0,1755001612
chibulmaulana,"Warna:bagus
Ukuran:pas
Kenyamanan:nyaman

Sangat memuaskan dengan harga segitu mah",5,0,1757851270
k4nsas_.citycelanakolortrening,Sesuai,5,0,1760616683
6282f857m4,Warna:keren,5,0,1749635461
h*****l,"Warna:sesuai
Ukuran:pas
Kenyamanan:finishing kurang rapi, alhasil di rapikan sendiri.

Ingat ya dek
Ini barang KW.
Kalau mau nyari yg berkualitas mending yg mahalan.",3,0,1759977778
k*****h,"Warna:warna sih sudah sesuai
Ukuran:L
Kenyamanan:no

Belom make dah rusak aja ...entah dari sono nya apa pengantaran nya ya yang pasti packing nya bisa dibilang kurang lah ya, semoga bisa diperbaiki aja dah !",1,0,1752852915
s*****7,"Warna:sesuai gambar
Ukuran:pas
Kenyamanan:nyaman",5,0,1738730329
yeyenag_1986,"Warna:bagus
Ukuran:sesuai
Kenyamanan:nyaman

Bagus sesuai deskripsi 🤩🤩🤩🤩🤩",5,0,1752715940
zeyyrizki,"Warna:sesuai pesenan
Ukuran:pas
Kenyamanan:nyaman sekali",5,0,1753352323
a*****i,"Warna:glossy
Ukuran:lebih kecil dari ukuran xL biasa

tidak double visor,
busa samping dan atas bisa dilepas

dan tambahan breket
cuman pakai double tip bukan pakai kancingan pada umumnya",3,0,1755182071
karsa81,"Warna:hitam glos
Ukuran:M
Kenyamanan:pas sesuai dengan harga",5,0,1759495404
dimasputrapratama073,"Warna:sesuai
Ukuran:sesuai
Kenyamanan:enak harga segitu",5,0,1759903467
antonnur251184,"Warna:ok
Ukuran:nyaman
Kenyamanan:ok",5,0,1746902688
iamrizalulfikri,"AMPAS BARANG NYAA, JATOH DARI SPION AJA LANGSUNG RUSAK KOCAK BGT KAYA SAMPAH",1,0,1757298725
r*****6,"Warna:hitam dof bagus
Ukuran:pas sesuai
Kenyamanan:nyaman di pakai",5,0,1759747004
dfstore377,"Warna:pas
Ukuran:kecil
Kenyamanan:kurang nyaman

Pesanan ngk sesuai ekspektasi 
Dipesan lama. Banget Dateng nya 
Masa nyampe 6 hari 
Cuman dari jakarta ke Jawa",1,0,1752467812
fildzafathifauzanah,Warnanya bagus dan bahannya juga oke,4,0,1741816213
zalihamdan,"Mantab, sesuai sama yg di foto, cuman jasa pengiriman nya lama amattt",5,0,1754405438
andavalue99,Sesuai harg,5,0,1739424840
cahyoagung621,"Ukuran:ntah emang ukurannya XL segitu atau salah kirim tapi di kepala agak kekecilan
Kenyamanan:no coment",3,0,1760325502
ridhoododo003,"Warna:bagus tidak pecet
Ukuran:sesuai L
Kenyamanan:nyaman dan dingin",5,0,1756735867
dsuhendi268,"Warna:keren
Ukuran:pas
Kenyamanan:tidak berat,cukup rinan",5,0,1759984626
nicoalvino,"Ukuran:kecil amat xl dah kayak ukuran m

Kecewa ama ukurannya aja yg xl nya kyak make hlm ukuran M ga kyak ukuran xl normal",3,0,1756648529
iqbalfauzi442,Pada ngelupas gimna,1,0,1749353864
muhapishapis,Sangat sederhana,3,0,1743575210
tompulpsp3118,Warna:trimakasi,5,0,1756093310
ferdodayaka,Terima kasih kak helem nya bagus banget semoga Produ kakak semakin terkenal yah semangat kakak,5,0,1753948635
febriandela,"Warna:putih
Ukuran:pass
Kenyamanan:nyaman

Qc nya tapi burik",3,0,1739121510
kurniawanur,"Warna:hitam dop
Ukuran:XL pas
Kenyamanan:best

Best pol",5,0,1754396114
maulana_arif28,"Warna:warna sesuai
Ukuran:sangat pas, belum menyesuaikan. terkadang kepala merasa tertekan buat pusing
Kenyamanan:lumayan oke

Untuk kaca sedikit sulit untuk di buka atau di tutup",4,0,1758456748
bimawanisatu,"Overall bagus, minus tempelan logo dan beberapa cacat minor",4,0,1742326309
lawname,ternyata spoilernya cuma tempelan pake double tape,4,0,1746180138
ipulipul698,"Warna:sangat bagus
Ukuran:pas
Kenyamanan:lumayan inak dan ringan",5,0,1761973699
w95rx6ujmz,"Warna:tidak sesuai warna pesanan,yang di pesan hitam dof yang datang abu abu dof,kaya cuma foxian doang, warna chat terlalu tipis jadi jika ke gores langsung nambah bahan dasarnya.
Ukuran:pas
Kenyamanan:sesuai bajet

Buat kak selernya tolong di perhatikan lagi pesananya, agar tidak mengecewakan konsumen dan tidak menimbulkan rasa merugikan antar pedagang dan pembeli",2,0,1755332650
yunisimorangkir349,"Warna:sangat bagus dan sesuai gambar
Ukuran:pas dan sesuai
Kenyamanan:ringan dan nyaman

Baik",4,0,1750256908
t*****3,"Warna:grey G
Ukuran:L
Kenyamanan:nyaman

Knp kak udah sobek kardus nya kok dari samping",4,0,1756295965
aidiladha1st,Les hitam dibelakang cuma tempelan doang dikasih double tape dan bahan less tipis,3,0,1755130855
hadiahmad672,"Warna:sangat cocok
Ukuran:pas
Kenyamanan:sangat nyaman",5,0,1757659709
anaznthuesaputra,"Warna:hitam dof
Ukuran:kebesaran
Kenyamanan:agak longgar

Pesen ukuran M
Tpi kegedean di kepala, berasa ukuran XL",4,0,1750733629
zidanumran,"Warna:sesuai pesanan
Ukuran:pas ukurannya
Kenyamanan:terasa nyaman dan sejuk",5,0,1760778994
the46_thrift,kaca helmnya sngat buruk keras buat naek turunny kdnag lepas jugaa,4,0,1741431664
tisya.ola,"Mohon untuk packing nya di perbaiki, masa barang datang kaca udah retak",1,0,1757391803
agus_sadono,"Warna:bagus
Ukuran:L agk sempit sedikit
Kenyamanan:ok",5,0,1761741284
rahmat19996_,"Warna:sesuai
Ukuran:pas dan nyaman
Kenyamanan:sangat bagusss",5,0,1752162589
z0p782u7gl,"Warna:oke
Ukuran:pas

Mantap hanya saja pihak pengiriman sangat lambat dan kurir nya tidak sabaran kacau 🤦🤦",1,0,1759588312
agusherman288,"Warna:sesuai bagus
Ukuran:pas
Kenyamanan:nyaman di pake oke lah",5,0,1749718177
dhonyfadli,"Bagus helmnyaaa...aman sentosa
Packaging dus dan buble.. 
Mantap",5,0,1758101921
ibrahimabdurrasyid368,Warna:mantappppppp,5,0,1745039467
vyri67nwfx,"Warna:bagus
Ukuran:agak sempit tapi ok lah",5,0,1738222540
dede030497,"Warna:mantap
Ukuran:pas
Kenyamanan:bangett",5,0,1739371574
rudi15865,"Warna:sesuai
Kenyamanan:nyaman",2,0,1738574156
tya80,Oke sih cuman buat kaca nya yang agak kurang,5,0,1741153377
d*****h,"Ukuran:pas

kuberi bintang 4 karna kardusnya rusak",4,0,1748674587
juna_vira,"lem nya nempel ke helm

jd ngerjain konsumen untuk ngebersihin pake bensin buat ngilangin bekas lem di helm nya yg rekat dengan tas helm dan bercak buble wrap nya",1,0,1748352062
sujaria,"Warna:good looking
Ukuran:pas
Kenyamanan:terlalu enteng

Lumayan",5,0,1751902242
kadeklesmana502,Bagus sesuai lahh sma harga nya,5,0,1762553701
pendiackerman,"Mlewati estimasi, pengiriman di ulang knpa dah si cepat",1,0,1746366225
rmtumx0lfl,"Warna:bagus
Ukuran:pas
Kenyamanan:nyaman dan sesuai",5,0,1755215389
tantribusana,Bagus sesuai gambar,5,0,1753970971
a*****i,"Warna:bagus
Ukuran:sesuai
Kualitas:bagus tapi pengiriman lambat",3,0,1735276315
larosaqiuqiu,"Warna:bgus
Ukuran:pas
Kenyamanan:ringn

ada lecet kecil",4,0,1746722885
lirb7b98g7,"Warna:sangat bagus
Ukuran:pas dan sesuai
Kenyamanan:sangat nyaman",5,0,1753629389
atmajajaya80,"Beda merk tp bentuknya sama,tengkyu",5,0,1752069933
a*****9,"Warna:sesuai
Ukuran:pas
Kenyamanan:sangat nyaman

Kerenn",5,0,1757050084
a.riyandi882,"pesen warna apa dtg y warna apa..
tae lah",1,0,1746857951
w*****6,barang oke tapi ke kecilan bos,4,0,1744179776
azis.sanim_jababeka,"Warna:ok
Ukuran:ok
Berat:ok",5,0,1735381971
agung.hrl,"Warna:bagus
Ukuran:pas dikepala
Kenyamanan:cukup lumayan saat dipakai",5,1,1757761376
morinagachilmil667,"Warna:sesuai
Ukuran:pas
Kenyamanan:sangat nyaman

Sangat bagus 👍👍👍👍👍",5,0,1758248142
edhwar_ashter22,sesuai lah dgn harga segitu,4,0,1742503149
eko_sr22,"Warna:good excellent
Ukuran:good excellent
Kenyamanan:good excellent

Good excellent",5,0,1754141061
djadhe,"Warna:bagus
Ukuran:agak longgar
Kenyamanan:nyaman di pakai dan ringan",4,0,1745973750
x_i3x28xc3,"Warna:sesui harga
Ukuran:agak kecil
Kenyamanan:sesui harga",5,0,1758243661
rahmatrizal031,"Warna:sesuai dgn gmbar
Ukuran:pas di kepala dan nyaman",5,0,1759338800
a*****e,"Kenyamanan:ada baret di atas, sama ada kaya bekas spidol item ga ilang masa",3,0,1738820657
gloryall_,busanya copot hadehh,3,1,1751947960
andrifajar86,Ada untuk kaca baut yg lepas,5,0,1740464663
gunawan_123890,,4,0,1757839237
3putrasyahir,,4,0,1750486212
fiqhisaputra956,Warna:Sangat bagus,5,0,1756184366
anisaw101,"Warna:mantap sesuai gambar
Ukuran:pas
Kenyamanan:sangat nyaman",5,0,1756341320
syauqiman,"Warna:sesaui

Spoilernya pakai doble tape kurang lengket.",4,0,1750234776
wanjoang583,telat lambat,1,0,1742459101
civan07,"Warna:Sesuai
Ukuran:Passs
Kenyamanan:nyaman ringan",5,0,1760621085
athafarizjusuf,"Warna:kuning
Ukuran:xl
Kenyamanan:sesuai harga

untuk finising masih kurang rapih",4,0,1745202115
mubarokbasyaruddin,"Warna:sesuai yang di gambar
Ukuran:pas

Mantul 👍",5,0,1743212611
magwear,,3,0,1749017005
a*****n,"Warna:oke
Ukuran:pas
Kenyamanan:mantap",5,0,1744108226
marhadioo,"Warna:bagus
Ukuran:pas
Kenyamanan:terlalu rapuh, tipis bangettt",4,0,1742875576
topan.nj,"Warna:bagus sesuai foto
Ukuran:pas
Kenyamanan:nyaman",5,0,1763040572
7romoparasu7,"Pengemasannya tolong kedepan lebih rapi dan aman, jasa pengiriman nya lain kali gunakan yang lain",4,0,1745995950
11n41nurr0f14h7,,3,0,1757343099
stokyub,lain kali teliti masa yang dikirim cuma 1 kan beli nya 2,3,0,1733732965
toko_sohibbal,Gk sesuai ekspetasi,4,0,1746851742
eddy_porwanto,"Warna:sesuai harapan
Ukuran:pas agak kecil dikit
Kenyamanan:mantap lah",5,0,1759489625
b*****2,"Warna:sesuai gambar
Ukuran:pas
Kenyamanan:ringan dan nyaman",5,0,1761130585
y*****1,"Ada lecet, selebihnya ok",4,0,1755095091
feryanto1983,Warna:bagus,5,0,1751885679
lisaayulitaa,Warna:bagus,5,0,1758549887
pratamappri20,"Warna:putih
Ukuran:L
Kenyamanan:ok

Pesen warna putih, dikirim warna cream",3,0,1742997370
armybaim,,3,0,1759570242
yankdian290,Banyak defect baret,1,0,1753083326
yus_darliamar624,"Ukuran:pas

Mantab",5,0,1754994063
andiga89,"Warna:hitam Dop
Ukuran:M
Kenyamanan:nyaman

Bagus",4,0,1736670272
1sl12hqcr6,Sesuai pesanan sih tapi sayang lama banget sampai nya,3,0,1733719808
agus2_saputra,,2,0,1752579567
diva091,"Warna:sesuai dg gambar
Ukuran:pas
Kenyamanan:sangat nyaman",5,0,1760151373
aefsaepudin640,"Warna:sesuai dengan gambar
Ukuran:pas
Kenyamanan:sangat nyaman",5,0,1754460499
febi.hanafi92,,1,0,1755861507
aku060495,,4,0,1752478564
abisya_15,"Warna:keren
Ukuran:agak longgar untuk ukuran M
Berat:ringan",4,0,1735350376
m*****1,,4,0,1759826466
emilia222_zidan,,4,0,1741854347
nanangiboy,,4,0,1749110269
malikkutabumi6,,4,0,1747918891
asepsumedang591,,4,0,1737097180
c*****1,Lumayan,4,0,1760947172
sarwoestu,"Warna:bgus
Ukuran:pas cmn busa kurang tebel",5,0,1738553045
6d4rfj31xq,"Warna:ok
Ukuran:kebesaran
Kenyamanan:setandat",5,0,1746681292
wagemeinarkonarko,"Warna:hitam dof
Ukuran:L
Kenyamanan:ringan

Pas buat di kepala",5,0,1751119397
muessi10,buat wanita kok ter la llu kecilan,5,0,1757909266
hafizzalda195,Barang lecet kurang bagus,1,0,1740883350
6zwhsv1iad,"Warna:bagus
Ukuran:pas
Kenyamanan:baik",5,0,1740966845
sayadie,"Warna:bagus
Ukuran:pas
Kenyamanan:ringan",5,0,1744161397
ikball_ball,"Warna:sangat bagus sesuai dengan gambar
Ukuran:pas dan sesuai
Kenyamanan:nyaman",5,0,1762923361
ijhal2379,"Warna:Hitam
Ukuran:Pas
Kenyamanan:Nyaman",5,0,1760693471
pembelinormal,"Warna:Hitam
Ukuran:Pas
Kenyamanan:Nyaman",5,0,1754717220
ananta_peace,Sesuai Harga,5,0,1752762098
a*****t,"Warna:dof
Ukuran:besar
Kenyamanan:ringan

Terimakasih 🙏",5,0,1751041895
alradam2112,Alhamdulillah sesuai dengan pesanan,5,0,1760305368
isco01,"Barang sesuai 
Top lah",5,0,1751866902
udyalfariz89,"Warna:sesuai
Ukuran:pass
Kenyamanan:mantullllllll

Mantap",4,0,1737673536
2q5fwbh6o7,Kebesaran,4,0,1743558595
isusubaryono,"Warna:bagus
Ukuran:ukaran pas
Kenyamanan:kurang

Sangat kurang
Dn kurang",2,0,1740978202
tantowi.g,mayann bgus,4,0,1746182247
abhaiyam,"Warna:mantap
Ukuran:pas
Kenyamanan:josss",5,0,1751430837
buyutjagaraksa,"Warna:bagus
Ukuran:sedikit kekecilan kayak bukan ukuran xl
Kenyamanan:nyaman",4,0,1741263478
t*****z,Lumayan lah sesuai harga 🙂,5,0,1757996910
farrasazka251,"Warna:cocok putih
Ukuran:pas banget
Kenyamanan:pas dipakai",5,0,1754257024
ardinanda30,Helm kerupuk euy wkwk,3,0,1744414091
fybiciss,smua dari plastik akwoakwoakwo,1,0,1738766367
iyhonyg,Ukuran pas..cuma kwalitasnya untuk saya enggak rekomen..,3,0,1749514986
t*****i,Kirain merk HKM..ternyata MLA..ga liat judul.,5,0,1753410727
marhat003,Barang pas kaya di poto🙏🙏,5,0,1755317355
darmahasanramlah,,3,0,1753420541
agekdiluar,Mantap sesuai foto brgny kondisi oke sekali mantap dahhh,5,0,1752385057
ariespasmatih,"Warna:sesuai
Ukuran:pas
Kenyamanan:nyaman",5,0,1746182348
bkstoghhi9,Barang sesuai pesanan ok mantappp,5,0,1748834448
sj_tymwa85,Di minta xl yg muncul al size,5,0,1742345705
43qg6sp6x5,"Warna:sesuai
Ukuran:longgar udh psn ukuran m
Kenyamanan:ok",3,0,1749208812
ramadanamiri123,"Kenyamanan:finising catnya kurang rapih, okey lah buat harga segitu👍",4,0,1752233664
ezraaaa20,,2,0,1758167794
resga1,Ada part yg pada lepas dan copot nihh sayang sekali tidak di cek dahulu 😭😭,3,0,1738022859
firmandjazuli05,"Keren bagus sesuai di foto, pengiriman cepat",5,0,1752394988
mz92y0wv6u,"Warna:sesuai
Ukuran:agak kecil padahal ukuran XL
Kenyamanan:nyaman tapi sempit",3,0,1737886753
nurulanam0808,Bahan ITS ok ☺️,4,0,1745502001
hasfi89_,"Sekrupnya hilang 1, tp kualitas helm lumayan bagus",4,0,1741820860
v1o2oew3rz,Bgus sesuai gambar,4,0,1739766822
muchlispriyanto332,Sesuai harga,5,0,1755828886
dudi_gunawan1976,Sesuai harga,5,0,1751626924
wijisiliteireng,Pengiriman lama syekali tidak recommended untuk jasa kirimnya gajelas,1,0,1740462468
akbar097_,Warna:pas,5,0,1754021043
goena_182,pengiriman lambat banget pake anteraja,5,0,1737563427
8vsaofi9aw,Lecet sedikit GK apalah,4,0,1748923616
h4rrym,Baik sesuai,4,0,1732861872
arifsaputra748,cuman sayang pengirimanya terlambat 5 hri,5,0,1752402681
rahmatonway,Sesuai harga,3,0,1756205577
prasnolimit,Produk bagus cuma kecewa sama kurirnya aja lama banget,5,0,1753019056
asmadireza749,"Warna:grey
Ukuran:xl
Kenyamanan:sangat nyaman

Kurirnya tidak ramah",4,0,1738762079
districnabila,"Ukuran:salah milih ukuran,harus nya L,bukan XL",5,0,1758103198
kottokotto456kintil,"Produk cukup jelek, pertama karena murah, jgn beli disini, lebih baik nabung buat beli yg lebih mahal",1,0,1750314145
a*****e,"Warna:Hitam
Ukuran:M
Kenyamanan:Sangat nyaman digunakan, ukuran sesuai, tidak berat,,",5,0,1759986414
hamimtohari89,Ada sedikit goresan,5,0,1757001053
apinplmonu,Barang gak di kirim kurir sama saya yang bersangkutan,1,0,1741803085
nx72u21buh,Bagus tapi bagian spoiler nya lecet dikit,5,0,1757409511
0909kus,"Warna:maroon
Ukuran:m
Kenyamanan:sangat Yaman",5,0,1757589864
luckymansyah02,Ok barang sudah mendarat selamat sesuai pesanan,5,0,1750574234
eddydarmawan_18,"Ukuran:terlalu kecil
Kenyamanan:lumayan lah",5,0,1742357036
h31161,"Barang nya ok, designer nya apik. Thanks yaa...",5,0,1750990716
putra_serampas,Kualitas ok pas dan sesuai lah dengan harganya,5,0,1757734358
muhammaddavidd,Bagusss bangett,3,0,1744907415
0e108puxo1,"4 bintang gak apa ya,soalnya bagian belakang ada yg lecet ,mungkin kedepanya bisa hati² lagi .selebihnya keren dan saya suka.terimakasihhh",4,0,1744969088
rafasyaaditya2019,"Lumayan lah,jgn mengharap lebih",3,0,1737730660
20u08attb4,Kenyamanan:lumayanlah diharga segitu,3,0,1739275446
lenidian86,"Warna:ukuran pas,bagus",5,0,1754007316
rendhysaputra689,Kurang bagus,1,0,1748068773
r*****i,"2 Minggu menunggu , barang  baru nyampe. Sangat mengecewakan",1,0,1752190637
qqcii6hwqq,Pada lecet trs ada noda coklat entah apa sudah di ilanginkacanya juga pelastik,3,0,1761799841
ratmisuratmi232,"Warna:hitam dof
Ukuran:xl
Kenyamanan:nyaman",5,0,1757259997
veyphone19,Warna:lumayan murah,3,0,1740547721
m_jabbar_m,"Warna:SANGAT SESUAI
Ukuran:PAS DAN SESUAI
Kenyamanan:SANGAT NYAMAN POKOKNYA MAH",5,0,1755092302
amrikhan,Semoga awat,4,0,1748143253
bob040383,"Warna:Sesuai
Ukuran:Sesuai
Kenyamanan:Mantap",5,0,1754154417
roni.hernawan_,"Warna:ya
Ukuran:ya
Kenyamanan:ya",1,0,1739013299
agussopian1998,"Warna:hit dof
Ukuran:m",4,0,1741270909
ahmedgaming,Lumayan dengan harga segitu,4,0,1736490782
rafifotografer,JASA KIRIM KELAMAAN,1,0,1745732058
resanurfajri,"Warna:bagus
Ukuran:pas
Kenyamanan:ringan",4,0,1752581764
azhkaalhafizy3011,Oke baik,4,0,1741320492
candramaulana305,Lumayanlah,3,0,1742721175
masadii45,Nggak ada stikernya padahal di aveliatornya ada stikernya iklannya ada stikernya parah,1,0,1741422995
dorarasyid,"Warna:ok
Ukuran:tidak sesuai
Kenyamanan:kurang nyaman

kurang enak di pakai",3,0,1746260976
imancahyono20,"Bagus, sesuai expetasi,toko amanah,mkasih",4,0,1747830031
mrteguh17,"Ada cacat dibagian kancing, ga nyambung sama helm nya",3,0,1749043202
novawrd,Ukuran:sesuai,5,0,1757860071
adriansaputrasaputra646,Warna:barang bagus good,5,0,1758816006
0icfshiepy,Warna:jos jis,5,0,1760273380
debydarmawati317,Warna:Terima kasih,5,0,1753786955
ceng2243,"Warna:aqua
Ukuran:m
Kenyamanan:lumayan",3,0,1737792244
kolis_07,"Warna:sesuai lah
Ukuran:pas",3,0,1760933135
z412ul,"Warna:bagus
Ukuran:Pas
Kenyamanan:nyaman",5,0,1754269062
bangtaiga,"Warna:mantap
Ukuran:pas
Kenyamanan:bagus",5,0,1758800131
deathschyte.91,"Sesuai pesanan, semoga awet dipakai",5,0,1756107978
farhn123357,Kenyamanan:lumayan,4,0,1746005741
azismukti681,"Warna:MERAH MARUN
Ukuran:pas
Kenyamanan:mantap",5,0,1758442517
jric4xt3b2,"Warna:bagus sesuai yg di gambar
Ukuran:pas",4,0,1743305957
mqgbo1yl6p,"Warna:ok
Ukuran:M
Kenyamanan:ok",5,0,1760114318
dfy9wkicz8,Sesuai harga. Tq,4,0,1737975076
a*****1,baguss🥰,4,0,1743223473
fakhrulsidiq1,"Warna:sesui
Ukuran:pas
Kenyamanan:nyaman",5,0,1750386850
m.irwansyah1984,"Warna:sesuai dgn pesanan
Ukuran:M
Kenyamanan:pas",5,0,1753687488
zahrarara914,Oke,3,0,1736159785
haryanto722,Ada harga ada kwalitas,4,0,1749474280
ramadan3214_,"Warna:sesuai
Ukuran:sesuai

Barang datang pecah pengemasan nya tidak aman",1,0,1742449854
4vov5qnf0n,"Busa sebelah kiri tipis,beda dengan busa sebelah kanan yang tebal.",4,0,1758203256
yadypaahidayatulimran,"Warna:bagus
Ukuran:pas
Kenyamanan:nyaman mkci kak",5,0,1759856629
bang_gober_sr,"Warna:sesui
Ukuran:pas
Kenyamanan:nyaman",5,0,1759752302
yflrizal,"Warna:sesuai
Ukuran:pas
Kenyamanan:nyaman",5,0,1760591762
alfanalawi07,"Warna:Hitam
Ukuran:Pas
Kenyamanan:Ok",5,0,1756982188
milar325,"Warna:hitam dof
Ukuran:xl
Kenyamanan:enak pas",5,0,1752269607
shagala_farm,"Warna:sesuai
Ukuran:m
Kenyamanan:nyaman",5,0,1757695013
arieflaka,Ok,4,0,1747206848
verrydianata,"Ukuran:pas
Kenyamanan:nyaman

Mantap",5,0,1753010097
ramziariyanto060,"Warna:sesuai
Ukuran:L pas untuk coeok",5,0,1757781967
basran1133ican,"Tampilan:bagus
Kualitas:ga terlalu bagus
Cocok Untuk:jalan

visornya gampang copot",3,0,1738117221
n*****n,"Warna:ada yang lecet dikit,tpi ngak ngaruh

Ada bau yang patah",4,0,1736571596
jasatugasaceh,"Warna:tidak tahan ledakan
Ukuran:tidak tahan ledakan
Kenyamanan:tidak tahan ledakan",1,0,1747569849
fadhillarizkiherfian,Agak kecil helmnya padahal udah XL yah apa kepala aku yg gede,4,0,1752235714
rudirudisetyohartono,"Warna:warna bagus
Ukuran:XL
Kenyamanan:pas",4,0,1748210421
,"Warna:black
Ukuran:L
Kenyamanan:merotol

Kurang apik",4,0,1753001184
faisrhmdznr,"sayang banget bagian belakang harus di tempel sama double tip, kirain di design lain",4,0,1754819600
ghalunjaddah,"Warna:hitam
Ukuran:xl
Kenyamanan:empuk nyaman",5,0,1760703838
d*****s,"Warna:mantab
Ukuran:pas
Kenyamanan:nyaman",5,0,1759747301
aprilriadin,"Warna:warna sesuai
Ukuran:terlalu besarr
Kenyamanan:busa terlalu tebal",3,0,1742956871
yudialipian127,"Warna:pas
Ukuran:pas mantap
Kenyamanan:pas",5,0,1754806755
s*****b,"Warna:y
Ukuran:y
Kenyamanan:y

Y",5,0,1752628859
muhamadirvan973,"Warna:bagus
Ukuran:pas
Kenyamanan:ok",5,0,1751112063
,"Warna:bagus
Ukuran:bagus dan pas
Kenyamanan:aman",5,0,1754995395
infinixhot40pro455,"Warna:grey glosy
Ukuran:L

Double tip nya agak kurang nempel jadi suka lepas""",4,0,1752412165
supeiyadi12,Pengiriman lama dan barang sedikit kotor dan tidak rapih.,1,0,1758209481
rgd69xp9mm,"Warna:bagus
Ukuran:pas
Kenyamanan:mantap",5,0,1760180940
rahmansyaputra176,"Warna:pas
Ukuran:pas
Kenyamanan:aman",5,0,1752081665
m*****e,"Warna:putih glossy
Ukuran:pas
Kenyamanan:nyaman

worth it dengan harga segitu",4,0,1761103738
diopermana581,"Warna:putih
Ukuran:M
Kenyamanan:nyaman sekali",4,0,1748611300
gunawan3082,"Warna:mantap
Ukuran:pas",5,0,1757231439
putraigo217,"Warna:bagus
Ukuran:pas
Kenyamanan:nyaman",5,0,1760190308
tian.agustian94,"Warna:bagus sesuai harapan
Ukuran:pas dan nyaman",5,0,1759704103
adin2109421,"Warna:bagus
Ukuran:pas
Kenyamanan:nyaman",5,0,1757949005
feriefendi921,"Ukuran:oke
Kenyamanan:oke
Warna:oke

 lecet, potensi kerusakan apa an coba",3,0,1762307820
ahmadrustandi123,"Warna:bagus
Ukuran:pas
Kenyamanan:nyaman",5,0,1752456144
zallbluess12,Cuma ada goresan dikit di helem nya tapi ga papa lah,3,0,1751272420
susiyanah10,"Warna:tidak sesuai
Ukuran:kekecilan
Kenyamanan:tidak nyaman",1,0,1744366356
b*****3,"Warna:abu²
Ukuran:pass dan keren bet
Kenyamanan:kurang beratt",4,0,1756927933
rollandzian,"Warna:hitam doff
Ukuran:xl
Kenyamanan:enak",5,0,1758691356
alfisyahrin10,"Warna:bagus
Ukuran:sesuai
Kenyamanan:nyaman",5,0,1754221971
jiminsuryadi1,Sesuai pesanan meskipun lama sampai..,4,0,1746183803
k*****i,"Ukuran:kekecilan

Saya pesan XL, tapi ga tau yg datang ukuran apa. Dipakai anak saya kekecilan",4,0,1760014420
75xnmulhma,Sayangnya kardusnya bonyok,5,0,1741155714
dikihidayathidayat589,"Warna:abu abu glossy
Ukuran:L
Kenyamanan:nyaman di pakai",4,0,1753461112
s*****i,"Ukuran:pas
Kenyamanan:cukup nyaman

Kwalitas kurang",3,0,1754350762
qe7bq54yg3,"Warna:cocok
Ukuran:pass
Kenyamanan:nyaman",5,0,1754136610
munajirmunajir868,"Warna:kuning
Ukuran:pas
Kenyamanan:ringan",5,0,1749731041
1k0or9they,"Warna:sangat bagus
Ukuran:pas
Kenyamanan:ok",5,0,1750947387
handyhan7292,"Warna:bagus
Ukuran:Pas
Kenyamanan:sesuai harga

Lumayan sesuai harga",4,0,1755146929
a*****a,"Warna:sesuai
Ukuran:pass
Kenyamanan:so so lah",5,0,1752408626
moneymonster,"Warna:keren
Ukuran:pas fit
Kenyamanan:mayan",5,0,1762573711
p*****9,"Warna:sesuai
Ukuran:pas
Kenyamanan:enak di pakai",5,0,1749635628
osmondval,"Sy nanya dlu sebelum beli, katanya uda termasuk intercome, nyatanya setelah sy beli intercom ga dikirim. Bisa cek di obrolan sy di chat pertanyaan. Klo jualan yg bener donk, klo blg termasuk ya harusnya dikirim donk, klo jualan jgn gini caranya. Ini namanya nipu saya donk. Hadeuh...",1,0,1757248814
posekpou78,Warna:okeh mungkin,2,0,1736424000
l7iqjngcdi,"Warna:sesuai
Ukuran:pas
Kenyamanan:kurang

Sepon'nya kunci klik lepas",3,0,1752541823
fauziamin604,"Warna:sesuai pesanan
Ukuran:pas
Kenyamanan:enak buat berkendara",4,0,1753944870
d*****5,Kualitas:busa yg bagian kepala atas kurang tebal,3,0,1735805988
aanjz523,Kurir gak ramah sama sekali,4,0,1746107653
hilmanfauzi33,Packing kurang bagus cuma helm ok,5,0,1757371416
hansenhansen492,"Warna:bagus
Ukuran:pas
Kenyamanan:ringan",5,0,1759104646
d81w8e49jl,"Warna:bagus
Ukuran:pas
Kenyamanan:lumayan",5,0,1757840927
g*****5,"Warna:sesuai
Ukuran:lebih kecil dari yang di harapkan
Kenyamanan:kurang nyaman",1,0,1760001856
i*****3,Bagus meskipun ada lecet nya,4,0,1747892169
iwan.romantic,Barang bagus sayang pengeriman lama banget,4,0,1743167165
qe7bq54yg3,"Warna:mantap
Ukuran:pas
Kenyamanan:nyaman",5,0,1754136647
flory_05.05,"Warna:Sesuai pesanan
Ukuran:sesuai pesanan
Kenyamanan:cukup nyaman",4,0,1758198856
jj_tr3sinl,"Warna:sesuai
Ukuran:agak kegedean salah ukuran soalnya
Kenyamanan:lumayan",4,0,1756291169
umamalsimazi,"Warna:sesuai pesanan
Ukuran:pas
Kenyamanan:sangat ringan",4,0,1762610630
tomygultom717,"Warna:warna bagus
Kenyamanan:kurang halus sisi sisi nya",4,0,1762794044
ahmadaj662,,2,0,1736505916
mase.anang96,Kenyamanan:agak kurang dan buat busa helm tidak tebal,4,0,1758180844
2ls_pue28g,"Warna:KEREN
Ukuran:XL PAS",5,0,1752832235
fuadfadli.,"Warna:oke
Ukuran:ok
Kenyamanan:ok bahannya kurng ORI alias kW",4,0,1756366705
nhoerlhannhoerlhan,"Ukuran:ukuran pas
Warna:cocok",4,0,1733117336
yudiyanuari_,"Warna:ok
Ukuran:pas
Kenyamanan:ok",5,0,1748816671
firmanahmad014,pengiriman lama truss banyak yg lecet lagi.,1,0,1736761585
rwm_olshop,"Warna:ok
Ukuran:pas
Kenyamanan:ok",5,0,1756281348
jukl6zmhx2,"Warna:ya sesuai
Ukuran:lebih besar
Kenyamanan:kurang",1,0,1759119565
woy_jakuh,"Warna:sesuai
Ukuran:pas
Kenyamanan:gak nyaman soalnya tipis banget..",4,0,1754881832
muljee567,"Warna:sesuai
Ukuran:L
Kualitas:bagus",3,0,1735980084
blackbear183,"Warna:bagus
Ukuran:pas
Kenyamanan:99%nyaman",5,0,1758044064
andixixwoyo,"Warna:sesuai

Kurang puas",3,0,1744467214
kikirangga882,,3,0,1745931378
yansermatu,"Warna:ok
Ukuran:busanya jelek
Kenyamanan:ngga nyaman",1,0,1760171362
hijrahmubarak,Pancingan yg sangat tidak baik,2,1,1735928564
farid123ajaganteng,"Warna:tidak sesuai
Ukuran:sesuai
Kenyamanan:lumayan",3,0,1744763525
darmayulianti503,Ukuran:bagus,3,0,1738157362
a*****i,Sedikit membingungkan HKM tapi dusnya MLA..,4,0,1736159780
hasrulfadillah,"Warna:Sesuai
Ukuran:Sesuai
Kenyamanan:Sesuai

Pengirimannya luammaaaa banget",3,0,1750762856
aishiwa,Sayaang nya packing nya kurang,4,0,1737624132
risky_aulia997,"Warna:bagus
Ukuran:agak sempit
Kenyamanan:baik",5,0,1752139247
aenurrofiq92,"Warna:sesuai pesanan
Ukuran:L
Kenyamanan:kurang nyaman kesempitan,,",4,0,1753846483
