username,comment,rating,likes,create_time,comment_clean,tokens,tokens_count,sentiment,sentiment_confidence,text_len,char_repeat_ratio,token_repeat_ratio,dup_score,mismatch,fake_score,fake_pred
wellybudianto73,"Awalnya sempat Ragu Karena harga murah, tapi waktu dicoba overclock ke 3200 msh ok performance nya. Lancar tanpa gangguan. Saya uploaded semua supaya rekan2 yg mau beli jelas spek Kingston ini. Nomor seri memang sudah diskontinyu kalau cek web. Overall OK performance nya. Kondisi packing bublewarp.",5,265,1765631914,awalnya sempat ragu karena harga murah tapi waktu dicoba overclock ke 3200 msh ok performance nya lancar tanpa gangguan saya uploaded semua supaya rekan2 yg mau beli jelas spek kingston ini nomor seri memang sudah diskontinyu kalau cek web overall ok performance nya kondisi packing bublewarp,awalnya sempat ragu karena harga murah tapi waktu dicoba overclock ke 3200 msh ok performance nya lancar tanpa gangguan saya uploaded semua supaya rekan2 yg mau beli jelas spek kingston ini nomor seri memang sudah diskontinyu kalau cek web overall ok performance nya kondisi packing bublewarp,46,neutral,0.55,292,0.010273972602739725,0.13043478260869565,0.0,0.0,0.03517718880285885,0
fahrulff14,Produk datang sesuai pesanan. Pengemasan sangat aman (bubblewrap sangat tebal). Pengiriman cepat. Produk juga original. Semoga bisa awet dan tidak ada kendala. Recomended.,5,21,1757136852,produk datang sesuai pesanan pengemasan sangat aman bubblewrap sangat tebal pengiriman cepat produk juga original semoga bisa awet dan tidak ada kendala recomended,produk datang sesuai pesanan pengemasan sangat aman bubblewrap sangat tebal pengiriman cepat produk juga original semoga bisa awet dan tidak ada kendala recomended,23,positive,0.75,163,0.006134969325153374,0.17391304347826086,0.0,0.0,0.04501200320085356,0
ravaacreative,"Paket berfungsi dengan baik
Terdeteksi semuanya dan berjalan dg normal
Thanks seller",5,20,1699206550,paket berfungsi dengan baik terdeteksi semuanya dan berjalan dg normal thanks seller,paket berfungsi dengan baik terdeteksi semuanya dan berjalan dg normal thanks seller,12,neutral,0.55,84,0.011904761904761904,0.0,0.0,0.0,0.002976190476190476,0
i*****r,"Baru pertama kali beli Kingston. Gak terlalu mengerti tentang barangnya.

Spek di dus atau ram 2666mhz CL16. Terbaca di BIOS 2400mhz. Di software 2666mhz CL19. 
Bisa beda semua.

Saran saja. Buat yang beli ram ini jangan di OC. Gak support XMP karena katanya teknologi Kingston namanya Plug n Play.",5,14,1763306946,baru pertama kali beli kingston gak terlalu mengerti tentang barangnya spek di dus atau ram 2666mhz cl16 terbaca di bios 2400mhz di software 2666mhz cl19 bisa beda semua saran saja buat yang beli ram ini jangan di oc gak support xmp karena katanya teknologi kingston namanya plug n play,baru pertama kali beli kingston gak terlalu mengerti tentang barangnya spek di dus atau ram 2666mhz cl16 terbaca di bios 2400mhz di software 2666mhz cl19 bisa beda semua saran saja buat yang beli ram ini jangan di oc gak support xmp karena katanya teknologi kingston namanya plug n play,49,neutral,0.55,286,0.02097902097902098,0.2857142857142857,0.0,0.0,0.07667332667332667,0
b*****d,"Fitur Terbaik:good quality, Low price
Sepadan dengan Harga:Pastinya

Buat yang kalo main game patah patah (freeze) atau kalo udah punya vga bagus tapi masih patah patah ku saranin beli ini, harganya murah tapi kualitasnya bagus,",5,4,1756170342,fitur terbaik good quality low price sepadan dengan harga pastinya buat yang kalo main game patah patah freeze atau kalo udah punya vga bagus tapi masih patah patah ku saranin beli ini harganya murah tapi kualitasnya bagus,fitur terbaik good quality low price sepadan dengan harga pastinya buat yang kalo main game patah patah freeze atau kalo udah punya vga bagus tapi masih patah patah ku saranin beli ini harganya murah tapi kualitasnya bagus,37,positive,0.75,222,0.009009009009009009,0.2702702702702703,0.0,0.0,0.06981981981981983,0
bimaroikhan,"Fitur Terbaik:berfungsi dengan baik
Sepadan dengan Harga:harga paling murah

Berfungsi dengan baik di pc saya dengan spek i3 gen 10 gtx 1050. Harganya sih terbaik 2 pcs ram 8gb ddr4 2666mhz cuma 600rban, ditambahn voucher toko dan shopee ga sampe 600rb jatuhnya dpt 2 keping 8gb hehe
Semoga awet, walau garansi seumur hidup",5,3,1727698897,fitur terbaik berfungsi dengan baik sepadan dengan harga harga paling murah berfungsi dengan baik di pc saya dengan spek i3 gen 10 gtx 1050 harganya sih terbaik 2 pcs ram 8gb ddr4 2666mhz cuma 600rban ditambahn voucher toko dan shopee ga sampe 600rb jatuhnya dpt 2 keping 8gb hehe semoga awet walau garansi seumur hidup,fitur terbaik berfungsi dengan baik sepadan dengan harga harga paling murah berfungsi dengan baik di pc saya dengan spek i3 gen 10 gtx 1050 harganya sih terbaik 2 pcs ram 8gb ddr4 2666mhz cuma 600rban ditambahn voucher toko dan shopee ga sampe 600rb jatuhnya dpt 2 keping 8gb hehe semoga awet walau garansi seumur hidup,55,neutral,0.55,319,0.018808777429467086,0.2909090909090909,0.0,0.0,0.07742946708463949,0
c*****7,"Fungsi:baik
Keaslian:original
Fitur:sangat baik

Hai kak... Ini sudah pesanan yg ke 2, krna pesanan yg lalu beroperasi sangat baik, mk utk ke 2 kalinya pesan di toko ini lagi... Thx yah seller semoga amanah dan berkah maaf yah telat kasih penilaian nya 🙏🙏",5,0,1725526334,fungsi baik keaslian original fitur sangat baik hai kak ini sudah pesanan yg ke 2 krna pesanan yg lalu beroperasi sangat baik mk utk ke 2 kalinya pesan di toko ini lagi thx yah seller semoga amanah dan berkah maaf yah telat kasih penilaian nya,fungsi baik keaslian original fitur sangat baik hai kak ini sudah pesanan yg ke 2 krna pesanan yg lalu beroperasi sangat baik mk utk ke 2 kalinya pesan di toko ini lagi thx yah seller semoga amanah dan berkah maaf yah telat kasih penilaian nya,45,neutral,0.55,243,0.00823045267489712,0.37777777777777777,0.0,0.0,0.09650205761316873,0
s*****7,"Fungsi:Buat Menambah performa
Keaslian:Asli Ram
Fitur:Bagus sudah beberapa X beli.",5,1,1724728626,fungsi buat menambah performa keaslian asli ram fitur bagus sudah beberapa x beli,fungsi buat menambah performa keaslian asli ram fitur bagus sudah beberapa x beli,13,positive,0.75,81,0.0,0.0,0.0,0.0,0.0,0
hendry.6735,"Fungsi:ram
Keaslian:asli
Fitur:ok

Sempat ragu karena harga murah dan harus berdampingan dengan corsair vengeance…..tapi termyata aman sentosa lancar jaya, makasih tokonya amanah semoga berkah, aminnn",5,2,1755532318,fungsi ram keaslian asli fitur ok sempat ragu karena harga murah dan harus berdampingan dengan corsair vengeance tapi termyata aman sentosa lancar jaya makasih tokonya amanah semoga berkah aminnn,fungsi ram keaslian asli fitur ok sempat ragu karena harga murah dan harus berdampingan dengan corsair vengeance tapi termyata aman sentosa lancar jaya makasih tokonya amanah semoga berkah aminnn,29,neutral,0.55,195,0.010256410256410256,0.0,0.0,0.0,0.002564102564102564,0
bossun.bossun,"Fitur Terbaik:barang sampai dengan aman

Barang sudah sampai dengan aman. dengan di bubble warp berlapis lapis jadi sangat aman. belum dicoba.",5,0,1696232640,fitur terbaik barang sampai dengan aman barang sudah sampai dengan aman dengan di bubble warp berlapis lapis jadi sangat aman belum dicoba,fitur terbaik barang sampai dengan aman barang sudah sampai dengan aman dengan di bubble warp berlapis lapis jadi sangat aman belum dicoba,22,neutral,0.55,138,0.007246376811594203,0.45454545454545453,0.0,0.0,0.11544795783926218,0
tri_oppo,"Fitur Terbaik:ada pendingin
Sepadan dengan Harga:harga paling update

Trusted seller, klaim garansi mudah.
Rusak ganti baru. Mantaplah pokoknya.",5,5,1698603280,fitur terbaik ada pendingin sepadan dengan harga harga paling update trusted seller klaim garansi mudah rusak ganti baru mantaplah pokoknya,fitur terbaik ada pendingin sepadan dengan harga harga paling update trusted seller klaim garansi mudah rusak ganti baru mantaplah pokoknya,20,negative,0.75,139,0.007194244604316547,0.1,0.0,1.0,0.22679856115107916,0
b*****h,"Fitur Terbaik:baik
Sepadan dengan Harga:sepadan

Belum di cobak, tapi udah sering  beli di sini kondisi baik baik baik saja, semoga yg ini juga baik baik baik saja ya kak",5,1,1744786666,fitur terbaik baik sepadan dengan harga sepadan belum di cobak tapi udah sering beli di sini kondisi baik baik baik saja semoga yg ini juga baik baik baik saja ya kak,fitur terbaik baik sepadan dengan harga sepadan belum di cobak tapi udah sering beli di sini kondisi baik baik baik saja semoga yg ini juga baik baik baik saja ya kak,31,neutral,0.55,166,0.0,0.41935483870967744,0.0,0.0,0.10483870967741936,0
s*****6,"Fitur Terbaik:memory komputer
Sepadan dengan Harga:Ok mantap

Produk bagus berfungsi dengan baik packing rapi aman dan pengiriman cepat thanks",5,0,1688174769,fitur terbaik memory komputer sepadan dengan harga ok mantap produk bagus berfungsi dengan baik packing rapi aman dan pengiriman cepat thanks,fitur terbaik memory komputer sepadan dengan harga ok mantap produk bagus berfungsi dengan baik packing rapi aman dan pengiriman cepat thanks,21,positive,0.75,141,0.0,0.09523809523809523,0.0,0.0,0.023809523809523808,0
r*****n,"Fungsi:Barang bekerja dengan baik
Keaslian:Original
Fitur:Bagus

FYI apabila rekan rekan ada yang make motherboard yang sama dengan saya, yaitu Gigabyte seri GA A320M S2H, untuk seri ini mobo hanya support di ram speed 2666mhz, jadi jangan order yang diatas itu karna sebelumnya saya salah order yang 3200mhz, alhasil PC saya engga mau booting/blank screen. Terima Kasih untuk Admin sudah membantu semua proses refund dan ganti barang dengan sangat sangat baik.",5,1,1733672938,fungsi barang bekerja dengan baik keaslian original fitur bagus fyi apabila rekan rekan ada yang make motherboard yang sama dengan saya yaitu gigabyte seri ga a320m s2h untuk seri ini mobo hanya support di ram speed 2666mhz jadi jangan order yang diatas itu karna sebelumnya saya salah order yang 3200mhz alhasil pc saya engga mau booting blank screen terima kasih untuk admin sudah membantu semua proses refund dan ganti barang dengan sangat sangat baik,fungsi barang bekerja dengan baik keaslian original fitur bagus fyi apabila rekan rekan ada yang make motherboard yang sama dengan saya yaitu gigabyte seri ga a320m s2h untuk seri ini mobo hanya support di ram speed 2666mhz jadi jangan order yang diatas itu karna sebelumnya saya salah order yang 3200mhz alhasil pc saya engga mau booting blank screen terima kasih untuk admin sudah membantu semua proses refund dan ganti barang dengan sangat sangat baik,74,positive,0.75,454,0.01762114537444934,0.32432432432432434,0.0,0.0,0.08548636742469343,0
u*****9,"Fitur Terbaik:belum coba
Sepadan dengan Harga:belum coba

Packing super aman karena berlapis-lapis. Pengiriman lumayan cepat. Belum dicoba semoga bisa di laptop saya. Thanks seller",5,1,1705597180,fitur terbaik belum coba sepadan dengan harga belum coba packing super aman karena berlapis lapis pengiriman lumayan cepat belum dicoba semoga bisa di laptop saya thanks seller,fitur terbaik belum coba sepadan dengan harga belum coba packing super aman karena berlapis lapis pengiriman lumayan cepat belum dicoba semoga bisa di laptop saya thanks seller,27,positive,0.75,176,0.005681818181818182,0.18518518518518517,0.0,0.0,0.04771675084175084,0
ratatabyl,"Sepadan dengan Harga:Sangat Pantas
Fitur Terbaik:Sangat baik

Barang yang dikirim baru dan baik langsung pasang dan lancar jaya. Sudah 1 jam lebih  setelah dipasang Komp tetap stabil dan semakin kenceng. Layanan sellernya sangat baik akomodasi, jadi seneng aja beli disini. Rekomendasi untuk kalian yg mau cari RAM dan lainnya di sini aja. Pengamanan juga cepat. Semua bintang 5 trims🙏",5,0,1711781825,sepadan dengan harga sangat pantas fitur terbaik sangat baik barang yang dikirim baru dan baik langsung pasang dan lancar jaya sudah 1 jam lebih setelah dipasang komp tetap stabil dan semakin kenceng layanan sellernya sangat baik akomodasi jadi seneng aja beli disini rekomendasi untuk kalian yg mau cari ram dan lainnya di sini aja pengamanan juga cepat semua bintang 5 trims,sepadan dengan harga sangat pantas fitur terbaik sangat baik barang yang dikirim baru dan baik langsung pasang dan lancar jaya sudah 1 jam lebih setelah dipasang komp tetap stabil dan semakin kenceng layanan sellernya sangat baik akomodasi jadi seneng aja beli disini rekomendasi untuk kalian yg mau cari ram dan lainnya di sini aja pengamanan juga cepat semua bintang 5 trims,61,positive,0.75,376,0.005319148936170213,0.19672131147540983,0.0,0.0,0.05051011510289501,0
kepinptr,"berfungsi baik, tpi manufacturenya samsung? yg nanya technology, ram beli official, trus posisi masang jga berlawanan, yg kanan official, yg kiri di shopee. tpi overall berjalan dgn baik.",5,1,1691070804,berfungsi baik tpi manufacturenya samsung yg nanya technology ram beli official trus posisi masang jga berlawanan yg kanan official yg kiri di shopee tpi overall berjalan dgn baik,berfungsi baik tpi manufacturenya samsung yg nanya technology ram beli official trus posisi masang jga berlawanan yg kanan official yg kiri di shopee tpi overall berjalan dgn baik,28,neutral,0.55,179,0.0223463687150838,0.32142857142857145,0.0,0.0,0.0859437350359138,0
ridovartech,"Fungsi:berfungsi dg baik
Keaslian:asli
Fitur:bagus",5,2,1745191530,fungsi berfungsi dg baik keaslian asli fitur bagus,fungsi berfungsi dg baik keaslian asli fitur bagus,8,positive,0.75,50,0.0,0.0,0.0,0.0,0.0,0
m*****8,"Fitur Terbaik:baik
Sepadan dengan Harga:cukup

Biarkan bintang yang bicara aja lah ya. 
Packing aman.",5,1,1688863662,fitur terbaik baik sepadan dengan harga cukup biarkan bintang yang bicara aja lah ya packing aman,fitur terbaik baik sepadan dengan harga cukup biarkan bintang yang bicara aja lah ya packing aman,16,neutral,0.55,97,0.0,0.0,0.0,0.0,0.0,0
ika_dipta,mantab jiwa..sudah mendarat dengan aman..original zyrex..belum dicoba..semoga berfungsi dengan baik..pengiroman cepat packing amanndan rapi..recomendet seller,5,0,1692548335,mantab jiwa sudah mendarat dengan aman original zyrex belum dicoba semoga berfungsi dengan baik pengiroman cepat packing amanndan rapi recomendet seller,mantab jiwa sudah mendarat dengan aman original zyrex belum dicoba semoga berfungsi dengan baik pengiroman cepat packing amanndan rapi recomendet seller,21,positive,0.75,152,0.013157894736842105,0.09523809523809523,0.0,0.0,0.027098997493734334,0
s*****g,"Packing ok, seller dah pengertian kl ini barang sensitif, pengemasan cepat, ekspedisi overload jd lama sampai
Berfungsi normal, terdeteksi CPUz,timing clock default nya sm persis dgn imperion
Update:
Foto terakhir, test OC dikit, kuat ngangkat ke 2800MHz, blm dicoba ke 3200,cari aman aja biar awet",5,23,1745181983,packing ok seller dah pengertian kl ini barang sensitif pengemasan cepat ekspedisi overload jd lama sampai berfungsi normal terdeteksi cpuz timing clock default nya sm persis dgn imperion update foto terakhir test oc dikit kuat ngangkat ke 2800mhz blm dicoba ke 3200 cari aman aja biar awet,packing ok seller dah pengertian kl ini barang sensitif pengemasan cepat ekspedisi overload jd lama sampai berfungsi normal terdeteksi cpuz timing clock default nya sm persis dgn imperion update foto terakhir test oc dikit kuat ngangkat ke 2800mhz blm dicoba ke 3200 cari aman aja biar awet,47,neutral,0.55,290,0.010344827586206896,0.0425531914893617,0.0,0.0,0.01322450476889215,0
pasukanmati,"Fitur Terbaik:Cukup kencang
Sepadan dengan Harga:Sepadan

Unit diterima dengan baik dan lengkap, berfungsi dengan baik dan lancar.",5,0,1689701446,fitur terbaik cukup kencang sepadan dengan harga sepadan unit diterima dengan baik dan lengkap berfungsi dengan baik dan lancar,fitur terbaik cukup kencang sepadan dengan harga sepadan unit diterima dengan baik dan lengkap berfungsi dengan baik dan lancar,19,neutral,0.55,127,0.0,0.47368421052631576,0.0,0.0,0.11842105263157894,0
rizky.akimov,"Barangnyaa aman packingnya tebal 
Belum di coba sih ramnya 👍👍",5,1,1688194263,barangnyaa aman packingnya tebal belum di coba sih ramnya,barangnyaa aman packingnya tebal belum di coba sih ramnya,9,positive,0.75,57,0.017543859649122806,0.0,0.0,0.0,0.0043859649122807015,0
cahyani_magfira,"Fitur Terbaik:barang original
Sepadan dengan Harga:sepadan

Packingnya bagus tebel bubblewrapnya aman untuk si ramnya, barang original masih di segel. Reccomended",5,1,1688289799,fitur terbaik barang original sepadan dengan harga sepadan packingnya bagus tebel bubblewrapnya aman untuk si ramnya barang original masih di segel reccomended,fitur terbaik barang original sepadan dengan harga sepadan packingnya bagus tebel bubblewrapnya aman untuk si ramnya barang original masih di segel reccomended,22,positive,0.75,159,0.012578616352201259,0.2727272727272727,0.0,0.0,0.07132647226986849,0
basirunnoch,"Sepadan dengan Harga:terjangkau
Fitur Terbaik:Dengan Heatsink

Ram Original untuk Low Budgetnya tapi di Jamin Originalnya",5,0,1750428441,sepadan dengan harga terjangkau fitur terbaik dengan heatsink ram original untuk low budgetnya tapi di jamin originalnya,sepadan dengan harga terjangkau fitur terbaik dengan heatsink ram original untuk low budgetnya tapi di jamin originalnya,17,neutral,0.55,120,0.0,0.11764705882352941,0.0,0.0,0.029411764705882353,0
yogasgr,"Fitur Terbaik:terbaik
Sepadan dengan Harga:bagus

work terbaik",5,2,1754065918,fitur terbaik terbaik sepadan dengan harga bagus work terbaik,fitur terbaik terbaik sepadan dengan harga bagus work terbaik,9,positive,0.75,61,0.0,0.3333333333333333,0.0,0.0,0.08333333333333333,0
rahman_aya,Pengemasan nya cepet terus bubble warp nya tebal banget kualitas ok tapi agak bingung kenapa heatsink nya lebih kecil dari yang ada di rumah wkwkwk,5,0,1682926641,pengemasan nya cepet terus bubble warp nya tebal banget kualitas ok tapi agak bingung kenapa heatsink nya lebih kecil dari yang ada di rumah wkwkwk,pengemasan nya cepet terus bubble warp nya tebal banget kualitas ok tapi agak bingung kenapa heatsink nya lebih kecil dari yang ada di rumah wkwkwk,25,positive,0.75,147,0.006802721088435374,0.12,0.0,0.0,0.031700680272108844,0
vruuutime,"Sepadan dengan Harga:mulus tidak lecet
Fitur Terbaik:sering liat reviewer jadi pengen nyoba juga

Baguss, rapi, semoga saja awet dan tidak ada kendala",5,0,1688189020,sepadan dengan harga mulus tidak lecet fitur terbaik sering liat reviewer jadi pengen nyoba juga baguss rapi semoga saja awet dan tidak ada kendala,sepadan dengan harga mulus tidak lecet fitur terbaik sering liat reviewer jadi pengen nyoba juga baguss rapi semoga saja awet dan tidak ada kendala,24,neutral,0.55,147,0.006802721088435374,0.08333333333333333,0.0,0.0,0.022534013605442174,0
alviesyahrin,"Sepadan dengan Harga:ok
Fitur Terbaik:hyper

saya tidak dapat menulis testimoni panjang-panjang dan banyak-banyak, cukiplah bintang berbicara, karena kalau testimoni itu yang singkat saja tidak usah panjang lebar, to the point tak perlu bertele-tele bikin pusing yang baca, contohnya adalah testimoni saya ini tidak panjang-panjang amat tapi mengena tepat sasaran, karena barangnya sangat bagus, murah dan berfungsi optimal. terimakasih seller, terimakasih kurir, terimakasih sopih",5,1,1724955902,sepadan dengan harga ok fitur terbaik hyper saya tidak dapat menulis testimoni panjang panjang dan banyak banyak cukiplah bintang berbicara karena kalau testimoni itu yang singkat saja tidak usah panjang lebar to the point tak perlu bertele tele bikin pusing yang baca contohnya adalah testimoni saya ini tidak panjang panjang amat tapi mengena tepat sasaran karena barangnya sangat bagus murah dan berfungsi optimal terimakasih seller terimakasih kurir terimakasih sopih,sepadan dengan harga ok fitur terbaik hyper saya tidak dapat menulis testimoni panjang panjang dan banyak banyak cukiplah bintang berbicara karena kalau testimoni itu yang singkat saja tidak usah panjang lebar to the point tak perlu bertele tele bikin pusing yang baca contohnya adalah testimoni saya ini tidak panjang panjang amat tapi mengena tepat sasaran karena barangnya sangat bagus murah dan berfungsi optimal terimakasih seller terimakasih kurir terimakasih sopih,69,neutral,0.55,471,0.0021231422505307855,0.34782608695652173,0.0,0.0,0.08748730730176313,0
r*****i,"Fitur Terbaik:ram 8gb hyperx
Sepadan dengan Harga:harga lumayan ok

Pengiriman masih ok, blom sempat pasang semoga ngak ada masalah",5,0,1688741742,fitur terbaik ram 8gb hyperx sepadan dengan harga harga lumayan ok pengiriman masih ok blom sempat pasang semoga ngak ada masalah,fitur terbaik ram 8gb hyperx sepadan dengan harga harga lumayan ok pengiriman masih ok blom sempat pasang semoga ngak ada masalah,21,neutral,0.55,129,0.0,0.19047619047619047,0.0,0.0,0.047619047619047616,0
hadi.yono,"Terima kasih seller,paket telah diterima dan sekarang lagi dites.semoga barangnya tidak mudah rusak,Amin.",5,3,1695800212,terima kasih seller paket telah diterima dan sekarang lagi dites semoga barangnya tidak mudah rusak amin,terima kasih seller paket telah diterima dan sekarang lagi dites semoga barangnya tidak mudah rusak amin,16,negative,0.75,104,0.009615384615384616,0.0,0.0,1.0,0.20240384615384616,0
r*****n,"Fungsi:fungsi belum dicoba
Keaslian:original
Fitur:bagus sudah ada heatsink

Packing aman rapi, fast respon, cepet sampai",5,0,1736468589,fungsi fungsi belum dicoba keaslian original fitur bagus sudah ada heatsink packing aman rapi fast respon cepet sampai,fungsi fungsi belum dicoba keaslian original fitur bagus sudah ada heatsink packing aman rapi fast respon cepet sampai,18,positive,0.75,118,0.0,0.1111111111111111,0.0,0.0,0.027777777777777776,0
ndr12,"Fitur Terbaik:mantap
Sepadan dengan Harga:sangat

Lapor gan memory sudah di terima dengan baik.. 
Terbaca mantap.. 
Terimakasih",5,8,1764404169,fitur terbaik mantap sepadan dengan harga sangat lapor gan memory sudah di terima dengan baik terbaca mantap terimakasih,fitur terbaik mantap sepadan dengan harga sangat lapor gan memory sudah di terima dengan baik terbaca mantap terimakasih,18,positive,0.75,120,0.0,0.2222222222222222,0.0,0.0,0.05555555555555555,0
f*****z,"Sepadan dengan Harga:standar
Fitur Terbaik:baik

Tengkiu ya, pengiriman cepat. Packingan tebal dan rapi, bubble wrap nya gak pelit",5,0,1688318667,sepadan dengan harga standar fitur terbaik baik tengkiu ya pengiriman cepat packingan tebal dan rapi bubble wrap nya gak pelit,sepadan dengan harga standar fitur terbaik baik tengkiu ya pengiriman cepat packingan tebal dan rapi bubble wrap nya gak pelit,20,positive,0.75,126,0.007936507936507936,0.0,0.0,0.0,0.001984126984126984,0
glngchys,"L O P E lagi min..
Selalu jadi store terbaik sih, fast respon, pengiriman juga cepet MANTAP,
Barang juga MANTUL ga pernah salah kirim, bubble warp tebel sampe kesel sendiri bukanya,
Pertahankan min..
Langganan..",5,1,1688335304,l o p e lagi min selalu jadi store terbaik sih fast respon pengiriman juga cepet mantap barang juga mantul ga pernah salah kirim bubble warp tebel sampe kesel sendiri bukanya pertahankan min langganan,l o p e lagi min selalu jadi store terbaik sih fast respon pengiriman juga cepet mantap barang juga mantul ga pernah salah kirim bubble warp tebel sampe kesel sendiri bukanya pertahankan min langganan,34,positive,0.75,200,0.01,0.11764705882352941,0.0,0.0,0.031911764705882355,0
p*****u,"Fungsi:oke
Keaslian:asli
Fitur:baik

sesuai pesanan, thanks",5,0,1722944194,fungsi oke keaslian asli fitur baik sesuai pesanan thanks,fungsi oke keaslian asli fitur baik sesuai pesanan thanks,9,positive,0.75,57,0.0,0.0,0.0,0.0,0.0,0
b*****i,"Packing rapi bubble wrap tebel, aman.
Works di pc saya, mantap! Semoga awet",5,0,1688319672,packing rapi bubble wrap tebel aman works di pc saya mantap semoga awet,packing rapi bubble wrap tebel aman works di pc saya mantap semoga awet,13,positive,0.75,71,0.014084507042253521,0.0,0.0,0.0,0.0035211267605633804,0
percetakan_o2,"Sepadan dengan Harga:Sangat murah di kelas
Fitur Terbaik:Kemasan baik, menggunakan bubble beberapa lapisan

Seller sangat ramah sebelum beli konsultasi sama pembeli dan dilayani dengan baik",5,9,1757325637,sepadan dengan harga sangat murah di kelas fitur terbaik kemasan baik menggunakan bubble beberapa lapisan seller sangat ramah sebelum beli konsultasi sama pembeli dan dilayani dengan baik,sepadan dengan harga sangat murah di kelas fitur terbaik kemasan baik menggunakan bubble beberapa lapisan seller sangat ramah sebelum beli konsultasi sama pembeli dan dilayani dengan baik,27,neutral,0.55,187,0.016042780748663103,0.2222222222222222,0.0,0.0,0.05956625074272133,0
jokoajipamungkas,"Paccking aman free bubble wrap. Barang original, berfungsi dg baik",5,0,1688921818,paccking aman free bubble wrap barang original berfungsi dg baik,paccking aman free bubble wrap barang original berfungsi dg baik,10,neutral,0.55,64,0.046875,0.0,0.0,0.0,0.01171875,0
tommyrukmantara,Alhamdulillah memori ram nya sudah di trima... Belum di test... Nunggu procesor n vga... Nanti beli aatu keping lagi ya....  😁,5,0,1618487582,alhamdulillah memori ram nya sudah di trima belum di test nunggu procesor n vga nanti beli aatu keping lagi ya,alhamdulillah memori ram nya sudah di trima belum di test nunggu procesor n vga nanti beli aatu keping lagi ya,20,neutral,0.55,110,0.02727272727272727,0.1,0.0,0.0,0.03181818181818182,0
f*****4,"Fungsi:fungsi
Keaslian:mungkin asli
Fitur:ddr 4 2666 mhz

Barang sudah sampai diterima dan terpasang, belum ada kendala bisa tampil dan booting ke windows cuma kendala gabisa masuk ke bios (input no signal) entah ada kesinambungan atau emg monitornya terlalu jadul. Belum ada masalah yang mengganggu selain ini",5,0,1726023929,fungsi fungsi keaslian mungkin asli fitur ddr 4 2666 mhz barang sudah sampai diterima dan terpasang belum ada kendala bisa tampil dan booting ke windows cuma kendala gabisa masuk ke bios input no signal entah ada kesinambungan atau emg monitornya terlalu jadul belum ada masalah yang mengganggu selain ini,fungsi fungsi keaslian mungkin asli fitur ddr 4 2666 mhz barang sudah sampai diterima dan terpasang belum ada kendala bisa tampil dan booting ke windows cuma kendala gabisa masuk ke bios input no signal entah ada kesinambungan atau emg monitornya terlalu jadul belum ada masalah yang mengganggu selain ini,49,neutral,0.55,305,0.019672131147540985,0.2653061224489796,0.0,0.0,0.07124456339913014,0
angoyib,"Fitur Terbaik:ddr4
Sepadan dengan Harga:ya

Mantap👍",5,0,1688685204,fitur terbaik ddr4 sepadan dengan harga ya mantap,fitur terbaik ddr4 sepadan dengan harga ya mantap,8,positive,0.75,49,0.02040816326530612,0.0,0.0,0.0,0.00510204081632653,0
c*****5,"Fitur Terbaik:bangnya ori..langsung pakai
Sepadan dengan Harga:sesuai dengan harga

mantap gan..respon cepat..oke punya..",5,1,1688676415,fitur terbaik bangnya ori langsung pakai sepadan dengan harga sesuai dengan harga mantap gan respon cepat oke punya,fitur terbaik bangnya ori langsung pakai sepadan dengan harga sesuai dengan harga mantap gan respon cepat oke punya,18,positive,0.75,115,0.0,0.2222222222222222,0.0,0.0,0.05555555555555555,0
eka.herdyansyah,"Barangnya baguss, original di test di cpuz terdeteksi smuanya utk serial dan speednya.. Berfungsi normal.. Utk packing saya rasa kurang safety hrus diperbaiki lagi krna ram sangat sensitif.. Terimakasih",5,14,1754663633,barangnya baguss original di test di cpuz terdeteksi smuanya utk serial dan speednya berfungsi normal utk packing saya rasa kurang safety hrus diperbaiki lagi krna ram sangat sensitif terimakasih,barangnya baguss original di test di cpuz terdeteksi smuanya utk serial dan speednya berfungsi normal utk packing saya rasa kurang safety hrus diperbaiki lagi krna ram sangat sensitif terimakasih,29,negative,0.75,195,0.010256410256410256,0.13793103448275862,0.0,1.0,0.23704686118479223,0
s*****a,"Produk original, harga bersahabat, packing mantap sangat aman. Cuma mines di pengiriman, pesan hari sabtu baru dikirim senin mungkin gara-gara idul adha jadi rada molor",5,0,1657710313,produk original harga bersahabat packing mantap sangat aman cuma mines di pengiriman pesan hari sabtu baru dikirim senin mungkin gara gara idul adha jadi rada molor,produk original harga bersahabat packing mantap sangat aman cuma mines di pengiriman pesan hari sabtu baru dikirim senin mungkin gara gara idul adha jadi rada molor,26,positive,0.75,164,0.0,0.07692307692307693,0.0,0.0,0.019230769230769232,0
satriariopradana,"Fitur Terbaik:sepadan
Sepadan dengan Harga:sesuai

Bekerja dengan baik , recommended",5,0,1688809074,fitur terbaik sepadan sepadan dengan harga sesuai bekerja dengan baik recommended,fitur terbaik sepadan sepadan dengan harga sesuai bekerja dengan baik recommended,11,positive,0.75,81,0.012345679012345678,0.36363636363636365,0.0,0.0,0.09399551066217733,0
ahmadnadhifuliza,"Sepadan dengan Harga:mantab
Fitur Terbaik:ada pendinginnya

Maen game makin smoth setelah nambah ram 1 keping",5,0,1696202826,sepadan dengan harga mantab fitur terbaik ada pendinginnya maen game makin smoth setelah nambah ram 1 keping,sepadan dengan harga mantab fitur terbaik ada pendinginnya maen game makin smoth setelah nambah ram 1 keping,17,neutral,0.55,108,0.009259259259259259,0.0,0.0,0.0,0.0023148148148148147,0
c*****7,"Fitur Terbaik:sangat baik
Sepadan dengan Harga:harga sangat terjangkau

Mhn maaf telat kirim penilaiannya... Brgnya sangat baik sekali.. dan sampai bnyk dilapisi bubble wrap nya, menurut sy baik sekali Terimakasih yah seller... Semoga toko nya amanah yah...",5,0,1697635987,fitur terbaik sangat baik sepadan dengan harga harga sangat terjangkau mhn maaf telat kirim penilaiannya brgnya sangat baik sekali dan sampai bnyk dilapisi bubble wrap nya menurut sy baik sekali terimakasih yah seller semoga toko nya amanah yah,fitur terbaik sangat baik sepadan dengan harga harga sangat terjangkau mhn maaf telat kirim penilaiannya brgnya sangat baik sekali dan sampai bnyk dilapisi bubble wrap nya menurut sy baik sekali terimakasih yah seller semoga toko nya amanah yah,38,neutral,0.55,244,0.01639344262295082,0.3684210526315789,0.0,0.0,0.09620362381363244,0
nikko.jatmiko,"Fungsi:Baik
Keaslian:Asli
Fitur:Bagus sekali sesuai deskripsi

Lancar Jaya ngebut sekarang mah",5,0,1719892475,fungsi baik keaslian asli fitur bagus sekali sesuai deskripsi lancar jaya ngebut sekarang mah,fungsi baik keaslian asli fitur bagus sekali sesuai deskripsi lancar jaya ngebut sekarang mah,14,positive,0.75,93,0.0,0.0,0.0,0.0,0.0,0
niko.stwn,"Fitur Terbaik:Oke
Sepadan dengan Harga:Worth it

Mantap berfungsi dengan baik",5,0,1674052906,fitur terbaik oke sepadan dengan harga worth it mantap berfungsi dengan baik,fitur terbaik oke sepadan dengan harga worth it mantap berfungsi dengan baik,12,positive,0.75,76,0.0,0.16666666666666666,0.0,0.0,0.041666666666666664,0
ergiwian,"Fitur Terbaik:packing rapih
Sepadan dengan Harga:termurah tapi kualitas good

Seller responsif. Barang oke. Kurir mantap dari sicepat sampe sehari sebelum estimasi.",5,0,1672421167,fitur terbaik packing rapih sepadan dengan harga termurah tapi kualitas good seller responsif barang oke kurir mantap dari sicepat sampe sehari sebelum estimasi,fitur terbaik packing rapih sepadan dengan harga termurah tapi kualitas good seller responsif barang oke kurir mantap dari sicepat sampe sehari sebelum estimasi,23,positive,0.75,160,0.0125,0.0,0.0,0.0,0.003125,0
oepamungkas,"Pesanan sdh diterima dan berfungsi dengan baik... Terimakasih seller, terimakasih shopee",5,0,1732251630,pesanan sdh diterima dan berfungsi dengan baik terimakasih seller terimakasih shopee,pesanan sdh diterima dan berfungsi dengan baik terimakasih seller terimakasih shopee,11,neutral,0.55,84,0.023809523809523808,0.18181818181818182,0.0,0.0,0.05140692640692641,0
m*****5,"Mantap, semoga awet dan tahan lama.
Pengiriman barang ✓
Kualitas barang ✓
Harga barang ✓",5,0,1688157131,mantap semoga awet dan tahan lama pengiriman barang kualitas barang harga barang,mantap semoga awet dan tahan lama pengiriman barang kualitas barang harga barang,12,neutral,0.55,80,0.0,0.25,0.0,0.0,0.0625,0
c*****5,"Fitur Terbaik:ram nya oke..ada headsing nya..lrbih tahan panas
Sepadan dengan Harga:sesuai dg harga..termasuk hitungan murah",5,0,1662875046,fitur terbaik ram nya oke ada headsing nya lrbih tahan panas sepadan dengan harga sesuai dg harga termasuk hitungan murah,fitur terbaik ram nya oke ada headsing nya lrbih tahan panas sepadan dengan harga sesuai dg harga termasuk hitungan murah,20,positive,0.75,121,0.0,0.2,0.0,0.0,0.05,0
a*****p,"Mantappp sudah Sampai 
Harga bersaing,
Chat dibalas cepat.
Konsultasi juga, terimakasih",4,3,1688681390,mantappp sudah sampai harga bersaing chat dibalas cepat konsultasi juga terimakasih,mantappp sudah sampai harga bersaing chat dibalas cepat konsultasi juga terimakasih,11,positive,0.75,83,0.024096385542168676,0.0,0.0,0.0,0.006024096385542169,0
dicky6,Fitur Terbaik:belum dicoba tapi mudah2an gak ada masalah,5,0,1693356464,fitur terbaik belum dicoba tapi mudah2an gak ada masalah,fitur terbaik belum dicoba tapi mudah2an gak ada masalah,9,neutral,0.55,56,0.0,0.0,0.0,0.0,0.0,0
s*****6,"Sepadan dengan Harga:Ok mantap
Fitur Terbaik:memory komputer

Packing rapi tebal, Pengiriman cepat, Produk bagus berfungsi dengan baik terima kasih",5,0,1688392669,sepadan dengan harga ok mantap fitur terbaik memory komputer packing rapi tebal pengiriman cepat produk bagus berfungsi dengan baik terima kasih,sepadan dengan harga ok mantap fitur terbaik memory komputer packing rapi tebal pengiriman cepat produk bagus berfungsi dengan baik terima kasih,21,positive,0.75,144,0.0,0.09523809523809523,0.0,0.0,0.023809523809523808,0
yogihasiru,"Fungsi:bekerja sesuai dengan deskripsi
Fitur:bagus dan bermanfaat
Keaslian:terjamin asli",5,0,1736847812,fungsi bekerja sesuai dengan deskripsi fitur bagus dan bermanfaat keaslian terjamin asli,fungsi bekerja sesuai dengan deskripsi fitur bagus dan bermanfaat keaslian terjamin asli,12,positive,0.75,88,0.011363636363636364,0.0,0.0,0.0,0.002840909090909091,0
e*****r,"Fitur Terbaik:barang ori
Sepadan dengan Harga:murah banget",5,0,1688335807,fitur terbaik barang ori sepadan dengan harga murah banget,fitur terbaik barang ori sepadan dengan harga murah banget,9,neutral,0.55,58,0.0,0.0,0.0,0.0,0.0,0
georanger,RAM diterima dengan packing baik dan masih tersegel rapi.. terimakasih,5,0,1687411276,ram diterima dengan packing baik dan masih tersegel rapi terimakasih,ram diterima dengan packing baik dan masih tersegel rapi terimakasih,10,positive,0.75,68,0.0,0.0,0.0,0.0,0.0,0
rzcustom,"Sepadan dengan Harga:sepadan
Fitur Terbaik:harga murah sudah ddr4 dan sudah dilengkapi heatsink",5,0,1692548228,sepadan dengan harga sepadan fitur terbaik harga murah sudah ddr4 dan sudah dilengkapi heatsink,sepadan dengan harga sepadan fitur terbaik harga murah sudah ddr4 dan sudah dilengkapi heatsink,14,neutral,0.55,95,0.010526315789473684,0.42857142857142855,0.0,0.0,0.10977443609022555,0
istea028,"Dah sering blanja di sini,kk nya gercep,packing rapi dg free bubble tebel,recomended 👍, ram nya blom dicoba moga lancar en awet, trimakasih ka,shopee en SPX,sukses tuk semua..",5,0,1705572203,dah sering blanja di sini kk nya gercep packing rapi dg free bubble tebel recomended ram nya blom dicoba moga lancar en awet trimakasih ka shopee en spx sukses tuk semua,dah sering blanja di sini kk nya gercep packing rapi dg free bubble tebel recomended ram nya blom dicoba moga lancar en awet trimakasih ka shopee en spx sukses tuk semua,31,positive,0.75,169,0.023668639053254437,0.12903225806451613,0.0,0.0,0.03817522427944264,0
h*****o,"Fitur Terbaik:harga
Sepadan dengan Harga:sesuai

Tulisan hyper x lebih kecil, chip memakai micron, cl sesuai harga, dual rank, spesifikasi lain lihat gambar saja. Nanti saya lihat setelah pakai beberapa hari",4,9,1746860613,fitur terbaik harga sepadan dengan harga sesuai tulisan hyper x lebih kecil chip memakai micron cl sesuai harga dual rank spesifikasi lain lihat gambar saja nanti saya lihat setelah pakai beberapa hari,fitur terbaik harga sepadan dengan harga sesuai tulisan hyper x lebih kecil chip memakai micron cl sesuai harga dual rank spesifikasi lain lihat gambar saja nanti saya lihat setelah pakai beberapa hari,32,positive,0.75,201,0.0,0.21875,0.0,0.0,0.0546875,0
n*****i,"Fitur Terbaik:good
Sepadan dengan Harga:good",5,1,1688896682,fitur terbaik good sepadan dengan harga good,fitur terbaik good sepadan dengan harga good,7,neutral,0.55,44,0.045454545454545456,0.2857142857142857,0.0,0.0,0.08279220779220779,0
java_nusantara,"Sepadan dengan Harga:murah tapi gak murahan
Fitur Terbaik:fast respon

cepat sekali sampai nya, respon penjual nya cepat 🚀🚀 kurir nya pun cepat 
REKOMENDASI buat semua MAHLUK di muka BUMI yg cari sparepart komputer 👍👍👍👍👍👍
Nb:belum di test karena masih tunggu part ygg lain",5,0,1710310406,sepadan dengan harga murah tapi gak murahan fitur terbaik fast respon cepat sekali sampai nya respon penjual nya cepat kurir nya pun cepat rekomendasi buat semua mahluk di muka bumi yg cari sparepart komputer nb belum di test karena masih tunggu part ygg lain,sepadan dengan harga murah tapi gak murahan fitur terbaik fast respon cepat sekali sampai nya respon penjual nya cepat kurir nya pun cepat rekomendasi buat semua mahluk di muka bumi yg cari sparepart komputer nb belum di test karena masih tunggu part ygg lain,44,positive,0.75,259,0.007722007722007722,0.22727272727272727,0.0,0.0,0.05874868374868375,0
b*****h,"Fungsi:baik
Keaslian:original
Fitur:bagus

Bagaikan penilaian mu dan bagian pada penggunaan orang lain untuk memilih menilainya",5,0,1735297275,fungsi baik keaslian original fitur bagus bagaikan penilaian mu dan bagian pada penggunaan orang lain untuk memilih menilainya,fungsi baik keaslian original fitur bagus bagaikan penilaian mu dan bagian pada penggunaan orang lain untuk memilih menilainya,18,positive,0.75,126,0.015873015873015872,0.0,0.0,0.0,0.003968253968253968,0
rickayuzsss,Wah keren bgt si. Keamanannya diperhatikan seketat ini. Barangnya cuma beli 1 ram tapi bubble wrap nya hampir 2 meter wkwkwk. Nice,5,0,1642559684,wah keren bgt si keamanannya diperhatikan seketat ini barangnya cuma beli 1 ram tapi bubble wrap nya hampir 2 meter wkwkwk nice,wah keren bgt si keamanannya diperhatikan seketat ini barangnya cuma beli 1 ram tapi bubble wrap nya hampir 2 meter wkwkwk nice,22,positive,0.75,127,0.015748031496062992,0.0,0.0,0.0,0.003937007874015748,0
hifn1,Ram normal pengiriman cepat packing mantap,5,0,1688147034,ram normal pengiriman cepat packing mantap,ram normal pengiriman cepat packing mantap,6,positive,0.75,42,0.0,0.0,0.0,0.0,0.0,0
a*****m,"Barang sudah diterima, berfungsi dengan baik, semoga awet. Terima Kasih",5,0,1689511410,barang sudah diterima berfungsi dengan baik semoga awet terima kasih,barang sudah diterima berfungsi dengan baik semoga awet terima kasih,10,neutral,0.55,68,0.0,0.0,0.0,0.0,0.0,0
j*****a,"Packing rapi, produk sesuai spec dan deskripsi. Mantap,......",5,0,1688189266,packing rapi produk sesuai spec dan deskripsi mantap,packing rapi produk sesuai spec dan deskripsi mantap,8,positive,0.75,52,0.0,0.0,0.0,0.0,0.0,0
lilik_yulian,"Fungsi:baik
Keaslian:asli
Fitur:baik

Berfungsi dengan baik dan terbaca dengan sempurna baguss",5,1,1754860890,fungsi baik keaslian asli fitur baik berfungsi dengan baik dan terbaca dengan sempurna baguss,fungsi baik keaslian asli fitur baik berfungsi dengan baik dan terbaca dengan sempurna baguss,14,neutral,0.55,93,0.010752688172043012,0.35714285714285715,0.0,0.0,0.09197388632872504,0
samanimalfin,"Sepadan dengan Harga:mantap
Fitur Terbaik:super

Barang sudah sampai kk makasih banyak ya",5,0,1679221914,sepadan dengan harga mantap fitur terbaik super barang sudah sampai kk makasih banyak ya,sepadan dengan harga mantap fitur terbaik super barang sudah sampai kk makasih banyak ya,14,positive,0.75,88,0.011363636363636364,0.0,0.0,0.0,0.002840909090909091,0
norn_media,"Sepadan dengan Harga:Paling sepadan
Fitur Terbaik:Barang Baru poll..

Ram type DDR4, Pembelian 8Gb Pc 2666 x2
Recommend ni toko buat kalian yg mau ""Bing Rikit Pici"" :v , Garansi Last Long asal ada video unbox dan stiker garansi tidak lecek.. Jaya selalu Mitraindo hehe~..",5,0,1697131786,sepadan dengan harga paling sepadan fitur terbaik barang baru poll ram type ddr4 pembelian 8gb pc 2666 x2 recommend ni toko buat kalian yg mau bing rikit pici v garansi last long asal ada video unbox dan stiker garansi tidak lecek jaya selalu mitraindo hehe,sepadan dengan harga paling sepadan fitur terbaik barang baru poll ram type ddr4 pembelian 8gb pc 2666 x2 recommend ni toko buat kalian yg mau bing rikit pici v garansi last long asal ada video unbox dan stiker garansi tidak lecek jaya selalu mitraindo hehe,45,negative,0.75,257,0.019455252918287938,0.08888888888888889,0.0,1.0,0.22708603545179423,0
alazhar_24,"Fitur Terbaik:bagus
Sepadan dengan Harga:bagus

Mantap, gercep , kualitas ok, pengemasan aman",5,0,1677314999,fitur terbaik bagus sepadan dengan harga bagus mantap gercep kualitas ok pengemasan aman,fitur terbaik bagus sepadan dengan harga bagus mantap gercep kualitas ok pengemasan aman,13,positive,0.75,88,0.0,0.15384615384615385,0.0,0.0,0.038461538461538464,0
m*****o,"Sepadan dengan Harga:sepadan dengan harga
Fitur Terbaik:semoga terbaik

Order yang kedua semoga awet seperti yang pertama, kayaknya beda dengan yang pertama di tulisan yang sekarang kecil,semoga awet, pelayanan cukup bagus rekomend, top pokoknya",5,0,1697678474,sepadan dengan harga sepadan dengan harga fitur terbaik semoga terbaik order yang kedua semoga awet seperti yang pertama kayaknya beda dengan yang pertama di tulisan yang sekarang kecil semoga awet pelayanan cukup bagus rekomend top pokoknya,sepadan dengan harga sepadan dengan harga fitur terbaik semoga terbaik order yang kedua semoga awet seperti yang pertama kayaknya beda dengan yang pertama di tulisan yang sekarang kecil semoga awet pelayanan cukup bagus rekomend top pokoknya,36,positive,0.75,241,0.0,0.5555555555555556,0.0,0.0,0.1388888888888889,0
dulgimoh,packing rapi. barang sampai dengan selamat. barang sesuai deskripsi. barang belum dicoba. semoga awet.,5,0,1714540118,packing rapi barang sampai dengan selamat barang sesuai deskripsi barang belum dicoba semoga awet,packing rapi barang sampai dengan selamat barang sesuai deskripsi barang belum dicoba semoga awet,14,positive,0.75,97,0.0,0.21428571428571427,0.0,0.0,0.05357142857142857,0
alvan_nurhikmah57,"Fitur Terbaik:Barang bagus namun salah prorok
Sepadan dengan Harga:Harga murah tapi tidak murah,respon bagus,tapi barangnya mau di tukar",5,0,1696377622,fitur terbaik barang bagus namun salah prorok sepadan dengan harga harga murah tapi tidak murah respon bagus tapi barangnya mau di tukar,fitur terbaik barang bagus namun salah prorok sepadan dengan harga harga murah tapi tidak murah respon bagus tapi barangnya mau di tukar,22,neutral,0.55,136,0.0,0.36363636363636365,0.0,0.0,0.09090909090909091,0
a*****t,"Barang diterima dengan baik, bubblewarp tebal, sudah dipasang, bekerja dengan baik. Ty seller",5,0,1745191503,barang diterima dengan baik bubblewarp tebal sudah dipasang bekerja dengan baik ty seller,barang diterima dengan baik bubblewarp tebal sudah dipasang bekerja dengan baik ty seller,13,positive,0.75,89,0.02247191011235955,0.3076923076923077,0.0,0.0,0.08254105445116681,0
g*****8,"Fitur Terbaik:jalan sesuai 2666
Sepadan dengan Harga:harganya murah meriah untuk ddr4 8gb 1 kepingnya

Saya memang ga ada solusi, cuma kayak sayang gitu nempel segelnya di body ram. Jadinya udah diunboxing duluan haha",5,2,1707954508,fitur terbaik jalan sesuai 2666 sepadan dengan harga harganya murah meriah untuk ddr4 8gb 1 kepingnya saya memang ga ada solusi cuma kayak sayang gitu nempel segelnya di body ram jadinya udah diunboxing duluan haha,fitur terbaik jalan sesuai 2666 sepadan dengan harga harganya murah meriah untuk ddr4 8gb 1 kepingnya saya memang ga ada solusi cuma kayak sayang gitu nempel segelnya di body ram jadinya udah diunboxing duluan haha,35,positive,0.75,214,0.014018691588785047,0.0,0.0,0.0,0.0035046728971962616,0
a*****a,"approved👍
packing tebal, ram bekerja dengan baik, sesuai dengan gambar, harga murah.",5,0,1688687831,approved packing tebal ram bekerja dengan baik sesuai dengan gambar harga murah,approved packing tebal ram bekerja dengan baik sesuai dengan gambar harga murah,12,positive,0.75,79,0.012658227848101266,0.16666666666666666,0.0,0.0,0.044831223628691984,0
rffrs,barang udh dicoba gk ada kendala dan lancar keren2,5,0,1641769693,barang udh dicoba gk ada kendala dan lancar keren2,barang udh dicoba gk ada kendala dan lancar keren2,9,neutral,0.55,50,0.0,0.0,0.0,0.0,0.0,0
icisurici,"Makasih mimin,,,, barangnya cepet banget sampenya... blom dicoba sih,,, Mudah2an lancar ga ada kendala",5,0,1688796470,makasih mimin barangnya cepet banget sampenya blom dicoba sih mudah2an lancar ga ada kendala,makasih mimin barangnya cepet banget sampenya blom dicoba sih mudah2an lancar ga ada kendala,14,neutral,0.55,92,0.0,0.0,0.0,0.0,0.0,0
ilhamr1406,"Fungsi:belum dicoba semoga berfungsi dengan baik
Keaslian:original
Fitur:bagus

Packing mantap extra safe, pengiriman juga cepat",5,0,1728306724,fungsi belum dicoba semoga berfungsi dengan baik keaslian original fitur bagus packing mantap extra safe pengiriman juga cepat,fungsi belum dicoba semoga berfungsi dengan baik keaslian original fitur bagus packing mantap extra safe pengiriman juga cepat,18,positive,0.75,126,0.0,0.0,0.0,0.0,0.0,0
hernandafirmanfiantomi,Keren sih ini mah.. Packingnya mantaapp... Berlapis lapis bubble warp 🤣🤣🤣 aman sekali pokoknya dan penjualnya juga fast respon. Sukses terus dah buat toko. Thankyouu.. 😁😁😁😁😁😁😁😁😁😁😁😁😁😁😁😘😁😘😁😘😁😘😁😘😁😘😁😘😁😘😁😘😁😘😁😘😁😘😁😘😁😘😁😘😁😘😁😘😁😘😁😘😁😘😁😘😁😘😁😘😁😘😁😘�,5,0,1688247170,keren sih ini mah packingnya mantaapp berlapis lapis bubble warp aman sekali pokoknya dan penjualnya juga fast respon sukses terus dah buat toko thankyouu,keren sih ini mah packingnya mantaapp berlapis lapis bubble warp aman sekali pokoknya dan penjualnya juga fast respon sukses terus dah buat toko thankyouu,24,positive,0.75,154,0.025974025974025976,0.0,0.0,0.0,0.006493506493506494,0
mawan_suwanto,"Barang diterima dalam kondisi baik, pengiriman cepat,  barang belum dicoba",5,0,1688740073,barang diterima dalam kondisi baik pengiriman cepat barang belum dicoba,barang diterima dalam kondisi baik pengiriman cepat barang belum dicoba,10,positive,0.75,71,0.0,0.2,0.0,0.0,0.05,0
istea028,"Paketnya sdh sampai, packing rapi dg free bubble tebel,ram nya blom dicoba mudah2 han lancar dan awet,tambah lancar tokonya ya ka, trimakasih kk, shopee en abang kurir SPX .. sukses tuk semuaa..",5,0,1709638012,paketnya sdh sampai packing rapi dg free bubble tebel ram nya blom dicoba mudah2 han lancar dan awet tambah lancar tokonya ya ka trimakasih kk shopee en abang kurir spx sukses tuk semuaa,paketnya sdh sampai packing rapi dg free bubble tebel ram nya blom dicoba mudah2 han lancar dan awet tambah lancar tokonya ya ka trimakasih kk shopee en abang kurir spx sukses tuk semuaa,33,positive,0.75,186,0.026881720430107527,0.06060606060606061,0.0,0.0,0.021871945259042035,0
f*****s,"Sepadan dengan Harga:iya
Fitur Terbaik:barang ok

Alhamdulillah barang sesuai pesanan, kwalitas bagus, harga sesuai, brarang sdh sampai dari hari kamis karena kesibukan baru bisa dipasang hari ini, makasih seller semoga tetap amanah kedepannya",5,0,1692548235,sepadan dengan harga iya fitur terbaik barang ok alhamdulillah barang sesuai pesanan kwalitas bagus harga sesuai brarang sdh sampai dari hari kamis karena kesibukan baru bisa dipasang hari ini makasih seller semoga tetap amanah kedepannya,sepadan dengan harga iya fitur terbaik barang ok alhamdulillah barang sesuai pesanan kwalitas bagus harga sesuai brarang sdh sampai dari hari kamis karena kesibukan baru bisa dipasang hari ini makasih seller semoga tetap amanah kedepannya,35,positive,0.75,238,0.012605042016806723,0.22857142857142856,0.0,0.0,0.060294117647058824,0
a*****h,Sempet skeptis karna barang di lempar ke garasiuntung bubble wrap nya tebel cuma soon mending di kasih caution jangan di banting min. But over all its good quality,5,0,1677887491,sempet skeptis karna barang di lempar ke garasiuntung bubble wrap nya tebel cuma soon mending di kasih caution jangan di banting min but over all its good quality,sempet skeptis karna barang di lempar ke garasiuntung bubble wrap nya tebel cuma soon mending di kasih caution jangan di banting min but over all its good quality,28,neutral,0.55,162,0.024691358024691357,0.10714285714285714,0.0,0.0,0.03295855379188713,0
viryalrifky,"- Pengiriman cepat ✅
- Packing aman ✅
- Barang baru ✅
- Pengiriman cepat ✅
- Recommend ✅
- Gak perlu ragu ✅",5,0,1662906542,pengiriman cepat packing aman barang baru pengiriman cepat recommend gak perlu ragu,pengiriman cepat packing aman barang baru pengiriman cepat recommend gak perlu ragu,12,positive,0.75,83,0.012048192771084338,0.3333333333333333,0.0,0.0,0.08634538152610441,0
xenovia_shop88,"Fitur Terbaik:baik
Sepadan dengan Harga:ya

Belum di cobaa, barangnyaa sudah nyampee makasihh ya .",5,0,1689147039,fitur terbaik baik sepadan dengan harga ya belum di cobaa barangnyaa sudah nyampee makasihh ya,fitur terbaik baik sepadan dengan harga ya belum di cobaa barangnyaa sudah nyampee makasihh ya,15,neutral,0.55,94,0.0425531914893617,0.13333333333333333,0.0,0.0,0.04397163120567376,0
angoyib,"Fitur Terbaik:sudah ddr4
Sepadan dengan Harga:ya

Packingnya rapih, harga menarik, semoga sesuai sama spek yg tertera, blom di rakit soalnya😁, 👍.",5,0,1685376037,fitur terbaik sudah ddr4 sepadan dengan harga ya packingnya rapih harga menarik semoga sesuai sama spek yg tertera blom di rakit soalnya,fitur terbaik sudah ddr4 sepadan dengan harga ya packingnya rapih harga menarik semoga sesuai sama spek yg tertera blom di rakit soalnya,22,positive,0.75,136,0.007352941176470588,0.09090909090909091,0.0,0.0,0.024565508021390375,0
adi21munadi,"Fungsi:berfungsi dgn baik
Keaslian:original
Fitur:baik

Paket dipacking dengan sangat baik, barang yang dikirim sesuai dengan deskripsi produk, berfungsi dengan baik, sukses selalu, terima kasih",5,0,1759893783,fungsi berfungsi dgn baik keaslian original fitur baik paket dipacking dengan sangat baik barang yang dikirim sesuai dengan deskripsi produk berfungsi dengan baik sukses selalu terima kasih,fungsi berfungsi dgn baik keaslian original fitur baik paket dipacking dengan sangat baik barang yang dikirim sesuai dengan deskripsi produk berfungsi dengan baik sukses selalu terima kasih,27,positive,0.75,189,0.0,0.3333333333333333,0.0,0.0,0.08333333333333333,0
r*****m,"Maaf baru ngasih penilaian, barangnya oke sesuai ekspektasi. Mantul belanja disini, terima kasih banyak",5,0,1688634604,maaf baru ngasih penilaian barangnya oke sesuai ekspektasi mantul belanja disini terima kasih banyak,maaf baru ngasih penilaian barangnya oke sesuai ekspektasi mantul belanja disini terima kasih banyak,14,positive,0.75,100,0.01,0.0,0.0,0.0,0.0025,0
adittt_12,"Barang sampai dengan keadaan baik, tapi belom di coba",5,0,1688389228,barang sampai dengan keadaan baik tapi belom di coba,barang sampai dengan keadaan baik tapi belom di coba,9,neutral,0.55,52,0.019230769230769232,0.0,0.0,0.0,0.004807692307692308,0
agusmei18,pengirman cepat sampai..barang sesui pesanan..terimakasih,5,0,1688273185,pengirman cepat sampai barang sesui pesanan terimakasih,pengirman cepat sampai barang sesui pesanan terimakasih,7,positive,0.75,55,0.0,0.0,0.0,0.0,0.0,0
hadi_naezela,"Mantapp, belum dicoba. Semoga tdk ada kendala. Good job buat tokonya",5,0,1686466225,mantapp belum dicoba semoga tdk ada kendala good job buat tokonya,mantapp belum dicoba semoga tdk ada kendala good job buat tokonya,11,neutral,0.55,65,0.03076923076923077,0.0,0.0,0.0,0.007692307692307693,0
y*****_,"Fungsi:Berfungsi normal
Keaslian:sepertinya ori
Fitur:bagus

cukup membantu untuk menunjang performa komputer saya, cuma untuk penggunaan editing ringan,microsoft dan perlu buka banyak browser",5,0,1749656363,fungsi berfungsi normal keaslian sepertinya ori fitur bagus cukup membantu untuk menunjang performa komputer saya cuma untuk penggunaan editing ringan microsoft dan perlu buka banyak browser,fungsi berfungsi normal keaslian sepertinya ori fitur bagus cukup membantu untuk menunjang performa komputer saya cuma untuk penggunaan editing ringan microsoft dan perlu buka banyak browser,26,positive,0.75,190,0.010526315789473684,0.07692307692307693,0.0,0.0,0.021862348178137654,0
ekhoadjisaputro,"Adminya ramah, packing tebel
Semoga makin ramai tokonya",5,1,1693030325,adminya ramah packing tebel semoga makin ramai tokonya,adminya ramah packing tebel semoga makin ramai tokonya,8,neutral,0.55,54,0.0,0.0,0.0,0.0,0.0,0
,"Mantap Sesuai pesanan,… tapi belum di tes semua yg lain blm datang soalnya",5,0,1688248433,mantap sesuai pesanan tapi belum di tes semua yg lain blm datang soalnya,mantap sesuai pesanan tapi belum di tes semua yg lain blm datang soalnya,13,positive,0.75,72,0.0,0.0,0.0,0.0,0.0,0
_00kevin,"Fitur Terbaik:Sesuai harga
Sepadan dengan Harga:300000

Barang datang dengan selamat,bublerap tebal,belum di test masih nunggu part yang lain",5,0,1682053862,fitur terbaik sesuai harga sepadan dengan harga 300000 barang datang dengan selamat bublerap tebal belum di test masih nunggu part yang lain,fitur terbaik sesuai harga sepadan dengan harga 300000 barang datang dengan selamat bublerap tebal belum di test masih nunggu part yang lain,22,positive,0.75,140,0.03571428571428571,0.18181818181818182,0.0,0.0,0.05438311688311688,0
ling2ed0,"semuanya berfungsi dengan baik gan

terimakasih gan 🙏",5,1,1708182120,semuanya berfungsi dengan baik gan terimakasih gan,semuanya berfungsi dengan baik gan terimakasih gan,7,neutral,0.55,50,0.0,0.2857142857142857,0.0,0.0,0.07142857142857142,0
rahmatdindara,"Alhamdulillah aman dan amanah, semoga makin jaya ya bang, lancar bang mantab",5,1,1737621500,alhamdulillah aman dan amanah semoga makin jaya ya bang lancar bang mantab,alhamdulillah aman dan amanah semoga makin jaya ya bang lancar bang mantab,12,neutral,0.55,74,0.013513513513513514,0.16666666666666666,0.0,0.0,0.04504504504504504,0
r*****t,"Mantap, semoga aman, tp kok gak ada kertas garansinya ya...",5,1,1757234646,mantap semoga aman tp kok gak ada kertas garansinya ya,mantap semoga aman tp kok gak ada kertas garansinya ya,10,positive,0.75,54,0.0,0.0,0.0,0.0,0.0,0
m*****o,"Alhamdulillah sudah di pasang ke pc 
Semoga awet dan berkah Aamiin",5,0,1688345736,alhamdulillah sudah di pasang ke pc semoga awet dan berkah aamiin,alhamdulillah sudah di pasang ke pc semoga awet dan berkah aamiin,11,neutral,0.55,65,0.046153846153846156,0.0,0.0,0.0,0.011538461538461539,0
dwiky.heri,"Packing ✅
Produk ✅
Proteksi ✅

Fix langganan 🔥🔥",5,0,1721869130,packing produk proteksi fix langganan,packing produk proteksi fix langganan,5,neutral,0.55,37,0.02702702702702703,0.0,0.0,0.0,0.006756756756756757,0
serbaneka_store.id,"Packingnya sangat aman dan rapi
Barang sesuai pesanan
Pokoknya recomend dah👍",5,0,1662279186,packingnya sangat aman dan rapi barang sesuai pesanan pokoknya recomend dah,packingnya sangat aman dan rapi barang sesuai pesanan pokoknya recomend dah,11,positive,0.75,75,0.0,0.0,0.0,0.0,0.0,0
shendian,"Barang udah stress test 1jm, dipakai maen game 4jm, dioc ga ada masalah, packing juga rapih dan aman",5,0,1688326238,barang udah stress test 1jm dipakai maen game 4jm dioc ga ada masalah packing juga rapih dan aman,barang udah stress test 1jm dipakai maen game 4jm dioc ga ada masalah packing juga rapih dan aman,18,neutral,0.55,97,0.010309278350515464,0.0,0.0,0.0,0.002577319587628866,0
arfaannnh,"Sampai dengan baik, belom di coba karna motherboard nya belum ada",5,0,1659147725,sampai dengan baik belom di coba karna motherboard nya belum ada,sampai dengan baik belom di coba karna motherboard nya belum ada,11,neutral,0.55,64,0.0,0.0,0.0,0.0,0.0,0
didik.achiriyanto,Mantap lancar jaya,5,1,1644280974,mantap lancar jaya,mantap lancar jaya,3,positive,0.75,18,0.0,0.0,0.0,0.0,0.0,0
cyberinvesta,Produk sesuai deskripsi. Packing aman. Pengiriman juga cepat. Terimakasih.,5,0,1724558313,produk sesuai deskripsi packing aman pengiriman juga cepat terimakasih,produk sesuai deskripsi packing aman pengiriman juga cepat terimakasih,9,positive,0.75,70,0.0,0.0,0.0,0.0,0.0,0
gapush,"Barang terbungkus dengan rapi, belum di coba semoga bisa di gunakan ke 2 nya",5,0,1679719142,barang terbungkus dengan rapi belum di coba semoga bisa di gunakan ke 2 nya,barang terbungkus dengan rapi belum di coba semoga bisa di gunakan ke 2 nya,14,positive,0.75,75,0.0,0.14285714285714285,0.0,0.0,0.03571428571428571,0
v4scent,"Fitur Terbaik:murah
Sepadan dengan Harga:boleh lah

Barang berfungsi dengan baik... Pengiriman cepat karena langsung diproses pada hari kita order.... Semoga awet barangnya",5,0,1685376344,fitur terbaik murah sepadan dengan harga boleh lah barang berfungsi dengan baik pengiriman cepat karena langsung diproses pada hari kita order semoga awet barangnya,fitur terbaik murah sepadan dengan harga boleh lah barang berfungsi dengan baik pengiriman cepat karena langsung diproses pada hari kita order semoga awet barangnya,24,positive,0.75,164,0.0,0.08333333333333333,0.0,0.0,0.020833333333333332,0
votentic,"Fitur Terbaik:produk berkualitas
Sepadan dengan Harga:kompetitif

Sesuai dengan pesanan, kualitas produk istimewa⭐⭐⭐⭐⭐⭐⭐⭐👍👍👍👍👍",5,0,1671081655,fitur terbaik produk berkualitas sepadan dengan harga kompetitif sesuai dengan pesanan kualitas produk istimewa,fitur terbaik produk berkualitas sepadan dengan harga kompetitif sesuai dengan pesanan kualitas produk istimewa,14,positive,0.75,111,0.0,0.2857142857142857,0.0,0.0,0.07142857142857142,0
g*****e,"Fitur Terbaik:terbaca
Sepadan dengan Harga:murah

Baguss",5,0,1701788599,fitur terbaik terbaca sepadan dengan harga murah baguss,fitur terbaik terbaca sepadan dengan harga murah baguss,8,neutral,0.55,55,0.01818181818181818,0.0,0.0,0.0,0.004545454545454545,0
garutbagngloves,"Barang ori , pengiriman super cepat , admin sellernya ada respon baik , semoga klaim garansi life time / aftersales nya bagus",5,0,1688239851,barang ori pengiriman super cepat admin sellernya ada respon baik semoga klaim garansi life time aftersales nya bagus,barang ori pengiriman super cepat admin sellernya ada respon baik semoga klaim garansi life time aftersales nya bagus,18,positive,0.75,117,0.008547008547008548,0.0,0.0,0.0,0.002136752136752137,0
arifinplw,"Ok sesuai pesanan, blm dicoba semoga tdk ada kendala",5,0,1683618378,ok sesuai pesanan blm dicoba semoga tdk ada kendala,ok sesuai pesanan blm dicoba semoga tdk ada kendala,9,positive,0.75,51,0.0,0.0,0.0,0.0,0.0,0
avilady.f09,Pengiriman cepet. Bungkusnya tebel. Sesuai. Barangnya masik belum di cobak. Semoga aja bisa awet.,5,0,1677662287,pengiriman cepet bungkusnya tebel sesuai barangnya masik belum di cobak semoga aja bisa awet,pengiriman cepet bungkusnya tebel sesuai barangnya masik belum di cobak semoga aja bisa awet,14,positive,0.75,92,0.0,0.0,0.0,0.0,0.0,0
ahmad_mrjack,terima kasih.... paket telah sampai.... semoga manfaat dan berfungsi normal...,5,0,1638166446,terima kasih paket telah sampai semoga manfaat dan berfungsi normal,terima kasih paket telah sampai semoga manfaat dan berfungsi normal,10,neutral,0.55,67,0.014925373134328358,0.0,0.0,0.0,0.0037313432835820895,0
a*****3,"Fitur Terbaik:Ram nya KW tidak ori Serial Number & Speed Exit tidak sama
Sepadan dengan Harga:iya sepadan

Harga boleh segitu tapi percuma kualitas Draf Manifacture dan Speed Exit  serial g sesuai sama RAM yang ori",2,32,1757226692,fitur terbaik ram nya kw tidak ori serial number speed exit tidak sama sepadan dengan harga iya sepadan harga boleh segitu tapi percuma kualitas draf manifacture dan speed exit serial g sesuai sama ram yang ori,fitur terbaik ram nya kw tidak ori serial number speed exit tidak sama sepadan dengan harga iya sepadan harga boleh segitu tapi percuma kualitas draf manifacture dan speed exit serial g sesuai sama ram yang ori,36,neutral,0.55,210,0.009523809523809525,0.5,0.0,0.0,0.12738095238095237,0
afdhan07,"Segel n baru moga aweet
Bisa OC ke 3200 di Ryzen 👍👍",5,0,1672010068,segel n baru moga aweet bisa oc ke 3200 di ryzen,segel n baru moga aweet bisa oc ke 3200 di ryzen,11,neutral,0.55,48,0.041666666666666664,0.0,0.0,0.0,0.010416666666666666,0
ar.raffa,Sangat puas karena bahan ny bagus dan pengiriman nya sangat aman dan bubblewarp nya teball sipp toko ini,5,0,1648195678,sangat puas karena bahan ny bagus dan pengiriman nya sangat aman dan bubblewarp nya teball sipp toko ini,sangat puas karena bahan ny bagus dan pengiriman nya sangat aman dan bubblewarp nya teball sipp toko ini,18,positive,0.75,104,0.028846153846153848,0.3333333333333333,0.0,0.0,0.09054487179487179,0
dendiraptma,"So far, percobaan di Hogwart Legacy lancar. Di CPU-Z juga terbaca 16gb dual channel 2666 mhz. Di bios juga terbaca. Keren..",5,0,1688165203,so far percobaan di hogwart legacy lancar di cpu z juga terbaca 16gb dual channel 2666 mhz di bios juga terbaca keren,so far percobaan di hogwart legacy lancar di cpu z juga terbaca 16gb dual channel 2666 mhz di bios juga terbaca keren,22,positive,0.75,117,0.03418803418803419,0.3181818181818182,0.0,0.0,0.08809246309246309,0
oranglahbozs11223,"Work 100% tanpa kendala mantap, seller juga gercep dan langsung dikirim hari itu juga",5,0,1734746751,work 100 tanpa kendala mantap seller juga gercep dan langsung dikirim hari itu juga,work 100 tanpa kendala mantap seller juga gercep dan langsung dikirim hari itu juga,14,positive,0.75,83,0.024096385542168676,0.14285714285714285,0.0,0.0,0.04173838209982788,0
pandi1412,"Fitur Terbaik:Sdh Ada Heatsinknya
Sepadan dengan Harga:Dan Kulitasnya

Pengiriman Cepat, Berfungsi Dengan Baik Recomendedlah!",5,0,1688725645,fitur terbaik sdh ada heatsinknya sepadan dengan harga dan kulitasnya pengiriman cepat berfungsi dengan baik recomendedlah,fitur terbaik sdh ada heatsinknya sepadan dengan harga dan kulitasnya pengiriman cepat berfungsi dengan baik recomendedlah,16,positive,0.75,122,0.0,0.125,0.0,0.0,0.03125,0
georanger,Beli ram yang ke 2x produk berfungsi baik..dan pair dengan sebelumnya..😁,5,0,1690182340,beli ram yang ke 2x produk berfungsi baik dan pair dengan sebelumnya,beli ram yang ke 2x produk berfungsi baik dan pair dengan sebelumnya,12,neutral,0.55,68,0.0,0.0,0.0,0.0,0.0,0
idham750,Barang sesuai dengan pesanan respon penjual cepat mantapp,5,0,1669312226,barang sesuai dengan pesanan respon penjual cepat mantapp,barang sesuai dengan pesanan respon penjual cepat mantapp,8,positive,0.75,57,0.017543859649122806,0.0,0.0,0.0,0.0043859649122807015,0
clokgo,Mantap tapi blm dicoba tinggal nunggu casing doang,5,0,1616495719,mantap tapi blm dicoba tinggal nunggu casing doang,mantap tapi blm dicoba tinggal nunggu casing doang,8,positive,0.75,50,0.04,0.0,0.0,0.0,0.01,0
yudistra1612,"Fungsi:Bekerja
Keaslian:Asli

Pertama kali beli langsung 2, ternyata ada q yang eror dan blue screen untungnya proses pengembalian mudah dan tidak di persulit, dan beli lagi yg 2x aman tanpa blue screen sesuai dengan deskripsi",2,0,1756103904,fungsi bekerja keaslian asli pertama kali beli langsung 2 ternyata ada q yang eror dan blue screen untungnya proses pengembalian mudah dan tidak di persulit dan beli lagi yg 2x aman tanpa blue screen sesuai dengan deskripsi,fungsi bekerja keaslian asli pertama kali beli langsung 2 ternyata ada q yang eror dan blue screen untungnya proses pengembalian mudah dan tidak di persulit dan beli lagi yg 2x aman tanpa blue screen sesuai dengan deskripsi,37,neutral,0.55,223,0.008968609865470852,0.24324324324324326,0.0,0.0,0.06305296327717853,0
birdpo,"Fungsi:Ram pada umumnya

Semoga awet dan bagus, blm dicoba nunggu part² lain",5,0,1744167880,fungsi ram pada umumnya semoga awet dan bagus blm dicoba nunggu part lain,fungsi ram pada umumnya semoga awet dan bagus blm dicoba nunggu part lain,13,positive,0.75,73,0.0136986301369863,0.0,0.0,0.0,0.003424657534246575,0
wanbob1,"Barang menadarat dengan selamat. Peengiriman sangat cepat, gak nyangka udah nyampai. Barang belum di coba karena temen-temennya belum datang.",5,0,1666266413,barang menadarat dengan selamat peengiriman sangat cepat gak nyangka udah nyampai barang belum di coba karena temen temennya belum datang,barang menadarat dengan selamat peengiriman sangat cepat gak nyangka udah nyampai barang belum di coba karena temen temennya belum datang,20,positive,0.75,137,0.014598540145985401,0.2,0.0,0.0,0.053649635036496356,0
rachmadityoramadani,Fitur Terbaik:mantab gan. mendarat dengan selamat. mulus. paking aman.,5,0,1666066847,fitur terbaik mantab gan mendarat dengan selamat mulus paking aman,fitur terbaik mantab gan mendarat dengan selamat mulus paking aman,10,neutral,0.55,66,0.0,0.0,0.0,0.0,0.0,0
s*****g,"Barang sampai dengan selamat

blum saya tes masih menunggu komponen lain

semoga lancar jaya thanks 🙏🏻",5,0,1672480490,barang sampai dengan selamat blum saya tes masih menunggu komponen lain semoga lancar jaya thanks,barang sampai dengan selamat blum saya tes masih menunggu komponen lain semoga lancar jaya thanks,15,neutral,0.55,97,0.010309278350515464,0.0,0.0,0.0,0.002577319587628866,0
jessicarfd,Barangnya bagus sesuai gambar realpict cepat sampai juga dan aman packingnya terimakasih sudah menjalankan amanahh sukses selalu min,5,0,1688772264,barangnya bagus sesuai gambar realpict cepat sampai juga dan aman packingnya terimakasih sudah menjalankan amanahh sukses selalu min,barangnya bagus sesuai gambar realpict cepat sampai juga dan aman packingnya terimakasih sudah menjalankan amanahh sukses selalu min,18,positive,0.75,132,0.007575757575757576,0.0,0.0,0.0,0.001893939393939394,0
azureedd,"Fitur Terbaik:Lumayan sesuai dengan harga
Sepadan dengan Harga:harga murah dibandingkan toko lain

Dicoba jalan lancar seller fast respon rekomendasi pokoknya",5,0,1679475541,fitur terbaik lumayan sesuai dengan harga sepadan dengan harga harga murah dibandingkan toko lain dicoba jalan lancar seller fast respon rekomendasi pokoknya,fitur terbaik lumayan sesuai dengan harga sepadan dengan harga harga murah dibandingkan toko lain dicoba jalan lancar seller fast respon rekomendasi pokoknya,22,positive,0.75,157,0.006369426751592357,0.22727272727272727,0.0,0.0,0.058410538506079905,0
lordnyemil25,"Fitur Terbaik:bagus

Mantep banget ini ramnya kedetect semoga bisa dipake awet🙏 pengirimannya juga cepat cuma 2hari sudah sampai, sellernya juga fast respon 👍",4,1,1675775489,fitur terbaik bagus mantep banget ini ramnya kedetect semoga bisa dipake awet pengirimannya juga cepat cuma 2hari sudah sampai sellernya juga fast respon,fitur terbaik bagus mantep banget ini ramnya kedetect semoga bisa dipake awet pengirimannya juga cepat cuma 2hari sudah sampai sellernya juga fast respon,23,positive,0.75,153,0.013071895424836602,0.08695652173913043,0.0,0.0,0.025007104290991757,0
d*****i,"Fungsi:baik
Keaslian:oke

Sdh di pasang hasilnya oke. Next order lagi.",5,0,1753142959,fungsi baik keaslian oke sdh di pasang hasilnya oke next order lagi,fungsi baik keaslian oke sdh di pasang hasilnya oke next order lagi,12,neutral,0.55,67,0.0,0.16666666666666666,0.0,0.0,0.041666666666666664,0
didiracing,Semoga bagus masi nunggu prosesornya biar bsa d pake,5,0,1688787399,semoga bagus masi nunggu prosesornya biar bsa d pake,semoga bagus masi nunggu prosesornya biar bsa d pake,9,positive,0.75,52,0.019230769230769232,0.0,0.0,0.0,0.004807692307692308,0
sugihharyati,Barangnya bagus.. kurirnya ramah,5,1,1688295451,barangnya bagus kurirnya ramah,barangnya bagus kurirnya ramah,4,positive,0.75,30,0.0,0.0,0.0,0.0,0.0,0
adhifmada,Barang sesuai pesanan mantab terima kasih,5,0,1684052045,barang sesuai pesanan mantab terima kasih,barang sesuai pesanan mantab terima kasih,6,positive,0.75,41,0.0,0.0,0.0,0.0,0.0,0
_bustanul_arifin,"Sepadan dengan Harga:sepadan
Fitur Terbaik:original

Makasih seller....",5,0,1697111959,sepadan dengan harga sepadan fitur terbaik original makasih seller,sepadan dengan harga sepadan fitur terbaik original makasih seller,9,neutral,0.55,66,0.015151515151515152,0.2222222222222222,0.0,0.0,0.05934343434343434,0
irwansyah270789,"Blom dicoba sih..masih nunggu komponen yg lainnya
Terima kasih..",5,0,1688328571,blom dicoba sih masih nunggu komponen yg lainnya terima kasih,blom dicoba sih masih nunggu komponen yg lainnya terima kasih,10,neutral,0.55,61,0.03278688524590164,0.0,0.0,0.0,0.00819672131147541,0
hermanminutestomidnightpelangi,"Pengiriman cepat 
Pengiriman cepat 
Pengiriman cepat 
Pengiriman cepat 
Pengiriman cepat",5,0,1688437175,pengiriman cepat pengiriman cepat pengiriman cepat pengiriman cepat pengiriman cepat,pengiriman cepat pengiriman cepat pengiriman cepat pengiriman cepat pengiriman cepat,10,positive,0.75,84,0.0,1.0,0.0,0.0,0.25,0
anisa_ladju,,5,3,1688716928,,,1,neutral,0.55,0,0.0,0.0,0.0,0.0,0.6,1
ayadiyulianto,"Belum di coba, masih nunggu part lain, bubble wrap sangat tebal 10 lapis",5,0,1618734714,belum di coba masih nunggu part lain bubble wrap sangat tebal 10 lapis,belum di coba masih nunggu part lain bubble wrap sangat tebal 10 lapis,13,positive,0.75,70,0.02857142857142857,0.0,0.0,0.0,0.007142857142857143,0
dicky_basic,"packing y oke bgt...  belum dicoba karna nunggu part lain y, semoga aman...",5,0,1646910167,packing y oke bgt belum dicoba karna nunggu part lain y semoga aman,packing y oke bgt belum dicoba karna nunggu part lain y semoga aman,13,neutral,0.55,67,0.014925373134328358,0.15384615384615385,0.0,0.0,0.04219288174512055,0
arikbalasyik,,5,0,1637201002,,,1,neutral,0.55,0,0.0,0.0,0.0,0.0,0.6,1
teguh_aryo_timur,"Fungsi:baik
Keaslian:mungkin barang kw
Fitur:bagus

Yang penting lancar & cuan soalnya mau dijual buat paketan.",5,0,1723018602,fungsi baik keaslian mungkin barang kw fitur bagus yang penting lancar cuan soalnya mau dijual buat paketan,fungsi baik keaslian mungkin barang kw fitur bagus yang penting lancar cuan soalnya mau dijual buat paketan,17,positive,0.75,107,0.0,0.0,0.0,0.0,0.0,0
,"Barang sudah sampai cepet banget, tapi agak kecewa case ram nya lecet padahal segel masih utuh, tapi gapapa, semoga ramnya bagus..👍",5,1,1606029143,barang sudah sampai cepet banget tapi agak kecewa case ram nya lecet padahal segel masih utuh tapi gapapa semoga ramnya bagus,barang sudah sampai cepet banget tapi agak kecewa case ram nya lecet padahal segel masih utuh tapi gapapa semoga ramnya bagus,21,positive,0.75,125,0.0,0.09523809523809523,0.0,0.0,0.023809523809523808,0
dedehabib78,Fitur Terbaik:berjalan dengan lancar tidak ada kendala,5,0,1705483767,fitur terbaik berjalan dengan lancar tidak ada kendala,fitur terbaik berjalan dengan lancar tidak ada kendala,8,negative,0.75,54,0.0,0.0,0.0,1.0,0.2,0
bnoscctv,,5,2,1688389760,,,1,neutral,0.55,0,0.0,0.0,0.0,0.0,0.6,1
galangprakarsa,"Barang sesuai pesanan, sudah terpasang. Mantap sekali. Terimakasih.",5,0,1688216346,barang sesuai pesanan sudah terpasang mantap sekali terimakasih,barang sesuai pesanan sudah terpasang mantap sekali terimakasih,8,positive,0.75,63,0.0,0.0,0.0,0.0,0.0,0
u*****a,Barang sudah diterima dengan baik. Maaf baru review. Thank you seller,5,0,1707214413,barang sudah diterima dengan baik maaf baru review thank you seller,barang sudah diterima dengan baik maaf baru review thank you seller,11,neutral,0.55,67,0.029850746268656716,0.0,0.0,0.0,0.007462686567164179,0
ali_oswaldo_maulana_woretma,"Fitur Terbaik:Mantap
Sepadan dengan Harga:Worth it

Bagus mantap",5,0,1714475243,fitur terbaik mantap sepadan dengan harga worth it bagus mantap,fitur terbaik mantap sepadan dengan harga worth it bagus mantap,10,positive,0.75,63,0.0,0.2,0.0,0.0,0.05,0
rexar.21,"Produk dan spek sesuai. Sudah dicoba, bisa dan terbaca tanpa kendala.",5,0,1663720610,produk dan spek sesuai sudah dicoba bisa dan terbaca tanpa kendala,produk dan spek sesuai sudah dicoba bisa dan terbaca tanpa kendala,11,positive,0.75,66,0.0,0.18181818181818182,0.0,0.0,0.045454545454545456,0
ochopetshop,Belum dicoba tapi semoga lancar,5,0,1697853692,belum dicoba tapi semoga lancar,belum dicoba tapi semoga lancar,5,neutral,0.55,31,0.0,0.0,0.0,0.0,0.0,0
kevinmuhd2,"mantep sih perkiraan nyampe sabtu tp 1hari doang sip"" lah pokonya",5,0,1677678666,mantep sih perkiraan nyampe sabtu tp 1hari doang sip lah pokonya,mantep sih perkiraan nyampe sabtu tp 1hari doang sip lah pokonya,11,neutral,0.55,64,0.015625,0.0,0.0,0.0,0.00390625,0
drazat17,"Fitur Terbaik:murah
Sepadan dengan Harga:mantap

Murah mantap bergaransi",5,0,1704966566,fitur terbaik murah sepadan dengan harga mantap murah mantap bergaransi,fitur terbaik murah sepadan dengan harga mantap murah mantap bergaransi,10,positive,0.75,71,0.0,0.4,0.0,0.0,0.1,0
gembell7,"Mudahan aja normal masih nggu yg lain2..
Kualitas brng mantap, nex order lagi biar dualcnel",5,1,1688889008,mudahan aja normal masih nggu yg lain2 kualitas brng mantap nex order lagi biar dualcnel,mudahan aja normal masih nggu yg lain2 kualitas brng mantap nex order lagi biar dualcnel,15,positive,0.75,88,0.011363636363636364,0.0,0.0,0.0,0.002840909090909091,0
d*****g,"Barang sudah sampai, tapi blum di coba karena komponen blum terkumpul semua.

Mudah²an benar dan tidak ada kendala..",3,1,1677539111,barang sudah sampai tapi blum di coba karena komponen blum terkumpul semua mudah an benar dan tidak ada kendala,barang sudah sampai tapi blum di coba karena komponen blum terkumpul semua mudah an benar dan tidak ada kendala,19,negative,0.75,111,0.0,0.10526315789473684,0.0,0.0,0.02631578947368421,0
syahrirvian_101,Barang sampai dengan selamat,5,0,1694508023,barang sampai dengan selamat,barang sampai dengan selamat,4,neutral,0.55,28,0.0,0.0,0.0,0.0,0.0,0
marioadesaputra,,5,0,1681458393,,,1,neutral,0.55,0,0.0,0.0,0.0,0.0,0.6,1
allshoes.smg,"Fitur Terbaik:mantapp

Mantapp nominus masih tersegel",5,0,1688637436,fitur terbaik mantapp mantapp nominus masih tersegel,fitur terbaik mantapp mantapp nominus masih tersegel,7,neutral,0.55,52,0.038461538461538464,0.2857142857142857,0.0,0.0,0.08104395604395603,0
lookinkindasus,Sampai dengan Amann! Terimakasih banyak,5,0,1688764532,sampai dengan amann terimakasih banyak,sampai dengan amann terimakasih banyak,5,neutral,0.55,38,0.02631578947368421,0.0,0.0,0.0,0.006578947368421052,0
fathur_roziqin,"Fungsi:belum install
Keaslian:Asli
Fitur:8 GB

Mudahan berfungsi normal dan bagus",5,0,1753224660,fungsi belum install keaslian asli fitur 8 gb mudahan berfungsi normal dan bagus,fungsi belum install keaslian asli fitur 8 gb mudahan berfungsi normal dan bagus,13,positive,0.75,80,0.0125,0.0,0.0,0.0,0.003125,0
mahdi.hkk,"Fitur Terbaik:terbaik

Sampe skarng masih normar, lanjar jaya 😁",5,0,1676081768,fitur terbaik terbaik sampe skarng masih normar lanjar jaya,fitur terbaik terbaik sampe skarng masih normar lanjar jaya,9,neutral,0.55,59,0.0,0.2222222222222222,0.0,0.0,0.05555555555555555,0
pmbhamfara,Barangnya diterima aman semoga lancar masih mau dirakit dulu,5,0,1678197031,barangnya diterima aman semoga lancar masih mau dirakit dulu,barangnya diterima aman semoga lancar masih mau dirakit dulu,9,neutral,0.55,60,0.0,0.0,0.0,0.0,0.0,0
bangboriel90,Recommend dah asli,5,0,1692548238,recommend dah asli,recommend dah asli,3,neutral,0.55,18,0.05555555555555555,0.0,0.0,0.0,0.013888888888888888,0
m*****l,"Fungsi:beroperasi dengan lancar semoga
Keaslian:belum saya coba, semoga sesuai
Fitur:bagus semoga berguna dana tahan lama",5,0,1755071238,fungsi beroperasi dengan lancar semoga keaslian belum saya coba semoga sesuai fitur bagus semoga berguna dana tahan lama,fungsi beroperasi dengan lancar semoga keaslian belum saya coba semoga sesuai fitur bagus semoga berguna dana tahan lama,18,positive,0.75,120,0.0,0.16666666666666666,0.0,0.0,0.041666666666666664,0
adis_mknk,"Barang aman lurr, sudah saya coba. Walaupun ada keterlambatan dalam pengiriman.",5,0,1688235420,barang aman lurr sudah saya coba walaupun ada keterlambatan dalam pengiriman,barang aman lurr sudah saya coba walaupun ada keterlambatan dalam pengiriman,11,neutral,0.55,76,0.013157894736842105,0.0,0.0,0.0,0.003289473684210526,0
nursanti__,"Gercep...... 
Pengemasan & pengiriman super cepat.... 
Produk bagus dan berfungsi dengan baik.... 
Recommended bangettt........ 
Thanks ya......   ",4,0,1663784919,gercep pengemasan pengiriman super cepat produk bagus dan berfungsi dengan baik recommended bangettt thanks ya,gercep pengemasan pengiriman super cepat produk bagus dan berfungsi dengan baik recommended bangettt thanks ya,15,positive,0.75,110,0.02727272727272727,0.0,0.0,0.0,0.006818181818181818,0
bernadusbayusaputra,Kualitas ram nya bagus rekomendasi untuk di beli pokonya mh saya pake tidak ada kendala sama sekali saat menyalakan komputer,5,0,1626826493,kualitas ram nya bagus rekomendasi untuk di beli pokonya mh saya pake tidak ada kendala sama sekali saat menyalakan komputer,kualitas ram nya bagus rekomendasi untuk di beli pokonya mh saya pake tidak ada kendala sama sekali saat menyalakan komputer,20,neutral,0.55,124,0.008064516129032258,0.0,0.0,0.0,0.0020161290322580645,0
su.teg,,5,0,1686728013,,,1,neutral,0.55,0,0.0,0.0,0.0,0.0,0.6,1
yulius_johannis,Pengiriman lumayan cepat di masa krisis solar ini. Paket dikemas rapi dan aman. Tengkiu,5,0,1648878277,pengiriman lumayan cepat di masa krisis solar ini paket dikemas rapi dan aman tengkiu,pengiriman lumayan cepat di masa krisis solar ini paket dikemas rapi dan aman tengkiu,14,positive,0.75,85,0.0,0.0,0.0,0.0,0.0,0
yudistra1612,"Fungsi:1 Berfungsi terkadang bluescreen, 1 tidak berfungsi

Beli 2 ram dan pas datang sesuai pesanan, setelah di rakit dan di pasang ada 1 ram gak berfungsi sering bluescreen sudah di pindah ke slot 1 & 2 sama saja. Ram yg ke 2 bisa di pake, terkadang bluescreen juga. Tolong klo jual itu yang amanah setidaknya di cek dulu ada masalah apa gak, untung masih bisa di reffund. Awas aja klo saya beli lagi disini ga berfungsi lagi!",1,3,1764588902,fungsi 1 berfungsi terkadang bluescreen 1 tidak berfungsi beli 2 ram dan pas datang sesuai pesanan setelah di rakit dan di pasang ada 1 ram gak berfungsi sering bluescreen sudah di pindah ke slot 1 2 sama saja ram yg ke 2 bisa di pake terkadang bluescreen juga tolong klo jual itu yang amanah setidaknya di cek dulu ada masalah apa gak untung masih bisa di reffund awas aja klo saya beli lagi disini ga berfungsi lagi,fungsi 1 berfungsi terkadang bluescreen 1 tidak berfungsi beli 2 ram dan pas datang sesuai pesanan setelah di rakit dan di pasang ada 1 ram gak berfungsi sering bluescreen sudah di pindah ke slot 1 2 sama saja ram yg ke 2 bisa di pake terkadang bluescreen juga tolong klo jual itu yang amanah setidaknya di cek dulu ada masalah apa gak untung masih bisa di reffund awas aja klo saya beli lagi disini ga berfungsi lagi,77,neutral,0.55,417,0.009592326139088728,0.5324675324675324,0.0,0.0,0.1355149646516553,0
fajarnurmawan,"Oke aman it work, awalnya sempet kaget pas dateng ternyata desainya berbeda sama desain yang dulu. Dari tulisanya case hyper x nya. Tapi bagus lancar",5,2,1683739666,oke aman it work awalnya sempet kaget pas dateng ternyata desainya berbeda sama desain yang dulu dari tulisanya case hyper x nya tapi bagus lancar,oke aman it work awalnya sempet kaget pas dateng ternyata desainya berbeda sama desain yang dulu dari tulisanya case hyper x nya tapi bagus lancar,25,positive,0.75,146,0.0,0.0,0.0,0.0,0.0,0
alfi674,Belum di coba,5,0,1694144600,belum di coba,belum di coba,3,neutral,0.55,13,0.0,0.0,0.2,0.0,0.26,0
ariftims,Barang sudah diterima dan di cek tidak ada yang rusak tapi sayangnya belum dicoba soalnya komponen nya belum lengkap jdi harap maklum,4,0,1673853844,barang sudah diterima dan di cek tidak ada yang rusak tapi sayangnya belum dicoba soalnya komponen nya belum lengkap jdi harap maklum,barang sudah diterima dan di cek tidak ada yang rusak tapi sayangnya belum dicoba soalnya komponen nya belum lengkap jdi harap maklum,22,negative,0.75,133,0.0,0.09090909090909091,0.0,1.0,0.22272727272727275,0
mytenika,"Fitur Terbaik:original
Sepadan dengan Harga:sesuai

Sangat bagus",5,0,1696905930,fitur terbaik original sepadan dengan harga sesuai sangat bagus,fitur terbaik original sepadan dengan harga sesuai sangat bagus,9,positive,0.75,63,0.0,0.0,0.0,0.0,0.0,0
48v5000w,"Kualitas produk baik, heatsinknya kurang melekat ke ramnya.",5,0,1688879815,kualitas produk baik heatsinknya kurang melekat ke ramnya,kualitas produk baik heatsinknya kurang melekat ke ramnya,8,negative,0.75,57,0.0,0.0,0.0,1.0,0.2,0
herdiyana13,,5,0,1698153635,,,1,neutral,0.55,0,0.0,0.0,0.0,0.0,0.6,1
edwardsastra,Tq responya barang bgus...,5,0,1759835483,tq responya barang bgus,tq responya barang bgus,4,neutral,0.55,23,0.0,0.0,0.0,0.0,0.0,0
f*****o,"Berfungsi dengan sangat baik, packing aman buble wrap tebal",5,0,1662721838,berfungsi dengan sangat baik packing aman buble wrap tebal,berfungsi dengan sangat baik packing aman buble wrap tebal,9,positive,0.75,58,0.0,0.0,0.0,0.0,0.0,0
a*****7,"Brfgsi dgn baik
Moga aweet",5,0,1729990324,brfgsi dgn baik moga aweet,brfgsi dgn baik moga aweet,5,neutral,0.55,26,0.038461538461538464,0.0,0.0,0.0,0.009615384615384616,0
m*****z,,5,0,1747319219,,,1,neutral,0.55,0,0.0,0.0,0.0,0.0,0.6,1
iyan.suriansyah,,5,0,1688328757,,,1,neutral,0.55,0,0.0,0.0,0.0,0.0,0.6,1
el_rayyan,"Berfungsi dengan baik
Semoga awet",5,0,1657027340,berfungsi dengan baik semoga awet,berfungsi dengan baik semoga awet,5,neutral,0.55,33,0.0,0.0,0.0,0.0,0.0,0
muhammadriqqiamru,"Merk sesuai kingston, pabrikan Mei 2022,dual rank, cpuz terbaca, casing ram cuma di solder, ngga ngaruh heatsink, kondisi bagus, packing buble warp tebal, mntap sesuai harga",5,1,1745191562,merk sesuai kingston pabrikan mei 2022 dual rank cpuz terbaca casing ram cuma di solder ngga ngaruh heatsink kondisi bagus packing buble warp tebal mntap sesuai harga,merk sesuai kingston pabrikan mei 2022 dual rank cpuz terbaca casing ram cuma di solder ngga ngaruh heatsink kondisi bagus packing buble warp tebal mntap sesuai harga,27,positive,0.75,166,0.012048192771084338,0.07407407407407407,0.0,0.0,0.0215305667112896,0
gilbert.arnold,"Terbaikk, work jadi lebih cepet",5,0,1688636698,terbaikk work jadi lebih cepet,terbaikk work jadi lebih cepet,5,neutral,0.55,30,0.03333333333333333,0.0,0.0,0.0,0.008333333333333333,0
fatwaf02,Belom sempat di pake tunggu part yang lain buat rakit,5,0,1668913854,belom sempat di pake tunggu part yang lain buat rakit,belom sempat di pake tunggu part yang lain buat rakit,10,neutral,0.55,53,0.018867924528301886,0.0,0.0,0.0,0.0047169811320754715,0
b*****0,Semoga penakaian normal,5,0,1688930752,semoga penakaian normal,semoga penakaian normal,3,neutral,0.55,23,0.0,0.0,0.0,0.0,0.0,0
alfian75.as,Seller grecep. Barang langsung di kirim bubble tebal sudah di coba semoga awet,5,0,1738826972,seller grecep barang langsung di kirim bubble tebal sudah di coba semoga awet,seller grecep barang langsung di kirim bubble tebal sudah di coba semoga awet,13,positive,0.75,77,0.025974025974025976,0.15384615384615385,0.0,0.0,0.04495504495504496,0
maerubagas14,"Fitur Terbaik:berfungsi dengan baik

Sepadan dengan harga",5,0,1688717345,fitur terbaik berfungsi dengan baik sepadan dengan harga,fitur terbaik berfungsi dengan baik sepadan dengan harga,8,neutral,0.55,56,0.0,0.25,0.0,0.0,0.0625,0
dika_wijaya24,Oke mantap berfungsi dengan,5,0,1744436410,oke mantap berfungsi dengan,oke mantap berfungsi dengan,4,positive,0.75,27,0.0,0.0,0.0,0.0,0.0,0
m*****o,"Fitur Terbaik:produk sesuai deskripsi
Sepadan dengan Harga:harga terjangkau",5,0,1688909834,fitur terbaik produk sesuai deskripsi sepadan dengan harga harga terjangkau,fitur terbaik produk sesuai deskripsi sepadan dengan harga harga terjangkau,10,positive,0.75,75,0.0,0.2,0.0,0.0,0.05,0
,Terima kasih 🙏🙏,5,0,1688343390,terima kasih,terima kasih,2,neutral,0.55,12,0.0,0.0,0.0,0.0,0.2,0
n*****6,"Mantep, dual channel beneran berasa perbedaannya, sempet ada kendala tapi selesai",5,0,1688140456,mantep dual channel beneran berasa perbedaannya sempet ada kendala tapi selesai,mantep dual channel beneran berasa perbedaannya sempet ada kendala tapi selesai,11,neutral,0.55,79,0.0379746835443038,0.0,0.0,0.0,0.00949367088607595,0
hadidfathanazisabil,"Fungsi:sangat cocok dengan pc
Fitur:bagus
Keaslian:barang jamin asli

sempet khawatir pengiriman bakal delay mendekati lebaran,dan Ram sampai ke tempat tanpa delay, dah di cek juga di Cpu-Z dan beberapa game di mainkan seperti honkai dan zzz. setelah di pasang top cer makasih kak admin sudah menerima pesanan saya dan thanks shopee...",5,0,1742763353,fungsi sangat cocok dengan pc fitur bagus keaslian barang jamin asli sempet khawatir pengiriman bakal delay mendekati lebaran dan ram sampai ke tempat tanpa delay dah di cek juga di cpu z dan beberapa game di mainkan seperti honkai dan zzz setelah di pasang top cer makasih kak admin sudah menerima pesanan saya dan thanks shopee,fungsi sangat cocok dengan pc fitur bagus keaslian barang jamin asli sempet khawatir pengiriman bakal delay mendekati lebaran dan ram sampai ke tempat tanpa delay dah di cek juga di cpu z dan beberapa game di mainkan seperti honkai dan zzz setelah di pasang top cer makasih kak admin sudah menerima pesanan saya dan thanks shopee,56,positive,0.75,329,0.00911854103343465,0.17857142857142858,0.0,0.0,0.04692249240121581,0
w*****i,"Fitur Terbaik:barang bagus

kemasan dan barang bagus",4,0,1665653334,fitur terbaik barang bagus kemasan dan barang bagus,fitur terbaik barang bagus kemasan dan barang bagus,8,positive,0.75,51,0.0,0.5,0.0,0.0,0.125,0
admore.ofc,"Sepadan dengan Harga:oke
Fitur Terbaik:oke

mantap",5,0,1706501686,sepadan dengan harga oke fitur terbaik oke mantap,sepadan dengan harga oke fitur terbaik oke mantap,8,positive,0.75,49,0.0,0.25,0.0,0.0,0.0625,0
ahzain,"Alhamdulillah sampai dalam kondisi yang baik, semoga awett",5,0,1709982008,alhamdulillah sampai dalam kondisi yang baik semoga awett,alhamdulillah sampai dalam kondisi yang baik semoga awett,8,neutral,0.55,57,0.03508771929824561,0.0,0.0,0.0,0.008771929824561403,0
nurhadinr,Mantap barang sesuai dan fast respond,5,0,1675473066,mantap barang sesuai dan fast respond,mantap barang sesuai dan fast respond,6,positive,0.75,37,0.0,0.0,0.0,0.0,0.0,0
m*****7,"Fitur Terbaik:ddr4
Sepadan dengan Harga:sepadan

Sesuai pesanan, ga tau ini ori apa kw, yg penting jalan kalo dikomputer, dan tidak ada kendala, overall nice",5,0,1688798924,fitur terbaik ddr4 sepadan dengan harga sepadan sesuai pesanan ga tau ini ori apa kw yg penting jalan kalo dikomputer dan tidak ada kendala overall nice,fitur terbaik ddr4 sepadan dengan harga sepadan sesuai pesanan ga tau ini ori apa kw yg penting jalan kalo dikomputer dan tidak ada kendala overall nice,26,neutral,0.55,152,0.013157894736842105,0.07692307692307693,0.0,0.0,0.022520242914979758,0
a*****e,Sudah diterima dengan aman dan lancar pokoknya. Terima kasih 😊,5,0,1671408827,sudah diterima dengan aman dan lancar pokoknya terima kasih,sudah diterima dengan aman dan lancar pokoknya terima kasih,9,neutral,0.55,59,0.0,0.0,0.0,0.0,0.0,0
m*****l,"Fitur Terbaik:original, real capacity

Packing biasa aja tapi aman todak salah beli disini. Next targer converter ocie to nvme se.oga pc nya jadi lebih baik",5,0,1676076937,fitur terbaik original real capacity packing biasa aja tapi aman todak salah beli disini next targer converter ocie to nvme se oga pc nya jadi lebih baik,fitur terbaik original real capacity packing biasa aja tapi aman todak salah beli disini next targer converter ocie to nvme se oga pc nya jadi lebih baik,27,neutral,0.55,153,0.0,0.0,0.0,0.0,0.0,0
f*****8,"Pengiriman cepat
Packing tebal",5,2,1702849970,pengiriman cepat packing tebal,pengiriman cepat packing tebal,4,positive,0.75,30,0.0,0.0,0.0,0.0,0.0,0
rizkisrr,"Fitur Terbaik:Mantap
Sepadan dengan Harga:Sesuai

Pengemasan yang sangat baik",5,0,1688339342,fitur terbaik mantap sepadan dengan harga sesuai pengemasan yang sangat baik,fitur terbaik mantap sepadan dengan harga sesuai pengemasan yang sangat baik,11,positive,0.75,76,0.0,0.0,0.0,0.0,0.0,0
crescmusicpekanbaru20,"Fitur Terbaik:bagus

Barang sesuai pesanan. Belu dicoba. Mudah2an aman",5,0,1688690858,fitur terbaik bagus barang sesuai pesanan belu dicoba mudah2an aman,fitur terbaik bagus barang sesuai pesanan belu dicoba mudah2an aman,10,positive,0.75,67,0.0,0.0,0.0,0.0,0.0,0
iyang_prasetiyo,"Barang sesuai pesanan, tapi belum bisa dicoba nunggu part yang lain dateng. Mudah mudahan ga ada kenadala",5,0,1638832558,barang sesuai pesanan tapi belum bisa dicoba nunggu part yang lain dateng mudah mudahan ga ada kenadala,barang sesuai pesanan tapi belum bisa dicoba nunggu part yang lain dateng mudah mudahan ga ada kenadala,17,positive,0.75,103,0.009708737864077669,0.0,0.0,0.0,0.0024271844660194173,0
fajarnhd,"mantap, pesen kemarin, hari ini langsung sampe 👌👌👌👌",5,0,1688784938,mantap pesen kemarin hari ini langsung sampe,mantap pesen kemarin hari ini langsung sampe,7,positive,0.75,44,0.0,0.0,0.0,0.0,0.0,0
tome_qurniawan,"Fitur Terbaik:barang Mantul,
Sepadan dengan Harga:murah kalau menurut saya

Silahkan Beli ga usah Ragu, packing Aman sangat sangat Aman",4,0,1688240229,fitur terbaik barang mantul sepadan dengan harga murah kalau menurut saya silahkan beli ga usah ragu packing aman sangat sangat aman,fitur terbaik barang mantul sepadan dengan harga murah kalau menurut saya silahkan beli ga usah ragu packing aman sangat sangat aman,21,neutral,0.55,132,0.0,0.19047619047619047,0.0,0.0,0.047619047619047616,0
aldinur22,"Pengiriman sangat cepat, puas bgt belanjanya 🥰",5,6,1734229767,pengiriman sangat cepat puas bgt belanjanya,pengiriman sangat cepat puas bgt belanjanya,6,positive,0.75,43,0.0,0.0,0.0,0.0,0.0,0
401setyawan,"Fungsi:berfungsi
Fitur:bagus
Keaslian:bagus

Terimakasih kak sudah diterima dengan baik",5,0,1742690040,fungsi berfungsi fitur bagus keaslian bagus terimakasih kak sudah diterima dengan baik,fungsi berfungsi fitur bagus keaslian bagus terimakasih kak sudah diterima dengan baik,12,positive,0.75,86,0.0,0.16666666666666666,0.0,0.0,0.041666666666666664,0
yusupmaliki,Barang sudah sampai namun belum sempat dicoba karna masih menunggu part lainnya,5,0,1662719613,barang sudah sampai namun belum sempat dicoba karna masih menunggu part lainnya,barang sudah sampai namun belum sempat dicoba karna masih menunggu part lainnya,12,neutral,0.55,79,0.02531645569620253,0.0,0.0,0.0,0.006329113924050633,0
gubuk.kreasi,"Performa aman sampe sekarang, packing joss",5,0,1675430827,performa aman sampe sekarang packing joss,performa aman sampe sekarang packing joss,6,neutral,0.55,41,0.024390243902439025,0.0,0.0,0.0,0.006097560975609756,0
enalhost44,,5,1,1711817834,,,1,neutral,0.55,0,0.0,0.0,0.0,0.0,0.6,1
anakmalesok,,5,1,1646829605,,,1,neutral,0.55,0,0.0,0.0,0.0,0.0,0.6,1
jejedije,,5,1,1628678601,,,1,neutral,0.55,0,0.0,0.0,0.0,0.0,0.6,1
andy_sabhara,"Fungsi:baik
Fitur:bagus

Pengemasan baik, sudah di unboxing dan di tes berjalan dengan baik da  terdeteksi, harga bersaing semoga awet dan dapat berbelanja lagi",5,0,1752473748,fungsi baik fitur bagus pengemasan baik sudah di unboxing dan di tes berjalan dengan baik da terdeteksi harga bersaing semoga awet dan dapat berbelanja lagi,fungsi baik fitur bagus pengemasan baik sudah di unboxing dan di tes berjalan dengan baik da terdeteksi harga bersaing semoga awet dan dapat berbelanja lagi,25,positive,0.75,156,0.0,0.28,0.0,0.0,0.07,0
naturewildbetta92,"Sepadan dengan Harga:belum dicoba, semoga cocok

Barang sudah sampai tapi belum dicoba semoga cocok, kalo works nanti ditambah bintang",4,0,1712227706,sepadan dengan harga belum dicoba semoga cocok barang sudah sampai tapi belum dicoba semoga cocok kalo works nanti ditambah bintang,sepadan dengan harga belum dicoba semoga cocok barang sudah sampai tapi belum dicoba semoga cocok kalo works nanti ditambah bintang,20,positive,0.75,131,0.0,0.4,0.0,0.0,0.1,0
juliana280191,,5,0,1762764255,,,1,neutral,0.55,0,0.0,0.0,0.0,0.0,0.6,1
tirvan__,"Mantap laaah, recommended seller",5,0,1609995916,mantap laaah recommended seller,mantap laaah recommended seller,4,positive,0.75,31,0.12903225806451613,0.0,0.0,0.0,0.03225806451612903,0
miptahudin102,Sepadan dengan Harga:harga murah,5,0,1674107684,sepadan dengan harga harga murah,sepadan dengan harga harga murah,5,neutral,0.55,32,0.0,0.4,0.0,0.0,0.1,0
arash818,Alhmdllh berjalan lancar tnp kendala👍👍,5,0,1690457789,alhmdllh berjalan lancar tnp kendala,alhmdllh berjalan lancar tnp kendala,5,neutral,0.55,36,0.027777777777777776,0.0,0.0,0.0,0.006944444444444444,0
cocomaricem,Pesanan sudah diterima tp blm dicoba semga normal,5,0,1672227104,pesanan sudah diterima tp blm dicoba semga normal,pesanan sudah diterima tp blm dicoba semga normal,8,neutral,0.55,49,0.0,0.0,0.0,0.0,0.0,0
s*****i,,5,0,1757128276,,,1,neutral,0.55,0,0.0,0.0,0.0,0.0,0.6,1
mamanr90,100% works.. mantap,5,0,1673524520,100 works mantap,100 works mantap,3,positive,0.75,16,0.0625,0.0,0.0,0.0,0.015625,0
,"Baru dateng belom dites, semoga barangnya ok... ",5,0,1618301390,baru dateng belom dites semoga barangnya ok,baru dateng belom dites semoga barangnya ok,7,neutral,0.55,43,0.0,0.0,0.0,0.0,0.0,0
teki_27,"Sip walau beda speed dan beda merek tetep jalan ya,gausah di seting di bios langsung tancap aja udh jalan dual channel 👍🏻",5,0,1688193924,sip walau beda speed dan beda merek tetep jalan ya gausah di seting di bios langsung tancap aja udh jalan dual channel,sip walau beda speed dan beda merek tetep jalan ya gausah di seting di bios langsung tancap aja udh jalan dual channel,22,neutral,0.55,118,0.01694915254237288,0.2727272727272727,0.0,0.0,0.0724191063174114,0
affan.civil,"Blum di coba.., mudah2an baik2 saja",5,0,1629300140,blum di coba mudah2an baik2 saja,blum di coba mudah2an baik2 saja,6,neutral,0.55,32,0.0,0.0,0.0,0.0,0.0,0
dedenmayirawan,"Mantaaaaapppp, next order lagi 👌",5,0,1605264239,mantaaaaapppp next order lagi,mantaaaaapppp next order lagi,4,neutral,0.55,29,0.2413793103448276,0.0,0.0,0.0,0.0603448275862069,0
qolbi_studio,,5,0,1631286513,,,1,neutral,0.55,0,0.0,0.0,0.0,0.0,0.6,1
milldopizarro,Mangtap,5,0,1662285498,mangtap,mangtap,1,neutral,0.55,7,0.0,0.0,0.0,0.0,0.6,1
hidayatarifin04,"Fungsi:belum di coba
Fitur:barang sesuai pesanan terimakasih seler",5,0,1751827293,fungsi belum di coba fitur barang sesuai pesanan terimakasih seler,fungsi belum di coba fitur barang sesuai pesanan terimakasih seler,10,positive,0.75,66,0.0,0.0,0.0,0.0,0.0,0
nurjiantoajiep,mantap,5,0,1736396552,mantap,mantap,1,positive,0.75,6,0.0,0.0,1.0,0.0,0.8999999999999999,1
rambun.id,Ok nice makasih,5,0,1657348651,ok nice makasih,ok nice makasih,3,neutral,0.55,15,0.0,0.0,0.0,0.0,0.2,0
m*****o,The best,5,0,1639317594,the best,the best,2,neutral,0.55,8,0.0,0.0,0.0,0.0,0.2,0
exxoooo,Sesuai pesanan,5,0,1689348814,sesuai pesanan,sesuai pesanan,2,positive,0.75,14,0.0,0.0,0.2,0.0,0.26,0
r*****h,Mantap semoga awet,5,0,1650270835,mantap semoga awet,mantap semoga awet,3,positive,0.75,18,0.0,0.0,0.0,0.0,0.0,0
s*****0,Fitur Terbaik:berjalan dengan normal,5,0,1681412570,fitur terbaik berjalan dengan normal,fitur terbaik berjalan dengan normal,5,neutral,0.55,36,0.0,0.0,0.0,0.0,0.0,0
ryanhidayatmuhjani,,5,0,1676971108,,,1,neutral,0.55,0,0.0,0.0,0.0,0.0,0.6,1
nurleni123,,5,0,1745390139,,,1,neutral,0.55,0,0.0,0.0,0.0,0.0,0.6,1
rohisaaaa,,5,0,1674134215,,,1,neutral,0.55,0,0.0,0.0,0.0,0.0,0.6,1
akaf4mily,,5,0,1659580903,,,1,neutral,0.55,0,0.0,0.0,0.0,0.0,0.6,1
yasiranshori7,,5,0,1737648240,,,1,neutral,0.55,0,0.0,0.0,0.0,0.0,0.6,1
azzuravn,,5,0,1666373031,,,1,neutral,0.55,0,0.0,0.0,0.0,0.0,0.6,1
asrulmahfud260699,,5,0,1696813078,,,1,neutral,0.55,0,0.0,0.0,0.0,0.0,0.6,1
trisnamaulanasaputraa_,,5,0,1687169462,,,1,neutral,0.55,0,0.0,0.0,0.0,0.0,0.6,1
klikklok.id,,5,0,1668760124,,,1,neutral,0.55,0,0.0,0.0,0.0,0.0,0.6,1
juny.z161na,,5,0,1684122218,,,1,neutral,0.55,0,0.0,0.0,0.0,0.0,0.6,1
damm.f,,5,0,1684065363,,,1,neutral,0.55,0,0.0,0.0,0.0,0.0,0.6,1
aisasilvia,,5,0,1639040900,,,1,neutral,0.55,0,0.0,0.0,0.0,0.0,0.6,1
hisbulla,,5,0,1683585978,,,1,neutral,0.55,0,0.0,0.0,0.0,0.0,0.6,1
lujfie,"Fungsi:nice
Keaslian:nice
Fitur:nice

good stuff",5,0,1735207945,fungsi nice keaslian nice fitur nice good stuff,fungsi nice keaslian nice fitur nice good stuff,8,neutral,0.55,47,0.0425531914893617,0.375,0.0,0.0,0.10438829787234043,0
dreamlxss,mantap,5,0,1689326848,mantap,mantap,1,positive,0.75,6,0.0,0.0,1.0,0.0,0.8999999999999999,1
langlang271991,,5,0,1673264084,,,1,neutral,0.55,0,0.0,0.0,0.0,0.0,0.6,1
u*****6,Hype tenan,5,0,1672656621,hype tenan,hype tenan,2,neutral,0.55,10,0.0,0.0,0.0,0.0,0.2,0
bazimaulanaamin883,Mantap min ram nya,5,0,1688351040,mantap min ram nya,mantap min ram nya,4,positive,0.75,18,0.0,0.0,0.0,0.0,0.0,0
j*****r,,5,0,1631340438,,,1,neutral,0.55,0,0.0,0.0,0.0,0.0,0.6,1
rofiansyah18,"Belum dicoba dikarenakan PC sedang masuk bengkel, semoga berfungsi 👍🏼👍🏼👍🏼",5,0,1646626525,belum dicoba dikarenakan pc sedang masuk bengkel semoga berfungsi,belum dicoba dikarenakan pc sedang masuk bengkel semoga berfungsi,9,neutral,0.55,65,0.0,0.0,0.0,0.0,0.0,0
z_com_pky,Good 👍👍🔥,5,0,1688692071,good,good,1,neutral,0.55,4,0.25,0.0,0.8,0.0,0.9025,1
rajasa525,Mantepp dahh,5,0,1688686704,mantepp dahh,mantepp dahh,2,neutral,0.55,12,0.16666666666666666,0.0,0.0,0.0,0.24166666666666667,0
istea028,"Blom dicoba,smoga awet.. trimakasih kk,shopee en abang kurir sicepat yg baik..sukses tuk semuaa...",5,0,1703157023,blom dicoba smoga awet trimakasih kk shopee en abang kurir sicepat yg baik sukses tuk semuaa,blom dicoba smoga awet trimakasih kk shopee en abang kurir sicepat yg baik sukses tuk semuaa,16,neutral,0.55,92,0.03260869565217391,0.0,0.0,0.0,0.008152173913043478,0
afh9696,Semoga awet deh,5,0,1610180503,semoga awet deh,semoga awet deh,3,neutral,0.55,15,0.0,0.0,0.0,0.0,0.2,0
aditiahendrik,Udah pembelian ke 2. Makasih min,5,0,1665652548,udah pembelian ke 2 makasih min,udah pembelian ke 2 makasih min,6,neutral,0.55,31,0.0,0.0,0.0,0.0,0.0,0
halloester,Semoga barang awet..,5,0,1673519509,semoga barang awet,semoga barang awet,3,neutral,0.55,18,0.0,0.0,0.0,0.0,0.0,0
rudienasai,"Alhamdulillah mantap, semoga awet",5,0,1688690086,alhamdulillah mantap semoga awet,alhamdulillah mantap semoga awet,4,positive,0.75,32,0.03125,0.0,0.0,0.0,0.0078125,0
tanzil2,Oke,5,0,1669294720,oke,oke,1,neutral,0.55,3,0.0,0.0,0.4,0.0,0.72,1
yaksaa,,5,0,1676359275,,,1,neutral,0.55,0,0.0,0.0,0.0,0.0,0.6,1
ferrysetiawansurabaya,,5,0,1637420647,,,1,neutral,0.55,0,0.0,0.0,0.0,0.0,0.6,1
cardymen,,5,0,1663741981,,,1,neutral,0.55,0,0.0,0.0,0.0,0.0,0.6,1
a*****0,,5,0,1667482928,,,1,neutral,0.55,0,0.0,0.0,0.0,0.0,0.6,1
f*****b,,5,0,1692548234,,,1,neutral,0.55,0,0.0,0.0,0.0,0.0,0.6,1
sangmantan191,,5,0,1684473019,,,1,neutral,0.55,0,0.0,0.0,0.0,0.0,0.6,1
chandragandol,,5,0,1677365255,,,1,neutral,0.55,0,0.0,0.0,0.0,0.0,0.6,1
rlinggar,,5,0,1685324735,,,1,neutral,0.55,0,0.0,0.0,0.0,0.0,0.6,1
riannurfajri17,,5,0,1746620113,,,1,neutral,0.55,0,0.0,0.0,0.0,0.0,0.6,1
deanputera,,5,0,1628607428,,,1,neutral,0.55,0,0.0,0.0,0.0,0.0,0.6,1
asa_usman0601,,5,0,1738630192,,,1,neutral,0.55,0,0.0,0.0,0.0,0.0,0.6,1
rhrdiandwi,Ok good,5,0,1734621590,ok good,ok good,2,neutral,0.55,7,0.14285714285714285,0.0,0.0,0.0,0.6357142857142857,1
endof.ars,"Fitur Terbaik:bagus
Sepadan dengan Harga:bagus

Packing bubble warp super tebal",5,0,1670661336,fitur terbaik bagus sepadan dengan harga bagus packing bubble warp super tebal,fitur terbaik bagus sepadan dengan harga bagus packing bubble warp super tebal,12,positive,0.75,78,0.01282051282051282,0.16666666666666666,0.0,0.0,0.04487179487179487,0
cengky_13,Mantappppp,5,0,1674623283,mantappppp,mantappppp,1,neutral,0.55,10,0.4,0.0,0.0,0.0,0.30000000000000004,0
a*****w,Belum di coba nunggu part yg lain,5,0,1617181440,belum di coba nunggu part yg lain,belum di coba nunggu part yg lain,7,neutral,0.55,33,0.030303030303030304,0.0,0.0,0.0,0.007575757575757576,0
bhisma1052008,,5,0,1736574472,,,1,neutral,0.55,0,0.0,0.0,0.0,0.0,0.6,1
s*****n,Belum dicoba lagi nunggu part update komputernya yg pertama beli si ga ada masalah semoga ini juga ga ada masalah,4,0,1688761403,belum dicoba lagi nunggu part update komputernya yg pertama beli si ga ada masalah semoga ini juga ga ada masalah,belum dicoba lagi nunggu part update komputernya yg pertama beli si ga ada masalah semoga ini juga ga ada masalah,20,neutral,0.55,113,0.008849557522123894,0.3,0.0,0.0,0.07721238938053097,0
aditiahendrik,,5,0,1626928533,,,1,neutral,0.55,0,0.0,0.0,0.0,0.0,0.6,1
id9188_91013,terima kasih sudah sampai produk nya,5,0,1688784235,terima kasih sudah sampai produk nya,terima kasih sudah sampai produk nya,6,neutral,0.55,36,0.0,0.0,0.0,0.0,0.0,0
f*****b,,5,0,1692548248,,,1,neutral,0.55,0,0.0,0.0,0.0,0.0,0.6,1
a*****2,,5,0,1728015197,,,1,neutral,0.55,0,0.0,0.0,0.0,0.0,0.6,1
e*****a,,5,0,1629013027,,,1,neutral,0.55,0,0.0,0.0,0.0,0.0,0.6,1
i*****7,,5,0,1666416373,,,1,neutral,0.55,0,0.0,0.0,0.0,0.0,0.6,1
cibadakvanjava,,5,0,1603985362,,,1,neutral,0.55,0,0.0,0.0,0.0,0.0,0.6,1
muditbagus,,5,0,1678160931,,,1,neutral,0.55,0,0.0,0.0,0.0,0.0,0.6,1
muditbagus,,5,0,1675221133,,,1,neutral,0.55,0,0.0,0.0,0.0,0.0,0.6,1
s*****0,,5,0,1637446686,,,1,neutral,0.55,0,0.0,0.0,0.0,0.0,0.6,1
a*****d,,5,0,1702717243,,,1,neutral,0.55,0,0.0,0.0,0.0,0.0,0.6,1
fvceofficial,"packing bubble tebel, barang masih segel
udah dipasang di pc dan nice!!!",5,0,1628604358,packing bubble tebel barang masih segel udah dipasang di pc dan nice,packing bubble tebel barang masih segel udah dipasang di pc dan nice,12,neutral,0.55,68,0.014705882352941176,0.0,0.0,0.0,0.003676470588235294,0
royal_inyola,,5,0,1684932676,,,1,neutral,0.55,0,0.0,0.0,0.0,0.0,0.6,1
rifkifirmanyah,,5,0,1672893834,,,1,neutral,0.55,0,0.0,0.0,0.0,0.0,0.6,1
dedygiantoro,,5,0,1618375748,,,1,neutral,0.55,0,0.0,0.0,0.0,0.0,0.6,1
azrulopl,,5,0,1667678093,,,1,neutral,0.55,0,0.0,0.0,0.0,0.0,0.6,1
a*****g,Mantap sesuai pesanan,5,0,1757928070,mantap sesuai pesanan,mantap sesuai pesanan,3,positive,0.75,21,0.0,0.0,0.0,0.0,0.0,0
eiwell,,5,0,1688164149,,,1,neutral,0.55,0,0.0,0.0,0.0,0.0,0.6,1
ezka39,Good,5,0,1704520351,good,good,1,neutral,0.55,4,0.25,0.0,0.8,0.0,0.9025,1
d*****y,"Sepadan dengan Harga:ya
Fitur Terbaik:mantap",5,0,1688710126,sepadan dengan harga ya fitur terbaik mantap,sepadan dengan harga ya fitur terbaik mantap,7,positive,0.75,44,0.0,0.0,0.0,0.0,0.0,0
f*****i,,5,0,1605277319,,,1,neutral,0.55,0,0.0,0.0,0.0,0.0,0.6,1
a*****w,Belum di coba masih menunggu part yg lain,5,0,1616495091,belum di coba masih menunggu part yg lain,belum di coba masih menunggu part yg lain,8,neutral,0.55,41,0.024390243902439025,0.0,0.0,0.0,0.006097560975609756,0
a*****5,"Produk mungkin stock lama review jujur ya

Yg beli pertama ditoko lain spec dalemnya beda dikit di bagian tRFC sma tCL lebih bagus yg manufactur kingston
Tahun pembuatan juga tahun 2020 vs 2021 berarti stock lama
Liat di web kingston emng kerja sama sama manufactur micron dll
Semoga awet aja",4,4,1730140743,produk mungkin stock lama review jujur ya yg beli pertama ditoko lain spec dalemnya beda dikit di bagian trfc sma tcl lebih bagus yg manufactur kingston tahun pembuatan juga tahun 2020 vs 2021 berarti stock lama liat di web kingston emng kerja sama sama manufactur micron dll semoga awet aja,produk mungkin stock lama review jujur ya yg beli pertama ditoko lain spec dalemnya beda dikit di bagian trfc sma tcl lebih bagus yg manufactur kingston tahun pembuatan juga tahun 2020 vs 2021 berarti stock lama liat di web kingston emng kerja sama sama manufactur micron dll semoga awet aja,50,neutral,0.55,291,0.003436426116838488,0.32,0.0,0.0,0.08085910652920962,0
mommillz_83,Toko ini amanah...terimakasih,5,0,1675408354,toko ini amanah terimakasih,toko ini amanah terimakasih,4,neutral,0.55,27,0.0,0.0,0.0,0.0,0.0,0
roy.wahyoe,,5,0,1604506119,,,1,neutral,0.55,0,0.0,0.0,0.0,0.0,0.6,1
j*****z,"Fitur Terbaik:Oke
Sepadan dengan Harga:Murah bersaing..

Terima Kasih seller.. Yg kesekian kali nya.. Next Order lagi..",5,0,1671947234,fitur terbaik oke sepadan dengan harga murah bersaing terima kasih seller yg kesekian kali nya next order lagi,fitur terbaik oke sepadan dengan harga murah bersaing terima kasih seller yg kesekian kali nya next order lagi,18,neutral,0.55,110,0.00909090909090909,0.0,0.0,0.0,0.0022727272727272726,0
abilwon,,5,0,1728646066,,,1,neutral,0.55,0,0.0,0.0,0.0,0.0,0.6,1
j*****o,,5,0,1737559867,,,1,neutral,0.55,0,0.0,0.0,0.0,0.0,0.6,1
d*****l,,5,0,1669545355,,,1,neutral,0.55,0,0.0,0.0,0.0,0.0,0.6,1
j*****o,,5,0,1737559677,,,1,neutral,0.55,0,0.0,0.0,0.0,0.0,0.6,1
m*****8,"Fitur Terbaik:kompatibel
Sepadan dengan Harga:termurah

langganan, klaim garansi mudah",5,0,1688784637,fitur terbaik kompatibel sepadan dengan harga termurah langganan klaim garansi mudah,fitur terbaik kompatibel sepadan dengan harga termurah langganan klaim garansi mudah,11,neutral,0.55,84,0.011904761904761904,0.0,0.0,0.0,0.002976190476190476,0
okkystwar,Salah beli ternyta 😂 tak kira buat laptop sekalinya buat PC 🤣,5,0,1698509375,salah beli ternyta tak kira buat laptop sekalinya buat pc,salah beli ternyta tak kira buat laptop sekalinya buat pc,10,neutral,0.55,57,0.0,0.2,0.0,0.0,0.05,0
henricus.iwan.wicaksono,"Fitur Terbaik:original
Sepadan dengan Harga:terjangkau

Beberapa kali belanja disini pelayanan baik respon cepat...kualitas barang original",5,1,1688176540,fitur terbaik original sepadan dengan harga terjangkau beberapa kali belanja disini pelayanan baik respon cepat kualitas barang original,fitur terbaik original sepadan dengan harga terjangkau beberapa kali belanja disini pelayanan baik respon cepat kualitas barang original,18,positive,0.75,136,0.0,0.1111111111111111,0.0,0.0,0.027777777777777776,0
armantogimo,Ramnya murah. Bagus,5,0,1669903945,ramnya murah bagus,ramnya murah bagus,3,positive,0.75,18,0.0,0.0,0.0,0.0,0.0,0
gusartha305,,5,0,1698175794,,,1,neutral,0.55,0,0.0,0.0,0.0,0.0,0.6,1
yayah_fi,,5,0,1688315908,,,1,neutral,0.55,0,0.0,0.0,0.0,0.0,0.6,1
moodstr.id,,5,0,1696231383,,,1,neutral,0.55,0,0.0,0.0,0.0,0.0,0.6,1
littlecana,,5,0,1736619764,,,1,neutral,0.55,0,0.0,0.0,0.0,0.0,0.6,1
dhimastrisakti085,,5,0,1688369485,,,1,neutral,0.55,0,0.0,0.0,0.0,0.0,0.6,1
ramzphotografer,,5,0,1737235886,,,1,neutral,0.55,0,0.0,0.0,0.0,0.0,0.6,1
hendrixwicaksono,"Fitur Terbaik:bagus
Sepadan dengan Harga:sepadan

Video GK bisa diupload karena lebih dari 1 menit sudah dicoba dan bagus semua.terimakasih.",5,0,1669706050,fitur terbaik bagus sepadan dengan harga sepadan video gk bisa diupload karena lebih dari 1 menit sudah dicoba dan bagus semua terimakasih,fitur terbaik bagus sepadan dengan harga sepadan video gk bisa diupload karena lebih dari 1 menit sudah dicoba dan bagus semua terimakasih,22,positive,0.75,138,0.0,0.18181818181818182,0.0,0.0,0.045454545454545456,0
i*****l,Masih belum dicoba,5,0,1688216871,masih belum dicoba,masih belum dicoba,3,neutral,0.55,18,0.0,0.0,0.0,0.0,0.0,0
w*****7,Manufakturnya hynix sama yearsnya dah lewat . Moga aja normal,4,1,1683433821,manufakturnya hynix sama yearsnya dah lewat moga aja normal,manufakturnya hynix sama yearsnya dah lewat moga aja normal,9,neutral,0.55,59,0.0,0.0,0.0,0.0,0.0,0
w*****i,Good oke bgttt mksh ya kakkkkkkk,5,0,1688922940,good oke bgttt mksh ya kakkkkkkk,good oke bgttt mksh ya kakkkkkkk,6,neutral,0.55,32,0.28125,0.0,0.0,0.0,0.0703125,0
priwidikalinggamaheswara,Ram sudah sampe aman di pasang kangsung terdeteksi,5,0,1641446945,ram sudah sampe aman di pasang kangsung terdeteksi,ram sudah sampe aman di pasang kangsung terdeteksi,8,neutral,0.55,50,0.0,0.0,0.0,0.0,0.0,0
arieriyadi33,Mantaap barang langsung di test normal dan terbaca packing sangat aman gess free bubble wrap 💪,5,0,1662882847,mantaap barang langsung di test normal dan terbaca packing sangat aman gess free bubble wrap,mantaap barang langsung di test normal dan terbaca packing sangat aman gess free bubble wrap,15,neutral,0.55,92,0.043478260869565216,0.0,0.0,0.0,0.010869565217391304,0
n*****j,Barang sudah diterima.,5,0,1604904929,barang sudah diterima,barang sudah diterima,3,neutral,0.55,21,0.0,0.0,0.0,0.0,0.0,0
arifinplw,Tes nyala,5,0,1690792729,tes nyala,tes nyala,2,neutral,0.55,9,0.0,0.0,0.0,0.0,0.2,0
j*****d,"Fungsi:berfungsi dengan baik
Keaslian:ok
Fitur:ok

Langsung pasang di dell optiplex sff langsung nyezz",5,0,1729861793,fungsi berfungsi dengan baik keaslian ok fitur ok langsung pasang di dell optiplex sff langsung nyezz,fungsi berfungsi dengan baik keaslian ok fitur ok langsung pasang di dell optiplex sff langsung nyezz,16,neutral,0.55,101,0.0297029702970297,0.25,0.0,0.0,0.06992574257425743,0
raynaldi_ahmad,"Alhandulillah selamat sampai tujuan, sukses selalu min, terimakasih",5,0,1657361257,alhandulillah selamat sampai tujuan sukses selalu min terimakasih,alhandulillah selamat sampai tujuan sukses selalu min terimakasih,8,neutral,0.55,65,0.015384615384615385,0.0,0.0,0.0,0.0038461538461538464,0
videonarasi,Utk penambahan kompi jasa video youtube kita,5,0,1664416090,utk penambahan kompi jasa video youtube kita,utk penambahan kompi jasa video youtube kita,7,neutral,0.55,44,0.0,0.0,0.0,0.0,0.0,0
a*****n,Optimal,5,0,1666613955,optimal,optimal,1,neutral,0.55,7,0.0,0.0,0.0,0.0,0.6,1
muhammadali180200,normal,5,0,1688374635,normal,normal,1,neutral,0.55,6,0.0,0.0,0.0,0.0,0.6,1
alfa.media,Saya coba dulu,5,0,1657065748,saya coba dulu,saya coba dulu,3,neutral,0.55,14,0.0,0.0,0.0,0.0,0.2,0
kevin_muhammad_zayansah,"Fungsi:baik sesuai deakripsi
Keaslian:10ori
Fitur:bagus",5,0,1760053876,fungsi baik sesuai deakripsi keaslian 10ori fitur bagus,fungsi baik sesuai deakripsi keaslian 10ori fitur bagus,8,positive,0.75,55,0.0,0.0,0.0,0.0,0.0,0
h285rwjz9h,,5,0,1694402990,,,1,neutral,0.55,0,0.0,0.0,0.0,0.0,0.6,1
roidya,,5,0,1674988438,,,1,neutral,0.55,0,0.0,0.0,0.0,0.0,0.6,1
satriasatu,,5,0,1743074789,,,1,neutral,0.55,0,0.0,0.0,0.0,0.0,0.6,1
areef_rustiyan,,5,0,1693477589,,,1,neutral,0.55,0,0.0,0.0,0.0,0.0,0.6,1
cakep_printing,,5,0,1644899122,,,1,neutral,0.55,0,0.0,0.0,0.0,0.0,0.6,1
suaolshop,,5,0,1665577295,,,1,neutral,0.55,0,0.0,0.0,0.0,0.0,0.6,1
raldoskyrash,"Belom saya coba. 

Semoga bagus,",5,0,1637152023,belom saya coba semoga bagus,belom saya coba semoga bagus,5,positive,0.75,28,0.0,0.0,0.0,0.0,0.0,0
suaolshop,Barang sesuai pesanan,5,0,1666680554,barang sesuai pesanan,barang sesuai pesanan,3,positive,0.75,21,0.0,0.0,0.4,0.0,0.12,0
a*****s,semoga awetq,5,0,1684257266,semoga awetq,semoga awetq,2,neutral,0.55,12,0.0,0.0,0.0,0.0,0.2,0
naldamufti90,"Keaslian:original terjamin

Langganan setia",5,0,1750753230,keaslian original terjamin langganan setia,keaslian original terjamin langganan setia,5,neutral,0.55,42,0.023809523809523808,0.0,0.0,0.0,0.005952380952380952,0
ayiemeong,Mantav thanks,5,0,1681291959,mantav thanks,mantav thanks,2,neutral,0.55,13,0.0,0.0,0.0,0.0,0.2,0
ahmadsobari804,,5,0,1764665460,,,1,neutral,0.55,0,0.0,0.0,0.0,0.0,0.6,1
b*****_,,5,0,1764686765,,,1,neutral,0.55,0,0.0,0.0,0.0,0.0,0.6,1
a*****s,"Sepadan dengan Harga:sepadan
Fitur Terbaik:berfungsi dengan baik

Alhamdulillah, barang dateng sudah di video unboxing sekali pasang langsung normal, semoga normal terus lah ya...",5,0,1684680473,sepadan dengan harga sepadan fitur terbaik berfungsi dengan baik alhamdulillah barang dateng sudah di video unboxing sekali pasang langsung normal semoga normal terus lah ya,sepadan dengan harga sepadan fitur terbaik berfungsi dengan baik alhamdulillah barang dateng sudah di video unboxing sekali pasang langsung normal semoga normal terus lah ya,25,neutral,0.55,173,0.005780346820809248,0.24,0.0,0.0,0.06144508670520231,0
noveil,"kesekian kalinya beli disini, tidak mengecewakan.",5,0,1659676951,kesekian kalinya beli disini tidak mengecewakan,kesekian kalinya beli disini tidak mengecewakan,6,negative,0.75,47,0.0,0.0,0.0,1.0,0.2,0
darrenfatulloh32,"Paket mendarat dg cepat, paking tebal dan aman. Thx gan, next beli lagi🙏",5,0,1648684332,paket mendarat dg cepat paking tebal dan aman thx gan next beli lagi,paket mendarat dg cepat paking tebal dan aman thx gan next beli lagi,13,positive,0.75,68,0.0,0.0,0.0,0.0,0.0,0
fxbielie,"Sepadan dengan Harga:Recommend Seller
Fitur Terbaik:Seller Bertanggung Jawab

Ram datang bisa nyala dan berfungsi namun cpu z tidak mendekteksi apapun sama sekali. Hampir 3 bulan pemakaian ram bermasalah bikin pc hang setelah beberapa jam nyala. Sudah di test di 3 pc sama saja. Coba komplain ke seller, setelah percakapan seller ngasih alamat untuk tukar. Semua ongkos dibebankan ke pembeli, buat saya tidak masalah asal seller mau bertanggung jawab karena memang ram nya sudah tidak bisa dipakai. RAM yang di tukar tiba dan NORMAL. CPU Z bisa baca semua detail ram tanpa masalah. Clear saya puas dengan layanan  seller. Jangan sungkan belanja di toko ini. 
Makasih maaf merepotkan kalian. Sehat sehat selalu",5,0,1709821366,sepadan dengan harga recommend seller fitur terbaik seller bertanggung jawab ram datang bisa nyala dan berfungsi namun cpu z tidak mendekteksi apapun sama sekali hampir 3 bulan pemakaian ram bermasalah bikin pc hang setelah beberapa jam nyala sudah di test di 3 pc sama saja coba komplain ke seller setelah percakapan seller ngasih alamat untuk tukar semua ongkos dibebankan ke pembeli buat saya tidak masalah asal seller mau bertanggung jawab karena memang ram nya sudah tidak bisa dipakai ram yang di tukar tiba dan normal cpu z bisa baca semua detail ram tanpa masalah clear saya puas dengan layanan seller jangan sungkan belanja di toko ini makasih maaf merepotkan kalian sehat sehat selalu,sepadan dengan harga recommend seller fitur terbaik seller bertanggung jawab ram datang bisa nyala dan berfungsi namun cpu z tidak mendekteksi apapun sama sekali hampir 3 bulan pemakaian ram bermasalah bikin pc hang setelah beberapa jam nyala sudah di test di 3 pc sama saja coba komplain ke seller setelah percakapan seller ngasih alamat untuk tukar semua ongkos dibebankan ke pembeli buat saya tidak masalah asal seller mau bertanggung jawab karena memang ram nya sudah tidak bisa dipakai ram yang di tukar tiba dan normal cpu z bisa baca semua detail ram tanpa masalah clear saya puas dengan layanan seller jangan sungkan belanja di toko ini makasih maaf merepotkan kalian sehat sehat selalu,113,neutral,0.55,694,0.01440922190201729,0.504424778761062,0.0,0.0,0.12970850016576982,0
p*****o,"Fungsi:Berfungsi dgn Baik
Keaslian:Original Part
Fitur:Berguna",4,0,1736057836,fungsi berfungsi dgn baik keaslian original part fitur berguna,fungsi berfungsi dgn baik keaslian original part fitur berguna,9,neutral,0.55,62,0.0,0.0,0.0,0.0,0.0,0
aseprukmana11,Fitur Terbaik:ok blm dicoba smoga berfungsi dengan baik,5,0,1672126788,fitur terbaik ok blm dicoba smoga berfungsi dengan baik,fitur terbaik ok blm dicoba smoga berfungsi dengan baik,9,neutral,0.55,55,0.0,0.0,0.0,0.0,0.0,0
h285rwjz9h,Maaf kak udh sampai tapi saya lg di luar kota. Jd blm bs cek barang. Tp tetep tak bintang 5 dl,5,0,1716180829,maaf kak udh sampai tapi saya lg di luar kota jd blm bs cek barang tp tetep tak bintang 5 dl,maaf kak udh sampai tapi saya lg di luar kota jd blm bs cek barang tp tetep tak bintang 5 dl,21,neutral,0.55,92,0.010869565217391304,0.0,0.0,0.0,0.002717391304347826,0
paulus.febriandika,"Fitur Terbaik:ok
Sepadan dengan Harga:ok

Review menyusul ya min, thank u",5,0,1711807311,fitur terbaik ok sepadan dengan harga ok review menyusul ya min thank u,fitur terbaik ok sepadan dengan harga ok review menyusul ya min thank u,13,neutral,0.55,71,0.0,0.15384615384615385,0.0,0.0,0.038461538461538464,0
ebestpratma,"Fungsi:sangat baik
Keaslian:sangt asli
Fitur:terbaik mudah pengaplikasianya dan kokoh

Recomended seller and fast respon pelpk sangat ramah sehat slalu dimudahkn rezeki happy shop",5,0,1730122306,fungsi sangat baik keaslian sangt asli fitur terbaik mudah pengaplikasianya dan kokoh recomended seller and fast respon pelpk sangat ramah sehat slalu dimudahkn rezeki happy shop,fungsi sangat baik keaslian sangt asli fitur terbaik mudah pengaplikasianya dan kokoh recomended seller and fast respon pelpk sangat ramah sehat slalu dimudahkn rezeki happy shop,26,neutral,0.55,178,0.011235955056179775,0.07692307692307693,0.0,0.0,0.022039757994814176,0
musetommy,"Kemaren RAM 4Gb ddr4 tidak bisa kebaca, langsung Ajukan kembali dana respon cepat,dan langsung Aja Cekout lagi Ram 8gb ddr4 biar puas dan gak Nanggung bikin Ngelag buat Edit Video dan Ram 8gb Ddr4 nya Kebaca,thx min",5,1,1665622562,kemaren ram 4gb ddr4 tidak bisa kebaca langsung ajukan kembali dana respon cepat dan langsung aja cekout lagi ram 8gb ddr4 biar puas dan gak nanggung bikin ngelag buat edit video dan ram 8gb ddr4 nya kebaca thx min,kemaren ram 4gb ddr4 tidak bisa kebaca langsung ajukan kembali dana respon cepat dan langsung aja cekout lagi ram 8gb ddr4 biar puas dan gak nanggung bikin ngelag buat edit video dan ram 8gb ddr4 nya kebaca thx min,39,positive,0.75,214,0.018691588785046728,0.38461538461538464,0.0,0.0,0.10082674335010784,0
h*****a,"Sepadan dengan Harga:seauai
Fitur Terbaik:baik

Barang sudah sampai 
Dan ternyata harus merakit sendiri
Agak kesusahan kalau sendiri
Butuh rekan untuk merakit

Thnk u seller",4,0,1688733935,sepadan dengan harga seauai fitur terbaik baik barang sudah sampai dan ternyata harus merakit sendiri agak kesusahan kalau sendiri butuh rekan untuk merakit thnk u seller,sepadan dengan harga seauai fitur terbaik baik barang sudah sampai dan ternyata harus merakit sendiri agak kesusahan kalau sendiri butuh rekan untuk merakit thnk u seller,26,neutral,0.55,170,0.0058823529411764705,0.15384615384615385,0.0,0.0,0.03993212669683258,0
s*****e,,5,0,1727584451,,,1,neutral,0.55,0,0.0,0.0,0.0,0.0,0.6,1
febrysetiawan12,Produk sesuai berfungsidengan baik recomended seller,5,0,1645441567,produk sesuai berfungsidengan baik recomended seller,produk sesuai berfungsidengan baik recomended seller,6,positive,0.75,52,0.019230769230769232,0.0,0.0,0.0,0.004807692307692308,0
ryolando99,"Fungsi:belum di coba
Keaslian:asli dan segel
Fitur:sangat berguna

Unit belum dicoba masih menunggu part lain datang.respon penjual cepat dan pengiriman tebal.recomended seller 👍",5,0,1749571624,fungsi belum di coba keaslian asli dan segel fitur sangat berguna unit belum dicoba masih menunggu part lain datang respon penjual cepat dan pengiriman tebal recomended seller,fungsi belum di coba keaslian asli dan segel fitur sangat berguna unit belum dicoba masih menunggu part lain datang respon penjual cepat dan pengiriman tebal recomended seller,27,positive,0.75,175,0.011428571428571429,0.14814814814814814,0.0,0.0,0.03989417989417989,0
juvin28,"recommended seller.
Claim garansi dilayani 👍
Nggak kaya yang lain,ditinggal kabur.",5,0,1692545126,recommended seller claim garansi dilayani nggak kaya yang lain ditinggal kabur,recommended seller claim garansi dilayani nggak kaya yang lain ditinggal kabur,11,positive,0.75,78,0.05128205128205128,0.0,0.0,0.0,0.01282051282051282,0
teknikalfin,Fitur Terbaik:setiap beli ram selalu di toko ini udah yakin lah pasti orisinil di sini mah.,5,0,1693219375,fitur terbaik setiap beli ram selalu di toko ini udah yakin lah pasti orisinil di sini mah,fitur terbaik setiap beli ram selalu di toko ini udah yakin lah pasti orisinil di sini mah,17,neutral,0.55,90,0.0,0.11764705882352941,0.0,0.0,0.029411764705882353,0
f*****u,"Mantap fast rest, recommended",5,0,1664455016,mantap fast rest recommended,mantap fast rest recommended,4,positive,0.75,28,0.03571428571428571,0.0,0.0,0.0,0.008928571428571428,0
visilsi,"Fungsi:baik
Fitur:lumayan
Keaslian:ga tau

lancar, langsung tancep ke mobo auto nyala",5,0,1745368086,fungsi baik fitur lumayan keaslian ga tau lancar langsung tancep ke mobo auto nyala,fungsi baik fitur lumayan keaslian ga tau lancar langsung tancep ke mobo auto nyala,14,neutral,0.55,83,0.0,0.0,0.0,0.0,0.0,0
rjambal,"Barang berfungsi baik 👍 pengiriman cepat, respon cepat terimakasih seller",5,0,1703521462,barang berfungsi baik pengiriman cepat respon cepat terimakasih seller,barang berfungsi baik pengiriman cepat respon cepat terimakasih seller,9,positive,0.75,70,0.014285714285714285,0.2222222222222222,0.0,0.0,0.059126984126984125,0
a*****a,"Fungsi:bekerja dengan baik
Keaslian:asli

Yang penting speknya sama, upgrade memory tidak worry lagi",5,0,1747205327,fungsi bekerja dengan baik keaslian asli yang penting speknya sama upgrade memory tidak worry lagi,fungsi bekerja dengan baik keaslian asli yang penting speknya sama upgrade memory tidak worry lagi,15,negative,0.75,98,0.01020408163265306,0.0,0.0,1.0,0.20255102040816328,0
romla_hasan,Mantap normal,5,0,1637594200,mantap normal,mantap normal,2,positive,0.75,13,0.0,0.0,0.0,0.0,0.2,0
d*****r,"Fungsi:pesanan sesuai deskripsi dan berfungsi dengan baik
Keaslian:terjamin asli
Fitur:bagus dan berguna",5,0,1750026985,fungsi pesanan sesuai deskripsi dan berfungsi dengan baik keaslian terjamin asli fitur bagus dan berguna,fungsi pesanan sesuai deskripsi dan berfungsi dengan baik keaslian terjamin asli fitur bagus dan berguna,15,positive,0.75,104,0.0,0.13333333333333333,0.0,0.0,0.03333333333333333,0
bagusafrizamsaya,Amanah,5,0,1738042405,amanah,amanah,1,neutral,0.55,6,0.0,0.0,0.0,0.0,0.6,1
kenzie.kz,"Fungsi:8GBx2 (16GB)
Keaslian:HyperX Fury Asli
Fitur:Performa

Rakit PC beli CPU, SSD, RAM dari toko ini langsung. Semua mulus bisa di pake.. mantap",5,0,1731071711,fungsi 8gbx2 16gb keaslian hyperx fury asli fitur performa rakit pc beli cpu ssd ram dari toko ini langsung semua mulus bisa di pake mantap,fungsi 8gbx2 16gb keaslian hyperx fury asli fitur performa rakit pc beli cpu ssd ram dari toko ini langsung semua mulus bisa di pake mantap,25,positive,0.75,139,0.007194244604316547,0.0,0.0,0.0,0.0017985611510791368,0
alkhauzi,"Keaslian:original

Barang ok tapi belum dicoba masih nunggu part lain.👌👍",5,0,1729909514,keaslian original barang ok tapi belum dicoba masih nunggu part lain,keaslian original barang ok tapi belum dicoba masih nunggu part lain,11,neutral,0.55,68,0.014705882352941176,0.0,0.0,0.0,0.003676470588235294,0
d.acukan,Alhamdulillah produk sesuai pesanan dan berfungsi dengan baik,5,0,1666010372,alhamdulillah produk sesuai pesanan dan berfungsi dengan baik,alhamdulillah produk sesuai pesanan dan berfungsi dengan baik,8,positive,0.75,61,0.01639344262295082,0.0,0.0,0.0,0.004098360655737705,0
rivanshinta,,5,0,1736140925,,,1,neutral,0.55,0,0.0,0.0,0.0,0.0,0.6,1
metrocactus,"Fitur Terbaik:belum saya pake nunggu mobo sama prosesor
Sepadan dengan Harga:sepadan",5,0,1675667839,fitur terbaik belum saya pake nunggu mobo sama prosesor sepadan dengan harga sepadan,fitur terbaik belum saya pake nunggu mobo sama prosesor sepadan dengan harga sepadan,13,neutral,0.55,84,0.011904761904761904,0.15384615384615385,0.0,0.0,0.04143772893772894,0
obyfa,"Fitur Terbaik:sesuai deskripsi
Sepadan dengan Harga:sesuai deskripsi

Barang sesuai pesanan",5,0,1683710506,fitur terbaik sesuai deskripsi sepadan dengan harga sesuai deskripsi barang sesuai pesanan,fitur terbaik sesuai deskripsi sepadan dengan harga sesuai deskripsi barang sesuai pesanan,12,positive,0.75,90,0.0,0.4166666666666667,0.0,0.0,0.10416666666666667,0
hakikidragon99,"Mantap,  bru pertama belanja. Brgx oke, pengiriman aman dan cepat",5,0,1693894068,mantap bru pertama belanja brgx oke pengiriman aman dan cepat,mantap bru pertama belanja brgx oke pengiriman aman dan cepat,10,positive,0.75,61,0.0,0.0,0.0,0.0,0.0,0
zsens31,"Fungsi:Berjalan Lancar
Keaslian:Setara
Fitur:Normal

Sempat tdk terbaca MB saya, but stelah itu bisa , semoga awet",5,0,1733785598,fungsi berjalan lancar keaslian setara fitur normal sempat tdk terbaca mb saya but stelah itu bisa semoga awet,fungsi berjalan lancar keaslian setara fitur normal sempat tdk terbaca mb saya but stelah itu bisa semoga awet,18,neutral,0.55,110,0.0,0.0,0.0,0.0,0.0,0
o*****a,"Sepadan dengan Harga:bersaing

Berfungsi dengan baik",4,0,1688402077,sepadan dengan harga bersaing berfungsi dengan baik,sepadan dengan harga bersaing berfungsi dengan baik,7,neutral,0.55,51,0.0,0.2857142857142857,0.0,0.0,0.07142857142857142,0
ryueeeiji,"oke, kalo bagus awet nanti ditambah ratingnya 🙂",4,0,1675440602,oke kalo bagus awet nanti ditambah ratingnya,oke kalo bagus awet nanti ditambah ratingnya,7,positive,0.75,44,0.0,0.0,0.0,0.0,0.0,0
teguhkusniadi,belum di coba tapi sudah beli beberapa kali barang bagus di toko ini...,5,0,1663137785,belum di coba tapi sudah beli beberapa kali barang bagus di toko ini,belum di coba tapi sudah beli beberapa kali barang bagus di toko ini,13,positive,0.75,68,0.0,0.15384615384615385,0.0,0.0,0.038461538461538464,0
wrma2hsabil1818,"Fungsi:ok
Keaslian:ok
Fitur:ok

barang sesuai pesanan.sampai dengan aman,berfungsi dengan baik.",5,0,1727774306,fungsi ok keaslian ok fitur ok barang sesuai pesanan sampai dengan aman berfungsi dengan baik,fungsi ok keaslian ok fitur ok barang sesuai pesanan sampai dengan aman berfungsi dengan baik,15,positive,0.75,93,0.0,0.3333333333333333,0.0,0.0,0.08333333333333333,0
fajar378,Recomended,5,0,1605929360,recomended,recomended,1,neutral,0.55,10,0.0,0.0,0.0,0.0,0.2,0
f*****9,Manatp,5,0,1666844878,manatp,manatp,1,neutral,0.55,6,0.0,0.0,0.0,0.0,0.6,1
,"Fitur Terbaik:fast response
Sepadan dengan Harga:Best Quality

Mantap, recpmended aeller",5,0,1666316836,fitur terbaik fast response sepadan dengan harga best quality mantap recpmended aeller,fitur terbaik fast response sepadan dengan harga best quality mantap recpmended aeller,12,positive,0.75,86,0.011627906976744186,0.0,0.0,0.0,0.0029069767441860465,0
i*****s,terima kasih  saya beli gan semua nya,5,0,1663922012,terima kasih saya beli gan semua nya,terima kasih saya beli gan semua nya,7,neutral,0.55,36,0.0,0.0,0.0,0.0,0.0,0
aliciashaqueena,barang udh diterima tp blm di unboxing semoga jos barang nya,5,0,1690230236,barang udh diterima tp blm di unboxing semoga jos barang nya,barang udh diterima tp blm di unboxing semoga jos barang nya,11,neutral,0.55,60,0.0,0.18181818181818182,0.0,0.0,0.045454545454545456,0
blanjongmarket,"Mantab joss, semoga gada kendala",5,0,1727519248,mantab joss semoga gada kendala,mantab joss semoga gada kendala,5,neutral,0.55,31,0.03225806451612903,0.0,0.0,0.0,0.008064516129032258,0
n*****h,,5,0,1688928189,,,1,neutral,0.55,0,0.0,0.0,0.0,0.0,0.6,1
z*****6,,5,0,1688634169,,,1,neutral,0.55,0,0.0,0.0,0.0,0.0,0.6,1
bhenikan,"Fitur Terbaik:bagus berfungsi dgn baik, mantap
Sepadan dengan Harga:ya semogga awet",5,0,1664582748,fitur terbaik bagus berfungsi dgn baik mantap sepadan dengan harga ya semogga awet,fitur terbaik bagus berfungsi dgn baik mantap sepadan dengan harga ya semogga awet,13,positive,0.75,82,0.012195121951219513,0.0,0.0,0.0,0.003048780487804878,0
ummiepha,"kualitas produk sangat baik, produk original,harga produk sangat baik, kecepatan pengiriman sangat baik, respon penjual sangat baik, packing rapi. terimakasih banyak.",5,0,1602109614,kualitas produk sangat baik produk original harga produk sangat baik kecepatan pengiriman sangat baik respon penjual sangat baik packing rapi terimakasih banyak,kualitas produk sangat baik produk original harga produk sangat baik kecepatan pengiriman sangat baik respon penjual sangat baik packing rapi terimakasih banyak,22,positive,0.75,160,0.0,0.5,0.0,0.0,0.125,0
azumaru21,"Barang datang dengan selamat, sudah tes dan work 100% 👍",5,0,1651234222,barang datang dengan selamat sudah tes dan work 100,barang datang dengan selamat sudah tes dan work 100,9,neutral,0.55,51,0.0196078431372549,0.0,0.0,0.0,0.004901960784313725,0
k*****s,"sesuai deskripsi, berfungsi sebagaimana mestinya, mudah2an awet",5,0,1737656293,sesuai deskripsi berfungsi sebagaimana mestinya mudah2an awet,sesuai deskripsi berfungsi sebagaimana mestinya mudah2an awet,7,positive,0.75,61,0.0,0.0,0.0,0.0,0.0,0
fraud12,Work..,5,0,1618204902,work,work,1,neutral,0.55,4,0.0,0.0,0.0,0.0,0.6,1
wildansyamsuludin,"Fitur Terbaik:gud sekali
Sepadan dengan Harga:the best

Barang sampai sampai tujuan packing aman........ semoga awet",5,1,1685115807,fitur terbaik gud sekali sepadan dengan harga the best barang sampai sampai tujuan packing aman semoga awet,fitur terbaik gud sekali sepadan dengan harga the best barang sampai sampai tujuan packing aman semoga awet,17,neutral,0.55,107,0.0,0.11764705882352941,0.0,0.0,0.029411764705882353,0
a*****5,"Fungsi:Normal kaya di description
Keaslian:Baguss

Bagus langsung pakai...",5,0,1759595602,fungsi normal kaya di description keaslian baguss bagus langsung pakai,fungsi normal kaya di description keaslian baguss bagus langsung pakai,10,positive,0.75,70,0.014285714285714285,0.0,0.0,0.0,0.0035714285714285713,0
natalia_philly,mantap dah ..kedua kali order,5,0,1700829148,mantap dah kedua kali order,mantap dah kedua kali order,5,positive,0.75,27,0.0,0.0,0.0,0.0,0.0,0
bebexblur,"Fungsi:Berfungsi dengan baik
Keaslian:barang asli
Fitur:Sangat berguna

sudah dipakai beberapa bulan.. barangnya aman dan semoga awet",5,0,1716784819,fungsi berfungsi dengan baik keaslian barang asli fitur sangat berguna sudah dipakai beberapa bulan barangnya aman dan semoga awet,fungsi berfungsi dengan baik keaslian barang asli fitur sangat berguna sudah dipakai beberapa bulan barangnya aman dan semoga awet,19,neutral,0.55,130,0.0,0.0,0.0,0.0,0.0,0
ggibram,selama belanja tidak pernah mengecewakan,5,0,1684726250,selama belanja tidak pernah mengecewakan,selama belanja tidak pernah mengecewakan,5,negative,0.75,40,0.0,0.0,0.0,1.0,0.2,0
adrianreza72,Mantap Udah beli 2 kali dan work semua 🤝,5,0,1682859565,mantap udah beli 2 kali dan work semua,mantap udah beli 2 kali dan work semua,8,positive,0.75,38,0.0,0.0,0.0,0.0,0.0,0
faqihrocky,Josss.. thanks..,5,0,1694925268,josss thanks,josss thanks,2,neutral,0.55,12,0.16666666666666666,0.0,0.0,0.0,0.24166666666666667,0
yuki_ra,"Bagus pokoknya, buruan di order (*^▽^)/★*☆♪",5,0,1640263749,bagus pokoknya buruan di order,bagus pokoknya buruan di order,5,positive,0.75,30,0.0,0.0,0.0,0.0,0.0,0
kangruna,"Fungsi:normal
Keaslian:asli
Fitur:ngebut

Pesanan sampai, baru sempat unboxing dan nyoba sekarang, berjalan lancar alhamdulillah, terimakasih seller, shopee, kurir, besok beli lagi insyaAllah",5,0,1734252122,fungsi normal keaslian asli fitur ngebut pesanan sampai baru sempat unboxing dan nyoba sekarang berjalan lancar alhamdulillah terimakasih seller shopee kurir besok beli lagi insyaallah,fungsi normal keaslian asli fitur ngebut pesanan sampai baru sempat unboxing dan nyoba sekarang berjalan lancar alhamdulillah terimakasih seller shopee kurir besok beli lagi insyaallah,25,neutral,0.55,184,0.02717391304347826,0.0,0.0,0.0,0.006793478260869565,0
topan_azalea,"Sepadan dengan Harga:baik

Penjualnya fastrespon dan tokonya amanah. Terimaksih kak",5,0,1685168029,sepadan dengan harga baik penjualnya fastrespon dan tokonya amanah terimaksih kak,sepadan dengan harga baik penjualnya fastrespon dan tokonya amanah terimaksih kak,11,neutral,0.55,81,0.0,0.0,0.0,0.0,0.0,0
alexbasar,"Sepadan dengan Harga:ok
Fitur Terbaik:ok banget

Pengiriman cepat dan rapi",5,0,1669026332,sepadan dengan harga ok fitur terbaik ok banget pengiriman cepat dan rapi,sepadan dengan harga ok fitur terbaik ok banget pengiriman cepat dan rapi,12,positive,0.75,73,0.0,0.16666666666666666,0.0,0.0,0.041666666666666664,0
ryph404,Gacor semoga awettt,5,0,1690726201,gacor semoga awettt,gacor semoga awettt,3,neutral,0.55,19,0.10526315789473684,0.0,0.0,0.0,0.02631578947368421,0
ramanabil,"Fitur Terbaik:mantap
Sepadan dengan Harga:sepadan

nilai plus bahkan sebelum beli,penjualnya responsif banget,ramah melayani tanya jawab,barang sesuai,pengiriman cepet,thanks gan",5,0,1668769932,fitur terbaik mantap sepadan dengan harga sepadan nilai plus bahkan sebelum beli penjualnya responsif banget ramah melayani tanya jawab barang sesuai pengiriman cepet thanks gan,fitur terbaik mantap sepadan dengan harga sepadan nilai plus bahkan sebelum beli penjualnya responsif banget ramah melayani tanya jawab barang sesuai pengiriman cepet thanks gan,25,positive,0.75,177,0.0,0.08,0.0,0.0,0.02,0
dji2celluler,mantappp👍👍 biarlah bintang yang bicara,5,0,1646915240,mantappp biarlah bintang yang bicara,mantappp biarlah bintang yang bicara,5,neutral,0.55,36,0.05555555555555555,0.0,0.0,0.0,0.013888888888888888,0
b*****1,"Fitur Terbaik:cuman ram
Sepadan dengan Harga:tentu",5,0,1672912228,fitur terbaik cuman ram sepadan dengan harga tentu,fitur terbaik cuman ram sepadan dengan harga tentu,8,neutral,0.55,50,0.0,0.0,0.0,0.0,0.0,0
b*****4,"Sepadan dengan Harga:Worth
Fitur Terbaik:Ram kenceng

Ok berfungsi dengan baik. Pengiriman jg cepat",5,0,1687312626,sepadan dengan harga worth fitur terbaik ram kenceng ok berfungsi dengan baik pengiriman jg cepat,sepadan dengan harga worth fitur terbaik ram kenceng ok berfungsi dengan baik pengiriman jg cepat,15,positive,0.75,97,0.0,0.13333333333333333,0.0,0.0,0.03333333333333333,0
z*****i,5 stars,5,0,1672265872,5 stars,5 stars,2,neutral,0.55,7,0.0,0.0,0.0,0.0,0.6,1
nuibrahim,"Fitur Terbaik:barang bagus, terbacaa di cpuz... moga awett sampe bertahun²....",5,0,1673063800,fitur terbaik barang bagus terbacaa di cpuz moga awett sampe bertahun,fitur terbaik barang bagus terbacaa di cpuz moga awett sampe bertahun,11,positive,0.75,69,0.028985507246376812,0.0,0.0,0.0,0.007246376811594203,0
ary_andriyanta,naiseeee,5,0,1658311657,naiseeee,naiseeee,1,neutral,0.55,8,0.375,0.0,0.0,0.0,0.29375,0
permatanet6000,Fps lancar buat main game,5,0,1738143173,fps lancar buat main game,fps lancar buat main game,5,neutral,0.55,25,0.0,0.0,0.0,0.0,0.0,0
poernawan.agus,,5,0,1753529298,,,1,neutral,0.55,0,0.0,0.0,0.0,0.0,0.6,1
shusychan97,"Terima kasih seller, pengiriman cepat dan pdroduk berfungsi dengan baik dan sesuai deskripsi,  semoga  awet dan tahan lama",5,0,1661219236,terima kasih seller pengiriman cepat dan pdroduk berfungsi dengan baik dan sesuai deskripsi semoga awet dan tahan lama,terima kasih seller pengiriman cepat dan pdroduk berfungsi dengan baik dan sesuai deskripsi semoga awet dan tahan lama,18,positive,0.75,118,0.00847457627118644,0.16666666666666666,0.0,0.0,0.043785310734463276,0
cha_chalemz,"Fungsi:berfungsi dengan normal
Keaslian:original

Semoga awet",5,0,1731904165,fungsi berfungsi dengan normal keaslian original semoga awet,fungsi berfungsi dengan normal keaslian original semoga awet,8,neutral,0.55,60,0.0,0.0,0.0,0.0,0.0,0
barakmauladi,"sesuai deksripsi barang selamat sampai tujuan, semoga berkah dan awet",5,0,1658674597,sesuai deksripsi barang selamat sampai tujuan semoga berkah dan awet,sesuai deksripsi barang selamat sampai tujuan semoga berkah dan awet,10,positive,0.75,68,0.0,0.0,0.0,0.0,0.0,0
yoshieleexa,Terimakasih...,5,0,1735474656,terimakasih,terimakasih,1,neutral,0.55,11,0.0,0.0,0.0,0.0,0.2,0
12pratamaa,Berfungsi,5,0,1704270598,berfungsi,berfungsi,1,neutral,0.55,9,0.0,0.0,0.0,0.0,0.2,0
nafsa1,Barang masih di tempat adik,5,0,1754310990,barang masih di tempat adik,barang masih di tempat adik,5,neutral,0.55,27,0.0,0.0,0.0,0.0,0.0,0
,Aman,5,0,1664963875,aman,aman,1,neutral,0.55,4,0.0,0.0,0.0,0.0,0.6,1
g*****9,Semoga awet... 🙏,5,0,1689749429,semoga awet,semoga awet,2,neutral,0.55,11,0.0,0.0,0.2,0.0,0.26,0
fanschelsea9,"Fungsi:tambah memory
Keaslian:original kingston
Fitur:bagus kokoh solid

Barang sudah sampai dicoba langsung bisa, terimakasih",5,0,1736610346,fungsi tambah memory keaslian original kingston fitur bagus kokoh solid barang sudah sampai dicoba langsung bisa terimakasih,fungsi tambah memory keaslian original kingston fitur bagus kokoh solid barang sudah sampai dicoba langsung bisa terimakasih,17,positive,0.75,124,0.0,0.0,0.0,0.0,0.0,0
zaki.fikri,"Belum di coba, mudah""an bagus",5,0,1685167110,belum di coba mudah an bagus,belum di coba mudah an bagus,6,positive,0.75,28,0.0,0.0,0.0,0.0,0.0,0
cahyono3154,"Fungsi:semoga awet 1 abad
Fitur:ok
Keaslian:gatau",5,0,1737453412,fungsi semoga awet 1 abad fitur ok keaslian gatau,fungsi semoga awet 1 abad fitur ok keaslian gatau,9,neutral,0.55,49,0.0,0.0,0.0,0.0,0.0,0
r*****s,"Blm dicoba, nunggu barang yg lain, mudah2 fungsi",5,0,1683180927,blm dicoba nunggu barang yg lain mudah2 fungsi,blm dicoba nunggu barang yg lain mudah2 fungsi,8,neutral,0.55,46,0.021739130434782608,0.0,0.0,0.0,0.005434782608695652,0
willysultanpratama,"Belum di coba, semoga aman",5,0,1640377308,belum di coba semoga aman,belum di coba semoga aman,5,neutral,0.55,25,0.0,0.0,0.0,0.0,0.0,0
elisvidakandau,Oke mantap,5,0,1672403473,oke mantap,oke mantap,2,positive,0.75,10,0.0,0.0,0.0,0.0,0.2,0
9nwwxs1zha,"Fitur Terbaik:mantap

Datang dengan selamat, belom dicoba semoga berfungsi dengan baik",5,0,1672293945,fitur terbaik mantap datang dengan selamat belom dicoba semoga berfungsi dengan baik,fitur terbaik mantap datang dengan selamat belom dicoba semoga berfungsi dengan baik,12,positive,0.75,84,0.0,0.16666666666666666,0.0,0.0,0.041666666666666664,0
jailaniz,"Fitur Terbaik:Berkelas
Sepadan dengan Harga:Murah bersaing

Belum dicoba moga sukses..
Terima kasih seller.. pokoknya the best buat seller..🙏🙏",5,0,1665821426,fitur terbaik berkelas sepadan dengan harga murah bersaing belum dicoba moga sukses terima kasih seller pokoknya the best buat seller,fitur terbaik berkelas sepadan dengan harga murah bersaing belum dicoba moga sukses terima kasih seller pokoknya the best buat seller,20,neutral,0.55,133,0.015037593984962405,0.1,0.0,0.0,0.028759398496240603,0
z*****6,Mantap lah 👍🏼,5,0,1683617978,mantap lah,mantap lah,2,positive,0.75,10,0.0,0.0,0.0,0.0,0.2,0
rifkimuazin1,TERBAIK,5,0,1654347832,terbaik,terbaik,1,neutral,0.55,7,0.0,0.0,0.0,0.0,0.6,1
bobohunter,akan lebih bagus klo saat beli 2 bentuknya sama,4,0,1676524644,akan lebih bagus klo saat beli 2 bentuknya sama,akan lebih bagus klo saat beli 2 bentuknya sama,9,positive,0.75,47,0.02127659574468085,0.0,0.0,0.0,0.005319148936170213,0
yobeh,Mantap lah packing tebel,5,0,1638250548,mantap lah packing tebel,mantap lah packing tebel,4,positive,0.75,24,0.0,0.0,0.0,0.0,0.0,0
rozyid,Fitur Terbaik:top markotop.. recommended seller dah,5,0,1688516253,fitur terbaik top markotop recommended seller dah,fitur terbaik top markotop recommended seller dah,7,positive,0.75,49,0.04081632653061224,0.0,0.0,0.0,0.01020408163265306,0
linggarahmat,NT NT NT NT NT,5,0,1637750888,nt nt nt nt nt,nt nt nt nt nt,5,neutral,0.55,14,0.0,1.0,0.0,0.0,0.45,0
egi_yudha,"Packing aman, sudah dites berfungsi dengan baik
Terimakasih",5,0,1673399962,packing aman sudah dites berfungsi dengan baik terimakasih,packing aman sudah dites berfungsi dengan baik terimakasih,8,neutral,0.55,58,0.0,0.0,0.0,0.0,0.0,0
csincom,Mantul,5,0,1625909496,mantul,mantul,1,neutral,0.55,6,0.0,0.0,0.0,0.0,0.6,1
melvinli,"Thanks gan, ane sebenarnya gaptek dan takut.. tapi udah kedetect dan amannn..",5,0,1645704362,thanks gan ane sebenarnya gaptek dan takut tapi udah kedetect dan amannn,thanks gan ane sebenarnya gaptek dan takut tapi udah kedetect dan amannn,12,neutral,0.55,72,0.027777777777777776,0.16666666666666666,0.0,0.0,0.048611111111111105,0
kharimuntolib,👍👍👍,5,0,1601005374,,,1,neutral,0.55,0,0.0,0.0,0.0,0.0,0.6,1
fkg_28,"Mantab, bagus banget",5,0,1657953369,mantab bagus banget,mantab bagus banget,3,positive,0.75,19,0.0,0.0,0.0,0.0,0.0,0
aziss29,mantap berjalan dngn baik,5,0,1606381585,mantap berjalan dngn baik,mantap berjalan dngn baik,4,positive,0.75,25,0.0,0.0,0.0,0.0,0.0,0
kafinhakiki,"Barangnya bagus banget terbaik, untuk pelayanan ok banget",5,0,1674540292,barangnya bagus banget terbaik untuk pelayanan ok banget,barangnya bagus banget terbaik untuk pelayanan ok banget,8,positive,0.75,56,0.0,0.25,0.0,0.0,0.0625,0
jackgileh,mantapp,5,0,1694157720,mantapp,mantapp,1,neutral,0.55,7,0.14285714285714285,0.0,0.0,0.0,0.6357142857142857,1
171le,Okee msih bru dijalankan,5,0,1644128557,okee msih bru dijalankan,okee msih bru dijalankan,4,neutral,0.55,24,0.041666666666666664,0.0,0.0,0.0,0.010416666666666666,0
e*****.,"Sepadan dengan Harga:ada pendinginnya

Fast respon, pengiriman cepat dan amanah",5,0,1691715722,sepadan dengan harga ada pendinginnya fast respon pengiriman cepat dan amanah,sepadan dengan harga ada pendinginnya fast respon pengiriman cepat dan amanah,11,positive,0.75,77,0.012987012987012988,0.0,0.0,0.0,0.003246753246753247,0
f22.shop,"Fitur Terbaik:good
Sepadan dengan Harga:not bad

Good",5,0,1663514355,fitur terbaik good sepadan dengan harga not bad good,fitur terbaik good sepadan dengan harga not bad good,9,neutral,0.55,52,0.038461538461538464,0.2222222222222222,0.0,0.0,0.06517094017094016,0
mhaz_iwan,Mantap,5,0,1712024552,mantap,mantap,1,positive,0.75,6,0.0,0.0,1.0,0.0,0.8999999999999999,1
malikargopamungkas,Mantap,5,0,1727873080,mantap,mantap,1,positive,0.75,6,0.0,0.0,1.0,0.0,0.8999999999999999,1
n*****s,"NIPUU!!, tulisannya terdeteksi CPU Z tp nyatanya ngga, tolong jgn beli disini ini RAM KW tulisannya doang ORI",1,9,1764996750,nipuu tulisannya terdeteksi cpu z tp nyatanya ngga tolong jgn beli disini ini ram kw tulisannya doang ori,nipuu tulisannya terdeteksi cpu z tp nyatanya ngga tolong jgn beli disini ini ram kw tulisannya doang ori,18,neutral,0.55,105,0.0380952380952381,0.1111111111111111,0.0,0.0,0.0373015873015873,0
yotsua,,4,0,1688634639,,,1,neutral,0.55,0,0.0,0.0,0.0,0.0,0.6,1
b*****n,"Fitur Terbaik:Paket sampai dengan cepat

Paket lngsung dikirim dan sampai dengan cepat. belum dicoba. semoga aman.",5,0,1697118617,fitur terbaik paket sampai dengan cepat paket lngsung dikirim dan sampai dengan cepat belum dicoba semoga aman,fitur terbaik paket sampai dengan cepat paket lngsung dikirim dan sampai dengan cepat belum dicoba semoga aman,17,positive,0.75,110,0.0,0.47058823529411764,0.0,0.0,0.11764705882352941,0
edward_80,"Fungsi:blm dicoba, nunggu mobo nya
Keaslian:sesuai dg harga
Fitur:ok

Fungsi:blm dicoba
Keaslian:sesuai dg harga
Fitur:ok",5,0,1720430574,fungsi blm dicoba nunggu mobo nya keaslian sesuai dg harga fitur ok fungsi blm dicoba keaslian sesuai dg harga fitur ok,fungsi blm dicoba nunggu mobo nya keaslian sesuai dg harga fitur ok fungsi blm dicoba keaslian sesuai dg harga fitur ok,21,positive,0.75,119,0.008403361344537815,0.8571428571428571,0.0,0.0,0.21638655462184872,0
rendi_seven,"Fungsi:bekerja dengan baik
Keaslian:mangap
Fitur:bagus",5,0,1734576004,fungsi bekerja dengan baik keaslian mangap fitur bagus,fungsi bekerja dengan baik keaslian mangap fitur bagus,8,positive,0.75,54,0.0,0.0,0.0,0.0,0.0,0
rahmi2323,"Sepadan dengan Harga:yaa
Fitur Terbaik:yaa

Barang sudah sampai dan berfungsi dengan baik.",5,0,1685577399,sepadan dengan harga yaa fitur terbaik yaa barang sudah sampai dan berfungsi dengan baik,sepadan dengan harga yaa fitur terbaik yaa barang sudah sampai dan berfungsi dengan baik,14,neutral,0.55,88,0.022727272727272728,0.2857142857142857,0.0,0.0,0.0771103896103896,0
b*****l,"Pengiriman cepat, ekspetasi 4hari ternyata 2 hari sudah sampai. Terimakasih",5,0,1672586484,pengiriman cepat ekspetasi 4hari ternyata 2 hari sudah sampai terimakasih,pengiriman cepat ekspetasi 4hari ternyata 2 hari sudah sampai terimakasih,10,positive,0.75,73,0.0,0.0,0.0,0.0,0.0,0
y*****i,"Fitur Terbaik:original
Sepadan dengan Harga:banyak diskon",5,0,1703008429,fitur terbaik original sepadan dengan harga banyak diskon,fitur terbaik original sepadan dengan harga banyak diskon,8,neutral,0.55,57,0.0,0.0,0.0,0.0,0.0,0
annajah2016,Jos kabe pokoke recom seru,5,0,1722543359,jos kabe pokoke recom seru,jos kabe pokoke recom seru,5,neutral,0.55,26,0.0,0.0,0.0,0.0,0.0,0
dedydarnady,"Pesanan sudah diterima, mantap normal jaya gan 🔥🔥 ngga ada kendala, sisa nunggu part2 selanjutnya",5,0,1645495551,pesanan sudah diterima mantap normal jaya gan ngga ada kendala sisa nunggu part2 selanjutnya,pesanan sudah diterima mantap normal jaya gan ngga ada kendala sisa nunggu part2 selanjutnya,14,positive,0.75,92,0.021739130434782608,0.0,0.0,0.0,0.005434782608695652,0
grosirbajutasik.id,Sepadan dengan Harga:BELI DI SINI SELALU PUAS,5,0,1670066488,sepadan dengan harga beli di sini selalu puas,sepadan dengan harga beli di sini selalu puas,8,positive,0.75,45,0.0,0.0,0.0,0.0,0.0,0
z*****i,Sudah di coba... semoga awet,5,0,1690588960,sudah di coba semoga awet,sudah di coba semoga awet,5,neutral,0.55,25,0.0,0.0,0.0,0.0,0.0,0
alfarizit_,"Berfungsi dengan baik, thanks",5,0,1647406478,berfungsi dengan baik thanks,berfungsi dengan baik thanks,4,neutral,0.55,28,0.0,0.0,0.0,0.0,0.0,0
thoriq_0403,Sangat baik,5,0,1735983533,sangat baik,sangat baik,2,neutral,0.55,11,0.0,0.0,0.0,0.0,0.2,0
nenkjul,Bagus. Past respon..entap,5,0,1599039216,bagus past respon entap,bagus past respon entap,4,positive,0.75,23,0.0,0.0,0.0,0.0,0.0,0
m*****n,Semoga awet,5,0,1663201986,semoga awet,semoga awet,2,neutral,0.55,11,0.0,0.0,0.2,0.0,0.26,0
niken05.partstore,"Fitur Terbaik:Bagus
Sepadan dengan Harga:Ya

Barang sudah sampai dan diterima dengan baik abang kurirnya ramah makasih ya udah nganterin paketnya nyampe rumah",5,0,1668949768,fitur terbaik bagus sepadan dengan harga ya barang sudah sampai dan diterima dengan baik abang kurirnya ramah makasih ya udah nganterin paketnya nyampe rumah,fitur terbaik bagus sepadan dengan harga ya barang sudah sampai dan diterima dengan baik abang kurirnya ramah makasih ya udah nganterin paketnya nyampe rumah,24,positive,0.75,157,0.0,0.16666666666666666,0.0,0.0,0.041666666666666664,0
a*****5,"Fitur Terbaik:berfungsi
Sepadan dengan Harga:iya

Pesan 2, dikirim dgn jenis sama, tp beda casing luar",4,0,1666782094,fitur terbaik berfungsi sepadan dengan harga iya pesan 2 dikirim dgn jenis sama tp beda casing luar,fitur terbaik berfungsi sepadan dengan harga iya pesan 2 dikirim dgn jenis sama tp beda casing luar,17,neutral,0.55,99,0.0,0.0,0.0,0.0,0.0,0
c*****3,Semoga berjalan dengan baik,5,0,1658221291,semoga berjalan dengan baik,semoga berjalan dengan baik,4,neutral,0.55,27,0.0,0.0,0.0,0.0,0.0,0
februwantoro,Jos,5,0,1676206708,jos,jos,1,neutral,0.55,3,0.0,0.0,0.0,0.0,0.6,1
panjinursyah,Work barangnya.. semoga awet.. gak sempet motoin karna lansung di pasang...,5,0,1658243158,work barangnya semoga awet gak sempet motoin karna lansung di pasang,work barangnya semoga awet gak sempet motoin karna lansung di pasang,11,neutral,0.55,68,0.0,0.0,0.0,0.0,0.0,0
adifiqriperdana,Mantapss,5,0,1703922904,mantapss,mantapss,1,neutral,0.55,8,0.125,0.0,0.0,0.0,0.23125,0
rasyidadiekhartolo,Okeee,5,0,1673339480,okeee,okeee,1,neutral,0.55,5,0.4,0.0,0.0,0.0,0.7,1
votentic,"Fitur Terbaik:sesuai spesifikasi
Sepadan dengan Harga:tentu jasa

Recommended seller",5,0,1681655247,fitur terbaik sesuai spesifikasi sepadan dengan harga tentu jasa recommended seller,fitur terbaik sesuai spesifikasi sepadan dengan harga tentu jasa recommended seller,11,positive,0.75,83,0.024096385542168676,0.0,0.0,0.0,0.006024096385542169,0
santochiu,Mantappp..,5,0,1725111167,mantappp,mantappp,1,neutral,0.55,8,0.25,0.0,0.0,0.0,0.2625,0
ebyferdinand,"Fungsi:sangat baik
Keaslian:sangat normal
Fitur:berguna sekali

joss pisan....",5,0,1735061468,fungsi sangat baik keaslian sangat normal fitur berguna sekali joss pisan,fungsi sangat baik keaslian sangat normal fitur berguna sekali joss pisan,11,neutral,0.55,73,0.0136986301369863,0.18181818181818182,0.0,0.0,0.04887920298879203,0
olivyuka,Mantap betul.thx,5,0,1608375653,mantap betul thx,mantap betul thx,3,positive,0.75,16,0.0,0.0,0.0,0.0,0.0,0
baguskksosis,Fungsi:top,5,0,1737386190,fungsi top,fungsi top,2,neutral,0.55,10,0.0,0.0,0.0,0.0,0.2,0
m*****s,Belum dicoba,5,0,1689162046,belum dicoba,belum dicoba,2,neutral,0.55,12,0.0,0.0,0.2,0.0,0.26,0
hadikmc,Belum dites. Kasih 5* dulu.,5,0,1679808358,belum dites kasih 5 dulu,belum dites kasih 5 dulu,5,neutral,0.55,24,0.0,0.0,0.0,0.0,0.0,0
lalita_kids,"Fitur Terbaik:baik
Sepadan dengan Harga:baikk

Baikk",5,0,1670070531,fitur terbaik baik sepadan dengan harga baikk baikk,fitur terbaik baik sepadan dengan harga baikk baikk,8,neutral,0.55,51,0.0392156862745098,0.25,0.0,0.0,0.07230392156862744,0
b*****h,"Fitur Terbaik:👍
Sepadan dengan Harga:👍

Mantap boss",5,0,1661935215,fitur terbaik sepadan dengan harga mantap boss,fitur terbaik sepadan dengan harga mantap boss,7,positive,0.75,46,0.021739130434782608,0.0,0.0,0.0,0.005434782608695652,0
digi_art,"Fitur Terbaik:baik

Produk sesuai, pengiriman cepat",5,0,1668683589,fitur terbaik baik produk sesuai pengiriman cepat,fitur terbaik baik produk sesuai pengiriman cepat,7,positive,0.75,49,0.0,0.0,0.0,0.0,0.0,0
kvynna.id,Mantap.. berfungsi gan.. smoga awet.. 👍👍,5,0,1688329138,mantap berfungsi gan smoga awet,mantap berfungsi gan smoga awet,5,positive,0.75,31,0.0,0.0,0.0,0.0,0.0,0
f*****0,"Fitur Terbaik:ok mantap sesuai harga dan harapan
Sepadan dengan Harga:yes

Mantap. Cuman emang masih ada kurang aja sih. Tapi masih worthit 2 keping 8 gb nya",5,0,1704688832,fitur terbaik ok mantap sesuai harga dan harapan sepadan dengan harga yes mantap cuman emang masih ada kurang aja sih tapi masih worthit 2 keping 8 gb nya,fitur terbaik ok mantap sesuai harga dan harapan sepadan dengan harga yes mantap cuman emang masih ada kurang aja sih tapi masih worthit 2 keping 8 gb nya,28,positive,0.75,154,0.0,0.21428571428571427,0.0,0.0,0.05357142857142857,0
n*****2,"Sepadan dengan Harga:Murah dan baik
Fitur Terbaik:Bagus

Top",5,0,1675564369,sepadan dengan harga murah dan baik fitur terbaik bagus top,sepadan dengan harga murah dan baik fitur terbaik bagus top,10,positive,0.75,59,0.0,0.0,0.0,0.0,0.0,0
,Mantab ori pisan euy,5,0,1656081926,mantab ori pisan euy,mantab ori pisan euy,4,neutral,0.55,20,0.0,0.0,0.0,0.0,0.0,0
izetar,"Monitor gak tampil, coba ram lain bisa tampil.
Udah coba pindah2 slot juga, saya mau klaim garansi nya",5,0,1676309833,monitor gak tampil coba ram lain bisa tampil udah coba pindah2 slot juga saya mau klaim garansi nya,monitor gak tampil coba ram lain bisa tampil udah coba pindah2 slot juga saya mau klaim garansi nya,18,neutral,0.55,99,0.0,0.2222222222222222,0.0,0.0,0.05555555555555555,0
aprasss,Bagus,5,0,1666920488,bagus,bagus,1,positive,0.75,5,0.0,0.0,0.4,0.0,0.72,1
hafizfari,"Fungsi:baik
Fitur:baik
Keaslian:asli

sesuai ekspektasi",5,0,1744367040,fungsi baik fitur baik keaslian asli sesuai ekspektasi,fungsi baik fitur baik keaslian asli sesuai ekspektasi,8,positive,0.75,54,0.0,0.25,0.0,0.0,0.0625,0
b*****a,Belum d coba.,5,0,1734363425,belum d coba,belum d coba,3,neutral,0.55,12,0.0,0.0,0.0,0.0,0.2,0
hifn1,Mantap ,5,0,1608802299,mantap,mantap,1,positive,0.75,6,0.0,0.0,1.0,0.0,0.8999999999999999,1
b*****r,"Respon penjual cepat, barang baru dipasang, sejauh ini msh aman, mudah2an ga ada kendala",5,0,1682782584,respon penjual cepat barang baru dipasang sejauh ini msh aman mudah2an ga ada kendala,respon penjual cepat barang baru dipasang sejauh ini msh aman mudah2an ga ada kendala,14,positive,0.75,85,0.0,0.0,0.0,0.0,0.0,0
rahmad150697,"Fungsi:Baik
Fitur:Bagus
Keaslian:Asli

Baik, Bagus, Asli",5,0,1746239996,fungsi baik fitur bagus keaslian asli baik bagus asli,fungsi baik fitur bagus keaslian asli baik bagus asli,9,positive,0.75,53,0.0,0.6666666666666666,0.0,0.0,0.16666666666666666,0
astri3795,Blm di coba.. semoga ga ada masalah..,5,0,1642394106,blm di coba semoga ga ada masalah,blm di coba semoga ga ada masalah,7,neutral,0.55,33,0.0,0.0,0.0,0.0,0.0,0
viralbugisstore,Barang udah diterima namun belum di tes. Semoga awer,5,0,1692031408,barang udah diterima namun belum di tes semoga awer,barang udah diterima namun belum di tes semoga awer,9,neutral,0.55,51,0.0,0.0,0.0,0.0,0.0,0
bejuk.pati,"Fungsi:bekerja dengan baik dan sesuai gambar
Fitur:bagus dan berguna",5,0,1744873703,fungsi bekerja dengan baik dan sesuai gambar fitur bagus dan berguna,fungsi bekerja dengan baik dan sesuai gambar fitur bagus dan berguna,11,positive,0.75,68,0.0,0.18181818181818182,0.0,0.0,0.045454545454545456,0
michael_udin,"Sepadan dengan Harga:termurah

Packing super aman, tanpa khawatir",5,0,1678104561,sepadan dengan harga termurah packing super aman tanpa khawatir,sepadan dengan harga termurah packing super aman tanpa khawatir,9,neutral,0.55,63,0.0,0.0,0.0,0.0,0.0,0
fadhlanhaffiyan,"Fitur Terbaik:belum dicoba,rakitan belum lengkap semoga awet 😁

Harga cukup merakyat",5,0,1688754650,fitur terbaik belum dicoba rakitan belum lengkap semoga awet harga cukup merakyat,fitur terbaik belum dicoba rakitan belum lengkap semoga awet harga cukup merakyat,12,neutral,0.55,81,0.0,0.16666666666666666,0.0,0.0,0.041666666666666664,0
orangutanamerica79,"Barang sesuai pesanan, harga murah",5,0,1701756847,barang sesuai pesanan harga murah,barang sesuai pesanan harga murah,5,positive,0.75,33,0.0,0.0,0.0,0.0,0.0,0
brianxerxes,Fungsi:baik,5,0,1748170583,fungsi baik,fungsi baik,2,neutral,0.55,11,0.0,0.0,0.0,0.0,0.2,0
apriadirian93,Barang sudah di terima mudah-mudahan beroperasi dengan baik karena belum di coba lagi menunggu part yang lainnya.,5,0,1679807757,barang sudah di terima mudah mudahan beroperasi dengan baik karena belum di coba lagi menunggu part yang lainnya,barang sudah di terima mudah mudahan beroperasi dengan baik karena belum di coba lagi menunggu part yang lainnya,18,neutral,0.55,112,0.017857142857142856,0.1111111111111111,0.0,0.0,0.03224206349206349,0
trisna_12345,Good,5,0,1643700347,good,good,1,neutral,0.55,4,0.25,0.0,0.8,0.0,0.9025,1
jaka15011979,Good,5,0,1674539719,good,good,1,neutral,0.55,4,0.25,0.0,0.8,0.0,0.9025,1
m*****y,"Fitur Terbaik:OK
Sepadan dengan Harga:OK

Barang OK, Bubble wrap super tebel 👍, hanya ada sedikit masalah diekspedisi",4,0,1665135324,fitur terbaik ok sepadan dengan harga ok barang ok bubble wrap super tebel hanya ada sedikit masalah diekspedisi,fitur terbaik ok sepadan dengan harga ok barang ok bubble wrap super tebel hanya ada sedikit masalah diekspedisi,18,neutral,0.55,112,0.008928571428571428,0.16666666666666666,0.0,0.0,0.04389880952380952,0
otobyar,berfungsi dengan baik,5,0,1730997306,berfungsi dengan baik,berfungsi dengan baik,3,neutral,0.55,21,0.0,0.0,0.2,0.0,0.06,0
ujanhlg,"Pengiriman cepat,barang Alhamdulillah bagus lancar jaya",5,0,1731673092,pengiriman cepat barang alhamdulillah bagus lancar jaya,pengiriman cepat barang alhamdulillah bagus lancar jaya,7,positive,0.75,55,0.01818181818181818,0.0,0.0,0.0,0.004545454545454545,0
dargoninh,Maaf gambar tidak sesuai ...sudah dipasang ...seller gesit...pesan kemarin hari ini sampai....👌👌🙏terima kasih semoga tokonya berkah,5,0,1648200298,maaf gambar tidak sesuai sudah dipasang seller gesit pesan kemarin hari ini sampai terima kasih semoga tokonya berkah,maaf gambar tidak sesuai sudah dipasang seller gesit pesan kemarin hari ini sampai terima kasih semoga tokonya berkah,18,neutral,0.55,117,0.017094017094017096,0.0,0.0,0.0,0.004273504273504274,0
zaenal_mahmudi_98,Fitur Terbaik:bagus,5,0,1683462078,fitur terbaik bagus,fitur terbaik bagus,3,positive,0.75,19,0.0,0.0,0.2,0.0,0.06,0
lmaurindra,"Fitur Terbaik:Original Segel

GG Geming",5,0,1675947049,fitur terbaik original segel gg geming,fitur terbaik original segel gg geming,6,neutral,0.55,38,0.02631578947368421,0.0,0.0,0.0,0.006578947368421052,0
kholilasadi80,Fitur Terbaik:bagus,5,0,1686539252,fitur terbaik bagus,fitur terbaik bagus,3,positive,0.75,19,0.0,0.0,0.2,0.0,0.06,0
antoniaardita,"Pengirimannn produkkkk baikkkk, hargaaa produkkk sangaattt baikkkk. Belum di cobaaa semogaa aweetttt yaaaa..",5,0,1626589562,pengirimannn produkkkk baikkkk hargaaa produkkk sangaattt baikkkk belum di cobaaa semogaa aweetttt yaaaa,pengirimannn produkkkk baikkkk hargaaa produkkk sangaattt baikkkk belum di cobaaa semogaa aweetttt yaaaa,13,neutral,0.55,104,0.2692307692307692,0.15384615384615385,0.0,0.0,0.10576923076923077,0
zetx2810,Barang datang dengan aman tanpa penyok sedikit pun. Mantap,5,0,1605254001,barang datang dengan aman tanpa penyok sedikit pun mantap,barang datang dengan aman tanpa penyok sedikit pun mantap,9,positive,0.75,57,0.0,0.0,0.0,0.0,0.0,0
arga_cloth,Mantap masse,5,0,1646830535,mantap masse,mantap masse,2,positive,0.75,12,0.08333333333333333,0.0,0.0,0.0,0.22083333333333335,0
runkirunrun,"Sepadan dengan Harga:Murah
Fitur Terbaik:Oke

Keren, pengiriman suoer cepat, barang aman dan damai sesuai dengan apa yang telah di deskripsi.",5,0,1688641428,sepadan dengan harga murah fitur terbaik oke keren pengiriman suoer cepat barang aman dan damai sesuai dengan apa yang telah di deskripsi,sepadan dengan harga murah fitur terbaik oke keren pengiriman suoer cepat barang aman dan damai sesuai dengan apa yang telah di deskripsi,22,positive,0.75,137,0.0,0.09090909090909091,0.0,0.0,0.022727272727272728,0
acxfashion,Oke.,5,0,1658141365,oke,oke,1,neutral,0.55,3,0.0,0.0,0.4,0.0,0.72,1
kusworoyudo,Ok,5,0,1677093365,ok,ok,1,neutral,0.55,2,0.0,0.0,0.4,0.0,0.72,1
cristatania,"Pengiriman cepat, produk oriii, barang bagussss, terbaikkk",5,0,1637235328,pengiriman cepat produk oriii barang bagussss terbaikkk,pengiriman cepat produk oriii barang bagussss terbaikkk,7,positive,0.75,55,0.12727272727272726,0.0,0.0,0.0,0.031818181818181815,0
gembox73,Ok,5,0,1675094723,ok,ok,1,neutral,0.55,2,0.0,0.0,0.4,0.0,0.72,1
rifkimuazin1,Pokonya Mantap,5,0,1653144619,pokonya mantap,pokonya mantap,2,positive,0.75,14,0.0,0.0,0.0,0.0,0.2,0
b*****i,"Fitur Terbaik:mantab
Sepadan dengan Harga:yooii

Mantab buat langganan",5,0,1665619810,fitur terbaik mantab sepadan dengan harga yooii mantab buat langganan,fitur terbaik mantab sepadan dengan harga yooii mantab buat langganan,10,neutral,0.55,69,0.043478260869565216,0.2,0.0,0.0,0.06086956521739131,0
buthoijo,"Fitur Terbaik:sayang banget ngk support OC
Sepadan dengan Harga:mantap harga murah",4,0,1659219851,fitur terbaik sayang banget ngk support oc sepadan dengan harga mantap harga murah,fitur terbaik sayang banget ngk support oc sepadan dengan harga mantap harga murah,13,positive,0.75,82,0.012195121951219513,0.15384615384615385,0.0,0.0,0.041510318949343344,0
garuda1033,Mantap jiwa respon seller nya,5,0,1638114849,mantap jiwa respon seller nya,mantap jiwa respon seller nya,5,positive,0.75,29,0.034482758620689655,0.0,0.0,0.0,0.008620689655172414,0
kurniardhani99,"Pakcing bagus, cepat",5,0,1657850868,pakcing bagus cepat,pakcing bagus cepat,3,positive,0.75,19,0.0,0.0,0.0,0.0,0.0,0
d*****4,pelayanan terbaik,5,0,1667343792,pelayanan terbaik,pelayanan terbaik,2,neutral,0.55,17,0.0,0.0,0.0,0.0,0.0,0
astri3795,"belum dicoba.. 
semoga bisa",5,0,1636368454,belum dicoba semoga bisa,belum dicoba semoga bisa,4,neutral,0.55,24,0.0,0.0,0.0,0.0,0.0,0
,barang sudah sampai...  barang sesuai dengan gambar.. reccomend. ,5,0,1597049657,barang sudah sampai barang sesuai dengan gambar reccomend,barang sudah sampai barang sesuai dengan gambar reccomend,8,positive,0.75,57,0.017543859649122806,0.25,0.0,0.0,0.0668859649122807,0
duzqie,barang sesuai packing tebal,5,0,1675929662,barang sesuai packing tebal,barang sesuai packing tebal,4,positive,0.75,27,0.0,0.0,0.0,0.0,0.0,0
,Bagus,5,0,1711098984,bagus,bagus,1,positive,0.75,5,0.0,0.0,0.4,0.0,0.72,1
rd_sticker,Barang bagus berfungsi dengan baik,5,0,1732966871,barang bagus berfungsi dengan baik,barang bagus berfungsi dengan baik,5,positive,0.75,34,0.0,0.0,0.0,0.0,0.0,0
m*****p,"RAM nya tidak bisa dipakai setelah di pasang di PC... Udah di reset CMOS tetap tidak nyala,",2,3,1754955177,ram nya tidak bisa dipakai setelah di pasang di pc udah di reset cmos tetap tidak nyala,ram nya tidak bisa dipakai setelah di pasang di pc udah di reset cmos tetap tidak nyala,17,negative,0.75,87,0.0,0.29411764705882354,0.0,0.0,0.07352941176470588,0
a*****e,Baguss,5,0,1671415563,baguss,baguss,1,neutral,0.55,6,0.16666666666666666,0.0,0.0,0.0,0.6416666666666666,1
eldhys88,Barang sesuai deskripsi,5,0,1666864366,barang sesuai deskripsi,barang sesuai deskripsi,3,positive,0.75,23,0.0,0.0,0.0,0.0,0.0,0
s*****o,Good,5,0,1665806225,good,good,1,neutral,0.55,4,0.25,0.0,0.8,0.0,0.9025,1
jovieasyrof,"Ngirim nya cepet, tinggas dites aja",5,0,1594212318,ngirim nya cepet tinggas dites aja,ngirim nya cepet tinggas dites aja,6,neutral,0.55,34,0.029411764705882353,0.0,0.0,0.0,0.007352941176470588,0
m*****n,"Fitur Terbaik:bagus

Belum di coba, semoga aman, pengiriman cepat",5,0,1666948919,fitur terbaik bagus belum di coba semoga aman pengiriman cepat,fitur terbaik bagus belum di coba semoga aman pengiriman cepat,10,positive,0.75,62,0.0,0.0,0.0,0.0,0.0,0
bashof_19,This is good stuff tho,5,0,1715249642,this is good stuff tho,this is good stuff tho,5,neutral,0.55,22,0.09090909090909091,0.0,0.0,0.0,0.022727272727272728,0
alieetgamfell,"Fungsi:berfungsi dengan baik
Fitur:bagus",5,0,1738570606,fungsi berfungsi dengan baik fitur bagus,fungsi berfungsi dengan baik fitur bagus,6,positive,0.75,40,0.0,0.0,0.0,0.0,0.0,0
tanggonmaulanam,:D,5,0,1609760399,d,d,1,neutral,0.55,1,0.0,0.0,0.0,0.0,0.6,1
chanortegachan,Fitur Terbaik:baik,5,0,1677345218,fitur terbaik baik,fitur terbaik baik,3,neutral,0.55,18,0.0,0.0,0.0,0.0,0.0,0
ahmadsm19,,5,0,1684899179,,,1,neutral,0.55,0,0.0,0.0,0.0,0.0,0.6,1
mheryanaa,"Sepadan dengan Harga:harga murah
Fitur Terbaik:barang bagu",5,0,1690630889,sepadan dengan harga harga murah fitur terbaik barang bagu,sepadan dengan harga harga murah fitur terbaik barang bagu,9,neutral,0.55,58,0.0,0.2222222222222222,0.0,0.0,0.05555555555555555,0
fandikabm,,5,0,1653612433,,,1,neutral,0.55,0,0.0,0.0,0.0,0.0,0.6,1
irgaalwan,Ok barang sesuai beli untuk ke 2x nya,5,0,1638544073,ok barang sesuai beli untuk ke 2x nya,ok barang sesuai beli untuk ke 2x nya,8,positive,0.75,37,0.0,0.0,0.0,0.0,0.0,0
nurwati320,dipasang langsung josss...makasih semua...,5,0,1685556337,dipasang langsung josss makasih semua,dipasang langsung josss makasih semua,5,neutral,0.55,37,0.05405405405405406,0.0,0.0,0.0,0.013513513513513514,0
adityadc,Kualitas bagus cuman layanan pengirimannya agak lama,5,0,1673511660,kualitas bagus cuman layanan pengirimannya agak lama,kualitas bagus cuman layanan pengirimannya agak lama,7,neutral,0.55,52,0.019230769230769232,0.0,0.0,0.0,0.004807692307692308,0
agus.princess,"Sesuai pesanan cm segel udh di buka,di tes berfungsi",5,0,1637283269,sesuai pesanan cm segel udh di buka di tes berfungsi,sesuai pesanan cm segel udh di buka di tes berfungsi,10,positive,0.75,52,0.0,0.2,0.0,0.0,0.05,0
kenviann,Mantab,5,0,1648091874,mantab,mantab,1,neutral,0.55,6,0.0,0.0,0.0,0.0,0.6,1
gaplee,"Baru sampai belum bisa nyoba,semoga bisa dan awet,",5,0,1755146079,baru sampai belum bisa nyoba semoga bisa dan awet,baru sampai belum bisa nyoba semoga bisa dan awet,9,neutral,0.55,49,0.0,0.2222222222222222,0.0,0.0,0.05555555555555555,0
marionicollas,"Fitur Terbaik:bagus

bagus",5,0,1669584461,fitur terbaik bagus bagus,fitur terbaik bagus bagus,4,positive,0.75,25,0.0,0.5,0.0,0.0,0.125,0
dimaswahyup12,Fitur Terbaik:sdss,5,0,1678547615,fitur terbaik sdss,fitur terbaik sdss,3,neutral,0.55,18,0.05555555555555555,0.0,0.0,0.0,0.013888888888888888,0
yulius_johannis,,5,0,1677542134,,,1,neutral,0.55,0,0.0,0.0,0.0,0.0,0.6,1
toni559,,5,0,1696423806,,,1,neutral,0.55,0,0.0,0.0,0.0,0.0,0.6,1
fauzansunap,,5,0,1671856853,,,1,neutral,0.55,0,0.0,0.0,0.0,0.0,0.6,1
4rifin_360,,5,0,1675871767,,,1,neutral,0.55,0,0.0,0.0,0.0,0.0,0.6,1
,Barang original...pengiriman cepat...seller responsif...packing rapet dibubble...mantap...,5,1,1688544148,barang original pengiriman cepat seller responsif packing rapet dibubble mantap,barang original pengiriman cepat seller responsif packing rapet dibubble mantap,10,positive,0.75,79,0.02531645569620253,0.0,0.0,0.0,0.006329113924050633,0
doniprayudi95,,5,0,1733561883,,,1,neutral,0.55,0,0.0,0.0,0.0,0.0,0.6,1
mnaufalmahendra,,5,0,1701339606,,,1,neutral,0.55,0,0.0,0.0,0.0,0.0,0.6,1
oakenly,,5,0,1636824397,,,1,neutral,0.55,0,0.0,0.0,0.0,0.0,0.6,1
syafiiinara,,5,0,1657304442,,,1,neutral,0.55,0,0.0,0.0,0.0,0.0,0.6,1
aryagamingchannel,,5,0,1671437588,,,1,neutral,0.55,0,0.0,0.0,0.0,0.0,0.6,1
mnaufalmahendra,,5,0,1675157710,,,1,neutral,0.55,0,0.0,0.0,0.0,0.0,0.6,1
amusyaffa02,,5,0,1685596914,,,1,neutral,0.55,0,0.0,0.0,0.0,0.0,0.6,1
muhammadfahrur,,5,0,1685707805,,,1,neutral,0.55,0,0.0,0.0,0.0,0.0,0.6,1
samudra_sticker,,5,0,1647133938,,,1,neutral,0.55,0,0.0,0.0,0.0,0.0,0.6,1
arfedo,,5,0,1657375705,,,1,neutral,0.55,0,0.0,0.0,0.0,0.0,0.6,1
cizuapparel,"Sepadan dengan Harga:Lancar

Terima kasih, semoga awet",5,0,1701446877,sepadan dengan harga lancar terima kasih semoga awet,sepadan dengan harga lancar terima kasih semoga awet,8,neutral,0.55,52,0.0,0.0,0.0,0.0,0.0,0
jeiviamatialo402,"Fungsi:baik
Fitur:bagus",5,0,1732078229,fungsi baik fitur bagus,fungsi baik fitur bagus,4,positive,0.75,23,0.0,0.0,0.0,0.0,0.0,0
buthoijo,"Sepadan dengan Harga:mantap
Fitur Terbaik:woke

Super sekali",5,0,1705417536,sepadan dengan harga mantap fitur terbaik woke super sekali,sepadan dengan harga mantap fitur terbaik woke super sekali,9,positive,0.75,59,0.0,0.0,0.0,0.0,0.0,0
h*****g,Barang sampai sesuai pesanan.,5,0,1693137700,barang sampai sesuai pesanan,barang sampai sesuai pesanan,4,positive,0.75,28,0.0,0.0,0.0,0.0,0.0,0
e*****i,,5,0,1700922314,,,1,neutral,0.55,0,0.0,0.0,0.0,0.0,0.6,1
d*****g,Sip,5,0,1690005566,sip,sip,1,neutral,0.55,3,0.0,0.0,0.0,0.0,0.6,1
r*****m,"Fungsi:ok
Keaslian:ga tau
Fitur:sama sj

Jgn beli ditoko ini. Ga amanah. Brg lama smpe. Krn retur Beban ongkir sm pembeli krn tidak mengarahkan transaksi dlm shopee.",2,0,1719659473,fungsi ok keaslian ga tau fitur sama sj jgn beli ditoko ini ga amanah brg lama smpe krn retur beban ongkir sm pembeli krn tidak mengarahkan transaksi dlm shopee,fungsi ok keaslian ga tau fitur sama sj jgn beli ditoko ini ga amanah brg lama smpe krn retur beban ongkir sm pembeli krn tidak mengarahkan transaksi dlm shopee,29,negative,0.75,160,0.00625,0.13793103448275862,0.0,0.0,0.036045258620689656,0
iyan.sutisna0805,"Maaf br ngulas, utk seller udh langganan seperti biasa fast respon klo ada bintang 7 tak kasih smp 7. Utk pengiriman next day Tagerang Crb seperti kiriman standar ymp 2 hr.",5,0,1634872175,maaf br ngulas utk seller udh langganan seperti biasa fast respon klo ada bintang 7 tak kasih smp 7 utk pengiriman next day tagerang crb seperti kiriman standar ymp 2 hr,maaf br ngulas utk seller udh langganan seperti biasa fast respon klo ada bintang 7 tak kasih smp 7 utk pengiriman next day tagerang crb seperti kiriman standar ymp 2 hr,31,neutral,0.55,169,0.01775147928994083,0.1935483870967742,0.0,0.0,0.052824966596678756,0
p*****a,Sesuai pesanan,5,0,1741031184,sesuai pesanan,sesuai pesanan,2,positive,0.75,14,0.0,0.0,0.2,0.0,0.26,0
m.irman_adijawan,"Fitur Terbaik:brang bagus sesuai deskripsi,",5,0,1666273201,fitur terbaik brang bagus sesuai deskripsi,fitur terbaik brang bagus sesuai deskripsi,6,positive,0.75,42,0.0,0.0,0.0,0.0,0.0,0
zzzzaki,Fitur Terbaik:sangat bagus,5,0,1665046080,fitur terbaik sangat bagus,fitur terbaik sangat bagus,4,positive,0.75,26,0.0,0.0,0.0,0.0,0.0,0
uiisadiezt,"Makasih barang sudah sampai dan berfungsi ngengan baik..
..",5,0,1688929006,makasih barang sudah sampai dan berfungsi ngengan baik,makasih barang sudah sampai dan berfungsi ngengan baik,8,neutral,0.55,54,0.0,0.0,0.0,0.0,0.0,0
wahyuzius,,5,0,1609040102,,,1,neutral,0.55,0,0.0,0.0,0.0,0.0,0.6,1
y*****5,"Fitur Terbaik:baik
Sepadan dengan Harga:kualitas",5,0,1663568703,fitur terbaik baik sepadan dengan harga kualitas,fitur terbaik baik sepadan dengan harga kualitas,7,neutral,0.55,48,0.0,0.0,0.0,0.0,0.0,0
alvin_d17,Barang bagus dan sesuai,5,0,1707383075,barang bagus dan sesuai,barang bagus dan sesuai,4,positive,0.75,23,0.0,0.0,0.0,0.0,0.0,0
sandimahendra03,mantapp sangat puas,5,0,1752247342,mantapp sangat puas,mantapp sangat puas,3,positive,0.75,19,0.05263157894736842,0.0,0.0,0.0,0.013157894736842105,0
z*****5,,5,0,1699438733,,,1,neutral,0.55,0,0.0,0.0,0.0,0.0,0.6,1
g*****a,,5,0,1645600471,,,1,neutral,0.55,0,0.0,0.0,0.0,0.0,0.6,1
arjungendis,"Fitur Terbaik:A
Sepadan dengan Harga:A",5,0,1672309165,fitur terbaik a sepadan dengan harga a,fitur terbaik a sepadan dengan harga a,7,neutral,0.55,38,0.0,0.2857142857142857,0.0,0.0,0.07142857142857142,0
arjungendis,"Fitur Terbaik:B
Sepadan dengan Harga:ab",5,0,1672928744,fitur terbaik b sepadan dengan harga ab,fitur terbaik b sepadan dengan harga ab,7,neutral,0.55,39,0.0,0.0,0.0,0.0,0.0,0
m*****s,mantab... barang aman,5,0,1657857181,mantab barang aman,mantab barang aman,3,neutral,0.55,18,0.0,0.0,0.0,0.0,0.0,0
msyah11,Fungsi:berfungsi dengan baik,5,0,1749781610,fungsi berfungsi dengan baik,fungsi berfungsi dengan baik,4,neutral,0.55,28,0.0,0.0,0.0,0.0,0.0,0
dion1705,"Fitur Terbaik:mantap, berfungsi dengan baik",5,0,1678091678,fitur terbaik mantap berfungsi dengan baik,fitur terbaik mantap berfungsi dengan baik,6,positive,0.75,42,0.0,0.0,0.0,0.0,0.0,0
saendra,Fast respon 🙏,5,0,1686201440,fast respon,fast respon,2,neutral,0.55,11,0.0,0.0,0.0,0.0,0.2,0
naufalgroot,"Sepadan dengan Harga:Worth it.

10/10",5,0,1681982673,sepadan dengan harga worth it 10 10,sepadan dengan harga worth it 10 10,7,neutral,0.55,35,0.0,0.2857142857142857,0.0,0.0,0.07142857142857142,0
mattzee3,Fitur Terbaik:aman,5,0,1678474901,fitur terbaik aman,fitur terbaik aman,3,neutral,0.55,18,0.0,0.0,0.0,0.0,0.0,0
p*****a,Barang sesuai pesanan,5,0,1732113073,barang sesuai pesanan,barang sesuai pesanan,3,positive,0.75,21,0.0,0.0,0.4,0.0,0.12,0
foto_express,Keaslian:asli,5,0,1732765335,keaslian asli,keaslian asli,2,neutral,0.55,13,0.0,0.0,0.0,0.0,0.2,0
f*****a,"Fitur Terbaik:ok
Sepadan dengan Harga:ok

Bagus",5,0,1669705324,fitur terbaik ok sepadan dengan harga ok bagus,fitur terbaik ok sepadan dengan harga ok bagus,8,positive,0.75,46,0.0,0.25,0.0,0.0,0.0625,0
wibow04321,,5,0,1702044529,,,1,neutral,0.55,0,0.0,0.0,0.0,0.0,0.6,1
n*****p,Thanks seller paket sudah sampai lama baik semua tidak ada kerusakan bakal order terus dan bakal jadi langganan,5,0,1688216077,thanks seller paket sudah sampai lama baik semua tidak ada kerusakan bakal order terus dan bakal jadi langganan,thanks seller paket sudah sampai lama baik semua tidak ada kerusakan bakal order terus dan bakal jadi langganan,18,negative,0.75,111,0.018018018018018018,0.1111111111111111,0.0,1.0,0.2322822822822823,0
valericatur,Barang diterima kondisi baik. Namun blm dicoba.,5,0,1725968722,barang diterima kondisi baik namun blm dicoba,barang diterima kondisi baik namun blm dicoba,7,neutral,0.55,45,0.0,0.0,0.0,0.0,0.0,0
p*****a,barang sesuai pesanan,5,0,1705148235,barang sesuai pesanan,barang sesuai pesanan,3,positive,0.75,21,0.0,0.0,0.4,0.0,0.12,0
wellfrindosidari,Barang cepat sampe.. barang ok,5,0,1640414268,barang cepat sampe barang ok,barang cepat sampe barang ok,5,positive,0.75,28,0.0,0.4,0.0,0.0,0.1,0
rannnnnndi,"Fitur Terbaik:nice

barang sesuai pesanan, mantab",5,0,1670677430,fitur terbaik nice barang sesuai pesanan mantab,fitur terbaik nice barang sesuai pesanan mantab,7,positive,0.75,47,0.0,0.0,0.0,0.0,0.0,0
shafli22,"Fungsi:bekerja dengan sangat baik

Maaf baru bisa kasih review, barang sampai dan bekerja dengan selamat dan aman",5,0,1751094219,fungsi bekerja dengan sangat baik maaf baru bisa kasih review barang sampai dan bekerja dengan selamat dan aman,fungsi bekerja dengan sangat baik maaf baru bisa kasih review barang sampai dan bekerja dengan selamat dan aman,18,neutral,0.55,111,0.009009009009009009,0.3333333333333333,0.0,0.0,0.08558558558558559,0
noveil,barang berfungsi aman,5,0,1655351160,barang berfungsi aman,barang berfungsi aman,3,neutral,0.55,21,0.0,0.0,0.0,0.0,0.0,0
,"Barang bagus, fast respon",5,0,1671766983,barang bagus fast respon,barang bagus fast respon,4,positive,0.75,24,0.0,0.0,0.0,0.0,0.0,0
senju2342,Barang belum di coba,5,0,1711317729,barang belum di coba,barang belum di coba,4,neutral,0.55,20,0.0,0.0,0.0,0.0,0.0,0
warrsitoo,Sepadan dengan Harga:ok,5,0,1685605235,sepadan dengan harga ok,sepadan dengan harga ok,4,neutral,0.55,23,0.0,0.0,0.0,0.0,0.0,0
maldini21,barang rusak nge restart trus pc saran beli di official akun aja,1,4,1754955103,barang rusak nge restart trus pc saran beli di official akun aja,barang rusak nge restart trus pc saran beli di official akun aja,12,negative,0.75,64,0.015625,0.0,0.0,0.0,0.00390625,0
malikargopamungkas,Mantap,5,0,1751474749,mantap,mantap,1,positive,0.75,6,0.0,0.0,1.0,0.0,0.8999999999999999,1
mzy38w1cvp,Mantap barangnya 🙌🙌🙌,5,0,1597473244,mantap barangnya,mantap barangnya,2,positive,0.75,16,0.0,0.0,0.0,0.0,0.0,0
a*****v,"Mantap sudah di coba ramnya, semoga awet ram nya.. mantap mantap",5,0,1688645715,mantap sudah di coba ramnya semoga awet ram nya mantap mantap,mantap sudah di coba ramnya semoga awet ram nya mantap mantap,11,positive,0.75,61,0.0,0.2727272727272727,0.0,0.0,0.06818181818181818,0
,"Pemesanan kedua,barang mantul",5,0,1640261588,pemesanan kedua barang mantul,pemesanan kedua barang mantul,4,neutral,0.55,29,0.0,0.0,0.0,0.0,0.0,0
bargosubakti18,"Fungsi:blm dicoba karena blm drakit
Keaslian:masih segel
Fitur:blm dcoba",4,0,1722758301,fungsi blm dicoba karena blm drakit keaslian masih segel fitur blm dcoba,fungsi blm dicoba karena blm drakit keaslian masih segel fitur blm dcoba,12,neutral,0.55,72,0.0,0.25,0.0,0.0,0.0625,0
kangijar,"Fungsi:baik
Keaslian:original
Fitur:bagus

Baik dan lancar",5,0,1748879371,fungsi baik keaslian original fitur bagus baik dan lancar,fungsi baik keaslian original fitur bagus baik dan lancar,9,positive,0.75,57,0.0,0.2222222222222222,0.0,0.0,0.05555555555555555,0
l*****2,"Barang ok normal cuma ga keluar manufakturnya tapi ada no seri, tapi kurirnya spx sangatt gapunya etika gada info apapun barang sampai main di lempar ke halaman rumah!.",5,0,1751512732,barang ok normal cuma ga keluar manufakturnya tapi ada no seri tapi kurirnya spx sangatt gapunya etika gada info apapun barang sampai main di lempar ke halaman rumah,barang ok normal cuma ga keluar manufakturnya tapi ada no seri tapi kurirnya spx sangatt gapunya etika gada info apapun barang sampai main di lempar ke halaman rumah,28,neutral,0.55,165,0.006060606060606061,0.14285714285714285,0.0,0.0,0.03722943722943723,0
jauharfakhrin,Sepadan dengan Harga:sesuai,5,0,1683354301,sepadan dengan harga sesuai,sepadan dengan harga sesuai,4,positive,0.75,27,0.0,0.0,0.0,0.0,0.0,0
hardi0505,Belum test,4,0,1639974592,belum test,belum test,2,neutral,0.55,10,0.0,0.0,0.0,0.0,0.2,0
damarmulyopekalongan,"Sepadan dengan Harga:good

good",5,0,1702603570,sepadan dengan harga good good,sepadan dengan harga good good,5,neutral,0.55,30,0.06666666666666667,0.4,0.0,0.0,0.11666666666666667,0
d*****n,"Fungsi:Sesuai deskripsi
Keaslian:Kualitas original
Fitur:Bagus dan menarik

100%👍",5,0,1756380848,fungsi sesuai deskripsi keaslian kualitas original fitur bagus dan menarik 100,fungsi sesuai deskripsi keaslian kualitas original fitur bagus dan menarik 100,11,positive,0.75,78,0.01282051282051282,0.0,0.0,0.0,0.003205128205128205,0
dim123105,"Fungsi:lancar
Keaslian:ori
Fitur:berguna

Harga ok . Barang ok lancar jaya di komputer di cpuz bisa terbaca",5,0,1755173454,fungsi lancar keaslian ori fitur berguna harga ok barang ok lancar jaya di komputer di cpuz bisa terbaca,fungsi lancar keaslian ori fitur berguna harga ok barang ok lancar jaya di komputer di cpuz bisa terbaca,18,neutral,0.55,104,0.0,0.3333333333333333,0.0,0.0,0.08333333333333333,0
prmprim75,"Fitur Terbaik:barang ori.oke

Bagus new working.",5,0,1665127488,fitur terbaik barang ori oke bagus new working,fitur terbaik barang ori oke bagus new working,8,positive,0.75,46,0.0,0.0,0.0,0.0,0.0,0
utryy12,"Fitur Terbaik:Ori
Sepadan dengan Harga:mantap",5,0,1659506968,fitur terbaik ori sepadan dengan harga mantap,fitur terbaik ori sepadan dengan harga mantap,7,positive,0.75,45,0.0,0.0,0.0,0.0,0.0,0
n*****t,Pengiriman cepat dan sampai dengan selamat.,5,0,1686554274,pengiriman cepat dan sampai dengan selamat,pengiriman cepat dan sampai dengan selamat,6,positive,0.75,42,0.0,0.0,0.0,0.0,0.0,0
d*****i,"Fungsi:baik
Keaslian:asli
Fitur:bagus

Sudah sampai dan sudah terpasang. Berfungsi dengan baik",5,0,1760602565,fungsi baik keaslian asli fitur bagus sudah sampai dan sudah terpasang berfungsi dengan baik,fungsi baik keaslian asli fitur bagus sudah sampai dan sudah terpasang berfungsi dengan baik,14,positive,0.75,92,0.0,0.2857142857142857,0.0,0.0,0.07142857142857142,0
danangstris,Barangnya sudah dikirim dan sampai beberapa hari yang lalu.....,5,0,1688328897,barangnya sudah dikirim dan sampai beberapa hari yang lalu,barangnya sudah dikirim dan sampai beberapa hari yang lalu,9,neutral,0.55,58,0.0,0.0,0.0,0.0,0.0,0
a*****2,"Fungsi:berfungsi dengan baik, semoga awet",5,0,1755193951,fungsi berfungsi dengan baik semoga awet,fungsi berfungsi dengan baik semoga awet,6,neutral,0.55,40,0.0,0.0,0.0,0.0,0.0,0
s*****.,Heatsinknya kebalik wkwk,5,0,1680773287,heatsinknya kebalik wkwk,heatsinknya kebalik wkwk,3,neutral,0.55,24,0.0,0.0,0.0,0.0,0.0,0
anam_camilan,Barangnya bagus,5,0,1617961944,barangnya bagus,barangnya bagus,2,positive,0.75,15,0.0,0.0,0.0,0.0,0.2,0
suaolshop,Baik barang berjalan normal,5,0,1671687908,baik barang berjalan normal,baik barang berjalan normal,4,neutral,0.55,27,0.0,0.0,0.0,0.0,0.0,0
kyo_zein,"Fungsi:mantap
Keaslian:ori
Fitur:bagus",5,0,1726983046,fungsi mantap keaslian ori fitur bagus,fungsi mantap keaslian ori fitur bagus,6,positive,0.75,38,0.0,0.0,0.0,0.0,0.0,0
r*****y,"Sepadan dengan Harga:harga murah kualitas terbaik
Fitur Terbaik:sangat bagus",5,0,1677074249,sepadan dengan harga harga murah kualitas terbaik fitur terbaik sangat bagus,sepadan dengan harga harga murah kualitas terbaik fitur terbaik sangat bagus,11,positive,0.75,76,0.0,0.36363636363636365,0.0,0.0,0.09090909090909091,0
f*****b,,5,0,1756100064,,,1,neutral,0.55,0,0.0,0.0,0.0,0.0,0.6,1
fadhiel.mimi,"Sudah di tes, work, moga awet",5,0,1750242775,sudah di tes work moga awet,sudah di tes work moga awet,6,neutral,0.55,27,0.0,0.0,0.0,0.0,0.0,0
shopat1708,,4,0,1688340705,,,1,neutral,0.55,0,0.0,0.0,0.0,0.0,0.6,1
fadli4202,"Fungsi:baik
Keaslian:asli sesuai
Fitur:cocok buat PC",5,0,1750565978,fungsi baik keaslian asli sesuai fitur cocok buat pc,fungsi baik keaslian asli sesuai fitur cocok buat pc,9,positive,0.75,52,0.0,0.0,0.0,0.0,0.0,0
juantuandali,,4,0,1697254681,,,1,neutral,0.55,0,0.0,0.0,0.0,0.0,0.6,1
athoriqgrafika,mantap cuma jasa kirim yanv lama,5,0,1748004395,mantap cuma jasa kirim yanv lama,mantap cuma jasa kirim yanv lama,6,neutral,0.55,32,0.0,0.0,0.0,0.0,0.0,0
alfarik_rizki,"Sepadan dengan Harga:sepadan
Fitur Terbaik:lumayan",4,0,1706773598,sepadan dengan harga sepadan fitur terbaik lumayan,sepadan dengan harga sepadan fitur terbaik lumayan,7,neutral,0.55,50,0.0,0.2857142857142857,0.0,0.0,0.07142857142857142,0
harrysynth22,"Fungsi:Berfungsi dngn baik
Keaslian:Ori
Fitur:baguss",5,0,1755352313,fungsi berfungsi dngn baik keaslian ori fitur baguss,fungsi berfungsi dngn baik keaslian ori fitur baguss,8,neutral,0.55,52,0.019230769230769232,0.0,0.0,0.0,0.004807692307692308,0
hrc77,deskripsi 2666MHz tpi ini 2130MHz,2,1,1744691187,deskripsi 2666mhz tpi ini 2130mhz,deskripsi 2666mhz tpi ini 2130mhz,5,neutral,0.55,33,0.06060606060606061,0.0,0.0,0.0,0.015151515151515152,0
niko.stwn,"Awal beli dram manufakturnya terbaca, pas beli yg kedua kali tidak terdeteksi dram manufakturnya.",4,0,1692088592,awal beli dram manufakturnya terbaca pas beli yg kedua kali tidak terdeteksi dram manufakturnya,awal beli dram manufakturnya terbaca pas beli yg kedua kali tidak terdeteksi dram manufakturnya,14,negative,0.75,95,0.0,0.42857142857142855,0.0,1.0,0.30714285714285716,0
heavenbays,Makasih barang pas,5,0,1737129111,makasih barang pas,makasih barang pas,3,neutral,0.55,18,0.0,0.0,0.0,0.0,0.0,0
raihanfir1,BARANG SESUAI DESKRIPSI DAN FAST RESPON,5,0,1720538037,barang sesuai deskripsi dan fast respon,barang sesuai deskripsi dan fast respon,6,positive,0.75,39,0.0,0.0,0.0,0.0,0.0,0
gdzz8z2y4c,Ori terpercaya,5,0,1676087026,ori terpercaya,ori terpercaya,2,neutral,0.55,14,0.0,0.0,0.0,0.0,0.2,0
w*****k,Pesanan sesuai deskripsi,5,0,1755067356,pesanan sesuai deskripsi,pesanan sesuai deskripsi,3,positive,0.75,24,0.0,0.0,0.0,0.0,0.0,0
s*****a,"Fungsi:ok
Keaslian:ok
Fitur:ok

Semoga awet...dan sesuai deskripsi garansinya...",4,0,1736343539,fungsi ok keaslian ok fitur ok semoga awet dan sesuai deskripsi garansinya,fungsi ok keaslian ok fitur ok semoga awet dan sesuai deskripsi garansinya,12,positive,0.75,74,0.0,0.25,0.0,0.0,0.0625,0
imron0831,Sudah dicek aman dan sesuai spesifikasi,4,0,1703518562,sudah dicek aman dan sesuai spesifikasi,sudah dicek aman dan sesuai spesifikasi,6,positive,0.75,39,0.0,0.0,0.0,0.0,0.0,0
hikari_kagami,Barang sampai dengan aman,5,0,1665124411,barang sampai dengan aman,barang sampai dengan aman,4,neutral,0.55,25,0.0,0.0,0.0,0.0,0.0,0
e*****n,"Oknum JnT gak bisa baca...!
Alamat bandarlampung kok di kirim ke balikpapan... 
Kalau ada penilaian minus... gw kasih nilai ""MINUS ⭐️ 10""
#CATET!",4,0,1690529175,oknum jnt gak bisa baca alamat bandarlampung kok di kirim ke balikpapan kalau ada penilaian minus gw kasih nilai minus 10 catet,oknum jnt gak bisa baca alamat bandarlampung kok di kirim ke balikpapan kalau ada penilaian minus gw kasih nilai minus 10 catet,22,neutral,0.55,127,0.0,0.09090909090909091,0.0,0.0,0.022727272727272728,0
lupabernapas,Good totally work,3,0,1707958400,good totally work,good totally work,3,neutral,0.55,17,0.11764705882352941,0.0,0.0,0.0,0.029411764705882353,0
irfandarmawan14,Berfungsi dengan baik,5,0,1756961773,berfungsi dengan baik,berfungsi dengan baik,3,neutral,0.55,21,0.0,0.0,0.2,0.0,0.06,0
zaki.fikri,Belum di coba,4,0,1683014763,belum di coba,belum di coba,3,neutral,0.55,13,0.0,0.0,0.2,0.0,0.26,0
zhaanitrinity,"Belum d coba, nunggu komponen lengkap",4,0,1637062430,belum d coba nunggu komponen lengkap,belum d coba nunggu komponen lengkap,6,neutral,0.55,36,0.027777777777777776,0.0,0.0,0.0,0.006944444444444444,0
q*****7,"Belum saya buka, semoga bagus",4,0,1686294464,belum saya buka semoga bagus,belum saya buka semoga bagus,5,positive,0.75,28,0.0,0.0,0.0,0.0,0.0,0
atararazhka,"Fungsi:blm di passng
Keaslian:asli
Fitur:ok",5,0,1755127154,fungsi blm di passng keaslian asli fitur ok,fungsi blm di passng keaslian asli fitur ok,8,neutral,0.55,43,0.023255813953488372,0.0,0.0,0.0,0.005813953488372093,0
asmarabaim,Bagus,4,0,1648582959,bagus,bagus,1,positive,0.75,5,0.0,0.0,0.4,0.0,0.72,1
personalizer,Ok,4,0,1681391530,ok,ok,1,neutral,0.55,2,0.0,0.0,0.4,0.0,0.72,1
kunta4_,KURIRNYA KENAPA HARUS ANTERAJA LAMA TAU NUNGGUNYA 3 HARI YA AMPUN,1,0,1753854217,kurirnya kenapa harus anteraja lama tau nunggunya 3 hari ya ampun,kurirnya kenapa harus anteraja lama tau nunggunya 3 hari ya ampun,11,negative,0.75,65,0.015384615384615385,0.0,0.0,0.0,0.0038461538461538464,0
m*****2,Kurang bagus,3,0,1734886032,kurang bagus,kurang bagus,2,neutral,0.55,12,0.0,0.0,0.0,0.0,0.2,0
reynaldi1808,"Fungsi:berjalan dengan normal
Fitur:bagus",4,0,1728810806,fungsi berjalan dengan normal fitur bagus,fungsi berjalan dengan normal fitur bagus,6,positive,0.75,41,0.0,0.0,0.0,0.0,0.0,0
ahmads8804,Belum di coba semoga awet,4,0,1601776120,belum di coba semoga awet,belum di coba semoga awet,5,neutral,0.55,25,0.0,0.0,0.0,0.0,0.0,0
saffaolshop1,Sepadan dengan Harga:ok banget,4,0,1683961411,sepadan dengan harga ok banget,sepadan dengan harga ok banget,5,neutral,0.55,30,0.0,0.0,0.0,0.0,0.0,0
raoracka,Mobo sya langsung mati,2,0,1733012478,mobo sya langsung mati,mobo sya langsung mati,4,neutral,0.55,22,0.0,0.0,0.0,0.0,0.0,0
fitrasya,RAM terindikasi kw,3,0,1685582375,ram terindikasi kw,ram terindikasi kw,3,neutral,0.55,18,0.0,0.0,0.0,0.0,0.0,0
novall_2,Barang palsu,1,1,1754955113,barang palsu,barang palsu,2,neutral,0.55,12,0.0,0.0,0.0,0.0,0.2,0
bnoscctv,MªªªªñÑñ†††ªªªªªPP. SurªªªªñÑñ†††ªªªªªP seller jooos,5,0,1629550487,m pp sur p seller jooos,m pp sur p seller jooos,6,neutral,0.55,23,0.17391304347826086,0.0,0.0,0.0,0.043478260869565216,0
tokoalesha20,"Fungsi:belum dicoba krn masih menunggu part yg lain
Keaslian:asli
Fitur:bagus dan menarik

* Respon penjual cepat👍👍
* Barang sesuai pesanan👍👍
* Kemasan bagus dan rapi👍👍
* Tokonya sangat amanah 👍👍
* Sangat memuaskan berbelanja di toko ini👍👍
* Rekomended banget 👍👍",5,0,1755935059,fungsi belum dicoba krn masih menunggu part yg lain keaslian asli fitur bagus dan menarik respon penjual cepat barang sesuai pesanan kemasan bagus dan rapi tokonya sangat amanah sangat memuaskan berbelanja di toko ini rekomended banget,fungsi belum dicoba krn masih menunggu part yg lain keaslian asli fitur bagus dan menarik respon penjual cepat barang sesuai pesanan kemasan bagus dan rapi tokonya sangat amanah sangat memuaskan berbelanja di toko ini rekomended banget,36,positive,0.75,235,0.00425531914893617,0.16666666666666666,0.0,0.0,0.04273049645390071,0
daffa_adzka1,"Fungsi:so far so good
Keaslian:Terjamin dan ada di cpu z
Fitur:bagus

Semoga awet, dan berkah buat admin, terima kasih min",5,0,1755959171,fungsi so far so good keaslian terjamin dan ada di cpu z fitur bagus semoga awet dan berkah buat admin terima kasih min,fungsi so far so good keaslian terjamin dan ada di cpu z fitur bagus semoga awet dan berkah buat admin terima kasih min,23,positive,0.75,119,0.008403361344537815,0.17391304347826086,0.0,0.0,0.04557910120569967,0
l*****b,"Fungsi:berfungsi baik
Keaslian:original
Fitur:bagus",5,0,1763871120,fungsi berfungsi baik keaslian original fitur bagus,fungsi berfungsi baik keaslian original fitur bagus,7,positive,0.75,51,0.0,0.0,0.0,0.0,0.0,0
davidocl,"Fungsi:berfungsi dengan baik
Keaslian:oke
Fitur:top

Terlalu lama pengirimannya",5,0,1755353916,fungsi berfungsi dengan baik keaslian oke fitur top terlalu lama pengirimannya,fungsi berfungsi dengan baik keaslian oke fitur top terlalu lama pengirimannya,11,negative,0.75,78,0.01282051282051282,0.0,0.0,1.0,0.2032051282051282,0
ashblossom8,"Fungsi:untuk PC
Fitur:baik
Keaslian:mungkin asli

Barang datang dengan baik, cmn entah kenapa agak beda desain dan kata-kata di body ram nya padahal sama merk nya sama yng ak beli sebelumnya (ram nya bagian kanan)",5,0,1744976456,fungsi untuk pc fitur baik keaslian mungkin asli barang datang dengan baik cmn entah kenapa agak beda desain dan kata kata di body ram nya padahal sama merk nya sama yng ak beli sebelumnya ram nya bagian kanan,fungsi untuk pc fitur baik keaslian mungkin asli barang datang dengan baik cmn entah kenapa agak beda desain dan kata kata di body ram nya padahal sama merk nya sama yng ak beli sebelumnya ram nya bagian kanan,38,neutral,0.55,209,0.0,0.2894736842105263,0.0,0.0,0.07236842105263158,0
jontor_8,"Fungsi:belum dicoba
Fitur:bagus
Keaslian:belum dicoba semoga original

Barang datang dgn selamat, belum dicoba semoga berfungsi dgn baik",5,0,1744984136,fungsi belum dicoba fitur bagus keaslian belum dicoba semoga original barang datang dgn selamat belum dicoba semoga berfungsi dgn baik,fungsi belum dicoba fitur bagus keaslian belum dicoba semoga original barang datang dgn selamat belum dicoba semoga berfungsi dgn baik,20,positive,0.75,134,0.0,0.5,0.0,0.0,0.125,0
cholil.r,"Semoga awet.
Ragu ori apa nggak.
Kayak nya sih kw.
Kebetulan punya yg ori emang agak beda.
Dram manufactured nya gak kedetect 
Spd nya juga gak ke detect.
Kalo yg ori kedetect smua",2,3,1764838065,semoga awet ragu ori apa nggak kayak nya sih kw kebetulan punya yg ori emang agak beda dram manufactured nya gak kedetect spd nya juga gak ke detect kalo yg ori kedetect smua,semoga awet ragu ori apa nggak kayak nya sih kw kebetulan punya yg ori emang agak beda dram manufactured nya gak kedetect spd nya juga gak ke detect kalo yg ori kedetect smua,33,neutral,0.55,174,0.005747126436781609,0.36363636363636365,0.0,0.0,0.09234587251828631,0
gilangmaxpro,"Fungsi:bekerja dengan baik sesuai dengan deskripsi
Keaslian:kualitas original
Fitur:bagus dan berguna

Pengiriman cepat dan langsung bisa dipakai mantap lah pokoknya",5,0,1716537165,fungsi bekerja dengan baik sesuai dengan deskripsi keaslian kualitas original fitur bagus dan berguna pengiriman cepat dan langsung bisa dipakai mantap lah pokoknya,fungsi bekerja dengan baik sesuai dengan deskripsi keaslian kualitas original fitur bagus dan berguna pengiriman cepat dan langsung bisa dipakai mantap lah pokoknya,23,positive,0.75,164,0.0,0.17391304347826086,0.0,0.0,0.043478260869565216,0
a*****s,"Fitur Terbaik:Ddr4 8gb
Sepadan dengan Harga:Sepadan

Setelah dipakai lebih dari 1 bulan untuk multitasking masih sangat mumpuni, spek juga sesuai deskripsi
Semoga awet pake banget lah ya
Terima kasih seller & kurir",5,0,1706348045,fitur terbaik ddr4 8gb sepadan dengan harga sepadan setelah dipakai lebih dari 1 bulan untuk multitasking masih sangat mumpuni spek juga sesuai deskripsi semoga awet pake banget lah ya terima kasih seller kurir,fitur terbaik ddr4 8gb sepadan dengan harga sepadan setelah dipakai lebih dari 1 bulan untuk multitasking masih sangat mumpuni spek juga sesuai deskripsi semoga awet pake banget lah ya terima kasih seller kurir,33,positive,0.75,210,0.009523809523809525,0.06060606060606061,0.0,0.0,0.01753246753246753,0
arismad,"Pas saya buka mika ram td headsink ny lepas sndri ka. Saya pasang lg bisa
Untung segel ny engk rusak
Terima kasih",5,0,1695800782,pas saya buka mika ram td headsink ny lepas sndri ka saya pasang lg bisa untung segel ny engk rusak terima kasih,pas saya buka mika ram td headsink ny lepas sndri ka saya pasang lg bisa untung segel ny engk rusak terima kasih,22,negative,0.75,112,0.0,0.18181818181818182,0.0,1.0,0.24545454545454548,0
m*****0,"Sepadan dengan Harga:sepadan dengan harga
Fitur Terbaik:baik

Paketnya sudah sampai dengan selamat gan, terima kasih. Barang oke, semuanya aman gak ada cacat sama sekali. Pengemasan tebel bubblewrap… next bakal order yang lain lagi.",5,0,1700487875,sepadan dengan harga sepadan dengan harga fitur terbaik baik paketnya sudah sampai dengan selamat gan terima kasih barang oke semuanya aman gak ada cacat sama sekali pengemasan tebel bubblewrap next bakal order yang lain lagi,sepadan dengan harga sepadan dengan harga fitur terbaik baik paketnya sudah sampai dengan selamat gan terima kasih barang oke semuanya aman gak ada cacat sama sekali pengemasan tebel bubblewrap next bakal order yang lain lagi,35,neutral,0.55,225,0.0044444444444444444,0.2,0.0,0.0,0.051111111111111114,0
m*****o,"Beliin buat anak jd gk tau mau nulis review apa 
Yg psti pengemasan cepet",5,0,1700647675,beliin buat anak jd gk tau mau nulis review apa yg psti pengemasan cepet,beliin buat anak jd gk tau mau nulis review apa yg psti pengemasan cepet,14,neutral,0.55,72,0.013888888888888888,0.0,0.0,0.0,0.003472222222222222,0
tommyrukmantara,Berfungsi dgn baik ....pengiriman nya luar biasa cepat...trima kasih,5,0,1686973861,berfungsi dgn baik pengiriman nya luar biasa cepat trima kasih,berfungsi dgn baik pengiriman nya luar biasa cepat trima kasih,10,positive,0.75,62,0.0,0.0,0.0,0.0,0.0,0
r*****3,"Fitur Terbaik:produsen fast respon
Sepadan dengan Harga:kualitas terbaik

Ram sampai dengan selamat, ga rugi deh beli disini",5,0,1693969130,fitur terbaik produsen fast respon sepadan dengan harga kualitas terbaik ram sampai dengan selamat ga rugi deh beli disini,fitur terbaik produsen fast respon sepadan dengan harga kualitas terbaik ram sampai dengan selamat ga rugi deh beli disini,19,neutral,0.55,122,0.0,0.21052631578947367,0.0,0.0,0.05263157894736842,0
ivansajidin,"Keren,,pesanan sampai dgn selamat tanpa kurang.
Sellernya ramah & responsif,, tiba² udah sampe depan rumah aja 😃👍👍👍
Thank you ya,, next time pasti order disini lg 😁
Akhirnya punya pc ganteng jg wkwkwk",5,0,1695986655,keren pesanan sampai dgn selamat tanpa kurang sellernya ramah responsif tiba udah sampe depan rumah aja thank you ya next time pasti order disini lg akhirnya punya pc ganteng jg wkwkwk,keren pesanan sampai dgn selamat tanpa kurang sellernya ramah responsif tiba udah sampe depan rumah aja thank you ya next time pasti order disini lg akhirnya punya pc ganteng jg wkwkwk,31,neutral,0.55,184,0.005434782608695652,0.0,0.0,0.0,0.001358695652173913,0
b*****h,"Fitur Terbaik:baik tampilan ok
Sepadan dengan Harga:oke lah

Sudah di cobak terpasang dengan pas mantap, udah sering belanja di toko ini lurr",5,0,1700870470,fitur terbaik baik tampilan ok sepadan dengan harga oke lah sudah di cobak terpasang dengan pas mantap udah sering belanja di toko ini lurr,fitur terbaik baik tampilan ok sepadan dengan harga oke lah sudah di cobak terpasang dengan pas mantap udah sering belanja di toko ini lurr,24,positive,0.75,139,0.007194244604316547,0.16666666666666666,0.0,0.0,0.043465227817745804,0
h*****a,"Fitur Terbaik:terbaik
Sepadan dengan Harga:harga ramah dikantong

Jangan ragu2 beli di toko ini,produk nya bagus dan sesuai...top dah",5,0,1712248556,fitur terbaik terbaik sepadan dengan harga harga ramah dikantong jangan ragu2 beli di toko ini produk nya bagus dan sesuai top dah,fitur terbaik terbaik sepadan dengan harga harga ramah dikantong jangan ragu2 beli di toko ini produk nya bagus dan sesuai top dah,22,positive,0.75,130,0.0,0.18181818181818182,0.0,0.0,0.045454545454545456,0
d*****_,"Fitur Terbaik:Original
Sepadan dengan Harga:Worth to buy

Bagus bgt barang original terpercayaaaa next beli lg sorry gaada video unboxing karna langsung dipasang ram nya eheheheh 🤘",5,0,1712580002,fitur terbaik original sepadan dengan harga worth to buy bagus bgt barang original terpercayaaaa next beli lg sorry gaada video unboxing karna langsung dipasang ram nya eheheheh,fitur terbaik original sepadan dengan harga worth to buy bagus bgt barang original terpercayaaaa next beli lg sorry gaada video unboxing karna langsung dipasang ram nya eheheheh,27,positive,0.75,177,0.02824858757062147,0.07407407407407407,0.0,0.0,0.025580665411173886,0
mira_habsy88,"Fungsi:belum di coba
Keaslian:ok
Fitur:belum di coba",5,0,1716546910,fungsi belum di coba keaslian ok fitur belum di coba,fungsi belum di coba keaslian ok fitur belum di coba,10,neutral,0.55,52,0.0,0.6,0.0,0.0,0.15,0
alberthwibowo,"Fitur Terbaik:Sangat bagus untuk harga murah
Sepadan dengan Harga:mantap deh

Ramnya bagus udah dicoba harus beli 2 keping biar maksimal",5,0,1712795823,fitur terbaik sangat bagus untuk harga murah sepadan dengan harga mantap deh ramnya bagus udah dicoba harus beli 2 keping biar maksimal,fitur terbaik sangat bagus untuk harga murah sepadan dengan harga mantap deh ramnya bagus udah dicoba harus beli 2 keping biar maksimal,22,positive,0.75,135,0.0,0.18181818181818182,0.0,0.0,0.045454545454545456,0
rf_30_2020,"Sepadan dengan Harga:Sepadan
Fitur Terbaik:sesuai deskripsi

Barang Bagus",5,0,1699774383,sepadan dengan harga sepadan fitur terbaik sesuai deskripsi barang bagus,sepadan dengan harga sepadan fitur terbaik sesuai deskripsi barang bagus,10,positive,0.75,72,0.0,0.2,0.0,0.0,0.05,0
evanahmadalfarisi,Barang sudah sampai kurir amanah seller ramah semoga bisa bekerjasama lagi di ke depannya sukses terus semuanya,5,0,1699680702,barang sudah sampai kurir amanah seller ramah semoga bisa bekerjasama lagi di ke depannya sukses terus semuanya,barang sudah sampai kurir amanah seller ramah semoga bisa bekerjasama lagi di ke depannya sukses terus semuanya,17,neutral,0.55,111,0.018018018018018018,0.0,0.0,0.0,0.0045045045045045045,0
a*****m,"Barang sudah dicoba, mantap berfungsi dengan baik. Terima kasih",5,0,1694252716,barang sudah dicoba mantap berfungsi dengan baik terima kasih,barang sudah dicoba mantap berfungsi dengan baik terima kasih,9,positive,0.75,61,0.0,0.0,0.0,0.0,0.0,0
fathirengineer77,"Fitur Terbaik:Berfungsi, DDR4

Barang baru dan bagus🔥",5,0,1705230353,fitur terbaik berfungsi ddr4 barang baru dan bagus,fitur terbaik berfungsi ddr4 barang baru dan bagus,8,positive,0.75,50,0.02,0.0,0.0,0.0,0.005,0
andiusman0960,"Fungsi:belum di coba
Keaslian:original
Fitur:bagus packingan tebal

Belum di coba,, packing aman tebal",5,0,1727418791,fungsi belum di coba keaslian original fitur bagus packingan tebal belum di coba packing aman tebal,fungsi belum di coba keaslian original fitur bagus packingan tebal belum di coba packing aman tebal,16,positive,0.75,99,0.0,0.5,0.0,0.0,0.125,0
cw59ff6irw,Paket sudah diterima dengan selamat.sesuai dengan pesanan.semoga awet.terima kasih banyak.,5,0,1688197314,paket sudah diterima dengan selamat sesuai dengan pesanan semoga awet terima kasih banyak,paket sudah diterima dengan selamat sesuai dengan pesanan semoga awet terima kasih banyak,13,positive,0.75,89,0.0,0.15384615384615385,0.0,0.0,0.038461538461538464,0
r*****g,"Fungsi:ok
Keaslian:ok
Fitur:ok",5,0,1765761611,fungsi ok keaslian ok fitur ok,fungsi ok keaslian ok fitur ok,6,neutral,0.55,30,0.0,0.5,0.0,0.0,0.125,0
r*****a,,5,0,1763955591,,,1,neutral,0.55,0,0.0,0.0,0.0,0.0,0.6,1
mfikri1605,"Fungsi:mantap
Keaslian:ori",5,0,1755305122,fungsi mantap keaslian ori,fungsi mantap keaslian ori,4,positive,0.75,26,0.0,0.0,0.0,0.0,0.0,0
lqmn1e,,5,0,1756464256,,,1,neutral,0.55,0,0.0,0.0,0.0,0.0,0.6,1
f*****l,,5,0,1765417492,,,1,neutral,0.55,0,0.0,0.0,0.0,0.0,0.6,1
j*****d,"Belum di coba, semoga bagus",5,0,1751714339,belum di coba semoga bagus,belum di coba semoga bagus,5,positive,0.75,26,0.0,0.0,0.0,0.0,0.0,0
i*****o,,5,0,1751539610,,,1,neutral,0.55,0,0.0,0.0,0.0,0.0,0.6,1
dipshit999,,5,0,1751429190,,,1,neutral,0.55,0,0.0,0.0,0.0,0.0,0.6,1
iqbalmufadlil,Fungsi:bekerja dengan baik,5,0,1745296193,fungsi bekerja dengan baik,fungsi bekerja dengan baik,4,neutral,0.55,26,0.0,0.0,0.0,0.0,0.0,0
masedwinservis,subscribe channel Mas Edwin Servis,5,0,1745778658,subscribe channel mas edwin servis,subscribe channel mas edwin servis,5,neutral,0.55,34,0.029411764705882353,0.0,0.0,0.0,0.007352941176470588,0
ifannfaizin,,5,0,1745633354,,,1,neutral,0.55,0,0.0,0.0,0.0,0.0,0.6,1
a*****8,,5,0,1745737836,,,1,neutral,0.55,0,0.0,0.0,0.0,0.0,0.6,1
a*****a,Oke...,5,0,1744353689,oke,oke,1,neutral,0.55,3,0.0,0.0,0.4,0.0,0.72,1
brianxerxes,Fungsi:ok,5,0,1745492525,fungsi ok,fungsi ok,2,neutral,0.55,9,0.0,0.0,0.0,0.0,0.2,0
bhakticp,Mantaappp... 👍🏻,5,0,1744544788,mantaappp,mantaappp,1,neutral,0.55,9,0.3333333333333333,0.0,0.0,0.0,0.2833333333333333,0
watermilk76,,4,0,1744791007,,,1,neutral,0.55,0,0.0,0.0,0.0,0.0,0.6,1
ultimate_indra13,"berfungsi dengam baik, terimakasih.
semoga awet",5,0,1711460725,berfungsi dengam baik terimakasih semoga awet,berfungsi dengam baik terimakasih semoga awet,6,neutral,0.55,45,0.0,0.0,0.0,0.0,0.0,0
riaapriliana15,,5,0,1738315446,,,1,neutral,0.55,0,0.0,0.0,0.0,0.0,0.6,1
enalhost44,,5,0,1714388008,,,1,neutral,0.55,0,0.0,0.0,0.0,0.0,0.6,1
fujiwaramashu,Belum dicoba moga aja berfungsi,5,0,1719912649,belum dicoba moga aja berfungsi,belum dicoba moga aja berfungsi,5,neutral,0.55,31,0.0,0.0,0.0,0.0,0.0,0
l*****e,Belum dicoba,5,0,1688738989,belum dicoba,belum dicoba,2,neutral,0.55,12,0.0,0.0,0.2,0.0,0.26,0
n*****z,,5,0,1674696408,,,1,neutral,0.55,0,0.0,0.0,0.0,0.0,0.6,1
danangstris,,5,0,1688155996,,,1,neutral,0.55,0,0.0,0.0,0.0,0.0,0.6,1
n*****p,,5,0,1663657909,,,1,neutral,0.55,0,0.0,0.0,0.0,0.0,0.6,1
bolokenari,,5,0,1638508165,,,1,neutral,0.55,0,0.0,0.0,0.0,0.0,0.6,1
n*****z,,5,0,1674696408,,,1,neutral,0.55,0,0.0,0.0,0.0,0.0,0.6,1
mar_toserba,,5,0,1688671995,,,1,neutral,0.55,0,0.0,0.0,0.0,0.0,0.6,1
r*****i,,5,0,1605427574,,,1,neutral,0.55,0,0.0,0.0,0.0,0.0,0.6,1
danangstris,,5,0,1688155996,,,1,neutral,0.55,0,0.0,0.0,0.0,0.0,0.6,1
d*****5,,5,0,1688866835,,,1,neutral,0.55,0,0.0,0.0,0.0,0.0,0.6,1
a*****.,,5,0,1688436445,,,1,neutral,0.55,0,0.0,0.0,0.0,0.0,0.6,1
peres005,"Sepadan dengan Harga:mantap

Semoga awet barangnya",5,0,1695889007,sepadan dengan harga mantap semoga awet barangnya,sepadan dengan harga mantap semoga awet barangnya,7,positive,0.75,49,0.0,0.0,0.0,0.0,0.0,0
d*****4,Berbeda dengan yang sebelumnya but overall worth it,5,0,1696742812,berbeda dengan yang sebelumnya but overall worth it,berbeda dengan yang sebelumnya but overall worth it,8,neutral,0.55,51,0.0196078431372549,0.0,0.0,0.0,0.004901960784313725,0
,"Fitur Terbaik:Meningkatan Performa PC
Sepadan dengan Harga:Ya",5,0,1700052501,fitur terbaik meningkatan performa pc sepadan dengan harga ya,fitur terbaik meningkatan performa pc sepadan dengan harga ya,9,neutral,0.55,61,0.0,0.0,0.0,0.0,0.0,0
ren_ruchyan,"Sepadan dengan Harga:✅
Fitur Terbaik:✅

Berfungsi dengan baik.
Thanks",5,0,1686832648,sepadan dengan harga fitur terbaik berfungsi dengan baik thanks,sepadan dengan harga fitur terbaik berfungsi dengan baik thanks,9,neutral,0.55,63,0.0,0.2222222222222222,0.0,0.0,0.05555555555555555,0
teknikalfin,Mantap berpungsi baik,5,0,1699692953,mantap berpungsi baik,mantap berpungsi baik,3,positive,0.75,21,0.0,0.0,0.0,0.0,0.0,0
markun9999,Brang sudah sampe semoga awet,5,0,1698849519,brang sudah sampe semoga awet,brang sudah sampe semoga awet,5,neutral,0.55,29,0.0,0.0,0.0,0.0,0.0,0
rhuell.io,,5,0,1737101393,,,1,neutral,0.55,0,0.0,0.0,0.0,0.0,0.6,1
gimi.hijab,,5,0,1711121641,,,1,neutral,0.55,0,0.0,0.0,0.0,0.0,0.6,1
m*****z,,5,0,1712390128,,,1,neutral,0.55,0,0.0,0.0,0.0,0.0,0.6,1
sitisolehadanel,,5,0,1704732152,,,1,neutral,0.55,0,0.0,0.0,0.0,0.0,0.6,1
klisesocawindi,,5,0,1704686773,,,1,neutral,0.55,0,0.0,0.0,0.0,0.0,0.6,1
redvelved_17,,5,0,1705232811,,,1,neutral,0.55,0,0.0,0.0,0.0,0.0,0.6,1
envy16,,5,0,1707142060,,,1,neutral,0.55,0,0.0,0.0,0.0,0.0,0.6,1
porx3m,,5,0,1706289926,,,1,neutral,0.55,0,0.0,0.0,0.0,0.0,0.6,1
rycomp,,5,0,1708678892,,,1,neutral,0.55,0,0.0,0.0,0.0,0.0,0.6,1
porx3m,,5,0,1709289869,,,1,neutral,0.55,0,0.0,0.0,0.0,0.0,0.6,1
m*****z,,5,0,1714170727,,,1,neutral,0.55,0,0.0,0.0,0.0,0.0,0.6,1
rycomp,,5,0,1714991341,,,1,neutral,0.55,0,0.0,0.0,0.0,0.0,0.6,1
d*****8,,5,0,1719798188,,,1,neutral,0.55,0,0.0,0.0,0.0,0.0,0.6,1
novanputrag,,5,0,1719566937,,,1,neutral,0.55,0,0.0,0.0,0.0,0.0,0.6,1
z*****7,,5,0,1736769793,,,1,neutral,0.55,0,0.0,0.0,0.0,0.0,0.6,1
jastip_grafika,,5,0,1720490444,,,1,neutral,0.55,0,0.0,0.0,0.0,0.0,0.6,1
viavy24,,5,0,1705401237,,,1,neutral,0.55,0,0.0,0.0,0.0,0.0,0.6,1
jihanstore77,,5,0,1707563545,,,1,neutral,0.55,0,0.0,0.0,0.0,0.0,0.6,1
fikri010,,5,0,1711114300,,,1,neutral,0.55,0,0.0,0.0,0.0,0.0,0.6,1
fikri010,,5,0,1711215863,,,1,neutral,0.55,0,0.0,0.0,0.0,0.0,0.6,1
abdmuktiiiii,,5,0,1717235292,,,1,neutral,0.55,0,0.0,0.0,0.0,0.0,0.6,1
alif_ridersbeat,,5,0,1711918568,,,1,neutral,0.55,0,0.0,0.0,0.0,0.0,0.6,1
iprater225,,5,0,1736521265,,,1,neutral,0.55,0,0.0,0.0,0.0,0.0,0.6,1
royalshoecare,,5,0,1737096076,,,1,neutral,0.55,0,0.0,0.0,0.0,0.0,0.6,1
shefry,,5,0,1709850142,,,1,neutral,0.55,0,0.0,0.0,0.0,0.0,0.6,1
shefry,,5,0,1720316214,,,1,neutral,0.55,0,0.0,0.0,0.0,0.0,0.6,1
yusakvrseven,,5,0,1736225740,,,1,neutral,0.55,0,0.0,0.0,0.0,0.0,0.6,1
rajaritonga123,,5,0,1716353639,,,1,neutral,0.55,0,0.0,0.0,0.0,0.0,0.6,1
fikrifaza,,5,0,1704786718,,,1,neutral,0.55,0,0.0,0.0,0.0,0.0,0.6,1
t*****d,,4,0,1704860873,,,1,neutral,0.55,0,0.0,0.0,0.0,0.0,0.6,1
samlaz,,5,0,1737549171,,,1,neutral,0.55,0,0.0,0.0,0.0,0.0,0.6,1
indra_bayu_eko,,5,0,1705365647,,,1,neutral,0.55,0,0.0,0.0,0.0,0.0,0.6,1
rahman_hanafi_92,,5,0,1736838836,,,1,neutral,0.55,0,0.0,0.0,0.0,0.0,0.6,1
akbarsparepart,,5,0,1714643027,,,1,neutral,0.55,0,0.0,0.0,0.0,0.0,0.6,1
a*****k,,5,0,1737794478,,,1,neutral,0.55,0,0.0,0.0,0.0,0.0,0.6,1
ddysrpt,,4,0,1736878751,,,1,neutral,0.55,0,0.0,0.0,0.0,0.0,0.6,1
rifaldokadir,,5,0,1709187543,,,1,neutral,0.55,0,0.0,0.0,0.0,0.0,0.6,1
rezki.wulandr1234,,5,0,1707364278,,,1,neutral,0.55,0,0.0,0.0,0.0,0.0,0.6,1
hendrawan127,,5,0,1715697373,,,1,neutral,0.55,0,0.0,0.0,0.0,0.0,0.6,1
hendrik_handyaswanto,,5,0,1720620777,,,1,neutral,0.55,0,0.0,0.0,0.0,0.0,0.6,1
mira_habsy88,,5,0,1718529711,,,1,neutral,0.55,0,0.0,0.0,0.0,0.0,0.6,1
liliksolo81,,5,0,1737869645,,,1,neutral,0.55,0,0.0,0.0,0.0,0.0,0.6,1
m*****0,,5,0,1703940532,,,1,neutral,0.55,0,0.0,0.0,0.0,0.0,0.6,1
z*****5,,5,0,1709110063,,,1,neutral,0.55,0,0.0,0.0,0.0,0.0,0.6,1
yogiiepratama123,,5,0,1737505839,,,1,neutral,0.55,0,0.0,0.0,0.0,0.0,0.6,1
aldijailani_,,5,0,1719041446,,,1,neutral,0.55,0,0.0,0.0,0.0,0.0,0.6,1
hendro_rafael,,5,0,1736956928,,,1,neutral,0.55,0,0.0,0.0,0.0,0.0,0.6,1
loovus54_convection,,5,0,1739758540,,,1,neutral,0.55,0,0.0,0.0,0.0,0.0,0.6,1
indra.kadir,,5,0,1718977729,,,1,neutral,0.55,0,0.0,0.0,0.0,0.0,0.6,1
asa_usman0601,,5,0,1738152353,,,1,neutral,0.55,0,0.0,0.0,0.0,0.0,0.6,1
fadliboxmail,,5,0,1738628981,,,1,neutral,0.55,0,0.0,0.0,0.0,0.0,0.6,1
digdayaarief,,5,0,1710030027,,,1,neutral,0.55,0,0.0,0.0,0.0,0.0,0.6,1
adejefrii,,5,0,1739757839,,,1,neutral,0.55,0,0.0,0.0,0.0,0.0,0.6,1
nanaiffana2,,4,0,1713357972,,,1,neutral,0.55,0,0.0,0.0,0.0,0.0,0.6,1
astarekaprinting,,5,0,1737542969,,,1,neutral,0.55,0,0.0,0.0,0.0,0.0,0.6,1
takanome00,,5,0,1709738204,,,1,neutral,0.55,0,0.0,0.0,0.0,0.0,0.6,1
djevisside07,,5,0,1737642691,,,1,neutral,0.55,0,0.0,0.0,0.0,0.0,0.6,1
candrahidayat1234,,5,0,1737355116,,,1,neutral,0.55,0,0.0,0.0,0.0,0.0,0.6,1
rioknf,,5,0,1711550400,,,1,neutral,0.55,0,0.0,0.0,0.0,0.0,0.6,1
t*****t,,5,0,1736504809,,,1,neutral,0.55,0,0.0,0.0,0.0,0.0,0.6,1
indra_mulfianto,,5,0,1736387311,,,1,neutral,0.55,0,0.0,0.0,0.0,0.0,0.6,1
fadlinugroho27,,5,0,1737809798,,,1,neutral,0.55,0,0.0,0.0,0.0,0.0,0.6,1
s*****v,,5,0,1736495639,,,1,neutral,0.55,0,0.0,0.0,0.0,0.0,0.6,1
tonny_ardiansyah,,5,0,1738770969,,,1,neutral,0.55,0,0.0,0.0,0.0,0.0,0.6,1
jhonynet,,5,0,1720340141,,,1,neutral,0.55,0,0.0,0.0,0.0,0.0,0.6,1
samudra734,,5,0,1738431999,,,1,neutral,0.55,0,0.0,0.0,0.0,0.0,0.6,1
s4m.brand,,4,0,1737349072,,,1,neutral,0.55,0,0.0,0.0,0.0,0.0,0.6,1
hitamputih.adv,,5,0,1709794048,,,1,neutral,0.55,0,0.0,0.0,0.0,0.0,0.6,1
rioajisyahputra777,,5,0,1717744563,,,1,neutral,0.55,0,0.0,0.0,0.0,0.0,0.6,1
dimasreski094,,5,0,1710225178,,,1,neutral,0.55,0,0.0,0.0,0.0,0.0,0.6,1
go.shooping.id,,5,0,1736848106,,,1,neutral,0.55,0,0.0,0.0,0.0,0.0,0.6,1
baboo.ps,,5,0,1736775380,,,1,neutral,0.55,0,0.0,0.0,0.0,0.0,0.6,1
rizaldinizar,,5,0,1737952609,,,1,neutral,0.55,0,0.0,0.0,0.0,0.0,0.6,1
saptaadilukmantoro,,5,0,1736227425,,,1,neutral,0.55,0,0.0,0.0,0.0,0.0,0.6,1
j*****a,,5,0,1736532267,,,1,neutral,0.55,0,0.0,0.0,0.0,0.0,0.6,1
yunan.komputer,,5,0,1736646959,,,1,neutral,0.55,0,0.0,0.0,0.0,0.0,0.6,1
reynaldyry_0,,5,0,1737400530,,,1,neutral,0.55,0,0.0,0.0,0.0,0.0,0.6,1
bgsmoncs,,5,0,1738390241,,,1,neutral,0.55,0,0.0,0.0,0.0,0.0,0.6,1
argotrianggoro,,5,0,1737787059,,,1,neutral,0.55,0,0.0,0.0,0.0,0.0,0.6,1
mikapixel,,5,0,1738008612,,,1,neutral,0.55,0,0.0,0.0,0.0,0.0,0.6,1
almubarok_syah,,5,0,1737856211,,,1,neutral,0.55,0,0.0,0.0,0.0,0.0,0.6,1
renjikai,,5,0,1713514841,,,1,neutral,0.55,0,0.0,0.0,0.0,0.0,0.6,1
rs_gading_medika,,5,0,1713429141,,,1,neutral,0.55,0,0.0,0.0,0.0,0.0,0.6,1
sayasiyapa01,,5,0,1711789893,,,1,neutral,0.55,0,0.0,0.0,0.0,0.0,0.6,1
wahyuperdana911,,5,0,1712643088,,,1,neutral,0.55,0,0.0,0.0,0.0,0.0,0.6,1
ach_zhank,,5,0,1704194570,,,1,neutral,0.55,0,0.0,0.0,0.0,0.0,0.6,1
safariningwahyu,,5,0,1704089674,,,1,neutral,0.55,0,0.0,0.0,0.0,0.0,0.6,1
naylanurramadhini060,,5,0,1706876161,,,1,neutral,0.55,0,0.0,0.0,0.0,0.0,0.6,1
cumi88stiker,,5,0,1707635206,,,1,neutral,0.55,0,0.0,0.0,0.0,0.0,0.6,1
reynaldyry_0,,5,0,1709987946,,,1,neutral,0.55,0,0.0,0.0,0.0,0.0,0.6,1
d*****i,,5,0,1716218029,,,1,neutral,0.55,0,0.0,0.0,0.0,0.0,0.6,1
chatingcomputer,,5,0,1718363138,,,1,neutral,0.55,0,0.0,0.0,0.0,0.0,0.6,1
mandirisneakers04,,5,0,1718907075,,,1,neutral,0.55,0,0.0,0.0,0.0,0.0,0.6,1
agusrayoga2,,4,0,1710835797,,,1,neutral,0.55,0,0.0,0.0,0.0,0.0,0.6,1
madisleto,,2,0,1707003994,,,1,neutral,0.55,0,0.0,0.0,0.0,0.0,0.6,1
dhiaul_qadri,,5,0,1703524124,,,1,neutral,0.55,0,0.0,0.0,0.0,0.0,0.6,1
fahirarfat_,,5,0,1703755797,,,1,neutral,0.55,0,0.0,0.0,0.0,0.0,0.6,1
er4tew,,5,0,1703663797,,,1,neutral,0.55,0,0.0,0.0,0.0,0.0,0.6,1
hanselandgrettel,,5,0,1703565080,,,1,neutral,0.55,0,0.0,0.0,0.0,0.0,0.6,1
dhonnie_fattah,,5,0,1703074225,,,1,neutral,0.55,0,0.0,0.0,0.0,0.0,0.6,1
porx3m,,5,0,1702577402,,,1,neutral,0.55,0,0.0,0.0,0.0,0.0,0.6,1
linus_jr,,5,0,1702977447,,,1,neutral,0.55,0,0.0,0.0,0.0,0.0,0.6,1
hafiyanda,,5,0,1702615209,,,1,neutral,0.55,0,0.0,0.0,0.0,0.0,0.6,1
dadaraji,,5,0,1702593303,,,1,neutral,0.55,0,0.0,0.0,0.0,0.0,0.6,1
nicoalpito7,,5,0,1702612745,,,1,neutral,0.55,0,0.0,0.0,0.0,0.0,0.6,1
tedipriyanto,,5,0,1702144084,,,1,neutral,0.55,0,0.0,0.0,0.0,0.0,0.6,1
s*****r,,5,0,1702028501,,,1,neutral,0.55,0,0.0,0.0,0.0,0.0,0.6,1
a*****0,,5,0,1702258550,,,1,neutral,0.55,0,0.0,0.0,0.0,0.0,0.6,1
invimapedia,,5,0,1702197344,,,1,neutral,0.55,0,0.0,0.0,0.0,0.0,0.6,1
ovels,,5,0,1701740282,,,1,neutral,0.55,0,0.0,0.0,0.0,0.0,0.6,1
yorisk78,,5,0,1702109756,,,1,neutral,0.55,0,0.0,0.0,0.0,0.0,0.6,1
l*****s,,5,0,1701663647,,,1,neutral,0.55,0,0.0,0.0,0.0,0.0,0.6,1
febroaldopratama,,5,0,1701797870,,,1,neutral,0.55,0,0.0,0.0,0.0,0.0,0.6,1
deltasagara85,,5,0,1701759429,,,1,neutral,0.55,0,0.0,0.0,0.0,0.0,0.6,1
qwerty3108,,5,0,1701398747,,,1,neutral,0.55,0,0.0,0.0,0.0,0.0,0.6,1
mpandohop,,5,0,1700843744,,,1,neutral,0.55,0,0.0,0.0,0.0,0.0,0.6,1
rycomp,,5,0,1699864108,,,1,neutral,0.55,0,0.0,0.0,0.0,0.0,0.6,1
literasivisual,,5,0,1700154865,,,1,neutral,0.55,0,0.0,0.0,0.0,0.0,0.6,1
arhamzulfagar,,5,0,1700221192,,,1,neutral,0.55,0,0.0,0.0,0.0,0.0,0.6,1
reggiindrafabian,,5,0,1700028438,,,1,neutral,0.55,0,0.0,0.0,0.0,0.0,0.6,1
alesha_komputer,,5,0,1699334617,,,1,neutral,0.55,0,0.0,0.0,0.0,0.0,0.6,1
n*****r,,5,0,1699255469,,,1,neutral,0.55,0,0.0,0.0,0.0,0.0,0.6,1
ovels,,5,0,1699259950,,,1,neutral,0.55,0,0.0,0.0,0.0,0.0,0.6,1
ixbals000,,5,0,1699617750,,,1,neutral,0.55,0,0.0,0.0,0.0,0.0,0.6,1
dedi12101997,,5,0,1699182859,,,1,neutral,0.55,0,0.0,0.0,0.0,0.0,0.6,1
malvinelvisdinata,,5,0,1699536144,,,1,neutral,0.55,0,0.0,0.0,0.0,0.0,0.6,1
drauns,,5,0,1699005191,,,1,neutral,0.55,0,0.0,0.0,0.0,0.0,0.6,1
fuatasnawi,,5,0,1698918262,,,1,neutral,0.55,0,0.0,0.0,0.0,0.0,0.6,1
mohalfandi2,,5,0,1699365979,,,1,neutral,0.55,0,0.0,0.0,0.0,0.0,0.6,1
sunqh,,5,0,1699172467,,,1,neutral,0.55,0,0.0,0.0,0.0,0.0,0.6,1
zam.store.id,,4,0,1698920179,,,1,neutral,0.55,0,0.0,0.0,0.0,0.0,0.6,1
g*****i,,5,0,1697972532,,,1,neutral,0.55,0,0.0,0.0,0.0,0.0,0.6,1
syahrudi1790,,5,0,1698146676,,,1,neutral,0.55,0,0.0,0.0,0.0,0.0,0.6,1
alieetgamfell,,5,0,1697890856,,,1,neutral,0.55,0,0.0,0.0,0.0,0.0,0.6,1
audryan.c,,5,0,1698380016,,,1,neutral,0.55,0,0.0,0.0,0.0,0.0,0.6,1
royzhannn,,5,0,1698081346,,,1,neutral,0.55,0,0.0,0.0,0.0,0.0,0.6,1
anza29,,5,0,1697993045,,,1,neutral,0.55,0,0.0,0.0,0.0,0.0,0.6,1
j*****0,,5,0,1697849440,,,1,neutral,0.55,0,0.0,0.0,0.0,0.0,0.6,1
llr.net,,5,0,1697393177,,,1,neutral,0.55,0,0.0,0.0,0.0,0.0,0.6,1
m*****_,,5,0,1697865599,,,1,neutral,0.55,0,0.0,0.0,0.0,0.0,0.6,1
arjunamencariberkah,,5,0,1697249835,,,1,neutral,0.55,0,0.0,0.0,0.0,0.0,0.6,1
bilqis_hijab_fesyen,,5,0,1696846707,,,1,neutral,0.55,0,0.0,0.0,0.0,0.0,0.6,1
l*****1,,5,0,1697011461,,,1,neutral,0.55,0,0.0,0.0,0.0,0.0,0.6,1
acin_kurniawan18,,5,0,1697310763,,,1,neutral,0.55,0,0.0,0.0,0.0,0.0,0.6,1
srigroup,,5,0,1697423255,,,1,neutral,0.55,0,0.0,0.0,0.0,0.0,0.6,1
slvgabed,,5,0,1696591401,,,1,neutral,0.55,0,0.0,0.0,0.0,0.0,0.6,1
adehermawan23,,5,0,1696537949,,,1,neutral,0.55,0,0.0,0.0,0.0,0.0,0.6,1
muhammadriyu,,5,0,1697275494,,,1,neutral,0.55,0,0.0,0.0,0.0,0.0,0.6,1
almeerahifzasw,,5,0,1697126338,,,1,neutral,0.55,0,0.0,0.0,0.0,0.0,0.6,1
oqprint,,5,0,1696881058,,,1,neutral,0.55,0,0.0,0.0,0.0,0.0,0.6,1
s*****y,,5,0,1696562272,,,1,neutral,0.55,0,0.0,0.0,0.0,0.0,0.6,1
tauficqismail19,,5,0,1696167094,,,1,neutral,0.55,0,0.0,0.0,0.0,0.0,0.6,1
senara.parfum,,5,0,1696401511,,,1,neutral,0.55,0,0.0,0.0,0.0,0.0,0.6,1
sofyandwiseptianto,,5,0,1696241696,,,1,neutral,0.55,0,0.0,0.0,0.0,0.0,0.6,1
yesimartama04_,,5,0,1695193139,,,1,neutral,0.55,0,0.0,0.0,0.0,0.0,0.6,1
val_ent_,,4,0,1696059755,,,1,neutral,0.55,0,0.0,0.0,0.0,0.0,0.6,1
s*****a,,5,0,1695909503,,,1,neutral,0.55,0,0.0,0.0,0.0,0.0,0.6,1
joiniajha82,,5,0,1694683484,,,1,neutral,0.55,0,0.0,0.0,0.0,0.0,0.6,1
i_211,,4,0,1695178946,,,1,neutral,0.55,0,0.0,0.0,0.0,0.0,0.6,1
m*****n,,5,0,1694488881,,,1,neutral,0.55,0,0.0,0.0,0.0,0.0,0.6,1
mm_direction,,5,0,1694338263,,,1,neutral,0.55,0,0.0,0.0,0.0,0.0,0.6,1
mira_habsy88,,4,0,1694646497,,,1,neutral,0.55,0,0.0,0.0,0.0,0.0,0.6,1
sitiaulaniswah,,5,0,1693709601,,,1,neutral,0.55,0,0.0,0.0,0.0,0.0,0.6,1
andraarbawa,,5,0,1694768833,,,1,neutral,0.55,0,0.0,0.0,0.0,0.0,0.6,1
m*****i,,5,0,1693892806,,,1,neutral,0.55,0,0.0,0.0,0.0,0.0,0.6,1
r*****h,,5,0,1693153119,,,1,neutral,0.55,0,0.0,0.0,0.0,0.0,0.6,1
dickigadman,,5,0,1694358416,,,1,neutral,0.55,0,0.0,0.0,0.0,0.0,0.6,1
aryodewandaru,,5,0,1694260496,,,1,neutral,0.55,0,0.0,0.0,0.0,0.0,0.6,1
fasha1313,,5,0,1694013967,,,1,neutral,0.55,0,0.0,0.0,0.0,0.0,0.6,1
abadi.hotelmalioboroy,,5,0,1694007404,,,1,neutral,0.55,0,0.0,0.0,0.0,0.0,0.6,1
govin96,,5,0,1693359451,,,1,neutral,0.55,0,0.0,0.0,0.0,0.0,0.6,1
dhickykaruniaakbar,,5,0,1693224663,,,1,neutral,0.55,0,0.0,0.0,0.0,0.0,0.6,1
ropex234,,5,0,1691806317,,,1,neutral,0.55,0,0.0,0.0,0.0,0.0,0.6,1
didien78,,5,0,1692548272,,,1,neutral,0.55,0,0.0,0.0,0.0,0.0,0.6,1
shinorez,,5,0,1693479830,,,1,neutral,0.55,0,0.0,0.0,0.0,0.0,0.6,1
sukoiofficial,,5,0,1691656521,,,1,neutral,0.55,0,0.0,0.0,0.0,0.0,0.6,1
muhammadhadiwahyudi,,5,0,1693120502,,,1,neutral,0.55,0,0.0,0.0,0.0,0.0,0.6,1
edwardtambing,,5,0,1692548267,,,1,neutral,0.55,0,0.0,0.0,0.0,0.0,0.6,1
milhamuddin,,5,0,1692786611,,,1,neutral,0.55,0,0.0,0.0,0.0,0.0,0.6,1
suhendro.sh84,,5,0,1692686545,,,1,neutral,0.55,0,0.0,0.0,0.0,0.0,0.6,1
xbee_as,,5,0,1692683334,,,1,neutral,0.55,0,0.0,0.0,0.0,0.0,0.6,1
rudiansyah_smr,,5,0,1692035501,,,1,neutral,0.55,0,0.0,0.0,0.0,0.0,0.6,1
liaalawiyah09,,5,0,1690792419,,,1,neutral,0.55,0,0.0,0.0,0.0,0.0,0.6,1
cookiessoup,,5,0,1690015069,,,1,neutral,0.55,0,0.0,0.0,0.0,0.0,0.6,1
makunopro78,,5,0,1692294240,,,1,neutral,0.55,0,0.0,0.0,0.0,0.0,0.6,1
mytenika,,5,0,1646319554,,,1,neutral,0.55,0,0.0,0.0,0.0,0.0,0.6,1
amanahpersada,,5,0,1609884399,,,1,neutral,0.55,0,0.0,0.0,0.0,0.0,0.6,1
drmwnd09,,5,0,1650566373,,,1,neutral,0.55,0,0.0,0.0,0.0,0.0,0.6,1
hayura.shp,,5,0,1650868931,,,1,neutral,0.55,0,0.0,0.0,0.0,0.0,0.6,1
wira.ramdani,,5,0,1603282721,,,1,neutral,0.55,0,0.0,0.0,0.0,0.0,0.6,1
strip12.industries,,5,0,1632219980,,,1,neutral,0.55,0,0.0,0.0,0.0,0.0,0.6,1
strip12.industries,,5,0,1626502156,,,1,neutral,0.55,0,0.0,0.0,0.0,0.0,0.6,1
shabreena28,,5,0,1659264967,,,1,neutral,0.55,0,0.0,0.0,0.0,0.0,0.6,1
h*****o,,5,0,1659143890,,,1,neutral,0.55,0,0.0,0.0,0.0,0.0,0.6,1
yayat_hidayat,,5,0,1689321549,,,1,neutral,0.55,0,0.0,0.0,0.0,0.0,0.6,1
kukuhindra79,,4,0,1691669543,,,1,neutral,0.55,0,0.0,0.0,0.0,0.0,0.6,1
newtc_2019,,5,0,1689252112,,,1,neutral,0.55,0,0.0,0.0,0.0,0.0,0.6,1
rycomp,,5,0,1689241422,,,1,neutral,0.55,0,0.0,0.0,0.0,0.0,0.6,1
erikbagusp,,5,0,1661769798,,,1,neutral,0.55,0,0.0,0.0,0.0,0.0,0.6,1
v769fr7qgf,,5,0,1692548234,,,1,neutral,0.55,0,0.0,0.0,0.0,0.0,0.6,1
galangaje,,5,0,1691800039,,,1,neutral,0.55,0,0.0,0.0,0.0,0.0,0.6,1
ridafumi,,5,0,1631963099,,,1,neutral,0.55,0,0.0,0.0,0.0,0.0,0.6,1
none.ida,,5,0,1688695217,,,1,neutral,0.55,0,0.0,0.0,0.0,0.0,0.6,1
snackbreak99,,5,0,1618379589,,,1,neutral,0.55,0,0.0,0.0,0.0,0.0,0.6,1
rycomp,,5,0,1688537177,,,1,neutral,0.55,0,0.0,0.0,0.0,0.0,0.6,1
snackbreak99,,4,0,1617603465,,,1,neutral,0.55,0,0.0,0.0,0.0,0.0,0.6,1
juan_mawan,,5,0,1688818996,,,1,neutral,0.55,0,0.0,0.0,0.0,0.0,0.6,1
s*****0,,5,0,1641208690,,,1,neutral,0.55,0,0.0,0.0,0.0,0.0,0.6,1
eangga7,,5,0,1637657504,,,1,neutral,0.55,0,0.0,0.0,0.0,0.0,0.6,1
ivayulia168,,5,0,1688272194,,,1,neutral,0.55,0,0.0,0.0,0.0,0.0,0.6,1
z*****i,,5,0,1692548261,,,1,neutral,0.55,0,0.0,0.0,0.0,0.0,0.6,1
y*****s,,5,0,1688127283,,,1,neutral,0.55,0,0.0,0.0,0.0,0.0,0.6,1
lubabatulmursyidah,,5,0,1645526907,,,1,neutral,0.55,0,0.0,0.0,0.0,0.0,0.6,1
l*****h,,5,0,1648035181,,,1,neutral,0.55,0,0.0,0.0,0.0,0.0,0.6,1
apinhendy,,5,0,1641709083,,,1,neutral,0.55,0,0.0,0.0,0.0,0.0,0.6,1
rizkydharmarizkydharma,,5,0,1692548244,,,1,neutral,0.55,0,0.0,0.0,0.0,0.0,0.6,1
pophee,,5,0,1692548250,,,1,neutral,0.55,0,0.0,0.0,0.0,0.0,0.6,1
faruq0808,,5,0,1688787929,,,1,neutral,0.55,0,0.0,0.0,0.0,0.0,0.6,1
achsanul_waro,,5,0,1691064754,,,1,neutral,0.55,0,0.0,0.0,0.0,0.0,0.6,1
ivnrmdns,,5,0,1605782116,,,1,neutral,0.55,0,0.0,0.0,0.0,0.0,0.6,1
tedychah357,,5,0,1687216890,,,1,neutral,0.55,0,0.0,0.0,0.0,0.0,0.6,1
,,5,0,1640499668,,,1,neutral,0.55,0,0.0,0.0,0.0,0.0,0.6,1
bolodewe2121,,5,0,1686946563,,,1,neutral,0.55,0,0.0,0.0,0.0,0.0,0.6,1
_*****_,,5,0,1640926029,,,1,neutral,0.55,0,0.0,0.0,0.0,0.0,0.6,1
noercholis_mks,,5,0,1688363705,,,1,neutral,0.55,0,0.0,0.0,0.0,0.0,0.6,1
none.ida,,5,0,1686833676,,,1,neutral,0.55,0,0.0,0.0,0.0,0.0,0.6,1
arishtc,,5,0,1686747178,,,1,neutral,0.55,0,0.0,0.0,0.0,0.0,0.6,1
skyzo_apparel,,5,0,1686820787,,,1,neutral,0.55,0,0.0,0.0,0.0,0.0,0.6,1
tommyfernandosembiring,,5,0,1687077223,,,1,neutral,0.55,0,0.0,0.0,0.0,0.0,0.6,1
egiashar11,,5,0,1657358379,,,1,neutral,0.55,0,0.0,0.0,0.0,0.0,0.6,1
sssujaka,,5,0,1658657612,,,1,neutral,0.55,0,0.0,0.0,0.0,0.0,0.6,1
brandonkuenshop,,5,0,1657784652,,,1,neutral,0.55,0,0.0,0.0,0.0,0.0,0.6,1
brandonkuenshop,,5,0,1650982533,,,1,neutral,0.55,0,0.0,0.0,0.0,0.0,0.6,1
brandonkuenshop,,5,0,1657943592,,,1,neutral,0.55,0,0.0,0.0,0.0,0.0,0.6,1
,,5,0,1665450070,,,1,neutral,0.55,0,0.0,0.0,0.0,0.0,0.6,1
andri35atria,,5,0,1685919713,,,1,neutral,0.55,0,0.0,0.0,0.0,0.0,0.6,1
hesawahyuperdana,,5,0,1689200694,,,1,neutral,0.55,0,0.0,0.0,0.0,0.0,0.6,1
srigroup,,5,0,1690534879,,,1,neutral,0.55,0,0.0,0.0,0.0,0.0,0.6,1
s*****r,,5,0,1685452321,,,1,neutral,0.55,0,0.0,0.0,0.0,0.0,0.6,1
bagasardiann,,5,0,1685329180,,,1,neutral,0.55,0,0.0,0.0,0.0,0.0,0.6,1
zhidanir,,5,0,1688120363,,,1,neutral,0.55,0,0.0,0.0,0.0,0.0,0.6,1
irawanjo,,5,0,1690436095,,,1,neutral,0.55,0,0.0,0.0,0.0,0.0,0.6,1
alif_ridersbeat,,5,0,1686315122,,,1,neutral,0.55,0,0.0,0.0,0.0,0.0,0.6,1
febrian_pratama120,,5,0,1685121046,,,1,neutral,0.55,0,0.0,0.0,0.0,0.0,0.6,1
dmotoshop37,,4,0,1686367381,,,1,neutral,0.55,0,0.0,0.0,0.0,0.0,0.6,1
reggiindrafabian,,5,0,1680761917,,,1,neutral,0.55,0,0.0,0.0,0.0,0.0,0.6,1
dityaaass,,5,0,1680429621,,,1,neutral,0.55,0,0.0,0.0,0.0,0.0,0.6,1
alpiscesopicko,,5,0,1679867908,,,1,neutral,0.55,0,0.0,0.0,0.0,0.0,0.6,1
tituspradana123,,5,0,1646394374,,,1,neutral,0.55,0,0.0,0.0,0.0,0.0,0.6,1
iancopy,,5,0,1679522244,,,1,neutral,0.55,0,0.0,0.0,0.0,0.0,0.6,1
r*****n,,5,0,1679200705,,,1,neutral,0.55,0,0.0,0.0,0.0,0.0,0.6,1
ibnumajid9,,5,0,1679224959,,,1,neutral,0.55,0,0.0,0.0,0.0,0.0,0.6,1
4vhx8xaeg1,,5,0,1679109009,,,1,neutral,0.55,0,0.0,0.0,0.0,0.0,0.6,1
kntlgaming02838,,5,0,1678605040,,,1,neutral,0.55,0,0.0,0.0,0.0,0.0,0.6,1
,,5,0,1678111918,,,1,neutral,0.55,0,0.0,0.0,0.0,0.0,0.6,1
ibaniban548,,5,0,1678065724,,,1,neutral,0.55,0,0.0,0.0,0.0,0.0,0.6,1
muftisyafiq,,5,0,1677255349,,,1,neutral,0.55,0,0.0,0.0,0.0,0.0,0.6,1
abihernowo,,5,0,1677068986,,,1,neutral,0.55,0,0.0,0.0,0.0,0.0,0.6,1
rakasiii,,5,0,1676791213,,,1,neutral,0.55,0,0.0,0.0,0.0,0.0,0.6,1
crfp9_qc6b,,5,0,1676795253,,,1,neutral,0.55,0,0.0,0.0,0.0,0.0,0.6,1
b*****5,,5,0,1676674520,,,1,neutral,0.55,0,0.0,0.0,0.0,0.0,0.6,1
,,5,0,1676208981,,,1,neutral,0.55,0,0.0,0.0,0.0,0.0,0.6,1
u726phhtzn,,5,0,1676108853,,,1,neutral,0.55,0,0.0,0.0,0.0,0.0,0.6,1
guztadie6,,5,0,1675897100,,,1,neutral,0.55,0,0.0,0.0,0.0,0.0,0.6,1
rezal3,,5,0,1674888696,,,1,neutral,0.55,0,0.0,0.0,0.0,0.0,0.6,1
mnhakim30,,5,0,1673744700,,,1,neutral,0.55,0,0.0,0.0,0.0,0.0,0.6,1
ridwan1534,,5,0,1673599496,,,1,neutral,0.55,0,0.0,0.0,0.0,0.0,0.6,1
udan12,,5,0,1673488951,,,1,neutral,0.55,0,0.0,0.0,0.0,0.0,0.6,1
z*****i,,5,0,1672984015,,,1,neutral,0.55,0,0.0,0.0,0.0,0.0,0.6,1
azismaulana072,,5,0,1672898387,,,1,neutral,0.55,0,0.0,0.0,0.0,0.0,0.6,1
h3cellcom,,5,0,1672738148,,,1,neutral,0.55,0,0.0,0.0,0.0,0.0,0.6,1
r*****3,,5,0,1672490649,,,1,neutral,0.55,0,0.0,0.0,0.0,0.0,0.6,1
taufikfrmnsyahh,,5,0,1658740943,,,1,neutral,0.55,0,0.0,0.0,0.0,0.0,0.6,1
iselmaliha,,5,0,1668949099,,,1,neutral,0.55,0,0.0,0.0,0.0,0.0,0.6,1
,,5,0,1663548370,,,1,neutral,0.55,0,0.0,0.0,0.0,0.0,0.6,1
oktavianus75,,5,0,1659667608,,,1,neutral,0.55,0,0.0,0.0,0.0,0.0,0.6,1
sandikechil123,,5,0,1631160785,,,1,neutral,0.55,0,0.0,0.0,0.0,0.0,0.6,1
linqkyo14,,5,0,1619601121,,,1,neutral,0.55,0,0.0,0.0,0.0,0.0,0.6,1
jireaa,,5,0,1605517247,,,1,neutral,0.55,0,0.0,0.0,0.0,0.0,0.6,1
ljgmantang,,5,0,1659006963,,,1,neutral,0.55,0,0.0,0.0,0.0,0.0,0.6,1
stevanzel,,5,0,1641825221,,,1,neutral,0.55,0,0.0,0.0,0.0,0.0,0.6,1
biemsena,,5,0,1659689511,,,1,neutral,0.55,0,0.0,0.0,0.0,0.0,0.6,1
adityamahend619,,5,0,1663505828,,,1,neutral,0.55,0,0.0,0.0,0.0,0.0,0.6,1
1ksk828jm1,,5,0,1670074691,,,1,neutral,0.55,0,0.0,0.0,0.0,0.0,0.6,1
d_nugget,,5,0,1657849785,,,1,neutral,0.55,0,0.0,0.0,0.0,0.0,0.6,1
usermahdi,,5,0,1672125592,,,1,neutral,0.55,0,0.0,0.0,0.0,0.0,0.6,1
oga.zaey,,5,0,1665970643,,,1,neutral,0.55,0,0.0,0.0,0.0,0.0,0.6,1
mailsuram007,,5,0,1654134619,,,1,neutral,0.55,0,0.0,0.0,0.0,0.0,0.6,1
zeriva,,5,0,1667998913,,,1,neutral,0.55,0,0.0,0.0,0.0,0.0,0.6,1
g4l1h168,,5,0,1658473244,,,1,neutral,0.55,0,0.0,0.0,0.0,0.0,0.6,1
rezagvr,,5,0,1656577746,,,1,neutral,0.55,0,0.0,0.0,0.0,0.0,0.6,1
e*****4,,5,0,1662815230,,,1,neutral,0.55,0,0.0,0.0,0.0,0.0,0.6,1
rzq152136,,5,0,1657026062,,,1,neutral,0.55,0,0.0,0.0,0.0,0.0,0.6,1
arfiguza,,5,0,1636791980,,,1,neutral,0.55,0,0.0,0.0,0.0,0.0,0.6,1
irunas90,,5,0,1664097150,,,1,neutral,0.55,0,0.0,0.0,0.0,0.0,0.6,1
r*****1,,5,0,1662443721,,,1,neutral,0.55,0,0.0,0.0,0.0,0.0,0.6,1
w*****4,,5,0,1665674330,,,1,neutral,0.55,0,0.0,0.0,0.0,0.0,0.6,1
,,5,0,1656775508,,,1,neutral,0.55,0,0.0,0.0,0.0,0.0,0.6,1
kfearr,,5,0,1660100462,,,1,neutral,0.55,0,0.0,0.0,0.0,0.0,0.6,1
alwaprint.id,,5,0,1664668882,,,1,neutral,0.55,0,0.0,0.0,0.0,0.0,0.6,1
biangpandega,,5,0,1664446170,,,1,neutral,0.55,0,0.0,0.0,0.0,0.0,0.6,1
mabatstore,,5,0,1640312746,,,1,neutral,0.55,0,0.0,0.0,0.0,0.0,0.6,1
edinpoylado,,5,0,1662964696,,,1,neutral,0.55,0,0.0,0.0,0.0,0.0,0.6,1
b*****d,,5,0,1669621917,,,1,neutral,0.55,0,0.0,0.0,0.0,0.0,0.6,1
,,4,0,1626426878,,,1,neutral,0.55,0,0.0,0.0,0.0,0.0,0.6,1
cozartzz,,4,0,1603450878,,,1,neutral,0.55,0,0.0,0.0,0.0,0.0,0.6,1
i*****8,,4,0,1663748400,,,1,neutral,0.55,0,0.0,0.0,0.0,0.0,0.6,1
i*****a,,5,0,1713605707,,,1,neutral,0.55,0,0.0,0.0,0.0,0.0,0.6,1
dayathd,,5,0,1711073374,,,1,neutral,0.55,0,0.0,0.0,0.0,0.0,0.6,1
porx3m,,5,0,1704077561,,,1,neutral,0.55,0,0.0,0.0,0.0,0.0,0.6,1
porx3m,,5,0,1707031432,,,1,neutral,0.55,0,0.0,0.0,0.0,0.0,0.6,1
vanekalizardarimuhasibie,,5,0,1717434783,,,1,neutral,0.55,0,0.0,0.0,0.0,0.0,0.6,1
rycomp,,5,0,1718528693,,,1,neutral,0.55,0,0.0,0.0,0.0,0.0,0.6,1
shaqueena_arna_budiarto,,5,0,1724647566,,,1,neutral,0.55,0,0.0,0.0,0.0,0.0,0.6,1
ramanabil,,5,0,1728120054,,,1,neutral,0.55,0,0.0,0.0,0.0,0.0,0.6,1
irmayaparamita,,5,0,1728149766,,,1,neutral,0.55,0,0.0,0.0,0.0,0.0,0.6,1
b*****y,,5,0,1734880270,,,1,neutral,0.55,0,0.0,0.0,0.0,0.0,0.6,1
multitronik,,5,0,1733508323,,,1,neutral,0.55,0,0.0,0.0,0.0,0.0,0.6,1
lintangys,,5,0,1724676487,,,1,neutral,0.55,0,0.0,0.0,0.0,0.0,0.6,1
rycomp,,5,0,1725087028,,,1,neutral,0.55,0,0.0,0.0,0.0,0.0,0.6,1
iamstore,,5,0,1723945819,,,1,neutral,0.55,0,0.0,0.0,0.0,0.0,0.6,1
piapitrianto,,5,0,1724243225,,,1,neutral,0.55,0,0.0,0.0,0.0,0.0,0.6,1
h*****0,,5,0,1724626629,,,1,neutral,0.55,0,0.0,0.0,0.0,0.0,0.6,1
rycomp,,5,0,1721278488,,,1,neutral,0.55,0,0.0,0.0,0.0,0.0,0.6,1
rycomp,,5,0,1732765063,,,1,neutral,0.55,0,0.0,0.0,0.0,0.0,0.6,1
m*****s,,5,0,1734710746,,,1,neutral,0.55,0,0.0,0.0,0.0,0.0,0.6,1
wotooshikuliwir,,5,0,1734547770,,,1,neutral,0.55,0,0.0,0.0,0.0,0.0,0.6,1
taufiqhadee,,5,0,1736253193,,,1,neutral,0.55,0,0.0,0.0,0.0,0.0,0.6,1
fuatasnawi,,5,0,1722082221,,,1,neutral,0.55,0,0.0,0.0,0.0,0.0,0.6,1
fuatasnawi,,5,0,1722082398,,,1,neutral,0.55,0,0.0,0.0,0.0,0.0,0.6,1
suryati2016,,5,0,1726008949,,,1,neutral,0.55,0,0.0,0.0,0.0,0.0,0.6,1
b*****9,,5,0,1740630419,,,1,neutral,0.55,0,0.0,0.0,0.0,0.0,0.6,1
tonyfatony12,,5,0,1713701144,,,1,neutral,0.55,0,0.0,0.0,0.0,0.0,0.6,1
nurdianto31,,5,0,1720849738,,,1,neutral,0.55,0,0.0,0.0,0.0,0.0,0.6,1
doyyadi,,5,0,1719143920,,,1,neutral,0.55,0,0.0,0.0,0.0,0.0,0.6,1
bintangtravel7,,5,0,1733935077,,,1,neutral,0.55,0,0.0,0.0,0.0,0.0,0.6,1
pikreswidiani,,5,0,1707487199,,,1,neutral,0.55,0,0.0,0.0,0.0,0.0,0.6,1
alimlee,,5,0,1708870544,,,1,neutral,0.55,0,0.0,0.0,0.0,0.0,0.6,1
mpandohop,,5,0,1733543219,,,1,neutral,0.55,0,0.0,0.0,0.0,0.0,0.6,1
a*****_,,4,0,1721644296,,,1,neutral,0.55,0,0.0,0.0,0.0,0.0,0.6,1
u*****u,,5,0,1708239479,,,1,neutral,0.55,0,0.0,0.0,0.0,0.0,0.6,1
rekafatihan17,,5,0,1731135142,,,1,neutral,0.55,0,0.0,0.0,0.0,0.0,0.6,1
sugengemon,,5,0,1730005086,,,1,neutral,0.55,0,0.0,0.0,0.0,0.0,0.6,1
store_dg.id,,5,0,1710389425,,,1,neutral,0.55,0,0.0,0.0,0.0,0.0,0.6,1
alif_ridersbeat,,5,0,1726157249,,,1,neutral,0.55,0,0.0,0.0,0.0,0.0,0.6,1
mardisucahyono,,5,0,1721177754,,,1,neutral,0.55,0,0.0,0.0,0.0,0.0,0.6,1
shandy12234,,5,0,1734020929,,,1,neutral,0.55,0,0.0,0.0,0.0,0.0,0.6,1
linaones,,4,0,1733106578,,,1,neutral,0.55,0,0.0,0.0,0.0,0.0,0.6,1
l_fishkoi.id,,5,0,1709019115,,,1,neutral,0.55,0,0.0,0.0,0.0,0.0,0.6,1
icel123ade,,5,0,1717000758,,,1,neutral,0.55,0,0.0,0.0,0.0,0.0,0.6,1
ysayidiman,,5,0,1721826203,,,1,neutral,0.55,0,0.0,0.0,0.0,0.0,0.6,1
z*****l,,5,0,1721127669,,,1,neutral,0.55,0,0.0,0.0,0.0,0.0,0.6,1
dedi12101997,,5,0,1705371822,,,1,neutral,0.55,0,0.0,0.0,0.0,0.0,0.6,1
nengayuyuliandri,,5,0,1729258926,,,1,neutral,0.55,0,0.0,0.0,0.0,0.0,0.6,1
syaifulmulki,,5,0,1726279401,,,1,neutral,0.55,0,0.0,0.0,0.0,0.0,0.6,1
mm_direction,,5,0,1718628677,,,1,neutral,0.55,0,0.0,0.0,0.0,0.0,0.6,1
cha_chalemz,,5,0,1732271370,,,1,neutral,0.55,0,0.0,0.0,0.0,0.0,0.6,1
achmad_syaekhu12,,5,0,1721293094,,,1,neutral,0.55,0,0.0,0.0,0.0,0.0,0.6,1
hepostore,,5,0,1736127373,,,1,neutral,0.55,0,0.0,0.0,0.0,0.0,0.6,1
sitibadriyah192,,5,0,1709176697,,,1,neutral,0.55,0,0.0,0.0,0.0,0.0,0.6,1
shefry,,5,0,1736053719,,,1,neutral,0.55,0,0.0,0.0,0.0,0.0,0.6,1
sarcastrophexxx,,5,0,1736080636,,,1,neutral,0.55,0,0.0,0.0,0.0,0.0,0.6,1
smartgadget12,,5,0,1734796601,,,1,neutral,0.55,0,0.0,0.0,0.0,0.0,0.6,1
r*****i,,5,0,1732967460,,,1,neutral,0.55,0,0.0,0.0,0.0,0.0,0.6,1
dzulfikriyasir,,5,0,1723436723,,,1,neutral,0.55,0,0.0,0.0,0.0,0.0,0.6,1
heroedp,,5,0,1728471816,,,1,neutral,0.55,0,0.0,0.0,0.0,0.0,0.6,1
heroedp,,5,0,1728471847,,,1,neutral,0.55,0,0.0,0.0,0.0,0.0,0.6,1
f4hm1_b4sy4ib4n,,5,0,1724648746,,,1,neutral,0.55,0,0.0,0.0,0.0,0.0,0.6,1
adeeif1,,5,0,1725672184,,,1,neutral,0.55,0,0.0,0.0,0.0,0.0,0.6,1
n*****9,,5,0,1734014474,,,1,neutral,0.55,0,0.0,0.0,0.0,0.0,0.6,1
arfyan.hadikusumo,,4,0,1732967070,,,1,neutral,0.55,0,0.0,0.0,0.0,0.0,0.6,1
juny.z161na,,5,0,1714098798,,,1,neutral,0.55,0,0.0,0.0,0.0,0.0,0.6,1
arliansyah20,,5,0,1733122961,,,1,neutral,0.55,0,0.0,0.0,0.0,0.0,0.6,1
arliansyah20,,5,0,1734783976,,,1,neutral,0.55,0,0.0,0.0,0.0,0.0,0.6,1
dimasdwiputra__,,5,0,1734825211,,,1,neutral,0.55,0,0.0,0.0,0.0,0.0,0.6,1
ubaydi666,,5,0,1720607314,,,1,neutral,0.55,0,0.0,0.0,0.0,0.0,0.6,1
rahmabiru24,,5,0,1725258466,,,1,neutral,0.55,0,0.0,0.0,0.0,0.0,0.6,1
k*****8,,5,0,1717402888,,,1,neutral,0.55,0,0.0,0.0,0.0,0.0,0.6,1
okvisumawarni,,4,0,1730535198,,,1,neutral,0.55,0,0.0,0.0,0.0,0.0,0.6,1
temmyolshop,,5,0,1721335694,,,1,neutral,0.55,0,0.0,0.0,0.0,0.0,0.6,1
raywiranta,,5,0,1712489800,,,1,neutral,0.55,0,0.0,0.0,0.0,0.0,0.6,1
alf4risy,,5,0,1709046300,,,1,neutral,0.55,0,0.0,0.0,0.0,0.0,0.6,1
fajaradipradipta,,5,0,1705655354,,,1,neutral,0.55,0,0.0,0.0,0.0,0.0,0.6,1
riski.firmansyach,,5,0,1739063693,,,1,neutral,0.55,0,0.0,0.0,0.0,0.0,0.6,1
rombong_aksesoris_sumbawa,,5,0,1733096320,,,1,neutral,0.55,0,0.0,0.0,0.0,0.0,0.6,1
rycomp,,5,0,1731904574,,,1,neutral,0.55,0,0.0,0.0,0.0,0.0,0.6,1
romymahendra2506,,5,0,1729325125,,,1,neutral,0.55,0,0.0,0.0,0.0,0.0,0.6,1
adi_sapoetra,,5,0,1710916676,,,1,neutral,0.55,0,0.0,0.0,0.0,0.0,0.6,1
rendisf_13,,5,0,1734404408,,,1,neutral,0.55,0,0.0,0.0,0.0,0.0,0.6,1
m*****7,,5,0,1723911190,,,1,neutral,0.55,0,0.0,0.0,0.0,0.0,0.6,1
kisworo05,,4,0,1738980630,,,1,neutral,0.55,0,0.0,0.0,0.0,0.0,0.6,1
rijalyanwar,,5,0,1733665005,,,1,neutral,0.55,0,0.0,0.0,0.0,0.0,0.6,1
aaniriyanta,,5,0,1730793462,,,1,neutral,0.55,0,0.0,0.0,0.0,0.0,0.6,1
mira_habsy88,,5,0,1703855988,,,1,neutral,0.55,0,0.0,0.0,0.0,0.0,0.6,1
stay.e,,5,0,1722149687,,,1,neutral,0.55,0,0.0,0.0,0.0,0.0,0.6,1
g*****2,,5,0,1734868432,,,1,neutral,0.55,0,0.0,0.0,0.0,0.0,0.6,1
pramudiamotor7,,5,0,1733990316,,,1,neutral,0.55,0,0.0,0.0,0.0,0.0,0.6,1
xsqrt,,5,0,1723993587,,,1,neutral,0.55,0,0.0,0.0,0.0,0.0,0.6,1
i*****m,,5,0,1722303635,,,1,neutral,0.55,0,0.0,0.0,0.0,0.0,0.6,1
ianianianyuu,,4,0,1734335292,,,1,neutral,0.55,0,0.0,0.0,0.0,0.0,0.6,1
indramyd,,5,0,1731074314,,,1,neutral,0.55,0,0.0,0.0,0.0,0.0,0.6,1
noesisveta,,5,0,1715646184,,,1,neutral,0.55,0,0.0,0.0,0.0,0.0,0.6,1
iguto01,,5,0,1732967071,,,1,neutral,0.55,0,0.0,0.0,0.0,0.0,0.6,1
s*****c,,5,0,1712158052,,,1,neutral,0.55,0,0.0,0.0,0.0,0.0,0.6,1
trisnamaulanasaputraa_,,5,0,1731046027,,,1,neutral,0.55,0,0.0,0.0,0.0,0.0,0.6,1
anrhm10,,5,0,1735812587,,,1,neutral,0.55,0,0.0,0.0,0.0,0.0,0.6,1
azgaming12,,5,0,1712370996,,,1,neutral,0.55,0,0.0,0.0,0.0,0.0,0.6,1
mas_dwiatmodjo,,5,0,1704677435,,,1,neutral,0.55,0,0.0,0.0,0.0,0.0,0.6,1
sriwahyuni1983,,5,0,1725101887,,,1,neutral,0.55,0,0.0,0.0,0.0,0.0,0.6,1
sriutami101201,,5,0,1721914321,,,1,neutral,0.55,0,0.0,0.0,0.0,0.0,0.6,1
danimiftahudin,,5,0,1706778807,,,1,neutral,0.55,0,0.0,0.0,0.0,0.0,0.6,1
elysia_tabina,,5,0,1731064783,,,1,neutral,0.55,0,0.0,0.0,0.0,0.0,0.6,1
elysia_tabina,,5,0,1729313988,,,1,neutral,0.55,0,0.0,0.0,0.0,0.0,0.6,1
elysia_tabina,,5,0,1729313964,,,1,neutral,0.55,0,0.0,0.0,0.0,0.0,0.6,1
rudiansyah_smr,,5,0,1703947487,,,1,neutral,0.55,0,0.0,0.0,0.0,0.0,0.6,1
edo_lerebulan,,5,0,1719227991,,,1,neutral,0.55,0,0.0,0.0,0.0,0.0,0.6,1
amuhyi,,5,0,1725517315,,,1,neutral,0.55,0,0.0,0.0,0.0,0.0,0.6,1
dailyprodigy,,3,0,1723983535,,,1,neutral,0.55,0,0.0,0.0,0.0,0.0,0.6,1
genkomputer,,4,0,1735683550,,,1,neutral,0.55,0,0.0,0.0,0.0,0.0,0.6,1
dwiky.heri,,5,0,1722348409,,,1,neutral,0.55,0,0.0,0.0,0.0,0.0,0.6,1
dayat1011,,5,0,1731950963,,,1,neutral,0.55,0,0.0,0.0,0.0,0.0,0.6,1
d*****k,,5,0,1735091345,,,1,neutral,0.55,0,0.0,0.0,0.0,0.0,0.6,1
fikriramadhan12yygv,,5,0,1733812757,,,1,neutral,0.55,0,0.0,0.0,0.0,0.0,0.6,1
a*****2,,5,0,1734609221,,,1,neutral,0.55,0,0.0,0.0,0.0,0.0,0.6,1
amorosaofficial,,5,0,1713803585,,,1,neutral,0.55,0,0.0,0.0,0.0,0.0,0.6,1
em_ye_store,,5,0,1734756692,,,1,neutral,0.55,0,0.0,0.0,0.0,0.0,0.6,1
diankopisah,,5,0,1721641778,,,1,neutral,0.55,0,0.0,0.0,0.0,0.0,0.6,1
mujiburohman1,,5,0,1733574497,,,1,neutral,0.55,0,0.0,0.0,0.0,0.0,0.6,1
rffrs,,5,0,1736168585,,,1,neutral,0.55,0,0.0,0.0,0.0,0.0,0.6,1
c*****b,,5,0,1738985555,,,1,neutral,0.55,0,0.0,0.0,0.0,0.0,0.6,1
r*****i,,3,0,1727883117,,,1,neutral,0.55,0,0.0,0.0,0.0,0.0,0.6,1
yohanocha,,5,0,1727671632,,,1,neutral,0.55,0,0.0,0.0,0.0,0.0,0.6,1
maldirmdhn_,,5,0,1733542076,,,1,neutral,0.55,0,0.0,0.0,0.0,0.0,0.6,1
iylonkhebriyanto,,5,0,1729410689,,,1,neutral,0.55,0,0.0,0.0,0.0,0.0,0.6,1
iylonkhebriyanto,,5,0,1732353991,,,1,neutral,0.55,0,0.0,0.0,0.0,0.0,0.6,1
hamzahrizz,,5,0,1704359554,,,1,neutral,0.55,0,0.0,0.0,0.0,0.0,0.6,1
zda15,,5,0,1733063450,,,1,neutral,0.55,0,0.0,0.0,0.0,0.0,0.6,1
dhanangswahyuwibowo,,5,0,1724212796,,,1,neutral,0.55,0,0.0,0.0,0.0,0.0,0.6,1
thrynheimnyx,,5,0,1713429719,,,1,neutral,0.55,0,0.0,0.0,0.0,0.0,0.6,1
ascend22,,5,0,1714995261,,,1,neutral,0.55,0,0.0,0.0,0.0,0.0,0.6,1
ajiepleciman,,5,0,1726226285,,,1,neutral,0.55,0,0.0,0.0,0.0,0.0,0.6,1
s4m.brand,,5,0,1735880848,,,1,neutral,0.55,0,0.0,0.0,0.0,0.0,0.6,1
idul1604,,5,0,1733954823,,,1,neutral,0.55,0,0.0,0.0,0.0,0.0,0.6,1
devinta_cell,,5,0,1735768774,,,1,neutral,0.55,0,0.0,0.0,0.0,0.0,0.6,1
fuadadz98,,4,0,1726882499,,,1,neutral,0.55,0,0.0,0.0,0.0,0.0,0.6,1
jhonynet,,5,0,1720340153,,,1,neutral,0.55,0,0.0,0.0,0.0,0.0,0.6,1
moedaytea,,5,0,1727421350,,,1,neutral,0.55,0,0.0,0.0,0.0,0.0,0.6,1
zulficar01,,5,0,1721105616,,,1,neutral,0.55,0,0.0,0.0,0.0,0.0,0.6,1
dimas.prayoga.12,,5,0,1715256485,,,1,neutral,0.55,0,0.0,0.0,0.0,0.0,0.6,1
andraarbawa,,5,0,1718843673,,,1,neutral,0.55,0,0.0,0.0,0.0,0.0,0.6,1
azdyandra,,5,0,1726150005,,,1,neutral,0.55,0,0.0,0.0,0.0,0.0,0.6,1
zero100700,,5,0,1725802824,,,1,neutral,0.55,0,0.0,0.0,0.0,0.0,0.6,1
darkneshvie,,5,0,1728913689,,,1,neutral,0.55,0,0.0,0.0,0.0,0.0,0.6,1
rakhmatsaniaa,,5,0,1713526205,,,1,neutral,0.55,0,0.0,0.0,0.0,0.0,0.6,1
dgrafis,,5,0,1711141043,,,1,neutral,0.55,0,0.0,0.0,0.0,0.0,0.6,1
rakhmatsaniaa,,5,0,1711295772,,,1,neutral,0.55,0,0.0,0.0,0.0,0.0,0.6,1
i*****s,,5,0,1704122201,,,1,neutral,0.55,0,0.0,0.0,0.0,0.0,0.6,1
ibaniban548,,5,0,1707217817,,,1,neutral,0.55,0,0.0,0.0,0.0,0.0,0.6,1
irsyadchanafi,,5,0,1706162632,,,1,neutral,0.55,0,0.0,0.0,0.0,0.0,0.6,1
zulfiazhar,,5,0,1704988835,,,1,neutral,0.55,0,0.0,0.0,0.0,0.0,0.6,1
aseptatang76,,5,0,1705711129,,,1,neutral,0.55,0,0.0,0.0,0.0,0.0,0.6,1
z*****i,,5,0,1705702590,,,1,neutral,0.55,0,0.0,0.0,0.0,0.0,0.6,1
ach_zhank,,5,0,1707145719,,,1,neutral,0.55,0,0.0,0.0,0.0,0.0,0.6,1
seeworld2,,5,0,1707114087,,,1,neutral,0.55,0,0.0,0.0,0.0,0.0,0.6,1
r*****7,,5,0,1708375707,,,1,neutral,0.55,0,0.0,0.0,0.0,0.0,0.6,1
bashof_19,,5,0,1708478779,,,1,neutral,0.55,0,0.0,0.0,0.0,0.0,0.6,1
retputhar35,,5,0,1709194650,,,1,neutral,0.55,0,0.0,0.0,0.0,0.0,0.6,1
ojann1331,,5,0,1709353700,,,1,neutral,0.55,0,0.0,0.0,0.0,0.0,0.6,1
planet_counter,,5,0,1720868994,,,1,neutral,0.55,0,0.0,0.0,0.0,0.0,0.6,1
fikryarsl,,5,0,1720515554,,,1,neutral,0.55,0,0.0,0.0,0.0,0.0,0.6,1
rahmat_hdyt__,,5,0,1720745098,,,1,neutral,0.55,0,0.0,0.0,0.0,0.0,0.6,1
fudsskl,,5,0,1720713067,,,1,neutral,0.55,0,0.0,0.0,0.0,0.0,0.6,1
adi.nugggroho,,5,0,1724868461,,,1,neutral,0.55,0,0.0,0.0,0.0,0.0,0.6,1
,,5,0,1723625863,,,1,neutral,0.55,0,0.0,0.0,0.0,0.0,0.6,1
7*****g,,5,0,1724322752,,,1,neutral,0.55,0,0.0,0.0,0.0,0.0,0.6,1
andhy_kawani,,5,0,1726964690,,,1,neutral,0.55,0,0.0,0.0,0.0,0.0,0.6,1
fyyfth_,,5,0,1727884377,,,1,neutral,0.55,0,0.0,0.0,0.0,0.0,0.6,1
adi.nugggroho,,5,0,1727871458,,,1,neutral,0.55,0,0.0,0.0,0.0,0.0,0.6,1
rangga896,,5,0,1722072705,,,1,neutral,0.55,0,0.0,0.0,0.0,0.0,0.6,1
pakali428,,5,0,1721891606,,,1,neutral,0.55,0,0.0,0.0,0.0,0.0,0.6,1
retputhar35,,5,0,1722840838,,,1,neutral,0.55,0,0.0,0.0,0.0,0.0,0.6,1
linus_jr,,5,0,1729435245,,,1,neutral,0.55,0,0.0,0.0,0.0,0.0,0.6,1
linus_jr,,5,0,1729917440,,,1,neutral,0.55,0,0.0,0.0,0.0,0.0,0.6,1
bagasr44,,5,0,1730224845,,,1,neutral,0.55,0,0.0,0.0,0.0,0.0,0.6,1
bayu_sekti,,5,0,1730641455,,,1,neutral,0.55,0,0.0,0.0,0.0,0.0,0.6,1
azizkudd,,5,0,1730349933,,,1,neutral,0.55,0,0.0,0.0,0.0,0.0,0.6,1
boysantoso176,,5,0,1732765080,,,1,neutral,0.55,0,0.0,0.0,0.0,0.0,0.6,1
dammar_jati,,5,0,1734693002,,,1,neutral,0.55,0,0.0,0.0,0.0,0.0,0.6,1
adhitya2006,,5,0,1735210454,,,1,neutral,0.55,0,0.0,0.0,0.0,0.0,0.6,1
ricky_g97,,5,0,1735109561,,,1,neutral,0.55,0,0.0,0.0,0.0,0.0,0.6,1
maspawiro,,5,0,1733675452,,,1,neutral,0.55,0,0.0,0.0,0.0,0.0,0.6,1
oyehgaming,,5,0,1733884008,,,1,neutral,0.55,0,0.0,0.0,0.0,0.0,0.6,1
luffytorao,,5,0,1734195704,,,1,neutral,0.55,0,0.0,0.0,0.0,0.0,0.6,1
bossteknologi,,5,0,1734586698,,,1,neutral,0.55,0,0.0,0.0,0.0,0.0,0.6,1
dammar_jati,,5,0,1734619747,,,1,neutral,0.55,0,0.0,0.0,0.0,0.0,0.6,1
yoga_tea,,5,0,1734579376,,,1,neutral,0.55,0,0.0,0.0,0.0,0.0,0.6,1
rovi_husni,,5,0,1738922972,,,1,neutral,0.55,0,0.0,0.0,0.0,0.0,0.6,1
indah_pertiwi96,,5,0,1726789754,,,1,neutral,0.55,0,0.0,0.0,0.0,0.0,0.6,1
wiwiksmd,,5,0,1726810559,,,1,neutral,0.55,0,0.0,0.0,0.0,0.0,0.6,1
a*****6,,5,0,1727753319,,,1,neutral,0.55,0,0.0,0.0,0.0,0.0,0.6,1
putrapurnama_aji,,5,0,1728246399,,,1,neutral,0.55,0,0.0,0.0,0.0,0.0,0.6,1
andhitech,,5,0,1723178732,,,1,neutral,0.55,0,0.0,0.0,0.0,0.0,0.6,1
linus_jr,,5,0,1729327147,,,1,neutral,0.55,0,0.0,0.0,0.0,0.0,0.6,1
linus_jr,,5,0,1729603683,,,1,neutral,0.55,0,0.0,0.0,0.0,0.0,0.6,1
anggaa2323,,5,0,1729766755,,,1,neutral,0.55,0,0.0,0.0,0.0,0.0,0.6,1
wiwitmauliacake,,5,0,1730501023,,,1,neutral,0.55,0,0.0,0.0,0.0,0.0,0.6,1
ibnualia,,5,0,1732078222,,,1,neutral,0.55,0,0.0,0.0,0.0,0.0,0.6,1
mazaya.idtoys,,5,0,1736004468,,,1,neutral,0.55,0,0.0,0.0,0.0,0.0,0.6,1
ferydwi122,,5,0,1735857053,,,1,neutral,0.55,0,0.0,0.0,0.0,0.0,0.6,1
ikhwanarifin135,,5,0,1734006975,,,1,neutral,0.55,0,0.0,0.0,0.0,0.0,0.6,1
j*****a,,5,0,1734020094,,,1,neutral,0.55,0,0.0,0.0,0.0,0.0,0.6,1
davegsmfernandez,,5,0,1733849438,,,1,neutral,0.55,0,0.0,0.0,0.0,0.0,0.6,1
naand0,,5,0,1738925544,,,1,neutral,0.55,0,0.0,0.0,0.0,0.0,0.6,1
kaibal,,4,0,1714786110,,,1,neutral,0.55,0,0.0,0.0,0.0,0.0,0.6,1
aditsuherman63,,4,0,1717401325,,,1,neutral,0.55,0,0.0,0.0,0.0,0.0,0.6,1
kaosem.indonesia,,4,0,1731672639,,,1,neutral,0.55,0,0.0,0.0,0.0,0.0,0.6,1
1*****4,,4,0,1725527065,,,1,neutral,0.55,0,0.0,0.0,0.0,0.0,0.6,1
iwanpratama93,,4,0,1735551981,,,1,neutral,0.55,0,0.0,0.0,0.0,0.0,0.6,1
siskaaaeee_03,,3,0,1725852198,,,1,neutral,0.55,0,0.0,0.0,0.0,0.0,0.6,1
siraybilly,,5,0,1732534934,,,1,neutral,0.55,0,0.0,0.0,0.0,0.0,0.6,1
adythiaprakoso08,,5,0,1731904426,,,1,neutral,0.55,0,0.0,0.0,0.0,0.0,0.6,1
linus_jr,,5,0,1731673676,,,1,neutral,0.55,0,0.0,0.0,0.0,0.0,0.6,1
rumah_muslim,,5,0,1703510214,,,1,neutral,0.55,0,0.0,0.0,0.0,0.0,0.6,1
pencil2b,,5,0,1703542190,,,1,neutral,0.55,0,0.0,0.0,0.0,0.0,0.6,1
bagus17996,,5,0,1731674596,,,1,neutral,0.55,0,0.0,0.0,0.0,0.0,0.6,1
rumah_muslim,,5,0,1703246795,,,1,neutral,0.55,0,0.0,0.0,0.0,0.0,0.6,1
mynameibnu,,5,0,1702956317,,,1,neutral,0.55,0,0.0,0.0,0.0,0.0,0.6,1
linus_jr,,5,0,1702977468,,,1,neutral,0.55,0,0.0,0.0,0.0,0.0,0.6,1
huang20,,5,0,1702540905,,,1,neutral,0.55,0,0.0,0.0,0.0,0.0,0.6,1
takanome00,,5,0,1702364702,,,1,neutral,0.55,0,0.0,0.0,0.0,0.0,0.6,1
linus_jr,,5,0,1702377730,,,1,neutral,0.55,0,0.0,0.0,0.0,0.0,0.6,1
erikbagusp,,5,0,1701999462,,,1,neutral,0.55,0,0.0,0.0,0.0,0.0,0.6,1
dindafarrasasti,,5,0,1701433156,,,1,neutral,0.55,0,0.0,0.0,0.0,0.0,0.6,1
syahrudi1790,,5,0,1701422685,,,1,neutral,0.55,0,0.0,0.0,0.0,0.0,0.6,1
muttaqinnoor,,5,1,1728175876,,,1,neutral,0.55,0,0.0,0.0,0.0,0.0,0.6,1
rdputraa,,5,0,1700968012,,,1,neutral,0.55,0,0.0,0.0,0.0,0.0,0.6,1
adikyd,,5,0,1700841141,,,1,neutral,0.55,0,0.0,0.0,0.0,0.0,0.6,1
temmyolshop,,5,0,1700636398,,,1,neutral,0.55,0,0.0,0.0,0.0,0.0,0.6,1
andraarbawa,,5,0,1700035629,,,1,neutral,0.55,0,0.0,0.0,0.0,0.0,0.6,1
alsonnnnnmarkusssjuergen13,,5,0,1699795224,,,1,neutral,0.55,0,0.0,0.0,0.0,0.0,0.6,1
nemeisesstore,,5,0,1699555000,,,1,neutral,0.55,0,0.0,0.0,0.0,0.0,0.6,1
sulthanfigo17,,5,0,1699510059,,,1,neutral,0.55,0,0.0,0.0,0.0,0.0,0.6,1
enungrohaeni125,,4,0,1699181031,,,1,neutral,0.55,0,0.0,0.0,0.0,0.0,0.6,1
r*****n,,5,0,1700445660,,,1,neutral,0.55,0,0.0,0.0,0.0,0.0,0.6,1
porx3m,,5,0,1698387316,,,1,neutral,0.55,0,0.0,0.0,0.0,0.0,0.6,1
s*****y,,5,0,1698830768,,,1,neutral,0.55,0,0.0,0.0,0.0,0.0,0.6,1
d.cetakinaja,,5,0,1698495295,,,1,neutral,0.55,0,0.0,0.0,0.0,0.0,0.6,1
ahmatsyahrulf,,5,0,1698631094,,,1,neutral,0.55,0,0.0,0.0,0.0,0.0,0.6,1
farhansan793,,5,0,1698881878,,,1,neutral,0.55,0,0.0,0.0,0.0,0.0,0.6,1
wikasita,,5,0,1698140367,,,1,neutral,0.55,0,0.0,0.0,0.0,0.0,0.6,1
dickeyzaf,,5,0,1697796257,,,1,neutral,0.55,0,0.0,0.0,0.0,0.0,0.6,1
enjoy.shoppingg,,5,0,1698385701,,,1,neutral,0.55,0,0.0,0.0,0.0,0.0,0.6,1
y*****2,,5,0,1697726352,,,1,neutral,0.55,0,0.0,0.0,0.0,0.0,0.6,1
d*****4,,5,0,1697637666,,,1,neutral,0.55,0,0.0,0.0,0.0,0.0,0.6,1
zeprett92,,5,0,1697471439,,,1,neutral,0.55,0,0.0,0.0,0.0,0.0,0.6,1
ophiramadhan,,5,0,1697813487,,,1,neutral,0.55,0,0.0,0.0,0.0,0.0,0.6,1
porx3m,,5,0,1697118306,,,1,neutral,0.55,0,0.0,0.0,0.0,0.0,0.6,1
rycomp,,5,0,1696931864,,,1,neutral,0.55,0,0.0,0.0,0.0,0.0,0.6,1
erikbagusp,,5,0,1696947100,,,1,neutral,0.55,0,0.0,0.0,0.0,0.0,0.6,1
indahariyanti1718,,5,0,1696948873,,,1,neutral,0.55,0,0.0,0.0,0.0,0.0,0.6,1
z*****i,,5,0,1697373061,,,1,neutral,0.55,0,0.0,0.0,0.0,0.0,0.6,1
dedi12101997,,5,0,1696083665,,,1,neutral,0.55,0,0.0,0.0,0.0,0.0,0.6,1
sierruheru,,5,0,1696925357,,,1,neutral,0.55,0,0.0,0.0,0.0,0.0,0.6,1
pirmanwarna,,4,0,1696906972,,,1,neutral,0.55,0,0.0,0.0,0.0,0.0,0.6,1
mira_habsy88,,5,0,1696458824,,,1,neutral,0.55,0,0.0,0.0,0.0,0.0,0.6,1
z*****i,,5,0,1696494817,,,1,neutral,0.55,0,0.0,0.0,0.0,0.0,0.6,1
davinnathanielsutanto,,5,0,1696641505,,,1,neutral,0.55,0,0.0,0.0,0.0,0.0,0.6,1
g*****e,,5,0,1696647982,,,1,neutral,0.55,0,0.0,0.0,0.0,0.0,0.6,1
senara.parfum,,5,0,1696401515,,,1,neutral,0.55,0,0.0,0.0,0.0,0.0,0.6,1
j*****s,,5,0,1695908151,,,1,neutral,0.55,0,0.0,0.0,0.0,0.0,0.6,1
ggopffdxgyd8,,5,0,1696230740,,,1,neutral,0.55,0,0.0,0.0,0.0,0.0,0.6,1
ilhamekop,,5,0,1695683567,,,1,neutral,0.55,0,0.0,0.0,0.0,0.0,0.6,1
edogawasurya,,5,0,1695203981,,,1,neutral,0.55,0,0.0,0.0,0.0,0.0,0.6,1
edogawasurya,,5,0,1694881818,,,1,neutral,0.55,0,0.0,0.0,0.0,0.0,0.6,1
stef_ardian11,,5,0,1694781894,,,1,neutral,0.55,0,0.0,0.0,0.0,0.0,0.6,1
miftahussurur2007,,5,0,1694946282,,,1,neutral,0.55,0,0.0,0.0,0.0,0.0,0.6,1
bayuleksono48,,5,0,1693917101,,,1,neutral,0.55,0,0.0,0.0,0.0,0.0,0.6,1
dhonnie_fattah,,5,0,1694304202,,,1,neutral,0.55,0,0.0,0.0,0.0,0.0,0.6,1
rycomp,,5,0,1693558113,,,1,neutral,0.55,0,0.0,0.0,0.0,0.0,0.6,1
monikasl,,5,0,1693481742,,,1,neutral,0.55,0,0.0,0.0,0.0,0.0,0.6,1
andri35atria,,5,0,1692776158,,,1,neutral,0.55,0,0.0,0.0,0.0,0.0,0.6,1
hida4at,,5,0,1692669093,,,1,neutral,0.55,0,0.0,0.0,0.0,0.0,0.6,1
ozansky,,5,0,1694059820,,,1,neutral,0.55,0,0.0,0.0,0.0,0.0,0.6,1
denifathurohman321,,3,0,1694057867,,,1,neutral,0.55,0,0.0,0.0,0.0,0.0,0.6,1
adittyat4m,,5,0,1693891554,,,1,neutral,0.55,0,0.0,0.0,0.0,0.0,0.6,1
rycomp,,5,0,1692175555,,,1,neutral,0.55,0,0.0,0.0,0.0,0.0,0.6,1
fuatasnawi,,5,0,1692140425,,,1,neutral,0.55,0,0.0,0.0,0.0,0.0,0.6,1
seprio,,5,0,1693119120,,,1,neutral,0.55,0,0.0,0.0,0.0,0.0,0.6,1
pramudyadewantara,,5,0,1692988741,,,1,neutral,0.55,0,0.0,0.0,0.0,0.0,0.6,1
,,5,0,1692548280,,,1,neutral,0.55,0,0.0,0.0,0.0,0.0,0.6,1
najibjodiansyah,,3,0,1692548274,,,1,neutral,0.55,0,0.0,0.0,0.0,0.0,0.6,1
admojoyo,,5,0,1692548242,,,1,neutral,0.55,0,0.0,0.0,0.0,0.0,0.6,1
meonghideung,,4,0,1693268323,,,1,neutral,0.55,0,0.0,0.0,0.0,0.0,0.6,1
xxxasep,,5,0,1692453988,,,1,neutral,0.55,0,0.0,0.0,0.0,0.0,0.6,1
z*****a,,5,0,1691056548,,,1,neutral,0.55,0,0.0,0.0,0.0,0.0,0.6,1
dimasreski094,,5,0,1693042756,,,1,neutral,0.55,0,0.0,0.0,0.0,0.0,0.6,1
ariflatifh,,5,0,1718223468,,,1,neutral,0.55,0,0.0,0.0,0.0,0.0,0.6,1
zamzam_musozi,,5,0,1691844532,,,1,neutral,0.55,0,0.0,0.0,0.0,0.0,0.6,1
rezaislamy,,5,0,1690842085,,,1,neutral,0.55,0,0.0,0.0,0.0,0.0,0.6,1
mlthfii_,,5,0,1692186595,,,1,neutral,0.55,0,0.0,0.0,0.0,0.0,0.6,1
zamzam_musozi,,5,0,1692548276,,,1,neutral,0.55,0,0.0,0.0,0.0,0.0,0.6,1
milhamuddin,,5,0,1692513330,,,1,neutral,0.55,0,0.0,0.0,0.0,0.0,0.6,1
zamzam_musozi,,5,0,1692548228,,,1,neutral,0.55,0,0.0,0.0,0.0,0.0,0.6,1
s*****e,,5,0,1631853266,,,1,neutral,0.55,0,0.0,0.0,0.0,0.0,0.6,1
drmwnd09,,5,0,1647316421,,,1,neutral,0.55,0,0.0,0.0,0.0,0.0,0.6,1
amanahpersada,,5,0,1608623629,,,1,neutral,0.55,0,0.0,0.0,0.0,0.0,0.6,1
cookiessoup,,5,0,1663683031,,,1,neutral,0.55,0,0.0,0.0,0.0,0.0,0.6,1
cookiessoup,,5,0,1665824835,,,1,neutral,0.55,0,0.0,0.0,0.0,0.0,0.6,1
riyo_moto,,5,0,1605212045,,,1,neutral,0.55,0,0.0,0.0,0.0,0.0,0.6,1
riyo_moto,,5,0,1604526337,,,1,neutral,0.55,0,0.0,0.0,0.0,0.0,0.6,1
s*****e,,5,0,1626140067,,,1,neutral,0.55,0,0.0,0.0,0.0,0.0,0.6,1
mytenika,,5,0,1646029077,,,1,neutral,0.55,0,0.0,0.0,0.0,0.0,0.6,1
e*****7,,5,0,1665745902,,,1,neutral,0.55,0,0.0,0.0,0.0,0.0,0.6,1
eka_candra87,,5,0,1637552015,,,1,neutral,0.55,0,0.0,0.0,0.0,0.0,0.6,1
hayura.shp,,5,0,1605439017,,,1,neutral,0.55,0,0.0,0.0,0.0,0.0,0.6,1
wira.ramdani,,5,0,1603797206,,,1,neutral,0.55,0,0.0,0.0,0.0,0.0,0.6,1
anggaferd,,4,0,1691752128,,,1,neutral,0.55,0,0.0,0.0,0.0,0.0,0.6,1
r*****a,,5,0,1689546722,,,1,neutral,0.55,0,0.0,0.0,0.0,0.0,0.6,1
f_store22,,5,0,1626830244,,,1,neutral,0.55,0,0.0,0.0,0.0,0.0,0.6,1
shabreena28,,5,0,1646651970,,,1,neutral,0.55,0,0.0,0.0,0.0,0.0,0.6,1
a*****a,,5,0,1689402525,,,1,neutral,0.55,0,0.0,0.0,0.0,0.0,0.6,1
muhammadoktabriariansyah,,5,0,1637436886,,,1,neutral,0.55,0,0.0,0.0,0.0,0.0,0.6,1
muhammadoktabriariansyah,,5,0,1639543033,,,1,neutral,0.55,0,0.0,0.0,0.0,0.0,0.6,1
h*****o,,5,0,1659052978,,,1,neutral,0.55,0,0.0,0.0,0.0,0.0,0.6,1
gandamaihendra,,5,0,1692077463,,,1,neutral,0.55,0,0.0,0.0,0.0,0.0,0.6,1
heriyadi0077,,5,0,1690879935,,,1,neutral,0.55,0,0.0,0.0,0.0,0.0,0.6,1
88masjamil,,5,0,1689217058,,,1,neutral,0.55,0,0.0,0.0,0.0,0.0,0.6,1
wargakonoha630,,4,0,1692102724,,,1,neutral,0.55,0,0.0,0.0,0.0,0.0,0.6,1
aqil1909,,5,0,1691938020,,,1,neutral,0.55,0,0.0,0.0,0.0,0.0,0.6,1
ridafumi,,5,0,1632407993,,,1,neutral,0.55,0,0.0,0.0,0.0,0.0,0.6,1
none.ida,,5,0,1688695175,,,1,neutral,0.55,0,0.0,0.0,0.0,0.0,0.6,1
muhayad_rifai,,5,0,1692548283,,,1,neutral,0.55,0,0.0,0.0,0.0,0.0,0.6,1
w1lsennn,,5,0,1690225500,,,1,neutral,0.55,0,0.0,0.0,0.0,0.0,0.6,1
dhiaul_qadri,,5,0,1689918720,,,1,neutral,0.55,0,0.0,0.0,0.0,0.0,0.6,1
d*****u,,5,0,1691671117,,,1,neutral,0.55,0,0.0,0.0,0.0,0.0,0.6,1
hudaseptiyanto,,5,0,1688469095,,,1,neutral,0.55,0,0.0,0.0,0.0,0.0,0.6,1
iphulganyonk,,5,0,1690005127,,,1,neutral,0.55,0,0.0,0.0,0.0,0.0,0.6,1
azelsaputra,,5,0,1656674445,,,1,neutral,0.55,0,0.0,0.0,0.0,0.0,0.6,1
nandanopal,,4,0,1688677532,,,1,neutral,0.55,0,0.0,0.0,0.0,0.0,0.6,1
apinhendy,,5,0,1641803564,,,1,neutral,0.55,0,0.0,0.0,0.0,0.0,0.6,1
ivnrmdns,,5,0,1605956247,,,1,neutral,0.55,0,0.0,0.0,0.0,0.0,0.6,1
aoma123456,,5,0,1690451407,,,1,neutral,0.55,0,0.0,0.0,0.0,0.0,0.6,1
b*****p,,5,0,1687550149,,,1,neutral,0.55,0,0.0,0.0,0.0,0.0,0.6,1
_*****_,,5,0,1642416131,,,1,neutral,0.55,0,0.0,0.0,0.0,0.0,0.6,1
anam_camilan,,5,0,1646300561,,,1,neutral,0.55,0,0.0,0.0,0.0,0.0,0.6,1
sssujaka,,5,0,1658657618,,,1,neutral,0.55,0,0.0,0.0,0.0,0.0,0.6,1
nandanuraini23,,5,0,1686542137,,,1,neutral,0.55,0,0.0,0.0,0.0,0.0,0.6,1
winatasetiawan,,5,0,1687278370,,,1,neutral,0.55,0,0.0,0.0,0.0,0.0,0.6,1
danelamuslimahstyle,,5,0,1689676879,,,1,neutral,0.55,0,0.0,0.0,0.0,0.0,0.6,1
arievandhie,,5,0,1658954944,,,1,neutral,0.55,0,0.0,0.0,0.0,0.0,0.6,1
arievandhie,,5,0,1659868450,,,1,neutral,0.55,0,0.0,0.0,0.0,0.0,0.6,1
rycomp,,5,0,1686023587,,,1,neutral,0.55,0,0.0,0.0,0.0,0.0,0.6,1
ariq.alfurqan,,4,0,1628405219,,,1,neutral,0.55,0,0.0,0.0,0.0,0.0,0.6,1
didikwidyamukhsin201,,2,1,1723350702,,,1,neutral,0.55,0,0.0,0.0,0.0,0.0,0.6,1
adimasaqsa99,,4,0,1647785478,,,1,neutral,0.55,0,0.0,0.0,0.0,0.0,0.6,1
adimasaqsa99,,4,0,1647785463,,,1,neutral,0.55,0,0.0,0.0,0.0,0.0,0.6,1
hsn_computer,,5,0,1685100211,,,1,neutral,0.55,0,0.0,0.0,0.0,0.0,0.6,1
kadutech81,,5,0,1690189567,,,1,neutral,0.55,0,0.0,0.0,0.0,0.0,0.6,1
rudimuhamad2905,,5,0,1689765160,,,1,neutral,0.55,0,0.0,0.0,0.0,0.0,0.6,1
ariq.alfurqan,,3,0,1645685062,,,1,neutral,0.55,0,0.0,0.0,0.0,0.0,0.6,1
kiki_uh,,5,0,1685230047,,,1,neutral,0.55,0,0.0,0.0,0.0,0.0,0.6,1
kudagone,,5,0,1684552881,,,1,neutral,0.55,0,0.0,0.0,0.0,0.0,0.6,1
adriano_aha,,5,0,1684575338,,,1,neutral,0.55,0,0.0,0.0,0.0,0.0,0.6,1
y*****s,,5,0,1684448583,,,1,neutral,0.55,0,0.0,0.0,0.0,0.0,0.6,1
kadutech81,,5,0,1690021282,,,1,neutral,0.55,0,0.0,0.0,0.0,0.0,0.6,1
samricoer,,5,0,1683904486,,,1,neutral,0.55,0,0.0,0.0,0.0,0.0,0.6,1
thianb24,,5,0,1690111651,,,1,neutral,0.55,0,0.0,0.0,0.0,0.0,0.6,1
flamingo947,,5,0,1636768290,,,1,neutral,0.55,0,0.0,0.0,0.0,0.0,0.6,1
flamingo947,,5,0,1633339228,,,1,neutral,0.55,0,0.0,0.0,0.0,0.0,0.6,1
cahclax,,5,0,1662964349,,,1,neutral,0.55,0,0.0,0.0,0.0,0.0,0.6,1
cahclax,,5,0,1658584344,,,1,neutral,0.55,0,0.0,0.0,0.0,0.0,0.6,1
,,5,0,1639405328,,,1,neutral,0.55,0,0.0,0.0,0.0,0.0,0.6,1
momotzniez,,5,0,1688651355,,,1,neutral,0.55,0,0.0,0.0,0.0,0.0,0.6,1
rycomp,,5,0,1683052189,,,1,neutral,0.55,0,0.0,0.0,0.0,0.0,0.6,1
dans111,,5,0,1683008667,,,1,neutral,0.55,0,0.0,0.0,0.0,0.0,0.6,1
mohalfandi2,,5,0,1689997617,,,1,neutral,0.55,0,0.0,0.0,0.0,0.0,0.6,1
didikwidyamukhsin201,,5,0,1638001068,,,1,neutral,0.55,0,0.0,0.0,0.0,0.0,0.6,1
01wiranata_ardi,,5,0,1682820834,,,1,neutral,0.55,0,0.0,0.0,0.0,0.0,0.6,1
hasandeveloper,,5,0,1687584392,,,1,neutral,0.55,0,0.0,0.0,0.0,0.0,0.6,1
i*****d,,5,0,1684198317,,,1,neutral,0.55,0,0.0,0.0,0.0,0.0,0.6,1
zicoclothing,,5,0,1686159267,,,1,neutral,0.55,0,0.0,0.0,0.0,0.0,0.6,1
s*****r,,5,0,1681463503,,,1,neutral,0.55,0,0.0,0.0,0.0,0.0,0.6,1
s*****r,,5,0,1681463371,,,1,neutral,0.55,0,0.0,0.0,0.0,0.0,0.6,1
xgenits,,5,0,1682988528,,,1,neutral,0.55,0,0.0,0.0,0.0,0.0,0.6,1
rycomp,,5,0,1681104749,,,1,neutral,0.55,0,0.0,0.0,0.0,0.0,0.6,1
rendra8512,,5,0,1682673937,,,1,neutral,0.55,0,0.0,0.0,0.0,0.0,0.6,1
mastertechdigital,,5,0,1680441475,,,1,neutral,0.55,0,0.0,0.0,0.0,0.0,0.6,1
dzukronus,,5,0,1682081614,,,1,neutral,0.55,0,0.0,0.0,0.0,0.0,0.6,1
zhidanir,,5,0,1686784527,,,1,neutral,0.55,0,0.0,0.0,0.0,0.0,0.6,1
fastelectro,,5,0,1679481534,,,1,neutral,0.55,0,0.0,0.0,0.0,0.0,0.6,1
siputdmc,,5,0,1679425864,,,1,neutral,0.55,0,0.0,0.0,0.0,0.0,0.6,1
yukieduard22,,5,0,1688359096,,,1,neutral,0.55,0,0.0,0.0,0.0,0.0,0.6,1
wahyu.raihan1,,5,0,1687511704,,,1,neutral,0.55,0,0.0,0.0,0.0,0.0,0.6,1
samsudinnor,,5,0,1679201995,,,1,neutral,0.55,0,0.0,0.0,0.0,0.0,0.6,1
akavaro,,5,0,1689472968,,,1,neutral,0.55,0,0.0,0.0,0.0,0.0,0.6,1
rycomp,,5,0,1678687110,,,1,neutral,0.55,0,0.0,0.0,0.0,0.0,0.6,1
milangame,,5,0,1678438262,,,1,neutral,0.55,0,0.0,0.0,0.0,0.0,0.6,1
f*****9,,5,0,1680777292,,,1,neutral,0.55,0,0.0,0.0,0.0,0.0,0.6,1
reksa.atmojo,,5,0,1678277977,,,1,neutral,0.55,0,0.0,0.0,0.0,0.0,0.6,1
hanzz46,,5,0,1678107793,,,1,neutral,0.55,0,0.0,0.0,0.0,0.0,0.6,1
ikadevina15,,5,0,1677991665,,,1,neutral,0.55,0,0.0,0.0,0.0,0.0,0.6,1
syafa_hm25,,5,0,1677817123,,,1,neutral,0.55,0,0.0,0.0,0.0,0.0,0.6,1
rycomp,,5,0,1677748588,,,1,neutral,0.55,0,0.0,0.0,0.0,0.0,0.6,1
nadzhry,,5,0,1677111923,,,1,neutral,0.55,0,0.0,0.0,0.0,0.0,0.6,1
andin0t,,5,0,1676702479,,,1,neutral,0.55,0,0.0,0.0,0.0,0.0,0.6,1
anungsudrajat,,5,0,1675980738,,,1,neutral,0.55,0,0.0,0.0,0.0,0.0,0.6,1
ikedewilestari11,,5,0,1675278347,,,1,neutral,0.55,0,0.0,0.0,0.0,0.0,0.6,1
suagian,,5,0,1674719638,,,1,neutral,0.55,0,0.0,0.0,0.0,0.0,0.6,1
faisal8595,,5,0,1674393992,,,1,neutral,0.55,0,0.0,0.0,0.0,0.0,0.6,1
andin0t,,5,0,1674367629,,,1,neutral,0.55,0,0.0,0.0,0.0,0.0,0.6,1
dwi_nugroho22,,5,0,1673093295,,,1,neutral,0.55,0,0.0,0.0,0.0,0.0,0.6,1
rycomp,,5,0,1673079548,,,1,neutral,0.55,0,0.0,0.0,0.0,0.0,0.6,1
budiblazzter,,5,0,1673000818,,,1,neutral,0.55,0,0.0,0.0,0.0,0.0,0.6,1
jauharisc,,5,0,1672892874,,,1,neutral,0.55,0,0.0,0.0,0.0,0.0,0.6,1
kemalpasha91,,5,0,1672704451,,,1,neutral,0.55,0,0.0,0.0,0.0,0.0,0.6,1
rahend_ra,,5,0,1672642284,,,1,neutral,0.55,0,0.0,0.0,0.0,0.0,0.6,1
alwaprint.id,,5,0,1664442727,,,1,neutral,0.55,0,0.0,0.0,0.0,0.0,0.6,1
denysuryoputranto,,5,0,1659516791,,,1,neutral,0.55,0,0.0,0.0,0.0,0.0,0.6,1
alwaprint.id,,5,0,1664028718,,,1,neutral,0.55,0,0.0,0.0,0.0,0.0,0.6,1
briyan68,,5,0,1598711452,,,1,neutral,0.55,0,0.0,0.0,0.0,0.0,0.6,1
d*****o,,5,0,1657703061,,,1,neutral,0.55,0,0.0,0.0,0.0,0.0,0.6,1
mailsuram007,,5,0,1645611015,,,1,neutral,0.55,0,0.0,0.0,0.0,0.0,0.6,1
ljgmantang,,5,0,1657527647,,,1,neutral,0.55,0,0.0,0.0,0.0,0.0,0.6,1
yogi_saputra1234,,5,0,1604885053,,,1,neutral,0.55,0,0.0,0.0,0.0,0.0,0.6,1
a*****r,,5,0,1633820909,,,1,neutral,0.55,0,0.0,0.0,0.0,0.0,0.6,1
prayadatedi,,5,0,1608457502,,,1,neutral,0.55,0,0.0,0.0,0.0,0.0,0.6,1
s*****r,,5,0,1672233392,,,1,neutral,0.55,0,0.0,0.0,0.0,0.0,0.6,1
ziza_custom_airfreshener,,5,0,1661332233,,,1,neutral,0.55,0,0.0,0.0,0.0,0.0,0.6,1
andiinn01,,5,0,1638473966,,,1,neutral,0.55,0,0.0,0.0,0.0,0.0,0.6,1
j*****2,,5,0,1641368478,,,1,neutral,0.55,0,0.0,0.0,0.0,0.0,0.6,1
razkha,,5,0,1597381291,,,1,neutral,0.55,0,0.0,0.0,0.0,0.0,0.6,1
mustofa_husein,,5,0,1637923215,,,1,neutral,0.55,0,0.0,0.0,0.0,0.0,0.6,1
mendypm,,5,0,1661952214,,,1,neutral,0.55,0,0.0,0.0,0.0,0.0,0.6,1
krisna_whesti,,5,0,1644832309,,,1,neutral,0.55,0,0.0,0.0,0.0,0.0,0.6,1
febryy.id,,5,0,1631519416,,,1,neutral,0.55,0,0.0,0.0,0.0,0.0,0.6,1
afif.jirou,,5,0,1666834791,,,1,neutral,0.55,0,0.0,0.0,0.0,0.0,0.6,1
zulkifli671,,5,0,1612609774,,,1,neutral,0.55,0,0.0,0.0,0.0,0.0,0.6,1
tuturngudiarta,,5,0,1671008458,,,1,neutral,0.55,0,0.0,0.0,0.0,0.0,0.6,1
nicholas_a,,5,0,1657384142,,,1,neutral,0.55,0,0.0,0.0,0.0,0.0,0.6,1
linayusnita05,,5,0,1613650284,,,1,neutral,0.55,0,0.0,0.0,0.0,0.0,0.6,1
agatharosaline,,5,0,1668668629,,,1,neutral,0.55,0,0.0,0.0,0.0,0.0,0.6,1
ricchan24_,,5,0,1603231954,,,1,neutral,0.55,0,0.0,0.0,0.0,0.0,0.6,1
rahmat_rzf,,5,0,1669811220,,,1,neutral,0.55,0,0.0,0.0,0.0,0.0,0.6,1
semmesflasher,,5,0,1646624718,,,1,neutral,0.55,0,0.0,0.0,0.0,0.0,0.6,1
epikgerk,,5,0,1658829341,,,1,neutral,0.55,0,0.0,0.0,0.0,0.0,0.6,1
adrianoki00,,5,0,1644148989,,,1,neutral,0.55,0,0.0,0.0,0.0,0.0,0.6,1
muhammaddaffa2004,,5,0,1669202028,,,1,neutral,0.55,0,0.0,0.0,0.0,0.0,0.6,1
ajibchuk,,5,0,1613133735,,,1,neutral,0.55,0,0.0,0.0,0.0,0.0,0.6,1
daddierose,,5,0,1660982366,,,1,neutral,0.55,0,0.0,0.0,0.0,0.0,0.6,1
jauharisc,,5,0,1669549992,,,1,neutral,0.55,0,0.0,0.0,0.0,0.0,0.6,1
nicohendrawan,,5,0,1637584699,,,1,neutral,0.55,0,0.0,0.0,0.0,0.0,0.6,1
nadhrasikamaru19,,5,0,1647538077,,,1,neutral,0.55,0,0.0,0.0,0.0,0.0,0.6,1
hilman_alhadied,,5,0,1639753278,,,1,neutral,0.55,0,0.0,0.0,0.0,0.0,0.6,1
kemalpasha91,,5,0,1672368291,,,1,neutral,0.55,0,0.0,0.0,0.0,0.0,0.6,1
corneliu5,,5,0,1642510083,,,1,neutral,0.55,0,0.0,0.0,0.0,0.0,0.6,1
edwin125,,5,0,1628551045,,,1,neutral,0.55,0,0.0,0.0,0.0,0.0,0.6,1
,,5,0,1668700387,,,1,neutral,0.55,0,0.0,0.0,0.0,0.0,0.6,1
q*****e,,5,0,1658661164,,,1,neutral,0.55,0,0.0,0.0,0.0,0.0,0.6,1
aikorahyang,,5,0,1614166020,,,1,neutral,0.55,0,0.0,0.0,0.0,0.0,0.6,1
wahyuga9185,,5,0,1641477461,,,1,neutral,0.55,0,0.0,0.0,0.0,0.0,0.6,1
cottonstudio.id,,5,0,1622616255,,,1,neutral,0.55,0,0.0,0.0,0.0,0.0,0.6,1
nadlyneshop,,5,0,1605944081,,,1,neutral,0.55,0,0.0,0.0,0.0,0.0,0.6,1
,,5,0,1605315692,,,1,neutral,0.55,0,0.0,0.0,0.0,0.0,0.6,1
asya1369,,5,0,1648151768,,,1,neutral,0.55,0,0.0,0.0,0.0,0.0,0.6,1
faisalunyile,,5,0,1671181856,,,1,neutral,0.55,0,0.0,0.0,0.0,0.0,0.6,1
johan21st,,5,0,1637065186,,,1,neutral,0.55,0,0.0,0.0,0.0,0.0,0.6,1
erlangga666,,5,0,1662714548,,,1,neutral,0.55,0,0.0,0.0,0.0,0.0,0.6,1
utamitriut,,5,0,1668823998,,,1,neutral,0.55,0,0.0,0.0,0.0,0.0,0.6,1
giggsy,,5,0,1636957593,,,1,neutral,0.55,0,0.0,0.0,0.0,0.0,0.6,1
dedeimas73,,5,0,1631447846,,,1,neutral,0.55,0,0.0,0.0,0.0,0.0,0.6,1
djatmik0,,5,0,1664012032,,,1,neutral,0.55,0,0.0,0.0,0.0,0.0,0.6,1
ghinasalsabila0405,,5,0,1645687311,,,1,neutral,0.55,0,0.0,0.0,0.0,0.0,0.6,1
romy_zamynk,,5,0,1655038070,,,1,neutral,0.55,0,0.0,0.0,0.0,0.0,0.6,1
hanifwib24,,5,0,1665500718,,,1,neutral,0.55,0,0.0,0.0,0.0,0.0,0.6,1
taufikandriana,,5,0,1661119533,,,1,neutral,0.55,0,0.0,0.0,0.0,0.0,0.6,1
ahmadtauviq,,5,0,1605390676,,,1,neutral,0.55,0,0.0,0.0,0.0,0.0,0.6,1
,,5,0,1670310398,,,1,neutral,0.55,0,0.0,0.0,0.0,0.0,0.6,1
fckgtrsa,,5,0,1591890593,,,1,neutral,0.55,0,0.0,0.0,0.0,0.0,0.6,1
beri.d.kirniawan,,5,0,1670031465,,,1,neutral,0.55,0,0.0,0.0,0.0,0.0,0.6,1
zafakomp,,5,0,1597205095,,,1,neutral,0.55,0,0.0,0.0,0.0,0.0,0.6,1
shiaonline,,5,0,1657539559,,,1,neutral,0.55,0,0.0,0.0,0.0,0.0,0.6,1
,,5,0,1631682319,,,1,neutral,0.55,0,0.0,0.0,0.0,0.0,0.6,1
,,5,0,1632471493,,,1,neutral,0.55,0,0.0,0.0,0.0,0.0,0.6,1
ipikmb,,5,0,1626244434,,,1,neutral,0.55,0,0.0,0.0,0.0,0.0,0.6,1
i*****o,,5,0,1658025548,,,1,neutral,0.55,0,0.0,0.0,0.0,0.0,0.6,1
fadhilfn04,,5,0,1668990581,,,1,neutral,0.55,0,0.0,0.0,0.0,0.0,0.6,1
agusma0585,,5,0,1671090688,,,1,neutral,0.55,0,0.0,0.0,0.0,0.0,0.6,1
elektron11,,5,0,1655698301,,,1,neutral,0.55,0,0.0,0.0,0.0,0.0,0.6,1
iyank.siska,,5,0,1662592723,,,1,neutral,0.55,0,0.0,0.0,0.0,0.0,0.6,1
adith92,,5,0,1637817609,,,1,neutral,0.55,0,0.0,0.0,0.0,0.0,0.6,1
silvianasapta,,5,0,1666103643,,,1,neutral,0.55,0,0.0,0.0,0.0,0.0,0.6,1
andreas_jemmy,,5,0,1656163475,,,1,neutral,0.55,0,0.0,0.0,0.0,0.0,0.6,1
nuriwuryanto,,5,0,1675323642,,,1,neutral,0.55,0,0.0,0.0,0.0,0.0,0.6,1
kangbram86,,5,0,1670997260,,,1,neutral,0.55,0,0.0,0.0,0.0,0.0,0.6,1
dise.amalia,,5,0,1658380101,,,1,neutral,0.55,0,0.0,0.0,0.0,0.0,0.6,1
aznan555,,5,0,1674285296,,,1,neutral,0.55,0,0.0,0.0,0.0,0.0,0.6,1
a*****n,,5,0,1661145965,,,1,neutral,0.55,0,0.0,0.0,0.0,0.0,0.6,1
arpriyagung,,5,0,1664641061,,,1,neutral,0.55,0,0.0,0.0,0.0,0.0,0.6,1
abdulaziz614,,5,0,1663832335,,,1,neutral,0.55,0,0.0,0.0,0.0,0.0,0.6,1
saif.,,5,0,1670265578,,,1,neutral,0.55,0,0.0,0.0,0.0,0.0,0.6,1
fuatasnawi,,5,0,1678181900,,,1,neutral,0.55,0,0.0,0.0,0.0,0.0,0.6,1
rohmisartikasari,,5,0,1688561799,,,1,neutral,0.55,0,0.0,0.0,0.0,0.0,0.6,1
r*****z,,5,0,1663336442,,,1,neutral,0.55,0,0.0,0.0,0.0,0.0,0.6,1
beautyrichofficial,,5,0,1637876844,,,1,neutral,0.55,0,0.0,0.0,0.0,0.0,0.6,1
a*****i,,4,0,1684915934,,,1,neutral,0.55,0,0.0,0.0,0.0,0.0,0.6,1
feyz87w,,5,0,1635944092,,,1,neutral,0.55,0,0.0,0.0,0.0,0.0,0.6,1
h*****a,,5,0,1656487717,,,1,neutral,0.55,0,0.0,0.0,0.0,0.0,0.6,1
yudiherm4w4n,,4,0,1682894706,,,1,neutral,0.55,0,0.0,0.0,0.0,0.0,0.6,1
assiddiqy,,5,0,1615975954,,,1,neutral,0.55,0,0.0,0.0,0.0,0.0,0.6,1
i*****1,,5,0,1670853479,,,1,neutral,0.55,0,0.0,0.0,0.0,0.0,0.6,1
juan_mawan,,5,0,1681562161,,,1,neutral,0.55,0,0.0,0.0,0.0,0.0,0.6,1
munandar.munandar,,5,0,1606653133,,,1,neutral,0.55,0,0.0,0.0,0.0,0.0,0.6,1
fauzanisnawan,,5,0,1626413502,,,1,neutral,0.55,0,0.0,0.0,0.0,0.0,0.6,1
watiwaruwu,,5,0,1666593416,,,1,neutral,0.55,0,0.0,0.0,0.0,0.0,0.6,1
krensaesar,,5,0,1671450555,,,1,neutral,0.55,0,0.0,0.0,0.0,0.0,0.6,1
cepi_batara,,5,0,1659933780,,,1,neutral,0.55,0,0.0,0.0,0.0,0.0,0.6,1
g*****k,,5,0,1664594699,,,1,neutral,0.55,0,0.0,0.0,0.0,0.0,0.6,1
m*****a,,5,0,1665998984,,,1,neutral,0.55,0,0.0,0.0,0.0,0.0,0.6,1
f*****y,,5,0,1675819693,,,1,neutral,0.55,0,0.0,0.0,0.0,0.0,0.6,1
rajikanabeng,,5,0,1618968270,,,1,neutral,0.55,0,0.0,0.0,0.0,0.0,0.6,1
putuiwansatriawan,,5,0,1656564846,,,1,neutral,0.55,0,0.0,0.0,0.0,0.0,0.6,1
alif_ridersbeat,,5,0,1682938279,,,1,neutral,0.55,0,0.0,0.0,0.0,0.0,0.6,1
f*****i,,5,0,1684974577,,,1,neutral,0.55,0,0.0,0.0,0.0,0.0,0.6,1
meditjoa,,4,0,1656564982,,,1,neutral,0.55,0,0.0,0.0,0.0,0.0,0.6,1
talita.zahro,,4,0,1661158323,,,1,neutral,0.55,0,0.0,0.0,0.0,0.0,0.6,1
viracellphone,,5,0,1655357570,,,1,neutral,0.55,0,0.0,0.0,0.0,0.0,0.6,1
a*****2,,5,0,1605750688,,,1,neutral,0.55,0,0.0,0.0,0.0,0.0,0.6,1
erlangpbyf,,5,0,1689515878,,,1,neutral,0.55,0,0.0,0.0,0.0,0.0,0.6,1
g*****n,,4,0,1681453411,,,1,neutral,0.55,0,0.0,0.0,0.0,0.0,0.6,1
virgadaniel89,,5,0,1665709150,,,1,neutral,0.55,0,0.0,0.0,0.0,0.0,0.6,1
deviwulandari446,,5,0,1668802124,,,1,neutral,0.55,0,0.0,0.0,0.0,0.0,0.6,1
habibihabibi046,,5,0,1689128746,,,1,neutral,0.55,0,0.0,0.0,0.0,0.0,0.6,1
_puja_._,,5,0,1664099544,,,1,neutral,0.55,0,0.0,0.0,0.0,0.0,0.6,1
ophiramadhan,,5,0,1688799190,,,1,neutral,0.55,0,0.0,0.0,0.0,0.0,0.6,1
rosi120551,,5,0,1675680117,,,1,neutral,0.55,0,0.0,0.0,0.0,0.0,0.6,1
junee.id,,5,0,1639367822,,,1,neutral,0.55,0,0.0,0.0,0.0,0.0,0.6,1
yazartstore,,5,0,1668836344,,,1,neutral,0.55,0,0.0,0.0,0.0,0.0,0.6,1
lukmanmasbro,,5,0,1687499402,,,1,neutral,0.55,0,0.0,0.0,0.0,0.0,0.6,1
zildjanex,,5,0,1674105687,,,1,neutral,0.55,0,0.0,0.0,0.0,0.0,0.6,1
rizkiherdiansyah07,,5,0,1656882486,,,1,neutral,0.55,0,0.0,0.0,0.0,0.0,0.6,1
neldut7,,5,0,1666248064,,,1,neutral,0.55,0,0.0,0.0,0.0,0.0,0.6,1
zildjanex,,5,0,1672444529,,,1,neutral,0.55,0,0.0,0.0,0.0,0.0,0.6,1
neldut7,,5,0,1669812076,,,1,neutral,0.55,0,0.0,0.0,0.0,0.0,0.6,1
raden2810,,4,0,1620678430,,,1,neutral,0.55,0,0.0,0.0,0.0,0.0,0.6,1
mila_aini07,,5,0,1680839215,,,1,neutral,0.55,0,0.0,0.0,0.0,0.0,0.6,1
riyoiyo,,5,0,1638358510,,,1,neutral,0.55,0,0.0,0.0,0.0,0.0,0.6,1
0211afndz,,5,0,1658197301,,,1,neutral,0.55,0,0.0,0.0,0.0,0.0,0.6,1
maisyafrenika,,5,0,1597425599,,,1,neutral,0.55,0,0.0,0.0,0.0,0.0,0.6,1
hibban8515,,5,0,1672285454,,,1,neutral,0.55,0,0.0,0.0,0.0,0.0,0.6,1
hamzah_fansuri,,4,0,1662267928,,,1,neutral,0.55,0,0.0,0.0,0.0,0.0,0.6,1
naufal_rizaldi_,,5,0,1664201371,,,1,neutral,0.55,0,0.0,0.0,0.0,0.0,0.6,1
ichsansukmaputra,,5,0,1641532292,,,1,neutral,0.55,0,0.0,0.0,0.0,0.0,0.6,1
gadukchaos,,5,0,1687471810,,,1,neutral,0.55,0,0.0,0.0,0.0,0.0,0.6,1
irsyadnufran,,5,0,1668745173,,,1,neutral,0.55,0,0.0,0.0,0.0,0.0,0.6,1
xgalihx,,5,0,1605168036,,,1,neutral,0.55,0,0.0,0.0,0.0,0.0,0.6,1
farrellfidel,,5,0,1600847980,,,1,neutral,0.55,0,0.0,0.0,0.0,0.0,0.6,1
galuhkomp27,,5,0,1689395094,,,1,neutral,0.55,0,0.0,0.0,0.0,0.0,0.6,1
cholil47,,5,0,1687586796,,,1,neutral,0.55,0,0.0,0.0,0.0,0.0,0.6,1
teras_laptop,,5,0,1647147981,,,1,neutral,0.55,0,0.0,0.0,0.0,0.0,0.6,1
zaleha_231176,,5,0,1644821463,,,1,neutral,0.55,0,0.0,0.0,0.0,0.0,0.6,1
juli287,,5,0,1604275912,,,1,neutral,0.55,0,0.0,0.0,0.0,0.0,0.6,1
deliciasuminta,,5,0,1679064542,,,1,neutral,0.55,0,0.0,0.0,0.0,0.0,0.6,1
m*****a,,5,0,1604741220,,,1,neutral,0.55,0,0.0,0.0,0.0,0.0,0.6,1
faldiihsan,,5,0,1659908127,,,1,neutral,0.55,0,0.0,0.0,0.0,0.0,0.6,1
_jarsid,,5,0,1680428233,,,1,neutral,0.55,0,0.0,0.0,0.0,0.0,0.6,1
kristiantanjoraya,,5,0,1610061711,,,1,neutral,0.55,0,0.0,0.0,0.0,0.0,0.6,1
sondasafariansyahjulio,,5,0,1670167665,,,1,neutral,0.55,0,0.0,0.0,0.0,0.0,0.6,1
a*****a,,5,0,1657855099,,,1,neutral,0.55,0,0.0,0.0,0.0,0.0,0.6,1
ulin_nuha86,,5,0,1659156513,,,1,neutral,0.55,0,0.0,0.0,0.0,0.0,0.6,1
alif_ridersbeat,,5,0,1671604704,,,1,neutral,0.55,0,0.0,0.0,0.0,0.0,0.6,1
jaya_ornamen,,5,0,1675265690,,,1,neutral,0.55,0,0.0,0.0,0.0,0.0,0.6,1
sridwhan,,5,0,1656770851,,,1,neutral,0.55,0,0.0,0.0,0.0,0.0,0.6,1
g*****1,,5,0,1668516196,,,1,neutral,0.55,0,0.0,0.0,0.0,0.0,0.6,1
ryzal_surya,,5,0,1669979831,,,1,neutral,0.55,0,0.0,0.0,0.0,0.0,0.6,1
sem92,,5,0,1617029499,,,1,neutral,0.55,0,0.0,0.0,0.0,0.0,0.6,1
athaalfithrahidayat,,5,0,1689246693,,,1,neutral,0.55,0,0.0,0.0,0.0,0.0,0.6,1
muhamad.fairuz,,5,0,1686914977,,,1,neutral,0.55,0,0.0,0.0,0.0,0.0,0.6,1
gomarketid,,5,0,1675877679,,,1,neutral,0.55,0,0.0,0.0,0.0,0.0,0.6,1
millaidatul,,5,0,1666590183,,,1,neutral,0.55,0,0.0,0.0,0.0,0.0,0.6,1
setyopolos,,5,0,1687588241,,,1,neutral,0.55,0,0.0,0.0,0.0,0.0,0.6,1
singliong,,5,0,1659191208,,,1,neutral,0.55,0,0.0,0.0,0.0,0.0,0.6,1
ardha.laksa.a,,5,0,1671138882,,,1,neutral,0.55,0,0.0,0.0,0.0,0.0,0.6,1
dzikrish09,,5,0,1683913761,,,1,neutral,0.55,0,0.0,0.0,0.0,0.0,0.6,1
faqihihi,,5,0,1644685761,,,1,neutral,0.55,0,0.0,0.0,0.0,0.0,0.6,1
yapjor2234,,5,0,1648444549,,,1,neutral,0.55,0,0.0,0.0,0.0,0.0,0.6,1
nange2116,,5,0,1686305103,,,1,neutral,0.55,0,0.0,0.0,0.0,0.0,0.6,1
mr.chandpalembang,,5,0,1636441254,,,1,neutral,0.55,0,0.0,0.0,0.0,0.0,0.6,1
l*****3,,5,0,1672171477,,,1,neutral,0.55,0,0.0,0.0,0.0,0.0,0.6,1
agustinusleonarli19,,5,0,1647385833,,,1,neutral,0.55,0,0.0,0.0,0.0,0.0,0.6,1
missdindaaaa,,5,0,1678706962,,,1,neutral,0.55,0,0.0,0.0,0.0,0.0,0.6,1
iwanadityatya,,5,0,1663824552,,,1,neutral,0.55,0,0.0,0.0,0.0,0.0,0.6,1
icehh_kenziho,,5,0,1676617703,,,1,neutral,0.55,0,0.0,0.0,0.0,0.0,0.6,1
ahmadar18,,5,0,1647936720,,,1,neutral,0.55,0,0.0,0.0,0.0,0.0,0.6,1
icehh_kenziho,,5,0,1672809775,,,1,neutral,0.55,0,0.0,0.0,0.0,0.0,0.6,1
d*****n,,5,0,1662447172,,,1,neutral,0.55,0,0.0,0.0,0.0,0.0,0.6,1
i*****s,,5,0,1671277507,,,1,neutral,0.55,0,0.0,0.0,0.0,0.0,0.6,1
nuzulgibran,,4,0,1677842215,,,1,neutral,0.55,0,0.0,0.0,0.0,0.0,0.6,1
produkazra,,4,0,1638879092,,,1,neutral,0.55,0,0.0,0.0,0.0,0.0,0.6,1
cengky_13,,5,0,1675812785,,,1,neutral,0.55,0,0.0,0.0,0.0,0.0,0.6,1
a*****1,,5,0,1664975574,,,1,neutral,0.55,0,0.0,0.0,0.0,0.0,0.6,1
sulaimanadis,,5,0,1637589300,,,1,neutral,0.55,0,0.0,0.0,0.0,0.0,0.6,1
fincy321,,5,0,1689008147,,,1,neutral,0.55,0,0.0,0.0,0.0,0.0,0.6,1
dv_shoes,,5,0,1664283888,,,1,neutral,0.55,0,0.0,0.0,0.0,0.0,0.6,1
dedyroza,,5,0,1686559260,,,1,neutral,0.55,0,0.0,0.0,0.0,0.0,0.6,1
,,5,0,1674166375,,,1,neutral,0.55,0,0.0,0.0,0.0,0.0,0.6,1
narabanstore,,5,0,1671039557,,,1,neutral,0.55,0,0.0,0.0,0.0,0.0,0.6,1
arthacase,,5,0,1646809019,,,1,neutral,0.55,0,0.0,0.0,0.0,0.0,0.6,1
f*****y,,5,0,1645155832,,,1,neutral,0.55,0,0.0,0.0,0.0,0.0,0.6,1
katokyoo,,5,0,1613995430,,,1,neutral,0.55,0,0.0,0.0,0.0,0.0,0.6,1
retrostore88,,5,0,1661172832,,,1,neutral,0.55,0,0.0,0.0,0.0,0.0,0.6,1
narabanstore,,5,0,1671459776,,,1,neutral,0.55,0,0.0,0.0,0.0,0.0,0.6,1
ariyo_mokoginta,,5,0,1684291507,,,1,neutral,0.55,0,0.0,0.0,0.0,0.0,0.6,1
lapakgame22,,5,0,1617074438,,,1,neutral,0.55,0,0.0,0.0,0.0,0.0,0.6,1
rahmadi1902,,5,0,1678089852,,,1,neutral,0.55,0,0.0,0.0,0.0,0.0,0.6,1
r*****i,,5,0,1685021864,,,1,neutral,0.55,0,0.0,0.0,0.0,0.0,0.6,1
yehudaferdianstore,,4,0,1637562993,,,1,neutral,0.55,0,0.0,0.0,0.0,0.0,0.6,1
alpianhd566,,5,0,1605499866,,,1,neutral,0.55,0,0.0,0.0,0.0,0.0,0.6,1
rakaf.pohan,,5,0,1683523205,,,1,neutral,0.55,0,0.0,0.0,0.0,0.0,0.6,1
fujin009,,5,0,1686123363,,,1,neutral,0.55,0,0.0,0.0,0.0,0.0,0.6,1
m*****n,,5,0,1666433028,,,1,neutral,0.55,0,0.0,0.0,0.0,0.0,0.6,1
slankghofalls,,5,0,1673535935,,,1,neutral,0.55,0,0.0,0.0,0.0,0.0,0.6,1
mraimbe1,,5,0,1681124366,,,1,neutral,0.55,0,0.0,0.0,0.0,0.0,0.6,1
bychipseu,,5,0,1686294955,,,1,neutral,0.55,0,0.0,0.0,0.0,0.0,0.6,1
rizal.djafaar,,5,0,1688443563,,,1,neutral,0.55,0,0.0,0.0,0.0,0.0,0.6,1
febrianlaruku,,5,0,1669087544,,,1,neutral,0.55,0,0.0,0.0,0.0,0.0,0.6,1
ema_nurma,,5,0,1666653262,,,1,neutral,0.55,0,0.0,0.0,0.0,0.0,0.6,1
myteknika,,5,0,1664091103,,,1,neutral,0.55,0,0.0,0.0,0.0,0.0,0.6,1
firdanfaiz,,5,0,1646198907,,,1,neutral,0.55,0,0.0,0.0,0.0,0.0,0.6,1
muhammadsauqiindo123,,5,0,1687487361,,,1,neutral,0.55,0,0.0,0.0,0.0,0.0,0.6,1
jejjemd,,5,0,1687791707,,,1,neutral,0.55,0,0.0,0.0,0.0,0.0,0.6,1
v*****a,,5,0,1670563948,,,1,neutral,0.55,0,0.0,0.0,0.0,0.0,0.6,1
selfiyanahify12,,5,0,1683023974,,,1,neutral,0.55,0,0.0,0.0,0.0,0.0,0.6,1
d*****e,,5,0,1687176943,,,1,neutral,0.55,0,0.0,0.0,0.0,0.0,0.6,1
deborawinalusiana,,5,0,1678845340,,,1,neutral,0.55,0,0.0,0.0,0.0,0.0,0.6,1
mnsport_123,,4,0,1677412863,,,1,neutral,0.55,0,0.0,0.0,0.0,0.0,0.6,1
yudi.gnjr,,5,0,1687435956,,,1,neutral,0.55,0,0.0,0.0,0.0,0.0,0.6,1
e*****z,,5,0,1673531858,,,1,neutral,0.55,0,0.0,0.0,0.0,0.0,0.6,1
asoyanto,,5,0,1635691461,,,1,neutral,0.55,0,0.0,0.0,0.0,0.0,0.6,1
lussy_amalia_rismadevi,,5,0,1657977844,,,1,neutral,0.55,0,0.0,0.0,0.0,0.0,0.6,1
s*****a,,5,0,1659737107,,,1,neutral,0.55,0,0.0,0.0,0.0,0.0,0.6,1
wahyusantoso29,,5,0,1662055841,,,1,neutral,0.55,0,0.0,0.0,0.0,0.0,0.6,1
raysfigure.id,,5,0,1687277771,,,1,neutral,0.55,0,0.0,0.0,0.0,0.0,0.6,1
hani.anf,,5,0,1667131657,,,1,neutral,0.55,0,0.0,0.0,0.0,0.0,0.6,1
ahmad.ken,,5,0,1626592235,,,1,neutral,0.55,0,0.0,0.0,0.0,0.0,0.6,1
andikobagas,,5,0,1656295271,,,1,neutral,0.55,0,0.0,0.0,0.0,0.0,0.6,1
fauziach98,,5,0,1639875663,,,1,neutral,0.55,0,0.0,0.0,0.0,0.0,0.6,1
estherwahyuni22,,5,0,1633488782,,,1,neutral,0.55,0,0.0,0.0,0.0,0.0,0.6,1
rosadi.idrus,,5,0,1673399515,,,1,neutral,0.55,0,0.0,0.0,0.0,0.0,0.6,1
enikowijaya,,5,0,1686571223,,,1,neutral,0.55,0,0.0,0.0,0.0,0.0,0.6,1
fahmirosyadi_,,5,0,1655219324,,,1,neutral,0.55,0,0.0,0.0,0.0,0.0,0.6,1
logiskomputer,,5,0,1645318501,,,1,neutral,0.55,0,0.0,0.0,0.0,0.0,0.6,1
hubby_13,,5,0,1640231973,,,1,neutral,0.55,0,0.0,0.0,0.0,0.0,0.6,1
krazlxx,,5,0,1637371784,,,1,neutral,0.55,0,0.0,0.0,0.0,0.0,0.6,1
julianargeswara,,5,0,1681643184,,,1,neutral,0.55,0,0.0,0.0,0.0,0.0,0.6,1
a*****i,,5,0,1685182151,,,1,neutral,0.55,0,0.0,0.0,0.0,0.0,0.6,1
agusnihsan,,5,0,1674638518,,,1,neutral,0.55,0,0.0,0.0,0.0,0.0,0.6,1
setiaarief17,,5,0,1658906650,,,1,neutral,0.55,0,0.0,0.0,0.0,0.0,0.6,1
hanzulvikar,,5,0,1687849554,,,1,neutral,0.55,0,0.0,0.0,0.0,0.0,0.6,1
wr_gifts,,5,0,1675244301,,,1,neutral,0.55,0,0.0,0.0,0.0,0.0,0.6,1
iqbal_andryan,,5,0,1605263350,,,1,neutral,0.55,0,0.0,0.0,0.0,0.0,0.6,1
t*****d,,5,0,1658991352,,,1,neutral,0.55,0,0.0,0.0,0.0,0.0,0.6,1
taufiqheng,,5,0,1641976761,,,1,neutral,0.55,0,0.0,0.0,0.0,0.0,0.6,1
kasiyann99,,5,0,1688557252,,,1,neutral,0.55,0,0.0,0.0,0.0,0.0,0.6,1
muhammadrezkiramadhani,,5,0,1688512312,,,1,neutral,0.55,0,0.0,0.0,0.0,0.0,0.6,1
vygaaldisyahdi,,5,0,1680885774,,,1,neutral,0.55,0,0.0,0.0,0.0,0.0,0.6,1
irfansidikm,,5,0,1639861248,,,1,neutral,0.55,0,0.0,0.0,0.0,0.0,0.6,1
alifpramudito07,,5,0,1669220413,,,1,neutral,0.55,0,0.0,0.0,0.0,0.0,0.6,1
y*****e,,5,0,1662913478,,,1,neutral,0.55,0,0.0,0.0,0.0,0.0,0.6,1
angga_r,,5,0,1604475000,,,1,neutral,0.55,0,0.0,0.0,0.0,0.0,0.6,1
andikph,,5,0,1674882049,,,1,neutral,0.55,0,0.0,0.0,0.0,0.0,0.6,1
omoji.abadi,,5,0,1684860396,,,1,neutral,0.55,0,0.0,0.0,0.0,0.0,0.6,1
lattecia22,,5,0,1680518878,,,1,neutral,0.55,0,0.0,0.0,0.0,0.0,0.6,1
gadgetboost,,5,0,1674347241,,,1,neutral,0.55,0,0.0,0.0,0.0,0.0,0.6,1
eka_julian14,,5,0,1626957891,,,1,neutral,0.55,0,0.0,0.0,0.0,0.0,0.6,1
gadgetboost,,5,0,1670572971,,,1,neutral,0.55,0,0.0,0.0,0.0,0.0,0.6,1
pemburugratisandong,,3,1,1677056545,,,1,neutral,0.55,0,0.0,0.0,0.0,0.0,0.6,1
heniksetyoningsih,,5,0,1678008472,,,1,neutral,0.55,0,0.0,0.0,0.0,0.0,0.6,1
hendragunawan071281,,5,0,1685007974,,,1,neutral,0.55,0,0.0,0.0,0.0,0.0,0.6,1
ikun_17,,5,0,1605859985,,,1,neutral,0.55,0,0.0,0.0,0.0,0.0,0.6,1
hobi_ngeprint,,5,0,1648282251,,,1,neutral,0.55,0,0.0,0.0,0.0,0.0,0.6,1
fadiel_07,,5,0,1628756918,,,1,neutral,0.55,0,0.0,0.0,0.0,0.0,0.6,1
a*****5,,5,0,1669057239,,,1,neutral,0.55,0,0.0,0.0,0.0,0.0,0.6,1
aris_inzaghi,,5,0,1604050713,,,1,neutral,0.55,0,0.0,0.0,0.0,0.0,0.6,1
1*****0,,5,0,1658335160,,,1,neutral,0.55,0,0.0,0.0,0.0,0.0,0.6,1
v769fr7qgf,,5,0,1686888364,,,1,neutral,0.55,0,0.0,0.0,0.0,0.0,0.6,1
akmalakbar05003,,5,0,1639220635,,,1,neutral,0.55,0,0.0,0.0,0.0,0.0,0.6,1
lattecia22,,5,0,1659665006,,,1,neutral,0.55,0,0.0,0.0,0.0,0.0,0.6,1
ariyo_mokoginta,,5,0,1669987447,,,1,neutral,0.55,0,0.0,0.0,0.0,0.0,0.6,1
c*****a,,5,0,1671122938,,,1,neutral,0.55,0,0.0,0.0,0.0,0.0,0.6,1
fakhrul_lazuardi,,5,0,1665157524,,,1,neutral,0.55,0,0.0,0.0,0.0,0.0,0.6,1
alkab16,,5,0,1681801428,,,1,neutral,0.55,0,0.0,0.0,0.0,0.0,0.6,1
rizal_amri_07,,5,0,1656753812,,,1,neutral,0.55,0,0.0,0.0,0.0,0.0,0.6,1
vidimoore,,5,0,1649065334,,,1,neutral,0.55,0,0.0,0.0,0.0,0.0,0.6,1
raynard.kur,,5,0,1688241175,,,1,neutral,0.55,0,0.0,0.0,0.0,0.0,0.6,1
dididwiprasetya36,,5,0,1688257725,,,1,neutral,0.55,0,0.0,0.0,0.0,0.0,0.6,1
adeeif1,,5,0,1674444445,,,1,neutral,0.55,0,0.0,0.0,0.0,0.0,0.6,1
dwimasdhanang,,5,0,1680312122,,,1,neutral,0.55,0,0.0,0.0,0.0,0.0,0.6,1
sidikbjb,,5,0,1674810484,,,1,neutral,0.55,0,0.0,0.0,0.0,0.0,0.6,1
ihsanmustofa,,5,0,1639291701,,,1,neutral,0.55,0,0.0,0.0,0.0,0.0,0.6,1
indra_bayu_eko,,5,0,1677914311,,,1,neutral,0.55,0,0.0,0.0,0.0,0.0,0.6,1
nehemiayudhi,,5,0,1646579615,,,1,neutral,0.55,0,0.0,0.0,0.0,0.0,0.6,1
arielbb7,,5,0,1644421876,,,1,neutral,0.55,0,0.0,0.0,0.0,0.0,0.6,1
indra_bayu_eko,,5,0,1673231405,,,1,neutral,0.55,0,0.0,0.0,0.0,0.0,0.6,1
hekzatama18,,5,0,1679696708,,,1,neutral,0.55,0,0.0,0.0,0.0,0.0,0.6,1
derraais23,,5,0,1686606841,,,1,neutral,0.55,0,0.0,0.0,0.0,0.0,0.6,1
09daus,,5,0,1685235499,,,1,neutral,0.55,0,0.0,0.0,0.0,0.0,0.6,1
bobimarsal88,,5,0,1687246326,,,1,neutral,0.55,0,0.0,0.0,0.0,0.0,0.6,1
ari_blackpearl,,5,0,1681868618,,,1,neutral,0.55,0,0.0,0.0,0.0,0.0,0.6,1
hanif2354,,5,0,1661425509,,,1,neutral,0.55,0,0.0,0.0,0.0,0.0,0.6,1
d*****d,,4,0,1663997276,,,1,neutral,0.55,0,0.0,0.0,0.0,0.0,0.6,1
4*****1,,5,0,1669262455,,,1,neutral,0.55,0,0.0,0.0,0.0,0.0,0.6,1
riyaldy.wirajaya,,5,0,1675216449,,,1,neutral,0.55,0,0.0,0.0,0.0,0.0,0.6,1
riyaldy.wirajaya,,5,0,1674098458,,,1,neutral,0.55,0,0.0,0.0,0.0,0.0,0.6,1
nuralamyana1,,5,0,1614924372,,,1,neutral,0.55,0,0.0,0.0,0.0,0.0,0.6,1
agus_as02,,5,0,1613467654,,,1,neutral,0.55,0,0.0,0.0,0.0,0.0,0.6,1
hekzatama18,,5,0,1667294885,,,1,neutral,0.55,0,0.0,0.0,0.0,0.0,0.6,1
alkab16,,5,0,1675319536,,,1,neutral,0.55,0,0.0,0.0,0.0,0.0,0.6,1
a*****0,,5,0,1672412312,,,1,neutral,0.55,0,0.0,0.0,0.0,0.0,0.6,1
f*****4,,5,0,1671728202,,,1,neutral,0.55,0,0.0,0.0,0.0,0.0,0.6,1
komp.powertech,,4,0,1687455703,,,1,neutral,0.55,0,0.0,0.0,0.0,0.0,0.6,1
yawnoize,,5,0,1683364242,,,1,neutral,0.55,0,0.0,0.0,0.0,0.0,0.6,1
imam05street,,5,0,1686993747,,,1,neutral,0.55,0,0.0,0.0,0.0,0.0,0.6,1
nahrus,,5,0,1673285815,,,1,neutral,0.55,0,0.0,0.0,0.0,0.0,0.6,1
renanovv,,5,0,1654764973,,,1,neutral,0.55,0,0.0,0.0,0.0,0.0,0.6,1
roronoarendi,,5,0,1666595444,,,1,neutral,0.55,0,0.0,0.0,0.0,0.0,0.6,1
roronoarendi,,5,0,1665312699,,,1,neutral,0.55,0,0.0,0.0,0.0,0.0,0.6,1
kaka_geo,,5,0,1680517691,,,1,neutral,0.55,0,0.0,0.0,0.0,0.0,0.6,1
sneakifyest,,5,0,1605453963,,,1,neutral,0.55,0,0.0,0.0,0.0,0.0,0.6,1
xglauzex,,5,0,1657956803,,,1,neutral,0.55,0,0.0,0.0,0.0,0.0,0.6,1
mohamad.ramadhani28,,5,0,1675677228,,,1,neutral,0.55,0,0.0,0.0,0.0,0.0,0.6,1
reksandi,,5,0,1664517017,,,1,neutral,0.55,0,0.0,0.0,0.0,0.0,0.6,1
tk_wy,,5,0,1660721345,,,1,neutral,0.55,0,0.0,0.0,0.0,0.0,0.6,1
aka_com,,5,0,1670025034,,,1,neutral,0.55,0,0.0,0.0,0.0,0.0,0.6,1
zhenbae,,5,0,1661359479,,,1,neutral,0.55,0,0.0,0.0,0.0,0.0,0.6,1
ferdiansyahdwihermawanto,,5,0,1662873629,,,1,neutral,0.55,0,0.0,0.0,0.0,0.0,0.6,1
dede.muhammad96,,5,0,1686524289,,,1,neutral,0.55,0,0.0,0.0,0.0,0.0,0.6,1
sablon.satuan.rembang,,5,0,1665320474,,,1,neutral,0.55,0,0.0,0.0,0.0,0.0,0.6,1
alieftaufr,,4,0,1687158303,,,1,neutral,0.55,0,0.0,0.0,0.0,0.0,0.6,1
bayupujadana,,5,0,1675282491,,,1,neutral,0.55,0,0.0,0.0,0.0,0.0,0.6,1
kudha_pratama,,5,0,1635996519,,,1,neutral,0.55,0,0.0,0.0,0.0,0.0,0.6,1
e*****n,,5,0,1646662585,,,1,neutral,0.55,0,0.0,0.0,0.0,0.0,0.6,1
harysbg,,5,0,1638101498,,,1,neutral,0.55,0,0.0,0.0,0.0,0.0,0.6,1
suhudpambudi,,5,0,1648368830,,,1,neutral,0.55,0,0.0,0.0,0.0,0.0,0.6,1
b*****b,,5,0,1671612178,,,1,neutral,0.55,0,0.0,0.0,0.0,0.0,0.6,1
dhanioblonk,,5,0,1676550977,,,1,neutral,0.55,0,0.0,0.0,0.0,0.0,0.6,1
rofiuz2008,,5,0,1673881836,,,1,neutral,0.55,0,0.0,0.0,0.0,0.0,0.6,1
,,5,0,1597613831,,,1,neutral,0.55,0,0.0,0.0,0.0,0.0,0.6,1
decal_kren,,5,0,1671180224,,,1,neutral,0.55,0,0.0,0.0,0.0,0.0,0.6,1
dhonnie_fattah,,5,0,1681548147,,,1,neutral,0.55,0,0.0,0.0,0.0,0.0,0.6,1
rafi04as,,5,0,1647219814,,,1,neutral,0.55,0,0.0,0.0,0.0,0.0,0.6,1
dsgrup.id,,5,0,1687618000,,,1,neutral,0.55,0,0.0,0.0,0.0,0.0,0.6,1
ahmadsyaiful24,,5,0,1611719260,,,1,neutral,0.55,0,0.0,0.0,0.0,0.0,0.6,1
arisaputra1987,,5,0,1666878276,,,1,neutral,0.55,0,0.0,0.0,0.0,0.0,0.6,1
susinander12,,5,0,1675685061,,,1,neutral,0.55,0,0.0,0.0,0.0,0.0,0.6,1
didinaididin,,5,0,1643720831,,,1,neutral,0.55,0,0.0,0.0,0.0,0.0,0.6,1
chandra2656,,5,0,1657179036,,,1,neutral,0.55,0,0.0,0.0,0.0,0.0,0.6,1
amarudin2002,,5,0,1645113667,,,1,neutral,0.55,0,0.0,0.0,0.0,0.0,0.6,1
alimustopa19,,4,0,1664510315,,,1,neutral,0.55,0,0.0,0.0,0.0,0.0,0.6,1
toserbaba,,5,0,1657638288,,,1,neutral,0.55,0,0.0,0.0,0.0,0.0,0.6,1
farhafauziah_27,,5,0,1687509058,,,1,neutral,0.55,0,0.0,0.0,0.0,0.0,0.6,1
srigroup,,5,0,1687512776,,,1,neutral,0.55,0,0.0,0.0,0.0,0.0,0.6,1
dialqj,,5,0,1673530402,,,1,neutral,0.55,0,0.0,0.0,0.0,0.0,0.6,1
dhonnie_fattah,,5,0,1671240776,,,1,neutral,0.55,0,0.0,0.0,0.0,0.0,0.6,1
mohammad_syaiful11,,5,0,1666601291,,,1,neutral,0.55,0,0.0,0.0,0.0,0.0,0.6,1
s*****a,,4,0,1677675702,,,1,neutral,0.55,0,0.0,0.0,0.0,0.0,0.6,1
a*****7,,5,0,1677584946,,,1,neutral,0.55,0,0.0,0.0,0.0,0.0,0.6,1
s*****a,,4,0,1675407653,,,1,neutral,0.55,0,0.0,0.0,0.0,0.0,0.6,1
m*****h,,4,0,1664977756,,,1,neutral,0.55,0,0.0,0.0,0.0,0.0,0.6,1
agiljohanf94,,5,0,1635396685,,,1,neutral,0.55,0,0.0,0.0,0.0,0.0,0.6,1
hegar999,,5,0,1659078975,,,1,neutral,0.55,0,0.0,0.0,0.0,0.0,0.6,1
haiedut12,,5,0,1632018422,,,1,neutral,0.55,0,0.0,0.0,0.0,0.0,0.6,1
hendragunawan071281,,5,0,1679156407,,,1,neutral,0.55,0,0.0,0.0,0.0,0.0,0.6,1
mlvinrob,,5,0,1669063799,,,1,neutral,0.55,0,0.0,0.0,0.0,0.0,0.6,1
dickyshabit,,5,0,1669359494,,,1,neutral,0.55,0,0.0,0.0,0.0,0.0,0.6,1
apriadirian93,,5,0,1668870846,,,1,neutral,0.55,0,0.0,0.0,0.0,0.0,0.6,1
w*****2,,5,0,1657612666,,,1,neutral,0.55,0,0.0,0.0,0.0,0.0,0.6,1
komangtridedi,,4,1,1699252156,,,1,neutral,0.55,0,0.0,0.0,0.0,0.0,0.6,1
ladityazzzz,,1,1,1696258483,,,1,neutral,0.55,0,0.0,0.0,0.0,0.0,0.6,1
koukilion,,5,0,1670405528,,,1,neutral,0.55,0,0.0,0.0,0.0,0.0,0.6,1
alqoridigitalprinting,,5,0,1669926207,,,1,neutral,0.55,0,0.0,0.0,0.0,0.0,0.6,1
mrzrivaldi,,5,0,1667427963,,,1,neutral,0.55,0,0.0,0.0,0.0,0.0,0.6,1
artivirtual.id,,5,0,1675823370,,,1,neutral,0.55,0,0.0,0.0,0.0,0.0,0.6,1
a*****r,,5,0,1672676791,,,1,neutral,0.55,0,0.0,0.0,0.0,0.0,0.6,1
donikusuma_99,,5,0,1634891455,,,1,neutral,0.55,0,0.0,0.0,0.0,0.0,0.6,1
e*****3,,5,0,1686530844,,,1,neutral,0.55,0,0.0,0.0,0.0,0.0,0.6,1
prigel2018,,5,0,1666016008,,,1,neutral,0.55,0,0.0,0.0,0.0,0.0,0.6,1
difapeesandienyoe_yoe,,5,0,1657016021,,,1,neutral,0.55,0,0.0,0.0,0.0,0.0,0.6,1
mrzrivaldi,,4,0,1679398697,,,1,neutral,0.55,0,0.0,0.0,0.0,0.0,0.6,1
mlksn27,,5,0,1629001788,,,1,neutral,0.55,0,0.0,0.0,0.0,0.0,0.6,1
a*****a,,5,0,1632026846,,,1,neutral,0.55,0,0.0,0.0,0.0,0.0,0.6,1
yayahnurani07,,5,0,1681482822,,,1,neutral,0.55,0,0.0,0.0,0.0,0.0,0.6,1
dhimassopiyanragil,,4,0,1674826263,,,1,neutral,0.55,0,0.0,0.0,0.0,0.0,0.6,1
mrifqisups,,5,0,1639195130,,,1,neutral,0.55,0,0.0,0.0,0.0,0.0,0.6,1
frangky3,,5,0,1660027768,,,1,neutral,0.55,0,0.0,0.0,0.0,0.0,0.6,1
mafifannisa,,5,0,1648211825,,,1,neutral,0.55,0,0.0,0.0,0.0,0.0,0.6,1
z*****u,,5,0,1658920189,,,1,neutral,0.55,0,0.0,0.0,0.0,0.0,0.6,1
fauziramdani16,,4,0,1677056920,,,1,neutral,0.55,0,0.0,0.0,0.0,0.0,0.6,1
ikhsanny,,4,0,1676457139,,,1,neutral,0.55,0,0.0,0.0,0.0,0.0,0.6,1
s*****2,,5,0,1641550352,,,1,neutral,0.55,0,0.0,0.0,0.0,0.0,0.6,1
imeon29,,5,0,1675570020,,,1,neutral,0.55,0,0.0,0.0,0.0,0.0,0.6,1
agni4497,,3,0,1686086635,,,1,neutral,0.55,0,0.0,0.0,0.0,0.0,0.6,1
momotzniez,,5,0,1681726116,,,1,neutral,0.55,0,0.0,0.0,0.0,0.0,0.6,1
saefulridwan91,,5,0,1636349873,,,1,neutral,0.55,0,0.0,0.0,0.0,0.0,0.6,1
nkidswear,,5,0,1662088507,,,1,neutral,0.55,0,0.0,0.0,0.0,0.0,0.6,1
latifputrabelitang,,4,0,1663636569,,,1,neutral,0.55,0,0.0,0.0,0.0,0.0,0.6,1
andraarbawa,,5,0,1686526859,,,1,neutral,0.55,0,0.0,0.0,0.0,0.0,0.6,1
yudhis147,,5,0,1676426284,,,1,neutral,0.55,0,0.0,0.0,0.0,0.0,0.6,1
irfansbudi,,5,0,1674112741,,,1,neutral,0.55,0,0.0,0.0,0.0,0.0,0.6,1
ewcell,,5,0,1670161937,,,1,neutral,0.55,0,0.0,0.0,0.0,0.0,0.6,1
e*****1,,5,0,1658630402,,,1,neutral,0.55,0,0.0,0.0,0.0,0.0,0.6,1
nutamaofficial,,4,0,1683541122,,,1,neutral,0.55,0,0.0,0.0,0.0,0.0,0.6,1
z*****i,,5,0,1686649036,,,1,neutral,0.55,0,0.0,0.0,0.0,0.0,0.6,1
donny_shopp,,5,0,1637974402,,,1,neutral,0.55,0,0.0,0.0,0.0,0.0,0.6,1
cadraadiwiguna,,5,0,1681421155,,,1,neutral,0.55,0,0.0,0.0,0.0,0.0,0.6,1
theokusuma31,,5,0,1684670814,,,1,neutral,0.55,0,0.0,0.0,0.0,0.0,0.6,1
alamsn28,,5,0,1683339239,,,1,neutral,0.55,0,0.0,0.0,0.0,0.0,0.6,1
srigroup,,5,0,1686540266,,,1,neutral,0.55,0,0.0,0.0,0.0,0.0,0.6,1
_mfikry.h_,,4,0,1644798471,,,1,neutral,0.55,0,0.0,0.0,0.0,0.0,0.6,1
mira_habsy88,,4,0,1675986090,,,1,neutral,0.55,0,0.0,0.0,0.0,0.0,0.6,1
e*****g,,5,0,1626864380,,,1,neutral,0.55,0,0.0,0.0,0.0,0.0,0.6,1
andrianunyil,,5,0,1663396003,,,1,neutral,0.55,0,0.0,0.0,0.0,0.0,0.6,1
ferdifernando24,,5,0,1629034686,,,1,neutral,0.55,0,0.0,0.0,0.0,0.0,0.6,1
faaga,,5,0,1664523377,,,1,neutral,0.55,0,0.0,0.0,0.0,0.0,0.6,1
setyopolos,,5,0,1662197380,,,1,neutral,0.55,0,0.0,0.0,0.0,0.0,0.6,1
mongek05,,5,0,1674921419,,,1,neutral,0.55,0,0.0,0.0,0.0,0.0,0.6,1
ahmadsetiawan2996,,5,0,1647095197,,,1,neutral,0.55,0,0.0,0.0,0.0,0.0,0.6,1
jatiku.id,,5,0,1645026252,,,1,neutral,0.55,0,0.0,0.0,0.0,0.0,0.6,1
senjaemas,,5,0,1637819052,,,1,neutral,0.55,0,0.0,0.0,0.0,0.0,0.6,1
d*****a,,5,0,1662834802,,,1,neutral,0.55,0,0.0,0.0,0.0,0.0,0.6,1
w*****y,,5,0,1664766839,,,1,neutral,0.55,0,0.0,0.0,0.0,0.0,0.6,1
s*****u,,5,0,1666651915,,,1,neutral,0.55,0,0.0,0.0,0.0,0.0,0.6,1
meidy185,,5,0,1645692236,,,1,neutral,0.55,0,0.0,0.0,0.0,0.0,0.6,1
zubutk,,5,0,1629885827,,,1,neutral,0.55,0,0.0,0.0,0.0,0.0,0.6,1
mochkahvi,,5,0,1636029400,,,1,neutral,0.55,0,0.0,0.0,0.0,0.0,0.6,1
z*****i,,5,0,1683434424,,,1,neutral,0.55,0,0.0,0.0,0.0,0.0,0.6,1
habibihabibi046,,5,0,1685143756,,,1,neutral,0.55,0,0.0,0.0,0.0,0.0,0.6,1
dhantech,,5,0,1678061147,,,1,neutral,0.55,0,0.0,0.0,0.0,0.0,0.6,1
mur3si,,5,0,1677053897,,,1,neutral,0.55,0,0.0,0.0,0.0,0.0,0.6,1
luckpr4,,5,0,1686159016,,,1,neutral,0.55,0,0.0,0.0,0.0,0.0,0.6,1
ambar632,,5,0,1679125275,,,1,neutral,0.55,0,0.0,0.0,0.0,0.0,0.6,1
hananrizqy,,5,0,1682849393,,,1,neutral,0.55,0,0.0,0.0,0.0,0.0,0.6,1
zakyazhar88,,5,0,1686107779,,,1,neutral,0.55,0,0.0,0.0,0.0,0.0,0.6,1
d*****y,,5,0,1667315832,,,1,neutral,0.55,0,0.0,0.0,0.0,0.0,0.6,1
ufaaa11,,5,0,1638093710,,,1,neutral,0.55,0,0.0,0.0,0.0,0.0,0.6,1
a*****e,,5,0,1658660645,,,1,neutral,0.55,0,0.0,0.0,0.0,0.0,0.6,1
uciindirawiguna,,5,0,1664500969,,,1,neutral,0.55,0,0.0,0.0,0.0,0.0,0.6,1
deropz,,5,0,1681678154,,,1,neutral,0.55,0,0.0,0.0,0.0,0.0,0.6,1
rudiansyah_smr,,5,0,1682054126,,,1,neutral,0.55,0,0.0,0.0,0.0,0.0,0.6,1
me25._,,5,0,1669113985,,,1,neutral,0.55,0,0.0,0.0,0.0,0.0,0.6,1
zafniscatshop,,5,0,1655277868,,,1,neutral,0.55,0,0.0,0.0,0.0,0.0,0.6,1
m*****w,,4,0,1681848080,,,1,neutral,0.55,0,0.0,0.0,0.0,0.0,0.6,1
lalaaannn,,5,0,1683194581,,,1,neutral,0.55,0,0.0,0.0,0.0,0.0,0.6,1
danendrawidya,,5,0,1685949456,,,1,neutral,0.55,0,0.0,0.0,0.0,0.0,0.6,1
sapong07,,5,0,1685916224,,,1,neutral,0.55,0,0.0,0.0,0.0,0.0,0.6,1
muhammadrezkiramadhani,,5,0,1685962721,,,1,neutral,0.55,0,0.0,0.0,0.0,0.0,0.6,1
d*****9,,5,0,1676665012,,,1,neutral,0.55,0,0.0,0.0,0.0,0.0,0.6,1
naine7th,,5,0,1665912857,,,1,neutral,0.55,0,0.0,0.0,0.0,0.0,0.6,1
acantha88,,5,0,1641110144,,,1,neutral,0.55,0,0.0,0.0,0.0,0.0,0.6,1
lintaradjani,,5,0,1672292021,,,1,neutral,0.55,0,0.0,0.0,0.0,0.0,0.6,1
a*****5,,5,0,1672395588,,,1,neutral,0.55,0,0.0,0.0,0.0,0.0,0.6,1
alfarizkyprdn,,5,0,1685838532,,,1,neutral,0.55,0,0.0,0.0,0.0,0.0,0.6,1
tondihrh,,5,0,1685849904,,,1,neutral,0.55,0,0.0,0.0,0.0,0.0,0.6,1
stvnl,,5,0,1685877296,,,1,neutral,0.55,0,0.0,0.0,0.0,0.0,0.6,1
erfanhendra,,5,0,1685869970,,,1,neutral,0.55,0,0.0,0.0,0.0,0.0,0.6,1
viediechaxxx,,5,0,1632545776,,,1,neutral,0.55,0,0.0,0.0,0.0,0.0,0.6,1
haazsabiaoki,,5,0,1666971427,,,1,neutral,0.55,0,0.0,0.0,0.0,0.0,0.6,1
setyadiwidhiapermana,,5,0,1671763149,,,1,neutral,0.55,0,0.0,0.0,0.0,0.0,0.6,1
alfia8n_r,,5,0,1644310839,,,1,neutral,0.55,0,0.0,0.0,0.0,0.0,0.6,1
edincomp,,5,0,1639542655,,,1,neutral,0.55,0,0.0,0.0,0.0,0.0,0.6,1
alifmanuntung,,5,0,1660207739,,,1,neutral,0.55,0,0.0,0.0,0.0,0.0,0.6,1
yohanocha,,5,0,1683216745,,,1,neutral,0.55,0,0.0,0.0,0.0,0.0,0.6,1
manrope.clo,,5,0,1669532087,,,1,neutral,0.55,0,0.0,0.0,0.0,0.0,0.6,1
sheenopowerloudpowerloud,,5,0,1676261002,,,1,neutral,0.55,0,0.0,0.0,0.0,0.0,0.6,1
sheenopowerloudpowerloud,,5,0,1675523323,,,1,neutral,0.55,0,0.0,0.0,0.0,0.0,0.6,1
tala.media,,5,0,1684679066,,,1,neutral,0.55,0,0.0,0.0,0.0,0.0,0.6,1
p*****b,,5,0,1681531027,,,1,neutral,0.55,0,0.0,0.0,0.0,0.0,0.6,1
wijayawahyudaa,,5,0,1667977154,,,1,neutral,0.55,0,0.0,0.0,0.0,0.0,0.6,1
arie0108,,5,0,1685460199,,,1,neutral,0.55,0,0.0,0.0,0.0,0.0,0.6,1
firman_putra10,,5,0,1685511880,,,1,neutral,0.55,0,0.0,0.0,0.0,0.0,0.6,1
rajamuhammadarfiansyah,,4,0,1669990947,,,1,neutral,0.55,0,0.0,0.0,0.0,0.0,0.6,1
arief19961604,,5,0,1685434410,,,1,neutral,0.55,0,0.0,0.0,0.0,0.0,0.6,1
vickowahyu1203,,5,0,1677350517,,,1,neutral,0.55,0,0.0,0.0,0.0,0.0,0.6,1
milikikomputer,,5,0,1664755190,,,1,neutral,0.55,0,0.0,0.0,0.0,0.0,0.6,1
annisamentang,,5,0,1652322934,,,1,neutral,0.55,0,0.0,0.0,0.0,0.0,0.6,1
irvanxcilo,,5,0,1676215352,,,1,neutral,0.55,0,0.0,0.0,0.0,0.0,0.6,1
andriaps,,5,0,1663908247,,,1,neutral,0.55,0,0.0,0.0,0.0,0.0,0.6,1
michael_thun,,4,0,1676379749,,,1,neutral,0.55,0,0.0,0.0,0.0,0.0,0.6,1
rayacoffe,,5,0,1676348053,,,1,neutral,0.55,0,0.0,0.0,0.0,0.0,0.6,1
maxcyviruz,,1,0,1683985799,,,1,neutral,0.55,0,0.0,0.0,0.0,0.0,0.6,1
a*****i,,5,0,1665821822,,,1,neutral,0.55,0,0.0,0.0,0.0,0.0,0.6,1
andikadanuuu123,,5,0,1644045688,,,1,neutral,0.55,0,0.0,0.0,0.0,0.0,0.6,1
m*****f,,5,0,1685024707,,,1,neutral,0.55,0,0.0,0.0,0.0,0.0,0.6,1
qinoy0110,,5,0,1685069997,,,1,neutral,0.55,0,0.0,0.0,0.0,0.0,0.6,1
indhh12,,5,0,1682184294,,,1,neutral,0.55,0,0.0,0.0,0.0,0.0,0.6,1
gauss_saputra,,5,0,1677642151,,,1,neutral,0.55,0,0.0,0.0,0.0,0.0,0.6,1
regapermana_,,5,0,1676735978,,,1,neutral,0.55,0,0.0,0.0,0.0,0.0,0.6,1
suhartonosubagio,,5,0,1676270230,,,1,neutral,0.55,0,0.0,0.0,0.0,0.0,0.6,1
zoinime,,5,0,1617844303,,,1,neutral,0.55,0,0.0,0.0,0.0,0.0,0.6,1
n*****r,,5,0,1657860367,,,1,neutral,0.55,0,0.0,0.0,0.0,0.0,0.6,1
f*****x,,5,0,1665940159,,,1,neutral,0.55,0,0.0,0.0,0.0,0.0,0.6,1
jhfasdfds,,4,0,1685444812,,,1,neutral,0.55,0,0.0,0.0,0.0,0.0,0.6,1
arkhybymandia,,5,0,1665935061,,,1,neutral,0.55,0,0.0,0.0,0.0,0.0,0.6,1
istahfaro,,3,1,1672368624,,,1,neutral,0.55,0,0.0,0.0,0.0,0.0,0.6,1
meindrajaya,,5,0,1678407284,,,1,neutral,0.55,0,0.0,0.0,0.0,0.0,0.6,1
samuelkimzxx,,5,0,1674855262,,,1,neutral,0.55,0,0.0,0.0,0.0,0.0,0.6,1
indrayie,,5,0,1670038096,,,1,neutral,0.55,0,0.0,0.0,0.0,0.0,0.6,1
ajiawicaksono,,5,0,1663147757,,,1,neutral,0.55,0,0.0,0.0,0.0,0.0,0.6,1
a*****r,,5,0,1664753298,,,1,neutral,0.55,0,0.0,0.0,0.0,0.0,0.6,1
nivaites,,5,0,1676868215,,,1,neutral,0.55,0,0.0,0.0,0.0,0.0,0.6,1
nivaites,,5,0,1674959482,,,1,neutral,0.55,0,0.0,0.0,0.0,0.0,0.6,1
cielo1994,,5,0,1663760198,,,1,neutral,0.55,0,0.0,0.0,0.0,0.0,0.6,1
yohanocha,,5,0,1657885265,,,1,neutral,0.55,0,0.0,0.0,0.0,0.0,0.6,1
fijar_,,5,0,1625739656,,,1,neutral,0.55,0,0.0,0.0,0.0,0.0,0.6,1
muhammadlbrahim,,5,0,1666496653,,,1,neutral,0.55,0,0.0,0.0,0.0,0.0,0.6,1
ari02021986,,5,0,1658077391,,,1,neutral,0.55,0,0.0,0.0,0.0,0.0,0.6,1
d*****8,,5,0,1664141455,,,1,neutral,0.55,0,0.0,0.0,0.0,0.0,0.6,1
h*****4,,5,0,1663335089,,,1,neutral,0.55,0,0.0,0.0,0.0,0.0,0.6,1
k*****z,,4,0,1685105738,,,1,neutral,0.55,0,0.0,0.0,0.0,0.0,0.6,1
jibonzrocketspeed,,4,0,1671269788,,,1,neutral,0.55,0,0.0,0.0,0.0,0.0,0.6,1
mys.org,,5,0,1678779864,,,1,neutral,0.55,0,0.0,0.0,0.0,0.0,0.6,1
yogaraksa19,,5,0,1684493367,,,1,neutral,0.55,0,0.0,0.0,0.0,0.0,0.6,1
rei_ruki,,5,0,1673454881,,,1,neutral,0.55,0,0.0,0.0,0.0,0.0,0.6,1
lanyk12,,5,0,1672394254,,,1,neutral,0.55,0,0.0,0.0,0.0,0.0,0.6,1
leozico10,,5,0,1637769685,,,1,neutral,0.55,0,0.0,0.0,0.0,0.0,0.6,1
aramiko210623,,5,0,1671764478,,,1,neutral,0.55,0,0.0,0.0,0.0,0.0,0.6,1
andrecrstgg,,5,0,1604999730,,,1,neutral,0.55,0,0.0,0.0,0.0,0.0,0.6,1
men1466,,5,0,1682419199,,,1,neutral,0.55,0,0.0,0.0,0.0,0.0,0.6,1
r*****a,,5,0,1681315895,,,1,neutral,0.55,0,0.0,0.0,0.0,0.0,0.6,1
mrarjl_,,5,0,1682750094,,,1,neutral,0.55,0,0.0,0.0,0.0,0.0,0.6,1
antozuma,,5,0,1654866519,,,1,neutral,0.55,0,0.0,0.0,0.0,0.0,0.6,1
maesuri2908,,5,0,1684134477,,,1,neutral,0.55,0,0.0,0.0,0.0,0.0,0.6,1
vicnity,,5,0,1664245248,,,1,neutral,0.55,0,0.0,0.0,0.0,0.0,0.6,1
nanz56,,5,0,1659847689,,,1,neutral,0.55,0,0.0,0.0,0.0,0.0,0.6,1
mfik_tama,,5,0,1659579059,,,1,neutral,0.55,0,0.0,0.0,0.0,0.0,0.6,1
adeplan,,5,0,1683861385,,,1,neutral,0.55,0,0.0,0.0,0.0,0.0,0.6,1
b*****0,,5,0,1684043003,,,1,neutral,0.55,0,0.0,0.0,0.0,0.0,0.6,1
ihin..comp,,5,0,1684043700,,,1,neutral,0.55,0,0.0,0.0,0.0,0.0,0.6,1
andy_alif,,5,0,1662624511,,,1,neutral,0.55,0,0.0,0.0,0.0,0.0,0.6,1
m*****a,,5,0,1659249392,,,1,neutral,0.55,0,0.0,0.0,0.0,0.0,0.6,1
wicaksonoyyy,,5,0,1668919761,,,1,neutral,0.55,0,0.0,0.0,0.0,0.0,0.6,1
ariel_ryo,,5,0,1662878399,,,1,neutral,0.55,0,0.0,0.0,0.0,0.0,0.6,1
s*****7,,5,0,1683889206,,,1,neutral,0.55,0,0.0,0.0,0.0,0.0,0.6,1
yudistira075,,5,0,1683872698,,,1,neutral,0.55,0,0.0,0.0,0.0,0.0,0.6,1
ariecahyohandok,,5,0,1674756203,,,1,neutral,0.55,0,0.0,0.0,0.0,0.0,0.6,1
levi2371,,5,0,1636370314,,,1,neutral,0.55,0,0.0,0.0,0.0,0.0,0.6,1
arifgraph,,5,0,1661259025,,,1,neutral,0.55,0,0.0,0.0,0.0,0.0,0.6,1
dycalarts,,5,0,1664060132,,,1,neutral,0.55,0,0.0,0.0,0.0,0.0,0.6,1
anggakbars30,,4,0,1683462526,,,1,neutral,0.55,0,0.0,0.0,0.0,0.0,0.6,1
,,5,0,1625997170,,,1,neutral,0.55,0,0.0,0.0,0.0,0.0,0.6,1
diksansevenfold,,5,0,1672463361,,,1,neutral,0.55,0,0.0,0.0,0.0,0.0,0.6,1
anggakbars30,,4,0,1683173871,,,1,neutral,0.55,0,0.0,0.0,0.0,0.0,0.6,1
rivaldi069,,5,0,1615969849,,,1,neutral,0.55,0,0.0,0.0,0.0,0.0,0.6,1
yosua2106,,5,0,1638785131,,,1,neutral,0.55,0,0.0,0.0,0.0,0.0,0.6,1
boros100,,5,0,1683360102,,,1,neutral,0.55,0,0.0,0.0,0.0,0.0,0.6,1
redeath666,,5,0,1683360509,,,1,neutral,0.55,0,0.0,0.0,0.0,0.0,0.6,1
irsyadchanafi,,5,0,1683365842,,,1,neutral,0.55,0,0.0,0.0,0.0,0.0,0.6,1
johanagus.it,,5,0,1683370563,,,1,neutral,0.55,0,0.0,0.0,0.0,0.0,0.6,1
gilangf9,,5,0,1677379173,,,1,neutral,0.55,0,0.0,0.0,0.0,0.0,0.6,1
r*****a,,5,0,1674302011,,,1,neutral,0.55,0,0.0,0.0,0.0,0.0,0.6,1
jihanfachri,,5,0,1670071811,,,1,neutral,0.55,0,0.0,0.0,0.0,0.0,0.6,1
,,5,0,1675596451,,,1,neutral,0.55,0,0.0,0.0,0.0,0.0,0.6,1
linggargustir,,5,0,1673437762,,,1,neutral,0.55,0,0.0,0.0,0.0,0.0,0.6,1
endi.suryana,,5,0,1646019087,,,1,neutral,0.55,0,0.0,0.0,0.0,0.0,0.6,1
089653498315.,,5,0,1639828276,,,1,neutral,0.55,0,0.0,0.0,0.0,0.0,0.6,1
alicocolate,,5,0,1638879996,,,1,neutral,0.55,0,0.0,0.0,0.0,0.0,0.6,1
abdulijen007,,5,0,1670488187,,,1,neutral,0.55,0,0.0,0.0,0.0,0.0,0.6,1
thrynheimnyx,,5,0,1655096712,,,1,neutral,0.55,0,0.0,0.0,0.0,0.0,0.6,1
iyinkaza,,5,0,1663055698,,,1,neutral,0.55,0,0.0,0.0,0.0,0.0,0.6,1
muchilis22,,5,0,1655890384,,,1,neutral,0.55,0,0.0,0.0,0.0,0.0,0.6,1
uv6b82s2tg,,5,0,1682908745,,,1,neutral,0.55,0,0.0,0.0,0.0,0.0,0.6,1
zaincomp,,5,0,1676643950,,,1,neutral,0.55,0,0.0,0.0,0.0,0.0,0.6,1
thoriqhisam,,5,0,1681897983,,,1,neutral,0.55,0,0.0,0.0,0.0,0.0,0.6,1
rendha89,,5,0,1646896391,,,1,neutral,0.55,0,0.0,0.0,0.0,0.0,0.6,1
candra.irawan122,,4,0,1680315012,,,1,neutral,0.55,0,0.0,0.0,0.0,0.0,0.6,1
saputri.undangan,,5,0,1681732378,,,1,neutral,0.55,0,0.0,0.0,0.0,0.0,0.6,1
arie0108,,5,0,1682175368,,,1,neutral,0.55,0,0.0,0.0,0.0,0.0,0.6,1
trimangkey,,5,0,1610091237,,,1,neutral,0.55,0,0.0,0.0,0.0,0.0,0.6,1
ivanjuliansyah666,,5,0,1671272374,,,1,neutral,0.55,0,0.0,0.0,0.0,0.0,0.6,1
oga.zaey,,5,0,1682045390,,,1,neutral,0.55,0,0.0,0.0,0.0,0.0,0.6,1
laschapen_id,,5,0,1678298447,,,1,neutral,0.55,0,0.0,0.0,0.0,0.0,0.6,1
meti_sulistiyani,,5,0,1675312725,,,1,neutral,0.55,0,0.0,0.0,0.0,0.0,0.6,1
oliviodwinugroho,,5,0,1681456162,,,1,neutral,0.55,0,0.0,0.0,0.0,0.0,0.6,1
vitonovrizal,,5,0,1681391423,,,1,neutral,0.55,0,0.0,0.0,0.0,0.0,0.6,1
fahmymidun,,5,0,1681371884,,,1,neutral,0.55,0,0.0,0.0,0.0,0.0,0.6,1
alli_offc,,5,0,1681234528,,,1,neutral,0.55,0,0.0,0.0,0.0,0.0,0.6,1
rafly2450,,5,0,1681120453,,,1,neutral,0.55,0,0.0,0.0,0.0,0.0,0.6,1
qibranz,,5,0,1676111552,,,1,neutral,0.55,0,0.0,0.0,0.0,0.0,0.6,1
dqiicahya,,5,0,1674280969,,,1,neutral,0.55,0,0.0,0.0,0.0,0.0,0.6,1
onlyu_ly,,5,0,1680771280,,,1,neutral,0.55,0,0.0,0.0,0.0,0.0,0.6,1
nadiarahmawati382,,5,0,1680335957,,,1,neutral,0.55,0,0.0,0.0,0.0,0.0,0.6,1
biemsena,,5,0,1680341326,,,1,neutral,0.55,0,0.0,0.0,0.0,0.0,0.6,1
yuwenscents,,5,0,1672974632,,,1,neutral,0.55,0,0.0,0.0,0.0,0.0,0.6,1
cevonk29,,5,0,1675678986,,,1,neutral,0.55,0,0.0,0.0,0.0,0.0,0.6,1
c*****a,,5,0,1675930011,,,1,neutral,0.55,0,0.0,0.0,0.0,0.0,0.6,1
f*****3,,5,0,1679184357,,,1,neutral,0.55,0,0.0,0.0,0.0,0.0,0.6,1
r*****h,,5,0,1679229129,,,1,neutral,0.55,0,0.0,0.0,0.0,0.0,0.6,1
aryakrnd,,5,0,1678523609,,,1,neutral,0.55,0,0.0,0.0,0.0,0.0,0.6,1
thohaadery,,5,0,1677871937,,,1,neutral,0.55,0,0.0,0.0,0.0,0.0,0.6,1
a*****e,,5,0,1676597945,,,1,neutral,0.55,0,0.0,0.0,0.0,0.0,0.6,1
da690mzv8b,,5,0,1676098685,,,1,neutral,0.55,0,0.0,0.0,0.0,0.0,0.6,1
didiaryss,,5,0,1675912179,,,1,neutral,0.55,0,0.0,0.0,0.0,0.0,0.6,1
elissahpuri,,5,0,1675777194,,,1,neutral,0.55,0,0.0,0.0,0.0,0.0,0.6,1
bagusprayugo190302,,5,0,1675740305,,,1,neutral,0.55,0,0.0,0.0,0.0,0.0,0.6,1
sandzana1993,,5,0,1675694505,,,1,neutral,0.55,0,0.0,0.0,0.0,0.0,0.6,1
darellmalik07,,5,0,1675330548,,,1,neutral,0.55,0,0.0,0.0,0.0,0.0,0.6,1
vdeb1992,,5,0,1675334788,,,1,neutral,0.55,0,0.0,0.0,0.0,0.0,0.6,1
thalibz199,,5,0,1675290711,,,1,neutral,0.55,0,0.0,0.0,0.0,0.0,0.6,1
sambalmamisasha,,5,0,1674468241,,,1,neutral,0.55,0,0.0,0.0,0.0,0.0,0.6,1
agung291279,,5,0,1674268803,,,1,neutral,0.55,0,0.0,0.0,0.0,0.0,0.6,1
boxing99,,5,0,1672976671,,,1,neutral,0.55,0,0.0,0.0,0.0,0.0,0.6,1
beenycarrena,,5,0,1663221186,,,1,neutral,0.55,0,0.0,0.0,0.0,0.0,0.6,1
m*****n,,5,0,1657205295,,,1,neutral,0.55,0,0.0,0.0,0.0,0.0,0.6,1
edelweiss.ari,,5,0,1665210198,,,1,neutral,0.55,0,0.0,0.0,0.0,0.0,0.6,1
mojangofficial,,5,0,1659826850,,,1,neutral,0.55,0,0.0,0.0,0.0,0.0,0.6,1
adibal2324,,5,0,1657900484,,,1,neutral,0.55,0,0.0,0.0,0.0,0.0,0.6,1
sandifun,,5,0,1657029824,,,1,neutral,0.55,0,0.0,0.0,0.0,0.0,0.6,1
manman_kick,,5,0,1657780528,,,1,neutral,0.55,0,0.0,0.0,0.0,0.0,0.6,1
ys30101997,,5,0,1672377275,,,1,neutral,0.55,0,0.0,0.0,0.0,0.0,0.6,1
1ksk828jm1,,5,0,1669217490,,,1,neutral,0.55,0,0.0,0.0,0.0,0.0,0.6,1
f_johan07,,5,0,1616694874,,,1,neutral,0.55,0,0.0,0.0,0.0,0.0,0.6,1
munawirsyah13,,5,0,1618293393,,,1,neutral,0.55,0,0.0,0.0,0.0,0.0,0.6,1
kikirara09,,5,0,1666706434,,,1,neutral,0.55,0,0.0,0.0,0.0,0.0,0.6,1
4cgpbyn04n,,5,0,1648702197,,,1,neutral,0.55,0,0.0,0.0,0.0,0.0,0.6,1
saputraumar181,,5,0,1659179782,,,1,neutral,0.55,0,0.0,0.0,0.0,0.0,0.6,1
ahmadluthfi086,,5,0,1638277754,,,1,neutral,0.55,0,0.0,0.0,0.0,0.0,0.6,1
ajungjung12345,,5,0,1616059089,,,1,neutral,0.55,0,0.0,0.0,0.0,0.0,0.6,1
zeriva,,5,0,1654752757,,,1,neutral,0.55,0,0.0,0.0,0.0,0.0,0.6,1
bagasr44,,5,0,1668349764,,,1,neutral,0.55,0,0.0,0.0,0.0,0.0,0.6,1
hariefandi,,5,0,1670580454,,,1,neutral,0.55,0,0.0,0.0,0.0,0.0,0.6,1
nagradrey113,,5,0,1656988786,,,1,neutral,0.55,0,0.0,0.0,0.0,0.0,0.6,1
monyet_store,,5,0,1651246633,,,1,neutral,0.55,0,0.0,0.0,0.0,0.0,0.6,1
indo_exotice,,5,0,1651343239,,,1,neutral,0.55,0,0.0,0.0,0.0,0.0,0.6,1
,,5,0,1666422408,,,1,neutral,0.55,0,0.0,0.0,0.0,0.0,0.6,1
,,5,0,1666404303,,,1,neutral,0.55,0,0.0,0.0,0.0,0.0,0.6,1
,,5,0,1637480117,,,1,neutral,0.55,0,0.0,0.0,0.0,0.0,0.6,1
dhimasowen,,5,0,1656346520,,,1,neutral,0.55,0,0.0,0.0,0.0,0.0,0.6,1
edik_d.r,,5,0,1655558766,,,1,neutral,0.55,0,0.0,0.0,0.0,0.0,0.6,1
0iivytv,,5,0,1671900561,,,1,neutral,0.55,0,0.0,0.0,0.0,0.0,0.6,1
fujierichie,,5,0,1669975323,,,1,neutral,0.55,0,0.0,0.0,0.0,0.0,0.6,1
hallooo13,,5,0,1656242313,,,1,neutral,0.55,0,0.0,0.0,0.0,0.0,0.6,1
hadiyanarif007,,4,0,1681381714,,,1,neutral,0.55,0,0.0,0.0,0.0,0.0,0.6,1
anahalfaqir,,4,0,1679399576,,,1,neutral,0.55,0,0.0,0.0,0.0,0.0,0.6,1
suzanz,,4,0,1676278312,,,1,neutral,0.55,0,0.0,0.0,0.0,0.0,0.6,1
,,4,0,1675091045,,,1,neutral,0.55,0,0.0,0.0,0.0,0.0,0.6,1
syaibanpradipta011,,4,0,1662358765,,,1,neutral,0.55,0,0.0,0.0,0.0,0.0,0.6,1
a*****3,,4,0,1670655024,,,1,neutral,0.55,0,0.0,0.0,0.0,0.0,0.6,1
kntlmanis,,4,0,1652279374,,,1,neutral,0.55,0,0.0,0.0,0.0,0.0,0.6,1
indah_pertiwi96,,4,0,1668654997,,,1,neutral,0.55,0,0.0,0.0,0.0,0.0,0.6,1
rizqinuruls12,,4,0,1625646987,,,1,neutral,0.55,0,0.0,0.0,0.0,0.0,0.6,1
fennyar123,,4,0,1666666114,,,1,neutral,0.55,0,0.0,0.0,0.0,0.0,0.6,1
qolecer,,1,0,1683453781,,,1,neutral,0.55,0,0.0,0.0,0.0,0.0,0.6,1
adriano_aha,,5,0,1744706794,,,1,neutral,0.55,0,0.0,0.0,0.0,0.0,0.6,1
shaqueena_arna_budiarto,,5,0,1744956865,,,1,neutral,0.55,0,0.0,0.0,0.0,0.0,0.6,1
novatix70,,5,0,1745377703,,,1,neutral,0.55,0,0.0,0.0,0.0,0.0,0.6,1
cahya_namikaze,,5,0,1746632539,,,1,neutral,0.55,0,0.0,0.0,0.0,0.0,0.6,1
elmoira,,5,0,1746768833,,,1,neutral,0.55,0,0.0,0.0,0.0,0.0,0.6,1
thebrandals9,,5,0,1743068473,,,1,neutral,0.55,0,0.0,0.0,0.0,0.0,0.6,1
badrusandika05,,5,0,1749736045,,,1,neutral,0.55,0,0.0,0.0,0.0,0.0,0.6,1
dina.aulia.insani,,5,0,1751105638,,,1,neutral,0.55,0,0.0,0.0,0.0,0.0,0.6,1
dansjr07,,5,0,1761709576,,,1,neutral,0.55,0,0.0,0.0,0.0,0.0,0.6,1
pendekar_,,5,0,1762436753,,,1,neutral,0.55,0,0.0,0.0,0.0,0.0,0.6,1
m*****n,,5,0,1762783935,,,1,neutral,0.55,0,0.0,0.0,0.0,0.0,0.6,1
dina.aulia.insani,,5,0,1751104990,,,1,neutral,0.55,0,0.0,0.0,0.0,0.0,0.6,1
dina.aulia.insani,,5,0,1751104994,,,1,neutral,0.55,0,0.0,0.0,0.0,0.0,0.6,1
dina.aulia.insani,,5,0,1751105373,,,1,neutral,0.55,0,0.0,0.0,0.0,0.0,0.6,1
rycomp,,5,0,1751966508,,,1,neutral,0.55,0,0.0,0.0,0.0,0.0,0.6,1
mustofa_husein,,5,0,1752031975,,,1,neutral,0.55,0,0.0,0.0,0.0,0.0,0.6,1
hamamkautsari,,5,0,1752537094,,,1,neutral,0.55,0,0.0,0.0,0.0,0.0,0.6,1
s*****r,,5,0,1752816807,,,1,neutral,0.55,0,0.0,0.0,0.0,0.0,0.6,1
mugsid,,5,0,1753092844,,,1,neutral,0.55,0,0.0,0.0,0.0,0.0,0.6,1
rycomp,,5,0,1759308678,,,1,neutral,0.55,0,0.0,0.0,0.0,0.0,0.6,1
ichigo.12332,,5,0,1760445547,,,1,neutral,0.55,0,0.0,0.0,0.0,0.0,0.6,1
khaerulbahri,,5,0,1760763025,,,1,neutral,0.55,0,0.0,0.0,0.0,0.0,0.6,1
ryorichardo12,,5,0,1761029880,,,1,neutral,0.55,0,0.0,0.0,0.0,0.0,0.6,1
igaueno,,5,0,1764690286,,,1,neutral,0.55,0,0.0,0.0,0.0,0.0,0.6,1
s*****o,,5,0,1764372286,,,1,neutral,0.55,0,0.0,0.0,0.0,0.0,0.6,1
bagus.hartadji,,5,0,1764291236,,,1,neutral,0.55,0,0.0,0.0,0.0,0.0,0.6,1
vimhiv_id,,5,0,1765107383,,,1,neutral,0.55,0,0.0,0.0,0.0,0.0,0.6,1
ozzyviolens,,5,0,1765711634,,,1,neutral,0.55,0,0.0,0.0,0.0,0.0,0.6,1
m*****u,,5,0,1762994378,,,1,neutral,0.55,0,0.0,0.0,0.0,0.0,0.6,1
m*****u,,5,0,1750568408,,,1,neutral,0.55,0,0.0,0.0,0.0,0.0,0.6,1
a*****a,,5,0,1763563706,,,1,neutral,0.55,0,0.0,0.0,0.0,0.0,0.6,1
b*****9,,5,0,1742047463,,,1,neutral,0.55,0,0.0,0.0,0.0,0.0,0.6,1
b*****a,,5,0,1764648280,,,1,neutral,0.55,0,0.0,0.0,0.0,0.0,0.6,1
yulia896,,5,0,1761106882,,,1,neutral,0.55,0,0.0,0.0,0.0,0.0,0.6,1
oezank787,,5,0,1764836441,,,1,neutral,0.55,0,0.0,0.0,0.0,0.0,0.6,1
alif_ridersbeat,,5,0,1751765101,,,1,neutral,0.55,0,0.0,0.0,0.0,0.0,0.6,1
martanio,,4,0,1751351156,,,1,neutral,0.55,0,0.0,0.0,0.0,0.0,0.6,1
oomrio,,5,0,1751993112,,,1,neutral,0.55,0,0.0,0.0,0.0,0.0,0.6,1
wawanonly,,5,0,1747863687,,,1,neutral,0.55,0,0.0,0.0,0.0,0.0,0.6,1
venus_r13,,5,0,1751744643,,,1,neutral,0.55,0,0.0,0.0,0.0,0.0,0.6,1
briandy.grezel,,5,0,1744722893,,,1,neutral,0.55,0,0.0,0.0,0.0,0.0,0.6,1
tmnkreatif,,5,0,1752980900,,,1,neutral,0.55,0,0.0,0.0,0.0,0.0,0.6,1
ginego,,5,0,1752498764,,,1,neutral,0.55,0,0.0,0.0,0.0,0.0,0.6,1
toif_kurniawan,,5,0,1759145642,,,1,neutral,0.55,0,0.0,0.0,0.0,0.0,0.6,1
jam_tangan_jogja,,5,0,1740911254,,,1,neutral,0.55,0,0.0,0.0,0.0,0.0,0.6,1
dimasheru69,,5,0,1752815613,,,1,neutral,0.55,0,0.0,0.0,0.0,0.0,0.6,1
d*****t,,5,0,1751616553,,,1,neutral,0.55,0,0.0,0.0,0.0,0.0,0.6,1
p*****d,,5,0,1760016850,,,1,neutral,0.55,0,0.0,0.0,0.0,0.0,0.6,1
j*****3,,5,0,1749559052,,,1,neutral,0.55,0,0.0,0.0,0.0,0.0,0.6,1
d*****r,,5,0,1750273700,,,1,neutral,0.55,0,0.0,0.0,0.0,0.0,0.6,1
r*****n,,5,0,1745833822,,,1,neutral,0.55,0,0.0,0.0,0.0,0.0,0.6,1
tokogalatia,,5,0,1744298029,,,1,neutral,0.55,0,0.0,0.0,0.0,0.0,0.6,1
imam.prihanto,,5,0,1752618075,,,1,neutral,0.55,0,0.0,0.0,0.0,0.0,0.6,1
fauzyfauzy288,,5,0,1750524783,,,1,neutral,0.55,0,0.0,0.0,0.0,0.0,0.6,1
michen246,,5,0,1742894695,,,1,neutral,0.55,0,0.0,0.0,0.0,0.0,0.6,1
rikisuprayitna,,5,0,1748590983,,,1,neutral,0.55,0,0.0,0.0,0.0,0.0,0.6,1
n*****t,,5,0,1747812402,,,1,neutral,0.55,0,0.0,0.0,0.0,0.0,0.6,1
r*****s,,5,0,1748509907,,,1,neutral,0.55,0,0.0,0.0,0.0,0.0,0.6,1
m*****n,,5,0,1751280448,,,1,neutral,0.55,0,0.0,0.0,0.0,0.0,0.6,1
trya.affandi48,,5,0,1749615719,,,1,neutral,0.55,0,0.0,0.0,0.0,0.0,0.6,1
norman.1,,5,0,1748663414,,,1,neutral,0.55,0,0.0,0.0,0.0,0.0,0.6,1
m_arifin13,,5,0,1763629919,,,1,neutral,0.55,0,0.0,0.0,0.0,0.0,0.6,1
wiwinwiansyah,,5,0,1752490592,,,1,neutral,0.55,0,0.0,0.0,0.0,0.0,0.6,1
arwanajaya_kreasi,,5,0,1765536016,,,1,neutral,0.55,0,0.0,0.0,0.0,0.0,0.6,1
nicholas.an,,5,0,1746075447,,,1,neutral,0.55,0,0.0,0.0,0.0,0.0,0.6,1
i*****d,,5,0,1753764030,,,1,neutral,0.55,0,0.0,0.0,0.0,0.0,0.6,1
d*****a,,5,0,1754007676,,,1,neutral,0.55,0,0.0,0.0,0.0,0.0,0.6,1
taufan5511,,5,0,1765125654,,,1,neutral,0.55,0,0.0,0.0,0.0,0.0,0.6,1
akbar070802,,4,0,1749518822,,,1,neutral,0.55,0,0.0,0.0,0.0,0.0,0.6,1
mrcoroo,,5,0,1748101553,,,1,neutral,0.55,0,0.0,0.0,0.0,0.0,0.6,1
m*****9,,5,0,1752809520,,,1,neutral,0.55,0,0.0,0.0,0.0,0.0,0.6,1
gmy_store,,5,0,1743583276,,,1,neutral,0.55,0,0.0,0.0,0.0,0.0,0.6,1
sentosacell2,,5,0,1762957861,,,1,neutral,0.55,0,0.0,0.0,0.0,0.0,0.6,1
deacomcell,,5,0,1746885364,,,1,neutral,0.55,0,0.0,0.0,0.0,0.0,0.6,1
liliksolo81,,5,0,1748259674,,,1,neutral,0.55,0,0.0,0.0,0.0,0.0,0.6,1
abdan_590,,5,0,1751295952,,,1,neutral,0.55,0,0.0,0.0,0.0,0.0,0.6,1
h*****7,,5,0,1743087333,,,1,neutral,0.55,0,0.0,0.0,0.0,0.0,0.6,1
f*****7,,5,0,1759211344,,,1,neutral,0.55,0,0.0,0.0,0.0,0.0,0.6,1
aam_amrul,,5,0,1745462928,,,1,neutral,0.55,0,0.0,0.0,0.0,0.0,0.6,1
geraddewata,,5,0,1752144083,,,1,neutral,0.55,0,0.0,0.0,0.0,0.0,0.6,1
rizalsfr,,5,0,1752488687,,,1,neutral,0.55,0,0.0,0.0,0.0,0.0,0.6,1
my_edu_store,,4,0,1743055100,,,1,neutral,0.55,0,0.0,0.0,0.0,0.0,0.6,1
khairulhadi86,,5,0,1747048305,,,1,neutral,0.55,0,0.0,0.0,0.0,0.0,0.6,1
muhammadzul23,,5,0,1752495375,,,1,neutral,0.55,0,0.0,0.0,0.0,0.0,0.6,1
rizkyxilham,,5,0,1759816111,,,1,neutral,0.55,0,0.0,0.0,0.0,0.0,0.6,1
dm.budi,,5,0,1744535047,,,1,neutral,0.55,0,0.0,0.0,0.0,0.0,0.6,1
zaini142,,4,0,1746423535,,,1,neutral,0.55,0,0.0,0.0,0.0,0.0,0.6,1
muhammadihaan_,,5,0,1751507721,,,1,neutral,0.55,0,0.0,0.0,0.0,0.0,0.6,1
l*****k,,1,0,1743132574,,,1,neutral,0.55,0,0.0,0.0,0.0,0.0,0.6,1
arifchipuy,,5,0,1763100696,,,1,neutral,0.55,0,0.0,0.0,0.0,0.0,0.6,1
nurfamuser1,,5,0,1745487405,,,1,neutral,0.55,0,0.0,0.0,0.0,0.0,0.6,1
lutfhimuhammadd,,5,0,1742761988,,,1,neutral,0.55,0,0.0,0.0,0.0,0.0,0.6,1
hancocool,,5,0,1744475559,,,1,neutral,0.55,0,0.0,0.0,0.0,0.0,0.6,1
hancocool,,5,0,1744346736,,,1,neutral,0.55,0,0.0,0.0,0.0,0.0,0.6,1
gustian_rd,,5,0,1749968039,,,1,neutral,0.55,0,0.0,0.0,0.0,0.0,0.6,1
ervian25,,5,0,1743314974,,,1,neutral,0.55,0,0.0,0.0,0.0,0.0,0.6,1
setiawan_34,,5,0,1753780754,,,1,neutral,0.55,0,0.0,0.0,0.0,0.0,0.6,1
yohanocha,,5,0,1752748502,,,1,neutral,0.55,0,0.0,0.0,0.0,0.0,0.6,1
a.printing_prenduan,,5,0,1762482434,,,1,neutral,0.55,0,0.0,0.0,0.0,0.0,0.6,1
sky.decal,,5,0,1748903327,,,1,neutral,0.55,0,0.0,0.0,0.0,0.0,0.6,1
fikriardisa,,5,0,1762507661,,,1,neutral,0.55,0,0.0,0.0,0.0,0.0,0.6,1
manap1303,,5,0,1744623953,,,1,neutral,0.55,0,0.0,0.0,0.0,0.0,0.6,1
galihprastiyawan,,5,0,1747049570,,,1,neutral,0.55,0,0.0,0.0,0.0,0.0,0.6,1
asep_dhian,,5,0,1760421997,,,1,neutral,0.55,0,0.0,0.0,0.0,0.0,0.6,1
dayuadg1,,5,0,1749560076,,,1,neutral,0.55,0,0.0,0.0,0.0,0.0,0.6,1
d*****t,,5,0,1759859404,,,1,neutral,0.55,0,0.0,0.0,0.0,0.0,0.6,1
mr.andressaputra,,5,0,1763954359,,,1,neutral,0.55,0,0.0,0.0,0.0,0.0,0.6,1
n*****6,,5,0,1750922541,,,1,neutral,0.55,0,0.0,0.0,0.0,0.0,0.6,1
rizky_junior89,,5,0,1745045562,,,1,neutral,0.55,0,0.0,0.0,0.0,0.0,0.6,1
equestriavxv,,5,0,1744272736,,,1,neutral,0.55,0,0.0,0.0,0.0,0.0,0.6,1
indrau.wijaya,,5,0,1744353217,,,1,neutral,0.55,0,0.0,0.0,0.0,0.0,0.6,1
jhonynet01,,5,0,1753704749,,,1,neutral,0.55,0,0.0,0.0,0.0,0.0,0.6,1
jhonynet01,,5,0,1751429767,,,1,neutral,0.55,0,0.0,0.0,0.0,0.0,0.6,1
servinogavinly,,5,0,1762672435,,,1,neutral,0.55,0,0.0,0.0,0.0,0.0,0.6,1
makri1102,,5,0,1740765110,,,1,neutral,0.55,0,0.0,0.0,0.0,0.0,0.6,1
anzas_pangestu,,5,0,1742482629,,,1,neutral,0.55,0,0.0,0.0,0.0,0.0,0.6,1
a*****4,,5,0,1742553180,,,1,neutral,0.55,0,0.0,0.0,0.0,0.0,0.6,1
bocahggteluk155,,5,0,1744637799,,,1,neutral,0.55,0,0.0,0.0,0.0,0.0,0.6,1
z*****i,,5,0,1744614076,,,1,neutral,0.55,0,0.0,0.0,0.0,0.0,0.6,1
uwouliyuuu,,5,0,1744592123,,,1,neutral,0.55,0,0.0,0.0,0.0,0.0,0.6,1
kazumiryaga,,5,0,1746508338,,,1,neutral,0.55,0,0.0,0.0,0.0,0.0,0.6,1
faidrealme,,5,0,1746033343,,,1,neutral,0.55,0,0.0,0.0,0.0,0.0,0.6,1
ibnualia,,5,0,1747021291,,,1,neutral,0.55,0,0.0,0.0,0.0,0.0,0.6,1
bocahggteluk155,,5,0,1748084025,,,1,neutral,0.55,0,0.0,0.0,0.0,0.0,0.6,1
gtd88,,5,0,1748180123,,,1,neutral,0.55,0,0.0,0.0,0.0,0.0,0.6,1
andika637282,,5,0,1745504864,,,1,neutral,0.55,0,0.0,0.0,0.0,0.0,0.6,1
andhymino,,5,0,1745545392,,,1,neutral,0.55,0,0.0,0.0,0.0,0.0,0.6,1
ayseraofficialshop,,5,0,1745438080,,,1,neutral,0.55,0,0.0,0.0,0.0,0.0,0.6,1
razwa_rakha,,5,0,1745465965,,,1,neutral,0.55,0,0.0,0.0,0.0,0.0,0.6,1
masfath_25,,5,0,1745483988,,,1,neutral,0.55,0,0.0,0.0,0.0,0.0,0.6,1
defiprayogo,,5,0,1745571267,,,1,neutral,0.55,0,0.0,0.0,0.0,0.0,0.6,1
adriansyahramana,,5,0,1741756718,,,1,neutral,0.55,0,0.0,0.0,0.0,0.0,0.6,1
idaitsi,,5,0,1742409159,,,1,neutral,0.55,0,0.0,0.0,0.0,0.0,0.6,1
h*****0,,5,0,1743085995,,,1,neutral,0.55,0,0.0,0.0,0.0,0.0,0.6,1
amrianektea,,5,0,1749204049,,,1,neutral,0.55,0,0.0,0.0,0.0,0.0,0.6,1
aaazham,,5,0,1749189961,,,1,neutral,0.55,0,0.0,0.0,0.0,0.0,0.6,1
fitrarohimpulungan,,5,0,1749908597,,,1,neutral,0.55,0,0.0,0.0,0.0,0.0,0.6,1
risal_abbas123,,5,0,1750153490,,,1,neutral,0.55,0,0.0,0.0,0.0,0.0,0.6,1
mfadliirawansyahputra615,,5,0,1750369382,,,1,neutral,0.55,0,0.0,0.0,0.0,0.0,0.6,1
liufan0918,,5,0,1750403474,,,1,neutral,0.55,0,0.0,0.0,0.0,0.0,0.6,1
y*****1,,5,0,1750444955,,,1,neutral,0.55,0,0.0,0.0,0.0,0.0,0.6,1
arisasmara,,5,0,1755456557,,,1,neutral,0.55,0,0.0,0.0,0.0,0.0,0.6,1
fitriiadewiiramdhaniia,,5,0,1755763153,,,1,neutral,0.55,0,0.0,0.0,0.0,0.0,0.6,1
dansjr07,,5,0,1755422758,,,1,neutral,0.55,0,0.0,0.0,0.0,0.0,0.6,1
garrett..,,5,0,1755163022,,,1,neutral,0.55,0,0.0,0.0,0.0,0.0,0.6,1
s*****o,,5,0,1755350352,,,1,neutral,0.55,0,0.0,0.0,0.0,0.0,0.6,1
mulki0400,,5,0,1755519115,,,1,neutral,0.55,0,0.0,0.0,0.0,0.0,0.6,1
brianxerxes,,5,0,1755604224,,,1,neutral,0.55,0,0.0,0.0,0.0,0.0,0.6,1
s*****r,,5,0,1755677403,,,1,neutral,0.55,0,0.0,0.0,0.0,0.0,0.6,1
mohamad_kosim,,5,0,1753679475,,,1,neutral,0.55,0,0.0,0.0,0.0,0.0,0.6,1
774e4cyfuz,,5,0,1753684540,,,1,neutral,0.55,0,0.0,0.0,0.0,0.0,0.6,1
ahmad_ramadani818,,5,0,1753703922,,,1,neutral,0.55,0,0.0,0.0,0.0,0.0,0.6,1
exusiaiarcadias,,5,0,1754033989,,,1,neutral,0.55,0,0.0,0.0,0.0,0.0,0.6,1
hasa_simo,,5,0,1754290727,,,1,neutral,0.55,0,0.0,0.0,0.0,0.0,0.6,1
vitamahmudiyah,,5,0,1754459588,,,1,neutral,0.55,0,0.0,0.0,0.0,0.0,0.6,1
aniani1708,,5,0,1754538127,,,1,neutral,0.55,0,0.0,0.0,0.0,0.0,0.6,1
spreikutermurah,,5,0,1754750659,,,1,neutral,0.55,0,0.0,0.0,0.0,0.0,0.6,1
nx_gamestation,,5,0,1754610999,,,1,neutral,0.55,0,0.0,0.0,0.0,0.0,0.6,1
s*****r,,5,0,1754815012,,,1,neutral,0.55,0,0.0,0.0,0.0,0.0,0.6,1
f*****e,,5,0,1754788141,,,1,neutral,0.55,0,0.0,0.0,0.0,0.0,0.6,1
ari_zulhijaya,,5,0,1754656170,,,1,neutral,0.55,0,0.0,0.0,0.0,0.0,0.6,1
ai_comp,,5,0,1750984786,,,1,neutral,0.55,0,0.0,0.0,0.0,0.0,0.6,1
mjingram,,5,0,1750982153,,,1,neutral,0.55,0,0.0,0.0,0.0,0.0,0.6,1
choayedogawa,,5,0,1751378373,,,1,neutral,0.55,0,0.0,0.0,0.0,0.0,0.6,1
linus_jr,,5,0,1751539962,,,1,neutral,0.55,0,0.0,0.0,0.0,0.0,0.6,1
azurafloristbekasi,,5,0,1751794573,,,1,neutral,0.55,0,0.0,0.0,0.0,0.0,0.6,1
azurafloristbekasi,,5,0,1751794592,,,1,neutral,0.55,0,0.0,0.0,0.0,0.0,0.6,1
irfanramadani09,,5,0,1752027409,,,1,neutral,0.55,0,0.0,0.0,0.0,0.0,0.6,1
severinoangga,,5,0,1752401480,,,1,neutral,0.55,0,0.0,0.0,0.0,0.0,0.6,1
weddingbook.shop,,5,0,1752563953,,,1,neutral,0.55,0,0.0,0.0,0.0,0.0,0.6,1
restugamers354,,5,0,1752707912,,,1,neutral,0.55,0,0.0,0.0,0.0,0.0,0.6,1
l*****1,,5,0,1753020958,,,1,neutral,0.55,0,0.0,0.0,0.0,0.0,0.6,1
riyanalfian,,5,0,1754110362,,,1,neutral,0.55,0,0.0,0.0,0.0,0.0,0.6,1
s*****o,,5,0,1755080914,,,1,neutral,0.55,0,0.0,0.0,0.0,0.0,0.6,1
berrytriyoka,,5,0,1755000077,,,1,neutral,0.55,0,0.0,0.0,0.0,0.0,0.6,1
diandhee13,,5,0,1754888882,,,1,neutral,0.55,0,0.0,0.0,0.0,0.0,0.6,1
chalos15,,5,0,1754952028,,,1,neutral,0.55,0,0.0,0.0,0.0,0.0,0.6,1
samuelpuguhsantoso,,5,0,1756259491,,,1,neutral,0.55,0,0.0,0.0,0.0,0.0,0.6,1
i*****6,,5,0,1756001134,,,1,neutral,0.55,0,0.0,0.0,0.0,0.0,0.6,1
didik.pras,,5,0,1756030322,,,1,neutral,0.55,0,0.0,0.0,0.0,0.0,0.6,1
temmyhl,,5,0,1756036391,,,1,neutral,0.55,0,0.0,0.0,0.0,0.0,0.6,1
hendramone677,,5,0,1755929706,,,1,neutral,0.55,0,0.0,0.0,0.0,0.0,0.6,1
mhmd_fauzi,,5,0,1756448857,,,1,neutral,0.55,0,0.0,0.0,0.0,0.0,0.6,1
a*****a,,5,0,1756541232,,,1,neutral,0.55,0,0.0,0.0,0.0,0.0,0.6,1
hancocool,,5,0,1756529866,,,1,neutral,0.55,0,0.0,0.0,0.0,0.0,0.6,1
rapisalt08,,5,0,1756562559,,,1,neutral,0.55,0,0.0,0.0,0.0,0.0,0.6,1
anang_basuki,,5,0,1756971448,,,1,neutral,0.55,0,0.0,0.0,0.0,0.0,0.6,1
sigitwidodo11,,5,0,1757176015,,,1,neutral,0.55,0,0.0,0.0,0.0,0.0,0.6,1
rycomp,,5,0,1757413848,,,1,neutral,0.55,0,0.0,0.0,0.0,0.0,0.6,1
tffauzan_,,5,0,1757415329,,,1,neutral,0.55,0,0.0,0.0,0.0,0.0,0.6,1
masedwinservis,,5,0,1757477175,,,1,neutral,0.55,0,0.0,0.0,0.0,0.0,0.6,1
misakaimouta,,5,0,1757436374,,,1,neutral,0.55,0,0.0,0.0,0.0,0.0,0.6,1
zaenal_alihippy,,5,0,1756732780,,,1,neutral,0.55,0,0.0,0.0,0.0,0.0,0.6,1
radent008,,5,0,1757595258,,,1,neutral,0.55,0,0.0,0.0,0.0,0.0,0.6,1
ariyananjasman,,5,0,1757777180,,,1,neutral,0.55,0,0.0,0.0,0.0,0.0,0.6,1
ariyananjasman,,5,0,1757777180,,,1,neutral,0.55,0,0.0,0.0,0.0,0.0,0.6,1
garrett..,,5,0,1757827478,,,1,neutral,0.55,0,0.0,0.0,0.0,0.0,0.6,1
w*****2,,5,0,1757837694,,,1,neutral,0.55,0,0.0,0.0,0.0,0.0,0.6,1
pohonkelapa503,,5,0,1757930743,,,1,neutral,0.55,0,0.0,0.0,0.0,0.0,0.6,1
misakaimouta,,5,0,1757436374,,,1,neutral,0.55,0,0.0,0.0,0.0,0.0,0.6,1
tffauzan_,,5,0,1757415329,,,1,neutral,0.55,0,0.0,0.0,0.0,0.0,0.6,1
rycomp,,5,0,1757413848,,,1,neutral,0.55,0,0.0,0.0,0.0,0.0,0.6,1
radent008,,5,0,1757595258,,,1,neutral,0.55,0,0.0,0.0,0.0,0.0,0.6,1
adeardiansyh18,,5,0,1757954316,,,1,neutral,0.55,0,0.0,0.0,0.0,0.0,0.6,1
gdrk_,,5,0,1758084900,,,1,neutral,0.55,0,0.0,0.0,0.0,0.0,0.6,1
masedwinservis,,5,0,1757477175,,,1,neutral,0.55,0,0.0,0.0,0.0,0.0,0.6,1
i*****7,,5,0,1759049109,,,1,neutral,0.55,0,0.0,0.0,0.0,0.0,0.6,1
putriapri798,,5,0,1760493096,,,1,neutral,0.55,0,0.0,0.0,0.0,0.0,0.6,1
deryanto624,,5,0,1760417878,,,1,neutral,0.55,0,0.0,0.0,0.0,0.0,0.6,1
rizaldi2106,,5,0,1763983996,,,1,neutral,0.55,0,0.0,0.0,0.0,0.0,0.6,1
davidrj27,,5,0,1763630279,,,1,neutral,0.55,0,0.0,0.0,0.0,0.0,0.6,1
p2_sticker,,5,0,1763966172,,,1,neutral,0.55,0,0.0,0.0,0.0,0.0,0.6,1
davidrj27,,5,0,1764750078,,,1,neutral,0.55,0,0.0,0.0,0.0,0.0,0.6,1
mochamadarif098,,5,0,1764689653,,,1,neutral,0.55,0,0.0,0.0,0.0,0.0,0.6,1
andree0606,,5,0,1764373848,,,1,neutral,0.55,0,0.0,0.0,0.0,0.0,0.6,1
p5zt7zmf8c,,5,0,1764242779,,,1,neutral,0.55,0,0.0,0.0,0.0,0.0,0.6,1
gamingshopid,,5,0,1765339293,,,1,neutral,0.55,0,0.0,0.0,0.0,0.0,0.6,1
omah_elsa,,5,0,1765453815,,,1,neutral,0.55,0,0.0,0.0,0.0,0.0,0.6,1
lilalutfi,,5,0,1765500194,,,1,neutral,0.55,0,0.0,0.0,0.0,0.0,0.6,1
h*****2,,4,0,1744473024,,,1,neutral,0.55,0,0.0,0.0,0.0,0.0,0.6,1
h*****2,,4,0,1743344289,,,1,neutral,0.55,0,0.0,0.0,0.0,0.0,0.6,1
utamakanselamat123,,4,0,1748063786,,,1,neutral,0.55,0,0.0,0.0,0.0,0.0,0.6,1
jhfasdfds,,4,0,1752089267,,,1,neutral,0.55,0,0.0,0.0,0.0,0.0,0.6,1
chuldi,,4,0,1754747234,,,1,neutral,0.55,0,0.0,0.0,0.0,0.0,0.6,1
a*****h,,3,0,1760076774,,,1,neutral,0.55,0,0.0,0.0,0.0,0.0,0.6,1
m_zein_03,,5,0,1761617552,,,1,neutral,0.55,0,0.0,0.0,0.0,0.0,0.6,1
hair___,,5,0,1752141761,,,1,neutral,0.55,0,0.0,0.0,0.0,0.0,0.6,1
