[2025-12-03T11:53:22.920968] START job for link: https://shopee.co.id/Samsung-Galaxy-S24-Series-S24-Ultra-S24-Basic-S24-FE-Smart-AI-Kamera-200MP-i.1101386382.23860528324
[2025-12-03T11:53:22.930330] SCRAPER using user profile: user-data=C:\Users\Acer\AppData\Local\Microsoft\Edge\User Data profile=Profile 8
[2025-12-03T11:54:27.400590] SCRAPER launched Edge remote-debug with profile=Profile 8 on 9222
[2025-12-03T11:54:48.651670] SCRAPER remote debugging not open yet; if a window reused an existing Edge process, please close all Edge windows for this profile and start Edge manually with:
[2025-12-03T11:54:48.652546] "C:\\Program Files (x86)\\Microsoft\\Edge\\Application\\msedge.exe" --remote-debugging-port=9222 --user-data-dir="C:\Users\Acer\AppData\Local\Microsoft\Edge\User Data" --profile-directory="Profile 8"
[2025-12-03T11:56:31.395722] START job for link: https://shopee.co.id/Samsung-Galaxy-S24-Series-S24-Ultra-S24-Basic-S24-FE-Smart-AI-Kamera-200MP-i.1101386382.23860528324
[2025-12-03T11:56:31.399662] SCRAPER using user profile: user-data=C:\Users\Acer\AppData\Local\Microsoft\Edge\User Data profile=Profile 8
[2025-12-03T11:56:49.894370] ERROR scraper failed: Edge remote debugging not reachable on 9222
[2025-12-03T11:57:34.626439] SCRAPER launched Edge remote-debug with profile=Profile 8 on 9222
[2025-12-03T11:57:55.913781] SCRAPER remote debugging not open yet; if a window reused an existing Edge process, please close all Edge windows for this profile and start Edge manually with:
[2025-12-03T11:57:55.913781] "C:\\Program Files (x86)\\Microsoft\\Edge\\Application\\msedge.exe" --remote-debugging-port=9222 --user-data-dir="C:\Users\Acer\AppData\Local\Microsoft\Edge\User Data" --profile-directory="Profile 8"
[2025-12-03T11:58:11.909929] START job for link: https://shopee.co.id/Samsung-Galaxy-S24-Series-S24-Ultra-S24-Basic-S24-FE-Smart-AI-Kamera-200MP-i.1101386382.23860528324
[2025-12-03T11:58:11.914010] SCRAPER using user profile: user-data=C:\Users\Acer\AppData\Local\Microsoft\Edge\User Data profile=Profile 8
[2025-12-03T11:58:24.889484] START job for link: https://shopee.co.id/Samsung-Galaxy-S24-Series-S24-Ultra-S24-Basic-S24-FE-Smart-AI-Kamera-200MP-i.1101386382.23860528324
[2025-12-03T11:58:24.893481] SCRAPER using user profile: user-data=C:\Users\Acer\AppData\Local\Microsoft\Edge\User Data profile=Profile 8
[2025-12-03T11:59:15.098818] SCRAPER launched Edge remote-debug with profile=Profile 8 on 9222
[2025-12-03T11:59:39.183598] SCRAPER injected 27 cookies from cookies.json into session
[2025-12-03T11:59:40.041138] SCRAPER injected 27 cookies from cookies.json into session
[2025-12-03T11:59:42.094214] SCRAPER product tab detected; proceeding
[2025-12-03T11:59:42.095214] SCRAPER fetch product data
[2025-12-03T11:59:42.833583] SCRAPER product tab detected; proceeding
[2025-12-03T11:59:42.834585] SCRAPER fetch product data
[2025-12-03T11:59:42.924155] SCRAPER injected 27 cookies from cookies.json into session
[2025-12-03T11:59:45.109698] SCRAPER fetch comments
[2025-12-03T11:59:45.299437] SCRAPER fetch comments
[2025-12-03T11:59:45.418392] SCRAPER ratings fetch page 1 offset 0 failed (attempt 1/5): empty ratings
[2025-12-03T11:59:45.489652] SCRAPER product tab detected; proceeding
[2025-12-03T11:59:45.490653] SCRAPER fetch product data
[2025-12-03T11:59:45.572197] SCRAPER ratings fetch page 1 offset 0 failed (attempt 1/5): empty ratings
[2025-12-03T11:59:46.050617] SCRAPER fetch comments
[2025-12-03T11:59:46.210443] SCRAPER ratings fetch page 1 offset 0 failed (attempt 1/5): empty ratings
[2025-12-03T11:59:47.644558] SCRAPER ratings fetch page 1 offset 0 failed (attempt 2/5): empty ratings
[2025-12-03T11:59:47.740011] SCRAPER ratings fetch page 1 offset 0 failed (attempt 2/5): empty ratings
[2025-12-03T11:59:48.386134] SCRAPER ratings fetch page 1 offset 0 failed (attempt 2/5): empty ratings
[2025-12-03T11:59:51.143112] SCRAPER ratings fetch page 1 offset 0 failed (attempt 3/5): empty ratings
[2025-12-03T11:59:51.227982] SCRAPER ratings fetch page 1 offset 0 failed (attempt 3/5): empty ratings
[2025-12-03T11:59:51.589730] SCRAPER ratings fetch page 1 offset 0 failed (attempt 3/5): empty ratings
[2025-12-03T11:59:55.319521] SCRAPER ratings fetch page 1 offset 0 failed (attempt 4/5): empty ratings
[2025-12-03T11:59:55.429187] SCRAPER ratings fetch page 1 offset 0 failed (attempt 4/5): empty ratings
[2025-12-03T11:59:55.783622] SCRAPER ratings fetch page 1 offset 0 failed (attempt 4/5): empty ratings
[2025-12-03T12:00:00.512534] SCRAPER ratings fetch page 1 offset 0 failed (attempt 5/5): empty ratings
[2025-12-03T12:00:00.609591] SCRAPER ratings fetch page 1 offset 0 failed (attempt 5/5): empty ratings
[2025-12-03T12:00:00.968461] SCRAPER ratings fetch page 1 offset 0 failed (attempt 5/5): empty ratings
[2025-12-03T12:00:05.528021] SCRAPER skip page 1 after 5 failures; lanjut halaman berikutnya
[2025-12-03T12:00:05.621172] SCRAPER skip page 1 after 5 failures; lanjut halaman berikutnya
[2025-12-03T12:00:05.840029] SCRAPER ratings fetch page 2 offset 20 failed (attempt 1/5): empty ratings
[2025-12-03T12:00:05.944683] SCRAPER ratings fetch page 2 offset 20 failed (attempt 1/5): empty ratings
[2025-12-03T12:00:05.982171] SCRAPER skip page 1 after 5 failures; lanjut halaman berikutnya
[2025-12-03T12:00:06.136669] SCRAPER ratings fetch page 2 offset 20 failed (attempt 1/5): empty ratings
[2025-12-03T12:00:08.017015] SCRAPER ratings fetch page 2 offset 20 failed (attempt 2/5): empty ratings
[2025-12-03T12:00:08.110166] SCRAPER ratings fetch page 2 offset 20 failed (attempt 2/5): empty ratings
[2025-12-03T12:00:08.300372] SCRAPER ratings fetch page 2 offset 20 failed (attempt 2/5): empty ratings
[2025-12-03T12:00:11.242833] SCRAPER ratings fetch page 2 offset 20 failed (attempt 3/5): empty ratings
[2025-12-03T12:00:11.413160] SCRAPER ratings fetch page 2 offset 20 failed (attempt 3/5): empty ratings
[2025-12-03T12:00:11.462396] SCRAPER ratings fetch page 2 offset 20 failed (attempt 3/5): empty ratings
[2025-12-03T12:00:15.413319] SCRAPER ratings fetch page 2 offset 20 failed (attempt 4/5): empty ratings
[2025-12-03T12:00:15.593641] SCRAPER ratings fetch page 2 offset 20 failed (attempt 4/5): empty ratings
[2025-12-03T12:00:15.693944] SCRAPER ratings fetch page 2 offset 20 failed (attempt 4/5): empty ratings
[2025-12-03T12:00:20.750131] SCRAPER ratings fetch page 2 offset 20 failed (attempt 5/5): empty ratings
[2025-12-03T12:00:20.847880] SCRAPER ratings fetch page 2 offset 20 failed (attempt 5/5): empty ratings
[2025-12-03T12:00:20.940967] SCRAPER ratings fetch page 2 offset 20 failed (attempt 5/5): empty ratings
[2025-12-03T12:00:25.760742] SCRAPER skip page 2 after 5 failures; lanjut halaman berikutnya
[2025-12-03T12:00:25.852445] SCRAPER skip page 2 after 5 failures; lanjut halaman berikutnya
[2025-12-03T12:00:25.946186] SCRAPER skip page 2 after 5 failures; lanjut halaman berikutnya
[2025-12-03T12:00:26.053326] SCRAPER ratings fetch page 3 offset 40 failed (attempt 1/5): empty ratings
[2025-12-03T12:00:26.321038] SCRAPER ratings fetch page 3 offset 40 failed (attempt 1/5): empty ratings
[2025-12-03T12:00:26.449942] SCRAPER ratings fetch page 3 offset 40 failed (attempt 1/5): empty ratings
[2025-12-03T12:00:28.324085] SCRAPER ratings fetch page 3 offset 40 failed (attempt 2/5): empty ratings
[2025-12-03T12:00:28.567083] SCRAPER ratings fetch page 3 offset 40 failed (attempt 2/5): empty ratings
[2025-12-03T12:00:28.665758] SCRAPER ratings fetch page 3 offset 40 failed (attempt 2/5): empty ratings
[2025-12-03T12:00:31.534280] SCRAPER ratings fetch page 3 offset 40 failed (attempt 3/5): empty ratings
[2025-12-03T12:00:31.751640] SCRAPER ratings fetch page 3 offset 40 failed (attempt 3/5): empty ratings
[2025-12-03T12:00:31.847032] SCRAPER ratings fetch page 3 offset 40 failed (attempt 3/5): empty ratings
[2025-12-03T12:00:35.695719] SCRAPER ratings fetch page 3 offset 40 failed (attempt 4/5): empty ratings
[2025-12-03T12:00:35.966668] SCRAPER ratings fetch page 3 offset 40 failed (attempt 4/5): empty ratings
[2025-12-03T12:00:36.096798] SCRAPER ratings fetch page 3 offset 40 failed (attempt 4/5): empty ratings
[2025-12-03T12:00:41.178551] SCRAPER page 3: collected 20/200
[2025-12-03T12:00:41.355349] SCRAPER page 3: collected 20/200
[2025-12-03T12:00:41.627734] SCRAPER page 3: collected 20/200
[2025-12-03T12:00:41.970471] SCRAPER ratings fetch page 4 offset 60 failed (attempt 1/5): ('Connection aborted.', ConnectionResetError(10054, 'An existing connection was forcibly closed by the remote host', None, 10054, None))
[2025-12-03T12:00:42.176499] SCRAPER ratings fetch page 4 offset 60 failed (attempt 1/5): empty ratings
[2025-12-03T12:00:42.252401] SCRAPER ratings fetch page 4 offset 60 failed (attempt 1/5): empty ratings
[2025-12-03T12:00:44.183031] SCRAPER ratings fetch page 4 offset 60 failed (attempt 2/5): Message: no such window: target window already closed
from unknown error: web view not found
  (Session info: MicrosoftEdge=142.0.3595.94)
Stacktrace:
	GetHandleVerifier [0x0x7ff6a7b22a75+51877]
	GetHandleVerifier [0x0x7ff6a7b22ad4+51972]
	GetHandleVerifier [0x0x7ff6a7cd9425+1848405]
	(No symbol) [0x0x7ff6a7870e5f]
	(No symbol) [0x0x7ff6a79074ec]
	(No symbol) [0x0x7ff6a791ed0a]
	(No symbol) [0x0x7ff6a7901df3]
	(No symbol) [0x0x7ff6a78d5b36]
	(No symbol) [0x0x7ff6a78d4d80]
	(No symbol) [0x0x7ff6a78d5973]
	(No symbol) [0x0x7ff6a799e4a5]
	(No symbol) [0x0x7ff6a799a75d]
	GetHandleVerifier [0x0x7ff6a7b4d2b3+226019]
	GetHandleVerifier [0x0x7ff6a7b3c481+156849]
	GetHandleVerifier [0x0x7ff6a7b44979+190889]
	GetHandleVerifier [0x0x7ff6a7b29bb4+80868]
	GetHandleVerifier [0x0x7ff6a7b29d03+81203]
	GetHandleVerifier [0x0x7ff6a7b18286+8886]
	BaseThreadInitThunk [0x0x7ff98cdee8d7+23]
	RtlUserThreadStart [0x0x7ff98e38c53c+44]

[2025-12-03T12:00:44.261087] SCRAPER ratings fetch page 4 offset 60 failed (attempt 2/5): Message: no such window: target window already closed
from unknown error: web view not found
  (Session info: MicrosoftEdge=142.0.3595.94)
Stacktrace:
	GetHandleVerifier [0x0x7ff6a7b22a75+51877]
	GetHandleVerifier [0x0x7ff6a7b22ad4+51972]
	GetHandleVerifier [0x0x7ff6a7cd9425+1848405]
	(No symbol) [0x0x7ff6a7870e5f]
	(No symbol) [0x0x7ff6a79074ec]
	(No symbol) [0x0x7ff6a791ed0a]
	(No symbol) [0x0x7ff6a7901df3]
	(No symbol) [0x0x7ff6a78d5b36]
	(No symbol) [0x0x7ff6a78d4d80]
	(No symbol) [0x0x7ff6a78d5973]
	(No symbol) [0x0x7ff6a799e4a5]
	(No symbol) [0x0x7ff6a799a75d]
	GetHandleVerifier [0x0x7ff6a7b4d2b3+226019]
	GetHandleVerifier [0x0x7ff6a7b3c481+156849]
	GetHandleVerifier [0x0x7ff6a7b44979+190889]
	GetHandleVerifier [0x0x7ff6a7b29bb4+80868]
	GetHandleVerifier [0x0x7ff6a7b29d03+81203]
	GetHandleVerifier [0x0x7ff6a7b18286+8886]
	BaseThreadInitThunk [0x0x7ff98cdee8d7+23]
	RtlUserThreadStart [0x0x7ff98e38c53c+44]

[2025-12-03T12:00:47.193990] SCRAPER ratings fetch page 4 offset 60 failed (attempt 3/5): Message: no such window: target window already closed
from unknown error: web view not found
  (Session info: MicrosoftEdge=142.0.3595.94)
Stacktrace:
	GetHandleVerifier [0x0x7ff6a7b22a75+51877]
	GetHandleVerifier [0x0x7ff6a7b22ad4+51972]
	GetHandleVerifier [0x0x7ff6a7cd9425+1848405]
	(No symbol) [0x0x7ff6a7870e5f]
	(No symbol) [0x0x7ff6a79074ec]
	(No symbol) [0x0x7ff6a791ed0a]
	(No symbol) [0x0x7ff6a7901df3]
	(No symbol) [0x0x7ff6a78d5b36]
	(No symbol) [0x0x7ff6a78d4d80]
	(No symbol) [0x0x7ff6a78d5973]
	(No symbol) [0x0x7ff6a799e4a5]
	(No symbol) [0x0x7ff6a799a75d]
	GetHandleVerifier [0x0x7ff6a7b4d2b3+226019]
	GetHandleVerifier [0x0x7ff6a7b3c481+156849]
	GetHandleVerifier [0x0x7ff6a7b44979+190889]
	GetHandleVerifier [0x0x7ff6a7b29bb4+80868]
	GetHandleVerifier [0x0x7ff6a7b29d03+81203]
	GetHandleVerifier [0x0x7ff6a7b18286+8886]
	BaseThreadInitThunk [0x0x7ff98cdee8d7+23]
	RtlUserThreadStart [0x0x7ff98e38c53c+44]

[2025-12-03T12:00:47.272834] SCRAPER ratings fetch page 4 offset 60 failed (attempt 3/5): Message: no such window: target window already closed
from unknown error: web view not found
  (Session info: MicrosoftEdge=142.0.3595.94)
Stacktrace:
	GetHandleVerifier [0x0x7ff6a7b22a75+51877]
	GetHandleVerifier [0x0x7ff6a7b22ad4+51972]
	GetHandleVerifier [0x0x7ff6a7cd9425+1848405]
	(No symbol) [0x0x7ff6a7870e5f]
	(No symbol) [0x0x7ff6a79074ec]
	(No symbol) [0x0x7ff6a791ed0a]
	(No symbol) [0x0x7ff6a7901df3]
	(No symbol) [0x0x7ff6a78d5b36]
	(No symbol) [0x0x7ff6a78d4d80]
	(No symbol) [0x0x7ff6a78d5973]
	(No symbol) [0x0x7ff6a799e4a5]
	(No symbol) [0x0x7ff6a799a75d]
	GetHandleVerifier [0x0x7ff6a7b4d2b3+226019]
	GetHandleVerifier [0x0x7ff6a7b3c481+156849]
	GetHandleVerifier [0x0x7ff6a7b44979+190889]
	GetHandleVerifier [0x0x7ff6a7b29bb4+80868]
	GetHandleVerifier [0x0x7ff6a7b29d03+81203]
	GetHandleVerifier [0x0x7ff6a7b18286+8886]
	BaseThreadInitThunk [0x0x7ff98cdee8d7+23]
	RtlUserThreadStart [0x0x7ff98e38c53c+44]

[2025-12-03T12:00:51.197329] SCRAPER ratings fetch page 4 offset 60 failed (attempt 4/5): Message: no such window: target window already closed
from unknown error: web view not found
  (Session info: MicrosoftEdge=142.0.3595.94)
Stacktrace:
	GetHandleVerifier [0x0x7ff6a7b22a75+51877]
	GetHandleVerifier [0x0x7ff6a7b22ad4+51972]
	GetHandleVerifier [0x0x7ff6a7cd9425+1848405]
	(No symbol) [0x0x7ff6a7870e5f]
	(No symbol) [0x0x7ff6a79074ec]
	(No symbol) [0x0x7ff6a791ed0a]
	(No symbol) [0x0x7ff6a7901df3]
	(No symbol) [0x0x7ff6a78d5b36]
	(No symbol) [0x0x7ff6a78d4d80]
	(No symbol) [0x0x7ff6a78d5973]
	(No symbol) [0x0x7ff6a799e4a5]
	(No symbol) [0x0x7ff6a799a75d]
	GetHandleVerifier [0x0x7ff6a7b4d2b3+226019]
	GetHandleVerifier [0x0x7ff6a7b3c481+156849]
	GetHandleVerifier [0x0x7ff6a7b44979+190889]
	GetHandleVerifier [0x0x7ff6a7b29bb4+80868]
	GetHandleVerifier [0x0x7ff6a7b29d03+81203]
	GetHandleVerifier [0x0x7ff6a7b18286+8886]
	BaseThreadInitThunk [0x0x7ff98cdee8d7+23]
	RtlUserThreadStart [0x0x7ff98e38c53c+44]

[2025-12-03T12:00:51.290871] SCRAPER ratings fetch page 4 offset 60 failed (attempt 4/5): Message: no such window: target window already closed
from unknown error: web view not found
  (Session info: MicrosoftEdge=142.0.3595.94)
Stacktrace:
	GetHandleVerifier [0x0x7ff6a7b22a75+51877]
	GetHandleVerifier [0x0x7ff6a7b22ad4+51972]
	GetHandleVerifier [0x0x7ff6a7cd9425+1848405]
	(No symbol) [0x0x7ff6a7870e5f]
	(No symbol) [0x0x7ff6a79074ec]
	(No symbol) [0x0x7ff6a791ed0a]
	(No symbol) [0x0x7ff6a7901df3]
	(No symbol) [0x0x7ff6a78d5b36]
	(No symbol) [0x0x7ff6a78d4d80]
	(No symbol) [0x0x7ff6a78d5973]
	(No symbol) [0x0x7ff6a799e4a5]
	(No symbol) [0x0x7ff6a799a75d]
	GetHandleVerifier [0x0x7ff6a7b4d2b3+226019]
	GetHandleVerifier [0x0x7ff6a7b3c481+156849]
	GetHandleVerifier [0x0x7ff6a7b44979+190889]
	GetHandleVerifier [0x0x7ff6a7b29bb4+80868]
	GetHandleVerifier [0x0x7ff6a7b29d03+81203]
	GetHandleVerifier [0x0x7ff6a7b18286+8886]
	BaseThreadInitThunk [0x0x7ff98cdee8d7+23]
	RtlUserThreadStart [0x0x7ff98e38c53c+44]

[2025-12-03T12:00:56.215733] SCRAPER ratings fetch page 4 offset 60 failed (attempt 5/5): Message: no such window: target window already closed
from unknown error: web view not found
  (Session info: MicrosoftEdge=142.0.3595.94)
Stacktrace:
	GetHandleVerifier [0x0x7ff6a7b22a75+51877]
	GetHandleVerifier [0x0x7ff6a7b22ad4+51972]
	GetHandleVerifier [0x0x7ff6a7cd9425+1848405]
	(No symbol) [0x0x7ff6a7870e5f]
	(No symbol) [0x0x7ff6a79074ec]
	(No symbol) [0x0x7ff6a791ed0a]
	(No symbol) [0x0x7ff6a7901df3]
	(No symbol) [0x0x7ff6a78d5b36]
	(No symbol) [0x0x7ff6a78d4d80]
	(No symbol) [0x0x7ff6a78d5973]
	(No symbol) [0x0x7ff6a799e4a5]
	(No symbol) [0x0x7ff6a799a75d]
	GetHandleVerifier [0x0x7ff6a7b4d2b3+226019]
	GetHandleVerifier [0x0x7ff6a7b3c481+156849]
	GetHandleVerifier [0x0x7ff6a7b44979+190889]
	GetHandleVerifier [0x0x7ff6a7b29bb4+80868]
	GetHandleVerifier [0x0x7ff6a7b29d03+81203]
	GetHandleVerifier [0x0x7ff6a7b18286+8886]
	BaseThreadInitThunk [0x0x7ff98cdee8d7+23]
	RtlUserThreadStart [0x0x7ff98e38c53c+44]

[2025-12-03T12:00:56.310910] SCRAPER ratings fetch page 4 offset 60 failed (attempt 5/5): Message: no such window: target window already closed
from unknown error: web view not found
  (Session info: MicrosoftEdge=142.0.3595.94)
Stacktrace:
	GetHandleVerifier [0x0x7ff6a7b22a75+51877]
	GetHandleVerifier [0x0x7ff6a7b22ad4+51972]
	GetHandleVerifier [0x0x7ff6a7cd9425+1848405]
	(No symbol) [0x0x7ff6a7870e5f]
	(No symbol) [0x0x7ff6a79074ec]
	(No symbol) [0x0x7ff6a791ed0a]
	(No symbol) [0x0x7ff6a7901df3]
	(No symbol) [0x0x7ff6a78d5b36]
	(No symbol) [0x0x7ff6a78d4d80]
	(No symbol) [0x0x7ff6a78d5973]
	(No symbol) [0x0x7ff6a799e4a5]
	(No symbol) [0x0x7ff6a799a75d]
	GetHandleVerifier [0x0x7ff6a7b4d2b3+226019]
	GetHandleVerifier [0x0x7ff6a7b3c481+156849]
	GetHandleVerifier [0x0x7ff6a7b44979+190889]
	GetHandleVerifier [0x0x7ff6a7b29bb4+80868]
	GetHandleVerifier [0x0x7ff6a7b29d03+81203]
	GetHandleVerifier [0x0x7ff6a7b18286+8886]
	BaseThreadInitThunk [0x0x7ff98cdee8d7+23]
	RtlUserThreadStart [0x0x7ff98e38c53c+44]

[2025-12-03T12:01:00.187977] SCRAPER ratings fetch page 4 offset 60 failed (attempt 2/5): HTTPConnectionPool(host='localhost', port=51982): Max retries exceeded with url: /session/eb4fe145f7c374b8145393fd9d40e526/execute/sync (Caused by NewConnectionError('<urllib3.connection.HTTPConnection object at 0x000001E09A833E50>: Failed to establish a new connection: [WinError 10061] No connection could be made because the target machine actively refused it'))
[2025-12-03T12:01:01.222732] SCRAPER skip page 4 after 5 failures; lanjut halaman berikutnya
[2025-12-03T12:01:01.226600] SCRAPER ratings fetch page 5 offset 80 failed (attempt 1/5): Message: no such window: target window already closed
from unknown error: web view not found
  (Session info: MicrosoftEdge=142.0.3595.94)
Stacktrace:
	GetHandleVerifier [0x0x7ff6a7b22a75+51877]
	GetHandleVerifier [0x0x7ff6a7b22ad4+51972]
	GetHandleVerifier [0x0x7ff6a7cd9425+1848405]
	(No symbol) [0x0x7ff6a7870e5f]
	(No symbol) [0x0x7ff6a79074ec]
	(No symbol) [0x0x7ff6a791ed0a]
	(No symbol) [0x0x7ff6a7901df3]
	(No symbol) [0x0x7ff6a78d5b36]
	(No symbol) [0x0x7ff6a78d4d80]
	(No symbol) [0x0x7ff6a78d5973]
	(No symbol) [0x0x7ff6a799e4a5]
	(No symbol) [0x0x7ff6a799a75d]
	GetHandleVerifier [0x0x7ff6a7b4d2b3+226019]
	GetHandleVerifier [0x0x7ff6a7b3c481+156849]
	GetHandleVerifier [0x0x7ff6a7b44979+190889]
	GetHandleVerifier [0x0x7ff6a7b29bb4+80868]
	GetHandleVerifier [0x0x7ff6a7b29d03+81203]
	GetHandleVerifier [0x0x7ff6a7b18286+8886]
	BaseThreadInitThunk [0x0x7ff98cdee8d7+23]
	RtlUserThreadStart [0x0x7ff98e38c53c+44]

[2025-12-03T12:01:01.317508] SCRAPER skip page 4 after 5 failures; lanjut halaman berikutnya
[2025-12-03T12:01:01.320833] SCRAPER ratings fetch page 5 offset 80 failed (attempt 1/5): Message: no such window: target window already closed
from unknown error: web view not found
  (Session info: MicrosoftEdge=142.0.3595.94)
Stacktrace:
	GetHandleVerifier [0x0x7ff6a7b22a75+51877]
	GetHandleVerifier [0x0x7ff6a7b22ad4+51972]
	GetHandleVerifier [0x0x7ff6a7cd9425+1848405]
	(No symbol) [0x0x7ff6a7870e5f]
	(No symbol) [0x0x7ff6a79074ec]
	(No symbol) [0x0x7ff6a791ed0a]
	(No symbol) [0x0x7ff6a7901df3]
	(No symbol) [0x0x7ff6a78d5b36]
	(No symbol) [0x0x7ff6a78d4d80]
	(No symbol) [0x0x7ff6a78d5973]
	(No symbol) [0x0x7ff6a799e4a5]
	(No symbol) [0x0x7ff6a799a75d]
	GetHandleVerifier [0x0x7ff6a7b4d2b3+226019]
	GetHandleVerifier [0x0x7ff6a7b3c481+156849]
	GetHandleVerifier [0x0x7ff6a7b44979+190889]
	GetHandleVerifier [0x0x7ff6a7b29bb4+80868]
	GetHandleVerifier [0x0x7ff6a7b29d03+81203]
	GetHandleVerifier [0x0x7ff6a7b18286+8886]
	BaseThreadInitThunk [0x0x7ff98cdee8d7+23]
	RtlUserThreadStart [0x0x7ff98e38c53c+44]

[2025-12-03T12:01:03.243067] SCRAPER ratings fetch page 5 offset 80 failed (attempt 2/5): Message: no such window: target window already closed
from unknown error: web view not found
  (Session info: MicrosoftEdge=142.0.3595.94)
Stacktrace:
	GetHandleVerifier [0x0x7ff6a7b22a75+51877]
	GetHandleVerifier [0x0x7ff6a7b22ad4+51972]
	GetHandleVerifier [0x0x7ff6a7cd9425+1848405]
	(No symbol) [0x0x7ff6a7870e5f]
	(No symbol) [0x0x7ff6a79074ec]
	(No symbol) [0x0x7ff6a791ed0a]
	(No symbol) [0x0x7ff6a7901df3]
	(No symbol) [0x0x7ff6a78d5b36]
	(No symbol) [0x0x7ff6a78d4d80]
	(No symbol) [0x0x7ff6a78d5973]
	(No symbol) [0x0x7ff6a799e4a5]
	(No symbol) [0x0x7ff6a799a75d]
	GetHandleVerifier [0x0x7ff6a7b4d2b3+226019]
	GetHandleVerifier [0x0x7ff6a7b3c481+156849]
	GetHandleVerifier [0x0x7ff6a7b44979+190889]
	GetHandleVerifier [0x0x7ff6a7b29bb4+80868]
	GetHandleVerifier [0x0x7ff6a7b29d03+81203]
	GetHandleVerifier [0x0x7ff6a7b18286+8886]
	BaseThreadInitThunk [0x0x7ff98cdee8d7+23]
	RtlUserThreadStart [0x0x7ff98e38c53c+44]

[2025-12-03T12:01:03.336904] SCRAPER ratings fetch page 5 offset 80 failed (attempt 2/5): Message: no such window: target window already closed
from unknown error: web view not found
  (Session info: MicrosoftEdge=142.0.3595.94)
Stacktrace:
	GetHandleVerifier [0x0x7ff6a7b22a75+51877]
	GetHandleVerifier [0x0x7ff6a7b22ad4+51972]
	GetHandleVerifier [0x0x7ff6a7cd9425+1848405]
	(No symbol) [0x0x7ff6a7870e5f]
	(No symbol) [0x0x7ff6a79074ec]
	(No symbol) [0x0x7ff6a791ed0a]
	(No symbol) [0x0x7ff6a7901df3]
	(No symbol) [0x0x7ff6a78d5b36]
	(No symbol) [0x0x7ff6a78d4d80]
	(No symbol) [0x0x7ff6a78d5973]
	(No symbol) [0x0x7ff6a799e4a5]
	(No symbol) [0x0x7ff6a799a75d]
	GetHandleVerifier [0x0x7ff6a7b4d2b3+226019]
	GetHandleVerifier [0x0x7ff6a7b3c481+156849]
	GetHandleVerifier [0x0x7ff6a7b44979+190889]
	GetHandleVerifier [0x0x7ff6a7b29bb4+80868]
	GetHandleVerifier [0x0x7ff6a7b29d03+81203]
	GetHandleVerifier [0x0x7ff6a7b18286+8886]
	BaseThreadInitThunk [0x0x7ff98cdee8d7+23]
	RtlUserThreadStart [0x0x7ff98e38c53c+44]

[2025-12-03T12:01:06.258995] SCRAPER ratings fetch page 5 offset 80 failed (attempt 3/5): Message: no such window: target window already closed
from unknown error: web view not found
  (Session info: MicrosoftEdge=142.0.3595.94)
Stacktrace:
	GetHandleVerifier [0x0x7ff6a7b22a75+51877]
	GetHandleVerifier [0x0x7ff6a7b22ad4+51972]
	GetHandleVerifier [0x0x7ff6a7cd9425+1848405]
	(No symbol) [0x0x7ff6a7870e5f]
	(No symbol) [0x0x7ff6a79074ec]
	(No symbol) [0x0x7ff6a791ed0a]
	(No symbol) [0x0x7ff6a7901df3]
	(No symbol) [0x0x7ff6a78d5b36]
	(No symbol) [0x0x7ff6a78d4d80]
	(No symbol) [0x0x7ff6a78d5973]
	(No symbol) [0x0x7ff6a799e4a5]
	(No symbol) [0x0x7ff6a799a75d]
	GetHandleVerifier [0x0x7ff6a7b4d2b3+226019]
	GetHandleVerifier [0x0x7ff6a7b3c481+156849]
	GetHandleVerifier [0x0x7ff6a7b44979+190889]
	GetHandleVerifier [0x0x7ff6a7b29bb4+80868]
	GetHandleVerifier [0x0x7ff6a7b29d03+81203]
	GetHandleVerifier [0x0x7ff6a7b18286+8886]
	BaseThreadInitThunk [0x0x7ff98cdee8d7+23]
	RtlUserThreadStart [0x0x7ff98e38c53c+44]

[2025-12-03T12:01:06.353554] SCRAPER ratings fetch page 5 offset 80 failed (attempt 3/5): Message: no such window: target window already closed
from unknown error: web view not found
  (Session info: MicrosoftEdge=142.0.3595.94)
Stacktrace:
	GetHandleVerifier [0x0x7ff6a7b22a75+51877]
	GetHandleVerifier [0x0x7ff6a7b22ad4+51972]
	GetHandleVerifier [0x0x7ff6a7cd9425+1848405]
	(No symbol) [0x0x7ff6a7870e5f]
	(No symbol) [0x0x7ff6a79074ec]
	(No symbol) [0x0x7ff6a791ed0a]
	(No symbol) [0x0x7ff6a7901df3]
	(No symbol) [0x0x7ff6a78d5b36]
	(No symbol) [0x0x7ff6a78d4d80]
	(No symbol) [0x0x7ff6a78d5973]
	(No symbol) [0x0x7ff6a799e4a5]
	(No symbol) [0x0x7ff6a799a75d]
	GetHandleVerifier [0x0x7ff6a7b4d2b3+226019]
	GetHandleVerifier [0x0x7ff6a7b3c481+156849]
	GetHandleVerifier [0x0x7ff6a7b44979+190889]
	GetHandleVerifier [0x0x7ff6a7b29bb4+80868]
	GetHandleVerifier [0x0x7ff6a7b29d03+81203]
	GetHandleVerifier [0x0x7ff6a7b18286+8886]
	BaseThreadInitThunk [0x0x7ff98cdee8d7+23]
	RtlUserThreadStart [0x0x7ff98e38c53c+44]

[2025-12-03T12:01:10.262660] SCRAPER ratings fetch page 5 offset 80 failed (attempt 4/5): Message: no such window: target window already closed
from unknown error: web view not found
  (Session info: MicrosoftEdge=142.0.3595.94)
Stacktrace:
	GetHandleVerifier [0x0x7ff6a7b22a75+51877]
	GetHandleVerifier [0x0x7ff6a7b22ad4+51972]
	GetHandleVerifier [0x0x7ff6a7cd9425+1848405]
	(No symbol) [0x0x7ff6a7870e5f]
	(No symbol) [0x0x7ff6a79074ec]
	(No symbol) [0x0x7ff6a791ed0a]
	(No symbol) [0x0x7ff6a7901df3]
	(No symbol) [0x0x7ff6a78d5b36]
	(No symbol) [0x0x7ff6a78d4d80]
	(No symbol) [0x0x7ff6a78d5973]
	(No symbol) [0x0x7ff6a799e4a5]
	(No symbol) [0x0x7ff6a799a75d]
	GetHandleVerifier [0x0x7ff6a7b4d2b3+226019]
	GetHandleVerifier [0x0x7ff6a7b3c481+156849]
	GetHandleVerifier [0x0x7ff6a7b44979+190889]
	GetHandleVerifier [0x0x7ff6a7b29bb4+80868]
	GetHandleVerifier [0x0x7ff6a7b29d03+81203]
	GetHandleVerifier [0x0x7ff6a7b18286+8886]
	BaseThreadInitThunk [0x0x7ff98cdee8d7+23]
	RtlUserThreadStart [0x0x7ff98e38c53c+44]

[2025-12-03T12:01:10.371854] SCRAPER ratings fetch page 5 offset 80 failed (attempt 4/5): Message: no such window: target window already closed
from unknown error: web view not found
  (Session info: MicrosoftEdge=142.0.3595.94)
Stacktrace:
	GetHandleVerifier [0x0x7ff6a7b22a75+51877]
	GetHandleVerifier [0x0x7ff6a7b22ad4+51972]
	GetHandleVerifier [0x0x7ff6a7cd9425+1848405]
	(No symbol) [0x0x7ff6a7870e5f]
	(No symbol) [0x0x7ff6a79074ec]
	(No symbol) [0x0x7ff6a791ed0a]
	(No symbol) [0x0x7ff6a7901df3]
	(No symbol) [0x0x7ff6a78d5b36]
	(No symbol) [0x0x7ff6a78d4d80]
	(No symbol) [0x0x7ff6a78d5973]
	(No symbol) [0x0x7ff6a799e4a5]
	(No symbol) [0x0x7ff6a799a75d]
	GetHandleVerifier [0x0x7ff6a7b4d2b3+226019]
	GetHandleVerifier [0x0x7ff6a7b3c481+156849]
	GetHandleVerifier [0x0x7ff6a7b44979+190889]
	GetHandleVerifier [0x0x7ff6a7b29bb4+80868]
	GetHandleVerifier [0x0x7ff6a7b29d03+81203]
	GetHandleVerifier [0x0x7ff6a7b18286+8886]
	BaseThreadInitThunk [0x0x7ff98cdee8d7+23]
	RtlUserThreadStart [0x0x7ff98e38c53c+44]

[2025-12-03T12:01:15.278322] SCRAPER ratings fetch page 5 offset 80 failed (attempt 5/5): Message: no such window: target window already closed
from unknown error: web view not found
  (Session info: MicrosoftEdge=142.0.3595.94)
Stacktrace:
	GetHandleVerifier [0x0x7ff6a7b22a75+51877]
	GetHandleVerifier [0x0x7ff6a7b22ad4+51972]
	GetHandleVerifier [0x0x7ff6a7cd9425+1848405]
	(No symbol) [0x0x7ff6a7870e5f]
	(No symbol) [0x0x7ff6a79074ec]
	(No symbol) [0x0x7ff6a791ed0a]
	(No symbol) [0x0x7ff6a7901df3]
	(No symbol) [0x0x7ff6a78d5b36]
	(No symbol) [0x0x7ff6a78d4d80]
	(No symbol) [0x0x7ff6a78d5973]
	(No symbol) [0x0x7ff6a799e4a5]
	(No symbol) [0x0x7ff6a799a75d]
	GetHandleVerifier [0x0x7ff6a7b4d2b3+226019]
	GetHandleVerifier [0x0x7ff6a7b3c481+156849]
	GetHandleVerifier [0x0x7ff6a7b44979+190889]
	GetHandleVerifier [0x0x7ff6a7b29bb4+80868]
	GetHandleVerifier [0x0x7ff6a7b29d03+81203]
	GetHandleVerifier [0x0x7ff6a7b18286+8886]
	BaseThreadInitThunk [0x0x7ff98cdee8d7+23]
	RtlUserThreadStart [0x0x7ff98e38c53c+44]

[2025-12-03T12:01:15.385608] SCRAPER ratings fetch page 5 offset 80 failed (attempt 5/5): Message: no such window: target window already closed
from unknown error: web view not found
  (Session info: MicrosoftEdge=142.0.3595.94)
Stacktrace:
	GetHandleVerifier [0x0x7ff6a7b22a75+51877]
	GetHandleVerifier [0x0x7ff6a7b22ad4+51972]
	GetHandleVerifier [0x0x7ff6a7cd9425+1848405]
	(No symbol) [0x0x7ff6a7870e5f]
	(No symbol) [0x0x7ff6a79074ec]
	(No symbol) [0x0x7ff6a791ed0a]
	(No symbol) [0x0x7ff6a7901df3]
	(No symbol) [0x0x7ff6a78d5b36]
	(No symbol) [0x0x7ff6a78d4d80]
	(No symbol) [0x0x7ff6a78d5973]
	(No symbol) [0x0x7ff6a799e4a5]
	(No symbol) [0x0x7ff6a799a75d]
	GetHandleVerifier [0x0x7ff6a7b4d2b3+226019]
	GetHandleVerifier [0x0x7ff6a7b3c481+156849]
	GetHandleVerifier [0x0x7ff6a7b44979+190889]
	GetHandleVerifier [0x0x7ff6a7b29bb4+80868]
	GetHandleVerifier [0x0x7ff6a7b29d03+81203]
	GetHandleVerifier [0x0x7ff6a7b18286+8886]
	BaseThreadInitThunk [0x0x7ff98cdee8d7+23]
	RtlUserThreadStart [0x0x7ff98e38c53c+44]

[2025-12-03T12:01:19.459805] SCRAPER ratings fetch page 4 offset 60 failed (attempt 3/5): HTTPConnectionPool(host='localhost', port=51982): Max retries exceeded with url: /session/eb4fe145f7c374b8145393fd9d40e526/execute/sync (Caused by NewConnectionError('<urllib3.connection.HTTPConnection object at 0x000001E09A830070>: Failed to establish a new connection: [WinError 10061] No connection could be made because the target machine actively refused it'))
[2025-12-03T12:01:20.286984] SCRAPER skip page 5 after 5 failures; lanjut halaman berikutnya
[2025-12-03T12:01:20.289994] SCRAPER ratings fetch page 6 offset 100 failed (attempt 1/5): Message: no such window: target window already closed
from unknown error: web view not found
  (Session info: MicrosoftEdge=142.0.3595.94)
Stacktrace:
	GetHandleVerifier [0x0x7ff6a7b22a75+51877]
	GetHandleVerifier [0x0x7ff6a7b22ad4+51972]
	GetHandleVerifier [0x0x7ff6a7cd9425+1848405]
	(No symbol) [0x0x7ff6a7870e5f]
	(No symbol) [0x0x7ff6a79074ec]
	(No symbol) [0x0x7ff6a791ed0a]
	(No symbol) [0x0x7ff6a7901df3]
	(No symbol) [0x0x7ff6a78d5b36]
	(No symbol) [0x0x7ff6a78d4d80]
	(No symbol) [0x0x7ff6a78d5973]
	(No symbol) [0x0x7ff6a799e4a5]
	(No symbol) [0x0x7ff6a799a75d]
	GetHandleVerifier [0x0x7ff6a7b4d2b3+226019]
	GetHandleVerifier [0x0x7ff6a7b3c481+156849]
	GetHandleVerifier [0x0x7ff6a7b44979+190889]
	GetHandleVerifier [0x0x7ff6a7b29bb4+80868]
	GetHandleVerifier [0x0x7ff6a7b29d03+81203]
	GetHandleVerifier [0x0x7ff6a7b18286+8886]
	BaseThreadInitThunk [0x0x7ff98cdee8d7+23]
	RtlUserThreadStart [0x0x7ff98e38c53c+44]

[2025-12-03T12:01:20.397423] SCRAPER skip page 5 after 5 failures; lanjut halaman berikutnya
[2025-12-03T12:01:20.402334] SCRAPER ratings fetch page 6 offset 100 failed (attempt 1/5): Message: no such window: target window already closed
from unknown error: web view not found
  (Session info: MicrosoftEdge=142.0.3595.94)
Stacktrace:
	GetHandleVerifier [0x0x7ff6a7b22a75+51877]
	GetHandleVerifier [0x0x7ff6a7b22ad4+51972]
	GetHandleVerifier [0x0x7ff6a7cd9425+1848405]
	(No symbol) [0x0x7ff6a7870e5f]
	(No symbol) [0x0x7ff6a79074ec]
	(No symbol) [0x0x7ff6a791ed0a]
	(No symbol) [0x0x7ff6a7901df3]
	(No symbol) [0x0x7ff6a78d5b36]
	(No symbol) [0x0x7ff6a78d4d80]
	(No symbol) [0x0x7ff6a78d5973]
	(No symbol) [0x0x7ff6a799e4a5]
	(No symbol) [0x0x7ff6a799a75d]
	GetHandleVerifier [0x0x7ff6a7b4d2b3+226019]
	GetHandleVerifier [0x0x7ff6a7b3c481+156849]
	GetHandleVerifier [0x0x7ff6a7b44979+190889]
	GetHandleVerifier [0x0x7ff6a7b29bb4+80868]
	GetHandleVerifier [0x0x7ff6a7b29d03+81203]
	GetHandleVerifier [0x0x7ff6a7b18286+8886]
	BaseThreadInitThunk [0x0x7ff98cdee8d7+23]
	RtlUserThreadStart [0x0x7ff98e38c53c+44]

[2025-12-03T12:01:22.306749] SCRAPER ratings fetch page 6 offset 100 failed (attempt 2/5): Message: no such window: target window already closed
from unknown error: web view not found
  (Session info: MicrosoftEdge=142.0.3595.94)
Stacktrace:
	GetHandleVerifier [0x0x7ff6a7b22a75+51877]
	GetHandleVerifier [0x0x7ff6a7b22ad4+51972]
	GetHandleVerifier [0x0x7ff6a7cd9425+1848405]
	(No symbol) [0x0x7ff6a7870e5f]
	(No symbol) [0x0x7ff6a79074ec]
	(No symbol) [0x0x7ff6a791ed0a]
	(No symbol) [0x0x7ff6a7901df3]
	(No symbol) [0x0x7ff6a78d5b36]
	(No symbol) [0x0x7ff6a78d4d80]
	(No symbol) [0x0x7ff6a78d5973]
	(No symbol) [0x0x7ff6a799e4a5]
	(No symbol) [0x0x7ff6a799a75d]
	GetHandleVerifier [0x0x7ff6a7b4d2b3+226019]
	GetHandleVerifier [0x0x7ff6a7b3c481+156849]
	GetHandleVerifier [0x0x7ff6a7b44979+190889]
	GetHandleVerifier [0x0x7ff6a7b29bb4+80868]
	GetHandleVerifier [0x0x7ff6a7b29d03+81203]
	GetHandleVerifier [0x0x7ff6a7b18286+8886]
	BaseThreadInitThunk [0x0x7ff98cdee8d7+23]
	RtlUserThreadStart [0x0x7ff98e38c53c+44]

[2025-12-03T12:01:22.420046] SCRAPER ratings fetch page 6 offset 100 failed (attempt 2/5): Message: no such window: target window already closed
from unknown error: web view not found
  (Session info: MicrosoftEdge=142.0.3595.94)
Stacktrace:
	GetHandleVerifier [0x0x7ff6a7b22a75+51877]
	GetHandleVerifier [0x0x7ff6a7b22ad4+51972]
	GetHandleVerifier [0x0x7ff6a7cd9425+1848405]
	(No symbol) [0x0x7ff6a7870e5f]
	(No symbol) [0x0x7ff6a79074ec]
	(No symbol) [0x0x7ff6a791ed0a]
	(No symbol) [0x0x7ff6a7901df3]
	(No symbol) [0x0x7ff6a78d5b36]
	(No symbol) [0x0x7ff6a78d4d80]
	(No symbol) [0x0x7ff6a78d5973]
	(No symbol) [0x0x7ff6a799e4a5]
	(No symbol) [0x0x7ff6a799a75d]
	GetHandleVerifier [0x0x7ff6a7b4d2b3+226019]
	GetHandleVerifier [0x0x7ff6a7b3c481+156849]
	GetHandleVerifier [0x0x7ff6a7b44979+190889]
	GetHandleVerifier [0x0x7ff6a7b29bb4+80868]
	GetHandleVerifier [0x0x7ff6a7b29d03+81203]
	GetHandleVerifier [0x0x7ff6a7b18286+8886]
	BaseThreadInitThunk [0x0x7ff98cdee8d7+23]
	RtlUserThreadStart [0x0x7ff98e38c53c+44]

[2025-12-03T12:01:25.320699] SCRAPER ratings fetch page 6 offset 100 failed (attempt 3/5): Message: no such window: target window already closed
from unknown error: web view not found
  (Session info: MicrosoftEdge=142.0.3595.94)
Stacktrace:
	GetHandleVerifier [0x0x7ff6a7b22a75+51877]
	GetHandleVerifier [0x0x7ff6a7b22ad4+51972]
	GetHandleVerifier [0x0x7ff6a7cd9425+1848405]
	(No symbol) [0x0x7ff6a7870e5f]
	(No symbol) [0x0x7ff6a79074ec]
	(No symbol) [0x0x7ff6a791ed0a]
	(No symbol) [0x0x7ff6a7901df3]
	(No symbol) [0x0x7ff6a78d5b36]
	(No symbol) [0x0x7ff6a78d4d80]
	(No symbol) [0x0x7ff6a78d5973]
	(No symbol) [0x0x7ff6a799e4a5]
	(No symbol) [0x0x7ff6a799a75d]
	GetHandleVerifier [0x0x7ff6a7b4d2b3+226019]
	GetHandleVerifier [0x0x7ff6a7b3c481+156849]
	GetHandleVerifier [0x0x7ff6a7b44979+190889]
	GetHandleVerifier [0x0x7ff6a7b29bb4+80868]
	GetHandleVerifier [0x0x7ff6a7b29d03+81203]
	GetHandleVerifier [0x0x7ff6a7b18286+8886]
	BaseThreadInitThunk [0x0x7ff98cdee8d7+23]
	RtlUserThreadStart [0x0x7ff98e38c53c+44]

[2025-12-03T12:01:25.429117] SCRAPER ratings fetch page 6 offset 100 failed (attempt 3/5): Message: no such window: target window already closed
from unknown error: web view not found
  (Session info: MicrosoftEdge=142.0.3595.94)
Stacktrace:
	GetHandleVerifier [0x0x7ff6a7b22a75+51877]
	GetHandleVerifier [0x0x7ff6a7b22ad4+51972]
	GetHandleVerifier [0x0x7ff6a7cd9425+1848405]
	(No symbol) [0x0x7ff6a7870e5f]
	(No symbol) [0x0x7ff6a79074ec]
	(No symbol) [0x0x7ff6a791ed0a]
	(No symbol) [0x0x7ff6a7901df3]
	(No symbol) [0x0x7ff6a78d5b36]
	(No symbol) [0x0x7ff6a78d4d80]
	(No symbol) [0x0x7ff6a78d5973]
	(No symbol) [0x0x7ff6a799e4a5]
	(No symbol) [0x0x7ff6a799a75d]
	GetHandleVerifier [0x0x7ff6a7b4d2b3+226019]
	GetHandleVerifier [0x0x7ff6a7b3c481+156849]
	GetHandleVerifier [0x0x7ff6a7b44979+190889]
	GetHandleVerifier [0x0x7ff6a7b29bb4+80868]
	GetHandleVerifier [0x0x7ff6a7b29d03+81203]
	GetHandleVerifier [0x0x7ff6a7b18286+8886]
	BaseThreadInitThunk [0x0x7ff98cdee8d7+23]
	RtlUserThreadStart [0x0x7ff98e38c53c+44]

[2025-12-03T12:01:29.325999] SCRAPER ratings fetch page 6 offset 100 failed (attempt 4/5): Message: no such window: target window already closed
from unknown error: web view not found
  (Session info: MicrosoftEdge=142.0.3595.94)
Stacktrace:
	GetHandleVerifier [0x0x7ff6a7b22a75+51877]
	GetHandleVerifier [0x0x7ff6a7b22ad4+51972]
	GetHandleVerifier [0x0x7ff6a7cd9425+1848405]
	(No symbol) [0x0x7ff6a7870e5f]
	(No symbol) [0x0x7ff6a79074ec]
	(No symbol) [0x0x7ff6a791ed0a]
	(No symbol) [0x0x7ff6a7901df3]
	(No symbol) [0x0x7ff6a78d5b36]
	(No symbol) [0x0x7ff6a78d4d80]
	(No symbol) [0x0x7ff6a78d5973]
	(No symbol) [0x0x7ff6a799e4a5]
	(No symbol) [0x0x7ff6a799a75d]
	GetHandleVerifier [0x0x7ff6a7b4d2b3+226019]
	GetHandleVerifier [0x0x7ff6a7b3c481+156849]
	GetHandleVerifier [0x0x7ff6a7b44979+190889]
	GetHandleVerifier [0x0x7ff6a7b29bb4+80868]
	GetHandleVerifier [0x0x7ff6a7b29d03+81203]
	GetHandleVerifier [0x0x7ff6a7b18286+8886]
	BaseThreadInitThunk [0x0x7ff98cdee8d7+23]
	RtlUserThreadStart [0x0x7ff98e38c53c+44]

[2025-12-03T12:01:29.434464] SCRAPER ratings fetch page 6 offset 100 failed (attempt 4/5): Message: no such window: target window already closed
from unknown error: web view not found
  (Session info: MicrosoftEdge=142.0.3595.94)
Stacktrace:
	GetHandleVerifier [0x0x7ff6a7b22a75+51877]
	GetHandleVerifier [0x0x7ff6a7b22ad4+51972]
	GetHandleVerifier [0x0x7ff6a7cd9425+1848405]
	(No symbol) [0x0x7ff6a7870e5f]
	(No symbol) [0x0x7ff6a79074ec]
	(No symbol) [0x0x7ff6a791ed0a]
	(No symbol) [0x0x7ff6a7901df3]
	(No symbol) [0x0x7ff6a78d5b36]
	(No symbol) [0x0x7ff6a78d4d80]
	(No symbol) [0x0x7ff6a78d5973]
	(No symbol) [0x0x7ff6a799e4a5]
	(No symbol) [0x0x7ff6a799a75d]
	GetHandleVerifier [0x0x7ff6a7b4d2b3+226019]
	GetHandleVerifier [0x0x7ff6a7b3c481+156849]
	GetHandleVerifier [0x0x7ff6a7b44979+190889]
	GetHandleVerifier [0x0x7ff6a7b29bb4+80868]
	GetHandleVerifier [0x0x7ff6a7b29d03+81203]
	GetHandleVerifier [0x0x7ff6a7b18286+8886]
	BaseThreadInitThunk [0x0x7ff98cdee8d7+23]
	RtlUserThreadStart [0x0x7ff98e38c53c+44]

[2025-12-03T12:01:34.331277] SCRAPER ratings fetch page 6 offset 100 failed (attempt 5/5): Message: no such window: target window already closed
from unknown error: web view not found
  (Session info: MicrosoftEdge=142.0.3595.94)
Stacktrace:
	GetHandleVerifier [0x0x7ff6a7b22a75+51877]
	GetHandleVerifier [0x0x7ff6a7b22ad4+51972]
	GetHandleVerifier [0x0x7ff6a7cd9425+1848405]
	(No symbol) [0x0x7ff6a7870e5f]
	(No symbol) [0x0x7ff6a79074ec]
	(No symbol) [0x0x7ff6a791ed0a]
	(No symbol) [0x0x7ff6a7901df3]
	(No symbol) [0x0x7ff6a78d5b36]
	(No symbol) [0x0x7ff6a78d4d80]
	(No symbol) [0x0x7ff6a78d5973]
	(No symbol) [0x0x7ff6a799e4a5]
	(No symbol) [0x0x7ff6a799a75d]
	GetHandleVerifier [0x0x7ff6a7b4d2b3+226019]
	GetHandleVerifier [0x0x7ff6a7b3c481+156849]
	GetHandleVerifier [0x0x7ff6a7b44979+190889]
	GetHandleVerifier [0x0x7ff6a7b29bb4+80868]
	GetHandleVerifier [0x0x7ff6a7b29d03+81203]
	GetHandleVerifier [0x0x7ff6a7b18286+8886]
	BaseThreadInitThunk [0x0x7ff98cdee8d7+23]
	RtlUserThreadStart [0x0x7ff98e38c53c+44]

[2025-12-03T12:01:34.439750] SCRAPER ratings fetch page 6 offset 100 failed (attempt 5/5): Message: no such window: target window already closed
from unknown error: web view not found
  (Session info: MicrosoftEdge=142.0.3595.94)
Stacktrace:
	GetHandleVerifier [0x0x7ff6a7b22a75+51877]
	GetHandleVerifier [0x0x7ff6a7b22ad4+51972]
	GetHandleVerifier [0x0x7ff6a7cd9425+1848405]
	(No symbol) [0x0x7ff6a7870e5f]
	(No symbol) [0x0x7ff6a79074ec]
	(No symbol) [0x0x7ff6a791ed0a]
	(No symbol) [0x0x7ff6a7901df3]
	(No symbol) [0x0x7ff6a78d5b36]
	(No symbol) [0x0x7ff6a78d4d80]
	(No symbol) [0x0x7ff6a78d5973]
	(No symbol) [0x0x7ff6a799e4a5]
	(No symbol) [0x0x7ff6a799a75d]
	GetHandleVerifier [0x0x7ff6a7b4d2b3+226019]
	GetHandleVerifier [0x0x7ff6a7b3c481+156849]
	GetHandleVerifier [0x0x7ff6a7b44979+190889]
	GetHandleVerifier [0x0x7ff6a7b29bb4+80868]
	GetHandleVerifier [0x0x7ff6a7b29d03+81203]
	GetHandleVerifier [0x0x7ff6a7b18286+8886]
	BaseThreadInitThunk [0x0x7ff98cdee8d7+23]
	RtlUserThreadStart [0x0x7ff98e38c53c+44]

[2025-12-03T12:01:39.334761] SCRAPER skip page 6 after 5 failures; lanjut halaman berikutnya
[2025-12-03T12:01:39.336746] SCRAPER ratings fetch page 7 offset 120 failed (attempt 1/5): Message: no such window: target window already closed
from unknown error: web view not found
  (Session info: MicrosoftEdge=142.0.3595.94)
Stacktrace:
	GetHandleVerifier [0x0x7ff6a7b22a75+51877]
	GetHandleVerifier [0x0x7ff6a7b22ad4+51972]
	GetHandleVerifier [0x0x7ff6a7cd9425+1848405]
	(No symbol) [0x0x7ff6a7870e5f]
	(No symbol) [0x0x7ff6a79074ec]
	(No symbol) [0x0x7ff6a791ed0a]
	(No symbol) [0x0x7ff6a7901df3]
	(No symbol) [0x0x7ff6a78d5b36]
	(No symbol) [0x0x7ff6a78d4d80]
	(No symbol) [0x0x7ff6a78d5973]
	(No symbol) [0x0x7ff6a799e4a5]
	(No symbol) [0x0x7ff6a799a75d]
	GetHandleVerifier [0x0x7ff6a7b4d2b3+226019]
	GetHandleVerifier [0x0x7ff6a7b3c481+156849]
	GetHandleVerifier [0x0x7ff6a7b44979+190889]
	GetHandleVerifier [0x0x7ff6a7b29bb4+80868]
	GetHandleVerifier [0x0x7ff6a7b29d03+81203]
	GetHandleVerifier [0x0x7ff6a7b18286+8886]
	BaseThreadInitThunk [0x0x7ff98cdee8d7+23]
	RtlUserThreadStart [0x0x7ff98e38c53c+44]

[2025-12-03T12:01:39.445572] SCRAPER skip page 6 after 5 failures; lanjut halaman berikutnya
[2025-12-03T12:01:39.447465] SCRAPER ratings fetch page 7 offset 120 failed (attempt 1/5): Message: no such window: target window already closed
from unknown error: web view not found
  (Session info: MicrosoftEdge=142.0.3595.94)
Stacktrace:
	GetHandleVerifier [0x0x7ff6a7b22a75+51877]
	GetHandleVerifier [0x0x7ff6a7b22ad4+51972]
	GetHandleVerifier [0x0x7ff6a7cd9425+1848405]
	(No symbol) [0x0x7ff6a7870e5f]
	(No symbol) [0x0x7ff6a79074ec]
	(No symbol) [0x0x7ff6a791ed0a]
	(No symbol) [0x0x7ff6a7901df3]
	(No symbol) [0x0x7ff6a78d5b36]
	(No symbol) [0x0x7ff6a78d4d80]
	(No symbol) [0x0x7ff6a78d5973]
	(No symbol) [0x0x7ff6a799e4a5]
	(No symbol) [0x0x7ff6a799a75d]
	GetHandleVerifier [0x0x7ff6a7b4d2b3+226019]
	GetHandleVerifier [0x0x7ff6a7b3c481+156849]
	GetHandleVerifier [0x0x7ff6a7b44979+190889]
	GetHandleVerifier [0x0x7ff6a7b29bb4+80868]
	GetHandleVerifier [0x0x7ff6a7b29d03+81203]
	GetHandleVerifier [0x0x7ff6a7b18286+8886]
	BaseThreadInitThunk [0x0x7ff98cdee8d7+23]
	RtlUserThreadStart [0x0x7ff98e38c53c+44]

[2025-12-03T12:01:39.696500] SCRAPER ratings fetch page 4 offset 60 failed (attempt 4/5): HTTPConnectionPool(host='localhost', port=51982): Max retries exceeded with url: /session/eb4fe145f7c374b8145393fd9d40e526/execute/sync (Caused by NewConnectionError('<urllib3.connection.HTTPConnection object at 0x000001E09A8335B0>: Failed to establish a new connection: [WinError 10061] No connection could be made because the target machine actively refused it'))
[2025-12-03T12:01:41.343428] SCRAPER ratings fetch page 7 offset 120 failed (attempt 2/5): Message: no such window: target window already closed
from unknown error: web view not found
  (Session info: MicrosoftEdge=142.0.3595.94)
Stacktrace:
	GetHandleVerifier [0x0x7ff6a7b22a75+51877]
	GetHandleVerifier [0x0x7ff6a7b22ad4+51972]
	GetHandleVerifier [0x0x7ff6a7cd9425+1848405]
	(No symbol) [0x0x7ff6a7870e5f]
	(No symbol) [0x0x7ff6a79074ec]
	(No symbol) [0x0x7ff6a791ed0a]
	(No symbol) [0x0x7ff6a7901df3]
	(No symbol) [0x0x7ff6a78d5b36]
	(No symbol) [0x0x7ff6a78d4d80]
	(No symbol) [0x0x7ff6a78d5973]
	(No symbol) [0x0x7ff6a799e4a5]
	(No symbol) [0x0x7ff6a799a75d]
	GetHandleVerifier [0x0x7ff6a7b4d2b3+226019]
	GetHandleVerifier [0x0x7ff6a7b3c481+156849]
	GetHandleVerifier [0x0x7ff6a7b44979+190889]
	GetHandleVerifier [0x0x7ff6a7b29bb4+80868]
	GetHandleVerifier [0x0x7ff6a7b29d03+81203]
	GetHandleVerifier [0x0x7ff6a7b18286+8886]
	BaseThreadInitThunk [0x0x7ff98cdee8d7+23]
	RtlUserThreadStart [0x0x7ff98e38c53c+44]

[2025-12-03T12:01:41.453971] SCRAPER ratings fetch page 7 offset 120 failed (attempt 2/5): Message: no such window: target window already closed
from unknown error: web view not found
  (Session info: MicrosoftEdge=142.0.3595.94)
Stacktrace:
	GetHandleVerifier [0x0x7ff6a7b22a75+51877]
	GetHandleVerifier [0x0x7ff6a7b22ad4+51972]
	GetHandleVerifier [0x0x7ff6a7cd9425+1848405]
	(No symbol) [0x0x7ff6a7870e5f]
	(No symbol) [0x0x7ff6a79074ec]
	(No symbol) [0x0x7ff6a791ed0a]
	(No symbol) [0x0x7ff6a7901df3]
	(No symbol) [0x0x7ff6a78d5b36]
	(No symbol) [0x0x7ff6a78d4d80]
	(No symbol) [0x0x7ff6a78d5973]
	(No symbol) [0x0x7ff6a799e4a5]
	(No symbol) [0x0x7ff6a799a75d]
	GetHandleVerifier [0x0x7ff6a7b4d2b3+226019]
	GetHandleVerifier [0x0x7ff6a7b3c481+156849]
	GetHandleVerifier [0x0x7ff6a7b44979+190889]
	GetHandleVerifier [0x0x7ff6a7b29bb4+80868]
	GetHandleVerifier [0x0x7ff6a7b29d03+81203]
	GetHandleVerifier [0x0x7ff6a7b18286+8886]
	BaseThreadInitThunk [0x0x7ff98cdee8d7+23]
	RtlUserThreadStart [0x0x7ff98e38c53c+44]

[2025-12-03T12:01:44.356557] SCRAPER ratings fetch page 7 offset 120 failed (attempt 3/5): Message: no such window: target window already closed
from unknown error: web view not found
  (Session info: MicrosoftEdge=142.0.3595.94)
Stacktrace:
	GetHandleVerifier [0x0x7ff6a7b22a75+51877]
	GetHandleVerifier [0x0x7ff6a7b22ad4+51972]
	GetHandleVerifier [0x0x7ff6a7cd9425+1848405]
	(No symbol) [0x0x7ff6a7870e5f]
	(No symbol) [0x0x7ff6a79074ec]
	(No symbol) [0x0x7ff6a791ed0a]
	(No symbol) [0x0x7ff6a7901df3]
	(No symbol) [0x0x7ff6a78d5b36]
	(No symbol) [0x0x7ff6a78d4d80]
	(No symbol) [0x0x7ff6a78d5973]
	(No symbol) [0x0x7ff6a799e4a5]
	(No symbol) [0x0x7ff6a799a75d]
	GetHandleVerifier [0x0x7ff6a7b4d2b3+226019]
	GetHandleVerifier [0x0x7ff6a7b3c481+156849]
	GetHandleVerifier [0x0x7ff6a7b44979+190889]
	GetHandleVerifier [0x0x7ff6a7b29bb4+80868]
	GetHandleVerifier [0x0x7ff6a7b29d03+81203]
	GetHandleVerifier [0x0x7ff6a7b18286+8886]
	BaseThreadInitThunk [0x0x7ff98cdee8d7+23]
	RtlUserThreadStart [0x0x7ff98e38c53c+44]

[2025-12-03T12:01:44.463593] SCRAPER ratings fetch page 7 offset 120 failed (attempt 3/5): Message: no such window: target window already closed
from unknown error: web view not found
  (Session info: MicrosoftEdge=142.0.3595.94)
Stacktrace:
	GetHandleVerifier [0x0x7ff6a7b22a75+51877]
	GetHandleVerifier [0x0x7ff6a7b22ad4+51972]
	GetHandleVerifier [0x0x7ff6a7cd9425+1848405]
	(No symbol) [0x0x7ff6a7870e5f]
	(No symbol) [0x0x7ff6a79074ec]
	(No symbol) [0x0x7ff6a791ed0a]
	(No symbol) [0x0x7ff6a7901df3]
	(No symbol) [0x0x7ff6a78d5b36]
	(No symbol) [0x0x7ff6a78d4d80]
	(No symbol) [0x0x7ff6a78d5973]
	(No symbol) [0x0x7ff6a799e4a5]
	(No symbol) [0x0x7ff6a799a75d]
	GetHandleVerifier [0x0x7ff6a7b4d2b3+226019]
	GetHandleVerifier [0x0x7ff6a7b3c481+156849]
	GetHandleVerifier [0x0x7ff6a7b44979+190889]
	GetHandleVerifier [0x0x7ff6a7b29bb4+80868]
	GetHandleVerifier [0x0x7ff6a7b29d03+81203]
	GetHandleVerifier [0x0x7ff6a7b18286+8886]
	BaseThreadInitThunk [0x0x7ff98cdee8d7+23]
	RtlUserThreadStart [0x0x7ff98e38c53c+44]

[2025-12-03T12:01:48.368201] SCRAPER ratings fetch page 7 offset 120 failed (attempt 4/5): Message: no such window: target window already closed
from unknown error: web view not found
  (Session info: MicrosoftEdge=142.0.3595.94)
Stacktrace:
	GetHandleVerifier [0x0x7ff6a7b22a75+51877]
	GetHandleVerifier [0x0x7ff6a7b22ad4+51972]
	GetHandleVerifier [0x0x7ff6a7cd9425+1848405]
	(No symbol) [0x0x7ff6a7870e5f]
	(No symbol) [0x0x7ff6a79074ec]
	(No symbol) [0x0x7ff6a791ed0a]
	(No symbol) [0x0x7ff6a7901df3]
	(No symbol) [0x0x7ff6a78d5b36]
	(No symbol) [0x0x7ff6a78d4d80]
	(No symbol) [0x0x7ff6a78d5973]
	(No symbol) [0x0x7ff6a799e4a5]
	(No symbol) [0x0x7ff6a799a75d]
	GetHandleVerifier [0x0x7ff6a7b4d2b3+226019]
	GetHandleVerifier [0x0x7ff6a7b3c481+156849]
	GetHandleVerifier [0x0x7ff6a7b44979+190889]
	GetHandleVerifier [0x0x7ff6a7b29bb4+80868]
	GetHandleVerifier [0x0x7ff6a7b29d03+81203]
	GetHandleVerifier [0x0x7ff6a7b18286+8886]
	BaseThreadInitThunk [0x0x7ff98cdee8d7+23]
	RtlUserThreadStart [0x0x7ff98e38c53c+44]

[2025-12-03T12:01:48.480823] SCRAPER ratings fetch page 7 offset 120 failed (attempt 4/5): Message: no such window: target window already closed
from unknown error: web view not found
  (Session info: MicrosoftEdge=142.0.3595.94)
Stacktrace:
	GetHandleVerifier [0x0x7ff6a7b22a75+51877]
	GetHandleVerifier [0x0x7ff6a7b22ad4+51972]
	GetHandleVerifier [0x0x7ff6a7cd9425+1848405]
	(No symbol) [0x0x7ff6a7870e5f]
	(No symbol) [0x0x7ff6a79074ec]
	(No symbol) [0x0x7ff6a791ed0a]
	(No symbol) [0x0x7ff6a7901df3]
	(No symbol) [0x0x7ff6a78d5b36]
	(No symbol) [0x0x7ff6a78d4d80]
	(No symbol) [0x0x7ff6a78d5973]
	(No symbol) [0x0x7ff6a799e4a5]
	(No symbol) [0x0x7ff6a799a75d]
	GetHandleVerifier [0x0x7ff6a7b4d2b3+226019]
	GetHandleVerifier [0x0x7ff6a7b3c481+156849]
	GetHandleVerifier [0x0x7ff6a7b44979+190889]
	GetHandleVerifier [0x0x7ff6a7b29bb4+80868]
	GetHandleVerifier [0x0x7ff6a7b29d03+81203]
	GetHandleVerifier [0x0x7ff6a7b18286+8886]
	BaseThreadInitThunk [0x0x7ff98cdee8d7+23]
	RtlUserThreadStart [0x0x7ff98e38c53c+44]

[2025-12-03T12:01:53.384162] SCRAPER ratings fetch page 7 offset 120 failed (attempt 5/5): Message: no such window: target window already closed
from unknown error: web view not found
  (Session info: MicrosoftEdge=142.0.3595.94)
Stacktrace:
	GetHandleVerifier [0x0x7ff6a7b22a75+51877]
	GetHandleVerifier [0x0x7ff6a7b22ad4+51972]
	GetHandleVerifier [0x0x7ff6a7cd9425+1848405]
	(No symbol) [0x0x7ff6a7870e5f]
	(No symbol) [0x0x7ff6a79074ec]
	(No symbol) [0x0x7ff6a791ed0a]
	(No symbol) [0x0x7ff6a7901df3]
	(No symbol) [0x0x7ff6a78d5b36]
	(No symbol) [0x0x7ff6a78d4d80]
	(No symbol) [0x0x7ff6a78d5973]
	(No symbol) [0x0x7ff6a799e4a5]
	(No symbol) [0x0x7ff6a799a75d]
	GetHandleVerifier [0x0x7ff6a7b4d2b3+226019]
	GetHandleVerifier [0x0x7ff6a7b3c481+156849]
	GetHandleVerifier [0x0x7ff6a7b44979+190889]
	GetHandleVerifier [0x0x7ff6a7b29bb4+80868]
	GetHandleVerifier [0x0x7ff6a7b29d03+81203]
	GetHandleVerifier [0x0x7ff6a7b18286+8886]
	BaseThreadInitThunk [0x0x7ff98cdee8d7+23]
	RtlUserThreadStart [0x0x7ff98e38c53c+44]

[2025-12-03T12:01:53.493886] SCRAPER ratings fetch page 7 offset 120 failed (attempt 5/5): Message: no such window: target window already closed
from unknown error: web view not found
  (Session info: MicrosoftEdge=142.0.3595.94)
Stacktrace:
	GetHandleVerifier [0x0x7ff6a7b22a75+51877]
	GetHandleVerifier [0x0x7ff6a7b22ad4+51972]
	GetHandleVerifier [0x0x7ff6a7cd9425+1848405]
	(No symbol) [0x0x7ff6a7870e5f]
	(No symbol) [0x0x7ff6a79074ec]
	(No symbol) [0x0x7ff6a791ed0a]
	(No symbol) [0x0x7ff6a7901df3]
	(No symbol) [0x0x7ff6a78d5b36]
	(No symbol) [0x0x7ff6a78d4d80]
	(No symbol) [0x0x7ff6a78d5973]
	(No symbol) [0x0x7ff6a799e4a5]
	(No symbol) [0x0x7ff6a799a75d]
	GetHandleVerifier [0x0x7ff6a7b4d2b3+226019]
	GetHandleVerifier [0x0x7ff6a7b3c481+156849]
	GetHandleVerifier [0x0x7ff6a7b44979+190889]
	GetHandleVerifier [0x0x7ff6a7b29bb4+80868]
	GetHandleVerifier [0x0x7ff6a7b29d03+81203]
	GetHandleVerifier [0x0x7ff6a7b18286+8886]
	BaseThreadInitThunk [0x0x7ff98cdee8d7+23]
	RtlUserThreadStart [0x0x7ff98e38c53c+44]

[2025-12-03T12:01:58.393585] SCRAPER skip page 7 after 5 failures; lanjut halaman berikutnya
[2025-12-03T12:01:58.397450] SCRAPER ratings fetch page 8 offset 140 failed (attempt 1/5): Message: no such window: target window already closed
from unknown error: web view not found
  (Session info: MicrosoftEdge=142.0.3595.94)
Stacktrace:
	GetHandleVerifier [0x0x7ff6a7b22a75+51877]
	GetHandleVerifier [0x0x7ff6a7b22ad4+51972]
	GetHandleVerifier [0x0x7ff6a7cd9425+1848405]
	(No symbol) [0x0x7ff6a7870e5f]
	(No symbol) [0x0x7ff6a79074ec]
	(No symbol) [0x0x7ff6a791ed0a]
	(No symbol) [0x0x7ff6a7901df3]
	(No symbol) [0x0x7ff6a78d5b36]
	(No symbol) [0x0x7ff6a78d4d80]
	(No symbol) [0x0x7ff6a78d5973]
	(No symbol) [0x0x7ff6a799e4a5]
	(No symbol) [0x0x7ff6a799a75d]
	GetHandleVerifier [0x0x7ff6a7b4d2b3+226019]
	GetHandleVerifier [0x0x7ff6a7b3c481+156849]
	GetHandleVerifier [0x0x7ff6a7b44979+190889]
	GetHandleVerifier [0x0x7ff6a7b29bb4+80868]
	GetHandleVerifier [0x0x7ff6a7b29d03+81203]
	GetHandleVerifier [0x0x7ff6a7b18286+8886]
	BaseThreadInitThunk [0x0x7ff98cdee8d7+23]
	RtlUserThreadStart [0x0x7ff98e38c53c+44]

[2025-12-03T12:01:58.502795] SCRAPER skip page 7 after 5 failures; lanjut halaman berikutnya
[2025-12-03T12:01:58.506651] SCRAPER ratings fetch page 8 offset 140 failed (attempt 1/5): Message: no such window: target window already closed
from unknown error: web view not found
  (Session info: MicrosoftEdge=142.0.3595.94)
Stacktrace:
	GetHandleVerifier [0x0x7ff6a7b22a75+51877]
	GetHandleVerifier [0x0x7ff6a7b22ad4+51972]
	GetHandleVerifier [0x0x7ff6a7cd9425+1848405]
	(No symbol) [0x0x7ff6a7870e5f]
	(No symbol) [0x0x7ff6a79074ec]
	(No symbol) [0x0x7ff6a791ed0a]
	(No symbol) [0x0x7ff6a7901df3]
	(No symbol) [0x0x7ff6a78d5b36]
	(No symbol) [0x0x7ff6a78d4d80]
	(No symbol) [0x0x7ff6a78d5973]
	(No symbol) [0x0x7ff6a799e4a5]
	(No symbol) [0x0x7ff6a799a75d]
	GetHandleVerifier [0x0x7ff6a7b4d2b3+226019]
	GetHandleVerifier [0x0x7ff6a7b3c481+156849]
	GetHandleVerifier [0x0x7ff6a7b44979+190889]
	GetHandleVerifier [0x0x7ff6a7b29bb4+80868]
	GetHandleVerifier [0x0x7ff6a7b29d03+81203]
	GetHandleVerifier [0x0x7ff6a7b18286+8886]
	BaseThreadInitThunk [0x0x7ff98cdee8d7+23]
	RtlUserThreadStart [0x0x7ff98e38c53c+44]

[2025-12-03T12:02:00.414365] SCRAPER ratings fetch page 8 offset 140 failed (attempt 2/5): Message: no such window: target window already closed
from unknown error: web view not found
  (Session info: MicrosoftEdge=142.0.3595.94)
Stacktrace:
	GetHandleVerifier [0x0x7ff6a7b22a75+51877]
	GetHandleVerifier [0x0x7ff6a7b22ad4+51972]
	GetHandleVerifier [0x0x7ff6a7cd9425+1848405]
	(No symbol) [0x0x7ff6a7870e5f]
	(No symbol) [0x0x7ff6a79074ec]
	(No symbol) [0x0x7ff6a791ed0a]
	(No symbol) [0x0x7ff6a7901df3]
	(No symbol) [0x0x7ff6a78d5b36]
	(No symbol) [0x0x7ff6a78d4d80]
	(No symbol) [0x0x7ff6a78d5973]
	(No symbol) [0x0x7ff6a799e4a5]
	(No symbol) [0x0x7ff6a799a75d]
	GetHandleVerifier [0x0x7ff6a7b4d2b3+226019]
	GetHandleVerifier [0x0x7ff6a7b3c481+156849]
	GetHandleVerifier [0x0x7ff6a7b44979+190889]
	GetHandleVerifier [0x0x7ff6a7b29bb4+80868]
	GetHandleVerifier [0x0x7ff6a7b29d03+81203]
	GetHandleVerifier [0x0x7ff6a7b18286+8886]
	BaseThreadInitThunk [0x0x7ff98cdee8d7+23]
	RtlUserThreadStart [0x0x7ff98e38c53c+44]

[2025-12-03T12:02:00.522964] SCRAPER ratings fetch page 8 offset 140 failed (attempt 2/5): Message: no such window: target window already closed
from unknown error: web view not found
  (Session info: MicrosoftEdge=142.0.3595.94)
Stacktrace:
	GetHandleVerifier [0x0x7ff6a7b22a75+51877]
	GetHandleVerifier [0x0x7ff6a7b22ad4+51972]
	GetHandleVerifier [0x0x7ff6a7cd9425+1848405]
	(No symbol) [0x0x7ff6a7870e5f]
	(No symbol) [0x0x7ff6a79074ec]
	(No symbol) [0x0x7ff6a791ed0a]
	(No symbol) [0x0x7ff6a7901df3]
	(No symbol) [0x0x7ff6a78d5b36]
	(No symbol) [0x0x7ff6a78d4d80]
	(No symbol) [0x0x7ff6a78d5973]
	(No symbol) [0x0x7ff6a799e4a5]
	(No symbol) [0x0x7ff6a799a75d]
	GetHandleVerifier [0x0x7ff6a7b4d2b3+226019]
	GetHandleVerifier [0x0x7ff6a7b3c481+156849]
	GetHandleVerifier [0x0x7ff6a7b44979+190889]
	GetHandleVerifier [0x0x7ff6a7b29bb4+80868]
	GetHandleVerifier [0x0x7ff6a7b29d03+81203]
	GetHandleVerifier [0x0x7ff6a7b18286+8886]
	BaseThreadInitThunk [0x0x7ff98cdee8d7+23]
	RtlUserThreadStart [0x0x7ff98e38c53c+44]

[2025-12-03T12:02:01.005339] SCRAPER ratings fetch page 4 offset 60 failed (attempt 5/5): HTTPConnectionPool(host='localhost', port=51982): Max retries exceeded with url: /session/eb4fe145f7c374b8145393fd9d40e526/execute/sync (Caused by NewConnectionError('<urllib3.connection.HTTPConnection object at 0x000001E0997F79A0>: Failed to establish a new connection: [WinError 10061] No connection could be made because the target machine actively refused it'))
[2025-12-03T12:02:03.431225] SCRAPER ratings fetch page 8 offset 140 failed (attempt 3/5): Message: no such window: target window already closed
from unknown error: web view not found
  (Session info: MicrosoftEdge=142.0.3595.94)
Stacktrace:
	GetHandleVerifier [0x0x7ff6a7b22a75+51877]
	GetHandleVerifier [0x0x7ff6a7b22ad4+51972]
	GetHandleVerifier [0x0x7ff6a7cd9425+1848405]
	(No symbol) [0x0x7ff6a7870e5f]
	(No symbol) [0x0x7ff6a79074ec]
	(No symbol) [0x0x7ff6a791ed0a]
	(No symbol) [0x0x7ff6a7901df3]
	(No symbol) [0x0x7ff6a78d5b36]
	(No symbol) [0x0x7ff6a78d4d80]
	(No symbol) [0x0x7ff6a78d5973]
	(No symbol) [0x0x7ff6a799e4a5]
	(No symbol) [0x0x7ff6a799a75d]
	GetHandleVerifier [0x0x7ff6a7b4d2b3+226019]
	GetHandleVerifier [0x0x7ff6a7b3c481+156849]
	GetHandleVerifier [0x0x7ff6a7b44979+190889]
	GetHandleVerifier [0x0x7ff6a7b29bb4+80868]
	GetHandleVerifier [0x0x7ff6a7b29d03+81203]
	GetHandleVerifier [0x0x7ff6a7b18286+8886]
	BaseThreadInitThunk [0x0x7ff98cdee8d7+23]
	RtlUserThreadStart [0x0x7ff98e38c53c+44]

[2025-12-03T12:02:03.540419] SCRAPER ratings fetch page 8 offset 140 failed (attempt 3/5): Message: no such window: target window already closed
from unknown error: web view not found
  (Session info: MicrosoftEdge=142.0.3595.94)
Stacktrace:
	GetHandleVerifier [0x0x7ff6a7b22a75+51877]
	GetHandleVerifier [0x0x7ff6a7b22ad4+51972]
	GetHandleVerifier [0x0x7ff6a7cd9425+1848405]
	(No symbol) [0x0x7ff6a7870e5f]
	(No symbol) [0x0x7ff6a79074ec]
	(No symbol) [0x0x7ff6a791ed0a]
	(No symbol) [0x0x7ff6a7901df3]
	(No symbol) [0x0x7ff6a78d5b36]
	(No symbol) [0x0x7ff6a78d4d80]
	(No symbol) [0x0x7ff6a78d5973]
	(No symbol) [0x0x7ff6a799e4a5]
	(No symbol) [0x0x7ff6a799a75d]
	GetHandleVerifier [0x0x7ff6a7b4d2b3+226019]
	GetHandleVerifier [0x0x7ff6a7b3c481+156849]
	GetHandleVerifier [0x0x7ff6a7b44979+190889]
	GetHandleVerifier [0x0x7ff6a7b29bb4+80868]
	GetHandleVerifier [0x0x7ff6a7b29d03+81203]
	GetHandleVerifier [0x0x7ff6a7b18286+8886]
	BaseThreadInitThunk [0x0x7ff98cdee8d7+23]
	RtlUserThreadStart [0x0x7ff98e38c53c+44]

[2025-12-03T12:02:06.007109] SCRAPER skip page 4 after 5 failures; lanjut halaman berikutnya
[2025-12-03T12:02:07.439429] SCRAPER ratings fetch page 8 offset 140 failed (attempt 4/5): Message: no such window: target window already closed
from unknown error: web view not found
  (Session info: MicrosoftEdge=142.0.3595.94)
Stacktrace:
	GetHandleVerifier [0x0x7ff6a7b22a75+51877]
	GetHandleVerifier [0x0x7ff6a7b22ad4+51972]
	GetHandleVerifier [0x0x7ff6a7cd9425+1848405]
	(No symbol) [0x0x7ff6a7870e5f]
	(No symbol) [0x0x7ff6a79074ec]
	(No symbol) [0x0x7ff6a791ed0a]
	(No symbol) [0x0x7ff6a7901df3]
	(No symbol) [0x0x7ff6a78d5b36]
	(No symbol) [0x0x7ff6a78d4d80]
	(No symbol) [0x0x7ff6a78d5973]
	(No symbol) [0x0x7ff6a799e4a5]
	(No symbol) [0x0x7ff6a799a75d]
	GetHandleVerifier [0x0x7ff6a7b4d2b3+226019]
	GetHandleVerifier [0x0x7ff6a7b3c481+156849]
	GetHandleVerifier [0x0x7ff6a7b44979+190889]
	GetHandleVerifier [0x0x7ff6a7b29bb4+80868]
	GetHandleVerifier [0x0x7ff6a7b29d03+81203]
	GetHandleVerifier [0x0x7ff6a7b18286+8886]
	BaseThreadInitThunk [0x0x7ff98cdee8d7+23]
	RtlUserThreadStart [0x0x7ff98e38c53c+44]

[2025-12-03T12:02:07.549010] SCRAPER ratings fetch page 8 offset 140 failed (attempt 4/5): Message: no such window: target window already closed
from unknown error: web view not found
  (Session info: MicrosoftEdge=142.0.3595.94)
Stacktrace:
	GetHandleVerifier [0x0x7ff6a7b22a75+51877]
	GetHandleVerifier [0x0x7ff6a7b22ad4+51972]
	GetHandleVerifier [0x0x7ff6a7cd9425+1848405]
	(No symbol) [0x0x7ff6a7870e5f]
	(No symbol) [0x0x7ff6a79074ec]
	(No symbol) [0x0x7ff6a791ed0a]
	(No symbol) [0x0x7ff6a7901df3]
	(No symbol) [0x0x7ff6a78d5b36]
	(No symbol) [0x0x7ff6a78d4d80]
	(No symbol) [0x0x7ff6a78d5973]
	(No symbol) [0x0x7ff6a799e4a5]
	(No symbol) [0x0x7ff6a799a75d]
	GetHandleVerifier [0x0x7ff6a7b4d2b3+226019]
	GetHandleVerifier [0x0x7ff6a7b3c481+156849]
	GetHandleVerifier [0x0x7ff6a7b44979+190889]
	GetHandleVerifier [0x0x7ff6a7b29bb4+80868]
	GetHandleVerifier [0x0x7ff6a7b29d03+81203]
	GetHandleVerifier [0x0x7ff6a7b18286+8886]
	BaseThreadInitThunk [0x0x7ff98cdee8d7+23]
	RtlUserThreadStart [0x0x7ff98e38c53c+44]

[2025-12-03T12:02:12.447926] SCRAPER ratings fetch page 8 offset 140 failed (attempt 5/5): Message: no such window: target window already closed
from unknown error: web view not found
  (Session info: MicrosoftEdge=142.0.3595.94)
Stacktrace:
	GetHandleVerifier [0x0x7ff6a7b22a75+51877]
	GetHandleVerifier [0x0x7ff6a7b22ad4+51972]
	GetHandleVerifier [0x0x7ff6a7cd9425+1848405]
	(No symbol) [0x0x7ff6a7870e5f]
	(No symbol) [0x0x7ff6a79074ec]
	(No symbol) [0x0x7ff6a791ed0a]
	(No symbol) [0x0x7ff6a7901df3]
	(No symbol) [0x0x7ff6a78d5b36]
	(No symbol) [0x0x7ff6a78d4d80]
	(No symbol) [0x0x7ff6a78d5973]
	(No symbol) [0x0x7ff6a799e4a5]
	(No symbol) [0x0x7ff6a799a75d]
	GetHandleVerifier [0x0x7ff6a7b4d2b3+226019]
	GetHandleVerifier [0x0x7ff6a7b3c481+156849]
	GetHandleVerifier [0x0x7ff6a7b44979+190889]
	GetHandleVerifier [0x0x7ff6a7b29bb4+80868]
	GetHandleVerifier [0x0x7ff6a7b29d03+81203]
	GetHandleVerifier [0x0x7ff6a7b18286+8886]
	BaseThreadInitThunk [0x0x7ff98cdee8d7+23]
	RtlUserThreadStart [0x0x7ff98e38c53c+44]

[2025-12-03T12:02:12.557908] SCRAPER ratings fetch page 8 offset 140 failed (attempt 5/5): Message: no such window: target window already closed
from unknown error: web view not found
  (Session info: MicrosoftEdge=142.0.3595.94)
Stacktrace:
	GetHandleVerifier [0x0x7ff6a7b22a75+51877]
	GetHandleVerifier [0x0x7ff6a7b22ad4+51972]
	GetHandleVerifier [0x0x7ff6a7cd9425+1848405]
	(No symbol) [0x0x7ff6a7870e5f]
	(No symbol) [0x0x7ff6a79074ec]
	(No symbol) [0x0x7ff6a791ed0a]
	(No symbol) [0x0x7ff6a7901df3]
	(No symbol) [0x0x7ff6a78d5b36]
	(No symbol) [0x0x7ff6a78d4d80]
	(No symbol) [0x0x7ff6a78d5973]
	(No symbol) [0x0x7ff6a799e4a5]
	(No symbol) [0x0x7ff6a799a75d]
	GetHandleVerifier [0x0x7ff6a7b4d2b3+226019]
	GetHandleVerifier [0x0x7ff6a7b3c481+156849]
	GetHandleVerifier [0x0x7ff6a7b44979+190889]
	GetHandleVerifier [0x0x7ff6a7b29bb4+80868]
	GetHandleVerifier [0x0x7ff6a7b29d03+81203]
	GetHandleVerifier [0x0x7ff6a7b18286+8886]
	BaseThreadInitThunk [0x0x7ff98cdee8d7+23]
	RtlUserThreadStart [0x0x7ff98e38c53c+44]

[2025-12-03T12:02:17.453889] SCRAPER skip page 8 after 5 failures; lanjut halaman berikutnya
[2025-12-03T12:02:17.455741] SCRAPER ratings fetch page 9 offset 160 failed (attempt 1/5): Message: no such window: target window already closed
from unknown error: web view not found
  (Session info: MicrosoftEdge=142.0.3595.94)
Stacktrace:
	GetHandleVerifier [0x0x7ff6a7b22a75+51877]
	GetHandleVerifier [0x0x7ff6a7b22ad4+51972]
	GetHandleVerifier [0x0x7ff6a7cd9425+1848405]
	(No symbol) [0x0x7ff6a7870e5f]
	(No symbol) [0x0x7ff6a79074ec]
	(No symbol) [0x0x7ff6a791ed0a]
	(No symbol) [0x0x7ff6a7901df3]
	(No symbol) [0x0x7ff6a78d5b36]
	(No symbol) [0x0x7ff6a78d4d80]
	(No symbol) [0x0x7ff6a78d5973]
	(No symbol) [0x0x7ff6a799e4a5]
	(No symbol) [0x0x7ff6a799a75d]
	GetHandleVerifier [0x0x7ff6a7b4d2b3+226019]
	GetHandleVerifier [0x0x7ff6a7b3c481+156849]
	GetHandleVerifier [0x0x7ff6a7b44979+190889]
	GetHandleVerifier [0x0x7ff6a7b29bb4+80868]
	GetHandleVerifier [0x0x7ff6a7b29d03+81203]
	GetHandleVerifier [0x0x7ff6a7b18286+8886]
	BaseThreadInitThunk [0x0x7ff98cdee8d7+23]
	RtlUserThreadStart [0x0x7ff98e38c53c+44]

[2025-12-03T12:02:17.564289] SCRAPER skip page 8 after 5 failures; lanjut halaman berikutnya
[2025-12-03T12:02:17.566295] SCRAPER ratings fetch page 9 offset 160 failed (attempt 1/5): Message: no such window: target window already closed
from unknown error: web view not found
  (Session info: MicrosoftEdge=142.0.3595.94)
Stacktrace:
	GetHandleVerifier [0x0x7ff6a7b22a75+51877]
	GetHandleVerifier [0x0x7ff6a7b22ad4+51972]
	GetHandleVerifier [0x0x7ff6a7cd9425+1848405]
	(No symbol) [0x0x7ff6a7870e5f]
	(No symbol) [0x0x7ff6a79074ec]
	(No symbol) [0x0x7ff6a791ed0a]
	(No symbol) [0x0x7ff6a7901df3]
	(No symbol) [0x0x7ff6a78d5b36]
	(No symbol) [0x0x7ff6a78d4d80]
	(No symbol) [0x0x7ff6a78d5973]
	(No symbol) [0x0x7ff6a799e4a5]
	(No symbol) [0x0x7ff6a799a75d]
	GetHandleVerifier [0x0x7ff6a7b4d2b3+226019]
	GetHandleVerifier [0x0x7ff6a7b3c481+156849]
	GetHandleVerifier [0x0x7ff6a7b44979+190889]
	GetHandleVerifier [0x0x7ff6a7b29bb4+80868]
	GetHandleVerifier [0x0x7ff6a7b29d03+81203]
	GetHandleVerifier [0x0x7ff6a7b18286+8886]
	BaseThreadInitThunk [0x0x7ff98cdee8d7+23]
	RtlUserThreadStart [0x0x7ff98e38c53c+44]

[2025-12-03T12:02:19.471057] SCRAPER ratings fetch page 9 offset 160 failed (attempt 2/5): Message: no such window: target window already closed
from unknown error: web view not found
  (Session info: MicrosoftEdge=142.0.3595.94)
Stacktrace:
	GetHandleVerifier [0x0x7ff6a7b22a75+51877]
	GetHandleVerifier [0x0x7ff6a7b22ad4+51972]
	GetHandleVerifier [0x0x7ff6a7cd9425+1848405]
	(No symbol) [0x0x7ff6a7870e5f]
	(No symbol) [0x0x7ff6a79074ec]
	(No symbol) [0x0x7ff6a791ed0a]
	(No symbol) [0x0x7ff6a7901df3]
	(No symbol) [0x0x7ff6a78d5b36]
	(No symbol) [0x0x7ff6a78d4d80]
	(No symbol) [0x0x7ff6a78d5973]
	(No symbol) [0x0x7ff6a799e4a5]
	(No symbol) [0x0x7ff6a799a75d]
	GetHandleVerifier [0x0x7ff6a7b4d2b3+226019]
	GetHandleVerifier [0x0x7ff6a7b3c481+156849]
	GetHandleVerifier [0x0x7ff6a7b44979+190889]
	GetHandleVerifier [0x0x7ff6a7b29bb4+80868]
	GetHandleVerifier [0x0x7ff6a7b29d03+81203]
	GetHandleVerifier [0x0x7ff6a7b18286+8886]
	BaseThreadInitThunk [0x0x7ff98cdee8d7+23]
	RtlUserThreadStart [0x0x7ff98e38c53c+44]

[2025-12-03T12:02:19.579996] SCRAPER ratings fetch page 9 offset 160 failed (attempt 2/5): Message: no such window: target window already closed
from unknown error: web view not found
  (Session info: MicrosoftEdge=142.0.3595.94)
Stacktrace:
	GetHandleVerifier [0x0x7ff6a7b22a75+51877]
	GetHandleVerifier [0x0x7ff6a7b22ad4+51972]
	GetHandleVerifier [0x0x7ff6a7cd9425+1848405]
	(No symbol) [0x0x7ff6a7870e5f]
	(No symbol) [0x0x7ff6a79074ec]
	(No symbol) [0x0x7ff6a791ed0a]
	(No symbol) [0x0x7ff6a7901df3]
	(No symbol) [0x0x7ff6a78d5b36]
	(No symbol) [0x0x7ff6a78d4d80]
	(No symbol) [0x0x7ff6a78d5973]
	(No symbol) [0x0x7ff6a799e4a5]
	(No symbol) [0x0x7ff6a799a75d]
	GetHandleVerifier [0x0x7ff6a7b4d2b3+226019]
	GetHandleVerifier [0x0x7ff6a7b3c481+156849]
	GetHandleVerifier [0x0x7ff6a7b44979+190889]
	GetHandleVerifier [0x0x7ff6a7b29bb4+80868]
	GetHandleVerifier [0x0x7ff6a7b29d03+81203]
	GetHandleVerifier [0x0x7ff6a7b18286+8886]
	BaseThreadInitThunk [0x0x7ff98cdee8d7+23]
	RtlUserThreadStart [0x0x7ff98e38c53c+44]

[2025-12-03T12:02:22.198418] SCRAPER ratings fetch page 5 offset 80 failed (attempt 1/5): HTTPConnectionPool(host='localhost', port=51982): Max retries exceeded with url: /session/eb4fe145f7c374b8145393fd9d40e526/execute/sync (Caused by NewConnectionError('<urllib3.connection.HTTPConnection object at 0x000001E09A81F5E0>: Failed to establish a new connection: [WinError 10061] No connection could be made because the target machine actively refused it'))
[2025-12-03T12:02:22.480377] SCRAPER ratings fetch page 9 offset 160 failed (attempt 3/5): Message: no such window: target window already closed
from unknown error: web view not found
  (Session info: MicrosoftEdge=142.0.3595.94)
Stacktrace:
	GetHandleVerifier [0x0x7ff6a7b22a75+51877]
	GetHandleVerifier [0x0x7ff6a7b22ad4+51972]
	GetHandleVerifier [0x0x7ff6a7cd9425+1848405]
	(No symbol) [0x0x7ff6a7870e5f]
	(No symbol) [0x0x7ff6a79074ec]
	(No symbol) [0x0x7ff6a791ed0a]
	(No symbol) [0x0x7ff6a7901df3]
	(No symbol) [0x0x7ff6a78d5b36]
	(No symbol) [0x0x7ff6a78d4d80]
	(No symbol) [0x0x7ff6a78d5973]
	(No symbol) [0x0x7ff6a799e4a5]
	(No symbol) [0x0x7ff6a799a75d]
	GetHandleVerifier [0x0x7ff6a7b4d2b3+226019]
	GetHandleVerifier [0x0x7ff6a7b3c481+156849]
	GetHandleVerifier [0x0x7ff6a7b44979+190889]
	GetHandleVerifier [0x0x7ff6a7b29bb4+80868]
	GetHandleVerifier [0x0x7ff6a7b29d03+81203]
	GetHandleVerifier [0x0x7ff6a7b18286+8886]
	BaseThreadInitThunk [0x0x7ff98cdee8d7+23]
	RtlUserThreadStart [0x0x7ff98e38c53c+44]

[2025-12-03T12:02:22.591811] SCRAPER ratings fetch page 9 offset 160 failed (attempt 3/5): Message: no such window: target window already closed
from unknown error: web view not found
  (Session info: MicrosoftEdge=142.0.3595.94)
Stacktrace:
	GetHandleVerifier [0x0x7ff6a7b22a75+51877]
	GetHandleVerifier [0x0x7ff6a7b22ad4+51972]
	GetHandleVerifier [0x0x7ff6a7cd9425+1848405]
	(No symbol) [0x0x7ff6a7870e5f]
	(No symbol) [0x0x7ff6a79074ec]
	(No symbol) [0x0x7ff6a791ed0a]
	(No symbol) [0x0x7ff6a7901df3]
	(No symbol) [0x0x7ff6a78d5b36]
	(No symbol) [0x0x7ff6a78d4d80]
	(No symbol) [0x0x7ff6a78d5973]
	(No symbol) [0x0x7ff6a799e4a5]
	(No symbol) [0x0x7ff6a799a75d]
	GetHandleVerifier [0x0x7ff6a7b4d2b3+226019]
	GetHandleVerifier [0x0x7ff6a7b3c481+156849]
	GetHandleVerifier [0x0x7ff6a7b44979+190889]
	GetHandleVerifier [0x0x7ff6a7b29bb4+80868]
	GetHandleVerifier [0x0x7ff6a7b29d03+81203]
	GetHandleVerifier [0x0x7ff6a7b18286+8886]
	BaseThreadInitThunk [0x0x7ff98cdee8d7+23]
	RtlUserThreadStart [0x0x7ff98e38c53c+44]

[2025-12-03T12:02:26.489288] SCRAPER ratings fetch page 9 offset 160 failed (attempt 4/5): Message: no such window: target window already closed
from unknown error: web view not found
  (Session info: MicrosoftEdge=142.0.3595.94)
Stacktrace:
	GetHandleVerifier [0x0x7ff6a7b22a75+51877]
	GetHandleVerifier [0x0x7ff6a7b22ad4+51972]
	GetHandleVerifier [0x0x7ff6a7cd9425+1848405]
	(No symbol) [0x0x7ff6a7870e5f]
	(No symbol) [0x0x7ff6a79074ec]
	(No symbol) [0x0x7ff6a791ed0a]
	(No symbol) [0x0x7ff6a7901df3]
	(No symbol) [0x0x7ff6a78d5b36]
	(No symbol) [0x0x7ff6a78d4d80]
	(No symbol) [0x0x7ff6a78d5973]
	(No symbol) [0x0x7ff6a799e4a5]
	(No symbol) [0x0x7ff6a799a75d]
	GetHandleVerifier [0x0x7ff6a7b4d2b3+226019]
	GetHandleVerifier [0x0x7ff6a7b3c481+156849]
	GetHandleVerifier [0x0x7ff6a7b44979+190889]
	GetHandleVerifier [0x0x7ff6a7b29bb4+80868]
	GetHandleVerifier [0x0x7ff6a7b29d03+81203]
	GetHandleVerifier [0x0x7ff6a7b18286+8886]
	BaseThreadInitThunk [0x0x7ff98cdee8d7+23]
	RtlUserThreadStart [0x0x7ff98e38c53c+44]

[2025-12-03T12:02:26.601873] SCRAPER ratings fetch page 9 offset 160 failed (attempt 4/5): Message: no such window: target window already closed
from unknown error: web view not found
  (Session info: MicrosoftEdge=142.0.3595.94)
Stacktrace:
	GetHandleVerifier [0x0x7ff6a7b22a75+51877]
	GetHandleVerifier [0x0x7ff6a7b22ad4+51972]
	GetHandleVerifier [0x0x7ff6a7cd9425+1848405]
	(No symbol) [0x0x7ff6a7870e5f]
	(No symbol) [0x0x7ff6a79074ec]
	(No symbol) [0x0x7ff6a791ed0a]
	(No symbol) [0x0x7ff6a7901df3]
	(No symbol) [0x0x7ff6a78d5b36]
	(No symbol) [0x0x7ff6a78d4d80]
	(No symbol) [0x0x7ff6a78d5973]
	(No symbol) [0x0x7ff6a799e4a5]
	(No symbol) [0x0x7ff6a799a75d]
	GetHandleVerifier [0x0x7ff6a7b4d2b3+226019]
	GetHandleVerifier [0x0x7ff6a7b3c481+156849]
	GetHandleVerifier [0x0x7ff6a7b44979+190889]
	GetHandleVerifier [0x0x7ff6a7b29bb4+80868]
	GetHandleVerifier [0x0x7ff6a7b29d03+81203]
	GetHandleVerifier [0x0x7ff6a7b18286+8886]
	BaseThreadInitThunk [0x0x7ff98cdee8d7+23]
	RtlUserThreadStart [0x0x7ff98e38c53c+44]

[2025-12-03T12:02:31.497701] SCRAPER ratings fetch page 9 offset 160 failed (attempt 5/5): Message: no such window: target window already closed
from unknown error: web view not found
  (Session info: MicrosoftEdge=142.0.3595.94)
Stacktrace:
	GetHandleVerifier [0x0x7ff6a7b22a75+51877]
	GetHandleVerifier [0x0x7ff6a7b22ad4+51972]
	GetHandleVerifier [0x0x7ff6a7cd9425+1848405]
	(No symbol) [0x0x7ff6a7870e5f]
	(No symbol) [0x0x7ff6a79074ec]
	(No symbol) [0x0x7ff6a791ed0a]
	(No symbol) [0x0x7ff6a7901df3]
	(No symbol) [0x0x7ff6a78d5b36]
	(No symbol) [0x0x7ff6a78d4d80]
	(No symbol) [0x0x7ff6a78d5973]
	(No symbol) [0x0x7ff6a799e4a5]
	(No symbol) [0x0x7ff6a799a75d]
	GetHandleVerifier [0x0x7ff6a7b4d2b3+226019]
	GetHandleVerifier [0x0x7ff6a7b3c481+156849]
	GetHandleVerifier [0x0x7ff6a7b44979+190889]
	GetHandleVerifier [0x0x7ff6a7b29bb4+80868]
	GetHandleVerifier [0x0x7ff6a7b29d03+81203]
	GetHandleVerifier [0x0x7ff6a7b18286+8886]
	BaseThreadInitThunk [0x0x7ff98cdee8d7+23]
	RtlUserThreadStart [0x0x7ff98e38c53c+44]

[2025-12-03T12:02:31.610140] SCRAPER ratings fetch page 9 offset 160 failed (attempt 5/5): Message: no such window: target window already closed
from unknown error: web view not found
  (Session info: MicrosoftEdge=142.0.3595.94)
Stacktrace:
	GetHandleVerifier [0x0x7ff6a7b22a75+51877]
	GetHandleVerifier [0x0x7ff6a7b22ad4+51972]
	GetHandleVerifier [0x0x7ff6a7cd9425+1848405]
	(No symbol) [0x0x7ff6a7870e5f]
	(No symbol) [0x0x7ff6a79074ec]
	(No symbol) [0x0x7ff6a791ed0a]
	(No symbol) [0x0x7ff6a7901df3]
	(No symbol) [0x0x7ff6a78d5b36]
	(No symbol) [0x0x7ff6a78d4d80]
	(No symbol) [0x0x7ff6a78d5973]
	(No symbol) [0x0x7ff6a799e4a5]
	(No symbol) [0x0x7ff6a799a75d]
	GetHandleVerifier [0x0x7ff6a7b4d2b3+226019]
	GetHandleVerifier [0x0x7ff6a7b3c481+156849]
	GetHandleVerifier [0x0x7ff6a7b44979+190889]
	GetHandleVerifier [0x0x7ff6a7b29bb4+80868]
	GetHandleVerifier [0x0x7ff6a7b29d03+81203]
	GetHandleVerifier [0x0x7ff6a7b18286+8886]
	BaseThreadInitThunk [0x0x7ff98cdee8d7+23]
	RtlUserThreadStart [0x0x7ff98e38c53c+44]

[2025-12-03T12:02:36.507690] SCRAPER skip page 9 after 5 failures; lanjut halaman berikutnya
[2025-12-03T12:02:36.514226] SCRAPER ratings fetch page 10 offset 180 failed (attempt 1/5): Message: no such window: target window already closed
from unknown error: web view not found
  (Session info: MicrosoftEdge=142.0.3595.94)
Stacktrace:
	GetHandleVerifier [0x0x7ff6a7b22a75+51877]
	GetHandleVerifier [0x0x7ff6a7b22ad4+51972]
	GetHandleVerifier [0x0x7ff6a7cd9425+1848405]
	(No symbol) [0x0x7ff6a7870e5f]
	(No symbol) [0x0x7ff6a79074ec]
	(No symbol) [0x0x7ff6a791ed0a]
	(No symbol) [0x0x7ff6a7901df3]
	(No symbol) [0x0x7ff6a78d5b36]
	(No symbol) [0x0x7ff6a78d4d80]
	(No symbol) [0x0x7ff6a78d5973]
	(No symbol) [0x0x7ff6a799e4a5]
	(No symbol) [0x0x7ff6a799a75d]
	GetHandleVerifier [0x0x7ff6a7b4d2b3+226019]
	GetHandleVerifier [0x0x7ff6a7b3c481+156849]
	GetHandleVerifier [0x0x7ff6a7b44979+190889]
	GetHandleVerifier [0x0x7ff6a7b29bb4+80868]
	GetHandleVerifier [0x0x7ff6a7b29d03+81203]
	GetHandleVerifier [0x0x7ff6a7b18286+8886]
	BaseThreadInitThunk [0x0x7ff98cdee8d7+23]
	RtlUserThreadStart [0x0x7ff98e38c53c+44]

[2025-12-03T12:02:36.616527] SCRAPER skip page 9 after 5 failures; lanjut halaman berikutnya
[2025-12-03T12:02:36.619407] SCRAPER ratings fetch page 10 offset 180 failed (attempt 1/5): Message: no such window: target window already closed
from unknown error: web view not found
  (Session info: MicrosoftEdge=142.0.3595.94)
Stacktrace:
	GetHandleVerifier [0x0x7ff6a7b22a75+51877]
	GetHandleVerifier [0x0x7ff6a7b22ad4+51972]
	GetHandleVerifier [0x0x7ff6a7cd9425+1848405]
	(No symbol) [0x0x7ff6a7870e5f]
	(No symbol) [0x0x7ff6a79074ec]
	(No symbol) [0x0x7ff6a791ed0a]
	(No symbol) [0x0x7ff6a7901df3]
	(No symbol) [0x0x7ff6a78d5b36]
	(No symbol) [0x0x7ff6a78d4d80]
	(No symbol) [0x0x7ff6a78d5973]
	(No symbol) [0x0x7ff6a799e4a5]
	(No symbol) [0x0x7ff6a799a75d]
	GetHandleVerifier [0x0x7ff6a7b4d2b3+226019]
	GetHandleVerifier [0x0x7ff6a7b3c481+156849]
	GetHandleVerifier [0x0x7ff6a7b44979+190889]
	GetHandleVerifier [0x0x7ff6a7b29bb4+80868]
	GetHandleVerifier [0x0x7ff6a7b29d03+81203]
	GetHandleVerifier [0x0x7ff6a7b18286+8886]
	BaseThreadInitThunk [0x0x7ff98cdee8d7+23]
	RtlUserThreadStart [0x0x7ff98e38c53c+44]

[2025-12-03T12:02:38.529911] SCRAPER ratings fetch page 10 offset 180 failed (attempt 2/5): Message: no such window: target window already closed
from unknown error: web view not found
  (Session info: MicrosoftEdge=142.0.3595.94)
Stacktrace:
	GetHandleVerifier [0x0x7ff6a7b22a75+51877]
	GetHandleVerifier [0x0x7ff6a7b22ad4+51972]
	GetHandleVerifier [0x0x7ff6a7cd9425+1848405]
	(No symbol) [0x0x7ff6a7870e5f]
	(No symbol) [0x0x7ff6a79074ec]
	(No symbol) [0x0x7ff6a791ed0a]
	(No symbol) [0x0x7ff6a7901df3]
	(No symbol) [0x0x7ff6a78d5b36]
	(No symbol) [0x0x7ff6a78d4d80]
	(No symbol) [0x0x7ff6a78d5973]
	(No symbol) [0x0x7ff6a799e4a5]
	(No symbol) [0x0x7ff6a799a75d]
	GetHandleVerifier [0x0x7ff6a7b4d2b3+226019]
	GetHandleVerifier [0x0x7ff6a7b3c481+156849]
	GetHandleVerifier [0x0x7ff6a7b44979+190889]
	GetHandleVerifier [0x0x7ff6a7b29bb4+80868]
	GetHandleVerifier [0x0x7ff6a7b29d03+81203]
	GetHandleVerifier [0x0x7ff6a7b18286+8886]
	BaseThreadInitThunk [0x0x7ff98cdee8d7+23]
	RtlUserThreadStart [0x0x7ff98e38c53c+44]

[2025-12-03T12:02:38.647778] SCRAPER ratings fetch page 10 offset 180 failed (attempt 2/5): Message: no such window: target window already closed
from unknown error: web view not found
  (Session info: MicrosoftEdge=142.0.3595.94)
Stacktrace:
	GetHandleVerifier [0x0x7ff6a7b22a75+51877]
	GetHandleVerifier [0x0x7ff6a7b22ad4+51972]
	GetHandleVerifier [0x0x7ff6a7cd9425+1848405]
	(No symbol) [0x0x7ff6a7870e5f]
	(No symbol) [0x0x7ff6a79074ec]
	(No symbol) [0x0x7ff6a791ed0a]
	(No symbol) [0x0x7ff6a7901df3]
	(No symbol) [0x0x7ff6a78d5b36]
	(No symbol) [0x0x7ff6a78d4d80]
	(No symbol) [0x0x7ff6a78d5973]
	(No symbol) [0x0x7ff6a799e4a5]
	(No symbol) [0x0x7ff6a799a75d]
	GetHandleVerifier [0x0x7ff6a7b4d2b3+226019]
	GetHandleVerifier [0x0x7ff6a7b3c481+156849]
	GetHandleVerifier [0x0x7ff6a7b44979+190889]
	GetHandleVerifier [0x0x7ff6a7b29bb4+80868]
	GetHandleVerifier [0x0x7ff6a7b29d03+81203]
	GetHandleVerifier [0x0x7ff6a7b18286+8886]
	BaseThreadInitThunk [0x0x7ff98cdee8d7+23]
	RtlUserThreadStart [0x0x7ff98e38c53c+44]

[2025-12-03T12:02:40.544721] SCRAPER ratings fetch page 5 offset 80 failed (attempt 2/5): HTTPConnectionPool(host='localhost', port=51982): Max retries exceeded with url: /session/eb4fe145f7c374b8145393fd9d40e526/execute/sync (Caused by NewConnectionError('<urllib3.connection.HTTPConnection object at 0x000001E09A81E860>: Failed to establish a new connection: [WinError 10061] No connection could be made because the target machine actively refused it'))
[2025-12-03T12:02:41.541694] SCRAPER ratings fetch page 10 offset 180 failed (attempt 3/5): Message: no such window: target window already closed
from unknown error: web view not found
  (Session info: MicrosoftEdge=142.0.3595.94)
Stacktrace:
	GetHandleVerifier [0x0x7ff6a7b22a75+51877]
	GetHandleVerifier [0x0x7ff6a7b22ad4+51972]
	GetHandleVerifier [0x0x7ff6a7cd9425+1848405]
	(No symbol) [0x0x7ff6a7870e5f]
	(No symbol) [0x0x7ff6a79074ec]
	(No symbol) [0x0x7ff6a791ed0a]
	(No symbol) [0x0x7ff6a7901df3]
	(No symbol) [0x0x7ff6a78d5b36]
	(No symbol) [0x0x7ff6a78d4d80]
	(No symbol) [0x0x7ff6a78d5973]
	(No symbol) [0x0x7ff6a799e4a5]
	(No symbol) [0x0x7ff6a799a75d]
	GetHandleVerifier [0x0x7ff6a7b4d2b3+226019]
	GetHandleVerifier [0x0x7ff6a7b3c481+156849]
	GetHandleVerifier [0x0x7ff6a7b44979+190889]
	GetHandleVerifier [0x0x7ff6a7b29bb4+80868]
	GetHandleVerifier [0x0x7ff6a7b29d03+81203]
	GetHandleVerifier [0x0x7ff6a7b18286+8886]
	BaseThreadInitThunk [0x0x7ff98cdee8d7+23]
	RtlUserThreadStart [0x0x7ff98e38c53c+44]

[2025-12-03T12:02:41.666889] SCRAPER ratings fetch page 10 offset 180 failed (attempt 3/5): Message: no such window: target window already closed
from unknown error: web view not found
  (Session info: MicrosoftEdge=142.0.3595.94)
Stacktrace:
	GetHandleVerifier [0x0x7ff6a7b22a75+51877]
	GetHandleVerifier [0x0x7ff6a7b22ad4+51972]
	GetHandleVerifier [0x0x7ff6a7cd9425+1848405]
	(No symbol) [0x0x7ff6a7870e5f]
	(No symbol) [0x0x7ff6a79074ec]
	(No symbol) [0x0x7ff6a791ed0a]
	(No symbol) [0x0x7ff6a7901df3]
	(No symbol) [0x0x7ff6a78d5b36]
	(No symbol) [0x0x7ff6a78d4d80]
	(No symbol) [0x0x7ff6a78d5973]
	(No symbol) [0x0x7ff6a799e4a5]
	(No symbol) [0x0x7ff6a799a75d]
	GetHandleVerifier [0x0x7ff6a7b4d2b3+226019]
	GetHandleVerifier [0x0x7ff6a7b3c481+156849]
	GetHandleVerifier [0x0x7ff6a7b44979+190889]
	GetHandleVerifier [0x0x7ff6a7b29bb4+80868]
	GetHandleVerifier [0x0x7ff6a7b29d03+81203]
	GetHandleVerifier [0x0x7ff6a7b18286+8886]
	BaseThreadInitThunk [0x0x7ff98cdee8d7+23]
	RtlUserThreadStart [0x0x7ff98e38c53c+44]

[2025-12-03T12:02:45.558737] SCRAPER ratings fetch page 10 offset 180 failed (attempt 4/5): Message: no such window: target window already closed
from unknown error: web view not found
  (Session info: MicrosoftEdge=142.0.3595.94)
Stacktrace:
	GetHandleVerifier [0x0x7ff6a7b22a75+51877]
	GetHandleVerifier [0x0x7ff6a7b22ad4+51972]
	GetHandleVerifier [0x0x7ff6a7cd9425+1848405]
	(No symbol) [0x0x7ff6a7870e5f]
	(No symbol) [0x0x7ff6a79074ec]
	(No symbol) [0x0x7ff6a791ed0a]
	(No symbol) [0x0x7ff6a7901df3]
	(No symbol) [0x0x7ff6a78d5b36]
	(No symbol) [0x0x7ff6a78d4d80]
	(No symbol) [0x0x7ff6a78d5973]
	(No symbol) [0x0x7ff6a799e4a5]
	(No symbol) [0x0x7ff6a799a75d]
	GetHandleVerifier [0x0x7ff6a7b4d2b3+226019]
	GetHandleVerifier [0x0x7ff6a7b3c481+156849]
	GetHandleVerifier [0x0x7ff6a7b44979+190889]
	GetHandleVerifier [0x0x7ff6a7b29bb4+80868]
	GetHandleVerifier [0x0x7ff6a7b29d03+81203]
	GetHandleVerifier [0x0x7ff6a7b18286+8886]
	BaseThreadInitThunk [0x0x7ff98cdee8d7+23]
	RtlUserThreadStart [0x0x7ff98e38c53c+44]

[2025-12-03T12:02:45.684088] SCRAPER ratings fetch page 10 offset 180 failed (attempt 4/5): Message: no such window: target window already closed
from unknown error: web view not found
  (Session info: MicrosoftEdge=142.0.3595.94)
Stacktrace:
	GetHandleVerifier [0x0x7ff6a7b22a75+51877]
	GetHandleVerifier [0x0x7ff6a7b22ad4+51972]
	GetHandleVerifier [0x0x7ff6a7cd9425+1848405]
	(No symbol) [0x0x7ff6a7870e5f]
	(No symbol) [0x0x7ff6a79074ec]
	(No symbol) [0x0x7ff6a791ed0a]
	(No symbol) [0x0x7ff6a7901df3]
	(No symbol) [0x0x7ff6a78d5b36]
	(No symbol) [0x0x7ff6a78d4d80]
	(No symbol) [0x0x7ff6a78d5973]
	(No symbol) [0x0x7ff6a799e4a5]
	(No symbol) [0x0x7ff6a799a75d]
	GetHandleVerifier [0x0x7ff6a7b4d2b3+226019]
	GetHandleVerifier [0x0x7ff6a7b3c481+156849]
	GetHandleVerifier [0x0x7ff6a7b44979+190889]
	GetHandleVerifier [0x0x7ff6a7b29bb4+80868]
	GetHandleVerifier [0x0x7ff6a7b29d03+81203]
	GetHandleVerifier [0x0x7ff6a7b18286+8886]
	BaseThreadInitThunk [0x0x7ff98cdee8d7+23]
	RtlUserThreadStart [0x0x7ff98e38c53c+44]

[2025-12-03T12:02:50.567078] SCRAPER ratings fetch page 10 offset 180 failed (attempt 5/5): Message: no such window: target window already closed
from unknown error: web view not found
  (Session info: MicrosoftEdge=142.0.3595.94)
Stacktrace:
	GetHandleVerifier [0x0x7ff6a7b22a75+51877]
	GetHandleVerifier [0x0x7ff6a7b22ad4+51972]
	GetHandleVerifier [0x0x7ff6a7cd9425+1848405]
	(No symbol) [0x0x7ff6a7870e5f]
	(No symbol) [0x0x7ff6a79074ec]
	(No symbol) [0x0x7ff6a791ed0a]
	(No symbol) [0x0x7ff6a7901df3]
	(No symbol) [0x0x7ff6a78d5b36]
	(No symbol) [0x0x7ff6a78d4d80]
	(No symbol) [0x0x7ff6a78d5973]
	(No symbol) [0x0x7ff6a799e4a5]
	(No symbol) [0x0x7ff6a799a75d]
	GetHandleVerifier [0x0x7ff6a7b4d2b3+226019]
	GetHandleVerifier [0x0x7ff6a7b3c481+156849]
	GetHandleVerifier [0x0x7ff6a7b44979+190889]
	GetHandleVerifier [0x0x7ff6a7b29bb4+80868]
	GetHandleVerifier [0x0x7ff6a7b29d03+81203]
	GetHandleVerifier [0x0x7ff6a7b18286+8886]
	BaseThreadInitThunk [0x0x7ff98cdee8d7+23]
	RtlUserThreadStart [0x0x7ff98e38c53c+44]

[2025-12-03T12:02:50.693362] SCRAPER ratings fetch page 10 offset 180 failed (attempt 5/5): Message: no such window: target window already closed
from unknown error: web view not found
  (Session info: MicrosoftEdge=142.0.3595.94)
Stacktrace:
	GetHandleVerifier [0x0x7ff6a7b22a75+51877]
	GetHandleVerifier [0x0x7ff6a7b22ad4+51972]
	GetHandleVerifier [0x0x7ff6a7cd9425+1848405]
	(No symbol) [0x0x7ff6a7870e5f]
	(No symbol) [0x0x7ff6a79074ec]
	(No symbol) [0x0x7ff6a791ed0a]
	(No symbol) [0x0x7ff6a7901df3]
	(No symbol) [0x0x7ff6a78d5b36]
	(No symbol) [0x0x7ff6a78d4d80]
	(No symbol) [0x0x7ff6a78d5973]
	(No symbol) [0x0x7ff6a799e4a5]
	(No symbol) [0x0x7ff6a799a75d]
	GetHandleVerifier [0x0x7ff6a7b4d2b3+226019]
	GetHandleVerifier [0x0x7ff6a7b3c481+156849]
	GetHandleVerifier [0x0x7ff6a7b44979+190889]
	GetHandleVerifier [0x0x7ff6a7b29bb4+80868]
	GetHandleVerifier [0x0x7ff6a7b29d03+81203]
	GetHandleVerifier [0x0x7ff6a7b18286+8886]
	BaseThreadInitThunk [0x0x7ff98cdee8d7+23]
	RtlUserThreadStart [0x0x7ff98e38c53c+44]

[2025-12-03T12:02:55.580551] SCRAPER skip page 10 after 5 failures; lanjut halaman berikutnya
[2025-12-03T12:02:55.585418] SCRAPER ratings fetch page 11 offset 200 failed (attempt 1/5): Message: no such window: target window already closed
from unknown error: web view not found
  (Session info: MicrosoftEdge=142.0.3595.94)
Stacktrace:
	GetHandleVerifier [0x0x7ff6a7b22a75+51877]
	GetHandleVerifier [0x0x7ff6a7b22ad4+51972]
	GetHandleVerifier [0x0x7ff6a7cd9425+1848405]
	(No symbol) [0x0x7ff6a7870e5f]
	(No symbol) [0x0x7ff6a79074ec]
	(No symbol) [0x0x7ff6a791ed0a]
	(No symbol) [0x0x7ff6a7901df3]
	(No symbol) [0x0x7ff6a78d5b36]
	(No symbol) [0x0x7ff6a78d4d80]
	(No symbol) [0x0x7ff6a78d5973]
	(No symbol) [0x0x7ff6a799e4a5]
	(No symbol) [0x0x7ff6a799a75d]
	GetHandleVerifier [0x0x7ff6a7b4d2b3+226019]
	GetHandleVerifier [0x0x7ff6a7b3c481+156849]
	GetHandleVerifier [0x0x7ff6a7b44979+190889]
	GetHandleVerifier [0x0x7ff6a7b29bb4+80868]
	GetHandleVerifier [0x0x7ff6a7b29d03+81203]
	GetHandleVerifier [0x0x7ff6a7b18286+8886]
	BaseThreadInitThunk [0x0x7ff98cdee8d7+23]
	RtlUserThreadStart [0x0x7ff98e38c53c+44]

[2025-12-03T12:02:55.704941] SCRAPER skip page 10 after 5 failures; lanjut halaman berikutnya
[2025-12-03T12:02:55.709748] SCRAPER ratings fetch page 11 offset 200 failed (attempt 1/5): Message: no such window: target window already closed
from unknown error: web view not found
  (Session info: MicrosoftEdge=142.0.3595.94)
Stacktrace:
	GetHandleVerifier [0x0x7ff6a7b22a75+51877]
	GetHandleVerifier [0x0x7ff6a7b22ad4+51972]
	GetHandleVerifier [0x0x7ff6a7cd9425+1848405]
	(No symbol) [0x0x7ff6a7870e5f]
	(No symbol) [0x0x7ff6a79074ec]
	(No symbol) [0x0x7ff6a791ed0a]
	(No symbol) [0x0x7ff6a7901df3]
	(No symbol) [0x0x7ff6a78d5b36]
	(No symbol) [0x0x7ff6a78d4d80]
	(No symbol) [0x0x7ff6a78d5973]
	(No symbol) [0x0x7ff6a799e4a5]
	(No symbol) [0x0x7ff6a799a75d]
	GetHandleVerifier [0x0x7ff6a7b4d2b3+226019]
	GetHandleVerifier [0x0x7ff6a7b3c481+156849]
	GetHandleVerifier [0x0x7ff6a7b44979+190889]
	GetHandleVerifier [0x0x7ff6a7b29bb4+80868]
	GetHandleVerifier [0x0x7ff6a7b29d03+81203]
	GetHandleVerifier [0x0x7ff6a7b18286+8886]
	BaseThreadInitThunk [0x0x7ff98cdee8d7+23]
	RtlUserThreadStart [0x0x7ff98e38c53c+44]

[2025-12-03T12:02:57.590915] SCRAPER ratings fetch page 11 offset 200 failed (attempt 2/5): Message: no such window: target window already closed
from unknown error: web view not found
  (Session info: MicrosoftEdge=142.0.3595.94)
Stacktrace:
	GetHandleVerifier [0x0x7ff6a7b22a75+51877]
	GetHandleVerifier [0x0x7ff6a7b22ad4+51972]
	GetHandleVerifier [0x0x7ff6a7cd9425+1848405]
	(No symbol) [0x0x7ff6a7870e5f]
	(No symbol) [0x0x7ff6a79074ec]
	(No symbol) [0x0x7ff6a791ed0a]
	(No symbol) [0x0x7ff6a7901df3]
	(No symbol) [0x0x7ff6a78d5b36]
	(No symbol) [0x0x7ff6a78d4d80]
	(No symbol) [0x0x7ff6a78d5973]
	(No symbol) [0x0x7ff6a799e4a5]
	(No symbol) [0x0x7ff6a799a75d]
	GetHandleVerifier [0x0x7ff6a7b4d2b3+226019]
	GetHandleVerifier [0x0x7ff6a7b3c481+156849]
	GetHandleVerifier [0x0x7ff6a7b44979+190889]
	GetHandleVerifier [0x0x7ff6a7b29bb4+80868]
	GetHandleVerifier [0x0x7ff6a7b29d03+81203]
	GetHandleVerifier [0x0x7ff6a7b18286+8886]
	BaseThreadInitThunk [0x0x7ff98cdee8d7+23]
	RtlUserThreadStart [0x0x7ff98e38c53c+44]

[2025-12-03T12:02:57.715596] SCRAPER ratings fetch page 11 offset 200 failed (attempt 2/5): Message: no such window: target window already closed
from unknown error: web view not found
  (Session info: MicrosoftEdge=142.0.3595.94)
Stacktrace:
	GetHandleVerifier [0x0x7ff6a7b22a75+51877]
	GetHandleVerifier [0x0x7ff6a7b22ad4+51972]
	GetHandleVerifier [0x0x7ff6a7cd9425+1848405]
	(No symbol) [0x0x7ff6a7870e5f]
	(No symbol) [0x0x7ff6a79074ec]
	(No symbol) [0x0x7ff6a791ed0a]
	(No symbol) [0x0x7ff6a7901df3]
	(No symbol) [0x0x7ff6a78d5b36]
	(No symbol) [0x0x7ff6a78d4d80]
	(No symbol) [0x0x7ff6a78d5973]
	(No symbol) [0x0x7ff6a799e4a5]
	(No symbol) [0x0x7ff6a799a75d]
	GetHandleVerifier [0x0x7ff6a7b4d2b3+226019]
	GetHandleVerifier [0x0x7ff6a7b3c481+156849]
	GetHandleVerifier [0x0x7ff6a7b44979+190889]
	GetHandleVerifier [0x0x7ff6a7b29bb4+80868]
	GetHandleVerifier [0x0x7ff6a7b29d03+81203]
	GetHandleVerifier [0x0x7ff6a7b18286+8886]
	BaseThreadInitThunk [0x0x7ff98cdee8d7+23]
	RtlUserThreadStart [0x0x7ff98e38c53c+44]

[2025-12-03T12:02:59.856233] SCRAPER ratings fetch page 5 offset 80 failed (attempt 3/5): HTTPConnectionPool(host='localhost', port=51982): Max retries exceeded with url: /session/eb4fe145f7c374b8145393fd9d40e526/execute/sync (Caused by NewConnectionError('<urllib3.connection.HTTPConnection object at 0x000001E09A81C670>: Failed to establish a new connection: [WinError 10061] No connection could be made because the target machine actively refused it'))
[2025-12-03T12:03:00.608926] SCRAPER ratings fetch page 11 offset 200 failed (attempt 3/5): Message: no such window: target window already closed
from unknown error: web view not found
  (Session info: MicrosoftEdge=142.0.3595.94)
Stacktrace:
	GetHandleVerifier [0x0x7ff6a7b22a75+51877]
	GetHandleVerifier [0x0x7ff6a7b22ad4+51972]
	GetHandleVerifier [0x0x7ff6a7cd9425+1848405]
	(No symbol) [0x0x7ff6a7870e5f]
	(No symbol) [0x0x7ff6a79074ec]
	(No symbol) [0x0x7ff6a791ed0a]
	(No symbol) [0x0x7ff6a7901df3]
	(No symbol) [0x0x7ff6a78d5b36]
	(No symbol) [0x0x7ff6a78d4d80]
	(No symbol) [0x0x7ff6a78d5973]
	(No symbol) [0x0x7ff6a799e4a5]
	(No symbol) [0x0x7ff6a799a75d]
	GetHandleVerifier [0x0x7ff6a7b4d2b3+226019]
	GetHandleVerifier [0x0x7ff6a7b3c481+156849]
	GetHandleVerifier [0x0x7ff6a7b44979+190889]
	GetHandleVerifier [0x0x7ff6a7b29bb4+80868]
	GetHandleVerifier [0x0x7ff6a7b29d03+81203]
	GetHandleVerifier [0x0x7ff6a7b18286+8886]
	BaseThreadInitThunk [0x0x7ff98cdee8d7+23]
	RtlUserThreadStart [0x0x7ff98e38c53c+44]

[2025-12-03T12:03:00.733026] SCRAPER ratings fetch page 11 offset 200 failed (attempt 3/5): Message: no such window: target window already closed
from unknown error: web view not found
  (Session info: MicrosoftEdge=142.0.3595.94)
Stacktrace:
	GetHandleVerifier [0x0x7ff6a7b22a75+51877]
	GetHandleVerifier [0x0x7ff6a7b22ad4+51972]
	GetHandleVerifier [0x0x7ff6a7cd9425+1848405]
	(No symbol) [0x0x7ff6a7870e5f]
	(No symbol) [0x0x7ff6a79074ec]
	(No symbol) [0x0x7ff6a791ed0a]
	(No symbol) [0x0x7ff6a7901df3]
	(No symbol) [0x0x7ff6a78d5b36]
	(No symbol) [0x0x7ff6a78d4d80]
	(No symbol) [0x0x7ff6a78d5973]
	(No symbol) [0x0x7ff6a799e4a5]
	(No symbol) [0x0x7ff6a799a75d]
	GetHandleVerifier [0x0x7ff6a7b4d2b3+226019]
	GetHandleVerifier [0x0x7ff6a7b3c481+156849]
	GetHandleVerifier [0x0x7ff6a7b44979+190889]
	GetHandleVerifier [0x0x7ff6a7b29bb4+80868]
	GetHandleVerifier [0x0x7ff6a7b29d03+81203]
	GetHandleVerifier [0x0x7ff6a7b18286+8886]
	BaseThreadInitThunk [0x0x7ff98cdee8d7+23]
	RtlUserThreadStart [0x0x7ff98e38c53c+44]

[2025-12-03T12:03:04.619903] SCRAPER ratings fetch page 11 offset 200 failed (attempt 4/5): Message: no such window: target window already closed
from unknown error: web view not found
  (Session info: MicrosoftEdge=142.0.3595.94)
Stacktrace:
	GetHandleVerifier [0x0x7ff6a7b22a75+51877]
	GetHandleVerifier [0x0x7ff6a7b22ad4+51972]
	GetHandleVerifier [0x0x7ff6a7cd9425+1848405]
	(No symbol) [0x0x7ff6a7870e5f]
	(No symbol) [0x0x7ff6a79074ec]
	(No symbol) [0x0x7ff6a791ed0a]
	(No symbol) [0x0x7ff6a7901df3]
	(No symbol) [0x0x7ff6a78d5b36]
	(No symbol) [0x0x7ff6a78d4d80]
	(No symbol) [0x0x7ff6a78d5973]
	(No symbol) [0x0x7ff6a799e4a5]
	(No symbol) [0x0x7ff6a799a75d]
	GetHandleVerifier [0x0x7ff6a7b4d2b3+226019]
	GetHandleVerifier [0x0x7ff6a7b3c481+156849]
	GetHandleVerifier [0x0x7ff6a7b44979+190889]
	GetHandleVerifier [0x0x7ff6a7b29bb4+80868]
	GetHandleVerifier [0x0x7ff6a7b29d03+81203]
	GetHandleVerifier [0x0x7ff6a7b18286+8886]
	BaseThreadInitThunk [0x0x7ff98cdee8d7+23]
	RtlUserThreadStart [0x0x7ff98e38c53c+44]

[2025-12-03T12:03:04.746541] SCRAPER ratings fetch page 11 offset 200 failed (attempt 4/5): Message: no such window: target window already closed
from unknown error: web view not found
  (Session info: MicrosoftEdge=142.0.3595.94)
Stacktrace:
	GetHandleVerifier [0x0x7ff6a7b22a75+51877]
	GetHandleVerifier [0x0x7ff6a7b22ad4+51972]
	GetHandleVerifier [0x0x7ff6a7cd9425+1848405]
	(No symbol) [0x0x7ff6a7870e5f]
	(No symbol) [0x0x7ff6a79074ec]
	(No symbol) [0x0x7ff6a791ed0a]
	(No symbol) [0x0x7ff6a7901df3]
	(No symbol) [0x0x7ff6a78d5b36]
	(No symbol) [0x0x7ff6a78d4d80]
	(No symbol) [0x0x7ff6a78d5973]
	(No symbol) [0x0x7ff6a799e4a5]
	(No symbol) [0x0x7ff6a799a75d]
	GetHandleVerifier [0x0x7ff6a7b4d2b3+226019]
	GetHandleVerifier [0x0x7ff6a7b3c481+156849]
	GetHandleVerifier [0x0x7ff6a7b44979+190889]
	GetHandleVerifier [0x0x7ff6a7b29bb4+80868]
	GetHandleVerifier [0x0x7ff6a7b29d03+81203]
	GetHandleVerifier [0x0x7ff6a7b18286+8886]
	BaseThreadInitThunk [0x0x7ff98cdee8d7+23]
	RtlUserThreadStart [0x0x7ff98e38c53c+44]

[2025-12-03T12:03:09.635472] SCRAPER ratings fetch page 11 offset 200 failed (attempt 5/5): Message: no such window: target window already closed
from unknown error: web view not found
  (Session info: MicrosoftEdge=142.0.3595.94)
Stacktrace:
	GetHandleVerifier [0x0x7ff6a7b22a75+51877]
	GetHandleVerifier [0x0x7ff6a7b22ad4+51972]
	GetHandleVerifier [0x0x7ff6a7cd9425+1848405]
	(No symbol) [0x0x7ff6a7870e5f]
	(No symbol) [0x0x7ff6a79074ec]
	(No symbol) [0x0x7ff6a791ed0a]
	(No symbol) [0x0x7ff6a7901df3]
	(No symbol) [0x0x7ff6a78d5b36]
	(No symbol) [0x0x7ff6a78d4d80]
	(No symbol) [0x0x7ff6a78d5973]
	(No symbol) [0x0x7ff6a799e4a5]
	(No symbol) [0x0x7ff6a799a75d]
	GetHandleVerifier [0x0x7ff6a7b4d2b3+226019]
	GetHandleVerifier [0x0x7ff6a7b3c481+156849]
	GetHandleVerifier [0x0x7ff6a7b44979+190889]
	GetHandleVerifier [0x0x7ff6a7b29bb4+80868]
	GetHandleVerifier [0x0x7ff6a7b29d03+81203]
	GetHandleVerifier [0x0x7ff6a7b18286+8886]
	BaseThreadInitThunk [0x0x7ff98cdee8d7+23]
	RtlUserThreadStart [0x0x7ff98e38c53c+44]

[2025-12-03T12:03:09.795301] SCRAPER ratings fetch page 11 offset 200 failed (attempt 5/5): Message: no such window: target window already closed
from unknown error: web view not found
  (Session info: MicrosoftEdge=142.0.3595.94)
Stacktrace:
	GetHandleVerifier [0x0x7ff6a7b22a75+51877]
	GetHandleVerifier [0x0x7ff6a7b22ad4+51972]
	GetHandleVerifier [0x0x7ff6a7cd9425+1848405]
	(No symbol) [0x0x7ff6a7870e5f]
	(No symbol) [0x0x7ff6a79074ec]
	(No symbol) [0x0x7ff6a791ed0a]
	(No symbol) [0x0x7ff6a7901df3]
	(No symbol) [0x0x7ff6a78d5b36]
	(No symbol) [0x0x7ff6a78d4d80]
	(No symbol) [0x0x7ff6a78d5973]
	(No symbol) [0x0x7ff6a799e4a5]
	(No symbol) [0x0x7ff6a799a75d]
	GetHandleVerifier [0x0x7ff6a7b4d2b3+226019]
	GetHandleVerifier [0x0x7ff6a7b3c481+156849]
	GetHandleVerifier [0x0x7ff6a7b44979+190889]
	GetHandleVerifier [0x0x7ff6a7b29bb4+80868]
	GetHandleVerifier [0x0x7ff6a7b29d03+81203]
	GetHandleVerifier [0x0x7ff6a7b18286+8886]
	BaseThreadInitThunk [0x0x7ff98cdee8d7+23]
	RtlUserThreadStart [0x0x7ff98e38c53c+44]

[2025-12-03T12:03:14.637521] SCRAPER skip page 11 after 5 failures; lanjut halaman berikutnya
[2025-12-03T12:03:14.639519] SCRAPER ratings fetch page 12 offset 220 failed (attempt 1/5): Message: no such window: target window already closed
from unknown error: web view not found
  (Session info: MicrosoftEdge=142.0.3595.94)
Stacktrace:
	GetHandleVerifier [0x0x7ff6a7b22a75+51877]
	GetHandleVerifier [0x0x7ff6a7b22ad4+51972]
	GetHandleVerifier [0x0x7ff6a7cd9425+1848405]
	(No symbol) [0x0x7ff6a7870e5f]
	(No symbol) [0x0x7ff6a79074ec]
	(No symbol) [0x0x7ff6a791ed0a]
	(No symbol) [0x0x7ff6a7901df3]
	(No symbol) [0x0x7ff6a78d5b36]
	(No symbol) [0x0x7ff6a78d4d80]
	(No symbol) [0x0x7ff6a78d5973]
	(No symbol) [0x0x7ff6a799e4a5]
	(No symbol) [0x0x7ff6a799a75d]
	GetHandleVerifier [0x0x7ff6a7b4d2b3+226019]
	GetHandleVerifier [0x0x7ff6a7b3c481+156849]
	GetHandleVerifier [0x0x7ff6a7b44979+190889]
	GetHandleVerifier [0x0x7ff6a7b29bb4+80868]
	GetHandleVerifier [0x0x7ff6a7b29d03+81203]
	GetHandleVerifier [0x0x7ff6a7b18286+8886]
	BaseThreadInitThunk [0x0x7ff98cdee8d7+23]
	RtlUserThreadStart [0x0x7ff98e38c53c+44]

[2025-12-03T12:03:14.796579] SCRAPER skip page 11 after 5 failures; lanjut halaman berikutnya
[2025-12-03T12:03:14.799581] SCRAPER ratings fetch page 12 offset 220 failed (attempt 1/5): Message: no such window: target window already closed
from unknown error: web view not found
  (Session info: MicrosoftEdge=142.0.3595.94)
Stacktrace:
	GetHandleVerifier [0x0x7ff6a7b22a75+51877]
	GetHandleVerifier [0x0x7ff6a7b22ad4+51972]
	GetHandleVerifier [0x0x7ff6a7cd9425+1848405]
	(No symbol) [0x0x7ff6a7870e5f]
	(No symbol) [0x0x7ff6a79074ec]
	(No symbol) [0x0x7ff6a791ed0a]
	(No symbol) [0x0x7ff6a7901df3]
	(No symbol) [0x0x7ff6a78d5b36]
	(No symbol) [0x0x7ff6a78d4d80]
	(No symbol) [0x0x7ff6a78d5973]
	(No symbol) [0x0x7ff6a799e4a5]
	(No symbol) [0x0x7ff6a799a75d]
	GetHandleVerifier [0x0x7ff6a7b4d2b3+226019]
	GetHandleVerifier [0x0x7ff6a7b3c481+156849]
	GetHandleVerifier [0x0x7ff6a7b44979+190889]
	GetHandleVerifier [0x0x7ff6a7b29bb4+80868]
	GetHandleVerifier [0x0x7ff6a7b29d03+81203]
	GetHandleVerifier [0x0x7ff6a7b18286+8886]
	BaseThreadInitThunk [0x0x7ff98cdee8d7+23]
	RtlUserThreadStart [0x0x7ff98e38c53c+44]

[2025-12-03T12:03:16.645292] SCRAPER ratings fetch page 12 offset 220 failed (attempt 2/5): Message: no such window: target window already closed
from unknown error: web view not found
  (Session info: MicrosoftEdge=142.0.3595.94)
Stacktrace:
	GetHandleVerifier [0x0x7ff6a7b22a75+51877]
	GetHandleVerifier [0x0x7ff6a7b22ad4+51972]
	GetHandleVerifier [0x0x7ff6a7cd9425+1848405]
	(No symbol) [0x0x7ff6a7870e5f]
	(No symbol) [0x0x7ff6a79074ec]
	(No symbol) [0x0x7ff6a791ed0a]
	(No symbol) [0x0x7ff6a7901df3]
	(No symbol) [0x0x7ff6a78d5b36]
	(No symbol) [0x0x7ff6a78d4d80]
	(No symbol) [0x0x7ff6a78d5973]
	(No symbol) [0x0x7ff6a799e4a5]
	(No symbol) [0x0x7ff6a799a75d]
	GetHandleVerifier [0x0x7ff6a7b4d2b3+226019]
	GetHandleVerifier [0x0x7ff6a7b3c481+156849]
	GetHandleVerifier [0x0x7ff6a7b44979+190889]
	GetHandleVerifier [0x0x7ff6a7b29bb4+80868]
	GetHandleVerifier [0x0x7ff6a7b29d03+81203]
	GetHandleVerifier [0x0x7ff6a7b18286+8886]
	BaseThreadInitThunk [0x0x7ff98cdee8d7+23]
	RtlUserThreadStart [0x0x7ff98e38c53c+44]

[2025-12-03T12:03:16.802355] SCRAPER ratings fetch page 12 offset 220 failed (attempt 2/5): Message: no such window: target window already closed
from unknown error: web view not found
  (Session info: MicrosoftEdge=142.0.3595.94)
Stacktrace:
	GetHandleVerifier [0x0x7ff6a7b22a75+51877]
	GetHandleVerifier [0x0x7ff6a7b22ad4+51972]
	GetHandleVerifier [0x0x7ff6a7cd9425+1848405]
	(No symbol) [0x0x7ff6a7870e5f]
	(No symbol) [0x0x7ff6a79074ec]
	(No symbol) [0x0x7ff6a791ed0a]
	(No symbol) [0x0x7ff6a7901df3]
	(No symbol) [0x0x7ff6a78d5b36]
	(No symbol) [0x0x7ff6a78d4d80]
	(No symbol) [0x0x7ff6a78d5973]
	(No symbol) [0x0x7ff6a799e4a5]
	(No symbol) [0x0x7ff6a799a75d]
	GetHandleVerifier [0x0x7ff6a7b4d2b3+226019]
	GetHandleVerifier [0x0x7ff6a7b3c481+156849]
	GetHandleVerifier [0x0x7ff6a7b44979+190889]
	GetHandleVerifier [0x0x7ff6a7b29bb4+80868]
	GetHandleVerifier [0x0x7ff6a7b29d03+81203]
	GetHandleVerifier [0x0x7ff6a7b18286+8886]
	BaseThreadInitThunk [0x0x7ff98cdee8d7+23]
	RtlUserThreadStart [0x0x7ff98e38c53c+44]

[2025-12-03T12:03:19.664209] SCRAPER ratings fetch page 12 offset 220 failed (attempt 3/5): Message: no such window: target window already closed
from unknown error: web view not found
  (Session info: MicrosoftEdge=142.0.3595.94)
Stacktrace:
	GetHandleVerifier [0x0x7ff6a7b22a75+51877]
	GetHandleVerifier [0x0x7ff6a7b22ad4+51972]
	GetHandleVerifier [0x0x7ff6a7cd9425+1848405]
	(No symbol) [0x0x7ff6a7870e5f]
	(No symbol) [0x0x7ff6a79074ec]
	(No symbol) [0x0x7ff6a791ed0a]
	(No symbol) [0x0x7ff6a7901df3]
	(No symbol) [0x0x7ff6a78d5b36]
	(No symbol) [0x0x7ff6a78d4d80]
	(No symbol) [0x0x7ff6a78d5973]
	(No symbol) [0x0x7ff6a799e4a5]
	(No symbol) [0x0x7ff6a799a75d]
	GetHandleVerifier [0x0x7ff6a7b4d2b3+226019]
	GetHandleVerifier [0x0x7ff6a7b3c481+156849]
	GetHandleVerifier [0x0x7ff6a7b44979+190889]
	GetHandleVerifier [0x0x7ff6a7b29bb4+80868]
	GetHandleVerifier [0x0x7ff6a7b29d03+81203]
	GetHandleVerifier [0x0x7ff6a7b18286+8886]
	BaseThreadInitThunk [0x0x7ff98cdee8d7+23]
	RtlUserThreadStart [0x0x7ff98e38c53c+44]

[2025-12-03T12:03:19.805824] SCRAPER ratings fetch page 12 offset 220 failed (attempt 3/5): Message: no such window: target window already closed
from unknown error: web view not found
  (Session info: MicrosoftEdge=142.0.3595.94)
Stacktrace:
	GetHandleVerifier [0x0x7ff6a7b22a75+51877]
	GetHandleVerifier [0x0x7ff6a7b22ad4+51972]
	GetHandleVerifier [0x0x7ff6a7cd9425+1848405]
	(No symbol) [0x0x7ff6a7870e5f]
	(No symbol) [0x0x7ff6a79074ec]
	(No symbol) [0x0x7ff6a791ed0a]
	(No symbol) [0x0x7ff6a7901df3]
	(No symbol) [0x0x7ff6a78d5b36]
	(No symbol) [0x0x7ff6a78d4d80]
	(No symbol) [0x0x7ff6a78d5973]
	(No symbol) [0x0x7ff6a799e4a5]
	(No symbol) [0x0x7ff6a799a75d]
	GetHandleVerifier [0x0x7ff6a7b4d2b3+226019]
	GetHandleVerifier [0x0x7ff6a7b3c481+156849]
	GetHandleVerifier [0x0x7ff6a7b44979+190889]
	GetHandleVerifier [0x0x7ff6a7b29bb4+80868]
	GetHandleVerifier [0x0x7ff6a7b29d03+81203]
	GetHandleVerifier [0x0x7ff6a7b18286+8886]
	BaseThreadInitThunk [0x0x7ff98cdee8d7+23]
	RtlUserThreadStart [0x0x7ff98e38c53c+44]

[2025-12-03T12:03:20.089493] SCRAPER ratings fetch page 5 offset 80 failed (attempt 4/5): HTTPConnectionPool(host='localhost', port=51982): Max retries exceeded with url: /session/eb4fe145f7c374b8145393fd9d40e526/execute/sync (Caused by NewConnectionError('<urllib3.connection.HTTPConnection object at 0x000001E0B7936680>: Failed to establish a new connection: [WinError 10061] No connection could be made because the target machine actively refused it'))
[2025-12-03T12:03:23.668122] SCRAPER ratings fetch page 12 offset 220 failed (attempt 4/5): Message: no such window: target window already closed
from unknown error: web view not found
  (Session info: MicrosoftEdge=142.0.3595.94)
Stacktrace:
	GetHandleVerifier [0x0x7ff6a7b22a75+51877]
	GetHandleVerifier [0x0x7ff6a7b22ad4+51972]
	GetHandleVerifier [0x0x7ff6a7cd9425+1848405]
	(No symbol) [0x0x7ff6a7870e5f]
	(No symbol) [0x0x7ff6a79074ec]
	(No symbol) [0x0x7ff6a791ed0a]
	(No symbol) [0x0x7ff6a7901df3]
	(No symbol) [0x0x7ff6a78d5b36]
	(No symbol) [0x0x7ff6a78d4d80]
	(No symbol) [0x0x7ff6a78d5973]
	(No symbol) [0x0x7ff6a799e4a5]
	(No symbol) [0x0x7ff6a799a75d]
	GetHandleVerifier [0x0x7ff6a7b4d2b3+226019]
	GetHandleVerifier [0x0x7ff6a7b3c481+156849]
	GetHandleVerifier [0x0x7ff6a7b44979+190889]
	GetHandleVerifier [0x0x7ff6a7b29bb4+80868]
	GetHandleVerifier [0x0x7ff6a7b29d03+81203]
	GetHandleVerifier [0x0x7ff6a7b18286+8886]
	BaseThreadInitThunk [0x0x7ff98cdee8d7+23]
	RtlUserThreadStart [0x0x7ff98e38c53c+44]

[2025-12-03T12:03:23.808947] SCRAPER ratings fetch page 12 offset 220 failed (attempt 4/5): Message: no such window: target window already closed
from unknown error: web view not found
  (Session info: MicrosoftEdge=142.0.3595.94)
Stacktrace:
	GetHandleVerifier [0x0x7ff6a7b22a75+51877]
	GetHandleVerifier [0x0x7ff6a7b22ad4+51972]
	GetHandleVerifier [0x0x7ff6a7cd9425+1848405]
	(No symbol) [0x0x7ff6a7870e5f]
	(No symbol) [0x0x7ff6a79074ec]
	(No symbol) [0x0x7ff6a791ed0a]
	(No symbol) [0x0x7ff6a7901df3]
	(No symbol) [0x0x7ff6a78d5b36]
	(No symbol) [0x0x7ff6a78d4d80]
	(No symbol) [0x0x7ff6a78d5973]
	(No symbol) [0x0x7ff6a799e4a5]
	(No symbol) [0x0x7ff6a799a75d]
	GetHandleVerifier [0x0x7ff6a7b4d2b3+226019]
	GetHandleVerifier [0x0x7ff6a7b3c481+156849]
	GetHandleVerifier [0x0x7ff6a7b44979+190889]
	GetHandleVerifier [0x0x7ff6a7b29bb4+80868]
	GetHandleVerifier [0x0x7ff6a7b29d03+81203]
	GetHandleVerifier [0x0x7ff6a7b18286+8886]
	BaseThreadInitThunk [0x0x7ff98cdee8d7+23]
	RtlUserThreadStart [0x0x7ff98e38c53c+44]

[2025-12-03T12:03:28.673217] SCRAPER ratings fetch page 12 offset 220 failed (attempt 5/5): Message: no such window: target window already closed
from unknown error: web view not found
  (Session info: MicrosoftEdge=142.0.3595.94)
Stacktrace:
	GetHandleVerifier [0x0x7ff6a7b22a75+51877]
	GetHandleVerifier [0x0x7ff6a7b22ad4+51972]
	GetHandleVerifier [0x0x7ff6a7cd9425+1848405]
	(No symbol) [0x0x7ff6a7870e5f]
	(No symbol) [0x0x7ff6a79074ec]
	(No symbol) [0x0x7ff6a791ed0a]
	(No symbol) [0x0x7ff6a7901df3]
	(No symbol) [0x0x7ff6a78d5b36]
	(No symbol) [0x0x7ff6a78d4d80]
	(No symbol) [0x0x7ff6a78d5973]
	(No symbol) [0x0x7ff6a799e4a5]
	(No symbol) [0x0x7ff6a799a75d]
	GetHandleVerifier [0x0x7ff6a7b4d2b3+226019]
	GetHandleVerifier [0x0x7ff6a7b3c481+156849]
	GetHandleVerifier [0x0x7ff6a7b44979+190889]
	GetHandleVerifier [0x0x7ff6a7b29bb4+80868]
	GetHandleVerifier [0x0x7ff6a7b29d03+81203]
	GetHandleVerifier [0x0x7ff6a7b18286+8886]
	BaseThreadInitThunk [0x0x7ff98cdee8d7+23]
	RtlUserThreadStart [0x0x7ff98e38c53c+44]

[2025-12-03T12:03:28.815670] SCRAPER ratings fetch page 12 offset 220 failed (attempt 5/5): Message: no such window: target window already closed
from unknown error: web view not found
  (Session info: MicrosoftEdge=142.0.3595.94)
Stacktrace:
	GetHandleVerifier [0x0x7ff6a7b22a75+51877]
	GetHandleVerifier [0x0x7ff6a7b22ad4+51972]
	GetHandleVerifier [0x0x7ff6a7cd9425+1848405]
	(No symbol) [0x0x7ff6a7870e5f]
	(No symbol) [0x0x7ff6a79074ec]
	(No symbol) [0x0x7ff6a791ed0a]
	(No symbol) [0x0x7ff6a7901df3]
	(No symbol) [0x0x7ff6a78d5b36]
	(No symbol) [0x0x7ff6a78d4d80]
	(No symbol) [0x0x7ff6a78d5973]
	(No symbol) [0x0x7ff6a799e4a5]
	(No symbol) [0x0x7ff6a799a75d]
	GetHandleVerifier [0x0x7ff6a7b4d2b3+226019]
	GetHandleVerifier [0x0x7ff6a7b3c481+156849]
	GetHandleVerifier [0x0x7ff6a7b44979+190889]
	GetHandleVerifier [0x0x7ff6a7b29bb4+80868]
	GetHandleVerifier [0x0x7ff6a7b29d03+81203]
	GetHandleVerifier [0x0x7ff6a7b18286+8886]
	BaseThreadInitThunk [0x0x7ff98cdee8d7+23]
	RtlUserThreadStart [0x0x7ff98e38c53c+44]

[2025-12-03T12:03:33.679322] SCRAPER skip page 12 after 5 failures; lanjut halaman berikutnya
[2025-12-03T12:03:33.681391] SCRAPER ratings fetch page 13 offset 240 failed (attempt 1/5): Message: no such window: target window already closed
from unknown error: web view not found
  (Session info: MicrosoftEdge=142.0.3595.94)
Stacktrace:
	GetHandleVerifier [0x0x7ff6a7b22a75+51877]
	GetHandleVerifier [0x0x7ff6a7b22ad4+51972]
	GetHandleVerifier [0x0x7ff6a7cd9425+1848405]
	(No symbol) [0x0x7ff6a7870e5f]
	(No symbol) [0x0x7ff6a79074ec]
	(No symbol) [0x0x7ff6a791ed0a]
	(No symbol) [0x0x7ff6a7901df3]
	(No symbol) [0x0x7ff6a78d5b36]
	(No symbol) [0x0x7ff6a78d4d80]
	(No symbol) [0x0x7ff6a78d5973]
	(No symbol) [0x0x7ff6a799e4a5]
	(No symbol) [0x0x7ff6a799a75d]
	GetHandleVerifier [0x0x7ff6a7b4d2b3+226019]
	GetHandleVerifier [0x0x7ff6a7b3c481+156849]
	GetHandleVerifier [0x0x7ff6a7b44979+190889]
	GetHandleVerifier [0x0x7ff6a7b29bb4+80868]
	GetHandleVerifier [0x0x7ff6a7b29d03+81203]
	GetHandleVerifier [0x0x7ff6a7b18286+8886]
	BaseThreadInitThunk [0x0x7ff98cdee8d7+23]
	RtlUserThreadStart [0x0x7ff98e38c53c+44]

[2025-12-03T12:03:33.819791] SCRAPER skip page 12 after 5 failures; lanjut halaman berikutnya
[2025-12-03T12:03:33.823790] SCRAPER ratings fetch page 13 offset 240 failed (attempt 1/5): Message: no such window: target window already closed
from unknown error: web view not found
  (Session info: MicrosoftEdge=142.0.3595.94)
Stacktrace:
	GetHandleVerifier [0x0x7ff6a7b22a75+51877]
	GetHandleVerifier [0x0x7ff6a7b22ad4+51972]
	GetHandleVerifier [0x0x7ff6a7cd9425+1848405]
	(No symbol) [0x0x7ff6a7870e5f]
	(No symbol) [0x0x7ff6a79074ec]
	(No symbol) [0x0x7ff6a791ed0a]
	(No symbol) [0x0x7ff6a7901df3]
	(No symbol) [0x0x7ff6a78d5b36]
	(No symbol) [0x0x7ff6a78d4d80]
	(No symbol) [0x0x7ff6a78d5973]
	(No symbol) [0x0x7ff6a799e4a5]
	(No symbol) [0x0x7ff6a799a75d]
	GetHandleVerifier [0x0x7ff6a7b4d2b3+226019]
	GetHandleVerifier [0x0x7ff6a7b3c481+156849]
	GetHandleVerifier [0x0x7ff6a7b44979+190889]
	GetHandleVerifier [0x0x7ff6a7b29bb4+80868]
	GetHandleVerifier [0x0x7ff6a7b29d03+81203]
	GetHandleVerifier [0x0x7ff6a7b18286+8886]
	BaseThreadInitThunk [0x0x7ff98cdee8d7+23]
	RtlUserThreadStart [0x0x7ff98e38c53c+44]

[2025-12-03T12:03:35.695055] SCRAPER ratings fetch page 13 offset 240 failed (attempt 2/5): Message: no such window: target window already closed
from unknown error: web view not found
  (Session info: MicrosoftEdge=142.0.3595.94)
Stacktrace:
	GetHandleVerifier [0x0x7ff6a7b22a75+51877]
	GetHandleVerifier [0x0x7ff6a7b22ad4+51972]
	GetHandleVerifier [0x0x7ff6a7cd9425+1848405]
	(No symbol) [0x0x7ff6a7870e5f]
	(No symbol) [0x0x7ff6a79074ec]
	(No symbol) [0x0x7ff6a791ed0a]
	(No symbol) [0x0x7ff6a7901df3]
	(No symbol) [0x0x7ff6a78d5b36]
	(No symbol) [0x0x7ff6a78d4d80]
	(No symbol) [0x0x7ff6a78d5973]
	(No symbol) [0x0x7ff6a799e4a5]
	(No symbol) [0x0x7ff6a799a75d]
	GetHandleVerifier [0x0x7ff6a7b4d2b3+226019]
	GetHandleVerifier [0x0x7ff6a7b3c481+156849]
	GetHandleVerifier [0x0x7ff6a7b44979+190889]
	GetHandleVerifier [0x0x7ff6a7b29bb4+80868]
	GetHandleVerifier [0x0x7ff6a7b29d03+81203]
	GetHandleVerifier [0x0x7ff6a7b18286+8886]
	BaseThreadInitThunk [0x0x7ff98cdee8d7+23]
	RtlUserThreadStart [0x0x7ff98e38c53c+44]

[2025-12-03T12:03:35.836153] SCRAPER ratings fetch page 13 offset 240 failed (attempt 2/5): Message: no such window: target window already closed
from unknown error: web view not found
  (Session info: MicrosoftEdge=142.0.3595.94)
Stacktrace:
	GetHandleVerifier [0x0x7ff6a7b22a75+51877]
	GetHandleVerifier [0x0x7ff6a7b22ad4+51972]
	GetHandleVerifier [0x0x7ff6a7cd9425+1848405]
	(No symbol) [0x0x7ff6a7870e5f]
	(No symbol) [0x0x7ff6a79074ec]
	(No symbol) [0x0x7ff6a791ed0a]
	(No symbol) [0x0x7ff6a7901df3]
	(No symbol) [0x0x7ff6a78d5b36]
	(No symbol) [0x0x7ff6a78d4d80]
	(No symbol) [0x0x7ff6a78d5973]
	(No symbol) [0x0x7ff6a799e4a5]
	(No symbol) [0x0x7ff6a799a75d]
	GetHandleVerifier [0x0x7ff6a7b4d2b3+226019]
	GetHandleVerifier [0x0x7ff6a7b3c481+156849]
	GetHandleVerifier [0x0x7ff6a7b44979+190889]
	GetHandleVerifier [0x0x7ff6a7b29bb4+80868]
	GetHandleVerifier [0x0x7ff6a7b29d03+81203]
	GetHandleVerifier [0x0x7ff6a7b18286+8886]
	BaseThreadInitThunk [0x0x7ff98cdee8d7+23]
	RtlUserThreadStart [0x0x7ff98e38c53c+44]

[2025-12-03T12:03:38.707355] SCRAPER ratings fetch page 13 offset 240 failed (attempt 3/5): Message: no such window: target window already closed
from unknown error: web view not found
  (Session info: MicrosoftEdge=142.0.3595.94)
Stacktrace:
	GetHandleVerifier [0x0x7ff6a7b22a75+51877]
	GetHandleVerifier [0x0x7ff6a7b22ad4+51972]
	GetHandleVerifier [0x0x7ff6a7cd9425+1848405]
	(No symbol) [0x0x7ff6a7870e5f]
	(No symbol) [0x0x7ff6a79074ec]
	(No symbol) [0x0x7ff6a791ed0a]
	(No symbol) [0x0x7ff6a7901df3]
	(No symbol) [0x0x7ff6a78d5b36]
	(No symbol) [0x0x7ff6a78d4d80]
	(No symbol) [0x0x7ff6a78d5973]
	(No symbol) [0x0x7ff6a799e4a5]
	(No symbol) [0x0x7ff6a799a75d]
	GetHandleVerifier [0x0x7ff6a7b4d2b3+226019]
	GetHandleVerifier [0x0x7ff6a7b3c481+156849]
	GetHandleVerifier [0x0x7ff6a7b44979+190889]
	GetHandleVerifier [0x0x7ff6a7b29bb4+80868]
	GetHandleVerifier [0x0x7ff6a7b29d03+81203]
	GetHandleVerifier [0x0x7ff6a7b18286+8886]
	BaseThreadInitThunk [0x0x7ff98cdee8d7+23]
	RtlUserThreadStart [0x0x7ff98e38c53c+44]

[2025-12-03T12:03:38.848370] SCRAPER ratings fetch page 13 offset 240 failed (attempt 3/5): Message: no such window: target window already closed
from unknown error: web view not found
  (Session info: MicrosoftEdge=142.0.3595.94)
Stacktrace:
	GetHandleVerifier [0x0x7ff6a7b22a75+51877]
	GetHandleVerifier [0x0x7ff6a7b22ad4+51972]
	GetHandleVerifier [0x0x7ff6a7cd9425+1848405]
	(No symbol) [0x0x7ff6a7870e5f]
	(No symbol) [0x0x7ff6a79074ec]
	(No symbol) [0x0x7ff6a791ed0a]
	(No symbol) [0x0x7ff6a7901df3]
	(No symbol) [0x0x7ff6a78d5b36]
	(No symbol) [0x0x7ff6a78d4d80]
	(No symbol) [0x0x7ff6a78d5973]
	(No symbol) [0x0x7ff6a799e4a5]
	(No symbol) [0x0x7ff6a799a75d]
	GetHandleVerifier [0x0x7ff6a7b4d2b3+226019]
	GetHandleVerifier [0x0x7ff6a7b3c481+156849]
	GetHandleVerifier [0x0x7ff6a7b44979+190889]
	GetHandleVerifier [0x0x7ff6a7b29bb4+80868]
	GetHandleVerifier [0x0x7ff6a7b29d03+81203]
	GetHandleVerifier [0x0x7ff6a7b18286+8886]
	BaseThreadInitThunk [0x0x7ff98cdee8d7+23]
	RtlUserThreadStart [0x0x7ff98e38c53c+44]

[2025-12-03T12:03:41.335327] SCRAPER ratings fetch page 5 offset 80 failed (attempt 5/5): HTTPConnectionPool(host='localhost', port=51982): Max retries exceeded with url: /session/eb4fe145f7c374b8145393fd9d40e526/execute/sync (Caused by NewConnectionError('<urllib3.connection.HTTPConnection object at 0x000001E0B7971930>: Failed to establish a new connection: [WinError 10061] No connection could be made because the target machine actively refused it'))
[2025-12-03T12:03:42.726224] SCRAPER ratings fetch page 13 offset 240 failed (attempt 4/5): Message: no such window: target window already closed
from unknown error: web view not found
  (Session info: MicrosoftEdge=142.0.3595.94)
Stacktrace:
	GetHandleVerifier [0x0x7ff6a7b22a75+51877]
	GetHandleVerifier [0x0x7ff6a7b22ad4+51972]
	GetHandleVerifier [0x0x7ff6a7cd9425+1848405]
	(No symbol) [0x0x7ff6a7870e5f]
	(No symbol) [0x0x7ff6a79074ec]
	(No symbol) [0x0x7ff6a791ed0a]
	(No symbol) [0x0x7ff6a7901df3]
	(No symbol) [0x0x7ff6a78d5b36]
	(No symbol) [0x0x7ff6a78d4d80]
	(No symbol) [0x0x7ff6a78d5973]
	(No symbol) [0x0x7ff6a799e4a5]
	(No symbol) [0x0x7ff6a799a75d]
	GetHandleVerifier [0x0x7ff6a7b4d2b3+226019]
	GetHandleVerifier [0x0x7ff6a7b3c481+156849]
	GetHandleVerifier [0x0x7ff6a7b44979+190889]
	GetHandleVerifier [0x0x7ff6a7b29bb4+80868]
	GetHandleVerifier [0x0x7ff6a7b29d03+81203]
	GetHandleVerifier [0x0x7ff6a7b18286+8886]
	BaseThreadInitThunk [0x0x7ff98cdee8d7+23]
	RtlUserThreadStart [0x0x7ff98e38c53c+44]

[2025-12-03T12:03:42.868193] SCRAPER ratings fetch page 13 offset 240 failed (attempt 4/5): Message: no such window: target window already closed
from unknown error: web view not found
  (Session info: MicrosoftEdge=142.0.3595.94)
Stacktrace:
	GetHandleVerifier [0x0x7ff6a7b22a75+51877]
	GetHandleVerifier [0x0x7ff6a7b22ad4+51972]
	GetHandleVerifier [0x0x7ff6a7cd9425+1848405]
	(No symbol) [0x0x7ff6a7870e5f]
	(No symbol) [0x0x7ff6a79074ec]
	(No symbol) [0x0x7ff6a791ed0a]
	(No symbol) [0x0x7ff6a7901df3]
	(No symbol) [0x0x7ff6a78d5b36]
	(No symbol) [0x0x7ff6a78d4d80]
	(No symbol) [0x0x7ff6a78d5973]
	(No symbol) [0x0x7ff6a799e4a5]
	(No symbol) [0x0x7ff6a799a75d]
	GetHandleVerifier [0x0x7ff6a7b4d2b3+226019]
	GetHandleVerifier [0x0x7ff6a7b3c481+156849]
	GetHandleVerifier [0x0x7ff6a7b44979+190889]
	GetHandleVerifier [0x0x7ff6a7b29bb4+80868]
	GetHandleVerifier [0x0x7ff6a7b29d03+81203]
	GetHandleVerifier [0x0x7ff6a7b18286+8886]
	BaseThreadInitThunk [0x0x7ff98cdee8d7+23]
	RtlUserThreadStart [0x0x7ff98e38c53c+44]

[2025-12-03T12:03:46.341215] SCRAPER skip page 5 after 5 failures; lanjut halaman berikutnya
[2025-12-03T12:03:47.736856] SCRAPER ratings fetch page 13 offset 240 failed (attempt 5/5): Message: no such window: target window already closed
from unknown error: web view not found
  (Session info: MicrosoftEdge=142.0.3595.94)
Stacktrace:
	GetHandleVerifier [0x0x7ff6a7b22a75+51877]
	GetHandleVerifier [0x0x7ff6a7b22ad4+51972]
	GetHandleVerifier [0x0x7ff6a7cd9425+1848405]
	(No symbol) [0x0x7ff6a7870e5f]
	(No symbol) [0x0x7ff6a79074ec]
	(No symbol) [0x0x7ff6a791ed0a]
	(No symbol) [0x0x7ff6a7901df3]
	(No symbol) [0x0x7ff6a78d5b36]
	(No symbol) [0x0x7ff6a78d4d80]
	(No symbol) [0x0x7ff6a78d5973]
	(No symbol) [0x0x7ff6a799e4a5]
	(No symbol) [0x0x7ff6a799a75d]
	GetHandleVerifier [0x0x7ff6a7b4d2b3+226019]
	GetHandleVerifier [0x0x7ff6a7b3c481+156849]
	GetHandleVerifier [0x0x7ff6a7b44979+190889]
	GetHandleVerifier [0x0x7ff6a7b29bb4+80868]
	GetHandleVerifier [0x0x7ff6a7b29d03+81203]
	GetHandleVerifier [0x0x7ff6a7b18286+8886]
	BaseThreadInitThunk [0x0x7ff98cdee8d7+23]
	RtlUserThreadStart [0x0x7ff98e38c53c+44]

[2025-12-03T12:03:47.877342] SCRAPER ratings fetch page 13 offset 240 failed (attempt 5/5): Message: no such window: target window already closed
from unknown error: web view not found
  (Session info: MicrosoftEdge=142.0.3595.94)
Stacktrace:
	GetHandleVerifier [0x0x7ff6a7b22a75+51877]
	GetHandleVerifier [0x0x7ff6a7b22ad4+51972]
	GetHandleVerifier [0x0x7ff6a7cd9425+1848405]
	(No symbol) [0x0x7ff6a7870e5f]
	(No symbol) [0x0x7ff6a79074ec]
	(No symbol) [0x0x7ff6a791ed0a]
	(No symbol) [0x0x7ff6a7901df3]
	(No symbol) [0x0x7ff6a78d5b36]
	(No symbol) [0x0x7ff6a78d4d80]
	(No symbol) [0x0x7ff6a78d5973]
	(No symbol) [0x0x7ff6a799e4a5]
	(No symbol) [0x0x7ff6a799a75d]
	GetHandleVerifier [0x0x7ff6a7b4d2b3+226019]
	GetHandleVerifier [0x0x7ff6a7b3c481+156849]
	GetHandleVerifier [0x0x7ff6a7b44979+190889]
	GetHandleVerifier [0x0x7ff6a7b29bb4+80868]
	GetHandleVerifier [0x0x7ff6a7b29d03+81203]
	GetHandleVerifier [0x0x7ff6a7b18286+8886]
	BaseThreadInitThunk [0x0x7ff98cdee8d7+23]
	RtlUserThreadStart [0x0x7ff98e38c53c+44]

[2025-12-03T12:03:52.740037] SCRAPER skip page 13 after 5 failures; lanjut halaman berikutnya
[2025-12-03T12:03:52.742936] SCRAPER ratings fetch page 14 offset 260 failed (attempt 1/5): Message: no such window: target window already closed
from unknown error: web view not found
  (Session info: MicrosoftEdge=142.0.3595.94)
Stacktrace:
	GetHandleVerifier [0x0x7ff6a7b22a75+51877]
	GetHandleVerifier [0x0x7ff6a7b22ad4+51972]
	GetHandleVerifier [0x0x7ff6a7cd9425+1848405]
	(No symbol) [0x0x7ff6a7870e5f]
	(No symbol) [0x0x7ff6a79074ec]
	(No symbol) [0x0x7ff6a791ed0a]
	(No symbol) [0x0x7ff6a7901df3]
	(No symbol) [0x0x7ff6a78d5b36]
	(No symbol) [0x0x7ff6a78d4d80]
	(No symbol) [0x0x7ff6a78d5973]
	(No symbol) [0x0x7ff6a799e4a5]
	(No symbol) [0x0x7ff6a799a75d]
	GetHandleVerifier [0x0x7ff6a7b4d2b3+226019]
	GetHandleVerifier [0x0x7ff6a7b3c481+156849]
	GetHandleVerifier [0x0x7ff6a7b44979+190889]
	GetHandleVerifier [0x0x7ff6a7b29bb4+80868]
	GetHandleVerifier [0x0x7ff6a7b29d03+81203]
	GetHandleVerifier [0x0x7ff6a7b18286+8886]
	BaseThreadInitThunk [0x0x7ff98cdee8d7+23]
	RtlUserThreadStart [0x0x7ff98e38c53c+44]

[2025-12-03T12:03:52.881108] SCRAPER skip page 13 after 5 failures; lanjut halaman berikutnya
[2025-12-03T12:03:52.886454] SCRAPER ratings fetch page 14 offset 260 failed (attempt 1/5): Message: no such window: target window already closed
from unknown error: web view not found
  (Session info: MicrosoftEdge=142.0.3595.94)
Stacktrace:
	GetHandleVerifier [0x0x7ff6a7b22a75+51877]
	GetHandleVerifier [0x0x7ff6a7b22ad4+51972]
	GetHandleVerifier [0x0x7ff6a7cd9425+1848405]
	(No symbol) [0x0x7ff6a7870e5f]
	(No symbol) [0x0x7ff6a79074ec]
	(No symbol) [0x0x7ff6a791ed0a]
	(No symbol) [0x0x7ff6a7901df3]
	(No symbol) [0x0x7ff6a78d5b36]
	(No symbol) [0x0x7ff6a78d4d80]
	(No symbol) [0x0x7ff6a78d5973]
	(No symbol) [0x0x7ff6a799e4a5]
	(No symbol) [0x0x7ff6a799a75d]
	GetHandleVerifier [0x0x7ff6a7b4d2b3+226019]
	GetHandleVerifier [0x0x7ff6a7b3c481+156849]
	GetHandleVerifier [0x0x7ff6a7b44979+190889]
	GetHandleVerifier [0x0x7ff6a7b29bb4+80868]
	GetHandleVerifier [0x0x7ff6a7b29d03+81203]
	GetHandleVerifier [0x0x7ff6a7b18286+8886]
	BaseThreadInitThunk [0x0x7ff98cdee8d7+23]
	RtlUserThreadStart [0x0x7ff98e38c53c+44]

[2025-12-03T12:03:54.748462] SCRAPER ratings fetch page 14 offset 260 failed (attempt 2/5): Message: no such window: target window already closed
from unknown error: web view not found
  (Session info: MicrosoftEdge=142.0.3595.94)
Stacktrace:
	GetHandleVerifier [0x0x7ff6a7b22a75+51877]
	GetHandleVerifier [0x0x7ff6a7b22ad4+51972]
	GetHandleVerifier [0x0x7ff6a7cd9425+1848405]
	(No symbol) [0x0x7ff6a7870e5f]
	(No symbol) [0x0x7ff6a79074ec]
	(No symbol) [0x0x7ff6a791ed0a]
	(No symbol) [0x0x7ff6a7901df3]
	(No symbol) [0x0x7ff6a78d5b36]
	(No symbol) [0x0x7ff6a78d4d80]
	(No symbol) [0x0x7ff6a78d5973]
	(No symbol) [0x0x7ff6a799e4a5]
	(No symbol) [0x0x7ff6a799a75d]
	GetHandleVerifier [0x0x7ff6a7b4d2b3+226019]
	GetHandleVerifier [0x0x7ff6a7b3c481+156849]
	GetHandleVerifier [0x0x7ff6a7b44979+190889]
	GetHandleVerifier [0x0x7ff6a7b29bb4+80868]
	GetHandleVerifier [0x0x7ff6a7b29d03+81203]
	GetHandleVerifier [0x0x7ff6a7b18286+8886]
	BaseThreadInitThunk [0x0x7ff98cdee8d7+23]
	RtlUserThreadStart [0x0x7ff98e38c53c+44]

[2025-12-03T12:03:54.904324] SCRAPER ratings fetch page 14 offset 260 failed (attempt 2/5): Message: no such window: target window already closed
from unknown error: web view not found
  (Session info: MicrosoftEdge=142.0.3595.94)
Stacktrace:
	GetHandleVerifier [0x0x7ff6a7b22a75+51877]
	GetHandleVerifier [0x0x7ff6a7b22ad4+51972]
	GetHandleVerifier [0x0x7ff6a7cd9425+1848405]
	(No symbol) [0x0x7ff6a7870e5f]
	(No symbol) [0x0x7ff6a79074ec]
	(No symbol) [0x0x7ff6a791ed0a]
	(No symbol) [0x0x7ff6a7901df3]
	(No symbol) [0x0x7ff6a78d5b36]
	(No symbol) [0x0x7ff6a78d4d80]
	(No symbol) [0x0x7ff6a78d5973]
	(No symbol) [0x0x7ff6a799e4a5]
	(No symbol) [0x0x7ff6a799a75d]
	GetHandleVerifier [0x0x7ff6a7b4d2b3+226019]
	GetHandleVerifier [0x0x7ff6a7b3c481+156849]
	GetHandleVerifier [0x0x7ff6a7b44979+190889]
	GetHandleVerifier [0x0x7ff6a7b29bb4+80868]
	GetHandleVerifier [0x0x7ff6a7b29d03+81203]
	GetHandleVerifier [0x0x7ff6a7b18286+8886]
	BaseThreadInitThunk [0x0x7ff98cdee8d7+23]
	RtlUserThreadStart [0x0x7ff98e38c53c+44]

[2025-12-03T12:03:57.766927] SCRAPER ratings fetch page 14 offset 260 failed (attempt 3/5): Message: no such window: target window already closed
from unknown error: web view not found
  (Session info: MicrosoftEdge=142.0.3595.94)
Stacktrace:
	GetHandleVerifier [0x0x7ff6a7b22a75+51877]
	GetHandleVerifier [0x0x7ff6a7b22ad4+51972]
	GetHandleVerifier [0x0x7ff6a7cd9425+1848405]
	(No symbol) [0x0x7ff6a7870e5f]
	(No symbol) [0x0x7ff6a79074ec]
	(No symbol) [0x0x7ff6a791ed0a]
	(No symbol) [0x0x7ff6a7901df3]
	(No symbol) [0x0x7ff6a78d5b36]
	(No symbol) [0x0x7ff6a78d4d80]
	(No symbol) [0x0x7ff6a78d5973]
	(No symbol) [0x0x7ff6a799e4a5]
	(No symbol) [0x0x7ff6a799a75d]
	GetHandleVerifier [0x0x7ff6a7b4d2b3+226019]
	GetHandleVerifier [0x0x7ff6a7b3c481+156849]
	GetHandleVerifier [0x0x7ff6a7b44979+190889]
	GetHandleVerifier [0x0x7ff6a7b29bb4+80868]
	GetHandleVerifier [0x0x7ff6a7b29d03+81203]
	GetHandleVerifier [0x0x7ff6a7b18286+8886]
	BaseThreadInitThunk [0x0x7ff98cdee8d7+23]
	RtlUserThreadStart [0x0x7ff98e38c53c+44]

[2025-12-03T12:03:57.922659] SCRAPER ratings fetch page 14 offset 260 failed (attempt 3/5): Message: no such window: target window already closed
from unknown error: web view not found
  (Session info: MicrosoftEdge=142.0.3595.94)
Stacktrace:
	GetHandleVerifier [0x0x7ff6a7b22a75+51877]
	GetHandleVerifier [0x0x7ff6a7b22ad4+51972]
	GetHandleVerifier [0x0x7ff6a7cd9425+1848405]
	(No symbol) [0x0x7ff6a7870e5f]
	(No symbol) [0x0x7ff6a79074ec]
	(No symbol) [0x0x7ff6a791ed0a]
	(No symbol) [0x0x7ff6a7901df3]
	(No symbol) [0x0x7ff6a78d5b36]
	(No symbol) [0x0x7ff6a78d4d80]
	(No symbol) [0x0x7ff6a78d5973]
	(No symbol) [0x0x7ff6a799e4a5]
	(No symbol) [0x0x7ff6a799a75d]
	GetHandleVerifier [0x0x7ff6a7b4d2b3+226019]
	GetHandleVerifier [0x0x7ff6a7b3c481+156849]
	GetHandleVerifier [0x0x7ff6a7b44979+190889]
	GetHandleVerifier [0x0x7ff6a7b29bb4+80868]
	GetHandleVerifier [0x0x7ff6a7b29d03+81203]
	GetHandleVerifier [0x0x7ff6a7b18286+8886]
	BaseThreadInitThunk [0x0x7ff98cdee8d7+23]
	RtlUserThreadStart [0x0x7ff98e38c53c+44]

[2025-12-03T12:04:01.786790] SCRAPER ratings fetch page 14 offset 260 failed (attempt 4/5): Message: no such window: target window already closed
from unknown error: web view not found
  (Session info: MicrosoftEdge=142.0.3595.94)
Stacktrace:
	GetHandleVerifier [0x0x7ff6a7b22a75+51877]
	GetHandleVerifier [0x0x7ff6a7b22ad4+51972]
	GetHandleVerifier [0x0x7ff6a7cd9425+1848405]
	(No symbol) [0x0x7ff6a7870e5f]
	(No symbol) [0x0x7ff6a79074ec]
	(No symbol) [0x0x7ff6a791ed0a]
	(No symbol) [0x0x7ff6a7901df3]
	(No symbol) [0x0x7ff6a78d5b36]
	(No symbol) [0x0x7ff6a78d4d80]
	(No symbol) [0x0x7ff6a78d5973]
	(No symbol) [0x0x7ff6a799e4a5]
	(No symbol) [0x0x7ff6a799a75d]
	GetHandleVerifier [0x0x7ff6a7b4d2b3+226019]
	GetHandleVerifier [0x0x7ff6a7b3c481+156849]
	GetHandleVerifier [0x0x7ff6a7b44979+190889]
	GetHandleVerifier [0x0x7ff6a7b29bb4+80868]
	GetHandleVerifier [0x0x7ff6a7b29d03+81203]
	GetHandleVerifier [0x0x7ff6a7b18286+8886]
	BaseThreadInitThunk [0x0x7ff98cdee8d7+23]
	RtlUserThreadStart [0x0x7ff98e38c53c+44]

[2025-12-03T12:04:01.927453] SCRAPER ratings fetch page 14 offset 260 failed (attempt 4/5): Message: no such window: target window already closed
from unknown error: web view not found
  (Session info: MicrosoftEdge=142.0.3595.94)
Stacktrace:
	GetHandleVerifier [0x0x7ff6a7b22a75+51877]
	GetHandleVerifier [0x0x7ff6a7b22ad4+51972]
	GetHandleVerifier [0x0x7ff6a7cd9425+1848405]
	(No symbol) [0x0x7ff6a7870e5f]
	(No symbol) [0x0x7ff6a79074ec]
	(No symbol) [0x0x7ff6a791ed0a]
	(No symbol) [0x0x7ff6a7901df3]
	(No symbol) [0x0x7ff6a78d5b36]
	(No symbol) [0x0x7ff6a78d4d80]
	(No symbol) [0x0x7ff6a78d5973]
	(No symbol) [0x0x7ff6a799e4a5]
	(No symbol) [0x0x7ff6a799a75d]
	GetHandleVerifier [0x0x7ff6a7b4d2b3+226019]
	GetHandleVerifier [0x0x7ff6a7b3c481+156849]
	GetHandleVerifier [0x0x7ff6a7b44979+190889]
	GetHandleVerifier [0x0x7ff6a7b29bb4+80868]
	GetHandleVerifier [0x0x7ff6a7b29d03+81203]
	GetHandleVerifier [0x0x7ff6a7b18286+8886]
	BaseThreadInitThunk [0x0x7ff98cdee8d7+23]
	RtlUserThreadStart [0x0x7ff98e38c53c+44]

[2025-12-03T12:04:02.621471] SCRAPER ratings fetch page 6 offset 100 failed (attempt 1/5): HTTPConnectionPool(host='localhost', port=51982): Max retries exceeded with url: /session/eb4fe145f7c374b8145393fd9d40e526/execute/sync (Caused by NewConnectionError('<urllib3.connection.HTTPConnection object at 0x000001E0B79CD3C0>: Failed to establish a new connection: [WinError 10061] No connection could be made because the target machine actively refused it'))
[2025-12-03T12:04:06.792431] SCRAPER ratings fetch page 14 offset 260 failed (attempt 5/5): Message: no such window: target window already closed
from unknown error: web view not found
  (Session info: MicrosoftEdge=142.0.3595.94)
Stacktrace:
	GetHandleVerifier [0x0x7ff6a7b22a75+51877]
	GetHandleVerifier [0x0x7ff6a7b22ad4+51972]
	GetHandleVerifier [0x0x7ff6a7cd9425+1848405]
	(No symbol) [0x0x7ff6a7870e5f]
	(No symbol) [0x0x7ff6a79074ec]
	(No symbol) [0x0x7ff6a791ed0a]
	(No symbol) [0x0x7ff6a7901df3]
	(No symbol) [0x0x7ff6a78d5b36]
	(No symbol) [0x0x7ff6a78d4d80]
	(No symbol) [0x0x7ff6a78d5973]
	(No symbol) [0x0x7ff6a799e4a5]
	(No symbol) [0x0x7ff6a799a75d]
	GetHandleVerifier [0x0x7ff6a7b4d2b3+226019]
	GetHandleVerifier [0x0x7ff6a7b3c481+156849]
	GetHandleVerifier [0x0x7ff6a7b44979+190889]
	GetHandleVerifier [0x0x7ff6a7b29bb4+80868]
	GetHandleVerifier [0x0x7ff6a7b29d03+81203]
	GetHandleVerifier [0x0x7ff6a7b18286+8886]
	BaseThreadInitThunk [0x0x7ff98cdee8d7+23]
	RtlUserThreadStart [0x0x7ff98e38c53c+44]

[2025-12-03T12:04:06.937148] SCRAPER ratings fetch page 14 offset 260 failed (attempt 5/5): Message: no such window: target window already closed
from unknown error: web view not found
  (Session info: MicrosoftEdge=142.0.3595.94)
Stacktrace:
	GetHandleVerifier [0x0x7ff6a7b22a75+51877]
	GetHandleVerifier [0x0x7ff6a7b22ad4+51972]
	GetHandleVerifier [0x0x7ff6a7cd9425+1848405]
	(No symbol) [0x0x7ff6a7870e5f]
	(No symbol) [0x0x7ff6a79074ec]
	(No symbol) [0x0x7ff6a791ed0a]
	(No symbol) [0x0x7ff6a7901df3]
	(No symbol) [0x0x7ff6a78d5b36]
	(No symbol) [0x0x7ff6a78d4d80]
	(No symbol) [0x0x7ff6a78d5973]
	(No symbol) [0x0x7ff6a799e4a5]
	(No symbol) [0x0x7ff6a799a75d]
	GetHandleVerifier [0x0x7ff6a7b4d2b3+226019]
	GetHandleVerifier [0x0x7ff6a7b3c481+156849]
	GetHandleVerifier [0x0x7ff6a7b44979+190889]
	GetHandleVerifier [0x0x7ff6a7b29bb4+80868]
	GetHandleVerifier [0x0x7ff6a7b29d03+81203]
	GetHandleVerifier [0x0x7ff6a7b18286+8886]
	BaseThreadInitThunk [0x0x7ff98cdee8d7+23]
	RtlUserThreadStart [0x0x7ff98e38c53c+44]

[2025-12-03T12:04:11.807558] SCRAPER skip page 14 after 5 failures; lanjut halaman berikutnya
[2025-12-03T12:04:11.810555] SCRAPER ratings fetch page 15 offset 280 failed (attempt 1/5): Message: no such window: target window already closed
from unknown error: web view not found
  (Session info: MicrosoftEdge=142.0.3595.94)
Stacktrace:
	GetHandleVerifier [0x0x7ff6a7b22a75+51877]
	GetHandleVerifier [0x0x7ff6a7b22ad4+51972]
	GetHandleVerifier [0x0x7ff6a7cd9425+1848405]
	(No symbol) [0x0x7ff6a7870e5f]
	(No symbol) [0x0x7ff6a79074ec]
	(No symbol) [0x0x7ff6a791ed0a]
	(No symbol) [0x0x7ff6a7901df3]
	(No symbol) [0x0x7ff6a78d5b36]
	(No symbol) [0x0x7ff6a78d4d80]
	(No symbol) [0x0x7ff6a78d5973]
	(No symbol) [0x0x7ff6a799e4a5]
	(No symbol) [0x0x7ff6a799a75d]
	GetHandleVerifier [0x0x7ff6a7b4d2b3+226019]
	GetHandleVerifier [0x0x7ff6a7b3c481+156849]
	GetHandleVerifier [0x0x7ff6a7b44979+190889]
	GetHandleVerifier [0x0x7ff6a7b29bb4+80868]
	GetHandleVerifier [0x0x7ff6a7b29d03+81203]
	GetHandleVerifier [0x0x7ff6a7b18286+8886]
	BaseThreadInitThunk [0x0x7ff98cdee8d7+23]
	RtlUserThreadStart [0x0x7ff98e38c53c+44]

[2025-12-03T12:04:11.949496] SCRAPER skip page 14 after 5 failures; lanjut halaman berikutnya
[2025-12-03T12:04:11.952384] SCRAPER ratings fetch page 15 offset 280 failed (attempt 1/5): Message: no such window: target window already closed
from unknown error: web view not found
  (Session info: MicrosoftEdge=142.0.3595.94)
Stacktrace:
	GetHandleVerifier [0x0x7ff6a7b22a75+51877]
	GetHandleVerifier [0x0x7ff6a7b22ad4+51972]
	GetHandleVerifier [0x0x7ff6a7cd9425+1848405]
	(No symbol) [0x0x7ff6a7870e5f]
	(No symbol) [0x0x7ff6a79074ec]
	(No symbol) [0x0x7ff6a791ed0a]
	(No symbol) [0x0x7ff6a7901df3]
	(No symbol) [0x0x7ff6a78d5b36]
	(No symbol) [0x0x7ff6a78d4d80]
	(No symbol) [0x0x7ff6a78d5973]
	(No symbol) [0x0x7ff6a799e4a5]
	(No symbol) [0x0x7ff6a799a75d]
	GetHandleVerifier [0x0x7ff6a7b4d2b3+226019]
	GetHandleVerifier [0x0x7ff6a7b3c481+156849]
	GetHandleVerifier [0x0x7ff6a7b44979+190889]
	GetHandleVerifier [0x0x7ff6a7b29bb4+80868]
	GetHandleVerifier [0x0x7ff6a7b29d03+81203]
	GetHandleVerifier [0x0x7ff6a7b18286+8886]
	BaseThreadInitThunk [0x0x7ff98cdee8d7+23]
	RtlUserThreadStart [0x0x7ff98e38c53c+44]

[2025-12-03T12:04:13.819855] SCRAPER ratings fetch page 15 offset 280 failed (attempt 2/5): Message: no such window: target window already closed
from unknown error: web view not found
  (Session info: MicrosoftEdge=142.0.3595.94)
Stacktrace:
	GetHandleVerifier [0x0x7ff6a7b22a75+51877]
	GetHandleVerifier [0x0x7ff6a7b22ad4+51972]
	GetHandleVerifier [0x0x7ff6a7cd9425+1848405]
	(No symbol) [0x0x7ff6a7870e5f]
	(No symbol) [0x0x7ff6a79074ec]
	(No symbol) [0x0x7ff6a791ed0a]
	(No symbol) [0x0x7ff6a7901df3]
	(No symbol) [0x0x7ff6a78d5b36]
	(No symbol) [0x0x7ff6a78d4d80]
	(No symbol) [0x0x7ff6a78d5973]
	(No symbol) [0x0x7ff6a799e4a5]
	(No symbol) [0x0x7ff6a799a75d]
	GetHandleVerifier [0x0x7ff6a7b4d2b3+226019]
	GetHandleVerifier [0x0x7ff6a7b3c481+156849]
	GetHandleVerifier [0x0x7ff6a7b44979+190889]
	GetHandleVerifier [0x0x7ff6a7b29bb4+80868]
	GetHandleVerifier [0x0x7ff6a7b29d03+81203]
	GetHandleVerifier [0x0x7ff6a7b18286+8886]
	BaseThreadInitThunk [0x0x7ff98cdee8d7+23]
	RtlUserThreadStart [0x0x7ff98e38c53c+44]

[2025-12-03T12:04:13.960955] SCRAPER ratings fetch page 15 offset 280 failed (attempt 2/5): Message: no such window: target window already closed
from unknown error: web view not found
  (Session info: MicrosoftEdge=142.0.3595.94)
Stacktrace:
	GetHandleVerifier [0x0x7ff6a7b22a75+51877]
	GetHandleVerifier [0x0x7ff6a7b22ad4+51972]
	GetHandleVerifier [0x0x7ff6a7cd9425+1848405]
	(No symbol) [0x0x7ff6a7870e5f]
	(No symbol) [0x0x7ff6a79074ec]
	(No symbol) [0x0x7ff6a791ed0a]
	(No symbol) [0x0x7ff6a7901df3]
	(No symbol) [0x0x7ff6a78d5b36]
	(No symbol) [0x0x7ff6a78d4d80]
	(No symbol) [0x0x7ff6a78d5973]
	(No symbol) [0x0x7ff6a799e4a5]
	(No symbol) [0x0x7ff6a799a75d]
	GetHandleVerifier [0x0x7ff6a7b4d2b3+226019]
	GetHandleVerifier [0x0x7ff6a7b3c481+156849]
	GetHandleVerifier [0x0x7ff6a7b44979+190889]
	GetHandleVerifier [0x0x7ff6a7b29bb4+80868]
	GetHandleVerifier [0x0x7ff6a7b29d03+81203]
	GetHandleVerifier [0x0x7ff6a7b18286+8886]
	BaseThreadInitThunk [0x0x7ff98cdee8d7+23]
	RtlUserThreadStart [0x0x7ff98e38c53c+44]

[2025-12-03T12:04:16.824167] SCRAPER ratings fetch page 15 offset 280 failed (attempt 3/5): Message: no such window: target window already closed
from unknown error: web view not found
  (Session info: MicrosoftEdge=142.0.3595.94)
Stacktrace:
	GetHandleVerifier [0x0x7ff6a7b22a75+51877]
	GetHandleVerifier [0x0x7ff6a7b22ad4+51972]
	GetHandleVerifier [0x0x7ff6a7cd9425+1848405]
	(No symbol) [0x0x7ff6a7870e5f]
	(No symbol) [0x0x7ff6a79074ec]
	(No symbol) [0x0x7ff6a791ed0a]
	(No symbol) [0x0x7ff6a7901df3]
	(No symbol) [0x0x7ff6a78d5b36]
	(No symbol) [0x0x7ff6a78d4d80]
	(No symbol) [0x0x7ff6a78d5973]
	(No symbol) [0x0x7ff6a799e4a5]
	(No symbol) [0x0x7ff6a799a75d]
	GetHandleVerifier [0x0x7ff6a7b4d2b3+226019]
	GetHandleVerifier [0x0x7ff6a7b3c481+156849]
	GetHandleVerifier [0x0x7ff6a7b44979+190889]
	GetHandleVerifier [0x0x7ff6a7b29bb4+80868]
	GetHandleVerifier [0x0x7ff6a7b29d03+81203]
	GetHandleVerifier [0x0x7ff6a7b18286+8886]
	BaseThreadInitThunk [0x0x7ff98cdee8d7+23]
	RtlUserThreadStart [0x0x7ff98e38c53c+44]

[2025-12-03T12:04:16.965499] SCRAPER ratings fetch page 15 offset 280 failed (attempt 3/5): Message: no such window: target window already closed
from unknown error: web view not found
  (Session info: MicrosoftEdge=142.0.3595.94)
Stacktrace:
	GetHandleVerifier [0x0x7ff6a7b22a75+51877]
	GetHandleVerifier [0x0x7ff6a7b22ad4+51972]
	GetHandleVerifier [0x0x7ff6a7cd9425+1848405]
	(No symbol) [0x0x7ff6a7870e5f]
	(No symbol) [0x0x7ff6a79074ec]
	(No symbol) [0x0x7ff6a791ed0a]
	(No symbol) [0x0x7ff6a7901df3]
	(No symbol) [0x0x7ff6a78d5b36]
	(No symbol) [0x0x7ff6a78d4d80]
	(No symbol) [0x0x7ff6a78d5973]
	(No symbol) [0x0x7ff6a799e4a5]
	(No symbol) [0x0x7ff6a799a75d]
	GetHandleVerifier [0x0x7ff6a7b4d2b3+226019]
	GetHandleVerifier [0x0x7ff6a7b3c481+156849]
	GetHandleVerifier [0x0x7ff6a7b44979+190889]
	GetHandleVerifier [0x0x7ff6a7b29bb4+80868]
	GetHandleVerifier [0x0x7ff6a7b29d03+81203]
	GetHandleVerifier [0x0x7ff6a7b18286+8886]
	BaseThreadInitThunk [0x0x7ff98cdee8d7+23]
	RtlUserThreadStart [0x0x7ff98e38c53c+44]

[2025-12-03T12:04:20.838944] SCRAPER ratings fetch page 15 offset 280 failed (attempt 4/5): Message: no such window: target window already closed
from unknown error: web view not found
  (Session info: MicrosoftEdge=142.0.3595.94)
Stacktrace:
	GetHandleVerifier [0x0x7ff6a7b22a75+51877]
	GetHandleVerifier [0x0x7ff6a7b22ad4+51972]
	GetHandleVerifier [0x0x7ff6a7cd9425+1848405]
	(No symbol) [0x0x7ff6a7870e5f]
	(No symbol) [0x0x7ff6a79074ec]
	(No symbol) [0x0x7ff6a791ed0a]
	(No symbol) [0x0x7ff6a7901df3]
	(No symbol) [0x0x7ff6a78d5b36]
	(No symbol) [0x0x7ff6a78d4d80]
	(No symbol) [0x0x7ff6a78d5973]
	(No symbol) [0x0x7ff6a799e4a5]
	(No symbol) [0x0x7ff6a799a75d]
	GetHandleVerifier [0x0x7ff6a7b4d2b3+226019]
	GetHandleVerifier [0x0x7ff6a7b3c481+156849]
	GetHandleVerifier [0x0x7ff6a7b44979+190889]
	GetHandleVerifier [0x0x7ff6a7b29bb4+80868]
	GetHandleVerifier [0x0x7ff6a7b29d03+81203]
	GetHandleVerifier [0x0x7ff6a7b18286+8886]
	BaseThreadInitThunk [0x0x7ff98cdee8d7+23]
	RtlUserThreadStart [0x0x7ff98e38c53c+44]

[2025-12-03T12:04:20.898332] SCRAPER ratings fetch page 6 offset 100 failed (attempt 2/5): HTTPConnectionPool(host='localhost', port=51982): Max retries exceeded with url: /session/eb4fe145f7c374b8145393fd9d40e526/execute/sync (Caused by NewConnectionError('<urllib3.connection.HTTPConnection object at 0x000001E099333100>: Failed to establish a new connection: [WinError 10061] No connection could be made because the target machine actively refused it'))
[2025-12-03T12:04:20.980630] SCRAPER ratings fetch page 15 offset 280 failed (attempt 4/5): Message: no such window: target window already closed
from unknown error: web view not found
  (Session info: MicrosoftEdge=142.0.3595.94)
Stacktrace:
	GetHandleVerifier [0x0x7ff6a7b22a75+51877]
	GetHandleVerifier [0x0x7ff6a7b22ad4+51972]
	GetHandleVerifier [0x0x7ff6a7cd9425+1848405]
	(No symbol) [0x0x7ff6a7870e5f]
	(No symbol) [0x0x7ff6a79074ec]
	(No symbol) [0x0x7ff6a791ed0a]
	(No symbol) [0x0x7ff6a7901df3]
	(No symbol) [0x0x7ff6a78d5b36]
	(No symbol) [0x0x7ff6a78d4d80]
	(No symbol) [0x0x7ff6a78d5973]
	(No symbol) [0x0x7ff6a799e4a5]
	(No symbol) [0x0x7ff6a799a75d]
	GetHandleVerifier [0x0x7ff6a7b4d2b3+226019]
	GetHandleVerifier [0x0x7ff6a7b3c481+156849]
	GetHandleVerifier [0x0x7ff6a7b44979+190889]
	GetHandleVerifier [0x0x7ff6a7b29bb4+80868]
	GetHandleVerifier [0x0x7ff6a7b29d03+81203]
	GetHandleVerifier [0x0x7ff6a7b18286+8886]
	BaseThreadInitThunk [0x0x7ff98cdee8d7+23]
	RtlUserThreadStart [0x0x7ff98e38c53c+44]

[2025-12-03T12:04:25.851167] SCRAPER ratings fetch page 15 offset 280 failed (attempt 5/5): Message: no such window: target window already closed
from unknown error: web view not found
  (Session info: MicrosoftEdge=142.0.3595.94)
Stacktrace:
	GetHandleVerifier [0x0x7ff6a7b22a75+51877]
	GetHandleVerifier [0x0x7ff6a7b22ad4+51972]
	GetHandleVerifier [0x0x7ff6a7cd9425+1848405]
	(No symbol) [0x0x7ff6a7870e5f]
	(No symbol) [0x0x7ff6a79074ec]
	(No symbol) [0x0x7ff6a791ed0a]
	(No symbol) [0x0x7ff6a7901df3]
	(No symbol) [0x0x7ff6a78d5b36]
	(No symbol) [0x0x7ff6a78d4d80]
	(No symbol) [0x0x7ff6a78d5973]
	(No symbol) [0x0x7ff6a799e4a5]
	(No symbol) [0x0x7ff6a799a75d]
	GetHandleVerifier [0x0x7ff6a7b4d2b3+226019]
	GetHandleVerifier [0x0x7ff6a7b3c481+156849]
	GetHandleVerifier [0x0x7ff6a7b44979+190889]
	GetHandleVerifier [0x0x7ff6a7b29bb4+80868]
	GetHandleVerifier [0x0x7ff6a7b29d03+81203]
	GetHandleVerifier [0x0x7ff6a7b18286+8886]
	BaseThreadInitThunk [0x0x7ff98cdee8d7+23]
	RtlUserThreadStart [0x0x7ff98e38c53c+44]

[2025-12-03T12:04:25.989091] SCRAPER ratings fetch page 15 offset 280 failed (attempt 5/5): Message: no such window: target window already closed
from unknown error: web view not found
  (Session info: MicrosoftEdge=142.0.3595.94)
Stacktrace:
	GetHandleVerifier [0x0x7ff6a7b22a75+51877]
	GetHandleVerifier [0x0x7ff6a7b22ad4+51972]
	GetHandleVerifier [0x0x7ff6a7cd9425+1848405]
	(No symbol) [0x0x7ff6a7870e5f]
	(No symbol) [0x0x7ff6a79074ec]
	(No symbol) [0x0x7ff6a791ed0a]
	(No symbol) [0x0x7ff6a7901df3]
	(No symbol) [0x0x7ff6a78d5b36]
	(No symbol) [0x0x7ff6a78d4d80]
	(No symbol) [0x0x7ff6a78d5973]
	(No symbol) [0x0x7ff6a799e4a5]
	(No symbol) [0x0x7ff6a799a75d]
	GetHandleVerifier [0x0x7ff6a7b4d2b3+226019]
	GetHandleVerifier [0x0x7ff6a7b3c481+156849]
	GetHandleVerifier [0x0x7ff6a7b44979+190889]
	GetHandleVerifier [0x0x7ff6a7b29bb4+80868]
	GetHandleVerifier [0x0x7ff6a7b29d03+81203]
	GetHandleVerifier [0x0x7ff6a7b18286+8886]
	BaseThreadInitThunk [0x0x7ff98cdee8d7+23]
	RtlUserThreadStart [0x0x7ff98e38c53c+44]

[2025-12-03T12:04:30.856760] SCRAPER skip page 15 after 5 failures; lanjut halaman berikutnya
[2025-12-03T12:04:30.860820] SCRAPER ratings fetch page 16 offset 300 failed (attempt 1/5): Message: no such window: target window already closed
from unknown error: web view not found
  (Session info: MicrosoftEdge=142.0.3595.94)
Stacktrace:
	GetHandleVerifier [0x0x7ff6a7b22a75+51877]
	GetHandleVerifier [0x0x7ff6a7b22ad4+51972]
	GetHandleVerifier [0x0x7ff6a7cd9425+1848405]
	(No symbol) [0x0x7ff6a7870e5f]
	(No symbol) [0x0x7ff6a79074ec]
	(No symbol) [0x0x7ff6a791ed0a]
	(No symbol) [0x0x7ff6a7901df3]
	(No symbol) [0x0x7ff6a78d5b36]
	(No symbol) [0x0x7ff6a78d4d80]
	(No symbol) [0x0x7ff6a78d5973]
	(No symbol) [0x0x7ff6a799e4a5]
	(No symbol) [0x0x7ff6a799a75d]
	GetHandleVerifier [0x0x7ff6a7b4d2b3+226019]
	GetHandleVerifier [0x0x7ff6a7b3c481+156849]
	GetHandleVerifier [0x0x7ff6a7b44979+190889]
	GetHandleVerifier [0x0x7ff6a7b29bb4+80868]
	GetHandleVerifier [0x0x7ff6a7b29d03+81203]
	GetHandleVerifier [0x0x7ff6a7b18286+8886]
	BaseThreadInitThunk [0x0x7ff98cdee8d7+23]
	RtlUserThreadStart [0x0x7ff98e38c53c+44]

[2025-12-03T12:04:30.997905] SCRAPER skip page 15 after 5 failures; lanjut halaman berikutnya
[2025-12-03T12:04:31.003915] SCRAPER ratings fetch page 16 offset 300 failed (attempt 1/5): Message: no such window: target window already closed
from unknown error: web view not found
  (Session info: MicrosoftEdge=142.0.3595.94)
Stacktrace:
	GetHandleVerifier [0x0x7ff6a7b22a75+51877]
	GetHandleVerifier [0x0x7ff6a7b22ad4+51972]
	GetHandleVerifier [0x0x7ff6a7cd9425+1848405]
	(No symbol) [0x0x7ff6a7870e5f]
	(No symbol) [0x0x7ff6a79074ec]
	(No symbol) [0x0x7ff6a791ed0a]
	(No symbol) [0x0x7ff6a7901df3]
	(No symbol) [0x0x7ff6a78d5b36]
	(No symbol) [0x0x7ff6a78d4d80]
	(No symbol) [0x0x7ff6a78d5973]
	(No symbol) [0x0x7ff6a799e4a5]
	(No symbol) [0x0x7ff6a799a75d]
	GetHandleVerifier [0x0x7ff6a7b4d2b3+226019]
	GetHandleVerifier [0x0x7ff6a7b3c481+156849]
	GetHandleVerifier [0x0x7ff6a7b44979+190889]
	GetHandleVerifier [0x0x7ff6a7b29bb4+80868]
	GetHandleVerifier [0x0x7ff6a7b29d03+81203]
	GetHandleVerifier [0x0x7ff6a7b18286+8886]
	BaseThreadInitThunk [0x0x7ff98cdee8d7+23]
	RtlUserThreadStart [0x0x7ff98e38c53c+44]

[2025-12-03T12:04:32.872632] SCRAPER ratings fetch page 16 offset 300 failed (attempt 2/5): Message: no such window: target window already closed
from unknown error: web view not found
  (Session info: MicrosoftEdge=142.0.3595.94)
Stacktrace:
	GetHandleVerifier [0x0x7ff6a7b22a75+51877]
	GetHandleVerifier [0x0x7ff6a7b22ad4+51972]
	GetHandleVerifier [0x0x7ff6a7cd9425+1848405]
	(No symbol) [0x0x7ff6a7870e5f]
	(No symbol) [0x0x7ff6a79074ec]
	(No symbol) [0x0x7ff6a791ed0a]
	(No symbol) [0x0x7ff6a7901df3]
	(No symbol) [0x0x7ff6a78d5b36]
	(No symbol) [0x0x7ff6a78d4d80]
	(No symbol) [0x0x7ff6a78d5973]
	(No symbol) [0x0x7ff6a799e4a5]
	(No symbol) [0x0x7ff6a799a75d]
	GetHandleVerifier [0x0x7ff6a7b4d2b3+226019]
	GetHandleVerifier [0x0x7ff6a7b3c481+156849]
	GetHandleVerifier [0x0x7ff6a7b44979+190889]
	GetHandleVerifier [0x0x7ff6a7b29bb4+80868]
	GetHandleVerifier [0x0x7ff6a7b29d03+81203]
	GetHandleVerifier [0x0x7ff6a7b18286+8886]
	BaseThreadInitThunk [0x0x7ff98cdee8d7+23]
	RtlUserThreadStart [0x0x7ff98e38c53c+44]

[2025-12-03T12:04:33.017482] SCRAPER ratings fetch page 16 offset 300 failed (attempt 2/5): Message: no such window: target window already closed
from unknown error: web view not found
  (Session info: MicrosoftEdge=142.0.3595.94)
Stacktrace:
	GetHandleVerifier [0x0x7ff6a7b22a75+51877]
	GetHandleVerifier [0x0x7ff6a7b22ad4+51972]
	GetHandleVerifier [0x0x7ff6a7cd9425+1848405]
	(No symbol) [0x0x7ff6a7870e5f]
	(No symbol) [0x0x7ff6a79074ec]
	(No symbol) [0x0x7ff6a791ed0a]
	(No symbol) [0x0x7ff6a7901df3]
	(No symbol) [0x0x7ff6a78d5b36]
	(No symbol) [0x0x7ff6a78d4d80]
	(No symbol) [0x0x7ff6a78d5973]
	(No symbol) [0x0x7ff6a799e4a5]
	(No symbol) [0x0x7ff6a799a75d]
	GetHandleVerifier [0x0x7ff6a7b4d2b3+226019]
	GetHandleVerifier [0x0x7ff6a7b3c481+156849]
	GetHandleVerifier [0x0x7ff6a7b44979+190889]
	GetHandleVerifier [0x0x7ff6a7b29bb4+80868]
	GetHandleVerifier [0x0x7ff6a7b29d03+81203]
	GetHandleVerifier [0x0x7ff6a7b18286+8886]
	BaseThreadInitThunk [0x0x7ff98cdee8d7+23]
	RtlUserThreadStart [0x0x7ff98e38c53c+44]

[2025-12-03T12:04:35.883967] SCRAPER ratings fetch page 16 offset 300 failed (attempt 3/5): Message: no such window: target window already closed
from unknown error: web view not found
  (Session info: MicrosoftEdge=142.0.3595.94)
Stacktrace:
	GetHandleVerifier [0x0x7ff6a7b22a75+51877]
	GetHandleVerifier [0x0x7ff6a7b22ad4+51972]
	GetHandleVerifier [0x0x7ff6a7cd9425+1848405]
	(No symbol) [0x0x7ff6a7870e5f]
	(No symbol) [0x0x7ff6a79074ec]
	(No symbol) [0x0x7ff6a791ed0a]
	(No symbol) [0x0x7ff6a7901df3]
	(No symbol) [0x0x7ff6a78d5b36]
	(No symbol) [0x0x7ff6a78d4d80]
	(No symbol) [0x0x7ff6a78d5973]
	(No symbol) [0x0x7ff6a799e4a5]
	(No symbol) [0x0x7ff6a799a75d]
	GetHandleVerifier [0x0x7ff6a7b4d2b3+226019]
	GetHandleVerifier [0x0x7ff6a7b3c481+156849]
	GetHandleVerifier [0x0x7ff6a7b44979+190889]
	GetHandleVerifier [0x0x7ff6a7b29bb4+80868]
	GetHandleVerifier [0x0x7ff6a7b29d03+81203]
	GetHandleVerifier [0x0x7ff6a7b18286+8886]
	BaseThreadInitThunk [0x0x7ff98cdee8d7+23]
	RtlUserThreadStart [0x0x7ff98e38c53c+44]

[2025-12-03T12:04:36.024506] SCRAPER ratings fetch page 16 offset 300 failed (attempt 3/5): Message: no such window: target window already closed
from unknown error: web view not found
  (Session info: MicrosoftEdge=142.0.3595.94)
Stacktrace:
	GetHandleVerifier [0x0x7ff6a7b22a75+51877]
	GetHandleVerifier [0x0x7ff6a7b22ad4+51972]
	GetHandleVerifier [0x0x7ff6a7cd9425+1848405]
	(No symbol) [0x0x7ff6a7870e5f]
	(No symbol) [0x0x7ff6a79074ec]
	(No symbol) [0x0x7ff6a791ed0a]
	(No symbol) [0x0x7ff6a7901df3]
	(No symbol) [0x0x7ff6a78d5b36]
	(No symbol) [0x0x7ff6a78d4d80]
	(No symbol) [0x0x7ff6a78d5973]
	(No symbol) [0x0x7ff6a799e4a5]
	(No symbol) [0x0x7ff6a799a75d]
	GetHandleVerifier [0x0x7ff6a7b4d2b3+226019]
	GetHandleVerifier [0x0x7ff6a7b3c481+156849]
	GetHandleVerifier [0x0x7ff6a7b44979+190889]
	GetHandleVerifier [0x0x7ff6a7b29bb4+80868]
	GetHandleVerifier [0x0x7ff6a7b29d03+81203]
	GetHandleVerifier [0x0x7ff6a7b18286+8886]
	BaseThreadInitThunk [0x0x7ff98cdee8d7+23]
	RtlUserThreadStart [0x0x7ff98e38c53c+44]

[2025-12-03T12:04:39.901495] SCRAPER ratings fetch page 16 offset 300 failed (attempt 4/5): Message: no such window: target window already closed
from unknown error: web view not found
  (Session info: MicrosoftEdge=142.0.3595.94)
Stacktrace:
	GetHandleVerifier [0x0x7ff6a7b22a75+51877]
	GetHandleVerifier [0x0x7ff6a7b22ad4+51972]
	GetHandleVerifier [0x0x7ff6a7cd9425+1848405]
	(No symbol) [0x0x7ff6a7870e5f]
	(No symbol) [0x0x7ff6a79074ec]
	(No symbol) [0x0x7ff6a791ed0a]
	(No symbol) [0x0x7ff6a7901df3]
	(No symbol) [0x0x7ff6a78d5b36]
	(No symbol) [0x0x7ff6a78d4d80]
	(No symbol) [0x0x7ff6a78d5973]
	(No symbol) [0x0x7ff6a799e4a5]
	(No symbol) [0x0x7ff6a799a75d]
	GetHandleVerifier [0x0x7ff6a7b4d2b3+226019]
	GetHandleVerifier [0x0x7ff6a7b3c481+156849]
	GetHandleVerifier [0x0x7ff6a7b44979+190889]
	GetHandleVerifier [0x0x7ff6a7b29bb4+80868]
	GetHandleVerifier [0x0x7ff6a7b29d03+81203]
	GetHandleVerifier [0x0x7ff6a7b18286+8886]
	BaseThreadInitThunk [0x0x7ff98cdee8d7+23]
	RtlUserThreadStart [0x0x7ff98e38c53c+44]

[2025-12-03T12:04:40.040250] SCRAPER ratings fetch page 16 offset 300 failed (attempt 4/5): Message: no such window: target window already closed
from unknown error: web view not found
  (Session info: MicrosoftEdge=142.0.3595.94)
Stacktrace:
	GetHandleVerifier [0x0x7ff6a7b22a75+51877]
	GetHandleVerifier [0x0x7ff6a7b22ad4+51972]
	GetHandleVerifier [0x0x7ff6a7cd9425+1848405]
	(No symbol) [0x0x7ff6a7870e5f]
	(No symbol) [0x0x7ff6a79074ec]
	(No symbol) [0x0x7ff6a791ed0a]
	(No symbol) [0x0x7ff6a7901df3]
	(No symbol) [0x0x7ff6a78d5b36]
	(No symbol) [0x0x7ff6a78d4d80]
	(No symbol) [0x0x7ff6a78d5973]
	(No symbol) [0x0x7ff6a799e4a5]
	(No symbol) [0x0x7ff6a799a75d]
	GetHandleVerifier [0x0x7ff6a7b4d2b3+226019]
	GetHandleVerifier [0x0x7ff6a7b3c481+156849]
	GetHandleVerifier [0x0x7ff6a7b44979+190889]
	GetHandleVerifier [0x0x7ff6a7b29bb4+80868]
	GetHandleVerifier [0x0x7ff6a7b29d03+81203]
	GetHandleVerifier [0x0x7ff6a7b18286+8886]
	BaseThreadInitThunk [0x0x7ff98cdee8d7+23]
	RtlUserThreadStart [0x0x7ff98e38c53c+44]

[2025-12-03T12:04:40.133270] SCRAPER ratings fetch page 6 offset 100 failed (attempt 3/5): HTTPConnectionPool(host='localhost', port=51982): Max retries exceeded with url: /session/eb4fe145f7c374b8145393fd9d40e526/execute/sync (Caused by NewConnectionError('<urllib3.connection.HTTPConnection object at 0x000001E0B786FEB0>: Failed to establish a new connection: [WinError 10061] No connection could be made because the target machine actively refused it'))
[2025-12-03T12:04:44.917134] SCRAPER ratings fetch page 16 offset 300 failed (attempt 5/5): Message: no such window: target window already closed
from unknown error: web view not found
  (Session info: MicrosoftEdge=142.0.3595.94)
Stacktrace:
	GetHandleVerifier [0x0x7ff6a7b22a75+51877]
	GetHandleVerifier [0x0x7ff6a7b22ad4+51972]
	GetHandleVerifier [0x0x7ff6a7cd9425+1848405]
	(No symbol) [0x0x7ff6a7870e5f]
	(No symbol) [0x0x7ff6a79074ec]
	(No symbol) [0x0x7ff6a791ed0a]
	(No symbol) [0x0x7ff6a7901df3]
	(No symbol) [0x0x7ff6a78d5b36]
	(No symbol) [0x0x7ff6a78d4d80]
	(No symbol) [0x0x7ff6a78d5973]
	(No symbol) [0x0x7ff6a799e4a5]
	(No symbol) [0x0x7ff6a799a75d]
	GetHandleVerifier [0x0x7ff6a7b4d2b3+226019]
	GetHandleVerifier [0x0x7ff6a7b3c481+156849]
	GetHandleVerifier [0x0x7ff6a7b44979+190889]
	GetHandleVerifier [0x0x7ff6a7b29bb4+80868]
	GetHandleVerifier [0x0x7ff6a7b29d03+81203]
	GetHandleVerifier [0x0x7ff6a7b18286+8886]
	BaseThreadInitThunk [0x0x7ff98cdee8d7+23]
	RtlUserThreadStart [0x0x7ff98e38c53c+44]

[2025-12-03T12:04:45.057574] SCRAPER ratings fetch page 16 offset 300 failed (attempt 5/5): Message: no such window: target window already closed
from unknown error: web view not found
  (Session info: MicrosoftEdge=142.0.3595.94)
Stacktrace:
	GetHandleVerifier [0x0x7ff6a7b22a75+51877]
	GetHandleVerifier [0x0x7ff6a7b22ad4+51972]
	GetHandleVerifier [0x0x7ff6a7cd9425+1848405]
	(No symbol) [0x0x7ff6a7870e5f]
	(No symbol) [0x0x7ff6a79074ec]
	(No symbol) [0x0x7ff6a791ed0a]
	(No symbol) [0x0x7ff6a7901df3]
	(No symbol) [0x0x7ff6a78d5b36]
	(No symbol) [0x0x7ff6a78d4d80]
	(No symbol) [0x0x7ff6a78d5973]
	(No symbol) [0x0x7ff6a799e4a5]
	(No symbol) [0x0x7ff6a799a75d]
	GetHandleVerifier [0x0x7ff6a7b4d2b3+226019]
	GetHandleVerifier [0x0x7ff6a7b3c481+156849]
	GetHandleVerifier [0x0x7ff6a7b44979+190889]
	GetHandleVerifier [0x0x7ff6a7b29bb4+80868]
	GetHandleVerifier [0x0x7ff6a7b29d03+81203]
	GetHandleVerifier [0x0x7ff6a7b18286+8886]
	BaseThreadInitThunk [0x0x7ff98cdee8d7+23]
	RtlUserThreadStart [0x0x7ff98e38c53c+44]

[2025-12-03T12:04:49.921141] SCRAPER skip page 16 after 5 failures; lanjut halaman berikutnya
[2025-12-03T12:04:49.927093] SCRAPER ratings fetch page 17 offset 320 failed (attempt 1/5): Message: no such window: target window already closed
from unknown error: web view not found
  (Session info: MicrosoftEdge=142.0.3595.94)
Stacktrace:
	GetHandleVerifier [0x0x7ff6a7b22a75+51877]
	GetHandleVerifier [0x0x7ff6a7b22ad4+51972]
	GetHandleVerifier [0x0x7ff6a7cd9425+1848405]
	(No symbol) [0x0x7ff6a7870e5f]
	(No symbol) [0x0x7ff6a79074ec]
	(No symbol) [0x0x7ff6a791ed0a]
	(No symbol) [0x0x7ff6a7901df3]
	(No symbol) [0x0x7ff6a78d5b36]
	(No symbol) [0x0x7ff6a78d4d80]
	(No symbol) [0x0x7ff6a78d5973]
	(No symbol) [0x0x7ff6a799e4a5]
	(No symbol) [0x0x7ff6a799a75d]
	GetHandleVerifier [0x0x7ff6a7b4d2b3+226019]
	GetHandleVerifier [0x0x7ff6a7b3c481+156849]
	GetHandleVerifier [0x0x7ff6a7b44979+190889]
	GetHandleVerifier [0x0x7ff6a7b29bb4+80868]
	GetHandleVerifier [0x0x7ff6a7b29d03+81203]
	GetHandleVerifier [0x0x7ff6a7b18286+8886]
	BaseThreadInitThunk [0x0x7ff98cdee8d7+23]
	RtlUserThreadStart [0x0x7ff98e38c53c+44]

[2025-12-03T12:04:50.062757] SCRAPER skip page 16 after 5 failures; lanjut halaman berikutnya
[2025-12-03T12:04:50.070759] SCRAPER ratings fetch page 17 offset 320 failed (attempt 1/5): Message: no such window: target window already closed
from unknown error: web view not found
  (Session info: MicrosoftEdge=142.0.3595.94)
Stacktrace:
	GetHandleVerifier [0x0x7ff6a7b22a75+51877]
	GetHandleVerifier [0x0x7ff6a7b22ad4+51972]
	GetHandleVerifier [0x0x7ff6a7cd9425+1848405]
	(No symbol) [0x0x7ff6a7870e5f]
	(No symbol) [0x0x7ff6a79074ec]
	(No symbol) [0x0x7ff6a791ed0a]
	(No symbol) [0x0x7ff6a7901df3]
	(No symbol) [0x0x7ff6a78d5b36]
	(No symbol) [0x0x7ff6a78d4d80]
	(No symbol) [0x0x7ff6a78d5973]
	(No symbol) [0x0x7ff6a799e4a5]
	(No symbol) [0x0x7ff6a799a75d]
	GetHandleVerifier [0x0x7ff6a7b4d2b3+226019]
	GetHandleVerifier [0x0x7ff6a7b3c481+156849]
	GetHandleVerifier [0x0x7ff6a7b44979+190889]
	GetHandleVerifier [0x0x7ff6a7b29bb4+80868]
	GetHandleVerifier [0x0x7ff6a7b29d03+81203]
	GetHandleVerifier [0x0x7ff6a7b18286+8886]
	BaseThreadInitThunk [0x0x7ff98cdee8d7+23]
	RtlUserThreadStart [0x0x7ff98e38c53c+44]

[2025-12-03T12:04:51.934793] SCRAPER ratings fetch page 17 offset 320 failed (attempt 2/5): Message: no such window: target window already closed
from unknown error: web view not found
  (Session info: MicrosoftEdge=142.0.3595.94)
Stacktrace:
	GetHandleVerifier [0x0x7ff6a7b22a75+51877]
	GetHandleVerifier [0x0x7ff6a7b22ad4+51972]
	GetHandleVerifier [0x0x7ff6a7cd9425+1848405]
	(No symbol) [0x0x7ff6a7870e5f]
	(No symbol) [0x0x7ff6a79074ec]
	(No symbol) [0x0x7ff6a791ed0a]
	(No symbol) [0x0x7ff6a7901df3]
	(No symbol) [0x0x7ff6a78d5b36]
	(No symbol) [0x0x7ff6a78d4d80]
	(No symbol) [0x0x7ff6a78d5973]
	(No symbol) [0x0x7ff6a799e4a5]
	(No symbol) [0x0x7ff6a799a75d]
	GetHandleVerifier [0x0x7ff6a7b4d2b3+226019]
	GetHandleVerifier [0x0x7ff6a7b3c481+156849]
	GetHandleVerifier [0x0x7ff6a7b44979+190889]
	GetHandleVerifier [0x0x7ff6a7b29bb4+80868]
	GetHandleVerifier [0x0x7ff6a7b29d03+81203]
	GetHandleVerifier [0x0x7ff6a7b18286+8886]
	BaseThreadInitThunk [0x0x7ff98cdee8d7+23]
	RtlUserThreadStart [0x0x7ff98e38c53c+44]

[2025-12-03T12:04:52.078228] SCRAPER ratings fetch page 17 offset 320 failed (attempt 2/5): Message: no such window: target window already closed
from unknown error: web view not found
  (Session info: MicrosoftEdge=142.0.3595.94)
Stacktrace:
	GetHandleVerifier [0x0x7ff6a7b22a75+51877]
	GetHandleVerifier [0x0x7ff6a7b22ad4+51972]
	GetHandleVerifier [0x0x7ff6a7cd9425+1848405]
	(No symbol) [0x0x7ff6a7870e5f]
	(No symbol) [0x0x7ff6a79074ec]
	(No symbol) [0x0x7ff6a791ed0a]
	(No symbol) [0x0x7ff6a7901df3]
	(No symbol) [0x0x7ff6a78d5b36]
	(No symbol) [0x0x7ff6a78d4d80]
	(No symbol) [0x0x7ff6a78d5973]
	(No symbol) [0x0x7ff6a799e4a5]
	(No symbol) [0x0x7ff6a799a75d]
	GetHandleVerifier [0x0x7ff6a7b4d2b3+226019]
	GetHandleVerifier [0x0x7ff6a7b3c481+156849]
	GetHandleVerifier [0x0x7ff6a7b44979+190889]
	GetHandleVerifier [0x0x7ff6a7b29bb4+80868]
	GetHandleVerifier [0x0x7ff6a7b29d03+81203]
	GetHandleVerifier [0x0x7ff6a7b18286+8886]
	BaseThreadInitThunk [0x0x7ff98cdee8d7+23]
	RtlUserThreadStart [0x0x7ff98e38c53c+44]

[2025-12-03T12:04:54.946370] SCRAPER ratings fetch page 17 offset 320 failed (attempt 3/5): Message: no such window: target window already closed
from unknown error: web view not found
  (Session info: MicrosoftEdge=142.0.3595.94)
Stacktrace:
	GetHandleVerifier [0x0x7ff6a7b22a75+51877]
	GetHandleVerifier [0x0x7ff6a7b22ad4+51972]
	GetHandleVerifier [0x0x7ff6a7cd9425+1848405]
	(No symbol) [0x0x7ff6a7870e5f]
	(No symbol) [0x0x7ff6a79074ec]
	(No symbol) [0x0x7ff6a791ed0a]
	(No symbol) [0x0x7ff6a7901df3]
	(No symbol) [0x0x7ff6a78d5b36]
	(No symbol) [0x0x7ff6a78d4d80]
	(No symbol) [0x0x7ff6a78d5973]
	(No symbol) [0x0x7ff6a799e4a5]
	(No symbol) [0x0x7ff6a799a75d]
	GetHandleVerifier [0x0x7ff6a7b4d2b3+226019]
	GetHandleVerifier [0x0x7ff6a7b3c481+156849]
	GetHandleVerifier [0x0x7ff6a7b44979+190889]
	GetHandleVerifier [0x0x7ff6a7b29bb4+80868]
	GetHandleVerifier [0x0x7ff6a7b29d03+81203]
	GetHandleVerifier [0x0x7ff6a7b18286+8886]
	BaseThreadInitThunk [0x0x7ff98cdee8d7+23]
	RtlUserThreadStart [0x0x7ff98e38c53c+44]

[2025-12-03T12:04:55.089893] SCRAPER ratings fetch page 17 offset 320 failed (attempt 3/5): Message: no such window: target window already closed
from unknown error: web view not found
  (Session info: MicrosoftEdge=142.0.3595.94)
Stacktrace:
	GetHandleVerifier [0x0x7ff6a7b22a75+51877]
	GetHandleVerifier [0x0x7ff6a7b22ad4+51972]
	GetHandleVerifier [0x0x7ff6a7cd9425+1848405]
	(No symbol) [0x0x7ff6a7870e5f]
	(No symbol) [0x0x7ff6a79074ec]
	(No symbol) [0x0x7ff6a791ed0a]
	(No symbol) [0x0x7ff6a7901df3]
	(No symbol) [0x0x7ff6a78d5b36]
	(No symbol) [0x0x7ff6a78d4d80]
	(No symbol) [0x0x7ff6a78d5973]
	(No symbol) [0x0x7ff6a799e4a5]
	(No symbol) [0x0x7ff6a799a75d]
	GetHandleVerifier [0x0x7ff6a7b4d2b3+226019]
	GetHandleVerifier [0x0x7ff6a7b3c481+156849]
	GetHandleVerifier [0x0x7ff6a7b44979+190889]
	GetHandleVerifier [0x0x7ff6a7b29bb4+80868]
	GetHandleVerifier [0x0x7ff6a7b29d03+81203]
	GetHandleVerifier [0x0x7ff6a7b18286+8886]
	BaseThreadInitThunk [0x0x7ff98cdee8d7+23]
	RtlUserThreadStart [0x0x7ff98e38c53c+44]

[2025-12-03T12:04:58.962803] SCRAPER ratings fetch page 17 offset 320 failed (attempt 4/5): Message: no such window: target window already closed
from unknown error: web view not found
  (Session info: MicrosoftEdge=142.0.3595.94)
Stacktrace:
	GetHandleVerifier [0x0x7ff6a7b22a75+51877]
	GetHandleVerifier [0x0x7ff6a7b22ad4+51972]
	GetHandleVerifier [0x0x7ff6a7cd9425+1848405]
	(No symbol) [0x0x7ff6a7870e5f]
	(No symbol) [0x0x7ff6a79074ec]
	(No symbol) [0x0x7ff6a791ed0a]
	(No symbol) [0x0x7ff6a7901df3]
	(No symbol) [0x0x7ff6a78d5b36]
	(No symbol) [0x0x7ff6a78d4d80]
	(No symbol) [0x0x7ff6a78d5973]
	(No symbol) [0x0x7ff6a799e4a5]
	(No symbol) [0x0x7ff6a799a75d]
	GetHandleVerifier [0x0x7ff6a7b4d2b3+226019]
	GetHandleVerifier [0x0x7ff6a7b3c481+156849]
	GetHandleVerifier [0x0x7ff6a7b44979+190889]
	GetHandleVerifier [0x0x7ff6a7b29bb4+80868]
	GetHandleVerifier [0x0x7ff6a7b29d03+81203]
	GetHandleVerifier [0x0x7ff6a7b18286+8886]
	BaseThreadInitThunk [0x0x7ff98cdee8d7+23]
	RtlUserThreadStart [0x0x7ff98e38c53c+44]

[2025-12-03T12:04:59.106334] SCRAPER ratings fetch page 17 offset 320 failed (attempt 4/5): Message: no such window: target window already closed
from unknown error: web view not found
  (Session info: MicrosoftEdge=142.0.3595.94)
Stacktrace:
	GetHandleVerifier [0x0x7ff6a7b22a75+51877]
	GetHandleVerifier [0x0x7ff6a7b22ad4+51972]
	GetHandleVerifier [0x0x7ff6a7cd9425+1848405]
	(No symbol) [0x0x7ff6a7870e5f]
	(No symbol) [0x0x7ff6a79074ec]
	(No symbol) [0x0x7ff6a791ed0a]
	(No symbol) [0x0x7ff6a7901df3]
	(No symbol) [0x0x7ff6a78d5b36]
	(No symbol) [0x0x7ff6a78d4d80]
	(No symbol) [0x0x7ff6a78d5973]
	(No symbol) [0x0x7ff6a799e4a5]
	(No symbol) [0x0x7ff6a799a75d]
	GetHandleVerifier [0x0x7ff6a7b4d2b3+226019]
	GetHandleVerifier [0x0x7ff6a7b3c481+156849]
	GetHandleVerifier [0x0x7ff6a7b44979+190889]
	GetHandleVerifier [0x0x7ff6a7b29bb4+80868]
	GetHandleVerifier [0x0x7ff6a7b29d03+81203]
	GetHandleVerifier [0x0x7ff6a7b18286+8886]
	BaseThreadInitThunk [0x0x7ff98cdee8d7+23]
	RtlUserThreadStart [0x0x7ff98e38c53c+44]

[2025-12-03T12:05:00.379063] SCRAPER ratings fetch page 6 offset 100 failed (attempt 4/5): HTTPConnectionPool(host='localhost', port=51982): Max retries exceeded with url: /session/eb4fe145f7c374b8145393fd9d40e526/execute/sync (Caused by NewConnectionError('<urllib3.connection.HTTPConnection object at 0x000001E0B664CDC0>: Failed to establish a new connection: [WinError 10061] No connection could be made because the target machine actively refused it'))
[2025-12-03T12:05:03.972273] SCRAPER ratings fetch page 17 offset 320 failed (attempt 5/5): Message: no such window: target window already closed
from unknown error: web view not found
  (Session info: MicrosoftEdge=142.0.3595.94)
Stacktrace:
	GetHandleVerifier [0x0x7ff6a7b22a75+51877]
	GetHandleVerifier [0x0x7ff6a7b22ad4+51972]
	GetHandleVerifier [0x0x7ff6a7cd9425+1848405]
	(No symbol) [0x0x7ff6a7870e5f]
	(No symbol) [0x0x7ff6a79074ec]
	(No symbol) [0x0x7ff6a791ed0a]
	(No symbol) [0x0x7ff6a7901df3]
	(No symbol) [0x0x7ff6a78d5b36]
	(No symbol) [0x0x7ff6a78d4d80]
	(No symbol) [0x0x7ff6a78d5973]
	(No symbol) [0x0x7ff6a799e4a5]
	(No symbol) [0x0x7ff6a799a75d]
	GetHandleVerifier [0x0x7ff6a7b4d2b3+226019]
	GetHandleVerifier [0x0x7ff6a7b3c481+156849]
	GetHandleVerifier [0x0x7ff6a7b44979+190889]
	GetHandleVerifier [0x0x7ff6a7b29bb4+80868]
	GetHandleVerifier [0x0x7ff6a7b29d03+81203]
	GetHandleVerifier [0x0x7ff6a7b18286+8886]
	BaseThreadInitThunk [0x0x7ff98cdee8d7+23]
	RtlUserThreadStart [0x0x7ff98e38c53c+44]

[2025-12-03T12:05:04.111344] SCRAPER ratings fetch page 17 offset 320 failed (attempt 5/5): Message: no such window: target window already closed
from unknown error: web view not found
  (Session info: MicrosoftEdge=142.0.3595.94)
Stacktrace:
	GetHandleVerifier [0x0x7ff6a7b22a75+51877]
	GetHandleVerifier [0x0x7ff6a7b22ad4+51972]
	GetHandleVerifier [0x0x7ff6a7cd9425+1848405]
	(No symbol) [0x0x7ff6a7870e5f]
	(No symbol) [0x0x7ff6a79074ec]
	(No symbol) [0x0x7ff6a791ed0a]
	(No symbol) [0x0x7ff6a7901df3]
	(No symbol) [0x0x7ff6a78d5b36]
	(No symbol) [0x0x7ff6a78d4d80]
	(No symbol) [0x0x7ff6a78d5973]
	(No symbol) [0x0x7ff6a799e4a5]
	(No symbol) [0x0x7ff6a799a75d]
	GetHandleVerifier [0x0x7ff6a7b4d2b3+226019]
	GetHandleVerifier [0x0x7ff6a7b3c481+156849]
	GetHandleVerifier [0x0x7ff6a7b44979+190889]
	GetHandleVerifier [0x0x7ff6a7b29bb4+80868]
	GetHandleVerifier [0x0x7ff6a7b29d03+81203]
	GetHandleVerifier [0x0x7ff6a7b18286+8886]
	BaseThreadInitThunk [0x0x7ff98cdee8d7+23]
	RtlUserThreadStart [0x0x7ff98e38c53c+44]

[2025-12-03T12:05:08.981816] SCRAPER skip page 17 after 5 failures; lanjut halaman berikutnya
[2025-12-03T12:05:08.986933] SCRAPER ratings fetch page 18 offset 340 failed (attempt 1/5): Message: no such window: target window already closed
from unknown error: web view not found
  (Session info: MicrosoftEdge=142.0.3595.94)
Stacktrace:
	GetHandleVerifier [0x0x7ff6a7b22a75+51877]
	GetHandleVerifier [0x0x7ff6a7b22ad4+51972]
	GetHandleVerifier [0x0x7ff6a7cd9425+1848405]
	(No symbol) [0x0x7ff6a7870e5f]
	(No symbol) [0x0x7ff6a79074ec]
	(No symbol) [0x0x7ff6a791ed0a]
	(No symbol) [0x0x7ff6a7901df3]
	(No symbol) [0x0x7ff6a78d5b36]
	(No symbol) [0x0x7ff6a78d4d80]
	(No symbol) [0x0x7ff6a78d5973]
	(No symbol) [0x0x7ff6a799e4a5]
	(No symbol) [0x0x7ff6a799a75d]
	GetHandleVerifier [0x0x7ff6a7b4d2b3+226019]
	GetHandleVerifier [0x0x7ff6a7b3c481+156849]
	GetHandleVerifier [0x0x7ff6a7b44979+190889]
	GetHandleVerifier [0x0x7ff6a7b29bb4+80868]
	GetHandleVerifier [0x0x7ff6a7b29d03+81203]
	GetHandleVerifier [0x0x7ff6a7b18286+8886]
	BaseThreadInitThunk [0x0x7ff98cdee8d7+23]
	RtlUserThreadStart [0x0x7ff98e38c53c+44]

[2025-12-03T12:05:09.121642] SCRAPER skip page 17 after 5 failures; lanjut halaman berikutnya
[2025-12-03T12:05:09.125764] SCRAPER ratings fetch page 18 offset 340 failed (attempt 1/5): Message: no such window: target window already closed
from unknown error: web view not found
  (Session info: MicrosoftEdge=142.0.3595.94)
Stacktrace:
	GetHandleVerifier [0x0x7ff6a7b22a75+51877]
	GetHandleVerifier [0x0x7ff6a7b22ad4+51972]
	GetHandleVerifier [0x0x7ff6a7cd9425+1848405]
	(No symbol) [0x0x7ff6a7870e5f]
	(No symbol) [0x0x7ff6a79074ec]
	(No symbol) [0x0x7ff6a791ed0a]
	(No symbol) [0x0x7ff6a7901df3]
	(No symbol) [0x0x7ff6a78d5b36]
	(No symbol) [0x0x7ff6a78d4d80]
	(No symbol) [0x0x7ff6a78d5973]
	(No symbol) [0x0x7ff6a799e4a5]
	(No symbol) [0x0x7ff6a799a75d]
	GetHandleVerifier [0x0x7ff6a7b4d2b3+226019]
	GetHandleVerifier [0x0x7ff6a7b3c481+156849]
	GetHandleVerifier [0x0x7ff6a7b44979+190889]
	GetHandleVerifier [0x0x7ff6a7b29bb4+80868]
	GetHandleVerifier [0x0x7ff6a7b29d03+81203]
	GetHandleVerifier [0x0x7ff6a7b18286+8886]
	BaseThreadInitThunk [0x0x7ff98cdee8d7+23]
	RtlUserThreadStart [0x0x7ff98e38c53c+44]

[2025-12-03T12:05:11.006661] SCRAPER ratings fetch page 18 offset 340 failed (attempt 2/5): Message: no such window: target window already closed
from unknown error: web view not found
  (Session info: MicrosoftEdge=142.0.3595.94)
Stacktrace:
	GetHandleVerifier [0x0x7ff6a7b22a75+51877]
	GetHandleVerifier [0x0x7ff6a7b22ad4+51972]
	GetHandleVerifier [0x0x7ff6a7cd9425+1848405]
	(No symbol) [0x0x7ff6a7870e5f]
	(No symbol) [0x0x7ff6a79074ec]
	(No symbol) [0x0x7ff6a791ed0a]
	(No symbol) [0x0x7ff6a7901df3]
	(No symbol) [0x0x7ff6a78d5b36]
	(No symbol) [0x0x7ff6a78d4d80]
	(No symbol) [0x0x7ff6a78d5973]
	(No symbol) [0x0x7ff6a799e4a5]
	(No symbol) [0x0x7ff6a799a75d]
	GetHandleVerifier [0x0x7ff6a7b4d2b3+226019]
	GetHandleVerifier [0x0x7ff6a7b3c481+156849]
	GetHandleVerifier [0x0x7ff6a7b44979+190889]
	GetHandleVerifier [0x0x7ff6a7b29bb4+80868]
	GetHandleVerifier [0x0x7ff6a7b29d03+81203]
	GetHandleVerifier [0x0x7ff6a7b18286+8886]
	BaseThreadInitThunk [0x0x7ff98cdee8d7+23]
	RtlUserThreadStart [0x0x7ff98e38c53c+44]

[2025-12-03T12:05:11.134400] SCRAPER ratings fetch page 18 offset 340 failed (attempt 2/5): Message: no such window: target window already closed
from unknown error: web view not found
  (Session info: MicrosoftEdge=142.0.3595.94)
Stacktrace:
	GetHandleVerifier [0x0x7ff6a7b22a75+51877]
	GetHandleVerifier [0x0x7ff6a7b22ad4+51972]
	GetHandleVerifier [0x0x7ff6a7cd9425+1848405]
	(No symbol) [0x0x7ff6a7870e5f]
	(No symbol) [0x0x7ff6a79074ec]
	(No symbol) [0x0x7ff6a791ed0a]
	(No symbol) [0x0x7ff6a7901df3]
	(No symbol) [0x0x7ff6a78d5b36]
	(No symbol) [0x0x7ff6a78d4d80]
	(No symbol) [0x0x7ff6a78d5973]
	(No symbol) [0x0x7ff6a799e4a5]
	(No symbol) [0x0x7ff6a799a75d]
	GetHandleVerifier [0x0x7ff6a7b4d2b3+226019]
	GetHandleVerifier [0x0x7ff6a7b3c481+156849]
	GetHandleVerifier [0x0x7ff6a7b44979+190889]
	GetHandleVerifier [0x0x7ff6a7b29bb4+80868]
	GetHandleVerifier [0x0x7ff6a7b29d03+81203]
	GetHandleVerifier [0x0x7ff6a7b18286+8886]
	BaseThreadInitThunk [0x0x7ff98cdee8d7+23]
	RtlUserThreadStart [0x0x7ff98e38c53c+44]

[2025-12-03T12:05:14.025350] SCRAPER ratings fetch page 18 offset 340 failed (attempt 3/5): Message: no such window: target window already closed
from unknown error: web view not found
  (Session info: MicrosoftEdge=142.0.3595.94)
Stacktrace:
	GetHandleVerifier [0x0x7ff6a7b22a75+51877]
	GetHandleVerifier [0x0x7ff6a7b22ad4+51972]
	GetHandleVerifier [0x0x7ff6a7cd9425+1848405]
	(No symbol) [0x0x7ff6a7870e5f]
	(No symbol) [0x0x7ff6a79074ec]
	(No symbol) [0x0x7ff6a791ed0a]
	(No symbol) [0x0x7ff6a7901df3]
	(No symbol) [0x0x7ff6a78d5b36]
	(No symbol) [0x0x7ff6a78d4d80]
	(No symbol) [0x0x7ff6a78d5973]
	(No symbol) [0x0x7ff6a799e4a5]
	(No symbol) [0x0x7ff6a799a75d]
	GetHandleVerifier [0x0x7ff6a7b4d2b3+226019]
	GetHandleVerifier [0x0x7ff6a7b3c481+156849]
	GetHandleVerifier [0x0x7ff6a7b44979+190889]
	GetHandleVerifier [0x0x7ff6a7b29bb4+80868]
	GetHandleVerifier [0x0x7ff6a7b29d03+81203]
	GetHandleVerifier [0x0x7ff6a7b18286+8886]
	BaseThreadInitThunk [0x0x7ff98cdee8d7+23]
	RtlUserThreadStart [0x0x7ff98e38c53c+44]

[2025-12-03T12:05:14.150176] SCRAPER ratings fetch page 18 offset 340 failed (attempt 3/5): Message: no such window: target window already closed
from unknown error: web view not found
  (Session info: MicrosoftEdge=142.0.3595.94)
Stacktrace:
	GetHandleVerifier [0x0x7ff6a7b22a75+51877]
	GetHandleVerifier [0x0x7ff6a7b22ad4+51972]
	GetHandleVerifier [0x0x7ff6a7cd9425+1848405]
	(No symbol) [0x0x7ff6a7870e5f]
	(No symbol) [0x0x7ff6a79074ec]
	(No symbol) [0x0x7ff6a791ed0a]
	(No symbol) [0x0x7ff6a7901df3]
	(No symbol) [0x0x7ff6a78d5b36]
	(No symbol) [0x0x7ff6a78d4d80]
	(No symbol) [0x0x7ff6a78d5973]
	(No symbol) [0x0x7ff6a799e4a5]
	(No symbol) [0x0x7ff6a799a75d]
	GetHandleVerifier [0x0x7ff6a7b4d2b3+226019]
	GetHandleVerifier [0x0x7ff6a7b3c481+156849]
	GetHandleVerifier [0x0x7ff6a7b44979+190889]
	GetHandleVerifier [0x0x7ff6a7b29bb4+80868]
	GetHandleVerifier [0x0x7ff6a7b29d03+81203]
	GetHandleVerifier [0x0x7ff6a7b18286+8886]
	BaseThreadInitThunk [0x0x7ff98cdee8d7+23]
	RtlUserThreadStart [0x0x7ff98e38c53c+44]

[2025-12-03T12:05:18.044066] SCRAPER ratings fetch page 18 offset 340 failed (attempt 4/5): Message: no such window: target window already closed
from unknown error: web view not found
  (Session info: MicrosoftEdge=142.0.3595.94)
Stacktrace:
	GetHandleVerifier [0x0x7ff6a7b22a75+51877]
	GetHandleVerifier [0x0x7ff6a7b22ad4+51972]
	GetHandleVerifier [0x0x7ff6a7cd9425+1848405]
	(No symbol) [0x0x7ff6a7870e5f]
	(No symbol) [0x0x7ff6a79074ec]
	(No symbol) [0x0x7ff6a791ed0a]
	(No symbol) [0x0x7ff6a7901df3]
	(No symbol) [0x0x7ff6a78d5b36]
	(No symbol) [0x0x7ff6a78d4d80]
	(No symbol) [0x0x7ff6a78d5973]
	(No symbol) [0x0x7ff6a799e4a5]
	(No symbol) [0x0x7ff6a799a75d]
	GetHandleVerifier [0x0x7ff6a7b4d2b3+226019]
	GetHandleVerifier [0x0x7ff6a7b3c481+156849]
	GetHandleVerifier [0x0x7ff6a7b44979+190889]
	GetHandleVerifier [0x0x7ff6a7b29bb4+80868]
	GetHandleVerifier [0x0x7ff6a7b29d03+81203]
	GetHandleVerifier [0x0x7ff6a7b18286+8886]
	BaseThreadInitThunk [0x0x7ff98cdee8d7+23]
	RtlUserThreadStart [0x0x7ff98e38c53c+44]

[2025-12-03T12:05:18.164442] SCRAPER ratings fetch page 18 offset 340 failed (attempt 4/5): Message: no such window: target window already closed
from unknown error: web view not found
  (Session info: MicrosoftEdge=142.0.3595.94)
Stacktrace:
	GetHandleVerifier [0x0x7ff6a7b22a75+51877]
	GetHandleVerifier [0x0x7ff6a7b22ad4+51972]
	GetHandleVerifier [0x0x7ff6a7cd9425+1848405]
	(No symbol) [0x0x7ff6a7870e5f]
	(No symbol) [0x0x7ff6a79074ec]
	(No symbol) [0x0x7ff6a791ed0a]
	(No symbol) [0x0x7ff6a7901df3]
	(No symbol) [0x0x7ff6a78d5b36]
	(No symbol) [0x0x7ff6a78d4d80]
	(No symbol) [0x0x7ff6a78d5973]
	(No symbol) [0x0x7ff6a799e4a5]
	(No symbol) [0x0x7ff6a799a75d]
	GetHandleVerifier [0x0x7ff6a7b4d2b3+226019]
	GetHandleVerifier [0x0x7ff6a7b3c481+156849]
	GetHandleVerifier [0x0x7ff6a7b44979+190889]
	GetHandleVerifier [0x0x7ff6a7b29bb4+80868]
	GetHandleVerifier [0x0x7ff6a7b29d03+81203]
	GetHandleVerifier [0x0x7ff6a7b18286+8886]
	BaseThreadInitThunk [0x0x7ff98cdee8d7+23]
	RtlUserThreadStart [0x0x7ff98e38c53c+44]

[2025-12-03T12:05:21.738869] SCRAPER ratings fetch page 6 offset 100 failed (attempt 5/5): HTTPConnectionPool(host='localhost', port=51982): Max retries exceeded with url: /session/eb4fe145f7c374b8145393fd9d40e526/execute/sync (Caused by NewConnectionError('<urllib3.connection.HTTPConnection object at 0x000001E0A3AC64A0>: Failed to establish a new connection: [WinError 10061] No connection could be made because the target machine actively refused it'))
[2025-12-03T12:05:23.062094] SCRAPER ratings fetch page 18 offset 340 failed (attempt 5/5): Message: no such window: target window already closed
from unknown error: web view not found
  (Session info: MicrosoftEdge=142.0.3595.94)
Stacktrace:
	GetHandleVerifier [0x0x7ff6a7b22a75+51877]
	GetHandleVerifier [0x0x7ff6a7b22ad4+51972]
	GetHandleVerifier [0x0x7ff6a7cd9425+1848405]
	(No symbol) [0x0x7ff6a7870e5f]
	(No symbol) [0x0x7ff6a79074ec]
	(No symbol) [0x0x7ff6a791ed0a]
	(No symbol) [0x0x7ff6a7901df3]
	(No symbol) [0x0x7ff6a78d5b36]
	(No symbol) [0x0x7ff6a78d4d80]
	(No symbol) [0x0x7ff6a78d5973]
	(No symbol) [0x0x7ff6a799e4a5]
	(No symbol) [0x0x7ff6a799a75d]
	GetHandleVerifier [0x0x7ff6a7b4d2b3+226019]
	GetHandleVerifier [0x0x7ff6a7b3c481+156849]
	GetHandleVerifier [0x0x7ff6a7b44979+190889]
	GetHandleVerifier [0x0x7ff6a7b29bb4+80868]
	GetHandleVerifier [0x0x7ff6a7b29d03+81203]
	GetHandleVerifier [0x0x7ff6a7b18286+8886]
	BaseThreadInitThunk [0x0x7ff98cdee8d7+23]
	RtlUserThreadStart [0x0x7ff98e38c53c+44]

[2025-12-03T12:05:23.174321] SCRAPER ratings fetch page 18 offset 340 failed (attempt 5/5): Message: no such window: target window already closed
from unknown error: web view not found
  (Session info: MicrosoftEdge=142.0.3595.94)
Stacktrace:
	GetHandleVerifier [0x0x7ff6a7b22a75+51877]
	GetHandleVerifier [0x0x7ff6a7b22ad4+51972]
	GetHandleVerifier [0x0x7ff6a7cd9425+1848405]
	(No symbol) [0x0x7ff6a7870e5f]
	(No symbol) [0x0x7ff6a79074ec]
	(No symbol) [0x0x7ff6a791ed0a]
	(No symbol) [0x0x7ff6a7901df3]
	(No symbol) [0x0x7ff6a78d5b36]
	(No symbol) [0x0x7ff6a78d4d80]
	(No symbol) [0x0x7ff6a78d5973]
	(No symbol) [0x0x7ff6a799e4a5]
	(No symbol) [0x0x7ff6a799a75d]
	GetHandleVerifier [0x0x7ff6a7b4d2b3+226019]
	GetHandleVerifier [0x0x7ff6a7b3c481+156849]
	GetHandleVerifier [0x0x7ff6a7b44979+190889]
	GetHandleVerifier [0x0x7ff6a7b29bb4+80868]
	GetHandleVerifier [0x0x7ff6a7b29d03+81203]
	GetHandleVerifier [0x0x7ff6a7b18286+8886]
	BaseThreadInitThunk [0x0x7ff98cdee8d7+23]
	RtlUserThreadStart [0x0x7ff98e38c53c+44]

[2025-12-03T12:05:26.749134] SCRAPER skip page 6 after 5 failures; lanjut halaman berikutnya
[2025-12-03T12:05:28.068954] SCRAPER skip page 18 after 5 failures; lanjut halaman berikutnya
[2025-12-03T12:05:28.071962] SCRAPER ratings fetch page 19 offset 360 failed (attempt 1/5): Message: no such window: target window already closed
from unknown error: web view not found
  (Session info: MicrosoftEdge=142.0.3595.94)
Stacktrace:
	GetHandleVerifier [0x0x7ff6a7b22a75+51877]
	GetHandleVerifier [0x0x7ff6a7b22ad4+51972]
	GetHandleVerifier [0x0x7ff6a7cd9425+1848405]
	(No symbol) [0x0x7ff6a7870e5f]
	(No symbol) [0x0x7ff6a79074ec]
	(No symbol) [0x0x7ff6a791ed0a]
	(No symbol) [0x0x7ff6a7901df3]
	(No symbol) [0x0x7ff6a78d5b36]
	(No symbol) [0x0x7ff6a78d4d80]
	(No symbol) [0x0x7ff6a78d5973]
	(No symbol) [0x0x7ff6a799e4a5]
	(No symbol) [0x0x7ff6a799a75d]
	GetHandleVerifier [0x0x7ff6a7b4d2b3+226019]
	GetHandleVerifier [0x0x7ff6a7b3c481+156849]
	GetHandleVerifier [0x0x7ff6a7b44979+190889]
	GetHandleVerifier [0x0x7ff6a7b29bb4+80868]
	GetHandleVerifier [0x0x7ff6a7b29d03+81203]
	GetHandleVerifier [0x0x7ff6a7b18286+8886]
	BaseThreadInitThunk [0x0x7ff98cdee8d7+23]
	RtlUserThreadStart [0x0x7ff98e38c53c+44]

[2025-12-03T12:05:28.178378] SCRAPER skip page 18 after 5 failures; lanjut halaman berikutnya
[2025-12-03T12:05:28.185377] SCRAPER ratings fetch page 19 offset 360 failed (attempt 1/5): Message: no such window: target window already closed
from unknown error: web view not found
  (Session info: MicrosoftEdge=142.0.3595.94)
Stacktrace:
	GetHandleVerifier [0x0x7ff6a7b22a75+51877]
	GetHandleVerifier [0x0x7ff6a7b22ad4+51972]
	GetHandleVerifier [0x0x7ff6a7cd9425+1848405]
	(No symbol) [0x0x7ff6a7870e5f]
	(No symbol) [0x0x7ff6a79074ec]
	(No symbol) [0x0x7ff6a791ed0a]
	(No symbol) [0x0x7ff6a7901df3]
	(No symbol) [0x0x7ff6a78d5b36]
	(No symbol) [0x0x7ff6a78d4d80]
	(No symbol) [0x0x7ff6a78d5973]
	(No symbol) [0x0x7ff6a799e4a5]
	(No symbol) [0x0x7ff6a799a75d]
	GetHandleVerifier [0x0x7ff6a7b4d2b3+226019]
	GetHandleVerifier [0x0x7ff6a7b3c481+156849]
	GetHandleVerifier [0x0x7ff6a7b44979+190889]
	GetHandleVerifier [0x0x7ff6a7b29bb4+80868]
	GetHandleVerifier [0x0x7ff6a7b29d03+81203]
	GetHandleVerifier [0x0x7ff6a7b18286+8886]
	BaseThreadInitThunk [0x0x7ff98cdee8d7+23]
	RtlUserThreadStart [0x0x7ff98e38c53c+44]

[2025-12-03T12:05:30.087508] SCRAPER ratings fetch page 19 offset 360 failed (attempt 2/5): Message: no such window: target window already closed
from unknown error: web view not found
  (Session info: MicrosoftEdge=142.0.3595.94)
Stacktrace:
	GetHandleVerifier [0x0x7ff6a7b22a75+51877]
	GetHandleVerifier [0x0x7ff6a7b22ad4+51972]
	GetHandleVerifier [0x0x7ff6a7cd9425+1848405]
	(No symbol) [0x0x7ff6a7870e5f]
	(No symbol) [0x0x7ff6a79074ec]
	(No symbol) [0x0x7ff6a791ed0a]
	(No symbol) [0x0x7ff6a7901df3]
	(No symbol) [0x0x7ff6a78d5b36]
	(No symbol) [0x0x7ff6a78d4d80]
	(No symbol) [0x0x7ff6a78d5973]
	(No symbol) [0x0x7ff6a799e4a5]
	(No symbol) [0x0x7ff6a799a75d]
	GetHandleVerifier [0x0x7ff6a7b4d2b3+226019]
	GetHandleVerifier [0x0x7ff6a7b3c481+156849]
	GetHandleVerifier [0x0x7ff6a7b44979+190889]
	GetHandleVerifier [0x0x7ff6a7b29bb4+80868]
	GetHandleVerifier [0x0x7ff6a7b29d03+81203]
	GetHandleVerifier [0x0x7ff6a7b18286+8886]
	BaseThreadInitThunk [0x0x7ff98cdee8d7+23]
	RtlUserThreadStart [0x0x7ff98e38c53c+44]

[2025-12-03T12:05:30.198537] SCRAPER ratings fetch page 19 offset 360 failed (attempt 2/5): Message: no such window: target window already closed
from unknown error: web view not found
  (Session info: MicrosoftEdge=142.0.3595.94)
Stacktrace:
	GetHandleVerifier [0x0x7ff6a7b22a75+51877]
	GetHandleVerifier [0x0x7ff6a7b22ad4+51972]
	GetHandleVerifier [0x0x7ff6a7cd9425+1848405]
	(No symbol) [0x0x7ff6a7870e5f]
	(No symbol) [0x0x7ff6a79074ec]
	(No symbol) [0x0x7ff6a791ed0a]
	(No symbol) [0x0x7ff6a7901df3]
	(No symbol) [0x0x7ff6a78d5b36]
	(No symbol) [0x0x7ff6a78d4d80]
	(No symbol) [0x0x7ff6a78d5973]
	(No symbol) [0x0x7ff6a799e4a5]
	(No symbol) [0x0x7ff6a799a75d]
	GetHandleVerifier [0x0x7ff6a7b4d2b3+226019]
	GetHandleVerifier [0x0x7ff6a7b3c481+156849]
	GetHandleVerifier [0x0x7ff6a7b44979+190889]
	GetHandleVerifier [0x0x7ff6a7b29bb4+80868]
	GetHandleVerifier [0x0x7ff6a7b29d03+81203]
	GetHandleVerifier [0x0x7ff6a7b18286+8886]
	BaseThreadInitThunk [0x0x7ff98cdee8d7+23]
	RtlUserThreadStart [0x0x7ff98e38c53c+44]

[2025-12-03T12:05:33.104828] SCRAPER ratings fetch page 19 offset 360 failed (attempt 3/5): Message: no such window: target window already closed
from unknown error: web view not found
  (Session info: MicrosoftEdge=142.0.3595.94)
Stacktrace:
	GetHandleVerifier [0x0x7ff6a7b22a75+51877]
	GetHandleVerifier [0x0x7ff6a7b22ad4+51972]
	GetHandleVerifier [0x0x7ff6a7cd9425+1848405]
	(No symbol) [0x0x7ff6a7870e5f]
	(No symbol) [0x0x7ff6a79074ec]
	(No symbol) [0x0x7ff6a791ed0a]
	(No symbol) [0x0x7ff6a7901df3]
	(No symbol) [0x0x7ff6a78d5b36]
	(No symbol) [0x0x7ff6a78d4d80]
	(No symbol) [0x0x7ff6a78d5973]
	(No symbol) [0x0x7ff6a799e4a5]
	(No symbol) [0x0x7ff6a799a75d]
	GetHandleVerifier [0x0x7ff6a7b4d2b3+226019]
	GetHandleVerifier [0x0x7ff6a7b3c481+156849]
	GetHandleVerifier [0x0x7ff6a7b44979+190889]
	GetHandleVerifier [0x0x7ff6a7b29bb4+80868]
	GetHandleVerifier [0x0x7ff6a7b29d03+81203]
	GetHandleVerifier [0x0x7ff6a7b18286+8886]
	BaseThreadInitThunk [0x0x7ff98cdee8d7+23]
	RtlUserThreadStart [0x0x7ff98e38c53c+44]

[2025-12-03T12:05:33.215873] SCRAPER ratings fetch page 19 offset 360 failed (attempt 3/5): Message: no such window: target window already closed
from unknown error: web view not found
  (Session info: MicrosoftEdge=142.0.3595.94)
Stacktrace:
	GetHandleVerifier [0x0x7ff6a7b22a75+51877]
	GetHandleVerifier [0x0x7ff6a7b22ad4+51972]
	GetHandleVerifier [0x0x7ff6a7cd9425+1848405]
	(No symbol) [0x0x7ff6a7870e5f]
	(No symbol) [0x0x7ff6a79074ec]
	(No symbol) [0x0x7ff6a791ed0a]
	(No symbol) [0x0x7ff6a7901df3]
	(No symbol) [0x0x7ff6a78d5b36]
	(No symbol) [0x0x7ff6a78d4d80]
	(No symbol) [0x0x7ff6a78d5973]
	(No symbol) [0x0x7ff6a799e4a5]
	(No symbol) [0x0x7ff6a799a75d]
	GetHandleVerifier [0x0x7ff6a7b4d2b3+226019]
	GetHandleVerifier [0x0x7ff6a7b3c481+156849]
	GetHandleVerifier [0x0x7ff6a7b44979+190889]
	GetHandleVerifier [0x0x7ff6a7b29bb4+80868]
	GetHandleVerifier [0x0x7ff6a7b29d03+81203]
	GetHandleVerifier [0x0x7ff6a7b18286+8886]
	BaseThreadInitThunk [0x0x7ff98cdee8d7+23]
	RtlUserThreadStart [0x0x7ff98e38c53c+44]

[2025-12-03T12:05:37.117327] SCRAPER ratings fetch page 19 offset 360 failed (attempt 4/5): Message: no such window: target window already closed
from unknown error: web view not found
  (Session info: MicrosoftEdge=142.0.3595.94)
Stacktrace:
	GetHandleVerifier [0x0x7ff6a7b22a75+51877]
	GetHandleVerifier [0x0x7ff6a7b22ad4+51972]
	GetHandleVerifier [0x0x7ff6a7cd9425+1848405]
	(No symbol) [0x0x7ff6a7870e5f]
	(No symbol) [0x0x7ff6a79074ec]
	(No symbol) [0x0x7ff6a791ed0a]
	(No symbol) [0x0x7ff6a7901df3]
	(No symbol) [0x0x7ff6a78d5b36]
	(No symbol) [0x0x7ff6a78d4d80]
	(No symbol) [0x0x7ff6a78d5973]
	(No symbol) [0x0x7ff6a799e4a5]
	(No symbol) [0x0x7ff6a799a75d]
	GetHandleVerifier [0x0x7ff6a7b4d2b3+226019]
	GetHandleVerifier [0x0x7ff6a7b3c481+156849]
	GetHandleVerifier [0x0x7ff6a7b44979+190889]
	GetHandleVerifier [0x0x7ff6a7b29bb4+80868]
	GetHandleVerifier [0x0x7ff6a7b29d03+81203]
	GetHandleVerifier [0x0x7ff6a7b18286+8886]
	BaseThreadInitThunk [0x0x7ff98cdee8d7+23]
	RtlUserThreadStart [0x0x7ff98e38c53c+44]

[2025-12-03T12:05:37.226078] SCRAPER ratings fetch page 19 offset 360 failed (attempt 4/5): Message: no such window: target window already closed
from unknown error: web view not found
  (Session info: MicrosoftEdge=142.0.3595.94)
Stacktrace:
	GetHandleVerifier [0x0x7ff6a7b22a75+51877]
	GetHandleVerifier [0x0x7ff6a7b22ad4+51972]
	GetHandleVerifier [0x0x7ff6a7cd9425+1848405]
	(No symbol) [0x0x7ff6a7870e5f]
	(No symbol) [0x0x7ff6a79074ec]
	(No symbol) [0x0x7ff6a791ed0a]
	(No symbol) [0x0x7ff6a7901df3]
	(No symbol) [0x0x7ff6a78d5b36]
	(No symbol) [0x0x7ff6a78d4d80]
	(No symbol) [0x0x7ff6a78d5973]
	(No symbol) [0x0x7ff6a799e4a5]
	(No symbol) [0x0x7ff6a799a75d]
	GetHandleVerifier [0x0x7ff6a7b4d2b3+226019]
	GetHandleVerifier [0x0x7ff6a7b3c481+156849]
	GetHandleVerifier [0x0x7ff6a7b44979+190889]
	GetHandleVerifier [0x0x7ff6a7b29bb4+80868]
	GetHandleVerifier [0x0x7ff6a7b29d03+81203]
	GetHandleVerifier [0x0x7ff6a7b18286+8886]
	BaseThreadInitThunk [0x0x7ff98cdee8d7+23]
	RtlUserThreadStart [0x0x7ff98e38c53c+44]

[2025-12-03T12:05:42.127058] SCRAPER ratings fetch page 19 offset 360 failed (attempt 5/5): Message: no such window: target window already closed
from unknown error: web view not found
  (Session info: MicrosoftEdge=142.0.3595.94)
Stacktrace:
	GetHandleVerifier [0x0x7ff6a7b22a75+51877]
	GetHandleVerifier [0x0x7ff6a7b22ad4+51972]
	GetHandleVerifier [0x0x7ff6a7cd9425+1848405]
	(No symbol) [0x0x7ff6a7870e5f]
	(No symbol) [0x0x7ff6a79074ec]
	(No symbol) [0x0x7ff6a791ed0a]
	(No symbol) [0x0x7ff6a7901df3]
	(No symbol) [0x0x7ff6a78d5b36]
	(No symbol) [0x0x7ff6a78d4d80]
	(No symbol) [0x0x7ff6a78d5973]
	(No symbol) [0x0x7ff6a799e4a5]
	(No symbol) [0x0x7ff6a799a75d]
	GetHandleVerifier [0x0x7ff6a7b4d2b3+226019]
	GetHandleVerifier [0x0x7ff6a7b3c481+156849]
	GetHandleVerifier [0x0x7ff6a7b44979+190889]
	GetHandleVerifier [0x0x7ff6a7b29bb4+80868]
	GetHandleVerifier [0x0x7ff6a7b29d03+81203]
	GetHandleVerifier [0x0x7ff6a7b18286+8886]
	BaseThreadInitThunk [0x0x7ff98cdee8d7+23]
	RtlUserThreadStart [0x0x7ff98e38c53c+44]

[2025-12-03T12:05:42.239915] SCRAPER ratings fetch page 19 offset 360 failed (attempt 5/5): Message: no such window: target window already closed
from unknown error: web view not found
  (Session info: MicrosoftEdge=142.0.3595.94)
Stacktrace:
	GetHandleVerifier [0x0x7ff6a7b22a75+51877]
	GetHandleVerifier [0x0x7ff6a7b22ad4+51972]
	GetHandleVerifier [0x0x7ff6a7cd9425+1848405]
	(No symbol) [0x0x7ff6a7870e5f]
	(No symbol) [0x0x7ff6a79074ec]
	(No symbol) [0x0x7ff6a791ed0a]
	(No symbol) [0x0x7ff6a7901df3]
	(No symbol) [0x0x7ff6a78d5b36]
	(No symbol) [0x0x7ff6a78d4d80]
	(No symbol) [0x0x7ff6a78d5973]
	(No symbol) [0x0x7ff6a799e4a5]
	(No symbol) [0x0x7ff6a799a75d]
	GetHandleVerifier [0x0x7ff6a7b4d2b3+226019]
	GetHandleVerifier [0x0x7ff6a7b3c481+156849]
	GetHandleVerifier [0x0x7ff6a7b44979+190889]
	GetHandleVerifier [0x0x7ff6a7b29bb4+80868]
	GetHandleVerifier [0x0x7ff6a7b29d03+81203]
	GetHandleVerifier [0x0x7ff6a7b18286+8886]
	BaseThreadInitThunk [0x0x7ff98cdee8d7+23]
	RtlUserThreadStart [0x0x7ff98e38c53c+44]

[2025-12-03T12:05:42.926142] SCRAPER ratings fetch page 7 offset 120 failed (attempt 1/5): HTTPConnectionPool(host='localhost', port=51982): Max retries exceeded with url: /session/eb4fe145f7c374b8145393fd9d40e526/execute/sync (Caused by NewConnectionError('<urllib3.connection.HTTPConnection object at 0x000001E0A3AC7F40>: Failed to establish a new connection: [WinError 10061] No connection could be made because the target machine actively refused it'))
[2025-12-03T12:05:47.140622] SCRAPER skip page 19 after 5 failures; lanjut halaman berikutnya
[2025-12-03T12:05:47.146745] SCRAPER ratings fetch page 20 offset 380 failed (attempt 1/5): Message: no such window: target window already closed
from unknown error: web view not found
  (Session info: MicrosoftEdge=142.0.3595.94)
Stacktrace:
	GetHandleVerifier [0x0x7ff6a7b22a75+51877]
	GetHandleVerifier [0x0x7ff6a7b22ad4+51972]
	GetHandleVerifier [0x0x7ff6a7cd9425+1848405]
	(No symbol) [0x0x7ff6a7870e5f]
	(No symbol) [0x0x7ff6a79074ec]
	(No symbol) [0x0x7ff6a791ed0a]
	(No symbol) [0x0x7ff6a7901df3]
	(No symbol) [0x0x7ff6a78d5b36]
	(No symbol) [0x0x7ff6a78d4d80]
	(No symbol) [0x0x7ff6a78d5973]
	(No symbol) [0x0x7ff6a799e4a5]
	(No symbol) [0x0x7ff6a799a75d]
	GetHandleVerifier [0x0x7ff6a7b4d2b3+226019]
	GetHandleVerifier [0x0x7ff6a7b3c481+156849]
	GetHandleVerifier [0x0x7ff6a7b44979+190889]
	GetHandleVerifier [0x0x7ff6a7b29bb4+80868]
	GetHandleVerifier [0x0x7ff6a7b29d03+81203]
	GetHandleVerifier [0x0x7ff6a7b18286+8886]
	BaseThreadInitThunk [0x0x7ff98cdee8d7+23]
	RtlUserThreadStart [0x0x7ff98e38c53c+44]

[2025-12-03T12:05:47.249683] SCRAPER skip page 19 after 5 failures; lanjut halaman berikutnya
[2025-12-03T12:05:47.255638] SCRAPER ratings fetch page 20 offset 380 failed (attempt 1/5): Message: no such window: target window already closed
from unknown error: web view not found
  (Session info: MicrosoftEdge=142.0.3595.94)
Stacktrace:
	GetHandleVerifier [0x0x7ff6a7b22a75+51877]
	GetHandleVerifier [0x0x7ff6a7b22ad4+51972]
	GetHandleVerifier [0x0x7ff6a7cd9425+1848405]
	(No symbol) [0x0x7ff6a7870e5f]
	(No symbol) [0x0x7ff6a79074ec]
	(No symbol) [0x0x7ff6a791ed0a]
	(No symbol) [0x0x7ff6a7901df3]
	(No symbol) [0x0x7ff6a78d5b36]
	(No symbol) [0x0x7ff6a78d4d80]
	(No symbol) [0x0x7ff6a78d5973]
	(No symbol) [0x0x7ff6a799e4a5]
	(No symbol) [0x0x7ff6a799a75d]
	GetHandleVerifier [0x0x7ff6a7b4d2b3+226019]
	GetHandleVerifier [0x0x7ff6a7b3c481+156849]
	GetHandleVerifier [0x0x7ff6a7b44979+190889]
	GetHandleVerifier [0x0x7ff6a7b29bb4+80868]
	GetHandleVerifier [0x0x7ff6a7b29d03+81203]
	GetHandleVerifier [0x0x7ff6a7b18286+8886]
	BaseThreadInitThunk [0x0x7ff98cdee8d7+23]
	RtlUserThreadStart [0x0x7ff98e38c53c+44]

[2025-12-03T12:05:49.156137] SCRAPER ratings fetch page 20 offset 380 failed (attempt 2/5): Message: no such window: target window already closed
from unknown error: web view not found
  (Session info: MicrosoftEdge=142.0.3595.94)
Stacktrace:
	GetHandleVerifier [0x0x7ff6a7b22a75+51877]
	GetHandleVerifier [0x0x7ff6a7b22ad4+51972]
	GetHandleVerifier [0x0x7ff6a7cd9425+1848405]
	(No symbol) [0x0x7ff6a7870e5f]
	(No symbol) [0x0x7ff6a79074ec]
	(No symbol) [0x0x7ff6a791ed0a]
	(No symbol) [0x0x7ff6a7901df3]
	(No symbol) [0x0x7ff6a78d5b36]
	(No symbol) [0x0x7ff6a78d4d80]
	(No symbol) [0x0x7ff6a78d5973]
	(No symbol) [0x0x7ff6a799e4a5]
	(No symbol) [0x0x7ff6a799a75d]
	GetHandleVerifier [0x0x7ff6a7b4d2b3+226019]
	GetHandleVerifier [0x0x7ff6a7b3c481+156849]
	GetHandleVerifier [0x0x7ff6a7b44979+190889]
	GetHandleVerifier [0x0x7ff6a7b29bb4+80868]
	GetHandleVerifier [0x0x7ff6a7b29d03+81203]
	GetHandleVerifier [0x0x7ff6a7b18286+8886]
	BaseThreadInitThunk [0x0x7ff98cdee8d7+23]
	RtlUserThreadStart [0x0x7ff98e38c53c+44]

[2025-12-03T12:05:49.266994] SCRAPER ratings fetch page 20 offset 380 failed (attempt 2/5): Message: no such window: target window already closed
from unknown error: web view not found
  (Session info: MicrosoftEdge=142.0.3595.94)
Stacktrace:
	GetHandleVerifier [0x0x7ff6a7b22a75+51877]
	GetHandleVerifier [0x0x7ff6a7b22ad4+51972]
	GetHandleVerifier [0x0x7ff6a7cd9425+1848405]
	(No symbol) [0x0x7ff6a7870e5f]
	(No symbol) [0x0x7ff6a79074ec]
	(No symbol) [0x0x7ff6a791ed0a]
	(No symbol) [0x0x7ff6a7901df3]
	(No symbol) [0x0x7ff6a78d5b36]
	(No symbol) [0x0x7ff6a78d4d80]
	(No symbol) [0x0x7ff6a78d5973]
	(No symbol) [0x0x7ff6a799e4a5]
	(No symbol) [0x0x7ff6a799a75d]
	GetHandleVerifier [0x0x7ff6a7b4d2b3+226019]
	GetHandleVerifier [0x0x7ff6a7b3c481+156849]
	GetHandleVerifier [0x0x7ff6a7b44979+190889]
	GetHandleVerifier [0x0x7ff6a7b29bb4+80868]
	GetHandleVerifier [0x0x7ff6a7b29d03+81203]
	GetHandleVerifier [0x0x7ff6a7b18286+8886]
	BaseThreadInitThunk [0x0x7ff98cdee8d7+23]
	RtlUserThreadStart [0x0x7ff98e38c53c+44]

[2025-12-03T12:05:52.164598] SCRAPER ratings fetch page 20 offset 380 failed (attempt 3/5): Message: no such window: target window already closed
from unknown error: web view not found
  (Session info: MicrosoftEdge=142.0.3595.94)
Stacktrace:
	GetHandleVerifier [0x0x7ff6a7b22a75+51877]
	GetHandleVerifier [0x0x7ff6a7b22ad4+51972]
	GetHandleVerifier [0x0x7ff6a7cd9425+1848405]
	(No symbol) [0x0x7ff6a7870e5f]
	(No symbol) [0x0x7ff6a79074ec]
	(No symbol) [0x0x7ff6a791ed0a]
	(No symbol) [0x0x7ff6a7901df3]
	(No symbol) [0x0x7ff6a78d5b36]
	(No symbol) [0x0x7ff6a78d4d80]
	(No symbol) [0x0x7ff6a78d5973]
	(No symbol) [0x0x7ff6a799e4a5]
	(No symbol) [0x0x7ff6a799a75d]
	GetHandleVerifier [0x0x7ff6a7b4d2b3+226019]
	GetHandleVerifier [0x0x7ff6a7b3c481+156849]
	GetHandleVerifier [0x0x7ff6a7b44979+190889]
	GetHandleVerifier [0x0x7ff6a7b29bb4+80868]
	GetHandleVerifier [0x0x7ff6a7b29d03+81203]
	GetHandleVerifier [0x0x7ff6a7b18286+8886]
	BaseThreadInitThunk [0x0x7ff98cdee8d7+23]
	RtlUserThreadStart [0x0x7ff98e38c53c+44]

[2025-12-03T12:05:52.279337] SCRAPER ratings fetch page 20 offset 380 failed (attempt 3/5): Message: no such window: target window already closed
from unknown error: web view not found
  (Session info: MicrosoftEdge=142.0.3595.94)
Stacktrace:
	GetHandleVerifier [0x0x7ff6a7b22a75+51877]
	GetHandleVerifier [0x0x7ff6a7b22ad4+51972]
	GetHandleVerifier [0x0x7ff6a7cd9425+1848405]
	(No symbol) [0x0x7ff6a7870e5f]
	(No symbol) [0x0x7ff6a79074ec]
	(No symbol) [0x0x7ff6a791ed0a]
	(No symbol) [0x0x7ff6a7901df3]
	(No symbol) [0x0x7ff6a78d5b36]
	(No symbol) [0x0x7ff6a78d4d80]
	(No symbol) [0x0x7ff6a78d5973]
	(No symbol) [0x0x7ff6a799e4a5]
	(No symbol) [0x0x7ff6a799a75d]
	GetHandleVerifier [0x0x7ff6a7b4d2b3+226019]
	GetHandleVerifier [0x0x7ff6a7b3c481+156849]
	GetHandleVerifier [0x0x7ff6a7b44979+190889]
	GetHandleVerifier [0x0x7ff6a7b29bb4+80868]
	GetHandleVerifier [0x0x7ff6a7b29d03+81203]
	GetHandleVerifier [0x0x7ff6a7b18286+8886]
	BaseThreadInitThunk [0x0x7ff98cdee8d7+23]
	RtlUserThreadStart [0x0x7ff98e38c53c+44]

[2025-12-03T12:05:56.170577] SCRAPER ratings fetch page 20 offset 380 failed (attempt 4/5): Message: no such window: target window already closed
from unknown error: web view not found
  (Session info: MicrosoftEdge=142.0.3595.94)
Stacktrace:
	GetHandleVerifier [0x0x7ff6a7b22a75+51877]
	GetHandleVerifier [0x0x7ff6a7b22ad4+51972]
	GetHandleVerifier [0x0x7ff6a7cd9425+1848405]
	(No symbol) [0x0x7ff6a7870e5f]
	(No symbol) [0x0x7ff6a79074ec]
	(No symbol) [0x0x7ff6a791ed0a]
	(No symbol) [0x0x7ff6a7901df3]
	(No symbol) [0x0x7ff6a78d5b36]
	(No symbol) [0x0x7ff6a78d4d80]
	(No symbol) [0x0x7ff6a78d5973]
	(No symbol) [0x0x7ff6a799e4a5]
	(No symbol) [0x0x7ff6a799a75d]
	GetHandleVerifier [0x0x7ff6a7b4d2b3+226019]
	GetHandleVerifier [0x0x7ff6a7b3c481+156849]
	GetHandleVerifier [0x0x7ff6a7b44979+190889]
	GetHandleVerifier [0x0x7ff6a7b29bb4+80868]
	GetHandleVerifier [0x0x7ff6a7b29d03+81203]
	GetHandleVerifier [0x0x7ff6a7b18286+8886]
	BaseThreadInitThunk [0x0x7ff98cdee8d7+23]
	RtlUserThreadStart [0x0x7ff98e38c53c+44]

[2025-12-03T12:05:56.296879] SCRAPER ratings fetch page 20 offset 380 failed (attempt 4/5): Message: no such window: target window already closed
from unknown error: web view not found
  (Session info: MicrosoftEdge=142.0.3595.94)
Stacktrace:
	GetHandleVerifier [0x0x7ff6a7b22a75+51877]
	GetHandleVerifier [0x0x7ff6a7b22ad4+51972]
	GetHandleVerifier [0x0x7ff6a7cd9425+1848405]
	(No symbol) [0x0x7ff6a7870e5f]
	(No symbol) [0x0x7ff6a79074ec]
	(No symbol) [0x0x7ff6a791ed0a]
	(No symbol) [0x0x7ff6a7901df3]
	(No symbol) [0x0x7ff6a78d5b36]
	(No symbol) [0x0x7ff6a78d4d80]
	(No symbol) [0x0x7ff6a78d5973]
	(No symbol) [0x0x7ff6a799e4a5]
	(No symbol) [0x0x7ff6a799a75d]
	GetHandleVerifier [0x0x7ff6a7b4d2b3+226019]
	GetHandleVerifier [0x0x7ff6a7b3c481+156849]
	GetHandleVerifier [0x0x7ff6a7b44979+190889]
	GetHandleVerifier [0x0x7ff6a7b29bb4+80868]
	GetHandleVerifier [0x0x7ff6a7b29d03+81203]
	GetHandleVerifier [0x0x7ff6a7b18286+8886]
	BaseThreadInitThunk [0x0x7ff98cdee8d7+23]
	RtlUserThreadStart [0x0x7ff98e38c53c+44]

[2025-12-03T12:06:01.135895] SCRAPER ratings fetch page 7 offset 120 failed (attempt 2/5): HTTPConnectionPool(host='localhost', port=51982): Max retries exceeded with url: /session/eb4fe145f7c374b8145393fd9d40e526/execute/sync (Caused by NewConnectionError('<urllib3.connection.HTTPConnection object at 0x000001E0B79CC100>: Failed to establish a new connection: [WinError 10061] No connection could be made because the target machine actively refused it'))
[2025-12-03T12:06:01.185479] SCRAPER ratings fetch page 20 offset 380 failed (attempt 5/5): Message: no such window: target window already closed
from unknown error: web view not found
  (Session info: MicrosoftEdge=142.0.3595.94)
Stacktrace:
	GetHandleVerifier [0x0x7ff6a7b22a75+51877]
	GetHandleVerifier [0x0x7ff6a7b22ad4+51972]
	GetHandleVerifier [0x0x7ff6a7cd9425+1848405]
	(No symbol) [0x0x7ff6a7870e5f]
	(No symbol) [0x0x7ff6a79074ec]
	(No symbol) [0x0x7ff6a791ed0a]
	(No symbol) [0x0x7ff6a7901df3]
	(No symbol) [0x0x7ff6a78d5b36]
	(No symbol) [0x0x7ff6a78d4d80]
	(No symbol) [0x0x7ff6a78d5973]
	(No symbol) [0x0x7ff6a799e4a5]
	(No symbol) [0x0x7ff6a799a75d]
	GetHandleVerifier [0x0x7ff6a7b4d2b3+226019]
	GetHandleVerifier [0x0x7ff6a7b3c481+156849]
	GetHandleVerifier [0x0x7ff6a7b44979+190889]
	GetHandleVerifier [0x0x7ff6a7b29bb4+80868]
	GetHandleVerifier [0x0x7ff6a7b29d03+81203]
	GetHandleVerifier [0x0x7ff6a7b18286+8886]
	BaseThreadInitThunk [0x0x7ff98cdee8d7+23]
	RtlUserThreadStart [0x0x7ff98e38c53c+44]

[2025-12-03T12:06:01.314183] SCRAPER ratings fetch page 20 offset 380 failed (attempt 5/5): Message: no such window: target window already closed
from unknown error: web view not found
  (Session info: MicrosoftEdge=142.0.3595.94)
Stacktrace:
	GetHandleVerifier [0x0x7ff6a7b22a75+51877]
	GetHandleVerifier [0x0x7ff6a7b22ad4+51972]
	GetHandleVerifier [0x0x7ff6a7cd9425+1848405]
	(No symbol) [0x0x7ff6a7870e5f]
	(No symbol) [0x0x7ff6a79074ec]
	(No symbol) [0x0x7ff6a791ed0a]
	(No symbol) [0x0x7ff6a7901df3]
	(No symbol) [0x0x7ff6a78d5b36]
	(No symbol) [0x0x7ff6a78d4d80]
	(No symbol) [0x0x7ff6a78d5973]
	(No symbol) [0x0x7ff6a799e4a5]
	(No symbol) [0x0x7ff6a799a75d]
	GetHandleVerifier [0x0x7ff6a7b4d2b3+226019]
	GetHandleVerifier [0x0x7ff6a7b3c481+156849]
	GetHandleVerifier [0x0x7ff6a7b44979+190889]
	GetHandleVerifier [0x0x7ff6a7b29bb4+80868]
	GetHandleVerifier [0x0x7ff6a7b29d03+81203]
	GetHandleVerifier [0x0x7ff6a7b18286+8886]
	BaseThreadInitThunk [0x0x7ff98cdee8d7+23]
	RtlUserThreadStart [0x0x7ff98e38c53c+44]

[2025-12-03T12:06:06.187705] SCRAPER skip page 20 after 5 failures; lanjut halaman berikutnya
[2025-12-03T12:06:06.193661] SCRAPER ratings fetch page 21 offset 400 failed (attempt 1/5): Message: no such window: target window already closed
from unknown error: web view not found
  (Session info: MicrosoftEdge=142.0.3595.94)
Stacktrace:
	GetHandleVerifier [0x0x7ff6a7b22a75+51877]
	GetHandleVerifier [0x0x7ff6a7b22ad4+51972]
	GetHandleVerifier [0x0x7ff6a7cd9425+1848405]
	(No symbol) [0x0x7ff6a7870e5f]
	(No symbol) [0x0x7ff6a79074ec]
	(No symbol) [0x0x7ff6a791ed0a]
	(No symbol) [0x0x7ff6a7901df3]
	(No symbol) [0x0x7ff6a78d5b36]
	(No symbol) [0x0x7ff6a78d4d80]
	(No symbol) [0x0x7ff6a78d5973]
	(No symbol) [0x0x7ff6a799e4a5]
	(No symbol) [0x0x7ff6a799a75d]
	GetHandleVerifier [0x0x7ff6a7b4d2b3+226019]
	GetHandleVerifier [0x0x7ff6a7b3c481+156849]
	GetHandleVerifier [0x0x7ff6a7b44979+190889]
	GetHandleVerifier [0x0x7ff6a7b29bb4+80868]
	GetHandleVerifier [0x0x7ff6a7b29d03+81203]
	GetHandleVerifier [0x0x7ff6a7b18286+8886]
	BaseThreadInitThunk [0x0x7ff98cdee8d7+23]
	RtlUserThreadStart [0x0x7ff98e38c53c+44]

[2025-12-03T12:06:06.329347] SCRAPER skip page 20 after 5 failures; lanjut halaman berikutnya
[2025-12-03T12:06:06.335065] SCRAPER ratings fetch page 21 offset 400 failed (attempt 1/5): Message: no such window: target window already closed
from unknown error: web view not found
  (Session info: MicrosoftEdge=142.0.3595.94)
Stacktrace:
	GetHandleVerifier [0x0x7ff6a7b22a75+51877]
	GetHandleVerifier [0x0x7ff6a7b22ad4+51972]
	GetHandleVerifier [0x0x7ff6a7cd9425+1848405]
	(No symbol) [0x0x7ff6a7870e5f]
	(No symbol) [0x0x7ff6a79074ec]
	(No symbol) [0x0x7ff6a791ed0a]
	(No symbol) [0x0x7ff6a7901df3]
	(No symbol) [0x0x7ff6a78d5b36]
	(No symbol) [0x0x7ff6a78d4d80]
	(No symbol) [0x0x7ff6a78d5973]
	(No symbol) [0x0x7ff6a799e4a5]
	(No symbol) [0x0x7ff6a799a75d]
	GetHandleVerifier [0x0x7ff6a7b4d2b3+226019]
	GetHandleVerifier [0x0x7ff6a7b3c481+156849]
	GetHandleVerifier [0x0x7ff6a7b44979+190889]
	GetHandleVerifier [0x0x7ff6a7b29bb4+80868]
	GetHandleVerifier [0x0x7ff6a7b29d03+81203]
	GetHandleVerifier [0x0x7ff6a7b18286+8886]
	BaseThreadInitThunk [0x0x7ff98cdee8d7+23]
	RtlUserThreadStart [0x0x7ff98e38c53c+44]

[2025-12-03T12:06:08.214370] SCRAPER ratings fetch page 21 offset 400 failed (attempt 2/5): Message: no such window: target window already closed
from unknown error: web view not found
  (Session info: MicrosoftEdge=142.0.3595.94)
Stacktrace:
	GetHandleVerifier [0x0x7ff6a7b22a75+51877]
	GetHandleVerifier [0x0x7ff6a7b22ad4+51972]
	GetHandleVerifier [0x0x7ff6a7cd9425+1848405]
	(No symbol) [0x0x7ff6a7870e5f]
	(No symbol) [0x0x7ff6a79074ec]
	(No symbol) [0x0x7ff6a791ed0a]
	(No symbol) [0x0x7ff6a7901df3]
	(No symbol) [0x0x7ff6a78d5b36]
	(No symbol) [0x0x7ff6a78d4d80]
	(No symbol) [0x0x7ff6a78d5973]
	(No symbol) [0x0x7ff6a799e4a5]
	(No symbol) [0x0x7ff6a799a75d]
	GetHandleVerifier [0x0x7ff6a7b4d2b3+226019]
	GetHandleVerifier [0x0x7ff6a7b3c481+156849]
	GetHandleVerifier [0x0x7ff6a7b44979+190889]
	GetHandleVerifier [0x0x7ff6a7b29bb4+80868]
	GetHandleVerifier [0x0x7ff6a7b29d03+81203]
	GetHandleVerifier [0x0x7ff6a7b18286+8886]
	BaseThreadInitThunk [0x0x7ff98cdee8d7+23]
	RtlUserThreadStart [0x0x7ff98e38c53c+44]

[2025-12-03T12:06:08.353146] SCRAPER ratings fetch page 21 offset 400 failed (attempt 2/5): Message: no such window: target window already closed
from unknown error: web view not found
  (Session info: MicrosoftEdge=142.0.3595.94)
Stacktrace:
	GetHandleVerifier [0x0x7ff6a7b22a75+51877]
	GetHandleVerifier [0x0x7ff6a7b22ad4+51972]
	GetHandleVerifier [0x0x7ff6a7cd9425+1848405]
	(No symbol) [0x0x7ff6a7870e5f]
	(No symbol) [0x0x7ff6a79074ec]
	(No symbol) [0x0x7ff6a791ed0a]
	(No symbol) [0x0x7ff6a7901df3]
	(No symbol) [0x0x7ff6a78d5b36]
	(No symbol) [0x0x7ff6a78d4d80]
	(No symbol) [0x0x7ff6a78d5973]
	(No symbol) [0x0x7ff6a799e4a5]
	(No symbol) [0x0x7ff6a799a75d]
	GetHandleVerifier [0x0x7ff6a7b4d2b3+226019]
	GetHandleVerifier [0x0x7ff6a7b3c481+156849]
	GetHandleVerifier [0x0x7ff6a7b44979+190889]
	GetHandleVerifier [0x0x7ff6a7b29bb4+80868]
	GetHandleVerifier [0x0x7ff6a7b29d03+81203]
	GetHandleVerifier [0x0x7ff6a7b18286+8886]
	BaseThreadInitThunk [0x0x7ff98cdee8d7+23]
	RtlUserThreadStart [0x0x7ff98e38c53c+44]

[2025-12-03T12:06:11.230148] SCRAPER ratings fetch page 21 offset 400 failed (attempt 3/5): Message: no such window: target window already closed
from unknown error: web view not found
  (Session info: MicrosoftEdge=142.0.3595.94)
Stacktrace:
	GetHandleVerifier [0x0x7ff6a7b22a75+51877]
	GetHandleVerifier [0x0x7ff6a7b22ad4+51972]
	GetHandleVerifier [0x0x7ff6a7cd9425+1848405]
	(No symbol) [0x0x7ff6a7870e5f]
	(No symbol) [0x0x7ff6a79074ec]
	(No symbol) [0x0x7ff6a791ed0a]
	(No symbol) [0x0x7ff6a7901df3]
	(No symbol) [0x0x7ff6a78d5b36]
	(No symbol) [0x0x7ff6a78d4d80]
	(No symbol) [0x0x7ff6a78d5973]
	(No symbol) [0x0x7ff6a799e4a5]
	(No symbol) [0x0x7ff6a799a75d]
	GetHandleVerifier [0x0x7ff6a7b4d2b3+226019]
	GetHandleVerifier [0x0x7ff6a7b3c481+156849]
	GetHandleVerifier [0x0x7ff6a7b44979+190889]
	GetHandleVerifier [0x0x7ff6a7b29bb4+80868]
	GetHandleVerifier [0x0x7ff6a7b29d03+81203]
	GetHandleVerifier [0x0x7ff6a7b18286+8886]
	BaseThreadInitThunk [0x0x7ff98cdee8d7+23]
	RtlUserThreadStart [0x0x7ff98e38c53c+44]

[2025-12-03T12:06:11.369609] SCRAPER ratings fetch page 21 offset 400 failed (attempt 3/5): Message: no such window: target window already closed
from unknown error: web view not found
  (Session info: MicrosoftEdge=142.0.3595.94)
Stacktrace:
	GetHandleVerifier [0x0x7ff6a7b22a75+51877]
	GetHandleVerifier [0x0x7ff6a7b22ad4+51972]
	GetHandleVerifier [0x0x7ff6a7cd9425+1848405]
	(No symbol) [0x0x7ff6a7870e5f]
	(No symbol) [0x0x7ff6a79074ec]
	(No symbol) [0x0x7ff6a791ed0a]
	(No symbol) [0x0x7ff6a7901df3]
	(No symbol) [0x0x7ff6a78d5b36]
	(No symbol) [0x0x7ff6a78d4d80]
	(No symbol) [0x0x7ff6a78d5973]
	(No symbol) [0x0x7ff6a799e4a5]
	(No symbol) [0x0x7ff6a799a75d]
	GetHandleVerifier [0x0x7ff6a7b4d2b3+226019]
	GetHandleVerifier [0x0x7ff6a7b3c481+156849]
	GetHandleVerifier [0x0x7ff6a7b44979+190889]
	GetHandleVerifier [0x0x7ff6a7b29bb4+80868]
	GetHandleVerifier [0x0x7ff6a7b29d03+81203]
	GetHandleVerifier [0x0x7ff6a7b18286+8886]
	BaseThreadInitThunk [0x0x7ff98cdee8d7+23]
	RtlUserThreadStart [0x0x7ff98e38c53c+44]

[2025-12-03T12:06:15.242181] SCRAPER ratings fetch page 21 offset 400 failed (attempt 4/5): Message: no such window: target window already closed
from unknown error: web view not found
  (Session info: MicrosoftEdge=142.0.3595.94)
Stacktrace:
	GetHandleVerifier [0x0x7ff6a7b22a75+51877]
	GetHandleVerifier [0x0x7ff6a7b22ad4+51972]
	GetHandleVerifier [0x0x7ff6a7cd9425+1848405]
	(No symbol) [0x0x7ff6a7870e5f]
	(No symbol) [0x0x7ff6a79074ec]
	(No symbol) [0x0x7ff6a791ed0a]
	(No symbol) [0x0x7ff6a7901df3]
	(No symbol) [0x0x7ff6a78d5b36]
	(No symbol) [0x0x7ff6a78d4d80]
	(No symbol) [0x0x7ff6a78d5973]
	(No symbol) [0x0x7ff6a799e4a5]
	(No symbol) [0x0x7ff6a799a75d]
	GetHandleVerifier [0x0x7ff6a7b4d2b3+226019]
	GetHandleVerifier [0x0x7ff6a7b3c481+156849]
	GetHandleVerifier [0x0x7ff6a7b44979+190889]
	GetHandleVerifier [0x0x7ff6a7b29bb4+80868]
	GetHandleVerifier [0x0x7ff6a7b29d03+81203]
	GetHandleVerifier [0x0x7ff6a7b18286+8886]
	BaseThreadInitThunk [0x0x7ff98cdee8d7+23]
	RtlUserThreadStart [0x0x7ff98e38c53c+44]

[2025-12-03T12:06:15.385409] SCRAPER ratings fetch page 21 offset 400 failed (attempt 4/5): Message: no such window: target window already closed
from unknown error: web view not found
  (Session info: MicrosoftEdge=142.0.3595.94)
Stacktrace:
	GetHandleVerifier [0x0x7ff6a7b22a75+51877]
	GetHandleVerifier [0x0x7ff6a7b22ad4+51972]
	GetHandleVerifier [0x0x7ff6a7cd9425+1848405]
	(No symbol) [0x0x7ff6a7870e5f]
	(No symbol) [0x0x7ff6a79074ec]
	(No symbol) [0x0x7ff6a791ed0a]
	(No symbol) [0x0x7ff6a7901df3]
	(No symbol) [0x0x7ff6a78d5b36]
	(No symbol) [0x0x7ff6a78d4d80]
	(No symbol) [0x0x7ff6a78d5973]
	(No symbol) [0x0x7ff6a799e4a5]
	(No symbol) [0x0x7ff6a799a75d]
	GetHandleVerifier [0x0x7ff6a7b4d2b3+226019]
	GetHandleVerifier [0x0x7ff6a7b3c481+156849]
	GetHandleVerifier [0x0x7ff6a7b44979+190889]
	GetHandleVerifier [0x0x7ff6a7b29bb4+80868]
	GetHandleVerifier [0x0x7ff6a7b29d03+81203]
	GetHandleVerifier [0x0x7ff6a7b18286+8886]
	BaseThreadInitThunk [0x0x7ff98cdee8d7+23]
	RtlUserThreadStart [0x0x7ff98e38c53c+44]

[2025-12-03T12:06:20.261115] SCRAPER ratings fetch page 21 offset 400 failed (attempt 5/5): Message: no such window: target window already closed
from unknown error: web view not found
  (Session info: MicrosoftEdge=142.0.3595.94)
Stacktrace:
	GetHandleVerifier [0x0x7ff6a7b22a75+51877]
	GetHandleVerifier [0x0x7ff6a7b22ad4+51972]
	GetHandleVerifier [0x0x7ff6a7cd9425+1848405]
	(No symbol) [0x0x7ff6a7870e5f]
	(No symbol) [0x0x7ff6a79074ec]
	(No symbol) [0x0x7ff6a791ed0a]
	(No symbol) [0x0x7ff6a7901df3]
	(No symbol) [0x0x7ff6a78d5b36]
	(No symbol) [0x0x7ff6a78d4d80]
	(No symbol) [0x0x7ff6a78d5973]
	(No symbol) [0x0x7ff6a799e4a5]
	(No symbol) [0x0x7ff6a799a75d]
	GetHandleVerifier [0x0x7ff6a7b4d2b3+226019]
	GetHandleVerifier [0x0x7ff6a7b3c481+156849]
	GetHandleVerifier [0x0x7ff6a7b44979+190889]
	GetHandleVerifier [0x0x7ff6a7b29bb4+80868]
	GetHandleVerifier [0x0x7ff6a7b29d03+81203]
	GetHandleVerifier [0x0x7ff6a7b18286+8886]
	BaseThreadInitThunk [0x0x7ff98cdee8d7+23]
	RtlUserThreadStart [0x0x7ff98e38c53c+44]

[2025-12-03T12:06:20.385086] SCRAPER ratings fetch page 7 offset 120 failed (attempt 3/5): HTTPConnectionPool(host='localhost', port=51982): Max retries exceeded with url: /session/eb4fe145f7c374b8145393fd9d40e526/execute/sync (Caused by NewConnectionError('<urllib3.connection.HTTPConnection object at 0x000001E0B786F9D0>: Failed to establish a new connection: [WinError 10061] No connection could be made because the target machine actively refused it'))
[2025-12-03T12:06:20.402709] SCRAPER ratings fetch page 21 offset 400 failed (attempt 5/5): Message: no such window: target window already closed
from unknown error: web view not found
  (Session info: MicrosoftEdge=142.0.3595.94)
Stacktrace:
	GetHandleVerifier [0x0x7ff6a7b22a75+51877]
	GetHandleVerifier [0x0x7ff6a7b22ad4+51972]
	GetHandleVerifier [0x0x7ff6a7cd9425+1848405]
	(No symbol) [0x0x7ff6a7870e5f]
	(No symbol) [0x0x7ff6a79074ec]
	(No symbol) [0x0x7ff6a791ed0a]
	(No symbol) [0x0x7ff6a7901df3]
	(No symbol) [0x0x7ff6a78d5b36]
	(No symbol) [0x0x7ff6a78d4d80]
	(No symbol) [0x0x7ff6a78d5973]
	(No symbol) [0x0x7ff6a799e4a5]
	(No symbol) [0x0x7ff6a799a75d]
	GetHandleVerifier [0x0x7ff6a7b4d2b3+226019]
	GetHandleVerifier [0x0x7ff6a7b3c481+156849]
	GetHandleVerifier [0x0x7ff6a7b44979+190889]
	GetHandleVerifier [0x0x7ff6a7b29bb4+80868]
	GetHandleVerifier [0x0x7ff6a7b29d03+81203]
	GetHandleVerifier [0x0x7ff6a7b18286+8886]
	BaseThreadInitThunk [0x0x7ff98cdee8d7+23]
	RtlUserThreadStart [0x0x7ff98e38c53c+44]

[2025-12-03T12:06:25.270308] SCRAPER skip page 21 after 5 failures; lanjut halaman berikutnya
[2025-12-03T12:06:25.274296] SCRAPER ratings fetch page 22 offset 420 failed (attempt 1/5): Message: no such window: target window already closed
from unknown error: web view not found
  (Session info: MicrosoftEdge=142.0.3595.94)
Stacktrace:
	GetHandleVerifier [0x0x7ff6a7b22a75+51877]
	GetHandleVerifier [0x0x7ff6a7b22ad4+51972]
	GetHandleVerifier [0x0x7ff6a7cd9425+1848405]
	(No symbol) [0x0x7ff6a7870e5f]
	(No symbol) [0x0x7ff6a79074ec]
	(No symbol) [0x0x7ff6a791ed0a]
	(No symbol) [0x0x7ff6a7901df3]
	(No symbol) [0x0x7ff6a78d5b36]
	(No symbol) [0x0x7ff6a78d4d80]
	(No symbol) [0x0x7ff6a78d5973]
	(No symbol) [0x0x7ff6a799e4a5]
	(No symbol) [0x0x7ff6a799a75d]
	GetHandleVerifier [0x0x7ff6a7b4d2b3+226019]
	GetHandleVerifier [0x0x7ff6a7b3c481+156849]
	GetHandleVerifier [0x0x7ff6a7b44979+190889]
	GetHandleVerifier [0x0x7ff6a7b29bb4+80868]
	GetHandleVerifier [0x0x7ff6a7b29d03+81203]
	GetHandleVerifier [0x0x7ff6a7b18286+8886]
	BaseThreadInitThunk [0x0x7ff98cdee8d7+23]
	RtlUserThreadStart [0x0x7ff98e38c53c+44]

[2025-12-03T12:06:25.412838] SCRAPER skip page 21 after 5 failures; lanjut halaman berikutnya
[2025-12-03T12:06:25.415841] SCRAPER ratings fetch page 22 offset 420 failed (attempt 1/5): Message: no such window: target window already closed
from unknown error: web view not found
  (Session info: MicrosoftEdge=142.0.3595.94)
Stacktrace:
	GetHandleVerifier [0x0x7ff6a7b22a75+51877]
	GetHandleVerifier [0x0x7ff6a7b22ad4+51972]
	GetHandleVerifier [0x0x7ff6a7cd9425+1848405]
	(No symbol) [0x0x7ff6a7870e5f]
	(No symbol) [0x0x7ff6a79074ec]
	(No symbol) [0x0x7ff6a791ed0a]
	(No symbol) [0x0x7ff6a7901df3]
	(No symbol) [0x0x7ff6a78d5b36]
	(No symbol) [0x0x7ff6a78d4d80]
	(No symbol) [0x0x7ff6a78d5973]
	(No symbol) [0x0x7ff6a799e4a5]
	(No symbol) [0x0x7ff6a799a75d]
	GetHandleVerifier [0x0x7ff6a7b4d2b3+226019]
	GetHandleVerifier [0x0x7ff6a7b3c481+156849]
	GetHandleVerifier [0x0x7ff6a7b44979+190889]
	GetHandleVerifier [0x0x7ff6a7b29bb4+80868]
	GetHandleVerifier [0x0x7ff6a7b29d03+81203]
	GetHandleVerifier [0x0x7ff6a7b18286+8886]
	BaseThreadInitThunk [0x0x7ff98cdee8d7+23]
	RtlUserThreadStart [0x0x7ff98e38c53c+44]

[2025-12-03T12:06:27.296071] SCRAPER ratings fetch page 22 offset 420 failed (attempt 2/5): Message: no such window: target window already closed
from unknown error: web view not found
  (Session info: MicrosoftEdge=142.0.3595.94)
Stacktrace:
	GetHandleVerifier [0x0x7ff6a7b22a75+51877]
	GetHandleVerifier [0x0x7ff6a7b22ad4+51972]
	GetHandleVerifier [0x0x7ff6a7cd9425+1848405]
	(No symbol) [0x0x7ff6a7870e5f]
	(No symbol) [0x0x7ff6a79074ec]
	(No symbol) [0x0x7ff6a791ed0a]
	(No symbol) [0x0x7ff6a7901df3]
	(No symbol) [0x0x7ff6a78d5b36]
	(No symbol) [0x0x7ff6a78d4d80]
	(No symbol) [0x0x7ff6a78d5973]
	(No symbol) [0x0x7ff6a799e4a5]
	(No symbol) [0x0x7ff6a799a75d]
	GetHandleVerifier [0x0x7ff6a7b4d2b3+226019]
	GetHandleVerifier [0x0x7ff6a7b3c481+156849]
	GetHandleVerifier [0x0x7ff6a7b44979+190889]
	GetHandleVerifier [0x0x7ff6a7b29bb4+80868]
	GetHandleVerifier [0x0x7ff6a7b29d03+81203]
	GetHandleVerifier [0x0x7ff6a7b18286+8886]
	BaseThreadInitThunk [0x0x7ff98cdee8d7+23]
	RtlUserThreadStart [0x0x7ff98e38c53c+44]

[2025-12-03T12:06:27.432578] SCRAPER ratings fetch page 22 offset 420 failed (attempt 2/5): Message: no such window: target window already closed
from unknown error: web view not found
  (Session info: MicrosoftEdge=142.0.3595.94)
Stacktrace:
	GetHandleVerifier [0x0x7ff6a7b22a75+51877]
	GetHandleVerifier [0x0x7ff6a7b22ad4+51972]
	GetHandleVerifier [0x0x7ff6a7cd9425+1848405]
	(No symbol) [0x0x7ff6a7870e5f]
	(No symbol) [0x0x7ff6a79074ec]
	(No symbol) [0x0x7ff6a791ed0a]
	(No symbol) [0x0x7ff6a7901df3]
	(No symbol) [0x0x7ff6a78d5b36]
	(No symbol) [0x0x7ff6a78d4d80]
	(No symbol) [0x0x7ff6a78d5973]
	(No symbol) [0x0x7ff6a799e4a5]
	(No symbol) [0x0x7ff6a799a75d]
	GetHandleVerifier [0x0x7ff6a7b4d2b3+226019]
	GetHandleVerifier [0x0x7ff6a7b3c481+156849]
	GetHandleVerifier [0x0x7ff6a7b44979+190889]
	GetHandleVerifier [0x0x7ff6a7b29bb4+80868]
	GetHandleVerifier [0x0x7ff6a7b29d03+81203]
	GetHandleVerifier [0x0x7ff6a7b18286+8886]
	BaseThreadInitThunk [0x0x7ff98cdee8d7+23]
	RtlUserThreadStart [0x0x7ff98e38c53c+44]

[2025-12-03T12:06:30.307749] SCRAPER ratings fetch page 22 offset 420 failed (attempt 3/5): Message: no such window: target window already closed
from unknown error: web view not found
  (Session info: MicrosoftEdge=142.0.3595.94)
Stacktrace:
	GetHandleVerifier [0x0x7ff6a7b22a75+51877]
	GetHandleVerifier [0x0x7ff6a7b22ad4+51972]
	GetHandleVerifier [0x0x7ff6a7cd9425+1848405]
	(No symbol) [0x0x7ff6a7870e5f]
	(No symbol) [0x0x7ff6a79074ec]
	(No symbol) [0x0x7ff6a791ed0a]
	(No symbol) [0x0x7ff6a7901df3]
	(No symbol) [0x0x7ff6a78d5b36]
	(No symbol) [0x0x7ff6a78d4d80]
	(No symbol) [0x0x7ff6a78d5973]
	(No symbol) [0x0x7ff6a799e4a5]
	(No symbol) [0x0x7ff6a799a75d]
	GetHandleVerifier [0x0x7ff6a7b4d2b3+226019]
	GetHandleVerifier [0x0x7ff6a7b3c481+156849]
	GetHandleVerifier [0x0x7ff6a7b44979+190889]
	GetHandleVerifier [0x0x7ff6a7b29bb4+80868]
	GetHandleVerifier [0x0x7ff6a7b29d03+81203]
	GetHandleVerifier [0x0x7ff6a7b18286+8886]
	BaseThreadInitThunk [0x0x7ff98cdee8d7+23]
	RtlUserThreadStart [0x0x7ff98e38c53c+44]

[2025-12-03T12:06:30.449741] SCRAPER ratings fetch page 22 offset 420 failed (attempt 3/5): Message: no such window: target window already closed
from unknown error: web view not found
  (Session info: MicrosoftEdge=142.0.3595.94)
Stacktrace:
	GetHandleVerifier [0x0x7ff6a7b22a75+51877]
	GetHandleVerifier [0x0x7ff6a7b22ad4+51972]
	GetHandleVerifier [0x0x7ff6a7cd9425+1848405]
	(No symbol) [0x0x7ff6a7870e5f]
	(No symbol) [0x0x7ff6a79074ec]
	(No symbol) [0x0x7ff6a791ed0a]
	(No symbol) [0x0x7ff6a7901df3]
	(No symbol) [0x0x7ff6a78d5b36]
	(No symbol) [0x0x7ff6a78d4d80]
	(No symbol) [0x0x7ff6a78d5973]
	(No symbol) [0x0x7ff6a799e4a5]
	(No symbol) [0x0x7ff6a799a75d]
	GetHandleVerifier [0x0x7ff6a7b4d2b3+226019]
	GetHandleVerifier [0x0x7ff6a7b3c481+156849]
	GetHandleVerifier [0x0x7ff6a7b44979+190889]
	GetHandleVerifier [0x0x7ff6a7b29bb4+80868]
	GetHandleVerifier [0x0x7ff6a7b29d03+81203]
	GetHandleVerifier [0x0x7ff6a7b18286+8886]
	BaseThreadInitThunk [0x0x7ff98cdee8d7+23]
	RtlUserThreadStart [0x0x7ff98e38c53c+44]

[2025-12-03T12:06:34.325743] SCRAPER ratings fetch page 22 offset 420 failed (attempt 4/5): Message: no such window: target window already closed
from unknown error: web view not found
  (Session info: MicrosoftEdge=142.0.3595.94)
Stacktrace:
	GetHandleVerifier [0x0x7ff6a7b22a75+51877]
	GetHandleVerifier [0x0x7ff6a7b22ad4+51972]
	GetHandleVerifier [0x0x7ff6a7cd9425+1848405]
	(No symbol) [0x0x7ff6a7870e5f]
	(No symbol) [0x0x7ff6a79074ec]
	(No symbol) [0x0x7ff6a791ed0a]
	(No symbol) [0x0x7ff6a7901df3]
	(No symbol) [0x0x7ff6a78d5b36]
	(No symbol) [0x0x7ff6a78d4d80]
	(No symbol) [0x0x7ff6a78d5973]
	(No symbol) [0x0x7ff6a799e4a5]
	(No symbol) [0x0x7ff6a799a75d]
	GetHandleVerifier [0x0x7ff6a7b4d2b3+226019]
	GetHandleVerifier [0x0x7ff6a7b3c481+156849]
	GetHandleVerifier [0x0x7ff6a7b44979+190889]
	GetHandleVerifier [0x0x7ff6a7b29bb4+80868]
	GetHandleVerifier [0x0x7ff6a7b29d03+81203]
	GetHandleVerifier [0x0x7ff6a7b18286+8886]
	BaseThreadInitThunk [0x0x7ff98cdee8d7+23]
	RtlUserThreadStart [0x0x7ff98e38c53c+44]

[2025-12-03T12:06:34.462462] SCRAPER ratings fetch page 22 offset 420 failed (attempt 4/5): Message: no such window: target window already closed
from unknown error: web view not found
  (Session info: MicrosoftEdge=142.0.3595.94)
Stacktrace:
	GetHandleVerifier [0x0x7ff6a7b22a75+51877]
	GetHandleVerifier [0x0x7ff6a7b22ad4+51972]
	GetHandleVerifier [0x0x7ff6a7cd9425+1848405]
	(No symbol) [0x0x7ff6a7870e5f]
	(No symbol) [0x0x7ff6a79074ec]
	(No symbol) [0x0x7ff6a791ed0a]
	(No symbol) [0x0x7ff6a7901df3]
	(No symbol) [0x0x7ff6a78d5b36]
	(No symbol) [0x0x7ff6a78d4d80]
	(No symbol) [0x0x7ff6a78d5973]
	(No symbol) [0x0x7ff6a799e4a5]
	(No symbol) [0x0x7ff6a799a75d]
	GetHandleVerifier [0x0x7ff6a7b4d2b3+226019]
	GetHandleVerifier [0x0x7ff6a7b3c481+156849]
	GetHandleVerifier [0x0x7ff6a7b44979+190889]
	GetHandleVerifier [0x0x7ff6a7b29bb4+80868]
	GetHandleVerifier [0x0x7ff6a7b29d03+81203]
	GetHandleVerifier [0x0x7ff6a7b18286+8886]
	BaseThreadInitThunk [0x0x7ff98cdee8d7+23]
	RtlUserThreadStart [0x0x7ff98e38c53c+44]

[2025-12-03T12:06:39.333655] SCRAPER ratings fetch page 22 offset 420 failed (attempt 5/5): Message: no such window: target window already closed
from unknown error: web view not found
  (Session info: MicrosoftEdge=142.0.3595.94)
Stacktrace:
	GetHandleVerifier [0x0x7ff6a7b22a75+51877]
	GetHandleVerifier [0x0x7ff6a7b22ad4+51972]
	GetHandleVerifier [0x0x7ff6a7cd9425+1848405]
	(No symbol) [0x0x7ff6a7870e5f]
	(No symbol) [0x0x7ff6a79074ec]
	(No symbol) [0x0x7ff6a791ed0a]
	(No symbol) [0x0x7ff6a7901df3]
	(No symbol) [0x0x7ff6a78d5b36]
	(No symbol) [0x0x7ff6a78d4d80]
	(No symbol) [0x0x7ff6a78d5973]
	(No symbol) [0x0x7ff6a799e4a5]
	(No symbol) [0x0x7ff6a799a75d]
	GetHandleVerifier [0x0x7ff6a7b4d2b3+226019]
	GetHandleVerifier [0x0x7ff6a7b3c481+156849]
	GetHandleVerifier [0x0x7ff6a7b44979+190889]
	GetHandleVerifier [0x0x7ff6a7b29bb4+80868]
	GetHandleVerifier [0x0x7ff6a7b29d03+81203]
	GetHandleVerifier [0x0x7ff6a7b18286+8886]
	BaseThreadInitThunk [0x0x7ff98cdee8d7+23]
	RtlUserThreadStart [0x0x7ff98e38c53c+44]

[2025-12-03T12:06:39.473479] SCRAPER ratings fetch page 22 offset 420 failed (attempt 5/5): Message: no such window: target window already closed
from unknown error: web view not found
  (Session info: MicrosoftEdge=142.0.3595.94)
Stacktrace:
	GetHandleVerifier [0x0x7ff6a7b22a75+51877]
	GetHandleVerifier [0x0x7ff6a7b22ad4+51972]
	GetHandleVerifier [0x0x7ff6a7cd9425+1848405]
	(No symbol) [0x0x7ff6a7870e5f]
	(No symbol) [0x0x7ff6a79074ec]
	(No symbol) [0x0x7ff6a791ed0a]
	(No symbol) [0x0x7ff6a7901df3]
	(No symbol) [0x0x7ff6a78d5b36]
	(No symbol) [0x0x7ff6a78d4d80]
	(No symbol) [0x0x7ff6a78d5973]
	(No symbol) [0x0x7ff6a799e4a5]
	(No symbol) [0x0x7ff6a799a75d]
	GetHandleVerifier [0x0x7ff6a7b4d2b3+226019]
	GetHandleVerifier [0x0x7ff6a7b3c481+156849]
	GetHandleVerifier [0x0x7ff6a7b44979+190889]
	GetHandleVerifier [0x0x7ff6a7b29bb4+80868]
	GetHandleVerifier [0x0x7ff6a7b29d03+81203]
	GetHandleVerifier [0x0x7ff6a7b18286+8886]
	BaseThreadInitThunk [0x0x7ff98cdee8d7+23]
	RtlUserThreadStart [0x0x7ff98e38c53c+44]

[2025-12-03T12:06:40.678012] SCRAPER ratings fetch page 7 offset 120 failed (attempt 4/5): HTTPConnectionPool(host='localhost', port=51982): Max retries exceeded with url: /session/eb4fe145f7c374b8145393fd9d40e526/execute/sync (Caused by NewConnectionError('<urllib3.connection.HTTPConnection object at 0x000001E0B79CECE0>: Failed to establish a new connection: [WinError 10061] No connection could be made because the target machine actively refused it'))
[2025-12-03T12:06:44.339920] SCRAPER skip page 22 after 5 failures; lanjut halaman berikutnya
[2025-12-03T12:06:44.341832] SCRAPER ratings fetch page 23 offset 440 failed (attempt 1/5): Message: no such window: target window already closed
from unknown error: web view not found
  (Session info: MicrosoftEdge=142.0.3595.94)
Stacktrace:
	GetHandleVerifier [0x0x7ff6a7b22a75+51877]
	GetHandleVerifier [0x0x7ff6a7b22ad4+51972]
	GetHandleVerifier [0x0x7ff6a7cd9425+1848405]
	(No symbol) [0x0x7ff6a7870e5f]
	(No symbol) [0x0x7ff6a79074ec]
	(No symbol) [0x0x7ff6a791ed0a]
	(No symbol) [0x0x7ff6a7901df3]
	(No symbol) [0x0x7ff6a78d5b36]
	(No symbol) [0x0x7ff6a78d4d80]
	(No symbol) [0x0x7ff6a78d5973]
	(No symbol) [0x0x7ff6a799e4a5]
	(No symbol) [0x0x7ff6a799a75d]
	GetHandleVerifier [0x0x7ff6a7b4d2b3+226019]
	GetHandleVerifier [0x0x7ff6a7b3c481+156849]
	GetHandleVerifier [0x0x7ff6a7b44979+190889]
	GetHandleVerifier [0x0x7ff6a7b29bb4+80868]
	GetHandleVerifier [0x0x7ff6a7b29d03+81203]
	GetHandleVerifier [0x0x7ff6a7b18286+8886]
	BaseThreadInitThunk [0x0x7ff98cdee8d7+23]
	RtlUserThreadStart [0x0x7ff98e38c53c+44]

[2025-12-03T12:06:44.481484] SCRAPER skip page 22 after 5 failures; lanjut halaman berikutnya
[2025-12-03T12:06:44.486474] SCRAPER ratings fetch page 23 offset 440 failed (attempt 1/5): Message: no such window: target window already closed
from unknown error: web view not found
  (Session info: MicrosoftEdge=142.0.3595.94)
Stacktrace:
	GetHandleVerifier [0x0x7ff6a7b22a75+51877]
	GetHandleVerifier [0x0x7ff6a7b22ad4+51972]
	GetHandleVerifier [0x0x7ff6a7cd9425+1848405]
	(No symbol) [0x0x7ff6a7870e5f]
	(No symbol) [0x0x7ff6a79074ec]
	(No symbol) [0x0x7ff6a791ed0a]
	(No symbol) [0x0x7ff6a7901df3]
	(No symbol) [0x0x7ff6a78d5b36]
	(No symbol) [0x0x7ff6a78d4d80]
	(No symbol) [0x0x7ff6a78d5973]
	(No symbol) [0x0x7ff6a799e4a5]
	(No symbol) [0x0x7ff6a799a75d]
	GetHandleVerifier [0x0x7ff6a7b4d2b3+226019]
	GetHandleVerifier [0x0x7ff6a7b3c481+156849]
	GetHandleVerifier [0x0x7ff6a7b44979+190889]
	GetHandleVerifier [0x0x7ff6a7b29bb4+80868]
	GetHandleVerifier [0x0x7ff6a7b29d03+81203]
	GetHandleVerifier [0x0x7ff6a7b18286+8886]
	BaseThreadInitThunk [0x0x7ff98cdee8d7+23]
	RtlUserThreadStart [0x0x7ff98e38c53c+44]

[2025-12-03T12:06:46.359429] SCRAPER ratings fetch page 23 offset 440 failed (attempt 2/5): Message: no such window: target window already closed
from unknown error: web view not found
  (Session info: MicrosoftEdge=142.0.3595.94)
Stacktrace:
	GetHandleVerifier [0x0x7ff6a7b22a75+51877]
	GetHandleVerifier [0x0x7ff6a7b22ad4+51972]
	GetHandleVerifier [0x0x7ff6a7cd9425+1848405]
	(No symbol) [0x0x7ff6a7870e5f]
	(No symbol) [0x0x7ff6a79074ec]
	(No symbol) [0x0x7ff6a791ed0a]
	(No symbol) [0x0x7ff6a7901df3]
	(No symbol) [0x0x7ff6a78d5b36]
	(No symbol) [0x0x7ff6a78d4d80]
	(No symbol) [0x0x7ff6a78d5973]
	(No symbol) [0x0x7ff6a799e4a5]
	(No symbol) [0x0x7ff6a799a75d]
	GetHandleVerifier [0x0x7ff6a7b4d2b3+226019]
	GetHandleVerifier [0x0x7ff6a7b3c481+156849]
	GetHandleVerifier [0x0x7ff6a7b44979+190889]
	GetHandleVerifier [0x0x7ff6a7b29bb4+80868]
	GetHandleVerifier [0x0x7ff6a7b29d03+81203]
	GetHandleVerifier [0x0x7ff6a7b18286+8886]
	BaseThreadInitThunk [0x0x7ff98cdee8d7+23]
	RtlUserThreadStart [0x0x7ff98e38c53c+44]

[2025-12-03T12:06:46.503085] SCRAPER ratings fetch page 23 offset 440 failed (attempt 2/5): Message: no such window: target window already closed
from unknown error: web view not found
  (Session info: MicrosoftEdge=142.0.3595.94)
Stacktrace:
	GetHandleVerifier [0x0x7ff6a7b22a75+51877]
	GetHandleVerifier [0x0x7ff6a7b22ad4+51972]
	GetHandleVerifier [0x0x7ff6a7cd9425+1848405]
	(No symbol) [0x0x7ff6a7870e5f]
	(No symbol) [0x0x7ff6a79074ec]
	(No symbol) [0x0x7ff6a791ed0a]
	(No symbol) [0x0x7ff6a7901df3]
	(No symbol) [0x0x7ff6a78d5b36]
	(No symbol) [0x0x7ff6a78d4d80]
	(No symbol) [0x0x7ff6a78d5973]
	(No symbol) [0x0x7ff6a799e4a5]
	(No symbol) [0x0x7ff6a799a75d]
	GetHandleVerifier [0x0x7ff6a7b4d2b3+226019]
	GetHandleVerifier [0x0x7ff6a7b3c481+156849]
	GetHandleVerifier [0x0x7ff6a7b44979+190889]
	GetHandleVerifier [0x0x7ff6a7b29bb4+80868]
	GetHandleVerifier [0x0x7ff6a7b29d03+81203]
	GetHandleVerifier [0x0x7ff6a7b18286+8886]
	BaseThreadInitThunk [0x0x7ff98cdee8d7+23]
	RtlUserThreadStart [0x0x7ff98e38c53c+44]

[2025-12-03T12:06:49.371507] SCRAPER ratings fetch page 23 offset 440 failed (attempt 3/5): Message: no such window: target window already closed
from unknown error: web view not found
  (Session info: MicrosoftEdge=142.0.3595.94)
Stacktrace:
	GetHandleVerifier [0x0x7ff6a7b22a75+51877]
	GetHandleVerifier [0x0x7ff6a7b22ad4+51972]
	GetHandleVerifier [0x0x7ff6a7cd9425+1848405]
	(No symbol) [0x0x7ff6a7870e5f]
	(No symbol) [0x0x7ff6a79074ec]
	(No symbol) [0x0x7ff6a791ed0a]
	(No symbol) [0x0x7ff6a7901df3]
	(No symbol) [0x0x7ff6a78d5b36]
	(No symbol) [0x0x7ff6a78d4d80]
	(No symbol) [0x0x7ff6a78d5973]
	(No symbol) [0x0x7ff6a799e4a5]
	(No symbol) [0x0x7ff6a799a75d]
	GetHandleVerifier [0x0x7ff6a7b4d2b3+226019]
	GetHandleVerifier [0x0x7ff6a7b3c481+156849]
	GetHandleVerifier [0x0x7ff6a7b44979+190889]
	GetHandleVerifier [0x0x7ff6a7b29bb4+80868]
	GetHandleVerifier [0x0x7ff6a7b29d03+81203]
	GetHandleVerifier [0x0x7ff6a7b18286+8886]
	BaseThreadInitThunk [0x0x7ff98cdee8d7+23]
	RtlUserThreadStart [0x0x7ff98e38c53c+44]

[2025-12-03T12:06:49.507200] SCRAPER ratings fetch page 23 offset 440 failed (attempt 3/5): Message: no such window: target window already closed
from unknown error: web view not found
  (Session info: MicrosoftEdge=142.0.3595.94)
Stacktrace:
	GetHandleVerifier [0x0x7ff6a7b22a75+51877]
	GetHandleVerifier [0x0x7ff6a7b22ad4+51972]
	GetHandleVerifier [0x0x7ff6a7cd9425+1848405]
	(No symbol) [0x0x7ff6a7870e5f]
	(No symbol) [0x0x7ff6a79074ec]
	(No symbol) [0x0x7ff6a791ed0a]
	(No symbol) [0x0x7ff6a7901df3]
	(No symbol) [0x0x7ff6a78d5b36]
	(No symbol) [0x0x7ff6a78d4d80]
	(No symbol) [0x0x7ff6a78d5973]
	(No symbol) [0x0x7ff6a799e4a5]
	(No symbol) [0x0x7ff6a799a75d]
	GetHandleVerifier [0x0x7ff6a7b4d2b3+226019]
	GetHandleVerifier [0x0x7ff6a7b3c481+156849]
	GetHandleVerifier [0x0x7ff6a7b44979+190889]
	GetHandleVerifier [0x0x7ff6a7b29bb4+80868]
	GetHandleVerifier [0x0x7ff6a7b29d03+81203]
	GetHandleVerifier [0x0x7ff6a7b18286+8886]
	BaseThreadInitThunk [0x0x7ff98cdee8d7+23]
	RtlUserThreadStart [0x0x7ff98e38c53c+44]

[2025-12-03T12:06:53.386241] SCRAPER ratings fetch page 23 offset 440 failed (attempt 4/5): Message: no such window: target window already closed
from unknown error: web view not found
  (Session info: MicrosoftEdge=142.0.3595.94)
Stacktrace:
	GetHandleVerifier [0x0x7ff6a7b22a75+51877]
	GetHandleVerifier [0x0x7ff6a7b22ad4+51972]
	GetHandleVerifier [0x0x7ff6a7cd9425+1848405]
	(No symbol) [0x0x7ff6a7870e5f]
	(No symbol) [0x0x7ff6a79074ec]
	(No symbol) [0x0x7ff6a791ed0a]
	(No symbol) [0x0x7ff6a7901df3]
	(No symbol) [0x0x7ff6a78d5b36]
	(No symbol) [0x0x7ff6a78d4d80]
	(No symbol) [0x0x7ff6a78d5973]
	(No symbol) [0x0x7ff6a799e4a5]
	(No symbol) [0x0x7ff6a799a75d]
	GetHandleVerifier [0x0x7ff6a7b4d2b3+226019]
	GetHandleVerifier [0x0x7ff6a7b3c481+156849]
	GetHandleVerifier [0x0x7ff6a7b44979+190889]
	GetHandleVerifier [0x0x7ff6a7b29bb4+80868]
	GetHandleVerifier [0x0x7ff6a7b29d03+81203]
	GetHandleVerifier [0x0x7ff6a7b18286+8886]
	BaseThreadInitThunk [0x0x7ff98cdee8d7+23]
	RtlUserThreadStart [0x0x7ff98e38c53c+44]

[2025-12-03T12:06:53.526221] SCRAPER ratings fetch page 23 offset 440 failed (attempt 4/5): Message: no such window: target window already closed
from unknown error: web view not found
  (Session info: MicrosoftEdge=142.0.3595.94)
Stacktrace:
	GetHandleVerifier [0x0x7ff6a7b22a75+51877]
	GetHandleVerifier [0x0x7ff6a7b22ad4+51972]
	GetHandleVerifier [0x0x7ff6a7cd9425+1848405]
	(No symbol) [0x0x7ff6a7870e5f]
	(No symbol) [0x0x7ff6a79074ec]
	(No symbol) [0x0x7ff6a791ed0a]
	(No symbol) [0x0x7ff6a7901df3]
	(No symbol) [0x0x7ff6a78d5b36]
	(No symbol) [0x0x7ff6a78d4d80]
	(No symbol) [0x0x7ff6a78d5973]
	(No symbol) [0x0x7ff6a799e4a5]
	(No symbol) [0x0x7ff6a799a75d]
	GetHandleVerifier [0x0x7ff6a7b4d2b3+226019]
	GetHandleVerifier [0x0x7ff6a7b3c481+156849]
	GetHandleVerifier [0x0x7ff6a7b44979+190889]
	GetHandleVerifier [0x0x7ff6a7b29bb4+80868]
	GetHandleVerifier [0x0x7ff6a7b29d03+81203]
	GetHandleVerifier [0x0x7ff6a7b18286+8886]
	BaseThreadInitThunk [0x0x7ff98cdee8d7+23]
	RtlUserThreadStart [0x0x7ff98e38c53c+44]

[2025-12-03T12:06:58.401799] SCRAPER ratings fetch page 23 offset 440 failed (attempt 5/5): Message: no such window: target window already closed
from unknown error: web view not found
  (Session info: MicrosoftEdge=142.0.3595.94)
Stacktrace:
	GetHandleVerifier [0x0x7ff6a7b22a75+51877]
	GetHandleVerifier [0x0x7ff6a7b22ad4+51972]
	GetHandleVerifier [0x0x7ff6a7cd9425+1848405]
	(No symbol) [0x0x7ff6a7870e5f]
	(No symbol) [0x0x7ff6a79074ec]
	(No symbol) [0x0x7ff6a791ed0a]
	(No symbol) [0x0x7ff6a7901df3]
	(No symbol) [0x0x7ff6a78d5b36]
	(No symbol) [0x0x7ff6a78d4d80]
	(No symbol) [0x0x7ff6a78d5973]
	(No symbol) [0x0x7ff6a799e4a5]
	(No symbol) [0x0x7ff6a799a75d]
	GetHandleVerifier [0x0x7ff6a7b4d2b3+226019]
	GetHandleVerifier [0x0x7ff6a7b3c481+156849]
	GetHandleVerifier [0x0x7ff6a7b44979+190889]
	GetHandleVerifier [0x0x7ff6a7b29bb4+80868]
	GetHandleVerifier [0x0x7ff6a7b29d03+81203]
	GetHandleVerifier [0x0x7ff6a7b18286+8886]
	BaseThreadInitThunk [0x0x7ff98cdee8d7+23]
	RtlUserThreadStart [0x0x7ff98e38c53c+44]

[2025-12-03T12:06:58.540225] SCRAPER ratings fetch page 23 offset 440 failed (attempt 5/5): Message: no such window: target window already closed
from unknown error: web view not found
  (Session info: MicrosoftEdge=142.0.3595.94)
Stacktrace:
	GetHandleVerifier [0x0x7ff6a7b22a75+51877]
	GetHandleVerifier [0x0x7ff6a7b22ad4+51972]
	GetHandleVerifier [0x0x7ff6a7cd9425+1848405]
	(No symbol) [0x0x7ff6a7870e5f]
	(No symbol) [0x0x7ff6a79074ec]
	(No symbol) [0x0x7ff6a791ed0a]
	(No symbol) [0x0x7ff6a7901df3]
	(No symbol) [0x0x7ff6a78d5b36]
	(No symbol) [0x0x7ff6a78d4d80]
	(No symbol) [0x0x7ff6a78d5973]
	(No symbol) [0x0x7ff6a799e4a5]
	(No symbol) [0x0x7ff6a799a75d]
	GetHandleVerifier [0x0x7ff6a7b4d2b3+226019]
	GetHandleVerifier [0x0x7ff6a7b3c481+156849]
	GetHandleVerifier [0x0x7ff6a7b44979+190889]
	GetHandleVerifier [0x0x7ff6a7b29bb4+80868]
	GetHandleVerifier [0x0x7ff6a7b29d03+81203]
	GetHandleVerifier [0x0x7ff6a7b18286+8886]
	BaseThreadInitThunk [0x0x7ff98cdee8d7+23]
	RtlUserThreadStart [0x0x7ff98e38c53c+44]

[2025-12-03T12:07:01.840357] SCRAPER ratings fetch page 7 offset 120 failed (attempt 5/5): HTTPConnectionPool(host='localhost', port=51982): Max retries exceeded with url: /session/eb4fe145f7c374b8145393fd9d40e526/execute/sync (Caused by NewConnectionError('<urllib3.connection.HTTPConnection object at 0x000001E0A3AC6410>: Failed to establish a new connection: [WinError 10061] No connection could be made because the target machine actively refused it'))
[2025-12-03T12:07:03.404460] SCRAPER skip page 23 after 5 failures; lanjut halaman berikutnya
[2025-12-03T12:07:03.411893] SCRAPER ratings fetch page 24 offset 460 failed (attempt 1/5): Message: no such window: target window already closed
from unknown error: web view not found
  (Session info: MicrosoftEdge=142.0.3595.94)
Stacktrace:
	GetHandleVerifier [0x0x7ff6a7b22a75+51877]
	GetHandleVerifier [0x0x7ff6a7b22ad4+51972]
	GetHandleVerifier [0x0x7ff6a7cd9425+1848405]
	(No symbol) [0x0x7ff6a7870e5f]
	(No symbol) [0x0x7ff6a79074ec]
	(No symbol) [0x0x7ff6a791ed0a]
	(No symbol) [0x0x7ff6a7901df3]
	(No symbol) [0x0x7ff6a78d5b36]
	(No symbol) [0x0x7ff6a78d4d80]
	(No symbol) [0x0x7ff6a78d5973]
	(No symbol) [0x0x7ff6a799e4a5]
	(No symbol) [0x0x7ff6a799a75d]
	GetHandleVerifier [0x0x7ff6a7b4d2b3+226019]
	GetHandleVerifier [0x0x7ff6a7b3c481+156849]
	GetHandleVerifier [0x0x7ff6a7b44979+190889]
	GetHandleVerifier [0x0x7ff6a7b29bb4+80868]
	GetHandleVerifier [0x0x7ff6a7b29d03+81203]
	GetHandleVerifier [0x0x7ff6a7b18286+8886]
	BaseThreadInitThunk [0x0x7ff98cdee8d7+23]
	RtlUserThreadStart [0x0x7ff98e38c53c+44]

[2025-12-03T12:07:03.546499] SCRAPER skip page 23 after 5 failures; lanjut halaman berikutnya
[2025-12-03T12:07:03.552682] SCRAPER ratings fetch page 24 offset 460 failed (attempt 1/5): Message: no such window: target window already closed
from unknown error: web view not found
  (Session info: MicrosoftEdge=142.0.3595.94)
Stacktrace:
	GetHandleVerifier [0x0x7ff6a7b22a75+51877]
	GetHandleVerifier [0x0x7ff6a7b22ad4+51972]
	GetHandleVerifier [0x0x7ff6a7cd9425+1848405]
	(No symbol) [0x0x7ff6a7870e5f]
	(No symbol) [0x0x7ff6a79074ec]
	(No symbol) [0x0x7ff6a791ed0a]
	(No symbol) [0x0x7ff6a7901df3]
	(No symbol) [0x0x7ff6a78d5b36]
	(No symbol) [0x0x7ff6a78d4d80]
	(No symbol) [0x0x7ff6a78d5973]
	(No symbol) [0x0x7ff6a799e4a5]
	(No symbol) [0x0x7ff6a799a75d]
	GetHandleVerifier [0x0x7ff6a7b4d2b3+226019]
	GetHandleVerifier [0x0x7ff6a7b3c481+156849]
	GetHandleVerifier [0x0x7ff6a7b44979+190889]
	GetHandleVerifier [0x0x7ff6a7b29bb4+80868]
	GetHandleVerifier [0x0x7ff6a7b29d03+81203]
	GetHandleVerifier [0x0x7ff6a7b18286+8886]
	BaseThreadInitThunk [0x0x7ff98cdee8d7+23]
	RtlUserThreadStart [0x0x7ff98e38c53c+44]

[2025-12-03T12:07:05.428830] SCRAPER ratings fetch page 24 offset 460 failed (attempt 2/5): Message: no such window: target window already closed
from unknown error: web view not found
  (Session info: MicrosoftEdge=142.0.3595.94)
Stacktrace:
	GetHandleVerifier [0x0x7ff6a7b22a75+51877]
	GetHandleVerifier [0x0x7ff6a7b22ad4+51972]
	GetHandleVerifier [0x0x7ff6a7cd9425+1848405]
	(No symbol) [0x0x7ff6a7870e5f]
	(No symbol) [0x0x7ff6a79074ec]
	(No symbol) [0x0x7ff6a791ed0a]
	(No symbol) [0x0x7ff6a7901df3]
	(No symbol) [0x0x7ff6a78d5b36]
	(No symbol) [0x0x7ff6a78d4d80]
	(No symbol) [0x0x7ff6a78d5973]
	(No symbol) [0x0x7ff6a799e4a5]
	(No symbol) [0x0x7ff6a799a75d]
	GetHandleVerifier [0x0x7ff6a7b4d2b3+226019]
	GetHandleVerifier [0x0x7ff6a7b3c481+156849]
	GetHandleVerifier [0x0x7ff6a7b44979+190889]
	GetHandleVerifier [0x0x7ff6a7b29bb4+80868]
	GetHandleVerifier [0x0x7ff6a7b29d03+81203]
	GetHandleVerifier [0x0x7ff6a7b18286+8886]
	BaseThreadInitThunk [0x0x7ff98cdee8d7+23]
	RtlUserThreadStart [0x0x7ff98e38c53c+44]

[2025-12-03T12:07:05.568042] SCRAPER ratings fetch page 24 offset 460 failed (attempt 2/5): Message: no such window: target window already closed
from unknown error: web view not found
  (Session info: MicrosoftEdge=142.0.3595.94)
Stacktrace:
	GetHandleVerifier [0x0x7ff6a7b22a75+51877]
	GetHandleVerifier [0x0x7ff6a7b22ad4+51972]
	GetHandleVerifier [0x0x7ff6a7cd9425+1848405]
	(No symbol) [0x0x7ff6a7870e5f]
	(No symbol) [0x0x7ff6a79074ec]
	(No symbol) [0x0x7ff6a791ed0a]
	(No symbol) [0x0x7ff6a7901df3]
	(No symbol) [0x0x7ff6a78d5b36]
	(No symbol) [0x0x7ff6a78d4d80]
	(No symbol) [0x0x7ff6a78d5973]
	(No symbol) [0x0x7ff6a799e4a5]
	(No symbol) [0x0x7ff6a799a75d]
	GetHandleVerifier [0x0x7ff6a7b4d2b3+226019]
	GetHandleVerifier [0x0x7ff6a7b3c481+156849]
	GetHandleVerifier [0x0x7ff6a7b44979+190889]
	GetHandleVerifier [0x0x7ff6a7b29bb4+80868]
	GetHandleVerifier [0x0x7ff6a7b29d03+81203]
	GetHandleVerifier [0x0x7ff6a7b18286+8886]
	BaseThreadInitThunk [0x0x7ff98cdee8d7+23]
	RtlUserThreadStart [0x0x7ff98e38c53c+44]

[2025-12-03T12:07:06.842828] SCRAPER skip page 7 after 5 failures; lanjut halaman berikutnya
[2025-12-03T12:07:08.439714] SCRAPER ratings fetch page 24 offset 460 failed (attempt 3/5): Message: no such window: target window already closed
from unknown error: web view not found
  (Session info: MicrosoftEdge=142.0.3595.94)
Stacktrace:
	GetHandleVerifier [0x0x7ff6a7b22a75+51877]
	GetHandleVerifier [0x0x7ff6a7b22ad4+51972]
	GetHandleVerifier [0x0x7ff6a7cd9425+1848405]
	(No symbol) [0x0x7ff6a7870e5f]
	(No symbol) [0x0x7ff6a79074ec]
	(No symbol) [0x0x7ff6a791ed0a]
	(No symbol) [0x0x7ff6a7901df3]
	(No symbol) [0x0x7ff6a78d5b36]
	(No symbol) [0x0x7ff6a78d4d80]
	(No symbol) [0x0x7ff6a78d5973]
	(No symbol) [0x0x7ff6a799e4a5]
	(No symbol) [0x0x7ff6a799a75d]
	GetHandleVerifier [0x0x7ff6a7b4d2b3+226019]
	GetHandleVerifier [0x0x7ff6a7b3c481+156849]
	GetHandleVerifier [0x0x7ff6a7b44979+190889]
	GetHandleVerifier [0x0x7ff6a7b29bb4+80868]
	GetHandleVerifier [0x0x7ff6a7b29d03+81203]
	GetHandleVerifier [0x0x7ff6a7b18286+8886]
	BaseThreadInitThunk [0x0x7ff98cdee8d7+23]
	RtlUserThreadStart [0x0x7ff98e38c53c+44]

[2025-12-03T12:07:08.582817] SCRAPER ratings fetch page 24 offset 460 failed (attempt 3/5): Message: no such window: target window already closed
from unknown error: web view not found
  (Session info: MicrosoftEdge=142.0.3595.94)
Stacktrace:
	GetHandleVerifier [0x0x7ff6a7b22a75+51877]
	GetHandleVerifier [0x0x7ff6a7b22ad4+51972]
	GetHandleVerifier [0x0x7ff6a7cd9425+1848405]
	(No symbol) [0x0x7ff6a7870e5f]
	(No symbol) [0x0x7ff6a79074ec]
	(No symbol) [0x0x7ff6a791ed0a]
	(No symbol) [0x0x7ff6a7901df3]
	(No symbol) [0x0x7ff6a78d5b36]
	(No symbol) [0x0x7ff6a78d4d80]
	(No symbol) [0x0x7ff6a78d5973]
	(No symbol) [0x0x7ff6a799e4a5]
	(No symbol) [0x0x7ff6a799a75d]
	GetHandleVerifier [0x0x7ff6a7b4d2b3+226019]
	GetHandleVerifier [0x0x7ff6a7b3c481+156849]
	GetHandleVerifier [0x0x7ff6a7b44979+190889]
	GetHandleVerifier [0x0x7ff6a7b29bb4+80868]
	GetHandleVerifier [0x0x7ff6a7b29d03+81203]
	GetHandleVerifier [0x0x7ff6a7b18286+8886]
	BaseThreadInitThunk [0x0x7ff98cdee8d7+23]
	RtlUserThreadStart [0x0x7ff98e38c53c+44]

[2025-12-03T12:07:12.443956] SCRAPER ratings fetch page 24 offset 460 failed (attempt 4/5): Message: no such window: target window already closed
from unknown error: web view not found
  (Session info: MicrosoftEdge=142.0.3595.94)
Stacktrace:
	GetHandleVerifier [0x0x7ff6a7b22a75+51877]
	GetHandleVerifier [0x0x7ff6a7b22ad4+51972]
	GetHandleVerifier [0x0x7ff6a7cd9425+1848405]
	(No symbol) [0x0x7ff6a7870e5f]
	(No symbol) [0x0x7ff6a79074ec]
	(No symbol) [0x0x7ff6a791ed0a]
	(No symbol) [0x0x7ff6a7901df3]
	(No symbol) [0x0x7ff6a78d5b36]
	(No symbol) [0x0x7ff6a78d4d80]
	(No symbol) [0x0x7ff6a78d5973]
	(No symbol) [0x0x7ff6a799e4a5]
	(No symbol) [0x0x7ff6a799a75d]
	GetHandleVerifier [0x0x7ff6a7b4d2b3+226019]
	GetHandleVerifier [0x0x7ff6a7b3c481+156849]
	GetHandleVerifier [0x0x7ff6a7b44979+190889]
	GetHandleVerifier [0x0x7ff6a7b29bb4+80868]
	GetHandleVerifier [0x0x7ff6a7b29d03+81203]
	GetHandleVerifier [0x0x7ff6a7b18286+8886]
	BaseThreadInitThunk [0x0x7ff98cdee8d7+23]
	RtlUserThreadStart [0x0x7ff98e38c53c+44]

[2025-12-03T12:07:12.587957] SCRAPER ratings fetch page 24 offset 460 failed (attempt 4/5): Message: no such window: target window already closed
from unknown error: web view not found
  (Session info: MicrosoftEdge=142.0.3595.94)
Stacktrace:
	GetHandleVerifier [0x0x7ff6a7b22a75+51877]
	GetHandleVerifier [0x0x7ff6a7b22ad4+51972]
	GetHandleVerifier [0x0x7ff6a7cd9425+1848405]
	(No symbol) [0x0x7ff6a7870e5f]
	(No symbol) [0x0x7ff6a79074ec]
	(No symbol) [0x0x7ff6a791ed0a]
	(No symbol) [0x0x7ff6a7901df3]
	(No symbol) [0x0x7ff6a78d5b36]
	(No symbol) [0x0x7ff6a78d4d80]
	(No symbol) [0x0x7ff6a78d5973]
	(No symbol) [0x0x7ff6a799e4a5]
	(No symbol) [0x0x7ff6a799a75d]
	GetHandleVerifier [0x0x7ff6a7b4d2b3+226019]
	GetHandleVerifier [0x0x7ff6a7b3c481+156849]
	GetHandleVerifier [0x0x7ff6a7b44979+190889]
	GetHandleVerifier [0x0x7ff6a7b29bb4+80868]
	GetHandleVerifier [0x0x7ff6a7b29d03+81203]
	GetHandleVerifier [0x0x7ff6a7b18286+8886]
	BaseThreadInitThunk [0x0x7ff98cdee8d7+23]
	RtlUserThreadStart [0x0x7ff98e38c53c+44]

[2025-12-03T12:07:17.463536] SCRAPER ratings fetch page 24 offset 460 failed (attempt 5/5): Message: no such window: target window already closed
from unknown error: web view not found
  (Session info: MicrosoftEdge=142.0.3595.94)
Stacktrace:
	GetHandleVerifier [0x0x7ff6a7b22a75+51877]
	GetHandleVerifier [0x0x7ff6a7b22ad4+51972]
	GetHandleVerifier [0x0x7ff6a7cd9425+1848405]
	(No symbol) [0x0x7ff6a7870e5f]
	(No symbol) [0x0x7ff6a79074ec]
	(No symbol) [0x0x7ff6a791ed0a]
	(No symbol) [0x0x7ff6a7901df3]
	(No symbol) [0x0x7ff6a78d5b36]
	(No symbol) [0x0x7ff6a78d4d80]
	(No symbol) [0x0x7ff6a78d5973]
	(No symbol) [0x0x7ff6a799e4a5]
	(No symbol) [0x0x7ff6a799a75d]
	GetHandleVerifier [0x0x7ff6a7b4d2b3+226019]
	GetHandleVerifier [0x0x7ff6a7b3c481+156849]
	GetHandleVerifier [0x0x7ff6a7b44979+190889]
	GetHandleVerifier [0x0x7ff6a7b29bb4+80868]
	GetHandleVerifier [0x0x7ff6a7b29d03+81203]
	GetHandleVerifier [0x0x7ff6a7b18286+8886]
	BaseThreadInitThunk [0x0x7ff98cdee8d7+23]
	RtlUserThreadStart [0x0x7ff98e38c53c+44]

[2025-12-03T12:07:17.605398] SCRAPER ratings fetch page 24 offset 460 failed (attempt 5/5): Message: no such window: target window already closed
from unknown error: web view not found
  (Session info: MicrosoftEdge=142.0.3595.94)
Stacktrace:
	GetHandleVerifier [0x0x7ff6a7b22a75+51877]
	GetHandleVerifier [0x0x7ff6a7b22ad4+51972]
	GetHandleVerifier [0x0x7ff6a7cd9425+1848405]
	(No symbol) [0x0x7ff6a7870e5f]
	(No symbol) [0x0x7ff6a79074ec]
	(No symbol) [0x0x7ff6a791ed0a]
	(No symbol) [0x0x7ff6a7901df3]
	(No symbol) [0x0x7ff6a78d5b36]
	(No symbol) [0x0x7ff6a78d4d80]
	(No symbol) [0x0x7ff6a78d5973]
	(No symbol) [0x0x7ff6a799e4a5]
	(No symbol) [0x0x7ff6a799a75d]
	GetHandleVerifier [0x0x7ff6a7b4d2b3+226019]
	GetHandleVerifier [0x0x7ff6a7b3c481+156849]
	GetHandleVerifier [0x0x7ff6a7b44979+190889]
	GetHandleVerifier [0x0x7ff6a7b29bb4+80868]
	GetHandleVerifier [0x0x7ff6a7b29d03+81203]
	GetHandleVerifier [0x0x7ff6a7b18286+8886]
	BaseThreadInitThunk [0x0x7ff98cdee8d7+23]
	RtlUserThreadStart [0x0x7ff98e38c53c+44]

[2025-12-03T12:07:22.468284] SCRAPER skip page 24 after 5 failures; lanjut halaman berikutnya
[2025-12-03T12:07:22.472165] SCRAPER ratings fetch page 25 offset 480 failed (attempt 1/5): Message: no such window: target window already closed
from unknown error: web view not found
  (Session info: MicrosoftEdge=142.0.3595.94)
Stacktrace:
	GetHandleVerifier [0x0x7ff6a7b22a75+51877]
	GetHandleVerifier [0x0x7ff6a7b22ad4+51972]
	GetHandleVerifier [0x0x7ff6a7cd9425+1848405]
	(No symbol) [0x0x7ff6a7870e5f]
	(No symbol) [0x0x7ff6a79074ec]
	(No symbol) [0x0x7ff6a791ed0a]
	(No symbol) [0x0x7ff6a7901df3]
	(No symbol) [0x0x7ff6a78d5b36]
	(No symbol) [0x0x7ff6a78d4d80]
	(No symbol) [0x0x7ff6a78d5973]
	(No symbol) [0x0x7ff6a799e4a5]
	(No symbol) [0x0x7ff6a799a75d]
	GetHandleVerifier [0x0x7ff6a7b4d2b3+226019]
	GetHandleVerifier [0x0x7ff6a7b3c481+156849]
	GetHandleVerifier [0x0x7ff6a7b44979+190889]
	GetHandleVerifier [0x0x7ff6a7b29bb4+80868]
	GetHandleVerifier [0x0x7ff6a7b29d03+81203]
	GetHandleVerifier [0x0x7ff6a7b18286+8886]
	BaseThreadInitThunk [0x0x7ff98cdee8d7+23]
	RtlUserThreadStart [0x0x7ff98e38c53c+44]

[2025-12-03T12:07:22.621061] SCRAPER skip page 24 after 5 failures; lanjut halaman berikutnya
[2025-12-03T12:07:22.624934] SCRAPER ratings fetch page 25 offset 480 failed (attempt 1/5): Message: no such window: target window already closed
from unknown error: web view not found
  (Session info: MicrosoftEdge=142.0.3595.94)
Stacktrace:
	GetHandleVerifier [0x0x7ff6a7b22a75+51877]
	GetHandleVerifier [0x0x7ff6a7b22ad4+51972]
	GetHandleVerifier [0x0x7ff6a7cd9425+1848405]
	(No symbol) [0x0x7ff6a7870e5f]
	(No symbol) [0x0x7ff6a79074ec]
	(No symbol) [0x0x7ff6a791ed0a]
	(No symbol) [0x0x7ff6a7901df3]
	(No symbol) [0x0x7ff6a78d5b36]
	(No symbol) [0x0x7ff6a78d4d80]
	(No symbol) [0x0x7ff6a78d5973]
	(No symbol) [0x0x7ff6a799e4a5]
	(No symbol) [0x0x7ff6a799a75d]
	GetHandleVerifier [0x0x7ff6a7b4d2b3+226019]
	GetHandleVerifier [0x0x7ff6a7b3c481+156849]
	GetHandleVerifier [0x0x7ff6a7b44979+190889]
	GetHandleVerifier [0x0x7ff6a7b29bb4+80868]
	GetHandleVerifier [0x0x7ff6a7b29d03+81203]
	GetHandleVerifier [0x0x7ff6a7b18286+8886]
	BaseThreadInitThunk [0x0x7ff98cdee8d7+23]
	RtlUserThreadStart [0x0x7ff98e38c53c+44]

[2025-12-03T12:07:23.089610] SCRAPER ratings fetch page 8 offset 140 failed (attempt 1/5): HTTPConnectionPool(host='localhost', port=51982): Max retries exceeded with url: /session/eb4fe145f7c374b8145393fd9d40e526/execute/sync (Caused by NewConnectionError('<urllib3.connection.HTTPConnection object at 0x000001E0B7971180>: Failed to establish a new connection: [WinError 10061] No connection could be made because the target machine actively refused it'))
[2025-12-03T12:07:24.491953] SCRAPER ratings fetch page 25 offset 480 failed (attempt 2/5): Message: no such window: target window already closed
from unknown error: web view not found
  (Session info: MicrosoftEdge=142.0.3595.94)
Stacktrace:
	GetHandleVerifier [0x0x7ff6a7b22a75+51877]
	GetHandleVerifier [0x0x7ff6a7b22ad4+51972]
	GetHandleVerifier [0x0x7ff6a7cd9425+1848405]
	(No symbol) [0x0x7ff6a7870e5f]
	(No symbol) [0x0x7ff6a79074ec]
	(No symbol) [0x0x7ff6a791ed0a]
	(No symbol) [0x0x7ff6a7901df3]
	(No symbol) [0x0x7ff6a78d5b36]
	(No symbol) [0x0x7ff6a78d4d80]
	(No symbol) [0x0x7ff6a78d5973]
	(No symbol) [0x0x7ff6a799e4a5]
	(No symbol) [0x0x7ff6a799a75d]
	GetHandleVerifier [0x0x7ff6a7b4d2b3+226019]
	GetHandleVerifier [0x0x7ff6a7b3c481+156849]
	GetHandleVerifier [0x0x7ff6a7b44979+190889]
	GetHandleVerifier [0x0x7ff6a7b29bb4+80868]
	GetHandleVerifier [0x0x7ff6a7b29d03+81203]
	GetHandleVerifier [0x0x7ff6a7b18286+8886]
	BaseThreadInitThunk [0x0x7ff98cdee8d7+23]
	RtlUserThreadStart [0x0x7ff98e38c53c+44]

[2025-12-03T12:07:24.635740] SCRAPER ratings fetch page 25 offset 480 failed (attempt 2/5): Message: no such window: target window already closed
from unknown error: web view not found
  (Session info: MicrosoftEdge=142.0.3595.94)
Stacktrace:
	GetHandleVerifier [0x0x7ff6a7b22a75+51877]
	GetHandleVerifier [0x0x7ff6a7b22ad4+51972]
	GetHandleVerifier [0x0x7ff6a7cd9425+1848405]
	(No symbol) [0x0x7ff6a7870e5f]
	(No symbol) [0x0x7ff6a79074ec]
	(No symbol) [0x0x7ff6a791ed0a]
	(No symbol) [0x0x7ff6a7901df3]
	(No symbol) [0x0x7ff6a78d5b36]
	(No symbol) [0x0x7ff6a78d4d80]
	(No symbol) [0x0x7ff6a78d5973]
	(No symbol) [0x0x7ff6a799e4a5]
	(No symbol) [0x0x7ff6a799a75d]
	GetHandleVerifier [0x0x7ff6a7b4d2b3+226019]
	GetHandleVerifier [0x0x7ff6a7b3c481+156849]
	GetHandleVerifier [0x0x7ff6a7b44979+190889]
	GetHandleVerifier [0x0x7ff6a7b29bb4+80868]
	GetHandleVerifier [0x0x7ff6a7b29d03+81203]
	GetHandleVerifier [0x0x7ff6a7b18286+8886]
	BaseThreadInitThunk [0x0x7ff98cdee8d7+23]
	RtlUserThreadStart [0x0x7ff98e38c53c+44]

[2025-12-03T12:07:27.497465] SCRAPER ratings fetch page 25 offset 480 failed (attempt 3/5): Message: no such window: target window already closed
from unknown error: web view not found
  (Session info: MicrosoftEdge=142.0.3595.94)
Stacktrace:
	GetHandleVerifier [0x0x7ff6a7b22a75+51877]
	GetHandleVerifier [0x0x7ff6a7b22ad4+51972]
	GetHandleVerifier [0x0x7ff6a7cd9425+1848405]
	(No symbol) [0x0x7ff6a7870e5f]
	(No symbol) [0x0x7ff6a79074ec]
	(No symbol) [0x0x7ff6a791ed0a]
	(No symbol) [0x0x7ff6a7901df3]
	(No symbol) [0x0x7ff6a78d5b36]
	(No symbol) [0x0x7ff6a78d4d80]
	(No symbol) [0x0x7ff6a78d5973]
	(No symbol) [0x0x7ff6a799e4a5]
	(No symbol) [0x0x7ff6a799a75d]
	GetHandleVerifier [0x0x7ff6a7b4d2b3+226019]
	GetHandleVerifier [0x0x7ff6a7b3c481+156849]
	GetHandleVerifier [0x0x7ff6a7b44979+190889]
	GetHandleVerifier [0x0x7ff6a7b29bb4+80868]
	GetHandleVerifier [0x0x7ff6a7b29d03+81203]
	GetHandleVerifier [0x0x7ff6a7b18286+8886]
	BaseThreadInitThunk [0x0x7ff98cdee8d7+23]
	RtlUserThreadStart [0x0x7ff98e38c53c+44]

[2025-12-03T12:07:27.651555] SCRAPER ratings fetch page 25 offset 480 failed (attempt 3/5): Message: no such window: target window already closed
from unknown error: web view not found
  (Session info: MicrosoftEdge=142.0.3595.94)
Stacktrace:
	GetHandleVerifier [0x0x7ff6a7b22a75+51877]
	GetHandleVerifier [0x0x7ff6a7b22ad4+51972]
	GetHandleVerifier [0x0x7ff6a7cd9425+1848405]
	(No symbol) [0x0x7ff6a7870e5f]
	(No symbol) [0x0x7ff6a79074ec]
	(No symbol) [0x0x7ff6a791ed0a]
	(No symbol) [0x0x7ff6a7901df3]
	(No symbol) [0x0x7ff6a78d5b36]
	(No symbol) [0x0x7ff6a78d4d80]
	(No symbol) [0x0x7ff6a78d5973]
	(No symbol) [0x0x7ff6a799e4a5]
	(No symbol) [0x0x7ff6a799a75d]
	GetHandleVerifier [0x0x7ff6a7b4d2b3+226019]
	GetHandleVerifier [0x0x7ff6a7b3c481+156849]
	GetHandleVerifier [0x0x7ff6a7b44979+190889]
	GetHandleVerifier [0x0x7ff6a7b29bb4+80868]
	GetHandleVerifier [0x0x7ff6a7b29d03+81203]
	GetHandleVerifier [0x0x7ff6a7b18286+8886]
	BaseThreadInitThunk [0x0x7ff98cdee8d7+23]
	RtlUserThreadStart [0x0x7ff98e38c53c+44]

[2025-12-03T12:07:31.516319] SCRAPER ratings fetch page 25 offset 480 failed (attempt 4/5): Message: no such window: target window already closed
from unknown error: web view not found
  (Session info: MicrosoftEdge=142.0.3595.94)
Stacktrace:
	GetHandleVerifier [0x0x7ff6a7b22a75+51877]
	GetHandleVerifier [0x0x7ff6a7b22ad4+51972]
	GetHandleVerifier [0x0x7ff6a7cd9425+1848405]
	(No symbol) [0x0x7ff6a7870e5f]
	(No symbol) [0x0x7ff6a79074ec]
	(No symbol) [0x0x7ff6a791ed0a]
	(No symbol) [0x0x7ff6a7901df3]
	(No symbol) [0x0x7ff6a78d5b36]
	(No symbol) [0x0x7ff6a78d4d80]
	(No symbol) [0x0x7ff6a78d5973]
	(No symbol) [0x0x7ff6a799e4a5]
	(No symbol) [0x0x7ff6a799a75d]
	GetHandleVerifier [0x0x7ff6a7b4d2b3+226019]
	GetHandleVerifier [0x0x7ff6a7b3c481+156849]
	GetHandleVerifier [0x0x7ff6a7b44979+190889]
	GetHandleVerifier [0x0x7ff6a7b29bb4+80868]
	GetHandleVerifier [0x0x7ff6a7b29d03+81203]
	GetHandleVerifier [0x0x7ff6a7b18286+8886]
	BaseThreadInitThunk [0x0x7ff98cdee8d7+23]
	RtlUserThreadStart [0x0x7ff98e38c53c+44]

[2025-12-03T12:07:31.668872] SCRAPER ratings fetch page 25 offset 480 failed (attempt 4/5): Message: no such window: target window already closed
from unknown error: web view not found
  (Session info: MicrosoftEdge=142.0.3595.94)
Stacktrace:
	GetHandleVerifier [0x0x7ff6a7b22a75+51877]
	GetHandleVerifier [0x0x7ff6a7b22ad4+51972]
	GetHandleVerifier [0x0x7ff6a7cd9425+1848405]
	(No symbol) [0x0x7ff6a7870e5f]
	(No symbol) [0x0x7ff6a79074ec]
	(No symbol) [0x0x7ff6a791ed0a]
	(No symbol) [0x0x7ff6a7901df3]
	(No symbol) [0x0x7ff6a78d5b36]
	(No symbol) [0x0x7ff6a78d4d80]
	(No symbol) [0x0x7ff6a78d5973]
	(No symbol) [0x0x7ff6a799e4a5]
	(No symbol) [0x0x7ff6a799a75d]
	GetHandleVerifier [0x0x7ff6a7b4d2b3+226019]
	GetHandleVerifier [0x0x7ff6a7b3c481+156849]
	GetHandleVerifier [0x0x7ff6a7b44979+190889]
	GetHandleVerifier [0x0x7ff6a7b29bb4+80868]
	GetHandleVerifier [0x0x7ff6a7b29d03+81203]
	GetHandleVerifier [0x0x7ff6a7b18286+8886]
	BaseThreadInitThunk [0x0x7ff98cdee8d7+23]
	RtlUserThreadStart [0x0x7ff98e38c53c+44]

[2025-12-03T12:07:36.523128] SCRAPER ratings fetch page 25 offset 480 failed (attempt 5/5): Message: no such window: target window already closed
from unknown error: web view not found
  (Session info: MicrosoftEdge=142.0.3595.94)
Stacktrace:
	GetHandleVerifier [0x0x7ff6a7b22a75+51877]
	GetHandleVerifier [0x0x7ff6a7b22ad4+51972]
	GetHandleVerifier [0x0x7ff6a7cd9425+1848405]
	(No symbol) [0x0x7ff6a7870e5f]
	(No symbol) [0x0x7ff6a79074ec]
	(No symbol) [0x0x7ff6a791ed0a]
	(No symbol) [0x0x7ff6a7901df3]
	(No symbol) [0x0x7ff6a78d5b36]
	(No symbol) [0x0x7ff6a78d4d80]
	(No symbol) [0x0x7ff6a78d5973]
	(No symbol) [0x0x7ff6a799e4a5]
	(No symbol) [0x0x7ff6a799a75d]
	GetHandleVerifier [0x0x7ff6a7b4d2b3+226019]
	GetHandleVerifier [0x0x7ff6a7b3c481+156849]
	GetHandleVerifier [0x0x7ff6a7b44979+190889]
	GetHandleVerifier [0x0x7ff6a7b29bb4+80868]
	GetHandleVerifier [0x0x7ff6a7b29d03+81203]
	GetHandleVerifier [0x0x7ff6a7b18286+8886]
	BaseThreadInitThunk [0x0x7ff98cdee8d7+23]
	RtlUserThreadStart [0x0x7ff98e38c53c+44]

[2025-12-03T12:07:36.680794] SCRAPER ratings fetch page 25 offset 480 failed (attempt 5/5): Message: no such window: target window already closed
from unknown error: web view not found
  (Session info: MicrosoftEdge=142.0.3595.94)
Stacktrace:
	GetHandleVerifier [0x0x7ff6a7b22a75+51877]
	GetHandleVerifier [0x0x7ff6a7b22ad4+51972]
	GetHandleVerifier [0x0x7ff6a7cd9425+1848405]
	(No symbol) [0x0x7ff6a7870e5f]
	(No symbol) [0x0x7ff6a79074ec]
	(No symbol) [0x0x7ff6a791ed0a]
	(No symbol) [0x0x7ff6a7901df3]
	(No symbol) [0x0x7ff6a78d5b36]
	(No symbol) [0x0x7ff6a78d4d80]
	(No symbol) [0x0x7ff6a78d5973]
	(No symbol) [0x0x7ff6a799e4a5]
	(No symbol) [0x0x7ff6a799a75d]
	GetHandleVerifier [0x0x7ff6a7b4d2b3+226019]
	GetHandleVerifier [0x0x7ff6a7b3c481+156849]
	GetHandleVerifier [0x0x7ff6a7b44979+190889]
	GetHandleVerifier [0x0x7ff6a7b29bb4+80868]
	GetHandleVerifier [0x0x7ff6a7b29d03+81203]
	GetHandleVerifier [0x0x7ff6a7b18286+8886]
	BaseThreadInitThunk [0x0x7ff98cdee8d7+23]
	RtlUserThreadStart [0x0x7ff98e38c53c+44]

[2025-12-03T12:07:41.273142] SCRAPER ratings fetch page 8 offset 140 failed (attempt 2/5): HTTPConnectionPool(host='localhost', port=51982): Max retries exceeded with url: /session/eb4fe145f7c374b8145393fd9d40e526/execute/sync (Caused by NewConnectionError('<urllib3.connection.HTTPConnection object at 0x000001E0B79CF970>: Failed to establish a new connection: [WinError 10061] No connection could be made because the target machine actively refused it'))
[2025-12-03T12:07:41.525934] SCRAPER skip page 25 after 5 failures; lanjut halaman berikutnya
[2025-12-03T12:07:41.527929] SCRAPER ratings fetch page 26 offset 500 failed (attempt 1/5): Message: no such window: target window already closed
from unknown error: web view not found
  (Session info: MicrosoftEdge=142.0.3595.94)
Stacktrace:
	GetHandleVerifier [0x0x7ff6a7b22a75+51877]
	GetHandleVerifier [0x0x7ff6a7b22ad4+51972]
	GetHandleVerifier [0x0x7ff6a7cd9425+1848405]
	(No symbol) [0x0x7ff6a7870e5f]
	(No symbol) [0x0x7ff6a79074ec]
	(No symbol) [0x0x7ff6a791ed0a]
	(No symbol) [0x0x7ff6a7901df3]
	(No symbol) [0x0x7ff6a78d5b36]
	(No symbol) [0x0x7ff6a78d4d80]
	(No symbol) [0x0x7ff6a78d5973]
	(No symbol) [0x0x7ff6a799e4a5]
	(No symbol) [0x0x7ff6a799a75d]
	GetHandleVerifier [0x0x7ff6a7b4d2b3+226019]
	GetHandleVerifier [0x0x7ff6a7b3c481+156849]
	GetHandleVerifier [0x0x7ff6a7b44979+190889]
	GetHandleVerifier [0x0x7ff6a7b29bb4+80868]
	GetHandleVerifier [0x0x7ff6a7b29d03+81203]
	GetHandleVerifier [0x0x7ff6a7b18286+8886]
	BaseThreadInitThunk [0x0x7ff98cdee8d7+23]
	RtlUserThreadStart [0x0x7ff98e38c53c+44]

[2025-12-03T12:07:41.683614] SCRAPER skip page 25 after 5 failures; lanjut halaman berikutnya
[2025-12-03T12:07:41.686552] SCRAPER ratings fetch page 26 offset 500 failed (attempt 1/5): Message: no such window: target window already closed
from unknown error: web view not found
  (Session info: MicrosoftEdge=142.0.3595.94)
Stacktrace:
	GetHandleVerifier [0x0x7ff6a7b22a75+51877]
	GetHandleVerifier [0x0x7ff6a7b22ad4+51972]
	GetHandleVerifier [0x0x7ff6a7cd9425+1848405]
	(No symbol) [0x0x7ff6a7870e5f]
	(No symbol) [0x0x7ff6a79074ec]
	(No symbol) [0x0x7ff6a791ed0a]
	(No symbol) [0x0x7ff6a7901df3]
	(No symbol) [0x0x7ff6a78d5b36]
	(No symbol) [0x0x7ff6a78d4d80]
	(No symbol) [0x0x7ff6a78d5973]
	(No symbol) [0x0x7ff6a799e4a5]
	(No symbol) [0x0x7ff6a799a75d]
	GetHandleVerifier [0x0x7ff6a7b4d2b3+226019]
	GetHandleVerifier [0x0x7ff6a7b3c481+156849]
	GetHandleVerifier [0x0x7ff6a7b44979+190889]
	GetHandleVerifier [0x0x7ff6a7b29bb4+80868]
	GetHandleVerifier [0x0x7ff6a7b29d03+81203]
	GetHandleVerifier [0x0x7ff6a7b18286+8886]
	BaseThreadInitThunk [0x0x7ff98cdee8d7+23]
	RtlUserThreadStart [0x0x7ff98e38c53c+44]

[2025-12-03T12:07:43.546251] SCRAPER ratings fetch page 26 offset 500 failed (attempt 2/5): Message: no such window: target window already closed
from unknown error: web view not found
  (Session info: MicrosoftEdge=142.0.3595.94)
Stacktrace:
	GetHandleVerifier [0x0x7ff6a7b22a75+51877]
	GetHandleVerifier [0x0x7ff6a7b22ad4+51972]
	GetHandleVerifier [0x0x7ff6a7cd9425+1848405]
	(No symbol) [0x0x7ff6a7870e5f]
	(No symbol) [0x0x7ff6a79074ec]
	(No symbol) [0x0x7ff6a791ed0a]
	(No symbol) [0x0x7ff6a7901df3]
	(No symbol) [0x0x7ff6a78d5b36]
	(No symbol) [0x0x7ff6a78d4d80]
	(No symbol) [0x0x7ff6a78d5973]
	(No symbol) [0x0x7ff6a799e4a5]
	(No symbol) [0x0x7ff6a799a75d]
	GetHandleVerifier [0x0x7ff6a7b4d2b3+226019]
	GetHandleVerifier [0x0x7ff6a7b3c481+156849]
	GetHandleVerifier [0x0x7ff6a7b44979+190889]
	GetHandleVerifier [0x0x7ff6a7b29bb4+80868]
	GetHandleVerifier [0x0x7ff6a7b29d03+81203]
	GetHandleVerifier [0x0x7ff6a7b18286+8886]
	BaseThreadInitThunk [0x0x7ff98cdee8d7+23]
	RtlUserThreadStart [0x0x7ff98e38c53c+44]

[2025-12-03T12:07:43.702254] SCRAPER ratings fetch page 26 offset 500 failed (attempt 2/5): Message: no such window: target window already closed
from unknown error: web view not found
  (Session info: MicrosoftEdge=142.0.3595.94)
Stacktrace:
	GetHandleVerifier [0x0x7ff6a7b22a75+51877]
	GetHandleVerifier [0x0x7ff6a7b22ad4+51972]
	GetHandleVerifier [0x0x7ff6a7cd9425+1848405]
	(No symbol) [0x0x7ff6a7870e5f]
	(No symbol) [0x0x7ff6a79074ec]
	(No symbol) [0x0x7ff6a791ed0a]
	(No symbol) [0x0x7ff6a7901df3]
	(No symbol) [0x0x7ff6a78d5b36]
	(No symbol) [0x0x7ff6a78d4d80]
	(No symbol) [0x0x7ff6a78d5973]
	(No symbol) [0x0x7ff6a799e4a5]
	(No symbol) [0x0x7ff6a799a75d]
	GetHandleVerifier [0x0x7ff6a7b4d2b3+226019]
	GetHandleVerifier [0x0x7ff6a7b3c481+156849]
	GetHandleVerifier [0x0x7ff6a7b44979+190889]
	GetHandleVerifier [0x0x7ff6a7b29bb4+80868]
	GetHandleVerifier [0x0x7ff6a7b29d03+81203]
	GetHandleVerifier [0x0x7ff6a7b18286+8886]
	BaseThreadInitThunk [0x0x7ff98cdee8d7+23]
	RtlUserThreadStart [0x0x7ff98e38c53c+44]

[2025-12-03T12:07:46.551718] SCRAPER ratings fetch page 26 offset 500 failed (attempt 3/5): Message: no such window: target window already closed
from unknown error: web view not found
  (Session info: MicrosoftEdge=142.0.3595.94)
Stacktrace:
	GetHandleVerifier [0x0x7ff6a7b22a75+51877]
	GetHandleVerifier [0x0x7ff6a7b22ad4+51972]
	GetHandleVerifier [0x0x7ff6a7cd9425+1848405]
	(No symbol) [0x0x7ff6a7870e5f]
	(No symbol) [0x0x7ff6a79074ec]
	(No symbol) [0x0x7ff6a791ed0a]
	(No symbol) [0x0x7ff6a7901df3]
	(No symbol) [0x0x7ff6a78d5b36]
	(No symbol) [0x0x7ff6a78d4d80]
	(No symbol) [0x0x7ff6a78d5973]
	(No symbol) [0x0x7ff6a799e4a5]
	(No symbol) [0x0x7ff6a799a75d]
	GetHandleVerifier [0x0x7ff6a7b4d2b3+226019]
	GetHandleVerifier [0x0x7ff6a7b3c481+156849]
	GetHandleVerifier [0x0x7ff6a7b44979+190889]
	GetHandleVerifier [0x0x7ff6a7b29bb4+80868]
	GetHandleVerifier [0x0x7ff6a7b29d03+81203]
	GetHandleVerifier [0x0x7ff6a7b18286+8886]
	BaseThreadInitThunk [0x0x7ff98cdee8d7+23]
	RtlUserThreadStart [0x0x7ff98e38c53c+44]

[2025-12-03T12:07:46.709598] SCRAPER ratings fetch page 26 offset 500 failed (attempt 3/5): Message: no such window: target window already closed
from unknown error: web view not found
  (Session info: MicrosoftEdge=142.0.3595.94)
Stacktrace:
	GetHandleVerifier [0x0x7ff6a7b22a75+51877]
	GetHandleVerifier [0x0x7ff6a7b22ad4+51972]
	GetHandleVerifier [0x0x7ff6a7cd9425+1848405]
	(No symbol) [0x0x7ff6a7870e5f]
	(No symbol) [0x0x7ff6a79074ec]
	(No symbol) [0x0x7ff6a791ed0a]
	(No symbol) [0x0x7ff6a7901df3]
	(No symbol) [0x0x7ff6a78d5b36]
	(No symbol) [0x0x7ff6a78d4d80]
	(No symbol) [0x0x7ff6a78d5973]
	(No symbol) [0x0x7ff6a799e4a5]
	(No symbol) [0x0x7ff6a799a75d]
	GetHandleVerifier [0x0x7ff6a7b4d2b3+226019]
	GetHandleVerifier [0x0x7ff6a7b3c481+156849]
	GetHandleVerifier [0x0x7ff6a7b44979+190889]
	GetHandleVerifier [0x0x7ff6a7b29bb4+80868]
	GetHandleVerifier [0x0x7ff6a7b29d03+81203]
	GetHandleVerifier [0x0x7ff6a7b18286+8886]
	BaseThreadInitThunk [0x0x7ff98cdee8d7+23]
	RtlUserThreadStart [0x0x7ff98e38c53c+44]

[2025-12-03T12:07:50.568573] SCRAPER ratings fetch page 26 offset 500 failed (attempt 4/5): Message: no such window: target window already closed
from unknown error: web view not found
  (Session info: MicrosoftEdge=142.0.3595.94)
Stacktrace:
	GetHandleVerifier [0x0x7ff6a7b22a75+51877]
	GetHandleVerifier [0x0x7ff6a7b22ad4+51972]
	GetHandleVerifier [0x0x7ff6a7cd9425+1848405]
	(No symbol) [0x0x7ff6a7870e5f]
	(No symbol) [0x0x7ff6a79074ec]
	(No symbol) [0x0x7ff6a791ed0a]
	(No symbol) [0x0x7ff6a7901df3]
	(No symbol) [0x0x7ff6a78d5b36]
	(No symbol) [0x0x7ff6a78d4d80]
	(No symbol) [0x0x7ff6a78d5973]
	(No symbol) [0x0x7ff6a799e4a5]
	(No symbol) [0x0x7ff6a799a75d]
	GetHandleVerifier [0x0x7ff6a7b4d2b3+226019]
	GetHandleVerifier [0x0x7ff6a7b3c481+156849]
	GetHandleVerifier [0x0x7ff6a7b44979+190889]
	GetHandleVerifier [0x0x7ff6a7b29bb4+80868]
	GetHandleVerifier [0x0x7ff6a7b29d03+81203]
	GetHandleVerifier [0x0x7ff6a7b18286+8886]
	BaseThreadInitThunk [0x0x7ff98cdee8d7+23]
	RtlUserThreadStart [0x0x7ff98e38c53c+44]

[2025-12-03T12:07:50.725159] SCRAPER ratings fetch page 26 offset 500 failed (attempt 4/5): Message: no such window: target window already closed
from unknown error: web view not found
  (Session info: MicrosoftEdge=142.0.3595.94)
Stacktrace:
	GetHandleVerifier [0x0x7ff6a7b22a75+51877]
	GetHandleVerifier [0x0x7ff6a7b22ad4+51972]
	GetHandleVerifier [0x0x7ff6a7cd9425+1848405]
	(No symbol) [0x0x7ff6a7870e5f]
	(No symbol) [0x0x7ff6a79074ec]
	(No symbol) [0x0x7ff6a791ed0a]
	(No symbol) [0x0x7ff6a7901df3]
	(No symbol) [0x0x7ff6a78d5b36]
	(No symbol) [0x0x7ff6a78d4d80]
	(No symbol) [0x0x7ff6a78d5973]
	(No symbol) [0x0x7ff6a799e4a5]
	(No symbol) [0x0x7ff6a799a75d]
	GetHandleVerifier [0x0x7ff6a7b4d2b3+226019]
	GetHandleVerifier [0x0x7ff6a7b3c481+156849]
	GetHandleVerifier [0x0x7ff6a7b44979+190889]
	GetHandleVerifier [0x0x7ff6a7b29bb4+80868]
	GetHandleVerifier [0x0x7ff6a7b29d03+81203]
	GetHandleVerifier [0x0x7ff6a7b18286+8886]
	BaseThreadInitThunk [0x0x7ff98cdee8d7+23]
	RtlUserThreadStart [0x0x7ff98e38c53c+44]

[2025-12-03T12:07:55.575515] SCRAPER ratings fetch page 26 offset 500 failed (attempt 5/5): Message: no such window: target window already closed
from unknown error: web view not found
  (Session info: MicrosoftEdge=142.0.3595.94)
Stacktrace:
	GetHandleVerifier [0x0x7ff6a7b22a75+51877]
	GetHandleVerifier [0x0x7ff6a7b22ad4+51972]
	GetHandleVerifier [0x0x7ff6a7cd9425+1848405]
	(No symbol) [0x0x7ff6a7870e5f]
	(No symbol) [0x0x7ff6a79074ec]
	(No symbol) [0x0x7ff6a791ed0a]
	(No symbol) [0x0x7ff6a7901df3]
	(No symbol) [0x0x7ff6a78d5b36]
	(No symbol) [0x0x7ff6a78d4d80]
	(No symbol) [0x0x7ff6a78d5973]
	(No symbol) [0x0x7ff6a799e4a5]
	(No symbol) [0x0x7ff6a799a75d]
	GetHandleVerifier [0x0x7ff6a7b4d2b3+226019]
	GetHandleVerifier [0x0x7ff6a7b3c481+156849]
	GetHandleVerifier [0x0x7ff6a7b44979+190889]
	GetHandleVerifier [0x0x7ff6a7b29bb4+80868]
	GetHandleVerifier [0x0x7ff6a7b29d03+81203]
	GetHandleVerifier [0x0x7ff6a7b18286+8886]
	BaseThreadInitThunk [0x0x7ff98cdee8d7+23]
	RtlUserThreadStart [0x0x7ff98e38c53c+44]

[2025-12-03T12:07:55.734405] SCRAPER ratings fetch page 26 offset 500 failed (attempt 5/5): Message: no such window: target window already closed
from unknown error: web view not found
  (Session info: MicrosoftEdge=142.0.3595.94)
Stacktrace:
	GetHandleVerifier [0x0x7ff6a7b22a75+51877]
	GetHandleVerifier [0x0x7ff6a7b22ad4+51972]
	GetHandleVerifier [0x0x7ff6a7cd9425+1848405]
	(No symbol) [0x0x7ff6a7870e5f]
	(No symbol) [0x0x7ff6a79074ec]
	(No symbol) [0x0x7ff6a791ed0a]
	(No symbol) [0x0x7ff6a7901df3]
	(No symbol) [0x0x7ff6a78d5b36]
	(No symbol) [0x0x7ff6a78d4d80]
	(No symbol) [0x0x7ff6a78d5973]
	(No symbol) [0x0x7ff6a799e4a5]
	(No symbol) [0x0x7ff6a799a75d]
	GetHandleVerifier [0x0x7ff6a7b4d2b3+226019]
	GetHandleVerifier [0x0x7ff6a7b3c481+156849]
	GetHandleVerifier [0x0x7ff6a7b44979+190889]
	GetHandleVerifier [0x0x7ff6a7b29bb4+80868]
	GetHandleVerifier [0x0x7ff6a7b29d03+81203]
	GetHandleVerifier [0x0x7ff6a7b18286+8886]
	BaseThreadInitThunk [0x0x7ff98cdee8d7+23]
	RtlUserThreadStart [0x0x7ff98e38c53c+44]

[2025-12-03T12:08:00.554281] SCRAPER ratings fetch page 8 offset 140 failed (attempt 3/5): HTTPConnectionPool(host='localhost', port=51982): Max retries exceeded with url: /session/eb4fe145f7c374b8145393fd9d40e526/execute/sync (Caused by NewConnectionError('<urllib3.connection.HTTPConnection object at 0x000001E0A3AC4370>: Failed to establish a new connection: [WinError 10061] No connection could be made because the target machine actively refused it'))
[2025-12-03T12:08:00.586200] SCRAPER skip page 26 after 5 failures; lanjut halaman berikutnya
[2025-12-03T12:08:00.588205] SCRAPER ratings fetch page 27 offset 520 failed (attempt 1/5): Message: no such window: target window already closed
from unknown error: web view not found
  (Session info: MicrosoftEdge=142.0.3595.94)
Stacktrace:
	GetHandleVerifier [0x0x7ff6a7b22a75+51877]
	GetHandleVerifier [0x0x7ff6a7b22ad4+51972]
	GetHandleVerifier [0x0x7ff6a7cd9425+1848405]
	(No symbol) [0x0x7ff6a7870e5f]
	(No symbol) [0x0x7ff6a79074ec]
	(No symbol) [0x0x7ff6a791ed0a]
	(No symbol) [0x0x7ff6a7901df3]
	(No symbol) [0x0x7ff6a78d5b36]
	(No symbol) [0x0x7ff6a78d4d80]
	(No symbol) [0x0x7ff6a78d5973]
	(No symbol) [0x0x7ff6a799e4a5]
	(No symbol) [0x0x7ff6a799a75d]
	GetHandleVerifier [0x0x7ff6a7b4d2b3+226019]
	GetHandleVerifier [0x0x7ff6a7b3c481+156849]
	GetHandleVerifier [0x0x7ff6a7b44979+190889]
	GetHandleVerifier [0x0x7ff6a7b29bb4+80868]
	GetHandleVerifier [0x0x7ff6a7b29d03+81203]
	GetHandleVerifier [0x0x7ff6a7b18286+8886]
	BaseThreadInitThunk [0x0x7ff98cdee8d7+23]
	RtlUserThreadStart [0x0x7ff98e38c53c+44]

[2025-12-03T12:08:00.743518] SCRAPER skip page 26 after 5 failures; lanjut halaman berikutnya
[2025-12-03T12:08:00.748392] SCRAPER ratings fetch page 27 offset 520 failed (attempt 1/5): Message: no such window: target window already closed
from unknown error: web view not found
  (Session info: MicrosoftEdge=142.0.3595.94)
Stacktrace:
	GetHandleVerifier [0x0x7ff6a7b22a75+51877]
	GetHandleVerifier [0x0x7ff6a7b22ad4+51972]
	GetHandleVerifier [0x0x7ff6a7cd9425+1848405]
	(No symbol) [0x0x7ff6a7870e5f]
	(No symbol) [0x0x7ff6a79074ec]
	(No symbol) [0x0x7ff6a791ed0a]
	(No symbol) [0x0x7ff6a7901df3]
	(No symbol) [0x0x7ff6a78d5b36]
	(No symbol) [0x0x7ff6a78d4d80]
	(No symbol) [0x0x7ff6a78d5973]
	(No symbol) [0x0x7ff6a799e4a5]
	(No symbol) [0x0x7ff6a799a75d]
	GetHandleVerifier [0x0x7ff6a7b4d2b3+226019]
	GetHandleVerifier [0x0x7ff6a7b3c481+156849]
	GetHandleVerifier [0x0x7ff6a7b44979+190889]
	GetHandleVerifier [0x0x7ff6a7b29bb4+80868]
	GetHandleVerifier [0x0x7ff6a7b29d03+81203]
	GetHandleVerifier [0x0x7ff6a7b18286+8886]
	BaseThreadInitThunk [0x0x7ff98cdee8d7+23]
	RtlUserThreadStart [0x0x7ff98e38c53c+44]

[2025-12-03T12:08:02.603821] SCRAPER ratings fetch page 27 offset 520 failed (attempt 2/5): Message: no such window: target window already closed
from unknown error: web view not found
  (Session info: MicrosoftEdge=142.0.3595.94)
Stacktrace:
	GetHandleVerifier [0x0x7ff6a7b22a75+51877]
	GetHandleVerifier [0x0x7ff6a7b22ad4+51972]
	GetHandleVerifier [0x0x7ff6a7cd9425+1848405]
	(No symbol) [0x0x7ff6a7870e5f]
	(No symbol) [0x0x7ff6a79074ec]
	(No symbol) [0x0x7ff6a791ed0a]
	(No symbol) [0x0x7ff6a7901df3]
	(No symbol) [0x0x7ff6a78d5b36]
	(No symbol) [0x0x7ff6a78d4d80]
	(No symbol) [0x0x7ff6a78d5973]
	(No symbol) [0x0x7ff6a799e4a5]
	(No symbol) [0x0x7ff6a799a75d]
	GetHandleVerifier [0x0x7ff6a7b4d2b3+226019]
	GetHandleVerifier [0x0x7ff6a7b3c481+156849]
	GetHandleVerifier [0x0x7ff6a7b44979+190889]
	GetHandleVerifier [0x0x7ff6a7b29bb4+80868]
	GetHandleVerifier [0x0x7ff6a7b29d03+81203]
	GetHandleVerifier [0x0x7ff6a7b18286+8886]
	BaseThreadInitThunk [0x0x7ff98cdee8d7+23]
	RtlUserThreadStart [0x0x7ff98e38c53c+44]

[2025-12-03T12:08:02.761016] SCRAPER ratings fetch page 27 offset 520 failed (attempt 2/5): Message: no such window: target window already closed
from unknown error: web view not found
  (Session info: MicrosoftEdge=142.0.3595.94)
Stacktrace:
	GetHandleVerifier [0x0x7ff6a7b22a75+51877]
	GetHandleVerifier [0x0x7ff6a7b22ad4+51972]
	GetHandleVerifier [0x0x7ff6a7cd9425+1848405]
	(No symbol) [0x0x7ff6a7870e5f]
	(No symbol) [0x0x7ff6a79074ec]
	(No symbol) [0x0x7ff6a791ed0a]
	(No symbol) [0x0x7ff6a7901df3]
	(No symbol) [0x0x7ff6a78d5b36]
	(No symbol) [0x0x7ff6a78d4d80]
	(No symbol) [0x0x7ff6a78d5973]
	(No symbol) [0x0x7ff6a799e4a5]
	(No symbol) [0x0x7ff6a799a75d]
	GetHandleVerifier [0x0x7ff6a7b4d2b3+226019]
	GetHandleVerifier [0x0x7ff6a7b3c481+156849]
	GetHandleVerifier [0x0x7ff6a7b44979+190889]
	GetHandleVerifier [0x0x7ff6a7b29bb4+80868]
	GetHandleVerifier [0x0x7ff6a7b29d03+81203]
	GetHandleVerifier [0x0x7ff6a7b18286+8886]
	BaseThreadInitThunk [0x0x7ff98cdee8d7+23]
	RtlUserThreadStart [0x0x7ff98e38c53c+44]

[2025-12-03T12:08:05.623179] SCRAPER ratings fetch page 27 offset 520 failed (attempt 3/5): Message: no such window: target window already closed
from unknown error: web view not found
  (Session info: MicrosoftEdge=142.0.3595.94)
Stacktrace:
	GetHandleVerifier [0x0x7ff6a7b22a75+51877]
	GetHandleVerifier [0x0x7ff6a7b22ad4+51972]
	GetHandleVerifier [0x0x7ff6a7cd9425+1848405]
	(No symbol) [0x0x7ff6a7870e5f]
	(No symbol) [0x0x7ff6a79074ec]
	(No symbol) [0x0x7ff6a791ed0a]
	(No symbol) [0x0x7ff6a7901df3]
	(No symbol) [0x0x7ff6a78d5b36]
	(No symbol) [0x0x7ff6a78d4d80]
	(No symbol) [0x0x7ff6a78d5973]
	(No symbol) [0x0x7ff6a799e4a5]
	(No symbol) [0x0x7ff6a799a75d]
	GetHandleVerifier [0x0x7ff6a7b4d2b3+226019]
	GetHandleVerifier [0x0x7ff6a7b3c481+156849]
	GetHandleVerifier [0x0x7ff6a7b44979+190889]
	GetHandleVerifier [0x0x7ff6a7b29bb4+80868]
	GetHandleVerifier [0x0x7ff6a7b29d03+81203]
	GetHandleVerifier [0x0x7ff6a7b18286+8886]
	BaseThreadInitThunk [0x0x7ff98cdee8d7+23]
	RtlUserThreadStart [0x0x7ff98e38c53c+44]

[2025-12-03T12:08:05.777541] SCRAPER ratings fetch page 27 offset 520 failed (attempt 3/5): Message: no such window: target window already closed
from unknown error: web view not found
  (Session info: MicrosoftEdge=142.0.3595.94)
Stacktrace:
	GetHandleVerifier [0x0x7ff6a7b22a75+51877]
	GetHandleVerifier [0x0x7ff6a7b22ad4+51972]
	GetHandleVerifier [0x0x7ff6a7cd9425+1848405]
	(No symbol) [0x0x7ff6a7870e5f]
	(No symbol) [0x0x7ff6a79074ec]
	(No symbol) [0x0x7ff6a791ed0a]
	(No symbol) [0x0x7ff6a7901df3]
	(No symbol) [0x0x7ff6a78d5b36]
	(No symbol) [0x0x7ff6a78d4d80]
	(No symbol) [0x0x7ff6a78d5973]
	(No symbol) [0x0x7ff6a799e4a5]
	(No symbol) [0x0x7ff6a799a75d]
	GetHandleVerifier [0x0x7ff6a7b4d2b3+226019]
	GetHandleVerifier [0x0x7ff6a7b3c481+156849]
	GetHandleVerifier [0x0x7ff6a7b44979+190889]
	GetHandleVerifier [0x0x7ff6a7b29bb4+80868]
	GetHandleVerifier [0x0x7ff6a7b29d03+81203]
	GetHandleVerifier [0x0x7ff6a7b18286+8886]
	BaseThreadInitThunk [0x0x7ff98cdee8d7+23]
	RtlUserThreadStart [0x0x7ff98e38c53c+44]

[2025-12-03T12:08:09.630134] SCRAPER ratings fetch page 27 offset 520 failed (attempt 4/5): Message: no such window: target window already closed
from unknown error: web view not found
  (Session info: MicrosoftEdge=142.0.3595.94)
Stacktrace:
	GetHandleVerifier [0x0x7ff6a7b22a75+51877]
	GetHandleVerifier [0x0x7ff6a7b22ad4+51972]
	GetHandleVerifier [0x0x7ff6a7cd9425+1848405]
	(No symbol) [0x0x7ff6a7870e5f]
	(No symbol) [0x0x7ff6a79074ec]
	(No symbol) [0x0x7ff6a791ed0a]
	(No symbol) [0x0x7ff6a7901df3]
	(No symbol) [0x0x7ff6a78d5b36]
	(No symbol) [0x0x7ff6a78d4d80]
	(No symbol) [0x0x7ff6a78d5973]
	(No symbol) [0x0x7ff6a799e4a5]
	(No symbol) [0x0x7ff6a799a75d]
	GetHandleVerifier [0x0x7ff6a7b4d2b3+226019]
	GetHandleVerifier [0x0x7ff6a7b3c481+156849]
	GetHandleVerifier [0x0x7ff6a7b44979+190889]
	GetHandleVerifier [0x0x7ff6a7b29bb4+80868]
	GetHandleVerifier [0x0x7ff6a7b29d03+81203]
	GetHandleVerifier [0x0x7ff6a7b18286+8886]
	BaseThreadInitThunk [0x0x7ff98cdee8d7+23]
	RtlUserThreadStart [0x0x7ff98e38c53c+44]

[2025-12-03T12:08:09.781623] SCRAPER ratings fetch page 27 offset 520 failed (attempt 4/5): Message: no such window: target window already closed
from unknown error: web view not found
  (Session info: MicrosoftEdge=142.0.3595.94)
Stacktrace:
	GetHandleVerifier [0x0x7ff6a7b22a75+51877]
	GetHandleVerifier [0x0x7ff6a7b22ad4+51972]
	GetHandleVerifier [0x0x7ff6a7cd9425+1848405]
	(No symbol) [0x0x7ff6a7870e5f]
	(No symbol) [0x0x7ff6a79074ec]
	(No symbol) [0x0x7ff6a791ed0a]
	(No symbol) [0x0x7ff6a7901df3]
	(No symbol) [0x0x7ff6a78d5b36]
	(No symbol) [0x0x7ff6a78d4d80]
	(No symbol) [0x0x7ff6a78d5973]
	(No symbol) [0x0x7ff6a799e4a5]
	(No symbol) [0x0x7ff6a799a75d]
	GetHandleVerifier [0x0x7ff6a7b4d2b3+226019]
	GetHandleVerifier [0x0x7ff6a7b3c481+156849]
	GetHandleVerifier [0x0x7ff6a7b44979+190889]
	GetHandleVerifier [0x0x7ff6a7b29bb4+80868]
	GetHandleVerifier [0x0x7ff6a7b29d03+81203]
	GetHandleVerifier [0x0x7ff6a7b18286+8886]
	BaseThreadInitThunk [0x0x7ff98cdee8d7+23]
	RtlUserThreadStart [0x0x7ff98e38c53c+44]

[2025-12-03T12:08:14.639764] SCRAPER ratings fetch page 27 offset 520 failed (attempt 5/5): Message: no such window: target window already closed
from unknown error: web view not found
  (Session info: MicrosoftEdge=142.0.3595.94)
Stacktrace:
	GetHandleVerifier [0x0x7ff6a7b22a75+51877]
	GetHandleVerifier [0x0x7ff6a7b22ad4+51972]
	GetHandleVerifier [0x0x7ff6a7cd9425+1848405]
	(No symbol) [0x0x7ff6a7870e5f]
	(No symbol) [0x0x7ff6a79074ec]
	(No symbol) [0x0x7ff6a791ed0a]
	(No symbol) [0x0x7ff6a7901df3]
	(No symbol) [0x0x7ff6a78d5b36]
	(No symbol) [0x0x7ff6a78d4d80]
	(No symbol) [0x0x7ff6a78d5973]
	(No symbol) [0x0x7ff6a799e4a5]
	(No symbol) [0x0x7ff6a799a75d]
	GetHandleVerifier [0x0x7ff6a7b4d2b3+226019]
	GetHandleVerifier [0x0x7ff6a7b3c481+156849]
	GetHandleVerifier [0x0x7ff6a7b44979+190889]
	GetHandleVerifier [0x0x7ff6a7b29bb4+80868]
	GetHandleVerifier [0x0x7ff6a7b29d03+81203]
	GetHandleVerifier [0x0x7ff6a7b18286+8886]
	BaseThreadInitThunk [0x0x7ff98cdee8d7+23]
	RtlUserThreadStart [0x0x7ff98e38c53c+44]

[2025-12-03T12:08:14.796681] SCRAPER ratings fetch page 27 offset 520 failed (attempt 5/5): Message: no such window: target window already closed
from unknown error: web view not found
  (Session info: MicrosoftEdge=142.0.3595.94)
Stacktrace:
	GetHandleVerifier [0x0x7ff6a7b22a75+51877]
	GetHandleVerifier [0x0x7ff6a7b22ad4+51972]
	GetHandleVerifier [0x0x7ff6a7cd9425+1848405]
	(No symbol) [0x0x7ff6a7870e5f]
	(No symbol) [0x0x7ff6a79074ec]
	(No symbol) [0x0x7ff6a791ed0a]
	(No symbol) [0x0x7ff6a7901df3]
	(No symbol) [0x0x7ff6a78d5b36]
	(No symbol) [0x0x7ff6a78d4d80]
	(No symbol) [0x0x7ff6a78d5973]
	(No symbol) [0x0x7ff6a799e4a5]
	(No symbol) [0x0x7ff6a799a75d]
	GetHandleVerifier [0x0x7ff6a7b4d2b3+226019]
	GetHandleVerifier [0x0x7ff6a7b3c481+156849]
	GetHandleVerifier [0x0x7ff6a7b44979+190889]
	GetHandleVerifier [0x0x7ff6a7b29bb4+80868]
	GetHandleVerifier [0x0x7ff6a7b29d03+81203]
	GetHandleVerifier [0x0x7ff6a7b18286+8886]
	BaseThreadInitThunk [0x0x7ff98cdee8d7+23]
	RtlUserThreadStart [0x0x7ff98e38c53c+44]

[2025-12-03T12:08:19.640773] SCRAPER skip page 27 after 5 failures; lanjut halaman berikutnya
[2025-12-03T12:08:19.645946] SCRAPER ratings fetch page 28 offset 540 failed (attempt 1/5): Message: no such window: target window already closed
from unknown error: web view not found
  (Session info: MicrosoftEdge=142.0.3595.94)
Stacktrace:
	GetHandleVerifier [0x0x7ff6a7b22a75+51877]
	GetHandleVerifier [0x0x7ff6a7b22ad4+51972]
	GetHandleVerifier [0x0x7ff6a7cd9425+1848405]
	(No symbol) [0x0x7ff6a7870e5f]
	(No symbol) [0x0x7ff6a79074ec]
	(No symbol) [0x0x7ff6a791ed0a]
	(No symbol) [0x0x7ff6a7901df3]
	(No symbol) [0x0x7ff6a78d5b36]
	(No symbol) [0x0x7ff6a78d4d80]
	(No symbol) [0x0x7ff6a78d5973]
	(No symbol) [0x0x7ff6a799e4a5]
	(No symbol) [0x0x7ff6a799a75d]
	GetHandleVerifier [0x0x7ff6a7b4d2b3+226019]
	GetHandleVerifier [0x0x7ff6a7b3c481+156849]
	GetHandleVerifier [0x0x7ff6a7b44979+190889]
	GetHandleVerifier [0x0x7ff6a7b29bb4+80868]
	GetHandleVerifier [0x0x7ff6a7b29d03+81203]
	GetHandleVerifier [0x0x7ff6a7b18286+8886]
	BaseThreadInitThunk [0x0x7ff98cdee8d7+23]
	RtlUserThreadStart [0x0x7ff98e38c53c+44]

[2025-12-03T12:08:19.810107] SCRAPER skip page 27 after 5 failures; lanjut halaman berikutnya
[2025-12-03T12:08:19.811943] SCRAPER ratings fetch page 28 offset 540 failed (attempt 1/5): Message: no such window: target window already closed
from unknown error: web view not found
  (Session info: MicrosoftEdge=142.0.3595.94)
Stacktrace:
	GetHandleVerifier [0x0x7ff6a7b22a75+51877]
	GetHandleVerifier [0x0x7ff6a7b22ad4+51972]
	GetHandleVerifier [0x0x7ff6a7cd9425+1848405]
	(No symbol) [0x0x7ff6a7870e5f]
	(No symbol) [0x0x7ff6a79074ec]
	(No symbol) [0x0x7ff6a791ed0a]
	(No symbol) [0x0x7ff6a7901df3]
	(No symbol) [0x0x7ff6a78d5b36]
	(No symbol) [0x0x7ff6a78d4d80]
	(No symbol) [0x0x7ff6a78d5973]
	(No symbol) [0x0x7ff6a799e4a5]
	(No symbol) [0x0x7ff6a799a75d]
	GetHandleVerifier [0x0x7ff6a7b4d2b3+226019]
	GetHandleVerifier [0x0x7ff6a7b3c481+156849]
	GetHandleVerifier [0x0x7ff6a7b44979+190889]
	GetHandleVerifier [0x0x7ff6a7b29bb4+80868]
	GetHandleVerifier [0x0x7ff6a7b29d03+81203]
	GetHandleVerifier [0x0x7ff6a7b18286+8886]
	BaseThreadInitThunk [0x0x7ff98cdee8d7+23]
	RtlUserThreadStart [0x0x7ff98e38c53c+44]

[2025-12-03T12:08:20.784192] SCRAPER ratings fetch page 8 offset 140 failed (attempt 4/5): HTTPConnectionPool(host='localhost', port=51982): Max retries exceeded with url: /session/eb4fe145f7c374b8145393fd9d40e526/execute/sync (Caused by NewConnectionError('<urllib3.connection.HTTPConnection object at 0x000001E0B79CF5B0>: Failed to establish a new connection: [WinError 10061] No connection could be made because the target machine actively refused it'))
[2025-12-03T12:08:21.652734] SCRAPER ratings fetch page 28 offset 540 failed (attempt 2/5): Message: no such window: target window already closed
from unknown error: web view not found
  (Session info: MicrosoftEdge=142.0.3595.94)
Stacktrace:
	GetHandleVerifier [0x0x7ff6a7b22a75+51877]
	GetHandleVerifier [0x0x7ff6a7b22ad4+51972]
	GetHandleVerifier [0x0x7ff6a7cd9425+1848405]
	(No symbol) [0x0x7ff6a7870e5f]
	(No symbol) [0x0x7ff6a79074ec]
	(No symbol) [0x0x7ff6a791ed0a]
	(No symbol) [0x0x7ff6a7901df3]
	(No symbol) [0x0x7ff6a78d5b36]
	(No symbol) [0x0x7ff6a78d4d80]
	(No symbol) [0x0x7ff6a78d5973]
	(No symbol) [0x0x7ff6a799e4a5]
	(No symbol) [0x0x7ff6a799a75d]
	GetHandleVerifier [0x0x7ff6a7b4d2b3+226019]
	GetHandleVerifier [0x0x7ff6a7b3c481+156849]
	GetHandleVerifier [0x0x7ff6a7b44979+190889]
	GetHandleVerifier [0x0x7ff6a7b29bb4+80868]
	GetHandleVerifier [0x0x7ff6a7b29d03+81203]
	GetHandleVerifier [0x0x7ff6a7b18286+8886]
	BaseThreadInitThunk [0x0x7ff98cdee8d7+23]
	RtlUserThreadStart [0x0x7ff98e38c53c+44]

[2025-12-03T12:08:21.826564] SCRAPER ratings fetch page 28 offset 540 failed (attempt 2/5): Message: no such window: target window already closed
from unknown error: web view not found
  (Session info: MicrosoftEdge=142.0.3595.94)
Stacktrace:
	GetHandleVerifier [0x0x7ff6a7b22a75+51877]
	GetHandleVerifier [0x0x7ff6a7b22ad4+51972]
	GetHandleVerifier [0x0x7ff6a7cd9425+1848405]
	(No symbol) [0x0x7ff6a7870e5f]
	(No symbol) [0x0x7ff6a79074ec]
	(No symbol) [0x0x7ff6a791ed0a]
	(No symbol) [0x0x7ff6a7901df3]
	(No symbol) [0x0x7ff6a78d5b36]
	(No symbol) [0x0x7ff6a78d4d80]
	(No symbol) [0x0x7ff6a78d5973]
	(No symbol) [0x0x7ff6a799e4a5]
	(No symbol) [0x0x7ff6a799a75d]
	GetHandleVerifier [0x0x7ff6a7b4d2b3+226019]
	GetHandleVerifier [0x0x7ff6a7b3c481+156849]
	GetHandleVerifier [0x0x7ff6a7b44979+190889]
	GetHandleVerifier [0x0x7ff6a7b29bb4+80868]
	GetHandleVerifier [0x0x7ff6a7b29d03+81203]
	GetHandleVerifier [0x0x7ff6a7b18286+8886]
	BaseThreadInitThunk [0x0x7ff98cdee8d7+23]
	RtlUserThreadStart [0x0x7ff98e38c53c+44]

[2025-12-03T12:08:24.667970] SCRAPER ratings fetch page 28 offset 540 failed (attempt 3/5): Message: no such window: target window already closed
from unknown error: web view not found
  (Session info: MicrosoftEdge=142.0.3595.94)
Stacktrace:
	GetHandleVerifier [0x0x7ff6a7b22a75+51877]
	GetHandleVerifier [0x0x7ff6a7b22ad4+51972]
	GetHandleVerifier [0x0x7ff6a7cd9425+1848405]
	(No symbol) [0x0x7ff6a7870e5f]
	(No symbol) [0x0x7ff6a79074ec]
	(No symbol) [0x0x7ff6a791ed0a]
	(No symbol) [0x0x7ff6a7901df3]
	(No symbol) [0x0x7ff6a78d5b36]
	(No symbol) [0x0x7ff6a78d4d80]
	(No symbol) [0x0x7ff6a78d5973]
	(No symbol) [0x0x7ff6a799e4a5]
	(No symbol) [0x0x7ff6a799a75d]
	GetHandleVerifier [0x0x7ff6a7b4d2b3+226019]
	GetHandleVerifier [0x0x7ff6a7b3c481+156849]
	GetHandleVerifier [0x0x7ff6a7b44979+190889]
	GetHandleVerifier [0x0x7ff6a7b29bb4+80868]
	GetHandleVerifier [0x0x7ff6a7b29d03+81203]
	GetHandleVerifier [0x0x7ff6a7b18286+8886]
	BaseThreadInitThunk [0x0x7ff98cdee8d7+23]
	RtlUserThreadStart [0x0x7ff98e38c53c+44]

[2025-12-03T12:08:24.839931] SCRAPER ratings fetch page 28 offset 540 failed (attempt 3/5): Message: no such window: target window already closed
from unknown error: web view not found
  (Session info: MicrosoftEdge=142.0.3595.94)
Stacktrace:
	GetHandleVerifier [0x0x7ff6a7b22a75+51877]
	GetHandleVerifier [0x0x7ff6a7b22ad4+51972]
	GetHandleVerifier [0x0x7ff6a7cd9425+1848405]
	(No symbol) [0x0x7ff6a7870e5f]
	(No symbol) [0x0x7ff6a79074ec]
	(No symbol) [0x0x7ff6a791ed0a]
	(No symbol) [0x0x7ff6a7901df3]
	(No symbol) [0x0x7ff6a78d5b36]
	(No symbol) [0x0x7ff6a78d4d80]
	(No symbol) [0x0x7ff6a78d5973]
	(No symbol) [0x0x7ff6a799e4a5]
	(No symbol) [0x0x7ff6a799a75d]
	GetHandleVerifier [0x0x7ff6a7b4d2b3+226019]
	GetHandleVerifier [0x0x7ff6a7b3c481+156849]
	GetHandleVerifier [0x0x7ff6a7b44979+190889]
	GetHandleVerifier [0x0x7ff6a7b29bb4+80868]
	GetHandleVerifier [0x0x7ff6a7b29d03+81203]
	GetHandleVerifier [0x0x7ff6a7b18286+8886]
	BaseThreadInitThunk [0x0x7ff98cdee8d7+23]
	RtlUserThreadStart [0x0x7ff98e38c53c+44]

[2025-12-03T12:08:28.684204] SCRAPER ratings fetch page 28 offset 540 failed (attempt 4/5): Message: no such window: target window already closed
from unknown error: web view not found
  (Session info: MicrosoftEdge=142.0.3595.94)
Stacktrace:
	GetHandleVerifier [0x0x7ff6a7b22a75+51877]
	GetHandleVerifier [0x0x7ff6a7b22ad4+51972]
	GetHandleVerifier [0x0x7ff6a7cd9425+1848405]
	(No symbol) [0x0x7ff6a7870e5f]
	(No symbol) [0x0x7ff6a79074ec]
	(No symbol) [0x0x7ff6a791ed0a]
	(No symbol) [0x0x7ff6a7901df3]
	(No symbol) [0x0x7ff6a78d5b36]
	(No symbol) [0x0x7ff6a78d4d80]
	(No symbol) [0x0x7ff6a78d5973]
	(No symbol) [0x0x7ff6a799e4a5]
	(No symbol) [0x0x7ff6a799a75d]
	GetHandleVerifier [0x0x7ff6a7b4d2b3+226019]
	GetHandleVerifier [0x0x7ff6a7b3c481+156849]
	GetHandleVerifier [0x0x7ff6a7b44979+190889]
	GetHandleVerifier [0x0x7ff6a7b29bb4+80868]
	GetHandleVerifier [0x0x7ff6a7b29d03+81203]
	GetHandleVerifier [0x0x7ff6a7b18286+8886]
	BaseThreadInitThunk [0x0x7ff98cdee8d7+23]
	RtlUserThreadStart [0x0x7ff98e38c53c+44]

[2025-12-03T12:08:28.859999] SCRAPER ratings fetch page 28 offset 540 failed (attempt 4/5): Message: no such window: target window already closed
from unknown error: web view not found
  (Session info: MicrosoftEdge=142.0.3595.94)
Stacktrace:
	GetHandleVerifier [0x0x7ff6a7b22a75+51877]
	GetHandleVerifier [0x0x7ff6a7b22ad4+51972]
	GetHandleVerifier [0x0x7ff6a7cd9425+1848405]
	(No symbol) [0x0x7ff6a7870e5f]
	(No symbol) [0x0x7ff6a79074ec]
	(No symbol) [0x0x7ff6a791ed0a]
	(No symbol) [0x0x7ff6a7901df3]
	(No symbol) [0x0x7ff6a78d5b36]
	(No symbol) [0x0x7ff6a78d4d80]
	(No symbol) [0x0x7ff6a78d5973]
	(No symbol) [0x0x7ff6a799e4a5]
	(No symbol) [0x0x7ff6a799a75d]
	GetHandleVerifier [0x0x7ff6a7b4d2b3+226019]
	GetHandleVerifier [0x0x7ff6a7b3c481+156849]
	GetHandleVerifier [0x0x7ff6a7b44979+190889]
	GetHandleVerifier [0x0x7ff6a7b29bb4+80868]
	GetHandleVerifier [0x0x7ff6a7b29d03+81203]
	GetHandleVerifier [0x0x7ff6a7b18286+8886]
	BaseThreadInitThunk [0x0x7ff98cdee8d7+23]
	RtlUserThreadStart [0x0x7ff98e38c53c+44]

[2025-12-03T12:08:33.695740] SCRAPER ratings fetch page 28 offset 540 failed (attempt 5/5): Message: no such window: target window already closed
from unknown error: web view not found
  (Session info: MicrosoftEdge=142.0.3595.94)
Stacktrace:
	GetHandleVerifier [0x0x7ff6a7b22a75+51877]
	GetHandleVerifier [0x0x7ff6a7b22ad4+51972]
	GetHandleVerifier [0x0x7ff6a7cd9425+1848405]
	(No symbol) [0x0x7ff6a7870e5f]
	(No symbol) [0x0x7ff6a79074ec]
	(No symbol) [0x0x7ff6a791ed0a]
	(No symbol) [0x0x7ff6a7901df3]
	(No symbol) [0x0x7ff6a78d5b36]
	(No symbol) [0x0x7ff6a78d4d80]
	(No symbol) [0x0x7ff6a78d5973]
	(No symbol) [0x0x7ff6a799e4a5]
	(No symbol) [0x0x7ff6a799a75d]
	GetHandleVerifier [0x0x7ff6a7b4d2b3+226019]
	GetHandleVerifier [0x0x7ff6a7b3c481+156849]
	GetHandleVerifier [0x0x7ff6a7b44979+190889]
	GetHandleVerifier [0x0x7ff6a7b29bb4+80868]
	GetHandleVerifier [0x0x7ff6a7b29d03+81203]
	GetHandleVerifier [0x0x7ff6a7b18286+8886]
	BaseThreadInitThunk [0x0x7ff98cdee8d7+23]
	RtlUserThreadStart [0x0x7ff98e38c53c+44]

[2025-12-03T12:08:33.867867] SCRAPER ratings fetch page 28 offset 540 failed (attempt 5/5): Message: no such window: target window already closed
from unknown error: web view not found
  (Session info: MicrosoftEdge=142.0.3595.94)
Stacktrace:
	GetHandleVerifier [0x0x7ff6a7b22a75+51877]
	GetHandleVerifier [0x0x7ff6a7b22ad4+51972]
	GetHandleVerifier [0x0x7ff6a7cd9425+1848405]
	(No symbol) [0x0x7ff6a7870e5f]
	(No symbol) [0x0x7ff6a79074ec]
	(No symbol) [0x0x7ff6a791ed0a]
	(No symbol) [0x0x7ff6a7901df3]
	(No symbol) [0x0x7ff6a78d5b36]
	(No symbol) [0x0x7ff6a78d4d80]
	(No symbol) [0x0x7ff6a78d5973]
	(No symbol) [0x0x7ff6a799e4a5]
	(No symbol) [0x0x7ff6a799a75d]
	GetHandleVerifier [0x0x7ff6a7b4d2b3+226019]
	GetHandleVerifier [0x0x7ff6a7b3c481+156849]
	GetHandleVerifier [0x0x7ff6a7b44979+190889]
	GetHandleVerifier [0x0x7ff6a7b29bb4+80868]
	GetHandleVerifier [0x0x7ff6a7b29d03+81203]
	GetHandleVerifier [0x0x7ff6a7b18286+8886]
	BaseThreadInitThunk [0x0x7ff98cdee8d7+23]
	RtlUserThreadStart [0x0x7ff98e38c53c+44]

[2025-12-03T12:08:38.711635] SCRAPER skip page 28 after 5 failures; lanjut halaman berikutnya
[2025-12-03T12:08:38.716428] SCRAPER ratings fetch page 29 offset 560 failed (attempt 1/5): Message: no such window: target window already closed
from unknown error: web view not found
  (Session info: MicrosoftEdge=142.0.3595.94)
Stacktrace:
	GetHandleVerifier [0x0x7ff6a7b22a75+51877]
	GetHandleVerifier [0x0x7ff6a7b22ad4+51972]
	GetHandleVerifier [0x0x7ff6a7cd9425+1848405]
	(No symbol) [0x0x7ff6a7870e5f]
	(No symbol) [0x0x7ff6a79074ec]
	(No symbol) [0x0x7ff6a791ed0a]
	(No symbol) [0x0x7ff6a7901df3]
	(No symbol) [0x0x7ff6a78d5b36]
	(No symbol) [0x0x7ff6a78d4d80]
	(No symbol) [0x0x7ff6a78d5973]
	(No symbol) [0x0x7ff6a799e4a5]
	(No symbol) [0x0x7ff6a799a75d]
	GetHandleVerifier [0x0x7ff6a7b4d2b3+226019]
	GetHandleVerifier [0x0x7ff6a7b3c481+156849]
	GetHandleVerifier [0x0x7ff6a7b44979+190889]
	GetHandleVerifier [0x0x7ff6a7b29bb4+80868]
	GetHandleVerifier [0x0x7ff6a7b29d03+81203]
	GetHandleVerifier [0x0x7ff6a7b18286+8886]
	BaseThreadInitThunk [0x0x7ff98cdee8d7+23]
	RtlUserThreadStart [0x0x7ff98e38c53c+44]

[2025-12-03T12:08:38.883455] SCRAPER skip page 28 after 5 failures; lanjut halaman berikutnya
[2025-12-03T12:08:38.888479] SCRAPER ratings fetch page 29 offset 560 failed (attempt 1/5): Message: no such window: target window already closed
from unknown error: web view not found
  (Session info: MicrosoftEdge=142.0.3595.94)
Stacktrace:
	GetHandleVerifier [0x0x7ff6a7b22a75+51877]
	GetHandleVerifier [0x0x7ff6a7b22ad4+51972]
	GetHandleVerifier [0x0x7ff6a7cd9425+1848405]
	(No symbol) [0x0x7ff6a7870e5f]
	(No symbol) [0x0x7ff6a79074ec]
	(No symbol) [0x0x7ff6a791ed0a]
	(No symbol) [0x0x7ff6a7901df3]
	(No symbol) [0x0x7ff6a78d5b36]
	(No symbol) [0x0x7ff6a78d4d80]
	(No symbol) [0x0x7ff6a78d5973]
	(No symbol) [0x0x7ff6a799e4a5]
	(No symbol) [0x0x7ff6a799a75d]
	GetHandleVerifier [0x0x7ff6a7b4d2b3+226019]
	GetHandleVerifier [0x0x7ff6a7b3c481+156849]
	GetHandleVerifier [0x0x7ff6a7b44979+190889]
	GetHandleVerifier [0x0x7ff6a7b29bb4+80868]
	GetHandleVerifier [0x0x7ff6a7b29d03+81203]
	GetHandleVerifier [0x0x7ff6a7b18286+8886]
	BaseThreadInitThunk [0x0x7ff98cdee8d7+23]
	RtlUserThreadStart [0x0x7ff98e38c53c+44]

[2025-12-03T12:08:40.729066] SCRAPER ratings fetch page 29 offset 560 failed (attempt 2/5): Message: no such window: target window already closed
from unknown error: web view not found
  (Session info: MicrosoftEdge=142.0.3595.94)
Stacktrace:
	GetHandleVerifier [0x0x7ff6a7b22a75+51877]
	GetHandleVerifier [0x0x7ff6a7b22ad4+51972]
	GetHandleVerifier [0x0x7ff6a7cd9425+1848405]
	(No symbol) [0x0x7ff6a7870e5f]
	(No symbol) [0x0x7ff6a79074ec]
	(No symbol) [0x0x7ff6a791ed0a]
	(No symbol) [0x0x7ff6a7901df3]
	(No symbol) [0x0x7ff6a78d5b36]
	(No symbol) [0x0x7ff6a78d4d80]
	(No symbol) [0x0x7ff6a78d5973]
	(No symbol) [0x0x7ff6a799e4a5]
	(No symbol) [0x0x7ff6a799a75d]
	GetHandleVerifier [0x0x7ff6a7b4d2b3+226019]
	GetHandleVerifier [0x0x7ff6a7b3c481+156849]
	GetHandleVerifier [0x0x7ff6a7b44979+190889]
	GetHandleVerifier [0x0x7ff6a7b29bb4+80868]
	GetHandleVerifier [0x0x7ff6a7b29d03+81203]
	GetHandleVerifier [0x0x7ff6a7b18286+8886]
	BaseThreadInitThunk [0x0x7ff98cdee8d7+23]
	RtlUserThreadStart [0x0x7ff98e38c53c+44]

[2025-12-03T12:08:40.900017] SCRAPER ratings fetch page 29 offset 560 failed (attempt 2/5): Message: no such window: target window already closed
from unknown error: web view not found
  (Session info: MicrosoftEdge=142.0.3595.94)
Stacktrace:
	GetHandleVerifier [0x0x7ff6a7b22a75+51877]
	GetHandleVerifier [0x0x7ff6a7b22ad4+51972]
	GetHandleVerifier [0x0x7ff6a7cd9425+1848405]
	(No symbol) [0x0x7ff6a7870e5f]
	(No symbol) [0x0x7ff6a79074ec]
	(No symbol) [0x0x7ff6a791ed0a]
	(No symbol) [0x0x7ff6a7901df3]
	(No symbol) [0x0x7ff6a78d5b36]
	(No symbol) [0x0x7ff6a78d4d80]
	(No symbol) [0x0x7ff6a78d5973]
	(No symbol) [0x0x7ff6a799e4a5]
	(No symbol) [0x0x7ff6a799a75d]
	GetHandleVerifier [0x0x7ff6a7b4d2b3+226019]
	GetHandleVerifier [0x0x7ff6a7b3c481+156849]
	GetHandleVerifier [0x0x7ff6a7b44979+190889]
	GetHandleVerifier [0x0x7ff6a7b29bb4+80868]
	GetHandleVerifier [0x0x7ff6a7b29d03+81203]
	GetHandleVerifier [0x0x7ff6a7b18286+8886]
	BaseThreadInitThunk [0x0x7ff98cdee8d7+23]
	RtlUserThreadStart [0x0x7ff98e38c53c+44]

[2025-12-03T12:08:42.036904] SCRAPER ratings fetch page 8 offset 140 failed (attempt 5/5): HTTPConnectionPool(host='localhost', port=51982): Max retries exceeded with url: /session/eb4fe145f7c374b8145393fd9d40e526/execute/sync (Caused by NewConnectionError('<urllib3.connection.HTTPConnection object at 0x000001E0B79726B0>: Failed to establish a new connection: [WinError 10061] No connection could be made because the target machine actively refused it'))
[2025-12-03T12:08:43.743136] SCRAPER ratings fetch page 29 offset 560 failed (attempt 3/5): Message: no such window: target window already closed
from unknown error: web view not found
  (Session info: MicrosoftEdge=142.0.3595.94)
Stacktrace:
	GetHandleVerifier [0x0x7ff6a7b22a75+51877]
	GetHandleVerifier [0x0x7ff6a7b22ad4+51972]
	GetHandleVerifier [0x0x7ff6a7cd9425+1848405]
	(No symbol) [0x0x7ff6a7870e5f]
	(No symbol) [0x0x7ff6a79074ec]
	(No symbol) [0x0x7ff6a791ed0a]
	(No symbol) [0x0x7ff6a7901df3]
	(No symbol) [0x0x7ff6a78d5b36]
	(No symbol) [0x0x7ff6a78d4d80]
	(No symbol) [0x0x7ff6a78d5973]
	(No symbol) [0x0x7ff6a799e4a5]
	(No symbol) [0x0x7ff6a799a75d]
	GetHandleVerifier [0x0x7ff6a7b4d2b3+226019]
	GetHandleVerifier [0x0x7ff6a7b3c481+156849]
	GetHandleVerifier [0x0x7ff6a7b44979+190889]
	GetHandleVerifier [0x0x7ff6a7b29bb4+80868]
	GetHandleVerifier [0x0x7ff6a7b29d03+81203]
	GetHandleVerifier [0x0x7ff6a7b18286+8886]
	BaseThreadInitThunk [0x0x7ff98cdee8d7+23]
	RtlUserThreadStart [0x0x7ff98e38c53c+44]

[2025-12-03T12:08:43.915166] SCRAPER ratings fetch page 29 offset 560 failed (attempt 3/5): Message: no such window: target window already closed
from unknown error: web view not found
  (Session info: MicrosoftEdge=142.0.3595.94)
Stacktrace:
	GetHandleVerifier [0x0x7ff6a7b22a75+51877]
	GetHandleVerifier [0x0x7ff6a7b22ad4+51972]
	GetHandleVerifier [0x0x7ff6a7cd9425+1848405]
	(No symbol) [0x0x7ff6a7870e5f]
	(No symbol) [0x0x7ff6a79074ec]
	(No symbol) [0x0x7ff6a791ed0a]
	(No symbol) [0x0x7ff6a7901df3]
	(No symbol) [0x0x7ff6a78d5b36]
	(No symbol) [0x0x7ff6a78d4d80]
	(No symbol) [0x0x7ff6a78d5973]
	(No symbol) [0x0x7ff6a799e4a5]
	(No symbol) [0x0x7ff6a799a75d]
	GetHandleVerifier [0x0x7ff6a7b4d2b3+226019]
	GetHandleVerifier [0x0x7ff6a7b3c481+156849]
	GetHandleVerifier [0x0x7ff6a7b44979+190889]
	GetHandleVerifier [0x0x7ff6a7b29bb4+80868]
	GetHandleVerifier [0x0x7ff6a7b29d03+81203]
	GetHandleVerifier [0x0x7ff6a7b18286+8886]
	BaseThreadInitThunk [0x0x7ff98cdee8d7+23]
	RtlUserThreadStart [0x0x7ff98e38c53c+44]

[2025-12-03T12:08:47.051509] SCRAPER skip page 8 after 5 failures; lanjut halaman berikutnya
[2025-12-03T12:08:47.762251] SCRAPER ratings fetch page 29 offset 560 failed (attempt 4/5): Message: no such window: target window already closed
from unknown error: web view not found
  (Session info: MicrosoftEdge=142.0.3595.94)
Stacktrace:
	GetHandleVerifier [0x0x7ff6a7b22a75+51877]
	GetHandleVerifier [0x0x7ff6a7b22ad4+51972]
	GetHandleVerifier [0x0x7ff6a7cd9425+1848405]
	(No symbol) [0x0x7ff6a7870e5f]
	(No symbol) [0x0x7ff6a79074ec]
	(No symbol) [0x0x7ff6a791ed0a]
	(No symbol) [0x0x7ff6a7901df3]
	(No symbol) [0x0x7ff6a78d5b36]
	(No symbol) [0x0x7ff6a78d4d80]
	(No symbol) [0x0x7ff6a78d5973]
	(No symbol) [0x0x7ff6a799e4a5]
	(No symbol) [0x0x7ff6a799a75d]
	GetHandleVerifier [0x0x7ff6a7b4d2b3+226019]
	GetHandleVerifier [0x0x7ff6a7b3c481+156849]
	GetHandleVerifier [0x0x7ff6a7b44979+190889]
	GetHandleVerifier [0x0x7ff6a7b29bb4+80868]
	GetHandleVerifier [0x0x7ff6a7b29d03+81203]
	GetHandleVerifier [0x0x7ff6a7b18286+8886]
	BaseThreadInitThunk [0x0x7ff98cdee8d7+23]
	RtlUserThreadStart [0x0x7ff98e38c53c+44]

[2025-12-03T12:08:47.932753] SCRAPER ratings fetch page 29 offset 560 failed (attempt 4/5): Message: no such window: target window already closed
from unknown error: web view not found
  (Session info: MicrosoftEdge=142.0.3595.94)
Stacktrace:
	GetHandleVerifier [0x0x7ff6a7b22a75+51877]
	GetHandleVerifier [0x0x7ff6a7b22ad4+51972]
	GetHandleVerifier [0x0x7ff6a7cd9425+1848405]
	(No symbol) [0x0x7ff6a7870e5f]
	(No symbol) [0x0x7ff6a79074ec]
	(No symbol) [0x0x7ff6a791ed0a]
	(No symbol) [0x0x7ff6a7901df3]
	(No symbol) [0x0x7ff6a78d5b36]
	(No symbol) [0x0x7ff6a78d4d80]
	(No symbol) [0x0x7ff6a78d5973]
	(No symbol) [0x0x7ff6a799e4a5]
	(No symbol) [0x0x7ff6a799a75d]
	GetHandleVerifier [0x0x7ff6a7b4d2b3+226019]
	GetHandleVerifier [0x0x7ff6a7b3c481+156849]
	GetHandleVerifier [0x0x7ff6a7b44979+190889]
	GetHandleVerifier [0x0x7ff6a7b29bb4+80868]
	GetHandleVerifier [0x0x7ff6a7b29d03+81203]
	GetHandleVerifier [0x0x7ff6a7b18286+8886]
	BaseThreadInitThunk [0x0x7ff98cdee8d7+23]
	RtlUserThreadStart [0x0x7ff98e38c53c+44]

[2025-12-03T12:08:52.770088] SCRAPER ratings fetch page 29 offset 560 failed (attempt 5/5): Message: no such window: target window already closed
from unknown error: web view not found
  (Session info: MicrosoftEdge=142.0.3595.94)
Stacktrace:
	GetHandleVerifier [0x0x7ff6a7b22a75+51877]
	GetHandleVerifier [0x0x7ff6a7b22ad4+51972]
	GetHandleVerifier [0x0x7ff6a7cd9425+1848405]
	(No symbol) [0x0x7ff6a7870e5f]
	(No symbol) [0x0x7ff6a79074ec]
	(No symbol) [0x0x7ff6a791ed0a]
	(No symbol) [0x0x7ff6a7901df3]
	(No symbol) [0x0x7ff6a78d5b36]
	(No symbol) [0x0x7ff6a78d4d80]
	(No symbol) [0x0x7ff6a78d5973]
	(No symbol) [0x0x7ff6a799e4a5]
	(No symbol) [0x0x7ff6a799a75d]
	GetHandleVerifier [0x0x7ff6a7b4d2b3+226019]
	GetHandleVerifier [0x0x7ff6a7b3c481+156849]
	GetHandleVerifier [0x0x7ff6a7b44979+190889]
	GetHandleVerifier [0x0x7ff6a7b29bb4+80868]
	GetHandleVerifier [0x0x7ff6a7b29d03+81203]
	GetHandleVerifier [0x0x7ff6a7b18286+8886]
	BaseThreadInitThunk [0x0x7ff98cdee8d7+23]
	RtlUserThreadStart [0x0x7ff98e38c53c+44]

[2025-12-03T12:08:52.939585] SCRAPER ratings fetch page 29 offset 560 failed (attempt 5/5): Message: no such window: target window already closed
from unknown error: web view not found
  (Session info: MicrosoftEdge=142.0.3595.94)
Stacktrace:
	GetHandleVerifier [0x0x7ff6a7b22a75+51877]
	GetHandleVerifier [0x0x7ff6a7b22ad4+51972]
	GetHandleVerifier [0x0x7ff6a7cd9425+1848405]
	(No symbol) [0x0x7ff6a7870e5f]
	(No symbol) [0x0x7ff6a79074ec]
	(No symbol) [0x0x7ff6a791ed0a]
	(No symbol) [0x0x7ff6a7901df3]
	(No symbol) [0x0x7ff6a78d5b36]
	(No symbol) [0x0x7ff6a78d4d80]
	(No symbol) [0x0x7ff6a78d5973]
	(No symbol) [0x0x7ff6a799e4a5]
	(No symbol) [0x0x7ff6a799a75d]
	GetHandleVerifier [0x0x7ff6a7b4d2b3+226019]
	GetHandleVerifier [0x0x7ff6a7b3c481+156849]
	GetHandleVerifier [0x0x7ff6a7b44979+190889]
	GetHandleVerifier [0x0x7ff6a7b29bb4+80868]
	GetHandleVerifier [0x0x7ff6a7b29d03+81203]
	GetHandleVerifier [0x0x7ff6a7b18286+8886]
	BaseThreadInitThunk [0x0x7ff98cdee8d7+23]
	RtlUserThreadStart [0x0x7ff98e38c53c+44]

[2025-12-03T12:08:57.786275] SCRAPER skip page 29 after 5 failures; lanjut halaman berikutnya
[2025-12-03T12:08:57.791596] SCRAPER ratings fetch page 30 offset 580 failed (attempt 1/5): Message: no such window: target window already closed
from unknown error: web view not found
  (Session info: MicrosoftEdge=142.0.3595.94)
Stacktrace:
	GetHandleVerifier [0x0x7ff6a7b22a75+51877]
	GetHandleVerifier [0x0x7ff6a7b22ad4+51972]
	GetHandleVerifier [0x0x7ff6a7cd9425+1848405]
	(No symbol) [0x0x7ff6a7870e5f]
	(No symbol) [0x0x7ff6a79074ec]
	(No symbol) [0x0x7ff6a791ed0a]
	(No symbol) [0x0x7ff6a7901df3]
	(No symbol) [0x0x7ff6a78d5b36]
	(No symbol) [0x0x7ff6a78d4d80]
	(No symbol) [0x0x7ff6a78d5973]
	(No symbol) [0x0x7ff6a799e4a5]
	(No symbol) [0x0x7ff6a799a75d]
	GetHandleVerifier [0x0x7ff6a7b4d2b3+226019]
	GetHandleVerifier [0x0x7ff6a7b3c481+156849]
	GetHandleVerifier [0x0x7ff6a7b44979+190889]
	GetHandleVerifier [0x0x7ff6a7b29bb4+80868]
	GetHandleVerifier [0x0x7ff6a7b29d03+81203]
	GetHandleVerifier [0x0x7ff6a7b18286+8886]
	BaseThreadInitThunk [0x0x7ff98cdee8d7+23]
	RtlUserThreadStart [0x0x7ff98e38c53c+44]

[2025-12-03T12:08:57.942893] SCRAPER skip page 29 after 5 failures; lanjut halaman berikutnya
[2025-12-03T12:08:57.943895] SCRAPER ratings fetch page 30 offset 580 failed (attempt 1/5): Message: no such window: target window already closed
from unknown error: web view not found
  (Session info: MicrosoftEdge=142.0.3595.94)
Stacktrace:
	GetHandleVerifier [0x0x7ff6a7b22a75+51877]
	GetHandleVerifier [0x0x7ff6a7b22ad4+51972]
	GetHandleVerifier [0x0x7ff6a7cd9425+1848405]
	(No symbol) [0x0x7ff6a7870e5f]
	(No symbol) [0x0x7ff6a79074ec]
	(No symbol) [0x0x7ff6a791ed0a]
	(No symbol) [0x0x7ff6a7901df3]
	(No symbol) [0x0x7ff6a78d5b36]
	(No symbol) [0x0x7ff6a78d4d80]
	(No symbol) [0x0x7ff6a78d5973]
	(No symbol) [0x0x7ff6a799e4a5]
	(No symbol) [0x0x7ff6a799a75d]
	GetHandleVerifier [0x0x7ff6a7b4d2b3+226019]
	GetHandleVerifier [0x0x7ff6a7b3c481+156849]
	GetHandleVerifier [0x0x7ff6a7b44979+190889]
	GetHandleVerifier [0x0x7ff6a7b29bb4+80868]
	GetHandleVerifier [0x0x7ff6a7b29d03+81203]
	GetHandleVerifier [0x0x7ff6a7b18286+8886]
	BaseThreadInitThunk [0x0x7ff98cdee8d7+23]
	RtlUserThreadStart [0x0x7ff98e38c53c+44]

[2025-12-03T12:08:59.808297] SCRAPER ratings fetch page 30 offset 580 failed (attempt 2/5): Message: no such window: target window already closed
from unknown error: web view not found
  (Session info: MicrosoftEdge=142.0.3595.94)
Stacktrace:
	GetHandleVerifier [0x0x7ff6a7b22a75+51877]
	GetHandleVerifier [0x0x7ff6a7b22ad4+51972]
	GetHandleVerifier [0x0x7ff6a7cd9425+1848405]
	(No symbol) [0x0x7ff6a7870e5f]
	(No symbol) [0x0x7ff6a79074ec]
	(No symbol) [0x0x7ff6a791ed0a]
	(No symbol) [0x0x7ff6a7901df3]
	(No symbol) [0x0x7ff6a78d5b36]
	(No symbol) [0x0x7ff6a78d4d80]
	(No symbol) [0x0x7ff6a78d5973]
	(No symbol) [0x0x7ff6a799e4a5]
	(No symbol) [0x0x7ff6a799a75d]
	GetHandleVerifier [0x0x7ff6a7b4d2b3+226019]
	GetHandleVerifier [0x0x7ff6a7b3c481+156849]
	GetHandleVerifier [0x0x7ff6a7b44979+190889]
	GetHandleVerifier [0x0x7ff6a7b29bb4+80868]
	GetHandleVerifier [0x0x7ff6a7b29d03+81203]
	GetHandleVerifier [0x0x7ff6a7b18286+8886]
	BaseThreadInitThunk [0x0x7ff98cdee8d7+23]
	RtlUserThreadStart [0x0x7ff98e38c53c+44]

[2025-12-03T12:08:59.950936] SCRAPER ratings fetch page 30 offset 580 failed (attempt 2/5): Message: no such window: target window already closed
from unknown error: web view not found
  (Session info: MicrosoftEdge=142.0.3595.94)
Stacktrace:
	GetHandleVerifier [0x0x7ff6a7b22a75+51877]
	GetHandleVerifier [0x0x7ff6a7b22ad4+51972]
	GetHandleVerifier [0x0x7ff6a7cd9425+1848405]
	(No symbol) [0x0x7ff6a7870e5f]
	(No symbol) [0x0x7ff6a79074ec]
	(No symbol) [0x0x7ff6a791ed0a]
	(No symbol) [0x0x7ff6a7901df3]
	(No symbol) [0x0x7ff6a78d5b36]
	(No symbol) [0x0x7ff6a78d4d80]
	(No symbol) [0x0x7ff6a78d5973]
	(No symbol) [0x0x7ff6a799e4a5]
	(No symbol) [0x0x7ff6a799a75d]
	GetHandleVerifier [0x0x7ff6a7b4d2b3+226019]
	GetHandleVerifier [0x0x7ff6a7b3c481+156849]
	GetHandleVerifier [0x0x7ff6a7b44979+190889]
	GetHandleVerifier [0x0x7ff6a7b29bb4+80868]
	GetHandleVerifier [0x0x7ff6a7b29d03+81203]
	GetHandleVerifier [0x0x7ff6a7b18286+8886]
	BaseThreadInitThunk [0x0x7ff98cdee8d7+23]
	RtlUserThreadStart [0x0x7ff98e38c53c+44]

[2025-12-03T12:09:02.849777] SCRAPER ratings fetch page 30 offset 580 failed (attempt 3/5): Message: no such window: target window already closed
from unknown error: web view not found
  (Session info: MicrosoftEdge=142.0.3595.94)
Stacktrace:
	GetHandleVerifier [0x0x7ff6a7b22a75+51877]
	GetHandleVerifier [0x0x7ff6a7b22ad4+51972]
	GetHandleVerifier [0x0x7ff6a7cd9425+1848405]
	(No symbol) [0x0x7ff6a7870e5f]
	(No symbol) [0x0x7ff6a79074ec]
	(No symbol) [0x0x7ff6a791ed0a]
	(No symbol) [0x0x7ff6a7901df3]
	(No symbol) [0x0x7ff6a78d5b36]
	(No symbol) [0x0x7ff6a78d4d80]
	(No symbol) [0x0x7ff6a78d5973]
	(No symbol) [0x0x7ff6a799e4a5]
	(No symbol) [0x0x7ff6a799a75d]
	GetHandleVerifier [0x0x7ff6a7b4d2b3+226019]
	GetHandleVerifier [0x0x7ff6a7b3c481+156849]
	GetHandleVerifier [0x0x7ff6a7b44979+190889]
	GetHandleVerifier [0x0x7ff6a7b29bb4+80868]
	GetHandleVerifier [0x0x7ff6a7b29d03+81203]
	GetHandleVerifier [0x0x7ff6a7b18286+8886]
	BaseThreadInitThunk [0x0x7ff98cdee8d7+23]
	RtlUserThreadStart [0x0x7ff98e38c53c+44]

[2025-12-03T12:09:02.964956] SCRAPER ratings fetch page 30 offset 580 failed (attempt 3/5): Message: no such window: target window already closed
from unknown error: web view not found
  (Session info: MicrosoftEdge=142.0.3595.94)
Stacktrace:
	GetHandleVerifier [0x0x7ff6a7b22a75+51877]
	GetHandleVerifier [0x0x7ff6a7b22ad4+51972]
	GetHandleVerifier [0x0x7ff6a7cd9425+1848405]
	(No symbol) [0x0x7ff6a7870e5f]
	(No symbol) [0x0x7ff6a79074ec]
	(No symbol) [0x0x7ff6a791ed0a]
	(No symbol) [0x0x7ff6a7901df3]
	(No symbol) [0x0x7ff6a78d5b36]
	(No symbol) [0x0x7ff6a78d4d80]
	(No symbol) [0x0x7ff6a78d5973]
	(No symbol) [0x0x7ff6a799e4a5]
	(No symbol) [0x0x7ff6a799a75d]
	GetHandleVerifier [0x0x7ff6a7b4d2b3+226019]
	GetHandleVerifier [0x0x7ff6a7b3c481+156849]
	GetHandleVerifier [0x0x7ff6a7b44979+190889]
	GetHandleVerifier [0x0x7ff6a7b29bb4+80868]
	GetHandleVerifier [0x0x7ff6a7b29d03+81203]
	GetHandleVerifier [0x0x7ff6a7b18286+8886]
	BaseThreadInitThunk [0x0x7ff98cdee8d7+23]
	RtlUserThreadStart [0x0x7ff98e38c53c+44]

[2025-12-03T12:09:03.289171] SCRAPER ratings fetch page 9 offset 160 failed (attempt 1/5): HTTPConnectionPool(host='localhost', port=51982): Max retries exceeded with url: /session/eb4fe145f7c374b8145393fd9d40e526/execute/sync (Caused by NewConnectionError('<urllib3.connection.HTTPConnection object at 0x000001E0A3AC6770>: Failed to establish a new connection: [WinError 10061] No connection could be made because the target machine actively refused it'))
[2025-12-03T12:09:06.858726] SCRAPER ratings fetch page 30 offset 580 failed (attempt 4/5): Message: no such window: target window already closed
from unknown error: web view not found
  (Session info: MicrosoftEdge=142.0.3595.94)
Stacktrace:
	GetHandleVerifier [0x0x7ff6a7b22a75+51877]
	GetHandleVerifier [0x0x7ff6a7b22ad4+51972]
	GetHandleVerifier [0x0x7ff6a7cd9425+1848405]
	(No symbol) [0x0x7ff6a7870e5f]
	(No symbol) [0x0x7ff6a79074ec]
	(No symbol) [0x0x7ff6a791ed0a]
	(No symbol) [0x0x7ff6a7901df3]
	(No symbol) [0x0x7ff6a78d5b36]
	(No symbol) [0x0x7ff6a78d4d80]
	(No symbol) [0x0x7ff6a78d5973]
	(No symbol) [0x0x7ff6a799e4a5]
	(No symbol) [0x0x7ff6a799a75d]
	GetHandleVerifier [0x0x7ff6a7b4d2b3+226019]
	GetHandleVerifier [0x0x7ff6a7b3c481+156849]
	GetHandleVerifier [0x0x7ff6a7b44979+190889]
	GetHandleVerifier [0x0x7ff6a7b29bb4+80868]
	GetHandleVerifier [0x0x7ff6a7b29d03+81203]
	GetHandleVerifier [0x0x7ff6a7b18286+8886]
	BaseThreadInitThunk [0x0x7ff98cdee8d7+23]
	RtlUserThreadStart [0x0x7ff98e38c53c+44]

[2025-12-03T12:09:06.970179] SCRAPER ratings fetch page 30 offset 580 failed (attempt 4/5): Message: no such window: target window already closed
from unknown error: web view not found
  (Session info: MicrosoftEdge=142.0.3595.94)
Stacktrace:
	GetHandleVerifier [0x0x7ff6a7b22a75+51877]
	GetHandleVerifier [0x0x7ff6a7b22ad4+51972]
	GetHandleVerifier [0x0x7ff6a7cd9425+1848405]
	(No symbol) [0x0x7ff6a7870e5f]
	(No symbol) [0x0x7ff6a79074ec]
	(No symbol) [0x0x7ff6a791ed0a]
	(No symbol) [0x0x7ff6a7901df3]
	(No symbol) [0x0x7ff6a78d5b36]
	(No symbol) [0x0x7ff6a78d4d80]
	(No symbol) [0x0x7ff6a78d5973]
	(No symbol) [0x0x7ff6a799e4a5]
	(No symbol) [0x0x7ff6a799a75d]
	GetHandleVerifier [0x0x7ff6a7b4d2b3+226019]
	GetHandleVerifier [0x0x7ff6a7b3c481+156849]
	GetHandleVerifier [0x0x7ff6a7b44979+190889]
	GetHandleVerifier [0x0x7ff6a7b29bb4+80868]
	GetHandleVerifier [0x0x7ff6a7b29d03+81203]
	GetHandleVerifier [0x0x7ff6a7b18286+8886]
	BaseThreadInitThunk [0x0x7ff98cdee8d7+23]
	RtlUserThreadStart [0x0x7ff98e38c53c+44]

[2025-12-03T12:09:11.872235] SCRAPER ratings fetch page 30 offset 580 failed (attempt 5/5): Message: no such window: target window already closed
from unknown error: web view not found
  (Session info: MicrosoftEdge=142.0.3595.94)
Stacktrace:
	GetHandleVerifier [0x0x7ff6a7b22a75+51877]
	GetHandleVerifier [0x0x7ff6a7b22ad4+51972]
	GetHandleVerifier [0x0x7ff6a7cd9425+1848405]
	(No symbol) [0x0x7ff6a7870e5f]
	(No symbol) [0x0x7ff6a79074ec]
	(No symbol) [0x0x7ff6a791ed0a]
	(No symbol) [0x0x7ff6a7901df3]
	(No symbol) [0x0x7ff6a78d5b36]
	(No symbol) [0x0x7ff6a78d4d80]
	(No symbol) [0x0x7ff6a78d5973]
	(No symbol) [0x0x7ff6a799e4a5]
	(No symbol) [0x0x7ff6a799a75d]
	GetHandleVerifier [0x0x7ff6a7b4d2b3+226019]
	GetHandleVerifier [0x0x7ff6a7b3c481+156849]
	GetHandleVerifier [0x0x7ff6a7b44979+190889]
	GetHandleVerifier [0x0x7ff6a7b29bb4+80868]
	GetHandleVerifier [0x0x7ff6a7b29d03+81203]
	GetHandleVerifier [0x0x7ff6a7b18286+8886]
	BaseThreadInitThunk [0x0x7ff98cdee8d7+23]
	RtlUserThreadStart [0x0x7ff98e38c53c+44]

[2025-12-03T12:09:11.979224] SCRAPER ratings fetch page 30 offset 580 failed (attempt 5/5): Message: no such window: target window already closed
from unknown error: web view not found
  (Session info: MicrosoftEdge=142.0.3595.94)
Stacktrace:
	GetHandleVerifier [0x0x7ff6a7b22a75+51877]
	GetHandleVerifier [0x0x7ff6a7b22ad4+51972]
	GetHandleVerifier [0x0x7ff6a7cd9425+1848405]
	(No symbol) [0x0x7ff6a7870e5f]
	(No symbol) [0x0x7ff6a79074ec]
	(No symbol) [0x0x7ff6a791ed0a]
	(No symbol) [0x0x7ff6a7901df3]
	(No symbol) [0x0x7ff6a78d5b36]
	(No symbol) [0x0x7ff6a78d4d80]
	(No symbol) [0x0x7ff6a78d5973]
	(No symbol) [0x0x7ff6a799e4a5]
	(No symbol) [0x0x7ff6a799a75d]
	GetHandleVerifier [0x0x7ff6a7b4d2b3+226019]
	GetHandleVerifier [0x0x7ff6a7b3c481+156849]
	GetHandleVerifier [0x0x7ff6a7b44979+190889]
	GetHandleVerifier [0x0x7ff6a7b29bb4+80868]
	GetHandleVerifier [0x0x7ff6a7b29d03+81203]
	GetHandleVerifier [0x0x7ff6a7b18286+8886]
	BaseThreadInitThunk [0x0x7ff98cdee8d7+23]
	RtlUserThreadStart [0x0x7ff98e38c53c+44]

[2025-12-03T12:09:16.879527] SCRAPER skip page 30 after 5 failures; lanjut halaman berikutnya
[2025-12-03T12:09:16.881531] SCRAPER ratings fetch page 31 offset 600 failed (attempt 1/5): Message: no such window: target window already closed
from unknown error: web view not found
  (Session info: MicrosoftEdge=142.0.3595.94)
Stacktrace:
	GetHandleVerifier [0x0x7ff6a7b22a75+51877]
	GetHandleVerifier [0x0x7ff6a7b22ad4+51972]
	GetHandleVerifier [0x0x7ff6a7cd9425+1848405]
	(No symbol) [0x0x7ff6a7870e5f]
	(No symbol) [0x0x7ff6a79074ec]
	(No symbol) [0x0x7ff6a791ed0a]
	(No symbol) [0x0x7ff6a7901df3]
	(No symbol) [0x0x7ff6a78d5b36]
	(No symbol) [0x0x7ff6a78d4d80]
	(No symbol) [0x0x7ff6a78d5973]
	(No symbol) [0x0x7ff6a799e4a5]
	(No symbol) [0x0x7ff6a799a75d]
	GetHandleVerifier [0x0x7ff6a7b4d2b3+226019]
	GetHandleVerifier [0x0x7ff6a7b3c481+156849]
	GetHandleVerifier [0x0x7ff6a7b44979+190889]
	GetHandleVerifier [0x0x7ff6a7b29bb4+80868]
	GetHandleVerifier [0x0x7ff6a7b29d03+81203]
	GetHandleVerifier [0x0x7ff6a7b18286+8886]
	BaseThreadInitThunk [0x0x7ff98cdee8d7+23]
	RtlUserThreadStart [0x0x7ff98e38c53c+44]

[2025-12-03T12:09:16.989971] SCRAPER skip page 30 after 5 failures; lanjut halaman berikutnya
[2025-12-03T12:09:16.991975] SCRAPER ratings fetch page 31 offset 600 failed (attempt 1/5): Message: no such window: target window already closed
from unknown error: web view not found
  (Session info: MicrosoftEdge=142.0.3595.94)
Stacktrace:
	GetHandleVerifier [0x0x7ff6a7b22a75+51877]
	GetHandleVerifier [0x0x7ff6a7b22ad4+51972]
	GetHandleVerifier [0x0x7ff6a7cd9425+1848405]
	(No symbol) [0x0x7ff6a7870e5f]
	(No symbol) [0x0x7ff6a79074ec]
	(No symbol) [0x0x7ff6a791ed0a]
	(No symbol) [0x0x7ff6a7901df3]
	(No symbol) [0x0x7ff6a78d5b36]
	(No symbol) [0x0x7ff6a78d4d80]
	(No symbol) [0x0x7ff6a78d5973]
	(No symbol) [0x0x7ff6a799e4a5]
	(No symbol) [0x0x7ff6a799a75d]
	GetHandleVerifier [0x0x7ff6a7b4d2b3+226019]
	GetHandleVerifier [0x0x7ff6a7b3c481+156849]
	GetHandleVerifier [0x0x7ff6a7b44979+190889]
	GetHandleVerifier [0x0x7ff6a7b29bb4+80868]
	GetHandleVerifier [0x0x7ff6a7b29d03+81203]
	GetHandleVerifier [0x0x7ff6a7b18286+8886]
	BaseThreadInitThunk [0x0x7ff98cdee8d7+23]
	RtlUserThreadStart [0x0x7ff98e38c53c+44]

[2025-12-03T12:09:18.885424] SCRAPER ratings fetch page 31 offset 600 failed (attempt 2/5): Message: no such window: target window already closed
from unknown error: web view not found
  (Session info: MicrosoftEdge=142.0.3595.94)
Stacktrace:
	GetHandleVerifier [0x0x7ff6a7b22a75+51877]
	GetHandleVerifier [0x0x7ff6a7b22ad4+51972]
	GetHandleVerifier [0x0x7ff6a7cd9425+1848405]
	(No symbol) [0x0x7ff6a7870e5f]
	(No symbol) [0x0x7ff6a79074ec]
	(No symbol) [0x0x7ff6a791ed0a]
	(No symbol) [0x0x7ff6a7901df3]
	(No symbol) [0x0x7ff6a78d5b36]
	(No symbol) [0x0x7ff6a78d4d80]
	(No symbol) [0x0x7ff6a78d5973]
	(No symbol) [0x0x7ff6a799e4a5]
	(No symbol) [0x0x7ff6a799a75d]
	GetHandleVerifier [0x0x7ff6a7b4d2b3+226019]
	GetHandleVerifier [0x0x7ff6a7b3c481+156849]
	GetHandleVerifier [0x0x7ff6a7b44979+190889]
	GetHandleVerifier [0x0x7ff6a7b29bb4+80868]
	GetHandleVerifier [0x0x7ff6a7b29d03+81203]
	GetHandleVerifier [0x0x7ff6a7b18286+8886]
	BaseThreadInitThunk [0x0x7ff98cdee8d7+23]
	RtlUserThreadStart [0x0x7ff98e38c53c+44]

[2025-12-03T12:09:19.009695] SCRAPER ratings fetch page 31 offset 600 failed (attempt 2/5): Message: no such window: target window already closed
from unknown error: web view not found
  (Session info: MicrosoftEdge=142.0.3595.94)
Stacktrace:
	GetHandleVerifier [0x0x7ff6a7b22a75+51877]
	GetHandleVerifier [0x0x7ff6a7b22ad4+51972]
	GetHandleVerifier [0x0x7ff6a7cd9425+1848405]
	(No symbol) [0x0x7ff6a7870e5f]
	(No symbol) [0x0x7ff6a79074ec]
	(No symbol) [0x0x7ff6a791ed0a]
	(No symbol) [0x0x7ff6a7901df3]
	(No symbol) [0x0x7ff6a78d5b36]
	(No symbol) [0x0x7ff6a78d4d80]
	(No symbol) [0x0x7ff6a78d5973]
	(No symbol) [0x0x7ff6a799e4a5]
	(No symbol) [0x0x7ff6a799a75d]
	GetHandleVerifier [0x0x7ff6a7b4d2b3+226019]
	GetHandleVerifier [0x0x7ff6a7b3c481+156849]
	GetHandleVerifier [0x0x7ff6a7b44979+190889]
	GetHandleVerifier [0x0x7ff6a7b29bb4+80868]
	GetHandleVerifier [0x0x7ff6a7b29d03+81203]
	GetHandleVerifier [0x0x7ff6a7b18286+8886]
	BaseThreadInitThunk [0x0x7ff98cdee8d7+23]
	RtlUserThreadStart [0x0x7ff98e38c53c+44]

[2025-12-03T12:09:21.476731] SCRAPER ratings fetch page 9 offset 160 failed (attempt 2/5): HTTPConnectionPool(host='localhost', port=51982): Max retries exceeded with url: /session/eb4fe145f7c374b8145393fd9d40e526/execute/sync (Caused by NewConnectionError('<urllib3.connection.HTTPConnection object at 0x000001E0B79718D0>: Failed to establish a new connection: [WinError 10061] No connection could be made because the target machine actively refused it'))
[2025-12-03T12:09:21.902312] SCRAPER ratings fetch page 31 offset 600 failed (attempt 3/5): Message: no such window: target window already closed
from unknown error: web view not found
  (Session info: MicrosoftEdge=142.0.3595.94)
Stacktrace:
	GetHandleVerifier [0x0x7ff6a7b22a75+51877]
	GetHandleVerifier [0x0x7ff6a7b22ad4+51972]
	GetHandleVerifier [0x0x7ff6a7cd9425+1848405]
	(No symbol) [0x0x7ff6a7870e5f]
	(No symbol) [0x0x7ff6a79074ec]
	(No symbol) [0x0x7ff6a791ed0a]
	(No symbol) [0x0x7ff6a7901df3]
	(No symbol) [0x0x7ff6a78d5b36]
	(No symbol) [0x0x7ff6a78d4d80]
	(No symbol) [0x0x7ff6a78d5973]
	(No symbol) [0x0x7ff6a799e4a5]
	(No symbol) [0x0x7ff6a799a75d]
	GetHandleVerifier [0x0x7ff6a7b4d2b3+226019]
	GetHandleVerifier [0x0x7ff6a7b3c481+156849]
	GetHandleVerifier [0x0x7ff6a7b44979+190889]
	GetHandleVerifier [0x0x7ff6a7b29bb4+80868]
	GetHandleVerifier [0x0x7ff6a7b29d03+81203]
	GetHandleVerifier [0x0x7ff6a7b18286+8886]
	BaseThreadInitThunk [0x0x7ff98cdee8d7+23]
	RtlUserThreadStart [0x0x7ff98e38c53c+44]

[2025-12-03T12:09:22.027603] SCRAPER ratings fetch page 31 offset 600 failed (attempt 3/5): Message: no such window: target window already closed
from unknown error: web view not found
  (Session info: MicrosoftEdge=142.0.3595.94)
Stacktrace:
	GetHandleVerifier [0x0x7ff6a7b22a75+51877]
	GetHandleVerifier [0x0x7ff6a7b22ad4+51972]
	GetHandleVerifier [0x0x7ff6a7cd9425+1848405]
	(No symbol) [0x0x7ff6a7870e5f]
	(No symbol) [0x0x7ff6a79074ec]
	(No symbol) [0x0x7ff6a791ed0a]
	(No symbol) [0x0x7ff6a7901df3]
	(No symbol) [0x0x7ff6a78d5b36]
	(No symbol) [0x0x7ff6a78d4d80]
	(No symbol) [0x0x7ff6a78d5973]
	(No symbol) [0x0x7ff6a799e4a5]
	(No symbol) [0x0x7ff6a799a75d]
	GetHandleVerifier [0x0x7ff6a7b4d2b3+226019]
	GetHandleVerifier [0x0x7ff6a7b3c481+156849]
	GetHandleVerifier [0x0x7ff6a7b44979+190889]
	GetHandleVerifier [0x0x7ff6a7b29bb4+80868]
	GetHandleVerifier [0x0x7ff6a7b29d03+81203]
	GetHandleVerifier [0x0x7ff6a7b18286+8886]
	BaseThreadInitThunk [0x0x7ff98cdee8d7+23]
	RtlUserThreadStart [0x0x7ff98e38c53c+44]

[2025-12-03T12:09:25.910725] SCRAPER ratings fetch page 31 offset 600 failed (attempt 4/5): Message: no such window: target window already closed
from unknown error: web view not found
  (Session info: MicrosoftEdge=142.0.3595.94)
Stacktrace:
	GetHandleVerifier [0x0x7ff6a7b22a75+51877]
	GetHandleVerifier [0x0x7ff6a7b22ad4+51972]
	GetHandleVerifier [0x0x7ff6a7cd9425+1848405]
	(No symbol) [0x0x7ff6a7870e5f]
	(No symbol) [0x0x7ff6a79074ec]
	(No symbol) [0x0x7ff6a791ed0a]
	(No symbol) [0x0x7ff6a7901df3]
	(No symbol) [0x0x7ff6a78d5b36]
	(No symbol) [0x0x7ff6a78d4d80]
	(No symbol) [0x0x7ff6a78d5973]
	(No symbol) [0x0x7ff6a799e4a5]
	(No symbol) [0x0x7ff6a799a75d]
	GetHandleVerifier [0x0x7ff6a7b4d2b3+226019]
	GetHandleVerifier [0x0x7ff6a7b3c481+156849]
	GetHandleVerifier [0x0x7ff6a7b44979+190889]
	GetHandleVerifier [0x0x7ff6a7b29bb4+80868]
	GetHandleVerifier [0x0x7ff6a7b29d03+81203]
	GetHandleVerifier [0x0x7ff6a7b18286+8886]
	BaseThreadInitThunk [0x0x7ff98cdee8d7+23]
	RtlUserThreadStart [0x0x7ff98e38c53c+44]

[2025-12-03T12:09:26.033424] SCRAPER ratings fetch page 31 offset 600 failed (attempt 4/5): Message: no such window: target window already closed
from unknown error: web view not found
  (Session info: MicrosoftEdge=142.0.3595.94)
Stacktrace:
	GetHandleVerifier [0x0x7ff6a7b22a75+51877]
	GetHandleVerifier [0x0x7ff6a7b22ad4+51972]
	GetHandleVerifier [0x0x7ff6a7cd9425+1848405]
	(No symbol) [0x0x7ff6a7870e5f]
	(No symbol) [0x0x7ff6a79074ec]
	(No symbol) [0x0x7ff6a791ed0a]
	(No symbol) [0x0x7ff6a7901df3]
	(No symbol) [0x0x7ff6a78d5b36]
	(No symbol) [0x0x7ff6a78d4d80]
	(No symbol) [0x0x7ff6a78d5973]
	(No symbol) [0x0x7ff6a799e4a5]
	(No symbol) [0x0x7ff6a799a75d]
	GetHandleVerifier [0x0x7ff6a7b4d2b3+226019]
	GetHandleVerifier [0x0x7ff6a7b3c481+156849]
	GetHandleVerifier [0x0x7ff6a7b44979+190889]
	GetHandleVerifier [0x0x7ff6a7b29bb4+80868]
	GetHandleVerifier [0x0x7ff6a7b29d03+81203]
	GetHandleVerifier [0x0x7ff6a7b18286+8886]
	BaseThreadInitThunk [0x0x7ff98cdee8d7+23]
	RtlUserThreadStart [0x0x7ff98e38c53c+44]

[2025-12-03T12:09:30.923701] SCRAPER ratings fetch page 31 offset 600 failed (attempt 5/5): Message: no such window: target window already closed
from unknown error: web view not found
  (Session info: MicrosoftEdge=142.0.3595.94)
Stacktrace:
	GetHandleVerifier [0x0x7ff6a7b22a75+51877]
	GetHandleVerifier [0x0x7ff6a7b22ad4+51972]
	GetHandleVerifier [0x0x7ff6a7cd9425+1848405]
	(No symbol) [0x0x7ff6a7870e5f]
	(No symbol) [0x0x7ff6a79074ec]
	(No symbol) [0x0x7ff6a791ed0a]
	(No symbol) [0x0x7ff6a7901df3]
	(No symbol) [0x0x7ff6a78d5b36]
	(No symbol) [0x0x7ff6a78d4d80]
	(No symbol) [0x0x7ff6a78d5973]
	(No symbol) [0x0x7ff6a799e4a5]
	(No symbol) [0x0x7ff6a799a75d]
	GetHandleVerifier [0x0x7ff6a7b4d2b3+226019]
	GetHandleVerifier [0x0x7ff6a7b3c481+156849]
	GetHandleVerifier [0x0x7ff6a7b44979+190889]
	GetHandleVerifier [0x0x7ff6a7b29bb4+80868]
	GetHandleVerifier [0x0x7ff6a7b29d03+81203]
	GetHandleVerifier [0x0x7ff6a7b18286+8886]
	BaseThreadInitThunk [0x0x7ff98cdee8d7+23]
	RtlUserThreadStart [0x0x7ff98e38c53c+44]

[2025-12-03T12:09:31.048944] SCRAPER ratings fetch page 31 offset 600 failed (attempt 5/5): Message: no such window: target window already closed
from unknown error: web view not found
  (Session info: MicrosoftEdge=142.0.3595.94)
Stacktrace:
	GetHandleVerifier [0x0x7ff6a7b22a75+51877]
	GetHandleVerifier [0x0x7ff6a7b22ad4+51972]
	GetHandleVerifier [0x0x7ff6a7cd9425+1848405]
	(No symbol) [0x0x7ff6a7870e5f]
	(No symbol) [0x0x7ff6a79074ec]
	(No symbol) [0x0x7ff6a791ed0a]
	(No symbol) [0x0x7ff6a7901df3]
	(No symbol) [0x0x7ff6a78d5b36]
	(No symbol) [0x0x7ff6a78d4d80]
	(No symbol) [0x0x7ff6a78d5973]
	(No symbol) [0x0x7ff6a799e4a5]
	(No symbol) [0x0x7ff6a799a75d]
	GetHandleVerifier [0x0x7ff6a7b4d2b3+226019]
	GetHandleVerifier [0x0x7ff6a7b3c481+156849]
	GetHandleVerifier [0x0x7ff6a7b44979+190889]
	GetHandleVerifier [0x0x7ff6a7b29bb4+80868]
	GetHandleVerifier [0x0x7ff6a7b29d03+81203]
	GetHandleVerifier [0x0x7ff6a7b18286+8886]
	BaseThreadInitThunk [0x0x7ff98cdee8d7+23]
	RtlUserThreadStart [0x0x7ff98e38c53c+44]

[2025-12-03T12:09:35.932654] SCRAPER skip page 31 after 5 failures; lanjut halaman berikutnya
[2025-12-03T12:09:35.937515] SCRAPER ratings fetch page 32 offset 620 failed (attempt 1/5): Message: no such window: target window already closed
from unknown error: web view not found
  (Session info: MicrosoftEdge=142.0.3595.94)
Stacktrace:
	GetHandleVerifier [0x0x7ff6a7b22a75+51877]
	GetHandleVerifier [0x0x7ff6a7b22ad4+51972]
	GetHandleVerifier [0x0x7ff6a7cd9425+1848405]
	(No symbol) [0x0x7ff6a7870e5f]
	(No symbol) [0x0x7ff6a79074ec]
	(No symbol) [0x0x7ff6a791ed0a]
	(No symbol) [0x0x7ff6a7901df3]
	(No symbol) [0x0x7ff6a78d5b36]
	(No symbol) [0x0x7ff6a78d4d80]
	(No symbol) [0x0x7ff6a78d5973]
	(No symbol) [0x0x7ff6a799e4a5]
	(No symbol) [0x0x7ff6a799a75d]
	GetHandleVerifier [0x0x7ff6a7b4d2b3+226019]
	GetHandleVerifier [0x0x7ff6a7b3c481+156849]
	GetHandleVerifier [0x0x7ff6a7b44979+190889]
	GetHandleVerifier [0x0x7ff6a7b29bb4+80868]
	GetHandleVerifier [0x0x7ff6a7b29d03+81203]
	GetHandleVerifier [0x0x7ff6a7b18286+8886]
	BaseThreadInitThunk [0x0x7ff98cdee8d7+23]
	RtlUserThreadStart [0x0x7ff98e38c53c+44]

[2025-12-03T12:09:36.057549] SCRAPER skip page 31 after 5 failures; lanjut halaman berikutnya
[2025-12-03T12:09:36.063413] SCRAPER ratings fetch page 32 offset 620 failed (attempt 1/5): Message: no such window: target window already closed
from unknown error: web view not found
  (Session info: MicrosoftEdge=142.0.3595.94)
Stacktrace:
	GetHandleVerifier [0x0x7ff6a7b22a75+51877]
	GetHandleVerifier [0x0x7ff6a7b22ad4+51972]
	GetHandleVerifier [0x0x7ff6a7cd9425+1848405]
	(No symbol) [0x0x7ff6a7870e5f]
	(No symbol) [0x0x7ff6a79074ec]
	(No symbol) [0x0x7ff6a791ed0a]
	(No symbol) [0x0x7ff6a7901df3]
	(No symbol) [0x0x7ff6a78d5b36]
	(No symbol) [0x0x7ff6a78d4d80]
	(No symbol) [0x0x7ff6a78d5973]
	(No symbol) [0x0x7ff6a799e4a5]
	(No symbol) [0x0x7ff6a799a75d]
	GetHandleVerifier [0x0x7ff6a7b4d2b3+226019]
	GetHandleVerifier [0x0x7ff6a7b3c481+156849]
	GetHandleVerifier [0x0x7ff6a7b44979+190889]
	GetHandleVerifier [0x0x7ff6a7b29bb4+80868]
	GetHandleVerifier [0x0x7ff6a7b29d03+81203]
	GetHandleVerifier [0x0x7ff6a7b18286+8886]
	BaseThreadInitThunk [0x0x7ff98cdee8d7+23]
	RtlUserThreadStart [0x0x7ff98e38c53c+44]

[2025-12-03T12:09:37.946270] SCRAPER ratings fetch page 32 offset 620 failed (attempt 2/5): Message: no such window: target window already closed
from unknown error: web view not found
  (Session info: MicrosoftEdge=142.0.3595.94)
Stacktrace:
	GetHandleVerifier [0x0x7ff6a7b22a75+51877]
	GetHandleVerifier [0x0x7ff6a7b22ad4+51972]
	GetHandleVerifier [0x0x7ff6a7cd9425+1848405]
	(No symbol) [0x0x7ff6a7870e5f]
	(No symbol) [0x0x7ff6a79074ec]
	(No symbol) [0x0x7ff6a791ed0a]
	(No symbol) [0x0x7ff6a7901df3]
	(No symbol) [0x0x7ff6a78d5b36]
	(No symbol) [0x0x7ff6a78d4d80]
	(No symbol) [0x0x7ff6a78d5973]
	(No symbol) [0x0x7ff6a799e4a5]
	(No symbol) [0x0x7ff6a799a75d]
	GetHandleVerifier [0x0x7ff6a7b4d2b3+226019]
	GetHandleVerifier [0x0x7ff6a7b3c481+156849]
	GetHandleVerifier [0x0x7ff6a7b44979+190889]
	GetHandleVerifier [0x0x7ff6a7b29bb4+80868]
	GetHandleVerifier [0x0x7ff6a7b29d03+81203]
	GetHandleVerifier [0x0x7ff6a7b18286+8886]
	BaseThreadInitThunk [0x0x7ff98cdee8d7+23]
	RtlUserThreadStart [0x0x7ff98e38c53c+44]

[2025-12-03T12:09:38.070567] SCRAPER ratings fetch page 32 offset 620 failed (attempt 2/5): Message: no such window: target window already closed
from unknown error: web view not found
  (Session info: MicrosoftEdge=142.0.3595.94)
Stacktrace:
	GetHandleVerifier [0x0x7ff6a7b22a75+51877]
	GetHandleVerifier [0x0x7ff6a7b22ad4+51972]
	GetHandleVerifier [0x0x7ff6a7cd9425+1848405]
	(No symbol) [0x0x7ff6a7870e5f]
	(No symbol) [0x0x7ff6a79074ec]
	(No symbol) [0x0x7ff6a791ed0a]
	(No symbol) [0x0x7ff6a7901df3]
	(No symbol) [0x0x7ff6a78d5b36]
	(No symbol) [0x0x7ff6a78d4d80]
	(No symbol) [0x0x7ff6a78d5973]
	(No symbol) [0x0x7ff6a799e4a5]
	(No symbol) [0x0x7ff6a799a75d]
	GetHandleVerifier [0x0x7ff6a7b4d2b3+226019]
	GetHandleVerifier [0x0x7ff6a7b3c481+156849]
	GetHandleVerifier [0x0x7ff6a7b44979+190889]
	GetHandleVerifier [0x0x7ff6a7b29bb4+80868]
	GetHandleVerifier [0x0x7ff6a7b29d03+81203]
	GetHandleVerifier [0x0x7ff6a7b18286+8886]
	BaseThreadInitThunk [0x0x7ff98cdee8d7+23]
	RtlUserThreadStart [0x0x7ff98e38c53c+44]

[2025-12-03T12:09:40.684723] SCRAPER ratings fetch page 9 offset 160 failed (attempt 3/5): HTTPConnectionPool(host='localhost', port=51982): Max retries exceeded with url: /session/eb4fe145f7c374b8145393fd9d40e526/execute/sync (Caused by NewConnectionError('<urllib3.connection.HTTPConnection object at 0x000001E0B7937130>: Failed to establish a new connection: [WinError 10061] No connection could be made because the target machine actively refused it'))
[2025-12-03T12:09:40.951655] SCRAPER ratings fetch page 32 offset 620 failed (attempt 3/5): Message: no such window: target window already closed
from unknown error: web view not found
  (Session info: MicrosoftEdge=142.0.3595.94)
Stacktrace:
	GetHandleVerifier [0x0x7ff6a7b22a75+51877]
	GetHandleVerifier [0x0x7ff6a7b22ad4+51972]
	GetHandleVerifier [0x0x7ff6a7cd9425+1848405]
	(No symbol) [0x0x7ff6a7870e5f]
	(No symbol) [0x0x7ff6a79074ec]
	(No symbol) [0x0x7ff6a791ed0a]
	(No symbol) [0x0x7ff6a7901df3]
	(No symbol) [0x0x7ff6a78d5b36]
	(No symbol) [0x0x7ff6a78d4d80]
	(No symbol) [0x0x7ff6a78d5973]
	(No symbol) [0x0x7ff6a799e4a5]
	(No symbol) [0x0x7ff6a799a75d]
	GetHandleVerifier [0x0x7ff6a7b4d2b3+226019]
	GetHandleVerifier [0x0x7ff6a7b3c481+156849]
	GetHandleVerifier [0x0x7ff6a7b44979+190889]
	GetHandleVerifier [0x0x7ff6a7b29bb4+80868]
	GetHandleVerifier [0x0x7ff6a7b29d03+81203]
	GetHandleVerifier [0x0x7ff6a7b18286+8886]
	BaseThreadInitThunk [0x0x7ff98cdee8d7+23]
	RtlUserThreadStart [0x0x7ff98e38c53c+44]

[2025-12-03T12:09:41.074367] SCRAPER ratings fetch page 32 offset 620 failed (attempt 3/5): Message: no such window: target window already closed
from unknown error: web view not found
  (Session info: MicrosoftEdge=142.0.3595.94)
Stacktrace:
	GetHandleVerifier [0x0x7ff6a7b22a75+51877]
	GetHandleVerifier [0x0x7ff6a7b22ad4+51972]
	GetHandleVerifier [0x0x7ff6a7cd9425+1848405]
	(No symbol) [0x0x7ff6a7870e5f]
	(No symbol) [0x0x7ff6a79074ec]
	(No symbol) [0x0x7ff6a791ed0a]
	(No symbol) [0x0x7ff6a7901df3]
	(No symbol) [0x0x7ff6a78d5b36]
	(No symbol) [0x0x7ff6a78d4d80]
	(No symbol) [0x0x7ff6a78d5973]
	(No symbol) [0x0x7ff6a799e4a5]
	(No symbol) [0x0x7ff6a799a75d]
	GetHandleVerifier [0x0x7ff6a7b4d2b3+226019]
	GetHandleVerifier [0x0x7ff6a7b3c481+156849]
	GetHandleVerifier [0x0x7ff6a7b44979+190889]
	GetHandleVerifier [0x0x7ff6a7b29bb4+80868]
	GetHandleVerifier [0x0x7ff6a7b29d03+81203]
	GetHandleVerifier [0x0x7ff6a7b18286+8886]
	BaseThreadInitThunk [0x0x7ff98cdee8d7+23]
	RtlUserThreadStart [0x0x7ff98e38c53c+44]

[2025-12-03T12:09:44.965598] SCRAPER ratings fetch page 32 offset 620 failed (attempt 4/5): Message: no such window: target window already closed
from unknown error: web view not found
  (Session info: MicrosoftEdge=142.0.3595.94)
Stacktrace:
	GetHandleVerifier [0x0x7ff6a7b22a75+51877]
	GetHandleVerifier [0x0x7ff6a7b22ad4+51972]
	GetHandleVerifier [0x0x7ff6a7cd9425+1848405]
	(No symbol) [0x0x7ff6a7870e5f]
	(No symbol) [0x0x7ff6a79074ec]
	(No symbol) [0x0x7ff6a791ed0a]
	(No symbol) [0x0x7ff6a7901df3]
	(No symbol) [0x0x7ff6a78d5b36]
	(No symbol) [0x0x7ff6a78d4d80]
	(No symbol) [0x0x7ff6a78d5973]
	(No symbol) [0x0x7ff6a799e4a5]
	(No symbol) [0x0x7ff6a799a75d]
	GetHandleVerifier [0x0x7ff6a7b4d2b3+226019]
	GetHandleVerifier [0x0x7ff6a7b3c481+156849]
	GetHandleVerifier [0x0x7ff6a7b44979+190889]
	GetHandleVerifier [0x0x7ff6a7b29bb4+80868]
	GetHandleVerifier [0x0x7ff6a7b29d03+81203]
	GetHandleVerifier [0x0x7ff6a7b18286+8886]
	BaseThreadInitThunk [0x0x7ff98cdee8d7+23]
	RtlUserThreadStart [0x0x7ff98e38c53c+44]

[2025-12-03T12:09:45.089906] SCRAPER ratings fetch page 32 offset 620 failed (attempt 4/5): Message: no such window: target window already closed
from unknown error: web view not found
  (Session info: MicrosoftEdge=142.0.3595.94)
Stacktrace:
	GetHandleVerifier [0x0x7ff6a7b22a75+51877]
	GetHandleVerifier [0x0x7ff6a7b22ad4+51972]
	GetHandleVerifier [0x0x7ff6a7cd9425+1848405]
	(No symbol) [0x0x7ff6a7870e5f]
	(No symbol) [0x0x7ff6a79074ec]
	(No symbol) [0x0x7ff6a791ed0a]
	(No symbol) [0x0x7ff6a7901df3]
	(No symbol) [0x0x7ff6a78d5b36]
	(No symbol) [0x0x7ff6a78d4d80]
	(No symbol) [0x0x7ff6a78d5973]
	(No symbol) [0x0x7ff6a799e4a5]
	(No symbol) [0x0x7ff6a799a75d]
	GetHandleVerifier [0x0x7ff6a7b4d2b3+226019]
	GetHandleVerifier [0x0x7ff6a7b3c481+156849]
	GetHandleVerifier [0x0x7ff6a7b44979+190889]
	GetHandleVerifier [0x0x7ff6a7b29bb4+80868]
	GetHandleVerifier [0x0x7ff6a7b29d03+81203]
	GetHandleVerifier [0x0x7ff6a7b18286+8886]
	BaseThreadInitThunk [0x0x7ff98cdee8d7+23]
	RtlUserThreadStart [0x0x7ff98e38c53c+44]

[2025-12-03T12:09:49.982643] SCRAPER ratings fetch page 32 offset 620 failed (attempt 5/5): Message: no such window: target window already closed
from unknown error: web view not found
  (Session info: MicrosoftEdge=142.0.3595.94)
Stacktrace:
	GetHandleVerifier [0x0x7ff6a7b22a75+51877]
	GetHandleVerifier [0x0x7ff6a7b22ad4+51972]
	GetHandleVerifier [0x0x7ff6a7cd9425+1848405]
	(No symbol) [0x0x7ff6a7870e5f]
	(No symbol) [0x0x7ff6a79074ec]
	(No symbol) [0x0x7ff6a791ed0a]
	(No symbol) [0x0x7ff6a7901df3]
	(No symbol) [0x0x7ff6a78d5b36]
	(No symbol) [0x0x7ff6a78d4d80]
	(No symbol) [0x0x7ff6a78d5973]
	(No symbol) [0x0x7ff6a799e4a5]
	(No symbol) [0x0x7ff6a799a75d]
	GetHandleVerifier [0x0x7ff6a7b4d2b3+226019]
	GetHandleVerifier [0x0x7ff6a7b3c481+156849]
	GetHandleVerifier [0x0x7ff6a7b44979+190889]
	GetHandleVerifier [0x0x7ff6a7b29bb4+80868]
	GetHandleVerifier [0x0x7ff6a7b29d03+81203]
	GetHandleVerifier [0x0x7ff6a7b18286+8886]
	BaseThreadInitThunk [0x0x7ff98cdee8d7+23]
	RtlUserThreadStart [0x0x7ff98e38c53c+44]

[2025-12-03T12:09:50.106748] SCRAPER ratings fetch page 32 offset 620 failed (attempt 5/5): Message: no such window: target window already closed
from unknown error: web view not found
  (Session info: MicrosoftEdge=142.0.3595.94)
Stacktrace:
	GetHandleVerifier [0x0x7ff6a7b22a75+51877]
	GetHandleVerifier [0x0x7ff6a7b22ad4+51972]
	GetHandleVerifier [0x0x7ff6a7cd9425+1848405]
	(No symbol) [0x0x7ff6a7870e5f]
	(No symbol) [0x0x7ff6a79074ec]
	(No symbol) [0x0x7ff6a791ed0a]
	(No symbol) [0x0x7ff6a7901df3]
	(No symbol) [0x0x7ff6a78d5b36]
	(No symbol) [0x0x7ff6a78d4d80]
	(No symbol) [0x0x7ff6a78d5973]
	(No symbol) [0x0x7ff6a799e4a5]
	(No symbol) [0x0x7ff6a799a75d]
	GetHandleVerifier [0x0x7ff6a7b4d2b3+226019]
	GetHandleVerifier [0x0x7ff6a7b3c481+156849]
	GetHandleVerifier [0x0x7ff6a7b44979+190889]
	GetHandleVerifier [0x0x7ff6a7b29bb4+80868]
	GetHandleVerifier [0x0x7ff6a7b29d03+81203]
	GetHandleVerifier [0x0x7ff6a7b18286+8886]
	BaseThreadInitThunk [0x0x7ff98cdee8d7+23]
	RtlUserThreadStart [0x0x7ff98e38c53c+44]

[2025-12-03T12:09:54.991563] SCRAPER skip page 32 after 5 failures; lanjut halaman berikutnya
[2025-12-03T12:09:54.996478] SCRAPER ratings fetch page 33 offset 640 failed (attempt 1/5): Message: no such window: target window already closed
from unknown error: web view not found
  (Session info: MicrosoftEdge=142.0.3595.94)
Stacktrace:
	GetHandleVerifier [0x0x7ff6a7b22a75+51877]
	GetHandleVerifier [0x0x7ff6a7b22ad4+51972]
	GetHandleVerifier [0x0x7ff6a7cd9425+1848405]
	(No symbol) [0x0x7ff6a7870e5f]
	(No symbol) [0x0x7ff6a79074ec]
	(No symbol) [0x0x7ff6a791ed0a]
	(No symbol) [0x0x7ff6a7901df3]
	(No symbol) [0x0x7ff6a78d5b36]
	(No symbol) [0x0x7ff6a78d4d80]
	(No symbol) [0x0x7ff6a78d5973]
	(No symbol) [0x0x7ff6a799e4a5]
	(No symbol) [0x0x7ff6a799a75d]
	GetHandleVerifier [0x0x7ff6a7b4d2b3+226019]
	GetHandleVerifier [0x0x7ff6a7b3c481+156849]
	GetHandleVerifier [0x0x7ff6a7b44979+190889]
	GetHandleVerifier [0x0x7ff6a7b29bb4+80868]
	GetHandleVerifier [0x0x7ff6a7b29d03+81203]
	GetHandleVerifier [0x0x7ff6a7b18286+8886]
	BaseThreadInitThunk [0x0x7ff98cdee8d7+23]
	RtlUserThreadStart [0x0x7ff98e38c53c+44]

[2025-12-03T12:09:55.117614] SCRAPER skip page 32 after 5 failures; lanjut halaman berikutnya
[2025-12-03T12:09:55.122577] SCRAPER ratings fetch page 33 offset 640 failed (attempt 1/5): Message: no such window: target window already closed
from unknown error: web view not found
  (Session info: MicrosoftEdge=142.0.3595.94)
Stacktrace:
	GetHandleVerifier [0x0x7ff6a7b22a75+51877]
	GetHandleVerifier [0x0x7ff6a7b22ad4+51972]
	GetHandleVerifier [0x0x7ff6a7cd9425+1848405]
	(No symbol) [0x0x7ff6a7870e5f]
	(No symbol) [0x0x7ff6a79074ec]
	(No symbol) [0x0x7ff6a791ed0a]
	(No symbol) [0x0x7ff6a7901df3]
	(No symbol) [0x0x7ff6a78d5b36]
	(No symbol) [0x0x7ff6a78d4d80]
	(No symbol) [0x0x7ff6a78d5973]
	(No symbol) [0x0x7ff6a799e4a5]
	(No symbol) [0x0x7ff6a799a75d]
	GetHandleVerifier [0x0x7ff6a7b4d2b3+226019]
	GetHandleVerifier [0x0x7ff6a7b3c481+156849]
	GetHandleVerifier [0x0x7ff6a7b44979+190889]
	GetHandleVerifier [0x0x7ff6a7b29bb4+80868]
	GetHandleVerifier [0x0x7ff6a7b29d03+81203]
	GetHandleVerifier [0x0x7ff6a7b18286+8886]
	BaseThreadInitThunk [0x0x7ff98cdee8d7+23]
	RtlUserThreadStart [0x0x7ff98e38c53c+44]

[2025-12-03T12:09:57.012753] SCRAPER ratings fetch page 33 offset 640 failed (attempt 2/5): Message: no such window: target window already closed
from unknown error: web view not found
  (Session info: MicrosoftEdge=142.0.3595.94)
Stacktrace:
	GetHandleVerifier [0x0x7ff6a7b22a75+51877]
	GetHandleVerifier [0x0x7ff6a7b22ad4+51972]
	GetHandleVerifier [0x0x7ff6a7cd9425+1848405]
	(No symbol) [0x0x7ff6a7870e5f]
	(No symbol) [0x0x7ff6a79074ec]
	(No symbol) [0x0x7ff6a791ed0a]
	(No symbol) [0x0x7ff6a7901df3]
	(No symbol) [0x0x7ff6a78d5b36]
	(No symbol) [0x0x7ff6a78d4d80]
	(No symbol) [0x0x7ff6a78d5973]
	(No symbol) [0x0x7ff6a799e4a5]
	(No symbol) [0x0x7ff6a799a75d]
	GetHandleVerifier [0x0x7ff6a7b4d2b3+226019]
	GetHandleVerifier [0x0x7ff6a7b3c481+156849]
	GetHandleVerifier [0x0x7ff6a7b44979+190889]
	GetHandleVerifier [0x0x7ff6a7b29bb4+80868]
	GetHandleVerifier [0x0x7ff6a7b29d03+81203]
	GetHandleVerifier [0x0x7ff6a7b18286+8886]
	BaseThreadInitThunk [0x0x7ff98cdee8d7+23]
	RtlUserThreadStart [0x0x7ff98e38c53c+44]

[2025-12-03T12:09:57.140728] SCRAPER ratings fetch page 33 offset 640 failed (attempt 2/5): Message: no such window: target window already closed
from unknown error: web view not found
  (Session info: MicrosoftEdge=142.0.3595.94)
Stacktrace:
	GetHandleVerifier [0x0x7ff6a7b22a75+51877]
	GetHandleVerifier [0x0x7ff6a7b22ad4+51972]
	GetHandleVerifier [0x0x7ff6a7cd9425+1848405]
	(No symbol) [0x0x7ff6a7870e5f]
	(No symbol) [0x0x7ff6a79074ec]
	(No symbol) [0x0x7ff6a791ed0a]
	(No symbol) [0x0x7ff6a7901df3]
	(No symbol) [0x0x7ff6a78d5b36]
	(No symbol) [0x0x7ff6a78d4d80]
	(No symbol) [0x0x7ff6a78d5973]
	(No symbol) [0x0x7ff6a799e4a5]
	(No symbol) [0x0x7ff6a799a75d]
	GetHandleVerifier [0x0x7ff6a7b4d2b3+226019]
	GetHandleVerifier [0x0x7ff6a7b3c481+156849]
	GetHandleVerifier [0x0x7ff6a7b44979+190889]
	GetHandleVerifier [0x0x7ff6a7b29bb4+80868]
	GetHandleVerifier [0x0x7ff6a7b29d03+81203]
	GetHandleVerifier [0x0x7ff6a7b18286+8886]
	BaseThreadInitThunk [0x0x7ff98cdee8d7+23]
	RtlUserThreadStart [0x0x7ff98e38c53c+44]

[2025-12-03T12:10:00.022814] SCRAPER ratings fetch page 33 offset 640 failed (attempt 3/5): Message: no such window: target window already closed
from unknown error: web view not found
  (Session info: MicrosoftEdge=142.0.3595.94)
Stacktrace:
	GetHandleVerifier [0x0x7ff6a7b22a75+51877]
	GetHandleVerifier [0x0x7ff6a7b22ad4+51972]
	GetHandleVerifier [0x0x7ff6a7cd9425+1848405]
	(No symbol) [0x0x7ff6a7870e5f]
	(No symbol) [0x0x7ff6a79074ec]
	(No symbol) [0x0x7ff6a791ed0a]
	(No symbol) [0x0x7ff6a7901df3]
	(No symbol) [0x0x7ff6a78d5b36]
	(No symbol) [0x0x7ff6a78d4d80]
	(No symbol) [0x0x7ff6a78d5973]
	(No symbol) [0x0x7ff6a799e4a5]
	(No symbol) [0x0x7ff6a799a75d]
	GetHandleVerifier [0x0x7ff6a7b4d2b3+226019]
	GetHandleVerifier [0x0x7ff6a7b3c481+156849]
	GetHandleVerifier [0x0x7ff6a7b44979+190889]
	GetHandleVerifier [0x0x7ff6a7b29bb4+80868]
	GetHandleVerifier [0x0x7ff6a7b29d03+81203]
	GetHandleVerifier [0x0x7ff6a7b18286+8886]
	BaseThreadInitThunk [0x0x7ff98cdee8d7+23]
	RtlUserThreadStart [0x0x7ff98e38c53c+44]

[2025-12-03T12:10:00.150741] SCRAPER ratings fetch page 33 offset 640 failed (attempt 3/5): Message: no such window: target window already closed
from unknown error: web view not found
  (Session info: MicrosoftEdge=142.0.3595.94)
Stacktrace:
	GetHandleVerifier [0x0x7ff6a7b22a75+51877]
	GetHandleVerifier [0x0x7ff6a7b22ad4+51972]
	GetHandleVerifier [0x0x7ff6a7cd9425+1848405]
	(No symbol) [0x0x7ff6a7870e5f]
	(No symbol) [0x0x7ff6a79074ec]
	(No symbol) [0x0x7ff6a791ed0a]
	(No symbol) [0x0x7ff6a7901df3]
	(No symbol) [0x0x7ff6a78d5b36]
	(No symbol) [0x0x7ff6a78d4d80]
	(No symbol) [0x0x7ff6a78d5973]
	(No symbol) [0x0x7ff6a799e4a5]
	(No symbol) [0x0x7ff6a799a75d]
	GetHandleVerifier [0x0x7ff6a7b4d2b3+226019]
	GetHandleVerifier [0x0x7ff6a7b3c481+156849]
	GetHandleVerifier [0x0x7ff6a7b44979+190889]
	GetHandleVerifier [0x0x7ff6a7b29bb4+80868]
	GetHandleVerifier [0x0x7ff6a7b29d03+81203]
	GetHandleVerifier [0x0x7ff6a7b18286+8886]
	BaseThreadInitThunk [0x0x7ff98cdee8d7+23]
	RtlUserThreadStart [0x0x7ff98e38c53c+44]

[2025-12-03T12:10:00.961144] SCRAPER ratings fetch page 9 offset 160 failed (attempt 4/5): HTTPConnectionPool(host='localhost', port=51982): Max retries exceeded with url: /session/eb4fe145f7c374b8145393fd9d40e526/execute/sync (Caused by NewConnectionError('<urllib3.connection.HTTPConnection object at 0x000001E0B7936650>: Failed to establish a new connection: [WinError 10061] No connection could be made because the target machine actively refused it'))
[2025-12-03T12:10:04.036775] SCRAPER ratings fetch page 33 offset 640 failed (attempt 4/5): Message: no such window: target window already closed
from unknown error: web view not found
  (Session info: MicrosoftEdge=142.0.3595.94)
Stacktrace:
	GetHandleVerifier [0x0x7ff6a7b22a75+51877]
	GetHandleVerifier [0x0x7ff6a7b22ad4+51972]
	GetHandleVerifier [0x0x7ff6a7cd9425+1848405]
	(No symbol) [0x0x7ff6a7870e5f]
	(No symbol) [0x0x7ff6a79074ec]
	(No symbol) [0x0x7ff6a791ed0a]
	(No symbol) [0x0x7ff6a7901df3]
	(No symbol) [0x0x7ff6a78d5b36]
	(No symbol) [0x0x7ff6a78d4d80]
	(No symbol) [0x0x7ff6a78d5973]
	(No symbol) [0x0x7ff6a799e4a5]
	(No symbol) [0x0x7ff6a799a75d]
	GetHandleVerifier [0x0x7ff6a7b4d2b3+226019]
	GetHandleVerifier [0x0x7ff6a7b3c481+156849]
	GetHandleVerifier [0x0x7ff6a7b44979+190889]
	GetHandleVerifier [0x0x7ff6a7b29bb4+80868]
	GetHandleVerifier [0x0x7ff6a7b29d03+81203]
	GetHandleVerifier [0x0x7ff6a7b18286+8886]
	BaseThreadInitThunk [0x0x7ff98cdee8d7+23]
	RtlUserThreadStart [0x0x7ff98e38c53c+44]

[2025-12-03T12:10:04.162641] SCRAPER ratings fetch page 33 offset 640 failed (attempt 4/5): Message: no such window: target window already closed
from unknown error: web view not found
  (Session info: MicrosoftEdge=142.0.3595.94)
Stacktrace:
	GetHandleVerifier [0x0x7ff6a7b22a75+51877]
	GetHandleVerifier [0x0x7ff6a7b22ad4+51972]
	GetHandleVerifier [0x0x7ff6a7cd9425+1848405]
	(No symbol) [0x0x7ff6a7870e5f]
	(No symbol) [0x0x7ff6a79074ec]
	(No symbol) [0x0x7ff6a791ed0a]
	(No symbol) [0x0x7ff6a7901df3]
	(No symbol) [0x0x7ff6a78d5b36]
	(No symbol) [0x0x7ff6a78d4d80]
	(No symbol) [0x0x7ff6a78d5973]
	(No symbol) [0x0x7ff6a799e4a5]
	(No symbol) [0x0x7ff6a799a75d]
	GetHandleVerifier [0x0x7ff6a7b4d2b3+226019]
	GetHandleVerifier [0x0x7ff6a7b3c481+156849]
	GetHandleVerifier [0x0x7ff6a7b44979+190889]
	GetHandleVerifier [0x0x7ff6a7b29bb4+80868]
	GetHandleVerifier [0x0x7ff6a7b29d03+81203]
	GetHandleVerifier [0x0x7ff6a7b18286+8886]
	BaseThreadInitThunk [0x0x7ff98cdee8d7+23]
	RtlUserThreadStart [0x0x7ff98e38c53c+44]

[2025-12-03T12:10:09.052679] SCRAPER ratings fetch page 33 offset 640 failed (attempt 5/5): Message: no such window: target window already closed
from unknown error: web view not found
  (Session info: MicrosoftEdge=142.0.3595.94)
Stacktrace:
	GetHandleVerifier [0x0x7ff6a7b22a75+51877]
	GetHandleVerifier [0x0x7ff6a7b22ad4+51972]
	GetHandleVerifier [0x0x7ff6a7cd9425+1848405]
	(No symbol) [0x0x7ff6a7870e5f]
	(No symbol) [0x0x7ff6a79074ec]
	(No symbol) [0x0x7ff6a791ed0a]
	(No symbol) [0x0x7ff6a7901df3]
	(No symbol) [0x0x7ff6a78d5b36]
	(No symbol) [0x0x7ff6a78d4d80]
	(No symbol) [0x0x7ff6a78d5973]
	(No symbol) [0x0x7ff6a799e4a5]
	(No symbol) [0x0x7ff6a799a75d]
	GetHandleVerifier [0x0x7ff6a7b4d2b3+226019]
	GetHandleVerifier [0x0x7ff6a7b3c481+156849]
	GetHandleVerifier [0x0x7ff6a7b44979+190889]
	GetHandleVerifier [0x0x7ff6a7b29bb4+80868]
	GetHandleVerifier [0x0x7ff6a7b29d03+81203]
	GetHandleVerifier [0x0x7ff6a7b18286+8886]
	BaseThreadInitThunk [0x0x7ff98cdee8d7+23]
	RtlUserThreadStart [0x0x7ff98e38c53c+44]

[2025-12-03T12:10:09.176607] SCRAPER ratings fetch page 33 offset 640 failed (attempt 5/5): Message: no such window: target window already closed
from unknown error: web view not found
  (Session info: MicrosoftEdge=142.0.3595.94)
Stacktrace:
	GetHandleVerifier [0x0x7ff6a7b22a75+51877]
	GetHandleVerifier [0x0x7ff6a7b22ad4+51972]
	GetHandleVerifier [0x0x7ff6a7cd9425+1848405]
	(No symbol) [0x0x7ff6a7870e5f]
	(No symbol) [0x0x7ff6a79074ec]
	(No symbol) [0x0x7ff6a791ed0a]
	(No symbol) [0x0x7ff6a7901df3]
	(No symbol) [0x0x7ff6a78d5b36]
	(No symbol) [0x0x7ff6a78d4d80]
	(No symbol) [0x0x7ff6a78d5973]
	(No symbol) [0x0x7ff6a799e4a5]
	(No symbol) [0x0x7ff6a799a75d]
	GetHandleVerifier [0x0x7ff6a7b4d2b3+226019]
	GetHandleVerifier [0x0x7ff6a7b3c481+156849]
	GetHandleVerifier [0x0x7ff6a7b44979+190889]
	GetHandleVerifier [0x0x7ff6a7b29bb4+80868]
	GetHandleVerifier [0x0x7ff6a7b29d03+81203]
	GetHandleVerifier [0x0x7ff6a7b18286+8886]
	BaseThreadInitThunk [0x0x7ff98cdee8d7+23]
	RtlUserThreadStart [0x0x7ff98e38c53c+44]

[2025-12-03T12:10:14.063306] SCRAPER skip page 33 after 5 failures; lanjut halaman berikutnya
[2025-12-03T12:10:14.066306] SCRAPER ratings fetch page 34 offset 660 failed (attempt 1/5): Message: no such window: target window already closed
from unknown error: web view not found
  (Session info: MicrosoftEdge=142.0.3595.94)
Stacktrace:
	GetHandleVerifier [0x0x7ff6a7b22a75+51877]
	GetHandleVerifier [0x0x7ff6a7b22ad4+51972]
	GetHandleVerifier [0x0x7ff6a7cd9425+1848405]
	(No symbol) [0x0x7ff6a7870e5f]
	(No symbol) [0x0x7ff6a79074ec]
	(No symbol) [0x0x7ff6a791ed0a]
	(No symbol) [0x0x7ff6a7901df3]
	(No symbol) [0x0x7ff6a78d5b36]
	(No symbol) [0x0x7ff6a78d4d80]
	(No symbol) [0x0x7ff6a78d5973]
	(No symbol) [0x0x7ff6a799e4a5]
	(No symbol) [0x0x7ff6a799a75d]
	GetHandleVerifier [0x0x7ff6a7b4d2b3+226019]
	GetHandleVerifier [0x0x7ff6a7b3c481+156849]
	GetHandleVerifier [0x0x7ff6a7b44979+190889]
	GetHandleVerifier [0x0x7ff6a7b29bb4+80868]
	GetHandleVerifier [0x0x7ff6a7b29d03+81203]
	GetHandleVerifier [0x0x7ff6a7b18286+8886]
	BaseThreadInitThunk [0x0x7ff98cdee8d7+23]
	RtlUserThreadStart [0x0x7ff98e38c53c+44]

[2025-12-03T12:10:14.186229] SCRAPER skip page 33 after 5 failures; lanjut halaman berikutnya
[2025-12-03T12:10:14.190363] SCRAPER ratings fetch page 34 offset 660 failed (attempt 1/5): Message: no such window: target window already closed
from unknown error: web view not found
  (Session info: MicrosoftEdge=142.0.3595.94)
Stacktrace:
	GetHandleVerifier [0x0x7ff6a7b22a75+51877]
	GetHandleVerifier [0x0x7ff6a7b22ad4+51972]
	GetHandleVerifier [0x0x7ff6a7cd9425+1848405]
	(No symbol) [0x0x7ff6a7870e5f]
	(No symbol) [0x0x7ff6a79074ec]
	(No symbol) [0x0x7ff6a791ed0a]
	(No symbol) [0x0x7ff6a7901df3]
	(No symbol) [0x0x7ff6a78d5b36]
	(No symbol) [0x0x7ff6a78d4d80]
	(No symbol) [0x0x7ff6a78d5973]
	(No symbol) [0x0x7ff6a799e4a5]
	(No symbol) [0x0x7ff6a799a75d]
	GetHandleVerifier [0x0x7ff6a7b4d2b3+226019]
	GetHandleVerifier [0x0x7ff6a7b3c481+156849]
	GetHandleVerifier [0x0x7ff6a7b44979+190889]
	GetHandleVerifier [0x0x7ff6a7b29bb4+80868]
	GetHandleVerifier [0x0x7ff6a7b29d03+81203]
	GetHandleVerifier [0x0x7ff6a7b18286+8886]
	BaseThreadInitThunk [0x0x7ff98cdee8d7+23]
	RtlUserThreadStart [0x0x7ff98e38c53c+44]

[2025-12-03T12:10:16.077391] SCRAPER ratings fetch page 34 offset 660 failed (attempt 2/5): Message: no such window: target window already closed
from unknown error: web view not found
  (Session info: MicrosoftEdge=142.0.3595.94)
Stacktrace:
	GetHandleVerifier [0x0x7ff6a7b22a75+51877]
	GetHandleVerifier [0x0x7ff6a7b22ad4+51972]
	GetHandleVerifier [0x0x7ff6a7cd9425+1848405]
	(No symbol) [0x0x7ff6a7870e5f]
	(No symbol) [0x0x7ff6a79074ec]
	(No symbol) [0x0x7ff6a791ed0a]
	(No symbol) [0x0x7ff6a7901df3]
	(No symbol) [0x0x7ff6a78d5b36]
	(No symbol) [0x0x7ff6a78d4d80]
	(No symbol) [0x0x7ff6a78d5973]
	(No symbol) [0x0x7ff6a799e4a5]
	(No symbol) [0x0x7ff6a799a75d]
	GetHandleVerifier [0x0x7ff6a7b4d2b3+226019]
	GetHandleVerifier [0x0x7ff6a7b3c481+156849]
	GetHandleVerifier [0x0x7ff6a7b44979+190889]
	GetHandleVerifier [0x0x7ff6a7b29bb4+80868]
	GetHandleVerifier [0x0x7ff6a7b29d03+81203]
	GetHandleVerifier [0x0x7ff6a7b18286+8886]
	BaseThreadInitThunk [0x0x7ff98cdee8d7+23]
	RtlUserThreadStart [0x0x7ff98e38c53c+44]

[2025-12-03T12:10:16.202587] SCRAPER ratings fetch page 34 offset 660 failed (attempt 2/5): Message: no such window: target window already closed
from unknown error: web view not found
  (Session info: MicrosoftEdge=142.0.3595.94)
Stacktrace:
	GetHandleVerifier [0x0x7ff6a7b22a75+51877]
	GetHandleVerifier [0x0x7ff6a7b22ad4+51972]
	GetHandleVerifier [0x0x7ff6a7cd9425+1848405]
	(No symbol) [0x0x7ff6a7870e5f]
	(No symbol) [0x0x7ff6a79074ec]
	(No symbol) [0x0x7ff6a791ed0a]
	(No symbol) [0x0x7ff6a7901df3]
	(No symbol) [0x0x7ff6a78d5b36]
	(No symbol) [0x0x7ff6a78d4d80]
	(No symbol) [0x0x7ff6a78d5973]
	(No symbol) [0x0x7ff6a799e4a5]
	(No symbol) [0x0x7ff6a799a75d]
	GetHandleVerifier [0x0x7ff6a7b4d2b3+226019]
	GetHandleVerifier [0x0x7ff6a7b3c481+156849]
	GetHandleVerifier [0x0x7ff6a7b44979+190889]
	GetHandleVerifier [0x0x7ff6a7b29bb4+80868]
	GetHandleVerifier [0x0x7ff6a7b29d03+81203]
	GetHandleVerifier [0x0x7ff6a7b18286+8886]
	BaseThreadInitThunk [0x0x7ff98cdee8d7+23]
	RtlUserThreadStart [0x0x7ff98e38c53c+44]

[2025-12-03T12:10:19.084686] SCRAPER ratings fetch page 34 offset 660 failed (attempt 3/5): Message: no such window: target window already closed
from unknown error: web view not found
  (Session info: MicrosoftEdge=142.0.3595.94)
Stacktrace:
	GetHandleVerifier [0x0x7ff6a7b22a75+51877]
	GetHandleVerifier [0x0x7ff6a7b22ad4+51972]
	GetHandleVerifier [0x0x7ff6a7cd9425+1848405]
	(No symbol) [0x0x7ff6a7870e5f]
	(No symbol) [0x0x7ff6a79074ec]
	(No symbol) [0x0x7ff6a791ed0a]
	(No symbol) [0x0x7ff6a7901df3]
	(No symbol) [0x0x7ff6a78d5b36]
	(No symbol) [0x0x7ff6a78d4d80]
	(No symbol) [0x0x7ff6a78d5973]
	(No symbol) [0x0x7ff6a799e4a5]
	(No symbol) [0x0x7ff6a799a75d]
	GetHandleVerifier [0x0x7ff6a7b4d2b3+226019]
	GetHandleVerifier [0x0x7ff6a7b3c481+156849]
	GetHandleVerifier [0x0x7ff6a7b44979+190889]
	GetHandleVerifier [0x0x7ff6a7b29bb4+80868]
	GetHandleVerifier [0x0x7ff6a7b29d03+81203]
	GetHandleVerifier [0x0x7ff6a7b18286+8886]
	BaseThreadInitThunk [0x0x7ff98cdee8d7+23]
	RtlUserThreadStart [0x0x7ff98e38c53c+44]

[2025-12-03T12:10:19.211826] SCRAPER ratings fetch page 34 offset 660 failed (attempt 3/5): Message: no such window: target window already closed
from unknown error: web view not found
  (Session info: MicrosoftEdge=142.0.3595.94)
Stacktrace:
	GetHandleVerifier [0x0x7ff6a7b22a75+51877]
	GetHandleVerifier [0x0x7ff6a7b22ad4+51972]
	GetHandleVerifier [0x0x7ff6a7cd9425+1848405]
	(No symbol) [0x0x7ff6a7870e5f]
	(No symbol) [0x0x7ff6a79074ec]
	(No symbol) [0x0x7ff6a791ed0a]
	(No symbol) [0x0x7ff6a7901df3]
	(No symbol) [0x0x7ff6a78d5b36]
	(No symbol) [0x0x7ff6a78d4d80]
	(No symbol) [0x0x7ff6a78d5973]
	(No symbol) [0x0x7ff6a799e4a5]
	(No symbol) [0x0x7ff6a799a75d]
	GetHandleVerifier [0x0x7ff6a7b4d2b3+226019]
	GetHandleVerifier [0x0x7ff6a7b3c481+156849]
	GetHandleVerifier [0x0x7ff6a7b44979+190889]
	GetHandleVerifier [0x0x7ff6a7b29bb4+80868]
	GetHandleVerifier [0x0x7ff6a7b29d03+81203]
	GetHandleVerifier [0x0x7ff6a7b18286+8886]
	BaseThreadInitThunk [0x0x7ff98cdee8d7+23]
	RtlUserThreadStart [0x0x7ff98e38c53c+44]

[2025-12-03T12:10:22.280211] SCRAPER ratings fetch page 9 offset 160 failed (attempt 5/5): HTTPConnectionPool(host='localhost', port=51982): Max retries exceeded with url: /session/eb4fe145f7c374b8145393fd9d40e526/execute/sync (Caused by NewConnectionError('<urllib3.connection.HTTPConnection object at 0x000001E0B7A10640>: Failed to establish a new connection: [WinError 10061] No connection could be made because the target machine actively refused it'))
[2025-12-03T12:10:23.114417] SCRAPER ratings fetch page 34 offset 660 failed (attempt 4/5): Message: no such window: target window already closed
from unknown error: web view not found
  (Session info: MicrosoftEdge=142.0.3595.94)
Stacktrace:
	GetHandleVerifier [0x0x7ff6a7b22a75+51877]
	GetHandleVerifier [0x0x7ff6a7b22ad4+51972]
	GetHandleVerifier [0x0x7ff6a7cd9425+1848405]
	(No symbol) [0x0x7ff6a7870e5f]
	(No symbol) [0x0x7ff6a79074ec]
	(No symbol) [0x0x7ff6a791ed0a]
	(No symbol) [0x0x7ff6a7901df3]
	(No symbol) [0x0x7ff6a78d5b36]
	(No symbol) [0x0x7ff6a78d4d80]
	(No symbol) [0x0x7ff6a78d5973]
	(No symbol) [0x0x7ff6a799e4a5]
	(No symbol) [0x0x7ff6a799a75d]
	GetHandleVerifier [0x0x7ff6a7b4d2b3+226019]
	GetHandleVerifier [0x0x7ff6a7b3c481+156849]
	GetHandleVerifier [0x0x7ff6a7b44979+190889]
	GetHandleVerifier [0x0x7ff6a7b29bb4+80868]
	GetHandleVerifier [0x0x7ff6a7b29d03+81203]
	GetHandleVerifier [0x0x7ff6a7b18286+8886]
	BaseThreadInitThunk [0x0x7ff98cdee8d7+23]
	RtlUserThreadStart [0x0x7ff98e38c53c+44]

[2025-12-03T12:10:23.224276] SCRAPER ratings fetch page 34 offset 660 failed (attempt 4/5): Message: no such window: target window already closed
from unknown error: web view not found
  (Session info: MicrosoftEdge=142.0.3595.94)
Stacktrace:
	GetHandleVerifier [0x0x7ff6a7b22a75+51877]
	GetHandleVerifier [0x0x7ff6a7b22ad4+51972]
	GetHandleVerifier [0x0x7ff6a7cd9425+1848405]
	(No symbol) [0x0x7ff6a7870e5f]
	(No symbol) [0x0x7ff6a79074ec]
	(No symbol) [0x0x7ff6a791ed0a]
	(No symbol) [0x0x7ff6a7901df3]
	(No symbol) [0x0x7ff6a78d5b36]
	(No symbol) [0x0x7ff6a78d4d80]
	(No symbol) [0x0x7ff6a78d5973]
	(No symbol) [0x0x7ff6a799e4a5]
	(No symbol) [0x0x7ff6a799a75d]
	GetHandleVerifier [0x0x7ff6a7b4d2b3+226019]
	GetHandleVerifier [0x0x7ff6a7b3c481+156849]
	GetHandleVerifier [0x0x7ff6a7b44979+190889]
	GetHandleVerifier [0x0x7ff6a7b29bb4+80868]
	GetHandleVerifier [0x0x7ff6a7b29d03+81203]
	GetHandleVerifier [0x0x7ff6a7b18286+8886]
	BaseThreadInitThunk [0x0x7ff98cdee8d7+23]
	RtlUserThreadStart [0x0x7ff98e38c53c+44]

[2025-12-03T12:10:27.292519] SCRAPER skip page 9 after 5 failures; lanjut halaman berikutnya
[2025-12-03T12:10:28.126600] SCRAPER ratings fetch page 34 offset 660 failed (attempt 5/5): Message: no such window: target window already closed
from unknown error: web view not found
  (Session info: MicrosoftEdge=142.0.3595.94)
Stacktrace:
	GetHandleVerifier [0x0x7ff6a7b22a75+51877]
	GetHandleVerifier [0x0x7ff6a7b22ad4+51972]
	GetHandleVerifier [0x0x7ff6a7cd9425+1848405]
	(No symbol) [0x0x7ff6a7870e5f]
	(No symbol) [0x0x7ff6a79074ec]
	(No symbol) [0x0x7ff6a791ed0a]
	(No symbol) [0x0x7ff6a7901df3]
	(No symbol) [0x0x7ff6a78d5b36]
	(No symbol) [0x0x7ff6a78d4d80]
	(No symbol) [0x0x7ff6a78d5973]
	(No symbol) [0x0x7ff6a799e4a5]
	(No symbol) [0x0x7ff6a799a75d]
	GetHandleVerifier [0x0x7ff6a7b4d2b3+226019]
	GetHandleVerifier [0x0x7ff6a7b3c481+156849]
	GetHandleVerifier [0x0x7ff6a7b44979+190889]
	GetHandleVerifier [0x0x7ff6a7b29bb4+80868]
	GetHandleVerifier [0x0x7ff6a7b29d03+81203]
	GetHandleVerifier [0x0x7ff6a7b18286+8886]
	BaseThreadInitThunk [0x0x7ff98cdee8d7+23]
	RtlUserThreadStart [0x0x7ff98e38c53c+44]

[2025-12-03T12:10:28.239254] SCRAPER ratings fetch page 34 offset 660 failed (attempt 5/5): Message: no such window: target window already closed
from unknown error: web view not found
  (Session info: MicrosoftEdge=142.0.3595.94)
Stacktrace:
	GetHandleVerifier [0x0x7ff6a7b22a75+51877]
	GetHandleVerifier [0x0x7ff6a7b22ad4+51972]
	GetHandleVerifier [0x0x7ff6a7cd9425+1848405]
	(No symbol) [0x0x7ff6a7870e5f]
	(No symbol) [0x0x7ff6a79074ec]
	(No symbol) [0x0x7ff6a791ed0a]
	(No symbol) [0x0x7ff6a7901df3]
	(No symbol) [0x0x7ff6a78d5b36]
	(No symbol) [0x0x7ff6a78d4d80]
	(No symbol) [0x0x7ff6a78d5973]
	(No symbol) [0x0x7ff6a799e4a5]
	(No symbol) [0x0x7ff6a799a75d]
	GetHandleVerifier [0x0x7ff6a7b4d2b3+226019]
	GetHandleVerifier [0x0x7ff6a7b3c481+156849]
	GetHandleVerifier [0x0x7ff6a7b44979+190889]
	GetHandleVerifier [0x0x7ff6a7b29bb4+80868]
	GetHandleVerifier [0x0x7ff6a7b29d03+81203]
	GetHandleVerifier [0x0x7ff6a7b18286+8886]
	BaseThreadInitThunk [0x0x7ff98cdee8d7+23]
	RtlUserThreadStart [0x0x7ff98e38c53c+44]

[2025-12-03T12:10:33.131821] SCRAPER skip page 34 after 5 failures; lanjut halaman berikutnya
[2025-12-03T12:10:33.134694] SCRAPER ratings fetch page 35 offset 680 failed (attempt 1/5): Message: no such window: target window already closed
from unknown error: web view not found
  (Session info: MicrosoftEdge=142.0.3595.94)
Stacktrace:
	GetHandleVerifier [0x0x7ff6a7b22a75+51877]
	GetHandleVerifier [0x0x7ff6a7b22ad4+51972]
	GetHandleVerifier [0x0x7ff6a7cd9425+1848405]
	(No symbol) [0x0x7ff6a7870e5f]
	(No symbol) [0x0x7ff6a79074ec]
	(No symbol) [0x0x7ff6a791ed0a]
	(No symbol) [0x0x7ff6a7901df3]
	(No symbol) [0x0x7ff6a78d5b36]
	(No symbol) [0x0x7ff6a78d4d80]
	(No symbol) [0x0x7ff6a78d5973]
	(No symbol) [0x0x7ff6a799e4a5]
	(No symbol) [0x0x7ff6a799a75d]
	GetHandleVerifier [0x0x7ff6a7b4d2b3+226019]
	GetHandleVerifier [0x0x7ff6a7b3c481+156849]
	GetHandleVerifier [0x0x7ff6a7b44979+190889]
	GetHandleVerifier [0x0x7ff6a7b29bb4+80868]
	GetHandleVerifier [0x0x7ff6a7b29d03+81203]
	GetHandleVerifier [0x0x7ff6a7b18286+8886]
	BaseThreadInitThunk [0x0x7ff98cdee8d7+23]
	RtlUserThreadStart [0x0x7ff98e38c53c+44]

[2025-12-03T12:10:33.253892] SCRAPER skip page 34 after 5 failures; lanjut halaman berikutnya
[2025-12-03T12:10:33.258786] SCRAPER ratings fetch page 35 offset 680 failed (attempt 1/5): Message: no such window: target window already closed
from unknown error: web view not found
  (Session info: MicrosoftEdge=142.0.3595.94)
Stacktrace:
	GetHandleVerifier [0x0x7ff6a7b22a75+51877]
	GetHandleVerifier [0x0x7ff6a7b22ad4+51972]
	GetHandleVerifier [0x0x7ff6a7cd9425+1848405]
	(No symbol) [0x0x7ff6a7870e5f]
	(No symbol) [0x0x7ff6a79074ec]
	(No symbol) [0x0x7ff6a791ed0a]
	(No symbol) [0x0x7ff6a7901df3]
	(No symbol) [0x0x7ff6a78d5b36]
	(No symbol) [0x0x7ff6a78d4d80]
	(No symbol) [0x0x7ff6a78d5973]
	(No symbol) [0x0x7ff6a799e4a5]
	(No symbol) [0x0x7ff6a799a75d]
	GetHandleVerifier [0x0x7ff6a7b4d2b3+226019]
	GetHandleVerifier [0x0x7ff6a7b3c481+156849]
	GetHandleVerifier [0x0x7ff6a7b44979+190889]
	GetHandleVerifier [0x0x7ff6a7b29bb4+80868]
	GetHandleVerifier [0x0x7ff6a7b29d03+81203]
	GetHandleVerifier [0x0x7ff6a7b18286+8886]
	BaseThreadInitThunk [0x0x7ff98cdee8d7+23]
	RtlUserThreadStart [0x0x7ff98e38c53c+44]

[2025-12-03T12:10:35.143195] SCRAPER ratings fetch page 35 offset 680 failed (attempt 2/5): Message: no such window: target window already closed
from unknown error: web view not found
  (Session info: MicrosoftEdge=142.0.3595.94)
Stacktrace:
	GetHandleVerifier [0x0x7ff6a7b22a75+51877]
	GetHandleVerifier [0x0x7ff6a7b22ad4+51972]
	GetHandleVerifier [0x0x7ff6a7cd9425+1848405]
	(No symbol) [0x0x7ff6a7870e5f]
	(No symbol) [0x0x7ff6a79074ec]
	(No symbol) [0x0x7ff6a791ed0a]
	(No symbol) [0x0x7ff6a7901df3]
	(No symbol) [0x0x7ff6a78d5b36]
	(No symbol) [0x0x7ff6a78d4d80]
	(No symbol) [0x0x7ff6a78d5973]
	(No symbol) [0x0x7ff6a799e4a5]
	(No symbol) [0x0x7ff6a799a75d]
	GetHandleVerifier [0x0x7ff6a7b4d2b3+226019]
	GetHandleVerifier [0x0x7ff6a7b3c481+156849]
	GetHandleVerifier [0x0x7ff6a7b44979+190889]
	GetHandleVerifier [0x0x7ff6a7b29bb4+80868]
	GetHandleVerifier [0x0x7ff6a7b29d03+81203]
	GetHandleVerifier [0x0x7ff6a7b18286+8886]
	BaseThreadInitThunk [0x0x7ff98cdee8d7+23]
	RtlUserThreadStart [0x0x7ff98e38c53c+44]

[2025-12-03T12:10:35.270179] SCRAPER ratings fetch page 35 offset 680 failed (attempt 2/5): Message: no such window: target window already closed
from unknown error: web view not found
  (Session info: MicrosoftEdge=142.0.3595.94)
Stacktrace:
	GetHandleVerifier [0x0x7ff6a7b22a75+51877]
	GetHandleVerifier [0x0x7ff6a7b22ad4+51972]
	GetHandleVerifier [0x0x7ff6a7cd9425+1848405]
	(No symbol) [0x0x7ff6a7870e5f]
	(No symbol) [0x0x7ff6a79074ec]
	(No symbol) [0x0x7ff6a791ed0a]
	(No symbol) [0x0x7ff6a7901df3]
	(No symbol) [0x0x7ff6a78d5b36]
	(No symbol) [0x0x7ff6a78d4d80]
	(No symbol) [0x0x7ff6a78d5973]
	(No symbol) [0x0x7ff6a799e4a5]
	(No symbol) [0x0x7ff6a799a75d]
	GetHandleVerifier [0x0x7ff6a7b4d2b3+226019]
	GetHandleVerifier [0x0x7ff6a7b3c481+156849]
	GetHandleVerifier [0x0x7ff6a7b44979+190889]
	GetHandleVerifier [0x0x7ff6a7b29bb4+80868]
	GetHandleVerifier [0x0x7ff6a7b29d03+81203]
	GetHandleVerifier [0x0x7ff6a7b18286+8886]
	BaseThreadInitThunk [0x0x7ff98cdee8d7+23]
	RtlUserThreadStart [0x0x7ff98e38c53c+44]

[2025-12-03T12:10:38.149042] SCRAPER ratings fetch page 35 offset 680 failed (attempt 3/5): Message: no such window: target window already closed
from unknown error: web view not found
  (Session info: MicrosoftEdge=142.0.3595.94)
Stacktrace:
	GetHandleVerifier [0x0x7ff6a7b22a75+51877]
	GetHandleVerifier [0x0x7ff6a7b22ad4+51972]
	GetHandleVerifier [0x0x7ff6a7cd9425+1848405]
	(No symbol) [0x0x7ff6a7870e5f]
	(No symbol) [0x0x7ff6a79074ec]
	(No symbol) [0x0x7ff6a791ed0a]
	(No symbol) [0x0x7ff6a7901df3]
	(No symbol) [0x0x7ff6a78d5b36]
	(No symbol) [0x0x7ff6a78d4d80]
	(No symbol) [0x0x7ff6a78d5973]
	(No symbol) [0x0x7ff6a799e4a5]
	(No symbol) [0x0x7ff6a799a75d]
	GetHandleVerifier [0x0x7ff6a7b4d2b3+226019]
	GetHandleVerifier [0x0x7ff6a7b3c481+156849]
	GetHandleVerifier [0x0x7ff6a7b44979+190889]
	GetHandleVerifier [0x0x7ff6a7b29bb4+80868]
	GetHandleVerifier [0x0x7ff6a7b29d03+81203]
	GetHandleVerifier [0x0x7ff6a7b18286+8886]
	BaseThreadInitThunk [0x0x7ff98cdee8d7+23]
	RtlUserThreadStart [0x0x7ff98e38c53c+44]

[2025-12-03T12:10:38.287148] SCRAPER ratings fetch page 35 offset 680 failed (attempt 3/5): Message: no such window: target window already closed
from unknown error: web view not found
  (Session info: MicrosoftEdge=142.0.3595.94)
Stacktrace:
	GetHandleVerifier [0x0x7ff6a7b22a75+51877]
	GetHandleVerifier [0x0x7ff6a7b22ad4+51972]
	GetHandleVerifier [0x0x7ff6a7cd9425+1848405]
	(No symbol) [0x0x7ff6a7870e5f]
	(No symbol) [0x0x7ff6a79074ec]
	(No symbol) [0x0x7ff6a791ed0a]
	(No symbol) [0x0x7ff6a7901df3]
	(No symbol) [0x0x7ff6a78d5b36]
	(No symbol) [0x0x7ff6a78d4d80]
	(No symbol) [0x0x7ff6a78d5973]
	(No symbol) [0x0x7ff6a799e4a5]
	(No symbol) [0x0x7ff6a799a75d]
	GetHandleVerifier [0x0x7ff6a7b4d2b3+226019]
	GetHandleVerifier [0x0x7ff6a7b3c481+156849]
	GetHandleVerifier [0x0x7ff6a7b44979+190889]
	GetHandleVerifier [0x0x7ff6a7b29bb4+80868]
	GetHandleVerifier [0x0x7ff6a7b29d03+81203]
	GetHandleVerifier [0x0x7ff6a7b18286+8886]
	BaseThreadInitThunk [0x0x7ff98cdee8d7+23]
	RtlUserThreadStart [0x0x7ff98e38c53c+44]

[2025-12-03T12:10:42.153777] SCRAPER ratings fetch page 35 offset 680 failed (attempt 4/5): Message: no such window: target window already closed
from unknown error: web view not found
  (Session info: MicrosoftEdge=142.0.3595.94)
Stacktrace:
	GetHandleVerifier [0x0x7ff6a7b22a75+51877]
	GetHandleVerifier [0x0x7ff6a7b22ad4+51972]
	GetHandleVerifier [0x0x7ff6a7cd9425+1848405]
	(No symbol) [0x0x7ff6a7870e5f]
	(No symbol) [0x0x7ff6a79074ec]
	(No symbol) [0x0x7ff6a791ed0a]
	(No symbol) [0x0x7ff6a7901df3]
	(No symbol) [0x0x7ff6a78d5b36]
	(No symbol) [0x0x7ff6a78d4d80]
	(No symbol) [0x0x7ff6a78d5973]
	(No symbol) [0x0x7ff6a799e4a5]
	(No symbol) [0x0x7ff6a799a75d]
	GetHandleVerifier [0x0x7ff6a7b4d2b3+226019]
	GetHandleVerifier [0x0x7ff6a7b3c481+156849]
	GetHandleVerifier [0x0x7ff6a7b44979+190889]
	GetHandleVerifier [0x0x7ff6a7b29bb4+80868]
	GetHandleVerifier [0x0x7ff6a7b29d03+81203]
	GetHandleVerifier [0x0x7ff6a7b18286+8886]
	BaseThreadInitThunk [0x0x7ff98cdee8d7+23]
	RtlUserThreadStart [0x0x7ff98e38c53c+44]

[2025-12-03T12:10:42.292538] SCRAPER ratings fetch page 35 offset 680 failed (attempt 4/5): Message: no such window: target window already closed
from unknown error: web view not found
  (Session info: MicrosoftEdge=142.0.3595.94)
Stacktrace:
	GetHandleVerifier [0x0x7ff6a7b22a75+51877]
	GetHandleVerifier [0x0x7ff6a7b22ad4+51972]
	GetHandleVerifier [0x0x7ff6a7cd9425+1848405]
	(No symbol) [0x0x7ff6a7870e5f]
	(No symbol) [0x0x7ff6a79074ec]
	(No symbol) [0x0x7ff6a791ed0a]
	(No symbol) [0x0x7ff6a7901df3]
	(No symbol) [0x0x7ff6a78d5b36]
	(No symbol) [0x0x7ff6a78d4d80]
	(No symbol) [0x0x7ff6a78d5973]
	(No symbol) [0x0x7ff6a799e4a5]
	(No symbol) [0x0x7ff6a799a75d]
	GetHandleVerifier [0x0x7ff6a7b4d2b3+226019]
	GetHandleVerifier [0x0x7ff6a7b3c481+156849]
	GetHandleVerifier [0x0x7ff6a7b44979+190889]
	GetHandleVerifier [0x0x7ff6a7b29bb4+80868]
	GetHandleVerifier [0x0x7ff6a7b29d03+81203]
	GetHandleVerifier [0x0x7ff6a7b18286+8886]
	BaseThreadInitThunk [0x0x7ff98cdee8d7+23]
	RtlUserThreadStart [0x0x7ff98e38c53c+44]

[2025-12-03T12:10:43.586316] SCRAPER ratings fetch page 10 offset 180 failed (attempt 1/5): HTTPConnectionPool(host='localhost', port=51982): Max retries exceeded with url: /session/eb4fe145f7c374b8145393fd9d40e526/execute/sync (Caused by NewConnectionError('<urllib3.connection.HTTPConnection object at 0x000001E0B7972710>: Failed to establish a new connection: [WinError 10061] No connection could be made because the target machine actively refused it'))
[2025-12-03T12:10:47.168647] SCRAPER ratings fetch page 35 offset 680 failed (attempt 5/5): Message: no such window: target window already closed
from unknown error: web view not found
  (Session info: MicrosoftEdge=142.0.3595.94)
Stacktrace:
	GetHandleVerifier [0x0x7ff6a7b22a75+51877]
	GetHandleVerifier [0x0x7ff6a7b22ad4+51972]
	GetHandleVerifier [0x0x7ff6a7cd9425+1848405]
	(No symbol) [0x0x7ff6a7870e5f]
	(No symbol) [0x0x7ff6a79074ec]
	(No symbol) [0x0x7ff6a791ed0a]
	(No symbol) [0x0x7ff6a7901df3]
	(No symbol) [0x0x7ff6a78d5b36]
	(No symbol) [0x0x7ff6a78d4d80]
	(No symbol) [0x0x7ff6a78d5973]
	(No symbol) [0x0x7ff6a799e4a5]
	(No symbol) [0x0x7ff6a799a75d]
	GetHandleVerifier [0x0x7ff6a7b4d2b3+226019]
	GetHandleVerifier [0x0x7ff6a7b3c481+156849]
	GetHandleVerifier [0x0x7ff6a7b44979+190889]
	GetHandleVerifier [0x0x7ff6a7b29bb4+80868]
	GetHandleVerifier [0x0x7ff6a7b29d03+81203]
	GetHandleVerifier [0x0x7ff6a7b18286+8886]
	BaseThreadInitThunk [0x0x7ff98cdee8d7+23]
	RtlUserThreadStart [0x0x7ff98e38c53c+44]

[2025-12-03T12:10:47.310878] SCRAPER ratings fetch page 35 offset 680 failed (attempt 5/5): Message: no such window: target window already closed
from unknown error: web view not found
  (Session info: MicrosoftEdge=142.0.3595.94)
Stacktrace:
	GetHandleVerifier [0x0x7ff6a7b22a75+51877]
	GetHandleVerifier [0x0x7ff6a7b22ad4+51972]
	GetHandleVerifier [0x0x7ff6a7cd9425+1848405]
	(No symbol) [0x0x7ff6a7870e5f]
	(No symbol) [0x0x7ff6a79074ec]
	(No symbol) [0x0x7ff6a791ed0a]
	(No symbol) [0x0x7ff6a7901df3]
	(No symbol) [0x0x7ff6a78d5b36]
	(No symbol) [0x0x7ff6a78d4d80]
	(No symbol) [0x0x7ff6a78d5973]
	(No symbol) [0x0x7ff6a799e4a5]
	(No symbol) [0x0x7ff6a799a75d]
	GetHandleVerifier [0x0x7ff6a7b4d2b3+226019]
	GetHandleVerifier [0x0x7ff6a7b3c481+156849]
	GetHandleVerifier [0x0x7ff6a7b44979+190889]
	GetHandleVerifier [0x0x7ff6a7b29bb4+80868]
	GetHandleVerifier [0x0x7ff6a7b29d03+81203]
	GetHandleVerifier [0x0x7ff6a7b18286+8886]
	BaseThreadInitThunk [0x0x7ff98cdee8d7+23]
	RtlUserThreadStart [0x0x7ff98e38c53c+44]

[2025-12-03T12:10:52.182467] SCRAPER skip page 35 after 5 failures; lanjut halaman berikutnya
[2025-12-03T12:10:52.184469] SCRAPER ratings fetch page 36 offset 700 failed (attempt 1/5): Message: no such window: target window already closed
from unknown error: web view not found
  (Session info: MicrosoftEdge=142.0.3595.94)
Stacktrace:
	GetHandleVerifier [0x0x7ff6a7b22a75+51877]
	GetHandleVerifier [0x0x7ff6a7b22ad4+51972]
	GetHandleVerifier [0x0x7ff6a7cd9425+1848405]
	(No symbol) [0x0x7ff6a7870e5f]
	(No symbol) [0x0x7ff6a79074ec]
	(No symbol) [0x0x7ff6a791ed0a]
	(No symbol) [0x0x7ff6a7901df3]
	(No symbol) [0x0x7ff6a78d5b36]
	(No symbol) [0x0x7ff6a78d4d80]
	(No symbol) [0x0x7ff6a78d5973]
	(No symbol) [0x0x7ff6a799e4a5]
	(No symbol) [0x0x7ff6a799a75d]
	GetHandleVerifier [0x0x7ff6a7b4d2b3+226019]
	GetHandleVerifier [0x0x7ff6a7b3c481+156849]
	GetHandleVerifier [0x0x7ff6a7b44979+190889]
	GetHandleVerifier [0x0x7ff6a7b29bb4+80868]
	GetHandleVerifier [0x0x7ff6a7b29d03+81203]
	GetHandleVerifier [0x0x7ff6a7b18286+8886]
	BaseThreadInitThunk [0x0x7ff98cdee8d7+23]
	RtlUserThreadStart [0x0x7ff98e38c53c+44]

[2025-12-03T12:10:52.323558] SCRAPER skip page 35 after 5 failures; lanjut halaman berikutnya
[2025-12-03T12:10:52.325563] SCRAPER ratings fetch page 36 offset 700 failed (attempt 1/5): Message: no such window: target window already closed
from unknown error: web view not found
  (Session info: MicrosoftEdge=142.0.3595.94)
Stacktrace:
	GetHandleVerifier [0x0x7ff6a7b22a75+51877]
	GetHandleVerifier [0x0x7ff6a7b22ad4+51972]
	GetHandleVerifier [0x0x7ff6a7cd9425+1848405]
	(No symbol) [0x0x7ff6a7870e5f]
	(No symbol) [0x0x7ff6a79074ec]
	(No symbol) [0x0x7ff6a791ed0a]
	(No symbol) [0x0x7ff6a7901df3]
	(No symbol) [0x0x7ff6a78d5b36]
	(No symbol) [0x0x7ff6a78d4d80]
	(No symbol) [0x0x7ff6a78d5973]
	(No symbol) [0x0x7ff6a799e4a5]
	(No symbol) [0x0x7ff6a799a75d]
	GetHandleVerifier [0x0x7ff6a7b4d2b3+226019]
	GetHandleVerifier [0x0x7ff6a7b3c481+156849]
	GetHandleVerifier [0x0x7ff6a7b44979+190889]
	GetHandleVerifier [0x0x7ff6a7b29bb4+80868]
	GetHandleVerifier [0x0x7ff6a7b29d03+81203]
	GetHandleVerifier [0x0x7ff6a7b18286+8886]
	BaseThreadInitThunk [0x0x7ff98cdee8d7+23]
	RtlUserThreadStart [0x0x7ff98e38c53c+44]

[2025-12-03T12:10:54.200217] SCRAPER ratings fetch page 36 offset 700 failed (attempt 2/5): Message: no such window: target window already closed
from unknown error: web view not found
  (Session info: MicrosoftEdge=142.0.3595.94)
Stacktrace:
	GetHandleVerifier [0x0x7ff6a7b22a75+51877]
	GetHandleVerifier [0x0x7ff6a7b22ad4+51972]
	GetHandleVerifier [0x0x7ff6a7cd9425+1848405]
	(No symbol) [0x0x7ff6a7870e5f]
	(No symbol) [0x0x7ff6a79074ec]
	(No symbol) [0x0x7ff6a791ed0a]
	(No symbol) [0x0x7ff6a7901df3]
	(No symbol) [0x0x7ff6a78d5b36]
	(No symbol) [0x0x7ff6a78d4d80]
	(No symbol) [0x0x7ff6a78d5973]
	(No symbol) [0x0x7ff6a799e4a5]
	(No symbol) [0x0x7ff6a799a75d]
	GetHandleVerifier [0x0x7ff6a7b4d2b3+226019]
	GetHandleVerifier [0x0x7ff6a7b3c481+156849]
	GetHandleVerifier [0x0x7ff6a7b44979+190889]
	GetHandleVerifier [0x0x7ff6a7b29bb4+80868]
	GetHandleVerifier [0x0x7ff6a7b29d03+81203]
	GetHandleVerifier [0x0x7ff6a7b18286+8886]
	BaseThreadInitThunk [0x0x7ff98cdee8d7+23]
	RtlUserThreadStart [0x0x7ff98e38c53c+44]

[2025-12-03T12:10:54.340565] SCRAPER ratings fetch page 36 offset 700 failed (attempt 2/5): Message: no such window: target window already closed
from unknown error: web view not found
  (Session info: MicrosoftEdge=142.0.3595.94)
Stacktrace:
	GetHandleVerifier [0x0x7ff6a7b22a75+51877]
	GetHandleVerifier [0x0x7ff6a7b22ad4+51972]
	GetHandleVerifier [0x0x7ff6a7cd9425+1848405]
	(No symbol) [0x0x7ff6a7870e5f]
	(No symbol) [0x0x7ff6a79074ec]
	(No symbol) [0x0x7ff6a791ed0a]
	(No symbol) [0x0x7ff6a7901df3]
	(No symbol) [0x0x7ff6a78d5b36]
	(No symbol) [0x0x7ff6a78d4d80]
	(No symbol) [0x0x7ff6a78d5973]
	(No symbol) [0x0x7ff6a799e4a5]
	(No symbol) [0x0x7ff6a799a75d]
	GetHandleVerifier [0x0x7ff6a7b4d2b3+226019]
	GetHandleVerifier [0x0x7ff6a7b3c481+156849]
	GetHandleVerifier [0x0x7ff6a7b44979+190889]
	GetHandleVerifier [0x0x7ff6a7b29bb4+80868]
	GetHandleVerifier [0x0x7ff6a7b29d03+81203]
	GetHandleVerifier [0x0x7ff6a7b18286+8886]
	BaseThreadInitThunk [0x0x7ff98cdee8d7+23]
	RtlUserThreadStart [0x0x7ff98e38c53c+44]

[2025-12-03T12:10:57.216818] SCRAPER ratings fetch page 36 offset 700 failed (attempt 3/5): Message: no such window: target window already closed
from unknown error: web view not found
  (Session info: MicrosoftEdge=142.0.3595.94)
Stacktrace:
	GetHandleVerifier [0x0x7ff6a7b22a75+51877]
	GetHandleVerifier [0x0x7ff6a7b22ad4+51972]
	GetHandleVerifier [0x0x7ff6a7cd9425+1848405]
	(No symbol) [0x0x7ff6a7870e5f]
	(No symbol) [0x0x7ff6a79074ec]
	(No symbol) [0x0x7ff6a791ed0a]
	(No symbol) [0x0x7ff6a7901df3]
	(No symbol) [0x0x7ff6a78d5b36]
	(No symbol) [0x0x7ff6a78d4d80]
	(No symbol) [0x0x7ff6a78d5973]
	(No symbol) [0x0x7ff6a799e4a5]
	(No symbol) [0x0x7ff6a799a75d]
	GetHandleVerifier [0x0x7ff6a7b4d2b3+226019]
	GetHandleVerifier [0x0x7ff6a7b3c481+156849]
	GetHandleVerifier [0x0x7ff6a7b44979+190889]
	GetHandleVerifier [0x0x7ff6a7b29bb4+80868]
	GetHandleVerifier [0x0x7ff6a7b29d03+81203]
	GetHandleVerifier [0x0x7ff6a7b18286+8886]
	BaseThreadInitThunk [0x0x7ff98cdee8d7+23]
	RtlUserThreadStart [0x0x7ff98e38c53c+44]

[2025-12-03T12:10:57.357462] SCRAPER ratings fetch page 36 offset 700 failed (attempt 3/5): Message: no such window: target window already closed
from unknown error: web view not found
  (Session info: MicrosoftEdge=142.0.3595.94)
Stacktrace:
	GetHandleVerifier [0x0x7ff6a7b22a75+51877]
	GetHandleVerifier [0x0x7ff6a7b22ad4+51972]
	GetHandleVerifier [0x0x7ff6a7cd9425+1848405]
	(No symbol) [0x0x7ff6a7870e5f]
	(No symbol) [0x0x7ff6a79074ec]
	(No symbol) [0x0x7ff6a791ed0a]
	(No symbol) [0x0x7ff6a7901df3]
	(No symbol) [0x0x7ff6a78d5b36]
	(No symbol) [0x0x7ff6a78d4d80]
	(No symbol) [0x0x7ff6a78d5973]
	(No symbol) [0x0x7ff6a799e4a5]
	(No symbol) [0x0x7ff6a799a75d]
	GetHandleVerifier [0x0x7ff6a7b4d2b3+226019]
	GetHandleVerifier [0x0x7ff6a7b3c481+156849]
	GetHandleVerifier [0x0x7ff6a7b44979+190889]
	GetHandleVerifier [0x0x7ff6a7b29bb4+80868]
	GetHandleVerifier [0x0x7ff6a7b29d03+81203]
	GetHandleVerifier [0x0x7ff6a7b18286+8886]
	BaseThreadInitThunk [0x0x7ff98cdee8d7+23]
	RtlUserThreadStart [0x0x7ff98e38c53c+44]

[2025-12-03T12:11:01.227035] SCRAPER ratings fetch page 36 offset 700 failed (attempt 4/5): Message: no such window: target window already closed
from unknown error: web view not found
  (Session info: MicrosoftEdge=142.0.3595.94)
Stacktrace:
	GetHandleVerifier [0x0x7ff6a7b22a75+51877]
	GetHandleVerifier [0x0x7ff6a7b22ad4+51972]
	GetHandleVerifier [0x0x7ff6a7cd9425+1848405]
	(No symbol) [0x0x7ff6a7870e5f]
	(No symbol) [0x0x7ff6a79074ec]
	(No symbol) [0x0x7ff6a791ed0a]
	(No symbol) [0x0x7ff6a7901df3]
	(No symbol) [0x0x7ff6a78d5b36]
	(No symbol) [0x0x7ff6a78d4d80]
	(No symbol) [0x0x7ff6a78d5973]
	(No symbol) [0x0x7ff6a799e4a5]
	(No symbol) [0x0x7ff6a799a75d]
	GetHandleVerifier [0x0x7ff6a7b4d2b3+226019]
	GetHandleVerifier [0x0x7ff6a7b3c481+156849]
	GetHandleVerifier [0x0x7ff6a7b44979+190889]
	GetHandleVerifier [0x0x7ff6a7b29bb4+80868]
	GetHandleVerifier [0x0x7ff6a7b29d03+81203]
	GetHandleVerifier [0x0x7ff6a7b18286+8886]
	BaseThreadInitThunk [0x0x7ff98cdee8d7+23]
	RtlUserThreadStart [0x0x7ff98e38c53c+44]

[2025-12-03T12:11:01.369768] SCRAPER ratings fetch page 36 offset 700 failed (attempt 4/5): Message: no such window: target window already closed
from unknown error: web view not found
  (Session info: MicrosoftEdge=142.0.3595.94)
Stacktrace:
	GetHandleVerifier [0x0x7ff6a7b22a75+51877]
	GetHandleVerifier [0x0x7ff6a7b22ad4+51972]
	GetHandleVerifier [0x0x7ff6a7cd9425+1848405]
	(No symbol) [0x0x7ff6a7870e5f]
	(No symbol) [0x0x7ff6a79074ec]
	(No symbol) [0x0x7ff6a791ed0a]
	(No symbol) [0x0x7ff6a7901df3]
	(No symbol) [0x0x7ff6a78d5b36]
	(No symbol) [0x0x7ff6a78d4d80]
	(No symbol) [0x0x7ff6a78d5973]
	(No symbol) [0x0x7ff6a799e4a5]
	(No symbol) [0x0x7ff6a799a75d]
	GetHandleVerifier [0x0x7ff6a7b4d2b3+226019]
	GetHandleVerifier [0x0x7ff6a7b3c481+156849]
	GetHandleVerifier [0x0x7ff6a7b44979+190889]
	GetHandleVerifier [0x0x7ff6a7b29bb4+80868]
	GetHandleVerifier [0x0x7ff6a7b29d03+81203]
	GetHandleVerifier [0x0x7ff6a7b18286+8886]
	BaseThreadInitThunk [0x0x7ff98cdee8d7+23]
	RtlUserThreadStart [0x0x7ff98e38c53c+44]

[2025-12-03T12:11:01.908579] SCRAPER ratings fetch page 10 offset 180 failed (attempt 2/5): HTTPConnectionPool(host='localhost', port=51982): Max retries exceeded with url: /session/eb4fe145f7c374b8145393fd9d40e526/execute/sync (Caused by NewConnectionError('<urllib3.connection.HTTPConnection object at 0x000001E0A3AC7490>: Failed to establish a new connection: [WinError 10061] No connection could be made because the target machine actively refused it'))
[2025-12-03T12:11:06.241604] SCRAPER ratings fetch page 36 offset 700 failed (attempt 5/5): Message: no such window: target window already closed
from unknown error: web view not found
  (Session info: MicrosoftEdge=142.0.3595.94)
Stacktrace:
	GetHandleVerifier [0x0x7ff6a7b22a75+51877]
	GetHandleVerifier [0x0x7ff6a7b22ad4+51972]
	GetHandleVerifier [0x0x7ff6a7cd9425+1848405]
	(No symbol) [0x0x7ff6a7870e5f]
	(No symbol) [0x0x7ff6a79074ec]
	(No symbol) [0x0x7ff6a791ed0a]
	(No symbol) [0x0x7ff6a7901df3]
	(No symbol) [0x0x7ff6a78d5b36]
	(No symbol) [0x0x7ff6a78d4d80]
	(No symbol) [0x0x7ff6a78d5973]
	(No symbol) [0x0x7ff6a799e4a5]
	(No symbol) [0x0x7ff6a799a75d]
	GetHandleVerifier [0x0x7ff6a7b4d2b3+226019]
	GetHandleVerifier [0x0x7ff6a7b3c481+156849]
	GetHandleVerifier [0x0x7ff6a7b44979+190889]
	GetHandleVerifier [0x0x7ff6a7b29bb4+80868]
	GetHandleVerifier [0x0x7ff6a7b29d03+81203]
	GetHandleVerifier [0x0x7ff6a7b18286+8886]
	BaseThreadInitThunk [0x0x7ff98cdee8d7+23]
	RtlUserThreadStart [0x0x7ff98e38c53c+44]

[2025-12-03T12:11:06.380390] SCRAPER ratings fetch page 36 offset 700 failed (attempt 5/5): Message: no such window: target window already closed
from unknown error: web view not found
  (Session info: MicrosoftEdge=142.0.3595.94)
Stacktrace:
	GetHandleVerifier [0x0x7ff6a7b22a75+51877]
	GetHandleVerifier [0x0x7ff6a7b22ad4+51972]
	GetHandleVerifier [0x0x7ff6a7cd9425+1848405]
	(No symbol) [0x0x7ff6a7870e5f]
	(No symbol) [0x0x7ff6a79074ec]
	(No symbol) [0x0x7ff6a791ed0a]
	(No symbol) [0x0x7ff6a7901df3]
	(No symbol) [0x0x7ff6a78d5b36]
	(No symbol) [0x0x7ff6a78d4d80]
	(No symbol) [0x0x7ff6a78d5973]
	(No symbol) [0x0x7ff6a799e4a5]
	(No symbol) [0x0x7ff6a799a75d]
	GetHandleVerifier [0x0x7ff6a7b4d2b3+226019]
	GetHandleVerifier [0x0x7ff6a7b3c481+156849]
	GetHandleVerifier [0x0x7ff6a7b44979+190889]
	GetHandleVerifier [0x0x7ff6a7b29bb4+80868]
	GetHandleVerifier [0x0x7ff6a7b29d03+81203]
	GetHandleVerifier [0x0x7ff6a7b18286+8886]
	BaseThreadInitThunk [0x0x7ff98cdee8d7+23]
	RtlUserThreadStart [0x0x7ff98e38c53c+44]

[2025-12-03T12:11:11.256608] SCRAPER skip page 36 after 5 failures; lanjut halaman berikutnya
[2025-12-03T12:11:11.260608] SCRAPER ratings fetch page 37 offset 720 failed (attempt 1/5): Message: no such window: target window already closed
from unknown error: web view not found
  (Session info: MicrosoftEdge=142.0.3595.94)
Stacktrace:
	GetHandleVerifier [0x0x7ff6a7b22a75+51877]
	GetHandleVerifier [0x0x7ff6a7b22ad4+51972]
	GetHandleVerifier [0x0x7ff6a7cd9425+1848405]
	(No symbol) [0x0x7ff6a7870e5f]
	(No symbol) [0x0x7ff6a79074ec]
	(No symbol) [0x0x7ff6a791ed0a]
	(No symbol) [0x0x7ff6a7901df3]
	(No symbol) [0x0x7ff6a78d5b36]
	(No symbol) [0x0x7ff6a78d4d80]
	(No symbol) [0x0x7ff6a78d5973]
	(No symbol) [0x0x7ff6a799e4a5]
	(No symbol) [0x0x7ff6a799a75d]
	GetHandleVerifier [0x0x7ff6a7b4d2b3+226019]
	GetHandleVerifier [0x0x7ff6a7b3c481+156849]
	GetHandleVerifier [0x0x7ff6a7b44979+190889]
	GetHandleVerifier [0x0x7ff6a7b29bb4+80868]
	GetHandleVerifier [0x0x7ff6a7b29d03+81203]
	GetHandleVerifier [0x0x7ff6a7b18286+8886]
	BaseThreadInitThunk [0x0x7ff98cdee8d7+23]
	RtlUserThreadStart [0x0x7ff98e38c53c+44]

[2025-12-03T12:11:11.381965] SCRAPER skip page 36 after 5 failures; lanjut halaman berikutnya
[2025-12-03T12:11:11.385922] SCRAPER ratings fetch page 37 offset 720 failed (attempt 1/5): Message: no such window: target window already closed
from unknown error: web view not found
  (Session info: MicrosoftEdge=142.0.3595.94)
Stacktrace:
	GetHandleVerifier [0x0x7ff6a7b22a75+51877]
	GetHandleVerifier [0x0x7ff6a7b22ad4+51972]
	GetHandleVerifier [0x0x7ff6a7cd9425+1848405]
	(No symbol) [0x0x7ff6a7870e5f]
	(No symbol) [0x0x7ff6a79074ec]
	(No symbol) [0x0x7ff6a791ed0a]
	(No symbol) [0x0x7ff6a7901df3]
	(No symbol) [0x0x7ff6a78d5b36]
	(No symbol) [0x0x7ff6a78d4d80]
	(No symbol) [0x0x7ff6a78d5973]
	(No symbol) [0x0x7ff6a799e4a5]
	(No symbol) [0x0x7ff6a799a75d]
	GetHandleVerifier [0x0x7ff6a7b4d2b3+226019]
	GetHandleVerifier [0x0x7ff6a7b3c481+156849]
	GetHandleVerifier [0x0x7ff6a7b44979+190889]
	GetHandleVerifier [0x0x7ff6a7b29bb4+80868]
	GetHandleVerifier [0x0x7ff6a7b29d03+81203]
	GetHandleVerifier [0x0x7ff6a7b18286+8886]
	BaseThreadInitThunk [0x0x7ff98cdee8d7+23]
	RtlUserThreadStart [0x0x7ff98e38c53c+44]

[2025-12-03T12:11:13.273332] SCRAPER ratings fetch page 37 offset 720 failed (attempt 2/5): Message: no such window: target window already closed
from unknown error: web view not found
  (Session info: MicrosoftEdge=142.0.3595.94)
Stacktrace:
	GetHandleVerifier [0x0x7ff6a7b22a75+51877]
	GetHandleVerifier [0x0x7ff6a7b22ad4+51972]
	GetHandleVerifier [0x0x7ff6a7cd9425+1848405]
	(No symbol) [0x0x7ff6a7870e5f]
	(No symbol) [0x0x7ff6a79074ec]
	(No symbol) [0x0x7ff6a791ed0a]
	(No symbol) [0x0x7ff6a7901df3]
	(No symbol) [0x0x7ff6a78d5b36]
	(No symbol) [0x0x7ff6a78d4d80]
	(No symbol) [0x0x7ff6a78d5973]
	(No symbol) [0x0x7ff6a799e4a5]
	(No symbol) [0x0x7ff6a799a75d]
	GetHandleVerifier [0x0x7ff6a7b4d2b3+226019]
	GetHandleVerifier [0x0x7ff6a7b3c481+156849]
	GetHandleVerifier [0x0x7ff6a7b44979+190889]
	GetHandleVerifier [0x0x7ff6a7b29bb4+80868]
	GetHandleVerifier [0x0x7ff6a7b29d03+81203]
	GetHandleVerifier [0x0x7ff6a7b18286+8886]
	BaseThreadInitThunk [0x0x7ff98cdee8d7+23]
	RtlUserThreadStart [0x0x7ff98e38c53c+44]

[2025-12-03T12:11:13.400064] SCRAPER ratings fetch page 37 offset 720 failed (attempt 2/5): Message: no such window: target window already closed
from unknown error: web view not found
  (Session info: MicrosoftEdge=142.0.3595.94)
Stacktrace:
	GetHandleVerifier [0x0x7ff6a7b22a75+51877]
	GetHandleVerifier [0x0x7ff6a7b22ad4+51972]
	GetHandleVerifier [0x0x7ff6a7cd9425+1848405]
	(No symbol) [0x0x7ff6a7870e5f]
	(No symbol) [0x0x7ff6a79074ec]
	(No symbol) [0x0x7ff6a791ed0a]
	(No symbol) [0x0x7ff6a7901df3]
	(No symbol) [0x0x7ff6a78d5b36]
	(No symbol) [0x0x7ff6a78d4d80]
	(No symbol) [0x0x7ff6a78d5973]
	(No symbol) [0x0x7ff6a799e4a5]
	(No symbol) [0x0x7ff6a799a75d]
	GetHandleVerifier [0x0x7ff6a7b4d2b3+226019]
	GetHandleVerifier [0x0x7ff6a7b3c481+156849]
	GetHandleVerifier [0x0x7ff6a7b44979+190889]
	GetHandleVerifier [0x0x7ff6a7b29bb4+80868]
	GetHandleVerifier [0x0x7ff6a7b29d03+81203]
	GetHandleVerifier [0x0x7ff6a7b18286+8886]
	BaseThreadInitThunk [0x0x7ff98cdee8d7+23]
	RtlUserThreadStart [0x0x7ff98e38c53c+44]

[2025-12-03T12:11:16.290844] SCRAPER ratings fetch page 37 offset 720 failed (attempt 3/5): Message: no such window: target window already closed
from unknown error: web view not found
  (Session info: MicrosoftEdge=142.0.3595.94)
Stacktrace:
	GetHandleVerifier [0x0x7ff6a7b22a75+51877]
	GetHandleVerifier [0x0x7ff6a7b22ad4+51972]
	GetHandleVerifier [0x0x7ff6a7cd9425+1848405]
	(No symbol) [0x0x7ff6a7870e5f]
	(No symbol) [0x0x7ff6a79074ec]
	(No symbol) [0x0x7ff6a791ed0a]
	(No symbol) [0x0x7ff6a7901df3]
	(No symbol) [0x0x7ff6a78d5b36]
	(No symbol) [0x0x7ff6a78d4d80]
	(No symbol) [0x0x7ff6a78d5973]
	(No symbol) [0x0x7ff6a799e4a5]
	(No symbol) [0x0x7ff6a799a75d]
	GetHandleVerifier [0x0x7ff6a7b4d2b3+226019]
	GetHandleVerifier [0x0x7ff6a7b3c481+156849]
	GetHandleVerifier [0x0x7ff6a7b44979+190889]
	GetHandleVerifier [0x0x7ff6a7b29bb4+80868]
	GetHandleVerifier [0x0x7ff6a7b29d03+81203]
	GetHandleVerifier [0x0x7ff6a7b18286+8886]
	BaseThreadInitThunk [0x0x7ff98cdee8d7+23]
	RtlUserThreadStart [0x0x7ff98e38c53c+44]

[2025-12-03T12:11:16.413197] SCRAPER ratings fetch page 37 offset 720 failed (attempt 3/5): Message: no such window: target window already closed
from unknown error: web view not found
  (Session info: MicrosoftEdge=142.0.3595.94)
Stacktrace:
	GetHandleVerifier [0x0x7ff6a7b22a75+51877]
	GetHandleVerifier [0x0x7ff6a7b22ad4+51972]
	GetHandleVerifier [0x0x7ff6a7cd9425+1848405]
	(No symbol) [0x0x7ff6a7870e5f]
	(No symbol) [0x0x7ff6a79074ec]
	(No symbol) [0x0x7ff6a791ed0a]
	(No symbol) [0x0x7ff6a7901df3]
	(No symbol) [0x0x7ff6a78d5b36]
	(No symbol) [0x0x7ff6a78d4d80]
	(No symbol) [0x0x7ff6a78d5973]
	(No symbol) [0x0x7ff6a799e4a5]
	(No symbol) [0x0x7ff6a799a75d]
	GetHandleVerifier [0x0x7ff6a7b4d2b3+226019]
	GetHandleVerifier [0x0x7ff6a7b3c481+156849]
	GetHandleVerifier [0x0x7ff6a7b44979+190889]
	GetHandleVerifier [0x0x7ff6a7b29bb4+80868]
	GetHandleVerifier [0x0x7ff6a7b29d03+81203]
	GetHandleVerifier [0x0x7ff6a7b18286+8886]
	BaseThreadInitThunk [0x0x7ff98cdee8d7+23]
	RtlUserThreadStart [0x0x7ff98e38c53c+44]

[2025-12-03T12:11:20.306779] SCRAPER ratings fetch page 37 offset 720 failed (attempt 4/5): Message: no such window: target window already closed
from unknown error: web view not found
  (Session info: MicrosoftEdge=142.0.3595.94)
Stacktrace:
	GetHandleVerifier [0x0x7ff6a7b22a75+51877]
	GetHandleVerifier [0x0x7ff6a7b22ad4+51972]
	GetHandleVerifier [0x0x7ff6a7cd9425+1848405]
	(No symbol) [0x0x7ff6a7870e5f]
	(No symbol) [0x0x7ff6a79074ec]
	(No symbol) [0x0x7ff6a791ed0a]
	(No symbol) [0x0x7ff6a7901df3]
	(No symbol) [0x0x7ff6a78d5b36]
	(No symbol) [0x0x7ff6a78d4d80]
	(No symbol) [0x0x7ff6a78d5973]
	(No symbol) [0x0x7ff6a799e4a5]
	(No symbol) [0x0x7ff6a799a75d]
	GetHandleVerifier [0x0x7ff6a7b4d2b3+226019]
	GetHandleVerifier [0x0x7ff6a7b3c481+156849]
	GetHandleVerifier [0x0x7ff6a7b44979+190889]
	GetHandleVerifier [0x0x7ff6a7b29bb4+80868]
	GetHandleVerifier [0x0x7ff6a7b29d03+81203]
	GetHandleVerifier [0x0x7ff6a7b18286+8886]
	BaseThreadInitThunk [0x0x7ff98cdee8d7+23]
	RtlUserThreadStart [0x0x7ff98e38c53c+44]

[2025-12-03T12:11:20.418982] SCRAPER ratings fetch page 37 offset 720 failed (attempt 4/5): Message: no such window: target window already closed
from unknown error: web view not found
  (Session info: MicrosoftEdge=142.0.3595.94)
Stacktrace:
	GetHandleVerifier [0x0x7ff6a7b22a75+51877]
	GetHandleVerifier [0x0x7ff6a7b22ad4+51972]
	GetHandleVerifier [0x0x7ff6a7cd9425+1848405]
	(No symbol) [0x0x7ff6a7870e5f]
	(No symbol) [0x0x7ff6a79074ec]
	(No symbol) [0x0x7ff6a791ed0a]
	(No symbol) [0x0x7ff6a7901df3]
	(No symbol) [0x0x7ff6a78d5b36]
	(No symbol) [0x0x7ff6a78d4d80]
	(No symbol) [0x0x7ff6a78d5973]
	(No symbol) [0x0x7ff6a799e4a5]
	(No symbol) [0x0x7ff6a799a75d]
	GetHandleVerifier [0x0x7ff6a7b4d2b3+226019]
	GetHandleVerifier [0x0x7ff6a7b3c481+156849]
	GetHandleVerifier [0x0x7ff6a7b44979+190889]
	GetHandleVerifier [0x0x7ff6a7b29bb4+80868]
	GetHandleVerifier [0x0x7ff6a7b29d03+81203]
	GetHandleVerifier [0x0x7ff6a7b18286+8886]
	BaseThreadInitThunk [0x0x7ff98cdee8d7+23]
	RtlUserThreadStart [0x0x7ff98e38c53c+44]

[2025-12-03T12:11:21.216173] SCRAPER ratings fetch page 10 offset 180 failed (attempt 3/5): HTTPConnectionPool(host='localhost', port=51982): Max retries exceeded with url: /session/eb4fe145f7c374b8145393fd9d40e526/execute/sync (Caused by NewConnectionError('<urllib3.connection.HTTPConnection object at 0x000001E0997F6D10>: Failed to establish a new connection: [WinError 10061] No connection could be made because the target machine actively refused it'))
[2025-12-03T12:11:25.324849] SCRAPER ratings fetch page 37 offset 720 failed (attempt 5/5): Message: no such window: target window already closed
from unknown error: web view not found
  (Session info: MicrosoftEdge=142.0.3595.94)
Stacktrace:
	GetHandleVerifier [0x0x7ff6a7b22a75+51877]
	GetHandleVerifier [0x0x7ff6a7b22ad4+51972]
	GetHandleVerifier [0x0x7ff6a7cd9425+1848405]
	(No symbol) [0x0x7ff6a7870e5f]
	(No symbol) [0x0x7ff6a79074ec]
	(No symbol) [0x0x7ff6a791ed0a]
	(No symbol) [0x0x7ff6a7901df3]
	(No symbol) [0x0x7ff6a78d5b36]
	(No symbol) [0x0x7ff6a78d4d80]
	(No symbol) [0x0x7ff6a78d5973]
	(No symbol) [0x0x7ff6a799e4a5]
	(No symbol) [0x0x7ff6a799a75d]
	GetHandleVerifier [0x0x7ff6a7b4d2b3+226019]
	GetHandleVerifier [0x0x7ff6a7b3c481+156849]
	GetHandleVerifier [0x0x7ff6a7b44979+190889]
	GetHandleVerifier [0x0x7ff6a7b29bb4+80868]
	GetHandleVerifier [0x0x7ff6a7b29d03+81203]
	GetHandleVerifier [0x0x7ff6a7b18286+8886]
	BaseThreadInitThunk [0x0x7ff98cdee8d7+23]
	RtlUserThreadStart [0x0x7ff98e38c53c+44]

[2025-12-03T12:11:25.433279] SCRAPER ratings fetch page 37 offset 720 failed (attempt 5/5): Message: no such window: target window already closed
from unknown error: web view not found
  (Session info: MicrosoftEdge=142.0.3595.94)
Stacktrace:
	GetHandleVerifier [0x0x7ff6a7b22a75+51877]
	GetHandleVerifier [0x0x7ff6a7b22ad4+51972]
	GetHandleVerifier [0x0x7ff6a7cd9425+1848405]
	(No symbol) [0x0x7ff6a7870e5f]
	(No symbol) [0x0x7ff6a79074ec]
	(No symbol) [0x0x7ff6a791ed0a]
	(No symbol) [0x0x7ff6a7901df3]
	(No symbol) [0x0x7ff6a78d5b36]
	(No symbol) [0x0x7ff6a78d4d80]
	(No symbol) [0x0x7ff6a78d5973]
	(No symbol) [0x0x7ff6a799e4a5]
	(No symbol) [0x0x7ff6a799a75d]
	GetHandleVerifier [0x0x7ff6a7b4d2b3+226019]
	GetHandleVerifier [0x0x7ff6a7b3c481+156849]
	GetHandleVerifier [0x0x7ff6a7b44979+190889]
	GetHandleVerifier [0x0x7ff6a7b29bb4+80868]
	GetHandleVerifier [0x0x7ff6a7b29d03+81203]
	GetHandleVerifier [0x0x7ff6a7b18286+8886]
	BaseThreadInitThunk [0x0x7ff98cdee8d7+23]
	RtlUserThreadStart [0x0x7ff98e38c53c+44]

[2025-12-03T12:11:30.328075] SCRAPER skip page 37 after 5 failures; lanjut halaman berikutnya
[2025-12-03T12:11:30.331089] SCRAPER ratings fetch page 38 offset 740 failed (attempt 1/5): Message: no such window: target window already closed
from unknown error: web view not found
  (Session info: MicrosoftEdge=142.0.3595.94)
Stacktrace:
	GetHandleVerifier [0x0x7ff6a7b22a75+51877]
	GetHandleVerifier [0x0x7ff6a7b22ad4+51972]
	GetHandleVerifier [0x0x7ff6a7cd9425+1848405]
	(No symbol) [0x0x7ff6a7870e5f]
	(No symbol) [0x0x7ff6a79074ec]
	(No symbol) [0x0x7ff6a791ed0a]
	(No symbol) [0x0x7ff6a7901df3]
	(No symbol) [0x0x7ff6a78d5b36]
	(No symbol) [0x0x7ff6a78d4d80]
	(No symbol) [0x0x7ff6a78d5973]
	(No symbol) [0x0x7ff6a799e4a5]
	(No symbol) [0x0x7ff6a799a75d]
	GetHandleVerifier [0x0x7ff6a7b4d2b3+226019]
	GetHandleVerifier [0x0x7ff6a7b3c481+156849]
	GetHandleVerifier [0x0x7ff6a7b44979+190889]
	GetHandleVerifier [0x0x7ff6a7b29bb4+80868]
	GetHandleVerifier [0x0x7ff6a7b29d03+81203]
	GetHandleVerifier [0x0x7ff6a7b18286+8886]
	BaseThreadInitThunk [0x0x7ff98cdee8d7+23]
	RtlUserThreadStart [0x0x7ff98e38c53c+44]

[2025-12-03T12:11:30.437604] SCRAPER skip page 37 after 5 failures; lanjut halaman berikutnya
[2025-12-03T12:11:30.440615] SCRAPER ratings fetch page 38 offset 740 failed (attempt 1/5): Message: no such window: target window already closed
from unknown error: web view not found
  (Session info: MicrosoftEdge=142.0.3595.94)
Stacktrace:
	GetHandleVerifier [0x0x7ff6a7b22a75+51877]
	GetHandleVerifier [0x0x7ff6a7b22ad4+51972]
	GetHandleVerifier [0x0x7ff6a7cd9425+1848405]
	(No symbol) [0x0x7ff6a7870e5f]
	(No symbol) [0x0x7ff6a79074ec]
	(No symbol) [0x0x7ff6a791ed0a]
	(No symbol) [0x0x7ff6a7901df3]
	(No symbol) [0x0x7ff6a78d5b36]
	(No symbol) [0x0x7ff6a78d4d80]
	(No symbol) [0x0x7ff6a78d5973]
	(No symbol) [0x0x7ff6a799e4a5]
	(No symbol) [0x0x7ff6a799a75d]
	GetHandleVerifier [0x0x7ff6a7b4d2b3+226019]
	GetHandleVerifier [0x0x7ff6a7b3c481+156849]
	GetHandleVerifier [0x0x7ff6a7b44979+190889]
	GetHandleVerifier [0x0x7ff6a7b29bb4+80868]
	GetHandleVerifier [0x0x7ff6a7b29d03+81203]
	GetHandleVerifier [0x0x7ff6a7b18286+8886]
	BaseThreadInitThunk [0x0x7ff98cdee8d7+23]
	RtlUserThreadStart [0x0x7ff98e38c53c+44]

[2025-12-03T12:11:32.338294] SCRAPER ratings fetch page 38 offset 740 failed (attempt 2/5): Message: no such window: target window already closed
from unknown error: web view not found
  (Session info: MicrosoftEdge=142.0.3595.94)
Stacktrace:
	GetHandleVerifier [0x0x7ff6a7b22a75+51877]
	GetHandleVerifier [0x0x7ff6a7b22ad4+51972]
	GetHandleVerifier [0x0x7ff6a7cd9425+1848405]
	(No symbol) [0x0x7ff6a7870e5f]
	(No symbol) [0x0x7ff6a79074ec]
	(No symbol) [0x0x7ff6a791ed0a]
	(No symbol) [0x0x7ff6a7901df3]
	(No symbol) [0x0x7ff6a78d5b36]
	(No symbol) [0x0x7ff6a78d4d80]
	(No symbol) [0x0x7ff6a78d5973]
	(No symbol) [0x0x7ff6a799e4a5]
	(No symbol) [0x0x7ff6a799a75d]
	GetHandleVerifier [0x0x7ff6a7b4d2b3+226019]
	GetHandleVerifier [0x0x7ff6a7b3c481+156849]
	GetHandleVerifier [0x0x7ff6a7b44979+190889]
	GetHandleVerifier [0x0x7ff6a7b29bb4+80868]
	GetHandleVerifier [0x0x7ff6a7b29d03+81203]
	GetHandleVerifier [0x0x7ff6a7b18286+8886]
	BaseThreadInitThunk [0x0x7ff98cdee8d7+23]
	RtlUserThreadStart [0x0x7ff98e38c53c+44]

[2025-12-03T12:11:32.447204] SCRAPER ratings fetch page 38 offset 740 failed (attempt 2/5): Message: no such window: target window already closed
from unknown error: web view not found
  (Session info: MicrosoftEdge=142.0.3595.94)
Stacktrace:
	GetHandleVerifier [0x0x7ff6a7b22a75+51877]
	GetHandleVerifier [0x0x7ff6a7b22ad4+51972]
	GetHandleVerifier [0x0x7ff6a7cd9425+1848405]
	(No symbol) [0x0x7ff6a7870e5f]
	(No symbol) [0x0x7ff6a79074ec]
	(No symbol) [0x0x7ff6a791ed0a]
	(No symbol) [0x0x7ff6a7901df3]
	(No symbol) [0x0x7ff6a78d5b36]
	(No symbol) [0x0x7ff6a78d4d80]
	(No symbol) [0x0x7ff6a78d5973]
	(No symbol) [0x0x7ff6a799e4a5]
	(No symbol) [0x0x7ff6a799a75d]
	GetHandleVerifier [0x0x7ff6a7b4d2b3+226019]
	GetHandleVerifier [0x0x7ff6a7b3c481+156849]
	GetHandleVerifier [0x0x7ff6a7b44979+190889]
	GetHandleVerifier [0x0x7ff6a7b29bb4+80868]
	GetHandleVerifier [0x0x7ff6a7b29d03+81203]
	GetHandleVerifier [0x0x7ff6a7b18286+8886]
	BaseThreadInitThunk [0x0x7ff98cdee8d7+23]
	RtlUserThreadStart [0x0x7ff98e38c53c+44]

[2025-12-03T12:11:35.352593] SCRAPER ratings fetch page 38 offset 740 failed (attempt 3/5): Message: no such window: target window already closed
from unknown error: web view not found
  (Session info: MicrosoftEdge=142.0.3595.94)
Stacktrace:
	GetHandleVerifier [0x0x7ff6a7b22a75+51877]
	GetHandleVerifier [0x0x7ff6a7b22ad4+51972]
	GetHandleVerifier [0x0x7ff6a7cd9425+1848405]
	(No symbol) [0x0x7ff6a7870e5f]
	(No symbol) [0x0x7ff6a79074ec]
	(No symbol) [0x0x7ff6a791ed0a]
	(No symbol) [0x0x7ff6a7901df3]
	(No symbol) [0x0x7ff6a78d5b36]
	(No symbol) [0x0x7ff6a78d4d80]
	(No symbol) [0x0x7ff6a78d5973]
	(No symbol) [0x0x7ff6a799e4a5]
	(No symbol) [0x0x7ff6a799a75d]
	GetHandleVerifier [0x0x7ff6a7b4d2b3+226019]
	GetHandleVerifier [0x0x7ff6a7b3c481+156849]
	GetHandleVerifier [0x0x7ff6a7b44979+190889]
	GetHandleVerifier [0x0x7ff6a7b29bb4+80868]
	GetHandleVerifier [0x0x7ff6a7b29d03+81203]
	GetHandleVerifier [0x0x7ff6a7b18286+8886]
	BaseThreadInitThunk [0x0x7ff98cdee8d7+23]
	RtlUserThreadStart [0x0x7ff98e38c53c+44]

[2025-12-03T12:11:35.463557] SCRAPER ratings fetch page 38 offset 740 failed (attempt 3/5): Message: no such window: target window already closed
from unknown error: web view not found
  (Session info: MicrosoftEdge=142.0.3595.94)
Stacktrace:
	GetHandleVerifier [0x0x7ff6a7b22a75+51877]
	GetHandleVerifier [0x0x7ff6a7b22ad4+51972]
	GetHandleVerifier [0x0x7ff6a7cd9425+1848405]
	(No symbol) [0x0x7ff6a7870e5f]
	(No symbol) [0x0x7ff6a79074ec]
	(No symbol) [0x0x7ff6a791ed0a]
	(No symbol) [0x0x7ff6a7901df3]
	(No symbol) [0x0x7ff6a78d5b36]
	(No symbol) [0x0x7ff6a78d4d80]
	(No symbol) [0x0x7ff6a78d5973]
	(No symbol) [0x0x7ff6a799e4a5]
	(No symbol) [0x0x7ff6a799a75d]
	GetHandleVerifier [0x0x7ff6a7b4d2b3+226019]
	GetHandleVerifier [0x0x7ff6a7b3c481+156849]
	GetHandleVerifier [0x0x7ff6a7b44979+190889]
	GetHandleVerifier [0x0x7ff6a7b29bb4+80868]
	GetHandleVerifier [0x0x7ff6a7b29d03+81203]
	GetHandleVerifier [0x0x7ff6a7b18286+8886]
	BaseThreadInitThunk [0x0x7ff98cdee8d7+23]
	RtlUserThreadStart [0x0x7ff98e38c53c+44]

[2025-12-03T12:11:39.358232] SCRAPER ratings fetch page 38 offset 740 failed (attempt 4/5): Message: no such window: target window already closed
from unknown error: web view not found
  (Session info: MicrosoftEdge=142.0.3595.94)
Stacktrace:
	GetHandleVerifier [0x0x7ff6a7b22a75+51877]
	GetHandleVerifier [0x0x7ff6a7b22ad4+51972]
	GetHandleVerifier [0x0x7ff6a7cd9425+1848405]
	(No symbol) [0x0x7ff6a7870e5f]
	(No symbol) [0x0x7ff6a79074ec]
	(No symbol) [0x0x7ff6a791ed0a]
	(No symbol) [0x0x7ff6a7901df3]
	(No symbol) [0x0x7ff6a78d5b36]
	(No symbol) [0x0x7ff6a78d4d80]
	(No symbol) [0x0x7ff6a78d5973]
	(No symbol) [0x0x7ff6a799e4a5]
	(No symbol) [0x0x7ff6a799a75d]
	GetHandleVerifier [0x0x7ff6a7b4d2b3+226019]
	GetHandleVerifier [0x0x7ff6a7b3c481+156849]
	GetHandleVerifier [0x0x7ff6a7b44979+190889]
	GetHandleVerifier [0x0x7ff6a7b29bb4+80868]
	GetHandleVerifier [0x0x7ff6a7b29d03+81203]
	GetHandleVerifier [0x0x7ff6a7b18286+8886]
	BaseThreadInitThunk [0x0x7ff98cdee8d7+23]
	RtlUserThreadStart [0x0x7ff98e38c53c+44]

[2025-12-03T12:11:39.472044] SCRAPER ratings fetch page 38 offset 740 failed (attempt 4/5): Message: no such window: target window already closed
from unknown error: web view not found
  (Session info: MicrosoftEdge=142.0.3595.94)
Stacktrace:
	GetHandleVerifier [0x0x7ff6a7b22a75+51877]
	GetHandleVerifier [0x0x7ff6a7b22ad4+51972]
	GetHandleVerifier [0x0x7ff6a7cd9425+1848405]
	(No symbol) [0x0x7ff6a7870e5f]
	(No symbol) [0x0x7ff6a79074ec]
	(No symbol) [0x0x7ff6a791ed0a]
	(No symbol) [0x0x7ff6a7901df3]
	(No symbol) [0x0x7ff6a78d5b36]
	(No symbol) [0x0x7ff6a78d4d80]
	(No symbol) [0x0x7ff6a78d5973]
	(No symbol) [0x0x7ff6a799e4a5]
	(No symbol) [0x0x7ff6a799a75d]
	GetHandleVerifier [0x0x7ff6a7b4d2b3+226019]
	GetHandleVerifier [0x0x7ff6a7b3c481+156849]
	GetHandleVerifier [0x0x7ff6a7b44979+190889]
	GetHandleVerifier [0x0x7ff6a7b29bb4+80868]
	GetHandleVerifier [0x0x7ff6a7b29d03+81203]
	GetHandleVerifier [0x0x7ff6a7b18286+8886]
	BaseThreadInitThunk [0x0x7ff98cdee8d7+23]
	RtlUserThreadStart [0x0x7ff98e38c53c+44]

[2025-12-03T12:11:41.476205] SCRAPER ratings fetch page 10 offset 180 failed (attempt 4/5): HTTPConnectionPool(host='localhost', port=51982): Max retries exceeded with url: /session/eb4fe145f7c374b8145393fd9d40e526/execute/sync (Caused by NewConnectionError('<urllib3.connection.HTTPConnection object at 0x000001E0B7887F70>: Failed to establish a new connection: [WinError 10061] No connection could be made because the target machine actively refused it'))
[2025-12-03T12:11:44.363831] SCRAPER ratings fetch page 38 offset 740 failed (attempt 5/5): Message: no such window: target window already closed
from unknown error: web view not found
  (Session info: MicrosoftEdge=142.0.3595.94)
Stacktrace:
	GetHandleVerifier [0x0x7ff6a7b22a75+51877]
	GetHandleVerifier [0x0x7ff6a7b22ad4+51972]
	GetHandleVerifier [0x0x7ff6a7cd9425+1848405]
	(No symbol) [0x0x7ff6a7870e5f]
	(No symbol) [0x0x7ff6a79074ec]
	(No symbol) [0x0x7ff6a791ed0a]
	(No symbol) [0x0x7ff6a7901df3]
	(No symbol) [0x0x7ff6a78d5b36]
	(No symbol) [0x0x7ff6a78d4d80]
	(No symbol) [0x0x7ff6a78d5973]
	(No symbol) [0x0x7ff6a799e4a5]
	(No symbol) [0x0x7ff6a799a75d]
	GetHandleVerifier [0x0x7ff6a7b4d2b3+226019]
	GetHandleVerifier [0x0x7ff6a7b3c481+156849]
	GetHandleVerifier [0x0x7ff6a7b44979+190889]
	GetHandleVerifier [0x0x7ff6a7b29bb4+80868]
	GetHandleVerifier [0x0x7ff6a7b29d03+81203]
	GetHandleVerifier [0x0x7ff6a7b18286+8886]
	BaseThreadInitThunk [0x0x7ff98cdee8d7+23]
	RtlUserThreadStart [0x0x7ff98e38c53c+44]

[2025-12-03T12:11:44.490137] SCRAPER ratings fetch page 38 offset 740 failed (attempt 5/5): Message: no such window: target window already closed
from unknown error: web view not found
  (Session info: MicrosoftEdge=142.0.3595.94)
Stacktrace:
	GetHandleVerifier [0x0x7ff6a7b22a75+51877]
	GetHandleVerifier [0x0x7ff6a7b22ad4+51972]
	GetHandleVerifier [0x0x7ff6a7cd9425+1848405]
	(No symbol) [0x0x7ff6a7870e5f]
	(No symbol) [0x0x7ff6a79074ec]
	(No symbol) [0x0x7ff6a791ed0a]
	(No symbol) [0x0x7ff6a7901df3]
	(No symbol) [0x0x7ff6a78d5b36]
	(No symbol) [0x0x7ff6a78d4d80]
	(No symbol) [0x0x7ff6a78d5973]
	(No symbol) [0x0x7ff6a799e4a5]
	(No symbol) [0x0x7ff6a799a75d]
	GetHandleVerifier [0x0x7ff6a7b4d2b3+226019]
	GetHandleVerifier [0x0x7ff6a7b3c481+156849]
	GetHandleVerifier [0x0x7ff6a7b44979+190889]
	GetHandleVerifier [0x0x7ff6a7b29bb4+80868]
	GetHandleVerifier [0x0x7ff6a7b29d03+81203]
	GetHandleVerifier [0x0x7ff6a7b18286+8886]
	BaseThreadInitThunk [0x0x7ff98cdee8d7+23]
	RtlUserThreadStart [0x0x7ff98e38c53c+44]

[2025-12-03T12:11:49.367691] SCRAPER skip page 38 after 5 failures; lanjut halaman berikutnya
[2025-12-03T12:11:49.369607] SCRAPER ratings fetch page 39 offset 760 failed (attempt 1/5): Message: no such window: target window already closed
from unknown error: web view not found
  (Session info: MicrosoftEdge=142.0.3595.94)
Stacktrace:
	GetHandleVerifier [0x0x7ff6a7b22a75+51877]
	GetHandleVerifier [0x0x7ff6a7b22ad4+51972]
	GetHandleVerifier [0x0x7ff6a7cd9425+1848405]
	(No symbol) [0x0x7ff6a7870e5f]
	(No symbol) [0x0x7ff6a79074ec]
	(No symbol) [0x0x7ff6a791ed0a]
	(No symbol) [0x0x7ff6a7901df3]
	(No symbol) [0x0x7ff6a78d5b36]
	(No symbol) [0x0x7ff6a78d4d80]
	(No symbol) [0x0x7ff6a78d5973]
	(No symbol) [0x0x7ff6a799e4a5]
	(No symbol) [0x0x7ff6a799a75d]
	GetHandleVerifier [0x0x7ff6a7b4d2b3+226019]
	GetHandleVerifier [0x0x7ff6a7b3c481+156849]
	GetHandleVerifier [0x0x7ff6a7b44979+190889]
	GetHandleVerifier [0x0x7ff6a7b29bb4+80868]
	GetHandleVerifier [0x0x7ff6a7b29d03+81203]
	GetHandleVerifier [0x0x7ff6a7b18286+8886]
	BaseThreadInitThunk [0x0x7ff98cdee8d7+23]
	RtlUserThreadStart [0x0x7ff98e38c53c+44]

[2025-12-03T12:11:49.492159] SCRAPER skip page 38 after 5 failures; lanjut halaman berikutnya
[2025-12-03T12:11:49.496870] SCRAPER ratings fetch page 39 offset 760 failed (attempt 1/5): Message: no such window: target window already closed
from unknown error: web view not found
  (Session info: MicrosoftEdge=142.0.3595.94)
Stacktrace:
	GetHandleVerifier [0x0x7ff6a7b22a75+51877]
	GetHandleVerifier [0x0x7ff6a7b22ad4+51972]
	GetHandleVerifier [0x0x7ff6a7cd9425+1848405]
	(No symbol) [0x0x7ff6a7870e5f]
	(No symbol) [0x0x7ff6a79074ec]
	(No symbol) [0x0x7ff6a791ed0a]
	(No symbol) [0x0x7ff6a7901df3]
	(No symbol) [0x0x7ff6a78d5b36]
	(No symbol) [0x0x7ff6a78d4d80]
	(No symbol) [0x0x7ff6a78d5973]
	(No symbol) [0x0x7ff6a799e4a5]
	(No symbol) [0x0x7ff6a799a75d]
	GetHandleVerifier [0x0x7ff6a7b4d2b3+226019]
	GetHandleVerifier [0x0x7ff6a7b3c481+156849]
	GetHandleVerifier [0x0x7ff6a7b44979+190889]
	GetHandleVerifier [0x0x7ff6a7b29bb4+80868]
	GetHandleVerifier [0x0x7ff6a7b29d03+81203]
	GetHandleVerifier [0x0x7ff6a7b18286+8886]
	BaseThreadInitThunk [0x0x7ff98cdee8d7+23]
	RtlUserThreadStart [0x0x7ff98e38c53c+44]

[2025-12-03T12:11:51.382117] SCRAPER ratings fetch page 39 offset 760 failed (attempt 2/5): Message: no such window: target window already closed
from unknown error: web view not found
  (Session info: MicrosoftEdge=142.0.3595.94)
Stacktrace:
	GetHandleVerifier [0x0x7ff6a7b22a75+51877]
	GetHandleVerifier [0x0x7ff6a7b22ad4+51972]
	GetHandleVerifier [0x0x7ff6a7cd9425+1848405]
	(No symbol) [0x0x7ff6a7870e5f]
	(No symbol) [0x0x7ff6a79074ec]
	(No symbol) [0x0x7ff6a791ed0a]
	(No symbol) [0x0x7ff6a7901df3]
	(No symbol) [0x0x7ff6a78d5b36]
	(No symbol) [0x0x7ff6a78d4d80]
	(No symbol) [0x0x7ff6a78d5973]
	(No symbol) [0x0x7ff6a799e4a5]
	(No symbol) [0x0x7ff6a799a75d]
	GetHandleVerifier [0x0x7ff6a7b4d2b3+226019]
	GetHandleVerifier [0x0x7ff6a7b3c481+156849]
	GetHandleVerifier [0x0x7ff6a7b44979+190889]
	GetHandleVerifier [0x0x7ff6a7b29bb4+80868]
	GetHandleVerifier [0x0x7ff6a7b29d03+81203]
	GetHandleVerifier [0x0x7ff6a7b18286+8886]
	BaseThreadInitThunk [0x0x7ff98cdee8d7+23]
	RtlUserThreadStart [0x0x7ff98e38c53c+44]

[2025-12-03T12:11:51.506713] SCRAPER ratings fetch page 39 offset 760 failed (attempt 2/5): Message: no such window: target window already closed
from unknown error: web view not found
  (Session info: MicrosoftEdge=142.0.3595.94)
Stacktrace:
	GetHandleVerifier [0x0x7ff6a7b22a75+51877]
	GetHandleVerifier [0x0x7ff6a7b22ad4+51972]
	GetHandleVerifier [0x0x7ff6a7cd9425+1848405]
	(No symbol) [0x0x7ff6a7870e5f]
	(No symbol) [0x0x7ff6a79074ec]
	(No symbol) [0x0x7ff6a791ed0a]
	(No symbol) [0x0x7ff6a7901df3]
	(No symbol) [0x0x7ff6a78d5b36]
	(No symbol) [0x0x7ff6a78d4d80]
	(No symbol) [0x0x7ff6a78d5973]
	(No symbol) [0x0x7ff6a799e4a5]
	(No symbol) [0x0x7ff6a799a75d]
	GetHandleVerifier [0x0x7ff6a7b4d2b3+226019]
	GetHandleVerifier [0x0x7ff6a7b3c481+156849]
	GetHandleVerifier [0x0x7ff6a7b44979+190889]
	GetHandleVerifier [0x0x7ff6a7b29bb4+80868]
	GetHandleVerifier [0x0x7ff6a7b29d03+81203]
	GetHandleVerifier [0x0x7ff6a7b18286+8886]
	BaseThreadInitThunk [0x0x7ff98cdee8d7+23]
	RtlUserThreadStart [0x0x7ff98e38c53c+44]

[2025-12-03T12:11:54.390427] SCRAPER ratings fetch page 39 offset 760 failed (attempt 3/5): Message: no such window: target window already closed
from unknown error: web view not found
  (Session info: MicrosoftEdge=142.0.3595.94)
Stacktrace:
	GetHandleVerifier [0x0x7ff6a7b22a75+51877]
	GetHandleVerifier [0x0x7ff6a7b22ad4+51972]
	GetHandleVerifier [0x0x7ff6a7cd9425+1848405]
	(No symbol) [0x0x7ff6a7870e5f]
	(No symbol) [0x0x7ff6a79074ec]
	(No symbol) [0x0x7ff6a791ed0a]
	(No symbol) [0x0x7ff6a7901df3]
	(No symbol) [0x0x7ff6a78d5b36]
	(No symbol) [0x0x7ff6a78d4d80]
	(No symbol) [0x0x7ff6a78d5973]
	(No symbol) [0x0x7ff6a799e4a5]
	(No symbol) [0x0x7ff6a799a75d]
	GetHandleVerifier [0x0x7ff6a7b4d2b3+226019]
	GetHandleVerifier [0x0x7ff6a7b3c481+156849]
	GetHandleVerifier [0x0x7ff6a7b44979+190889]
	GetHandleVerifier [0x0x7ff6a7b29bb4+80868]
	GetHandleVerifier [0x0x7ff6a7b29d03+81203]
	GetHandleVerifier [0x0x7ff6a7b18286+8886]
	BaseThreadInitThunk [0x0x7ff98cdee8d7+23]
	RtlUserThreadStart [0x0x7ff98e38c53c+44]

[2025-12-03T12:11:54.517175] SCRAPER ratings fetch page 39 offset 760 failed (attempt 3/5): Message: no such window: target window already closed
from unknown error: web view not found
  (Session info: MicrosoftEdge=142.0.3595.94)
Stacktrace:
	GetHandleVerifier [0x0x7ff6a7b22a75+51877]
	GetHandleVerifier [0x0x7ff6a7b22ad4+51972]
	GetHandleVerifier [0x0x7ff6a7cd9425+1848405]
	(No symbol) [0x0x7ff6a7870e5f]
	(No symbol) [0x0x7ff6a79074ec]
	(No symbol) [0x0x7ff6a791ed0a]
	(No symbol) [0x0x7ff6a7901df3]
	(No symbol) [0x0x7ff6a78d5b36]
	(No symbol) [0x0x7ff6a78d4d80]
	(No symbol) [0x0x7ff6a78d5973]
	(No symbol) [0x0x7ff6a799e4a5]
	(No symbol) [0x0x7ff6a799a75d]
	GetHandleVerifier [0x0x7ff6a7b4d2b3+226019]
	GetHandleVerifier [0x0x7ff6a7b3c481+156849]
	GetHandleVerifier [0x0x7ff6a7b44979+190889]
	GetHandleVerifier [0x0x7ff6a7b29bb4+80868]
	GetHandleVerifier [0x0x7ff6a7b29d03+81203]
	GetHandleVerifier [0x0x7ff6a7b18286+8886]
	BaseThreadInitThunk [0x0x7ff98cdee8d7+23]
	RtlUserThreadStart [0x0x7ff98e38c53c+44]

[2025-12-03T12:11:58.405850] SCRAPER ratings fetch page 39 offset 760 failed (attempt 4/5): Message: no such window: target window already closed
from unknown error: web view not found
  (Session info: MicrosoftEdge=142.0.3595.94)
Stacktrace:
	GetHandleVerifier [0x0x7ff6a7b22a75+51877]
	GetHandleVerifier [0x0x7ff6a7b22ad4+51972]
	GetHandleVerifier [0x0x7ff6a7cd9425+1848405]
	(No symbol) [0x0x7ff6a7870e5f]
	(No symbol) [0x0x7ff6a79074ec]
	(No symbol) [0x0x7ff6a791ed0a]
	(No symbol) [0x0x7ff6a7901df3]
	(No symbol) [0x0x7ff6a78d5b36]
	(No symbol) [0x0x7ff6a78d4d80]
	(No symbol) [0x0x7ff6a78d5973]
	(No symbol) [0x0x7ff6a799e4a5]
	(No symbol) [0x0x7ff6a799a75d]
	GetHandleVerifier [0x0x7ff6a7b4d2b3+226019]
	GetHandleVerifier [0x0x7ff6a7b3c481+156849]
	GetHandleVerifier [0x0x7ff6a7b44979+190889]
	GetHandleVerifier [0x0x7ff6a7b29bb4+80868]
	GetHandleVerifier [0x0x7ff6a7b29d03+81203]
	GetHandleVerifier [0x0x7ff6a7b18286+8886]
	BaseThreadInitThunk [0x0x7ff98cdee8d7+23]
	RtlUserThreadStart [0x0x7ff98e38c53c+44]

[2025-12-03T12:11:58.531366] SCRAPER ratings fetch page 39 offset 760 failed (attempt 4/5): Message: no such window: target window already closed
from unknown error: web view not found
  (Session info: MicrosoftEdge=142.0.3595.94)
Stacktrace:
	GetHandleVerifier [0x0x7ff6a7b22a75+51877]
	GetHandleVerifier [0x0x7ff6a7b22ad4+51972]
	GetHandleVerifier [0x0x7ff6a7cd9425+1848405]
	(No symbol) [0x0x7ff6a7870e5f]
	(No symbol) [0x0x7ff6a79074ec]
	(No symbol) [0x0x7ff6a791ed0a]
	(No symbol) [0x0x7ff6a7901df3]
	(No symbol) [0x0x7ff6a78d5b36]
	(No symbol) [0x0x7ff6a78d4d80]
	(No symbol) [0x0x7ff6a78d5973]
	(No symbol) [0x0x7ff6a799e4a5]
	(No symbol) [0x0x7ff6a799a75d]
	GetHandleVerifier [0x0x7ff6a7b4d2b3+226019]
	GetHandleVerifier [0x0x7ff6a7b3c481+156849]
	GetHandleVerifier [0x0x7ff6a7b44979+190889]
	GetHandleVerifier [0x0x7ff6a7b29bb4+80868]
	GetHandleVerifier [0x0x7ff6a7b29d03+81203]
	GetHandleVerifier [0x0x7ff6a7b18286+8886]
	BaseThreadInitThunk [0x0x7ff98cdee8d7+23]
	RtlUserThreadStart [0x0x7ff98e38c53c+44]

[2025-12-03T12:12:02.763740] SCRAPER ratings fetch page 10 offset 180 failed (attempt 5/5): HTTPConnectionPool(host='localhost', port=51982): Max retries exceeded with url: /session/eb4fe145f7c374b8145393fd9d40e526/execute/sync (Caused by NewConnectionError('<urllib3.connection.HTTPConnection object at 0x000001E0A3AC7D90>: Failed to establish a new connection: [WinError 10061] No connection could be made because the target machine actively refused it'))
[2025-12-03T12:12:03.422002] SCRAPER ratings fetch page 39 offset 760 failed (attempt 5/5): Message: no such window: target window already closed
from unknown error: web view not found
  (Session info: MicrosoftEdge=142.0.3595.94)
Stacktrace:
	GetHandleVerifier [0x0x7ff6a7b22a75+51877]
	GetHandleVerifier [0x0x7ff6a7b22ad4+51972]
	GetHandleVerifier [0x0x7ff6a7cd9425+1848405]
	(No symbol) [0x0x7ff6a7870e5f]
	(No symbol) [0x0x7ff6a79074ec]
	(No symbol) [0x0x7ff6a791ed0a]
	(No symbol) [0x0x7ff6a7901df3]
	(No symbol) [0x0x7ff6a78d5b36]
	(No symbol) [0x0x7ff6a78d4d80]
	(No symbol) [0x0x7ff6a78d5973]
	(No symbol) [0x0x7ff6a799e4a5]
	(No symbol) [0x0x7ff6a799a75d]
	GetHandleVerifier [0x0x7ff6a7b4d2b3+226019]
	GetHandleVerifier [0x0x7ff6a7b3c481+156849]
	GetHandleVerifier [0x0x7ff6a7b44979+190889]
	GetHandleVerifier [0x0x7ff6a7b29bb4+80868]
	GetHandleVerifier [0x0x7ff6a7b29d03+81203]
	GetHandleVerifier [0x0x7ff6a7b18286+8886]
	BaseThreadInitThunk [0x0x7ff98cdee8d7+23]
	RtlUserThreadStart [0x0x7ff98e38c53c+44]

[2025-12-03T12:12:03.547596] SCRAPER ratings fetch page 39 offset 760 failed (attempt 5/5): Message: no such window: target window already closed
from unknown error: web view not found
  (Session info: MicrosoftEdge=142.0.3595.94)
Stacktrace:
	GetHandleVerifier [0x0x7ff6a7b22a75+51877]
	GetHandleVerifier [0x0x7ff6a7b22ad4+51972]
	GetHandleVerifier [0x0x7ff6a7cd9425+1848405]
	(No symbol) [0x0x7ff6a7870e5f]
	(No symbol) [0x0x7ff6a79074ec]
	(No symbol) [0x0x7ff6a791ed0a]
	(No symbol) [0x0x7ff6a7901df3]
	(No symbol) [0x0x7ff6a78d5b36]
	(No symbol) [0x0x7ff6a78d4d80]
	(No symbol) [0x0x7ff6a78d5973]
	(No symbol) [0x0x7ff6a799e4a5]
	(No symbol) [0x0x7ff6a799a75d]
	GetHandleVerifier [0x0x7ff6a7b4d2b3+226019]
	GetHandleVerifier [0x0x7ff6a7b3c481+156849]
	GetHandleVerifier [0x0x7ff6a7b44979+190889]
	GetHandleVerifier [0x0x7ff6a7b29bb4+80868]
	GetHandleVerifier [0x0x7ff6a7b29d03+81203]
	GetHandleVerifier [0x0x7ff6a7b18286+8886]
	BaseThreadInitThunk [0x0x7ff98cdee8d7+23]
	RtlUserThreadStart [0x0x7ff98e38c53c+44]

[2025-12-03T12:12:07.765971] SCRAPER skip page 10 after 5 failures; lanjut halaman berikutnya
[2025-12-03T12:12:08.438711] SCRAPER skip page 39 after 5 failures; lanjut halaman berikutnya
[2025-12-03T12:12:08.441706] SCRAPER ratings fetch page 40 offset 780 failed (attempt 1/5): Message: no such window: target window already closed
from unknown error: web view not found
  (Session info: MicrosoftEdge=142.0.3595.94)
Stacktrace:
	GetHandleVerifier [0x0x7ff6a7b22a75+51877]
	GetHandleVerifier [0x0x7ff6a7b22ad4+51972]
	GetHandleVerifier [0x0x7ff6a7cd9425+1848405]
	(No symbol) [0x0x7ff6a7870e5f]
	(No symbol) [0x0x7ff6a79074ec]
	(No symbol) [0x0x7ff6a791ed0a]
	(No symbol) [0x0x7ff6a7901df3]
	(No symbol) [0x0x7ff6a78d5b36]
	(No symbol) [0x0x7ff6a78d4d80]
	(No symbol) [0x0x7ff6a78d5973]
	(No symbol) [0x0x7ff6a799e4a5]
	(No symbol) [0x0x7ff6a799a75d]
	GetHandleVerifier [0x0x7ff6a7b4d2b3+226019]
	GetHandleVerifier [0x0x7ff6a7b3c481+156849]
	GetHandleVerifier [0x0x7ff6a7b44979+190889]
	GetHandleVerifier [0x0x7ff6a7b29bb4+80868]
	GetHandleVerifier [0x0x7ff6a7b29d03+81203]
	GetHandleVerifier [0x0x7ff6a7b18286+8886]
	BaseThreadInitThunk [0x0x7ff98cdee8d7+23]
	RtlUserThreadStart [0x0x7ff98e38c53c+44]

[2025-12-03T12:12:08.563796] SCRAPER skip page 39 after 5 failures; lanjut halaman berikutnya
[2025-12-03T12:12:08.567807] SCRAPER ratings fetch page 40 offset 780 failed (attempt 1/5): Message: no such window: target window already closed
from unknown error: web view not found
  (Session info: MicrosoftEdge=142.0.3595.94)
Stacktrace:
	GetHandleVerifier [0x0x7ff6a7b22a75+51877]
	GetHandleVerifier [0x0x7ff6a7b22ad4+51972]
	GetHandleVerifier [0x0x7ff6a7cd9425+1848405]
	(No symbol) [0x0x7ff6a7870e5f]
	(No symbol) [0x0x7ff6a79074ec]
	(No symbol) [0x0x7ff6a791ed0a]
	(No symbol) [0x0x7ff6a7901df3]
	(No symbol) [0x0x7ff6a78d5b36]
	(No symbol) [0x0x7ff6a78d4d80]
	(No symbol) [0x0x7ff6a78d5973]
	(No symbol) [0x0x7ff6a799e4a5]
	(No symbol) [0x0x7ff6a799a75d]
	GetHandleVerifier [0x0x7ff6a7b4d2b3+226019]
	GetHandleVerifier [0x0x7ff6a7b3c481+156849]
	GetHandleVerifier [0x0x7ff6a7b44979+190889]
	GetHandleVerifier [0x0x7ff6a7b29bb4+80868]
	GetHandleVerifier [0x0x7ff6a7b29d03+81203]
	GetHandleVerifier [0x0x7ff6a7b18286+8886]
	BaseThreadInitThunk [0x0x7ff98cdee8d7+23]
	RtlUserThreadStart [0x0x7ff98e38c53c+44]

[2025-12-03T12:12:10.459235] SCRAPER ratings fetch page 40 offset 780 failed (attempt 2/5): Message: no such window: target window already closed
from unknown error: web view not found
  (Session info: MicrosoftEdge=142.0.3595.94)
Stacktrace:
	GetHandleVerifier [0x0x7ff6a7b22a75+51877]
	GetHandleVerifier [0x0x7ff6a7b22ad4+51972]
	GetHandleVerifier [0x0x7ff6a7cd9425+1848405]
	(No symbol) [0x0x7ff6a7870e5f]
	(No symbol) [0x0x7ff6a79074ec]
	(No symbol) [0x0x7ff6a791ed0a]
	(No symbol) [0x0x7ff6a7901df3]
	(No symbol) [0x0x7ff6a78d5b36]
	(No symbol) [0x0x7ff6a78d4d80]
	(No symbol) [0x0x7ff6a78d5973]
	(No symbol) [0x0x7ff6a799e4a5]
	(No symbol) [0x0x7ff6a799a75d]
	GetHandleVerifier [0x0x7ff6a7b4d2b3+226019]
	GetHandleVerifier [0x0x7ff6a7b3c481+156849]
	GetHandleVerifier [0x0x7ff6a7b44979+190889]
	GetHandleVerifier [0x0x7ff6a7b29bb4+80868]
	GetHandleVerifier [0x0x7ff6a7b29d03+81203]
	GetHandleVerifier [0x0x7ff6a7b18286+8886]
	BaseThreadInitThunk [0x0x7ff98cdee8d7+23]
	RtlUserThreadStart [0x0x7ff98e38c53c+44]

[2025-12-03T12:12:10.581324] SCRAPER ratings fetch page 40 offset 780 failed (attempt 2/5): Message: no such window: target window already closed
from unknown error: web view not found
  (Session info: MicrosoftEdge=142.0.3595.94)
Stacktrace:
	GetHandleVerifier [0x0x7ff6a7b22a75+51877]
	GetHandleVerifier [0x0x7ff6a7b22ad4+51972]
	GetHandleVerifier [0x0x7ff6a7cd9425+1848405]
	(No symbol) [0x0x7ff6a7870e5f]
	(No symbol) [0x0x7ff6a79074ec]
	(No symbol) [0x0x7ff6a791ed0a]
	(No symbol) [0x0x7ff6a7901df3]
	(No symbol) [0x0x7ff6a78d5b36]
	(No symbol) [0x0x7ff6a78d4d80]
	(No symbol) [0x0x7ff6a78d5973]
	(No symbol) [0x0x7ff6a799e4a5]
	(No symbol) [0x0x7ff6a799a75d]
	GetHandleVerifier [0x0x7ff6a7b4d2b3+226019]
	GetHandleVerifier [0x0x7ff6a7b3c481+156849]
	GetHandleVerifier [0x0x7ff6a7b44979+190889]
	GetHandleVerifier [0x0x7ff6a7b29bb4+80868]
	GetHandleVerifier [0x0x7ff6a7b29d03+81203]
	GetHandleVerifier [0x0x7ff6a7b18286+8886]
	BaseThreadInitThunk [0x0x7ff98cdee8d7+23]
	RtlUserThreadStart [0x0x7ff98e38c53c+44]

[2025-12-03T12:12:13.472536] SCRAPER ratings fetch page 40 offset 780 failed (attempt 3/5): Message: no such window: target window already closed
from unknown error: web view not found
  (Session info: MicrosoftEdge=142.0.3595.94)
Stacktrace:
	GetHandleVerifier [0x0x7ff6a7b22a75+51877]
	GetHandleVerifier [0x0x7ff6a7b22ad4+51972]
	GetHandleVerifier [0x0x7ff6a7cd9425+1848405]
	(No symbol) [0x0x7ff6a7870e5f]
	(No symbol) [0x0x7ff6a79074ec]
	(No symbol) [0x0x7ff6a791ed0a]
	(No symbol) [0x0x7ff6a7901df3]
	(No symbol) [0x0x7ff6a78d5b36]
	(No symbol) [0x0x7ff6a78d4d80]
	(No symbol) [0x0x7ff6a78d5973]
	(No symbol) [0x0x7ff6a799e4a5]
	(No symbol) [0x0x7ff6a799a75d]
	GetHandleVerifier [0x0x7ff6a7b4d2b3+226019]
	GetHandleVerifier [0x0x7ff6a7b3c481+156849]
	GetHandleVerifier [0x0x7ff6a7b44979+190889]
	GetHandleVerifier [0x0x7ff6a7b29bb4+80868]
	GetHandleVerifier [0x0x7ff6a7b29d03+81203]
	GetHandleVerifier [0x0x7ff6a7b18286+8886]
	BaseThreadInitThunk [0x0x7ff98cdee8d7+23]
	RtlUserThreadStart [0x0x7ff98e38c53c+44]

[2025-12-03T12:12:13.599156] SCRAPER ratings fetch page 40 offset 780 failed (attempt 3/5): Message: no such window: target window already closed
from unknown error: web view not found
  (Session info: MicrosoftEdge=142.0.3595.94)
Stacktrace:
	GetHandleVerifier [0x0x7ff6a7b22a75+51877]
	GetHandleVerifier [0x0x7ff6a7b22ad4+51972]
	GetHandleVerifier [0x0x7ff6a7cd9425+1848405]
	(No symbol) [0x0x7ff6a7870e5f]
	(No symbol) [0x0x7ff6a79074ec]
	(No symbol) [0x0x7ff6a791ed0a]
	(No symbol) [0x0x7ff6a7901df3]
	(No symbol) [0x0x7ff6a78d5b36]
	(No symbol) [0x0x7ff6a78d4d80]
	(No symbol) [0x0x7ff6a78d5973]
	(No symbol) [0x0x7ff6a799e4a5]
	(No symbol) [0x0x7ff6a799a75d]
	GetHandleVerifier [0x0x7ff6a7b4d2b3+226019]
	GetHandleVerifier [0x0x7ff6a7b3c481+156849]
	GetHandleVerifier [0x0x7ff6a7b44979+190889]
	GetHandleVerifier [0x0x7ff6a7b29bb4+80868]
	GetHandleVerifier [0x0x7ff6a7b29d03+81203]
	GetHandleVerifier [0x0x7ff6a7b18286+8886]
	BaseThreadInitThunk [0x0x7ff98cdee8d7+23]
	RtlUserThreadStart [0x0x7ff98e38c53c+44]

[2025-12-03T12:12:17.485569] SCRAPER ratings fetch page 40 offset 780 failed (attempt 4/5): Message: no such window: target window already closed
from unknown error: web view not found
  (Session info: MicrosoftEdge=142.0.3595.94)
Stacktrace:
	GetHandleVerifier [0x0x7ff6a7b22a75+51877]
	GetHandleVerifier [0x0x7ff6a7b22ad4+51972]
	GetHandleVerifier [0x0x7ff6a7cd9425+1848405]
	(No symbol) [0x0x7ff6a7870e5f]
	(No symbol) [0x0x7ff6a79074ec]
	(No symbol) [0x0x7ff6a791ed0a]
	(No symbol) [0x0x7ff6a7901df3]
	(No symbol) [0x0x7ff6a78d5b36]
	(No symbol) [0x0x7ff6a78d4d80]
	(No symbol) [0x0x7ff6a78d5973]
	(No symbol) [0x0x7ff6a799e4a5]
	(No symbol) [0x0x7ff6a799a75d]
	GetHandleVerifier [0x0x7ff6a7b4d2b3+226019]
	GetHandleVerifier [0x0x7ff6a7b3c481+156849]
	GetHandleVerifier [0x0x7ff6a7b44979+190889]
	GetHandleVerifier [0x0x7ff6a7b29bb4+80868]
	GetHandleVerifier [0x0x7ff6a7b29d03+81203]
	GetHandleVerifier [0x0x7ff6a7b18286+8886]
	BaseThreadInitThunk [0x0x7ff98cdee8d7+23]
	RtlUserThreadStart [0x0x7ff98e38c53c+44]

[2025-12-03T12:12:17.612344] SCRAPER ratings fetch page 40 offset 780 failed (attempt 4/5): Message: no such window: target window already closed
from unknown error: web view not found
  (Session info: MicrosoftEdge=142.0.3595.94)
Stacktrace:
	GetHandleVerifier [0x0x7ff6a7b22a75+51877]
	GetHandleVerifier [0x0x7ff6a7b22ad4+51972]
	GetHandleVerifier [0x0x7ff6a7cd9425+1848405]
	(No symbol) [0x0x7ff6a7870e5f]
	(No symbol) [0x0x7ff6a79074ec]
	(No symbol) [0x0x7ff6a791ed0a]
	(No symbol) [0x0x7ff6a7901df3]
	(No symbol) [0x0x7ff6a78d5b36]
	(No symbol) [0x0x7ff6a78d4d80]
	(No symbol) [0x0x7ff6a78d5973]
	(No symbol) [0x0x7ff6a799e4a5]
	(No symbol) [0x0x7ff6a799a75d]
	GetHandleVerifier [0x0x7ff6a7b4d2b3+226019]
	GetHandleVerifier [0x0x7ff6a7b3c481+156849]
	GetHandleVerifier [0x0x7ff6a7b44979+190889]
	GetHandleVerifier [0x0x7ff6a7b29bb4+80868]
	GetHandleVerifier [0x0x7ff6a7b29d03+81203]
	GetHandleVerifier [0x0x7ff6a7b18286+8886]
	BaseThreadInitThunk [0x0x7ff98cdee8d7+23]
	RtlUserThreadStart [0x0x7ff98e38c53c+44]

[2025-12-03T12:12:22.504517] SCRAPER ratings fetch page 40 offset 780 failed (attempt 5/5): Message: no such window: target window already closed
from unknown error: web view not found
  (Session info: MicrosoftEdge=142.0.3595.94)
Stacktrace:
	GetHandleVerifier [0x0x7ff6a7b22a75+51877]
	GetHandleVerifier [0x0x7ff6a7b22ad4+51972]
	GetHandleVerifier [0x0x7ff6a7cd9425+1848405]
	(No symbol) [0x0x7ff6a7870e5f]
	(No symbol) [0x0x7ff6a79074ec]
	(No symbol) [0x0x7ff6a791ed0a]
	(No symbol) [0x0x7ff6a7901df3]
	(No symbol) [0x0x7ff6a78d5b36]
	(No symbol) [0x0x7ff6a78d4d80]
	(No symbol) [0x0x7ff6a78d5973]
	(No symbol) [0x0x7ff6a799e4a5]
	(No symbol) [0x0x7ff6a799a75d]
	GetHandleVerifier [0x0x7ff6a7b4d2b3+226019]
	GetHandleVerifier [0x0x7ff6a7b3c481+156849]
	GetHandleVerifier [0x0x7ff6a7b44979+190889]
	GetHandleVerifier [0x0x7ff6a7b29bb4+80868]
	GetHandleVerifier [0x0x7ff6a7b29d03+81203]
	GetHandleVerifier [0x0x7ff6a7b18286+8886]
	BaseThreadInitThunk [0x0x7ff98cdee8d7+23]
	RtlUserThreadStart [0x0x7ff98e38c53c+44]

[2025-12-03T12:12:22.627053] SCRAPER ratings fetch page 40 offset 780 failed (attempt 5/5): Message: no such window: target window already closed
from unknown error: web view not found
  (Session info: MicrosoftEdge=142.0.3595.94)
Stacktrace:
	GetHandleVerifier [0x0x7ff6a7b22a75+51877]
	GetHandleVerifier [0x0x7ff6a7b22ad4+51972]
	GetHandleVerifier [0x0x7ff6a7cd9425+1848405]
	(No symbol) [0x0x7ff6a7870e5f]
	(No symbol) [0x0x7ff6a79074ec]
	(No symbol) [0x0x7ff6a791ed0a]
	(No symbol) [0x0x7ff6a7901df3]
	(No symbol) [0x0x7ff6a78d5b36]
	(No symbol) [0x0x7ff6a78d4d80]
	(No symbol) [0x0x7ff6a78d5973]
	(No symbol) [0x0x7ff6a799e4a5]
	(No symbol) [0x0x7ff6a799a75d]
	GetHandleVerifier [0x0x7ff6a7b4d2b3+226019]
	GetHandleVerifier [0x0x7ff6a7b3c481+156849]
	GetHandleVerifier [0x0x7ff6a7b44979+190889]
	GetHandleVerifier [0x0x7ff6a7b29bb4+80868]
	GetHandleVerifier [0x0x7ff6a7b29d03+81203]
	GetHandleVerifier [0x0x7ff6a7b18286+8886]
	BaseThreadInitThunk [0x0x7ff98cdee8d7+23]
	RtlUserThreadStart [0x0x7ff98e38c53c+44]

[2025-12-03T12:12:24.018080] SCRAPER ratings fetch page 11 offset 200 failed (attempt 1/5): HTTPConnectionPool(host='localhost', port=51982): Max retries exceeded with url: /session/eb4fe145f7c374b8145393fd9d40e526/execute/sync (Caused by NewConnectionError('<urllib3.connection.HTTPConnection object at 0x000001E0B7934430>: Failed to establish a new connection: [WinError 10061] No connection could be made because the target machine actively refused it'))
[2025-12-03T12:12:27.505705] SCRAPER skip page 40 after 5 failures; lanjut halaman berikutnya
[2025-12-03T12:12:27.507934] SCRAPER ratings fetch page 41 offset 800 failed (attempt 1/5): Message: no such window: target window already closed
from unknown error: web view not found
  (Session info: MicrosoftEdge=142.0.3595.94)
Stacktrace:
	GetHandleVerifier [0x0x7ff6a7b22a75+51877]
	GetHandleVerifier [0x0x7ff6a7b22ad4+51972]
	GetHandleVerifier [0x0x7ff6a7cd9425+1848405]
	(No symbol) [0x0x7ff6a7870e5f]
	(No symbol) [0x0x7ff6a79074ec]
	(No symbol) [0x0x7ff6a791ed0a]
	(No symbol) [0x0x7ff6a7901df3]
	(No symbol) [0x0x7ff6a78d5b36]
	(No symbol) [0x0x7ff6a78d4d80]
	(No symbol) [0x0x7ff6a78d5973]
	(No symbol) [0x0x7ff6a799e4a5]
	(No symbol) [0x0x7ff6a799a75d]
	GetHandleVerifier [0x0x7ff6a7b4d2b3+226019]
	GetHandleVerifier [0x0x7ff6a7b3c481+156849]
	GetHandleVerifier [0x0x7ff6a7b44979+190889]
	GetHandleVerifier [0x0x7ff6a7b29bb4+80868]
	GetHandleVerifier [0x0x7ff6a7b29d03+81203]
	GetHandleVerifier [0x0x7ff6a7b18286+8886]
	BaseThreadInitThunk [0x0x7ff98cdee8d7+23]
	RtlUserThreadStart [0x0x7ff98e38c53c+44]

[2025-12-03T12:12:27.631829] SCRAPER skip page 40 after 5 failures; lanjut halaman berikutnya
[2025-12-03T12:12:27.634699] SCRAPER ratings fetch page 41 offset 800 failed (attempt 1/5): Message: no such window: target window already closed
from unknown error: web view not found
  (Session info: MicrosoftEdge=142.0.3595.94)
Stacktrace:
	GetHandleVerifier [0x0x7ff6a7b22a75+51877]
	GetHandleVerifier [0x0x7ff6a7b22ad4+51972]
	GetHandleVerifier [0x0x7ff6a7cd9425+1848405]
	(No symbol) [0x0x7ff6a7870e5f]
	(No symbol) [0x0x7ff6a79074ec]
	(No symbol) [0x0x7ff6a791ed0a]
	(No symbol) [0x0x7ff6a7901df3]
	(No symbol) [0x0x7ff6a78d5b36]
	(No symbol) [0x0x7ff6a78d4d80]
	(No symbol) [0x0x7ff6a78d5973]
	(No symbol) [0x0x7ff6a799e4a5]
	(No symbol) [0x0x7ff6a799a75d]
	GetHandleVerifier [0x0x7ff6a7b4d2b3+226019]
	GetHandleVerifier [0x0x7ff6a7b3c481+156849]
	GetHandleVerifier [0x0x7ff6a7b44979+190889]
	GetHandleVerifier [0x0x7ff6a7b29bb4+80868]
	GetHandleVerifier [0x0x7ff6a7b29d03+81203]
	GetHandleVerifier [0x0x7ff6a7b18286+8886]
	BaseThreadInitThunk [0x0x7ff98cdee8d7+23]
	RtlUserThreadStart [0x0x7ff98e38c53c+44]

[2025-12-03T12:12:29.522169] SCRAPER ratings fetch page 41 offset 800 failed (attempt 2/5): Message: no such window: target window already closed
from unknown error: web view not found
  (Session info: MicrosoftEdge=142.0.3595.94)
Stacktrace:
	GetHandleVerifier [0x0x7ff6a7b22a75+51877]
	GetHandleVerifier [0x0x7ff6a7b22ad4+51972]
	GetHandleVerifier [0x0x7ff6a7cd9425+1848405]
	(No symbol) [0x0x7ff6a7870e5f]
	(No symbol) [0x0x7ff6a79074ec]
	(No symbol) [0x0x7ff6a791ed0a]
	(No symbol) [0x0x7ff6a7901df3]
	(No symbol) [0x0x7ff6a78d5b36]
	(No symbol) [0x0x7ff6a78d4d80]
	(No symbol) [0x0x7ff6a78d5973]
	(No symbol) [0x0x7ff6a799e4a5]
	(No symbol) [0x0x7ff6a799a75d]
	GetHandleVerifier [0x0x7ff6a7b4d2b3+226019]
	GetHandleVerifier [0x0x7ff6a7b3c481+156849]
	GetHandleVerifier [0x0x7ff6a7b44979+190889]
	GetHandleVerifier [0x0x7ff6a7b29bb4+80868]
	GetHandleVerifier [0x0x7ff6a7b29d03+81203]
	GetHandleVerifier [0x0x7ff6a7b18286+8886]
	BaseThreadInitThunk [0x0x7ff98cdee8d7+23]
	RtlUserThreadStart [0x0x7ff98e38c53c+44]

[2025-12-03T12:12:29.645894] SCRAPER ratings fetch page 41 offset 800 failed (attempt 2/5): Message: no such window: target window already closed
from unknown error: web view not found
  (Session info: MicrosoftEdge=142.0.3595.94)
Stacktrace:
	GetHandleVerifier [0x0x7ff6a7b22a75+51877]
	GetHandleVerifier [0x0x7ff6a7b22ad4+51972]
	GetHandleVerifier [0x0x7ff6a7cd9425+1848405]
	(No symbol) [0x0x7ff6a7870e5f]
	(No symbol) [0x0x7ff6a79074ec]
	(No symbol) [0x0x7ff6a791ed0a]
	(No symbol) [0x0x7ff6a7901df3]
	(No symbol) [0x0x7ff6a78d5b36]
	(No symbol) [0x0x7ff6a78d4d80]
	(No symbol) [0x0x7ff6a78d5973]
	(No symbol) [0x0x7ff6a799e4a5]
	(No symbol) [0x0x7ff6a799a75d]
	GetHandleVerifier [0x0x7ff6a7b4d2b3+226019]
	GetHandleVerifier [0x0x7ff6a7b3c481+156849]
	GetHandleVerifier [0x0x7ff6a7b44979+190889]
	GetHandleVerifier [0x0x7ff6a7b29bb4+80868]
	GetHandleVerifier [0x0x7ff6a7b29d03+81203]
	GetHandleVerifier [0x0x7ff6a7b18286+8886]
	BaseThreadInitThunk [0x0x7ff98cdee8d7+23]
	RtlUserThreadStart [0x0x7ff98e38c53c+44]

[2025-12-03T12:12:32.532718] SCRAPER ratings fetch page 41 offset 800 failed (attempt 3/5): Message: no such window: target window already closed
from unknown error: web view not found
  (Session info: MicrosoftEdge=142.0.3595.94)
Stacktrace:
	GetHandleVerifier [0x0x7ff6a7b22a75+51877]
	GetHandleVerifier [0x0x7ff6a7b22ad4+51972]
	GetHandleVerifier [0x0x7ff6a7cd9425+1848405]
	(No symbol) [0x0x7ff6a7870e5f]
	(No symbol) [0x0x7ff6a79074ec]
	(No symbol) [0x0x7ff6a791ed0a]
	(No symbol) [0x0x7ff6a7901df3]
	(No symbol) [0x0x7ff6a78d5b36]
	(No symbol) [0x0x7ff6a78d4d80]
	(No symbol) [0x0x7ff6a78d5973]
	(No symbol) [0x0x7ff6a799e4a5]
	(No symbol) [0x0x7ff6a799a75d]
	GetHandleVerifier [0x0x7ff6a7b4d2b3+226019]
	GetHandleVerifier [0x0x7ff6a7b3c481+156849]
	GetHandleVerifier [0x0x7ff6a7b44979+190889]
	GetHandleVerifier [0x0x7ff6a7b29bb4+80868]
	GetHandleVerifier [0x0x7ff6a7b29d03+81203]
	GetHandleVerifier [0x0x7ff6a7b18286+8886]
	BaseThreadInitThunk [0x0x7ff98cdee8d7+23]
	RtlUserThreadStart [0x0x7ff98e38c53c+44]

[2025-12-03T12:12:32.656649] SCRAPER ratings fetch page 41 offset 800 failed (attempt 3/5): Message: no such window: target window already closed
from unknown error: web view not found
  (Session info: MicrosoftEdge=142.0.3595.94)
Stacktrace:
	GetHandleVerifier [0x0x7ff6a7b22a75+51877]
	GetHandleVerifier [0x0x7ff6a7b22ad4+51972]
	GetHandleVerifier [0x0x7ff6a7cd9425+1848405]
	(No symbol) [0x0x7ff6a7870e5f]
	(No symbol) [0x0x7ff6a79074ec]
	(No symbol) [0x0x7ff6a791ed0a]
	(No symbol) [0x0x7ff6a7901df3]
	(No symbol) [0x0x7ff6a78d5b36]
	(No symbol) [0x0x7ff6a78d4d80]
	(No symbol) [0x0x7ff6a78d5973]
	(No symbol) [0x0x7ff6a799e4a5]
	(No symbol) [0x0x7ff6a799a75d]
	GetHandleVerifier [0x0x7ff6a7b4d2b3+226019]
	GetHandleVerifier [0x0x7ff6a7b3c481+156849]
	GetHandleVerifier [0x0x7ff6a7b44979+190889]
	GetHandleVerifier [0x0x7ff6a7b29bb4+80868]
	GetHandleVerifier [0x0x7ff6a7b29d03+81203]
	GetHandleVerifier [0x0x7ff6a7b18286+8886]
	BaseThreadInitThunk [0x0x7ff98cdee8d7+23]
	RtlUserThreadStart [0x0x7ff98e38c53c+44]

[2025-12-03T12:12:36.547759] SCRAPER ratings fetch page 41 offset 800 failed (attempt 4/5): Message: no such window: target window already closed
from unknown error: web view not found
  (Session info: MicrosoftEdge=142.0.3595.94)
Stacktrace:
	GetHandleVerifier [0x0x7ff6a7b22a75+51877]
	GetHandleVerifier [0x0x7ff6a7b22ad4+51972]
	GetHandleVerifier [0x0x7ff6a7cd9425+1848405]
	(No symbol) [0x0x7ff6a7870e5f]
	(No symbol) [0x0x7ff6a79074ec]
	(No symbol) [0x0x7ff6a791ed0a]
	(No symbol) [0x0x7ff6a7901df3]
	(No symbol) [0x0x7ff6a78d5b36]
	(No symbol) [0x0x7ff6a78d4d80]
	(No symbol) [0x0x7ff6a78d5973]
	(No symbol) [0x0x7ff6a799e4a5]
	(No symbol) [0x0x7ff6a799a75d]
	GetHandleVerifier [0x0x7ff6a7b4d2b3+226019]
	GetHandleVerifier [0x0x7ff6a7b3c481+156849]
	GetHandleVerifier [0x0x7ff6a7b44979+190889]
	GetHandleVerifier [0x0x7ff6a7b29bb4+80868]
	GetHandleVerifier [0x0x7ff6a7b29d03+81203]
	GetHandleVerifier [0x0x7ff6a7b18286+8886]
	BaseThreadInitThunk [0x0x7ff98cdee8d7+23]
	RtlUserThreadStart [0x0x7ff98e38c53c+44]

[2025-12-03T12:12:36.672704] SCRAPER ratings fetch page 41 offset 800 failed (attempt 4/5): Message: no such window: target window already closed
from unknown error: web view not found
  (Session info: MicrosoftEdge=142.0.3595.94)
Stacktrace:
	GetHandleVerifier [0x0x7ff6a7b22a75+51877]
	GetHandleVerifier [0x0x7ff6a7b22ad4+51972]
	GetHandleVerifier [0x0x7ff6a7cd9425+1848405]
	(No symbol) [0x0x7ff6a7870e5f]
	(No symbol) [0x0x7ff6a79074ec]
	(No symbol) [0x0x7ff6a791ed0a]
	(No symbol) [0x0x7ff6a7901df3]
	(No symbol) [0x0x7ff6a78d5b36]
	(No symbol) [0x0x7ff6a78d4d80]
	(No symbol) [0x0x7ff6a78d5973]
	(No symbol) [0x0x7ff6a799e4a5]
	(No symbol) [0x0x7ff6a799a75d]
	GetHandleVerifier [0x0x7ff6a7b4d2b3+226019]
	GetHandleVerifier [0x0x7ff6a7b3c481+156849]
	GetHandleVerifier [0x0x7ff6a7b44979+190889]
	GetHandleVerifier [0x0x7ff6a7b29bb4+80868]
	GetHandleVerifier [0x0x7ff6a7b29d03+81203]
	GetHandleVerifier [0x0x7ff6a7b18286+8886]
	BaseThreadInitThunk [0x0x7ff98cdee8d7+23]
	RtlUserThreadStart [0x0x7ff98e38c53c+44]

