[2025-11-19T12:35:03.311095] START job for link: https://shopee.co.id/Samsung-Galaxy-S24-Series-S24-Ultra-S24-Basic-S24-FE-Smart-AI-Kamera-200MP-i.1101386382.23860528324
[2025-11-19T12:35:03.315530] FORCE SCRAPE: cleared previous review dir
[2025-11-19T12:35:03.318538] SCRAPER using user profile: user-data=C:\Users\Acer\AppData\Local\Microsoft\Edge\User Data profile=Profile 8
[2025-11-19T12:35:18.743416] SCRAPER injected 27 cookies from cookies.json into session
[2025-11-19T12:35:23.837150] SCRAPER product tab detected; proceeding
[2025-11-19T12:35:23.838862] SCRAPER fetch product data
[2025-11-19T12:35:28.875212] SCRAPER fetch comments
[2025-11-19T12:35:29.132730] SCRAPER ratings fetch page 1 offset 0 failed (attempt 1/5): empty ratings
[2025-11-19T12:35:31.794342] SCRAPER ratings fetch page 1 offset 0 failed (attempt 2/5): empty ratings
[2025-11-19T12:35:35.045029] SCRAPER ratings fetch page 1 offset 0 failed (attempt 3/5): empty ratings
[2025-11-19T12:35:39.226169] SCRAPER ratings fetch page 1 offset 0 failed (attempt 4/5): empty ratings
[2025-11-19T12:35:44.450346] SCRAPER ratings fetch page 1 offset 0 failed (attempt 5/5): empty ratings
[2025-11-19T12:35:49.464042] SCRAPER skip page 1 after 5 failures; lanjut halaman berikutnya
[2025-11-19T12:35:49.632642] SCRAPER ratings fetch page 2 offset 20 failed (attempt 1/5): empty ratings
[2025-11-19T12:35:51.646873] SCRAPER ratings fetch page 2 offset 20 failed (attempt 2/5): empty ratings
[2025-11-19T12:35:54.654491] SCRAPER ratings fetch page 2 offset 20 failed (attempt 3/5): Message: no such window: target window already closed
from unknown error: web view not found
  (Session info: MicrosoftEdge=142.0.3595.80)
Stacktrace:
	GetHandleVerifier [0x0x7ff7abd52a75+51877]
	GetHandleVerifier [0x0x7ff7abd52ad4+51972]
	GetHandleVerifier [0x0x7ff7abf09425+1848405]
	(No symbol) [0x0x7ff7abaa0e5f]
	(No symbol) [0x0x7ff7abb374ec]
	(No symbol) [0x0x7ff7abb4ed0a]
	(No symbol) [0x0x7ff7abb31df3]
	(No symbol) [0x0x7ff7abb05b36]
	(No symbol) [0x0x7ff7abb04d80]
	(No symbol) [0x0x7ff7abb05973]
	(No symbol) [0x0x7ff7abbce4a5]
	(No symbol) [0x0x7ff7abbca75d]
	GetHandleVerifier [0x0x7ff7abd7d2b3+226019]
	GetHandleVerifier [0x0x7ff7abd6c481+156849]
	GetHandleVerifier [0x0x7ff7abd74979+190889]
	GetHandleVerifier [0x0x7ff7abd59bb4+80868]
	GetHandleVerifier [0x0x7ff7abd59d03+81203]
	GetHandleVerifier [0x0x7ff7abd48286+8886]
	BaseThreadInitThunk [0x0x7ff9c9b0e8d7+23]
	RtlUserThreadStart [0x0x7ff9cb08c53c+44]

[2025-11-19T12:35:58.663394] SCRAPER ratings fetch page 2 offset 20 failed (attempt 4/5): Message: no such window: target window already closed
from unknown error: web view not found
  (Session info: MicrosoftEdge=142.0.3595.80)
Stacktrace:
	GetHandleVerifier [0x0x7ff7abd52a75+51877]
	GetHandleVerifier [0x0x7ff7abd52ad4+51972]
	GetHandleVerifier [0x0x7ff7abf09425+1848405]
	(No symbol) [0x0x7ff7abaa0e5f]
	(No symbol) [0x0x7ff7abb374ec]
	(No symbol) [0x0x7ff7abb4ed0a]
	(No symbol) [0x0x7ff7abb31df3]
	(No symbol) [0x0x7ff7abb05b36]
	(No symbol) [0x0x7ff7abb04d80]
	(No symbol) [0x0x7ff7abb05973]
	(No symbol) [0x0x7ff7abbce4a5]
	(No symbol) [0x0x7ff7abbca75d]
	GetHandleVerifier [0x0x7ff7abd7d2b3+226019]
	GetHandleVerifier [0x0x7ff7abd6c481+156849]
	GetHandleVerifier [0x0x7ff7abd74979+190889]
	GetHandleVerifier [0x0x7ff7abd59bb4+80868]
	GetHandleVerifier [0x0x7ff7abd59d03+81203]
	GetHandleVerifier [0x0x7ff7abd48286+8886]
	BaseThreadInitThunk [0x0x7ff9c9b0e8d7+23]
	RtlUserThreadStart [0x0x7ff9cb08c53c+44]

[2025-11-19T12:36:03.675766] SCRAPER ratings fetch page 2 offset 20 failed (attempt 5/5): Message: no such window: target window already closed
from unknown error: web view not found
  (Session info: MicrosoftEdge=142.0.3595.80)
Stacktrace:
	GetHandleVerifier [0x0x7ff7abd52a75+51877]
	GetHandleVerifier [0x0x7ff7abd52ad4+51972]
	GetHandleVerifier [0x0x7ff7abf09425+1848405]
	(No symbol) [0x0x7ff7abaa0e5f]
	(No symbol) [0x0x7ff7abb374ec]
	(No symbol) [0x0x7ff7abb4ed0a]
	(No symbol) [0x0x7ff7abb31df3]
	(No symbol) [0x0x7ff7abb05b36]
	(No symbol) [0x0x7ff7abb04d80]
	(No symbol) [0x0x7ff7abb05973]
	(No symbol) [0x0x7ff7abbce4a5]
	(No symbol) [0x0x7ff7abbca75d]
	GetHandleVerifier [0x0x7ff7abd7d2b3+226019]
	GetHandleVerifier [0x0x7ff7abd6c481+156849]
	GetHandleVerifier [0x0x7ff7abd74979+190889]
	GetHandleVerifier [0x0x7ff7abd59bb4+80868]
	GetHandleVerifier [0x0x7ff7abd59d03+81203]
	GetHandleVerifier [0x0x7ff7abd48286+8886]
	BaseThreadInitThunk [0x0x7ff9c9b0e8d7+23]
	RtlUserThreadStart [0x0x7ff9cb08c53c+44]

[2025-11-19T12:36:08.689823] SCRAPER skip page 2 after 5 failures; lanjut halaman berikutnya
[2025-11-19T12:36:08.691685] SCRAPER ratings fetch page 3 offset 40 failed (attempt 1/5): Message: no such window: target window already closed
from unknown error: web view not found
  (Session info: MicrosoftEdge=142.0.3595.80)
Stacktrace:
	GetHandleVerifier [0x0x7ff7abd52a75+51877]
	GetHandleVerifier [0x0x7ff7abd52ad4+51972]
	GetHandleVerifier [0x0x7ff7abf09425+1848405]
	(No symbol) [0x0x7ff7abaa0e5f]
	(No symbol) [0x0x7ff7abb374ec]
	(No symbol) [0x0x7ff7abb4ed0a]
	(No symbol) [0x0x7ff7abb31df3]
	(No symbol) [0x0x7ff7abb05b36]
	(No symbol) [0x0x7ff7abb04d80]
	(No symbol) [0x0x7ff7abb05973]
	(No symbol) [0x0x7ff7abbce4a5]
	(No symbol) [0x0x7ff7abbca75d]
	GetHandleVerifier [0x0x7ff7abd7d2b3+226019]
	GetHandleVerifier [0x0x7ff7abd6c481+156849]
	GetHandleVerifier [0x0x7ff7abd74979+190889]
	GetHandleVerifier [0x0x7ff7abd59bb4+80868]
	GetHandleVerifier [0x0x7ff7abd59d03+81203]
	GetHandleVerifier [0x0x7ff7abd48286+8886]
	BaseThreadInitThunk [0x0x7ff9c9b0e8d7+23]
	RtlUserThreadStart [0x0x7ff9cb08c53c+44]

[2025-11-19T12:36:10.707328] SCRAPER ratings fetch page 3 offset 40 failed (attempt 2/5): Message: no such window: target window already closed
from unknown error: web view not found
  (Session info: MicrosoftEdge=142.0.3595.80)
Stacktrace:
	GetHandleVerifier [0x0x7ff7abd52a75+51877]
	GetHandleVerifier [0x0x7ff7abd52ad4+51972]
	GetHandleVerifier [0x0x7ff7abf09425+1848405]
	(No symbol) [0x0x7ff7abaa0e5f]
	(No symbol) [0x0x7ff7abb374ec]
	(No symbol) [0x0x7ff7abb4ed0a]
	(No symbol) [0x0x7ff7abb31df3]
	(No symbol) [0x0x7ff7abb05b36]
	(No symbol) [0x0x7ff7abb04d80]
	(No symbol) [0x0x7ff7abb05973]
	(No symbol) [0x0x7ff7abbce4a5]
	(No symbol) [0x0x7ff7abbca75d]
	GetHandleVerifier [0x0x7ff7abd7d2b3+226019]
	GetHandleVerifier [0x0x7ff7abd6c481+156849]
	GetHandleVerifier [0x0x7ff7abd74979+190889]
	GetHandleVerifier [0x0x7ff7abd59bb4+80868]
	GetHandleVerifier [0x0x7ff7abd59d03+81203]
	GetHandleVerifier [0x0x7ff7abd48286+8886]
	BaseThreadInitThunk [0x0x7ff9c9b0e8d7+23]
	RtlUserThreadStart [0x0x7ff9cb08c53c+44]

[2025-11-19T12:36:13.717836] SCRAPER ratings fetch page 3 offset 40 failed (attempt 3/5): Message: no such window: target window already closed
from unknown error: web view not found
  (Session info: MicrosoftEdge=142.0.3595.80)
Stacktrace:
	GetHandleVerifier [0x0x7ff7abd52a75+51877]
	GetHandleVerifier [0x0x7ff7abd52ad4+51972]
	GetHandleVerifier [0x0x7ff7abf09425+1848405]
	(No symbol) [0x0x7ff7abaa0e5f]
	(No symbol) [0x0x7ff7abb374ec]
	(No symbol) [0x0x7ff7abb4ed0a]
	(No symbol) [0x0x7ff7abb31df3]
	(No symbol) [0x0x7ff7abb05b36]
	(No symbol) [0x0x7ff7abb04d80]
	(No symbol) [0x0x7ff7abb05973]
	(No symbol) [0x0x7ff7abbce4a5]
	(No symbol) [0x0x7ff7abbca75d]
	GetHandleVerifier [0x0x7ff7abd7d2b3+226019]
	GetHandleVerifier [0x0x7ff7abd6c481+156849]
	GetHandleVerifier [0x0x7ff7abd74979+190889]
	GetHandleVerifier [0x0x7ff7abd59bb4+80868]
	GetHandleVerifier [0x0x7ff7abd59d03+81203]
	GetHandleVerifier [0x0x7ff7abd48286+8886]
	BaseThreadInitThunk [0x0x7ff9c9b0e8d7+23]
	RtlUserThreadStart [0x0x7ff9cb08c53c+44]

[2025-11-19T12:36:17.734325] SCRAPER ratings fetch page 3 offset 40 failed (attempt 4/5): Message: no such window: target window already closed
from unknown error: web view not found
  (Session info: MicrosoftEdge=142.0.3595.80)
Stacktrace:
	GetHandleVerifier [0x0x7ff7abd52a75+51877]
	GetHandleVerifier [0x0x7ff7abd52ad4+51972]
	GetHandleVerifier [0x0x7ff7abf09425+1848405]
	(No symbol) [0x0x7ff7abaa0e5f]
	(No symbol) [0x0x7ff7abb374ec]
	(No symbol) [0x0x7ff7abb4ed0a]
	(No symbol) [0x0x7ff7abb31df3]
	(No symbol) [0x0x7ff7abb05b36]
	(No symbol) [0x0x7ff7abb04d80]
	(No symbol) [0x0x7ff7abb05973]
	(No symbol) [0x0x7ff7abbce4a5]
	(No symbol) [0x0x7ff7abbca75d]
	GetHandleVerifier [0x0x7ff7abd7d2b3+226019]
	GetHandleVerifier [0x0x7ff7abd6c481+156849]
	GetHandleVerifier [0x0x7ff7abd74979+190889]
	GetHandleVerifier [0x0x7ff7abd59bb4+80868]
	GetHandleVerifier [0x0x7ff7abd59d03+81203]
	GetHandleVerifier [0x0x7ff7abd48286+8886]
	BaseThreadInitThunk [0x0x7ff9c9b0e8d7+23]
	RtlUserThreadStart [0x0x7ff9cb08c53c+44]

[2025-11-19T12:36:22.737169] SCRAPER ratings fetch page 3 offset 40 failed (attempt 5/5): Message: no such window: target window already closed
from unknown error: web view not found
  (Session info: MicrosoftEdge=142.0.3595.80)
Stacktrace:
	GetHandleVerifier [0x0x7ff7abd52a75+51877]
	GetHandleVerifier [0x0x7ff7abd52ad4+51972]
	GetHandleVerifier [0x0x7ff7abf09425+1848405]
	(No symbol) [0x0x7ff7abaa0e5f]
	(No symbol) [0x0x7ff7abb374ec]
	(No symbol) [0x0x7ff7abb4ed0a]
	(No symbol) [0x0x7ff7abb31df3]
	(No symbol) [0x0x7ff7abb05b36]
	(No symbol) [0x0x7ff7abb04d80]
	(No symbol) [0x0x7ff7abb05973]
	(No symbol) [0x0x7ff7abbce4a5]
	(No symbol) [0x0x7ff7abbca75d]
	GetHandleVerifier [0x0x7ff7abd7d2b3+226019]
	GetHandleVerifier [0x0x7ff7abd6c481+156849]
	GetHandleVerifier [0x0x7ff7abd74979+190889]
	GetHandleVerifier [0x0x7ff7abd59bb4+80868]
	GetHandleVerifier [0x0x7ff7abd59d03+81203]
	GetHandleVerifier [0x0x7ff7abd48286+8886]
	BaseThreadInitThunk [0x0x7ff9c9b0e8d7+23]
	RtlUserThreadStart [0x0x7ff9cb08c53c+44]

[2025-11-19T12:36:27.747593] SCRAPER skip page 3 after 5 failures; lanjut halaman berikutnya
[2025-11-19T12:36:27.749573] SCRAPER ratings fetch page 4 offset 60 failed (attempt 1/5): Message: no such window: target window already closed
from unknown error: web view not found
  (Session info: MicrosoftEdge=142.0.3595.80)
Stacktrace:
	GetHandleVerifier [0x0x7ff7abd52a75+51877]
	GetHandleVerifier [0x0x7ff7abd52ad4+51972]
	GetHandleVerifier [0x0x7ff7abf09425+1848405]
	(No symbol) [0x0x7ff7abaa0e5f]
	(No symbol) [0x0x7ff7abb374ec]
	(No symbol) [0x0x7ff7abb4ed0a]
	(No symbol) [0x0x7ff7abb31df3]
	(No symbol) [0x0x7ff7abb05b36]
	(No symbol) [0x0x7ff7abb04d80]
	(No symbol) [0x0x7ff7abb05973]
	(No symbol) [0x0x7ff7abbce4a5]
	(No symbol) [0x0x7ff7abbca75d]
	GetHandleVerifier [0x0x7ff7abd7d2b3+226019]
	GetHandleVerifier [0x0x7ff7abd6c481+156849]
	GetHandleVerifier [0x0x7ff7abd74979+190889]
	GetHandleVerifier [0x0x7ff7abd59bb4+80868]
	GetHandleVerifier [0x0x7ff7abd59d03+81203]
	GetHandleVerifier [0x0x7ff7abd48286+8886]
	BaseThreadInitThunk [0x0x7ff9c9b0e8d7+23]
	RtlUserThreadStart [0x0x7ff9cb08c53c+44]

[2025-11-19T12:36:29.766600] SCRAPER ratings fetch page 4 offset 60 failed (attempt 2/5): Message: no such window: target window already closed
from unknown error: web view not found
  (Session info: MicrosoftEdge=142.0.3595.80)
Stacktrace:
	GetHandleVerifier [0x0x7ff7abd52a75+51877]
	GetHandleVerifier [0x0x7ff7abd52ad4+51972]
	GetHandleVerifier [0x0x7ff7abf09425+1848405]
	(No symbol) [0x0x7ff7abaa0e5f]
	(No symbol) [0x0x7ff7abb374ec]
	(No symbol) [0x0x7ff7abb4ed0a]
	(No symbol) [0x0x7ff7abb31df3]
	(No symbol) [0x0x7ff7abb05b36]
	(No symbol) [0x0x7ff7abb04d80]
	(No symbol) [0x0x7ff7abb05973]
	(No symbol) [0x0x7ff7abbce4a5]
	(No symbol) [0x0x7ff7abbca75d]
	GetHandleVerifier [0x0x7ff7abd7d2b3+226019]
	GetHandleVerifier [0x0x7ff7abd6c481+156849]
	GetHandleVerifier [0x0x7ff7abd74979+190889]
	GetHandleVerifier [0x0x7ff7abd59bb4+80868]
	GetHandleVerifier [0x0x7ff7abd59d03+81203]
	GetHandleVerifier [0x0x7ff7abd48286+8886]
	BaseThreadInitThunk [0x0x7ff9c9b0e8d7+23]
	RtlUserThreadStart [0x0x7ff9cb08c53c+44]

[2025-11-19T12:36:32.777014] SCRAPER ratings fetch page 4 offset 60 failed (attempt 3/5): Message: no such window: target window already closed
from unknown error: web view not found
  (Session info: MicrosoftEdge=142.0.3595.80)
Stacktrace:
	GetHandleVerifier [0x0x7ff7abd52a75+51877]
	GetHandleVerifier [0x0x7ff7abd52ad4+51972]
	GetHandleVerifier [0x0x7ff7abf09425+1848405]
	(No symbol) [0x0x7ff7abaa0e5f]
	(No symbol) [0x0x7ff7abb374ec]
	(No symbol) [0x0x7ff7abb4ed0a]
	(No symbol) [0x0x7ff7abb31df3]
	(No symbol) [0x0x7ff7abb05b36]
	(No symbol) [0x0x7ff7abb04d80]
	(No symbol) [0x0x7ff7abb05973]
	(No symbol) [0x0x7ff7abbce4a5]
	(No symbol) [0x0x7ff7abbca75d]
	GetHandleVerifier [0x0x7ff7abd7d2b3+226019]
	GetHandleVerifier [0x0x7ff7abd6c481+156849]
	GetHandleVerifier [0x0x7ff7abd74979+190889]
	GetHandleVerifier [0x0x7ff7abd59bb4+80868]
	GetHandleVerifier [0x0x7ff7abd59d03+81203]
	GetHandleVerifier [0x0x7ff7abd48286+8886]
	BaseThreadInitThunk [0x0x7ff9c9b0e8d7+23]
	RtlUserThreadStart [0x0x7ff9cb08c53c+44]

[2025-11-19T12:36:36.796766] SCRAPER ratings fetch page 4 offset 60 failed (attempt 4/5): Message: no such window: target window already closed
from unknown error: web view not found
  (Session info: MicrosoftEdge=142.0.3595.80)
Stacktrace:
	GetHandleVerifier [0x0x7ff7abd52a75+51877]
	GetHandleVerifier [0x0x7ff7abd52ad4+51972]
	GetHandleVerifier [0x0x7ff7abf09425+1848405]
	(No symbol) [0x0x7ff7abaa0e5f]
	(No symbol) [0x0x7ff7abb374ec]
	(No symbol) [0x0x7ff7abb4ed0a]
	(No symbol) [0x0x7ff7abb31df3]
	(No symbol) [0x0x7ff7abb05b36]
	(No symbol) [0x0x7ff7abb04d80]
	(No symbol) [0x0x7ff7abb05973]
	(No symbol) [0x0x7ff7abbce4a5]
	(No symbol) [0x0x7ff7abbca75d]
	GetHandleVerifier [0x0x7ff7abd7d2b3+226019]
	GetHandleVerifier [0x0x7ff7abd6c481+156849]
	GetHandleVerifier [0x0x7ff7abd74979+190889]
	GetHandleVerifier [0x0x7ff7abd59bb4+80868]
	GetHandleVerifier [0x0x7ff7abd59d03+81203]
	GetHandleVerifier [0x0x7ff7abd48286+8886]
	BaseThreadInitThunk [0x0x7ff9c9b0e8d7+23]
	RtlUserThreadStart [0x0x7ff9cb08c53c+44]

[2025-11-19T12:36:41.798918] SCRAPER ratings fetch page 4 offset 60 failed (attempt 5/5): Message: no such window: target window already closed
from unknown error: web view not found
  (Session info: MicrosoftEdge=142.0.3595.80)
Stacktrace:
	GetHandleVerifier [0x0x7ff7abd52a75+51877]
	GetHandleVerifier [0x0x7ff7abd52ad4+51972]
	GetHandleVerifier [0x0x7ff7abf09425+1848405]
	(No symbol) [0x0x7ff7abaa0e5f]
	(No symbol) [0x0x7ff7abb374ec]
	(No symbol) [0x0x7ff7abb4ed0a]
	(No symbol) [0x0x7ff7abb31df3]
	(No symbol) [0x0x7ff7abb05b36]
	(No symbol) [0x0x7ff7abb04d80]
	(No symbol) [0x0x7ff7abb05973]
	(No symbol) [0x0x7ff7abbce4a5]
	(No symbol) [0x0x7ff7abbca75d]
	GetHandleVerifier [0x0x7ff7abd7d2b3+226019]
	GetHandleVerifier [0x0x7ff7abd6c481+156849]
	GetHandleVerifier [0x0x7ff7abd74979+190889]
	GetHandleVerifier [0x0x7ff7abd59bb4+80868]
	GetHandleVerifier [0x0x7ff7abd59d03+81203]
	GetHandleVerifier [0x0x7ff7abd48286+8886]
	BaseThreadInitThunk [0x0x7ff9c9b0e8d7+23]
	RtlUserThreadStart [0x0x7ff9cb08c53c+44]

[2025-11-19T12:36:45.256019] START job for link: https://shopee.co.id/Samsung-Galaxy-S24-Series-S24-Ultra-S24-Basic-S24-FE-Smart-AI-Kamera-200MP-i.1101386382.23860528324
[2025-11-19T12:36:45.257022] FORCE SCRAPE: cleared previous review dir
[2025-11-19T12:36:45.259024] SCRAPER using user profile: user-data=C:\Users\Acer\AppData\Local\Microsoft\Edge\User Data profile=Profile 8
[2025-11-19T12:36:46.813612] SCRAPER skip page 4 after 5 failures; lanjut halaman berikutnya
[2025-11-19T12:36:46.815612] SCRAPER ratings fetch page 5 offset 80 failed (attempt 1/5): Message: no such window: target window already closed
from unknown error: web view not found
  (Session info: MicrosoftEdge=142.0.3595.80)
Stacktrace:
	GetHandleVerifier [0x0x7ff7abd52a75+51877]
	GetHandleVerifier [0x0x7ff7abd52ad4+51972]
	GetHandleVerifier [0x0x7ff7abf09425+1848405]
	(No symbol) [0x0x7ff7abaa0e5f]
	(No symbol) [0x0x7ff7abb374ec]
	(No symbol) [0x0x7ff7abb4ed0a]
	(No symbol) [0x0x7ff7abb31df3]
	(No symbol) [0x0x7ff7abb05b36]
	(No symbol) [0x0x7ff7abb04d80]
	(No symbol) [0x0x7ff7abb05973]
	(No symbol) [0x0x7ff7abbce4a5]
	(No symbol) [0x0x7ff7abbca75d]
	GetHandleVerifier [0x0x7ff7abd7d2b3+226019]
	GetHandleVerifier [0x0x7ff7abd6c481+156849]
	GetHandleVerifier [0x0x7ff7abd74979+190889]
	GetHandleVerifier [0x0x7ff7abd59bb4+80868]
	GetHandleVerifier [0x0x7ff7abd59d03+81203]
	GetHandleVerifier [0x0x7ff7abd48286+8886]
	BaseThreadInitThunk [0x0x7ff9c9b0e8d7+23]
	RtlUserThreadStart [0x0x7ff9cb08c53c+44]

[2025-11-19T12:36:48.818250] SCRAPER ratings fetch page 5 offset 80 failed (attempt 2/5): Message: no such window: target window already closed
from unknown error: web view not found
  (Session info: MicrosoftEdge=142.0.3595.80)
Stacktrace:
	GetHandleVerifier [0x0x7ff7abd52a75+51877]
	GetHandleVerifier [0x0x7ff7abd52ad4+51972]
	GetHandleVerifier [0x0x7ff7abf09425+1848405]
	(No symbol) [0x0x7ff7abaa0e5f]
	(No symbol) [0x0x7ff7abb374ec]
	(No symbol) [0x0x7ff7abb4ed0a]
	(No symbol) [0x0x7ff7abb31df3]
	(No symbol) [0x0x7ff7abb05b36]
	(No symbol) [0x0x7ff7abb04d80]
	(No symbol) [0x0x7ff7abb05973]
	(No symbol) [0x0x7ff7abbce4a5]
	(No symbol) [0x0x7ff7abbca75d]
	GetHandleVerifier [0x0x7ff7abd7d2b3+226019]
	GetHandleVerifier [0x0x7ff7abd6c481+156849]
	GetHandleVerifier [0x0x7ff7abd74979+190889]
	GetHandleVerifier [0x0x7ff7abd59bb4+80868]
	GetHandleVerifier [0x0x7ff7abd59d03+81203]
	GetHandleVerifier [0x0x7ff7abd48286+8886]
	BaseThreadInitThunk [0x0x7ff9c9b0e8d7+23]
	RtlUserThreadStart [0x0x7ff9cb08c53c+44]

[2025-11-19T12:36:51.828437] SCRAPER ratings fetch page 5 offset 80 failed (attempt 3/5): Message: no such window: target window already closed
from unknown error: web view not found
  (Session info: MicrosoftEdge=142.0.3595.80)
Stacktrace:
	GetHandleVerifier [0x0x7ff7abd52a75+51877]
	GetHandleVerifier [0x0x7ff7abd52ad4+51972]
	GetHandleVerifier [0x0x7ff7abf09425+1848405]
	(No symbol) [0x0x7ff7abaa0e5f]
	(No symbol) [0x0x7ff7abb374ec]
	(No symbol) [0x0x7ff7abb4ed0a]
	(No symbol) [0x0x7ff7abb31df3]
	(No symbol) [0x0x7ff7abb05b36]
	(No symbol) [0x0x7ff7abb04d80]
	(No symbol) [0x0x7ff7abb05973]
	(No symbol) [0x0x7ff7abbce4a5]
	(No symbol) [0x0x7ff7abbca75d]
	GetHandleVerifier [0x0x7ff7abd7d2b3+226019]
	GetHandleVerifier [0x0x7ff7abd6c481+156849]
	GetHandleVerifier [0x0x7ff7abd74979+190889]
	GetHandleVerifier [0x0x7ff7abd59bb4+80868]
	GetHandleVerifier [0x0x7ff7abd59d03+81203]
	GetHandleVerifier [0x0x7ff7abd48286+8886]
	BaseThreadInitThunk [0x0x7ff9c9b0e8d7+23]
	RtlUserThreadStart [0x0x7ff9cb08c53c+44]

[2025-11-19T12:36:51.888122] SCRAPER injected 27 cookies from cookies.json into session
[2025-11-19T12:36:54.113988] SCRAPER product tab detected; proceeding
[2025-11-19T12:36:54.113988] SCRAPER fetch product data
[2025-11-19T12:36:55.844134] SCRAPER ratings fetch page 5 offset 80 failed (attempt 4/5): Message: no such window: target window already closed
from unknown error: web view not found
  (Session info: MicrosoftEdge=142.0.3595.80)
Stacktrace:
	GetHandleVerifier [0x0x7ff7abd52a75+51877]
	GetHandleVerifier [0x0x7ff7abd52ad4+51972]
	GetHandleVerifier [0x0x7ff7abf09425+1848405]
	(No symbol) [0x0x7ff7abaa0e5f]
	(No symbol) [0x0x7ff7abb374ec]
	(No symbol) [0x0x7ff7abb4ed0a]
	(No symbol) [0x0x7ff7abb31df3]
	(No symbol) [0x0x7ff7abb05b36]
	(No symbol) [0x0x7ff7abb04d80]
	(No symbol) [0x0x7ff7abb05973]
	(No symbol) [0x0x7ff7abbce4a5]
	(No symbol) [0x0x7ff7abbca75d]
	GetHandleVerifier [0x0x7ff7abd7d2b3+226019]
	GetHandleVerifier [0x0x7ff7abd6c481+156849]
	GetHandleVerifier [0x0x7ff7abd74979+190889]
	GetHandleVerifier [0x0x7ff7abd59bb4+80868]
	GetHandleVerifier [0x0x7ff7abd59d03+81203]
	GetHandleVerifier [0x0x7ff7abd48286+8886]
	BaseThreadInitThunk [0x0x7ff9c9b0e8d7+23]
	RtlUserThreadStart [0x0x7ff9cb08c53c+44]

[2025-11-19T12:36:56.031596] SCRAPER fetch comments
[2025-11-19T12:36:56.369069] SCRAPER page 1: collected 20/1304
[2025-11-19T12:36:57.607994] SCRAPER page 2: collected 40/1304
[2025-11-19T12:36:58.704433] SCRAPER page 3: collected 60/1304
[2025-11-19T12:36:59.761534] SCRAPER page 4: collected 80/1304
[2025-11-19T12:37:00.849368] SCRAPER ratings fetch page 5 offset 80 failed (attempt 5/5): Message: no such window: target window already closed
from unknown error: web view not found
  (Session info: MicrosoftEdge=142.0.3595.80)
Stacktrace:
	GetHandleVerifier [0x0x7ff7abd52a75+51877]
	GetHandleVerifier [0x0x7ff7abd52ad4+51972]
	GetHandleVerifier [0x0x7ff7abf09425+1848405]
	(No symbol) [0x0x7ff7abaa0e5f]
	(No symbol) [0x0x7ff7abb374ec]
	(No symbol) [0x0x7ff7abb4ed0a]
	(No symbol) [0x0x7ff7abb31df3]
	(No symbol) [0x0x7ff7abb05b36]
	(No symbol) [0x0x7ff7abb04d80]
	(No symbol) [0x0x7ff7abb05973]
	(No symbol) [0x0x7ff7abbce4a5]
	(No symbol) [0x0x7ff7abbca75d]
	GetHandleVerifier [0x0x7ff7abd7d2b3+226019]
	GetHandleVerifier [0x0x7ff7abd6c481+156849]
	GetHandleVerifier [0x0x7ff7abd74979+190889]
	GetHandleVerifier [0x0x7ff7abd59bb4+80868]
	GetHandleVerifier [0x0x7ff7abd59d03+81203]
	GetHandleVerifier [0x0x7ff7abd48286+8886]
	BaseThreadInitThunk [0x0x7ff9c9b0e8d7+23]
	RtlUserThreadStart [0x0x7ff9cb08c53c+44]

[2025-11-19T12:37:01.062763] SCRAPER page 5: collected 100/1304
[2025-11-19T12:37:02.059828] SCRAPER page 6: collected 120/1304
[2025-11-19T12:37:03.000903] SCRAPER page 7: collected 140/1304
[2025-11-19T12:37:03.954740] SCRAPER page 8: collected 160/1304
[2025-11-19T12:37:04.885171] SCRAPER page 9: collected 180/1304
[2025-11-19T12:37:05.844742] SCRAPER page 10: collected 200/1304
[2025-11-19T12:37:05.856889] SCRAPER skip page 5 after 5 failures; lanjut halaman berikutnya
[2025-11-19T12:37:05.859944] SCRAPER ratings fetch page 6 offset 100 failed (attempt 1/5): Message: no such window: target window already closed
from unknown error: web view not found
  (Session info: MicrosoftEdge=142.0.3595.80)
Stacktrace:
	GetHandleVerifier [0x0x7ff7abd52a75+51877]
	GetHandleVerifier [0x0x7ff7abd52ad4+51972]
	GetHandleVerifier [0x0x7ff7abf09425+1848405]
	(No symbol) [0x0x7ff7abaa0e5f]
	(No symbol) [0x0x7ff7abb374ec]
	(No symbol) [0x0x7ff7abb4ed0a]
	(No symbol) [0x0x7ff7abb31df3]
	(No symbol) [0x0x7ff7abb05b36]
	(No symbol) [0x0x7ff7abb04d80]
	(No symbol) [0x0x7ff7abb05973]
	(No symbol) [0x0x7ff7abbce4a5]
	(No symbol) [0x0x7ff7abbca75d]
	GetHandleVerifier [0x0x7ff7abd7d2b3+226019]
	GetHandleVerifier [0x0x7ff7abd6c481+156849]
	GetHandleVerifier [0x0x7ff7abd74979+190889]
	GetHandleVerifier [0x0x7ff7abd59bb4+80868]
	GetHandleVerifier [0x0x7ff7abd59d03+81203]
	GetHandleVerifier [0x0x7ff7abd48286+8886]
	BaseThreadInitThunk [0x0x7ff9c9b0e8d7+23]
	RtlUserThreadStart [0x0x7ff9cb08c53c+44]

[2025-11-19T12:37:06.778463] SCRAPER page 11: collected 220/1304
[2025-11-19T12:37:07.823135] SCRAPER page 12: collected 240/1304
[2025-11-19T12:37:07.861582] SCRAPER ratings fetch page 6 offset 100 failed (attempt 2/5): Message: no such window: target window already closed
from unknown error: web view not found
  (Session info: MicrosoftEdge=142.0.3595.80)
Stacktrace:
	GetHandleVerifier [0x0x7ff7abd52a75+51877]
	GetHandleVerifier [0x0x7ff7abd52ad4+51972]
	GetHandleVerifier [0x0x7ff7abf09425+1848405]
	(No symbol) [0x0x7ff7abaa0e5f]
	(No symbol) [0x0x7ff7abb374ec]
	(No symbol) [0x0x7ff7abb4ed0a]
	(No symbol) [0x0x7ff7abb31df3]
	(No symbol) [0x0x7ff7abb05b36]
	(No symbol) [0x0x7ff7abb04d80]
	(No symbol) [0x0x7ff7abb05973]
	(No symbol) [0x0x7ff7abbce4a5]
	(No symbol) [0x0x7ff7abbca75d]
	GetHandleVerifier [0x0x7ff7abd7d2b3+226019]
	GetHandleVerifier [0x0x7ff7abd6c481+156849]
	GetHandleVerifier [0x0x7ff7abd74979+190889]
	GetHandleVerifier [0x0x7ff7abd59bb4+80868]
	GetHandleVerifier [0x0x7ff7abd59d03+81203]
	GetHandleVerifier [0x0x7ff7abd48286+8886]
	BaseThreadInitThunk [0x0x7ff9c9b0e8d7+23]
	RtlUserThreadStart [0x0x7ff9cb08c53c+44]

[2025-11-19T12:37:08.798158] SCRAPER page 13: collected 260/1304
[2025-11-19T12:37:09.809547] SCRAPER page 14: collected 280/1304
[2025-11-19T12:37:10.876651] SCRAPER ratings fetch page 6 offset 100 failed (attempt 3/5): Message: no such window: target window already closed
from unknown error: web view not found
  (Session info: MicrosoftEdge=142.0.3595.80)
Stacktrace:
	GetHandleVerifier [0x0x7ff7abd52a75+51877]
	GetHandleVerifier [0x0x7ff7abd52ad4+51972]
	GetHandleVerifier [0x0x7ff7abf09425+1848405]
	(No symbol) [0x0x7ff7abaa0e5f]
	(No symbol) [0x0x7ff7abb374ec]
	(No symbol) [0x0x7ff7abb4ed0a]
	(No symbol) [0x0x7ff7abb31df3]
	(No symbol) [0x0x7ff7abb05b36]
	(No symbol) [0x0x7ff7abb04d80]
	(No symbol) [0x0x7ff7abb05973]
	(No symbol) [0x0x7ff7abbce4a5]
	(No symbol) [0x0x7ff7abbca75d]
	GetHandleVerifier [0x0x7ff7abd7d2b3+226019]
	GetHandleVerifier [0x0x7ff7abd6c481+156849]
	GetHandleVerifier [0x0x7ff7abd74979+190889]
	GetHandleVerifier [0x0x7ff7abd59bb4+80868]
	GetHandleVerifier [0x0x7ff7abd59d03+81203]
	GetHandleVerifier [0x0x7ff7abd48286+8886]
	BaseThreadInitThunk [0x0x7ff9c9b0e8d7+23]
	RtlUserThreadStart [0x0x7ff9cb08c53c+44]

[2025-11-19T12:37:10.889191] SCRAPER page 15: collected 300/1304
[2025-11-19T12:37:13.320671] SCRAPER page 16: collected 320/1304
[2025-11-19T12:37:14.261139] SCRAPER page 17: collected 340/1304
[2025-11-19T12:37:14.891092] SCRAPER ratings fetch page 6 offset 100 failed (attempt 4/5): Message: no such window: target window already closed
from unknown error: web view not found
  (Session info: MicrosoftEdge=142.0.3595.80)
Stacktrace:
	GetHandleVerifier [0x0x7ff7abd52a75+51877]
	GetHandleVerifier [0x0x7ff7abd52ad4+51972]
	GetHandleVerifier [0x0x7ff7abf09425+1848405]
	(No symbol) [0x0x7ff7abaa0e5f]
	(No symbol) [0x0x7ff7abb374ec]
	(No symbol) [0x0x7ff7abb4ed0a]
	(No symbol) [0x0x7ff7abb31df3]
	(No symbol) [0x0x7ff7abb05b36]
	(No symbol) [0x0x7ff7abb04d80]
	(No symbol) [0x0x7ff7abb05973]
	(No symbol) [0x0x7ff7abbce4a5]
	(No symbol) [0x0x7ff7abbca75d]
	GetHandleVerifier [0x0x7ff7abd7d2b3+226019]
	GetHandleVerifier [0x0x7ff7abd6c481+156849]
	GetHandleVerifier [0x0x7ff7abd74979+190889]
	GetHandleVerifier [0x0x7ff7abd59bb4+80868]
	GetHandleVerifier [0x0x7ff7abd59d03+81203]
	GetHandleVerifier [0x0x7ff7abd48286+8886]
	BaseThreadInitThunk [0x0x7ff9c9b0e8d7+23]
	RtlUserThreadStart [0x0x7ff9cb08c53c+44]

[2025-11-19T12:37:15.208038] SCRAPER page 18: collected 360/1304
[2025-11-19T12:37:16.146787] SCRAPER page 19: collected 380/1304
[2025-11-19T12:37:17.103666] SCRAPER page 20: collected 400/1304
[2025-11-19T12:37:18.077218] SCRAPER page 21: collected 420/1304
[2025-11-19T12:37:18.969013] SCRAPER page 22: collected 440/1304
[2025-11-19T12:37:19.903347] SCRAPER page 23: collected 460/1304
[2025-11-19T12:37:19.906885] SCRAPER ratings fetch page 6 offset 100 failed (attempt 5/5): Message: no such window: target window already closed
from unknown error: web view not found
  (Session info: MicrosoftEdge=142.0.3595.80)
Stacktrace:
	GetHandleVerifier [0x0x7ff7abd52a75+51877]
	GetHandleVerifier [0x0x7ff7abd52ad4+51972]
	GetHandleVerifier [0x0x7ff7abf09425+1848405]
	(No symbol) [0x0x7ff7abaa0e5f]
	(No symbol) [0x0x7ff7abb374ec]
	(No symbol) [0x0x7ff7abb4ed0a]
	(No symbol) [0x0x7ff7abb31df3]
	(No symbol) [0x0x7ff7abb05b36]
	(No symbol) [0x0x7ff7abb04d80]
	(No symbol) [0x0x7ff7abb05973]
	(No symbol) [0x0x7ff7abbce4a5]
	(No symbol) [0x0x7ff7abbca75d]
	GetHandleVerifier [0x0x7ff7abd7d2b3+226019]
	GetHandleVerifier [0x0x7ff7abd6c481+156849]
	GetHandleVerifier [0x0x7ff7abd74979+190889]
	GetHandleVerifier [0x0x7ff7abd59bb4+80868]
	GetHandleVerifier [0x0x7ff7abd59d03+81203]
	GetHandleVerifier [0x0x7ff7abd48286+8886]
	BaseThreadInitThunk [0x0x7ff9c9b0e8d7+23]
	RtlUserThreadStart [0x0x7ff9cb08c53c+44]

[2025-11-19T12:37:20.851103] SCRAPER page 24: collected 480/1304
[2025-11-19T12:37:21.827560] SCRAPER page 25: collected 500/1304
[2025-11-19T12:37:22.778639] SCRAPER page 26: collected 520/1304
[2025-11-19T12:37:23.746858] SCRAPER page 27: collected 540/1304
[2025-11-19T12:37:24.718754] SCRAPER page 28: collected 560/1304
[2025-11-19T12:37:24.915592] SCRAPER skip page 6 after 5 failures; lanjut halaman berikutnya
[2025-11-19T12:37:24.916582] SCRAPER ratings fetch page 7 offset 120 failed (attempt 1/5): Message: no such window: target window already closed
from unknown error: web view not found
  (Session info: MicrosoftEdge=142.0.3595.80)
Stacktrace:
	GetHandleVerifier [0x0x7ff7abd52a75+51877]
	GetHandleVerifier [0x0x7ff7abd52ad4+51972]
	GetHandleVerifier [0x0x7ff7abf09425+1848405]
	(No symbol) [0x0x7ff7abaa0e5f]
	(No symbol) [0x0x7ff7abb374ec]
	(No symbol) [0x0x7ff7abb4ed0a]
	(No symbol) [0x0x7ff7abb31df3]
	(No symbol) [0x0x7ff7abb05b36]
	(No symbol) [0x0x7ff7abb04d80]
	(No symbol) [0x0x7ff7abb05973]
	(No symbol) [0x0x7ff7abbce4a5]
	(No symbol) [0x0x7ff7abbca75d]
	GetHandleVerifier [0x0x7ff7abd7d2b3+226019]
	GetHandleVerifier [0x0x7ff7abd6c481+156849]
	GetHandleVerifier [0x0x7ff7abd74979+190889]
	GetHandleVerifier [0x0x7ff7abd59bb4+80868]
	GetHandleVerifier [0x0x7ff7abd59d03+81203]
	GetHandleVerifier [0x0x7ff7abd48286+8886]
	BaseThreadInitThunk [0x0x7ff9c9b0e8d7+23]
	RtlUserThreadStart [0x0x7ff9cb08c53c+44]

[2025-11-19T12:37:25.661666] SCRAPER page 29: collected 580/1304
[2025-11-19T12:37:26.581358] SCRAPER page 30: collected 600/1304
[2025-11-19T12:37:26.922300] SCRAPER ratings fetch page 7 offset 120 failed (attempt 2/5): Message: no such window: target window already closed
from unknown error: web view not found
  (Session info: MicrosoftEdge=142.0.3595.80)
Stacktrace:
	GetHandleVerifier [0x0x7ff7abd52a75+51877]
	GetHandleVerifier [0x0x7ff7abd52ad4+51972]
	GetHandleVerifier [0x0x7ff7abf09425+1848405]
	(No symbol) [0x0x7ff7abaa0e5f]
	(No symbol) [0x0x7ff7abb374ec]
	(No symbol) [0x0x7ff7abb4ed0a]
	(No symbol) [0x0x7ff7abb31df3]
	(No symbol) [0x0x7ff7abb05b36]
	(No symbol) [0x0x7ff7abb04d80]
	(No symbol) [0x0x7ff7abb05973]
	(No symbol) [0x0x7ff7abbce4a5]
	(No symbol) [0x0x7ff7abbca75d]
	GetHandleVerifier [0x0x7ff7abd7d2b3+226019]
	GetHandleVerifier [0x0x7ff7abd6c481+156849]
	GetHandleVerifier [0x0x7ff7abd74979+190889]
	GetHandleVerifier [0x0x7ff7abd59bb4+80868]
	GetHandleVerifier [0x0x7ff7abd59d03+81203]
	GetHandleVerifier [0x0x7ff7abd48286+8886]
	BaseThreadInitThunk [0x0x7ff9c9b0e8d7+23]
	RtlUserThreadStart [0x0x7ff9cb08c53c+44]

[2025-11-19T12:37:27.541480] SCRAPER page 31: collected 620/1304
[2025-11-19T12:37:28.512657] SCRAPER page 32: collected 640/1304
[2025-11-19T12:37:29.490824] SCRAPER page 33: collected 650/1304
[2025-11-19T12:37:29.554171] SCRAPER finished; total 650 reviews saved
[2025-11-19T12:37:29.926295] SCRAPER ratings fetch page 7 offset 120 failed (attempt 3/5): Message: no such window: target window already closed
from unknown error: web view not found
  (Session info: MicrosoftEdge=142.0.3595.80)
Stacktrace:
	GetHandleVerifier [0x0x7ff7abd52a75+51877]
	GetHandleVerifier [0x0x7ff7abd52ad4+51972]
	GetHandleVerifier [0x0x7ff7abf09425+1848405]
	(No symbol) [0x0x7ff7abaa0e5f]
	(No symbol) [0x0x7ff7abb374ec]
	(No symbol) [0x0x7ff7abb4ed0a]
	(No symbol) [0x0x7ff7abb31df3]
	(No symbol) [0x0x7ff7abb05b36]
	(No symbol) [0x0x7ff7abb04d80]
	(No symbol) [0x0x7ff7abb05973]
	(No symbol) [0x0x7ff7abbce4a5]
	(No symbol) [0x0x7ff7abbca75d]
	GetHandleVerifier [0x0x7ff7abd7d2b3+226019]
	GetHandleVerifier [0x0x7ff7abd6c481+156849]
	GetHandleVerifier [0x0x7ff7abd74979+190889]
	GetHandleVerifier [0x0x7ff7abd59bb4+80868]
	GetHandleVerifier [0x0x7ff7abd59d03+81203]
	GetHandleVerifier [0x0x7ff7abd48286+8886]
	BaseThreadInitThunk [0x0x7ff9c9b0e8d7+23]
	RtlUserThreadStart [0x0x7ff9cb08c53c+44]

[2025-11-19T12:37:31.575349] SCRAPER finished
[2025-11-19T12:37:31.578294] ANALYSIS 5% :: init: resolve input
[2025-11-19T12:37:31.611902] ANALYSIS 10% :: [01] preprocess
[2025-11-19T12:37:31.622104] ANALYSIS 20% :: [01b] tokenize
[2025-11-19T12:37:31.632137] ANALYSIS 40% :: [03] sentiment
[2025-11-19T12:37:33.938266] SCRAPER ratings fetch page 7 offset 120 failed (attempt 4/5): Message: no such window: target window already closed
from unknown error: web view not found
  (Session info: MicrosoftEdge=142.0.3595.80)
Stacktrace:
	GetHandleVerifier [0x0x7ff7abd52a75+51877]
	GetHandleVerifier [0x0x7ff7abd52ad4+51972]
	GetHandleVerifier [0x0x7ff7abf09425+1848405]
	(No symbol) [0x0x7ff7abaa0e5f]
	(No symbol) [0x0x7ff7abb374ec]
	(No symbol) [0x0x7ff7abb4ed0a]
	(No symbol) [0x0x7ff7abb31df3]
	(No symbol) [0x0x7ff7abb05b36]
	(No symbol) [0x0x7ff7abb04d80]
	(No symbol) [0x0x7ff7abb05973]
	(No symbol) [0x0x7ff7abbce4a5]
	(No symbol) [0x0x7ff7abbca75d]
	GetHandleVerifier [0x0x7ff7abd7d2b3+226019]
	GetHandleVerifier [0x0x7ff7abd6c481+156849]
	GetHandleVerifier [0x0x7ff7abd74979+190889]
	GetHandleVerifier [0x0x7ff7abd59bb4+80868]
	GetHandleVerifier [0x0x7ff7abd59d03+81203]
	GetHandleVerifier [0x0x7ff7abd48286+8886]
	BaseThreadInitThunk [0x0x7ff9c9b0e8d7+23]
	RtlUserThreadStart [0x0x7ff9cb08c53c+44]

[2025-11-19T12:37:38.945147] SCRAPER ratings fetch page 7 offset 120 failed (attempt 5/5): Message: no such window: target window already closed
from unknown error: web view not found
  (Session info: MicrosoftEdge=142.0.3595.80)
Stacktrace:
	GetHandleVerifier [0x0x7ff7abd52a75+51877]
	GetHandleVerifier [0x0x7ff7abd52ad4+51972]
	GetHandleVerifier [0x0x7ff7abf09425+1848405]
	(No symbol) [0x0x7ff7abaa0e5f]
	(No symbol) [0x0x7ff7abb374ec]
	(No symbol) [0x0x7ff7abb4ed0a]
	(No symbol) [0x0x7ff7abb31df3]
	(No symbol) [0x0x7ff7abb05b36]
	(No symbol) [0x0x7ff7abb04d80]
	(No symbol) [0x0x7ff7abb05973]
	(No symbol) [0x0x7ff7abbce4a5]
	(No symbol) [0x0x7ff7abbca75d]
	GetHandleVerifier [0x0x7ff7abd7d2b3+226019]
	GetHandleVerifier [0x0x7ff7abd6c481+156849]
	GetHandleVerifier [0x0x7ff7abd74979+190889]
	GetHandleVerifier [0x0x7ff7abd59bb4+80868]
	GetHandleVerifier [0x0x7ff7abd59d03+81203]
	GetHandleVerifier [0x0x7ff7abd48286+8886]
	BaseThreadInitThunk [0x0x7ff9c9b0e8d7+23]
	RtlUserThreadStart [0x0x7ff9cb08c53c+44]

[2025-11-19T12:37:43.956972] SCRAPER skip page 7 after 5 failures; lanjut halaman berikutnya
[2025-11-19T12:37:43.959502] SCRAPER ratings fetch page 8 offset 140 failed (attempt 1/5): Message: no such window: target window already closed
from unknown error: web view not found
  (Session info: MicrosoftEdge=142.0.3595.80)
Stacktrace:
	GetHandleVerifier [0x0x7ff7abd52a75+51877]
	GetHandleVerifier [0x0x7ff7abd52ad4+51972]
	GetHandleVerifier [0x0x7ff7abf09425+1848405]
	(No symbol) [0x0x7ff7abaa0e5f]
	(No symbol) [0x0x7ff7abb374ec]
	(No symbol) [0x0x7ff7abb4ed0a]
	(No symbol) [0x0x7ff7abb31df3]
	(No symbol) [0x0x7ff7abb05b36]
	(No symbol) [0x0x7ff7abb04d80]
	(No symbol) [0x0x7ff7abb05973]
	(No symbol) [0x0x7ff7abbce4a5]
	(No symbol) [0x0x7ff7abbca75d]
	GetHandleVerifier [0x0x7ff7abd7d2b3+226019]
	GetHandleVerifier [0x0x7ff7abd6c481+156849]
	GetHandleVerifier [0x0x7ff7abd74979+190889]
	GetHandleVerifier [0x0x7ff7abd59bb4+80868]
	GetHandleVerifier [0x0x7ff7abd59d03+81203]
	GetHandleVerifier [0x0x7ff7abd48286+8886]
	BaseThreadInitThunk [0x0x7ff9c9b0e8d7+23]
	RtlUserThreadStart [0x0x7ff9cb08c53c+44]

[2025-11-19T12:37:45.968167] SCRAPER ratings fetch page 8 offset 140 failed (attempt 2/5): Message: no such window: target window already closed
from unknown error: web view not found
  (Session info: MicrosoftEdge=142.0.3595.80)
Stacktrace:
	GetHandleVerifier [0x0x7ff7abd52a75+51877]
	GetHandleVerifier [0x0x7ff7abd52ad4+51972]
	GetHandleVerifier [0x0x7ff7abf09425+1848405]
	(No symbol) [0x0x7ff7abaa0e5f]
	(No symbol) [0x0x7ff7abb374ec]
	(No symbol) [0x0x7ff7abb4ed0a]
	(No symbol) [0x0x7ff7abb31df3]
	(No symbol) [0x0x7ff7abb05b36]
	(No symbol) [0x0x7ff7abb04d80]
	(No symbol) [0x0x7ff7abb05973]
	(No symbol) [0x0x7ff7abbce4a5]
	(No symbol) [0x0x7ff7abbca75d]
	GetHandleVerifier [0x0x7ff7abd7d2b3+226019]
	GetHandleVerifier [0x0x7ff7abd6c481+156849]
	GetHandleVerifier [0x0x7ff7abd74979+190889]
	GetHandleVerifier [0x0x7ff7abd59bb4+80868]
	GetHandleVerifier [0x0x7ff7abd59d03+81203]
	GetHandleVerifier [0x0x7ff7abd48286+8886]
	BaseThreadInitThunk [0x0x7ff9c9b0e8d7+23]
	RtlUserThreadStart [0x0x7ff9cb08c53c+44]

[2025-11-19T12:37:48.977945] SCRAPER ratings fetch page 8 offset 140 failed (attempt 3/5): Message: no such window: target window already closed
from unknown error: web view not found
  (Session info: MicrosoftEdge=142.0.3595.80)
Stacktrace:
	GetHandleVerifier [0x0x7ff7abd52a75+51877]
	GetHandleVerifier [0x0x7ff7abd52ad4+51972]
	GetHandleVerifier [0x0x7ff7abf09425+1848405]
	(No symbol) [0x0x7ff7abaa0e5f]
	(No symbol) [0x0x7ff7abb374ec]
	(No symbol) [0x0x7ff7abb4ed0a]
	(No symbol) [0x0x7ff7abb31df3]
	(No symbol) [0x0x7ff7abb05b36]
	(No symbol) [0x0x7ff7abb04d80]
	(No symbol) [0x0x7ff7abb05973]
	(No symbol) [0x0x7ff7abbce4a5]
	(No symbol) [0x0x7ff7abbca75d]
	GetHandleVerifier [0x0x7ff7abd7d2b3+226019]
	GetHandleVerifier [0x0x7ff7abd6c481+156849]
	GetHandleVerifier [0x0x7ff7abd74979+190889]
	GetHandleVerifier [0x0x7ff7abd59bb4+80868]
	GetHandleVerifier [0x0x7ff7abd59d03+81203]
	GetHandleVerifier [0x0x7ff7abd48286+8886]
	BaseThreadInitThunk [0x0x7ff9c9b0e8d7+23]
	RtlUserThreadStart [0x0x7ff9cb08c53c+44]

[2025-11-19T12:37:52.991693] SCRAPER ratings fetch page 8 offset 140 failed (attempt 4/5): Message: no such window: target window already closed
from unknown error: web view not found
  (Session info: MicrosoftEdge=142.0.3595.80)
Stacktrace:
	GetHandleVerifier [0x0x7ff7abd52a75+51877]
	GetHandleVerifier [0x0x7ff7abd52ad4+51972]
	GetHandleVerifier [0x0x7ff7abf09425+1848405]
	(No symbol) [0x0x7ff7abaa0e5f]
	(No symbol) [0x0x7ff7abb374ec]
	(No symbol) [0x0x7ff7abb4ed0a]
	(No symbol) [0x0x7ff7abb31df3]
	(No symbol) [0x0x7ff7abb05b36]
	(No symbol) [0x0x7ff7abb04d80]
	(No symbol) [0x0x7ff7abb05973]
	(No symbol) [0x0x7ff7abbce4a5]
	(No symbol) [0x0x7ff7abbca75d]
	GetHandleVerifier [0x0x7ff7abd7d2b3+226019]
	GetHandleVerifier [0x0x7ff7abd6c481+156849]
	GetHandleVerifier [0x0x7ff7abd74979+190889]
	GetHandleVerifier [0x0x7ff7abd59bb4+80868]
	GetHandleVerifier [0x0x7ff7abd59d03+81203]
	GetHandleVerifier [0x0x7ff7abd48286+8886]
	BaseThreadInitThunk [0x0x7ff9c9b0e8d7+23]
	RtlUserThreadStart [0x0x7ff9cb08c53c+44]

[2025-11-19T12:37:58.006863] SCRAPER ratings fetch page 8 offset 140 failed (attempt 5/5): Message: no such window: target window already closed
from unknown error: web view not found
  (Session info: MicrosoftEdge=142.0.3595.80)
Stacktrace:
	GetHandleVerifier [0x0x7ff7abd52a75+51877]
	GetHandleVerifier [0x0x7ff7abd52ad4+51972]
	GetHandleVerifier [0x0x7ff7abf09425+1848405]
	(No symbol) [0x0x7ff7abaa0e5f]
	(No symbol) [0x0x7ff7abb374ec]
	(No symbol) [0x0x7ff7abb4ed0a]
	(No symbol) [0x0x7ff7abb31df3]
	(No symbol) [0x0x7ff7abb05b36]
	(No symbol) [0x0x7ff7abb04d80]
	(No symbol) [0x0x7ff7abb05973]
	(No symbol) [0x0x7ff7abbce4a5]
	(No symbol) [0x0x7ff7abbca75d]
	GetHandleVerifier [0x0x7ff7abd7d2b3+226019]
	GetHandleVerifier [0x0x7ff7abd6c481+156849]
	GetHandleVerifier [0x0x7ff7abd74979+190889]
	GetHandleVerifier [0x0x7ff7abd59bb4+80868]
	GetHandleVerifier [0x0x7ff7abd59d03+81203]
	GetHandleVerifier [0x0x7ff7abd48286+8886]
	BaseThreadInitThunk [0x0x7ff9c9b0e8d7+23]
	RtlUserThreadStart [0x0x7ff9cb08c53c+44]

[2025-11-19T12:38:03.018155] SCRAPER skip page 8 after 5 failures; lanjut halaman berikutnya
[2025-11-19T12:38:03.020676] SCRAPER ratings fetch page 9 offset 160 failed (attempt 1/5): Message: no such window: target window already closed
from unknown error: web view not found
  (Session info: MicrosoftEdge=142.0.3595.80)
Stacktrace:
	GetHandleVerifier [0x0x7ff7abd52a75+51877]
	GetHandleVerifier [0x0x7ff7abd52ad4+51972]
	GetHandleVerifier [0x0x7ff7abf09425+1848405]
	(No symbol) [0x0x7ff7abaa0e5f]
	(No symbol) [0x0x7ff7abb374ec]
	(No symbol) [0x0x7ff7abb4ed0a]
	(No symbol) [0x0x7ff7abb31df3]
	(No symbol) [0x0x7ff7abb05b36]
	(No symbol) [0x0x7ff7abb04d80]
	(No symbol) [0x0x7ff7abb05973]
	(No symbol) [0x0x7ff7abbce4a5]
	(No symbol) [0x0x7ff7abbca75d]
	GetHandleVerifier [0x0x7ff7abd7d2b3+226019]
	GetHandleVerifier [0x0x7ff7abd6c481+156849]
	GetHandleVerifier [0x0x7ff7abd74979+190889]
	GetHandleVerifier [0x0x7ff7abd59bb4+80868]
	GetHandleVerifier [0x0x7ff7abd59d03+81203]
	GetHandleVerifier [0x0x7ff7abd48286+8886]
	BaseThreadInitThunk [0x0x7ff9c9b0e8d7+23]
	RtlUserThreadStart [0x0x7ff9cb08c53c+44]

[2025-11-19T12:38:05.028444] SCRAPER ratings fetch page 9 offset 160 failed (attempt 2/5): Message: no such window: target window already closed
from unknown error: web view not found
  (Session info: MicrosoftEdge=142.0.3595.80)
Stacktrace:
	GetHandleVerifier [0x0x7ff7abd52a75+51877]
	GetHandleVerifier [0x0x7ff7abd52ad4+51972]
	GetHandleVerifier [0x0x7ff7abf09425+1848405]
	(No symbol) [0x0x7ff7abaa0e5f]
	(No symbol) [0x0x7ff7abb374ec]
	(No symbol) [0x0x7ff7abb4ed0a]
	(No symbol) [0x0x7ff7abb31df3]
	(No symbol) [0x0x7ff7abb05b36]
	(No symbol) [0x0x7ff7abb04d80]
	(No symbol) [0x0x7ff7abb05973]
	(No symbol) [0x0x7ff7abbce4a5]
	(No symbol) [0x0x7ff7abbca75d]
	GetHandleVerifier [0x0x7ff7abd7d2b3+226019]
	GetHandleVerifier [0x0x7ff7abd6c481+156849]
	GetHandleVerifier [0x0x7ff7abd74979+190889]
	GetHandleVerifier [0x0x7ff7abd59bb4+80868]
	GetHandleVerifier [0x0x7ff7abd59d03+81203]
	GetHandleVerifier [0x0x7ff7abd48286+8886]
	BaseThreadInitThunk [0x0x7ff9c9b0e8d7+23]
	RtlUserThreadStart [0x0x7ff9cb08c53c+44]

[2025-11-19T12:38:08.034551] SCRAPER ratings fetch page 9 offset 160 failed (attempt 3/5): Message: no such window: target window already closed
from unknown error: web view not found
  (Session info: MicrosoftEdge=142.0.3595.80)
Stacktrace:
	GetHandleVerifier [0x0x7ff7abd52a75+51877]
	GetHandleVerifier [0x0x7ff7abd52ad4+51972]
	GetHandleVerifier [0x0x7ff7abf09425+1848405]
	(No symbol) [0x0x7ff7abaa0e5f]
	(No symbol) [0x0x7ff7abb374ec]
	(No symbol) [0x0x7ff7abb4ed0a]
	(No symbol) [0x0x7ff7abb31df3]
	(No symbol) [0x0x7ff7abb05b36]
	(No symbol) [0x0x7ff7abb04d80]
	(No symbol) [0x0x7ff7abb05973]
	(No symbol) [0x0x7ff7abbce4a5]
	(No symbol) [0x0x7ff7abbca75d]
	GetHandleVerifier [0x0x7ff7abd7d2b3+226019]
	GetHandleVerifier [0x0x7ff7abd6c481+156849]
	GetHandleVerifier [0x0x7ff7abd74979+190889]
	GetHandleVerifier [0x0x7ff7abd59bb4+80868]
	GetHandleVerifier [0x0x7ff7abd59d03+81203]
	GetHandleVerifier [0x0x7ff7abd48286+8886]
	BaseThreadInitThunk [0x0x7ff9c9b0e8d7+23]
	RtlUserThreadStart [0x0x7ff9cb08c53c+44]

[2025-11-19T12:38:10.420220] ANALYSIS 70% :: [04] fake detect
[2025-11-19T12:38:10.483898] ANALYSIS 90% :: [05] trust score
[2025-11-19T12:38:10.518087] ANALYSIS 98% :: [06] summarize
[2025-11-19T12:38:10.531142] ANALYSIS 100% :: done
[2025-11-19T12:38:10.531142] OUTPUT pipeline finished; outputs at D:\Iman874\Documents\Github\Mobile-App-CommentTrust\backend\app-backend-flask\output\comment\1101386382-23860528324\indobert
[2025-11-19T12:38:11.416428] Laravel sync succeeded
[2025-11-19T12:38:12.046910] SCRAPER ratings fetch page 9 offset 160 failed (attempt 4/5): Message: no such window: target window already closed
from unknown error: web view not found
  (Session info: MicrosoftEdge=142.0.3595.80)
Stacktrace:
	GetHandleVerifier [0x0x7ff7abd52a75+51877]
	GetHandleVerifier [0x0x7ff7abd52ad4+51972]
	GetHandleVerifier [0x0x7ff7abf09425+1848405]
	(No symbol) [0x0x7ff7abaa0e5f]
	(No symbol) [0x0x7ff7abb374ec]
	(No symbol) [0x0x7ff7abb4ed0a]
	(No symbol) [0x0x7ff7abb31df3]
	(No symbol) [0x0x7ff7abb05b36]
	(No symbol) [0x0x7ff7abb04d80]
	(No symbol) [0x0x7ff7abb05973]
	(No symbol) [0x0x7ff7abbce4a5]
	(No symbol) [0x0x7ff7abbca75d]
	GetHandleVerifier [0x0x7ff7abd7d2b3+226019]
	GetHandleVerifier [0x0x7ff7abd6c481+156849]
	GetHandleVerifier [0x0x7ff7abd74979+190889]
	GetHandleVerifier [0x0x7ff7abd59bb4+80868]
	GetHandleVerifier [0x0x7ff7abd59d03+81203]
	GetHandleVerifier [0x0x7ff7abd48286+8886]
	BaseThreadInitThunk [0x0x7ff9c9b0e8d7+23]
	RtlUserThreadStart [0x0x7ff9cb08c53c+44]

[2025-11-19T12:38:17.064596] SCRAPER ratings fetch page 9 offset 160 failed (attempt 5/5): Message: no such window: target window already closed
from unknown error: web view not found
  (Session info: MicrosoftEdge=142.0.3595.80)
Stacktrace:
	GetHandleVerifier [0x0x7ff7abd52a75+51877]
	GetHandleVerifier [0x0x7ff7abd52ad4+51972]
	GetHandleVerifier [0x0x7ff7abf09425+1848405]
	(No symbol) [0x0x7ff7abaa0e5f]
	(No symbol) [0x0x7ff7abb374ec]
	(No symbol) [0x0x7ff7abb4ed0a]
	(No symbol) [0x0x7ff7abb31df3]
	(No symbol) [0x0x7ff7abb05b36]
	(No symbol) [0x0x7ff7abb04d80]
	(No symbol) [0x0x7ff7abb05973]
	(No symbol) [0x0x7ff7abbce4a5]
	(No symbol) [0x0x7ff7abbca75d]
	GetHandleVerifier [0x0x7ff7abd7d2b3+226019]
	GetHandleVerifier [0x0x7ff7abd6c481+156849]
	GetHandleVerifier [0x0x7ff7abd74979+190889]
	GetHandleVerifier [0x0x7ff7abd59bb4+80868]
	GetHandleVerifier [0x0x7ff7abd59d03+81203]
	GetHandleVerifier [0x0x7ff7abd48286+8886]
	BaseThreadInitThunk [0x0x7ff9c9b0e8d7+23]
	RtlUserThreadStart [0x0x7ff9cb08c53c+44]

[2025-11-19T12:38:22.081240] SCRAPER skip page 9 after 5 failures; lanjut halaman berikutnya
[2025-11-19T12:38:22.098830] SCRAPER ratings fetch page 10 offset 180 failed (attempt 1/5): Message: no such window: target window already closed
from unknown error: web view not found
  (Session info: MicrosoftEdge=142.0.3595.80)
Stacktrace:
	GetHandleVerifier [0x0x7ff7abd52a75+51877]
	GetHandleVerifier [0x0x7ff7abd52ad4+51972]
	GetHandleVerifier [0x0x7ff7abf09425+1848405]
	(No symbol) [0x0x7ff7abaa0e5f]
	(No symbol) [0x0x7ff7abb374ec]
	(No symbol) [0x0x7ff7abb4ed0a]
	(No symbol) [0x0x7ff7abb31df3]
	(No symbol) [0x0x7ff7abb05b36]
	(No symbol) [0x0x7ff7abb04d80]
	(No symbol) [0x0x7ff7abb05973]
	(No symbol) [0x0x7ff7abbce4a5]
	(No symbol) [0x0x7ff7abbca75d]
	GetHandleVerifier [0x0x7ff7abd7d2b3+226019]
	GetHandleVerifier [0x0x7ff7abd6c481+156849]
	GetHandleVerifier [0x0x7ff7abd74979+190889]
	GetHandleVerifier [0x0x7ff7abd59bb4+80868]
	GetHandleVerifier [0x0x7ff7abd59d03+81203]
	GetHandleVerifier [0x0x7ff7abd48286+8886]
	BaseThreadInitThunk [0x0x7ff9c9b0e8d7+23]
	RtlUserThreadStart [0x0x7ff9cb08c53c+44]

[2025-11-19T12:38:24.107599] SCRAPER ratings fetch page 10 offset 180 failed (attempt 2/5): Message: no such window: target window already closed
from unknown error: web view not found
  (Session info: MicrosoftEdge=142.0.3595.80)
Stacktrace:
	GetHandleVerifier [0x0x7ff7abd52a75+51877]
	GetHandleVerifier [0x0x7ff7abd52ad4+51972]
	GetHandleVerifier [0x0x7ff7abf09425+1848405]
	(No symbol) [0x0x7ff7abaa0e5f]
	(No symbol) [0x0x7ff7abb374ec]
	(No symbol) [0x0x7ff7abb4ed0a]
	(No symbol) [0x0x7ff7abb31df3]
	(No symbol) [0x0x7ff7abb05b36]
	(No symbol) [0x0x7ff7abb04d80]
	(No symbol) [0x0x7ff7abb05973]
	(No symbol) [0x0x7ff7abbce4a5]
	(No symbol) [0x0x7ff7abbca75d]
	GetHandleVerifier [0x0x7ff7abd7d2b3+226019]
	GetHandleVerifier [0x0x7ff7abd6c481+156849]
	GetHandleVerifier [0x0x7ff7abd74979+190889]
	GetHandleVerifier [0x0x7ff7abd59bb4+80868]
	GetHandleVerifier [0x0x7ff7abd59d03+81203]
	GetHandleVerifier [0x0x7ff7abd48286+8886]
	BaseThreadInitThunk [0x0x7ff9c9b0e8d7+23]
	RtlUserThreadStart [0x0x7ff9cb08c53c+44]

[2025-11-19T12:38:27.114614] SCRAPER ratings fetch page 10 offset 180 failed (attempt 3/5): Message: no such window: target window already closed
from unknown error: web view not found
  (Session info: MicrosoftEdge=142.0.3595.80)
Stacktrace:
	GetHandleVerifier [0x0x7ff7abd52a75+51877]
	GetHandleVerifier [0x0x7ff7abd52ad4+51972]
	GetHandleVerifier [0x0x7ff7abf09425+1848405]
	(No symbol) [0x0x7ff7abaa0e5f]
	(No symbol) [0x0x7ff7abb374ec]
	(No symbol) [0x0x7ff7abb4ed0a]
	(No symbol) [0x0x7ff7abb31df3]
	(No symbol) [0x0x7ff7abb05b36]
	(No symbol) [0x0x7ff7abb04d80]
	(No symbol) [0x0x7ff7abb05973]
	(No symbol) [0x0x7ff7abbce4a5]
	(No symbol) [0x0x7ff7abbca75d]
	GetHandleVerifier [0x0x7ff7abd7d2b3+226019]
	GetHandleVerifier [0x0x7ff7abd6c481+156849]
	GetHandleVerifier [0x0x7ff7abd74979+190889]
	GetHandleVerifier [0x0x7ff7abd59bb4+80868]
	GetHandleVerifier [0x0x7ff7abd59d03+81203]
	GetHandleVerifier [0x0x7ff7abd48286+8886]
	BaseThreadInitThunk [0x0x7ff9c9b0e8d7+23]
	RtlUserThreadStart [0x0x7ff9cb08c53c+44]

[2025-11-19T12:38:31.129193] SCRAPER ratings fetch page 10 offset 180 failed (attempt 4/5): Message: no such window: target window already closed
from unknown error: web view not found
  (Session info: MicrosoftEdge=142.0.3595.80)
Stacktrace:
	GetHandleVerifier [0x0x7ff7abd52a75+51877]
	GetHandleVerifier [0x0x7ff7abd52ad4+51972]
	GetHandleVerifier [0x0x7ff7abf09425+1848405]
	(No symbol) [0x0x7ff7abaa0e5f]
	(No symbol) [0x0x7ff7abb374ec]
	(No symbol) [0x0x7ff7abb4ed0a]
	(No symbol) [0x0x7ff7abb31df3]
	(No symbol) [0x0x7ff7abb05b36]
	(No symbol) [0x0x7ff7abb04d80]
	(No symbol) [0x0x7ff7abb05973]
	(No symbol) [0x0x7ff7abbce4a5]
	(No symbol) [0x0x7ff7abbca75d]
	GetHandleVerifier [0x0x7ff7abd7d2b3+226019]
	GetHandleVerifier [0x0x7ff7abd6c481+156849]
	GetHandleVerifier [0x0x7ff7abd74979+190889]
	GetHandleVerifier [0x0x7ff7abd59bb4+80868]
	GetHandleVerifier [0x0x7ff7abd59d03+81203]
	GetHandleVerifier [0x0x7ff7abd48286+8886]
	BaseThreadInitThunk [0x0x7ff9c9b0e8d7+23]
	RtlUserThreadStart [0x0x7ff9cb08c53c+44]

[2025-11-19T12:38:36.137352] SCRAPER ratings fetch page 10 offset 180 failed (attempt 5/5): Message: no such window: target window already closed
from unknown error: web view not found
  (Session info: MicrosoftEdge=142.0.3595.80)
Stacktrace:
	GetHandleVerifier [0x0x7ff7abd52a75+51877]
	GetHandleVerifier [0x0x7ff7abd52ad4+51972]
	GetHandleVerifier [0x0x7ff7abf09425+1848405]
	(No symbol) [0x0x7ff7abaa0e5f]
	(No symbol) [0x0x7ff7abb374ec]
	(No symbol) [0x0x7ff7abb4ed0a]
	(No symbol) [0x0x7ff7abb31df3]
	(No symbol) [0x0x7ff7abb05b36]
	(No symbol) [0x0x7ff7abb04d80]
	(No symbol) [0x0x7ff7abb05973]
	(No symbol) [0x0x7ff7abbce4a5]
	(No symbol) [0x0x7ff7abbca75d]
	GetHandleVerifier [0x0x7ff7abd7d2b3+226019]
	GetHandleVerifier [0x0x7ff7abd6c481+156849]
	GetHandleVerifier [0x0x7ff7abd74979+190889]
	GetHandleVerifier [0x0x7ff7abd59bb4+80868]
	GetHandleVerifier [0x0x7ff7abd59d03+81203]
	GetHandleVerifier [0x0x7ff7abd48286+8886]
	BaseThreadInitThunk [0x0x7ff9c9b0e8d7+23]
	RtlUserThreadStart [0x0x7ff9cb08c53c+44]

[2025-11-19T12:38:41.139273] SCRAPER skip page 10 after 5 failures; lanjut halaman berikutnya
[2025-11-19T12:38:41.141273] SCRAPER ratings fetch page 11 offset 200 failed (attempt 1/5): Message: no such window: target window already closed
from unknown error: web view not found
  (Session info: MicrosoftEdge=142.0.3595.80)
Stacktrace:
	GetHandleVerifier [0x0x7ff7abd52a75+51877]
	GetHandleVerifier [0x0x7ff7abd52ad4+51972]
	GetHandleVerifier [0x0x7ff7abf09425+1848405]
	(No symbol) [0x0x7ff7abaa0e5f]
	(No symbol) [0x0x7ff7abb374ec]
	(No symbol) [0x0x7ff7abb4ed0a]
	(No symbol) [0x0x7ff7abb31df3]
	(No symbol) [0x0x7ff7abb05b36]
	(No symbol) [0x0x7ff7abb04d80]
	(No symbol) [0x0x7ff7abb05973]
	(No symbol) [0x0x7ff7abbce4a5]
	(No symbol) [0x0x7ff7abbca75d]
	GetHandleVerifier [0x0x7ff7abd7d2b3+226019]
	GetHandleVerifier [0x0x7ff7abd6c481+156849]
	GetHandleVerifier [0x0x7ff7abd74979+190889]
	GetHandleVerifier [0x0x7ff7abd59bb4+80868]
	GetHandleVerifier [0x0x7ff7abd59d03+81203]
	GetHandleVerifier [0x0x7ff7abd48286+8886]
	BaseThreadInitThunk [0x0x7ff9c9b0e8d7+23]
	RtlUserThreadStart [0x0x7ff9cb08c53c+44]

[2025-11-19T12:38:43.158526] SCRAPER ratings fetch page 11 offset 200 failed (attempt 2/5): Message: no such window: target window already closed
from unknown error: web view not found
  (Session info: MicrosoftEdge=142.0.3595.80)
Stacktrace:
	GetHandleVerifier [0x0x7ff7abd52a75+51877]
	GetHandleVerifier [0x0x7ff7abd52ad4+51972]
	GetHandleVerifier [0x0x7ff7abf09425+1848405]
	(No symbol) [0x0x7ff7abaa0e5f]
	(No symbol) [0x0x7ff7abb374ec]
	(No symbol) [0x0x7ff7abb4ed0a]
	(No symbol) [0x0x7ff7abb31df3]
	(No symbol) [0x0x7ff7abb05b36]
	(No symbol) [0x0x7ff7abb04d80]
	(No symbol) [0x0x7ff7abb05973]
	(No symbol) [0x0x7ff7abbce4a5]
	(No symbol) [0x0x7ff7abbca75d]
	GetHandleVerifier [0x0x7ff7abd7d2b3+226019]
	GetHandleVerifier [0x0x7ff7abd6c481+156849]
	GetHandleVerifier [0x0x7ff7abd74979+190889]
	GetHandleVerifier [0x0x7ff7abd59bb4+80868]
	GetHandleVerifier [0x0x7ff7abd59d03+81203]
	GetHandleVerifier [0x0x7ff7abd48286+8886]
	BaseThreadInitThunk [0x0x7ff9c9b0e8d7+23]
	RtlUserThreadStart [0x0x7ff9cb08c53c+44]

[2025-11-19T12:38:46.163910] SCRAPER ratings fetch page 11 offset 200 failed (attempt 3/5): Message: no such window: target window already closed
from unknown error: web view not found
  (Session info: MicrosoftEdge=142.0.3595.80)
Stacktrace:
	GetHandleVerifier [0x0x7ff7abd52a75+51877]
	GetHandleVerifier [0x0x7ff7abd52ad4+51972]
	GetHandleVerifier [0x0x7ff7abf09425+1848405]
	(No symbol) [0x0x7ff7abaa0e5f]
	(No symbol) [0x0x7ff7abb374ec]
	(No symbol) [0x0x7ff7abb4ed0a]
	(No symbol) [0x0x7ff7abb31df3]
	(No symbol) [0x0x7ff7abb05b36]
	(No symbol) [0x0x7ff7abb04d80]
	(No symbol) [0x0x7ff7abb05973]
	(No symbol) [0x0x7ff7abbce4a5]
	(No symbol) [0x0x7ff7abbca75d]
	GetHandleVerifier [0x0x7ff7abd7d2b3+226019]
	GetHandleVerifier [0x0x7ff7abd6c481+156849]
	GetHandleVerifier [0x0x7ff7abd74979+190889]
	GetHandleVerifier [0x0x7ff7abd59bb4+80868]
	GetHandleVerifier [0x0x7ff7abd59d03+81203]
	GetHandleVerifier [0x0x7ff7abd48286+8886]
	BaseThreadInitThunk [0x0x7ff9c9b0e8d7+23]
	RtlUserThreadStart [0x0x7ff9cb08c53c+44]

[2025-11-19T12:38:50.180953] SCRAPER ratings fetch page 11 offset 200 failed (attempt 4/5): Message: no such window: target window already closed
from unknown error: web view not found
  (Session info: MicrosoftEdge=142.0.3595.80)
Stacktrace:
	GetHandleVerifier [0x0x7ff7abd52a75+51877]
	GetHandleVerifier [0x0x7ff7abd52ad4+51972]
	GetHandleVerifier [0x0x7ff7abf09425+1848405]
	(No symbol) [0x0x7ff7abaa0e5f]
	(No symbol) [0x0x7ff7abb374ec]
	(No symbol) [0x0x7ff7abb4ed0a]
	(No symbol) [0x0x7ff7abb31df3]
	(No symbol) [0x0x7ff7abb05b36]
	(No symbol) [0x0x7ff7abb04d80]
	(No symbol) [0x0x7ff7abb05973]
	(No symbol) [0x0x7ff7abbce4a5]
	(No symbol) [0x0x7ff7abbca75d]
	GetHandleVerifier [0x0x7ff7abd7d2b3+226019]
	GetHandleVerifier [0x0x7ff7abd6c481+156849]
	GetHandleVerifier [0x0x7ff7abd74979+190889]
	GetHandleVerifier [0x0x7ff7abd59bb4+80868]
	GetHandleVerifier [0x0x7ff7abd59d03+81203]
	GetHandleVerifier [0x0x7ff7abd48286+8886]
	BaseThreadInitThunk [0x0x7ff9c9b0e8d7+23]
	RtlUserThreadStart [0x0x7ff9cb08c53c+44]

[2025-11-19T12:38:55.192136] SCRAPER ratings fetch page 11 offset 200 failed (attempt 5/5): Message: no such window: target window already closed
from unknown error: web view not found
  (Session info: MicrosoftEdge=142.0.3595.80)
Stacktrace:
	GetHandleVerifier [0x0x7ff7abd52a75+51877]
	GetHandleVerifier [0x0x7ff7abd52ad4+51972]
	GetHandleVerifier [0x0x7ff7abf09425+1848405]
	(No symbol) [0x0x7ff7abaa0e5f]
	(No symbol) [0x0x7ff7abb374ec]
	(No symbol) [0x0x7ff7abb4ed0a]
	(No symbol) [0x0x7ff7abb31df3]
	(No symbol) [0x0x7ff7abb05b36]
	(No symbol) [0x0x7ff7abb04d80]
	(No symbol) [0x0x7ff7abb05973]
	(No symbol) [0x0x7ff7abbce4a5]
	(No symbol) [0x0x7ff7abbca75d]
	GetHandleVerifier [0x0x7ff7abd7d2b3+226019]
	GetHandleVerifier [0x0x7ff7abd6c481+156849]
	GetHandleVerifier [0x0x7ff7abd74979+190889]
	GetHandleVerifier [0x0x7ff7abd59bb4+80868]
	GetHandleVerifier [0x0x7ff7abd59d03+81203]
	GetHandleVerifier [0x0x7ff7abd48286+8886]
	BaseThreadInitThunk [0x0x7ff9c9b0e8d7+23]
	RtlUserThreadStart [0x0x7ff9cb08c53c+44]

[2025-11-19T12:39:00.208552] SCRAPER skip page 11 after 5 failures; lanjut halaman berikutnya
[2025-11-19T12:39:00.213592] SCRAPER ratings fetch page 12 offset 220 failed (attempt 1/5): Message: no such window: target window already closed
from unknown error: web view not found
  (Session info: MicrosoftEdge=142.0.3595.80)
Stacktrace:
	GetHandleVerifier [0x0x7ff7abd52a75+51877]
	GetHandleVerifier [0x0x7ff7abd52ad4+51972]
	GetHandleVerifier [0x0x7ff7abf09425+1848405]
	(No symbol) [0x0x7ff7abaa0e5f]
	(No symbol) [0x0x7ff7abb374ec]
	(No symbol) [0x0x7ff7abb4ed0a]
	(No symbol) [0x0x7ff7abb31df3]
	(No symbol) [0x0x7ff7abb05b36]
	(No symbol) [0x0x7ff7abb04d80]
	(No symbol) [0x0x7ff7abb05973]
	(No symbol) [0x0x7ff7abbce4a5]
	(No symbol) [0x0x7ff7abbca75d]
	GetHandleVerifier [0x0x7ff7abd7d2b3+226019]
	GetHandleVerifier [0x0x7ff7abd6c481+156849]
	GetHandleVerifier [0x0x7ff7abd74979+190889]
	GetHandleVerifier [0x0x7ff7abd59bb4+80868]
	GetHandleVerifier [0x0x7ff7abd59d03+81203]
	GetHandleVerifier [0x0x7ff7abd48286+8886]
	BaseThreadInitThunk [0x0x7ff9c9b0e8d7+23]
	RtlUserThreadStart [0x0x7ff9cb08c53c+44]

[2025-11-19T12:39:02.222037] SCRAPER ratings fetch page 12 offset 220 failed (attempt 2/5): Message: no such window: target window already closed
from unknown error: web view not found
  (Session info: MicrosoftEdge=142.0.3595.80)
Stacktrace:
	GetHandleVerifier [0x0x7ff7abd52a75+51877]
	GetHandleVerifier [0x0x7ff7abd52ad4+51972]
	GetHandleVerifier [0x0x7ff7abf09425+1848405]
	(No symbol) [0x0x7ff7abaa0e5f]
	(No symbol) [0x0x7ff7abb374ec]
	(No symbol) [0x0x7ff7abb4ed0a]
	(No symbol) [0x0x7ff7abb31df3]
	(No symbol) [0x0x7ff7abb05b36]
	(No symbol) [0x0x7ff7abb04d80]
	(No symbol) [0x0x7ff7abb05973]
	(No symbol) [0x0x7ff7abbce4a5]
	(No symbol) [0x0x7ff7abbca75d]
	GetHandleVerifier [0x0x7ff7abd7d2b3+226019]
	GetHandleVerifier [0x0x7ff7abd6c481+156849]
	GetHandleVerifier [0x0x7ff7abd74979+190889]
	GetHandleVerifier [0x0x7ff7abd59bb4+80868]
	GetHandleVerifier [0x0x7ff7abd59d03+81203]
	GetHandleVerifier [0x0x7ff7abd48286+8886]
	BaseThreadInitThunk [0x0x7ff9c9b0e8d7+23]
	RtlUserThreadStart [0x0x7ff9cb08c53c+44]

[2025-11-19T12:39:05.234583] SCRAPER ratings fetch page 12 offset 220 failed (attempt 3/5): Message: no such window: target window already closed
from unknown error: web view not found
  (Session info: MicrosoftEdge=142.0.3595.80)
Stacktrace:
	GetHandleVerifier [0x0x7ff7abd52a75+51877]
	GetHandleVerifier [0x0x7ff7abd52ad4+51972]
	GetHandleVerifier [0x0x7ff7abf09425+1848405]
	(No symbol) [0x0x7ff7abaa0e5f]
	(No symbol) [0x0x7ff7abb374ec]
	(No symbol) [0x0x7ff7abb4ed0a]
	(No symbol) [0x0x7ff7abb31df3]
	(No symbol) [0x0x7ff7abb05b36]
	(No symbol) [0x0x7ff7abb04d80]
	(No symbol) [0x0x7ff7abb05973]
	(No symbol) [0x0x7ff7abbce4a5]
	(No symbol) [0x0x7ff7abbca75d]
	GetHandleVerifier [0x0x7ff7abd7d2b3+226019]
	GetHandleVerifier [0x0x7ff7abd6c481+156849]
	GetHandleVerifier [0x0x7ff7abd74979+190889]
	GetHandleVerifier [0x0x7ff7abd59bb4+80868]
	GetHandleVerifier [0x0x7ff7abd59d03+81203]
	GetHandleVerifier [0x0x7ff7abd48286+8886]
	BaseThreadInitThunk [0x0x7ff9c9b0e8d7+23]
	RtlUserThreadStart [0x0x7ff9cb08c53c+44]

[2025-11-19T12:39:09.238439] SCRAPER ratings fetch page 12 offset 220 failed (attempt 4/5): Message: no such window: target window already closed
from unknown error: web view not found
  (Session info: MicrosoftEdge=142.0.3595.80)
Stacktrace:
	GetHandleVerifier [0x0x7ff7abd52a75+51877]
	GetHandleVerifier [0x0x7ff7abd52ad4+51972]
	GetHandleVerifier [0x0x7ff7abf09425+1848405]
	(No symbol) [0x0x7ff7abaa0e5f]
	(No symbol) [0x0x7ff7abb374ec]
	(No symbol) [0x0x7ff7abb4ed0a]
	(No symbol) [0x0x7ff7abb31df3]
	(No symbol) [0x0x7ff7abb05b36]
	(No symbol) [0x0x7ff7abb04d80]
	(No symbol) [0x0x7ff7abb05973]
	(No symbol) [0x0x7ff7abbce4a5]
	(No symbol) [0x0x7ff7abbca75d]
	GetHandleVerifier [0x0x7ff7abd7d2b3+226019]
	GetHandleVerifier [0x0x7ff7abd6c481+156849]
	GetHandleVerifier [0x0x7ff7abd74979+190889]
	GetHandleVerifier [0x0x7ff7abd59bb4+80868]
	GetHandleVerifier [0x0x7ff7abd59d03+81203]
	GetHandleVerifier [0x0x7ff7abd48286+8886]
	BaseThreadInitThunk [0x0x7ff9c9b0e8d7+23]
	RtlUserThreadStart [0x0x7ff9cb08c53c+44]

[2025-11-19T12:39:14.254664] SCRAPER ratings fetch page 12 offset 220 failed (attempt 5/5): Message: no such window: target window already closed
from unknown error: web view not found
  (Session info: MicrosoftEdge=142.0.3595.80)
Stacktrace:
	GetHandleVerifier [0x0x7ff7abd52a75+51877]
	GetHandleVerifier [0x0x7ff7abd52ad4+51972]
	GetHandleVerifier [0x0x7ff7abf09425+1848405]
	(No symbol) [0x0x7ff7abaa0e5f]
	(No symbol) [0x0x7ff7abb374ec]
	(No symbol) [0x0x7ff7abb4ed0a]
	(No symbol) [0x0x7ff7abb31df3]
	(No symbol) [0x0x7ff7abb05b36]
	(No symbol) [0x0x7ff7abb04d80]
	(No symbol) [0x0x7ff7abb05973]
	(No symbol) [0x0x7ff7abbce4a5]
	(No symbol) [0x0x7ff7abbca75d]
	GetHandleVerifier [0x0x7ff7abd7d2b3+226019]
	GetHandleVerifier [0x0x7ff7abd6c481+156849]
	GetHandleVerifier [0x0x7ff7abd74979+190889]
	GetHandleVerifier [0x0x7ff7abd59bb4+80868]
	GetHandleVerifier [0x0x7ff7abd59d03+81203]
	GetHandleVerifier [0x0x7ff7abd48286+8886]
	BaseThreadInitThunk [0x0x7ff9c9b0e8d7+23]
	RtlUserThreadStart [0x0x7ff9cb08c53c+44]

[2025-11-19T12:39:19.269109] SCRAPER skip page 12 after 5 failures; lanjut halaman berikutnya
[2025-11-19T12:39:19.271089] SCRAPER ratings fetch page 13 offset 240 failed (attempt 1/5): Message: no such window: target window already closed
from unknown error: web view not found
  (Session info: MicrosoftEdge=142.0.3595.80)
Stacktrace:
	GetHandleVerifier [0x0x7ff7abd52a75+51877]
	GetHandleVerifier [0x0x7ff7abd52ad4+51972]
	GetHandleVerifier [0x0x7ff7abf09425+1848405]
	(No symbol) [0x0x7ff7abaa0e5f]
	(No symbol) [0x0x7ff7abb374ec]
	(No symbol) [0x0x7ff7abb4ed0a]
	(No symbol) [0x0x7ff7abb31df3]
	(No symbol) [0x0x7ff7abb05b36]
	(No symbol) [0x0x7ff7abb04d80]
	(No symbol) [0x0x7ff7abb05973]
	(No symbol) [0x0x7ff7abbce4a5]
	(No symbol) [0x0x7ff7abbca75d]
	GetHandleVerifier [0x0x7ff7abd7d2b3+226019]
	GetHandleVerifier [0x0x7ff7abd6c481+156849]
	GetHandleVerifier [0x0x7ff7abd74979+190889]
	GetHandleVerifier [0x0x7ff7abd59bb4+80868]
	GetHandleVerifier [0x0x7ff7abd59d03+81203]
	GetHandleVerifier [0x0x7ff7abd48286+8886]
	BaseThreadInitThunk [0x0x7ff9c9b0e8d7+23]
	RtlUserThreadStart [0x0x7ff9cb08c53c+44]

[2025-11-19T12:39:21.285525] SCRAPER ratings fetch page 13 offset 240 failed (attempt 2/5): Message: no such window: target window already closed
from unknown error: web view not found
  (Session info: MicrosoftEdge=142.0.3595.80)
Stacktrace:
	GetHandleVerifier [0x0x7ff7abd52a75+51877]
	GetHandleVerifier [0x0x7ff7abd52ad4+51972]
	GetHandleVerifier [0x0x7ff7abf09425+1848405]
	(No symbol) [0x0x7ff7abaa0e5f]
	(No symbol) [0x0x7ff7abb374ec]
	(No symbol) [0x0x7ff7abb4ed0a]
	(No symbol) [0x0x7ff7abb31df3]
	(No symbol) [0x0x7ff7abb05b36]
	(No symbol) [0x0x7ff7abb04d80]
	(No symbol) [0x0x7ff7abb05973]
	(No symbol) [0x0x7ff7abbce4a5]
	(No symbol) [0x0x7ff7abbca75d]
	GetHandleVerifier [0x0x7ff7abd7d2b3+226019]
	GetHandleVerifier [0x0x7ff7abd6c481+156849]
	GetHandleVerifier [0x0x7ff7abd74979+190889]
	GetHandleVerifier [0x0x7ff7abd59bb4+80868]
	GetHandleVerifier [0x0x7ff7abd59d03+81203]
	GetHandleVerifier [0x0x7ff7abd48286+8886]
	BaseThreadInitThunk [0x0x7ff9c9b0e8d7+23]
	RtlUserThreadStart [0x0x7ff9cb08c53c+44]

[2025-11-19T12:39:24.299856] SCRAPER ratings fetch page 13 offset 240 failed (attempt 3/5): Message: no such window: target window already closed
from unknown error: web view not found
  (Session info: MicrosoftEdge=142.0.3595.80)
Stacktrace:
	GetHandleVerifier [0x0x7ff7abd52a75+51877]
	GetHandleVerifier [0x0x7ff7abd52ad4+51972]
	GetHandleVerifier [0x0x7ff7abf09425+1848405]
	(No symbol) [0x0x7ff7abaa0e5f]
	(No symbol) [0x0x7ff7abb374ec]
	(No symbol) [0x0x7ff7abb4ed0a]
	(No symbol) [0x0x7ff7abb31df3]
	(No symbol) [0x0x7ff7abb05b36]
	(No symbol) [0x0x7ff7abb04d80]
	(No symbol) [0x0x7ff7abb05973]
	(No symbol) [0x0x7ff7abbce4a5]
	(No symbol) [0x0x7ff7abbca75d]
	GetHandleVerifier [0x0x7ff7abd7d2b3+226019]
	GetHandleVerifier [0x0x7ff7abd6c481+156849]
	GetHandleVerifier [0x0x7ff7abd74979+190889]
	GetHandleVerifier [0x0x7ff7abd59bb4+80868]
	GetHandleVerifier [0x0x7ff7abd59d03+81203]
	GetHandleVerifier [0x0x7ff7abd48286+8886]
	BaseThreadInitThunk [0x0x7ff9c9b0e8d7+23]
	RtlUserThreadStart [0x0x7ff9cb08c53c+44]

[2025-11-19T12:39:28.318375] SCRAPER ratings fetch page 13 offset 240 failed (attempt 4/5): Message: no such window: target window already closed
from unknown error: web view not found
  (Session info: MicrosoftEdge=142.0.3595.80)
Stacktrace:
	GetHandleVerifier [0x0x7ff7abd52a75+51877]
	GetHandleVerifier [0x0x7ff7abd52ad4+51972]
	GetHandleVerifier [0x0x7ff7abf09425+1848405]
	(No symbol) [0x0x7ff7abaa0e5f]
	(No symbol) [0x0x7ff7abb374ec]
	(No symbol) [0x0x7ff7abb4ed0a]
	(No symbol) [0x0x7ff7abb31df3]
	(No symbol) [0x0x7ff7abb05b36]
	(No symbol) [0x0x7ff7abb04d80]
	(No symbol) [0x0x7ff7abb05973]
	(No symbol) [0x0x7ff7abbce4a5]
	(No symbol) [0x0x7ff7abbca75d]
	GetHandleVerifier [0x0x7ff7abd7d2b3+226019]
	GetHandleVerifier [0x0x7ff7abd6c481+156849]
	GetHandleVerifier [0x0x7ff7abd74979+190889]
	GetHandleVerifier [0x0x7ff7abd59bb4+80868]
	GetHandleVerifier [0x0x7ff7abd59d03+81203]
	GetHandleVerifier [0x0x7ff7abd48286+8886]
	BaseThreadInitThunk [0x0x7ff9c9b0e8d7+23]
	RtlUserThreadStart [0x0x7ff9cb08c53c+44]

[2025-11-19T12:39:33.332907] SCRAPER ratings fetch page 13 offset 240 failed (attempt 5/5): Message: no such window: target window already closed
from unknown error: web view not found
  (Session info: MicrosoftEdge=142.0.3595.80)
Stacktrace:
	GetHandleVerifier [0x0x7ff7abd52a75+51877]
	GetHandleVerifier [0x0x7ff7abd52ad4+51972]
	GetHandleVerifier [0x0x7ff7abf09425+1848405]
	(No symbol) [0x0x7ff7abaa0e5f]
	(No symbol) [0x0x7ff7abb374ec]
	(No symbol) [0x0x7ff7abb4ed0a]
	(No symbol) [0x0x7ff7abb31df3]
	(No symbol) [0x0x7ff7abb05b36]
	(No symbol) [0x0x7ff7abb04d80]
	(No symbol) [0x0x7ff7abb05973]
	(No symbol) [0x0x7ff7abbce4a5]
	(No symbol) [0x0x7ff7abbca75d]
	GetHandleVerifier [0x0x7ff7abd7d2b3+226019]
	GetHandleVerifier [0x0x7ff7abd6c481+156849]
	GetHandleVerifier [0x0x7ff7abd74979+190889]
	GetHandleVerifier [0x0x7ff7abd59bb4+80868]
	GetHandleVerifier [0x0x7ff7abd59d03+81203]
	GetHandleVerifier [0x0x7ff7abd48286+8886]
	BaseThreadInitThunk [0x0x7ff9c9b0e8d7+23]
	RtlUserThreadStart [0x0x7ff9cb08c53c+44]

[2025-11-19T12:39:38.341234] SCRAPER skip page 13 after 5 failures; lanjut halaman berikutnya
[2025-11-19T12:39:38.343220] SCRAPER ratings fetch page 14 offset 260 failed (attempt 1/5): Message: no such window: target window already closed
from unknown error: web view not found
  (Session info: MicrosoftEdge=142.0.3595.80)
Stacktrace:
	GetHandleVerifier [0x0x7ff7abd52a75+51877]
	GetHandleVerifier [0x0x7ff7abd52ad4+51972]
	GetHandleVerifier [0x0x7ff7abf09425+1848405]
	(No symbol) [0x0x7ff7abaa0e5f]
	(No symbol) [0x0x7ff7abb374ec]
	(No symbol) [0x0x7ff7abb4ed0a]
	(No symbol) [0x0x7ff7abb31df3]
	(No symbol) [0x0x7ff7abb05b36]
	(No symbol) [0x0x7ff7abb04d80]
	(No symbol) [0x0x7ff7abb05973]
	(No symbol) [0x0x7ff7abbce4a5]
	(No symbol) [0x0x7ff7abbca75d]
	GetHandleVerifier [0x0x7ff7abd7d2b3+226019]
	GetHandleVerifier [0x0x7ff7abd6c481+156849]
	GetHandleVerifier [0x0x7ff7abd74979+190889]
	GetHandleVerifier [0x0x7ff7abd59bb4+80868]
	GetHandleVerifier [0x0x7ff7abd59d03+81203]
	GetHandleVerifier [0x0x7ff7abd48286+8886]
	BaseThreadInitThunk [0x0x7ff9c9b0e8d7+23]
	RtlUserThreadStart [0x0x7ff9cb08c53c+44]

[2025-11-19T12:39:40.345551] SCRAPER ratings fetch page 14 offset 260 failed (attempt 2/5): Message: no such window: target window already closed
from unknown error: web view not found
  (Session info: MicrosoftEdge=142.0.3595.80)
Stacktrace:
	GetHandleVerifier [0x0x7ff7abd52a75+51877]
	GetHandleVerifier [0x0x7ff7abd52ad4+51972]
	GetHandleVerifier [0x0x7ff7abf09425+1848405]
	(No symbol) [0x0x7ff7abaa0e5f]
	(No symbol) [0x0x7ff7abb374ec]
	(No symbol) [0x0x7ff7abb4ed0a]
	(No symbol) [0x0x7ff7abb31df3]
	(No symbol) [0x0x7ff7abb05b36]
	(No symbol) [0x0x7ff7abb04d80]
	(No symbol) [0x0x7ff7abb05973]
	(No symbol) [0x0x7ff7abbce4a5]
	(No symbol) [0x0x7ff7abbca75d]
	GetHandleVerifier [0x0x7ff7abd7d2b3+226019]
	GetHandleVerifier [0x0x7ff7abd6c481+156849]
	GetHandleVerifier [0x0x7ff7abd74979+190889]
	GetHandleVerifier [0x0x7ff7abd59bb4+80868]
	GetHandleVerifier [0x0x7ff7abd59d03+81203]
	GetHandleVerifier [0x0x7ff7abd48286+8886]
	BaseThreadInitThunk [0x0x7ff9c9b0e8d7+23]
	RtlUserThreadStart [0x0x7ff9cb08c53c+44]

[2025-11-19T12:39:43.349596] SCRAPER ratings fetch page 14 offset 260 failed (attempt 3/5): Message: no such window: target window already closed
from unknown error: web view not found
  (Session info: MicrosoftEdge=142.0.3595.80)
Stacktrace:
	GetHandleVerifier [0x0x7ff7abd52a75+51877]
	GetHandleVerifier [0x0x7ff7abd52ad4+51972]
	GetHandleVerifier [0x0x7ff7abf09425+1848405]
	(No symbol) [0x0x7ff7abaa0e5f]
	(No symbol) [0x0x7ff7abb374ec]
	(No symbol) [0x0x7ff7abb4ed0a]
	(No symbol) [0x0x7ff7abb31df3]
	(No symbol) [0x0x7ff7abb05b36]
	(No symbol) [0x0x7ff7abb04d80]
	(No symbol) [0x0x7ff7abb05973]
	(No symbol) [0x0x7ff7abbce4a5]
	(No symbol) [0x0x7ff7abbca75d]
	GetHandleVerifier [0x0x7ff7abd7d2b3+226019]
	GetHandleVerifier [0x0x7ff7abd6c481+156849]
	GetHandleVerifier [0x0x7ff7abd74979+190889]
	GetHandleVerifier [0x0x7ff7abd59bb4+80868]
	GetHandleVerifier [0x0x7ff7abd59d03+81203]
	GetHandleVerifier [0x0x7ff7abd48286+8886]
	BaseThreadInitThunk [0x0x7ff9c9b0e8d7+23]
	RtlUserThreadStart [0x0x7ff9cb08c53c+44]

[2025-11-19T12:39:47.362588] SCRAPER ratings fetch page 14 offset 260 failed (attempt 4/5): Message: no such window: target window already closed
from unknown error: web view not found
  (Session info: MicrosoftEdge=142.0.3595.80)
Stacktrace:
	GetHandleVerifier [0x0x7ff7abd52a75+51877]
	GetHandleVerifier [0x0x7ff7abd52ad4+51972]
	GetHandleVerifier [0x0x7ff7abf09425+1848405]
	(No symbol) [0x0x7ff7abaa0e5f]
	(No symbol) [0x0x7ff7abb374ec]
	(No symbol) [0x0x7ff7abb4ed0a]
	(No symbol) [0x0x7ff7abb31df3]
	(No symbol) [0x0x7ff7abb05b36]
	(No symbol) [0x0x7ff7abb04d80]
	(No symbol) [0x0x7ff7abb05973]
	(No symbol) [0x0x7ff7abbce4a5]
	(No symbol) [0x0x7ff7abbca75d]
	GetHandleVerifier [0x0x7ff7abd7d2b3+226019]
	GetHandleVerifier [0x0x7ff7abd6c481+156849]
	GetHandleVerifier [0x0x7ff7abd74979+190889]
	GetHandleVerifier [0x0x7ff7abd59bb4+80868]
	GetHandleVerifier [0x0x7ff7abd59d03+81203]
	GetHandleVerifier [0x0x7ff7abd48286+8886]
	BaseThreadInitThunk [0x0x7ff9c9b0e8d7+23]
	RtlUserThreadStart [0x0x7ff9cb08c53c+44]

[2025-11-19T12:39:52.374571] SCRAPER ratings fetch page 14 offset 260 failed (attempt 5/5): Message: no such window: target window already closed
from unknown error: web view not found
  (Session info: MicrosoftEdge=142.0.3595.80)
Stacktrace:
	GetHandleVerifier [0x0x7ff7abd52a75+51877]
	GetHandleVerifier [0x0x7ff7abd52ad4+51972]
	GetHandleVerifier [0x0x7ff7abf09425+1848405]
	(No symbol) [0x0x7ff7abaa0e5f]
	(No symbol) [0x0x7ff7abb374ec]
	(No symbol) [0x0x7ff7abb4ed0a]
	(No symbol) [0x0x7ff7abb31df3]
	(No symbol) [0x0x7ff7abb05b36]
	(No symbol) [0x0x7ff7abb04d80]
	(No symbol) [0x0x7ff7abb05973]
	(No symbol) [0x0x7ff7abbce4a5]
	(No symbol) [0x0x7ff7abbca75d]
	GetHandleVerifier [0x0x7ff7abd7d2b3+226019]
	GetHandleVerifier [0x0x7ff7abd6c481+156849]
	GetHandleVerifier [0x0x7ff7abd74979+190889]
	GetHandleVerifier [0x0x7ff7abd59bb4+80868]
	GetHandleVerifier [0x0x7ff7abd59d03+81203]
	GetHandleVerifier [0x0x7ff7abd48286+8886]
	BaseThreadInitThunk [0x0x7ff9c9b0e8d7+23]
	RtlUserThreadStart [0x0x7ff9cb08c53c+44]

[2025-11-19T12:39:57.384242] SCRAPER skip page 14 after 5 failures; lanjut halaman berikutnya
[2025-11-19T12:39:57.386230] SCRAPER ratings fetch page 15 offset 280 failed (attempt 1/5): Message: no such window: target window already closed
from unknown error: web view not found
  (Session info: MicrosoftEdge=142.0.3595.80)
Stacktrace:
	GetHandleVerifier [0x0x7ff7abd52a75+51877]
	GetHandleVerifier [0x0x7ff7abd52ad4+51972]
	GetHandleVerifier [0x0x7ff7abf09425+1848405]
	(No symbol) [0x0x7ff7abaa0e5f]
	(No symbol) [0x0x7ff7abb374ec]
	(No symbol) [0x0x7ff7abb4ed0a]
	(No symbol) [0x0x7ff7abb31df3]
	(No symbol) [0x0x7ff7abb05b36]
	(No symbol) [0x0x7ff7abb04d80]
	(No symbol) [0x0x7ff7abb05973]
	(No symbol) [0x0x7ff7abbce4a5]
	(No symbol) [0x0x7ff7abbca75d]
	GetHandleVerifier [0x0x7ff7abd7d2b3+226019]
	GetHandleVerifier [0x0x7ff7abd6c481+156849]
	GetHandleVerifier [0x0x7ff7abd74979+190889]
	GetHandleVerifier [0x0x7ff7abd59bb4+80868]
	GetHandleVerifier [0x0x7ff7abd59d03+81203]
	GetHandleVerifier [0x0x7ff7abd48286+8886]
	BaseThreadInitThunk [0x0x7ff9c9b0e8d7+23]
	RtlUserThreadStart [0x0x7ff9cb08c53c+44]

[2025-11-19T12:39:59.399401] SCRAPER ratings fetch page 15 offset 280 failed (attempt 2/5): Message: no such window: target window already closed
from unknown error: web view not found
  (Session info: MicrosoftEdge=142.0.3595.80)
Stacktrace:
	GetHandleVerifier [0x0x7ff7abd52a75+51877]
	GetHandleVerifier [0x0x7ff7abd52ad4+51972]
	GetHandleVerifier [0x0x7ff7abf09425+1848405]
	(No symbol) [0x0x7ff7abaa0e5f]
	(No symbol) [0x0x7ff7abb374ec]
	(No symbol) [0x0x7ff7abb4ed0a]
	(No symbol) [0x0x7ff7abb31df3]
	(No symbol) [0x0x7ff7abb05b36]
	(No symbol) [0x0x7ff7abb04d80]
	(No symbol) [0x0x7ff7abb05973]
	(No symbol) [0x0x7ff7abbce4a5]
	(No symbol) [0x0x7ff7abbca75d]
	GetHandleVerifier [0x0x7ff7abd7d2b3+226019]
	GetHandleVerifier [0x0x7ff7abd6c481+156849]
	GetHandleVerifier [0x0x7ff7abd74979+190889]
	GetHandleVerifier [0x0x7ff7abd59bb4+80868]
	GetHandleVerifier [0x0x7ff7abd59d03+81203]
	GetHandleVerifier [0x0x7ff7abd48286+8886]
	BaseThreadInitThunk [0x0x7ff9c9b0e8d7+23]
	RtlUserThreadStart [0x0x7ff9cb08c53c+44]

[2025-11-19T12:40:02.415641] SCRAPER ratings fetch page 15 offset 280 failed (attempt 3/5): Message: no such window: target window already closed
from unknown error: web view not found
  (Session info: MicrosoftEdge=142.0.3595.80)
Stacktrace:
	GetHandleVerifier [0x0x7ff7abd52a75+51877]
	GetHandleVerifier [0x0x7ff7abd52ad4+51972]
	GetHandleVerifier [0x0x7ff7abf09425+1848405]
	(No symbol) [0x0x7ff7abaa0e5f]
	(No symbol) [0x0x7ff7abb374ec]
	(No symbol) [0x0x7ff7abb4ed0a]
	(No symbol) [0x0x7ff7abb31df3]
	(No symbol) [0x0x7ff7abb05b36]
	(No symbol) [0x0x7ff7abb04d80]
	(No symbol) [0x0x7ff7abb05973]
	(No symbol) [0x0x7ff7abbce4a5]
	(No symbol) [0x0x7ff7abbca75d]
	GetHandleVerifier [0x0x7ff7abd7d2b3+226019]
	GetHandleVerifier [0x0x7ff7abd6c481+156849]
	GetHandleVerifier [0x0x7ff7abd74979+190889]
	GetHandleVerifier [0x0x7ff7abd59bb4+80868]
	GetHandleVerifier [0x0x7ff7abd59d03+81203]
	GetHandleVerifier [0x0x7ff7abd48286+8886]
	BaseThreadInitThunk [0x0x7ff9c9b0e8d7+23]
	RtlUserThreadStart [0x0x7ff9cb08c53c+44]

[2025-11-19T12:40:06.421634] SCRAPER ratings fetch page 15 offset 280 failed (attempt 4/5): Message: no such window: target window already closed
from unknown error: web view not found
  (Session info: MicrosoftEdge=142.0.3595.80)
Stacktrace:
	GetHandleVerifier [0x0x7ff7abd52a75+51877]
	GetHandleVerifier [0x0x7ff7abd52ad4+51972]
	GetHandleVerifier [0x0x7ff7abf09425+1848405]
	(No symbol) [0x0x7ff7abaa0e5f]
	(No symbol) [0x0x7ff7abb374ec]
	(No symbol) [0x0x7ff7abb4ed0a]
	(No symbol) [0x0x7ff7abb31df3]
	(No symbol) [0x0x7ff7abb05b36]
	(No symbol) [0x0x7ff7abb04d80]
	(No symbol) [0x0x7ff7abb05973]
	(No symbol) [0x0x7ff7abbce4a5]
	(No symbol) [0x0x7ff7abbca75d]
	GetHandleVerifier [0x0x7ff7abd7d2b3+226019]
	GetHandleVerifier [0x0x7ff7abd6c481+156849]
	GetHandleVerifier [0x0x7ff7abd74979+190889]
	GetHandleVerifier [0x0x7ff7abd59bb4+80868]
	GetHandleVerifier [0x0x7ff7abd59d03+81203]
	GetHandleVerifier [0x0x7ff7abd48286+8886]
	BaseThreadInitThunk [0x0x7ff9c9b0e8d7+23]
	RtlUserThreadStart [0x0x7ff9cb08c53c+44]

[2025-11-19T12:40:11.432198] SCRAPER ratings fetch page 15 offset 280 failed (attempt 5/5): Message: no such window: target window already closed
from unknown error: web view not found
  (Session info: MicrosoftEdge=142.0.3595.80)
Stacktrace:
	GetHandleVerifier [0x0x7ff7abd52a75+51877]
	GetHandleVerifier [0x0x7ff7abd52ad4+51972]
	GetHandleVerifier [0x0x7ff7abf09425+1848405]
	(No symbol) [0x0x7ff7abaa0e5f]
	(No symbol) [0x0x7ff7abb374ec]
	(No symbol) [0x0x7ff7abb4ed0a]
	(No symbol) [0x0x7ff7abb31df3]
	(No symbol) [0x0x7ff7abb05b36]
	(No symbol) [0x0x7ff7abb04d80]
	(No symbol) [0x0x7ff7abb05973]
	(No symbol) [0x0x7ff7abbce4a5]
	(No symbol) [0x0x7ff7abbca75d]
	GetHandleVerifier [0x0x7ff7abd7d2b3+226019]
	GetHandleVerifier [0x0x7ff7abd6c481+156849]
	GetHandleVerifier [0x0x7ff7abd74979+190889]
	GetHandleVerifier [0x0x7ff7abd59bb4+80868]
	GetHandleVerifier [0x0x7ff7abd59d03+81203]
	GetHandleVerifier [0x0x7ff7abd48286+8886]
	BaseThreadInitThunk [0x0x7ff9c9b0e8d7+23]
	RtlUserThreadStart [0x0x7ff9cb08c53c+44]

[2025-11-19T12:40:16.435576] SCRAPER skip page 15 after 5 failures; lanjut halaman berikutnya
[2025-11-19T12:40:16.438386] SCRAPER ratings fetch page 16 offset 300 failed (attempt 1/5): Message: no such window: target window already closed
from unknown error: web view not found
  (Session info: MicrosoftEdge=142.0.3595.80)
Stacktrace:
	GetHandleVerifier [0x0x7ff7abd52a75+51877]
	GetHandleVerifier [0x0x7ff7abd52ad4+51972]
	GetHandleVerifier [0x0x7ff7abf09425+1848405]
	(No symbol) [0x0x7ff7abaa0e5f]
	(No symbol) [0x0x7ff7abb374ec]
	(No symbol) [0x0x7ff7abb4ed0a]
	(No symbol) [0x0x7ff7abb31df3]
	(No symbol) [0x0x7ff7abb05b36]
	(No symbol) [0x0x7ff7abb04d80]
	(No symbol) [0x0x7ff7abb05973]
	(No symbol) [0x0x7ff7abbce4a5]
	(No symbol) [0x0x7ff7abbca75d]
	GetHandleVerifier [0x0x7ff7abd7d2b3+226019]
	GetHandleVerifier [0x0x7ff7abd6c481+156849]
	GetHandleVerifier [0x0x7ff7abd74979+190889]
	GetHandleVerifier [0x0x7ff7abd59bb4+80868]
	GetHandleVerifier [0x0x7ff7abd59d03+81203]
	GetHandleVerifier [0x0x7ff7abd48286+8886]
	BaseThreadInitThunk [0x0x7ff9c9b0e8d7+23]
	RtlUserThreadStart [0x0x7ff9cb08c53c+44]

[2025-11-19T12:40:18.444622] SCRAPER ratings fetch page 16 offset 300 failed (attempt 2/5): Message: no such window: target window already closed
from unknown error: web view not found
  (Session info: MicrosoftEdge=142.0.3595.80)
Stacktrace:
	GetHandleVerifier [0x0x7ff7abd52a75+51877]
	GetHandleVerifier [0x0x7ff7abd52ad4+51972]
	GetHandleVerifier [0x0x7ff7abf09425+1848405]
	(No symbol) [0x0x7ff7abaa0e5f]
	(No symbol) [0x0x7ff7abb374ec]
	(No symbol) [0x0x7ff7abb4ed0a]
	(No symbol) [0x0x7ff7abb31df3]
	(No symbol) [0x0x7ff7abb05b36]
	(No symbol) [0x0x7ff7abb04d80]
	(No symbol) [0x0x7ff7abb05973]
	(No symbol) [0x0x7ff7abbce4a5]
	(No symbol) [0x0x7ff7abbca75d]
	GetHandleVerifier [0x0x7ff7abd7d2b3+226019]
	GetHandleVerifier [0x0x7ff7abd6c481+156849]
	GetHandleVerifier [0x0x7ff7abd74979+190889]
	GetHandleVerifier [0x0x7ff7abd59bb4+80868]
	GetHandleVerifier [0x0x7ff7abd59d03+81203]
	GetHandleVerifier [0x0x7ff7abd48286+8886]
	BaseThreadInitThunk [0x0x7ff9c9b0e8d7+23]
	RtlUserThreadStart [0x0x7ff9cb08c53c+44]

[2025-11-19T12:40:21.457648] SCRAPER ratings fetch page 16 offset 300 failed (attempt 3/5): Message: no such window: target window already closed
from unknown error: web view not found
  (Session info: MicrosoftEdge=142.0.3595.80)
Stacktrace:
	GetHandleVerifier [0x0x7ff7abd52a75+51877]
	GetHandleVerifier [0x0x7ff7abd52ad4+51972]
	GetHandleVerifier [0x0x7ff7abf09425+1848405]
	(No symbol) [0x0x7ff7abaa0e5f]
	(No symbol) [0x0x7ff7abb374ec]
	(No symbol) [0x0x7ff7abb4ed0a]
	(No symbol) [0x0x7ff7abb31df3]
	(No symbol) [0x0x7ff7abb05b36]
	(No symbol) [0x0x7ff7abb04d80]
	(No symbol) [0x0x7ff7abb05973]
	(No symbol) [0x0x7ff7abbce4a5]
	(No symbol) [0x0x7ff7abbca75d]
	GetHandleVerifier [0x0x7ff7abd7d2b3+226019]
	GetHandleVerifier [0x0x7ff7abd6c481+156849]
	GetHandleVerifier [0x0x7ff7abd74979+190889]
	GetHandleVerifier [0x0x7ff7abd59bb4+80868]
	GetHandleVerifier [0x0x7ff7abd59d03+81203]
	GetHandleVerifier [0x0x7ff7abd48286+8886]
	BaseThreadInitThunk [0x0x7ff9c9b0e8d7+23]
	RtlUserThreadStart [0x0x7ff9cb08c53c+44]

[2025-11-19T12:40:25.462708] SCRAPER ratings fetch page 16 offset 300 failed (attempt 4/5): Message: no such window: target window already closed
from unknown error: web view not found
  (Session info: MicrosoftEdge=142.0.3595.80)
Stacktrace:
	GetHandleVerifier [0x0x7ff7abd52a75+51877]
	GetHandleVerifier [0x0x7ff7abd52ad4+51972]
	GetHandleVerifier [0x0x7ff7abf09425+1848405]
	(No symbol) [0x0x7ff7abaa0e5f]
	(No symbol) [0x0x7ff7abb374ec]
	(No symbol) [0x0x7ff7abb4ed0a]
	(No symbol) [0x0x7ff7abb31df3]
	(No symbol) [0x0x7ff7abb05b36]
	(No symbol) [0x0x7ff7abb04d80]
	(No symbol) [0x0x7ff7abb05973]
	(No symbol) [0x0x7ff7abbce4a5]
	(No symbol) [0x0x7ff7abbca75d]
	GetHandleVerifier [0x0x7ff7abd7d2b3+226019]
	GetHandleVerifier [0x0x7ff7abd6c481+156849]
	GetHandleVerifier [0x0x7ff7abd74979+190889]
	GetHandleVerifier [0x0x7ff7abd59bb4+80868]
	GetHandleVerifier [0x0x7ff7abd59d03+81203]
	GetHandleVerifier [0x0x7ff7abd48286+8886]
	BaseThreadInitThunk [0x0x7ff9c9b0e8d7+23]
	RtlUserThreadStart [0x0x7ff9cb08c53c+44]

[2025-11-19T12:40:30.470704] SCRAPER ratings fetch page 16 offset 300 failed (attempt 5/5): Message: no such window: target window already closed
from unknown error: web view not found
  (Session info: MicrosoftEdge=142.0.3595.80)
Stacktrace:
	GetHandleVerifier [0x0x7ff7abd52a75+51877]
	GetHandleVerifier [0x0x7ff7abd52ad4+51972]
	GetHandleVerifier [0x0x7ff7abf09425+1848405]
	(No symbol) [0x0x7ff7abaa0e5f]
	(No symbol) [0x0x7ff7abb374ec]
	(No symbol) [0x0x7ff7abb4ed0a]
	(No symbol) [0x0x7ff7abb31df3]
	(No symbol) [0x0x7ff7abb05b36]
	(No symbol) [0x0x7ff7abb04d80]
	(No symbol) [0x0x7ff7abb05973]
	(No symbol) [0x0x7ff7abbce4a5]
	(No symbol) [0x0x7ff7abbca75d]
	GetHandleVerifier [0x0x7ff7abd7d2b3+226019]
	GetHandleVerifier [0x0x7ff7abd6c481+156849]
	GetHandleVerifier [0x0x7ff7abd74979+190889]
	GetHandleVerifier [0x0x7ff7abd59bb4+80868]
	GetHandleVerifier [0x0x7ff7abd59d03+81203]
	GetHandleVerifier [0x0x7ff7abd48286+8886]
	BaseThreadInitThunk [0x0x7ff9c9b0e8d7+23]
	RtlUserThreadStart [0x0x7ff9cb08c53c+44]

[2025-11-19T12:40:35.484290] SCRAPER skip page 16 after 5 failures; lanjut halaman berikutnya
[2025-11-19T12:40:35.487150] SCRAPER ratings fetch page 17 offset 320 failed (attempt 1/5): Message: no such window: target window already closed
from unknown error: web view not found
  (Session info: MicrosoftEdge=142.0.3595.80)
Stacktrace:
	GetHandleVerifier [0x0x7ff7abd52a75+51877]
	GetHandleVerifier [0x0x7ff7abd52ad4+51972]
	GetHandleVerifier [0x0x7ff7abf09425+1848405]
	(No symbol) [0x0x7ff7abaa0e5f]
	(No symbol) [0x0x7ff7abb374ec]
	(No symbol) [0x0x7ff7abb4ed0a]
	(No symbol) [0x0x7ff7abb31df3]
	(No symbol) [0x0x7ff7abb05b36]
	(No symbol) [0x0x7ff7abb04d80]
	(No symbol) [0x0x7ff7abb05973]
	(No symbol) [0x0x7ff7abbce4a5]
	(No symbol) [0x0x7ff7abbca75d]
	GetHandleVerifier [0x0x7ff7abd7d2b3+226019]
	GetHandleVerifier [0x0x7ff7abd6c481+156849]
	GetHandleVerifier [0x0x7ff7abd74979+190889]
	GetHandleVerifier [0x0x7ff7abd59bb4+80868]
	GetHandleVerifier [0x0x7ff7abd59d03+81203]
	GetHandleVerifier [0x0x7ff7abd48286+8886]
	BaseThreadInitThunk [0x0x7ff9c9b0e8d7+23]
	RtlUserThreadStart [0x0x7ff9cb08c53c+44]

[2025-11-19T12:40:37.499756] SCRAPER ratings fetch page 17 offset 320 failed (attempt 2/5): Message: no such window: target window already closed
from unknown error: web view not found
  (Session info: MicrosoftEdge=142.0.3595.80)
Stacktrace:
	GetHandleVerifier [0x0x7ff7abd52a75+51877]
	GetHandleVerifier [0x0x7ff7abd52ad4+51972]
	GetHandleVerifier [0x0x7ff7abf09425+1848405]
	(No symbol) [0x0x7ff7abaa0e5f]
	(No symbol) [0x0x7ff7abb374ec]
	(No symbol) [0x0x7ff7abb4ed0a]
	(No symbol) [0x0x7ff7abb31df3]
	(No symbol) [0x0x7ff7abb05b36]
	(No symbol) [0x0x7ff7abb04d80]
	(No symbol) [0x0x7ff7abb05973]
	(No symbol) [0x0x7ff7abbce4a5]
	(No symbol) [0x0x7ff7abbca75d]
	GetHandleVerifier [0x0x7ff7abd7d2b3+226019]
	GetHandleVerifier [0x0x7ff7abd6c481+156849]
	GetHandleVerifier [0x0x7ff7abd74979+190889]
	GetHandleVerifier [0x0x7ff7abd59bb4+80868]
	GetHandleVerifier [0x0x7ff7abd59d03+81203]
	GetHandleVerifier [0x0x7ff7abd48286+8886]
	BaseThreadInitThunk [0x0x7ff9c9b0e8d7+23]
	RtlUserThreadStart [0x0x7ff9cb08c53c+44]

[2025-11-19T12:40:40.504147] SCRAPER ratings fetch page 17 offset 320 failed (attempt 3/5): Message: no such window: target window already closed
from unknown error: web view not found
  (Session info: MicrosoftEdge=142.0.3595.80)
Stacktrace:
	GetHandleVerifier [0x0x7ff7abd52a75+51877]
	GetHandleVerifier [0x0x7ff7abd52ad4+51972]
	GetHandleVerifier [0x0x7ff7abf09425+1848405]
	(No symbol) [0x0x7ff7abaa0e5f]
	(No symbol) [0x0x7ff7abb374ec]
	(No symbol) [0x0x7ff7abb4ed0a]
	(No symbol) [0x0x7ff7abb31df3]
	(No symbol) [0x0x7ff7abb05b36]
	(No symbol) [0x0x7ff7abb04d80]
	(No symbol) [0x0x7ff7abb05973]
	(No symbol) [0x0x7ff7abbce4a5]
	(No symbol) [0x0x7ff7abbca75d]
	GetHandleVerifier [0x0x7ff7abd7d2b3+226019]
	GetHandleVerifier [0x0x7ff7abd6c481+156849]
	GetHandleVerifier [0x0x7ff7abd74979+190889]
	GetHandleVerifier [0x0x7ff7abd59bb4+80868]
	GetHandleVerifier [0x0x7ff7abd59d03+81203]
	GetHandleVerifier [0x0x7ff7abd48286+8886]
	BaseThreadInitThunk [0x0x7ff9c9b0e8d7+23]
	RtlUserThreadStart [0x0x7ff9cb08c53c+44]

[2025-11-19T12:40:44.518316] SCRAPER ratings fetch page 17 offset 320 failed (attempt 4/5): Message: no such window: target window already closed
from unknown error: web view not found
  (Session info: MicrosoftEdge=142.0.3595.80)
Stacktrace:
	GetHandleVerifier [0x0x7ff7abd52a75+51877]
	GetHandleVerifier [0x0x7ff7abd52ad4+51972]
	GetHandleVerifier [0x0x7ff7abf09425+1848405]
	(No symbol) [0x0x7ff7abaa0e5f]
	(No symbol) [0x0x7ff7abb374ec]
	(No symbol) [0x0x7ff7abb4ed0a]
	(No symbol) [0x0x7ff7abb31df3]
	(No symbol) [0x0x7ff7abb05b36]
	(No symbol) [0x0x7ff7abb04d80]
	(No symbol) [0x0x7ff7abb05973]
	(No symbol) [0x0x7ff7abbce4a5]
	(No symbol) [0x0x7ff7abbca75d]
	GetHandleVerifier [0x0x7ff7abd7d2b3+226019]
	GetHandleVerifier [0x0x7ff7abd6c481+156849]
	GetHandleVerifier [0x0x7ff7abd74979+190889]
	GetHandleVerifier [0x0x7ff7abd59bb4+80868]
	GetHandleVerifier [0x0x7ff7abd59d03+81203]
	GetHandleVerifier [0x0x7ff7abd48286+8886]
	BaseThreadInitThunk [0x0x7ff9c9b0e8d7+23]
	RtlUserThreadStart [0x0x7ff9cb08c53c+44]

[2025-11-19T12:40:49.545362] SCRAPER ratings fetch page 17 offset 320 failed (attempt 5/5): Message: no such window: target window already closed
from unknown error: web view not found
  (Session info: MicrosoftEdge=142.0.3595.80)
Stacktrace:
	GetHandleVerifier [0x0x7ff7abd52a75+51877]
	GetHandleVerifier [0x0x7ff7abd52ad4+51972]
	GetHandleVerifier [0x0x7ff7abf09425+1848405]
	(No symbol) [0x0x7ff7abaa0e5f]
	(No symbol) [0x0x7ff7abb374ec]
	(No symbol) [0x0x7ff7abb4ed0a]
	(No symbol) [0x0x7ff7abb31df3]
	(No symbol) [0x0x7ff7abb05b36]
	(No symbol) [0x0x7ff7abb04d80]
	(No symbol) [0x0x7ff7abb05973]
	(No symbol) [0x0x7ff7abbce4a5]
	(No symbol) [0x0x7ff7abbca75d]
	GetHandleVerifier [0x0x7ff7abd7d2b3+226019]
	GetHandleVerifier [0x0x7ff7abd6c481+156849]
	GetHandleVerifier [0x0x7ff7abd74979+190889]
	GetHandleVerifier [0x0x7ff7abd59bb4+80868]
	GetHandleVerifier [0x0x7ff7abd59d03+81203]
	GetHandleVerifier [0x0x7ff7abd48286+8886]
	BaseThreadInitThunk [0x0x7ff9c9b0e8d7+23]
	RtlUserThreadStart [0x0x7ff9cb08c53c+44]

[2025-11-19T12:40:54.552253] SCRAPER skip page 17 after 5 failures; lanjut halaman berikutnya
[2025-11-19T12:40:54.554195] SCRAPER ratings fetch page 18 offset 340 failed (attempt 1/5): Message: no such window: target window already closed
from unknown error: web view not found
  (Session info: MicrosoftEdge=142.0.3595.80)
Stacktrace:
	GetHandleVerifier [0x0x7ff7abd52a75+51877]
	GetHandleVerifier [0x0x7ff7abd52ad4+51972]
	GetHandleVerifier [0x0x7ff7abf09425+1848405]
	(No symbol) [0x0x7ff7abaa0e5f]
	(No symbol) [0x0x7ff7abb374ec]
	(No symbol) [0x0x7ff7abb4ed0a]
	(No symbol) [0x0x7ff7abb31df3]
	(No symbol) [0x0x7ff7abb05b36]
	(No symbol) [0x0x7ff7abb04d80]
	(No symbol) [0x0x7ff7abb05973]
	(No symbol) [0x0x7ff7abbce4a5]
	(No symbol) [0x0x7ff7abbca75d]
	GetHandleVerifier [0x0x7ff7abd7d2b3+226019]
	GetHandleVerifier [0x0x7ff7abd6c481+156849]
	GetHandleVerifier [0x0x7ff7abd74979+190889]
	GetHandleVerifier [0x0x7ff7abd59bb4+80868]
	GetHandleVerifier [0x0x7ff7abd59d03+81203]
	GetHandleVerifier [0x0x7ff7abd48286+8886]
	BaseThreadInitThunk [0x0x7ff9c9b0e8d7+23]
	RtlUserThreadStart [0x0x7ff9cb08c53c+44]

[2025-11-19T12:40:56.563986] SCRAPER ratings fetch page 18 offset 340 failed (attempt 2/5): Message: no such window: target window already closed
from unknown error: web view not found
  (Session info: MicrosoftEdge=142.0.3595.80)
Stacktrace:
	GetHandleVerifier [0x0x7ff7abd52a75+51877]
	GetHandleVerifier [0x0x7ff7abd52ad4+51972]
	GetHandleVerifier [0x0x7ff7abf09425+1848405]
	(No symbol) [0x0x7ff7abaa0e5f]
	(No symbol) [0x0x7ff7abb374ec]
	(No symbol) [0x0x7ff7abb4ed0a]
	(No symbol) [0x0x7ff7abb31df3]
	(No symbol) [0x0x7ff7abb05b36]
	(No symbol) [0x0x7ff7abb04d80]
	(No symbol) [0x0x7ff7abb05973]
	(No symbol) [0x0x7ff7abbce4a5]
	(No symbol) [0x0x7ff7abbca75d]
	GetHandleVerifier [0x0x7ff7abd7d2b3+226019]
	GetHandleVerifier [0x0x7ff7abd6c481+156849]
	GetHandleVerifier [0x0x7ff7abd74979+190889]
	GetHandleVerifier [0x0x7ff7abd59bb4+80868]
	GetHandleVerifier [0x0x7ff7abd59d03+81203]
	GetHandleVerifier [0x0x7ff7abd48286+8886]
	BaseThreadInitThunk [0x0x7ff9c9b0e8d7+23]
	RtlUserThreadStart [0x0x7ff9cb08c53c+44]

[2025-11-19T12:40:59.567045] SCRAPER ratings fetch page 18 offset 340 failed (attempt 3/5): Message: no such window: target window already closed
from unknown error: web view not found
  (Session info: MicrosoftEdge=142.0.3595.80)
Stacktrace:
	GetHandleVerifier [0x0x7ff7abd52a75+51877]
	GetHandleVerifier [0x0x7ff7abd52ad4+51972]
	GetHandleVerifier [0x0x7ff7abf09425+1848405]
	(No symbol) [0x0x7ff7abaa0e5f]
	(No symbol) [0x0x7ff7abb374ec]
	(No symbol) [0x0x7ff7abb4ed0a]
	(No symbol) [0x0x7ff7abb31df3]
	(No symbol) [0x0x7ff7abb05b36]
	(No symbol) [0x0x7ff7abb04d80]
	(No symbol) [0x0x7ff7abb05973]
	(No symbol) [0x0x7ff7abbce4a5]
	(No symbol) [0x0x7ff7abbca75d]
	GetHandleVerifier [0x0x7ff7abd7d2b3+226019]
	GetHandleVerifier [0x0x7ff7abd6c481+156849]
	GetHandleVerifier [0x0x7ff7abd74979+190889]
	GetHandleVerifier [0x0x7ff7abd59bb4+80868]
	GetHandleVerifier [0x0x7ff7abd59d03+81203]
	GetHandleVerifier [0x0x7ff7abd48286+8886]
	BaseThreadInitThunk [0x0x7ff9c9b0e8d7+23]
	RtlUserThreadStart [0x0x7ff9cb08c53c+44]

[2025-11-19T12:41:03.583123] SCRAPER ratings fetch page 18 offset 340 failed (attempt 4/5): Message: no such window: target window already closed
from unknown error: web view not found
  (Session info: MicrosoftEdge=142.0.3595.80)
Stacktrace:
	GetHandleVerifier [0x0x7ff7abd52a75+51877]
	GetHandleVerifier [0x0x7ff7abd52ad4+51972]
	GetHandleVerifier [0x0x7ff7abf09425+1848405]
	(No symbol) [0x0x7ff7abaa0e5f]
	(No symbol) [0x0x7ff7abb374ec]
	(No symbol) [0x0x7ff7abb4ed0a]
	(No symbol) [0x0x7ff7abb31df3]
	(No symbol) [0x0x7ff7abb05b36]
	(No symbol) [0x0x7ff7abb04d80]
	(No symbol) [0x0x7ff7abb05973]
	(No symbol) [0x0x7ff7abbce4a5]
	(No symbol) [0x0x7ff7abbca75d]
	GetHandleVerifier [0x0x7ff7abd7d2b3+226019]
	GetHandleVerifier [0x0x7ff7abd6c481+156849]
	GetHandleVerifier [0x0x7ff7abd74979+190889]
	GetHandleVerifier [0x0x7ff7abd59bb4+80868]
	GetHandleVerifier [0x0x7ff7abd59d03+81203]
	GetHandleVerifier [0x0x7ff7abd48286+8886]
	BaseThreadInitThunk [0x0x7ff9c9b0e8d7+23]
	RtlUserThreadStart [0x0x7ff9cb08c53c+44]

[2025-11-19T12:41:08.599125] SCRAPER ratings fetch page 18 offset 340 failed (attempt 5/5): Message: no such window: target window already closed
from unknown error: web view not found
  (Session info: MicrosoftEdge=142.0.3595.80)
Stacktrace:
	GetHandleVerifier [0x0x7ff7abd52a75+51877]
	GetHandleVerifier [0x0x7ff7abd52ad4+51972]
	GetHandleVerifier [0x0x7ff7abf09425+1848405]
	(No symbol) [0x0x7ff7abaa0e5f]
	(No symbol) [0x0x7ff7abb374ec]
	(No symbol) [0x0x7ff7abb4ed0a]
	(No symbol) [0x0x7ff7abb31df3]
	(No symbol) [0x0x7ff7abb05b36]
	(No symbol) [0x0x7ff7abb04d80]
	(No symbol) [0x0x7ff7abb05973]
	(No symbol) [0x0x7ff7abbce4a5]
	(No symbol) [0x0x7ff7abbca75d]
	GetHandleVerifier [0x0x7ff7abd7d2b3+226019]
	GetHandleVerifier [0x0x7ff7abd6c481+156849]
	GetHandleVerifier [0x0x7ff7abd74979+190889]
	GetHandleVerifier [0x0x7ff7abd59bb4+80868]
	GetHandleVerifier [0x0x7ff7abd59d03+81203]
	GetHandleVerifier [0x0x7ff7abd48286+8886]
	BaseThreadInitThunk [0x0x7ff9c9b0e8d7+23]
	RtlUserThreadStart [0x0x7ff9cb08c53c+44]

[2025-11-19T12:41:13.613821] SCRAPER skip page 18 after 5 failures; lanjut halaman berikutnya
[2025-11-19T12:41:13.616293] SCRAPER ratings fetch page 19 offset 360 failed (attempt 1/5): Message: no such window: target window already closed
from unknown error: web view not found
  (Session info: MicrosoftEdge=142.0.3595.80)
Stacktrace:
	GetHandleVerifier [0x0x7ff7abd52a75+51877]
	GetHandleVerifier [0x0x7ff7abd52ad4+51972]
	GetHandleVerifier [0x0x7ff7abf09425+1848405]
	(No symbol) [0x0x7ff7abaa0e5f]
	(No symbol) [0x0x7ff7abb374ec]
	(No symbol) [0x0x7ff7abb4ed0a]
	(No symbol) [0x0x7ff7abb31df3]
	(No symbol) [0x0x7ff7abb05b36]
	(No symbol) [0x0x7ff7abb04d80]
	(No symbol) [0x0x7ff7abb05973]
	(No symbol) [0x0x7ff7abbce4a5]
	(No symbol) [0x0x7ff7abbca75d]
	GetHandleVerifier [0x0x7ff7abd7d2b3+226019]
	GetHandleVerifier [0x0x7ff7abd6c481+156849]
	GetHandleVerifier [0x0x7ff7abd74979+190889]
	GetHandleVerifier [0x0x7ff7abd59bb4+80868]
	GetHandleVerifier [0x0x7ff7abd59d03+81203]
	GetHandleVerifier [0x0x7ff7abd48286+8886]
	BaseThreadInitThunk [0x0x7ff9c9b0e8d7+23]
	RtlUserThreadStart [0x0x7ff9cb08c53c+44]

[2025-11-19T12:41:15.620958] SCRAPER ratings fetch page 19 offset 360 failed (attempt 2/5): Message: no such window: target window already closed
from unknown error: web view not found
  (Session info: MicrosoftEdge=142.0.3595.80)
Stacktrace:
	GetHandleVerifier [0x0x7ff7abd52a75+51877]
	GetHandleVerifier [0x0x7ff7abd52ad4+51972]
	GetHandleVerifier [0x0x7ff7abf09425+1848405]
	(No symbol) [0x0x7ff7abaa0e5f]
	(No symbol) [0x0x7ff7abb374ec]
	(No symbol) [0x0x7ff7abb4ed0a]
	(No symbol) [0x0x7ff7abb31df3]
	(No symbol) [0x0x7ff7abb05b36]
	(No symbol) [0x0x7ff7abb04d80]
	(No symbol) [0x0x7ff7abb05973]
	(No symbol) [0x0x7ff7abbce4a5]
	(No symbol) [0x0x7ff7abbca75d]
	GetHandleVerifier [0x0x7ff7abd7d2b3+226019]
	GetHandleVerifier [0x0x7ff7abd6c481+156849]
	GetHandleVerifier [0x0x7ff7abd74979+190889]
	GetHandleVerifier [0x0x7ff7abd59bb4+80868]
	GetHandleVerifier [0x0x7ff7abd59d03+81203]
	GetHandleVerifier [0x0x7ff7abd48286+8886]
	BaseThreadInitThunk [0x0x7ff9c9b0e8d7+23]
	RtlUserThreadStart [0x0x7ff9cb08c53c+44]

[2025-11-19T12:41:18.635483] SCRAPER ratings fetch page 19 offset 360 failed (attempt 3/5): Message: no such window: target window already closed
from unknown error: web view not found
  (Session info: MicrosoftEdge=142.0.3595.80)
Stacktrace:
	GetHandleVerifier [0x0x7ff7abd52a75+51877]
	GetHandleVerifier [0x0x7ff7abd52ad4+51972]
	GetHandleVerifier [0x0x7ff7abf09425+1848405]
	(No symbol) [0x0x7ff7abaa0e5f]
	(No symbol) [0x0x7ff7abb374ec]
	(No symbol) [0x0x7ff7abb4ed0a]
	(No symbol) [0x0x7ff7abb31df3]
	(No symbol) [0x0x7ff7abb05b36]
	(No symbol) [0x0x7ff7abb04d80]
	(No symbol) [0x0x7ff7abb05973]
	(No symbol) [0x0x7ff7abbce4a5]
	(No symbol) [0x0x7ff7abbca75d]
	GetHandleVerifier [0x0x7ff7abd7d2b3+226019]
	GetHandleVerifier [0x0x7ff7abd6c481+156849]
	GetHandleVerifier [0x0x7ff7abd74979+190889]
	GetHandleVerifier [0x0x7ff7abd59bb4+80868]
	GetHandleVerifier [0x0x7ff7abd59d03+81203]
	GetHandleVerifier [0x0x7ff7abd48286+8886]
	BaseThreadInitThunk [0x0x7ff9c9b0e8d7+23]
	RtlUserThreadStart [0x0x7ff9cb08c53c+44]

[2025-11-19T12:41:22.640673] SCRAPER ratings fetch page 19 offset 360 failed (attempt 4/5): Message: no such window: target window already closed
from unknown error: web view not found
  (Session info: MicrosoftEdge=142.0.3595.80)
Stacktrace:
	GetHandleVerifier [0x0x7ff7abd52a75+51877]
	GetHandleVerifier [0x0x7ff7abd52ad4+51972]
	GetHandleVerifier [0x0x7ff7abf09425+1848405]
	(No symbol) [0x0x7ff7abaa0e5f]
	(No symbol) [0x0x7ff7abb374ec]
	(No symbol) [0x0x7ff7abb4ed0a]
	(No symbol) [0x0x7ff7abb31df3]
	(No symbol) [0x0x7ff7abb05b36]
	(No symbol) [0x0x7ff7abb04d80]
	(No symbol) [0x0x7ff7abb05973]
	(No symbol) [0x0x7ff7abbce4a5]
	(No symbol) [0x0x7ff7abbca75d]
	GetHandleVerifier [0x0x7ff7abd7d2b3+226019]
	GetHandleVerifier [0x0x7ff7abd6c481+156849]
	GetHandleVerifier [0x0x7ff7abd74979+190889]
	GetHandleVerifier [0x0x7ff7abd59bb4+80868]
	GetHandleVerifier [0x0x7ff7abd59d03+81203]
	GetHandleVerifier [0x0x7ff7abd48286+8886]
	BaseThreadInitThunk [0x0x7ff9c9b0e8d7+23]
	RtlUserThreadStart [0x0x7ff9cb08c53c+44]

[2025-11-19T12:41:27.652096] SCRAPER ratings fetch page 19 offset 360 failed (attempt 5/5): Message: no such window: target window already closed
from unknown error: web view not found
  (Session info: MicrosoftEdge=142.0.3595.80)
Stacktrace:
	GetHandleVerifier [0x0x7ff7abd52a75+51877]
	GetHandleVerifier [0x0x7ff7abd52ad4+51972]
	GetHandleVerifier [0x0x7ff7abf09425+1848405]
	(No symbol) [0x0x7ff7abaa0e5f]
	(No symbol) [0x0x7ff7abb374ec]
	(No symbol) [0x0x7ff7abb4ed0a]
	(No symbol) [0x0x7ff7abb31df3]
	(No symbol) [0x0x7ff7abb05b36]
	(No symbol) [0x0x7ff7abb04d80]
	(No symbol) [0x0x7ff7abb05973]
	(No symbol) [0x0x7ff7abbce4a5]
	(No symbol) [0x0x7ff7abbca75d]
	GetHandleVerifier [0x0x7ff7abd7d2b3+226019]
	GetHandleVerifier [0x0x7ff7abd6c481+156849]
	GetHandleVerifier [0x0x7ff7abd74979+190889]
	GetHandleVerifier [0x0x7ff7abd59bb4+80868]
	GetHandleVerifier [0x0x7ff7abd59d03+81203]
	GetHandleVerifier [0x0x7ff7abd48286+8886]
	BaseThreadInitThunk [0x0x7ff9c9b0e8d7+23]
	RtlUserThreadStart [0x0x7ff9cb08c53c+44]

[2025-11-19T12:41:32.654091] SCRAPER skip page 19 after 5 failures; lanjut halaman berikutnya
[2025-11-19T12:41:32.657736] SCRAPER ratings fetch page 20 offset 380 failed (attempt 1/5): Message: no such window: target window already closed
from unknown error: web view not found
  (Session info: MicrosoftEdge=142.0.3595.80)
Stacktrace:
	GetHandleVerifier [0x0x7ff7abd52a75+51877]
	GetHandleVerifier [0x0x7ff7abd52ad4+51972]
	GetHandleVerifier [0x0x7ff7abf09425+1848405]
	(No symbol) [0x0x7ff7abaa0e5f]
	(No symbol) [0x0x7ff7abb374ec]
	(No symbol) [0x0x7ff7abb4ed0a]
	(No symbol) [0x0x7ff7abb31df3]
	(No symbol) [0x0x7ff7abb05b36]
	(No symbol) [0x0x7ff7abb04d80]
	(No symbol) [0x0x7ff7abb05973]
	(No symbol) [0x0x7ff7abbce4a5]
	(No symbol) [0x0x7ff7abbca75d]
	GetHandleVerifier [0x0x7ff7abd7d2b3+226019]
	GetHandleVerifier [0x0x7ff7abd6c481+156849]
	GetHandleVerifier [0x0x7ff7abd74979+190889]
	GetHandleVerifier [0x0x7ff7abd59bb4+80868]
	GetHandleVerifier [0x0x7ff7abd59d03+81203]
	GetHandleVerifier [0x0x7ff7abd48286+8886]
	BaseThreadInitThunk [0x0x7ff9c9b0e8d7+23]
	RtlUserThreadStart [0x0x7ff9cb08c53c+44]

[2025-11-19T12:41:34.663800] SCRAPER ratings fetch page 20 offset 380 failed (attempt 2/5): Message: no such window: target window already closed
from unknown error: web view not found
  (Session info: MicrosoftEdge=142.0.3595.80)
Stacktrace:
	GetHandleVerifier [0x0x7ff7abd52a75+51877]
	GetHandleVerifier [0x0x7ff7abd52ad4+51972]
	GetHandleVerifier [0x0x7ff7abf09425+1848405]
	(No symbol) [0x0x7ff7abaa0e5f]
	(No symbol) [0x0x7ff7abb374ec]
	(No symbol) [0x0x7ff7abb4ed0a]
	(No symbol) [0x0x7ff7abb31df3]
	(No symbol) [0x0x7ff7abb05b36]
	(No symbol) [0x0x7ff7abb04d80]
	(No symbol) [0x0x7ff7abb05973]
	(No symbol) [0x0x7ff7abbce4a5]
	(No symbol) [0x0x7ff7abbca75d]
	GetHandleVerifier [0x0x7ff7abd7d2b3+226019]
	GetHandleVerifier [0x0x7ff7abd6c481+156849]
	GetHandleVerifier [0x0x7ff7abd74979+190889]
	GetHandleVerifier [0x0x7ff7abd59bb4+80868]
	GetHandleVerifier [0x0x7ff7abd59d03+81203]
	GetHandleVerifier [0x0x7ff7abd48286+8886]
	BaseThreadInitThunk [0x0x7ff9c9b0e8d7+23]
	RtlUserThreadStart [0x0x7ff9cb08c53c+44]

[2025-11-19T12:41:37.678595] SCRAPER ratings fetch page 20 offset 380 failed (attempt 3/5): Message: no such window: target window already closed
from unknown error: web view not found
  (Session info: MicrosoftEdge=142.0.3595.80)
Stacktrace:
	GetHandleVerifier [0x0x7ff7abd52a75+51877]
	GetHandleVerifier [0x0x7ff7abd52ad4+51972]
	GetHandleVerifier [0x0x7ff7abf09425+1848405]
	(No symbol) [0x0x7ff7abaa0e5f]
	(No symbol) [0x0x7ff7abb374ec]
	(No symbol) [0x0x7ff7abb4ed0a]
	(No symbol) [0x0x7ff7abb31df3]
	(No symbol) [0x0x7ff7abb05b36]
	(No symbol) [0x0x7ff7abb04d80]
	(No symbol) [0x0x7ff7abb05973]
	(No symbol) [0x0x7ff7abbce4a5]
	(No symbol) [0x0x7ff7abbca75d]
	GetHandleVerifier [0x0x7ff7abd7d2b3+226019]
	GetHandleVerifier [0x0x7ff7abd6c481+156849]
	GetHandleVerifier [0x0x7ff7abd74979+190889]
	GetHandleVerifier [0x0x7ff7abd59bb4+80868]
	GetHandleVerifier [0x0x7ff7abd59d03+81203]
	GetHandleVerifier [0x0x7ff7abd48286+8886]
	BaseThreadInitThunk [0x0x7ff9c9b0e8d7+23]
	RtlUserThreadStart [0x0x7ff9cb08c53c+44]

[2025-11-19T12:41:41.696802] SCRAPER ratings fetch page 20 offset 380 failed (attempt 4/5): Message: no such window: target window already closed
from unknown error: web view not found
  (Session info: MicrosoftEdge=142.0.3595.80)
Stacktrace:
	GetHandleVerifier [0x0x7ff7abd52a75+51877]
	GetHandleVerifier [0x0x7ff7abd52ad4+51972]
	GetHandleVerifier [0x0x7ff7abf09425+1848405]
	(No symbol) [0x0x7ff7abaa0e5f]
	(No symbol) [0x0x7ff7abb374ec]
	(No symbol) [0x0x7ff7abb4ed0a]
	(No symbol) [0x0x7ff7abb31df3]
	(No symbol) [0x0x7ff7abb05b36]
	(No symbol) [0x0x7ff7abb04d80]
	(No symbol) [0x0x7ff7abb05973]
	(No symbol) [0x0x7ff7abbce4a5]
	(No symbol) [0x0x7ff7abbca75d]
	GetHandleVerifier [0x0x7ff7abd7d2b3+226019]
	GetHandleVerifier [0x0x7ff7abd6c481+156849]
	GetHandleVerifier [0x0x7ff7abd74979+190889]
	GetHandleVerifier [0x0x7ff7abd59bb4+80868]
	GetHandleVerifier [0x0x7ff7abd59d03+81203]
	GetHandleVerifier [0x0x7ff7abd48286+8886]
	BaseThreadInitThunk [0x0x7ff9c9b0e8d7+23]
	RtlUserThreadStart [0x0x7ff9cb08c53c+44]

[2025-11-19T12:41:46.700450] SCRAPER ratings fetch page 20 offset 380 failed (attempt 5/5): Message: no such window: target window already closed
from unknown error: web view not found
  (Session info: MicrosoftEdge=142.0.3595.80)
Stacktrace:
	GetHandleVerifier [0x0x7ff7abd52a75+51877]
	GetHandleVerifier [0x0x7ff7abd52ad4+51972]
	GetHandleVerifier [0x0x7ff7abf09425+1848405]
	(No symbol) [0x0x7ff7abaa0e5f]
	(No symbol) [0x0x7ff7abb374ec]
	(No symbol) [0x0x7ff7abb4ed0a]
	(No symbol) [0x0x7ff7abb31df3]
	(No symbol) [0x0x7ff7abb05b36]
	(No symbol) [0x0x7ff7abb04d80]
	(No symbol) [0x0x7ff7abb05973]
	(No symbol) [0x0x7ff7abbce4a5]
	(No symbol) [0x0x7ff7abbca75d]
	GetHandleVerifier [0x0x7ff7abd7d2b3+226019]
	GetHandleVerifier [0x0x7ff7abd6c481+156849]
	GetHandleVerifier [0x0x7ff7abd74979+190889]
	GetHandleVerifier [0x0x7ff7abd59bb4+80868]
	GetHandleVerifier [0x0x7ff7abd59d03+81203]
	GetHandleVerifier [0x0x7ff7abd48286+8886]
	BaseThreadInitThunk [0x0x7ff9c9b0e8d7+23]
	RtlUserThreadStart [0x0x7ff9cb08c53c+44]

[2025-11-19T12:41:51.701828] SCRAPER skip page 20 after 5 failures; lanjut halaman berikutnya
[2025-11-19T12:41:51.703813] SCRAPER ratings fetch page 21 offset 400 failed (attempt 1/5): Message: no such window: target window already closed
from unknown error: web view not found
  (Session info: MicrosoftEdge=142.0.3595.80)
Stacktrace:
	GetHandleVerifier [0x0x7ff7abd52a75+51877]
	GetHandleVerifier [0x0x7ff7abd52ad4+51972]
	GetHandleVerifier [0x0x7ff7abf09425+1848405]
	(No symbol) [0x0x7ff7abaa0e5f]
	(No symbol) [0x0x7ff7abb374ec]
	(No symbol) [0x0x7ff7abb4ed0a]
	(No symbol) [0x0x7ff7abb31df3]
	(No symbol) [0x0x7ff7abb05b36]
	(No symbol) [0x0x7ff7abb04d80]
	(No symbol) [0x0x7ff7abb05973]
	(No symbol) [0x0x7ff7abbce4a5]
	(No symbol) [0x0x7ff7abbca75d]
	GetHandleVerifier [0x0x7ff7abd7d2b3+226019]
	GetHandleVerifier [0x0x7ff7abd6c481+156849]
	GetHandleVerifier [0x0x7ff7abd74979+190889]
	GetHandleVerifier [0x0x7ff7abd59bb4+80868]
	GetHandleVerifier [0x0x7ff7abd59d03+81203]
	GetHandleVerifier [0x0x7ff7abd48286+8886]
	BaseThreadInitThunk [0x0x7ff9c9b0e8d7+23]
	RtlUserThreadStart [0x0x7ff9cb08c53c+44]

[2025-11-19T12:41:53.721909] SCRAPER ratings fetch page 21 offset 400 failed (attempt 2/5): Message: no such window: target window already closed
from unknown error: web view not found
  (Session info: MicrosoftEdge=142.0.3595.80)
Stacktrace:
	GetHandleVerifier [0x0x7ff7abd52a75+51877]
	GetHandleVerifier [0x0x7ff7abd52ad4+51972]
	GetHandleVerifier [0x0x7ff7abf09425+1848405]
	(No symbol) [0x0x7ff7abaa0e5f]
	(No symbol) [0x0x7ff7abb374ec]
	(No symbol) [0x0x7ff7abb4ed0a]
	(No symbol) [0x0x7ff7abb31df3]
	(No symbol) [0x0x7ff7abb05b36]
	(No symbol) [0x0x7ff7abb04d80]
	(No symbol) [0x0x7ff7abb05973]
	(No symbol) [0x0x7ff7abbce4a5]
	(No symbol) [0x0x7ff7abbca75d]
	GetHandleVerifier [0x0x7ff7abd7d2b3+226019]
	GetHandleVerifier [0x0x7ff7abd6c481+156849]
	GetHandleVerifier [0x0x7ff7abd74979+190889]
	GetHandleVerifier [0x0x7ff7abd59bb4+80868]
	GetHandleVerifier [0x0x7ff7abd59d03+81203]
	GetHandleVerifier [0x0x7ff7abd48286+8886]
	BaseThreadInitThunk [0x0x7ff9c9b0e8d7+23]
	RtlUserThreadStart [0x0x7ff9cb08c53c+44]

[2025-11-19T12:41:56.735788] SCRAPER ratings fetch page 21 offset 400 failed (attempt 3/5): Message: no such window: target window already closed
from unknown error: web view not found
  (Session info: MicrosoftEdge=142.0.3595.80)
Stacktrace:
	GetHandleVerifier [0x0x7ff7abd52a75+51877]
	GetHandleVerifier [0x0x7ff7abd52ad4+51972]
	GetHandleVerifier [0x0x7ff7abf09425+1848405]
	(No symbol) [0x0x7ff7abaa0e5f]
	(No symbol) [0x0x7ff7abb374ec]
	(No symbol) [0x0x7ff7abb4ed0a]
	(No symbol) [0x0x7ff7abb31df3]
	(No symbol) [0x0x7ff7abb05b36]
	(No symbol) [0x0x7ff7abb04d80]
	(No symbol) [0x0x7ff7abb05973]
	(No symbol) [0x0x7ff7abbce4a5]
	(No symbol) [0x0x7ff7abbca75d]
	GetHandleVerifier [0x0x7ff7abd7d2b3+226019]
	GetHandleVerifier [0x0x7ff7abd6c481+156849]
	GetHandleVerifier [0x0x7ff7abd74979+190889]
	GetHandleVerifier [0x0x7ff7abd59bb4+80868]
	GetHandleVerifier [0x0x7ff7abd59d03+81203]
	GetHandleVerifier [0x0x7ff7abd48286+8886]
	BaseThreadInitThunk [0x0x7ff9c9b0e8d7+23]
	RtlUserThreadStart [0x0x7ff9cb08c53c+44]

[2025-11-19T12:42:00.739358] SCRAPER ratings fetch page 21 offset 400 failed (attempt 4/5): Message: no such window: target window already closed
from unknown error: web view not found
  (Session info: MicrosoftEdge=142.0.3595.80)
Stacktrace:
	GetHandleVerifier [0x0x7ff7abd52a75+51877]
	GetHandleVerifier [0x0x7ff7abd52ad4+51972]
	GetHandleVerifier [0x0x7ff7abf09425+1848405]
	(No symbol) [0x0x7ff7abaa0e5f]
	(No symbol) [0x0x7ff7abb374ec]
	(No symbol) [0x0x7ff7abb4ed0a]
	(No symbol) [0x0x7ff7abb31df3]
	(No symbol) [0x0x7ff7abb05b36]
	(No symbol) [0x0x7ff7abb04d80]
	(No symbol) [0x0x7ff7abb05973]
	(No symbol) [0x0x7ff7abbce4a5]
	(No symbol) [0x0x7ff7abbca75d]
	GetHandleVerifier [0x0x7ff7abd7d2b3+226019]
	GetHandleVerifier [0x0x7ff7abd6c481+156849]
	GetHandleVerifier [0x0x7ff7abd74979+190889]
	GetHandleVerifier [0x0x7ff7abd59bb4+80868]
	GetHandleVerifier [0x0x7ff7abd59d03+81203]
	GetHandleVerifier [0x0x7ff7abd48286+8886]
	BaseThreadInitThunk [0x0x7ff9c9b0e8d7+23]
	RtlUserThreadStart [0x0x7ff9cb08c53c+44]

[2025-11-19T12:42:05.748906] SCRAPER ratings fetch page 21 offset 400 failed (attempt 5/5): Message: no such window: target window already closed
from unknown error: web view not found
  (Session info: MicrosoftEdge=142.0.3595.80)
Stacktrace:
	GetHandleVerifier [0x0x7ff7abd52a75+51877]
	GetHandleVerifier [0x0x7ff7abd52ad4+51972]
	GetHandleVerifier [0x0x7ff7abf09425+1848405]
	(No symbol) [0x0x7ff7abaa0e5f]
	(No symbol) [0x0x7ff7abb374ec]
	(No symbol) [0x0x7ff7abb4ed0a]
	(No symbol) [0x0x7ff7abb31df3]
	(No symbol) [0x0x7ff7abb05b36]
	(No symbol) [0x0x7ff7abb04d80]
	(No symbol) [0x0x7ff7abb05973]
	(No symbol) [0x0x7ff7abbce4a5]
	(No symbol) [0x0x7ff7abbca75d]
	GetHandleVerifier [0x0x7ff7abd7d2b3+226019]
	GetHandleVerifier [0x0x7ff7abd6c481+156849]
	GetHandleVerifier [0x0x7ff7abd74979+190889]
	GetHandleVerifier [0x0x7ff7abd59bb4+80868]
	GetHandleVerifier [0x0x7ff7abd59d03+81203]
	GetHandleVerifier [0x0x7ff7abd48286+8886]
	BaseThreadInitThunk [0x0x7ff9c9b0e8d7+23]
	RtlUserThreadStart [0x0x7ff9cb08c53c+44]

[2025-11-19T12:42:10.762738] SCRAPER skip page 21 after 5 failures; lanjut halaman berikutnya
[2025-11-19T12:42:10.766660] SCRAPER ratings fetch page 22 offset 420 failed (attempt 1/5): Message: no such window: target window already closed
from unknown error: web view not found
  (Session info: MicrosoftEdge=142.0.3595.80)
Stacktrace:
	GetHandleVerifier [0x0x7ff7abd52a75+51877]
	GetHandleVerifier [0x0x7ff7abd52ad4+51972]
	GetHandleVerifier [0x0x7ff7abf09425+1848405]
	(No symbol) [0x0x7ff7abaa0e5f]
	(No symbol) [0x0x7ff7abb374ec]
	(No symbol) [0x0x7ff7abb4ed0a]
	(No symbol) [0x0x7ff7abb31df3]
	(No symbol) [0x0x7ff7abb05b36]
	(No symbol) [0x0x7ff7abb04d80]
	(No symbol) [0x0x7ff7abb05973]
	(No symbol) [0x0x7ff7abbce4a5]
	(No symbol) [0x0x7ff7abbca75d]
	GetHandleVerifier [0x0x7ff7abd7d2b3+226019]
	GetHandleVerifier [0x0x7ff7abd6c481+156849]
	GetHandleVerifier [0x0x7ff7abd74979+190889]
	GetHandleVerifier [0x0x7ff7abd59bb4+80868]
	GetHandleVerifier [0x0x7ff7abd59d03+81203]
	GetHandleVerifier [0x0x7ff7abd48286+8886]
	BaseThreadInitThunk [0x0x7ff9c9b0e8d7+23]
	RtlUserThreadStart [0x0x7ff9cb08c53c+44]

[2025-11-19T12:42:12.777291] SCRAPER ratings fetch page 22 offset 420 failed (attempt 2/5): Message: no such window: target window already closed
from unknown error: web view not found
  (Session info: MicrosoftEdge=142.0.3595.80)
Stacktrace:
	GetHandleVerifier [0x0x7ff7abd52a75+51877]
	GetHandleVerifier [0x0x7ff7abd52ad4+51972]
	GetHandleVerifier [0x0x7ff7abf09425+1848405]
	(No symbol) [0x0x7ff7abaa0e5f]
	(No symbol) [0x0x7ff7abb374ec]
	(No symbol) [0x0x7ff7abb4ed0a]
	(No symbol) [0x0x7ff7abb31df3]
	(No symbol) [0x0x7ff7abb05b36]
	(No symbol) [0x0x7ff7abb04d80]
	(No symbol) [0x0x7ff7abb05973]
	(No symbol) [0x0x7ff7abbce4a5]
	(No symbol) [0x0x7ff7abbca75d]
	GetHandleVerifier [0x0x7ff7abd7d2b3+226019]
	GetHandleVerifier [0x0x7ff7abd6c481+156849]
	GetHandleVerifier [0x0x7ff7abd74979+190889]
	GetHandleVerifier [0x0x7ff7abd59bb4+80868]
	GetHandleVerifier [0x0x7ff7abd59d03+81203]
	GetHandleVerifier [0x0x7ff7abd48286+8886]
	BaseThreadInitThunk [0x0x7ff9c9b0e8d7+23]
	RtlUserThreadStart [0x0x7ff9cb08c53c+44]

[2025-11-19T12:42:15.787089] SCRAPER ratings fetch page 22 offset 420 failed (attempt 3/5): Message: no such window: target window already closed
from unknown error: web view not found
  (Session info: MicrosoftEdge=142.0.3595.80)
Stacktrace:
	GetHandleVerifier [0x0x7ff7abd52a75+51877]
	GetHandleVerifier [0x0x7ff7abd52ad4+51972]
	GetHandleVerifier [0x0x7ff7abf09425+1848405]
	(No symbol) [0x0x7ff7abaa0e5f]
	(No symbol) [0x0x7ff7abb374ec]
	(No symbol) [0x0x7ff7abb4ed0a]
	(No symbol) [0x0x7ff7abb31df3]
	(No symbol) [0x0x7ff7abb05b36]
	(No symbol) [0x0x7ff7abb04d80]
	(No symbol) [0x0x7ff7abb05973]
	(No symbol) [0x0x7ff7abbce4a5]
	(No symbol) [0x0x7ff7abbca75d]
	GetHandleVerifier [0x0x7ff7abd7d2b3+226019]
	GetHandleVerifier [0x0x7ff7abd6c481+156849]
	GetHandleVerifier [0x0x7ff7abd74979+190889]
	GetHandleVerifier [0x0x7ff7abd59bb4+80868]
	GetHandleVerifier [0x0x7ff7abd59d03+81203]
	GetHandleVerifier [0x0x7ff7abd48286+8886]
	BaseThreadInitThunk [0x0x7ff9c9b0e8d7+23]
	RtlUserThreadStart [0x0x7ff9cb08c53c+44]

[2025-11-19T12:42:19.799138] SCRAPER ratings fetch page 22 offset 420 failed (attempt 4/5): Message: no such window: target window already closed
from unknown error: web view not found
  (Session info: MicrosoftEdge=142.0.3595.80)
Stacktrace:
	GetHandleVerifier [0x0x7ff7abd52a75+51877]
	GetHandleVerifier [0x0x7ff7abd52ad4+51972]
	GetHandleVerifier [0x0x7ff7abf09425+1848405]
	(No symbol) [0x0x7ff7abaa0e5f]
	(No symbol) [0x0x7ff7abb374ec]
	(No symbol) [0x0x7ff7abb4ed0a]
	(No symbol) [0x0x7ff7abb31df3]
	(No symbol) [0x0x7ff7abb05b36]
	(No symbol) [0x0x7ff7abb04d80]
	(No symbol) [0x0x7ff7abb05973]
	(No symbol) [0x0x7ff7abbce4a5]
	(No symbol) [0x0x7ff7abbca75d]
	GetHandleVerifier [0x0x7ff7abd7d2b3+226019]
	GetHandleVerifier [0x0x7ff7abd6c481+156849]
	GetHandleVerifier [0x0x7ff7abd74979+190889]
	GetHandleVerifier [0x0x7ff7abd59bb4+80868]
	GetHandleVerifier [0x0x7ff7abd59d03+81203]
	GetHandleVerifier [0x0x7ff7abd48286+8886]
	BaseThreadInitThunk [0x0x7ff9c9b0e8d7+23]
	RtlUserThreadStart [0x0x7ff9cb08c53c+44]

[2025-11-19T12:42:24.818163] SCRAPER ratings fetch page 22 offset 420 failed (attempt 5/5): Message: no such window: target window already closed
from unknown error: web view not found
  (Session info: MicrosoftEdge=142.0.3595.80)
Stacktrace:
	GetHandleVerifier [0x0x7ff7abd52a75+51877]
	GetHandleVerifier [0x0x7ff7abd52ad4+51972]
	GetHandleVerifier [0x0x7ff7abf09425+1848405]
	(No symbol) [0x0x7ff7abaa0e5f]
	(No symbol) [0x0x7ff7abb374ec]
	(No symbol) [0x0x7ff7abb4ed0a]
	(No symbol) [0x0x7ff7abb31df3]
	(No symbol) [0x0x7ff7abb05b36]
	(No symbol) [0x0x7ff7abb04d80]
	(No symbol) [0x0x7ff7abb05973]
	(No symbol) [0x0x7ff7abbce4a5]
	(No symbol) [0x0x7ff7abbca75d]
	GetHandleVerifier [0x0x7ff7abd7d2b3+226019]
	GetHandleVerifier [0x0x7ff7abd6c481+156849]
	GetHandleVerifier [0x0x7ff7abd74979+190889]
	GetHandleVerifier [0x0x7ff7abd59bb4+80868]
	GetHandleVerifier [0x0x7ff7abd59d03+81203]
	GetHandleVerifier [0x0x7ff7abd48286+8886]
	BaseThreadInitThunk [0x0x7ff9c9b0e8d7+23]
	RtlUserThreadStart [0x0x7ff9cb08c53c+44]

[2025-11-19T12:42:29.825855] SCRAPER skip page 22 after 5 failures; lanjut halaman berikutnya
[2025-11-19T12:42:29.827923] SCRAPER ratings fetch page 23 offset 440 failed (attempt 1/5): Message: no such window: target window already closed
from unknown error: web view not found
  (Session info: MicrosoftEdge=142.0.3595.80)
Stacktrace:
	GetHandleVerifier [0x0x7ff7abd52a75+51877]
	GetHandleVerifier [0x0x7ff7abd52ad4+51972]
	GetHandleVerifier [0x0x7ff7abf09425+1848405]
	(No symbol) [0x0x7ff7abaa0e5f]
	(No symbol) [0x0x7ff7abb374ec]
	(No symbol) [0x0x7ff7abb4ed0a]
	(No symbol) [0x0x7ff7abb31df3]
	(No symbol) [0x0x7ff7abb05b36]
	(No symbol) [0x0x7ff7abb04d80]
	(No symbol) [0x0x7ff7abb05973]
	(No symbol) [0x0x7ff7abbce4a5]
	(No symbol) [0x0x7ff7abbca75d]
	GetHandleVerifier [0x0x7ff7abd7d2b3+226019]
	GetHandleVerifier [0x0x7ff7abd6c481+156849]
	GetHandleVerifier [0x0x7ff7abd74979+190889]
	GetHandleVerifier [0x0x7ff7abd59bb4+80868]
	GetHandleVerifier [0x0x7ff7abd59d03+81203]
	GetHandleVerifier [0x0x7ff7abd48286+8886]
	BaseThreadInitThunk [0x0x7ff9c9b0e8d7+23]
	RtlUserThreadStart [0x0x7ff9cb08c53c+44]

[2025-11-19T12:42:31.838086] SCRAPER ratings fetch page 23 offset 440 failed (attempt 2/5): Message: no such window: target window already closed
from unknown error: web view not found
  (Session info: MicrosoftEdge=142.0.3595.80)
Stacktrace:
	GetHandleVerifier [0x0x7ff7abd52a75+51877]
	GetHandleVerifier [0x0x7ff7abd52ad4+51972]
	GetHandleVerifier [0x0x7ff7abf09425+1848405]
	(No symbol) [0x0x7ff7abaa0e5f]
	(No symbol) [0x0x7ff7abb374ec]
	(No symbol) [0x0x7ff7abb4ed0a]
	(No symbol) [0x0x7ff7abb31df3]
	(No symbol) [0x0x7ff7abb05b36]
	(No symbol) [0x0x7ff7abb04d80]
	(No symbol) [0x0x7ff7abb05973]
	(No symbol) [0x0x7ff7abbce4a5]
	(No symbol) [0x0x7ff7abbca75d]
	GetHandleVerifier [0x0x7ff7abd7d2b3+226019]
	GetHandleVerifier [0x0x7ff7abd6c481+156849]
	GetHandleVerifier [0x0x7ff7abd74979+190889]
	GetHandleVerifier [0x0x7ff7abd59bb4+80868]
	GetHandleVerifier [0x0x7ff7abd59d03+81203]
	GetHandleVerifier [0x0x7ff7abd48286+8886]
	BaseThreadInitThunk [0x0x7ff9c9b0e8d7+23]
	RtlUserThreadStart [0x0x7ff9cb08c53c+44]

[2025-11-19T12:42:34.848159] SCRAPER ratings fetch page 23 offset 440 failed (attempt 3/5): Message: no such window: target window already closed
from unknown error: web view not found
  (Session info: MicrosoftEdge=142.0.3595.80)
Stacktrace:
	GetHandleVerifier [0x0x7ff7abd52a75+51877]
	GetHandleVerifier [0x0x7ff7abd52ad4+51972]
	GetHandleVerifier [0x0x7ff7abf09425+1848405]
	(No symbol) [0x0x7ff7abaa0e5f]
	(No symbol) [0x0x7ff7abb374ec]
	(No symbol) [0x0x7ff7abb4ed0a]
	(No symbol) [0x0x7ff7abb31df3]
	(No symbol) [0x0x7ff7abb05b36]
	(No symbol) [0x0x7ff7abb04d80]
	(No symbol) [0x0x7ff7abb05973]
	(No symbol) [0x0x7ff7abbce4a5]
	(No symbol) [0x0x7ff7abbca75d]
	GetHandleVerifier [0x0x7ff7abd7d2b3+226019]
	GetHandleVerifier [0x0x7ff7abd6c481+156849]
	GetHandleVerifier [0x0x7ff7abd74979+190889]
	GetHandleVerifier [0x0x7ff7abd59bb4+80868]
	GetHandleVerifier [0x0x7ff7abd59d03+81203]
	GetHandleVerifier [0x0x7ff7abd48286+8886]
	BaseThreadInitThunk [0x0x7ff9c9b0e8d7+23]
	RtlUserThreadStart [0x0x7ff9cb08c53c+44]

[2025-11-19T12:42:38.854131] SCRAPER ratings fetch page 23 offset 440 failed (attempt 4/5): Message: no such window: target window already closed
from unknown error: web view not found
  (Session info: MicrosoftEdge=142.0.3595.80)
Stacktrace:
	GetHandleVerifier [0x0x7ff7abd52a75+51877]
	GetHandleVerifier [0x0x7ff7abd52ad4+51972]
	GetHandleVerifier [0x0x7ff7abf09425+1848405]
	(No symbol) [0x0x7ff7abaa0e5f]
	(No symbol) [0x0x7ff7abb374ec]
	(No symbol) [0x0x7ff7abb4ed0a]
	(No symbol) [0x0x7ff7abb31df3]
	(No symbol) [0x0x7ff7abb05b36]
	(No symbol) [0x0x7ff7abb04d80]
	(No symbol) [0x0x7ff7abb05973]
	(No symbol) [0x0x7ff7abbce4a5]
	(No symbol) [0x0x7ff7abbca75d]
	GetHandleVerifier [0x0x7ff7abd7d2b3+226019]
	GetHandleVerifier [0x0x7ff7abd6c481+156849]
	GetHandleVerifier [0x0x7ff7abd74979+190889]
	GetHandleVerifier [0x0x7ff7abd59bb4+80868]
	GetHandleVerifier [0x0x7ff7abd59d03+81203]
	GetHandleVerifier [0x0x7ff7abd48286+8886]
	BaseThreadInitThunk [0x0x7ff9c9b0e8d7+23]
	RtlUserThreadStart [0x0x7ff9cb08c53c+44]

[2025-11-19T12:42:43.860264] SCRAPER ratings fetch page 23 offset 440 failed (attempt 5/5): Message: no such window: target window already closed
from unknown error: web view not found
  (Session info: MicrosoftEdge=142.0.3595.80)
Stacktrace:
	GetHandleVerifier [0x0x7ff7abd52a75+51877]
	GetHandleVerifier [0x0x7ff7abd52ad4+51972]
	GetHandleVerifier [0x0x7ff7abf09425+1848405]
	(No symbol) [0x0x7ff7abaa0e5f]
	(No symbol) [0x0x7ff7abb374ec]
	(No symbol) [0x0x7ff7abb4ed0a]
	(No symbol) [0x0x7ff7abb31df3]
	(No symbol) [0x0x7ff7abb05b36]
	(No symbol) [0x0x7ff7abb04d80]
	(No symbol) [0x0x7ff7abb05973]
	(No symbol) [0x0x7ff7abbce4a5]
	(No symbol) [0x0x7ff7abbca75d]
	GetHandleVerifier [0x0x7ff7abd7d2b3+226019]
	GetHandleVerifier [0x0x7ff7abd6c481+156849]
	GetHandleVerifier [0x0x7ff7abd74979+190889]
	GetHandleVerifier [0x0x7ff7abd59bb4+80868]
	GetHandleVerifier [0x0x7ff7abd59d03+81203]
	GetHandleVerifier [0x0x7ff7abd48286+8886]
	BaseThreadInitThunk [0x0x7ff9c9b0e8d7+23]
	RtlUserThreadStart [0x0x7ff9cb08c53c+44]

[2025-11-19T12:42:48.869687] SCRAPER skip page 23 after 5 failures; lanjut halaman berikutnya
[2025-11-19T12:42:48.872247] SCRAPER ratings fetch page 24 offset 460 failed (attempt 1/5): Message: no such window: target window already closed
from unknown error: web view not found
  (Session info: MicrosoftEdge=142.0.3595.80)
Stacktrace:
	GetHandleVerifier [0x0x7ff7abd52a75+51877]
	GetHandleVerifier [0x0x7ff7abd52ad4+51972]
	GetHandleVerifier [0x0x7ff7abf09425+1848405]
	(No symbol) [0x0x7ff7abaa0e5f]
	(No symbol) [0x0x7ff7abb374ec]
	(No symbol) [0x0x7ff7abb4ed0a]
	(No symbol) [0x0x7ff7abb31df3]
	(No symbol) [0x0x7ff7abb05b36]
	(No symbol) [0x0x7ff7abb04d80]
	(No symbol) [0x0x7ff7abb05973]
	(No symbol) [0x0x7ff7abbce4a5]
	(No symbol) [0x0x7ff7abbca75d]
	GetHandleVerifier [0x0x7ff7abd7d2b3+226019]
	GetHandleVerifier [0x0x7ff7abd6c481+156849]
	GetHandleVerifier [0x0x7ff7abd74979+190889]
	GetHandleVerifier [0x0x7ff7abd59bb4+80868]
	GetHandleVerifier [0x0x7ff7abd59d03+81203]
	GetHandleVerifier [0x0x7ff7abd48286+8886]
	BaseThreadInitThunk [0x0x7ff9c9b0e8d7+23]
	RtlUserThreadStart [0x0x7ff9cb08c53c+44]

[2025-11-19T12:42:50.890493] SCRAPER ratings fetch page 24 offset 460 failed (attempt 2/5): Message: no such window: target window already closed
from unknown error: web view not found
  (Session info: MicrosoftEdge=142.0.3595.80)
Stacktrace:
	GetHandleVerifier [0x0x7ff7abd52a75+51877]
	GetHandleVerifier [0x0x7ff7abd52ad4+51972]
	GetHandleVerifier [0x0x7ff7abf09425+1848405]
	(No symbol) [0x0x7ff7abaa0e5f]
	(No symbol) [0x0x7ff7abb374ec]
	(No symbol) [0x0x7ff7abb4ed0a]
	(No symbol) [0x0x7ff7abb31df3]
	(No symbol) [0x0x7ff7abb05b36]
	(No symbol) [0x0x7ff7abb04d80]
	(No symbol) [0x0x7ff7abb05973]
	(No symbol) [0x0x7ff7abbce4a5]
	(No symbol) [0x0x7ff7abbca75d]
	GetHandleVerifier [0x0x7ff7abd7d2b3+226019]
	GetHandleVerifier [0x0x7ff7abd6c481+156849]
	GetHandleVerifier [0x0x7ff7abd74979+190889]
	GetHandleVerifier [0x0x7ff7abd59bb4+80868]
	GetHandleVerifier [0x0x7ff7abd59d03+81203]
	GetHandleVerifier [0x0x7ff7abd48286+8886]
	BaseThreadInitThunk [0x0x7ff9c9b0e8d7+23]
	RtlUserThreadStart [0x0x7ff9cb08c53c+44]

[2025-11-19T12:42:53.895689] SCRAPER ratings fetch page 24 offset 460 failed (attempt 3/5): Message: no such window: target window already closed
from unknown error: web view not found
  (Session info: MicrosoftEdge=142.0.3595.80)
Stacktrace:
	GetHandleVerifier [0x0x7ff7abd52a75+51877]
	GetHandleVerifier [0x0x7ff7abd52ad4+51972]
	GetHandleVerifier [0x0x7ff7abf09425+1848405]
	(No symbol) [0x0x7ff7abaa0e5f]
	(No symbol) [0x0x7ff7abb374ec]
	(No symbol) [0x0x7ff7abb4ed0a]
	(No symbol) [0x0x7ff7abb31df3]
	(No symbol) [0x0x7ff7abb05b36]
	(No symbol) [0x0x7ff7abb04d80]
	(No symbol) [0x0x7ff7abb05973]
	(No symbol) [0x0x7ff7abbce4a5]
	(No symbol) [0x0x7ff7abbca75d]
	GetHandleVerifier [0x0x7ff7abd7d2b3+226019]
	GetHandleVerifier [0x0x7ff7abd6c481+156849]
	GetHandleVerifier [0x0x7ff7abd74979+190889]
	GetHandleVerifier [0x0x7ff7abd59bb4+80868]
	GetHandleVerifier [0x0x7ff7abd59d03+81203]
	GetHandleVerifier [0x0x7ff7abd48286+8886]
	BaseThreadInitThunk [0x0x7ff9c9b0e8d7+23]
	RtlUserThreadStart [0x0x7ff9cb08c53c+44]

[2025-11-19T12:42:57.909702] SCRAPER ratings fetch page 24 offset 460 failed (attempt 4/5): Message: no such window: target window already closed
from unknown error: web view not found
  (Session info: MicrosoftEdge=142.0.3595.80)
Stacktrace:
	GetHandleVerifier [0x0x7ff7abd52a75+51877]
	GetHandleVerifier [0x0x7ff7abd52ad4+51972]
	GetHandleVerifier [0x0x7ff7abf09425+1848405]
	(No symbol) [0x0x7ff7abaa0e5f]
	(No symbol) [0x0x7ff7abb374ec]
	(No symbol) [0x0x7ff7abb4ed0a]
	(No symbol) [0x0x7ff7abb31df3]
	(No symbol) [0x0x7ff7abb05b36]
	(No symbol) [0x0x7ff7abb04d80]
	(No symbol) [0x0x7ff7abb05973]
	(No symbol) [0x0x7ff7abbce4a5]
	(No symbol) [0x0x7ff7abbca75d]
	GetHandleVerifier [0x0x7ff7abd7d2b3+226019]
	GetHandleVerifier [0x0x7ff7abd6c481+156849]
	GetHandleVerifier [0x0x7ff7abd74979+190889]
	GetHandleVerifier [0x0x7ff7abd59bb4+80868]
	GetHandleVerifier [0x0x7ff7abd59d03+81203]
	GetHandleVerifier [0x0x7ff7abd48286+8886]
	BaseThreadInitThunk [0x0x7ff9c9b0e8d7+23]
	RtlUserThreadStart [0x0x7ff9cb08c53c+44]

[2025-11-19T12:43:02.918949] SCRAPER ratings fetch page 24 offset 460 failed (attempt 5/5): Message: no such window: target window already closed
from unknown error: web view not found
  (Session info: MicrosoftEdge=142.0.3595.80)
Stacktrace:
	GetHandleVerifier [0x0x7ff7abd52a75+51877]
	GetHandleVerifier [0x0x7ff7abd52ad4+51972]
	GetHandleVerifier [0x0x7ff7abf09425+1848405]
	(No symbol) [0x0x7ff7abaa0e5f]
	(No symbol) [0x0x7ff7abb374ec]
	(No symbol) [0x0x7ff7abb4ed0a]
	(No symbol) [0x0x7ff7abb31df3]
	(No symbol) [0x0x7ff7abb05b36]
	(No symbol) [0x0x7ff7abb04d80]
	(No symbol) [0x0x7ff7abb05973]
	(No symbol) [0x0x7ff7abbce4a5]
	(No symbol) [0x0x7ff7abbca75d]
	GetHandleVerifier [0x0x7ff7abd7d2b3+226019]
	GetHandleVerifier [0x0x7ff7abd6c481+156849]
	GetHandleVerifier [0x0x7ff7abd74979+190889]
	GetHandleVerifier [0x0x7ff7abd59bb4+80868]
	GetHandleVerifier [0x0x7ff7abd59d03+81203]
	GetHandleVerifier [0x0x7ff7abd48286+8886]
	BaseThreadInitThunk [0x0x7ff9c9b0e8d7+23]
	RtlUserThreadStart [0x0x7ff9cb08c53c+44]

[2025-11-19T12:43:07.927603] SCRAPER skip page 24 after 5 failures; lanjut halaman berikutnya
[2025-11-19T12:43:07.929441] SCRAPER ratings fetch page 25 offset 480 failed (attempt 1/5): Message: no such window: target window already closed
from unknown error: web view not found
  (Session info: MicrosoftEdge=142.0.3595.80)
Stacktrace:
	GetHandleVerifier [0x0x7ff7abd52a75+51877]
	GetHandleVerifier [0x0x7ff7abd52ad4+51972]
	GetHandleVerifier [0x0x7ff7abf09425+1848405]
	(No symbol) [0x0x7ff7abaa0e5f]
	(No symbol) [0x0x7ff7abb374ec]
	(No symbol) [0x0x7ff7abb4ed0a]
	(No symbol) [0x0x7ff7abb31df3]
	(No symbol) [0x0x7ff7abb05b36]
	(No symbol) [0x0x7ff7abb04d80]
	(No symbol) [0x0x7ff7abb05973]
	(No symbol) [0x0x7ff7abbce4a5]
	(No symbol) [0x0x7ff7abbca75d]
	GetHandleVerifier [0x0x7ff7abd7d2b3+226019]
	GetHandleVerifier [0x0x7ff7abd6c481+156849]
	GetHandleVerifier [0x0x7ff7abd74979+190889]
	GetHandleVerifier [0x0x7ff7abd59bb4+80868]
	GetHandleVerifier [0x0x7ff7abd59d03+81203]
	GetHandleVerifier [0x0x7ff7abd48286+8886]
	BaseThreadInitThunk [0x0x7ff9c9b0e8d7+23]
	RtlUserThreadStart [0x0x7ff9cb08c53c+44]

[2025-11-19T12:43:09.937958] SCRAPER ratings fetch page 25 offset 480 failed (attempt 2/5): Message: no such window: target window already closed
from unknown error: web view not found
  (Session info: MicrosoftEdge=142.0.3595.80)
Stacktrace:
	GetHandleVerifier [0x0x7ff7abd52a75+51877]
	GetHandleVerifier [0x0x7ff7abd52ad4+51972]
	GetHandleVerifier [0x0x7ff7abf09425+1848405]
	(No symbol) [0x0x7ff7abaa0e5f]
	(No symbol) [0x0x7ff7abb374ec]
	(No symbol) [0x0x7ff7abb4ed0a]
	(No symbol) [0x0x7ff7abb31df3]
	(No symbol) [0x0x7ff7abb05b36]
	(No symbol) [0x0x7ff7abb04d80]
	(No symbol) [0x0x7ff7abb05973]
	(No symbol) [0x0x7ff7abbce4a5]
	(No symbol) [0x0x7ff7abbca75d]
	GetHandleVerifier [0x0x7ff7abd7d2b3+226019]
	GetHandleVerifier [0x0x7ff7abd6c481+156849]
	GetHandleVerifier [0x0x7ff7abd74979+190889]
	GetHandleVerifier [0x0x7ff7abd59bb4+80868]
	GetHandleVerifier [0x0x7ff7abd59d03+81203]
	GetHandleVerifier [0x0x7ff7abd48286+8886]
	BaseThreadInitThunk [0x0x7ff9c9b0e8d7+23]
	RtlUserThreadStart [0x0x7ff9cb08c53c+44]

[2025-11-19T12:43:12.955014] SCRAPER ratings fetch page 25 offset 480 failed (attempt 3/5): Message: no such window: target window already closed
from unknown error: web view not found
  (Session info: MicrosoftEdge=142.0.3595.80)
Stacktrace:
	GetHandleVerifier [0x0x7ff7abd52a75+51877]
	GetHandleVerifier [0x0x7ff7abd52ad4+51972]
	GetHandleVerifier [0x0x7ff7abf09425+1848405]
	(No symbol) [0x0x7ff7abaa0e5f]
	(No symbol) [0x0x7ff7abb374ec]
	(No symbol) [0x0x7ff7abb4ed0a]
	(No symbol) [0x0x7ff7abb31df3]
	(No symbol) [0x0x7ff7abb05b36]
	(No symbol) [0x0x7ff7abb04d80]
	(No symbol) [0x0x7ff7abb05973]
	(No symbol) [0x0x7ff7abbce4a5]
	(No symbol) [0x0x7ff7abbca75d]
	GetHandleVerifier [0x0x7ff7abd7d2b3+226019]
	GetHandleVerifier [0x0x7ff7abd6c481+156849]
	GetHandleVerifier [0x0x7ff7abd74979+190889]
	GetHandleVerifier [0x0x7ff7abd59bb4+80868]
	GetHandleVerifier [0x0x7ff7abd59d03+81203]
	GetHandleVerifier [0x0x7ff7abd48286+8886]
	BaseThreadInitThunk [0x0x7ff9c9b0e8d7+23]
	RtlUserThreadStart [0x0x7ff9cb08c53c+44]

[2025-11-19T12:43:16.974706] SCRAPER ratings fetch page 25 offset 480 failed (attempt 4/5): Message: no such window: target window already closed
from unknown error: web view not found
  (Session info: MicrosoftEdge=142.0.3595.80)
Stacktrace:
	GetHandleVerifier [0x0x7ff7abd52a75+51877]
	GetHandleVerifier [0x0x7ff7abd52ad4+51972]
	GetHandleVerifier [0x0x7ff7abf09425+1848405]
	(No symbol) [0x0x7ff7abaa0e5f]
	(No symbol) [0x0x7ff7abb374ec]
	(No symbol) [0x0x7ff7abb4ed0a]
	(No symbol) [0x0x7ff7abb31df3]
	(No symbol) [0x0x7ff7abb05b36]
	(No symbol) [0x0x7ff7abb04d80]
	(No symbol) [0x0x7ff7abb05973]
	(No symbol) [0x0x7ff7abbce4a5]
	(No symbol) [0x0x7ff7abbca75d]
	GetHandleVerifier [0x0x7ff7abd7d2b3+226019]
	GetHandleVerifier [0x0x7ff7abd6c481+156849]
	GetHandleVerifier [0x0x7ff7abd74979+190889]
	GetHandleVerifier [0x0x7ff7abd59bb4+80868]
	GetHandleVerifier [0x0x7ff7abd59d03+81203]
	GetHandleVerifier [0x0x7ff7abd48286+8886]
	BaseThreadInitThunk [0x0x7ff9c9b0e8d7+23]
	RtlUserThreadStart [0x0x7ff9cb08c53c+44]

[2025-11-19T12:43:21.980841] SCRAPER ratings fetch page 25 offset 480 failed (attempt 5/5): Message: no such window: target window already closed
from unknown error: web view not found
  (Session info: MicrosoftEdge=142.0.3595.80)
Stacktrace:
	GetHandleVerifier [0x0x7ff7abd52a75+51877]
	GetHandleVerifier [0x0x7ff7abd52ad4+51972]
	GetHandleVerifier [0x0x7ff7abf09425+1848405]
	(No symbol) [0x0x7ff7abaa0e5f]
	(No symbol) [0x0x7ff7abb374ec]
	(No symbol) [0x0x7ff7abb4ed0a]
	(No symbol) [0x0x7ff7abb31df3]
	(No symbol) [0x0x7ff7abb05b36]
	(No symbol) [0x0x7ff7abb04d80]
	(No symbol) [0x0x7ff7abb05973]
	(No symbol) [0x0x7ff7abbce4a5]
	(No symbol) [0x0x7ff7abbca75d]
	GetHandleVerifier [0x0x7ff7abd7d2b3+226019]
	GetHandleVerifier [0x0x7ff7abd6c481+156849]
	GetHandleVerifier [0x0x7ff7abd74979+190889]
	GetHandleVerifier [0x0x7ff7abd59bb4+80868]
	GetHandleVerifier [0x0x7ff7abd59d03+81203]
	GetHandleVerifier [0x0x7ff7abd48286+8886]
	BaseThreadInitThunk [0x0x7ff9c9b0e8d7+23]
	RtlUserThreadStart [0x0x7ff9cb08c53c+44]

[2025-11-19T12:43:26.985545] SCRAPER skip page 25 after 5 failures; lanjut halaman berikutnya
[2025-11-19T12:43:26.987679] SCRAPER ratings fetch page 26 offset 500 failed (attempt 1/5): Message: no such window: target window already closed
from unknown error: web view not found
  (Session info: MicrosoftEdge=142.0.3595.80)
Stacktrace:
	GetHandleVerifier [0x0x7ff7abd52a75+51877]
	GetHandleVerifier [0x0x7ff7abd52ad4+51972]
	GetHandleVerifier [0x0x7ff7abf09425+1848405]
	(No symbol) [0x0x7ff7abaa0e5f]
	(No symbol) [0x0x7ff7abb374ec]
	(No symbol) [0x0x7ff7abb4ed0a]
	(No symbol) [0x0x7ff7abb31df3]
	(No symbol) [0x0x7ff7abb05b36]
	(No symbol) [0x0x7ff7abb04d80]
	(No symbol) [0x0x7ff7abb05973]
	(No symbol) [0x0x7ff7abbce4a5]
	(No symbol) [0x0x7ff7abbca75d]
	GetHandleVerifier [0x0x7ff7abd7d2b3+226019]
	GetHandleVerifier [0x0x7ff7abd6c481+156849]
	GetHandleVerifier [0x0x7ff7abd74979+190889]
	GetHandleVerifier [0x0x7ff7abd59bb4+80868]
	GetHandleVerifier [0x0x7ff7abd59d03+81203]
	GetHandleVerifier [0x0x7ff7abd48286+8886]
	BaseThreadInitThunk [0x0x7ff9c9b0e8d7+23]
	RtlUserThreadStart [0x0x7ff9cb08c53c+44]

[2025-11-19T12:43:28.992208] SCRAPER ratings fetch page 26 offset 500 failed (attempt 2/5): Message: no such window: target window already closed
from unknown error: web view not found
  (Session info: MicrosoftEdge=142.0.3595.80)
Stacktrace:
	GetHandleVerifier [0x0x7ff7abd52a75+51877]
	GetHandleVerifier [0x0x7ff7abd52ad4+51972]
	GetHandleVerifier [0x0x7ff7abf09425+1848405]
	(No symbol) [0x0x7ff7abaa0e5f]
	(No symbol) [0x0x7ff7abb374ec]
	(No symbol) [0x0x7ff7abb4ed0a]
	(No symbol) [0x0x7ff7abb31df3]
	(No symbol) [0x0x7ff7abb05b36]
	(No symbol) [0x0x7ff7abb04d80]
	(No symbol) [0x0x7ff7abb05973]
	(No symbol) [0x0x7ff7abbce4a5]
	(No symbol) [0x0x7ff7abbca75d]
	GetHandleVerifier [0x0x7ff7abd7d2b3+226019]
	GetHandleVerifier [0x0x7ff7abd6c481+156849]
	GetHandleVerifier [0x0x7ff7abd74979+190889]
	GetHandleVerifier [0x0x7ff7abd59bb4+80868]
	GetHandleVerifier [0x0x7ff7abd59d03+81203]
	GetHandleVerifier [0x0x7ff7abd48286+8886]
	BaseThreadInitThunk [0x0x7ff9c9b0e8d7+23]
	RtlUserThreadStart [0x0x7ff9cb08c53c+44]

[2025-11-19T12:43:32.007204] SCRAPER ratings fetch page 26 offset 500 failed (attempt 3/5): Message: no such window: target window already closed
from unknown error: web view not found
  (Session info: MicrosoftEdge=142.0.3595.80)
Stacktrace:
	GetHandleVerifier [0x0x7ff7abd52a75+51877]
	GetHandleVerifier [0x0x7ff7abd52ad4+51972]
	GetHandleVerifier [0x0x7ff7abf09425+1848405]
	(No symbol) [0x0x7ff7abaa0e5f]
	(No symbol) [0x0x7ff7abb374ec]
	(No symbol) [0x0x7ff7abb4ed0a]
	(No symbol) [0x0x7ff7abb31df3]
	(No symbol) [0x0x7ff7abb05b36]
	(No symbol) [0x0x7ff7abb04d80]
	(No symbol) [0x0x7ff7abb05973]
	(No symbol) [0x0x7ff7abbce4a5]
	(No symbol) [0x0x7ff7abbca75d]
	GetHandleVerifier [0x0x7ff7abd7d2b3+226019]
	GetHandleVerifier [0x0x7ff7abd6c481+156849]
	GetHandleVerifier [0x0x7ff7abd74979+190889]
	GetHandleVerifier [0x0x7ff7abd59bb4+80868]
	GetHandleVerifier [0x0x7ff7abd59d03+81203]
	GetHandleVerifier [0x0x7ff7abd48286+8886]
	BaseThreadInitThunk [0x0x7ff9c9b0e8d7+23]
	RtlUserThreadStart [0x0x7ff9cb08c53c+44]

[2025-11-19T12:43:36.016593] SCRAPER ratings fetch page 26 offset 500 failed (attempt 4/5): Message: no such window: target window already closed
from unknown error: web view not found
  (Session info: MicrosoftEdge=142.0.3595.80)
Stacktrace:
	GetHandleVerifier [0x0x7ff7abd52a75+51877]
	GetHandleVerifier [0x0x7ff7abd52ad4+51972]
	GetHandleVerifier [0x0x7ff7abf09425+1848405]
	(No symbol) [0x0x7ff7abaa0e5f]
	(No symbol) [0x0x7ff7abb374ec]
	(No symbol) [0x0x7ff7abb4ed0a]
	(No symbol) [0x0x7ff7abb31df3]
	(No symbol) [0x0x7ff7abb05b36]
	(No symbol) [0x0x7ff7abb04d80]
	(No symbol) [0x0x7ff7abb05973]
	(No symbol) [0x0x7ff7abbce4a5]
	(No symbol) [0x0x7ff7abbca75d]
	GetHandleVerifier [0x0x7ff7abd7d2b3+226019]
	GetHandleVerifier [0x0x7ff7abd6c481+156849]
	GetHandleVerifier [0x0x7ff7abd74979+190889]
	GetHandleVerifier [0x0x7ff7abd59bb4+80868]
	GetHandleVerifier [0x0x7ff7abd59d03+81203]
	GetHandleVerifier [0x0x7ff7abd48286+8886]
	BaseThreadInitThunk [0x0x7ff9c9b0e8d7+23]
	RtlUserThreadStart [0x0x7ff9cb08c53c+44]

[2025-11-19T12:43:41.029517] SCRAPER ratings fetch page 26 offset 500 failed (attempt 5/5): Message: no such window: target window already closed
from unknown error: web view not found
  (Session info: MicrosoftEdge=142.0.3595.80)
Stacktrace:
	GetHandleVerifier [0x0x7ff7abd52a75+51877]
	GetHandleVerifier [0x0x7ff7abd52ad4+51972]
	GetHandleVerifier [0x0x7ff7abf09425+1848405]
	(No symbol) [0x0x7ff7abaa0e5f]
	(No symbol) [0x0x7ff7abb374ec]
	(No symbol) [0x0x7ff7abb4ed0a]
	(No symbol) [0x0x7ff7abb31df3]
	(No symbol) [0x0x7ff7abb05b36]
	(No symbol) [0x0x7ff7abb04d80]
	(No symbol) [0x0x7ff7abb05973]
	(No symbol) [0x0x7ff7abbce4a5]
	(No symbol) [0x0x7ff7abbca75d]
	GetHandleVerifier [0x0x7ff7abd7d2b3+226019]
	GetHandleVerifier [0x0x7ff7abd6c481+156849]
	GetHandleVerifier [0x0x7ff7abd74979+190889]
	GetHandleVerifier [0x0x7ff7abd59bb4+80868]
	GetHandleVerifier [0x0x7ff7abd59d03+81203]
	GetHandleVerifier [0x0x7ff7abd48286+8886]
	BaseThreadInitThunk [0x0x7ff9c9b0e8d7+23]
	RtlUserThreadStart [0x0x7ff9cb08c53c+44]

[2025-11-19T12:43:46.043267] SCRAPER skip page 26 after 5 failures; lanjut halaman berikutnya
[2025-11-19T12:43:46.045232] SCRAPER ratings fetch page 27 offset 520 failed (attempt 1/5): Message: no such window: target window already closed
from unknown error: web view not found
  (Session info: MicrosoftEdge=142.0.3595.80)
Stacktrace:
	GetHandleVerifier [0x0x7ff7abd52a75+51877]
	GetHandleVerifier [0x0x7ff7abd52ad4+51972]
	GetHandleVerifier [0x0x7ff7abf09425+1848405]
	(No symbol) [0x0x7ff7abaa0e5f]
	(No symbol) [0x0x7ff7abb374ec]
	(No symbol) [0x0x7ff7abb4ed0a]
	(No symbol) [0x0x7ff7abb31df3]
	(No symbol) [0x0x7ff7abb05b36]
	(No symbol) [0x0x7ff7abb04d80]
	(No symbol) [0x0x7ff7abb05973]
	(No symbol) [0x0x7ff7abbce4a5]
	(No symbol) [0x0x7ff7abbca75d]
	GetHandleVerifier [0x0x7ff7abd7d2b3+226019]
	GetHandleVerifier [0x0x7ff7abd6c481+156849]
	GetHandleVerifier [0x0x7ff7abd74979+190889]
	GetHandleVerifier [0x0x7ff7abd59bb4+80868]
	GetHandleVerifier [0x0x7ff7abd59d03+81203]
	GetHandleVerifier [0x0x7ff7abd48286+8886]
	BaseThreadInitThunk [0x0x7ff9c9b0e8d7+23]
	RtlUserThreadStart [0x0x7ff9cb08c53c+44]

[2025-11-19T12:43:48.058284] SCRAPER ratings fetch page 27 offset 520 failed (attempt 2/5): Message: no such window: target window already closed
from unknown error: web view not found
  (Session info: MicrosoftEdge=142.0.3595.80)
Stacktrace:
	GetHandleVerifier [0x0x7ff7abd52a75+51877]
	GetHandleVerifier [0x0x7ff7abd52ad4+51972]
	GetHandleVerifier [0x0x7ff7abf09425+1848405]
	(No symbol) [0x0x7ff7abaa0e5f]
	(No symbol) [0x0x7ff7abb374ec]
	(No symbol) [0x0x7ff7abb4ed0a]
	(No symbol) [0x0x7ff7abb31df3]
	(No symbol) [0x0x7ff7abb05b36]
	(No symbol) [0x0x7ff7abb04d80]
	(No symbol) [0x0x7ff7abb05973]
	(No symbol) [0x0x7ff7abbce4a5]
	(No symbol) [0x0x7ff7abbca75d]
	GetHandleVerifier [0x0x7ff7abd7d2b3+226019]
	GetHandleVerifier [0x0x7ff7abd6c481+156849]
	GetHandleVerifier [0x0x7ff7abd74979+190889]
	GetHandleVerifier [0x0x7ff7abd59bb4+80868]
	GetHandleVerifier [0x0x7ff7abd59d03+81203]
	GetHandleVerifier [0x0x7ff7abd48286+8886]
	BaseThreadInitThunk [0x0x7ff9c9b0e8d7+23]
	RtlUserThreadStart [0x0x7ff9cb08c53c+44]

[2025-11-19T12:43:51.075144] SCRAPER ratings fetch page 27 offset 520 failed (attempt 3/5): Message: no such window: target window already closed
from unknown error: web view not found
  (Session info: MicrosoftEdge=142.0.3595.80)
Stacktrace:
	GetHandleVerifier [0x0x7ff7abd52a75+51877]
	GetHandleVerifier [0x0x7ff7abd52ad4+51972]
	GetHandleVerifier [0x0x7ff7abf09425+1848405]
	(No symbol) [0x0x7ff7abaa0e5f]
	(No symbol) [0x0x7ff7abb374ec]
	(No symbol) [0x0x7ff7abb4ed0a]
	(No symbol) [0x0x7ff7abb31df3]
	(No symbol) [0x0x7ff7abb05b36]
	(No symbol) [0x0x7ff7abb04d80]
	(No symbol) [0x0x7ff7abb05973]
	(No symbol) [0x0x7ff7abbce4a5]
	(No symbol) [0x0x7ff7abbca75d]
	GetHandleVerifier [0x0x7ff7abd7d2b3+226019]
	GetHandleVerifier [0x0x7ff7abd6c481+156849]
	GetHandleVerifier [0x0x7ff7abd74979+190889]
	GetHandleVerifier [0x0x7ff7abd59bb4+80868]
	GetHandleVerifier [0x0x7ff7abd59d03+81203]
	GetHandleVerifier [0x0x7ff7abd48286+8886]
	BaseThreadInitThunk [0x0x7ff9c9b0e8d7+23]
	RtlUserThreadStart [0x0x7ff9cb08c53c+44]

[2025-11-19T12:43:55.089819] SCRAPER ratings fetch page 27 offset 520 failed (attempt 4/5): Message: no such window: target window already closed
from unknown error: web view not found
  (Session info: MicrosoftEdge=142.0.3595.80)
Stacktrace:
	GetHandleVerifier [0x0x7ff7abd52a75+51877]
	GetHandleVerifier [0x0x7ff7abd52ad4+51972]
	GetHandleVerifier [0x0x7ff7abf09425+1848405]
	(No symbol) [0x0x7ff7abaa0e5f]
	(No symbol) [0x0x7ff7abb374ec]
	(No symbol) [0x0x7ff7abb4ed0a]
	(No symbol) [0x0x7ff7abb31df3]
	(No symbol) [0x0x7ff7abb05b36]
	(No symbol) [0x0x7ff7abb04d80]
	(No symbol) [0x0x7ff7abb05973]
	(No symbol) [0x0x7ff7abbce4a5]
	(No symbol) [0x0x7ff7abbca75d]
	GetHandleVerifier [0x0x7ff7abd7d2b3+226019]
	GetHandleVerifier [0x0x7ff7abd6c481+156849]
	GetHandleVerifier [0x0x7ff7abd74979+190889]
	GetHandleVerifier [0x0x7ff7abd59bb4+80868]
	GetHandleVerifier [0x0x7ff7abd59d03+81203]
	GetHandleVerifier [0x0x7ff7abd48286+8886]
	BaseThreadInitThunk [0x0x7ff9c9b0e8d7+23]
	RtlUserThreadStart [0x0x7ff9cb08c53c+44]

[2025-11-19T12:44:00.096909] SCRAPER ratings fetch page 27 offset 520 failed (attempt 5/5): Message: no such window: target window already closed
from unknown error: web view not found
  (Session info: MicrosoftEdge=142.0.3595.80)
Stacktrace:
	GetHandleVerifier [0x0x7ff7abd52a75+51877]
	GetHandleVerifier [0x0x7ff7abd52ad4+51972]
	GetHandleVerifier [0x0x7ff7abf09425+1848405]
	(No symbol) [0x0x7ff7abaa0e5f]
	(No symbol) [0x0x7ff7abb374ec]
	(No symbol) [0x0x7ff7abb4ed0a]
	(No symbol) [0x0x7ff7abb31df3]
	(No symbol) [0x0x7ff7abb05b36]
	(No symbol) [0x0x7ff7abb04d80]
	(No symbol) [0x0x7ff7abb05973]
	(No symbol) [0x0x7ff7abbce4a5]
	(No symbol) [0x0x7ff7abbca75d]
	GetHandleVerifier [0x0x7ff7abd7d2b3+226019]
	GetHandleVerifier [0x0x7ff7abd6c481+156849]
	GetHandleVerifier [0x0x7ff7abd74979+190889]
	GetHandleVerifier [0x0x7ff7abd59bb4+80868]
	GetHandleVerifier [0x0x7ff7abd59d03+81203]
	GetHandleVerifier [0x0x7ff7abd48286+8886]
	BaseThreadInitThunk [0x0x7ff9c9b0e8d7+23]
	RtlUserThreadStart [0x0x7ff9cb08c53c+44]

[2025-11-19T12:44:05.105894] SCRAPER skip page 27 after 5 failures; lanjut halaman berikutnya
[2025-11-19T12:44:05.108793] SCRAPER ratings fetch page 28 offset 540 failed (attempt 1/5): Message: no such window: target window already closed
from unknown error: web view not found
  (Session info: MicrosoftEdge=142.0.3595.80)
Stacktrace:
	GetHandleVerifier [0x0x7ff7abd52a75+51877]
	GetHandleVerifier [0x0x7ff7abd52ad4+51972]
	GetHandleVerifier [0x0x7ff7abf09425+1848405]
	(No symbol) [0x0x7ff7abaa0e5f]
	(No symbol) [0x0x7ff7abb374ec]
	(No symbol) [0x0x7ff7abb4ed0a]
	(No symbol) [0x0x7ff7abb31df3]
	(No symbol) [0x0x7ff7abb05b36]
	(No symbol) [0x0x7ff7abb04d80]
	(No symbol) [0x0x7ff7abb05973]
	(No symbol) [0x0x7ff7abbce4a5]
	(No symbol) [0x0x7ff7abbca75d]
	GetHandleVerifier [0x0x7ff7abd7d2b3+226019]
	GetHandleVerifier [0x0x7ff7abd6c481+156849]
	GetHandleVerifier [0x0x7ff7abd74979+190889]
	GetHandleVerifier [0x0x7ff7abd59bb4+80868]
	GetHandleVerifier [0x0x7ff7abd59d03+81203]
	GetHandleVerifier [0x0x7ff7abd48286+8886]
	BaseThreadInitThunk [0x0x7ff9c9b0e8d7+23]
	RtlUserThreadStart [0x0x7ff9cb08c53c+44]

[2025-11-19T12:44:07.120169] SCRAPER ratings fetch page 28 offset 540 failed (attempt 2/5): Message: no such window: target window already closed
from unknown error: web view not found
  (Session info: MicrosoftEdge=142.0.3595.80)
Stacktrace:
	GetHandleVerifier [0x0x7ff7abd52a75+51877]
	GetHandleVerifier [0x0x7ff7abd52ad4+51972]
	GetHandleVerifier [0x0x7ff7abf09425+1848405]
	(No symbol) [0x0x7ff7abaa0e5f]
	(No symbol) [0x0x7ff7abb374ec]
	(No symbol) [0x0x7ff7abb4ed0a]
	(No symbol) [0x0x7ff7abb31df3]
	(No symbol) [0x0x7ff7abb05b36]
	(No symbol) [0x0x7ff7abb04d80]
	(No symbol) [0x0x7ff7abb05973]
	(No symbol) [0x0x7ff7abbce4a5]
	(No symbol) [0x0x7ff7abbca75d]
	GetHandleVerifier [0x0x7ff7abd7d2b3+226019]
	GetHandleVerifier [0x0x7ff7abd6c481+156849]
	GetHandleVerifier [0x0x7ff7abd74979+190889]
	GetHandleVerifier [0x0x7ff7abd59bb4+80868]
	GetHandleVerifier [0x0x7ff7abd59d03+81203]
	GetHandleVerifier [0x0x7ff7abd48286+8886]
	BaseThreadInitThunk [0x0x7ff9c9b0e8d7+23]
	RtlUserThreadStart [0x0x7ff9cb08c53c+44]

[2025-11-19T12:44:10.132697] SCRAPER ratings fetch page 28 offset 540 failed (attempt 3/5): Message: no such window: target window already closed
from unknown error: web view not found
  (Session info: MicrosoftEdge=142.0.3595.80)
Stacktrace:
	GetHandleVerifier [0x0x7ff7abd52a75+51877]
	GetHandleVerifier [0x0x7ff7abd52ad4+51972]
	GetHandleVerifier [0x0x7ff7abf09425+1848405]
	(No symbol) [0x0x7ff7abaa0e5f]
	(No symbol) [0x0x7ff7abb374ec]
	(No symbol) [0x0x7ff7abb4ed0a]
	(No symbol) [0x0x7ff7abb31df3]
	(No symbol) [0x0x7ff7abb05b36]
	(No symbol) [0x0x7ff7abb04d80]
	(No symbol) [0x0x7ff7abb05973]
	(No symbol) [0x0x7ff7abbce4a5]
	(No symbol) [0x0x7ff7abbca75d]
	GetHandleVerifier [0x0x7ff7abd7d2b3+226019]
	GetHandleVerifier [0x0x7ff7abd6c481+156849]
	GetHandleVerifier [0x0x7ff7abd74979+190889]
	GetHandleVerifier [0x0x7ff7abd59bb4+80868]
	GetHandleVerifier [0x0x7ff7abd59d03+81203]
	GetHandleVerifier [0x0x7ff7abd48286+8886]
	BaseThreadInitThunk [0x0x7ff9c9b0e8d7+23]
	RtlUserThreadStart [0x0x7ff9cb08c53c+44]

[2025-11-19T12:44:14.138434] SCRAPER ratings fetch page 28 offset 540 failed (attempt 4/5): Message: no such window: target window already closed
from unknown error: web view not found
  (Session info: MicrosoftEdge=142.0.3595.80)
Stacktrace:
	GetHandleVerifier [0x0x7ff7abd52a75+51877]
	GetHandleVerifier [0x0x7ff7abd52ad4+51972]
	GetHandleVerifier [0x0x7ff7abf09425+1848405]
	(No symbol) [0x0x7ff7abaa0e5f]
	(No symbol) [0x0x7ff7abb374ec]
	(No symbol) [0x0x7ff7abb4ed0a]
	(No symbol) [0x0x7ff7abb31df3]
	(No symbol) [0x0x7ff7abb05b36]
	(No symbol) [0x0x7ff7abb04d80]
	(No symbol) [0x0x7ff7abb05973]
	(No symbol) [0x0x7ff7abbce4a5]
	(No symbol) [0x0x7ff7abbca75d]
	GetHandleVerifier [0x0x7ff7abd7d2b3+226019]
	GetHandleVerifier [0x0x7ff7abd6c481+156849]
	GetHandleVerifier [0x0x7ff7abd74979+190889]
	GetHandleVerifier [0x0x7ff7abd59bb4+80868]
	GetHandleVerifier [0x0x7ff7abd59d03+81203]
	GetHandleVerifier [0x0x7ff7abd48286+8886]
	BaseThreadInitThunk [0x0x7ff9c9b0e8d7+23]
	RtlUserThreadStart [0x0x7ff9cb08c53c+44]

[2025-11-19T12:44:19.150425] SCRAPER ratings fetch page 28 offset 540 failed (attempt 5/5): Message: no such window: target window already closed
from unknown error: web view not found
  (Session info: MicrosoftEdge=142.0.3595.80)
Stacktrace:
	GetHandleVerifier [0x0x7ff7abd52a75+51877]
	GetHandleVerifier [0x0x7ff7abd52ad4+51972]
	GetHandleVerifier [0x0x7ff7abf09425+1848405]
	(No symbol) [0x0x7ff7abaa0e5f]
	(No symbol) [0x0x7ff7abb374ec]
	(No symbol) [0x0x7ff7abb4ed0a]
	(No symbol) [0x0x7ff7abb31df3]
	(No symbol) [0x0x7ff7abb05b36]
	(No symbol) [0x0x7ff7abb04d80]
	(No symbol) [0x0x7ff7abb05973]
	(No symbol) [0x0x7ff7abbce4a5]
	(No symbol) [0x0x7ff7abbca75d]
	GetHandleVerifier [0x0x7ff7abd7d2b3+226019]
	GetHandleVerifier [0x0x7ff7abd6c481+156849]
	GetHandleVerifier [0x0x7ff7abd74979+190889]
	GetHandleVerifier [0x0x7ff7abd59bb4+80868]
	GetHandleVerifier [0x0x7ff7abd59d03+81203]
	GetHandleVerifier [0x0x7ff7abd48286+8886]
	BaseThreadInitThunk [0x0x7ff9c9b0e8d7+23]
	RtlUserThreadStart [0x0x7ff9cb08c53c+44]

[2025-11-19T12:44:24.159726] SCRAPER skip page 28 after 5 failures; lanjut halaman berikutnya
[2025-11-19T12:44:24.162731] SCRAPER ratings fetch page 29 offset 560 failed (attempt 1/5): Message: no such window: target window already closed
from unknown error: web view not found
  (Session info: MicrosoftEdge=142.0.3595.80)
Stacktrace:
	GetHandleVerifier [0x0x7ff7abd52a75+51877]
	GetHandleVerifier [0x0x7ff7abd52ad4+51972]
	GetHandleVerifier [0x0x7ff7abf09425+1848405]
	(No symbol) [0x0x7ff7abaa0e5f]
	(No symbol) [0x0x7ff7abb374ec]
	(No symbol) [0x0x7ff7abb4ed0a]
	(No symbol) [0x0x7ff7abb31df3]
	(No symbol) [0x0x7ff7abb05b36]
	(No symbol) [0x0x7ff7abb04d80]
	(No symbol) [0x0x7ff7abb05973]
	(No symbol) [0x0x7ff7abbce4a5]
	(No symbol) [0x0x7ff7abbca75d]
	GetHandleVerifier [0x0x7ff7abd7d2b3+226019]
	GetHandleVerifier [0x0x7ff7abd6c481+156849]
	GetHandleVerifier [0x0x7ff7abd74979+190889]
	GetHandleVerifier [0x0x7ff7abd59bb4+80868]
	GetHandleVerifier [0x0x7ff7abd59d03+81203]
	GetHandleVerifier [0x0x7ff7abd48286+8886]
	BaseThreadInitThunk [0x0x7ff9c9b0e8d7+23]
	RtlUserThreadStart [0x0x7ff9cb08c53c+44]

[2025-11-19T12:44:26.170790] SCRAPER ratings fetch page 29 offset 560 failed (attempt 2/5): Message: no such window: target window already closed
from unknown error: web view not found
  (Session info: MicrosoftEdge=142.0.3595.80)
Stacktrace:
	GetHandleVerifier [0x0x7ff7abd52a75+51877]
	GetHandleVerifier [0x0x7ff7abd52ad4+51972]
	GetHandleVerifier [0x0x7ff7abf09425+1848405]
	(No symbol) [0x0x7ff7abaa0e5f]
	(No symbol) [0x0x7ff7abb374ec]
	(No symbol) [0x0x7ff7abb4ed0a]
	(No symbol) [0x0x7ff7abb31df3]
	(No symbol) [0x0x7ff7abb05b36]
	(No symbol) [0x0x7ff7abb04d80]
	(No symbol) [0x0x7ff7abb05973]
	(No symbol) [0x0x7ff7abbce4a5]
	(No symbol) [0x0x7ff7abbca75d]
	GetHandleVerifier [0x0x7ff7abd7d2b3+226019]
	GetHandleVerifier [0x0x7ff7abd6c481+156849]
	GetHandleVerifier [0x0x7ff7abd74979+190889]
	GetHandleVerifier [0x0x7ff7abd59bb4+80868]
	GetHandleVerifier [0x0x7ff7abd59d03+81203]
	GetHandleVerifier [0x0x7ff7abd48286+8886]
	BaseThreadInitThunk [0x0x7ff9c9b0e8d7+23]
	RtlUserThreadStart [0x0x7ff9cb08c53c+44]

[2025-11-19T12:44:29.187482] SCRAPER ratings fetch page 29 offset 560 failed (attempt 3/5): Message: no such window: target window already closed
from unknown error: web view not found
  (Session info: MicrosoftEdge=142.0.3595.80)
Stacktrace:
	GetHandleVerifier [0x0x7ff7abd52a75+51877]
	GetHandleVerifier [0x0x7ff7abd52ad4+51972]
	GetHandleVerifier [0x0x7ff7abf09425+1848405]
	(No symbol) [0x0x7ff7abaa0e5f]
	(No symbol) [0x0x7ff7abb374ec]
	(No symbol) [0x0x7ff7abb4ed0a]
	(No symbol) [0x0x7ff7abb31df3]
	(No symbol) [0x0x7ff7abb05b36]
	(No symbol) [0x0x7ff7abb04d80]
	(No symbol) [0x0x7ff7abb05973]
	(No symbol) [0x0x7ff7abbce4a5]
	(No symbol) [0x0x7ff7abbca75d]
	GetHandleVerifier [0x0x7ff7abd7d2b3+226019]
	GetHandleVerifier [0x0x7ff7abd6c481+156849]
	GetHandleVerifier [0x0x7ff7abd74979+190889]
	GetHandleVerifier [0x0x7ff7abd59bb4+80868]
	GetHandleVerifier [0x0x7ff7abd59d03+81203]
	GetHandleVerifier [0x0x7ff7abd48286+8886]
	BaseThreadInitThunk [0x0x7ff9c9b0e8d7+23]
	RtlUserThreadStart [0x0x7ff9cb08c53c+44]

[2025-11-19T12:44:33.192394] SCRAPER ratings fetch page 29 offset 560 failed (attempt 4/5): Message: no such window: target window already closed
from unknown error: web view not found
  (Session info: MicrosoftEdge=142.0.3595.80)
Stacktrace:
	GetHandleVerifier [0x0x7ff7abd52a75+51877]
	GetHandleVerifier [0x0x7ff7abd52ad4+51972]
	GetHandleVerifier [0x0x7ff7abf09425+1848405]
	(No symbol) [0x0x7ff7abaa0e5f]
	(No symbol) [0x0x7ff7abb374ec]
	(No symbol) [0x0x7ff7abb4ed0a]
	(No symbol) [0x0x7ff7abb31df3]
	(No symbol) [0x0x7ff7abb05b36]
	(No symbol) [0x0x7ff7abb04d80]
	(No symbol) [0x0x7ff7abb05973]
	(No symbol) [0x0x7ff7abbce4a5]
	(No symbol) [0x0x7ff7abbca75d]
	GetHandleVerifier [0x0x7ff7abd7d2b3+226019]
	GetHandleVerifier [0x0x7ff7abd6c481+156849]
	GetHandleVerifier [0x0x7ff7abd74979+190889]
	GetHandleVerifier [0x0x7ff7abd59bb4+80868]
	GetHandleVerifier [0x0x7ff7abd59d03+81203]
	GetHandleVerifier [0x0x7ff7abd48286+8886]
	BaseThreadInitThunk [0x0x7ff9c9b0e8d7+23]
	RtlUserThreadStart [0x0x7ff9cb08c53c+44]

[2025-11-19T12:44:38.202258] SCRAPER ratings fetch page 29 offset 560 failed (attempt 5/5): Message: no such window: target window already closed
from unknown error: web view not found
  (Session info: MicrosoftEdge=142.0.3595.80)
Stacktrace:
	GetHandleVerifier [0x0x7ff7abd52a75+51877]
	GetHandleVerifier [0x0x7ff7abd52ad4+51972]
	GetHandleVerifier [0x0x7ff7abf09425+1848405]
	(No symbol) [0x0x7ff7abaa0e5f]
	(No symbol) [0x0x7ff7abb374ec]
	(No symbol) [0x0x7ff7abb4ed0a]
	(No symbol) [0x0x7ff7abb31df3]
	(No symbol) [0x0x7ff7abb05b36]
	(No symbol) [0x0x7ff7abb04d80]
	(No symbol) [0x0x7ff7abb05973]
	(No symbol) [0x0x7ff7abbce4a5]
	(No symbol) [0x0x7ff7abbca75d]
	GetHandleVerifier [0x0x7ff7abd7d2b3+226019]
	GetHandleVerifier [0x0x7ff7abd6c481+156849]
	GetHandleVerifier [0x0x7ff7abd74979+190889]
	GetHandleVerifier [0x0x7ff7abd59bb4+80868]
	GetHandleVerifier [0x0x7ff7abd59d03+81203]
	GetHandleVerifier [0x0x7ff7abd48286+8886]
	BaseThreadInitThunk [0x0x7ff9c9b0e8d7+23]
	RtlUserThreadStart [0x0x7ff9cb08c53c+44]

[2025-11-19T12:44:43.207475] SCRAPER skip page 29 after 5 failures; lanjut halaman berikutnya
[2025-11-19T12:44:43.209359] SCRAPER ratings fetch page 30 offset 580 failed (attempt 1/5): Message: no such window: target window already closed
from unknown error: web view not found
  (Session info: MicrosoftEdge=142.0.3595.80)
Stacktrace:
	GetHandleVerifier [0x0x7ff7abd52a75+51877]
	GetHandleVerifier [0x0x7ff7abd52ad4+51972]
	GetHandleVerifier [0x0x7ff7abf09425+1848405]
	(No symbol) [0x0x7ff7abaa0e5f]
	(No symbol) [0x0x7ff7abb374ec]
	(No symbol) [0x0x7ff7abb4ed0a]
	(No symbol) [0x0x7ff7abb31df3]
	(No symbol) [0x0x7ff7abb05b36]
	(No symbol) [0x0x7ff7abb04d80]
	(No symbol) [0x0x7ff7abb05973]
	(No symbol) [0x0x7ff7abbce4a5]
	(No symbol) [0x0x7ff7abbca75d]
	GetHandleVerifier [0x0x7ff7abd7d2b3+226019]
	GetHandleVerifier [0x0x7ff7abd6c481+156849]
	GetHandleVerifier [0x0x7ff7abd74979+190889]
	GetHandleVerifier [0x0x7ff7abd59bb4+80868]
	GetHandleVerifier [0x0x7ff7abd59d03+81203]
	GetHandleVerifier [0x0x7ff7abd48286+8886]
	BaseThreadInitThunk [0x0x7ff9c9b0e8d7+23]
	RtlUserThreadStart [0x0x7ff9cb08c53c+44]

[2025-11-19T12:44:45.223228] SCRAPER ratings fetch page 30 offset 580 failed (attempt 2/5): Message: no such window: target window already closed
from unknown error: web view not found
  (Session info: MicrosoftEdge=142.0.3595.80)
Stacktrace:
	GetHandleVerifier [0x0x7ff7abd52a75+51877]
	GetHandleVerifier [0x0x7ff7abd52ad4+51972]
	GetHandleVerifier [0x0x7ff7abf09425+1848405]
	(No symbol) [0x0x7ff7abaa0e5f]
	(No symbol) [0x0x7ff7abb374ec]
	(No symbol) [0x0x7ff7abb4ed0a]
	(No symbol) [0x0x7ff7abb31df3]
	(No symbol) [0x0x7ff7abb05b36]
	(No symbol) [0x0x7ff7abb04d80]
	(No symbol) [0x0x7ff7abb05973]
	(No symbol) [0x0x7ff7abbce4a5]
	(No symbol) [0x0x7ff7abbca75d]
	GetHandleVerifier [0x0x7ff7abd7d2b3+226019]
	GetHandleVerifier [0x0x7ff7abd6c481+156849]
	GetHandleVerifier [0x0x7ff7abd74979+190889]
	GetHandleVerifier [0x0x7ff7abd59bb4+80868]
	GetHandleVerifier [0x0x7ff7abd59d03+81203]
	GetHandleVerifier [0x0x7ff7abd48286+8886]
	BaseThreadInitThunk [0x0x7ff9c9b0e8d7+23]
	RtlUserThreadStart [0x0x7ff9cb08c53c+44]

[2025-11-19T12:44:48.231490] SCRAPER ratings fetch page 30 offset 580 failed (attempt 3/5): Message: no such window: target window already closed
from unknown error: web view not found
  (Session info: MicrosoftEdge=142.0.3595.80)
Stacktrace:
	GetHandleVerifier [0x0x7ff7abd52a75+51877]
	GetHandleVerifier [0x0x7ff7abd52ad4+51972]
	GetHandleVerifier [0x0x7ff7abf09425+1848405]
	(No symbol) [0x0x7ff7abaa0e5f]
	(No symbol) [0x0x7ff7abb374ec]
	(No symbol) [0x0x7ff7abb4ed0a]
	(No symbol) [0x0x7ff7abb31df3]
	(No symbol) [0x0x7ff7abb05b36]
	(No symbol) [0x0x7ff7abb04d80]
	(No symbol) [0x0x7ff7abb05973]
	(No symbol) [0x0x7ff7abbce4a5]
	(No symbol) [0x0x7ff7abbca75d]
	GetHandleVerifier [0x0x7ff7abd7d2b3+226019]
	GetHandleVerifier [0x0x7ff7abd6c481+156849]
	GetHandleVerifier [0x0x7ff7abd74979+190889]
	GetHandleVerifier [0x0x7ff7abd59bb4+80868]
	GetHandleVerifier [0x0x7ff7abd59d03+81203]
	GetHandleVerifier [0x0x7ff7abd48286+8886]
	BaseThreadInitThunk [0x0x7ff9c9b0e8d7+23]
	RtlUserThreadStart [0x0x7ff9cb08c53c+44]

[2025-11-19T12:44:52.236972] SCRAPER ratings fetch page 30 offset 580 failed (attempt 4/5): Message: no such window: target window already closed
from unknown error: web view not found
  (Session info: MicrosoftEdge=142.0.3595.80)
Stacktrace:
	GetHandleVerifier [0x0x7ff7abd52a75+51877]
	GetHandleVerifier [0x0x7ff7abd52ad4+51972]
	GetHandleVerifier [0x0x7ff7abf09425+1848405]
	(No symbol) [0x0x7ff7abaa0e5f]
	(No symbol) [0x0x7ff7abb374ec]
	(No symbol) [0x0x7ff7abb4ed0a]
	(No symbol) [0x0x7ff7abb31df3]
	(No symbol) [0x0x7ff7abb05b36]
	(No symbol) [0x0x7ff7abb04d80]
	(No symbol) [0x0x7ff7abb05973]
	(No symbol) [0x0x7ff7abbce4a5]
	(No symbol) [0x0x7ff7abbca75d]
	GetHandleVerifier [0x0x7ff7abd7d2b3+226019]
	GetHandleVerifier [0x0x7ff7abd6c481+156849]
	GetHandleVerifier [0x0x7ff7abd74979+190889]
	GetHandleVerifier [0x0x7ff7abd59bb4+80868]
	GetHandleVerifier [0x0x7ff7abd59d03+81203]
	GetHandleVerifier [0x0x7ff7abd48286+8886]
	BaseThreadInitThunk [0x0x7ff9c9b0e8d7+23]
	RtlUserThreadStart [0x0x7ff9cb08c53c+44]

[2025-11-19T12:44:57.253024] SCRAPER ratings fetch page 30 offset 580 failed (attempt 5/5): Message: no such window: target window already closed
from unknown error: web view not found
  (Session info: MicrosoftEdge=142.0.3595.80)
Stacktrace:
	GetHandleVerifier [0x0x7ff7abd52a75+51877]
	GetHandleVerifier [0x0x7ff7abd52ad4+51972]
	GetHandleVerifier [0x0x7ff7abf09425+1848405]
	(No symbol) [0x0x7ff7abaa0e5f]
	(No symbol) [0x0x7ff7abb374ec]
	(No symbol) [0x0x7ff7abb4ed0a]
	(No symbol) [0x0x7ff7abb31df3]
	(No symbol) [0x0x7ff7abb05b36]
	(No symbol) [0x0x7ff7abb04d80]
	(No symbol) [0x0x7ff7abb05973]
	(No symbol) [0x0x7ff7abbce4a5]
	(No symbol) [0x0x7ff7abbca75d]
	GetHandleVerifier [0x0x7ff7abd7d2b3+226019]
	GetHandleVerifier [0x0x7ff7abd6c481+156849]
	GetHandleVerifier [0x0x7ff7abd74979+190889]
	GetHandleVerifier [0x0x7ff7abd59bb4+80868]
	GetHandleVerifier [0x0x7ff7abd59d03+81203]
	GetHandleVerifier [0x0x7ff7abd48286+8886]
	BaseThreadInitThunk [0x0x7ff9c9b0e8d7+23]
	RtlUserThreadStart [0x0x7ff9cb08c53c+44]

[2025-11-19T12:45:02.260813] SCRAPER skip page 30 after 5 failures; lanjut halaman berikutnya
[2025-11-19T12:45:02.264709] SCRAPER ratings fetch page 31 offset 600 failed (attempt 1/5): Message: no such window: target window already closed
from unknown error: web view not found
  (Session info: MicrosoftEdge=142.0.3595.80)
Stacktrace:
	GetHandleVerifier [0x0x7ff7abd52a75+51877]
	GetHandleVerifier [0x0x7ff7abd52ad4+51972]
	GetHandleVerifier [0x0x7ff7abf09425+1848405]
	(No symbol) [0x0x7ff7abaa0e5f]
	(No symbol) [0x0x7ff7abb374ec]
	(No symbol) [0x0x7ff7abb4ed0a]
	(No symbol) [0x0x7ff7abb31df3]
	(No symbol) [0x0x7ff7abb05b36]
	(No symbol) [0x0x7ff7abb04d80]
	(No symbol) [0x0x7ff7abb05973]
	(No symbol) [0x0x7ff7abbce4a5]
	(No symbol) [0x0x7ff7abbca75d]
	GetHandleVerifier [0x0x7ff7abd7d2b3+226019]
	GetHandleVerifier [0x0x7ff7abd6c481+156849]
	GetHandleVerifier [0x0x7ff7abd74979+190889]
	GetHandleVerifier [0x0x7ff7abd59bb4+80868]
	GetHandleVerifier [0x0x7ff7abd59d03+81203]
	GetHandleVerifier [0x0x7ff7abd48286+8886]
	BaseThreadInitThunk [0x0x7ff9c9b0e8d7+23]
	RtlUserThreadStart [0x0x7ff9cb08c53c+44]

[2025-11-19T12:45:04.270200] SCRAPER ratings fetch page 31 offset 600 failed (attempt 2/5): Message: no such window: target window already closed
from unknown error: web view not found
  (Session info: MicrosoftEdge=142.0.3595.80)
Stacktrace:
	GetHandleVerifier [0x0x7ff7abd52a75+51877]
	GetHandleVerifier [0x0x7ff7abd52ad4+51972]
	GetHandleVerifier [0x0x7ff7abf09425+1848405]
	(No symbol) [0x0x7ff7abaa0e5f]
	(No symbol) [0x0x7ff7abb374ec]
	(No symbol) [0x0x7ff7abb4ed0a]
	(No symbol) [0x0x7ff7abb31df3]
	(No symbol) [0x0x7ff7abb05b36]
	(No symbol) [0x0x7ff7abb04d80]
	(No symbol) [0x0x7ff7abb05973]
	(No symbol) [0x0x7ff7abbce4a5]
	(No symbol) [0x0x7ff7abbca75d]
	GetHandleVerifier [0x0x7ff7abd7d2b3+226019]
	GetHandleVerifier [0x0x7ff7abd6c481+156849]
	GetHandleVerifier [0x0x7ff7abd74979+190889]
	GetHandleVerifier [0x0x7ff7abd59bb4+80868]
	GetHandleVerifier [0x0x7ff7abd59d03+81203]
	GetHandleVerifier [0x0x7ff7abd48286+8886]
	BaseThreadInitThunk [0x0x7ff9c9b0e8d7+23]
	RtlUserThreadStart [0x0x7ff9cb08c53c+44]

[2025-11-19T12:45:07.277664] SCRAPER ratings fetch page 31 offset 600 failed (attempt 3/5): Message: no such window: target window already closed
from unknown error: web view not found
  (Session info: MicrosoftEdge=142.0.3595.80)
Stacktrace:
	GetHandleVerifier [0x0x7ff7abd52a75+51877]
	GetHandleVerifier [0x0x7ff7abd52ad4+51972]
	GetHandleVerifier [0x0x7ff7abf09425+1848405]
	(No symbol) [0x0x7ff7abaa0e5f]
	(No symbol) [0x0x7ff7abb374ec]
	(No symbol) [0x0x7ff7abb4ed0a]
	(No symbol) [0x0x7ff7abb31df3]
	(No symbol) [0x0x7ff7abb05b36]
	(No symbol) [0x0x7ff7abb04d80]
	(No symbol) [0x0x7ff7abb05973]
	(No symbol) [0x0x7ff7abbce4a5]
	(No symbol) [0x0x7ff7abbca75d]
	GetHandleVerifier [0x0x7ff7abd7d2b3+226019]
	GetHandleVerifier [0x0x7ff7abd6c481+156849]
	GetHandleVerifier [0x0x7ff7abd74979+190889]
	GetHandleVerifier [0x0x7ff7abd59bb4+80868]
	GetHandleVerifier [0x0x7ff7abd59d03+81203]
	GetHandleVerifier [0x0x7ff7abd48286+8886]
	BaseThreadInitThunk [0x0x7ff9c9b0e8d7+23]
	RtlUserThreadStart [0x0x7ff9cb08c53c+44]

[2025-11-19T12:45:11.291617] SCRAPER ratings fetch page 31 offset 600 failed (attempt 4/5): Message: no such window: target window already closed
from unknown error: web view not found
  (Session info: MicrosoftEdge=142.0.3595.80)
Stacktrace:
	GetHandleVerifier [0x0x7ff7abd52a75+51877]
	GetHandleVerifier [0x0x7ff7abd52ad4+51972]
	GetHandleVerifier [0x0x7ff7abf09425+1848405]
	(No symbol) [0x0x7ff7abaa0e5f]
	(No symbol) [0x0x7ff7abb374ec]
	(No symbol) [0x0x7ff7abb4ed0a]
	(No symbol) [0x0x7ff7abb31df3]
	(No symbol) [0x0x7ff7abb05b36]
	(No symbol) [0x0x7ff7abb04d80]
	(No symbol) [0x0x7ff7abb05973]
	(No symbol) [0x0x7ff7abbce4a5]
	(No symbol) [0x0x7ff7abbca75d]
	GetHandleVerifier [0x0x7ff7abd7d2b3+226019]
	GetHandleVerifier [0x0x7ff7abd6c481+156849]
	GetHandleVerifier [0x0x7ff7abd74979+190889]
	GetHandleVerifier [0x0x7ff7abd59bb4+80868]
	GetHandleVerifier [0x0x7ff7abd59d03+81203]
	GetHandleVerifier [0x0x7ff7abd48286+8886]
	BaseThreadInitThunk [0x0x7ff9c9b0e8d7+23]
	RtlUserThreadStart [0x0x7ff9cb08c53c+44]

[2025-11-19T12:45:16.297780] SCRAPER ratings fetch page 31 offset 600 failed (attempt 5/5): Message: no such window: target window already closed
from unknown error: web view not found
  (Session info: MicrosoftEdge=142.0.3595.80)
Stacktrace:
	GetHandleVerifier [0x0x7ff7abd52a75+51877]
	GetHandleVerifier [0x0x7ff7abd52ad4+51972]
	GetHandleVerifier [0x0x7ff7abf09425+1848405]
	(No symbol) [0x0x7ff7abaa0e5f]
	(No symbol) [0x0x7ff7abb374ec]
	(No symbol) [0x0x7ff7abb4ed0a]
	(No symbol) [0x0x7ff7abb31df3]
	(No symbol) [0x0x7ff7abb05b36]
	(No symbol) [0x0x7ff7abb04d80]
	(No symbol) [0x0x7ff7abb05973]
	(No symbol) [0x0x7ff7abbce4a5]
	(No symbol) [0x0x7ff7abbca75d]
	GetHandleVerifier [0x0x7ff7abd7d2b3+226019]
	GetHandleVerifier [0x0x7ff7abd6c481+156849]
	GetHandleVerifier [0x0x7ff7abd74979+190889]
	GetHandleVerifier [0x0x7ff7abd59bb4+80868]
	GetHandleVerifier [0x0x7ff7abd59d03+81203]
	GetHandleVerifier [0x0x7ff7abd48286+8886]
	BaseThreadInitThunk [0x0x7ff9c9b0e8d7+23]
	RtlUserThreadStart [0x0x7ff9cb08c53c+44]

[2025-11-19T12:45:21.307801] SCRAPER skip page 31 after 5 failures; lanjut halaman berikutnya
[2025-11-19T12:45:21.309805] SCRAPER ratings fetch page 32 offset 620 failed (attempt 1/5): Message: no such window: target window already closed
from unknown error: web view not found
  (Session info: MicrosoftEdge=142.0.3595.80)
Stacktrace:
	GetHandleVerifier [0x0x7ff7abd52a75+51877]
	GetHandleVerifier [0x0x7ff7abd52ad4+51972]
	GetHandleVerifier [0x0x7ff7abf09425+1848405]
	(No symbol) [0x0x7ff7abaa0e5f]
	(No symbol) [0x0x7ff7abb374ec]
	(No symbol) [0x0x7ff7abb4ed0a]
	(No symbol) [0x0x7ff7abb31df3]
	(No symbol) [0x0x7ff7abb05b36]
	(No symbol) [0x0x7ff7abb04d80]
	(No symbol) [0x0x7ff7abb05973]
	(No symbol) [0x0x7ff7abbce4a5]
	(No symbol) [0x0x7ff7abbca75d]
	GetHandleVerifier [0x0x7ff7abd7d2b3+226019]
	GetHandleVerifier [0x0x7ff7abd6c481+156849]
	GetHandleVerifier [0x0x7ff7abd74979+190889]
	GetHandleVerifier [0x0x7ff7abd59bb4+80868]
	GetHandleVerifier [0x0x7ff7abd59d03+81203]
	GetHandleVerifier [0x0x7ff7abd48286+8886]
	BaseThreadInitThunk [0x0x7ff9c9b0e8d7+23]
	RtlUserThreadStart [0x0x7ff9cb08c53c+44]

[2025-11-19T12:45:23.319291] SCRAPER ratings fetch page 32 offset 620 failed (attempt 2/5): Message: no such window: target window already closed
from unknown error: web view not found
  (Session info: MicrosoftEdge=142.0.3595.80)
Stacktrace:
	GetHandleVerifier [0x0x7ff7abd52a75+51877]
	GetHandleVerifier [0x0x7ff7abd52ad4+51972]
	GetHandleVerifier [0x0x7ff7abf09425+1848405]
	(No symbol) [0x0x7ff7abaa0e5f]
	(No symbol) [0x0x7ff7abb374ec]
	(No symbol) [0x0x7ff7abb4ed0a]
	(No symbol) [0x0x7ff7abb31df3]
	(No symbol) [0x0x7ff7abb05b36]
	(No symbol) [0x0x7ff7abb04d80]
	(No symbol) [0x0x7ff7abb05973]
	(No symbol) [0x0x7ff7abbce4a5]
	(No symbol) [0x0x7ff7abbca75d]
	GetHandleVerifier [0x0x7ff7abd7d2b3+226019]
	GetHandleVerifier [0x0x7ff7abd6c481+156849]
	GetHandleVerifier [0x0x7ff7abd74979+190889]
	GetHandleVerifier [0x0x7ff7abd59bb4+80868]
	GetHandleVerifier [0x0x7ff7abd59d03+81203]
	GetHandleVerifier [0x0x7ff7abd48286+8886]
	BaseThreadInitThunk [0x0x7ff9c9b0e8d7+23]
	RtlUserThreadStart [0x0x7ff9cb08c53c+44]

[2025-11-19T12:45:26.325716] SCRAPER ratings fetch page 32 offset 620 failed (attempt 3/5): Message: no such window: target window already closed
from unknown error: web view not found
  (Session info: MicrosoftEdge=142.0.3595.80)
Stacktrace:
	GetHandleVerifier [0x0x7ff7abd52a75+51877]
	GetHandleVerifier [0x0x7ff7abd52ad4+51972]
	GetHandleVerifier [0x0x7ff7abf09425+1848405]
	(No symbol) [0x0x7ff7abaa0e5f]
	(No symbol) [0x0x7ff7abb374ec]
	(No symbol) [0x0x7ff7abb4ed0a]
	(No symbol) [0x0x7ff7abb31df3]
	(No symbol) [0x0x7ff7abb05b36]
	(No symbol) [0x0x7ff7abb04d80]
	(No symbol) [0x0x7ff7abb05973]
	(No symbol) [0x0x7ff7abbce4a5]
	(No symbol) [0x0x7ff7abbca75d]
	GetHandleVerifier [0x0x7ff7abd7d2b3+226019]
	GetHandleVerifier [0x0x7ff7abd6c481+156849]
	GetHandleVerifier [0x0x7ff7abd74979+190889]
	GetHandleVerifier [0x0x7ff7abd59bb4+80868]
	GetHandleVerifier [0x0x7ff7abd59d03+81203]
	GetHandleVerifier [0x0x7ff7abd48286+8886]
	BaseThreadInitThunk [0x0x7ff9c9b0e8d7+23]
	RtlUserThreadStart [0x0x7ff9cb08c53c+44]

[2025-11-19T12:45:30.335854] SCRAPER ratings fetch page 32 offset 620 failed (attempt 4/5): Message: no such window: target window already closed
from unknown error: web view not found
  (Session info: MicrosoftEdge=142.0.3595.80)
Stacktrace:
	GetHandleVerifier [0x0x7ff7abd52a75+51877]
	GetHandleVerifier [0x0x7ff7abd52ad4+51972]
	GetHandleVerifier [0x0x7ff7abf09425+1848405]
	(No symbol) [0x0x7ff7abaa0e5f]
	(No symbol) [0x0x7ff7abb374ec]
	(No symbol) [0x0x7ff7abb4ed0a]
	(No symbol) [0x0x7ff7abb31df3]
	(No symbol) [0x0x7ff7abb05b36]
	(No symbol) [0x0x7ff7abb04d80]
	(No symbol) [0x0x7ff7abb05973]
	(No symbol) [0x0x7ff7abbce4a5]
	(No symbol) [0x0x7ff7abbca75d]
	GetHandleVerifier [0x0x7ff7abd7d2b3+226019]
	GetHandleVerifier [0x0x7ff7abd6c481+156849]
	GetHandleVerifier [0x0x7ff7abd74979+190889]
	GetHandleVerifier [0x0x7ff7abd59bb4+80868]
	GetHandleVerifier [0x0x7ff7abd59d03+81203]
	GetHandleVerifier [0x0x7ff7abd48286+8886]
	BaseThreadInitThunk [0x0x7ff9c9b0e8d7+23]
	RtlUserThreadStart [0x0x7ff9cb08c53c+44]

[2025-11-19T12:45:35.347958] SCRAPER ratings fetch page 32 offset 620 failed (attempt 5/5): Message: no such window: target window already closed
from unknown error: web view not found
  (Session info: MicrosoftEdge=142.0.3595.80)
Stacktrace:
	GetHandleVerifier [0x0x7ff7abd52a75+51877]
	GetHandleVerifier [0x0x7ff7abd52ad4+51972]
	GetHandleVerifier [0x0x7ff7abf09425+1848405]
	(No symbol) [0x0x7ff7abaa0e5f]
	(No symbol) [0x0x7ff7abb374ec]
	(No symbol) [0x0x7ff7abb4ed0a]
	(No symbol) [0x0x7ff7abb31df3]
	(No symbol) [0x0x7ff7abb05b36]
	(No symbol) [0x0x7ff7abb04d80]
	(No symbol) [0x0x7ff7abb05973]
	(No symbol) [0x0x7ff7abbce4a5]
	(No symbol) [0x0x7ff7abbca75d]
	GetHandleVerifier [0x0x7ff7abd7d2b3+226019]
	GetHandleVerifier [0x0x7ff7abd6c481+156849]
	GetHandleVerifier [0x0x7ff7abd74979+190889]
	GetHandleVerifier [0x0x7ff7abd59bb4+80868]
	GetHandleVerifier [0x0x7ff7abd59d03+81203]
	GetHandleVerifier [0x0x7ff7abd48286+8886]
	BaseThreadInitThunk [0x0x7ff9c9b0e8d7+23]
	RtlUserThreadStart [0x0x7ff9cb08c53c+44]

[2025-11-19T12:45:40.355927] SCRAPER skip page 32 after 5 failures; lanjut halaman berikutnya
[2025-11-19T12:45:40.358023] SCRAPER ratings fetch page 33 offset 640 failed (attempt 1/5): Message: no such window: target window already closed
from unknown error: web view not found
  (Session info: MicrosoftEdge=142.0.3595.80)
Stacktrace:
	GetHandleVerifier [0x0x7ff7abd52a75+51877]
	GetHandleVerifier [0x0x7ff7abd52ad4+51972]
	GetHandleVerifier [0x0x7ff7abf09425+1848405]
	(No symbol) [0x0x7ff7abaa0e5f]
	(No symbol) [0x0x7ff7abb374ec]
	(No symbol) [0x0x7ff7abb4ed0a]
	(No symbol) [0x0x7ff7abb31df3]
	(No symbol) [0x0x7ff7abb05b36]
	(No symbol) [0x0x7ff7abb04d80]
	(No symbol) [0x0x7ff7abb05973]
	(No symbol) [0x0x7ff7abbce4a5]
	(No symbol) [0x0x7ff7abbca75d]
	GetHandleVerifier [0x0x7ff7abd7d2b3+226019]
	GetHandleVerifier [0x0x7ff7abd6c481+156849]
	GetHandleVerifier [0x0x7ff7abd74979+190889]
	GetHandleVerifier [0x0x7ff7abd59bb4+80868]
	GetHandleVerifier [0x0x7ff7abd59d03+81203]
	GetHandleVerifier [0x0x7ff7abd48286+8886]
	BaseThreadInitThunk [0x0x7ff9c9b0e8d7+23]
	RtlUserThreadStart [0x0x7ff9cb08c53c+44]

[2025-11-19T12:45:42.371841] SCRAPER ratings fetch page 33 offset 640 failed (attempt 2/5): Message: no such window: target window already closed
from unknown error: web view not found
  (Session info: MicrosoftEdge=142.0.3595.80)
Stacktrace:
	GetHandleVerifier [0x0x7ff7abd52a75+51877]
	GetHandleVerifier [0x0x7ff7abd52ad4+51972]
	GetHandleVerifier [0x0x7ff7abf09425+1848405]
	(No symbol) [0x0x7ff7abaa0e5f]
	(No symbol) [0x0x7ff7abb374ec]
	(No symbol) [0x0x7ff7abb4ed0a]
	(No symbol) [0x0x7ff7abb31df3]
	(No symbol) [0x0x7ff7abb05b36]
	(No symbol) [0x0x7ff7abb04d80]
	(No symbol) [0x0x7ff7abb05973]
	(No symbol) [0x0x7ff7abbce4a5]
	(No symbol) [0x0x7ff7abbca75d]
	GetHandleVerifier [0x0x7ff7abd7d2b3+226019]
	GetHandleVerifier [0x0x7ff7abd6c481+156849]
	GetHandleVerifier [0x0x7ff7abd74979+190889]
	GetHandleVerifier [0x0x7ff7abd59bb4+80868]
	GetHandleVerifier [0x0x7ff7abd59d03+81203]
	GetHandleVerifier [0x0x7ff7abd48286+8886]
	BaseThreadInitThunk [0x0x7ff9c9b0e8d7+23]
	RtlUserThreadStart [0x0x7ff9cb08c53c+44]

[2025-11-19T12:45:45.381040] SCRAPER ratings fetch page 33 offset 640 failed (attempt 3/5): Message: no such window: target window already closed
from unknown error: web view not found
  (Session info: MicrosoftEdge=142.0.3595.80)
Stacktrace:
	GetHandleVerifier [0x0x7ff7abd52a75+51877]
	GetHandleVerifier [0x0x7ff7abd52ad4+51972]
	GetHandleVerifier [0x0x7ff7abf09425+1848405]
	(No symbol) [0x0x7ff7abaa0e5f]
	(No symbol) [0x0x7ff7abb374ec]
	(No symbol) [0x0x7ff7abb4ed0a]
	(No symbol) [0x0x7ff7abb31df3]
	(No symbol) [0x0x7ff7abb05b36]
	(No symbol) [0x0x7ff7abb04d80]
	(No symbol) [0x0x7ff7abb05973]
	(No symbol) [0x0x7ff7abbce4a5]
	(No symbol) [0x0x7ff7abbca75d]
	GetHandleVerifier [0x0x7ff7abd7d2b3+226019]
	GetHandleVerifier [0x0x7ff7abd6c481+156849]
	GetHandleVerifier [0x0x7ff7abd74979+190889]
	GetHandleVerifier [0x0x7ff7abd59bb4+80868]
	GetHandleVerifier [0x0x7ff7abd59d03+81203]
	GetHandleVerifier [0x0x7ff7abd48286+8886]
	BaseThreadInitThunk [0x0x7ff9c9b0e8d7+23]
	RtlUserThreadStart [0x0x7ff9cb08c53c+44]

[2025-11-19T12:45:49.391468] SCRAPER ratings fetch page 33 offset 640 failed (attempt 4/5): Message: no such window: target window already closed
from unknown error: web view not found
  (Session info: MicrosoftEdge=142.0.3595.80)
Stacktrace:
	GetHandleVerifier [0x0x7ff7abd52a75+51877]
	GetHandleVerifier [0x0x7ff7abd52ad4+51972]
	GetHandleVerifier [0x0x7ff7abf09425+1848405]
	(No symbol) [0x0x7ff7abaa0e5f]
	(No symbol) [0x0x7ff7abb374ec]
	(No symbol) [0x0x7ff7abb4ed0a]
	(No symbol) [0x0x7ff7abb31df3]
	(No symbol) [0x0x7ff7abb05b36]
	(No symbol) [0x0x7ff7abb04d80]
	(No symbol) [0x0x7ff7abb05973]
	(No symbol) [0x0x7ff7abbce4a5]
	(No symbol) [0x0x7ff7abbca75d]
	GetHandleVerifier [0x0x7ff7abd7d2b3+226019]
	GetHandleVerifier [0x0x7ff7abd6c481+156849]
	GetHandleVerifier [0x0x7ff7abd74979+190889]
	GetHandleVerifier [0x0x7ff7abd59bb4+80868]
	GetHandleVerifier [0x0x7ff7abd59d03+81203]
	GetHandleVerifier [0x0x7ff7abd48286+8886]
	BaseThreadInitThunk [0x0x7ff9c9b0e8d7+23]
	RtlUserThreadStart [0x0x7ff9cb08c53c+44]

[2025-11-19T12:45:54.401413] SCRAPER ratings fetch page 33 offset 640 failed (attempt 5/5): Message: no such window: target window already closed
from unknown error: web view not found
  (Session info: MicrosoftEdge=142.0.3595.80)
Stacktrace:
	GetHandleVerifier [0x0x7ff7abd52a75+51877]
	GetHandleVerifier [0x0x7ff7abd52ad4+51972]
	GetHandleVerifier [0x0x7ff7abf09425+1848405]
	(No symbol) [0x0x7ff7abaa0e5f]
	(No symbol) [0x0x7ff7abb374ec]
	(No symbol) [0x0x7ff7abb4ed0a]
	(No symbol) [0x0x7ff7abb31df3]
	(No symbol) [0x0x7ff7abb05b36]
	(No symbol) [0x0x7ff7abb04d80]
	(No symbol) [0x0x7ff7abb05973]
	(No symbol) [0x0x7ff7abbce4a5]
	(No symbol) [0x0x7ff7abbca75d]
	GetHandleVerifier [0x0x7ff7abd7d2b3+226019]
	GetHandleVerifier [0x0x7ff7abd6c481+156849]
	GetHandleVerifier [0x0x7ff7abd74979+190889]
	GetHandleVerifier [0x0x7ff7abd59bb4+80868]
	GetHandleVerifier [0x0x7ff7abd59d03+81203]
	GetHandleVerifier [0x0x7ff7abd48286+8886]
	BaseThreadInitThunk [0x0x7ff9c9b0e8d7+23]
	RtlUserThreadStart [0x0x7ff9cb08c53c+44]

[2025-11-19T12:45:59.414454] SCRAPER skip page 33 after 5 failures; lanjut halaman berikutnya
[2025-11-19T12:45:59.416896] SCRAPER ratings fetch page 34 offset 660 failed (attempt 1/5): Message: no such window: target window already closed
from unknown error: web view not found
  (Session info: MicrosoftEdge=142.0.3595.80)
Stacktrace:
	GetHandleVerifier [0x0x7ff7abd52a75+51877]
	GetHandleVerifier [0x0x7ff7abd52ad4+51972]
	GetHandleVerifier [0x0x7ff7abf09425+1848405]
	(No symbol) [0x0x7ff7abaa0e5f]
	(No symbol) [0x0x7ff7abb374ec]
	(No symbol) [0x0x7ff7abb4ed0a]
	(No symbol) [0x0x7ff7abb31df3]
	(No symbol) [0x0x7ff7abb05b36]
	(No symbol) [0x0x7ff7abb04d80]
	(No symbol) [0x0x7ff7abb05973]
	(No symbol) [0x0x7ff7abbce4a5]
	(No symbol) [0x0x7ff7abbca75d]
	GetHandleVerifier [0x0x7ff7abd7d2b3+226019]
	GetHandleVerifier [0x0x7ff7abd6c481+156849]
	GetHandleVerifier [0x0x7ff7abd74979+190889]
	GetHandleVerifier [0x0x7ff7abd59bb4+80868]
	GetHandleVerifier [0x0x7ff7abd59d03+81203]
	GetHandleVerifier [0x0x7ff7abd48286+8886]
	BaseThreadInitThunk [0x0x7ff9c9b0e8d7+23]
	RtlUserThreadStart [0x0x7ff9cb08c53c+44]

[2025-11-19T12:46:01.426713] SCRAPER ratings fetch page 34 offset 660 failed (attempt 2/5): Message: no such window: target window already closed
from unknown error: web view not found
  (Session info: MicrosoftEdge=142.0.3595.80)
Stacktrace:
	GetHandleVerifier [0x0x7ff7abd52a75+51877]
	GetHandleVerifier [0x0x7ff7abd52ad4+51972]
	GetHandleVerifier [0x0x7ff7abf09425+1848405]
	(No symbol) [0x0x7ff7abaa0e5f]
	(No symbol) [0x0x7ff7abb374ec]
	(No symbol) [0x0x7ff7abb4ed0a]
	(No symbol) [0x0x7ff7abb31df3]
	(No symbol) [0x0x7ff7abb05b36]
	(No symbol) [0x0x7ff7abb04d80]
	(No symbol) [0x0x7ff7abb05973]
	(No symbol) [0x0x7ff7abbce4a5]
	(No symbol) [0x0x7ff7abbca75d]
	GetHandleVerifier [0x0x7ff7abd7d2b3+226019]
	GetHandleVerifier [0x0x7ff7abd6c481+156849]
	GetHandleVerifier [0x0x7ff7abd74979+190889]
	GetHandleVerifier [0x0x7ff7abd59bb4+80868]
	GetHandleVerifier [0x0x7ff7abd59d03+81203]
	GetHandleVerifier [0x0x7ff7abd48286+8886]
	BaseThreadInitThunk [0x0x7ff9c9b0e8d7+23]
	RtlUserThreadStart [0x0x7ff9cb08c53c+44]

[2025-11-19T12:46:04.434835] SCRAPER ratings fetch page 34 offset 660 failed (attempt 3/5): Message: no such window: target window already closed
from unknown error: web view not found
  (Session info: MicrosoftEdge=142.0.3595.80)
Stacktrace:
	GetHandleVerifier [0x0x7ff7abd52a75+51877]
	GetHandleVerifier [0x0x7ff7abd52ad4+51972]
	GetHandleVerifier [0x0x7ff7abf09425+1848405]
	(No symbol) [0x0x7ff7abaa0e5f]
	(No symbol) [0x0x7ff7abb374ec]
	(No symbol) [0x0x7ff7abb4ed0a]
	(No symbol) [0x0x7ff7abb31df3]
	(No symbol) [0x0x7ff7abb05b36]
	(No symbol) [0x0x7ff7abb04d80]
	(No symbol) [0x0x7ff7abb05973]
	(No symbol) [0x0x7ff7abbce4a5]
	(No symbol) [0x0x7ff7abbca75d]
	GetHandleVerifier [0x0x7ff7abd7d2b3+226019]
	GetHandleVerifier [0x0x7ff7abd6c481+156849]
	GetHandleVerifier [0x0x7ff7abd74979+190889]
	GetHandleVerifier [0x0x7ff7abd59bb4+80868]
	GetHandleVerifier [0x0x7ff7abd59d03+81203]
	GetHandleVerifier [0x0x7ff7abd48286+8886]
	BaseThreadInitThunk [0x0x7ff9c9b0e8d7+23]
	RtlUserThreadStart [0x0x7ff9cb08c53c+44]

[2025-11-19T12:46:08.447332] SCRAPER ratings fetch page 34 offset 660 failed (attempt 4/5): Message: no such window: target window already closed
from unknown error: web view not found
  (Session info: MicrosoftEdge=142.0.3595.80)
Stacktrace:
	GetHandleVerifier [0x0x7ff7abd52a75+51877]
	GetHandleVerifier [0x0x7ff7abd52ad4+51972]
	GetHandleVerifier [0x0x7ff7abf09425+1848405]
	(No symbol) [0x0x7ff7abaa0e5f]
	(No symbol) [0x0x7ff7abb374ec]
	(No symbol) [0x0x7ff7abb4ed0a]
	(No symbol) [0x0x7ff7abb31df3]
	(No symbol) [0x0x7ff7abb05b36]
	(No symbol) [0x0x7ff7abb04d80]
	(No symbol) [0x0x7ff7abb05973]
	(No symbol) [0x0x7ff7abbce4a5]
	(No symbol) [0x0x7ff7abbca75d]
	GetHandleVerifier [0x0x7ff7abd7d2b3+226019]
	GetHandleVerifier [0x0x7ff7abd6c481+156849]
	GetHandleVerifier [0x0x7ff7abd74979+190889]
	GetHandleVerifier [0x0x7ff7abd59bb4+80868]
	GetHandleVerifier [0x0x7ff7abd59d03+81203]
	GetHandleVerifier [0x0x7ff7abd48286+8886]
	BaseThreadInitThunk [0x0x7ff9c9b0e8d7+23]
	RtlUserThreadStart [0x0x7ff9cb08c53c+44]

[2025-11-19T12:46:13.455502] SCRAPER ratings fetch page 34 offset 660 failed (attempt 5/5): Message: no such window: target window already closed
from unknown error: web view not found
  (Session info: MicrosoftEdge=142.0.3595.80)
Stacktrace:
	GetHandleVerifier [0x0x7ff7abd52a75+51877]
	GetHandleVerifier [0x0x7ff7abd52ad4+51972]
	GetHandleVerifier [0x0x7ff7abf09425+1848405]
	(No symbol) [0x0x7ff7abaa0e5f]
	(No symbol) [0x0x7ff7abb374ec]
	(No symbol) [0x0x7ff7abb4ed0a]
	(No symbol) [0x0x7ff7abb31df3]
	(No symbol) [0x0x7ff7abb05b36]
	(No symbol) [0x0x7ff7abb04d80]
	(No symbol) [0x0x7ff7abb05973]
	(No symbol) [0x0x7ff7abbce4a5]
	(No symbol) [0x0x7ff7abbca75d]
	GetHandleVerifier [0x0x7ff7abd7d2b3+226019]
	GetHandleVerifier [0x0x7ff7abd6c481+156849]
	GetHandleVerifier [0x0x7ff7abd74979+190889]
	GetHandleVerifier [0x0x7ff7abd59bb4+80868]
	GetHandleVerifier [0x0x7ff7abd59d03+81203]
	GetHandleVerifier [0x0x7ff7abd48286+8886]
	BaseThreadInitThunk [0x0x7ff9c9b0e8d7+23]
	RtlUserThreadStart [0x0x7ff9cb08c53c+44]

[2025-11-19T12:46:18.466195] SCRAPER skip page 34 after 5 failures; lanjut halaman berikutnya
[2025-11-19T12:46:18.468200] SCRAPER ratings fetch page 35 offset 680 failed (attempt 1/5): Message: no such window: target window already closed
from unknown error: web view not found
  (Session info: MicrosoftEdge=142.0.3595.80)
Stacktrace:
	GetHandleVerifier [0x0x7ff7abd52a75+51877]
	GetHandleVerifier [0x0x7ff7abd52ad4+51972]
	GetHandleVerifier [0x0x7ff7abf09425+1848405]
	(No symbol) [0x0x7ff7abaa0e5f]
	(No symbol) [0x0x7ff7abb374ec]
	(No symbol) [0x0x7ff7abb4ed0a]
	(No symbol) [0x0x7ff7abb31df3]
	(No symbol) [0x0x7ff7abb05b36]
	(No symbol) [0x0x7ff7abb04d80]
	(No symbol) [0x0x7ff7abb05973]
	(No symbol) [0x0x7ff7abbce4a5]
	(No symbol) [0x0x7ff7abbca75d]
	GetHandleVerifier [0x0x7ff7abd7d2b3+226019]
	GetHandleVerifier [0x0x7ff7abd6c481+156849]
	GetHandleVerifier [0x0x7ff7abd74979+190889]
	GetHandleVerifier [0x0x7ff7abd59bb4+80868]
	GetHandleVerifier [0x0x7ff7abd59d03+81203]
	GetHandleVerifier [0x0x7ff7abd48286+8886]
	BaseThreadInitThunk [0x0x7ff9c9b0e8d7+23]
	RtlUserThreadStart [0x0x7ff9cb08c53c+44]

[2025-11-19T12:46:20.483008] SCRAPER ratings fetch page 35 offset 680 failed (attempt 2/5): Message: no such window: target window already closed
from unknown error: web view not found
  (Session info: MicrosoftEdge=142.0.3595.80)
Stacktrace:
	GetHandleVerifier [0x0x7ff7abd52a75+51877]
	GetHandleVerifier [0x0x7ff7abd52ad4+51972]
	GetHandleVerifier [0x0x7ff7abf09425+1848405]
	(No symbol) [0x0x7ff7abaa0e5f]
	(No symbol) [0x0x7ff7abb374ec]
	(No symbol) [0x0x7ff7abb4ed0a]
	(No symbol) [0x0x7ff7abb31df3]
	(No symbol) [0x0x7ff7abb05b36]
	(No symbol) [0x0x7ff7abb04d80]
	(No symbol) [0x0x7ff7abb05973]
	(No symbol) [0x0x7ff7abbce4a5]
	(No symbol) [0x0x7ff7abbca75d]
	GetHandleVerifier [0x0x7ff7abd7d2b3+226019]
	GetHandleVerifier [0x0x7ff7abd6c481+156849]
	GetHandleVerifier [0x0x7ff7abd74979+190889]
	GetHandleVerifier [0x0x7ff7abd59bb4+80868]
	GetHandleVerifier [0x0x7ff7abd59d03+81203]
	GetHandleVerifier [0x0x7ff7abd48286+8886]
	BaseThreadInitThunk [0x0x7ff9c9b0e8d7+23]
	RtlUserThreadStart [0x0x7ff9cb08c53c+44]

[2025-11-19T12:46:23.495730] SCRAPER ratings fetch page 35 offset 680 failed (attempt 3/5): Message: no such window: target window already closed
from unknown error: web view not found
  (Session info: MicrosoftEdge=142.0.3595.80)
Stacktrace:
	GetHandleVerifier [0x0x7ff7abd52a75+51877]
	GetHandleVerifier [0x0x7ff7abd52ad4+51972]
	GetHandleVerifier [0x0x7ff7abf09425+1848405]
	(No symbol) [0x0x7ff7abaa0e5f]
	(No symbol) [0x0x7ff7abb374ec]
	(No symbol) [0x0x7ff7abb4ed0a]
	(No symbol) [0x0x7ff7abb31df3]
	(No symbol) [0x0x7ff7abb05b36]
	(No symbol) [0x0x7ff7abb04d80]
	(No symbol) [0x0x7ff7abb05973]
	(No symbol) [0x0x7ff7abbce4a5]
	(No symbol) [0x0x7ff7abbca75d]
	GetHandleVerifier [0x0x7ff7abd7d2b3+226019]
	GetHandleVerifier [0x0x7ff7abd6c481+156849]
	GetHandleVerifier [0x0x7ff7abd74979+190889]
	GetHandleVerifier [0x0x7ff7abd59bb4+80868]
	GetHandleVerifier [0x0x7ff7abd59d03+81203]
	GetHandleVerifier [0x0x7ff7abd48286+8886]
	BaseThreadInitThunk [0x0x7ff9c9b0e8d7+23]
	RtlUserThreadStart [0x0x7ff9cb08c53c+44]

[2025-11-19T12:46:27.506387] SCRAPER ratings fetch page 35 offset 680 failed (attempt 4/5): Message: no such window: target window already closed
from unknown error: web view not found
  (Session info: MicrosoftEdge=142.0.3595.80)
Stacktrace:
	GetHandleVerifier [0x0x7ff7abd52a75+51877]
	GetHandleVerifier [0x0x7ff7abd52ad4+51972]
	GetHandleVerifier [0x0x7ff7abf09425+1848405]
	(No symbol) [0x0x7ff7abaa0e5f]
	(No symbol) [0x0x7ff7abb374ec]
	(No symbol) [0x0x7ff7abb4ed0a]
	(No symbol) [0x0x7ff7abb31df3]
	(No symbol) [0x0x7ff7abb05b36]
	(No symbol) [0x0x7ff7abb04d80]
	(No symbol) [0x0x7ff7abb05973]
	(No symbol) [0x0x7ff7abbce4a5]
	(No symbol) [0x0x7ff7abbca75d]
	GetHandleVerifier [0x0x7ff7abd7d2b3+226019]
	GetHandleVerifier [0x0x7ff7abd6c481+156849]
	GetHandleVerifier [0x0x7ff7abd74979+190889]
	GetHandleVerifier [0x0x7ff7abd59bb4+80868]
	GetHandleVerifier [0x0x7ff7abd59d03+81203]
	GetHandleVerifier [0x0x7ff7abd48286+8886]
	BaseThreadInitThunk [0x0x7ff9c9b0e8d7+23]
	RtlUserThreadStart [0x0x7ff9cb08c53c+44]

[2025-11-19T12:46:32.518134] SCRAPER ratings fetch page 35 offset 680 failed (attempt 5/5): Message: no such window: target window already closed
from unknown error: web view not found
  (Session info: MicrosoftEdge=142.0.3595.80)
Stacktrace:
	GetHandleVerifier [0x0x7ff7abd52a75+51877]
	GetHandleVerifier [0x0x7ff7abd52ad4+51972]
	GetHandleVerifier [0x0x7ff7abf09425+1848405]
	(No symbol) [0x0x7ff7abaa0e5f]
	(No symbol) [0x0x7ff7abb374ec]
	(No symbol) [0x0x7ff7abb4ed0a]
	(No symbol) [0x0x7ff7abb31df3]
	(No symbol) [0x0x7ff7abb05b36]
	(No symbol) [0x0x7ff7abb04d80]
	(No symbol) [0x0x7ff7abb05973]
	(No symbol) [0x0x7ff7abbce4a5]
	(No symbol) [0x0x7ff7abbca75d]
	GetHandleVerifier [0x0x7ff7abd7d2b3+226019]
	GetHandleVerifier [0x0x7ff7abd6c481+156849]
	GetHandleVerifier [0x0x7ff7abd74979+190889]
	GetHandleVerifier [0x0x7ff7abd59bb4+80868]
	GetHandleVerifier [0x0x7ff7abd59d03+81203]
	GetHandleVerifier [0x0x7ff7abd48286+8886]
	BaseThreadInitThunk [0x0x7ff9c9b0e8d7+23]
	RtlUserThreadStart [0x0x7ff9cb08c53c+44]

[2025-11-19T12:46:37.526733] SCRAPER skip page 35 after 5 failures; lanjut halaman berikutnya
[2025-11-19T12:46:37.530601] SCRAPER ratings fetch page 36 offset 700 failed (attempt 1/5): Message: no such window: target window already closed
from unknown error: web view not found
  (Session info: MicrosoftEdge=142.0.3595.80)
Stacktrace:
	GetHandleVerifier [0x0x7ff7abd52a75+51877]
	GetHandleVerifier [0x0x7ff7abd52ad4+51972]
	GetHandleVerifier [0x0x7ff7abf09425+1848405]
	(No symbol) [0x0x7ff7abaa0e5f]
	(No symbol) [0x0x7ff7abb374ec]
	(No symbol) [0x0x7ff7abb4ed0a]
	(No symbol) [0x0x7ff7abb31df3]
	(No symbol) [0x0x7ff7abb05b36]
	(No symbol) [0x0x7ff7abb04d80]
	(No symbol) [0x0x7ff7abb05973]
	(No symbol) [0x0x7ff7abbce4a5]
	(No symbol) [0x0x7ff7abbca75d]
	GetHandleVerifier [0x0x7ff7abd7d2b3+226019]
	GetHandleVerifier [0x0x7ff7abd6c481+156849]
	GetHandleVerifier [0x0x7ff7abd74979+190889]
	GetHandleVerifier [0x0x7ff7abd59bb4+80868]
	GetHandleVerifier [0x0x7ff7abd59d03+81203]
	GetHandleVerifier [0x0x7ff7abd48286+8886]
	BaseThreadInitThunk [0x0x7ff9c9b0e8d7+23]
	RtlUserThreadStart [0x0x7ff9cb08c53c+44]

[2025-11-19T12:46:39.545100] SCRAPER ratings fetch page 36 offset 700 failed (attempt 2/5): Message: no such window: target window already closed
from unknown error: web view not found
  (Session info: MicrosoftEdge=142.0.3595.80)
Stacktrace:
	GetHandleVerifier [0x0x7ff7abd52a75+51877]
	GetHandleVerifier [0x0x7ff7abd52ad4+51972]
	GetHandleVerifier [0x0x7ff7abf09425+1848405]
	(No symbol) [0x0x7ff7abaa0e5f]
	(No symbol) [0x0x7ff7abb374ec]
	(No symbol) [0x0x7ff7abb4ed0a]
	(No symbol) [0x0x7ff7abb31df3]
	(No symbol) [0x0x7ff7abb05b36]
	(No symbol) [0x0x7ff7abb04d80]
	(No symbol) [0x0x7ff7abb05973]
	(No symbol) [0x0x7ff7abbce4a5]
	(No symbol) [0x0x7ff7abbca75d]
	GetHandleVerifier [0x0x7ff7abd7d2b3+226019]
	GetHandleVerifier [0x0x7ff7abd6c481+156849]
	GetHandleVerifier [0x0x7ff7abd74979+190889]
	GetHandleVerifier [0x0x7ff7abd59bb4+80868]
	GetHandleVerifier [0x0x7ff7abd59d03+81203]
	GetHandleVerifier [0x0x7ff7abd48286+8886]
	BaseThreadInitThunk [0x0x7ff9c9b0e8d7+23]
	RtlUserThreadStart [0x0x7ff9cb08c53c+44]

[2025-11-19T12:46:42.555218] SCRAPER ratings fetch page 36 offset 700 failed (attempt 3/5): Message: no such window: target window already closed
from unknown error: web view not found
  (Session info: MicrosoftEdge=142.0.3595.80)
Stacktrace:
	GetHandleVerifier [0x0x7ff7abd52a75+51877]
	GetHandleVerifier [0x0x7ff7abd52ad4+51972]
	GetHandleVerifier [0x0x7ff7abf09425+1848405]
	(No symbol) [0x0x7ff7abaa0e5f]
	(No symbol) [0x0x7ff7abb374ec]
	(No symbol) [0x0x7ff7abb4ed0a]
	(No symbol) [0x0x7ff7abb31df3]
	(No symbol) [0x0x7ff7abb05b36]
	(No symbol) [0x0x7ff7abb04d80]
	(No symbol) [0x0x7ff7abb05973]
	(No symbol) [0x0x7ff7abbce4a5]
	(No symbol) [0x0x7ff7abbca75d]
	GetHandleVerifier [0x0x7ff7abd7d2b3+226019]
	GetHandleVerifier [0x0x7ff7abd6c481+156849]
	GetHandleVerifier [0x0x7ff7abd74979+190889]
	GetHandleVerifier [0x0x7ff7abd59bb4+80868]
	GetHandleVerifier [0x0x7ff7abd59d03+81203]
	GetHandleVerifier [0x0x7ff7abd48286+8886]
	BaseThreadInitThunk [0x0x7ff9c9b0e8d7+23]
	RtlUserThreadStart [0x0x7ff9cb08c53c+44]

[2025-11-19T12:46:46.570233] SCRAPER ratings fetch page 36 offset 700 failed (attempt 4/5): Message: no such window: target window already closed
from unknown error: web view not found
  (Session info: MicrosoftEdge=142.0.3595.80)
Stacktrace:
	GetHandleVerifier [0x0x7ff7abd52a75+51877]
	GetHandleVerifier [0x0x7ff7abd52ad4+51972]
	GetHandleVerifier [0x0x7ff7abf09425+1848405]
	(No symbol) [0x0x7ff7abaa0e5f]
	(No symbol) [0x0x7ff7abb374ec]
	(No symbol) [0x0x7ff7abb4ed0a]
	(No symbol) [0x0x7ff7abb31df3]
	(No symbol) [0x0x7ff7abb05b36]
	(No symbol) [0x0x7ff7abb04d80]
	(No symbol) [0x0x7ff7abb05973]
	(No symbol) [0x0x7ff7abbce4a5]
	(No symbol) [0x0x7ff7abbca75d]
	GetHandleVerifier [0x0x7ff7abd7d2b3+226019]
	GetHandleVerifier [0x0x7ff7abd6c481+156849]
	GetHandleVerifier [0x0x7ff7abd74979+190889]
	GetHandleVerifier [0x0x7ff7abd59bb4+80868]
	GetHandleVerifier [0x0x7ff7abd59d03+81203]
	GetHandleVerifier [0x0x7ff7abd48286+8886]
	BaseThreadInitThunk [0x0x7ff9c9b0e8d7+23]
	RtlUserThreadStart [0x0x7ff9cb08c53c+44]

[2025-11-19T12:46:51.576314] SCRAPER ratings fetch page 36 offset 700 failed (attempt 5/5): Message: no such window: target window already closed
from unknown error: web view not found
  (Session info: MicrosoftEdge=142.0.3595.80)
Stacktrace:
	GetHandleVerifier [0x0x7ff7abd52a75+51877]
	GetHandleVerifier [0x0x7ff7abd52ad4+51972]
	GetHandleVerifier [0x0x7ff7abf09425+1848405]
	(No symbol) [0x0x7ff7abaa0e5f]
	(No symbol) [0x0x7ff7abb374ec]
	(No symbol) [0x0x7ff7abb4ed0a]
	(No symbol) [0x0x7ff7abb31df3]
	(No symbol) [0x0x7ff7abb05b36]
	(No symbol) [0x0x7ff7abb04d80]
	(No symbol) [0x0x7ff7abb05973]
	(No symbol) [0x0x7ff7abbce4a5]
	(No symbol) [0x0x7ff7abbca75d]
	GetHandleVerifier [0x0x7ff7abd7d2b3+226019]
	GetHandleVerifier [0x0x7ff7abd6c481+156849]
	GetHandleVerifier [0x0x7ff7abd74979+190889]
	GetHandleVerifier [0x0x7ff7abd59bb4+80868]
	GetHandleVerifier [0x0x7ff7abd59d03+81203]
	GetHandleVerifier [0x0x7ff7abd48286+8886]
	BaseThreadInitThunk [0x0x7ff9c9b0e8d7+23]
	RtlUserThreadStart [0x0x7ff9cb08c53c+44]

[2025-11-19T12:46:56.578997] SCRAPER skip page 36 after 5 failures; lanjut halaman berikutnya
[2025-11-19T12:46:56.582268] SCRAPER ratings fetch page 37 offset 720 failed (attempt 1/5): Message: no such window: target window already closed
from unknown error: web view not found
  (Session info: MicrosoftEdge=142.0.3595.80)
Stacktrace:
	GetHandleVerifier [0x0x7ff7abd52a75+51877]
	GetHandleVerifier [0x0x7ff7abd52ad4+51972]
	GetHandleVerifier [0x0x7ff7abf09425+1848405]
	(No symbol) [0x0x7ff7abaa0e5f]
	(No symbol) [0x0x7ff7abb374ec]
	(No symbol) [0x0x7ff7abb4ed0a]
	(No symbol) [0x0x7ff7abb31df3]
	(No symbol) [0x0x7ff7abb05b36]
	(No symbol) [0x0x7ff7abb04d80]
	(No symbol) [0x0x7ff7abb05973]
	(No symbol) [0x0x7ff7abbce4a5]
	(No symbol) [0x0x7ff7abbca75d]
	GetHandleVerifier [0x0x7ff7abd7d2b3+226019]
	GetHandleVerifier [0x0x7ff7abd6c481+156849]
	GetHandleVerifier [0x0x7ff7abd74979+190889]
	GetHandleVerifier [0x0x7ff7abd59bb4+80868]
	GetHandleVerifier [0x0x7ff7abd59d03+81203]
	GetHandleVerifier [0x0x7ff7abd48286+8886]
	BaseThreadInitThunk [0x0x7ff9c9b0e8d7+23]
	RtlUserThreadStart [0x0x7ff9cb08c53c+44]

[2025-11-19T12:46:58.590958] SCRAPER ratings fetch page 37 offset 720 failed (attempt 2/5): Message: no such window: target window already closed
from unknown error: web view not found
  (Session info: MicrosoftEdge=142.0.3595.80)
Stacktrace:
	GetHandleVerifier [0x0x7ff7abd52a75+51877]
	GetHandleVerifier [0x0x7ff7abd52ad4+51972]
	GetHandleVerifier [0x0x7ff7abf09425+1848405]
	(No symbol) [0x0x7ff7abaa0e5f]
	(No symbol) [0x0x7ff7abb374ec]
	(No symbol) [0x0x7ff7abb4ed0a]
	(No symbol) [0x0x7ff7abb31df3]
	(No symbol) [0x0x7ff7abb05b36]
	(No symbol) [0x0x7ff7abb04d80]
	(No symbol) [0x0x7ff7abb05973]
	(No symbol) [0x0x7ff7abbce4a5]
	(No symbol) [0x0x7ff7abbca75d]
	GetHandleVerifier [0x0x7ff7abd7d2b3+226019]
	GetHandleVerifier [0x0x7ff7abd6c481+156849]
	GetHandleVerifier [0x0x7ff7abd74979+190889]
	GetHandleVerifier [0x0x7ff7abd59bb4+80868]
	GetHandleVerifier [0x0x7ff7abd59d03+81203]
	GetHandleVerifier [0x0x7ff7abd48286+8886]
	BaseThreadInitThunk [0x0x7ff9c9b0e8d7+23]
	RtlUserThreadStart [0x0x7ff9cb08c53c+44]

[2025-11-19T12:47:01.607093] SCRAPER ratings fetch page 37 offset 720 failed (attempt 3/5): Message: no such window: target window already closed
from unknown error: web view not found
  (Session info: MicrosoftEdge=142.0.3595.80)
Stacktrace:
	GetHandleVerifier [0x0x7ff7abd52a75+51877]
	GetHandleVerifier [0x0x7ff7abd52ad4+51972]
	GetHandleVerifier [0x0x7ff7abf09425+1848405]
	(No symbol) [0x0x7ff7abaa0e5f]
	(No symbol) [0x0x7ff7abb374ec]
	(No symbol) [0x0x7ff7abb4ed0a]
	(No symbol) [0x0x7ff7abb31df3]
	(No symbol) [0x0x7ff7abb05b36]
	(No symbol) [0x0x7ff7abb04d80]
	(No symbol) [0x0x7ff7abb05973]
	(No symbol) [0x0x7ff7abbce4a5]
	(No symbol) [0x0x7ff7abbca75d]
	GetHandleVerifier [0x0x7ff7abd7d2b3+226019]
	GetHandleVerifier [0x0x7ff7abd6c481+156849]
	GetHandleVerifier [0x0x7ff7abd74979+190889]
	GetHandleVerifier [0x0x7ff7abd59bb4+80868]
	GetHandleVerifier [0x0x7ff7abd59d03+81203]
	GetHandleVerifier [0x0x7ff7abd48286+8886]
	BaseThreadInitThunk [0x0x7ff9c9b0e8d7+23]
	RtlUserThreadStart [0x0x7ff9cb08c53c+44]

[2025-11-19T12:47:05.619260] SCRAPER ratings fetch page 37 offset 720 failed (attempt 4/5): Message: no such window: target window already closed
from unknown error: web view not found
  (Session info: MicrosoftEdge=142.0.3595.80)
Stacktrace:
	GetHandleVerifier [0x0x7ff7abd52a75+51877]
	GetHandleVerifier [0x0x7ff7abd52ad4+51972]
	GetHandleVerifier [0x0x7ff7abf09425+1848405]
	(No symbol) [0x0x7ff7abaa0e5f]
	(No symbol) [0x0x7ff7abb374ec]
	(No symbol) [0x0x7ff7abb4ed0a]
	(No symbol) [0x0x7ff7abb31df3]
	(No symbol) [0x0x7ff7abb05b36]
	(No symbol) [0x0x7ff7abb04d80]
	(No symbol) [0x0x7ff7abb05973]
	(No symbol) [0x0x7ff7abbce4a5]
	(No symbol) [0x0x7ff7abbca75d]
	GetHandleVerifier [0x0x7ff7abd7d2b3+226019]
	GetHandleVerifier [0x0x7ff7abd6c481+156849]
	GetHandleVerifier [0x0x7ff7abd74979+190889]
	GetHandleVerifier [0x0x7ff7abd59bb4+80868]
	GetHandleVerifier [0x0x7ff7abd59d03+81203]
	GetHandleVerifier [0x0x7ff7abd48286+8886]
	BaseThreadInitThunk [0x0x7ff9c9b0e8d7+23]
	RtlUserThreadStart [0x0x7ff9cb08c53c+44]

[2025-11-19T12:47:10.629561] SCRAPER ratings fetch page 37 offset 720 failed (attempt 5/5): Message: no such window: target window already closed
from unknown error: web view not found
  (Session info: MicrosoftEdge=142.0.3595.80)
Stacktrace:
	GetHandleVerifier [0x0x7ff7abd52a75+51877]
	GetHandleVerifier [0x0x7ff7abd52ad4+51972]
	GetHandleVerifier [0x0x7ff7abf09425+1848405]
	(No symbol) [0x0x7ff7abaa0e5f]
	(No symbol) [0x0x7ff7abb374ec]
	(No symbol) [0x0x7ff7abb4ed0a]
	(No symbol) [0x0x7ff7abb31df3]
	(No symbol) [0x0x7ff7abb05b36]
	(No symbol) [0x0x7ff7abb04d80]
	(No symbol) [0x0x7ff7abb05973]
	(No symbol) [0x0x7ff7abbce4a5]
	(No symbol) [0x0x7ff7abbca75d]
	GetHandleVerifier [0x0x7ff7abd7d2b3+226019]
	GetHandleVerifier [0x0x7ff7abd6c481+156849]
	GetHandleVerifier [0x0x7ff7abd74979+190889]
	GetHandleVerifier [0x0x7ff7abd59bb4+80868]
	GetHandleVerifier [0x0x7ff7abd59d03+81203]
	GetHandleVerifier [0x0x7ff7abd48286+8886]
	BaseThreadInitThunk [0x0x7ff9c9b0e8d7+23]
	RtlUserThreadStart [0x0x7ff9cb08c53c+44]

[2025-11-19T12:47:15.634545] SCRAPER skip page 37 after 5 failures; lanjut halaman berikutnya
[2025-11-19T12:47:15.637055] SCRAPER ratings fetch page 38 offset 740 failed (attempt 1/5): Message: no such window: target window already closed
from unknown error: web view not found
  (Session info: MicrosoftEdge=142.0.3595.80)
Stacktrace:
	GetHandleVerifier [0x0x7ff7abd52a75+51877]
	GetHandleVerifier [0x0x7ff7abd52ad4+51972]
	GetHandleVerifier [0x0x7ff7abf09425+1848405]
	(No symbol) [0x0x7ff7abaa0e5f]
	(No symbol) [0x0x7ff7abb374ec]
	(No symbol) [0x0x7ff7abb4ed0a]
	(No symbol) [0x0x7ff7abb31df3]
	(No symbol) [0x0x7ff7abb05b36]
	(No symbol) [0x0x7ff7abb04d80]
	(No symbol) [0x0x7ff7abb05973]
	(No symbol) [0x0x7ff7abbce4a5]
	(No symbol) [0x0x7ff7abbca75d]
	GetHandleVerifier [0x0x7ff7abd7d2b3+226019]
	GetHandleVerifier [0x0x7ff7abd6c481+156849]
	GetHandleVerifier [0x0x7ff7abd74979+190889]
	GetHandleVerifier [0x0x7ff7abd59bb4+80868]
	GetHandleVerifier [0x0x7ff7abd59d03+81203]
	GetHandleVerifier [0x0x7ff7abd48286+8886]
	BaseThreadInitThunk [0x0x7ff9c9b0e8d7+23]
	RtlUserThreadStart [0x0x7ff9cb08c53c+44]

[2025-11-19T12:47:17.652230] SCRAPER ratings fetch page 38 offset 740 failed (attempt 2/5): Message: no such window: target window already closed
from unknown error: web view not found
  (Session info: MicrosoftEdge=142.0.3595.80)
Stacktrace:
	GetHandleVerifier [0x0x7ff7abd52a75+51877]
	GetHandleVerifier [0x0x7ff7abd52ad4+51972]
	GetHandleVerifier [0x0x7ff7abf09425+1848405]
	(No symbol) [0x0x7ff7abaa0e5f]
	(No symbol) [0x0x7ff7abb374ec]
	(No symbol) [0x0x7ff7abb4ed0a]
	(No symbol) [0x0x7ff7abb31df3]
	(No symbol) [0x0x7ff7abb05b36]
	(No symbol) [0x0x7ff7abb04d80]
	(No symbol) [0x0x7ff7abb05973]
	(No symbol) [0x0x7ff7abbce4a5]
	(No symbol) [0x0x7ff7abbca75d]
	GetHandleVerifier [0x0x7ff7abd7d2b3+226019]
	GetHandleVerifier [0x0x7ff7abd6c481+156849]
	GetHandleVerifier [0x0x7ff7abd74979+190889]
	GetHandleVerifier [0x0x7ff7abd59bb4+80868]
	GetHandleVerifier [0x0x7ff7abd59d03+81203]
	GetHandleVerifier [0x0x7ff7abd48286+8886]
	BaseThreadInitThunk [0x0x7ff9c9b0e8d7+23]
	RtlUserThreadStart [0x0x7ff9cb08c53c+44]

[2025-11-19T12:47:20.664242] SCRAPER ratings fetch page 38 offset 740 failed (attempt 3/5): Message: no such window: target window already closed
from unknown error: web view not found
  (Session info: MicrosoftEdge=142.0.3595.80)
Stacktrace:
	GetHandleVerifier [0x0x7ff7abd52a75+51877]
	GetHandleVerifier [0x0x7ff7abd52ad4+51972]
	GetHandleVerifier [0x0x7ff7abf09425+1848405]
	(No symbol) [0x0x7ff7abaa0e5f]
	(No symbol) [0x0x7ff7abb374ec]
	(No symbol) [0x0x7ff7abb4ed0a]
	(No symbol) [0x0x7ff7abb31df3]
	(No symbol) [0x0x7ff7abb05b36]
	(No symbol) [0x0x7ff7abb04d80]
	(No symbol) [0x0x7ff7abb05973]
	(No symbol) [0x0x7ff7abbce4a5]
	(No symbol) [0x0x7ff7abbca75d]
	GetHandleVerifier [0x0x7ff7abd7d2b3+226019]
	GetHandleVerifier [0x0x7ff7abd6c481+156849]
	GetHandleVerifier [0x0x7ff7abd74979+190889]
	GetHandleVerifier [0x0x7ff7abd59bb4+80868]
	GetHandleVerifier [0x0x7ff7abd59d03+81203]
	GetHandleVerifier [0x0x7ff7abd48286+8886]
	BaseThreadInitThunk [0x0x7ff9c9b0e8d7+23]
	RtlUserThreadStart [0x0x7ff9cb08c53c+44]

[2025-11-19T12:47:24.671046] SCRAPER ratings fetch page 38 offset 740 failed (attempt 4/5): Message: no such window: target window already closed
from unknown error: web view not found
  (Session info: MicrosoftEdge=142.0.3595.80)
Stacktrace:
	GetHandleVerifier [0x0x7ff7abd52a75+51877]
	GetHandleVerifier [0x0x7ff7abd52ad4+51972]
	GetHandleVerifier [0x0x7ff7abf09425+1848405]
	(No symbol) [0x0x7ff7abaa0e5f]
	(No symbol) [0x0x7ff7abb374ec]
	(No symbol) [0x0x7ff7abb4ed0a]
	(No symbol) [0x0x7ff7abb31df3]
	(No symbol) [0x0x7ff7abb05b36]
	(No symbol) [0x0x7ff7abb04d80]
	(No symbol) [0x0x7ff7abb05973]
	(No symbol) [0x0x7ff7abbce4a5]
	(No symbol) [0x0x7ff7abbca75d]
	GetHandleVerifier [0x0x7ff7abd7d2b3+226019]
	GetHandleVerifier [0x0x7ff7abd6c481+156849]
	GetHandleVerifier [0x0x7ff7abd74979+190889]
	GetHandleVerifier [0x0x7ff7abd59bb4+80868]
	GetHandleVerifier [0x0x7ff7abd59d03+81203]
	GetHandleVerifier [0x0x7ff7abd48286+8886]
	BaseThreadInitThunk [0x0x7ff9c9b0e8d7+23]
	RtlUserThreadStart [0x0x7ff9cb08c53c+44]

[2025-11-19T12:47:29.675841] SCRAPER ratings fetch page 38 offset 740 failed (attempt 5/5): Message: no such window: target window already closed
from unknown error: web view not found
  (Session info: MicrosoftEdge=142.0.3595.80)
Stacktrace:
	GetHandleVerifier [0x0x7ff7abd52a75+51877]
	GetHandleVerifier [0x0x7ff7abd52ad4+51972]
	GetHandleVerifier [0x0x7ff7abf09425+1848405]
	(No symbol) [0x0x7ff7abaa0e5f]
	(No symbol) [0x0x7ff7abb374ec]
	(No symbol) [0x0x7ff7abb4ed0a]
	(No symbol) [0x0x7ff7abb31df3]
	(No symbol) [0x0x7ff7abb05b36]
	(No symbol) [0x0x7ff7abb04d80]
	(No symbol) [0x0x7ff7abb05973]
	(No symbol) [0x0x7ff7abbce4a5]
	(No symbol) [0x0x7ff7abbca75d]
	GetHandleVerifier [0x0x7ff7abd7d2b3+226019]
	GetHandleVerifier [0x0x7ff7abd6c481+156849]
	GetHandleVerifier [0x0x7ff7abd74979+190889]
	GetHandleVerifier [0x0x7ff7abd59bb4+80868]
	GetHandleVerifier [0x0x7ff7abd59d03+81203]
	GetHandleVerifier [0x0x7ff7abd48286+8886]
	BaseThreadInitThunk [0x0x7ff9c9b0e8d7+23]
	RtlUserThreadStart [0x0x7ff9cb08c53c+44]

[2025-11-19T12:47:34.689956] SCRAPER skip page 38 after 5 failures; lanjut halaman berikutnya
[2025-11-19T12:47:34.693939] SCRAPER ratings fetch page 39 offset 760 failed (attempt 1/5): Message: no such window: target window already closed
from unknown error: web view not found
  (Session info: MicrosoftEdge=142.0.3595.80)
Stacktrace:
	GetHandleVerifier [0x0x7ff7abd52a75+51877]
	GetHandleVerifier [0x0x7ff7abd52ad4+51972]
	GetHandleVerifier [0x0x7ff7abf09425+1848405]
	(No symbol) [0x0x7ff7abaa0e5f]
	(No symbol) [0x0x7ff7abb374ec]
	(No symbol) [0x0x7ff7abb4ed0a]
	(No symbol) [0x0x7ff7abb31df3]
	(No symbol) [0x0x7ff7abb05b36]
	(No symbol) [0x0x7ff7abb04d80]
	(No symbol) [0x0x7ff7abb05973]
	(No symbol) [0x0x7ff7abbce4a5]
	(No symbol) [0x0x7ff7abbca75d]
	GetHandleVerifier [0x0x7ff7abd7d2b3+226019]
	GetHandleVerifier [0x0x7ff7abd6c481+156849]
	GetHandleVerifier [0x0x7ff7abd74979+190889]
	GetHandleVerifier [0x0x7ff7abd59bb4+80868]
	GetHandleVerifier [0x0x7ff7abd59d03+81203]
	GetHandleVerifier [0x0x7ff7abd48286+8886]
	BaseThreadInitThunk [0x0x7ff9c9b0e8d7+23]
	RtlUserThreadStart [0x0x7ff9cb08c53c+44]

[2025-11-19T12:47:36.701748] SCRAPER ratings fetch page 39 offset 760 failed (attempt 2/5): Message: no such window: target window already closed
from unknown error: web view not found
  (Session info: MicrosoftEdge=142.0.3595.80)
Stacktrace:
	GetHandleVerifier [0x0x7ff7abd52a75+51877]
	GetHandleVerifier [0x0x7ff7abd52ad4+51972]
	GetHandleVerifier [0x0x7ff7abf09425+1848405]
	(No symbol) [0x0x7ff7abaa0e5f]
	(No symbol) [0x0x7ff7abb374ec]
	(No symbol) [0x0x7ff7abb4ed0a]
	(No symbol) [0x0x7ff7abb31df3]
	(No symbol) [0x0x7ff7abb05b36]
	(No symbol) [0x0x7ff7abb04d80]
	(No symbol) [0x0x7ff7abb05973]
	(No symbol) [0x0x7ff7abbce4a5]
	(No symbol) [0x0x7ff7abbca75d]
	GetHandleVerifier [0x0x7ff7abd7d2b3+226019]
	GetHandleVerifier [0x0x7ff7abd6c481+156849]
	GetHandleVerifier [0x0x7ff7abd74979+190889]
	GetHandleVerifier [0x0x7ff7abd59bb4+80868]
	GetHandleVerifier [0x0x7ff7abd59d03+81203]
	GetHandleVerifier [0x0x7ff7abd48286+8886]
	BaseThreadInitThunk [0x0x7ff9c9b0e8d7+23]
	RtlUserThreadStart [0x0x7ff9cb08c53c+44]

[2025-11-19T12:47:39.706437] SCRAPER ratings fetch page 39 offset 760 failed (attempt 3/5): Message: no such window: target window already closed
from unknown error: web view not found
  (Session info: MicrosoftEdge=142.0.3595.80)
Stacktrace:
	GetHandleVerifier [0x0x7ff7abd52a75+51877]
	GetHandleVerifier [0x0x7ff7abd52ad4+51972]
	GetHandleVerifier [0x0x7ff7abf09425+1848405]
	(No symbol) [0x0x7ff7abaa0e5f]
	(No symbol) [0x0x7ff7abb374ec]
	(No symbol) [0x0x7ff7abb4ed0a]
	(No symbol) [0x0x7ff7abb31df3]
	(No symbol) [0x0x7ff7abb05b36]
	(No symbol) [0x0x7ff7abb04d80]
	(No symbol) [0x0x7ff7abb05973]
	(No symbol) [0x0x7ff7abbce4a5]
	(No symbol) [0x0x7ff7abbca75d]
	GetHandleVerifier [0x0x7ff7abd7d2b3+226019]
	GetHandleVerifier [0x0x7ff7abd6c481+156849]
	GetHandleVerifier [0x0x7ff7abd74979+190889]
	GetHandleVerifier [0x0x7ff7abd59bb4+80868]
	GetHandleVerifier [0x0x7ff7abd59d03+81203]
	GetHandleVerifier [0x0x7ff7abd48286+8886]
	BaseThreadInitThunk [0x0x7ff9c9b0e8d7+23]
	RtlUserThreadStart [0x0x7ff9cb08c53c+44]

[2025-11-19T12:47:43.712263] SCRAPER ratings fetch page 39 offset 760 failed (attempt 4/5): Message: no such window: target window already closed
from unknown error: web view not found
  (Session info: MicrosoftEdge=142.0.3595.80)
Stacktrace:
	GetHandleVerifier [0x0x7ff7abd52a75+51877]
	GetHandleVerifier [0x0x7ff7abd52ad4+51972]
	GetHandleVerifier [0x0x7ff7abf09425+1848405]
	(No symbol) [0x0x7ff7abaa0e5f]
	(No symbol) [0x0x7ff7abb374ec]
	(No symbol) [0x0x7ff7abb4ed0a]
	(No symbol) [0x0x7ff7abb31df3]
	(No symbol) [0x0x7ff7abb05b36]
	(No symbol) [0x0x7ff7abb04d80]
	(No symbol) [0x0x7ff7abb05973]
	(No symbol) [0x0x7ff7abbce4a5]
	(No symbol) [0x0x7ff7abbca75d]
	GetHandleVerifier [0x0x7ff7abd7d2b3+226019]
	GetHandleVerifier [0x0x7ff7abd6c481+156849]
	GetHandleVerifier [0x0x7ff7abd74979+190889]
	GetHandleVerifier [0x0x7ff7abd59bb4+80868]
	GetHandleVerifier [0x0x7ff7abd59d03+81203]
	GetHandleVerifier [0x0x7ff7abd48286+8886]
	BaseThreadInitThunk [0x0x7ff9c9b0e8d7+23]
	RtlUserThreadStart [0x0x7ff9cb08c53c+44]

[2025-11-19T12:47:48.726372] SCRAPER ratings fetch page 39 offset 760 failed (attempt 5/5): Message: no such window: target window already closed
from unknown error: web view not found
  (Session info: MicrosoftEdge=142.0.3595.80)
Stacktrace:
	GetHandleVerifier [0x0x7ff7abd52a75+51877]
	GetHandleVerifier [0x0x7ff7abd52ad4+51972]
	GetHandleVerifier [0x0x7ff7abf09425+1848405]
	(No symbol) [0x0x7ff7abaa0e5f]
	(No symbol) [0x0x7ff7abb374ec]
	(No symbol) [0x0x7ff7abb4ed0a]
	(No symbol) [0x0x7ff7abb31df3]
	(No symbol) [0x0x7ff7abb05b36]
	(No symbol) [0x0x7ff7abb04d80]
	(No symbol) [0x0x7ff7abb05973]
	(No symbol) [0x0x7ff7abbce4a5]
	(No symbol) [0x0x7ff7abbca75d]
	GetHandleVerifier [0x0x7ff7abd7d2b3+226019]
	GetHandleVerifier [0x0x7ff7abd6c481+156849]
	GetHandleVerifier [0x0x7ff7abd74979+190889]
	GetHandleVerifier [0x0x7ff7abd59bb4+80868]
	GetHandleVerifier [0x0x7ff7abd59d03+81203]
	GetHandleVerifier [0x0x7ff7abd48286+8886]
	BaseThreadInitThunk [0x0x7ff9c9b0e8d7+23]
	RtlUserThreadStart [0x0x7ff9cb08c53c+44]

[2025-11-19T12:47:53.741240] SCRAPER skip page 39 after 5 failures; lanjut halaman berikutnya
[2025-11-19T12:47:53.743876] SCRAPER ratings fetch page 40 offset 780 failed (attempt 1/5): Message: no such window: target window already closed
from unknown error: web view not found
  (Session info: MicrosoftEdge=142.0.3595.80)
Stacktrace:
	GetHandleVerifier [0x0x7ff7abd52a75+51877]
	GetHandleVerifier [0x0x7ff7abd52ad4+51972]
	GetHandleVerifier [0x0x7ff7abf09425+1848405]
	(No symbol) [0x0x7ff7abaa0e5f]
	(No symbol) [0x0x7ff7abb374ec]
	(No symbol) [0x0x7ff7abb4ed0a]
	(No symbol) [0x0x7ff7abb31df3]
	(No symbol) [0x0x7ff7abb05b36]
	(No symbol) [0x0x7ff7abb04d80]
	(No symbol) [0x0x7ff7abb05973]
	(No symbol) [0x0x7ff7abbce4a5]
	(No symbol) [0x0x7ff7abbca75d]
	GetHandleVerifier [0x0x7ff7abd7d2b3+226019]
	GetHandleVerifier [0x0x7ff7abd6c481+156849]
	GetHandleVerifier [0x0x7ff7abd74979+190889]
	GetHandleVerifier [0x0x7ff7abd59bb4+80868]
	GetHandleVerifier [0x0x7ff7abd59d03+81203]
	GetHandleVerifier [0x0x7ff7abd48286+8886]
	BaseThreadInitThunk [0x0x7ff9c9b0e8d7+23]
	RtlUserThreadStart [0x0x7ff9cb08c53c+44]

[2025-11-19T12:47:55.760918] SCRAPER ratings fetch page 40 offset 780 failed (attempt 2/5): Message: no such window: target window already closed
from unknown error: web view not found
  (Session info: MicrosoftEdge=142.0.3595.80)
Stacktrace:
	GetHandleVerifier [0x0x7ff7abd52a75+51877]
	GetHandleVerifier [0x0x7ff7abd52ad4+51972]
	GetHandleVerifier [0x0x7ff7abf09425+1848405]
	(No symbol) [0x0x7ff7abaa0e5f]
	(No symbol) [0x0x7ff7abb374ec]
	(No symbol) [0x0x7ff7abb4ed0a]
	(No symbol) [0x0x7ff7abb31df3]
	(No symbol) [0x0x7ff7abb05b36]
	(No symbol) [0x0x7ff7abb04d80]
	(No symbol) [0x0x7ff7abb05973]
	(No symbol) [0x0x7ff7abbce4a5]
	(No symbol) [0x0x7ff7abbca75d]
	GetHandleVerifier [0x0x7ff7abd7d2b3+226019]
	GetHandleVerifier [0x0x7ff7abd6c481+156849]
	GetHandleVerifier [0x0x7ff7abd74979+190889]
	GetHandleVerifier [0x0x7ff7abd59bb4+80868]
	GetHandleVerifier [0x0x7ff7abd59d03+81203]
	GetHandleVerifier [0x0x7ff7abd48286+8886]
	BaseThreadInitThunk [0x0x7ff9c9b0e8d7+23]
	RtlUserThreadStart [0x0x7ff9cb08c53c+44]

[2025-11-19T12:47:58.767894] SCRAPER ratings fetch page 40 offset 780 failed (attempt 3/5): Message: no such window: target window already closed
from unknown error: web view not found
  (Session info: MicrosoftEdge=142.0.3595.80)
Stacktrace:
	GetHandleVerifier [0x0x7ff7abd52a75+51877]
	GetHandleVerifier [0x0x7ff7abd52ad4+51972]
	GetHandleVerifier [0x0x7ff7abf09425+1848405]
	(No symbol) [0x0x7ff7abaa0e5f]
	(No symbol) [0x0x7ff7abb374ec]
	(No symbol) [0x0x7ff7abb4ed0a]
	(No symbol) [0x0x7ff7abb31df3]
	(No symbol) [0x0x7ff7abb05b36]
	(No symbol) [0x0x7ff7abb04d80]
	(No symbol) [0x0x7ff7abb05973]
	(No symbol) [0x0x7ff7abbce4a5]
	(No symbol) [0x0x7ff7abbca75d]
	GetHandleVerifier [0x0x7ff7abd7d2b3+226019]
	GetHandleVerifier [0x0x7ff7abd6c481+156849]
	GetHandleVerifier [0x0x7ff7abd74979+190889]
	GetHandleVerifier [0x0x7ff7abd59bb4+80868]
	GetHandleVerifier [0x0x7ff7abd59d03+81203]
	GetHandleVerifier [0x0x7ff7abd48286+8886]
	BaseThreadInitThunk [0x0x7ff9c9b0e8d7+23]
	RtlUserThreadStart [0x0x7ff9cb08c53c+44]

[2025-11-19T12:48:02.782767] SCRAPER ratings fetch page 40 offset 780 failed (attempt 4/5): Message: no such window: target window already closed
from unknown error: web view not found
  (Session info: MicrosoftEdge=142.0.3595.80)
Stacktrace:
	GetHandleVerifier [0x0x7ff7abd52a75+51877]
	GetHandleVerifier [0x0x7ff7abd52ad4+51972]
	GetHandleVerifier [0x0x7ff7abf09425+1848405]
	(No symbol) [0x0x7ff7abaa0e5f]
	(No symbol) [0x0x7ff7abb374ec]
	(No symbol) [0x0x7ff7abb4ed0a]
	(No symbol) [0x0x7ff7abb31df3]
	(No symbol) [0x0x7ff7abb05b36]
	(No symbol) [0x0x7ff7abb04d80]
	(No symbol) [0x0x7ff7abb05973]
	(No symbol) [0x0x7ff7abbce4a5]
	(No symbol) [0x0x7ff7abbca75d]
	GetHandleVerifier [0x0x7ff7abd7d2b3+226019]
	GetHandleVerifier [0x0x7ff7abd6c481+156849]
	GetHandleVerifier [0x0x7ff7abd74979+190889]
	GetHandleVerifier [0x0x7ff7abd59bb4+80868]
	GetHandleVerifier [0x0x7ff7abd59d03+81203]
	GetHandleVerifier [0x0x7ff7abd48286+8886]
	BaseThreadInitThunk [0x0x7ff9c9b0e8d7+23]
	RtlUserThreadStart [0x0x7ff9cb08c53c+44]

[2025-11-19T12:48:07.795448] SCRAPER ratings fetch page 40 offset 780 failed (attempt 5/5): Message: no such window: target window already closed
from unknown error: web view not found
  (Session info: MicrosoftEdge=142.0.3595.80)
Stacktrace:
	GetHandleVerifier [0x0x7ff7abd52a75+51877]
	GetHandleVerifier [0x0x7ff7abd52ad4+51972]
	GetHandleVerifier [0x0x7ff7abf09425+1848405]
	(No symbol) [0x0x7ff7abaa0e5f]
	(No symbol) [0x0x7ff7abb374ec]
	(No symbol) [0x0x7ff7abb4ed0a]
	(No symbol) [0x0x7ff7abb31df3]
	(No symbol) [0x0x7ff7abb05b36]
	(No symbol) [0x0x7ff7abb04d80]
	(No symbol) [0x0x7ff7abb05973]
	(No symbol) [0x0x7ff7abbce4a5]
	(No symbol) [0x0x7ff7abbca75d]
	GetHandleVerifier [0x0x7ff7abd7d2b3+226019]
	GetHandleVerifier [0x0x7ff7abd6c481+156849]
	GetHandleVerifier [0x0x7ff7abd74979+190889]
	GetHandleVerifier [0x0x7ff7abd59bb4+80868]
	GetHandleVerifier [0x0x7ff7abd59d03+81203]
	GetHandleVerifier [0x0x7ff7abd48286+8886]
	BaseThreadInitThunk [0x0x7ff9c9b0e8d7+23]
	RtlUserThreadStart [0x0x7ff9cb08c53c+44]

[2025-11-19T12:48:12.800558] SCRAPER skip page 40 after 5 failures; lanjut halaman berikutnya
[2025-11-19T12:48:12.802676] SCRAPER ratings fetch page 41 offset 800 failed (attempt 1/5): Message: no such window: target window already closed
from unknown error: web view not found
  (Session info: MicrosoftEdge=142.0.3595.80)
Stacktrace:
	GetHandleVerifier [0x0x7ff7abd52a75+51877]
	GetHandleVerifier [0x0x7ff7abd52ad4+51972]
	GetHandleVerifier [0x0x7ff7abf09425+1848405]
	(No symbol) [0x0x7ff7abaa0e5f]
	(No symbol) [0x0x7ff7abb374ec]
	(No symbol) [0x0x7ff7abb4ed0a]
	(No symbol) [0x0x7ff7abb31df3]
	(No symbol) [0x0x7ff7abb05b36]
	(No symbol) [0x0x7ff7abb04d80]
	(No symbol) [0x0x7ff7abb05973]
	(No symbol) [0x0x7ff7abbce4a5]
	(No symbol) [0x0x7ff7abbca75d]
	GetHandleVerifier [0x0x7ff7abd7d2b3+226019]
	GetHandleVerifier [0x0x7ff7abd6c481+156849]
	GetHandleVerifier [0x0x7ff7abd74979+190889]
	GetHandleVerifier [0x0x7ff7abd59bb4+80868]
	GetHandleVerifier [0x0x7ff7abd59d03+81203]
	GetHandleVerifier [0x0x7ff7abd48286+8886]
	BaseThreadInitThunk [0x0x7ff9c9b0e8d7+23]
	RtlUserThreadStart [0x0x7ff9cb08c53c+44]

[2025-11-19T12:48:14.812839] SCRAPER ratings fetch page 41 offset 800 failed (attempt 2/5): Message: no such window: target window already closed
from unknown error: web view not found
  (Session info: MicrosoftEdge=142.0.3595.80)
Stacktrace:
	GetHandleVerifier [0x0x7ff7abd52a75+51877]
	GetHandleVerifier [0x0x7ff7abd52ad4+51972]
	GetHandleVerifier [0x0x7ff7abf09425+1848405]
	(No symbol) [0x0x7ff7abaa0e5f]
	(No symbol) [0x0x7ff7abb374ec]
	(No symbol) [0x0x7ff7abb4ed0a]
	(No symbol) [0x0x7ff7abb31df3]
	(No symbol) [0x0x7ff7abb05b36]
	(No symbol) [0x0x7ff7abb04d80]
	(No symbol) [0x0x7ff7abb05973]
	(No symbol) [0x0x7ff7abbce4a5]
	(No symbol) [0x0x7ff7abbca75d]
	GetHandleVerifier [0x0x7ff7abd7d2b3+226019]
	GetHandleVerifier [0x0x7ff7abd6c481+156849]
	GetHandleVerifier [0x0x7ff7abd74979+190889]
	GetHandleVerifier [0x0x7ff7abd59bb4+80868]
	GetHandleVerifier [0x0x7ff7abd59d03+81203]
	GetHandleVerifier [0x0x7ff7abd48286+8886]
	BaseThreadInitThunk [0x0x7ff9c9b0e8d7+23]
	RtlUserThreadStart [0x0x7ff9cb08c53c+44]

[2025-11-19T12:48:17.829622] SCRAPER ratings fetch page 41 offset 800 failed (attempt 3/5): Message: no such window: target window already closed
from unknown error: web view not found
  (Session info: MicrosoftEdge=142.0.3595.80)
Stacktrace:
	GetHandleVerifier [0x0x7ff7abd52a75+51877]
	GetHandleVerifier [0x0x7ff7abd52ad4+51972]
	GetHandleVerifier [0x0x7ff7abf09425+1848405]
	(No symbol) [0x0x7ff7abaa0e5f]
	(No symbol) [0x0x7ff7abb374ec]
	(No symbol) [0x0x7ff7abb4ed0a]
	(No symbol) [0x0x7ff7abb31df3]
	(No symbol) [0x0x7ff7abb05b36]
	(No symbol) [0x0x7ff7abb04d80]
	(No symbol) [0x0x7ff7abb05973]
	(No symbol) [0x0x7ff7abbce4a5]
	(No symbol) [0x0x7ff7abbca75d]
	GetHandleVerifier [0x0x7ff7abd7d2b3+226019]
	GetHandleVerifier [0x0x7ff7abd6c481+156849]
	GetHandleVerifier [0x0x7ff7abd74979+190889]
	GetHandleVerifier [0x0x7ff7abd59bb4+80868]
	GetHandleVerifier [0x0x7ff7abd59d03+81203]
	GetHandleVerifier [0x0x7ff7abd48286+8886]
	BaseThreadInitThunk [0x0x7ff9c9b0e8d7+23]
	RtlUserThreadStart [0x0x7ff9cb08c53c+44]

[2025-11-19T12:48:21.841475] SCRAPER ratings fetch page 41 offset 800 failed (attempt 4/5): Message: no such window: target window already closed
from unknown error: web view not found
  (Session info: MicrosoftEdge=142.0.3595.80)
Stacktrace:
	GetHandleVerifier [0x0x7ff7abd52a75+51877]
	GetHandleVerifier [0x0x7ff7abd52ad4+51972]
	GetHandleVerifier [0x0x7ff7abf09425+1848405]
	(No symbol) [0x0x7ff7abaa0e5f]
	(No symbol) [0x0x7ff7abb374ec]
	(No symbol) [0x0x7ff7abb4ed0a]
	(No symbol) [0x0x7ff7abb31df3]
	(No symbol) [0x0x7ff7abb05b36]
	(No symbol) [0x0x7ff7abb04d80]
	(No symbol) [0x0x7ff7abb05973]
	(No symbol) [0x0x7ff7abbce4a5]
	(No symbol) [0x0x7ff7abbca75d]
	GetHandleVerifier [0x0x7ff7abd7d2b3+226019]
	GetHandleVerifier [0x0x7ff7abd6c481+156849]
	GetHandleVerifier [0x0x7ff7abd74979+190889]
	GetHandleVerifier [0x0x7ff7abd59bb4+80868]
	GetHandleVerifier [0x0x7ff7abd59d03+81203]
	GetHandleVerifier [0x0x7ff7abd48286+8886]
	BaseThreadInitThunk [0x0x7ff9c9b0e8d7+23]
	RtlUserThreadStart [0x0x7ff9cb08c53c+44]

[2025-11-19T12:48:26.848102] SCRAPER ratings fetch page 41 offset 800 failed (attempt 5/5): Message: no such window: target window already closed
from unknown error: web view not found
  (Session info: MicrosoftEdge=142.0.3595.80)
Stacktrace:
	GetHandleVerifier [0x0x7ff7abd52a75+51877]
	GetHandleVerifier [0x0x7ff7abd52ad4+51972]
	GetHandleVerifier [0x0x7ff7abf09425+1848405]
	(No symbol) [0x0x7ff7abaa0e5f]
	(No symbol) [0x0x7ff7abb374ec]
	(No symbol) [0x0x7ff7abb4ed0a]
	(No symbol) [0x0x7ff7abb31df3]
	(No symbol) [0x0x7ff7abb05b36]
	(No symbol) [0x0x7ff7abb04d80]
	(No symbol) [0x0x7ff7abb05973]
	(No symbol) [0x0x7ff7abbce4a5]
	(No symbol) [0x0x7ff7abbca75d]
	GetHandleVerifier [0x0x7ff7abd7d2b3+226019]
	GetHandleVerifier [0x0x7ff7abd6c481+156849]
	GetHandleVerifier [0x0x7ff7abd74979+190889]
	GetHandleVerifier [0x0x7ff7abd59bb4+80868]
	GetHandleVerifier [0x0x7ff7abd59d03+81203]
	GetHandleVerifier [0x0x7ff7abd48286+8886]
	BaseThreadInitThunk [0x0x7ff9c9b0e8d7+23]
	RtlUserThreadStart [0x0x7ff9cb08c53c+44]

[2025-11-19T12:48:31.860507] SCRAPER skip page 41 after 5 failures; lanjut halaman berikutnya
[2025-11-19T12:48:31.863510] SCRAPER ratings fetch page 42 offset 820 failed (attempt 1/5): Message: no such window: target window already closed
from unknown error: web view not found
  (Session info: MicrosoftEdge=142.0.3595.80)
Stacktrace:
	GetHandleVerifier [0x0x7ff7abd52a75+51877]
	GetHandleVerifier [0x0x7ff7abd52ad4+51972]
	GetHandleVerifier [0x0x7ff7abf09425+1848405]
	(No symbol) [0x0x7ff7abaa0e5f]
	(No symbol) [0x0x7ff7abb374ec]
	(No symbol) [0x0x7ff7abb4ed0a]
	(No symbol) [0x0x7ff7abb31df3]
	(No symbol) [0x0x7ff7abb05b36]
	(No symbol) [0x0x7ff7abb04d80]
	(No symbol) [0x0x7ff7abb05973]
	(No symbol) [0x0x7ff7abbce4a5]
	(No symbol) [0x0x7ff7abbca75d]
	GetHandleVerifier [0x0x7ff7abd7d2b3+226019]
	GetHandleVerifier [0x0x7ff7abd6c481+156849]
	GetHandleVerifier [0x0x7ff7abd74979+190889]
	GetHandleVerifier [0x0x7ff7abd59bb4+80868]
	GetHandleVerifier [0x0x7ff7abd59d03+81203]
	GetHandleVerifier [0x0x7ff7abd48286+8886]
	BaseThreadInitThunk [0x0x7ff9c9b0e8d7+23]
	RtlUserThreadStart [0x0x7ff9cb08c53c+44]

[2025-11-19T12:48:33.879395] SCRAPER ratings fetch page 42 offset 820 failed (attempt 2/5): Message: no such window: target window already closed
from unknown error: web view not found
  (Session info: MicrosoftEdge=142.0.3595.80)
Stacktrace:
	GetHandleVerifier [0x0x7ff7abd52a75+51877]
	GetHandleVerifier [0x0x7ff7abd52ad4+51972]
	GetHandleVerifier [0x0x7ff7abf09425+1848405]
	(No symbol) [0x0x7ff7abaa0e5f]
	(No symbol) [0x0x7ff7abb374ec]
	(No symbol) [0x0x7ff7abb4ed0a]
	(No symbol) [0x0x7ff7abb31df3]
	(No symbol) [0x0x7ff7abb05b36]
	(No symbol) [0x0x7ff7abb04d80]
	(No symbol) [0x0x7ff7abb05973]
	(No symbol) [0x0x7ff7abbce4a5]
	(No symbol) [0x0x7ff7abbca75d]
	GetHandleVerifier [0x0x7ff7abd7d2b3+226019]
	GetHandleVerifier [0x0x7ff7abd6c481+156849]
	GetHandleVerifier [0x0x7ff7abd74979+190889]
	GetHandleVerifier [0x0x7ff7abd59bb4+80868]
	GetHandleVerifier [0x0x7ff7abd59d03+81203]
	GetHandleVerifier [0x0x7ff7abd48286+8886]
	BaseThreadInitThunk [0x0x7ff9c9b0e8d7+23]
	RtlUserThreadStart [0x0x7ff9cb08c53c+44]

[2025-11-19T12:48:36.885258] SCRAPER ratings fetch page 42 offset 820 failed (attempt 3/5): Message: no such window: target window already closed
from unknown error: web view not found
  (Session info: MicrosoftEdge=142.0.3595.80)
Stacktrace:
	GetHandleVerifier [0x0x7ff7abd52a75+51877]
	GetHandleVerifier [0x0x7ff7abd52ad4+51972]
	GetHandleVerifier [0x0x7ff7abf09425+1848405]
	(No symbol) [0x0x7ff7abaa0e5f]
	(No symbol) [0x0x7ff7abb374ec]
	(No symbol) [0x0x7ff7abb4ed0a]
	(No symbol) [0x0x7ff7abb31df3]
	(No symbol) [0x0x7ff7abb05b36]
	(No symbol) [0x0x7ff7abb04d80]
	(No symbol) [0x0x7ff7abb05973]
	(No symbol) [0x0x7ff7abbce4a5]
	(No symbol) [0x0x7ff7abbca75d]
	GetHandleVerifier [0x0x7ff7abd7d2b3+226019]
	GetHandleVerifier [0x0x7ff7abd6c481+156849]
	GetHandleVerifier [0x0x7ff7abd74979+190889]
	GetHandleVerifier [0x0x7ff7abd59bb4+80868]
	GetHandleVerifier [0x0x7ff7abd59d03+81203]
	GetHandleVerifier [0x0x7ff7abd48286+8886]
	BaseThreadInitThunk [0x0x7ff9c9b0e8d7+23]
	RtlUserThreadStart [0x0x7ff9cb08c53c+44]

[2025-11-19T12:48:40.888654] SCRAPER ratings fetch page 42 offset 820 failed (attempt 4/5): Message: no such window: target window already closed
from unknown error: web view not found
  (Session info: MicrosoftEdge=142.0.3595.80)
Stacktrace:
	GetHandleVerifier [0x0x7ff7abd52a75+51877]
	GetHandleVerifier [0x0x7ff7abd52ad4+51972]
	GetHandleVerifier [0x0x7ff7abf09425+1848405]
	(No symbol) [0x0x7ff7abaa0e5f]
	(No symbol) [0x0x7ff7abb374ec]
	(No symbol) [0x0x7ff7abb4ed0a]
	(No symbol) [0x0x7ff7abb31df3]
	(No symbol) [0x0x7ff7abb05b36]
	(No symbol) [0x0x7ff7abb04d80]
	(No symbol) [0x0x7ff7abb05973]
	(No symbol) [0x0x7ff7abbce4a5]
	(No symbol) [0x0x7ff7abbca75d]
	GetHandleVerifier [0x0x7ff7abd7d2b3+226019]
	GetHandleVerifier [0x0x7ff7abd6c481+156849]
	GetHandleVerifier [0x0x7ff7abd74979+190889]
	GetHandleVerifier [0x0x7ff7abd59bb4+80868]
	GetHandleVerifier [0x0x7ff7abd59d03+81203]
	GetHandleVerifier [0x0x7ff7abd48286+8886]
	BaseThreadInitThunk [0x0x7ff9c9b0e8d7+23]
	RtlUserThreadStart [0x0x7ff9cb08c53c+44]

[2025-11-19T12:48:45.903719] SCRAPER ratings fetch page 42 offset 820 failed (attempt 5/5): Message: no such window: target window already closed
from unknown error: web view not found
  (Session info: MicrosoftEdge=142.0.3595.80)
Stacktrace:
	GetHandleVerifier [0x0x7ff7abd52a75+51877]
	GetHandleVerifier [0x0x7ff7abd52ad4+51972]
	GetHandleVerifier [0x0x7ff7abf09425+1848405]
	(No symbol) [0x0x7ff7abaa0e5f]
	(No symbol) [0x0x7ff7abb374ec]
	(No symbol) [0x0x7ff7abb4ed0a]
	(No symbol) [0x0x7ff7abb31df3]
	(No symbol) [0x0x7ff7abb05b36]
	(No symbol) [0x0x7ff7abb04d80]
	(No symbol) [0x0x7ff7abb05973]
	(No symbol) [0x0x7ff7abbce4a5]
	(No symbol) [0x0x7ff7abbca75d]
	GetHandleVerifier [0x0x7ff7abd7d2b3+226019]
	GetHandleVerifier [0x0x7ff7abd6c481+156849]
	GetHandleVerifier [0x0x7ff7abd74979+190889]
	GetHandleVerifier [0x0x7ff7abd59bb4+80868]
	GetHandleVerifier [0x0x7ff7abd59d03+81203]
	GetHandleVerifier [0x0x7ff7abd48286+8886]
	BaseThreadInitThunk [0x0x7ff9c9b0e8d7+23]
	RtlUserThreadStart [0x0x7ff9cb08c53c+44]

[2025-11-19T12:48:50.913142] SCRAPER skip page 42 after 5 failures; lanjut halaman berikutnya
[2025-11-19T12:48:50.915139] SCRAPER ratings fetch page 43 offset 840 failed (attempt 1/5): Message: no such window: target window already closed
from unknown error: web view not found
  (Session info: MicrosoftEdge=142.0.3595.80)
Stacktrace:
	GetHandleVerifier [0x0x7ff7abd52a75+51877]
	GetHandleVerifier [0x0x7ff7abd52ad4+51972]
	GetHandleVerifier [0x0x7ff7abf09425+1848405]
	(No symbol) [0x0x7ff7abaa0e5f]
	(No symbol) [0x0x7ff7abb374ec]
	(No symbol) [0x0x7ff7abb4ed0a]
	(No symbol) [0x0x7ff7abb31df3]
	(No symbol) [0x0x7ff7abb05b36]
	(No symbol) [0x0x7ff7abb04d80]
	(No symbol) [0x0x7ff7abb05973]
	(No symbol) [0x0x7ff7abbce4a5]
	(No symbol) [0x0x7ff7abbca75d]
	GetHandleVerifier [0x0x7ff7abd7d2b3+226019]
	GetHandleVerifier [0x0x7ff7abd6c481+156849]
	GetHandleVerifier [0x0x7ff7abd74979+190889]
	GetHandleVerifier [0x0x7ff7abd59bb4+80868]
	GetHandleVerifier [0x0x7ff7abd59d03+81203]
	GetHandleVerifier [0x0x7ff7abd48286+8886]
	BaseThreadInitThunk [0x0x7ff9c9b0e8d7+23]
	RtlUserThreadStart [0x0x7ff9cb08c53c+44]

[2025-11-19T12:48:52.930380] SCRAPER ratings fetch page 43 offset 840 failed (attempt 2/5): Message: no such window: target window already closed
from unknown error: web view not found
  (Session info: MicrosoftEdge=142.0.3595.80)
Stacktrace:
	GetHandleVerifier [0x0x7ff7abd52a75+51877]
	GetHandleVerifier [0x0x7ff7abd52ad4+51972]
	GetHandleVerifier [0x0x7ff7abf09425+1848405]
	(No symbol) [0x0x7ff7abaa0e5f]
	(No symbol) [0x0x7ff7abb374ec]
	(No symbol) [0x0x7ff7abb4ed0a]
	(No symbol) [0x0x7ff7abb31df3]
	(No symbol) [0x0x7ff7abb05b36]
	(No symbol) [0x0x7ff7abb04d80]
	(No symbol) [0x0x7ff7abb05973]
	(No symbol) [0x0x7ff7abbce4a5]
	(No symbol) [0x0x7ff7abbca75d]
	GetHandleVerifier [0x0x7ff7abd7d2b3+226019]
	GetHandleVerifier [0x0x7ff7abd6c481+156849]
	GetHandleVerifier [0x0x7ff7abd74979+190889]
	GetHandleVerifier [0x0x7ff7abd59bb4+80868]
	GetHandleVerifier [0x0x7ff7abd59d03+81203]
	GetHandleVerifier [0x0x7ff7abd48286+8886]
	BaseThreadInitThunk [0x0x7ff9c9b0e8d7+23]
	RtlUserThreadStart [0x0x7ff9cb08c53c+44]

[2025-11-19T12:48:55.947182] SCRAPER ratings fetch page 43 offset 840 failed (attempt 3/5): Message: no such window: target window already closed
from unknown error: web view not found
  (Session info: MicrosoftEdge=142.0.3595.80)
Stacktrace:
	GetHandleVerifier [0x0x7ff7abd52a75+51877]
	GetHandleVerifier [0x0x7ff7abd52ad4+51972]
	GetHandleVerifier [0x0x7ff7abf09425+1848405]
	(No symbol) [0x0x7ff7abaa0e5f]
	(No symbol) [0x0x7ff7abb374ec]
	(No symbol) [0x0x7ff7abb4ed0a]
	(No symbol) [0x0x7ff7abb31df3]
	(No symbol) [0x0x7ff7abb05b36]
	(No symbol) [0x0x7ff7abb04d80]
	(No symbol) [0x0x7ff7abb05973]
	(No symbol) [0x0x7ff7abbce4a5]
	(No symbol) [0x0x7ff7abbca75d]
	GetHandleVerifier [0x0x7ff7abd7d2b3+226019]
	GetHandleVerifier [0x0x7ff7abd6c481+156849]
	GetHandleVerifier [0x0x7ff7abd74979+190889]
	GetHandleVerifier [0x0x7ff7abd59bb4+80868]
	GetHandleVerifier [0x0x7ff7abd59d03+81203]
	GetHandleVerifier [0x0x7ff7abd48286+8886]
	BaseThreadInitThunk [0x0x7ff9c9b0e8d7+23]
	RtlUserThreadStart [0x0x7ff9cb08c53c+44]

[2025-11-19T12:48:59.952023] SCRAPER ratings fetch page 43 offset 840 failed (attempt 4/5): Message: no such window: target window already closed
from unknown error: web view not found
  (Session info: MicrosoftEdge=142.0.3595.80)
Stacktrace:
	GetHandleVerifier [0x0x7ff7abd52a75+51877]
	GetHandleVerifier [0x0x7ff7abd52ad4+51972]
	GetHandleVerifier [0x0x7ff7abf09425+1848405]
	(No symbol) [0x0x7ff7abaa0e5f]
	(No symbol) [0x0x7ff7abb374ec]
	(No symbol) [0x0x7ff7abb4ed0a]
	(No symbol) [0x0x7ff7abb31df3]
	(No symbol) [0x0x7ff7abb05b36]
	(No symbol) [0x0x7ff7abb04d80]
	(No symbol) [0x0x7ff7abb05973]
	(No symbol) [0x0x7ff7abbce4a5]
	(No symbol) [0x0x7ff7abbca75d]
	GetHandleVerifier [0x0x7ff7abd7d2b3+226019]
	GetHandleVerifier [0x0x7ff7abd6c481+156849]
	GetHandleVerifier [0x0x7ff7abd74979+190889]
	GetHandleVerifier [0x0x7ff7abd59bb4+80868]
	GetHandleVerifier [0x0x7ff7abd59d03+81203]
	GetHandleVerifier [0x0x7ff7abd48286+8886]
	BaseThreadInitThunk [0x0x7ff9c9b0e8d7+23]
	RtlUserThreadStart [0x0x7ff9cb08c53c+44]

[2025-11-19T12:49:04.957113] SCRAPER ratings fetch page 43 offset 840 failed (attempt 5/5): Message: no such window: target window already closed
from unknown error: web view not found
  (Session info: MicrosoftEdge=142.0.3595.80)
Stacktrace:
	GetHandleVerifier [0x0x7ff7abd52a75+51877]
	GetHandleVerifier [0x0x7ff7abd52ad4+51972]
	GetHandleVerifier [0x0x7ff7abf09425+1848405]
	(No symbol) [0x0x7ff7abaa0e5f]
	(No symbol) [0x0x7ff7abb374ec]
	(No symbol) [0x0x7ff7abb4ed0a]
	(No symbol) [0x0x7ff7abb31df3]
	(No symbol) [0x0x7ff7abb05b36]
	(No symbol) [0x0x7ff7abb04d80]
	(No symbol) [0x0x7ff7abb05973]
	(No symbol) [0x0x7ff7abbce4a5]
	(No symbol) [0x0x7ff7abbca75d]
	GetHandleVerifier [0x0x7ff7abd7d2b3+226019]
	GetHandleVerifier [0x0x7ff7abd6c481+156849]
	GetHandleVerifier [0x0x7ff7abd74979+190889]
	GetHandleVerifier [0x0x7ff7abd59bb4+80868]
	GetHandleVerifier [0x0x7ff7abd59d03+81203]
	GetHandleVerifier [0x0x7ff7abd48286+8886]
	BaseThreadInitThunk [0x0x7ff9c9b0e8d7+23]
	RtlUserThreadStart [0x0x7ff9cb08c53c+44]

[2025-11-19T12:49:09.963307] SCRAPER skip page 43 after 5 failures; lanjut halaman berikutnya
[2025-11-19T12:49:09.964309] SCRAPER ratings fetch page 44 offset 860 failed (attempt 1/5): Message: no such window: target window already closed
from unknown error: web view not found
  (Session info: MicrosoftEdge=142.0.3595.80)
Stacktrace:
	GetHandleVerifier [0x0x7ff7abd52a75+51877]
	GetHandleVerifier [0x0x7ff7abd52ad4+51972]
	GetHandleVerifier [0x0x7ff7abf09425+1848405]
	(No symbol) [0x0x7ff7abaa0e5f]
	(No symbol) [0x0x7ff7abb374ec]
	(No symbol) [0x0x7ff7abb4ed0a]
	(No symbol) [0x0x7ff7abb31df3]
	(No symbol) [0x0x7ff7abb05b36]
	(No symbol) [0x0x7ff7abb04d80]
	(No symbol) [0x0x7ff7abb05973]
	(No symbol) [0x0x7ff7abbce4a5]
	(No symbol) [0x0x7ff7abbca75d]
	GetHandleVerifier [0x0x7ff7abd7d2b3+226019]
	GetHandleVerifier [0x0x7ff7abd6c481+156849]
	GetHandleVerifier [0x0x7ff7abd74979+190889]
	GetHandleVerifier [0x0x7ff7abd59bb4+80868]
	GetHandleVerifier [0x0x7ff7abd59d03+81203]
	GetHandleVerifier [0x0x7ff7abd48286+8886]
	BaseThreadInitThunk [0x0x7ff9c9b0e8d7+23]
	RtlUserThreadStart [0x0x7ff9cb08c53c+44]

[2025-11-19T12:49:11.967034] SCRAPER ratings fetch page 44 offset 860 failed (attempt 2/5): Message: no such window: target window already closed
from unknown error: web view not found
  (Session info: MicrosoftEdge=142.0.3595.80)
Stacktrace:
	GetHandleVerifier [0x0x7ff7abd52a75+51877]
	GetHandleVerifier [0x0x7ff7abd52ad4+51972]
	GetHandleVerifier [0x0x7ff7abf09425+1848405]
	(No symbol) [0x0x7ff7abaa0e5f]
	(No symbol) [0x0x7ff7abb374ec]
	(No symbol) [0x0x7ff7abb4ed0a]
	(No symbol) [0x0x7ff7abb31df3]
	(No symbol) [0x0x7ff7abb05b36]
	(No symbol) [0x0x7ff7abb04d80]
	(No symbol) [0x0x7ff7abb05973]
	(No symbol) [0x0x7ff7abbce4a5]
	(No symbol) [0x0x7ff7abbca75d]
	GetHandleVerifier [0x0x7ff7abd7d2b3+226019]
	GetHandleVerifier [0x0x7ff7abd6c481+156849]
	GetHandleVerifier [0x0x7ff7abd74979+190889]
	GetHandleVerifier [0x0x7ff7abd59bb4+80868]
	GetHandleVerifier [0x0x7ff7abd59d03+81203]
	GetHandleVerifier [0x0x7ff7abd48286+8886]
	BaseThreadInitThunk [0x0x7ff9c9b0e8d7+23]
	RtlUserThreadStart [0x0x7ff9cb08c53c+44]

[2025-11-19T12:49:14.983605] SCRAPER ratings fetch page 44 offset 860 failed (attempt 3/5): Message: no such window: target window already closed
from unknown error: web view not found
  (Session info: MicrosoftEdge=142.0.3595.80)
Stacktrace:
	GetHandleVerifier [0x0x7ff7abd52a75+51877]
	GetHandleVerifier [0x0x7ff7abd52ad4+51972]
	GetHandleVerifier [0x0x7ff7abf09425+1848405]
	(No symbol) [0x0x7ff7abaa0e5f]
	(No symbol) [0x0x7ff7abb374ec]
	(No symbol) [0x0x7ff7abb4ed0a]
	(No symbol) [0x0x7ff7abb31df3]
	(No symbol) [0x0x7ff7abb05b36]
	(No symbol) [0x0x7ff7abb04d80]
	(No symbol) [0x0x7ff7abb05973]
	(No symbol) [0x0x7ff7abbce4a5]
	(No symbol) [0x0x7ff7abbca75d]
	GetHandleVerifier [0x0x7ff7abd7d2b3+226019]
	GetHandleVerifier [0x0x7ff7abd6c481+156849]
	GetHandleVerifier [0x0x7ff7abd74979+190889]
	GetHandleVerifier [0x0x7ff7abd59bb4+80868]
	GetHandleVerifier [0x0x7ff7abd59d03+81203]
	GetHandleVerifier [0x0x7ff7abd48286+8886]
	BaseThreadInitThunk [0x0x7ff9c9b0e8d7+23]
	RtlUserThreadStart [0x0x7ff9cb08c53c+44]

[2025-11-19T12:49:18.995679] SCRAPER ratings fetch page 44 offset 860 failed (attempt 4/5): Message: no such window: target window already closed
from unknown error: web view not found
  (Session info: MicrosoftEdge=142.0.3595.80)
Stacktrace:
	GetHandleVerifier [0x0x7ff7abd52a75+51877]
	GetHandleVerifier [0x0x7ff7abd52ad4+51972]
	GetHandleVerifier [0x0x7ff7abf09425+1848405]
	(No symbol) [0x0x7ff7abaa0e5f]
	(No symbol) [0x0x7ff7abb374ec]
	(No symbol) [0x0x7ff7abb4ed0a]
	(No symbol) [0x0x7ff7abb31df3]
	(No symbol) [0x0x7ff7abb05b36]
	(No symbol) [0x0x7ff7abb04d80]
	(No symbol) [0x0x7ff7abb05973]
	(No symbol) [0x0x7ff7abbce4a5]
	(No symbol) [0x0x7ff7abbca75d]
	GetHandleVerifier [0x0x7ff7abd7d2b3+226019]
	GetHandleVerifier [0x0x7ff7abd6c481+156849]
	GetHandleVerifier [0x0x7ff7abd74979+190889]
	GetHandleVerifier [0x0x7ff7abd59bb4+80868]
	GetHandleVerifier [0x0x7ff7abd59d03+81203]
	GetHandleVerifier [0x0x7ff7abd48286+8886]
	BaseThreadInitThunk [0x0x7ff9c9b0e8d7+23]
	RtlUserThreadStart [0x0x7ff9cb08c53c+44]

[2025-11-19T12:49:24.003666] SCRAPER ratings fetch page 44 offset 860 failed (attempt 5/5): Message: no such window: target window already closed
from unknown error: web view not found
  (Session info: MicrosoftEdge=142.0.3595.80)
Stacktrace:
	GetHandleVerifier [0x0x7ff7abd52a75+51877]
	GetHandleVerifier [0x0x7ff7abd52ad4+51972]
	GetHandleVerifier [0x0x7ff7abf09425+1848405]
	(No symbol) [0x0x7ff7abaa0e5f]
	(No symbol) [0x0x7ff7abb374ec]
	(No symbol) [0x0x7ff7abb4ed0a]
	(No symbol) [0x0x7ff7abb31df3]
	(No symbol) [0x0x7ff7abb05b36]
	(No symbol) [0x0x7ff7abb04d80]
	(No symbol) [0x0x7ff7abb05973]
	(No symbol) [0x0x7ff7abbce4a5]
	(No symbol) [0x0x7ff7abbca75d]
	GetHandleVerifier [0x0x7ff7abd7d2b3+226019]
	GetHandleVerifier [0x0x7ff7abd6c481+156849]
	GetHandleVerifier [0x0x7ff7abd74979+190889]
	GetHandleVerifier [0x0x7ff7abd59bb4+80868]
	GetHandleVerifier [0x0x7ff7abd59d03+81203]
	GetHandleVerifier [0x0x7ff7abd48286+8886]
	BaseThreadInitThunk [0x0x7ff9c9b0e8d7+23]
	RtlUserThreadStart [0x0x7ff9cb08c53c+44]

[2025-11-19T12:49:29.013448] SCRAPER skip page 44 after 5 failures; lanjut halaman berikutnya
[2025-11-19T12:49:29.014434] SCRAPER ratings fetch page 45 offset 880 failed (attempt 1/5): Message: no such window: target window already closed
from unknown error: web view not found
  (Session info: MicrosoftEdge=142.0.3595.80)
Stacktrace:
	GetHandleVerifier [0x0x7ff7abd52a75+51877]
	GetHandleVerifier [0x0x7ff7abd52ad4+51972]
	GetHandleVerifier [0x0x7ff7abf09425+1848405]
	(No symbol) [0x0x7ff7abaa0e5f]
	(No symbol) [0x0x7ff7abb374ec]
	(No symbol) [0x0x7ff7abb4ed0a]
	(No symbol) [0x0x7ff7abb31df3]
	(No symbol) [0x0x7ff7abb05b36]
	(No symbol) [0x0x7ff7abb04d80]
	(No symbol) [0x0x7ff7abb05973]
	(No symbol) [0x0x7ff7abbce4a5]
	(No symbol) [0x0x7ff7abbca75d]
	GetHandleVerifier [0x0x7ff7abd7d2b3+226019]
	GetHandleVerifier [0x0x7ff7abd6c481+156849]
	GetHandleVerifier [0x0x7ff7abd74979+190889]
	GetHandleVerifier [0x0x7ff7abd59bb4+80868]
	GetHandleVerifier [0x0x7ff7abd59d03+81203]
	GetHandleVerifier [0x0x7ff7abd48286+8886]
	BaseThreadInitThunk [0x0x7ff9c9b0e8d7+23]
	RtlUserThreadStart [0x0x7ff9cb08c53c+44]

[2025-11-19T12:49:31.031229] SCRAPER ratings fetch page 45 offset 880 failed (attempt 2/5): Message: no such window: target window already closed
from unknown error: web view not found
  (Session info: MicrosoftEdge=142.0.3595.80)
Stacktrace:
	GetHandleVerifier [0x0x7ff7abd52a75+51877]
	GetHandleVerifier [0x0x7ff7abd52ad4+51972]
	GetHandleVerifier [0x0x7ff7abf09425+1848405]
	(No symbol) [0x0x7ff7abaa0e5f]
	(No symbol) [0x0x7ff7abb374ec]
	(No symbol) [0x0x7ff7abb4ed0a]
	(No symbol) [0x0x7ff7abb31df3]
	(No symbol) [0x0x7ff7abb05b36]
	(No symbol) [0x0x7ff7abb04d80]
	(No symbol) [0x0x7ff7abb05973]
	(No symbol) [0x0x7ff7abbce4a5]
	(No symbol) [0x0x7ff7abbca75d]
	GetHandleVerifier [0x0x7ff7abd7d2b3+226019]
	GetHandleVerifier [0x0x7ff7abd6c481+156849]
	GetHandleVerifier [0x0x7ff7abd74979+190889]
	GetHandleVerifier [0x0x7ff7abd59bb4+80868]
	GetHandleVerifier [0x0x7ff7abd59d03+81203]
	GetHandleVerifier [0x0x7ff7abd48286+8886]
	BaseThreadInitThunk [0x0x7ff9c9b0e8d7+23]
	RtlUserThreadStart [0x0x7ff9cb08c53c+44]

[2025-11-19T12:49:34.041527] SCRAPER ratings fetch page 45 offset 880 failed (attempt 3/5): Message: no such window: target window already closed
from unknown error: web view not found
  (Session info: MicrosoftEdge=142.0.3595.80)
Stacktrace:
	GetHandleVerifier [0x0x7ff7abd52a75+51877]
	GetHandleVerifier [0x0x7ff7abd52ad4+51972]
	GetHandleVerifier [0x0x7ff7abf09425+1848405]
	(No symbol) [0x0x7ff7abaa0e5f]
	(No symbol) [0x0x7ff7abb374ec]
	(No symbol) [0x0x7ff7abb4ed0a]
	(No symbol) [0x0x7ff7abb31df3]
	(No symbol) [0x0x7ff7abb05b36]
	(No symbol) [0x0x7ff7abb04d80]
	(No symbol) [0x0x7ff7abb05973]
	(No symbol) [0x0x7ff7abbce4a5]
	(No symbol) [0x0x7ff7abbca75d]
	GetHandleVerifier [0x0x7ff7abd7d2b3+226019]
	GetHandleVerifier [0x0x7ff7abd6c481+156849]
	GetHandleVerifier [0x0x7ff7abd74979+190889]
	GetHandleVerifier [0x0x7ff7abd59bb4+80868]
	GetHandleVerifier [0x0x7ff7abd59d03+81203]
	GetHandleVerifier [0x0x7ff7abd48286+8886]
	BaseThreadInitThunk [0x0x7ff9c9b0e8d7+23]
	RtlUserThreadStart [0x0x7ff9cb08c53c+44]

[2025-11-19T12:49:38.048097] SCRAPER ratings fetch page 45 offset 880 failed (attempt 4/5): Message: no such window: target window already closed
from unknown error: web view not found
  (Session info: MicrosoftEdge=142.0.3595.80)
Stacktrace:
	GetHandleVerifier [0x0x7ff7abd52a75+51877]
	GetHandleVerifier [0x0x7ff7abd52ad4+51972]
	GetHandleVerifier [0x0x7ff7abf09425+1848405]
	(No symbol) [0x0x7ff7abaa0e5f]
	(No symbol) [0x0x7ff7abb374ec]
	(No symbol) [0x0x7ff7abb4ed0a]
	(No symbol) [0x0x7ff7abb31df3]
	(No symbol) [0x0x7ff7abb05b36]
	(No symbol) [0x0x7ff7abb04d80]
	(No symbol) [0x0x7ff7abb05973]
	(No symbol) [0x0x7ff7abbce4a5]
	(No symbol) [0x0x7ff7abbca75d]
	GetHandleVerifier [0x0x7ff7abd7d2b3+226019]
	GetHandleVerifier [0x0x7ff7abd6c481+156849]
	GetHandleVerifier [0x0x7ff7abd74979+190889]
	GetHandleVerifier [0x0x7ff7abd59bb4+80868]
	GetHandleVerifier [0x0x7ff7abd59d03+81203]
	GetHandleVerifier [0x0x7ff7abd48286+8886]
	BaseThreadInitThunk [0x0x7ff9c9b0e8d7+23]
	RtlUserThreadStart [0x0x7ff9cb08c53c+44]

[2025-11-19T12:49:43.050192] SCRAPER ratings fetch page 45 offset 880 failed (attempt 5/5): Message: no such window: target window already closed
from unknown error: web view not found
  (Session info: MicrosoftEdge=142.0.3595.80)
Stacktrace:
	GetHandleVerifier [0x0x7ff7abd52a75+51877]
	GetHandleVerifier [0x0x7ff7abd52ad4+51972]
	GetHandleVerifier [0x0x7ff7abf09425+1848405]
	(No symbol) [0x0x7ff7abaa0e5f]
	(No symbol) [0x0x7ff7abb374ec]
	(No symbol) [0x0x7ff7abb4ed0a]
	(No symbol) [0x0x7ff7abb31df3]
	(No symbol) [0x0x7ff7abb05b36]
	(No symbol) [0x0x7ff7abb04d80]
	(No symbol) [0x0x7ff7abb05973]
	(No symbol) [0x0x7ff7abbce4a5]
	(No symbol) [0x0x7ff7abbca75d]
	GetHandleVerifier [0x0x7ff7abd7d2b3+226019]
	GetHandleVerifier [0x0x7ff7abd6c481+156849]
	GetHandleVerifier [0x0x7ff7abd74979+190889]
	GetHandleVerifier [0x0x7ff7abd59bb4+80868]
	GetHandleVerifier [0x0x7ff7abd59d03+81203]
	GetHandleVerifier [0x0x7ff7abd48286+8886]
	BaseThreadInitThunk [0x0x7ff9c9b0e8d7+23]
	RtlUserThreadStart [0x0x7ff9cb08c53c+44]

[2025-11-19T12:49:48.059303] SCRAPER skip page 45 after 5 failures; lanjut halaman berikutnya
[2025-11-19T12:49:48.062314] SCRAPER ratings fetch page 46 offset 900 failed (attempt 1/5): Message: no such window: target window already closed
from unknown error: web view not found
  (Session info: MicrosoftEdge=142.0.3595.80)
Stacktrace:
	GetHandleVerifier [0x0x7ff7abd52a75+51877]
	GetHandleVerifier [0x0x7ff7abd52ad4+51972]
	GetHandleVerifier [0x0x7ff7abf09425+1848405]
	(No symbol) [0x0x7ff7abaa0e5f]
	(No symbol) [0x0x7ff7abb374ec]
	(No symbol) [0x0x7ff7abb4ed0a]
	(No symbol) [0x0x7ff7abb31df3]
	(No symbol) [0x0x7ff7abb05b36]
	(No symbol) [0x0x7ff7abb04d80]
	(No symbol) [0x0x7ff7abb05973]
	(No symbol) [0x0x7ff7abbce4a5]
	(No symbol) [0x0x7ff7abbca75d]
	GetHandleVerifier [0x0x7ff7abd7d2b3+226019]
	GetHandleVerifier [0x0x7ff7abd6c481+156849]
	GetHandleVerifier [0x0x7ff7abd74979+190889]
	GetHandleVerifier [0x0x7ff7abd59bb4+80868]
	GetHandleVerifier [0x0x7ff7abd59d03+81203]
	GetHandleVerifier [0x0x7ff7abd48286+8886]
	BaseThreadInitThunk [0x0x7ff9c9b0e8d7+23]
	RtlUserThreadStart [0x0x7ff9cb08c53c+44]

[2025-11-19T12:49:50.072524] SCRAPER ratings fetch page 46 offset 900 failed (attempt 2/5): Message: no such window: target window already closed
from unknown error: web view not found
  (Session info: MicrosoftEdge=142.0.3595.80)
Stacktrace:
	GetHandleVerifier [0x0x7ff7abd52a75+51877]
	GetHandleVerifier [0x0x7ff7abd52ad4+51972]
	GetHandleVerifier [0x0x7ff7abf09425+1848405]
	(No symbol) [0x0x7ff7abaa0e5f]
	(No symbol) [0x0x7ff7abb374ec]
	(No symbol) [0x0x7ff7abb4ed0a]
	(No symbol) [0x0x7ff7abb31df3]
	(No symbol) [0x0x7ff7abb05b36]
	(No symbol) [0x0x7ff7abb04d80]
	(No symbol) [0x0x7ff7abb05973]
	(No symbol) [0x0x7ff7abbce4a5]
	(No symbol) [0x0x7ff7abbca75d]
	GetHandleVerifier [0x0x7ff7abd7d2b3+226019]
	GetHandleVerifier [0x0x7ff7abd6c481+156849]
	GetHandleVerifier [0x0x7ff7abd74979+190889]
	GetHandleVerifier [0x0x7ff7abd59bb4+80868]
	GetHandleVerifier [0x0x7ff7abd59d03+81203]
	GetHandleVerifier [0x0x7ff7abd48286+8886]
	BaseThreadInitThunk [0x0x7ff9c9b0e8d7+23]
	RtlUserThreadStart [0x0x7ff9cb08c53c+44]

[2025-11-19T12:49:53.076723] SCRAPER ratings fetch page 46 offset 900 failed (attempt 3/5): Message: no such window: target window already closed
from unknown error: web view not found
  (Session info: MicrosoftEdge=142.0.3595.80)
Stacktrace:
	GetHandleVerifier [0x0x7ff7abd52a75+51877]
	GetHandleVerifier [0x0x7ff7abd52ad4+51972]
	GetHandleVerifier [0x0x7ff7abf09425+1848405]
	(No symbol) [0x0x7ff7abaa0e5f]
	(No symbol) [0x0x7ff7abb374ec]
	(No symbol) [0x0x7ff7abb4ed0a]
	(No symbol) [0x0x7ff7abb31df3]
	(No symbol) [0x0x7ff7abb05b36]
	(No symbol) [0x0x7ff7abb04d80]
	(No symbol) [0x0x7ff7abb05973]
	(No symbol) [0x0x7ff7abbce4a5]
	(No symbol) [0x0x7ff7abbca75d]
	GetHandleVerifier [0x0x7ff7abd7d2b3+226019]
	GetHandleVerifier [0x0x7ff7abd6c481+156849]
	GetHandleVerifier [0x0x7ff7abd74979+190889]
	GetHandleVerifier [0x0x7ff7abd59bb4+80868]
	GetHandleVerifier [0x0x7ff7abd59d03+81203]
	GetHandleVerifier [0x0x7ff7abd48286+8886]
	BaseThreadInitThunk [0x0x7ff9c9b0e8d7+23]
	RtlUserThreadStart [0x0x7ff9cb08c53c+44]

[2025-11-19T12:49:57.084719] SCRAPER ratings fetch page 46 offset 900 failed (attempt 4/5): Message: no such window: target window already closed
from unknown error: web view not found
  (Session info: MicrosoftEdge=142.0.3595.80)
Stacktrace:
	GetHandleVerifier [0x0x7ff7abd52a75+51877]
	GetHandleVerifier [0x0x7ff7abd52ad4+51972]
	GetHandleVerifier [0x0x7ff7abf09425+1848405]
	(No symbol) [0x0x7ff7abaa0e5f]
	(No symbol) [0x0x7ff7abb374ec]
	(No symbol) [0x0x7ff7abb4ed0a]
	(No symbol) [0x0x7ff7abb31df3]
	(No symbol) [0x0x7ff7abb05b36]
	(No symbol) [0x0x7ff7abb04d80]
	(No symbol) [0x0x7ff7abb05973]
	(No symbol) [0x0x7ff7abbce4a5]
	(No symbol) [0x0x7ff7abbca75d]
	GetHandleVerifier [0x0x7ff7abd7d2b3+226019]
	GetHandleVerifier [0x0x7ff7abd6c481+156849]
	GetHandleVerifier [0x0x7ff7abd74979+190889]
	GetHandleVerifier [0x0x7ff7abd59bb4+80868]
	GetHandleVerifier [0x0x7ff7abd59d03+81203]
	GetHandleVerifier [0x0x7ff7abd48286+8886]
	BaseThreadInitThunk [0x0x7ff9c9b0e8d7+23]
	RtlUserThreadStart [0x0x7ff9cb08c53c+44]

[2025-11-19T12:50:02.087712] SCRAPER ratings fetch page 46 offset 900 failed (attempt 5/5): Message: no such window: target window already closed
from unknown error: web view not found
  (Session info: MicrosoftEdge=142.0.3595.80)
Stacktrace:
	GetHandleVerifier [0x0x7ff7abd52a75+51877]
	GetHandleVerifier [0x0x7ff7abd52ad4+51972]
	GetHandleVerifier [0x0x7ff7abf09425+1848405]
	(No symbol) [0x0x7ff7abaa0e5f]
	(No symbol) [0x0x7ff7abb374ec]
	(No symbol) [0x0x7ff7abb4ed0a]
	(No symbol) [0x0x7ff7abb31df3]
	(No symbol) [0x0x7ff7abb05b36]
	(No symbol) [0x0x7ff7abb04d80]
	(No symbol) [0x0x7ff7abb05973]
	(No symbol) [0x0x7ff7abbce4a5]
	(No symbol) [0x0x7ff7abbca75d]
	GetHandleVerifier [0x0x7ff7abd7d2b3+226019]
	GetHandleVerifier [0x0x7ff7abd6c481+156849]
	GetHandleVerifier [0x0x7ff7abd74979+190889]
	GetHandleVerifier [0x0x7ff7abd59bb4+80868]
	GetHandleVerifier [0x0x7ff7abd59d03+81203]
	GetHandleVerifier [0x0x7ff7abd48286+8886]
	BaseThreadInitThunk [0x0x7ff9c9b0e8d7+23]
	RtlUserThreadStart [0x0x7ff9cb08c53c+44]

[2025-11-19T12:50:07.101456] SCRAPER skip page 46 after 5 failures; lanjut halaman berikutnya
[2025-11-19T12:50:07.103442] SCRAPER ratings fetch page 47 offset 920 failed (attempt 1/5): Message: no such window: target window already closed
from unknown error: web view not found
  (Session info: MicrosoftEdge=142.0.3595.80)
Stacktrace:
	GetHandleVerifier [0x0x7ff7abd52a75+51877]
	GetHandleVerifier [0x0x7ff7abd52ad4+51972]
	GetHandleVerifier [0x0x7ff7abf09425+1848405]
	(No symbol) [0x0x7ff7abaa0e5f]
	(No symbol) [0x0x7ff7abb374ec]
	(No symbol) [0x0x7ff7abb4ed0a]
	(No symbol) [0x0x7ff7abb31df3]
	(No symbol) [0x0x7ff7abb05b36]
	(No symbol) [0x0x7ff7abb04d80]
	(No symbol) [0x0x7ff7abb05973]
	(No symbol) [0x0x7ff7abbce4a5]
	(No symbol) [0x0x7ff7abbca75d]
	GetHandleVerifier [0x0x7ff7abd7d2b3+226019]
	GetHandleVerifier [0x0x7ff7abd6c481+156849]
	GetHandleVerifier [0x0x7ff7abd74979+190889]
	GetHandleVerifier [0x0x7ff7abd59bb4+80868]
	GetHandleVerifier [0x0x7ff7abd59d03+81203]
	GetHandleVerifier [0x0x7ff7abd48286+8886]
	BaseThreadInitThunk [0x0x7ff9c9b0e8d7+23]
	RtlUserThreadStart [0x0x7ff9cb08c53c+44]

[2025-11-19T12:50:09.106364] SCRAPER ratings fetch page 47 offset 920 failed (attempt 2/5): Message: no such window: target window already closed
from unknown error: web view not found
  (Session info: MicrosoftEdge=142.0.3595.80)
Stacktrace:
	GetHandleVerifier [0x0x7ff7abd52a75+51877]
	GetHandleVerifier [0x0x7ff7abd52ad4+51972]
	GetHandleVerifier [0x0x7ff7abf09425+1848405]
	(No symbol) [0x0x7ff7abaa0e5f]
	(No symbol) [0x0x7ff7abb374ec]
	(No symbol) [0x0x7ff7abb4ed0a]
	(No symbol) [0x0x7ff7abb31df3]
	(No symbol) [0x0x7ff7abb05b36]
	(No symbol) [0x0x7ff7abb04d80]
	(No symbol) [0x0x7ff7abb05973]
	(No symbol) [0x0x7ff7abbce4a5]
	(No symbol) [0x0x7ff7abbca75d]
	GetHandleVerifier [0x0x7ff7abd7d2b3+226019]
	GetHandleVerifier [0x0x7ff7abd6c481+156849]
	GetHandleVerifier [0x0x7ff7abd74979+190889]
	GetHandleVerifier [0x0x7ff7abd59bb4+80868]
	GetHandleVerifier [0x0x7ff7abd59d03+81203]
	GetHandleVerifier [0x0x7ff7abd48286+8886]
	BaseThreadInitThunk [0x0x7ff9c9b0e8d7+23]
	RtlUserThreadStart [0x0x7ff9cb08c53c+44]

[2025-11-19T12:50:12.120102] SCRAPER ratings fetch page 47 offset 920 failed (attempt 3/5): Message: no such window: target window already closed
from unknown error: web view not found
  (Session info: MicrosoftEdge=142.0.3595.80)
Stacktrace:
	GetHandleVerifier [0x0x7ff7abd52a75+51877]
	GetHandleVerifier [0x0x7ff7abd52ad4+51972]
	GetHandleVerifier [0x0x7ff7abf09425+1848405]
	(No symbol) [0x0x7ff7abaa0e5f]
	(No symbol) [0x0x7ff7abb374ec]
	(No symbol) [0x0x7ff7abb4ed0a]
	(No symbol) [0x0x7ff7abb31df3]
	(No symbol) [0x0x7ff7abb05b36]
	(No symbol) [0x0x7ff7abb04d80]
	(No symbol) [0x0x7ff7abb05973]
	(No symbol) [0x0x7ff7abbce4a5]
	(No symbol) [0x0x7ff7abbca75d]
	GetHandleVerifier [0x0x7ff7abd7d2b3+226019]
	GetHandleVerifier [0x0x7ff7abd6c481+156849]
	GetHandleVerifier [0x0x7ff7abd74979+190889]
	GetHandleVerifier [0x0x7ff7abd59bb4+80868]
	GetHandleVerifier [0x0x7ff7abd59d03+81203]
	GetHandleVerifier [0x0x7ff7abd48286+8886]
	BaseThreadInitThunk [0x0x7ff9c9b0e8d7+23]
	RtlUserThreadStart [0x0x7ff9cb08c53c+44]

[2025-11-19T12:50:16.129057] SCRAPER ratings fetch page 47 offset 920 failed (attempt 4/5): Message: no such window: target window already closed
from unknown error: web view not found
  (Session info: MicrosoftEdge=142.0.3595.80)
Stacktrace:
	GetHandleVerifier [0x0x7ff7abd52a75+51877]
	GetHandleVerifier [0x0x7ff7abd52ad4+51972]
	GetHandleVerifier [0x0x7ff7abf09425+1848405]
	(No symbol) [0x0x7ff7abaa0e5f]
	(No symbol) [0x0x7ff7abb374ec]
	(No symbol) [0x0x7ff7abb4ed0a]
	(No symbol) [0x0x7ff7abb31df3]
	(No symbol) [0x0x7ff7abb05b36]
	(No symbol) [0x0x7ff7abb04d80]
	(No symbol) [0x0x7ff7abb05973]
	(No symbol) [0x0x7ff7abbce4a5]
	(No symbol) [0x0x7ff7abbca75d]
	GetHandleVerifier [0x0x7ff7abd7d2b3+226019]
	GetHandleVerifier [0x0x7ff7abd6c481+156849]
	GetHandleVerifier [0x0x7ff7abd74979+190889]
	GetHandleVerifier [0x0x7ff7abd59bb4+80868]
	GetHandleVerifier [0x0x7ff7abd59d03+81203]
	GetHandleVerifier [0x0x7ff7abd48286+8886]
	BaseThreadInitThunk [0x0x7ff9c9b0e8d7+23]
	RtlUserThreadStart [0x0x7ff9cb08c53c+44]

[2025-11-19T12:50:21.139012] SCRAPER ratings fetch page 47 offset 920 failed (attempt 5/5): Message: no such window: target window already closed
from unknown error: web view not found
  (Session info: MicrosoftEdge=142.0.3595.80)
Stacktrace:
	GetHandleVerifier [0x0x7ff7abd52a75+51877]
	GetHandleVerifier [0x0x7ff7abd52ad4+51972]
	GetHandleVerifier [0x0x7ff7abf09425+1848405]
	(No symbol) [0x0x7ff7abaa0e5f]
	(No symbol) [0x0x7ff7abb374ec]
	(No symbol) [0x0x7ff7abb4ed0a]
	(No symbol) [0x0x7ff7abb31df3]
	(No symbol) [0x0x7ff7abb05b36]
	(No symbol) [0x0x7ff7abb04d80]
	(No symbol) [0x0x7ff7abb05973]
	(No symbol) [0x0x7ff7abbce4a5]
	(No symbol) [0x0x7ff7abbca75d]
	GetHandleVerifier [0x0x7ff7abd7d2b3+226019]
	GetHandleVerifier [0x0x7ff7abd6c481+156849]
	GetHandleVerifier [0x0x7ff7abd74979+190889]
	GetHandleVerifier [0x0x7ff7abd59bb4+80868]
	GetHandleVerifier [0x0x7ff7abd59d03+81203]
	GetHandleVerifier [0x0x7ff7abd48286+8886]
	BaseThreadInitThunk [0x0x7ff9c9b0e8d7+23]
	RtlUserThreadStart [0x0x7ff9cb08c53c+44]

[2025-11-19T12:50:26.145107] SCRAPER skip page 47 after 5 failures; lanjut halaman berikutnya
[2025-11-19T12:50:26.147701] SCRAPER ratings fetch page 48 offset 940 failed (attempt 1/5): Message: no such window: target window already closed
from unknown error: web view not found
  (Session info: MicrosoftEdge=142.0.3595.80)
Stacktrace:
	GetHandleVerifier [0x0x7ff7abd52a75+51877]
	GetHandleVerifier [0x0x7ff7abd52ad4+51972]
	GetHandleVerifier [0x0x7ff7abf09425+1848405]
	(No symbol) [0x0x7ff7abaa0e5f]
	(No symbol) [0x0x7ff7abb374ec]
	(No symbol) [0x0x7ff7abb4ed0a]
	(No symbol) [0x0x7ff7abb31df3]
	(No symbol) [0x0x7ff7abb05b36]
	(No symbol) [0x0x7ff7abb04d80]
	(No symbol) [0x0x7ff7abb05973]
	(No symbol) [0x0x7ff7abbce4a5]
	(No symbol) [0x0x7ff7abbca75d]
	GetHandleVerifier [0x0x7ff7abd7d2b3+226019]
	GetHandleVerifier [0x0x7ff7abd6c481+156849]
	GetHandleVerifier [0x0x7ff7abd74979+190889]
	GetHandleVerifier [0x0x7ff7abd59bb4+80868]
	GetHandleVerifier [0x0x7ff7abd59d03+81203]
	GetHandleVerifier [0x0x7ff7abd48286+8886]
	BaseThreadInitThunk [0x0x7ff9c9b0e8d7+23]
	RtlUserThreadStart [0x0x7ff9cb08c53c+44]

[2025-11-19T12:50:28.160214] SCRAPER ratings fetch page 48 offset 940 failed (attempt 2/5): Message: no such window: target window already closed
from unknown error: web view not found
  (Session info: MicrosoftEdge=142.0.3595.80)
Stacktrace:
	GetHandleVerifier [0x0x7ff7abd52a75+51877]
	GetHandleVerifier [0x0x7ff7abd52ad4+51972]
	GetHandleVerifier [0x0x7ff7abf09425+1848405]
	(No symbol) [0x0x7ff7abaa0e5f]
	(No symbol) [0x0x7ff7abb374ec]
	(No symbol) [0x0x7ff7abb4ed0a]
	(No symbol) [0x0x7ff7abb31df3]
	(No symbol) [0x0x7ff7abb05b36]
	(No symbol) [0x0x7ff7abb04d80]
	(No symbol) [0x0x7ff7abb05973]
	(No symbol) [0x0x7ff7abbce4a5]
	(No symbol) [0x0x7ff7abbca75d]
	GetHandleVerifier [0x0x7ff7abd7d2b3+226019]
	GetHandleVerifier [0x0x7ff7abd6c481+156849]
	GetHandleVerifier [0x0x7ff7abd74979+190889]
	GetHandleVerifier [0x0x7ff7abd59bb4+80868]
	GetHandleVerifier [0x0x7ff7abd59d03+81203]
	GetHandleVerifier [0x0x7ff7abd48286+8886]
	BaseThreadInitThunk [0x0x7ff9c9b0e8d7+23]
	RtlUserThreadStart [0x0x7ff9cb08c53c+44]

[2025-11-19T12:50:31.168386] SCRAPER ratings fetch page 48 offset 940 failed (attempt 3/5): Message: no such window: target window already closed
from unknown error: web view not found
  (Session info: MicrosoftEdge=142.0.3595.80)
Stacktrace:
	GetHandleVerifier [0x0x7ff7abd52a75+51877]
	GetHandleVerifier [0x0x7ff7abd52ad4+51972]
	GetHandleVerifier [0x0x7ff7abf09425+1848405]
	(No symbol) [0x0x7ff7abaa0e5f]
	(No symbol) [0x0x7ff7abb374ec]
	(No symbol) [0x0x7ff7abb4ed0a]
	(No symbol) [0x0x7ff7abb31df3]
	(No symbol) [0x0x7ff7abb05b36]
	(No symbol) [0x0x7ff7abb04d80]
	(No symbol) [0x0x7ff7abb05973]
	(No symbol) [0x0x7ff7abbce4a5]
	(No symbol) [0x0x7ff7abbca75d]
	GetHandleVerifier [0x0x7ff7abd7d2b3+226019]
	GetHandleVerifier [0x0x7ff7abd6c481+156849]
	GetHandleVerifier [0x0x7ff7abd74979+190889]
	GetHandleVerifier [0x0x7ff7abd59bb4+80868]
	GetHandleVerifier [0x0x7ff7abd59d03+81203]
	GetHandleVerifier [0x0x7ff7abd48286+8886]
	BaseThreadInitThunk [0x0x7ff9c9b0e8d7+23]
	RtlUserThreadStart [0x0x7ff9cb08c53c+44]

[2025-11-19T12:50:35.184194] SCRAPER ratings fetch page 48 offset 940 failed (attempt 4/5): Message: no such window: target window already closed
from unknown error: web view not found
  (Session info: MicrosoftEdge=142.0.3595.80)
Stacktrace:
	GetHandleVerifier [0x0x7ff7abd52a75+51877]
	GetHandleVerifier [0x0x7ff7abd52ad4+51972]
	GetHandleVerifier [0x0x7ff7abf09425+1848405]
	(No symbol) [0x0x7ff7abaa0e5f]
	(No symbol) [0x0x7ff7abb374ec]
	(No symbol) [0x0x7ff7abb4ed0a]
	(No symbol) [0x0x7ff7abb31df3]
	(No symbol) [0x0x7ff7abb05b36]
	(No symbol) [0x0x7ff7abb04d80]
	(No symbol) [0x0x7ff7abb05973]
	(No symbol) [0x0x7ff7abbce4a5]
	(No symbol) [0x0x7ff7abbca75d]
	GetHandleVerifier [0x0x7ff7abd7d2b3+226019]
	GetHandleVerifier [0x0x7ff7abd6c481+156849]
	GetHandleVerifier [0x0x7ff7abd74979+190889]
	GetHandleVerifier [0x0x7ff7abd59bb4+80868]
	GetHandleVerifier [0x0x7ff7abd59d03+81203]
	GetHandleVerifier [0x0x7ff7abd48286+8886]
	BaseThreadInitThunk [0x0x7ff9c9b0e8d7+23]
	RtlUserThreadStart [0x0x7ff9cb08c53c+44]

[2025-11-19T12:50:40.194591] SCRAPER ratings fetch page 48 offset 940 failed (attempt 5/5): Message: no such window: target window already closed
from unknown error: web view not found
  (Session info: MicrosoftEdge=142.0.3595.80)
Stacktrace:
	GetHandleVerifier [0x0x7ff7abd52a75+51877]
	GetHandleVerifier [0x0x7ff7abd52ad4+51972]
	GetHandleVerifier [0x0x7ff7abf09425+1848405]
	(No symbol) [0x0x7ff7abaa0e5f]
	(No symbol) [0x0x7ff7abb374ec]
	(No symbol) [0x0x7ff7abb4ed0a]
	(No symbol) [0x0x7ff7abb31df3]
	(No symbol) [0x0x7ff7abb05b36]
	(No symbol) [0x0x7ff7abb04d80]
	(No symbol) [0x0x7ff7abb05973]
	(No symbol) [0x0x7ff7abbce4a5]
	(No symbol) [0x0x7ff7abbca75d]
	GetHandleVerifier [0x0x7ff7abd7d2b3+226019]
	GetHandleVerifier [0x0x7ff7abd6c481+156849]
	GetHandleVerifier [0x0x7ff7abd74979+190889]
	GetHandleVerifier [0x0x7ff7abd59bb4+80868]
	GetHandleVerifier [0x0x7ff7abd59d03+81203]
	GetHandleVerifier [0x0x7ff7abd48286+8886]
	BaseThreadInitThunk [0x0x7ff9c9b0e8d7+23]
	RtlUserThreadStart [0x0x7ff9cb08c53c+44]

[2025-11-19T12:50:45.210350] SCRAPER skip page 48 after 5 failures; lanjut halaman berikutnya
[2025-11-19T12:50:45.212354] SCRAPER ratings fetch page 49 offset 960 failed (attempt 1/5): Message: no such window: target window already closed
from unknown error: web view not found
  (Session info: MicrosoftEdge=142.0.3595.80)
Stacktrace:
	GetHandleVerifier [0x0x7ff7abd52a75+51877]
	GetHandleVerifier [0x0x7ff7abd52ad4+51972]
	GetHandleVerifier [0x0x7ff7abf09425+1848405]
	(No symbol) [0x0x7ff7abaa0e5f]
	(No symbol) [0x0x7ff7abb374ec]
	(No symbol) [0x0x7ff7abb4ed0a]
	(No symbol) [0x0x7ff7abb31df3]
	(No symbol) [0x0x7ff7abb05b36]
	(No symbol) [0x0x7ff7abb04d80]
	(No symbol) [0x0x7ff7abb05973]
	(No symbol) [0x0x7ff7abbce4a5]
	(No symbol) [0x0x7ff7abbca75d]
	GetHandleVerifier [0x0x7ff7abd7d2b3+226019]
	GetHandleVerifier [0x0x7ff7abd6c481+156849]
	GetHandleVerifier [0x0x7ff7abd74979+190889]
	GetHandleVerifier [0x0x7ff7abd59bb4+80868]
	GetHandleVerifier [0x0x7ff7abd59d03+81203]
	GetHandleVerifier [0x0x7ff7abd48286+8886]
	BaseThreadInitThunk [0x0x7ff9c9b0e8d7+23]
	RtlUserThreadStart [0x0x7ff9cb08c53c+44]

[2025-11-19T12:50:47.223073] SCRAPER ratings fetch page 49 offset 960 failed (attempt 2/5): Message: no such window: target window already closed
from unknown error: web view not found
  (Session info: MicrosoftEdge=142.0.3595.80)
Stacktrace:
	GetHandleVerifier [0x0x7ff7abd52a75+51877]
	GetHandleVerifier [0x0x7ff7abd52ad4+51972]
	GetHandleVerifier [0x0x7ff7abf09425+1848405]
	(No symbol) [0x0x7ff7abaa0e5f]
	(No symbol) [0x0x7ff7abb374ec]
	(No symbol) [0x0x7ff7abb4ed0a]
	(No symbol) [0x0x7ff7abb31df3]
	(No symbol) [0x0x7ff7abb05b36]
	(No symbol) [0x0x7ff7abb04d80]
	(No symbol) [0x0x7ff7abb05973]
	(No symbol) [0x0x7ff7abbce4a5]
	(No symbol) [0x0x7ff7abbca75d]
	GetHandleVerifier [0x0x7ff7abd7d2b3+226019]
	GetHandleVerifier [0x0x7ff7abd6c481+156849]
	GetHandleVerifier [0x0x7ff7abd74979+190889]
	GetHandleVerifier [0x0x7ff7abd59bb4+80868]
	GetHandleVerifier [0x0x7ff7abd59d03+81203]
	GetHandleVerifier [0x0x7ff7abd48286+8886]
	BaseThreadInitThunk [0x0x7ff9c9b0e8d7+23]
	RtlUserThreadStart [0x0x7ff9cb08c53c+44]

[2025-11-19T12:50:50.236470] SCRAPER ratings fetch page 49 offset 960 failed (attempt 3/5): Message: no such window: target window already closed
from unknown error: web view not found
  (Session info: MicrosoftEdge=142.0.3595.80)
Stacktrace:
	GetHandleVerifier [0x0x7ff7abd52a75+51877]
	GetHandleVerifier [0x0x7ff7abd52ad4+51972]
	GetHandleVerifier [0x0x7ff7abf09425+1848405]
	(No symbol) [0x0x7ff7abaa0e5f]
	(No symbol) [0x0x7ff7abb374ec]
	(No symbol) [0x0x7ff7abb4ed0a]
	(No symbol) [0x0x7ff7abb31df3]
	(No symbol) [0x0x7ff7abb05b36]
	(No symbol) [0x0x7ff7abb04d80]
	(No symbol) [0x0x7ff7abb05973]
	(No symbol) [0x0x7ff7abbce4a5]
	(No symbol) [0x0x7ff7abbca75d]
	GetHandleVerifier [0x0x7ff7abd7d2b3+226019]
	GetHandleVerifier [0x0x7ff7abd6c481+156849]
	GetHandleVerifier [0x0x7ff7abd74979+190889]
	GetHandleVerifier [0x0x7ff7abd59bb4+80868]
	GetHandleVerifier [0x0x7ff7abd59d03+81203]
	GetHandleVerifier [0x0x7ff7abd48286+8886]
	BaseThreadInitThunk [0x0x7ff9c9b0e8d7+23]
	RtlUserThreadStart [0x0x7ff9cb08c53c+44]

[2025-11-19T12:50:54.239976] SCRAPER ratings fetch page 49 offset 960 failed (attempt 4/5): Message: no such window: target window already closed
from unknown error: web view not found
  (Session info: MicrosoftEdge=142.0.3595.80)
Stacktrace:
	GetHandleVerifier [0x0x7ff7abd52a75+51877]
	GetHandleVerifier [0x0x7ff7abd52ad4+51972]
	GetHandleVerifier [0x0x7ff7abf09425+1848405]
	(No symbol) [0x0x7ff7abaa0e5f]
	(No symbol) [0x0x7ff7abb374ec]
	(No symbol) [0x0x7ff7abb4ed0a]
	(No symbol) [0x0x7ff7abb31df3]
	(No symbol) [0x0x7ff7abb05b36]
	(No symbol) [0x0x7ff7abb04d80]
	(No symbol) [0x0x7ff7abb05973]
	(No symbol) [0x0x7ff7abbce4a5]
	(No symbol) [0x0x7ff7abbca75d]
	GetHandleVerifier [0x0x7ff7abd7d2b3+226019]
	GetHandleVerifier [0x0x7ff7abd6c481+156849]
	GetHandleVerifier [0x0x7ff7abd74979+190889]
	GetHandleVerifier [0x0x7ff7abd59bb4+80868]
	GetHandleVerifier [0x0x7ff7abd59d03+81203]
	GetHandleVerifier [0x0x7ff7abd48286+8886]
	BaseThreadInitThunk [0x0x7ff9c9b0e8d7+23]
	RtlUserThreadStart [0x0x7ff9cb08c53c+44]

[2025-11-19T12:50:59.244362] SCRAPER ratings fetch page 49 offset 960 failed (attempt 5/5): Message: no such window: target window already closed
from unknown error: web view not found
  (Session info: MicrosoftEdge=142.0.3595.80)
Stacktrace:
	GetHandleVerifier [0x0x7ff7abd52a75+51877]
	GetHandleVerifier [0x0x7ff7abd52ad4+51972]
	GetHandleVerifier [0x0x7ff7abf09425+1848405]
	(No symbol) [0x0x7ff7abaa0e5f]
	(No symbol) [0x0x7ff7abb374ec]
	(No symbol) [0x0x7ff7abb4ed0a]
	(No symbol) [0x0x7ff7abb31df3]
	(No symbol) [0x0x7ff7abb05b36]
	(No symbol) [0x0x7ff7abb04d80]
	(No symbol) [0x0x7ff7abb05973]
	(No symbol) [0x0x7ff7abbce4a5]
	(No symbol) [0x0x7ff7abbca75d]
	GetHandleVerifier [0x0x7ff7abd7d2b3+226019]
	GetHandleVerifier [0x0x7ff7abd6c481+156849]
	GetHandleVerifier [0x0x7ff7abd74979+190889]
	GetHandleVerifier [0x0x7ff7abd59bb4+80868]
	GetHandleVerifier [0x0x7ff7abd59d03+81203]
	GetHandleVerifier [0x0x7ff7abd48286+8886]
	BaseThreadInitThunk [0x0x7ff9c9b0e8d7+23]
	RtlUserThreadStart [0x0x7ff9cb08c53c+44]

[2025-11-19T12:51:04.259115] SCRAPER skip page 49 after 5 failures; lanjut halaman berikutnya
[2025-11-19T12:51:04.262045] SCRAPER ratings fetch page 50 offset 980 failed (attempt 1/5): Message: no such window: target window already closed
from unknown error: web view not found
  (Session info: MicrosoftEdge=142.0.3595.80)
Stacktrace:
	GetHandleVerifier [0x0x7ff7abd52a75+51877]
	GetHandleVerifier [0x0x7ff7abd52ad4+51972]
	GetHandleVerifier [0x0x7ff7abf09425+1848405]
	(No symbol) [0x0x7ff7abaa0e5f]
	(No symbol) [0x0x7ff7abb374ec]
	(No symbol) [0x0x7ff7abb4ed0a]
	(No symbol) [0x0x7ff7abb31df3]
	(No symbol) [0x0x7ff7abb05b36]
	(No symbol) [0x0x7ff7abb04d80]
	(No symbol) [0x0x7ff7abb05973]
	(No symbol) [0x0x7ff7abbce4a5]
	(No symbol) [0x0x7ff7abbca75d]
	GetHandleVerifier [0x0x7ff7abd7d2b3+226019]
	GetHandleVerifier [0x0x7ff7abd6c481+156849]
	GetHandleVerifier [0x0x7ff7abd74979+190889]
	GetHandleVerifier [0x0x7ff7abd59bb4+80868]
	GetHandleVerifier [0x0x7ff7abd59d03+81203]
	GetHandleVerifier [0x0x7ff7abd48286+8886]
	BaseThreadInitThunk [0x0x7ff9c9b0e8d7+23]
	RtlUserThreadStart [0x0x7ff9cb08c53c+44]

[2025-11-19T12:51:06.277520] SCRAPER ratings fetch page 50 offset 980 failed (attempt 2/5): Message: no such window: target window already closed
from unknown error: web view not found
  (Session info: MicrosoftEdge=142.0.3595.80)
Stacktrace:
	GetHandleVerifier [0x0x7ff7abd52a75+51877]
	GetHandleVerifier [0x0x7ff7abd52ad4+51972]
	GetHandleVerifier [0x0x7ff7abf09425+1848405]
	(No symbol) [0x0x7ff7abaa0e5f]
	(No symbol) [0x0x7ff7abb374ec]
	(No symbol) [0x0x7ff7abb4ed0a]
	(No symbol) [0x0x7ff7abb31df3]
	(No symbol) [0x0x7ff7abb05b36]
	(No symbol) [0x0x7ff7abb04d80]
	(No symbol) [0x0x7ff7abb05973]
	(No symbol) [0x0x7ff7abbce4a5]
	(No symbol) [0x0x7ff7abbca75d]
	GetHandleVerifier [0x0x7ff7abd7d2b3+226019]
	GetHandleVerifier [0x0x7ff7abd6c481+156849]
	GetHandleVerifier [0x0x7ff7abd74979+190889]
	GetHandleVerifier [0x0x7ff7abd59bb4+80868]
	GetHandleVerifier [0x0x7ff7abd59d03+81203]
	GetHandleVerifier [0x0x7ff7abd48286+8886]
	BaseThreadInitThunk [0x0x7ff9c9b0e8d7+23]
	RtlUserThreadStart [0x0x7ff9cb08c53c+44]

[2025-11-19T12:51:09.286668] SCRAPER ratings fetch page 50 offset 980 failed (attempt 3/5): Message: no such window: target window already closed
from unknown error: web view not found
  (Session info: MicrosoftEdge=142.0.3595.80)
Stacktrace:
	GetHandleVerifier [0x0x7ff7abd52a75+51877]
	GetHandleVerifier [0x0x7ff7abd52ad4+51972]
	GetHandleVerifier [0x0x7ff7abf09425+1848405]
	(No symbol) [0x0x7ff7abaa0e5f]
	(No symbol) [0x0x7ff7abb374ec]
	(No symbol) [0x0x7ff7abb4ed0a]
	(No symbol) [0x0x7ff7abb31df3]
	(No symbol) [0x0x7ff7abb05b36]
	(No symbol) [0x0x7ff7abb04d80]
	(No symbol) [0x0x7ff7abb05973]
	(No symbol) [0x0x7ff7abbce4a5]
	(No symbol) [0x0x7ff7abbca75d]
	GetHandleVerifier [0x0x7ff7abd7d2b3+226019]
	GetHandleVerifier [0x0x7ff7abd6c481+156849]
	GetHandleVerifier [0x0x7ff7abd74979+190889]
	GetHandleVerifier [0x0x7ff7abd59bb4+80868]
	GetHandleVerifier [0x0x7ff7abd59d03+81203]
	GetHandleVerifier [0x0x7ff7abd48286+8886]
	BaseThreadInitThunk [0x0x7ff9c9b0e8d7+23]
	RtlUserThreadStart [0x0x7ff9cb08c53c+44]

[2025-11-19T12:51:13.292458] SCRAPER ratings fetch page 50 offset 980 failed (attempt 4/5): Message: no such window: target window already closed
from unknown error: web view not found
  (Session info: MicrosoftEdge=142.0.3595.80)
Stacktrace:
	GetHandleVerifier [0x0x7ff7abd52a75+51877]
	GetHandleVerifier [0x0x7ff7abd52ad4+51972]
	GetHandleVerifier [0x0x7ff7abf09425+1848405]
	(No symbol) [0x0x7ff7abaa0e5f]
	(No symbol) [0x0x7ff7abb374ec]
	(No symbol) [0x0x7ff7abb4ed0a]
	(No symbol) [0x0x7ff7abb31df3]
	(No symbol) [0x0x7ff7abb05b36]
	(No symbol) [0x0x7ff7abb04d80]
	(No symbol) [0x0x7ff7abb05973]
	(No symbol) [0x0x7ff7abbce4a5]
	(No symbol) [0x0x7ff7abbca75d]
	GetHandleVerifier [0x0x7ff7abd7d2b3+226019]
	GetHandleVerifier [0x0x7ff7abd6c481+156849]
	GetHandleVerifier [0x0x7ff7abd74979+190889]
	GetHandleVerifier [0x0x7ff7abd59bb4+80868]
	GetHandleVerifier [0x0x7ff7abd59d03+81203]
	GetHandleVerifier [0x0x7ff7abd48286+8886]
	BaseThreadInitThunk [0x0x7ff9c9b0e8d7+23]
	RtlUserThreadStart [0x0x7ff9cb08c53c+44]

[2025-11-19T12:51:18.297791] SCRAPER ratings fetch page 50 offset 980 failed (attempt 5/5): Message: no such window: target window already closed
from unknown error: web view not found
  (Session info: MicrosoftEdge=142.0.3595.80)
Stacktrace:
	GetHandleVerifier [0x0x7ff7abd52a75+51877]
	GetHandleVerifier [0x0x7ff7abd52ad4+51972]
	GetHandleVerifier [0x0x7ff7abf09425+1848405]
	(No symbol) [0x0x7ff7abaa0e5f]
	(No symbol) [0x0x7ff7abb374ec]
	(No symbol) [0x0x7ff7abb4ed0a]
	(No symbol) [0x0x7ff7abb31df3]
	(No symbol) [0x0x7ff7abb05b36]
	(No symbol) [0x0x7ff7abb04d80]
	(No symbol) [0x0x7ff7abb05973]
	(No symbol) [0x0x7ff7abbce4a5]
	(No symbol) [0x0x7ff7abbca75d]
	GetHandleVerifier [0x0x7ff7abd7d2b3+226019]
	GetHandleVerifier [0x0x7ff7abd6c481+156849]
	GetHandleVerifier [0x0x7ff7abd74979+190889]
	GetHandleVerifier [0x0x7ff7abd59bb4+80868]
	GetHandleVerifier [0x0x7ff7abd59d03+81203]
	GetHandleVerifier [0x0x7ff7abd48286+8886]
	BaseThreadInitThunk [0x0x7ff9c9b0e8d7+23]
	RtlUserThreadStart [0x0x7ff9cb08c53c+44]

[2025-11-19T12:51:23.307939] SCRAPER skip page 50 after 5 failures; lanjut halaman berikutnya
[2025-11-19T12:51:23.309946] SCRAPER ratings fetch page 51 offset 1000 failed (attempt 1/5): Message: no such window: target window already closed
from unknown error: web view not found
  (Session info: MicrosoftEdge=142.0.3595.80)
Stacktrace:
	GetHandleVerifier [0x0x7ff7abd52a75+51877]
	GetHandleVerifier [0x0x7ff7abd52ad4+51972]
	GetHandleVerifier [0x0x7ff7abf09425+1848405]
	(No symbol) [0x0x7ff7abaa0e5f]
	(No symbol) [0x0x7ff7abb374ec]
	(No symbol) [0x0x7ff7abb4ed0a]
	(No symbol) [0x0x7ff7abb31df3]
	(No symbol) [0x0x7ff7abb05b36]
	(No symbol) [0x0x7ff7abb04d80]
	(No symbol) [0x0x7ff7abb05973]
	(No symbol) [0x0x7ff7abbce4a5]
	(No symbol) [0x0x7ff7abbca75d]
	GetHandleVerifier [0x0x7ff7abd7d2b3+226019]
	GetHandleVerifier [0x0x7ff7abd6c481+156849]
	GetHandleVerifier [0x0x7ff7abd74979+190889]
	GetHandleVerifier [0x0x7ff7abd59bb4+80868]
	GetHandleVerifier [0x0x7ff7abd59d03+81203]
	GetHandleVerifier [0x0x7ff7abd48286+8886]
	BaseThreadInitThunk [0x0x7ff9c9b0e8d7+23]
	RtlUserThreadStart [0x0x7ff9cb08c53c+44]

[2025-11-19T12:51:25.314246] SCRAPER ratings fetch page 51 offset 1000 failed (attempt 2/5): Message: no such window: target window already closed
from unknown error: web view not found
  (Session info: MicrosoftEdge=142.0.3595.80)
Stacktrace:
	GetHandleVerifier [0x0x7ff7abd52a75+51877]
	GetHandleVerifier [0x0x7ff7abd52ad4+51972]
	GetHandleVerifier [0x0x7ff7abf09425+1848405]
	(No symbol) [0x0x7ff7abaa0e5f]
	(No symbol) [0x0x7ff7abb374ec]
	(No symbol) [0x0x7ff7abb4ed0a]
	(No symbol) [0x0x7ff7abb31df3]
	(No symbol) [0x0x7ff7abb05b36]
	(No symbol) [0x0x7ff7abb04d80]
	(No symbol) [0x0x7ff7abb05973]
	(No symbol) [0x0x7ff7abbce4a5]
	(No symbol) [0x0x7ff7abbca75d]
	GetHandleVerifier [0x0x7ff7abd7d2b3+226019]
	GetHandleVerifier [0x0x7ff7abd6c481+156849]
	GetHandleVerifier [0x0x7ff7abd74979+190889]
	GetHandleVerifier [0x0x7ff7abd59bb4+80868]
	GetHandleVerifier [0x0x7ff7abd59d03+81203]
	GetHandleVerifier [0x0x7ff7abd48286+8886]
	BaseThreadInitThunk [0x0x7ff9c9b0e8d7+23]
	RtlUserThreadStart [0x0x7ff9cb08c53c+44]

[2025-11-19T12:51:28.330226] SCRAPER ratings fetch page 51 offset 1000 failed (attempt 3/5): Message: no such window: target window already closed
from unknown error: web view not found
  (Session info: MicrosoftEdge=142.0.3595.80)
Stacktrace:
	GetHandleVerifier [0x0x7ff7abd52a75+51877]
	GetHandleVerifier [0x0x7ff7abd52ad4+51972]
	GetHandleVerifier [0x0x7ff7abf09425+1848405]
	(No symbol) [0x0x7ff7abaa0e5f]
	(No symbol) [0x0x7ff7abb374ec]
	(No symbol) [0x0x7ff7abb4ed0a]
	(No symbol) [0x0x7ff7abb31df3]
	(No symbol) [0x0x7ff7abb05b36]
	(No symbol) [0x0x7ff7abb04d80]
	(No symbol) [0x0x7ff7abb05973]
	(No symbol) [0x0x7ff7abbce4a5]
	(No symbol) [0x0x7ff7abbca75d]
	GetHandleVerifier [0x0x7ff7abd7d2b3+226019]
	GetHandleVerifier [0x0x7ff7abd6c481+156849]
	GetHandleVerifier [0x0x7ff7abd74979+190889]
	GetHandleVerifier [0x0x7ff7abd59bb4+80868]
	GetHandleVerifier [0x0x7ff7abd59d03+81203]
	GetHandleVerifier [0x0x7ff7abd48286+8886]
	BaseThreadInitThunk [0x0x7ff9c9b0e8d7+23]
	RtlUserThreadStart [0x0x7ff9cb08c53c+44]

[2025-11-19T12:51:32.338214] SCRAPER ratings fetch page 51 offset 1000 failed (attempt 4/5): Message: no such window: target window already closed
from unknown error: web view not found
  (Session info: MicrosoftEdge=142.0.3595.80)
Stacktrace:
	GetHandleVerifier [0x0x7ff7abd52a75+51877]
	GetHandleVerifier [0x0x7ff7abd52ad4+51972]
	GetHandleVerifier [0x0x7ff7abf09425+1848405]
	(No symbol) [0x0x7ff7abaa0e5f]
	(No symbol) [0x0x7ff7abb374ec]
	(No symbol) [0x0x7ff7abb4ed0a]
	(No symbol) [0x0x7ff7abb31df3]
	(No symbol) [0x0x7ff7abb05b36]
	(No symbol) [0x0x7ff7abb04d80]
	(No symbol) [0x0x7ff7abb05973]
	(No symbol) [0x0x7ff7abbce4a5]
	(No symbol) [0x0x7ff7abbca75d]
	GetHandleVerifier [0x0x7ff7abd7d2b3+226019]
	GetHandleVerifier [0x0x7ff7abd6c481+156849]
	GetHandleVerifier [0x0x7ff7abd74979+190889]
	GetHandleVerifier [0x0x7ff7abd59bb4+80868]
	GetHandleVerifier [0x0x7ff7abd59d03+81203]
	GetHandleVerifier [0x0x7ff7abd48286+8886]
	BaseThreadInitThunk [0x0x7ff9c9b0e8d7+23]
	RtlUserThreadStart [0x0x7ff9cb08c53c+44]

[2025-11-19T12:51:37.345513] SCRAPER ratings fetch page 51 offset 1000 failed (attempt 5/5): Message: no such window: target window already closed
from unknown error: web view not found
  (Session info: MicrosoftEdge=142.0.3595.80)
Stacktrace:
	GetHandleVerifier [0x0x7ff7abd52a75+51877]
	GetHandleVerifier [0x0x7ff7abd52ad4+51972]
	GetHandleVerifier [0x0x7ff7abf09425+1848405]
	(No symbol) [0x0x7ff7abaa0e5f]
	(No symbol) [0x0x7ff7abb374ec]
	(No symbol) [0x0x7ff7abb4ed0a]
	(No symbol) [0x0x7ff7abb31df3]
	(No symbol) [0x0x7ff7abb05b36]
	(No symbol) [0x0x7ff7abb04d80]
	(No symbol) [0x0x7ff7abb05973]
	(No symbol) [0x0x7ff7abbce4a5]
	(No symbol) [0x0x7ff7abbca75d]
	GetHandleVerifier [0x0x7ff7abd7d2b3+226019]
	GetHandleVerifier [0x0x7ff7abd6c481+156849]
	GetHandleVerifier [0x0x7ff7abd74979+190889]
	GetHandleVerifier [0x0x7ff7abd59bb4+80868]
	GetHandleVerifier [0x0x7ff7abd59d03+81203]
	GetHandleVerifier [0x0x7ff7abd48286+8886]
	BaseThreadInitThunk [0x0x7ff9c9b0e8d7+23]
	RtlUserThreadStart [0x0x7ff9cb08c53c+44]

[2025-11-19T12:51:42.347792] SCRAPER skip page 51 after 5 failures; lanjut halaman berikutnya
[2025-11-19T12:51:42.349808] SCRAPER ratings fetch page 52 offset 1020 failed (attempt 1/5): Message: no such window: target window already closed
from unknown error: web view not found
  (Session info: MicrosoftEdge=142.0.3595.80)
Stacktrace:
	GetHandleVerifier [0x0x7ff7abd52a75+51877]
	GetHandleVerifier [0x0x7ff7abd52ad4+51972]
	GetHandleVerifier [0x0x7ff7abf09425+1848405]
	(No symbol) [0x0x7ff7abaa0e5f]
	(No symbol) [0x0x7ff7abb374ec]
	(No symbol) [0x0x7ff7abb4ed0a]
	(No symbol) [0x0x7ff7abb31df3]
	(No symbol) [0x0x7ff7abb05b36]
	(No symbol) [0x0x7ff7abb04d80]
	(No symbol) [0x0x7ff7abb05973]
	(No symbol) [0x0x7ff7abbce4a5]
	(No symbol) [0x0x7ff7abbca75d]
	GetHandleVerifier [0x0x7ff7abd7d2b3+226019]
	GetHandleVerifier [0x0x7ff7abd6c481+156849]
	GetHandleVerifier [0x0x7ff7abd74979+190889]
	GetHandleVerifier [0x0x7ff7abd59bb4+80868]
	GetHandleVerifier [0x0x7ff7abd59d03+81203]
	GetHandleVerifier [0x0x7ff7abd48286+8886]
	BaseThreadInitThunk [0x0x7ff9c9b0e8d7+23]
	RtlUserThreadStart [0x0x7ff9cb08c53c+44]

[2025-11-19T12:51:44.359433] SCRAPER ratings fetch page 52 offset 1020 failed (attempt 2/5): Message: no such window: target window already closed
from unknown error: web view not found
  (Session info: MicrosoftEdge=142.0.3595.80)
Stacktrace:
	GetHandleVerifier [0x0x7ff7abd52a75+51877]
	GetHandleVerifier [0x0x7ff7abd52ad4+51972]
	GetHandleVerifier [0x0x7ff7abf09425+1848405]
	(No symbol) [0x0x7ff7abaa0e5f]
	(No symbol) [0x0x7ff7abb374ec]
	(No symbol) [0x0x7ff7abb4ed0a]
	(No symbol) [0x0x7ff7abb31df3]
	(No symbol) [0x0x7ff7abb05b36]
	(No symbol) [0x0x7ff7abb04d80]
	(No symbol) [0x0x7ff7abb05973]
	(No symbol) [0x0x7ff7abbce4a5]
	(No symbol) [0x0x7ff7abbca75d]
	GetHandleVerifier [0x0x7ff7abd7d2b3+226019]
	GetHandleVerifier [0x0x7ff7abd6c481+156849]
	GetHandleVerifier [0x0x7ff7abd74979+190889]
	GetHandleVerifier [0x0x7ff7abd59bb4+80868]
	GetHandleVerifier [0x0x7ff7abd59d03+81203]
	GetHandleVerifier [0x0x7ff7abd48286+8886]
	BaseThreadInitThunk [0x0x7ff9c9b0e8d7+23]
	RtlUserThreadStart [0x0x7ff9cb08c53c+44]

[2025-11-19T12:51:47.370848] SCRAPER ratings fetch page 52 offset 1020 failed (attempt 3/5): Message: no such window: target window already closed
from unknown error: web view not found
  (Session info: MicrosoftEdge=142.0.3595.80)
Stacktrace:
	GetHandleVerifier [0x0x7ff7abd52a75+51877]
	GetHandleVerifier [0x0x7ff7abd52ad4+51972]
	GetHandleVerifier [0x0x7ff7abf09425+1848405]
	(No symbol) [0x0x7ff7abaa0e5f]
	(No symbol) [0x0x7ff7abb374ec]
	(No symbol) [0x0x7ff7abb4ed0a]
	(No symbol) [0x0x7ff7abb31df3]
	(No symbol) [0x0x7ff7abb05b36]
	(No symbol) [0x0x7ff7abb04d80]
	(No symbol) [0x0x7ff7abb05973]
	(No symbol) [0x0x7ff7abbce4a5]
	(No symbol) [0x0x7ff7abbca75d]
	GetHandleVerifier [0x0x7ff7abd7d2b3+226019]
	GetHandleVerifier [0x0x7ff7abd6c481+156849]
	GetHandleVerifier [0x0x7ff7abd74979+190889]
	GetHandleVerifier [0x0x7ff7abd59bb4+80868]
	GetHandleVerifier [0x0x7ff7abd59d03+81203]
	GetHandleVerifier [0x0x7ff7abd48286+8886]
	BaseThreadInitThunk [0x0x7ff9c9b0e8d7+23]
	RtlUserThreadStart [0x0x7ff9cb08c53c+44]

[2025-11-19T12:51:51.376124] SCRAPER ratings fetch page 52 offset 1020 failed (attempt 4/5): Message: no such window: target window already closed
from unknown error: web view not found
  (Session info: MicrosoftEdge=142.0.3595.80)
Stacktrace:
	GetHandleVerifier [0x0x7ff7abd52a75+51877]
	GetHandleVerifier [0x0x7ff7abd52ad4+51972]
	GetHandleVerifier [0x0x7ff7abf09425+1848405]
	(No symbol) [0x0x7ff7abaa0e5f]
	(No symbol) [0x0x7ff7abb374ec]
	(No symbol) [0x0x7ff7abb4ed0a]
	(No symbol) [0x0x7ff7abb31df3]
	(No symbol) [0x0x7ff7abb05b36]
	(No symbol) [0x0x7ff7abb04d80]
	(No symbol) [0x0x7ff7abb05973]
	(No symbol) [0x0x7ff7abbce4a5]
	(No symbol) [0x0x7ff7abbca75d]
	GetHandleVerifier [0x0x7ff7abd7d2b3+226019]
	GetHandleVerifier [0x0x7ff7abd6c481+156849]
	GetHandleVerifier [0x0x7ff7abd74979+190889]
	GetHandleVerifier [0x0x7ff7abd59bb4+80868]
	GetHandleVerifier [0x0x7ff7abd59d03+81203]
	GetHandleVerifier [0x0x7ff7abd48286+8886]
	BaseThreadInitThunk [0x0x7ff9c9b0e8d7+23]
	RtlUserThreadStart [0x0x7ff9cb08c53c+44]

[2025-11-19T12:51:56.392085] SCRAPER ratings fetch page 52 offset 1020 failed (attempt 5/5): Message: no such window: target window already closed
from unknown error: web view not found
  (Session info: MicrosoftEdge=142.0.3595.80)
Stacktrace:
	GetHandleVerifier [0x0x7ff7abd52a75+51877]
	GetHandleVerifier [0x0x7ff7abd52ad4+51972]
	GetHandleVerifier [0x0x7ff7abf09425+1848405]
	(No symbol) [0x0x7ff7abaa0e5f]
	(No symbol) [0x0x7ff7abb374ec]
	(No symbol) [0x0x7ff7abb4ed0a]
	(No symbol) [0x0x7ff7abb31df3]
	(No symbol) [0x0x7ff7abb05b36]
	(No symbol) [0x0x7ff7abb04d80]
	(No symbol) [0x0x7ff7abb05973]
	(No symbol) [0x0x7ff7abbce4a5]
	(No symbol) [0x0x7ff7abbca75d]
	GetHandleVerifier [0x0x7ff7abd7d2b3+226019]
	GetHandleVerifier [0x0x7ff7abd6c481+156849]
	GetHandleVerifier [0x0x7ff7abd74979+190889]
	GetHandleVerifier [0x0x7ff7abd59bb4+80868]
	GetHandleVerifier [0x0x7ff7abd59d03+81203]
	GetHandleVerifier [0x0x7ff7abd48286+8886]
	BaseThreadInitThunk [0x0x7ff9c9b0e8d7+23]
	RtlUserThreadStart [0x0x7ff9cb08c53c+44]

[2025-11-19T12:52:01.397757] SCRAPER skip page 52 after 5 failures; lanjut halaman berikutnya
[2025-11-19T12:52:01.399519] SCRAPER ratings fetch page 53 offset 1040 failed (attempt 1/5): Message: no such window: target window already closed
from unknown error: web view not found
  (Session info: MicrosoftEdge=142.0.3595.80)
Stacktrace:
	GetHandleVerifier [0x0x7ff7abd52a75+51877]
	GetHandleVerifier [0x0x7ff7abd52ad4+51972]
	GetHandleVerifier [0x0x7ff7abf09425+1848405]
	(No symbol) [0x0x7ff7abaa0e5f]
	(No symbol) [0x0x7ff7abb374ec]
	(No symbol) [0x0x7ff7abb4ed0a]
	(No symbol) [0x0x7ff7abb31df3]
	(No symbol) [0x0x7ff7abb05b36]
	(No symbol) [0x0x7ff7abb04d80]
	(No symbol) [0x0x7ff7abb05973]
	(No symbol) [0x0x7ff7abbce4a5]
	(No symbol) [0x0x7ff7abbca75d]
	GetHandleVerifier [0x0x7ff7abd7d2b3+226019]
	GetHandleVerifier [0x0x7ff7abd6c481+156849]
	GetHandleVerifier [0x0x7ff7abd74979+190889]
	GetHandleVerifier [0x0x7ff7abd59bb4+80868]
	GetHandleVerifier [0x0x7ff7abd59d03+81203]
	GetHandleVerifier [0x0x7ff7abd48286+8886]
	BaseThreadInitThunk [0x0x7ff9c9b0e8d7+23]
	RtlUserThreadStart [0x0x7ff9cb08c53c+44]

[2025-11-19T12:52:03.404363] SCRAPER ratings fetch page 53 offset 1040 failed (attempt 2/5): Message: no such window: target window already closed
from unknown error: web view not found
  (Session info: MicrosoftEdge=142.0.3595.80)
Stacktrace:
	GetHandleVerifier [0x0x7ff7abd52a75+51877]
	GetHandleVerifier [0x0x7ff7abd52ad4+51972]
	GetHandleVerifier [0x0x7ff7abf09425+1848405]
	(No symbol) [0x0x7ff7abaa0e5f]
	(No symbol) [0x0x7ff7abb374ec]
	(No symbol) [0x0x7ff7abb4ed0a]
	(No symbol) [0x0x7ff7abb31df3]
	(No symbol) [0x0x7ff7abb05b36]
	(No symbol) [0x0x7ff7abb04d80]
	(No symbol) [0x0x7ff7abb05973]
	(No symbol) [0x0x7ff7abbce4a5]
	(No symbol) [0x0x7ff7abbca75d]
	GetHandleVerifier [0x0x7ff7abd7d2b3+226019]
	GetHandleVerifier [0x0x7ff7abd6c481+156849]
	GetHandleVerifier [0x0x7ff7abd74979+190889]
	GetHandleVerifier [0x0x7ff7abd59bb4+80868]
	GetHandleVerifier [0x0x7ff7abd59d03+81203]
	GetHandleVerifier [0x0x7ff7abd48286+8886]
	BaseThreadInitThunk [0x0x7ff9c9b0e8d7+23]
	RtlUserThreadStart [0x0x7ff9cb08c53c+44]

[2025-11-19T12:52:06.418637] SCRAPER ratings fetch page 53 offset 1040 failed (attempt 3/5): Message: no such window: target window already closed
from unknown error: web view not found
  (Session info: MicrosoftEdge=142.0.3595.80)
Stacktrace:
	GetHandleVerifier [0x0x7ff7abd52a75+51877]
	GetHandleVerifier [0x0x7ff7abd52ad4+51972]
	GetHandleVerifier [0x0x7ff7abf09425+1848405]
	(No symbol) [0x0x7ff7abaa0e5f]
	(No symbol) [0x0x7ff7abb374ec]
	(No symbol) [0x0x7ff7abb4ed0a]
	(No symbol) [0x0x7ff7abb31df3]
	(No symbol) [0x0x7ff7abb05b36]
	(No symbol) [0x0x7ff7abb04d80]
	(No symbol) [0x0x7ff7abb05973]
	(No symbol) [0x0x7ff7abbce4a5]
	(No symbol) [0x0x7ff7abbca75d]
	GetHandleVerifier [0x0x7ff7abd7d2b3+226019]
	GetHandleVerifier [0x0x7ff7abd6c481+156849]
	GetHandleVerifier [0x0x7ff7abd74979+190889]
	GetHandleVerifier [0x0x7ff7abd59bb4+80868]
	GetHandleVerifier [0x0x7ff7abd59d03+81203]
	GetHandleVerifier [0x0x7ff7abd48286+8886]
	BaseThreadInitThunk [0x0x7ff9c9b0e8d7+23]
	RtlUserThreadStart [0x0x7ff9cb08c53c+44]

[2025-11-19T12:52:10.422524] SCRAPER ratings fetch page 53 offset 1040 failed (attempt 4/5): Message: no such window: target window already closed
from unknown error: web view not found
  (Session info: MicrosoftEdge=142.0.3595.80)
Stacktrace:
	GetHandleVerifier [0x0x7ff7abd52a75+51877]
	GetHandleVerifier [0x0x7ff7abd52ad4+51972]
	GetHandleVerifier [0x0x7ff7abf09425+1848405]
	(No symbol) [0x0x7ff7abaa0e5f]
	(No symbol) [0x0x7ff7abb374ec]
	(No symbol) [0x0x7ff7abb4ed0a]
	(No symbol) [0x0x7ff7abb31df3]
	(No symbol) [0x0x7ff7abb05b36]
	(No symbol) [0x0x7ff7abb04d80]
	(No symbol) [0x0x7ff7abb05973]
	(No symbol) [0x0x7ff7abbce4a5]
	(No symbol) [0x0x7ff7abbca75d]
	GetHandleVerifier [0x0x7ff7abd7d2b3+226019]
	GetHandleVerifier [0x0x7ff7abd6c481+156849]
	GetHandleVerifier [0x0x7ff7abd74979+190889]
	GetHandleVerifier [0x0x7ff7abd59bb4+80868]
	GetHandleVerifier [0x0x7ff7abd59d03+81203]
	GetHandleVerifier [0x0x7ff7abd48286+8886]
	BaseThreadInitThunk [0x0x7ff9c9b0e8d7+23]
	RtlUserThreadStart [0x0x7ff9cb08c53c+44]

[2025-11-19T12:52:15.436180] SCRAPER ratings fetch page 53 offset 1040 failed (attempt 5/5): Message: no such window: target window already closed
from unknown error: web view not found
  (Session info: MicrosoftEdge=142.0.3595.80)
Stacktrace:
	GetHandleVerifier [0x0x7ff7abd52a75+51877]
	GetHandleVerifier [0x0x7ff7abd52ad4+51972]
	GetHandleVerifier [0x0x7ff7abf09425+1848405]
	(No symbol) [0x0x7ff7abaa0e5f]
	(No symbol) [0x0x7ff7abb374ec]
	(No symbol) [0x0x7ff7abb4ed0a]
	(No symbol) [0x0x7ff7abb31df3]
	(No symbol) [0x0x7ff7abb05b36]
	(No symbol) [0x0x7ff7abb04d80]
	(No symbol) [0x0x7ff7abb05973]
	(No symbol) [0x0x7ff7abbce4a5]
	(No symbol) [0x0x7ff7abbca75d]
	GetHandleVerifier [0x0x7ff7abd7d2b3+226019]
	GetHandleVerifier [0x0x7ff7abd6c481+156849]
	GetHandleVerifier [0x0x7ff7abd74979+190889]
	GetHandleVerifier [0x0x7ff7abd59bb4+80868]
	GetHandleVerifier [0x0x7ff7abd59d03+81203]
	GetHandleVerifier [0x0x7ff7abd48286+8886]
	BaseThreadInitThunk [0x0x7ff9c9b0e8d7+23]
	RtlUserThreadStart [0x0x7ff9cb08c53c+44]

[2025-11-19T12:52:20.449392] SCRAPER skip page 53 after 5 failures; lanjut halaman berikutnya
[2025-11-19T12:52:20.452387] SCRAPER ratings fetch page 54 offset 1060 failed (attempt 1/5): Message: no such window: target window already closed
from unknown error: web view not found
  (Session info: MicrosoftEdge=142.0.3595.80)
Stacktrace:
	GetHandleVerifier [0x0x7ff7abd52a75+51877]
	GetHandleVerifier [0x0x7ff7abd52ad4+51972]
	GetHandleVerifier [0x0x7ff7abf09425+1848405]
	(No symbol) [0x0x7ff7abaa0e5f]
	(No symbol) [0x0x7ff7abb374ec]
	(No symbol) [0x0x7ff7abb4ed0a]
	(No symbol) [0x0x7ff7abb31df3]
	(No symbol) [0x0x7ff7abb05b36]
	(No symbol) [0x0x7ff7abb04d80]
	(No symbol) [0x0x7ff7abb05973]
	(No symbol) [0x0x7ff7abbce4a5]
	(No symbol) [0x0x7ff7abbca75d]
	GetHandleVerifier [0x0x7ff7abd7d2b3+226019]
	GetHandleVerifier [0x0x7ff7abd6c481+156849]
	GetHandleVerifier [0x0x7ff7abd74979+190889]
	GetHandleVerifier [0x0x7ff7abd59bb4+80868]
	GetHandleVerifier [0x0x7ff7abd59d03+81203]
	GetHandleVerifier [0x0x7ff7abd48286+8886]
	BaseThreadInitThunk [0x0x7ff9c9b0e8d7+23]
	RtlUserThreadStart [0x0x7ff9cb08c53c+44]

[2025-11-19T12:52:22.469384] SCRAPER ratings fetch page 54 offset 1060 failed (attempt 2/5): Message: no such window: target window already closed
from unknown error: web view not found
  (Session info: MicrosoftEdge=142.0.3595.80)
Stacktrace:
	GetHandleVerifier [0x0x7ff7abd52a75+51877]
	GetHandleVerifier [0x0x7ff7abd52ad4+51972]
	GetHandleVerifier [0x0x7ff7abf09425+1848405]
	(No symbol) [0x0x7ff7abaa0e5f]
	(No symbol) [0x0x7ff7abb374ec]
	(No symbol) [0x0x7ff7abb4ed0a]
	(No symbol) [0x0x7ff7abb31df3]
	(No symbol) [0x0x7ff7abb05b36]
	(No symbol) [0x0x7ff7abb04d80]
	(No symbol) [0x0x7ff7abb05973]
	(No symbol) [0x0x7ff7abbce4a5]
	(No symbol) [0x0x7ff7abbca75d]
	GetHandleVerifier [0x0x7ff7abd7d2b3+226019]
	GetHandleVerifier [0x0x7ff7abd6c481+156849]
	GetHandleVerifier [0x0x7ff7abd74979+190889]
	GetHandleVerifier [0x0x7ff7abd59bb4+80868]
	GetHandleVerifier [0x0x7ff7abd59d03+81203]
	GetHandleVerifier [0x0x7ff7abd48286+8886]
	BaseThreadInitThunk [0x0x7ff9c9b0e8d7+23]
	RtlUserThreadStart [0x0x7ff9cb08c53c+44]

[2025-11-19T12:52:25.485580] SCRAPER ratings fetch page 54 offset 1060 failed (attempt 3/5): Message: no such window: target window already closed
from unknown error: web view not found
  (Session info: MicrosoftEdge=142.0.3595.80)
Stacktrace:
	GetHandleVerifier [0x0x7ff7abd52a75+51877]
	GetHandleVerifier [0x0x7ff7abd52ad4+51972]
	GetHandleVerifier [0x0x7ff7abf09425+1848405]
	(No symbol) [0x0x7ff7abaa0e5f]
	(No symbol) [0x0x7ff7abb374ec]
	(No symbol) [0x0x7ff7abb4ed0a]
	(No symbol) [0x0x7ff7abb31df3]
	(No symbol) [0x0x7ff7abb05b36]
	(No symbol) [0x0x7ff7abb04d80]
	(No symbol) [0x0x7ff7abb05973]
	(No symbol) [0x0x7ff7abbce4a5]
	(No symbol) [0x0x7ff7abbca75d]
	GetHandleVerifier [0x0x7ff7abd7d2b3+226019]
	GetHandleVerifier [0x0x7ff7abd6c481+156849]
	GetHandleVerifier [0x0x7ff7abd74979+190889]
	GetHandleVerifier [0x0x7ff7abd59bb4+80868]
	GetHandleVerifier [0x0x7ff7abd59d03+81203]
	GetHandleVerifier [0x0x7ff7abd48286+8886]
	BaseThreadInitThunk [0x0x7ff9c9b0e8d7+23]
	RtlUserThreadStart [0x0x7ff9cb08c53c+44]

[2025-11-19T12:52:29.490508] SCRAPER ratings fetch page 54 offset 1060 failed (attempt 4/5): Message: no such window: target window already closed
from unknown error: web view not found
  (Session info: MicrosoftEdge=142.0.3595.80)
Stacktrace:
	GetHandleVerifier [0x0x7ff7abd52a75+51877]
	GetHandleVerifier [0x0x7ff7abd52ad4+51972]
	GetHandleVerifier [0x0x7ff7abf09425+1848405]
	(No symbol) [0x0x7ff7abaa0e5f]
	(No symbol) [0x0x7ff7abb374ec]
	(No symbol) [0x0x7ff7abb4ed0a]
	(No symbol) [0x0x7ff7abb31df3]
	(No symbol) [0x0x7ff7abb05b36]
	(No symbol) [0x0x7ff7abb04d80]
	(No symbol) [0x0x7ff7abb05973]
	(No symbol) [0x0x7ff7abbce4a5]
	(No symbol) [0x0x7ff7abbca75d]
	GetHandleVerifier [0x0x7ff7abd7d2b3+226019]
	GetHandleVerifier [0x0x7ff7abd6c481+156849]
	GetHandleVerifier [0x0x7ff7abd74979+190889]
	GetHandleVerifier [0x0x7ff7abd59bb4+80868]
	GetHandleVerifier [0x0x7ff7abd59d03+81203]
	GetHandleVerifier [0x0x7ff7abd48286+8886]
	BaseThreadInitThunk [0x0x7ff9c9b0e8d7+23]
	RtlUserThreadStart [0x0x7ff9cb08c53c+44]

[2025-11-19T12:52:34.507966] SCRAPER ratings fetch page 54 offset 1060 failed (attempt 5/5): Message: no such window: target window already closed
from unknown error: web view not found
  (Session info: MicrosoftEdge=142.0.3595.80)
Stacktrace:
	GetHandleVerifier [0x0x7ff7abd52a75+51877]
	GetHandleVerifier [0x0x7ff7abd52ad4+51972]
	GetHandleVerifier [0x0x7ff7abf09425+1848405]
	(No symbol) [0x0x7ff7abaa0e5f]
	(No symbol) [0x0x7ff7abb374ec]
	(No symbol) [0x0x7ff7abb4ed0a]
	(No symbol) [0x0x7ff7abb31df3]
	(No symbol) [0x0x7ff7abb05b36]
	(No symbol) [0x0x7ff7abb04d80]
	(No symbol) [0x0x7ff7abb05973]
	(No symbol) [0x0x7ff7abbce4a5]
	(No symbol) [0x0x7ff7abbca75d]
	GetHandleVerifier [0x0x7ff7abd7d2b3+226019]
	GetHandleVerifier [0x0x7ff7abd6c481+156849]
	GetHandleVerifier [0x0x7ff7abd74979+190889]
	GetHandleVerifier [0x0x7ff7abd59bb4+80868]
	GetHandleVerifier [0x0x7ff7abd59d03+81203]
	GetHandleVerifier [0x0x7ff7abd48286+8886]
	BaseThreadInitThunk [0x0x7ff9c9b0e8d7+23]
	RtlUserThreadStart [0x0x7ff9cb08c53c+44]

[2025-11-19T12:52:39.520253] SCRAPER skip page 54 after 5 failures; lanjut halaman berikutnya
[2025-11-19T12:52:39.523104] SCRAPER ratings fetch page 55 offset 1080 failed (attempt 1/5): Message: no such window: target window already closed
from unknown error: web view not found
  (Session info: MicrosoftEdge=142.0.3595.80)
Stacktrace:
	GetHandleVerifier [0x0x7ff7abd52a75+51877]
	GetHandleVerifier [0x0x7ff7abd52ad4+51972]
	GetHandleVerifier [0x0x7ff7abf09425+1848405]
	(No symbol) [0x0x7ff7abaa0e5f]
	(No symbol) [0x0x7ff7abb374ec]
	(No symbol) [0x0x7ff7abb4ed0a]
	(No symbol) [0x0x7ff7abb31df3]
	(No symbol) [0x0x7ff7abb05b36]
	(No symbol) [0x0x7ff7abb04d80]
	(No symbol) [0x0x7ff7abb05973]
	(No symbol) [0x0x7ff7abbce4a5]
	(No symbol) [0x0x7ff7abbca75d]
	GetHandleVerifier [0x0x7ff7abd7d2b3+226019]
	GetHandleVerifier [0x0x7ff7abd6c481+156849]
	GetHandleVerifier [0x0x7ff7abd74979+190889]
	GetHandleVerifier [0x0x7ff7abd59bb4+80868]
	GetHandleVerifier [0x0x7ff7abd59d03+81203]
	GetHandleVerifier [0x0x7ff7abd48286+8886]
	BaseThreadInitThunk [0x0x7ff9c9b0e8d7+23]
	RtlUserThreadStart [0x0x7ff9cb08c53c+44]

[2025-11-19T12:52:41.536369] SCRAPER ratings fetch page 55 offset 1080 failed (attempt 2/5): Message: no such window: target window already closed
from unknown error: web view not found
  (Session info: MicrosoftEdge=142.0.3595.80)
Stacktrace:
	GetHandleVerifier [0x0x7ff7abd52a75+51877]
	GetHandleVerifier [0x0x7ff7abd52ad4+51972]
	GetHandleVerifier [0x0x7ff7abf09425+1848405]
	(No symbol) [0x0x7ff7abaa0e5f]
	(No symbol) [0x0x7ff7abb374ec]
	(No symbol) [0x0x7ff7abb4ed0a]
	(No symbol) [0x0x7ff7abb31df3]
	(No symbol) [0x0x7ff7abb05b36]
	(No symbol) [0x0x7ff7abb04d80]
	(No symbol) [0x0x7ff7abb05973]
	(No symbol) [0x0x7ff7abbce4a5]
	(No symbol) [0x0x7ff7abbca75d]
	GetHandleVerifier [0x0x7ff7abd7d2b3+226019]
	GetHandleVerifier [0x0x7ff7abd6c481+156849]
	GetHandleVerifier [0x0x7ff7abd74979+190889]
	GetHandleVerifier [0x0x7ff7abd59bb4+80868]
	GetHandleVerifier [0x0x7ff7abd59d03+81203]
	GetHandleVerifier [0x0x7ff7abd48286+8886]
	BaseThreadInitThunk [0x0x7ff9c9b0e8d7+23]
	RtlUserThreadStart [0x0x7ff9cb08c53c+44]

[2025-11-19T12:52:44.553999] SCRAPER ratings fetch page 55 offset 1080 failed (attempt 3/5): Message: no such window: target window already closed
from unknown error: web view not found
  (Session info: MicrosoftEdge=142.0.3595.80)
Stacktrace:
	GetHandleVerifier [0x0x7ff7abd52a75+51877]
	GetHandleVerifier [0x0x7ff7abd52ad4+51972]
	GetHandleVerifier [0x0x7ff7abf09425+1848405]
	(No symbol) [0x0x7ff7abaa0e5f]
	(No symbol) [0x0x7ff7abb374ec]
	(No symbol) [0x0x7ff7abb4ed0a]
	(No symbol) [0x0x7ff7abb31df3]
	(No symbol) [0x0x7ff7abb05b36]
	(No symbol) [0x0x7ff7abb04d80]
	(No symbol) [0x0x7ff7abb05973]
	(No symbol) [0x0x7ff7abbce4a5]
	(No symbol) [0x0x7ff7abbca75d]
	GetHandleVerifier [0x0x7ff7abd7d2b3+226019]
	GetHandleVerifier [0x0x7ff7abd6c481+156849]
	GetHandleVerifier [0x0x7ff7abd74979+190889]
	GetHandleVerifier [0x0x7ff7abd59bb4+80868]
	GetHandleVerifier [0x0x7ff7abd59d03+81203]
	GetHandleVerifier [0x0x7ff7abd48286+8886]
	BaseThreadInitThunk [0x0x7ff9c9b0e8d7+23]
	RtlUserThreadStart [0x0x7ff9cb08c53c+44]

[2025-11-19T12:52:48.564070] SCRAPER ratings fetch page 55 offset 1080 failed (attempt 4/5): Message: no such window: target window already closed
from unknown error: web view not found
  (Session info: MicrosoftEdge=142.0.3595.80)
Stacktrace:
	GetHandleVerifier [0x0x7ff7abd52a75+51877]
	GetHandleVerifier [0x0x7ff7abd52ad4+51972]
	GetHandleVerifier [0x0x7ff7abf09425+1848405]
	(No symbol) [0x0x7ff7abaa0e5f]
	(No symbol) [0x0x7ff7abb374ec]
	(No symbol) [0x0x7ff7abb4ed0a]
	(No symbol) [0x0x7ff7abb31df3]
	(No symbol) [0x0x7ff7abb05b36]
	(No symbol) [0x0x7ff7abb04d80]
	(No symbol) [0x0x7ff7abb05973]
	(No symbol) [0x0x7ff7abbce4a5]
	(No symbol) [0x0x7ff7abbca75d]
	GetHandleVerifier [0x0x7ff7abd7d2b3+226019]
	GetHandleVerifier [0x0x7ff7abd6c481+156849]
	GetHandleVerifier [0x0x7ff7abd74979+190889]
	GetHandleVerifier [0x0x7ff7abd59bb4+80868]
	GetHandleVerifier [0x0x7ff7abd59d03+81203]
	GetHandleVerifier [0x0x7ff7abd48286+8886]
	BaseThreadInitThunk [0x0x7ff9c9b0e8d7+23]
	RtlUserThreadStart [0x0x7ff9cb08c53c+44]

[2025-11-19T12:52:53.576352] SCRAPER ratings fetch page 55 offset 1080 failed (attempt 5/5): Message: no such window: target window already closed
from unknown error: web view not found
  (Session info: MicrosoftEdge=142.0.3595.80)
Stacktrace:
	GetHandleVerifier [0x0x7ff7abd52a75+51877]
	GetHandleVerifier [0x0x7ff7abd52ad4+51972]
	GetHandleVerifier [0x0x7ff7abf09425+1848405]
	(No symbol) [0x0x7ff7abaa0e5f]
	(No symbol) [0x0x7ff7abb374ec]
	(No symbol) [0x0x7ff7abb4ed0a]
	(No symbol) [0x0x7ff7abb31df3]
	(No symbol) [0x0x7ff7abb05b36]
	(No symbol) [0x0x7ff7abb04d80]
	(No symbol) [0x0x7ff7abb05973]
	(No symbol) [0x0x7ff7abbce4a5]
	(No symbol) [0x0x7ff7abbca75d]
	GetHandleVerifier [0x0x7ff7abd7d2b3+226019]
	GetHandleVerifier [0x0x7ff7abd6c481+156849]
	GetHandleVerifier [0x0x7ff7abd74979+190889]
	GetHandleVerifier [0x0x7ff7abd59bb4+80868]
	GetHandleVerifier [0x0x7ff7abd59d03+81203]
	GetHandleVerifier [0x0x7ff7abd48286+8886]
	BaseThreadInitThunk [0x0x7ff9c9b0e8d7+23]
	RtlUserThreadStart [0x0x7ff9cb08c53c+44]

[2025-11-19T12:52:58.593019] SCRAPER skip page 55 after 5 failures; lanjut halaman berikutnya
[2025-11-19T12:52:58.594021] SCRAPER ratings fetch page 56 offset 1100 failed (attempt 1/5): Message: no such window: target window already closed
from unknown error: web view not found
  (Session info: MicrosoftEdge=142.0.3595.80)
Stacktrace:
	GetHandleVerifier [0x0x7ff7abd52a75+51877]
	GetHandleVerifier [0x0x7ff7abd52ad4+51972]
	GetHandleVerifier [0x0x7ff7abf09425+1848405]
	(No symbol) [0x0x7ff7abaa0e5f]
	(No symbol) [0x0x7ff7abb374ec]
	(No symbol) [0x0x7ff7abb4ed0a]
	(No symbol) [0x0x7ff7abb31df3]
	(No symbol) [0x0x7ff7abb05b36]
	(No symbol) [0x0x7ff7abb04d80]
	(No symbol) [0x0x7ff7abb05973]
	(No symbol) [0x0x7ff7abbce4a5]
	(No symbol) [0x0x7ff7abbca75d]
	GetHandleVerifier [0x0x7ff7abd7d2b3+226019]
	GetHandleVerifier [0x0x7ff7abd6c481+156849]
	GetHandleVerifier [0x0x7ff7abd74979+190889]
	GetHandleVerifier [0x0x7ff7abd59bb4+80868]
	GetHandleVerifier [0x0x7ff7abd59d03+81203]
	GetHandleVerifier [0x0x7ff7abd48286+8886]
	BaseThreadInitThunk [0x0x7ff9c9b0e8d7+23]
	RtlUserThreadStart [0x0x7ff9cb08c53c+44]

[2025-11-19T12:53:00.611245] SCRAPER ratings fetch page 56 offset 1100 failed (attempt 2/5): Message: no such window: target window already closed
from unknown error: web view not found
  (Session info: MicrosoftEdge=142.0.3595.80)
Stacktrace:
	GetHandleVerifier [0x0x7ff7abd52a75+51877]
	GetHandleVerifier [0x0x7ff7abd52ad4+51972]
	GetHandleVerifier [0x0x7ff7abf09425+1848405]
	(No symbol) [0x0x7ff7abaa0e5f]
	(No symbol) [0x0x7ff7abb374ec]
	(No symbol) [0x0x7ff7abb4ed0a]
	(No symbol) [0x0x7ff7abb31df3]
	(No symbol) [0x0x7ff7abb05b36]
	(No symbol) [0x0x7ff7abb04d80]
	(No symbol) [0x0x7ff7abb05973]
	(No symbol) [0x0x7ff7abbce4a5]
	(No symbol) [0x0x7ff7abbca75d]
	GetHandleVerifier [0x0x7ff7abd7d2b3+226019]
	GetHandleVerifier [0x0x7ff7abd6c481+156849]
	GetHandleVerifier [0x0x7ff7abd74979+190889]
	GetHandleVerifier [0x0x7ff7abd59bb4+80868]
	GetHandleVerifier [0x0x7ff7abd59d03+81203]
	GetHandleVerifier [0x0x7ff7abd48286+8886]
	BaseThreadInitThunk [0x0x7ff9c9b0e8d7+23]
	RtlUserThreadStart [0x0x7ff9cb08c53c+44]

[2025-11-19T12:53:03.617910] SCRAPER ratings fetch page 56 offset 1100 failed (attempt 3/5): Message: no such window: target window already closed
from unknown error: web view not found
  (Session info: MicrosoftEdge=142.0.3595.80)
Stacktrace:
	GetHandleVerifier [0x0x7ff7abd52a75+51877]
	GetHandleVerifier [0x0x7ff7abd52ad4+51972]
	GetHandleVerifier [0x0x7ff7abf09425+1848405]
	(No symbol) [0x0x7ff7abaa0e5f]
	(No symbol) [0x0x7ff7abb374ec]
	(No symbol) [0x0x7ff7abb4ed0a]
	(No symbol) [0x0x7ff7abb31df3]
	(No symbol) [0x0x7ff7abb05b36]
	(No symbol) [0x0x7ff7abb04d80]
	(No symbol) [0x0x7ff7abb05973]
	(No symbol) [0x0x7ff7abbce4a5]
	(No symbol) [0x0x7ff7abbca75d]
	GetHandleVerifier [0x0x7ff7abd7d2b3+226019]
	GetHandleVerifier [0x0x7ff7abd6c481+156849]
	GetHandleVerifier [0x0x7ff7abd74979+190889]
	GetHandleVerifier [0x0x7ff7abd59bb4+80868]
	GetHandleVerifier [0x0x7ff7abd59d03+81203]
	GetHandleVerifier [0x0x7ff7abd48286+8886]
	BaseThreadInitThunk [0x0x7ff9c9b0e8d7+23]
	RtlUserThreadStart [0x0x7ff9cb08c53c+44]

[2025-11-19T12:53:07.631066] SCRAPER ratings fetch page 56 offset 1100 failed (attempt 4/5): Message: no such window: target window already closed
from unknown error: web view not found
  (Session info: MicrosoftEdge=142.0.3595.80)
Stacktrace:
	GetHandleVerifier [0x0x7ff7abd52a75+51877]
	GetHandleVerifier [0x0x7ff7abd52ad4+51972]
	GetHandleVerifier [0x0x7ff7abf09425+1848405]
	(No symbol) [0x0x7ff7abaa0e5f]
	(No symbol) [0x0x7ff7abb374ec]
	(No symbol) [0x0x7ff7abb4ed0a]
	(No symbol) [0x0x7ff7abb31df3]
	(No symbol) [0x0x7ff7abb05b36]
	(No symbol) [0x0x7ff7abb04d80]
	(No symbol) [0x0x7ff7abb05973]
	(No symbol) [0x0x7ff7abbce4a5]
	(No symbol) [0x0x7ff7abbca75d]
	GetHandleVerifier [0x0x7ff7abd7d2b3+226019]
	GetHandleVerifier [0x0x7ff7abd6c481+156849]
	GetHandleVerifier [0x0x7ff7abd74979+190889]
	GetHandleVerifier [0x0x7ff7abd59bb4+80868]
	GetHandleVerifier [0x0x7ff7abd59d03+81203]
	GetHandleVerifier [0x0x7ff7abd48286+8886]
	BaseThreadInitThunk [0x0x7ff9c9b0e8d7+23]
	RtlUserThreadStart [0x0x7ff9cb08c53c+44]

[2025-11-19T12:53:12.641663] SCRAPER ratings fetch page 56 offset 1100 failed (attempt 5/5): Message: no such window: target window already closed
from unknown error: web view not found
  (Session info: MicrosoftEdge=142.0.3595.80)
Stacktrace:
	GetHandleVerifier [0x0x7ff7abd52a75+51877]
	GetHandleVerifier [0x0x7ff7abd52ad4+51972]
	GetHandleVerifier [0x0x7ff7abf09425+1848405]
	(No symbol) [0x0x7ff7abaa0e5f]
	(No symbol) [0x0x7ff7abb374ec]
	(No symbol) [0x0x7ff7abb4ed0a]
	(No symbol) [0x0x7ff7abb31df3]
	(No symbol) [0x0x7ff7abb05b36]
	(No symbol) [0x0x7ff7abb04d80]
	(No symbol) [0x0x7ff7abb05973]
	(No symbol) [0x0x7ff7abbce4a5]
	(No symbol) [0x0x7ff7abbca75d]
	GetHandleVerifier [0x0x7ff7abd7d2b3+226019]
	GetHandleVerifier [0x0x7ff7abd6c481+156849]
	GetHandleVerifier [0x0x7ff7abd74979+190889]
	GetHandleVerifier [0x0x7ff7abd59bb4+80868]
	GetHandleVerifier [0x0x7ff7abd59d03+81203]
	GetHandleVerifier [0x0x7ff7abd48286+8886]
	BaseThreadInitThunk [0x0x7ff9c9b0e8d7+23]
	RtlUserThreadStart [0x0x7ff9cb08c53c+44]

[2025-11-19T12:53:17.655594] SCRAPER skip page 56 after 5 failures; lanjut halaman berikutnya
[2025-11-19T12:53:17.658104] SCRAPER ratings fetch page 57 offset 1120 failed (attempt 1/5): Message: no such window: target window already closed
from unknown error: web view not found
  (Session info: MicrosoftEdge=142.0.3595.80)
Stacktrace:
	GetHandleVerifier [0x0x7ff7abd52a75+51877]
	GetHandleVerifier [0x0x7ff7abd52ad4+51972]
	GetHandleVerifier [0x0x7ff7abf09425+1848405]
	(No symbol) [0x0x7ff7abaa0e5f]
	(No symbol) [0x0x7ff7abb374ec]
	(No symbol) [0x0x7ff7abb4ed0a]
	(No symbol) [0x0x7ff7abb31df3]
	(No symbol) [0x0x7ff7abb05b36]
	(No symbol) [0x0x7ff7abb04d80]
	(No symbol) [0x0x7ff7abb05973]
	(No symbol) [0x0x7ff7abbce4a5]
	(No symbol) [0x0x7ff7abbca75d]
	GetHandleVerifier [0x0x7ff7abd7d2b3+226019]
	GetHandleVerifier [0x0x7ff7abd6c481+156849]
	GetHandleVerifier [0x0x7ff7abd74979+190889]
	GetHandleVerifier [0x0x7ff7abd59bb4+80868]
	GetHandleVerifier [0x0x7ff7abd59d03+81203]
	GetHandleVerifier [0x0x7ff7abd48286+8886]
	BaseThreadInitThunk [0x0x7ff9c9b0e8d7+23]
	RtlUserThreadStart [0x0x7ff9cb08c53c+44]

[2025-11-19T12:53:19.674154] SCRAPER ratings fetch page 57 offset 1120 failed (attempt 2/5): Message: no such window: target window already closed
from unknown error: web view not found
  (Session info: MicrosoftEdge=142.0.3595.80)
Stacktrace:
	GetHandleVerifier [0x0x7ff7abd52a75+51877]
	GetHandleVerifier [0x0x7ff7abd52ad4+51972]
	GetHandleVerifier [0x0x7ff7abf09425+1848405]
	(No symbol) [0x0x7ff7abaa0e5f]
	(No symbol) [0x0x7ff7abb374ec]
	(No symbol) [0x0x7ff7abb4ed0a]
	(No symbol) [0x0x7ff7abb31df3]
	(No symbol) [0x0x7ff7abb05b36]
	(No symbol) [0x0x7ff7abb04d80]
	(No symbol) [0x0x7ff7abb05973]
	(No symbol) [0x0x7ff7abbce4a5]
	(No symbol) [0x0x7ff7abbca75d]
	GetHandleVerifier [0x0x7ff7abd7d2b3+226019]
	GetHandleVerifier [0x0x7ff7abd6c481+156849]
	GetHandleVerifier [0x0x7ff7abd74979+190889]
	GetHandleVerifier [0x0x7ff7abd59bb4+80868]
	GetHandleVerifier [0x0x7ff7abd59d03+81203]
	GetHandleVerifier [0x0x7ff7abd48286+8886]
	BaseThreadInitThunk [0x0x7ff9c9b0e8d7+23]
	RtlUserThreadStart [0x0x7ff9cb08c53c+44]

[2025-11-19T12:53:22.692505] SCRAPER ratings fetch page 57 offset 1120 failed (attempt 3/5): Message: no such window: target window already closed
from unknown error: web view not found
  (Session info: MicrosoftEdge=142.0.3595.80)
Stacktrace:
	GetHandleVerifier [0x0x7ff7abd52a75+51877]
	GetHandleVerifier [0x0x7ff7abd52ad4+51972]
	GetHandleVerifier [0x0x7ff7abf09425+1848405]
	(No symbol) [0x0x7ff7abaa0e5f]
	(No symbol) [0x0x7ff7abb374ec]
	(No symbol) [0x0x7ff7abb4ed0a]
	(No symbol) [0x0x7ff7abb31df3]
	(No symbol) [0x0x7ff7abb05b36]
	(No symbol) [0x0x7ff7abb04d80]
	(No symbol) [0x0x7ff7abb05973]
	(No symbol) [0x0x7ff7abbce4a5]
	(No symbol) [0x0x7ff7abbca75d]
	GetHandleVerifier [0x0x7ff7abd7d2b3+226019]
	GetHandleVerifier [0x0x7ff7abd6c481+156849]
	GetHandleVerifier [0x0x7ff7abd74979+190889]
	GetHandleVerifier [0x0x7ff7abd59bb4+80868]
	GetHandleVerifier [0x0x7ff7abd59d03+81203]
	GetHandleVerifier [0x0x7ff7abd48286+8886]
	BaseThreadInitThunk [0x0x7ff9c9b0e8d7+23]
	RtlUserThreadStart [0x0x7ff9cb08c53c+44]

[2025-11-19T12:53:26.708577] SCRAPER ratings fetch page 57 offset 1120 failed (attempt 4/5): Message: no such window: target window already closed
from unknown error: web view not found
  (Session info: MicrosoftEdge=142.0.3595.80)
Stacktrace:
	GetHandleVerifier [0x0x7ff7abd52a75+51877]
	GetHandleVerifier [0x0x7ff7abd52ad4+51972]
	GetHandleVerifier [0x0x7ff7abf09425+1848405]
	(No symbol) [0x0x7ff7abaa0e5f]
	(No symbol) [0x0x7ff7abb374ec]
	(No symbol) [0x0x7ff7abb4ed0a]
	(No symbol) [0x0x7ff7abb31df3]
	(No symbol) [0x0x7ff7abb05b36]
	(No symbol) [0x0x7ff7abb04d80]
	(No symbol) [0x0x7ff7abb05973]
	(No symbol) [0x0x7ff7abbce4a5]
	(No symbol) [0x0x7ff7abbca75d]
	GetHandleVerifier [0x0x7ff7abd7d2b3+226019]
	GetHandleVerifier [0x0x7ff7abd6c481+156849]
	GetHandleVerifier [0x0x7ff7abd74979+190889]
	GetHandleVerifier [0x0x7ff7abd59bb4+80868]
	GetHandleVerifier [0x0x7ff7abd59d03+81203]
	GetHandleVerifier [0x0x7ff7abd48286+8886]
	BaseThreadInitThunk [0x0x7ff9c9b0e8d7+23]
	RtlUserThreadStart [0x0x7ff9cb08c53c+44]

[2025-11-19T12:53:31.723523] SCRAPER ratings fetch page 57 offset 1120 failed (attempt 5/5): Message: no such window: target window already closed
from unknown error: web view not found
  (Session info: MicrosoftEdge=142.0.3595.80)
Stacktrace:
	GetHandleVerifier [0x0x7ff7abd52a75+51877]
	GetHandleVerifier [0x0x7ff7abd52ad4+51972]
	GetHandleVerifier [0x0x7ff7abf09425+1848405]
	(No symbol) [0x0x7ff7abaa0e5f]
	(No symbol) [0x0x7ff7abb374ec]
	(No symbol) [0x0x7ff7abb4ed0a]
	(No symbol) [0x0x7ff7abb31df3]
	(No symbol) [0x0x7ff7abb05b36]
	(No symbol) [0x0x7ff7abb04d80]
	(No symbol) [0x0x7ff7abb05973]
	(No symbol) [0x0x7ff7abbce4a5]
	(No symbol) [0x0x7ff7abbca75d]
	GetHandleVerifier [0x0x7ff7abd7d2b3+226019]
	GetHandleVerifier [0x0x7ff7abd6c481+156849]
	GetHandleVerifier [0x0x7ff7abd74979+190889]
	GetHandleVerifier [0x0x7ff7abd59bb4+80868]
	GetHandleVerifier [0x0x7ff7abd59d03+81203]
	GetHandleVerifier [0x0x7ff7abd48286+8886]
	BaseThreadInitThunk [0x0x7ff9c9b0e8d7+23]
	RtlUserThreadStart [0x0x7ff9cb08c53c+44]

[2025-11-19T12:53:36.739098] SCRAPER skip page 57 after 5 failures; lanjut halaman berikutnya
[2025-11-19T12:53:36.741098] SCRAPER ratings fetch page 58 offset 1140 failed (attempt 1/5): Message: no such window: target window already closed
from unknown error: web view not found
  (Session info: MicrosoftEdge=142.0.3595.80)
Stacktrace:
	GetHandleVerifier [0x0x7ff7abd52a75+51877]
	GetHandleVerifier [0x0x7ff7abd52ad4+51972]
	GetHandleVerifier [0x0x7ff7abf09425+1848405]
	(No symbol) [0x0x7ff7abaa0e5f]
	(No symbol) [0x0x7ff7abb374ec]
	(No symbol) [0x0x7ff7abb4ed0a]
	(No symbol) [0x0x7ff7abb31df3]
	(No symbol) [0x0x7ff7abb05b36]
	(No symbol) [0x0x7ff7abb04d80]
	(No symbol) [0x0x7ff7abb05973]
	(No symbol) [0x0x7ff7abbce4a5]
	(No symbol) [0x0x7ff7abbca75d]
	GetHandleVerifier [0x0x7ff7abd7d2b3+226019]
	GetHandleVerifier [0x0x7ff7abd6c481+156849]
	GetHandleVerifier [0x0x7ff7abd74979+190889]
	GetHandleVerifier [0x0x7ff7abd59bb4+80868]
	GetHandleVerifier [0x0x7ff7abd59d03+81203]
	GetHandleVerifier [0x0x7ff7abd48286+8886]
	BaseThreadInitThunk [0x0x7ff9c9b0e8d7+23]
	RtlUserThreadStart [0x0x7ff9cb08c53c+44]

[2025-11-19T12:53:38.757620] SCRAPER ratings fetch page 58 offset 1140 failed (attempt 2/5): Message: no such window: target window already closed
from unknown error: web view not found
  (Session info: MicrosoftEdge=142.0.3595.80)
Stacktrace:
	GetHandleVerifier [0x0x7ff7abd52a75+51877]
	GetHandleVerifier [0x0x7ff7abd52ad4+51972]
	GetHandleVerifier [0x0x7ff7abf09425+1848405]
	(No symbol) [0x0x7ff7abaa0e5f]
	(No symbol) [0x0x7ff7abb374ec]
	(No symbol) [0x0x7ff7abb4ed0a]
	(No symbol) [0x0x7ff7abb31df3]
	(No symbol) [0x0x7ff7abb05b36]
	(No symbol) [0x0x7ff7abb04d80]
	(No symbol) [0x0x7ff7abb05973]
	(No symbol) [0x0x7ff7abbce4a5]
	(No symbol) [0x0x7ff7abbca75d]
	GetHandleVerifier [0x0x7ff7abd7d2b3+226019]
	GetHandleVerifier [0x0x7ff7abd6c481+156849]
	GetHandleVerifier [0x0x7ff7abd74979+190889]
	GetHandleVerifier [0x0x7ff7abd59bb4+80868]
	GetHandleVerifier [0x0x7ff7abd59d03+81203]
	GetHandleVerifier [0x0x7ff7abd48286+8886]
	BaseThreadInitThunk [0x0x7ff9c9b0e8d7+23]
	RtlUserThreadStart [0x0x7ff9cb08c53c+44]

[2025-11-19T12:53:41.765889] SCRAPER ratings fetch page 58 offset 1140 failed (attempt 3/5): Message: no such window: target window already closed
from unknown error: web view not found
  (Session info: MicrosoftEdge=142.0.3595.80)
Stacktrace:
	GetHandleVerifier [0x0x7ff7abd52a75+51877]
	GetHandleVerifier [0x0x7ff7abd52ad4+51972]
	GetHandleVerifier [0x0x7ff7abf09425+1848405]
	(No symbol) [0x0x7ff7abaa0e5f]
	(No symbol) [0x0x7ff7abb374ec]
	(No symbol) [0x0x7ff7abb4ed0a]
	(No symbol) [0x0x7ff7abb31df3]
	(No symbol) [0x0x7ff7abb05b36]
	(No symbol) [0x0x7ff7abb04d80]
	(No symbol) [0x0x7ff7abb05973]
	(No symbol) [0x0x7ff7abbce4a5]
	(No symbol) [0x0x7ff7abbca75d]
	GetHandleVerifier [0x0x7ff7abd7d2b3+226019]
	GetHandleVerifier [0x0x7ff7abd6c481+156849]
	GetHandleVerifier [0x0x7ff7abd74979+190889]
	GetHandleVerifier [0x0x7ff7abd59bb4+80868]
	GetHandleVerifier [0x0x7ff7abd59d03+81203]
	GetHandleVerifier [0x0x7ff7abd48286+8886]
	BaseThreadInitThunk [0x0x7ff9c9b0e8d7+23]
	RtlUserThreadStart [0x0x7ff9cb08c53c+44]

[2025-11-19T12:53:45.773715] SCRAPER ratings fetch page 58 offset 1140 failed (attempt 4/5): Message: no such window: target window already closed
from unknown error: web view not found
  (Session info: MicrosoftEdge=142.0.3595.80)
Stacktrace:
	GetHandleVerifier [0x0x7ff7abd52a75+51877]
	GetHandleVerifier [0x0x7ff7abd52ad4+51972]
	GetHandleVerifier [0x0x7ff7abf09425+1848405]
	(No symbol) [0x0x7ff7abaa0e5f]
	(No symbol) [0x0x7ff7abb374ec]
	(No symbol) [0x0x7ff7abb4ed0a]
	(No symbol) [0x0x7ff7abb31df3]
	(No symbol) [0x0x7ff7abb05b36]
	(No symbol) [0x0x7ff7abb04d80]
	(No symbol) [0x0x7ff7abb05973]
	(No symbol) [0x0x7ff7abbce4a5]
	(No symbol) [0x0x7ff7abbca75d]
	GetHandleVerifier [0x0x7ff7abd7d2b3+226019]
	GetHandleVerifier [0x0x7ff7abd6c481+156849]
	GetHandleVerifier [0x0x7ff7abd74979+190889]
	GetHandleVerifier [0x0x7ff7abd59bb4+80868]
	GetHandleVerifier [0x0x7ff7abd59d03+81203]
	GetHandleVerifier [0x0x7ff7abd48286+8886]
	BaseThreadInitThunk [0x0x7ff9c9b0e8d7+23]
	RtlUserThreadStart [0x0x7ff9cb08c53c+44]

[2025-11-19T12:53:50.788513] SCRAPER ratings fetch page 58 offset 1140 failed (attempt 5/5): Message: no such window: target window already closed
from unknown error: web view not found
  (Session info: MicrosoftEdge=142.0.3595.80)
Stacktrace:
	GetHandleVerifier [0x0x7ff7abd52a75+51877]
	GetHandleVerifier [0x0x7ff7abd52ad4+51972]
	GetHandleVerifier [0x0x7ff7abf09425+1848405]
	(No symbol) [0x0x7ff7abaa0e5f]
	(No symbol) [0x0x7ff7abb374ec]
	(No symbol) [0x0x7ff7abb4ed0a]
	(No symbol) [0x0x7ff7abb31df3]
	(No symbol) [0x0x7ff7abb05b36]
	(No symbol) [0x0x7ff7abb04d80]
	(No symbol) [0x0x7ff7abb05973]
	(No symbol) [0x0x7ff7abbce4a5]
	(No symbol) [0x0x7ff7abbca75d]
	GetHandleVerifier [0x0x7ff7abd7d2b3+226019]
	GetHandleVerifier [0x0x7ff7abd6c481+156849]
	GetHandleVerifier [0x0x7ff7abd74979+190889]
	GetHandleVerifier [0x0x7ff7abd59bb4+80868]
	GetHandleVerifier [0x0x7ff7abd59d03+81203]
	GetHandleVerifier [0x0x7ff7abd48286+8886]
	BaseThreadInitThunk [0x0x7ff9c9b0e8d7+23]
	RtlUserThreadStart [0x0x7ff9cb08c53c+44]

[2025-11-19T12:53:55.799305] SCRAPER skip page 58 after 5 failures; lanjut halaman berikutnya
[2025-11-19T12:53:55.800816] SCRAPER ratings fetch page 59 offset 1160 failed (attempt 1/5): Message: no such window: target window already closed
from unknown error: web view not found
  (Session info: MicrosoftEdge=142.0.3595.80)
Stacktrace:
	GetHandleVerifier [0x0x7ff7abd52a75+51877]
	GetHandleVerifier [0x0x7ff7abd52ad4+51972]
	GetHandleVerifier [0x0x7ff7abf09425+1848405]
	(No symbol) [0x0x7ff7abaa0e5f]
	(No symbol) [0x0x7ff7abb374ec]
	(No symbol) [0x0x7ff7abb4ed0a]
	(No symbol) [0x0x7ff7abb31df3]
	(No symbol) [0x0x7ff7abb05b36]
	(No symbol) [0x0x7ff7abb04d80]
	(No symbol) [0x0x7ff7abb05973]
	(No symbol) [0x0x7ff7abbce4a5]
	(No symbol) [0x0x7ff7abbca75d]
	GetHandleVerifier [0x0x7ff7abd7d2b3+226019]
	GetHandleVerifier [0x0x7ff7abd6c481+156849]
	GetHandleVerifier [0x0x7ff7abd74979+190889]
	GetHandleVerifier [0x0x7ff7abd59bb4+80868]
	GetHandleVerifier [0x0x7ff7abd59d03+81203]
	GetHandleVerifier [0x0x7ff7abd48286+8886]
	BaseThreadInitThunk [0x0x7ff9c9b0e8d7+23]
	RtlUserThreadStart [0x0x7ff9cb08c53c+44]

[2025-11-19T12:53:57.816669] SCRAPER ratings fetch page 59 offset 1160 failed (attempt 2/5): Message: no such window: target window already closed
from unknown error: web view not found
  (Session info: MicrosoftEdge=142.0.3595.80)
Stacktrace:
	GetHandleVerifier [0x0x7ff7abd52a75+51877]
	GetHandleVerifier [0x0x7ff7abd52ad4+51972]
	GetHandleVerifier [0x0x7ff7abf09425+1848405]
	(No symbol) [0x0x7ff7abaa0e5f]
	(No symbol) [0x0x7ff7abb374ec]
	(No symbol) [0x0x7ff7abb4ed0a]
	(No symbol) [0x0x7ff7abb31df3]
	(No symbol) [0x0x7ff7abb05b36]
	(No symbol) [0x0x7ff7abb04d80]
	(No symbol) [0x0x7ff7abb05973]
	(No symbol) [0x0x7ff7abbce4a5]
	(No symbol) [0x0x7ff7abbca75d]
	GetHandleVerifier [0x0x7ff7abd7d2b3+226019]
	GetHandleVerifier [0x0x7ff7abd6c481+156849]
	GetHandleVerifier [0x0x7ff7abd74979+190889]
	GetHandleVerifier [0x0x7ff7abd59bb4+80868]
	GetHandleVerifier [0x0x7ff7abd59d03+81203]
	GetHandleVerifier [0x0x7ff7abd48286+8886]
	BaseThreadInitThunk [0x0x7ff9c9b0e8d7+23]
	RtlUserThreadStart [0x0x7ff9cb08c53c+44]

[2025-11-19T12:54:00.829723] SCRAPER ratings fetch page 59 offset 1160 failed (attempt 3/5): Message: no such window: target window already closed
from unknown error: web view not found
  (Session info: MicrosoftEdge=142.0.3595.80)
Stacktrace:
	GetHandleVerifier [0x0x7ff7abd52a75+51877]
	GetHandleVerifier [0x0x7ff7abd52ad4+51972]
	GetHandleVerifier [0x0x7ff7abf09425+1848405]
	(No symbol) [0x0x7ff7abaa0e5f]
	(No symbol) [0x0x7ff7abb374ec]
	(No symbol) [0x0x7ff7abb4ed0a]
	(No symbol) [0x0x7ff7abb31df3]
	(No symbol) [0x0x7ff7abb05b36]
	(No symbol) [0x0x7ff7abb04d80]
	(No symbol) [0x0x7ff7abb05973]
	(No symbol) [0x0x7ff7abbce4a5]
	(No symbol) [0x0x7ff7abbca75d]
	GetHandleVerifier [0x0x7ff7abd7d2b3+226019]
	GetHandleVerifier [0x0x7ff7abd6c481+156849]
	GetHandleVerifier [0x0x7ff7abd74979+190889]
	GetHandleVerifier [0x0x7ff7abd59bb4+80868]
	GetHandleVerifier [0x0x7ff7abd59d03+81203]
	GetHandleVerifier [0x0x7ff7abd48286+8886]
	BaseThreadInitThunk [0x0x7ff9c9b0e8d7+23]
	RtlUserThreadStart [0x0x7ff9cb08c53c+44]

[2025-11-19T12:54:04.838099] SCRAPER ratings fetch page 59 offset 1160 failed (attempt 4/5): Message: no such window: target window already closed
from unknown error: web view not found
  (Session info: MicrosoftEdge=142.0.3595.80)
Stacktrace:
	GetHandleVerifier [0x0x7ff7abd52a75+51877]
	GetHandleVerifier [0x0x7ff7abd52ad4+51972]
	GetHandleVerifier [0x0x7ff7abf09425+1848405]
	(No symbol) [0x0x7ff7abaa0e5f]
	(No symbol) [0x0x7ff7abb374ec]
	(No symbol) [0x0x7ff7abb4ed0a]
	(No symbol) [0x0x7ff7abb31df3]
	(No symbol) [0x0x7ff7abb05b36]
	(No symbol) [0x0x7ff7abb04d80]
	(No symbol) [0x0x7ff7abb05973]
	(No symbol) [0x0x7ff7abbce4a5]
	(No symbol) [0x0x7ff7abbca75d]
	GetHandleVerifier [0x0x7ff7abd7d2b3+226019]
	GetHandleVerifier [0x0x7ff7abd6c481+156849]
	GetHandleVerifier [0x0x7ff7abd74979+190889]
	GetHandleVerifier [0x0x7ff7abd59bb4+80868]
	GetHandleVerifier [0x0x7ff7abd59d03+81203]
	GetHandleVerifier [0x0x7ff7abd48286+8886]
	BaseThreadInitThunk [0x0x7ff9c9b0e8d7+23]
	RtlUserThreadStart [0x0x7ff9cb08c53c+44]

[2025-11-19T12:54:09.855075] SCRAPER ratings fetch page 59 offset 1160 failed (attempt 5/5): Message: no such window: target window already closed
from unknown error: web view not found
  (Session info: MicrosoftEdge=142.0.3595.80)
Stacktrace:
	GetHandleVerifier [0x0x7ff7abd52a75+51877]
	GetHandleVerifier [0x0x7ff7abd52ad4+51972]
	GetHandleVerifier [0x0x7ff7abf09425+1848405]
	(No symbol) [0x0x7ff7abaa0e5f]
	(No symbol) [0x0x7ff7abb374ec]
	(No symbol) [0x0x7ff7abb4ed0a]
	(No symbol) [0x0x7ff7abb31df3]
	(No symbol) [0x0x7ff7abb05b36]
	(No symbol) [0x0x7ff7abb04d80]
	(No symbol) [0x0x7ff7abb05973]
	(No symbol) [0x0x7ff7abbce4a5]
	(No symbol) [0x0x7ff7abbca75d]
	GetHandleVerifier [0x0x7ff7abd7d2b3+226019]
	GetHandleVerifier [0x0x7ff7abd6c481+156849]
	GetHandleVerifier [0x0x7ff7abd74979+190889]
	GetHandleVerifier [0x0x7ff7abd59bb4+80868]
	GetHandleVerifier [0x0x7ff7abd59d03+81203]
	GetHandleVerifier [0x0x7ff7abd48286+8886]
	BaseThreadInitThunk [0x0x7ff9c9b0e8d7+23]
	RtlUserThreadStart [0x0x7ff9cb08c53c+44]

[2025-11-19T12:54:14.862354] SCRAPER skip page 59 after 5 failures; lanjut halaman berikutnya
[2025-11-19T12:54:14.864227] SCRAPER ratings fetch page 60 offset 1180 failed (attempt 1/5): Message: no such window: target window already closed
from unknown error: web view not found
  (Session info: MicrosoftEdge=142.0.3595.80)
Stacktrace:
	GetHandleVerifier [0x0x7ff7abd52a75+51877]
	GetHandleVerifier [0x0x7ff7abd52ad4+51972]
	GetHandleVerifier [0x0x7ff7abf09425+1848405]
	(No symbol) [0x0x7ff7abaa0e5f]
	(No symbol) [0x0x7ff7abb374ec]
	(No symbol) [0x0x7ff7abb4ed0a]
	(No symbol) [0x0x7ff7abb31df3]
	(No symbol) [0x0x7ff7abb05b36]
	(No symbol) [0x0x7ff7abb04d80]
	(No symbol) [0x0x7ff7abb05973]
	(No symbol) [0x0x7ff7abbce4a5]
	(No symbol) [0x0x7ff7abbca75d]
	GetHandleVerifier [0x0x7ff7abd7d2b3+226019]
	GetHandleVerifier [0x0x7ff7abd6c481+156849]
	GetHandleVerifier [0x0x7ff7abd74979+190889]
	GetHandleVerifier [0x0x7ff7abd59bb4+80868]
	GetHandleVerifier [0x0x7ff7abd59d03+81203]
	GetHandleVerifier [0x0x7ff7abd48286+8886]
	BaseThreadInitThunk [0x0x7ff9c9b0e8d7+23]
	RtlUserThreadStart [0x0x7ff9cb08c53c+44]

[2025-11-19T12:54:16.875190] SCRAPER ratings fetch page 60 offset 1180 failed (attempt 2/5): Message: no such window: target window already closed
from unknown error: web view not found
  (Session info: MicrosoftEdge=142.0.3595.80)
Stacktrace:
	GetHandleVerifier [0x0x7ff7abd52a75+51877]
	GetHandleVerifier [0x0x7ff7abd52ad4+51972]
	GetHandleVerifier [0x0x7ff7abf09425+1848405]
	(No symbol) [0x0x7ff7abaa0e5f]
	(No symbol) [0x0x7ff7abb374ec]
	(No symbol) [0x0x7ff7abb4ed0a]
	(No symbol) [0x0x7ff7abb31df3]
	(No symbol) [0x0x7ff7abb05b36]
	(No symbol) [0x0x7ff7abb04d80]
	(No symbol) [0x0x7ff7abb05973]
	(No symbol) [0x0x7ff7abbce4a5]
	(No symbol) [0x0x7ff7abbca75d]
	GetHandleVerifier [0x0x7ff7abd7d2b3+226019]
	GetHandleVerifier [0x0x7ff7abd6c481+156849]
	GetHandleVerifier [0x0x7ff7abd74979+190889]
	GetHandleVerifier [0x0x7ff7abd59bb4+80868]
	GetHandleVerifier [0x0x7ff7abd59d03+81203]
	GetHandleVerifier [0x0x7ff7abd48286+8886]
	BaseThreadInitThunk [0x0x7ff9c9b0e8d7+23]
	RtlUserThreadStart [0x0x7ff9cb08c53c+44]

[2025-11-19T12:54:19.877982] SCRAPER ratings fetch page 60 offset 1180 failed (attempt 3/5): Message: no such window: target window already closed
from unknown error: web view not found
  (Session info: MicrosoftEdge=142.0.3595.80)
Stacktrace:
	GetHandleVerifier [0x0x7ff7abd52a75+51877]
	GetHandleVerifier [0x0x7ff7abd52ad4+51972]
	GetHandleVerifier [0x0x7ff7abf09425+1848405]
	(No symbol) [0x0x7ff7abaa0e5f]
	(No symbol) [0x0x7ff7abb374ec]
	(No symbol) [0x0x7ff7abb4ed0a]
	(No symbol) [0x0x7ff7abb31df3]
	(No symbol) [0x0x7ff7abb05b36]
	(No symbol) [0x0x7ff7abb04d80]
	(No symbol) [0x0x7ff7abb05973]
	(No symbol) [0x0x7ff7abbce4a5]
	(No symbol) [0x0x7ff7abbca75d]
	GetHandleVerifier [0x0x7ff7abd7d2b3+226019]
	GetHandleVerifier [0x0x7ff7abd6c481+156849]
	GetHandleVerifier [0x0x7ff7abd74979+190889]
	GetHandleVerifier [0x0x7ff7abd59bb4+80868]
	GetHandleVerifier [0x0x7ff7abd59d03+81203]
	GetHandleVerifier [0x0x7ff7abd48286+8886]
	BaseThreadInitThunk [0x0x7ff9c9b0e8d7+23]
	RtlUserThreadStart [0x0x7ff9cb08c53c+44]

[2025-11-19T12:54:23.884926] SCRAPER ratings fetch page 60 offset 1180 failed (attempt 4/5): Message: no such window: target window already closed
from unknown error: web view not found
  (Session info: MicrosoftEdge=142.0.3595.80)
Stacktrace:
	GetHandleVerifier [0x0x7ff7abd52a75+51877]
	GetHandleVerifier [0x0x7ff7abd52ad4+51972]
	GetHandleVerifier [0x0x7ff7abf09425+1848405]
	(No symbol) [0x0x7ff7abaa0e5f]
	(No symbol) [0x0x7ff7abb374ec]
	(No symbol) [0x0x7ff7abb4ed0a]
	(No symbol) [0x0x7ff7abb31df3]
	(No symbol) [0x0x7ff7abb05b36]
	(No symbol) [0x0x7ff7abb04d80]
	(No symbol) [0x0x7ff7abb05973]
	(No symbol) [0x0x7ff7abbce4a5]
	(No symbol) [0x0x7ff7abbca75d]
	GetHandleVerifier [0x0x7ff7abd7d2b3+226019]
	GetHandleVerifier [0x0x7ff7abd6c481+156849]
	GetHandleVerifier [0x0x7ff7abd74979+190889]
	GetHandleVerifier [0x0x7ff7abd59bb4+80868]
	GetHandleVerifier [0x0x7ff7abd59d03+81203]
	GetHandleVerifier [0x0x7ff7abd48286+8886]
	BaseThreadInitThunk [0x0x7ff9c9b0e8d7+23]
	RtlUserThreadStart [0x0x7ff9cb08c53c+44]

[2025-11-19T12:54:28.892230] SCRAPER ratings fetch page 60 offset 1180 failed (attempt 5/5): Message: no such window: target window already closed
from unknown error: web view not found
  (Session info: MicrosoftEdge=142.0.3595.80)
Stacktrace:
	GetHandleVerifier [0x0x7ff7abd52a75+51877]
	GetHandleVerifier [0x0x7ff7abd52ad4+51972]
	GetHandleVerifier [0x0x7ff7abf09425+1848405]
	(No symbol) [0x0x7ff7abaa0e5f]
	(No symbol) [0x0x7ff7abb374ec]
	(No symbol) [0x0x7ff7abb4ed0a]
	(No symbol) [0x0x7ff7abb31df3]
	(No symbol) [0x0x7ff7abb05b36]
	(No symbol) [0x0x7ff7abb04d80]
	(No symbol) [0x0x7ff7abb05973]
	(No symbol) [0x0x7ff7abbce4a5]
	(No symbol) [0x0x7ff7abbca75d]
	GetHandleVerifier [0x0x7ff7abd7d2b3+226019]
	GetHandleVerifier [0x0x7ff7abd6c481+156849]
	GetHandleVerifier [0x0x7ff7abd74979+190889]
	GetHandleVerifier [0x0x7ff7abd59bb4+80868]
	GetHandleVerifier [0x0x7ff7abd59d03+81203]
	GetHandleVerifier [0x0x7ff7abd48286+8886]
	BaseThreadInitThunk [0x0x7ff9c9b0e8d7+23]
	RtlUserThreadStart [0x0x7ff9cb08c53c+44]

[2025-11-19T12:54:33.895009] SCRAPER skip page 60 after 5 failures; lanjut halaman berikutnya
[2025-11-19T12:54:33.896516] SCRAPER ratings fetch page 61 offset 1200 failed (attempt 1/5): Message: no such window: target window already closed
from unknown error: web view not found
  (Session info: MicrosoftEdge=142.0.3595.80)
Stacktrace:
	GetHandleVerifier [0x0x7ff7abd52a75+51877]
	GetHandleVerifier [0x0x7ff7abd52ad4+51972]
	GetHandleVerifier [0x0x7ff7abf09425+1848405]
	(No symbol) [0x0x7ff7abaa0e5f]
	(No symbol) [0x0x7ff7abb374ec]
	(No symbol) [0x0x7ff7abb4ed0a]
	(No symbol) [0x0x7ff7abb31df3]
	(No symbol) [0x0x7ff7abb05b36]
	(No symbol) [0x0x7ff7abb04d80]
	(No symbol) [0x0x7ff7abb05973]
	(No symbol) [0x0x7ff7abbce4a5]
	(No symbol) [0x0x7ff7abbca75d]
	GetHandleVerifier [0x0x7ff7abd7d2b3+226019]
	GetHandleVerifier [0x0x7ff7abd6c481+156849]
	GetHandleVerifier [0x0x7ff7abd74979+190889]
	GetHandleVerifier [0x0x7ff7abd59bb4+80868]
	GetHandleVerifier [0x0x7ff7abd59d03+81203]
	GetHandleVerifier [0x0x7ff7abd48286+8886]
	BaseThreadInitThunk [0x0x7ff9c9b0e8d7+23]
	RtlUserThreadStart [0x0x7ff9cb08c53c+44]

[2025-11-19T12:54:35.906587] SCRAPER ratings fetch page 61 offset 1200 failed (attempt 2/5): Message: no such window: target window already closed
from unknown error: web view not found
  (Session info: MicrosoftEdge=142.0.3595.80)
Stacktrace:
	GetHandleVerifier [0x0x7ff7abd52a75+51877]
	GetHandleVerifier [0x0x7ff7abd52ad4+51972]
	GetHandleVerifier [0x0x7ff7abf09425+1848405]
	(No symbol) [0x0x7ff7abaa0e5f]
	(No symbol) [0x0x7ff7abb374ec]
	(No symbol) [0x0x7ff7abb4ed0a]
	(No symbol) [0x0x7ff7abb31df3]
	(No symbol) [0x0x7ff7abb05b36]
	(No symbol) [0x0x7ff7abb04d80]
	(No symbol) [0x0x7ff7abb05973]
	(No symbol) [0x0x7ff7abbce4a5]
	(No symbol) [0x0x7ff7abbca75d]
	GetHandleVerifier [0x0x7ff7abd7d2b3+226019]
	GetHandleVerifier [0x0x7ff7abd6c481+156849]
	GetHandleVerifier [0x0x7ff7abd74979+190889]
	GetHandleVerifier [0x0x7ff7abd59bb4+80868]
	GetHandleVerifier [0x0x7ff7abd59d03+81203]
	GetHandleVerifier [0x0x7ff7abd48286+8886]
	BaseThreadInitThunk [0x0x7ff9c9b0e8d7+23]
	RtlUserThreadStart [0x0x7ff9cb08c53c+44]

[2025-11-19T12:54:38.921855] SCRAPER ratings fetch page 61 offset 1200 failed (attempt 3/5): Message: no such window: target window already closed
from unknown error: web view not found
  (Session info: MicrosoftEdge=142.0.3595.80)
Stacktrace:
	GetHandleVerifier [0x0x7ff7abd52a75+51877]
	GetHandleVerifier [0x0x7ff7abd52ad4+51972]
	GetHandleVerifier [0x0x7ff7abf09425+1848405]
	(No symbol) [0x0x7ff7abaa0e5f]
	(No symbol) [0x0x7ff7abb374ec]
	(No symbol) [0x0x7ff7abb4ed0a]
	(No symbol) [0x0x7ff7abb31df3]
	(No symbol) [0x0x7ff7abb05b36]
	(No symbol) [0x0x7ff7abb04d80]
	(No symbol) [0x0x7ff7abb05973]
	(No symbol) [0x0x7ff7abbce4a5]
	(No symbol) [0x0x7ff7abbca75d]
	GetHandleVerifier [0x0x7ff7abd7d2b3+226019]
	GetHandleVerifier [0x0x7ff7abd6c481+156849]
	GetHandleVerifier [0x0x7ff7abd74979+190889]
	GetHandleVerifier [0x0x7ff7abd59bb4+80868]
	GetHandleVerifier [0x0x7ff7abd59d03+81203]
	GetHandleVerifier [0x0x7ff7abd48286+8886]
	BaseThreadInitThunk [0x0x7ff9c9b0e8d7+23]
	RtlUserThreadStart [0x0x7ff9cb08c53c+44]

[2025-11-19T12:54:42.935520] SCRAPER ratings fetch page 61 offset 1200 failed (attempt 4/5): Message: no such window: target window already closed
from unknown error: web view not found
  (Session info: MicrosoftEdge=142.0.3595.80)
Stacktrace:
	GetHandleVerifier [0x0x7ff7abd52a75+51877]
	GetHandleVerifier [0x0x7ff7abd52ad4+51972]
	GetHandleVerifier [0x0x7ff7abf09425+1848405]
	(No symbol) [0x0x7ff7abaa0e5f]
	(No symbol) [0x0x7ff7abb374ec]
	(No symbol) [0x0x7ff7abb4ed0a]
	(No symbol) [0x0x7ff7abb31df3]
	(No symbol) [0x0x7ff7abb05b36]
	(No symbol) [0x0x7ff7abb04d80]
	(No symbol) [0x0x7ff7abb05973]
	(No symbol) [0x0x7ff7abbce4a5]
	(No symbol) [0x0x7ff7abbca75d]
	GetHandleVerifier [0x0x7ff7abd7d2b3+226019]
	GetHandleVerifier [0x0x7ff7abd6c481+156849]
	GetHandleVerifier [0x0x7ff7abd74979+190889]
	GetHandleVerifier [0x0x7ff7abd59bb4+80868]
	GetHandleVerifier [0x0x7ff7abd59d03+81203]
	GetHandleVerifier [0x0x7ff7abd48286+8886]
	BaseThreadInitThunk [0x0x7ff9c9b0e8d7+23]
	RtlUserThreadStart [0x0x7ff9cb08c53c+44]

[2025-11-19T12:54:47.938948] SCRAPER ratings fetch page 61 offset 1200 failed (attempt 5/5): Message: no such window: target window already closed
from unknown error: web view not found
  (Session info: MicrosoftEdge=142.0.3595.80)
Stacktrace:
	GetHandleVerifier [0x0x7ff7abd52a75+51877]
	GetHandleVerifier [0x0x7ff7abd52ad4+51972]
	GetHandleVerifier [0x0x7ff7abf09425+1848405]
	(No symbol) [0x0x7ff7abaa0e5f]
	(No symbol) [0x0x7ff7abb374ec]
	(No symbol) [0x0x7ff7abb4ed0a]
	(No symbol) [0x0x7ff7abb31df3]
	(No symbol) [0x0x7ff7abb05b36]
	(No symbol) [0x0x7ff7abb04d80]
	(No symbol) [0x0x7ff7abb05973]
	(No symbol) [0x0x7ff7abbce4a5]
	(No symbol) [0x0x7ff7abbca75d]
	GetHandleVerifier [0x0x7ff7abd7d2b3+226019]
	GetHandleVerifier [0x0x7ff7abd6c481+156849]
	GetHandleVerifier [0x0x7ff7abd74979+190889]
	GetHandleVerifier [0x0x7ff7abd59bb4+80868]
	GetHandleVerifier [0x0x7ff7abd59d03+81203]
	GetHandleVerifier [0x0x7ff7abd48286+8886]
	BaseThreadInitThunk [0x0x7ff9c9b0e8d7+23]
	RtlUserThreadStart [0x0x7ff9cb08c53c+44]

[2025-11-19T12:54:52.951242] SCRAPER skip page 61 after 5 failures; lanjut halaman berikutnya
[2025-11-19T12:54:52.954427] SCRAPER ratings fetch page 62 offset 1220 failed (attempt 1/5): Message: no such window: target window already closed
from unknown error: web view not found
  (Session info: MicrosoftEdge=142.0.3595.80)
Stacktrace:
	GetHandleVerifier [0x0x7ff7abd52a75+51877]
	GetHandleVerifier [0x0x7ff7abd52ad4+51972]
	GetHandleVerifier [0x0x7ff7abf09425+1848405]
	(No symbol) [0x0x7ff7abaa0e5f]
	(No symbol) [0x0x7ff7abb374ec]
	(No symbol) [0x0x7ff7abb4ed0a]
	(No symbol) [0x0x7ff7abb31df3]
	(No symbol) [0x0x7ff7abb05b36]
	(No symbol) [0x0x7ff7abb04d80]
	(No symbol) [0x0x7ff7abb05973]
	(No symbol) [0x0x7ff7abbce4a5]
	(No symbol) [0x0x7ff7abbca75d]
	GetHandleVerifier [0x0x7ff7abd7d2b3+226019]
	GetHandleVerifier [0x0x7ff7abd6c481+156849]
	GetHandleVerifier [0x0x7ff7abd74979+190889]
	GetHandleVerifier [0x0x7ff7abd59bb4+80868]
	GetHandleVerifier [0x0x7ff7abd59d03+81203]
	GetHandleVerifier [0x0x7ff7abd48286+8886]
	BaseThreadInitThunk [0x0x7ff9c9b0e8d7+23]
	RtlUserThreadStart [0x0x7ff9cb08c53c+44]

[2025-11-19T12:54:54.968067] SCRAPER ratings fetch page 62 offset 1220 failed (attempt 2/5): Message: no such window: target window already closed
from unknown error: web view not found
  (Session info: MicrosoftEdge=142.0.3595.80)
Stacktrace:
	GetHandleVerifier [0x0x7ff7abd52a75+51877]
	GetHandleVerifier [0x0x7ff7abd52ad4+51972]
	GetHandleVerifier [0x0x7ff7abf09425+1848405]
	(No symbol) [0x0x7ff7abaa0e5f]
	(No symbol) [0x0x7ff7abb374ec]
	(No symbol) [0x0x7ff7abb4ed0a]
	(No symbol) [0x0x7ff7abb31df3]
	(No symbol) [0x0x7ff7abb05b36]
	(No symbol) [0x0x7ff7abb04d80]
	(No symbol) [0x0x7ff7abb05973]
	(No symbol) [0x0x7ff7abbce4a5]
	(No symbol) [0x0x7ff7abbca75d]
	GetHandleVerifier [0x0x7ff7abd7d2b3+226019]
	GetHandleVerifier [0x0x7ff7abd6c481+156849]
	GetHandleVerifier [0x0x7ff7abd74979+190889]
	GetHandleVerifier [0x0x7ff7abd59bb4+80868]
	GetHandleVerifier [0x0x7ff7abd59d03+81203]
	GetHandleVerifier [0x0x7ff7abd48286+8886]
	BaseThreadInitThunk [0x0x7ff9c9b0e8d7+23]
	RtlUserThreadStart [0x0x7ff9cb08c53c+44]

[2025-11-19T12:54:57.973542] SCRAPER ratings fetch page 62 offset 1220 failed (attempt 3/5): Message: no such window: target window already closed
from unknown error: web view not found
  (Session info: MicrosoftEdge=142.0.3595.80)
Stacktrace:
	GetHandleVerifier [0x0x7ff7abd52a75+51877]
	GetHandleVerifier [0x0x7ff7abd52ad4+51972]
	GetHandleVerifier [0x0x7ff7abf09425+1848405]
	(No symbol) [0x0x7ff7abaa0e5f]
	(No symbol) [0x0x7ff7abb374ec]
	(No symbol) [0x0x7ff7abb4ed0a]
	(No symbol) [0x0x7ff7abb31df3]
	(No symbol) [0x0x7ff7abb05b36]
	(No symbol) [0x0x7ff7abb04d80]
	(No symbol) [0x0x7ff7abb05973]
	(No symbol) [0x0x7ff7abbce4a5]
	(No symbol) [0x0x7ff7abbca75d]
	GetHandleVerifier [0x0x7ff7abd7d2b3+226019]
	GetHandleVerifier [0x0x7ff7abd6c481+156849]
	GetHandleVerifier [0x0x7ff7abd74979+190889]
	GetHandleVerifier [0x0x7ff7abd59bb4+80868]
	GetHandleVerifier [0x0x7ff7abd59d03+81203]
	GetHandleVerifier [0x0x7ff7abd48286+8886]
	BaseThreadInitThunk [0x0x7ff9c9b0e8d7+23]
	RtlUserThreadStart [0x0x7ff9cb08c53c+44]

[2025-11-19T12:55:01.978930] SCRAPER ratings fetch page 62 offset 1220 failed (attempt 4/5): Message: no such window: target window already closed
from unknown error: web view not found
  (Session info: MicrosoftEdge=142.0.3595.80)
Stacktrace:
	GetHandleVerifier [0x0x7ff7abd52a75+51877]
	GetHandleVerifier [0x0x7ff7abd52ad4+51972]
	GetHandleVerifier [0x0x7ff7abf09425+1848405]
	(No symbol) [0x0x7ff7abaa0e5f]
	(No symbol) [0x0x7ff7abb374ec]
	(No symbol) [0x0x7ff7abb4ed0a]
	(No symbol) [0x0x7ff7abb31df3]
	(No symbol) [0x0x7ff7abb05b36]
	(No symbol) [0x0x7ff7abb04d80]
	(No symbol) [0x0x7ff7abb05973]
	(No symbol) [0x0x7ff7abbce4a5]
	(No symbol) [0x0x7ff7abbca75d]
	GetHandleVerifier [0x0x7ff7abd7d2b3+226019]
	GetHandleVerifier [0x0x7ff7abd6c481+156849]
	GetHandleVerifier [0x0x7ff7abd74979+190889]
	GetHandleVerifier [0x0x7ff7abd59bb4+80868]
	GetHandleVerifier [0x0x7ff7abd59d03+81203]
	GetHandleVerifier [0x0x7ff7abd48286+8886]
	BaseThreadInitThunk [0x0x7ff9c9b0e8d7+23]
	RtlUserThreadStart [0x0x7ff9cb08c53c+44]

[2025-11-19T12:55:06.989701] SCRAPER ratings fetch page 62 offset 1220 failed (attempt 5/5): Message: no such window: target window already closed
from unknown error: web view not found
  (Session info: MicrosoftEdge=142.0.3595.80)
Stacktrace:
	GetHandleVerifier [0x0x7ff7abd52a75+51877]
	GetHandleVerifier [0x0x7ff7abd52ad4+51972]
	GetHandleVerifier [0x0x7ff7abf09425+1848405]
	(No symbol) [0x0x7ff7abaa0e5f]
	(No symbol) [0x0x7ff7abb374ec]
	(No symbol) [0x0x7ff7abb4ed0a]
	(No symbol) [0x0x7ff7abb31df3]
	(No symbol) [0x0x7ff7abb05b36]
	(No symbol) [0x0x7ff7abb04d80]
	(No symbol) [0x0x7ff7abb05973]
	(No symbol) [0x0x7ff7abbce4a5]
	(No symbol) [0x0x7ff7abbca75d]
	GetHandleVerifier [0x0x7ff7abd7d2b3+226019]
	GetHandleVerifier [0x0x7ff7abd6c481+156849]
	GetHandleVerifier [0x0x7ff7abd74979+190889]
	GetHandleVerifier [0x0x7ff7abd59bb4+80868]
	GetHandleVerifier [0x0x7ff7abd59d03+81203]
	GetHandleVerifier [0x0x7ff7abd48286+8886]
	BaseThreadInitThunk [0x0x7ff9c9b0e8d7+23]
	RtlUserThreadStart [0x0x7ff9cb08c53c+44]

[2025-11-19T12:55:11.999984] SCRAPER skip page 62 after 5 failures; lanjut halaman berikutnya
[2025-11-19T12:55:12.002857] SCRAPER ratings fetch page 63 offset 1240 failed (attempt 1/5): Message: no such window: target window already closed
from unknown error: web view not found
  (Session info: MicrosoftEdge=142.0.3595.80)
Stacktrace:
	GetHandleVerifier [0x0x7ff7abd52a75+51877]
	GetHandleVerifier [0x0x7ff7abd52ad4+51972]
	GetHandleVerifier [0x0x7ff7abf09425+1848405]
	(No symbol) [0x0x7ff7abaa0e5f]
	(No symbol) [0x0x7ff7abb374ec]
	(No symbol) [0x0x7ff7abb4ed0a]
	(No symbol) [0x0x7ff7abb31df3]
	(No symbol) [0x0x7ff7abb05b36]
	(No symbol) [0x0x7ff7abb04d80]
	(No symbol) [0x0x7ff7abb05973]
	(No symbol) [0x0x7ff7abbce4a5]
	(No symbol) [0x0x7ff7abbca75d]
	GetHandleVerifier [0x0x7ff7abd7d2b3+226019]
	GetHandleVerifier [0x0x7ff7abd6c481+156849]
	GetHandleVerifier [0x0x7ff7abd74979+190889]
	GetHandleVerifier [0x0x7ff7abd59bb4+80868]
	GetHandleVerifier [0x0x7ff7abd59d03+81203]
	GetHandleVerifier [0x0x7ff7abd48286+8886]
	BaseThreadInitThunk [0x0x7ff9c9b0e8d7+23]
	RtlUserThreadStart [0x0x7ff9cb08c53c+44]

[2025-11-19T12:55:14.018763] SCRAPER ratings fetch page 63 offset 1240 failed (attempt 2/5): Message: no such window: target window already closed
from unknown error: web view not found
  (Session info: MicrosoftEdge=142.0.3595.80)
Stacktrace:
	GetHandleVerifier [0x0x7ff7abd52a75+51877]
	GetHandleVerifier [0x0x7ff7abd52ad4+51972]
	GetHandleVerifier [0x0x7ff7abf09425+1848405]
	(No symbol) [0x0x7ff7abaa0e5f]
	(No symbol) [0x0x7ff7abb374ec]
	(No symbol) [0x0x7ff7abb4ed0a]
	(No symbol) [0x0x7ff7abb31df3]
	(No symbol) [0x0x7ff7abb05b36]
	(No symbol) [0x0x7ff7abb04d80]
	(No symbol) [0x0x7ff7abb05973]
	(No symbol) [0x0x7ff7abbce4a5]
	(No symbol) [0x0x7ff7abbca75d]
	GetHandleVerifier [0x0x7ff7abd7d2b3+226019]
	GetHandleVerifier [0x0x7ff7abd6c481+156849]
	GetHandleVerifier [0x0x7ff7abd74979+190889]
	GetHandleVerifier [0x0x7ff7abd59bb4+80868]
	GetHandleVerifier [0x0x7ff7abd59d03+81203]
	GetHandleVerifier [0x0x7ff7abd48286+8886]
	BaseThreadInitThunk [0x0x7ff9c9b0e8d7+23]
	RtlUserThreadStart [0x0x7ff9cb08c53c+44]

[2025-11-19T12:55:17.031771] SCRAPER ratings fetch page 63 offset 1240 failed (attempt 3/5): Message: no such window: target window already closed
from unknown error: web view not found
  (Session info: MicrosoftEdge=142.0.3595.80)
Stacktrace:
	GetHandleVerifier [0x0x7ff7abd52a75+51877]
	GetHandleVerifier [0x0x7ff7abd52ad4+51972]
	GetHandleVerifier [0x0x7ff7abf09425+1848405]
	(No symbol) [0x0x7ff7abaa0e5f]
	(No symbol) [0x0x7ff7abb374ec]
	(No symbol) [0x0x7ff7abb4ed0a]
	(No symbol) [0x0x7ff7abb31df3]
	(No symbol) [0x0x7ff7abb05b36]
	(No symbol) [0x0x7ff7abb04d80]
	(No symbol) [0x0x7ff7abb05973]
	(No symbol) [0x0x7ff7abbce4a5]
	(No symbol) [0x0x7ff7abbca75d]
	GetHandleVerifier [0x0x7ff7abd7d2b3+226019]
	GetHandleVerifier [0x0x7ff7abd6c481+156849]
	GetHandleVerifier [0x0x7ff7abd74979+190889]
	GetHandleVerifier [0x0x7ff7abd59bb4+80868]
	GetHandleVerifier [0x0x7ff7abd59d03+81203]
	GetHandleVerifier [0x0x7ff7abd48286+8886]
	BaseThreadInitThunk [0x0x7ff9c9b0e8d7+23]
	RtlUserThreadStart [0x0x7ff9cb08c53c+44]

[2025-11-19T12:55:21.038697] SCRAPER ratings fetch page 63 offset 1240 failed (attempt 4/5): Message: no such window: target window already closed
from unknown error: web view not found
  (Session info: MicrosoftEdge=142.0.3595.80)
Stacktrace:
	GetHandleVerifier [0x0x7ff7abd52a75+51877]
	GetHandleVerifier [0x0x7ff7abd52ad4+51972]
	GetHandleVerifier [0x0x7ff7abf09425+1848405]
	(No symbol) [0x0x7ff7abaa0e5f]
	(No symbol) [0x0x7ff7abb374ec]
	(No symbol) [0x0x7ff7abb4ed0a]
	(No symbol) [0x0x7ff7abb31df3]
	(No symbol) [0x0x7ff7abb05b36]
	(No symbol) [0x0x7ff7abb04d80]
	(No symbol) [0x0x7ff7abb05973]
	(No symbol) [0x0x7ff7abbce4a5]
	(No symbol) [0x0x7ff7abbca75d]
	GetHandleVerifier [0x0x7ff7abd7d2b3+226019]
	GetHandleVerifier [0x0x7ff7abd6c481+156849]
	GetHandleVerifier [0x0x7ff7abd74979+190889]
	GetHandleVerifier [0x0x7ff7abd59bb4+80868]
	GetHandleVerifier [0x0x7ff7abd59d03+81203]
	GetHandleVerifier [0x0x7ff7abd48286+8886]
	BaseThreadInitThunk [0x0x7ff9c9b0e8d7+23]
	RtlUserThreadStart [0x0x7ff9cb08c53c+44]

[2025-11-19T12:55:26.048061] SCRAPER ratings fetch page 63 offset 1240 failed (attempt 5/5): Message: no such window: target window already closed
from unknown error: web view not found
  (Session info: MicrosoftEdge=142.0.3595.80)
Stacktrace:
	GetHandleVerifier [0x0x7ff7abd52a75+51877]
	GetHandleVerifier [0x0x7ff7abd52ad4+51972]
	GetHandleVerifier [0x0x7ff7abf09425+1848405]
	(No symbol) [0x0x7ff7abaa0e5f]
	(No symbol) [0x0x7ff7abb374ec]
	(No symbol) [0x0x7ff7abb4ed0a]
	(No symbol) [0x0x7ff7abb31df3]
	(No symbol) [0x0x7ff7abb05b36]
	(No symbol) [0x0x7ff7abb04d80]
	(No symbol) [0x0x7ff7abb05973]
	(No symbol) [0x0x7ff7abbce4a5]
	(No symbol) [0x0x7ff7abbca75d]
	GetHandleVerifier [0x0x7ff7abd7d2b3+226019]
	GetHandleVerifier [0x0x7ff7abd6c481+156849]
	GetHandleVerifier [0x0x7ff7abd74979+190889]
	GetHandleVerifier [0x0x7ff7abd59bb4+80868]
	GetHandleVerifier [0x0x7ff7abd59d03+81203]
	GetHandleVerifier [0x0x7ff7abd48286+8886]
	BaseThreadInitThunk [0x0x7ff9c9b0e8d7+23]
	RtlUserThreadStart [0x0x7ff9cb08c53c+44]

[2025-11-19T12:55:31.049872] SCRAPER skip page 63 after 5 failures; lanjut halaman berikutnya
[2025-11-19T12:55:31.053762] SCRAPER ratings fetch page 64 offset 1260 failed (attempt 1/5): Message: no such window: target window already closed
from unknown error: web view not found
  (Session info: MicrosoftEdge=142.0.3595.80)
Stacktrace:
	GetHandleVerifier [0x0x7ff7abd52a75+51877]
	GetHandleVerifier [0x0x7ff7abd52ad4+51972]
	GetHandleVerifier [0x0x7ff7abf09425+1848405]
	(No symbol) [0x0x7ff7abaa0e5f]
	(No symbol) [0x0x7ff7abb374ec]
	(No symbol) [0x0x7ff7abb4ed0a]
	(No symbol) [0x0x7ff7abb31df3]
	(No symbol) [0x0x7ff7abb05b36]
	(No symbol) [0x0x7ff7abb04d80]
	(No symbol) [0x0x7ff7abb05973]
	(No symbol) [0x0x7ff7abbce4a5]
	(No symbol) [0x0x7ff7abbca75d]
	GetHandleVerifier [0x0x7ff7abd7d2b3+226019]
	GetHandleVerifier [0x0x7ff7abd6c481+156849]
	GetHandleVerifier [0x0x7ff7abd74979+190889]
	GetHandleVerifier [0x0x7ff7abd59bb4+80868]
	GetHandleVerifier [0x0x7ff7abd59d03+81203]
	GetHandleVerifier [0x0x7ff7abd48286+8886]
	BaseThreadInitThunk [0x0x7ff9c9b0e8d7+23]
	RtlUserThreadStart [0x0x7ff9cb08c53c+44]

[2025-11-19T12:55:33.056440] SCRAPER ratings fetch page 64 offset 1260 failed (attempt 2/5): Message: no such window: target window already closed
from unknown error: web view not found
  (Session info: MicrosoftEdge=142.0.3595.80)
Stacktrace:
	GetHandleVerifier [0x0x7ff7abd52a75+51877]
	GetHandleVerifier [0x0x7ff7abd52ad4+51972]
	GetHandleVerifier [0x0x7ff7abf09425+1848405]
	(No symbol) [0x0x7ff7abaa0e5f]
	(No symbol) [0x0x7ff7abb374ec]
	(No symbol) [0x0x7ff7abb4ed0a]
	(No symbol) [0x0x7ff7abb31df3]
	(No symbol) [0x0x7ff7abb05b36]
	(No symbol) [0x0x7ff7abb04d80]
	(No symbol) [0x0x7ff7abb05973]
	(No symbol) [0x0x7ff7abbce4a5]
	(No symbol) [0x0x7ff7abbca75d]
	GetHandleVerifier [0x0x7ff7abd7d2b3+226019]
	GetHandleVerifier [0x0x7ff7abd6c481+156849]
	GetHandleVerifier [0x0x7ff7abd74979+190889]
	GetHandleVerifier [0x0x7ff7abd59bb4+80868]
	GetHandleVerifier [0x0x7ff7abd59d03+81203]
	GetHandleVerifier [0x0x7ff7abd48286+8886]
	BaseThreadInitThunk [0x0x7ff9c9b0e8d7+23]
	RtlUserThreadStart [0x0x7ff9cb08c53c+44]

[2025-11-19T12:55:36.063209] SCRAPER ratings fetch page 64 offset 1260 failed (attempt 3/5): Message: no such window: target window already closed
from unknown error: web view not found
  (Session info: MicrosoftEdge=142.0.3595.80)
Stacktrace:
	GetHandleVerifier [0x0x7ff7abd52a75+51877]
	GetHandleVerifier [0x0x7ff7abd52ad4+51972]
	GetHandleVerifier [0x0x7ff7abf09425+1848405]
	(No symbol) [0x0x7ff7abaa0e5f]
	(No symbol) [0x0x7ff7abb374ec]
	(No symbol) [0x0x7ff7abb4ed0a]
	(No symbol) [0x0x7ff7abb31df3]
	(No symbol) [0x0x7ff7abb05b36]
	(No symbol) [0x0x7ff7abb04d80]
	(No symbol) [0x0x7ff7abb05973]
	(No symbol) [0x0x7ff7abbce4a5]
	(No symbol) [0x0x7ff7abbca75d]
	GetHandleVerifier [0x0x7ff7abd7d2b3+226019]
	GetHandleVerifier [0x0x7ff7abd6c481+156849]
	GetHandleVerifier [0x0x7ff7abd74979+190889]
	GetHandleVerifier [0x0x7ff7abd59bb4+80868]
	GetHandleVerifier [0x0x7ff7abd59d03+81203]
	GetHandleVerifier [0x0x7ff7abd48286+8886]
	BaseThreadInitThunk [0x0x7ff9c9b0e8d7+23]
	RtlUserThreadStart [0x0x7ff9cb08c53c+44]

[2025-11-19T12:55:40.066536] SCRAPER ratings fetch page 64 offset 1260 failed (attempt 4/5): Message: no such window: target window already closed
from unknown error: web view not found
  (Session info: MicrosoftEdge=142.0.3595.80)
Stacktrace:
	GetHandleVerifier [0x0x7ff7abd52a75+51877]
	GetHandleVerifier [0x0x7ff7abd52ad4+51972]
	GetHandleVerifier [0x0x7ff7abf09425+1848405]
	(No symbol) [0x0x7ff7abaa0e5f]
	(No symbol) [0x0x7ff7abb374ec]
	(No symbol) [0x0x7ff7abb4ed0a]
	(No symbol) [0x0x7ff7abb31df3]
	(No symbol) [0x0x7ff7abb05b36]
	(No symbol) [0x0x7ff7abb04d80]
	(No symbol) [0x0x7ff7abb05973]
	(No symbol) [0x0x7ff7abbce4a5]
	(No symbol) [0x0x7ff7abbca75d]
	GetHandleVerifier [0x0x7ff7abd7d2b3+226019]
	GetHandleVerifier [0x0x7ff7abd6c481+156849]
	GetHandleVerifier [0x0x7ff7abd74979+190889]
	GetHandleVerifier [0x0x7ff7abd59bb4+80868]
	GetHandleVerifier [0x0x7ff7abd59d03+81203]
	GetHandleVerifier [0x0x7ff7abd48286+8886]
	BaseThreadInitThunk [0x0x7ff9c9b0e8d7+23]
	RtlUserThreadStart [0x0x7ff9cb08c53c+44]

[2025-11-19T12:55:45.083378] SCRAPER ratings fetch page 64 offset 1260 failed (attempt 5/5): Message: no such window: target window already closed
from unknown error: web view not found
  (Session info: MicrosoftEdge=142.0.3595.80)
Stacktrace:
	GetHandleVerifier [0x0x7ff7abd52a75+51877]
	GetHandleVerifier [0x0x7ff7abd52ad4+51972]
	GetHandleVerifier [0x0x7ff7abf09425+1848405]
	(No symbol) [0x0x7ff7abaa0e5f]
	(No symbol) [0x0x7ff7abb374ec]
	(No symbol) [0x0x7ff7abb4ed0a]
	(No symbol) [0x0x7ff7abb31df3]
	(No symbol) [0x0x7ff7abb05b36]
	(No symbol) [0x0x7ff7abb04d80]
	(No symbol) [0x0x7ff7abb05973]
	(No symbol) [0x0x7ff7abbce4a5]
	(No symbol) [0x0x7ff7abbca75d]
	GetHandleVerifier [0x0x7ff7abd7d2b3+226019]
	GetHandleVerifier [0x0x7ff7abd6c481+156849]
	GetHandleVerifier [0x0x7ff7abd74979+190889]
	GetHandleVerifier [0x0x7ff7abd59bb4+80868]
	GetHandleVerifier [0x0x7ff7abd59d03+81203]
	GetHandleVerifier [0x0x7ff7abd48286+8886]
	BaseThreadInitThunk [0x0x7ff9c9b0e8d7+23]
	RtlUserThreadStart [0x0x7ff9cb08c53c+44]

[2025-11-19T12:55:50.087017] SCRAPER skip page 64 after 5 failures; lanjut halaman berikutnya
[2025-11-19T12:55:50.090053] SCRAPER ratings fetch page 65 offset 1280 failed (attempt 1/5): Message: no such window: target window already closed
from unknown error: web view not found
  (Session info: MicrosoftEdge=142.0.3595.80)
Stacktrace:
	GetHandleVerifier [0x0x7ff7abd52a75+51877]
	GetHandleVerifier [0x0x7ff7abd52ad4+51972]
	GetHandleVerifier [0x0x7ff7abf09425+1848405]
	(No symbol) [0x0x7ff7abaa0e5f]
	(No symbol) [0x0x7ff7abb374ec]
	(No symbol) [0x0x7ff7abb4ed0a]
	(No symbol) [0x0x7ff7abb31df3]
	(No symbol) [0x0x7ff7abb05b36]
	(No symbol) [0x0x7ff7abb04d80]
	(No symbol) [0x0x7ff7abb05973]
	(No symbol) [0x0x7ff7abbce4a5]
	(No symbol) [0x0x7ff7abbca75d]
	GetHandleVerifier [0x0x7ff7abd7d2b3+226019]
	GetHandleVerifier [0x0x7ff7abd6c481+156849]
	GetHandleVerifier [0x0x7ff7abd74979+190889]
	GetHandleVerifier [0x0x7ff7abd59bb4+80868]
	GetHandleVerifier [0x0x7ff7abd59d03+81203]
	GetHandleVerifier [0x0x7ff7abd48286+8886]
	BaseThreadInitThunk [0x0x7ff9c9b0e8d7+23]
	RtlUserThreadStart [0x0x7ff9cb08c53c+44]

[2025-11-19T12:55:52.105156] SCRAPER ratings fetch page 65 offset 1280 failed (attempt 2/5): Message: no such window: target window already closed
from unknown error: web view not found
  (Session info: MicrosoftEdge=142.0.3595.80)
Stacktrace:
	GetHandleVerifier [0x0x7ff7abd52a75+51877]
	GetHandleVerifier [0x0x7ff7abd52ad4+51972]
	GetHandleVerifier [0x0x7ff7abf09425+1848405]
	(No symbol) [0x0x7ff7abaa0e5f]
	(No symbol) [0x0x7ff7abb374ec]
	(No symbol) [0x0x7ff7abb4ed0a]
	(No symbol) [0x0x7ff7abb31df3]
	(No symbol) [0x0x7ff7abb05b36]
	(No symbol) [0x0x7ff7abb04d80]
	(No symbol) [0x0x7ff7abb05973]
	(No symbol) [0x0x7ff7abbce4a5]
	(No symbol) [0x0x7ff7abbca75d]
	GetHandleVerifier [0x0x7ff7abd7d2b3+226019]
	GetHandleVerifier [0x0x7ff7abd6c481+156849]
	GetHandleVerifier [0x0x7ff7abd74979+190889]
	GetHandleVerifier [0x0x7ff7abd59bb4+80868]
	GetHandleVerifier [0x0x7ff7abd59d03+81203]
	GetHandleVerifier [0x0x7ff7abd48286+8886]
	BaseThreadInitThunk [0x0x7ff9c9b0e8d7+23]
	RtlUserThreadStart [0x0x7ff9cb08c53c+44]

[2025-11-19T12:55:55.114077] SCRAPER ratings fetch page 65 offset 1280 failed (attempt 3/5): Message: no such window: target window already closed
from unknown error: web view not found
  (Session info: MicrosoftEdge=142.0.3595.80)
Stacktrace:
	GetHandleVerifier [0x0x7ff7abd52a75+51877]
	GetHandleVerifier [0x0x7ff7abd52ad4+51972]
	GetHandleVerifier [0x0x7ff7abf09425+1848405]
	(No symbol) [0x0x7ff7abaa0e5f]
	(No symbol) [0x0x7ff7abb374ec]
	(No symbol) [0x0x7ff7abb4ed0a]
	(No symbol) [0x0x7ff7abb31df3]
	(No symbol) [0x0x7ff7abb05b36]
	(No symbol) [0x0x7ff7abb04d80]
	(No symbol) [0x0x7ff7abb05973]
	(No symbol) [0x0x7ff7abbce4a5]
	(No symbol) [0x0x7ff7abbca75d]
	GetHandleVerifier [0x0x7ff7abd7d2b3+226019]
	GetHandleVerifier [0x0x7ff7abd6c481+156849]
	GetHandleVerifier [0x0x7ff7abd74979+190889]
	GetHandleVerifier [0x0x7ff7abd59bb4+80868]
	GetHandleVerifier [0x0x7ff7abd59d03+81203]
	GetHandleVerifier [0x0x7ff7abd48286+8886]
	BaseThreadInitThunk [0x0x7ff9c9b0e8d7+23]
	RtlUserThreadStart [0x0x7ff9cb08c53c+44]

[2025-11-19T12:55:59.126055] SCRAPER ratings fetch page 65 offset 1280 failed (attempt 4/5): Message: no such window: target window already closed
from unknown error: web view not found
  (Session info: MicrosoftEdge=142.0.3595.80)
Stacktrace:
	GetHandleVerifier [0x0x7ff7abd52a75+51877]
	GetHandleVerifier [0x0x7ff7abd52ad4+51972]
	GetHandleVerifier [0x0x7ff7abf09425+1848405]
	(No symbol) [0x0x7ff7abaa0e5f]
	(No symbol) [0x0x7ff7abb374ec]
	(No symbol) [0x0x7ff7abb4ed0a]
	(No symbol) [0x0x7ff7abb31df3]
	(No symbol) [0x0x7ff7abb05b36]
	(No symbol) [0x0x7ff7abb04d80]
	(No symbol) [0x0x7ff7abb05973]
	(No symbol) [0x0x7ff7abbce4a5]
	(No symbol) [0x0x7ff7abbca75d]
	GetHandleVerifier [0x0x7ff7abd7d2b3+226019]
	GetHandleVerifier [0x0x7ff7abd6c481+156849]
	GetHandleVerifier [0x0x7ff7abd74979+190889]
	GetHandleVerifier [0x0x7ff7abd59bb4+80868]
	GetHandleVerifier [0x0x7ff7abd59d03+81203]
	GetHandleVerifier [0x0x7ff7abd48286+8886]
	BaseThreadInitThunk [0x0x7ff9c9b0e8d7+23]
	RtlUserThreadStart [0x0x7ff9cb08c53c+44]

[2025-11-19T12:56:04.140992] SCRAPER ratings fetch page 65 offset 1280 failed (attempt 5/5): Message: no such window: target window already closed
from unknown error: web view not found
  (Session info: MicrosoftEdge=142.0.3595.80)
Stacktrace:
	GetHandleVerifier [0x0x7ff7abd52a75+51877]
	GetHandleVerifier [0x0x7ff7abd52ad4+51972]
	GetHandleVerifier [0x0x7ff7abf09425+1848405]
	(No symbol) [0x0x7ff7abaa0e5f]
	(No symbol) [0x0x7ff7abb374ec]
	(No symbol) [0x0x7ff7abb4ed0a]
	(No symbol) [0x0x7ff7abb31df3]
	(No symbol) [0x0x7ff7abb05b36]
	(No symbol) [0x0x7ff7abb04d80]
	(No symbol) [0x0x7ff7abb05973]
	(No symbol) [0x0x7ff7abbce4a5]
	(No symbol) [0x0x7ff7abbca75d]
	GetHandleVerifier [0x0x7ff7abd7d2b3+226019]
	GetHandleVerifier [0x0x7ff7abd6c481+156849]
	GetHandleVerifier [0x0x7ff7abd74979+190889]
	GetHandleVerifier [0x0x7ff7abd59bb4+80868]
	GetHandleVerifier [0x0x7ff7abd59d03+81203]
	GetHandleVerifier [0x0x7ff7abd48286+8886]
	BaseThreadInitThunk [0x0x7ff9c9b0e8d7+23]
	RtlUserThreadStart [0x0x7ff9cb08c53c+44]

[2025-11-19T12:56:09.142702] SCRAPER skip page 65 after 5 failures; lanjut halaman berikutnya
[2025-11-19T12:56:09.144968] SCRAPER ratings fetch page 66 offset 1300 failed (attempt 1/5): Message: no such window: target window already closed
from unknown error: web view not found
  (Session info: MicrosoftEdge=142.0.3595.80)
Stacktrace:
	GetHandleVerifier [0x0x7ff7abd52a75+51877]
	GetHandleVerifier [0x0x7ff7abd52ad4+51972]
	GetHandleVerifier [0x0x7ff7abf09425+1848405]
	(No symbol) [0x0x7ff7abaa0e5f]
	(No symbol) [0x0x7ff7abb374ec]
	(No symbol) [0x0x7ff7abb4ed0a]
	(No symbol) [0x0x7ff7abb31df3]
	(No symbol) [0x0x7ff7abb05b36]
	(No symbol) [0x0x7ff7abb04d80]
	(No symbol) [0x0x7ff7abb05973]
	(No symbol) [0x0x7ff7abbce4a5]
	(No symbol) [0x0x7ff7abbca75d]
	GetHandleVerifier [0x0x7ff7abd7d2b3+226019]
	GetHandleVerifier [0x0x7ff7abd6c481+156849]
	GetHandleVerifier [0x0x7ff7abd74979+190889]
	GetHandleVerifier [0x0x7ff7abd59bb4+80868]
	GetHandleVerifier [0x0x7ff7abd59d03+81203]
	GetHandleVerifier [0x0x7ff7abd48286+8886]
	BaseThreadInitThunk [0x0x7ff9c9b0e8d7+23]
	RtlUserThreadStart [0x0x7ff9cb08c53c+44]

[2025-11-19T12:56:11.152861] SCRAPER ratings fetch page 66 offset 1300 failed (attempt 2/5): Message: no such window: target window already closed
from unknown error: web view not found
  (Session info: MicrosoftEdge=142.0.3595.80)
Stacktrace:
	GetHandleVerifier [0x0x7ff7abd52a75+51877]
	GetHandleVerifier [0x0x7ff7abd52ad4+51972]
	GetHandleVerifier [0x0x7ff7abf09425+1848405]
	(No symbol) [0x0x7ff7abaa0e5f]
	(No symbol) [0x0x7ff7abb374ec]
	(No symbol) [0x0x7ff7abb4ed0a]
	(No symbol) [0x0x7ff7abb31df3]
	(No symbol) [0x0x7ff7abb05b36]
	(No symbol) [0x0x7ff7abb04d80]
	(No symbol) [0x0x7ff7abb05973]
	(No symbol) [0x0x7ff7abbce4a5]
	(No symbol) [0x0x7ff7abbca75d]
	GetHandleVerifier [0x0x7ff7abd7d2b3+226019]
	GetHandleVerifier [0x0x7ff7abd6c481+156849]
	GetHandleVerifier [0x0x7ff7abd74979+190889]
	GetHandleVerifier [0x0x7ff7abd59bb4+80868]
	GetHandleVerifier [0x0x7ff7abd59d03+81203]
	GetHandleVerifier [0x0x7ff7abd48286+8886]
	BaseThreadInitThunk [0x0x7ff9c9b0e8d7+23]
	RtlUserThreadStart [0x0x7ff9cb08c53c+44]

[2025-11-19T12:56:14.167706] SCRAPER ratings fetch page 66 offset 1300 failed (attempt 3/5): Message: no such window: target window already closed
from unknown error: web view not found
  (Session info: MicrosoftEdge=142.0.3595.80)
Stacktrace:
	GetHandleVerifier [0x0x7ff7abd52a75+51877]
	GetHandleVerifier [0x0x7ff7abd52ad4+51972]
	GetHandleVerifier [0x0x7ff7abf09425+1848405]
	(No symbol) [0x0x7ff7abaa0e5f]
	(No symbol) [0x0x7ff7abb374ec]
	(No symbol) [0x0x7ff7abb4ed0a]
	(No symbol) [0x0x7ff7abb31df3]
	(No symbol) [0x0x7ff7abb05b36]
	(No symbol) [0x0x7ff7abb04d80]
	(No symbol) [0x0x7ff7abb05973]
	(No symbol) [0x0x7ff7abbce4a5]
	(No symbol) [0x0x7ff7abbca75d]
	GetHandleVerifier [0x0x7ff7abd7d2b3+226019]
	GetHandleVerifier [0x0x7ff7abd6c481+156849]
	GetHandleVerifier [0x0x7ff7abd74979+190889]
	GetHandleVerifier [0x0x7ff7abd59bb4+80868]
	GetHandleVerifier [0x0x7ff7abd59d03+81203]
	GetHandleVerifier [0x0x7ff7abd48286+8886]
	BaseThreadInitThunk [0x0x7ff9c9b0e8d7+23]
	RtlUserThreadStart [0x0x7ff9cb08c53c+44]

[2025-11-19T12:56:18.171258] SCRAPER ratings fetch page 66 offset 1300 failed (attempt 4/5): Message: no such window: target window already closed
from unknown error: web view not found
  (Session info: MicrosoftEdge=142.0.3595.80)
Stacktrace:
	GetHandleVerifier [0x0x7ff7abd52a75+51877]
	GetHandleVerifier [0x0x7ff7abd52ad4+51972]
	GetHandleVerifier [0x0x7ff7abf09425+1848405]
	(No symbol) [0x0x7ff7abaa0e5f]
	(No symbol) [0x0x7ff7abb374ec]
	(No symbol) [0x0x7ff7abb4ed0a]
	(No symbol) [0x0x7ff7abb31df3]
	(No symbol) [0x0x7ff7abb05b36]
	(No symbol) [0x0x7ff7abb04d80]
	(No symbol) [0x0x7ff7abb05973]
	(No symbol) [0x0x7ff7abbce4a5]
	(No symbol) [0x0x7ff7abbca75d]
	GetHandleVerifier [0x0x7ff7abd7d2b3+226019]
	GetHandleVerifier [0x0x7ff7abd6c481+156849]
	GetHandleVerifier [0x0x7ff7abd74979+190889]
	GetHandleVerifier [0x0x7ff7abd59bb4+80868]
	GetHandleVerifier [0x0x7ff7abd59d03+81203]
	GetHandleVerifier [0x0x7ff7abd48286+8886]
	BaseThreadInitThunk [0x0x7ff9c9b0e8d7+23]
	RtlUserThreadStart [0x0x7ff9cb08c53c+44]

[2025-11-19T12:56:23.189229] SCRAPER ratings fetch page 66 offset 1300 failed (attempt 5/5): Message: no such window: target window already closed
from unknown error: web view not found
  (Session info: MicrosoftEdge=142.0.3595.80)
Stacktrace:
	GetHandleVerifier [0x0x7ff7abd52a75+51877]
	GetHandleVerifier [0x0x7ff7abd52ad4+51972]
	GetHandleVerifier [0x0x7ff7abf09425+1848405]
	(No symbol) [0x0x7ff7abaa0e5f]
	(No symbol) [0x0x7ff7abb374ec]
	(No symbol) [0x0x7ff7abb4ed0a]
	(No symbol) [0x0x7ff7abb31df3]
	(No symbol) [0x0x7ff7abb05b36]
	(No symbol) [0x0x7ff7abb04d80]
	(No symbol) [0x0x7ff7abb05973]
	(No symbol) [0x0x7ff7abbce4a5]
	(No symbol) [0x0x7ff7abbca75d]
	GetHandleVerifier [0x0x7ff7abd7d2b3+226019]
	GetHandleVerifier [0x0x7ff7abd6c481+156849]
	GetHandleVerifier [0x0x7ff7abd74979+190889]
	GetHandleVerifier [0x0x7ff7abd59bb4+80868]
	GetHandleVerifier [0x0x7ff7abd59d03+81203]
	GetHandleVerifier [0x0x7ff7abd48286+8886]
	BaseThreadInitThunk [0x0x7ff9c9b0e8d7+23]
	RtlUserThreadStart [0x0x7ff9cb08c53c+44]

[2025-11-19T12:56:28.200263] SCRAPER skip page 66 after 5 failures; lanjut halaman berikutnya
[2025-11-19T12:56:28.201781] SCRAPER ratings fetch page 67 offset 1320 failed (attempt 1/5): Message: no such window: target window already closed
from unknown error: web view not found
  (Session info: MicrosoftEdge=142.0.3595.80)
Stacktrace:
	GetHandleVerifier [0x0x7ff7abd52a75+51877]
	GetHandleVerifier [0x0x7ff7abd52ad4+51972]
	GetHandleVerifier [0x0x7ff7abf09425+1848405]
	(No symbol) [0x0x7ff7abaa0e5f]
	(No symbol) [0x0x7ff7abb374ec]
	(No symbol) [0x0x7ff7abb4ed0a]
	(No symbol) [0x0x7ff7abb31df3]
	(No symbol) [0x0x7ff7abb05b36]
	(No symbol) [0x0x7ff7abb04d80]
	(No symbol) [0x0x7ff7abb05973]
	(No symbol) [0x0x7ff7abbce4a5]
	(No symbol) [0x0x7ff7abbca75d]
	GetHandleVerifier [0x0x7ff7abd7d2b3+226019]
	GetHandleVerifier [0x0x7ff7abd6c481+156849]
	GetHandleVerifier [0x0x7ff7abd74979+190889]
	GetHandleVerifier [0x0x7ff7abd59bb4+80868]
	GetHandleVerifier [0x0x7ff7abd59d03+81203]
	GetHandleVerifier [0x0x7ff7abd48286+8886]
	BaseThreadInitThunk [0x0x7ff9c9b0e8d7+23]
	RtlUserThreadStart [0x0x7ff9cb08c53c+44]

[2025-11-19T12:56:30.215039] SCRAPER ratings fetch page 67 offset 1320 failed (attempt 2/5): Message: no such window: target window already closed
from unknown error: web view not found
  (Session info: MicrosoftEdge=142.0.3595.80)
Stacktrace:
	GetHandleVerifier [0x0x7ff7abd52a75+51877]
	GetHandleVerifier [0x0x7ff7abd52ad4+51972]
	GetHandleVerifier [0x0x7ff7abf09425+1848405]
	(No symbol) [0x0x7ff7abaa0e5f]
	(No symbol) [0x0x7ff7abb374ec]
	(No symbol) [0x0x7ff7abb4ed0a]
	(No symbol) [0x0x7ff7abb31df3]
	(No symbol) [0x0x7ff7abb05b36]
	(No symbol) [0x0x7ff7abb04d80]
	(No symbol) [0x0x7ff7abb05973]
	(No symbol) [0x0x7ff7abbce4a5]
	(No symbol) [0x0x7ff7abbca75d]
	GetHandleVerifier [0x0x7ff7abd7d2b3+226019]
	GetHandleVerifier [0x0x7ff7abd6c481+156849]
	GetHandleVerifier [0x0x7ff7abd74979+190889]
	GetHandleVerifier [0x0x7ff7abd59bb4+80868]
	GetHandleVerifier [0x0x7ff7abd59d03+81203]
	GetHandleVerifier [0x0x7ff7abd48286+8886]
	BaseThreadInitThunk [0x0x7ff9c9b0e8d7+23]
	RtlUserThreadStart [0x0x7ff9cb08c53c+44]

[2025-11-19T12:56:33.219679] SCRAPER ratings fetch page 67 offset 1320 failed (attempt 3/5): Message: no such window: target window already closed
from unknown error: web view not found
  (Session info: MicrosoftEdge=142.0.3595.80)
Stacktrace:
	GetHandleVerifier [0x0x7ff7abd52a75+51877]
	GetHandleVerifier [0x0x7ff7abd52ad4+51972]
	GetHandleVerifier [0x0x7ff7abf09425+1848405]
	(No symbol) [0x0x7ff7abaa0e5f]
	(No symbol) [0x0x7ff7abb374ec]
	(No symbol) [0x0x7ff7abb4ed0a]
	(No symbol) [0x0x7ff7abb31df3]
	(No symbol) [0x0x7ff7abb05b36]
	(No symbol) [0x0x7ff7abb04d80]
	(No symbol) [0x0x7ff7abb05973]
	(No symbol) [0x0x7ff7abbce4a5]
	(No symbol) [0x0x7ff7abbca75d]
	GetHandleVerifier [0x0x7ff7abd7d2b3+226019]
	GetHandleVerifier [0x0x7ff7abd6c481+156849]
	GetHandleVerifier [0x0x7ff7abd74979+190889]
	GetHandleVerifier [0x0x7ff7abd59bb4+80868]
	GetHandleVerifier [0x0x7ff7abd59d03+81203]
	GetHandleVerifier [0x0x7ff7abd48286+8886]
	BaseThreadInitThunk [0x0x7ff9c9b0e8d7+23]
	RtlUserThreadStart [0x0x7ff9cb08c53c+44]

[2025-11-19T12:56:37.233004] SCRAPER ratings fetch page 67 offset 1320 failed (attempt 4/5): Message: no such window: target window already closed
from unknown error: web view not found
  (Session info: MicrosoftEdge=142.0.3595.80)
Stacktrace:
	GetHandleVerifier [0x0x7ff7abd52a75+51877]
	GetHandleVerifier [0x0x7ff7abd52ad4+51972]
	GetHandleVerifier [0x0x7ff7abf09425+1848405]
	(No symbol) [0x0x7ff7abaa0e5f]
	(No symbol) [0x0x7ff7abb374ec]
	(No symbol) [0x0x7ff7abb4ed0a]
	(No symbol) [0x0x7ff7abb31df3]
	(No symbol) [0x0x7ff7abb05b36]
	(No symbol) [0x0x7ff7abb04d80]
	(No symbol) [0x0x7ff7abb05973]
	(No symbol) [0x0x7ff7abbce4a5]
	(No symbol) [0x0x7ff7abbca75d]
	GetHandleVerifier [0x0x7ff7abd7d2b3+226019]
	GetHandleVerifier [0x0x7ff7abd6c481+156849]
	GetHandleVerifier [0x0x7ff7abd74979+190889]
	GetHandleVerifier [0x0x7ff7abd59bb4+80868]
	GetHandleVerifier [0x0x7ff7abd59d03+81203]
	GetHandleVerifier [0x0x7ff7abd48286+8886]
	BaseThreadInitThunk [0x0x7ff9c9b0e8d7+23]
	RtlUserThreadStart [0x0x7ff9cb08c53c+44]

[2025-11-19T12:56:42.238881] SCRAPER ratings fetch page 67 offset 1320 failed (attempt 5/5): Message: no such window: target window already closed
from unknown error: web view not found
  (Session info: MicrosoftEdge=142.0.3595.80)
Stacktrace:
	GetHandleVerifier [0x0x7ff7abd52a75+51877]
	GetHandleVerifier [0x0x7ff7abd52ad4+51972]
	GetHandleVerifier [0x0x7ff7abf09425+1848405]
	(No symbol) [0x0x7ff7abaa0e5f]
	(No symbol) [0x0x7ff7abb374ec]
	(No symbol) [0x0x7ff7abb4ed0a]
	(No symbol) [0x0x7ff7abb31df3]
	(No symbol) [0x0x7ff7abb05b36]
	(No symbol) [0x0x7ff7abb04d80]
	(No symbol) [0x0x7ff7abb05973]
	(No symbol) [0x0x7ff7abbce4a5]
	(No symbol) [0x0x7ff7abbca75d]
	GetHandleVerifier [0x0x7ff7abd7d2b3+226019]
	GetHandleVerifier [0x0x7ff7abd6c481+156849]
	GetHandleVerifier [0x0x7ff7abd74979+190889]
	GetHandleVerifier [0x0x7ff7abd59bb4+80868]
	GetHandleVerifier [0x0x7ff7abd59d03+81203]
	GetHandleVerifier [0x0x7ff7abd48286+8886]
	BaseThreadInitThunk [0x0x7ff9c9b0e8d7+23]
	RtlUserThreadStart [0x0x7ff9cb08c53c+44]

[2025-11-19T12:56:47.248723] SCRAPER skip page 67 after 5 failures; lanjut halaman berikutnya
[2025-11-19T12:56:47.250739] SCRAPER ratings fetch page 68 offset 1340 failed (attempt 1/5): Message: no such window: target window already closed
from unknown error: web view not found
  (Session info: MicrosoftEdge=142.0.3595.80)
Stacktrace:
	GetHandleVerifier [0x0x7ff7abd52a75+51877]
	GetHandleVerifier [0x0x7ff7abd52ad4+51972]
	GetHandleVerifier [0x0x7ff7abf09425+1848405]
	(No symbol) [0x0x7ff7abaa0e5f]
	(No symbol) [0x0x7ff7abb374ec]
	(No symbol) [0x0x7ff7abb4ed0a]
	(No symbol) [0x0x7ff7abb31df3]
	(No symbol) [0x0x7ff7abb05b36]
	(No symbol) [0x0x7ff7abb04d80]
	(No symbol) [0x0x7ff7abb05973]
	(No symbol) [0x0x7ff7abbce4a5]
	(No symbol) [0x0x7ff7abbca75d]
	GetHandleVerifier [0x0x7ff7abd7d2b3+226019]
	GetHandleVerifier [0x0x7ff7abd6c481+156849]
	GetHandleVerifier [0x0x7ff7abd74979+190889]
	GetHandleVerifier [0x0x7ff7abd59bb4+80868]
	GetHandleVerifier [0x0x7ff7abd59d03+81203]
	GetHandleVerifier [0x0x7ff7abd48286+8886]
	BaseThreadInitThunk [0x0x7ff9c9b0e8d7+23]
	RtlUserThreadStart [0x0x7ff9cb08c53c+44]

[2025-11-19T12:56:49.254555] SCRAPER ratings fetch page 68 offset 1340 failed (attempt 2/5): Message: no such window: target window already closed
from unknown error: web view not found
  (Session info: MicrosoftEdge=142.0.3595.80)
Stacktrace:
	GetHandleVerifier [0x0x7ff7abd52a75+51877]
	GetHandleVerifier [0x0x7ff7abd52ad4+51972]
	GetHandleVerifier [0x0x7ff7abf09425+1848405]
	(No symbol) [0x0x7ff7abaa0e5f]
	(No symbol) [0x0x7ff7abb374ec]
	(No symbol) [0x0x7ff7abb4ed0a]
	(No symbol) [0x0x7ff7abb31df3]
	(No symbol) [0x0x7ff7abb05b36]
	(No symbol) [0x0x7ff7abb04d80]
	(No symbol) [0x0x7ff7abb05973]
	(No symbol) [0x0x7ff7abbce4a5]
	(No symbol) [0x0x7ff7abbca75d]
	GetHandleVerifier [0x0x7ff7abd7d2b3+226019]
	GetHandleVerifier [0x0x7ff7abd6c481+156849]
	GetHandleVerifier [0x0x7ff7abd74979+190889]
	GetHandleVerifier [0x0x7ff7abd59bb4+80868]
	GetHandleVerifier [0x0x7ff7abd59d03+81203]
	GetHandleVerifier [0x0x7ff7abd48286+8886]
	BaseThreadInitThunk [0x0x7ff9c9b0e8d7+23]
	RtlUserThreadStart [0x0x7ff9cb08c53c+44]

[2025-11-19T12:56:52.268067] SCRAPER ratings fetch page 68 offset 1340 failed (attempt 3/5): Message: no such window: target window already closed
from unknown error: web view not found
  (Session info: MicrosoftEdge=142.0.3595.80)
Stacktrace:
	GetHandleVerifier [0x0x7ff7abd52a75+51877]
	GetHandleVerifier [0x0x7ff7abd52ad4+51972]
	GetHandleVerifier [0x0x7ff7abf09425+1848405]
	(No symbol) [0x0x7ff7abaa0e5f]
	(No symbol) [0x0x7ff7abb374ec]
	(No symbol) [0x0x7ff7abb4ed0a]
	(No symbol) [0x0x7ff7abb31df3]
	(No symbol) [0x0x7ff7abb05b36]
	(No symbol) [0x0x7ff7abb04d80]
	(No symbol) [0x0x7ff7abb05973]
	(No symbol) [0x0x7ff7abbce4a5]
	(No symbol) [0x0x7ff7abbca75d]
	GetHandleVerifier [0x0x7ff7abd7d2b3+226019]
	GetHandleVerifier [0x0x7ff7abd6c481+156849]
	GetHandleVerifier [0x0x7ff7abd74979+190889]
	GetHandleVerifier [0x0x7ff7abd59bb4+80868]
	GetHandleVerifier [0x0x7ff7abd59d03+81203]
	GetHandleVerifier [0x0x7ff7abd48286+8886]
	BaseThreadInitThunk [0x0x7ff9c9b0e8d7+23]
	RtlUserThreadStart [0x0x7ff9cb08c53c+44]

[2025-11-19T12:56:56.280899] SCRAPER ratings fetch page 68 offset 1340 failed (attempt 4/5): Message: no such window: target window already closed
from unknown error: web view not found
  (Session info: MicrosoftEdge=142.0.3595.80)
Stacktrace:
	GetHandleVerifier [0x0x7ff7abd52a75+51877]
	GetHandleVerifier [0x0x7ff7abd52ad4+51972]
	GetHandleVerifier [0x0x7ff7abf09425+1848405]
	(No symbol) [0x0x7ff7abaa0e5f]
	(No symbol) [0x0x7ff7abb374ec]
	(No symbol) [0x0x7ff7abb4ed0a]
	(No symbol) [0x0x7ff7abb31df3]
	(No symbol) [0x0x7ff7abb05b36]
	(No symbol) [0x0x7ff7abb04d80]
	(No symbol) [0x0x7ff7abb05973]
	(No symbol) [0x0x7ff7abbce4a5]
	(No symbol) [0x0x7ff7abbca75d]
	GetHandleVerifier [0x0x7ff7abd7d2b3+226019]
	GetHandleVerifier [0x0x7ff7abd6c481+156849]
	GetHandleVerifier [0x0x7ff7abd74979+190889]
	GetHandleVerifier [0x0x7ff7abd59bb4+80868]
	GetHandleVerifier [0x0x7ff7abd59d03+81203]
	GetHandleVerifier [0x0x7ff7abd48286+8886]
	BaseThreadInitThunk [0x0x7ff9c9b0e8d7+23]
	RtlUserThreadStart [0x0x7ff9cb08c53c+44]

[2025-11-19T12:57:01.283595] SCRAPER ratings fetch page 68 offset 1340 failed (attempt 5/5): Message: no such window: target window already closed
from unknown error: web view not found
  (Session info: MicrosoftEdge=142.0.3595.80)
Stacktrace:
	GetHandleVerifier [0x0x7ff7abd52a75+51877]
	GetHandleVerifier [0x0x7ff7abd52ad4+51972]
	GetHandleVerifier [0x0x7ff7abf09425+1848405]
	(No symbol) [0x0x7ff7abaa0e5f]
	(No symbol) [0x0x7ff7abb374ec]
	(No symbol) [0x0x7ff7abb4ed0a]
	(No symbol) [0x0x7ff7abb31df3]
	(No symbol) [0x0x7ff7abb05b36]
	(No symbol) [0x0x7ff7abb04d80]
	(No symbol) [0x0x7ff7abb05973]
	(No symbol) [0x0x7ff7abbce4a5]
	(No symbol) [0x0x7ff7abbca75d]
	GetHandleVerifier [0x0x7ff7abd7d2b3+226019]
	GetHandleVerifier [0x0x7ff7abd6c481+156849]
	GetHandleVerifier [0x0x7ff7abd74979+190889]
	GetHandleVerifier [0x0x7ff7abd59bb4+80868]
	GetHandleVerifier [0x0x7ff7abd59d03+81203]
	GetHandleVerifier [0x0x7ff7abd48286+8886]
	BaseThreadInitThunk [0x0x7ff9c9b0e8d7+23]
	RtlUserThreadStart [0x0x7ff9cb08c53c+44]

[2025-11-19T12:57:06.296842] SCRAPER skip page 68 after 5 failures; lanjut halaman berikutnya
[2025-11-19T12:57:06.298766] SCRAPER ratings fetch page 69 offset 1360 failed (attempt 1/5): Message: no such window: target window already closed
from unknown error: web view not found
  (Session info: MicrosoftEdge=142.0.3595.80)
Stacktrace:
	GetHandleVerifier [0x0x7ff7abd52a75+51877]
	GetHandleVerifier [0x0x7ff7abd52ad4+51972]
	GetHandleVerifier [0x0x7ff7abf09425+1848405]
	(No symbol) [0x0x7ff7abaa0e5f]
	(No symbol) [0x0x7ff7abb374ec]
	(No symbol) [0x0x7ff7abb4ed0a]
	(No symbol) [0x0x7ff7abb31df3]
	(No symbol) [0x0x7ff7abb05b36]
	(No symbol) [0x0x7ff7abb04d80]
	(No symbol) [0x0x7ff7abb05973]
	(No symbol) [0x0x7ff7abbce4a5]
	(No symbol) [0x0x7ff7abbca75d]
	GetHandleVerifier [0x0x7ff7abd7d2b3+226019]
	GetHandleVerifier [0x0x7ff7abd6c481+156849]
	GetHandleVerifier [0x0x7ff7abd74979+190889]
	GetHandleVerifier [0x0x7ff7abd59bb4+80868]
	GetHandleVerifier [0x0x7ff7abd59d03+81203]
	GetHandleVerifier [0x0x7ff7abd48286+8886]
	BaseThreadInitThunk [0x0x7ff9c9b0e8d7+23]
	RtlUserThreadStart [0x0x7ff9cb08c53c+44]

[2025-11-19T12:57:08.309708] SCRAPER ratings fetch page 69 offset 1360 failed (attempt 2/5): Message: no such window: target window already closed
from unknown error: web view not found
  (Session info: MicrosoftEdge=142.0.3595.80)
Stacktrace:
	GetHandleVerifier [0x0x7ff7abd52a75+51877]
	GetHandleVerifier [0x0x7ff7abd52ad4+51972]
	GetHandleVerifier [0x0x7ff7abf09425+1848405]
	(No symbol) [0x0x7ff7abaa0e5f]
	(No symbol) [0x0x7ff7abb374ec]
	(No symbol) [0x0x7ff7abb4ed0a]
	(No symbol) [0x0x7ff7abb31df3]
	(No symbol) [0x0x7ff7abb05b36]
	(No symbol) [0x0x7ff7abb04d80]
	(No symbol) [0x0x7ff7abb05973]
	(No symbol) [0x0x7ff7abbce4a5]
	(No symbol) [0x0x7ff7abbca75d]
	GetHandleVerifier [0x0x7ff7abd7d2b3+226019]
	GetHandleVerifier [0x0x7ff7abd6c481+156849]
	GetHandleVerifier [0x0x7ff7abd74979+190889]
	GetHandleVerifier [0x0x7ff7abd59bb4+80868]
	GetHandleVerifier [0x0x7ff7abd59d03+81203]
	GetHandleVerifier [0x0x7ff7abd48286+8886]
	BaseThreadInitThunk [0x0x7ff9c9b0e8d7+23]
	RtlUserThreadStart [0x0x7ff9cb08c53c+44]

[2025-11-19T12:57:11.316831] SCRAPER ratings fetch page 69 offset 1360 failed (attempt 3/5): Message: no such window: target window already closed
from unknown error: web view not found
  (Session info: MicrosoftEdge=142.0.3595.80)
Stacktrace:
	GetHandleVerifier [0x0x7ff7abd52a75+51877]
	GetHandleVerifier [0x0x7ff7abd52ad4+51972]
	GetHandleVerifier [0x0x7ff7abf09425+1848405]
	(No symbol) [0x0x7ff7abaa0e5f]
	(No symbol) [0x0x7ff7abb374ec]
	(No symbol) [0x0x7ff7abb4ed0a]
	(No symbol) [0x0x7ff7abb31df3]
	(No symbol) [0x0x7ff7abb05b36]
	(No symbol) [0x0x7ff7abb04d80]
	(No symbol) [0x0x7ff7abb05973]
	(No symbol) [0x0x7ff7abbce4a5]
	(No symbol) [0x0x7ff7abbca75d]
	GetHandleVerifier [0x0x7ff7abd7d2b3+226019]
	GetHandleVerifier [0x0x7ff7abd6c481+156849]
	GetHandleVerifier [0x0x7ff7abd74979+190889]
	GetHandleVerifier [0x0x7ff7abd59bb4+80868]
	GetHandleVerifier [0x0x7ff7abd59d03+81203]
	GetHandleVerifier [0x0x7ff7abd48286+8886]
	BaseThreadInitThunk [0x0x7ff9c9b0e8d7+23]
	RtlUserThreadStart [0x0x7ff9cb08c53c+44]

[2025-11-19T12:57:15.331392] SCRAPER ratings fetch page 69 offset 1360 failed (attempt 4/5): Message: no such window: target window already closed
from unknown error: web view not found
  (Session info: MicrosoftEdge=142.0.3595.80)
Stacktrace:
	GetHandleVerifier [0x0x7ff7abd52a75+51877]
	GetHandleVerifier [0x0x7ff7abd52ad4+51972]
	GetHandleVerifier [0x0x7ff7abf09425+1848405]
	(No symbol) [0x0x7ff7abaa0e5f]
	(No symbol) [0x0x7ff7abb374ec]
	(No symbol) [0x0x7ff7abb4ed0a]
	(No symbol) [0x0x7ff7abb31df3]
	(No symbol) [0x0x7ff7abb05b36]
	(No symbol) [0x0x7ff7abb04d80]
	(No symbol) [0x0x7ff7abb05973]
	(No symbol) [0x0x7ff7abbce4a5]
	(No symbol) [0x0x7ff7abbca75d]
	GetHandleVerifier [0x0x7ff7abd7d2b3+226019]
	GetHandleVerifier [0x0x7ff7abd6c481+156849]
	GetHandleVerifier [0x0x7ff7abd74979+190889]
	GetHandleVerifier [0x0x7ff7abd59bb4+80868]
	GetHandleVerifier [0x0x7ff7abd59d03+81203]
	GetHandleVerifier [0x0x7ff7abd48286+8886]
	BaseThreadInitThunk [0x0x7ff9c9b0e8d7+23]
	RtlUserThreadStart [0x0x7ff9cb08c53c+44]

[2025-11-19T12:57:20.336952] SCRAPER ratings fetch page 69 offset 1360 failed (attempt 5/5): Message: no such window: target window already closed
from unknown error: web view not found
  (Session info: MicrosoftEdge=142.0.3595.80)
Stacktrace:
	GetHandleVerifier [0x0x7ff7abd52a75+51877]
	GetHandleVerifier [0x0x7ff7abd52ad4+51972]
	GetHandleVerifier [0x0x7ff7abf09425+1848405]
	(No symbol) [0x0x7ff7abaa0e5f]
	(No symbol) [0x0x7ff7abb374ec]
	(No symbol) [0x0x7ff7abb4ed0a]
	(No symbol) [0x0x7ff7abb31df3]
	(No symbol) [0x0x7ff7abb05b36]
	(No symbol) [0x0x7ff7abb04d80]
	(No symbol) [0x0x7ff7abb05973]
	(No symbol) [0x0x7ff7abbce4a5]
	(No symbol) [0x0x7ff7abbca75d]
	GetHandleVerifier [0x0x7ff7abd7d2b3+226019]
	GetHandleVerifier [0x0x7ff7abd6c481+156849]
	GetHandleVerifier [0x0x7ff7abd74979+190889]
	GetHandleVerifier [0x0x7ff7abd59bb4+80868]
	GetHandleVerifier [0x0x7ff7abd59d03+81203]
	GetHandleVerifier [0x0x7ff7abd48286+8886]
	BaseThreadInitThunk [0x0x7ff9c9b0e8d7+23]
	RtlUserThreadStart [0x0x7ff9cb08c53c+44]

[2025-11-19T12:57:25.346784] SCRAPER skip page 69 after 5 failures; lanjut halaman berikutnya
[2025-11-19T12:57:25.351312] SCRAPER ratings fetch page 70 offset 1380 failed (attempt 1/5): Message: no such window: target window already closed
from unknown error: web view not found
  (Session info: MicrosoftEdge=142.0.3595.80)
Stacktrace:
	GetHandleVerifier [0x0x7ff7abd52a75+51877]
	GetHandleVerifier [0x0x7ff7abd52ad4+51972]
	GetHandleVerifier [0x0x7ff7abf09425+1848405]
	(No symbol) [0x0x7ff7abaa0e5f]
	(No symbol) [0x0x7ff7abb374ec]
	(No symbol) [0x0x7ff7abb4ed0a]
	(No symbol) [0x0x7ff7abb31df3]
	(No symbol) [0x0x7ff7abb05b36]
	(No symbol) [0x0x7ff7abb04d80]
	(No symbol) [0x0x7ff7abb05973]
	(No symbol) [0x0x7ff7abbce4a5]
	(No symbol) [0x0x7ff7abbca75d]
	GetHandleVerifier [0x0x7ff7abd7d2b3+226019]
	GetHandleVerifier [0x0x7ff7abd6c481+156849]
	GetHandleVerifier [0x0x7ff7abd74979+190889]
	GetHandleVerifier [0x0x7ff7abd59bb4+80868]
	GetHandleVerifier [0x0x7ff7abd59d03+81203]
	GetHandleVerifier [0x0x7ff7abd48286+8886]
	BaseThreadInitThunk [0x0x7ff9c9b0e8d7+23]
	RtlUserThreadStart [0x0x7ff9cb08c53c+44]

[2025-11-19T12:57:27.398983] SCRAPER ratings fetch page 70 offset 1380 failed (attempt 2/5): Message: no such window: target window already closed
from unknown error: web view not found
  (Session info: MicrosoftEdge=142.0.3595.80)
Stacktrace:
	GetHandleVerifier [0x0x7ff7abd52a75+51877]
	GetHandleVerifier [0x0x7ff7abd52ad4+51972]
	GetHandleVerifier [0x0x7ff7abf09425+1848405]
	(No symbol) [0x0x7ff7abaa0e5f]
	(No symbol) [0x0x7ff7abb374ec]
	(No symbol) [0x0x7ff7abb4ed0a]
	(No symbol) [0x0x7ff7abb31df3]
	(No symbol) [0x0x7ff7abb05b36]
	(No symbol) [0x0x7ff7abb04d80]
	(No symbol) [0x0x7ff7abb05973]
	(No symbol) [0x0x7ff7abbce4a5]
	(No symbol) [0x0x7ff7abbca75d]
	GetHandleVerifier [0x0x7ff7abd7d2b3+226019]
	GetHandleVerifier [0x0x7ff7abd6c481+156849]
	GetHandleVerifier [0x0x7ff7abd74979+190889]
	GetHandleVerifier [0x0x7ff7abd59bb4+80868]
	GetHandleVerifier [0x0x7ff7abd59d03+81203]
	GetHandleVerifier [0x0x7ff7abd48286+8886]
	BaseThreadInitThunk [0x0x7ff9c9b0e8d7+23]
	RtlUserThreadStart [0x0x7ff9cb08c53c+44]

[2025-11-19T12:57:30.414578] SCRAPER ratings fetch page 70 offset 1380 failed (attempt 3/5): Message: no such window: target window already closed
from unknown error: web view not found
  (Session info: MicrosoftEdge=142.0.3595.80)
Stacktrace:
	GetHandleVerifier [0x0x7ff7abd52a75+51877]
	GetHandleVerifier [0x0x7ff7abd52ad4+51972]
	GetHandleVerifier [0x0x7ff7abf09425+1848405]
	(No symbol) [0x0x7ff7abaa0e5f]
	(No symbol) [0x0x7ff7abb374ec]
	(No symbol) [0x0x7ff7abb4ed0a]
	(No symbol) [0x0x7ff7abb31df3]
	(No symbol) [0x0x7ff7abb05b36]
	(No symbol) [0x0x7ff7abb04d80]
	(No symbol) [0x0x7ff7abb05973]
	(No symbol) [0x0x7ff7abbce4a5]
	(No symbol) [0x0x7ff7abbca75d]
	GetHandleVerifier [0x0x7ff7abd7d2b3+226019]
	GetHandleVerifier [0x0x7ff7abd6c481+156849]
	GetHandleVerifier [0x0x7ff7abd74979+190889]
	GetHandleVerifier [0x0x7ff7abd59bb4+80868]
	GetHandleVerifier [0x0x7ff7abd59d03+81203]
	GetHandleVerifier [0x0x7ff7abd48286+8886]
	BaseThreadInitThunk [0x0x7ff9c9b0e8d7+23]
	RtlUserThreadStart [0x0x7ff9cb08c53c+44]

[2025-11-19T12:57:34.425599] SCRAPER ratings fetch page 70 offset 1380 failed (attempt 4/5): Message: no such window: target window already closed
from unknown error: web view not found
  (Session info: MicrosoftEdge=142.0.3595.80)
Stacktrace:
	GetHandleVerifier [0x0x7ff7abd52a75+51877]
	GetHandleVerifier [0x0x7ff7abd52ad4+51972]
	GetHandleVerifier [0x0x7ff7abf09425+1848405]
	(No symbol) [0x0x7ff7abaa0e5f]
	(No symbol) [0x0x7ff7abb374ec]
	(No symbol) [0x0x7ff7abb4ed0a]
	(No symbol) [0x0x7ff7abb31df3]
	(No symbol) [0x0x7ff7abb05b36]
	(No symbol) [0x0x7ff7abb04d80]
	(No symbol) [0x0x7ff7abb05973]
	(No symbol) [0x0x7ff7abbce4a5]
	(No symbol) [0x0x7ff7abbca75d]
	GetHandleVerifier [0x0x7ff7abd7d2b3+226019]
	GetHandleVerifier [0x0x7ff7abd6c481+156849]
	GetHandleVerifier [0x0x7ff7abd74979+190889]
	GetHandleVerifier [0x0x7ff7abd59bb4+80868]
	GetHandleVerifier [0x0x7ff7abd59d03+81203]
	GetHandleVerifier [0x0x7ff7abd48286+8886]
	BaseThreadInitThunk [0x0x7ff9c9b0e8d7+23]
	RtlUserThreadStart [0x0x7ff9cb08c53c+44]

[2025-11-19T12:57:39.442047] SCRAPER ratings fetch page 70 offset 1380 failed (attempt 5/5): Message: no such window: target window already closed
from unknown error: web view not found
  (Session info: MicrosoftEdge=142.0.3595.80)
Stacktrace:
	GetHandleVerifier [0x0x7ff7abd52a75+51877]
	GetHandleVerifier [0x0x7ff7abd52ad4+51972]
	GetHandleVerifier [0x0x7ff7abf09425+1848405]
	(No symbol) [0x0x7ff7abaa0e5f]
	(No symbol) [0x0x7ff7abb374ec]
	(No symbol) [0x0x7ff7abb4ed0a]
	(No symbol) [0x0x7ff7abb31df3]
	(No symbol) [0x0x7ff7abb05b36]
	(No symbol) [0x0x7ff7abb04d80]
	(No symbol) [0x0x7ff7abb05973]
	(No symbol) [0x0x7ff7abbce4a5]
	(No symbol) [0x0x7ff7abbca75d]
	GetHandleVerifier [0x0x7ff7abd7d2b3+226019]
	GetHandleVerifier [0x0x7ff7abd6c481+156849]
	GetHandleVerifier [0x0x7ff7abd74979+190889]
	GetHandleVerifier [0x0x7ff7abd59bb4+80868]
	GetHandleVerifier [0x0x7ff7abd59d03+81203]
	GetHandleVerifier [0x0x7ff7abd48286+8886]
	BaseThreadInitThunk [0x0x7ff9c9b0e8d7+23]
	RtlUserThreadStart [0x0x7ff9cb08c53c+44]

[2025-11-19T12:57:44.452733] SCRAPER skip page 70 after 5 failures; lanjut halaman berikutnya
[2025-11-19T12:57:44.454734] SCRAPER ratings fetch page 71 offset 1400 failed (attempt 1/5): Message: no such window: target window already closed
from unknown error: web view not found
  (Session info: MicrosoftEdge=142.0.3595.80)
Stacktrace:
	GetHandleVerifier [0x0x7ff7abd52a75+51877]
	GetHandleVerifier [0x0x7ff7abd52ad4+51972]
	GetHandleVerifier [0x0x7ff7abf09425+1848405]
	(No symbol) [0x0x7ff7abaa0e5f]
	(No symbol) [0x0x7ff7abb374ec]
	(No symbol) [0x0x7ff7abb4ed0a]
	(No symbol) [0x0x7ff7abb31df3]
	(No symbol) [0x0x7ff7abb05b36]
	(No symbol) [0x0x7ff7abb04d80]
	(No symbol) [0x0x7ff7abb05973]
	(No symbol) [0x0x7ff7abbce4a5]
	(No symbol) [0x0x7ff7abbca75d]
	GetHandleVerifier [0x0x7ff7abd7d2b3+226019]
	GetHandleVerifier [0x0x7ff7abd6c481+156849]
	GetHandleVerifier [0x0x7ff7abd74979+190889]
	GetHandleVerifier [0x0x7ff7abd59bb4+80868]
	GetHandleVerifier [0x0x7ff7abd59d03+81203]
	GetHandleVerifier [0x0x7ff7abd48286+8886]
	BaseThreadInitThunk [0x0x7ff9c9b0e8d7+23]
	RtlUserThreadStart [0x0x7ff9cb08c53c+44]

[2025-11-19T12:57:46.466686] SCRAPER ratings fetch page 71 offset 1400 failed (attempt 2/5): Message: no such window: target window already closed
from unknown error: web view not found
  (Session info: MicrosoftEdge=142.0.3595.80)
Stacktrace:
	GetHandleVerifier [0x0x7ff7abd52a75+51877]
	GetHandleVerifier [0x0x7ff7abd52ad4+51972]
	GetHandleVerifier [0x0x7ff7abf09425+1848405]
	(No symbol) [0x0x7ff7abaa0e5f]
	(No symbol) [0x0x7ff7abb374ec]
	(No symbol) [0x0x7ff7abb4ed0a]
	(No symbol) [0x0x7ff7abb31df3]
	(No symbol) [0x0x7ff7abb05b36]
	(No symbol) [0x0x7ff7abb04d80]
	(No symbol) [0x0x7ff7abb05973]
	(No symbol) [0x0x7ff7abbce4a5]
	(No symbol) [0x0x7ff7abbca75d]
	GetHandleVerifier [0x0x7ff7abd7d2b3+226019]
	GetHandleVerifier [0x0x7ff7abd6c481+156849]
	GetHandleVerifier [0x0x7ff7abd74979+190889]
	GetHandleVerifier [0x0x7ff7abd59bb4+80868]
	GetHandleVerifier [0x0x7ff7abd59d03+81203]
	GetHandleVerifier [0x0x7ff7abd48286+8886]
	BaseThreadInitThunk [0x0x7ff9c9b0e8d7+23]
	RtlUserThreadStart [0x0x7ff9cb08c53c+44]

[2025-11-19T12:57:49.480409] SCRAPER ratings fetch page 71 offset 1400 failed (attempt 3/5): Message: no such window: target window already closed
from unknown error: web view not found
  (Session info: MicrosoftEdge=142.0.3595.80)
Stacktrace:
	GetHandleVerifier [0x0x7ff7abd52a75+51877]
	GetHandleVerifier [0x0x7ff7abd52ad4+51972]
	GetHandleVerifier [0x0x7ff7abf09425+1848405]
	(No symbol) [0x0x7ff7abaa0e5f]
	(No symbol) [0x0x7ff7abb374ec]
	(No symbol) [0x0x7ff7abb4ed0a]
	(No symbol) [0x0x7ff7abb31df3]
	(No symbol) [0x0x7ff7abb05b36]
	(No symbol) [0x0x7ff7abb04d80]
	(No symbol) [0x0x7ff7abb05973]
	(No symbol) [0x0x7ff7abbce4a5]
	(No symbol) [0x0x7ff7abbca75d]
	GetHandleVerifier [0x0x7ff7abd7d2b3+226019]
	GetHandleVerifier [0x0x7ff7abd6c481+156849]
	GetHandleVerifier [0x0x7ff7abd74979+190889]
	GetHandleVerifier [0x0x7ff7abd59bb4+80868]
	GetHandleVerifier [0x0x7ff7abd59d03+81203]
	GetHandleVerifier [0x0x7ff7abd48286+8886]
	BaseThreadInitThunk [0x0x7ff9c9b0e8d7+23]
	RtlUserThreadStart [0x0x7ff9cb08c53c+44]

[2025-11-19T12:57:53.498163] SCRAPER ratings fetch page 71 offset 1400 failed (attempt 4/5): Message: no such window: target window already closed
from unknown error: web view not found
  (Session info: MicrosoftEdge=142.0.3595.80)
Stacktrace:
	GetHandleVerifier [0x0x7ff7abd52a75+51877]
	GetHandleVerifier [0x0x7ff7abd52ad4+51972]
	GetHandleVerifier [0x0x7ff7abf09425+1848405]
	(No symbol) [0x0x7ff7abaa0e5f]
	(No symbol) [0x0x7ff7abb374ec]
	(No symbol) [0x0x7ff7abb4ed0a]
	(No symbol) [0x0x7ff7abb31df3]
	(No symbol) [0x0x7ff7abb05b36]
	(No symbol) [0x0x7ff7abb04d80]
	(No symbol) [0x0x7ff7abb05973]
	(No symbol) [0x0x7ff7abbce4a5]
	(No symbol) [0x0x7ff7abbca75d]
	GetHandleVerifier [0x0x7ff7abd7d2b3+226019]
	GetHandleVerifier [0x0x7ff7abd6c481+156849]
	GetHandleVerifier [0x0x7ff7abd74979+190889]
	GetHandleVerifier [0x0x7ff7abd59bb4+80868]
	GetHandleVerifier [0x0x7ff7abd59d03+81203]
	GetHandleVerifier [0x0x7ff7abd48286+8886]
	BaseThreadInitThunk [0x0x7ff9c9b0e8d7+23]
	RtlUserThreadStart [0x0x7ff9cb08c53c+44]

[2025-11-19T12:57:58.511088] SCRAPER ratings fetch page 71 offset 1400 failed (attempt 5/5): Message: no such window: target window already closed
from unknown error: web view not found
  (Session info: MicrosoftEdge=142.0.3595.80)
Stacktrace:
	GetHandleVerifier [0x0x7ff7abd52a75+51877]
	GetHandleVerifier [0x0x7ff7abd52ad4+51972]
	GetHandleVerifier [0x0x7ff7abf09425+1848405]
	(No symbol) [0x0x7ff7abaa0e5f]
	(No symbol) [0x0x7ff7abb374ec]
	(No symbol) [0x0x7ff7abb4ed0a]
	(No symbol) [0x0x7ff7abb31df3]
	(No symbol) [0x0x7ff7abb05b36]
	(No symbol) [0x0x7ff7abb04d80]
	(No symbol) [0x0x7ff7abb05973]
	(No symbol) [0x0x7ff7abbce4a5]
	(No symbol) [0x0x7ff7abbca75d]
	GetHandleVerifier [0x0x7ff7abd7d2b3+226019]
	GetHandleVerifier [0x0x7ff7abd6c481+156849]
	GetHandleVerifier [0x0x7ff7abd74979+190889]
	GetHandleVerifier [0x0x7ff7abd59bb4+80868]
	GetHandleVerifier [0x0x7ff7abd59d03+81203]
	GetHandleVerifier [0x0x7ff7abd48286+8886]
	BaseThreadInitThunk [0x0x7ff9c9b0e8d7+23]
	RtlUserThreadStart [0x0x7ff9cb08c53c+44]

[2025-11-19T12:58:03.514853] SCRAPER skip page 71 after 5 failures; lanjut halaman berikutnya
[2025-11-19T12:58:03.518733] SCRAPER ratings fetch page 72 offset 1420 failed (attempt 1/5): Message: no such window: target window already closed
from unknown error: web view not found
  (Session info: MicrosoftEdge=142.0.3595.80)
Stacktrace:
	GetHandleVerifier [0x0x7ff7abd52a75+51877]
	GetHandleVerifier [0x0x7ff7abd52ad4+51972]
	GetHandleVerifier [0x0x7ff7abf09425+1848405]
	(No symbol) [0x0x7ff7abaa0e5f]
	(No symbol) [0x0x7ff7abb374ec]
	(No symbol) [0x0x7ff7abb4ed0a]
	(No symbol) [0x0x7ff7abb31df3]
	(No symbol) [0x0x7ff7abb05b36]
	(No symbol) [0x0x7ff7abb04d80]
	(No symbol) [0x0x7ff7abb05973]
	(No symbol) [0x0x7ff7abbce4a5]
	(No symbol) [0x0x7ff7abbca75d]
	GetHandleVerifier [0x0x7ff7abd7d2b3+226019]
	GetHandleVerifier [0x0x7ff7abd6c481+156849]
	GetHandleVerifier [0x0x7ff7abd74979+190889]
	GetHandleVerifier [0x0x7ff7abd59bb4+80868]
	GetHandleVerifier [0x0x7ff7abd59d03+81203]
	GetHandleVerifier [0x0x7ff7abd48286+8886]
	BaseThreadInitThunk [0x0x7ff9c9b0e8d7+23]
	RtlUserThreadStart [0x0x7ff9cb08c53c+44]

[2025-11-19T12:58:05.533556] SCRAPER ratings fetch page 72 offset 1420 failed (attempt 2/5): Message: no such window: target window already closed
from unknown error: web view not found
  (Session info: MicrosoftEdge=142.0.3595.80)
Stacktrace:
	GetHandleVerifier [0x0x7ff7abd52a75+51877]
	GetHandleVerifier [0x0x7ff7abd52ad4+51972]
	GetHandleVerifier [0x0x7ff7abf09425+1848405]
	(No symbol) [0x0x7ff7abaa0e5f]
	(No symbol) [0x0x7ff7abb374ec]
	(No symbol) [0x0x7ff7abb4ed0a]
	(No symbol) [0x0x7ff7abb31df3]
	(No symbol) [0x0x7ff7abb05b36]
	(No symbol) [0x0x7ff7abb04d80]
	(No symbol) [0x0x7ff7abb05973]
	(No symbol) [0x0x7ff7abbce4a5]
	(No symbol) [0x0x7ff7abbca75d]
	GetHandleVerifier [0x0x7ff7abd7d2b3+226019]
	GetHandleVerifier [0x0x7ff7abd6c481+156849]
	GetHandleVerifier [0x0x7ff7abd74979+190889]
	GetHandleVerifier [0x0x7ff7abd59bb4+80868]
	GetHandleVerifier [0x0x7ff7abd59d03+81203]
	GetHandleVerifier [0x0x7ff7abd48286+8886]
	BaseThreadInitThunk [0x0x7ff9c9b0e8d7+23]
	RtlUserThreadStart [0x0x7ff9cb08c53c+44]

[2025-11-19T12:58:08.543106] SCRAPER ratings fetch page 72 offset 1420 failed (attempt 3/5): Message: no such window: target window already closed
from unknown error: web view not found
  (Session info: MicrosoftEdge=142.0.3595.80)
Stacktrace:
	GetHandleVerifier [0x0x7ff7abd52a75+51877]
	GetHandleVerifier [0x0x7ff7abd52ad4+51972]
	GetHandleVerifier [0x0x7ff7abf09425+1848405]
	(No symbol) [0x0x7ff7abaa0e5f]
	(No symbol) [0x0x7ff7abb374ec]
	(No symbol) [0x0x7ff7abb4ed0a]
	(No symbol) [0x0x7ff7abb31df3]
	(No symbol) [0x0x7ff7abb05b36]
	(No symbol) [0x0x7ff7abb04d80]
	(No symbol) [0x0x7ff7abb05973]
	(No symbol) [0x0x7ff7abbce4a5]
	(No symbol) [0x0x7ff7abbca75d]
	GetHandleVerifier [0x0x7ff7abd7d2b3+226019]
	GetHandleVerifier [0x0x7ff7abd6c481+156849]
	GetHandleVerifier [0x0x7ff7abd74979+190889]
	GetHandleVerifier [0x0x7ff7abd59bb4+80868]
	GetHandleVerifier [0x0x7ff7abd59d03+81203]
	GetHandleVerifier [0x0x7ff7abd48286+8886]
	BaseThreadInitThunk [0x0x7ff9c9b0e8d7+23]
	RtlUserThreadStart [0x0x7ff9cb08c53c+44]

[2025-11-19T12:58:12.558954] SCRAPER ratings fetch page 72 offset 1420 failed (attempt 4/5): Message: no such window: target window already closed
from unknown error: web view not found
  (Session info: MicrosoftEdge=142.0.3595.80)
Stacktrace:
	GetHandleVerifier [0x0x7ff7abd52a75+51877]
	GetHandleVerifier [0x0x7ff7abd52ad4+51972]
	GetHandleVerifier [0x0x7ff7abf09425+1848405]
	(No symbol) [0x0x7ff7abaa0e5f]
	(No symbol) [0x0x7ff7abb374ec]
	(No symbol) [0x0x7ff7abb4ed0a]
	(No symbol) [0x0x7ff7abb31df3]
	(No symbol) [0x0x7ff7abb05b36]
	(No symbol) [0x0x7ff7abb04d80]
	(No symbol) [0x0x7ff7abb05973]
	(No symbol) [0x0x7ff7abbce4a5]
	(No symbol) [0x0x7ff7abbca75d]
	GetHandleVerifier [0x0x7ff7abd7d2b3+226019]
	GetHandleVerifier [0x0x7ff7abd6c481+156849]
	GetHandleVerifier [0x0x7ff7abd74979+190889]
	GetHandleVerifier [0x0x7ff7abd59bb4+80868]
	GetHandleVerifier [0x0x7ff7abd59d03+81203]
	GetHandleVerifier [0x0x7ff7abd48286+8886]
	BaseThreadInitThunk [0x0x7ff9c9b0e8d7+23]
	RtlUserThreadStart [0x0x7ff9cb08c53c+44]

[2025-11-19T12:58:17.565028] SCRAPER ratings fetch page 72 offset 1420 failed (attempt 5/5): Message: no such window: target window already closed
from unknown error: web view not found
  (Session info: MicrosoftEdge=142.0.3595.80)
Stacktrace:
	GetHandleVerifier [0x0x7ff7abd52a75+51877]
	GetHandleVerifier [0x0x7ff7abd52ad4+51972]
	GetHandleVerifier [0x0x7ff7abf09425+1848405]
	(No symbol) [0x0x7ff7abaa0e5f]
	(No symbol) [0x0x7ff7abb374ec]
	(No symbol) [0x0x7ff7abb4ed0a]
	(No symbol) [0x0x7ff7abb31df3]
	(No symbol) [0x0x7ff7abb05b36]
	(No symbol) [0x0x7ff7abb04d80]
	(No symbol) [0x0x7ff7abb05973]
	(No symbol) [0x0x7ff7abbce4a5]
	(No symbol) [0x0x7ff7abbca75d]
	GetHandleVerifier [0x0x7ff7abd7d2b3+226019]
	GetHandleVerifier [0x0x7ff7abd6c481+156849]
	GetHandleVerifier [0x0x7ff7abd74979+190889]
	GetHandleVerifier [0x0x7ff7abd59bb4+80868]
	GetHandleVerifier [0x0x7ff7abd59d03+81203]
	GetHandleVerifier [0x0x7ff7abd48286+8886]
	BaseThreadInitThunk [0x0x7ff9c9b0e8d7+23]
	RtlUserThreadStart [0x0x7ff9cb08c53c+44]

[2025-11-19T12:58:22.566378] SCRAPER skip page 72 after 5 failures; lanjut halaman berikutnya
[2025-11-19T12:58:22.568894] SCRAPER ratings fetch page 73 offset 1440 failed (attempt 1/5): Message: no such window: target window already closed
from unknown error: web view not found
  (Session info: MicrosoftEdge=142.0.3595.80)
Stacktrace:
	GetHandleVerifier [0x0x7ff7abd52a75+51877]
	GetHandleVerifier [0x0x7ff7abd52ad4+51972]
	GetHandleVerifier [0x0x7ff7abf09425+1848405]
	(No symbol) [0x0x7ff7abaa0e5f]
	(No symbol) [0x0x7ff7abb374ec]
	(No symbol) [0x0x7ff7abb4ed0a]
	(No symbol) [0x0x7ff7abb31df3]
	(No symbol) [0x0x7ff7abb05b36]
	(No symbol) [0x0x7ff7abb04d80]
	(No symbol) [0x0x7ff7abb05973]
	(No symbol) [0x0x7ff7abbce4a5]
	(No symbol) [0x0x7ff7abbca75d]
	GetHandleVerifier [0x0x7ff7abd7d2b3+226019]
	GetHandleVerifier [0x0x7ff7abd6c481+156849]
	GetHandleVerifier [0x0x7ff7abd74979+190889]
	GetHandleVerifier [0x0x7ff7abd59bb4+80868]
	GetHandleVerifier [0x0x7ff7abd59d03+81203]
	GetHandleVerifier [0x0x7ff7abd48286+8886]
	BaseThreadInitThunk [0x0x7ff9c9b0e8d7+23]
	RtlUserThreadStart [0x0x7ff9cb08c53c+44]

[2025-11-19T12:58:24.573061] SCRAPER ratings fetch page 73 offset 1440 failed (attempt 2/5): Message: no such window: target window already closed
from unknown error: web view not found
  (Session info: MicrosoftEdge=142.0.3595.80)
Stacktrace:
	GetHandleVerifier [0x0x7ff7abd52a75+51877]
	GetHandleVerifier [0x0x7ff7abd52ad4+51972]
	GetHandleVerifier [0x0x7ff7abf09425+1848405]
	(No symbol) [0x0x7ff7abaa0e5f]
	(No symbol) [0x0x7ff7abb374ec]
	(No symbol) [0x0x7ff7abb4ed0a]
	(No symbol) [0x0x7ff7abb31df3]
	(No symbol) [0x0x7ff7abb05b36]
	(No symbol) [0x0x7ff7abb04d80]
	(No symbol) [0x0x7ff7abb05973]
	(No symbol) [0x0x7ff7abbce4a5]
	(No symbol) [0x0x7ff7abbca75d]
	GetHandleVerifier [0x0x7ff7abd7d2b3+226019]
	GetHandleVerifier [0x0x7ff7abd6c481+156849]
	GetHandleVerifier [0x0x7ff7abd74979+190889]
	GetHandleVerifier [0x0x7ff7abd59bb4+80868]
	GetHandleVerifier [0x0x7ff7abd59d03+81203]
	GetHandleVerifier [0x0x7ff7abd48286+8886]
	BaseThreadInitThunk [0x0x7ff9c9b0e8d7+23]
	RtlUserThreadStart [0x0x7ff9cb08c53c+44]

[2025-11-19T12:58:27.585212] SCRAPER ratings fetch page 73 offset 1440 failed (attempt 3/5): Message: no such window: target window already closed
from unknown error: web view not found
  (Session info: MicrosoftEdge=142.0.3595.80)
Stacktrace:
	GetHandleVerifier [0x0x7ff7abd52a75+51877]
	GetHandleVerifier [0x0x7ff7abd52ad4+51972]
	GetHandleVerifier [0x0x7ff7abf09425+1848405]
	(No symbol) [0x0x7ff7abaa0e5f]
	(No symbol) [0x0x7ff7abb374ec]
	(No symbol) [0x0x7ff7abb4ed0a]
	(No symbol) [0x0x7ff7abb31df3]
	(No symbol) [0x0x7ff7abb05b36]
	(No symbol) [0x0x7ff7abb04d80]
	(No symbol) [0x0x7ff7abb05973]
	(No symbol) [0x0x7ff7abbce4a5]
	(No symbol) [0x0x7ff7abbca75d]
	GetHandleVerifier [0x0x7ff7abd7d2b3+226019]
	GetHandleVerifier [0x0x7ff7abd6c481+156849]
	GetHandleVerifier [0x0x7ff7abd74979+190889]
	GetHandleVerifier [0x0x7ff7abd59bb4+80868]
	GetHandleVerifier [0x0x7ff7abd59d03+81203]
	GetHandleVerifier [0x0x7ff7abd48286+8886]
	BaseThreadInitThunk [0x0x7ff9c9b0e8d7+23]
	RtlUserThreadStart [0x0x7ff9cb08c53c+44]

[2025-11-19T12:58:31.601533] SCRAPER ratings fetch page 73 offset 1440 failed (attempt 4/5): Message: no such window: target window already closed
from unknown error: web view not found
  (Session info: MicrosoftEdge=142.0.3595.80)
Stacktrace:
	GetHandleVerifier [0x0x7ff7abd52a75+51877]
	GetHandleVerifier [0x0x7ff7abd52ad4+51972]
	GetHandleVerifier [0x0x7ff7abf09425+1848405]
	(No symbol) [0x0x7ff7abaa0e5f]
	(No symbol) [0x0x7ff7abb374ec]
	(No symbol) [0x0x7ff7abb4ed0a]
	(No symbol) [0x0x7ff7abb31df3]
	(No symbol) [0x0x7ff7abb05b36]
	(No symbol) [0x0x7ff7abb04d80]
	(No symbol) [0x0x7ff7abb05973]
	(No symbol) [0x0x7ff7abbce4a5]
	(No symbol) [0x0x7ff7abbca75d]
	GetHandleVerifier [0x0x7ff7abd7d2b3+226019]
	GetHandleVerifier [0x0x7ff7abd6c481+156849]
	GetHandleVerifier [0x0x7ff7abd74979+190889]
	GetHandleVerifier [0x0x7ff7abd59bb4+80868]
	GetHandleVerifier [0x0x7ff7abd59d03+81203]
	GetHandleVerifier [0x0x7ff7abd48286+8886]
	BaseThreadInitThunk [0x0x7ff9c9b0e8d7+23]
	RtlUserThreadStart [0x0x7ff9cb08c53c+44]

[2025-11-19T12:58:36.616625] SCRAPER ratings fetch page 73 offset 1440 failed (attempt 5/5): Message: no such window: target window already closed
from unknown error: web view not found
  (Session info: MicrosoftEdge=142.0.3595.80)
Stacktrace:
	GetHandleVerifier [0x0x7ff7abd52a75+51877]
	GetHandleVerifier [0x0x7ff7abd52ad4+51972]
	GetHandleVerifier [0x0x7ff7abf09425+1848405]
	(No symbol) [0x0x7ff7abaa0e5f]
	(No symbol) [0x0x7ff7abb374ec]
	(No symbol) [0x0x7ff7abb4ed0a]
	(No symbol) [0x0x7ff7abb31df3]
	(No symbol) [0x0x7ff7abb05b36]
	(No symbol) [0x0x7ff7abb04d80]
	(No symbol) [0x0x7ff7abb05973]
	(No symbol) [0x0x7ff7abbce4a5]
	(No symbol) [0x0x7ff7abbca75d]
	GetHandleVerifier [0x0x7ff7abd7d2b3+226019]
	GetHandleVerifier [0x0x7ff7abd6c481+156849]
	GetHandleVerifier [0x0x7ff7abd74979+190889]
	GetHandleVerifier [0x0x7ff7abd59bb4+80868]
	GetHandleVerifier [0x0x7ff7abd59d03+81203]
	GetHandleVerifier [0x0x7ff7abd48286+8886]
	BaseThreadInitThunk [0x0x7ff9c9b0e8d7+23]
	RtlUserThreadStart [0x0x7ff9cb08c53c+44]

[2025-11-19T12:58:41.619870] SCRAPER skip page 73 after 5 failures; lanjut halaman berikutnya
[2025-11-19T12:58:41.621367] SCRAPER ratings fetch page 74 offset 1460 failed (attempt 1/5): Message: no such window: target window already closed
from unknown error: web view not found
  (Session info: MicrosoftEdge=142.0.3595.80)
Stacktrace:
	GetHandleVerifier [0x0x7ff7abd52a75+51877]
	GetHandleVerifier [0x0x7ff7abd52ad4+51972]
	GetHandleVerifier [0x0x7ff7abf09425+1848405]
	(No symbol) [0x0x7ff7abaa0e5f]
	(No symbol) [0x0x7ff7abb374ec]
	(No symbol) [0x0x7ff7abb4ed0a]
	(No symbol) [0x0x7ff7abb31df3]
	(No symbol) [0x0x7ff7abb05b36]
	(No symbol) [0x0x7ff7abb04d80]
	(No symbol) [0x0x7ff7abb05973]
	(No symbol) [0x0x7ff7abbce4a5]
	(No symbol) [0x0x7ff7abbca75d]
	GetHandleVerifier [0x0x7ff7abd7d2b3+226019]
	GetHandleVerifier [0x0x7ff7abd6c481+156849]
	GetHandleVerifier [0x0x7ff7abd74979+190889]
	GetHandleVerifier [0x0x7ff7abd59bb4+80868]
	GetHandleVerifier [0x0x7ff7abd59d03+81203]
	GetHandleVerifier [0x0x7ff7abd48286+8886]
	BaseThreadInitThunk [0x0x7ff9c9b0e8d7+23]
	RtlUserThreadStart [0x0x7ff9cb08c53c+44]

[2025-11-19T12:58:43.629092] SCRAPER ratings fetch page 74 offset 1460 failed (attempt 2/5): Message: no such window: target window already closed
from unknown error: web view not found
  (Session info: MicrosoftEdge=142.0.3595.80)
Stacktrace:
	GetHandleVerifier [0x0x7ff7abd52a75+51877]
	GetHandleVerifier [0x0x7ff7abd52ad4+51972]
	GetHandleVerifier [0x0x7ff7abf09425+1848405]
	(No symbol) [0x0x7ff7abaa0e5f]
	(No symbol) [0x0x7ff7abb374ec]
	(No symbol) [0x0x7ff7abb4ed0a]
	(No symbol) [0x0x7ff7abb31df3]
	(No symbol) [0x0x7ff7abb05b36]
	(No symbol) [0x0x7ff7abb04d80]
	(No symbol) [0x0x7ff7abb05973]
	(No symbol) [0x0x7ff7abbce4a5]
	(No symbol) [0x0x7ff7abbca75d]
	GetHandleVerifier [0x0x7ff7abd7d2b3+226019]
	GetHandleVerifier [0x0x7ff7abd6c481+156849]
	GetHandleVerifier [0x0x7ff7abd74979+190889]
	GetHandleVerifier [0x0x7ff7abd59bb4+80868]
	GetHandleVerifier [0x0x7ff7abd59d03+81203]
	GetHandleVerifier [0x0x7ff7abd48286+8886]
	BaseThreadInitThunk [0x0x7ff9c9b0e8d7+23]
	RtlUserThreadStart [0x0x7ff9cb08c53c+44]

[2025-11-19T12:58:46.636461] SCRAPER ratings fetch page 74 offset 1460 failed (attempt 3/5): Message: no such window: target window already closed
from unknown error: web view not found
  (Session info: MicrosoftEdge=142.0.3595.80)
Stacktrace:
	GetHandleVerifier [0x0x7ff7abd52a75+51877]
	GetHandleVerifier [0x0x7ff7abd52ad4+51972]
	GetHandleVerifier [0x0x7ff7abf09425+1848405]
	(No symbol) [0x0x7ff7abaa0e5f]
	(No symbol) [0x0x7ff7abb374ec]
	(No symbol) [0x0x7ff7abb4ed0a]
	(No symbol) [0x0x7ff7abb31df3]
	(No symbol) [0x0x7ff7abb05b36]
	(No symbol) [0x0x7ff7abb04d80]
	(No symbol) [0x0x7ff7abb05973]
	(No symbol) [0x0x7ff7abbce4a5]
	(No symbol) [0x0x7ff7abbca75d]
	GetHandleVerifier [0x0x7ff7abd7d2b3+226019]
	GetHandleVerifier [0x0x7ff7abd6c481+156849]
	GetHandleVerifier [0x0x7ff7abd74979+190889]
	GetHandleVerifier [0x0x7ff7abd59bb4+80868]
	GetHandleVerifier [0x0x7ff7abd59d03+81203]
	GetHandleVerifier [0x0x7ff7abd48286+8886]
	BaseThreadInitThunk [0x0x7ff9c9b0e8d7+23]
	RtlUserThreadStart [0x0x7ff9cb08c53c+44]

[2025-11-19T12:58:50.647908] SCRAPER ratings fetch page 74 offset 1460 failed (attempt 4/5): Message: no such window: target window already closed
from unknown error: web view not found
  (Session info: MicrosoftEdge=142.0.3595.80)
Stacktrace:
	GetHandleVerifier [0x0x7ff7abd52a75+51877]
	GetHandleVerifier [0x0x7ff7abd52ad4+51972]
	GetHandleVerifier [0x0x7ff7abf09425+1848405]
	(No symbol) [0x0x7ff7abaa0e5f]
	(No symbol) [0x0x7ff7abb374ec]
	(No symbol) [0x0x7ff7abb4ed0a]
	(No symbol) [0x0x7ff7abb31df3]
	(No symbol) [0x0x7ff7abb05b36]
	(No symbol) [0x0x7ff7abb04d80]
	(No symbol) [0x0x7ff7abb05973]
	(No symbol) [0x0x7ff7abbce4a5]
	(No symbol) [0x0x7ff7abbca75d]
	GetHandleVerifier [0x0x7ff7abd7d2b3+226019]
	GetHandleVerifier [0x0x7ff7abd6c481+156849]
	GetHandleVerifier [0x0x7ff7abd74979+190889]
	GetHandleVerifier [0x0x7ff7abd59bb4+80868]
	GetHandleVerifier [0x0x7ff7abd59d03+81203]
	GetHandleVerifier [0x0x7ff7abd48286+8886]
	BaseThreadInitThunk [0x0x7ff9c9b0e8d7+23]
	RtlUserThreadStart [0x0x7ff9cb08c53c+44]

[2025-11-19T12:58:55.657779] SCRAPER ratings fetch page 74 offset 1460 failed (attempt 5/5): Message: no such window: target window already closed
from unknown error: web view not found
  (Session info: MicrosoftEdge=142.0.3595.80)
Stacktrace:
	GetHandleVerifier [0x0x7ff7abd52a75+51877]
	GetHandleVerifier [0x0x7ff7abd52ad4+51972]
	GetHandleVerifier [0x0x7ff7abf09425+1848405]
	(No symbol) [0x0x7ff7abaa0e5f]
	(No symbol) [0x0x7ff7abb374ec]
	(No symbol) [0x0x7ff7abb4ed0a]
	(No symbol) [0x0x7ff7abb31df3]
	(No symbol) [0x0x7ff7abb05b36]
	(No symbol) [0x0x7ff7abb04d80]
	(No symbol) [0x0x7ff7abb05973]
	(No symbol) [0x0x7ff7abbce4a5]
	(No symbol) [0x0x7ff7abbca75d]
	GetHandleVerifier [0x0x7ff7abd7d2b3+226019]
	GetHandleVerifier [0x0x7ff7abd6c481+156849]
	GetHandleVerifier [0x0x7ff7abd74979+190889]
	GetHandleVerifier [0x0x7ff7abd59bb4+80868]
	GetHandleVerifier [0x0x7ff7abd59d03+81203]
	GetHandleVerifier [0x0x7ff7abd48286+8886]
	BaseThreadInitThunk [0x0x7ff9c9b0e8d7+23]
	RtlUserThreadStart [0x0x7ff9cb08c53c+44]

[2025-11-19T12:59:00.672793] SCRAPER skip page 74 after 5 failures; lanjut halaman berikutnya
[2025-11-19T12:59:00.674787] SCRAPER ratings fetch page 75 offset 1480 failed (attempt 1/5): Message: no such window: target window already closed
from unknown error: web view not found
  (Session info: MicrosoftEdge=142.0.3595.80)
Stacktrace:
	GetHandleVerifier [0x0x7ff7abd52a75+51877]
	GetHandleVerifier [0x0x7ff7abd52ad4+51972]
	GetHandleVerifier [0x0x7ff7abf09425+1848405]
	(No symbol) [0x0x7ff7abaa0e5f]
	(No symbol) [0x0x7ff7abb374ec]
	(No symbol) [0x0x7ff7abb4ed0a]
	(No symbol) [0x0x7ff7abb31df3]
	(No symbol) [0x0x7ff7abb05b36]
	(No symbol) [0x0x7ff7abb04d80]
	(No symbol) [0x0x7ff7abb05973]
	(No symbol) [0x0x7ff7abbce4a5]
	(No symbol) [0x0x7ff7abbca75d]
	GetHandleVerifier [0x0x7ff7abd7d2b3+226019]
	GetHandleVerifier [0x0x7ff7abd6c481+156849]
	GetHandleVerifier [0x0x7ff7abd74979+190889]
	GetHandleVerifier [0x0x7ff7abd59bb4+80868]
	GetHandleVerifier [0x0x7ff7abd59d03+81203]
	GetHandleVerifier [0x0x7ff7abd48286+8886]
	BaseThreadInitThunk [0x0x7ff9c9b0e8d7+23]
	RtlUserThreadStart [0x0x7ff9cb08c53c+44]

[2025-11-19T12:59:02.689142] SCRAPER ratings fetch page 75 offset 1480 failed (attempt 2/5): Message: no such window: target window already closed
from unknown error: web view not found
  (Session info: MicrosoftEdge=142.0.3595.80)
Stacktrace:
	GetHandleVerifier [0x0x7ff7abd52a75+51877]
	GetHandleVerifier [0x0x7ff7abd52ad4+51972]
	GetHandleVerifier [0x0x7ff7abf09425+1848405]
	(No symbol) [0x0x7ff7abaa0e5f]
	(No symbol) [0x0x7ff7abb374ec]
	(No symbol) [0x0x7ff7abb4ed0a]
	(No symbol) [0x0x7ff7abb31df3]
	(No symbol) [0x0x7ff7abb05b36]
	(No symbol) [0x0x7ff7abb04d80]
	(No symbol) [0x0x7ff7abb05973]
	(No symbol) [0x0x7ff7abbce4a5]
	(No symbol) [0x0x7ff7abbca75d]
	GetHandleVerifier [0x0x7ff7abd7d2b3+226019]
	GetHandleVerifier [0x0x7ff7abd6c481+156849]
	GetHandleVerifier [0x0x7ff7abd74979+190889]
	GetHandleVerifier [0x0x7ff7abd59bb4+80868]
	GetHandleVerifier [0x0x7ff7abd59d03+81203]
	GetHandleVerifier [0x0x7ff7abd48286+8886]
	BaseThreadInitThunk [0x0x7ff9c9b0e8d7+23]
	RtlUserThreadStart [0x0x7ff9cb08c53c+44]

[2025-11-19T12:59:05.701781] SCRAPER ratings fetch page 75 offset 1480 failed (attempt 3/5): Message: no such window: target window already closed
from unknown error: web view not found
  (Session info: MicrosoftEdge=142.0.3595.80)
Stacktrace:
	GetHandleVerifier [0x0x7ff7abd52a75+51877]
	GetHandleVerifier [0x0x7ff7abd52ad4+51972]
	GetHandleVerifier [0x0x7ff7abf09425+1848405]
	(No symbol) [0x0x7ff7abaa0e5f]
	(No symbol) [0x0x7ff7abb374ec]
	(No symbol) [0x0x7ff7abb4ed0a]
	(No symbol) [0x0x7ff7abb31df3]
	(No symbol) [0x0x7ff7abb05b36]
	(No symbol) [0x0x7ff7abb04d80]
	(No symbol) [0x0x7ff7abb05973]
	(No symbol) [0x0x7ff7abbce4a5]
	(No symbol) [0x0x7ff7abbca75d]
	GetHandleVerifier [0x0x7ff7abd7d2b3+226019]
	GetHandleVerifier [0x0x7ff7abd6c481+156849]
	GetHandleVerifier [0x0x7ff7abd74979+190889]
	GetHandleVerifier [0x0x7ff7abd59bb4+80868]
	GetHandleVerifier [0x0x7ff7abd59d03+81203]
	GetHandleVerifier [0x0x7ff7abd48286+8886]
	BaseThreadInitThunk [0x0x7ff9c9b0e8d7+23]
	RtlUserThreadStart [0x0x7ff9cb08c53c+44]

[2025-11-19T12:59:09.715794] SCRAPER ratings fetch page 75 offset 1480 failed (attempt 4/5): Message: no such window: target window already closed
from unknown error: web view not found
  (Session info: MicrosoftEdge=142.0.3595.80)
Stacktrace:
	GetHandleVerifier [0x0x7ff7abd52a75+51877]
	GetHandleVerifier [0x0x7ff7abd52ad4+51972]
	GetHandleVerifier [0x0x7ff7abf09425+1848405]
	(No symbol) [0x0x7ff7abaa0e5f]
	(No symbol) [0x0x7ff7abb374ec]
	(No symbol) [0x0x7ff7abb4ed0a]
	(No symbol) [0x0x7ff7abb31df3]
	(No symbol) [0x0x7ff7abb05b36]
	(No symbol) [0x0x7ff7abb04d80]
	(No symbol) [0x0x7ff7abb05973]
	(No symbol) [0x0x7ff7abbce4a5]
	(No symbol) [0x0x7ff7abbca75d]
	GetHandleVerifier [0x0x7ff7abd7d2b3+226019]
	GetHandleVerifier [0x0x7ff7abd6c481+156849]
	GetHandleVerifier [0x0x7ff7abd74979+190889]
	GetHandleVerifier [0x0x7ff7abd59bb4+80868]
	GetHandleVerifier [0x0x7ff7abd59d03+81203]
	GetHandleVerifier [0x0x7ff7abd48286+8886]
	BaseThreadInitThunk [0x0x7ff9c9b0e8d7+23]
	RtlUserThreadStart [0x0x7ff9cb08c53c+44]

[2025-11-19T12:59:14.730953] SCRAPER ratings fetch page 75 offset 1480 failed (attempt 5/5): Message: no such window: target window already closed
from unknown error: web view not found
  (Session info: MicrosoftEdge=142.0.3595.80)
Stacktrace:
	GetHandleVerifier [0x0x7ff7abd52a75+51877]
	GetHandleVerifier [0x0x7ff7abd52ad4+51972]
	GetHandleVerifier [0x0x7ff7abf09425+1848405]
	(No symbol) [0x0x7ff7abaa0e5f]
	(No symbol) [0x0x7ff7abb374ec]
	(No symbol) [0x0x7ff7abb4ed0a]
	(No symbol) [0x0x7ff7abb31df3]
	(No symbol) [0x0x7ff7abb05b36]
	(No symbol) [0x0x7ff7abb04d80]
	(No symbol) [0x0x7ff7abb05973]
	(No symbol) [0x0x7ff7abbce4a5]
	(No symbol) [0x0x7ff7abbca75d]
	GetHandleVerifier [0x0x7ff7abd7d2b3+226019]
	GetHandleVerifier [0x0x7ff7abd6c481+156849]
	GetHandleVerifier [0x0x7ff7abd74979+190889]
	GetHandleVerifier [0x0x7ff7abd59bb4+80868]
	GetHandleVerifier [0x0x7ff7abd59d03+81203]
	GetHandleVerifier [0x0x7ff7abd48286+8886]
	BaseThreadInitThunk [0x0x7ff9c9b0e8d7+23]
	RtlUserThreadStart [0x0x7ff9cb08c53c+44]

[2025-11-19T12:59:19.745002] SCRAPER skip page 75 after 5 failures; lanjut halaman berikutnya
[2025-11-19T12:59:19.746164] SCRAPER ratings fetch page 76 offset 1500 failed (attempt 1/5): Message: no such window: target window already closed
from unknown error: web view not found
  (Session info: MicrosoftEdge=142.0.3595.80)
Stacktrace:
	GetHandleVerifier [0x0x7ff7abd52a75+51877]
	GetHandleVerifier [0x0x7ff7abd52ad4+51972]
	GetHandleVerifier [0x0x7ff7abf09425+1848405]
	(No symbol) [0x0x7ff7abaa0e5f]
	(No symbol) [0x0x7ff7abb374ec]
	(No symbol) [0x0x7ff7abb4ed0a]
	(No symbol) [0x0x7ff7abb31df3]
	(No symbol) [0x0x7ff7abb05b36]
	(No symbol) [0x0x7ff7abb04d80]
	(No symbol) [0x0x7ff7abb05973]
	(No symbol) [0x0x7ff7abbce4a5]
	(No symbol) [0x0x7ff7abbca75d]
	GetHandleVerifier [0x0x7ff7abd7d2b3+226019]
	GetHandleVerifier [0x0x7ff7abd6c481+156849]
	GetHandleVerifier [0x0x7ff7abd74979+190889]
	GetHandleVerifier [0x0x7ff7abd59bb4+80868]
	GetHandleVerifier [0x0x7ff7abd59d03+81203]
	GetHandleVerifier [0x0x7ff7abd48286+8886]
	BaseThreadInitThunk [0x0x7ff9c9b0e8d7+23]
	RtlUserThreadStart [0x0x7ff9cb08c53c+44]

[2025-11-19T12:59:21.753778] SCRAPER ratings fetch page 76 offset 1500 failed (attempt 2/5): Message: no such window: target window already closed
from unknown error: web view not found
  (Session info: MicrosoftEdge=142.0.3595.80)
Stacktrace:
	GetHandleVerifier [0x0x7ff7abd52a75+51877]
	GetHandleVerifier [0x0x7ff7abd52ad4+51972]
	GetHandleVerifier [0x0x7ff7abf09425+1848405]
	(No symbol) [0x0x7ff7abaa0e5f]
	(No symbol) [0x0x7ff7abb374ec]
	(No symbol) [0x0x7ff7abb4ed0a]
	(No symbol) [0x0x7ff7abb31df3]
	(No symbol) [0x0x7ff7abb05b36]
	(No symbol) [0x0x7ff7abb04d80]
	(No symbol) [0x0x7ff7abb05973]
	(No symbol) [0x0x7ff7abbce4a5]
	(No symbol) [0x0x7ff7abbca75d]
	GetHandleVerifier [0x0x7ff7abd7d2b3+226019]
	GetHandleVerifier [0x0x7ff7abd6c481+156849]
	GetHandleVerifier [0x0x7ff7abd74979+190889]
	GetHandleVerifier [0x0x7ff7abd59bb4+80868]
	GetHandleVerifier [0x0x7ff7abd59d03+81203]
	GetHandleVerifier [0x0x7ff7abd48286+8886]
	BaseThreadInitThunk [0x0x7ff9c9b0e8d7+23]
	RtlUserThreadStart [0x0x7ff9cb08c53c+44]

[2025-11-19T12:59:24.755683] SCRAPER ratings fetch page 76 offset 1500 failed (attempt 3/5): Message: no such window: target window already closed
from unknown error: web view not found
  (Session info: MicrosoftEdge=142.0.3595.80)
Stacktrace:
	GetHandleVerifier [0x0x7ff7abd52a75+51877]
	GetHandleVerifier [0x0x7ff7abd52ad4+51972]
	GetHandleVerifier [0x0x7ff7abf09425+1848405]
	(No symbol) [0x0x7ff7abaa0e5f]
	(No symbol) [0x0x7ff7abb374ec]
	(No symbol) [0x0x7ff7abb4ed0a]
	(No symbol) [0x0x7ff7abb31df3]
	(No symbol) [0x0x7ff7abb05b36]
	(No symbol) [0x0x7ff7abb04d80]
	(No symbol) [0x0x7ff7abb05973]
	(No symbol) [0x0x7ff7abbce4a5]
	(No symbol) [0x0x7ff7abbca75d]
	GetHandleVerifier [0x0x7ff7abd7d2b3+226019]
	GetHandleVerifier [0x0x7ff7abd6c481+156849]
	GetHandleVerifier [0x0x7ff7abd74979+190889]
	GetHandleVerifier [0x0x7ff7abd59bb4+80868]
	GetHandleVerifier [0x0x7ff7abd59d03+81203]
	GetHandleVerifier [0x0x7ff7abd48286+8886]
	BaseThreadInitThunk [0x0x7ff9c9b0e8d7+23]
	RtlUserThreadStart [0x0x7ff9cb08c53c+44]

[2025-11-19T12:59:28.770297] SCRAPER ratings fetch page 76 offset 1500 failed (attempt 4/5): Message: no such window: target window already closed
from unknown error: web view not found
  (Session info: MicrosoftEdge=142.0.3595.80)
Stacktrace:
	GetHandleVerifier [0x0x7ff7abd52a75+51877]
	GetHandleVerifier [0x0x7ff7abd52ad4+51972]
	GetHandleVerifier [0x0x7ff7abf09425+1848405]
	(No symbol) [0x0x7ff7abaa0e5f]
	(No symbol) [0x0x7ff7abb374ec]
	(No symbol) [0x0x7ff7abb4ed0a]
	(No symbol) [0x0x7ff7abb31df3]
	(No symbol) [0x0x7ff7abb05b36]
	(No symbol) [0x0x7ff7abb04d80]
	(No symbol) [0x0x7ff7abb05973]
	(No symbol) [0x0x7ff7abbce4a5]
	(No symbol) [0x0x7ff7abbca75d]
	GetHandleVerifier [0x0x7ff7abd7d2b3+226019]
	GetHandleVerifier [0x0x7ff7abd6c481+156849]
	GetHandleVerifier [0x0x7ff7abd74979+190889]
	GetHandleVerifier [0x0x7ff7abd59bb4+80868]
	GetHandleVerifier [0x0x7ff7abd59d03+81203]
	GetHandleVerifier [0x0x7ff7abd48286+8886]
	BaseThreadInitThunk [0x0x7ff9c9b0e8d7+23]
	RtlUserThreadStart [0x0x7ff9cb08c53c+44]

[2025-11-19T12:59:33.776812] SCRAPER ratings fetch page 76 offset 1500 failed (attempt 5/5): Message: no such window: target window already closed
from unknown error: web view not found
  (Session info: MicrosoftEdge=142.0.3595.80)
Stacktrace:
	GetHandleVerifier [0x0x7ff7abd52a75+51877]
	GetHandleVerifier [0x0x7ff7abd52ad4+51972]
	GetHandleVerifier [0x0x7ff7abf09425+1848405]
	(No symbol) [0x0x7ff7abaa0e5f]
	(No symbol) [0x0x7ff7abb374ec]
	(No symbol) [0x0x7ff7abb4ed0a]
	(No symbol) [0x0x7ff7abb31df3]
	(No symbol) [0x0x7ff7abb05b36]
	(No symbol) [0x0x7ff7abb04d80]
	(No symbol) [0x0x7ff7abb05973]
	(No symbol) [0x0x7ff7abbce4a5]
	(No symbol) [0x0x7ff7abbca75d]
	GetHandleVerifier [0x0x7ff7abd7d2b3+226019]
	GetHandleVerifier [0x0x7ff7abd6c481+156849]
	GetHandleVerifier [0x0x7ff7abd74979+190889]
	GetHandleVerifier [0x0x7ff7abd59bb4+80868]
	GetHandleVerifier [0x0x7ff7abd59d03+81203]
	GetHandleVerifier [0x0x7ff7abd48286+8886]
	BaseThreadInitThunk [0x0x7ff9c9b0e8d7+23]
	RtlUserThreadStart [0x0x7ff9cb08c53c+44]

[2025-11-19T12:59:38.780200] SCRAPER skip page 76 after 5 failures; lanjut halaman berikutnya
[2025-11-19T12:59:38.782682] SCRAPER ratings fetch page 77 offset 1520 failed (attempt 1/5): Message: no such window: target window already closed
from unknown error: web view not found
  (Session info: MicrosoftEdge=142.0.3595.80)
Stacktrace:
	GetHandleVerifier [0x0x7ff7abd52a75+51877]
	GetHandleVerifier [0x0x7ff7abd52ad4+51972]
	GetHandleVerifier [0x0x7ff7abf09425+1848405]
	(No symbol) [0x0x7ff7abaa0e5f]
	(No symbol) [0x0x7ff7abb374ec]
	(No symbol) [0x0x7ff7abb4ed0a]
	(No symbol) [0x0x7ff7abb31df3]
	(No symbol) [0x0x7ff7abb05b36]
	(No symbol) [0x0x7ff7abb04d80]
	(No symbol) [0x0x7ff7abb05973]
	(No symbol) [0x0x7ff7abbce4a5]
	(No symbol) [0x0x7ff7abbca75d]
	GetHandleVerifier [0x0x7ff7abd7d2b3+226019]
	GetHandleVerifier [0x0x7ff7abd6c481+156849]
	GetHandleVerifier [0x0x7ff7abd74979+190889]
	GetHandleVerifier [0x0x7ff7abd59bb4+80868]
	GetHandleVerifier [0x0x7ff7abd59d03+81203]
	GetHandleVerifier [0x0x7ff7abd48286+8886]
	BaseThreadInitThunk [0x0x7ff9c9b0e8d7+23]
	RtlUserThreadStart [0x0x7ff9cb08c53c+44]

[2025-11-19T12:59:40.803364] SCRAPER ratings fetch page 77 offset 1520 failed (attempt 2/5): Message: no such window: target window already closed
from unknown error: web view not found
  (Session info: MicrosoftEdge=142.0.3595.80)
Stacktrace:
	GetHandleVerifier [0x0x7ff7abd52a75+51877]
	GetHandleVerifier [0x0x7ff7abd52ad4+51972]
	GetHandleVerifier [0x0x7ff7abf09425+1848405]
	(No symbol) [0x0x7ff7abaa0e5f]
	(No symbol) [0x0x7ff7abb374ec]
	(No symbol) [0x0x7ff7abb4ed0a]
	(No symbol) [0x0x7ff7abb31df3]
	(No symbol) [0x0x7ff7abb05b36]
	(No symbol) [0x0x7ff7abb04d80]
	(No symbol) [0x0x7ff7abb05973]
	(No symbol) [0x0x7ff7abbce4a5]
	(No symbol) [0x0x7ff7abbca75d]
	GetHandleVerifier [0x0x7ff7abd7d2b3+226019]
	GetHandleVerifier [0x0x7ff7abd6c481+156849]
	GetHandleVerifier [0x0x7ff7abd74979+190889]
	GetHandleVerifier [0x0x7ff7abd59bb4+80868]
	GetHandleVerifier [0x0x7ff7abd59d03+81203]
	GetHandleVerifier [0x0x7ff7abd48286+8886]
	BaseThreadInitThunk [0x0x7ff9c9b0e8d7+23]
	RtlUserThreadStart [0x0x7ff9cb08c53c+44]

[2025-11-19T12:59:43.813105] SCRAPER ratings fetch page 77 offset 1520 failed (attempt 3/5): Message: no such window: target window already closed
from unknown error: web view not found
  (Session info: MicrosoftEdge=142.0.3595.80)
Stacktrace:
	GetHandleVerifier [0x0x7ff7abd52a75+51877]
	GetHandleVerifier [0x0x7ff7abd52ad4+51972]
	GetHandleVerifier [0x0x7ff7abf09425+1848405]
	(No symbol) [0x0x7ff7abaa0e5f]
	(No symbol) [0x0x7ff7abb374ec]
	(No symbol) [0x0x7ff7abb4ed0a]
	(No symbol) [0x0x7ff7abb31df3]
	(No symbol) [0x0x7ff7abb05b36]
	(No symbol) [0x0x7ff7abb04d80]
	(No symbol) [0x0x7ff7abb05973]
	(No symbol) [0x0x7ff7abbce4a5]
	(No symbol) [0x0x7ff7abbca75d]
	GetHandleVerifier [0x0x7ff7abd7d2b3+226019]
	GetHandleVerifier [0x0x7ff7abd6c481+156849]
	GetHandleVerifier [0x0x7ff7abd74979+190889]
	GetHandleVerifier [0x0x7ff7abd59bb4+80868]
	GetHandleVerifier [0x0x7ff7abd59d03+81203]
	GetHandleVerifier [0x0x7ff7abd48286+8886]
	BaseThreadInitThunk [0x0x7ff9c9b0e8d7+23]
	RtlUserThreadStart [0x0x7ff9cb08c53c+44]

[2025-11-19T12:59:47.827955] SCRAPER ratings fetch page 77 offset 1520 failed (attempt 4/5): Message: no such window: target window already closed
from unknown error: web view not found
  (Session info: MicrosoftEdge=142.0.3595.80)
Stacktrace:
	GetHandleVerifier [0x0x7ff7abd52a75+51877]
	GetHandleVerifier [0x0x7ff7abd52ad4+51972]
	GetHandleVerifier [0x0x7ff7abf09425+1848405]
	(No symbol) [0x0x7ff7abaa0e5f]
	(No symbol) [0x0x7ff7abb374ec]
	(No symbol) [0x0x7ff7abb4ed0a]
	(No symbol) [0x0x7ff7abb31df3]
	(No symbol) [0x0x7ff7abb05b36]
	(No symbol) [0x0x7ff7abb04d80]
	(No symbol) [0x0x7ff7abb05973]
	(No symbol) [0x0x7ff7abbce4a5]
	(No symbol) [0x0x7ff7abbca75d]
	GetHandleVerifier [0x0x7ff7abd7d2b3+226019]
	GetHandleVerifier [0x0x7ff7abd6c481+156849]
	GetHandleVerifier [0x0x7ff7abd74979+190889]
	GetHandleVerifier [0x0x7ff7abd59bb4+80868]
	GetHandleVerifier [0x0x7ff7abd59d03+81203]
	GetHandleVerifier [0x0x7ff7abd48286+8886]
	BaseThreadInitThunk [0x0x7ff9c9b0e8d7+23]
	RtlUserThreadStart [0x0x7ff9cb08c53c+44]

[2025-11-19T12:59:52.837598] SCRAPER ratings fetch page 77 offset 1520 failed (attempt 5/5): Message: no such window: target window already closed
from unknown error: web view not found
  (Session info: MicrosoftEdge=142.0.3595.80)
Stacktrace:
	GetHandleVerifier [0x0x7ff7abd52a75+51877]
	GetHandleVerifier [0x0x7ff7abd52ad4+51972]
	GetHandleVerifier [0x0x7ff7abf09425+1848405]
	(No symbol) [0x0x7ff7abaa0e5f]
	(No symbol) [0x0x7ff7abb374ec]
	(No symbol) [0x0x7ff7abb4ed0a]
	(No symbol) [0x0x7ff7abb31df3]
	(No symbol) [0x0x7ff7abb05b36]
	(No symbol) [0x0x7ff7abb04d80]
	(No symbol) [0x0x7ff7abb05973]
	(No symbol) [0x0x7ff7abbce4a5]
	(No symbol) [0x0x7ff7abbca75d]
	GetHandleVerifier [0x0x7ff7abd7d2b3+226019]
	GetHandleVerifier [0x0x7ff7abd6c481+156849]
	GetHandleVerifier [0x0x7ff7abd74979+190889]
	GetHandleVerifier [0x0x7ff7abd59bb4+80868]
	GetHandleVerifier [0x0x7ff7abd59d03+81203]
	GetHandleVerifier [0x0x7ff7abd48286+8886]
	BaseThreadInitThunk [0x0x7ff9c9b0e8d7+23]
	RtlUserThreadStart [0x0x7ff9cb08c53c+44]

[2025-11-19T12:59:57.846682] SCRAPER skip page 77 after 5 failures; lanjut halaman berikutnya
[2025-11-19T12:59:57.848576] SCRAPER ratings fetch page 78 offset 1540 failed (attempt 1/5): Message: no such window: target window already closed
from unknown error: web view not found
  (Session info: MicrosoftEdge=142.0.3595.80)
Stacktrace:
	GetHandleVerifier [0x0x7ff7abd52a75+51877]
	GetHandleVerifier [0x0x7ff7abd52ad4+51972]
	GetHandleVerifier [0x0x7ff7abf09425+1848405]
	(No symbol) [0x0x7ff7abaa0e5f]
	(No symbol) [0x0x7ff7abb374ec]
	(No symbol) [0x0x7ff7abb4ed0a]
	(No symbol) [0x0x7ff7abb31df3]
	(No symbol) [0x0x7ff7abb05b36]
	(No symbol) [0x0x7ff7abb04d80]
	(No symbol) [0x0x7ff7abb05973]
	(No symbol) [0x0x7ff7abbce4a5]
	(No symbol) [0x0x7ff7abbca75d]
	GetHandleVerifier [0x0x7ff7abd7d2b3+226019]
	GetHandleVerifier [0x0x7ff7abd6c481+156849]
	GetHandleVerifier [0x0x7ff7abd74979+190889]
	GetHandleVerifier [0x0x7ff7abd59bb4+80868]
	GetHandleVerifier [0x0x7ff7abd59d03+81203]
	GetHandleVerifier [0x0x7ff7abd48286+8886]
	BaseThreadInitThunk [0x0x7ff9c9b0e8d7+23]
	RtlUserThreadStart [0x0x7ff9cb08c53c+44]

[2025-11-19T12:59:59.859334] SCRAPER ratings fetch page 78 offset 1540 failed (attempt 2/5): Message: no such window: target window already closed
from unknown error: web view not found
  (Session info: MicrosoftEdge=142.0.3595.80)
Stacktrace:
	GetHandleVerifier [0x0x7ff7abd52a75+51877]
	GetHandleVerifier [0x0x7ff7abd52ad4+51972]
	GetHandleVerifier [0x0x7ff7abf09425+1848405]
	(No symbol) [0x0x7ff7abaa0e5f]
	(No symbol) [0x0x7ff7abb374ec]
	(No symbol) [0x0x7ff7abb4ed0a]
	(No symbol) [0x0x7ff7abb31df3]
	(No symbol) [0x0x7ff7abb05b36]
	(No symbol) [0x0x7ff7abb04d80]
	(No symbol) [0x0x7ff7abb05973]
	(No symbol) [0x0x7ff7abbce4a5]
	(No symbol) [0x0x7ff7abbca75d]
	GetHandleVerifier [0x0x7ff7abd7d2b3+226019]
	GetHandleVerifier [0x0x7ff7abd6c481+156849]
	GetHandleVerifier [0x0x7ff7abd74979+190889]
	GetHandleVerifier [0x0x7ff7abd59bb4+80868]
	GetHandleVerifier [0x0x7ff7abd59d03+81203]
	GetHandleVerifier [0x0x7ff7abd48286+8886]
	BaseThreadInitThunk [0x0x7ff9c9b0e8d7+23]
	RtlUserThreadStart [0x0x7ff9cb08c53c+44]

[2025-11-19T13:00:02.862609] SCRAPER ratings fetch page 78 offset 1540 failed (attempt 3/5): Message: no such window: target window already closed
from unknown error: web view not found
  (Session info: MicrosoftEdge=142.0.3595.80)
Stacktrace:
	GetHandleVerifier [0x0x7ff7abd52a75+51877]
	GetHandleVerifier [0x0x7ff7abd52ad4+51972]
	GetHandleVerifier [0x0x7ff7abf09425+1848405]
	(No symbol) [0x0x7ff7abaa0e5f]
	(No symbol) [0x0x7ff7abb374ec]
	(No symbol) [0x0x7ff7abb4ed0a]
	(No symbol) [0x0x7ff7abb31df3]
	(No symbol) [0x0x7ff7abb05b36]
	(No symbol) [0x0x7ff7abb04d80]
	(No symbol) [0x0x7ff7abb05973]
	(No symbol) [0x0x7ff7abbce4a5]
	(No symbol) [0x0x7ff7abbca75d]
	GetHandleVerifier [0x0x7ff7abd7d2b3+226019]
	GetHandleVerifier [0x0x7ff7abd6c481+156849]
	GetHandleVerifier [0x0x7ff7abd74979+190889]
	GetHandleVerifier [0x0x7ff7abd59bb4+80868]
	GetHandleVerifier [0x0x7ff7abd59d03+81203]
	GetHandleVerifier [0x0x7ff7abd48286+8886]
	BaseThreadInitThunk [0x0x7ff9c9b0e8d7+23]
	RtlUserThreadStart [0x0x7ff9cb08c53c+44]

[2025-11-19T13:00:06.878747] SCRAPER ratings fetch page 78 offset 1540 failed (attempt 4/5): Message: no such window: target window already closed
from unknown error: web view not found
  (Session info: MicrosoftEdge=142.0.3595.80)
Stacktrace:
	GetHandleVerifier [0x0x7ff7abd52a75+51877]
	GetHandleVerifier [0x0x7ff7abd52ad4+51972]
	GetHandleVerifier [0x0x7ff7abf09425+1848405]
	(No symbol) [0x0x7ff7abaa0e5f]
	(No symbol) [0x0x7ff7abb374ec]
	(No symbol) [0x0x7ff7abb4ed0a]
	(No symbol) [0x0x7ff7abb31df3]
	(No symbol) [0x0x7ff7abb05b36]
	(No symbol) [0x0x7ff7abb04d80]
	(No symbol) [0x0x7ff7abb05973]
	(No symbol) [0x0x7ff7abbce4a5]
	(No symbol) [0x0x7ff7abbca75d]
	GetHandleVerifier [0x0x7ff7abd7d2b3+226019]
	GetHandleVerifier [0x0x7ff7abd6c481+156849]
	GetHandleVerifier [0x0x7ff7abd74979+190889]
	GetHandleVerifier [0x0x7ff7abd59bb4+80868]
	GetHandleVerifier [0x0x7ff7abd59d03+81203]
	GetHandleVerifier [0x0x7ff7abd48286+8886]
	BaseThreadInitThunk [0x0x7ff9c9b0e8d7+23]
	RtlUserThreadStart [0x0x7ff9cb08c53c+44]

[2025-11-19T13:00:11.887973] SCRAPER ratings fetch page 78 offset 1540 failed (attempt 5/5): Message: no such window: target window already closed
from unknown error: web view not found
  (Session info: MicrosoftEdge=142.0.3595.80)
Stacktrace:
	GetHandleVerifier [0x0x7ff7abd52a75+51877]
	GetHandleVerifier [0x0x7ff7abd52ad4+51972]
	GetHandleVerifier [0x0x7ff7abf09425+1848405]
	(No symbol) [0x0x7ff7abaa0e5f]
	(No symbol) [0x0x7ff7abb374ec]
	(No symbol) [0x0x7ff7abb4ed0a]
	(No symbol) [0x0x7ff7abb31df3]
	(No symbol) [0x0x7ff7abb05b36]
	(No symbol) [0x0x7ff7abb04d80]
	(No symbol) [0x0x7ff7abb05973]
	(No symbol) [0x0x7ff7abbce4a5]
	(No symbol) [0x0x7ff7abbca75d]
	GetHandleVerifier [0x0x7ff7abd7d2b3+226019]
	GetHandleVerifier [0x0x7ff7abd6c481+156849]
	GetHandleVerifier [0x0x7ff7abd74979+190889]
	GetHandleVerifier [0x0x7ff7abd59bb4+80868]
	GetHandleVerifier [0x0x7ff7abd59d03+81203]
	GetHandleVerifier [0x0x7ff7abd48286+8886]
	BaseThreadInitThunk [0x0x7ff9c9b0e8d7+23]
	RtlUserThreadStart [0x0x7ff9cb08c53c+44]

[2025-11-19T13:00:16.904832] SCRAPER skip page 78 after 5 failures; lanjut halaman berikutnya
[2025-11-19T13:00:16.906838] SCRAPER ratings fetch page 79 offset 1560 failed (attempt 1/5): Message: no such window: target window already closed
from unknown error: web view not found
  (Session info: MicrosoftEdge=142.0.3595.80)
Stacktrace:
	GetHandleVerifier [0x0x7ff7abd52a75+51877]
	GetHandleVerifier [0x0x7ff7abd52ad4+51972]
	GetHandleVerifier [0x0x7ff7abf09425+1848405]
	(No symbol) [0x0x7ff7abaa0e5f]
	(No symbol) [0x0x7ff7abb374ec]
	(No symbol) [0x0x7ff7abb4ed0a]
	(No symbol) [0x0x7ff7abb31df3]
	(No symbol) [0x0x7ff7abb05b36]
	(No symbol) [0x0x7ff7abb04d80]
	(No symbol) [0x0x7ff7abb05973]
	(No symbol) [0x0x7ff7abbce4a5]
	(No symbol) [0x0x7ff7abbca75d]
	GetHandleVerifier [0x0x7ff7abd7d2b3+226019]
	GetHandleVerifier [0x0x7ff7abd6c481+156849]
	GetHandleVerifier [0x0x7ff7abd74979+190889]
	GetHandleVerifier [0x0x7ff7abd59bb4+80868]
	GetHandleVerifier [0x0x7ff7abd59d03+81203]
	GetHandleVerifier [0x0x7ff7abd48286+8886]
	BaseThreadInitThunk [0x0x7ff9c9b0e8d7+23]
	RtlUserThreadStart [0x0x7ff9cb08c53c+44]

[2025-11-19T13:00:18.909162] SCRAPER ratings fetch page 79 offset 1560 failed (attempt 2/5): Message: no such window: target window already closed
from unknown error: web view not found
  (Session info: MicrosoftEdge=142.0.3595.80)
Stacktrace:
	GetHandleVerifier [0x0x7ff7abd52a75+51877]
	GetHandleVerifier [0x0x7ff7abd52ad4+51972]
	GetHandleVerifier [0x0x7ff7abf09425+1848405]
	(No symbol) [0x0x7ff7abaa0e5f]
	(No symbol) [0x0x7ff7abb374ec]
	(No symbol) [0x0x7ff7abb4ed0a]
	(No symbol) [0x0x7ff7abb31df3]
	(No symbol) [0x0x7ff7abb05b36]
	(No symbol) [0x0x7ff7abb04d80]
	(No symbol) [0x0x7ff7abb05973]
	(No symbol) [0x0x7ff7abbce4a5]
	(No symbol) [0x0x7ff7abbca75d]
	GetHandleVerifier [0x0x7ff7abd7d2b3+226019]
	GetHandleVerifier [0x0x7ff7abd6c481+156849]
	GetHandleVerifier [0x0x7ff7abd74979+190889]
	GetHandleVerifier [0x0x7ff7abd59bb4+80868]
	GetHandleVerifier [0x0x7ff7abd59d03+81203]
	GetHandleVerifier [0x0x7ff7abd48286+8886]
	BaseThreadInitThunk [0x0x7ff9c9b0e8d7+23]
	RtlUserThreadStart [0x0x7ff9cb08c53c+44]

[2025-11-19T13:00:21.918364] SCRAPER ratings fetch page 79 offset 1560 failed (attempt 3/5): Message: no such window: target window already closed
from unknown error: web view not found
  (Session info: MicrosoftEdge=142.0.3595.80)
Stacktrace:
	GetHandleVerifier [0x0x7ff7abd52a75+51877]
	GetHandleVerifier [0x0x7ff7abd52ad4+51972]
	GetHandleVerifier [0x0x7ff7abf09425+1848405]
	(No symbol) [0x0x7ff7abaa0e5f]
	(No symbol) [0x0x7ff7abb374ec]
	(No symbol) [0x0x7ff7abb4ed0a]
	(No symbol) [0x0x7ff7abb31df3]
	(No symbol) [0x0x7ff7abb05b36]
	(No symbol) [0x0x7ff7abb04d80]
	(No symbol) [0x0x7ff7abb05973]
	(No symbol) [0x0x7ff7abbce4a5]
	(No symbol) [0x0x7ff7abbca75d]
	GetHandleVerifier [0x0x7ff7abd7d2b3+226019]
	GetHandleVerifier [0x0x7ff7abd6c481+156849]
	GetHandleVerifier [0x0x7ff7abd74979+190889]
	GetHandleVerifier [0x0x7ff7abd59bb4+80868]
	GetHandleVerifier [0x0x7ff7abd59d03+81203]
	GetHandleVerifier [0x0x7ff7abd48286+8886]
	BaseThreadInitThunk [0x0x7ff9c9b0e8d7+23]
	RtlUserThreadStart [0x0x7ff9cb08c53c+44]

[2025-11-19T13:00:25.931885] SCRAPER ratings fetch page 79 offset 1560 failed (attempt 4/5): Message: no such window: target window already closed
from unknown error: web view not found
  (Session info: MicrosoftEdge=142.0.3595.80)
Stacktrace:
	GetHandleVerifier [0x0x7ff7abd52a75+51877]
	GetHandleVerifier [0x0x7ff7abd52ad4+51972]
	GetHandleVerifier [0x0x7ff7abf09425+1848405]
	(No symbol) [0x0x7ff7abaa0e5f]
	(No symbol) [0x0x7ff7abb374ec]
	(No symbol) [0x0x7ff7abb4ed0a]
	(No symbol) [0x0x7ff7abb31df3]
	(No symbol) [0x0x7ff7abb05b36]
	(No symbol) [0x0x7ff7abb04d80]
	(No symbol) [0x0x7ff7abb05973]
	(No symbol) [0x0x7ff7abbce4a5]
	(No symbol) [0x0x7ff7abbca75d]
	GetHandleVerifier [0x0x7ff7abd7d2b3+226019]
	GetHandleVerifier [0x0x7ff7abd6c481+156849]
	GetHandleVerifier [0x0x7ff7abd74979+190889]
	GetHandleVerifier [0x0x7ff7abd59bb4+80868]
	GetHandleVerifier [0x0x7ff7abd59d03+81203]
	GetHandleVerifier [0x0x7ff7abd48286+8886]
	BaseThreadInitThunk [0x0x7ff9c9b0e8d7+23]
	RtlUserThreadStart [0x0x7ff9cb08c53c+44]

[2025-11-19T13:00:30.949770] SCRAPER ratings fetch page 79 offset 1560 failed (attempt 5/5): Message: no such window: target window already closed
from unknown error: web view not found
  (Session info: MicrosoftEdge=142.0.3595.80)
Stacktrace:
	GetHandleVerifier [0x0x7ff7abd52a75+51877]
	GetHandleVerifier [0x0x7ff7abd52ad4+51972]
	GetHandleVerifier [0x0x7ff7abf09425+1848405]
	(No symbol) [0x0x7ff7abaa0e5f]
	(No symbol) [0x0x7ff7abb374ec]
	(No symbol) [0x0x7ff7abb4ed0a]
	(No symbol) [0x0x7ff7abb31df3]
	(No symbol) [0x0x7ff7abb05b36]
	(No symbol) [0x0x7ff7abb04d80]
	(No symbol) [0x0x7ff7abb05973]
	(No symbol) [0x0x7ff7abbce4a5]
	(No symbol) [0x0x7ff7abbca75d]
	GetHandleVerifier [0x0x7ff7abd7d2b3+226019]
	GetHandleVerifier [0x0x7ff7abd6c481+156849]
	GetHandleVerifier [0x0x7ff7abd74979+190889]
	GetHandleVerifier [0x0x7ff7abd59bb4+80868]
	GetHandleVerifier [0x0x7ff7abd59d03+81203]
	GetHandleVerifier [0x0x7ff7abd48286+8886]
	BaseThreadInitThunk [0x0x7ff9c9b0e8d7+23]
	RtlUserThreadStart [0x0x7ff9cb08c53c+44]

[2025-11-19T13:00:35.964462] SCRAPER skip page 79 after 5 failures; lanjut halaman berikutnya
[2025-11-19T13:00:35.966790] SCRAPER ratings fetch page 80 offset 1580 failed (attempt 1/5): Message: no such window: target window already closed
from unknown error: web view not found
  (Session info: MicrosoftEdge=142.0.3595.80)
Stacktrace:
	GetHandleVerifier [0x0x7ff7abd52a75+51877]
	GetHandleVerifier [0x0x7ff7abd52ad4+51972]
	GetHandleVerifier [0x0x7ff7abf09425+1848405]
	(No symbol) [0x0x7ff7abaa0e5f]
	(No symbol) [0x0x7ff7abb374ec]
	(No symbol) [0x0x7ff7abb4ed0a]
	(No symbol) [0x0x7ff7abb31df3]
	(No symbol) [0x0x7ff7abb05b36]
	(No symbol) [0x0x7ff7abb04d80]
	(No symbol) [0x0x7ff7abb05973]
	(No symbol) [0x0x7ff7abbce4a5]
	(No symbol) [0x0x7ff7abbca75d]
	GetHandleVerifier [0x0x7ff7abd7d2b3+226019]
	GetHandleVerifier [0x0x7ff7abd6c481+156849]
	GetHandleVerifier [0x0x7ff7abd74979+190889]
	GetHandleVerifier [0x0x7ff7abd59bb4+80868]
	GetHandleVerifier [0x0x7ff7abd59d03+81203]
	GetHandleVerifier [0x0x7ff7abd48286+8886]
	BaseThreadInitThunk [0x0x7ff9c9b0e8d7+23]
	RtlUserThreadStart [0x0x7ff9cb08c53c+44]

[2025-11-19T13:00:37.973859] SCRAPER ratings fetch page 80 offset 1580 failed (attempt 2/5): Message: no such window: target window already closed
from unknown error: web view not found
  (Session info: MicrosoftEdge=142.0.3595.80)
Stacktrace:
	GetHandleVerifier [0x0x7ff7abd52a75+51877]
	GetHandleVerifier [0x0x7ff7abd52ad4+51972]
	GetHandleVerifier [0x0x7ff7abf09425+1848405]
	(No symbol) [0x0x7ff7abaa0e5f]
	(No symbol) [0x0x7ff7abb374ec]
	(No symbol) [0x0x7ff7abb4ed0a]
	(No symbol) [0x0x7ff7abb31df3]
	(No symbol) [0x0x7ff7abb05b36]
	(No symbol) [0x0x7ff7abb04d80]
	(No symbol) [0x0x7ff7abb05973]
	(No symbol) [0x0x7ff7abbce4a5]
	(No symbol) [0x0x7ff7abbca75d]
	GetHandleVerifier [0x0x7ff7abd7d2b3+226019]
	GetHandleVerifier [0x0x7ff7abd6c481+156849]
	GetHandleVerifier [0x0x7ff7abd74979+190889]
	GetHandleVerifier [0x0x7ff7abd59bb4+80868]
	GetHandleVerifier [0x0x7ff7abd59d03+81203]
	GetHandleVerifier [0x0x7ff7abd48286+8886]
	BaseThreadInitThunk [0x0x7ff9c9b0e8d7+23]
	RtlUserThreadStart [0x0x7ff9cb08c53c+44]

[2025-11-19T13:00:40.977183] SCRAPER ratings fetch page 80 offset 1580 failed (attempt 3/5): Message: no such window: target window already closed
from unknown error: web view not found
  (Session info: MicrosoftEdge=142.0.3595.80)
Stacktrace:
	GetHandleVerifier [0x0x7ff7abd52a75+51877]
	GetHandleVerifier [0x0x7ff7abd52ad4+51972]
	GetHandleVerifier [0x0x7ff7abf09425+1848405]
	(No symbol) [0x0x7ff7abaa0e5f]
	(No symbol) [0x0x7ff7abb374ec]
	(No symbol) [0x0x7ff7abb4ed0a]
	(No symbol) [0x0x7ff7abb31df3]
	(No symbol) [0x0x7ff7abb05b36]
	(No symbol) [0x0x7ff7abb04d80]
	(No symbol) [0x0x7ff7abb05973]
	(No symbol) [0x0x7ff7abbce4a5]
	(No symbol) [0x0x7ff7abbca75d]
	GetHandleVerifier [0x0x7ff7abd7d2b3+226019]
	GetHandleVerifier [0x0x7ff7abd6c481+156849]
	GetHandleVerifier [0x0x7ff7abd74979+190889]
	GetHandleVerifier [0x0x7ff7abd59bb4+80868]
	GetHandleVerifier [0x0x7ff7abd59d03+81203]
	GetHandleVerifier [0x0x7ff7abd48286+8886]
	BaseThreadInitThunk [0x0x7ff9c9b0e8d7+23]
	RtlUserThreadStart [0x0x7ff9cb08c53c+44]

[2025-11-19T13:00:44.989354] SCRAPER ratings fetch page 80 offset 1580 failed (attempt 4/5): Message: no such window: target window already closed
from unknown error: web view not found
  (Session info: MicrosoftEdge=142.0.3595.80)
Stacktrace:
	GetHandleVerifier [0x0x7ff7abd52a75+51877]
	GetHandleVerifier [0x0x7ff7abd52ad4+51972]
	GetHandleVerifier [0x0x7ff7abf09425+1848405]
	(No symbol) [0x0x7ff7abaa0e5f]
	(No symbol) [0x0x7ff7abb374ec]
	(No symbol) [0x0x7ff7abb4ed0a]
	(No symbol) [0x0x7ff7abb31df3]
	(No symbol) [0x0x7ff7abb05b36]
	(No symbol) [0x0x7ff7abb04d80]
	(No symbol) [0x0x7ff7abb05973]
	(No symbol) [0x0x7ff7abbce4a5]
	(No symbol) [0x0x7ff7abbca75d]
	GetHandleVerifier [0x0x7ff7abd7d2b3+226019]
	GetHandleVerifier [0x0x7ff7abd6c481+156849]
	GetHandleVerifier [0x0x7ff7abd74979+190889]
	GetHandleVerifier [0x0x7ff7abd59bb4+80868]
	GetHandleVerifier [0x0x7ff7abd59d03+81203]
	GetHandleVerifier [0x0x7ff7abd48286+8886]
	BaseThreadInitThunk [0x0x7ff9c9b0e8d7+23]
	RtlUserThreadStart [0x0x7ff9cb08c53c+44]

[2025-11-19T13:00:50.001280] SCRAPER ratings fetch page 80 offset 1580 failed (attempt 5/5): Message: no such window: target window already closed
from unknown error: web view not found
  (Session info: MicrosoftEdge=142.0.3595.80)
Stacktrace:
	GetHandleVerifier [0x0x7ff7abd52a75+51877]
	GetHandleVerifier [0x0x7ff7abd52ad4+51972]
	GetHandleVerifier [0x0x7ff7abf09425+1848405]
	(No symbol) [0x0x7ff7abaa0e5f]
	(No symbol) [0x0x7ff7abb374ec]
	(No symbol) [0x0x7ff7abb4ed0a]
	(No symbol) [0x0x7ff7abb31df3]
	(No symbol) [0x0x7ff7abb05b36]
	(No symbol) [0x0x7ff7abb04d80]
	(No symbol) [0x0x7ff7abb05973]
	(No symbol) [0x0x7ff7abbce4a5]
	(No symbol) [0x0x7ff7abbca75d]
	GetHandleVerifier [0x0x7ff7abd7d2b3+226019]
	GetHandleVerifier [0x0x7ff7abd6c481+156849]
	GetHandleVerifier [0x0x7ff7abd74979+190889]
	GetHandleVerifier [0x0x7ff7abd59bb4+80868]
	GetHandleVerifier [0x0x7ff7abd59d03+81203]
	GetHandleVerifier [0x0x7ff7abd48286+8886]
	BaseThreadInitThunk [0x0x7ff9c9b0e8d7+23]
	RtlUserThreadStart [0x0x7ff9cb08c53c+44]

[2025-11-19T13:00:55.002680] SCRAPER skip page 80 after 5 failures; lanjut halaman berikutnya
[2025-11-19T13:00:55.004681] SCRAPER ratings fetch page 81 offset 1600 failed (attempt 1/5): Message: no such window: target window already closed
from unknown error: web view not found
  (Session info: MicrosoftEdge=142.0.3595.80)
Stacktrace:
	GetHandleVerifier [0x0x7ff7abd52a75+51877]
	GetHandleVerifier [0x0x7ff7abd52ad4+51972]
	GetHandleVerifier [0x0x7ff7abf09425+1848405]
	(No symbol) [0x0x7ff7abaa0e5f]
	(No symbol) [0x0x7ff7abb374ec]
	(No symbol) [0x0x7ff7abb4ed0a]
	(No symbol) [0x0x7ff7abb31df3]
	(No symbol) [0x0x7ff7abb05b36]
	(No symbol) [0x0x7ff7abb04d80]
	(No symbol) [0x0x7ff7abb05973]
	(No symbol) [0x0x7ff7abbce4a5]
	(No symbol) [0x0x7ff7abbca75d]
	GetHandleVerifier [0x0x7ff7abd7d2b3+226019]
	GetHandleVerifier [0x0x7ff7abd6c481+156849]
	GetHandleVerifier [0x0x7ff7abd74979+190889]
	GetHandleVerifier [0x0x7ff7abd59bb4+80868]
	GetHandleVerifier [0x0x7ff7abd59d03+81203]
	GetHandleVerifier [0x0x7ff7abd48286+8886]
	BaseThreadInitThunk [0x0x7ff9c9b0e8d7+23]
	RtlUserThreadStart [0x0x7ff9cb08c53c+44]

[2025-11-19T13:00:57.022089] SCRAPER ratings fetch page 81 offset 1600 failed (attempt 2/5): Message: no such window: target window already closed
from unknown error: web view not found
  (Session info: MicrosoftEdge=142.0.3595.80)
Stacktrace:
	GetHandleVerifier [0x0x7ff7abd52a75+51877]
	GetHandleVerifier [0x0x7ff7abd52ad4+51972]
	GetHandleVerifier [0x0x7ff7abf09425+1848405]
	(No symbol) [0x0x7ff7abaa0e5f]
	(No symbol) [0x0x7ff7abb374ec]
	(No symbol) [0x0x7ff7abb4ed0a]
	(No symbol) [0x0x7ff7abb31df3]
	(No symbol) [0x0x7ff7abb05b36]
	(No symbol) [0x0x7ff7abb04d80]
	(No symbol) [0x0x7ff7abb05973]
	(No symbol) [0x0x7ff7abbce4a5]
	(No symbol) [0x0x7ff7abbca75d]
	GetHandleVerifier [0x0x7ff7abd7d2b3+226019]
	GetHandleVerifier [0x0x7ff7abd6c481+156849]
	GetHandleVerifier [0x0x7ff7abd74979+190889]
	GetHandleVerifier [0x0x7ff7abd59bb4+80868]
	GetHandleVerifier [0x0x7ff7abd59d03+81203]
	GetHandleVerifier [0x0x7ff7abd48286+8886]
	BaseThreadInitThunk [0x0x7ff9c9b0e8d7+23]
	RtlUserThreadStart [0x0x7ff9cb08c53c+44]

[2025-11-19T13:01:00.024901] SCRAPER ratings fetch page 81 offset 1600 failed (attempt 3/5): Message: no such window: target window already closed
from unknown error: web view not found
  (Session info: MicrosoftEdge=142.0.3595.80)
Stacktrace:
	GetHandleVerifier [0x0x7ff7abd52a75+51877]
	GetHandleVerifier [0x0x7ff7abd52ad4+51972]
	GetHandleVerifier [0x0x7ff7abf09425+1848405]
	(No symbol) [0x0x7ff7abaa0e5f]
	(No symbol) [0x0x7ff7abb374ec]
	(No symbol) [0x0x7ff7abb4ed0a]
	(No symbol) [0x0x7ff7abb31df3]
	(No symbol) [0x0x7ff7abb05b36]
	(No symbol) [0x0x7ff7abb04d80]
	(No symbol) [0x0x7ff7abb05973]
	(No symbol) [0x0x7ff7abbce4a5]
	(No symbol) [0x0x7ff7abbca75d]
	GetHandleVerifier [0x0x7ff7abd7d2b3+226019]
	GetHandleVerifier [0x0x7ff7abd6c481+156849]
	GetHandleVerifier [0x0x7ff7abd74979+190889]
	GetHandleVerifier [0x0x7ff7abd59bb4+80868]
	GetHandleVerifier [0x0x7ff7abd59d03+81203]
	GetHandleVerifier [0x0x7ff7abd48286+8886]
	BaseThreadInitThunk [0x0x7ff9c9b0e8d7+23]
	RtlUserThreadStart [0x0x7ff9cb08c53c+44]

[2025-11-19T13:01:04.040853] SCRAPER ratings fetch page 81 offset 1600 failed (attempt 4/5): Message: no such window: target window already closed
from unknown error: web view not found
  (Session info: MicrosoftEdge=142.0.3595.80)
Stacktrace:
	GetHandleVerifier [0x0x7ff7abd52a75+51877]
	GetHandleVerifier [0x0x7ff7abd52ad4+51972]
	GetHandleVerifier [0x0x7ff7abf09425+1848405]
	(No symbol) [0x0x7ff7abaa0e5f]
	(No symbol) [0x0x7ff7abb374ec]
	(No symbol) [0x0x7ff7abb4ed0a]
	(No symbol) [0x0x7ff7abb31df3]
	(No symbol) [0x0x7ff7abb05b36]
	(No symbol) [0x0x7ff7abb04d80]
	(No symbol) [0x0x7ff7abb05973]
	(No symbol) [0x0x7ff7abbce4a5]
	(No symbol) [0x0x7ff7abbca75d]
	GetHandleVerifier [0x0x7ff7abd7d2b3+226019]
	GetHandleVerifier [0x0x7ff7abd6c481+156849]
	GetHandleVerifier [0x0x7ff7abd74979+190889]
	GetHandleVerifier [0x0x7ff7abd59bb4+80868]
	GetHandleVerifier [0x0x7ff7abd59d03+81203]
	GetHandleVerifier [0x0x7ff7abd48286+8886]
	BaseThreadInitThunk [0x0x7ff9c9b0e8d7+23]
	RtlUserThreadStart [0x0x7ff9cb08c53c+44]

[2025-11-19T13:01:09.047013] SCRAPER ratings fetch page 81 offset 1600 failed (attempt 5/5): Message: no such window: target window already closed
from unknown error: web view not found
  (Session info: MicrosoftEdge=142.0.3595.80)
Stacktrace:
	GetHandleVerifier [0x0x7ff7abd52a75+51877]
	GetHandleVerifier [0x0x7ff7abd52ad4+51972]
	GetHandleVerifier [0x0x7ff7abf09425+1848405]
	(No symbol) [0x0x7ff7abaa0e5f]
	(No symbol) [0x0x7ff7abb374ec]
	(No symbol) [0x0x7ff7abb4ed0a]
	(No symbol) [0x0x7ff7abb31df3]
	(No symbol) [0x0x7ff7abb05b36]
	(No symbol) [0x0x7ff7abb04d80]
	(No symbol) [0x0x7ff7abb05973]
	(No symbol) [0x0x7ff7abbce4a5]
	(No symbol) [0x0x7ff7abbca75d]
	GetHandleVerifier [0x0x7ff7abd7d2b3+226019]
	GetHandleVerifier [0x0x7ff7abd6c481+156849]
	GetHandleVerifier [0x0x7ff7abd74979+190889]
	GetHandleVerifier [0x0x7ff7abd59bb4+80868]
	GetHandleVerifier [0x0x7ff7abd59d03+81203]
	GetHandleVerifier [0x0x7ff7abd48286+8886]
	BaseThreadInitThunk [0x0x7ff9c9b0e8d7+23]
	RtlUserThreadStart [0x0x7ff9cb08c53c+44]

[2025-11-19T13:01:14.056081] SCRAPER skip page 81 after 5 failures; lanjut halaman berikutnya
[2025-11-19T13:01:14.058111] SCRAPER ratings fetch page 82 offset 1620 failed (attempt 1/5): Message: no such window: target window already closed
from unknown error: web view not found
  (Session info: MicrosoftEdge=142.0.3595.80)
Stacktrace:
	GetHandleVerifier [0x0x7ff7abd52a75+51877]
	GetHandleVerifier [0x0x7ff7abd52ad4+51972]
	GetHandleVerifier [0x0x7ff7abf09425+1848405]
	(No symbol) [0x0x7ff7abaa0e5f]
	(No symbol) [0x0x7ff7abb374ec]
	(No symbol) [0x0x7ff7abb4ed0a]
	(No symbol) [0x0x7ff7abb31df3]
	(No symbol) [0x0x7ff7abb05b36]
	(No symbol) [0x0x7ff7abb04d80]
	(No symbol) [0x0x7ff7abb05973]
	(No symbol) [0x0x7ff7abbce4a5]
	(No symbol) [0x0x7ff7abbca75d]
	GetHandleVerifier [0x0x7ff7abd7d2b3+226019]
	GetHandleVerifier [0x0x7ff7abd6c481+156849]
	GetHandleVerifier [0x0x7ff7abd74979+190889]
	GetHandleVerifier [0x0x7ff7abd59bb4+80868]
	GetHandleVerifier [0x0x7ff7abd59d03+81203]
	GetHandleVerifier [0x0x7ff7abd48286+8886]
	BaseThreadInitThunk [0x0x7ff9c9b0e8d7+23]
	RtlUserThreadStart [0x0x7ff9cb08c53c+44]

[2025-11-19T13:01:16.075861] SCRAPER ratings fetch page 82 offset 1620 failed (attempt 2/5): Message: no such window: target window already closed
from unknown error: web view not found
  (Session info: MicrosoftEdge=142.0.3595.80)
Stacktrace:
	GetHandleVerifier [0x0x7ff7abd52a75+51877]
	GetHandleVerifier [0x0x7ff7abd52ad4+51972]
	GetHandleVerifier [0x0x7ff7abf09425+1848405]
	(No symbol) [0x0x7ff7abaa0e5f]
	(No symbol) [0x0x7ff7abb374ec]
	(No symbol) [0x0x7ff7abb4ed0a]
	(No symbol) [0x0x7ff7abb31df3]
	(No symbol) [0x0x7ff7abb05b36]
	(No symbol) [0x0x7ff7abb04d80]
	(No symbol) [0x0x7ff7abb05973]
	(No symbol) [0x0x7ff7abbce4a5]
	(No symbol) [0x0x7ff7abbca75d]
	GetHandleVerifier [0x0x7ff7abd7d2b3+226019]
	GetHandleVerifier [0x0x7ff7abd6c481+156849]
	GetHandleVerifier [0x0x7ff7abd74979+190889]
	GetHandleVerifier [0x0x7ff7abd59bb4+80868]
	GetHandleVerifier [0x0x7ff7abd59d03+81203]
	GetHandleVerifier [0x0x7ff7abd48286+8886]
	BaseThreadInitThunk [0x0x7ff9c9b0e8d7+23]
	RtlUserThreadStart [0x0x7ff9cb08c53c+44]

[2025-11-19T13:01:19.092399] SCRAPER ratings fetch page 82 offset 1620 failed (attempt 3/5): Message: no such window: target window already closed
from unknown error: web view not found
  (Session info: MicrosoftEdge=142.0.3595.80)
Stacktrace:
	GetHandleVerifier [0x0x7ff7abd52a75+51877]
	GetHandleVerifier [0x0x7ff7abd52ad4+51972]
	GetHandleVerifier [0x0x7ff7abf09425+1848405]
	(No symbol) [0x0x7ff7abaa0e5f]
	(No symbol) [0x0x7ff7abb374ec]
	(No symbol) [0x0x7ff7abb4ed0a]
	(No symbol) [0x0x7ff7abb31df3]
	(No symbol) [0x0x7ff7abb05b36]
	(No symbol) [0x0x7ff7abb04d80]
	(No symbol) [0x0x7ff7abb05973]
	(No symbol) [0x0x7ff7abbce4a5]
	(No symbol) [0x0x7ff7abbca75d]
	GetHandleVerifier [0x0x7ff7abd7d2b3+226019]
	GetHandleVerifier [0x0x7ff7abd6c481+156849]
	GetHandleVerifier [0x0x7ff7abd74979+190889]
	GetHandleVerifier [0x0x7ff7abd59bb4+80868]
	GetHandleVerifier [0x0x7ff7abd59d03+81203]
	GetHandleVerifier [0x0x7ff7abd48286+8886]
	BaseThreadInitThunk [0x0x7ff9c9b0e8d7+23]
	RtlUserThreadStart [0x0x7ff9cb08c53c+44]

[2025-11-19T13:01:23.108392] SCRAPER ratings fetch page 82 offset 1620 failed (attempt 4/5): Message: no such window: target window already closed
from unknown error: web view not found
  (Session info: MicrosoftEdge=142.0.3595.80)
Stacktrace:
	GetHandleVerifier [0x0x7ff7abd52a75+51877]
	GetHandleVerifier [0x0x7ff7abd52ad4+51972]
	GetHandleVerifier [0x0x7ff7abf09425+1848405]
	(No symbol) [0x0x7ff7abaa0e5f]
	(No symbol) [0x0x7ff7abb374ec]
	(No symbol) [0x0x7ff7abb4ed0a]
	(No symbol) [0x0x7ff7abb31df3]
	(No symbol) [0x0x7ff7abb05b36]
	(No symbol) [0x0x7ff7abb04d80]
	(No symbol) [0x0x7ff7abb05973]
	(No symbol) [0x0x7ff7abbce4a5]
	(No symbol) [0x0x7ff7abbca75d]
	GetHandleVerifier [0x0x7ff7abd7d2b3+226019]
	GetHandleVerifier [0x0x7ff7abd6c481+156849]
	GetHandleVerifier [0x0x7ff7abd74979+190889]
	GetHandleVerifier [0x0x7ff7abd59bb4+80868]
	GetHandleVerifier [0x0x7ff7abd59d03+81203]
	GetHandleVerifier [0x0x7ff7abd48286+8886]
	BaseThreadInitThunk [0x0x7ff9c9b0e8d7+23]
	RtlUserThreadStart [0x0x7ff9cb08c53c+44]

[2025-11-19T13:01:28.120792] SCRAPER ratings fetch page 82 offset 1620 failed (attempt 5/5): Message: no such window: target window already closed
from unknown error: web view not found
  (Session info: MicrosoftEdge=142.0.3595.80)
Stacktrace:
	GetHandleVerifier [0x0x7ff7abd52a75+51877]
	GetHandleVerifier [0x0x7ff7abd52ad4+51972]
	GetHandleVerifier [0x0x7ff7abf09425+1848405]
	(No symbol) [0x0x7ff7abaa0e5f]
	(No symbol) [0x0x7ff7abb374ec]
	(No symbol) [0x0x7ff7abb4ed0a]
	(No symbol) [0x0x7ff7abb31df3]
	(No symbol) [0x0x7ff7abb05b36]
	(No symbol) [0x0x7ff7abb04d80]
	(No symbol) [0x0x7ff7abb05973]
	(No symbol) [0x0x7ff7abbce4a5]
	(No symbol) [0x0x7ff7abbca75d]
	GetHandleVerifier [0x0x7ff7abd7d2b3+226019]
	GetHandleVerifier [0x0x7ff7abd6c481+156849]
	GetHandleVerifier [0x0x7ff7abd74979+190889]
	GetHandleVerifier [0x0x7ff7abd59bb4+80868]
	GetHandleVerifier [0x0x7ff7abd59d03+81203]
	GetHandleVerifier [0x0x7ff7abd48286+8886]
	BaseThreadInitThunk [0x0x7ff9c9b0e8d7+23]
	RtlUserThreadStart [0x0x7ff9cb08c53c+44]

[2025-11-19T13:01:33.132731] SCRAPER skip page 82 after 5 failures; lanjut halaman berikutnya
[2025-11-19T13:01:33.134725] SCRAPER ratings fetch page 83 offset 1640 failed (attempt 1/5): Message: no such window: target window already closed
from unknown error: web view not found
  (Session info: MicrosoftEdge=142.0.3595.80)
Stacktrace:
	GetHandleVerifier [0x0x7ff7abd52a75+51877]
	GetHandleVerifier [0x0x7ff7abd52ad4+51972]
	GetHandleVerifier [0x0x7ff7abf09425+1848405]
	(No symbol) [0x0x7ff7abaa0e5f]
	(No symbol) [0x0x7ff7abb374ec]
	(No symbol) [0x0x7ff7abb4ed0a]
	(No symbol) [0x0x7ff7abb31df3]
	(No symbol) [0x0x7ff7abb05b36]
	(No symbol) [0x0x7ff7abb04d80]
	(No symbol) [0x0x7ff7abb05973]
	(No symbol) [0x0x7ff7abbce4a5]
	(No symbol) [0x0x7ff7abbca75d]
	GetHandleVerifier [0x0x7ff7abd7d2b3+226019]
	GetHandleVerifier [0x0x7ff7abd6c481+156849]
	GetHandleVerifier [0x0x7ff7abd74979+190889]
	GetHandleVerifier [0x0x7ff7abd59bb4+80868]
	GetHandleVerifier [0x0x7ff7abd59d03+81203]
	GetHandleVerifier [0x0x7ff7abd48286+8886]
	BaseThreadInitThunk [0x0x7ff9c9b0e8d7+23]
	RtlUserThreadStart [0x0x7ff9cb08c53c+44]

[2025-11-19T13:01:35.152439] SCRAPER ratings fetch page 83 offset 1640 failed (attempt 2/5): Message: no such window: target window already closed
from unknown error: web view not found
  (Session info: MicrosoftEdge=142.0.3595.80)
Stacktrace:
	GetHandleVerifier [0x0x7ff7abd52a75+51877]
	GetHandleVerifier [0x0x7ff7abd52ad4+51972]
	GetHandleVerifier [0x0x7ff7abf09425+1848405]
	(No symbol) [0x0x7ff7abaa0e5f]
	(No symbol) [0x0x7ff7abb374ec]
	(No symbol) [0x0x7ff7abb4ed0a]
	(No symbol) [0x0x7ff7abb31df3]
	(No symbol) [0x0x7ff7abb05b36]
	(No symbol) [0x0x7ff7abb04d80]
	(No symbol) [0x0x7ff7abb05973]
	(No symbol) [0x0x7ff7abbce4a5]
	(No symbol) [0x0x7ff7abbca75d]
	GetHandleVerifier [0x0x7ff7abd7d2b3+226019]
	GetHandleVerifier [0x0x7ff7abd6c481+156849]
	GetHandleVerifier [0x0x7ff7abd74979+190889]
	GetHandleVerifier [0x0x7ff7abd59bb4+80868]
	GetHandleVerifier [0x0x7ff7abd59d03+81203]
	GetHandleVerifier [0x0x7ff7abd48286+8886]
	BaseThreadInitThunk [0x0x7ff9c9b0e8d7+23]
	RtlUserThreadStart [0x0x7ff9cb08c53c+44]

[2025-11-19T13:01:38.169696] SCRAPER ratings fetch page 83 offset 1640 failed (attempt 3/5): Message: no such window: target window already closed
from unknown error: web view not found
  (Session info: MicrosoftEdge=142.0.3595.80)
Stacktrace:
	GetHandleVerifier [0x0x7ff7abd52a75+51877]
	GetHandleVerifier [0x0x7ff7abd52ad4+51972]
	GetHandleVerifier [0x0x7ff7abf09425+1848405]
	(No symbol) [0x0x7ff7abaa0e5f]
	(No symbol) [0x0x7ff7abb374ec]
	(No symbol) [0x0x7ff7abb4ed0a]
	(No symbol) [0x0x7ff7abb31df3]
	(No symbol) [0x0x7ff7abb05b36]
	(No symbol) [0x0x7ff7abb04d80]
	(No symbol) [0x0x7ff7abb05973]
	(No symbol) [0x0x7ff7abbce4a5]
	(No symbol) [0x0x7ff7abbca75d]
	GetHandleVerifier [0x0x7ff7abd7d2b3+226019]
	GetHandleVerifier [0x0x7ff7abd6c481+156849]
	GetHandleVerifier [0x0x7ff7abd74979+190889]
	GetHandleVerifier [0x0x7ff7abd59bb4+80868]
	GetHandleVerifier [0x0x7ff7abd59d03+81203]
	GetHandleVerifier [0x0x7ff7abd48286+8886]
	BaseThreadInitThunk [0x0x7ff9c9b0e8d7+23]
	RtlUserThreadStart [0x0x7ff9cb08c53c+44]

[2025-11-19T13:01:42.175928] SCRAPER ratings fetch page 83 offset 1640 failed (attempt 4/5): Message: no such window: target window already closed
from unknown error: web view not found
  (Session info: MicrosoftEdge=142.0.3595.80)
Stacktrace:
	GetHandleVerifier [0x0x7ff7abd52a75+51877]
	GetHandleVerifier [0x0x7ff7abd52ad4+51972]
	GetHandleVerifier [0x0x7ff7abf09425+1848405]
	(No symbol) [0x0x7ff7abaa0e5f]
	(No symbol) [0x0x7ff7abb374ec]
	(No symbol) [0x0x7ff7abb4ed0a]
	(No symbol) [0x0x7ff7abb31df3]
	(No symbol) [0x0x7ff7abb05b36]
	(No symbol) [0x0x7ff7abb04d80]
	(No symbol) [0x0x7ff7abb05973]
	(No symbol) [0x0x7ff7abbce4a5]
	(No symbol) [0x0x7ff7abbca75d]
	GetHandleVerifier [0x0x7ff7abd7d2b3+226019]
	GetHandleVerifier [0x0x7ff7abd6c481+156849]
	GetHandleVerifier [0x0x7ff7abd74979+190889]
	GetHandleVerifier [0x0x7ff7abd59bb4+80868]
	GetHandleVerifier [0x0x7ff7abd59d03+81203]
	GetHandleVerifier [0x0x7ff7abd48286+8886]
	BaseThreadInitThunk [0x0x7ff9c9b0e8d7+23]
	RtlUserThreadStart [0x0x7ff9cb08c53c+44]

[2025-11-19T13:01:47.191976] SCRAPER ratings fetch page 83 offset 1640 failed (attempt 5/5): Message: no such window: target window already closed
from unknown error: web view not found
  (Session info: MicrosoftEdge=142.0.3595.80)
Stacktrace:
	GetHandleVerifier [0x0x7ff7abd52a75+51877]
	GetHandleVerifier [0x0x7ff7abd52ad4+51972]
	GetHandleVerifier [0x0x7ff7abf09425+1848405]
	(No symbol) [0x0x7ff7abaa0e5f]
	(No symbol) [0x0x7ff7abb374ec]
	(No symbol) [0x0x7ff7abb4ed0a]
	(No symbol) [0x0x7ff7abb31df3]
	(No symbol) [0x0x7ff7abb05b36]
	(No symbol) [0x0x7ff7abb04d80]
	(No symbol) [0x0x7ff7abb05973]
	(No symbol) [0x0x7ff7abbce4a5]
	(No symbol) [0x0x7ff7abbca75d]
	GetHandleVerifier [0x0x7ff7abd7d2b3+226019]
	GetHandleVerifier [0x0x7ff7abd6c481+156849]
	GetHandleVerifier [0x0x7ff7abd74979+190889]
	GetHandleVerifier [0x0x7ff7abd59bb4+80868]
	GetHandleVerifier [0x0x7ff7abd59d03+81203]
	GetHandleVerifier [0x0x7ff7abd48286+8886]
	BaseThreadInitThunk [0x0x7ff9c9b0e8d7+23]
	RtlUserThreadStart [0x0x7ff9cb08c53c+44]

[2025-11-19T13:01:52.201048] SCRAPER skip page 83 after 5 failures; lanjut halaman berikutnya
[2025-11-19T13:01:52.204701] SCRAPER ratings fetch page 84 offset 1660 failed (attempt 1/5): Message: no such window: target window already closed
from unknown error: web view not found
  (Session info: MicrosoftEdge=142.0.3595.80)
Stacktrace:
	GetHandleVerifier [0x0x7ff7abd52a75+51877]
	GetHandleVerifier [0x0x7ff7abd52ad4+51972]
	GetHandleVerifier [0x0x7ff7abf09425+1848405]
	(No symbol) [0x0x7ff7abaa0e5f]
	(No symbol) [0x0x7ff7abb374ec]
	(No symbol) [0x0x7ff7abb4ed0a]
	(No symbol) [0x0x7ff7abb31df3]
	(No symbol) [0x0x7ff7abb05b36]
	(No symbol) [0x0x7ff7abb04d80]
	(No symbol) [0x0x7ff7abb05973]
	(No symbol) [0x0x7ff7abbce4a5]
	(No symbol) [0x0x7ff7abbca75d]
	GetHandleVerifier [0x0x7ff7abd7d2b3+226019]
	GetHandleVerifier [0x0x7ff7abd6c481+156849]
	GetHandleVerifier [0x0x7ff7abd74979+190889]
	GetHandleVerifier [0x0x7ff7abd59bb4+80868]
	GetHandleVerifier [0x0x7ff7abd59d03+81203]
	GetHandleVerifier [0x0x7ff7abd48286+8886]
	BaseThreadInitThunk [0x0x7ff9c9b0e8d7+23]
	RtlUserThreadStart [0x0x7ff9cb08c53c+44]

[2025-11-19T13:01:54.218124] SCRAPER ratings fetch page 84 offset 1660 failed (attempt 2/5): Message: no such window: target window already closed
from unknown error: web view not found
  (Session info: MicrosoftEdge=142.0.3595.80)
Stacktrace:
	GetHandleVerifier [0x0x7ff7abd52a75+51877]
	GetHandleVerifier [0x0x7ff7abd52ad4+51972]
	GetHandleVerifier [0x0x7ff7abf09425+1848405]
	(No symbol) [0x0x7ff7abaa0e5f]
	(No symbol) [0x0x7ff7abb374ec]
	(No symbol) [0x0x7ff7abb4ed0a]
	(No symbol) [0x0x7ff7abb31df3]
	(No symbol) [0x0x7ff7abb05b36]
	(No symbol) [0x0x7ff7abb04d80]
	(No symbol) [0x0x7ff7abb05973]
	(No symbol) [0x0x7ff7abbce4a5]
	(No symbol) [0x0x7ff7abbca75d]
	GetHandleVerifier [0x0x7ff7abd7d2b3+226019]
	GetHandleVerifier [0x0x7ff7abd6c481+156849]
	GetHandleVerifier [0x0x7ff7abd74979+190889]
	GetHandleVerifier [0x0x7ff7abd59bb4+80868]
	GetHandleVerifier [0x0x7ff7abd59d03+81203]
	GetHandleVerifier [0x0x7ff7abd48286+8886]
	BaseThreadInitThunk [0x0x7ff9c9b0e8d7+23]
	RtlUserThreadStart [0x0x7ff9cb08c53c+44]

[2025-11-19T13:01:57.226046] SCRAPER ratings fetch page 84 offset 1660 failed (attempt 3/5): Message: no such window: target window already closed
from unknown error: web view not found
  (Session info: MicrosoftEdge=142.0.3595.80)
Stacktrace:
	GetHandleVerifier [0x0x7ff7abd52a75+51877]
	GetHandleVerifier [0x0x7ff7abd52ad4+51972]
	GetHandleVerifier [0x0x7ff7abf09425+1848405]
	(No symbol) [0x0x7ff7abaa0e5f]
	(No symbol) [0x0x7ff7abb374ec]
	(No symbol) [0x0x7ff7abb4ed0a]
	(No symbol) [0x0x7ff7abb31df3]
	(No symbol) [0x0x7ff7abb05b36]
	(No symbol) [0x0x7ff7abb04d80]
	(No symbol) [0x0x7ff7abb05973]
	(No symbol) [0x0x7ff7abbce4a5]
	(No symbol) [0x0x7ff7abbca75d]
	GetHandleVerifier [0x0x7ff7abd7d2b3+226019]
	GetHandleVerifier [0x0x7ff7abd6c481+156849]
	GetHandleVerifier [0x0x7ff7abd74979+190889]
	GetHandleVerifier [0x0x7ff7abd59bb4+80868]
	GetHandleVerifier [0x0x7ff7abd59d03+81203]
	GetHandleVerifier [0x0x7ff7abd48286+8886]
	BaseThreadInitThunk [0x0x7ff9c9b0e8d7+23]
	RtlUserThreadStart [0x0x7ff9cb08c53c+44]

[2025-11-19T13:02:01.235543] SCRAPER ratings fetch page 84 offset 1660 failed (attempt 4/5): Message: no such window: target window already closed
from unknown error: web view not found
  (Session info: MicrosoftEdge=142.0.3595.80)
Stacktrace:
	GetHandleVerifier [0x0x7ff7abd52a75+51877]
	GetHandleVerifier [0x0x7ff7abd52ad4+51972]
	GetHandleVerifier [0x0x7ff7abf09425+1848405]
	(No symbol) [0x0x7ff7abaa0e5f]
	(No symbol) [0x0x7ff7abb374ec]
	(No symbol) [0x0x7ff7abb4ed0a]
	(No symbol) [0x0x7ff7abb31df3]
	(No symbol) [0x0x7ff7abb05b36]
	(No symbol) [0x0x7ff7abb04d80]
	(No symbol) [0x0x7ff7abb05973]
	(No symbol) [0x0x7ff7abbce4a5]
	(No symbol) [0x0x7ff7abbca75d]
	GetHandleVerifier [0x0x7ff7abd7d2b3+226019]
	GetHandleVerifier [0x0x7ff7abd6c481+156849]
	GetHandleVerifier [0x0x7ff7abd74979+190889]
	GetHandleVerifier [0x0x7ff7abd59bb4+80868]
	GetHandleVerifier [0x0x7ff7abd59d03+81203]
	GetHandleVerifier [0x0x7ff7abd48286+8886]
	BaseThreadInitThunk [0x0x7ff9c9b0e8d7+23]
	RtlUserThreadStart [0x0x7ff9cb08c53c+44]

[2025-11-19T13:02:06.239205] SCRAPER ratings fetch page 84 offset 1660 failed (attempt 5/5): Message: no such window: target window already closed
from unknown error: web view not found
  (Session info: MicrosoftEdge=142.0.3595.80)
Stacktrace:
	GetHandleVerifier [0x0x7ff7abd52a75+51877]
	GetHandleVerifier [0x0x7ff7abd52ad4+51972]
	GetHandleVerifier [0x0x7ff7abf09425+1848405]
	(No symbol) [0x0x7ff7abaa0e5f]
	(No symbol) [0x0x7ff7abb374ec]
	(No symbol) [0x0x7ff7abb4ed0a]
	(No symbol) [0x0x7ff7abb31df3]
	(No symbol) [0x0x7ff7abb05b36]
	(No symbol) [0x0x7ff7abb04d80]
	(No symbol) [0x0x7ff7abb05973]
	(No symbol) [0x0x7ff7abbce4a5]
	(No symbol) [0x0x7ff7abbca75d]
	GetHandleVerifier [0x0x7ff7abd7d2b3+226019]
	GetHandleVerifier [0x0x7ff7abd6c481+156849]
	GetHandleVerifier [0x0x7ff7abd74979+190889]
	GetHandleVerifier [0x0x7ff7abd59bb4+80868]
	GetHandleVerifier [0x0x7ff7abd59d03+81203]
	GetHandleVerifier [0x0x7ff7abd48286+8886]
	BaseThreadInitThunk [0x0x7ff9c9b0e8d7+23]
	RtlUserThreadStart [0x0x7ff9cb08c53c+44]

[2025-11-19T13:02:11.247145] SCRAPER skip page 84 after 5 failures; lanjut halaman berikutnya
[2025-11-19T13:02:11.250589] SCRAPER ratings fetch page 85 offset 1680 failed (attempt 1/5): Message: no such window: target window already closed
from unknown error: web view not found
  (Session info: MicrosoftEdge=142.0.3595.80)
Stacktrace:
	GetHandleVerifier [0x0x7ff7abd52a75+51877]
	GetHandleVerifier [0x0x7ff7abd52ad4+51972]
	GetHandleVerifier [0x0x7ff7abf09425+1848405]
	(No symbol) [0x0x7ff7abaa0e5f]
	(No symbol) [0x0x7ff7abb374ec]
	(No symbol) [0x0x7ff7abb4ed0a]
	(No symbol) [0x0x7ff7abb31df3]
	(No symbol) [0x0x7ff7abb05b36]
	(No symbol) [0x0x7ff7abb04d80]
	(No symbol) [0x0x7ff7abb05973]
	(No symbol) [0x0x7ff7abbce4a5]
	(No symbol) [0x0x7ff7abbca75d]
	GetHandleVerifier [0x0x7ff7abd7d2b3+226019]
	GetHandleVerifier [0x0x7ff7abd6c481+156849]
	GetHandleVerifier [0x0x7ff7abd74979+190889]
	GetHandleVerifier [0x0x7ff7abd59bb4+80868]
	GetHandleVerifier [0x0x7ff7abd59d03+81203]
	GetHandleVerifier [0x0x7ff7abd48286+8886]
	BaseThreadInitThunk [0x0x7ff9c9b0e8d7+23]
	RtlUserThreadStart [0x0x7ff9cb08c53c+44]

[2025-11-19T13:02:13.266140] SCRAPER ratings fetch page 85 offset 1680 failed (attempt 2/5): Message: no such window: target window already closed
from unknown error: web view not found
  (Session info: MicrosoftEdge=142.0.3595.80)
Stacktrace:
	GetHandleVerifier [0x0x7ff7abd52a75+51877]
	GetHandleVerifier [0x0x7ff7abd52ad4+51972]
	GetHandleVerifier [0x0x7ff7abf09425+1848405]
	(No symbol) [0x0x7ff7abaa0e5f]
	(No symbol) [0x0x7ff7abb374ec]
	(No symbol) [0x0x7ff7abb4ed0a]
	(No symbol) [0x0x7ff7abb31df3]
	(No symbol) [0x0x7ff7abb05b36]
	(No symbol) [0x0x7ff7abb04d80]
	(No symbol) [0x0x7ff7abb05973]
	(No symbol) [0x0x7ff7abbce4a5]
	(No symbol) [0x0x7ff7abbca75d]
	GetHandleVerifier [0x0x7ff7abd7d2b3+226019]
	GetHandleVerifier [0x0x7ff7abd6c481+156849]
	GetHandleVerifier [0x0x7ff7abd74979+190889]
	GetHandleVerifier [0x0x7ff7abd59bb4+80868]
	GetHandleVerifier [0x0x7ff7abd59d03+81203]
	GetHandleVerifier [0x0x7ff7abd48286+8886]
	BaseThreadInitThunk [0x0x7ff9c9b0e8d7+23]
	RtlUserThreadStart [0x0x7ff9cb08c53c+44]

[2025-11-19T13:02:16.272691] SCRAPER ratings fetch page 85 offset 1680 failed (attempt 3/5): Message: no such window: target window already closed
from unknown error: web view not found
  (Session info: MicrosoftEdge=142.0.3595.80)
Stacktrace:
	GetHandleVerifier [0x0x7ff7abd52a75+51877]
	GetHandleVerifier [0x0x7ff7abd52ad4+51972]
	GetHandleVerifier [0x0x7ff7abf09425+1848405]
	(No symbol) [0x0x7ff7abaa0e5f]
	(No symbol) [0x0x7ff7abb374ec]
	(No symbol) [0x0x7ff7abb4ed0a]
	(No symbol) [0x0x7ff7abb31df3]
	(No symbol) [0x0x7ff7abb05b36]
	(No symbol) [0x0x7ff7abb04d80]
	(No symbol) [0x0x7ff7abb05973]
	(No symbol) [0x0x7ff7abbce4a5]
	(No symbol) [0x0x7ff7abbca75d]
	GetHandleVerifier [0x0x7ff7abd7d2b3+226019]
	GetHandleVerifier [0x0x7ff7abd6c481+156849]
	GetHandleVerifier [0x0x7ff7abd74979+190889]
	GetHandleVerifier [0x0x7ff7abd59bb4+80868]
	GetHandleVerifier [0x0x7ff7abd59d03+81203]
	GetHandleVerifier [0x0x7ff7abd48286+8886]
	BaseThreadInitThunk [0x0x7ff9c9b0e8d7+23]
	RtlUserThreadStart [0x0x7ff9cb08c53c+44]

[2025-11-19T13:02:20.276826] SCRAPER ratings fetch page 85 offset 1680 failed (attempt 4/5): Message: no such window: target window already closed
from unknown error: web view not found
  (Session info: MicrosoftEdge=142.0.3595.80)
Stacktrace:
	GetHandleVerifier [0x0x7ff7abd52a75+51877]
	GetHandleVerifier [0x0x7ff7abd52ad4+51972]
	GetHandleVerifier [0x0x7ff7abf09425+1848405]
	(No symbol) [0x0x7ff7abaa0e5f]
	(No symbol) [0x0x7ff7abb374ec]
	(No symbol) [0x0x7ff7abb4ed0a]
	(No symbol) [0x0x7ff7abb31df3]
	(No symbol) [0x0x7ff7abb05b36]
	(No symbol) [0x0x7ff7abb04d80]
	(No symbol) [0x0x7ff7abb05973]
	(No symbol) [0x0x7ff7abbce4a5]
	(No symbol) [0x0x7ff7abbca75d]
	GetHandleVerifier [0x0x7ff7abd7d2b3+226019]
	GetHandleVerifier [0x0x7ff7abd6c481+156849]
	GetHandleVerifier [0x0x7ff7abd74979+190889]
	GetHandleVerifier [0x0x7ff7abd59bb4+80868]
	GetHandleVerifier [0x0x7ff7abd59d03+81203]
	GetHandleVerifier [0x0x7ff7abd48286+8886]
	BaseThreadInitThunk [0x0x7ff9c9b0e8d7+23]
	RtlUserThreadStart [0x0x7ff9cb08c53c+44]

[2025-11-19T13:02:25.285062] SCRAPER ratings fetch page 85 offset 1680 failed (attempt 5/5): Message: no such window: target window already closed
from unknown error: web view not found
  (Session info: MicrosoftEdge=142.0.3595.80)
Stacktrace:
	GetHandleVerifier [0x0x7ff7abd52a75+51877]
	GetHandleVerifier [0x0x7ff7abd52ad4+51972]
	GetHandleVerifier [0x0x7ff7abf09425+1848405]
	(No symbol) [0x0x7ff7abaa0e5f]
	(No symbol) [0x0x7ff7abb374ec]
	(No symbol) [0x0x7ff7abb4ed0a]
	(No symbol) [0x0x7ff7abb31df3]
	(No symbol) [0x0x7ff7abb05b36]
	(No symbol) [0x0x7ff7abb04d80]
	(No symbol) [0x0x7ff7abb05973]
	(No symbol) [0x0x7ff7abbce4a5]
	(No symbol) [0x0x7ff7abbca75d]
	GetHandleVerifier [0x0x7ff7abd7d2b3+226019]
	GetHandleVerifier [0x0x7ff7abd6c481+156849]
	GetHandleVerifier [0x0x7ff7abd74979+190889]
	GetHandleVerifier [0x0x7ff7abd59bb4+80868]
	GetHandleVerifier [0x0x7ff7abd59d03+81203]
	GetHandleVerifier [0x0x7ff7abd48286+8886]
	BaseThreadInitThunk [0x0x7ff9c9b0e8d7+23]
	RtlUserThreadStart [0x0x7ff9cb08c53c+44]

[2025-11-19T13:02:30.297406] SCRAPER skip page 85 after 5 failures; lanjut halaman berikutnya
[2025-11-19T13:02:30.299870] SCRAPER ratings fetch page 86 offset 1700 failed (attempt 1/5): Message: no such window: target window already closed
from unknown error: web view not found
  (Session info: MicrosoftEdge=142.0.3595.80)
Stacktrace:
	GetHandleVerifier [0x0x7ff7abd52a75+51877]
	GetHandleVerifier [0x0x7ff7abd52ad4+51972]
	GetHandleVerifier [0x0x7ff7abf09425+1848405]
	(No symbol) [0x0x7ff7abaa0e5f]
	(No symbol) [0x0x7ff7abb374ec]
	(No symbol) [0x0x7ff7abb4ed0a]
	(No symbol) [0x0x7ff7abb31df3]
	(No symbol) [0x0x7ff7abb05b36]
	(No symbol) [0x0x7ff7abb04d80]
	(No symbol) [0x0x7ff7abb05973]
	(No symbol) [0x0x7ff7abbce4a5]
	(No symbol) [0x0x7ff7abbca75d]
	GetHandleVerifier [0x0x7ff7abd7d2b3+226019]
	GetHandleVerifier [0x0x7ff7abd6c481+156849]
	GetHandleVerifier [0x0x7ff7abd74979+190889]
	GetHandleVerifier [0x0x7ff7abd59bb4+80868]
	GetHandleVerifier [0x0x7ff7abd59d03+81203]
	GetHandleVerifier [0x0x7ff7abd48286+8886]
	BaseThreadInitThunk [0x0x7ff9c9b0e8d7+23]
	RtlUserThreadStart [0x0x7ff9cb08c53c+44]

[2025-11-19T13:02:32.302957] SCRAPER ratings fetch page 86 offset 1700 failed (attempt 2/5): Message: no such window: target window already closed
from unknown error: web view not found
  (Session info: MicrosoftEdge=142.0.3595.80)
Stacktrace:
	GetHandleVerifier [0x0x7ff7abd52a75+51877]
	GetHandleVerifier [0x0x7ff7abd52ad4+51972]
	GetHandleVerifier [0x0x7ff7abf09425+1848405]
	(No symbol) [0x0x7ff7abaa0e5f]
	(No symbol) [0x0x7ff7abb374ec]
	(No symbol) [0x0x7ff7abb4ed0a]
	(No symbol) [0x0x7ff7abb31df3]
	(No symbol) [0x0x7ff7abb05b36]
	(No symbol) [0x0x7ff7abb04d80]
	(No symbol) [0x0x7ff7abb05973]
	(No symbol) [0x0x7ff7abbce4a5]
	(No symbol) [0x0x7ff7abbca75d]
	GetHandleVerifier [0x0x7ff7abd7d2b3+226019]
	GetHandleVerifier [0x0x7ff7abd6c481+156849]
	GetHandleVerifier [0x0x7ff7abd74979+190889]
	GetHandleVerifier [0x0x7ff7abd59bb4+80868]
	GetHandleVerifier [0x0x7ff7abd59d03+81203]
	GetHandleVerifier [0x0x7ff7abd48286+8886]
	BaseThreadInitThunk [0x0x7ff9c9b0e8d7+23]
	RtlUserThreadStart [0x0x7ff9cb08c53c+44]

[2025-11-19T13:02:35.314573] SCRAPER ratings fetch page 86 offset 1700 failed (attempt 3/5): Message: no such window: target window already closed
from unknown error: web view not found
  (Session info: MicrosoftEdge=142.0.3595.80)
Stacktrace:
	GetHandleVerifier [0x0x7ff7abd52a75+51877]
	GetHandleVerifier [0x0x7ff7abd52ad4+51972]
	GetHandleVerifier [0x0x7ff7abf09425+1848405]
	(No symbol) [0x0x7ff7abaa0e5f]
	(No symbol) [0x0x7ff7abb374ec]
	(No symbol) [0x0x7ff7abb4ed0a]
	(No symbol) [0x0x7ff7abb31df3]
	(No symbol) [0x0x7ff7abb05b36]
	(No symbol) [0x0x7ff7abb04d80]
	(No symbol) [0x0x7ff7abb05973]
	(No symbol) [0x0x7ff7abbce4a5]
	(No symbol) [0x0x7ff7abbca75d]
	GetHandleVerifier [0x0x7ff7abd7d2b3+226019]
	GetHandleVerifier [0x0x7ff7abd6c481+156849]
	GetHandleVerifier [0x0x7ff7abd74979+190889]
	GetHandleVerifier [0x0x7ff7abd59bb4+80868]
	GetHandleVerifier [0x0x7ff7abd59d03+81203]
	GetHandleVerifier [0x0x7ff7abd48286+8886]
	BaseThreadInitThunk [0x0x7ff9c9b0e8d7+23]
	RtlUserThreadStart [0x0x7ff9cb08c53c+44]

[2025-11-19T13:02:39.328294] SCRAPER ratings fetch page 86 offset 1700 failed (attempt 4/5): Message: no such window: target window already closed
from unknown error: web view not found
  (Session info: MicrosoftEdge=142.0.3595.80)
Stacktrace:
	GetHandleVerifier [0x0x7ff7abd52a75+51877]
	GetHandleVerifier [0x0x7ff7abd52ad4+51972]
	GetHandleVerifier [0x0x7ff7abf09425+1848405]
	(No symbol) [0x0x7ff7abaa0e5f]
	(No symbol) [0x0x7ff7abb374ec]
	(No symbol) [0x0x7ff7abb4ed0a]
	(No symbol) [0x0x7ff7abb31df3]
	(No symbol) [0x0x7ff7abb05b36]
	(No symbol) [0x0x7ff7abb04d80]
	(No symbol) [0x0x7ff7abb05973]
	(No symbol) [0x0x7ff7abbce4a5]
	(No symbol) [0x0x7ff7abbca75d]
	GetHandleVerifier [0x0x7ff7abd7d2b3+226019]
	GetHandleVerifier [0x0x7ff7abd6c481+156849]
	GetHandleVerifier [0x0x7ff7abd74979+190889]
	GetHandleVerifier [0x0x7ff7abd59bb4+80868]
	GetHandleVerifier [0x0x7ff7abd59d03+81203]
	GetHandleVerifier [0x0x7ff7abd48286+8886]
	BaseThreadInitThunk [0x0x7ff9c9b0e8d7+23]
	RtlUserThreadStart [0x0x7ff9cb08c53c+44]

[2025-11-19T13:02:44.341949] SCRAPER ratings fetch page 86 offset 1700 failed (attempt 5/5): Message: no such window: target window already closed
from unknown error: web view not found
  (Session info: MicrosoftEdge=142.0.3595.80)
Stacktrace:
	GetHandleVerifier [0x0x7ff7abd52a75+51877]
	GetHandleVerifier [0x0x7ff7abd52ad4+51972]
	GetHandleVerifier [0x0x7ff7abf09425+1848405]
	(No symbol) [0x0x7ff7abaa0e5f]
	(No symbol) [0x0x7ff7abb374ec]
	(No symbol) [0x0x7ff7abb4ed0a]
	(No symbol) [0x0x7ff7abb31df3]
	(No symbol) [0x0x7ff7abb05b36]
	(No symbol) [0x0x7ff7abb04d80]
	(No symbol) [0x0x7ff7abb05973]
	(No symbol) [0x0x7ff7abbce4a5]
	(No symbol) [0x0x7ff7abbca75d]
	GetHandleVerifier [0x0x7ff7abd7d2b3+226019]
	GetHandleVerifier [0x0x7ff7abd6c481+156849]
	GetHandleVerifier [0x0x7ff7abd74979+190889]
	GetHandleVerifier [0x0x7ff7abd59bb4+80868]
	GetHandleVerifier [0x0x7ff7abd59d03+81203]
	GetHandleVerifier [0x0x7ff7abd48286+8886]
	BaseThreadInitThunk [0x0x7ff9c9b0e8d7+23]
	RtlUserThreadStart [0x0x7ff9cb08c53c+44]

[2025-11-19T13:02:49.346861] SCRAPER skip page 86 after 5 failures; lanjut halaman berikutnya
[2025-11-19T13:02:49.348520] SCRAPER ratings fetch page 87 offset 1720 failed (attempt 1/5): Message: no such window: target window already closed
from unknown error: web view not found
  (Session info: MicrosoftEdge=142.0.3595.80)
Stacktrace:
	GetHandleVerifier [0x0x7ff7abd52a75+51877]
	GetHandleVerifier [0x0x7ff7abd52ad4+51972]
	GetHandleVerifier [0x0x7ff7abf09425+1848405]
	(No symbol) [0x0x7ff7abaa0e5f]
	(No symbol) [0x0x7ff7abb374ec]
	(No symbol) [0x0x7ff7abb4ed0a]
	(No symbol) [0x0x7ff7abb31df3]
	(No symbol) [0x0x7ff7abb05b36]
	(No symbol) [0x0x7ff7abb04d80]
	(No symbol) [0x0x7ff7abb05973]
	(No symbol) [0x0x7ff7abbce4a5]
	(No symbol) [0x0x7ff7abbca75d]
	GetHandleVerifier [0x0x7ff7abd7d2b3+226019]
	GetHandleVerifier [0x0x7ff7abd6c481+156849]
	GetHandleVerifier [0x0x7ff7abd74979+190889]
	GetHandleVerifier [0x0x7ff7abd59bb4+80868]
	GetHandleVerifier [0x0x7ff7abd59d03+81203]
	GetHandleVerifier [0x0x7ff7abd48286+8886]
	BaseThreadInitThunk [0x0x7ff9c9b0e8d7+23]
	RtlUserThreadStart [0x0x7ff9cb08c53c+44]

[2025-11-19T13:02:51.362101] SCRAPER ratings fetch page 87 offset 1720 failed (attempt 2/5): Message: no such window: target window already closed
from unknown error: web view not found
  (Session info: MicrosoftEdge=142.0.3595.80)
Stacktrace:
	GetHandleVerifier [0x0x7ff7abd52a75+51877]
	GetHandleVerifier [0x0x7ff7abd52ad4+51972]
	GetHandleVerifier [0x0x7ff7abf09425+1848405]
	(No symbol) [0x0x7ff7abaa0e5f]
	(No symbol) [0x0x7ff7abb374ec]
	(No symbol) [0x0x7ff7abb4ed0a]
	(No symbol) [0x0x7ff7abb31df3]
	(No symbol) [0x0x7ff7abb05b36]
	(No symbol) [0x0x7ff7abb04d80]
	(No symbol) [0x0x7ff7abb05973]
	(No symbol) [0x0x7ff7abbce4a5]
	(No symbol) [0x0x7ff7abbca75d]
	GetHandleVerifier [0x0x7ff7abd7d2b3+226019]
	GetHandleVerifier [0x0x7ff7abd6c481+156849]
	GetHandleVerifier [0x0x7ff7abd74979+190889]
	GetHandleVerifier [0x0x7ff7abd59bb4+80868]
	GetHandleVerifier [0x0x7ff7abd59d03+81203]
	GetHandleVerifier [0x0x7ff7abd48286+8886]
	BaseThreadInitThunk [0x0x7ff9c9b0e8d7+23]
	RtlUserThreadStart [0x0x7ff9cb08c53c+44]

[2025-11-19T13:02:54.375731] SCRAPER ratings fetch page 87 offset 1720 failed (attempt 3/5): Message: no such window: target window already closed
from unknown error: web view not found
  (Session info: MicrosoftEdge=142.0.3595.80)
Stacktrace:
	GetHandleVerifier [0x0x7ff7abd52a75+51877]
	GetHandleVerifier [0x0x7ff7abd52ad4+51972]
	GetHandleVerifier [0x0x7ff7abf09425+1848405]
	(No symbol) [0x0x7ff7abaa0e5f]
	(No symbol) [0x0x7ff7abb374ec]
	(No symbol) [0x0x7ff7abb4ed0a]
	(No symbol) [0x0x7ff7abb31df3]
	(No symbol) [0x0x7ff7abb05b36]
	(No symbol) [0x0x7ff7abb04d80]
	(No symbol) [0x0x7ff7abb05973]
	(No symbol) [0x0x7ff7abbce4a5]
	(No symbol) [0x0x7ff7abbca75d]
	GetHandleVerifier [0x0x7ff7abd7d2b3+226019]
	GetHandleVerifier [0x0x7ff7abd6c481+156849]
	GetHandleVerifier [0x0x7ff7abd74979+190889]
	GetHandleVerifier [0x0x7ff7abd59bb4+80868]
	GetHandleVerifier [0x0x7ff7abd59d03+81203]
	GetHandleVerifier [0x0x7ff7abd48286+8886]
	BaseThreadInitThunk [0x0x7ff9c9b0e8d7+23]
	RtlUserThreadStart [0x0x7ff9cb08c53c+44]

[2025-11-19T13:02:58.379043] SCRAPER ratings fetch page 87 offset 1720 failed (attempt 4/5): Message: no such window: target window already closed
from unknown error: web view not found
  (Session info: MicrosoftEdge=142.0.3595.80)
Stacktrace:
	GetHandleVerifier [0x0x7ff7abd52a75+51877]
	GetHandleVerifier [0x0x7ff7abd52ad4+51972]
	GetHandleVerifier [0x0x7ff7abf09425+1848405]
	(No symbol) [0x0x7ff7abaa0e5f]
	(No symbol) [0x0x7ff7abb374ec]
	(No symbol) [0x0x7ff7abb4ed0a]
	(No symbol) [0x0x7ff7abb31df3]
	(No symbol) [0x0x7ff7abb05b36]
	(No symbol) [0x0x7ff7abb04d80]
	(No symbol) [0x0x7ff7abb05973]
	(No symbol) [0x0x7ff7abbce4a5]
	(No symbol) [0x0x7ff7abbca75d]
	GetHandleVerifier [0x0x7ff7abd7d2b3+226019]
	GetHandleVerifier [0x0x7ff7abd6c481+156849]
	GetHandleVerifier [0x0x7ff7abd74979+190889]
	GetHandleVerifier [0x0x7ff7abd59bb4+80868]
	GetHandleVerifier [0x0x7ff7abd59d03+81203]
	GetHandleVerifier [0x0x7ff7abd48286+8886]
	BaseThreadInitThunk [0x0x7ff9c9b0e8d7+23]
	RtlUserThreadStart [0x0x7ff9cb08c53c+44]

[2025-11-19T13:03:03.397122] SCRAPER ratings fetch page 87 offset 1720 failed (attempt 5/5): Message: no such window: target window already closed
from unknown error: web view not found
  (Session info: MicrosoftEdge=142.0.3595.80)
Stacktrace:
	GetHandleVerifier [0x0x7ff7abd52a75+51877]
	GetHandleVerifier [0x0x7ff7abd52ad4+51972]
	GetHandleVerifier [0x0x7ff7abf09425+1848405]
	(No symbol) [0x0x7ff7abaa0e5f]
	(No symbol) [0x0x7ff7abb374ec]
	(No symbol) [0x0x7ff7abb4ed0a]
	(No symbol) [0x0x7ff7abb31df3]
	(No symbol) [0x0x7ff7abb05b36]
	(No symbol) [0x0x7ff7abb04d80]
	(No symbol) [0x0x7ff7abb05973]
	(No symbol) [0x0x7ff7abbce4a5]
	(No symbol) [0x0x7ff7abbca75d]
	GetHandleVerifier [0x0x7ff7abd7d2b3+226019]
	GetHandleVerifier [0x0x7ff7abd6c481+156849]
	GetHandleVerifier [0x0x7ff7abd74979+190889]
	GetHandleVerifier [0x0x7ff7abd59bb4+80868]
	GetHandleVerifier [0x0x7ff7abd59d03+81203]
	GetHandleVerifier [0x0x7ff7abd48286+8886]
	BaseThreadInitThunk [0x0x7ff9c9b0e8d7+23]
	RtlUserThreadStart [0x0x7ff9cb08c53c+44]

[2025-11-19T13:03:08.409190] SCRAPER skip page 87 after 5 failures; lanjut halaman berikutnya
[2025-11-19T13:03:08.414201] SCRAPER ratings fetch page 88 offset 1740 failed (attempt 1/5): Message: no such window: target window already closed
from unknown error: web view not found
  (Session info: MicrosoftEdge=142.0.3595.80)
Stacktrace:
	GetHandleVerifier [0x0x7ff7abd52a75+51877]
	GetHandleVerifier [0x0x7ff7abd52ad4+51972]
	GetHandleVerifier [0x0x7ff7abf09425+1848405]
	(No symbol) [0x0x7ff7abaa0e5f]
	(No symbol) [0x0x7ff7abb374ec]
	(No symbol) [0x0x7ff7abb4ed0a]
	(No symbol) [0x0x7ff7abb31df3]
	(No symbol) [0x0x7ff7abb05b36]
	(No symbol) [0x0x7ff7abb04d80]
	(No symbol) [0x0x7ff7abb05973]
	(No symbol) [0x0x7ff7abbce4a5]
	(No symbol) [0x0x7ff7abbca75d]
	GetHandleVerifier [0x0x7ff7abd7d2b3+226019]
	GetHandleVerifier [0x0x7ff7abd6c481+156849]
	GetHandleVerifier [0x0x7ff7abd74979+190889]
	GetHandleVerifier [0x0x7ff7abd59bb4+80868]
	GetHandleVerifier [0x0x7ff7abd59d03+81203]
	GetHandleVerifier [0x0x7ff7abd48286+8886]
	BaseThreadInitThunk [0x0x7ff9c9b0e8d7+23]
	RtlUserThreadStart [0x0x7ff9cb08c53c+44]

[2025-11-19T13:03:10.432353] SCRAPER ratings fetch page 88 offset 1740 failed (attempt 2/5): Message: no such window: target window already closed
from unknown error: web view not found
  (Session info: MicrosoftEdge=142.0.3595.80)
Stacktrace:
	GetHandleVerifier [0x0x7ff7abd52a75+51877]
	GetHandleVerifier [0x0x7ff7abd52ad4+51972]
	GetHandleVerifier [0x0x7ff7abf09425+1848405]
	(No symbol) [0x0x7ff7abaa0e5f]
	(No symbol) [0x0x7ff7abb374ec]
	(No symbol) [0x0x7ff7abb4ed0a]
	(No symbol) [0x0x7ff7abb31df3]
	(No symbol) [0x0x7ff7abb05b36]
	(No symbol) [0x0x7ff7abb04d80]
	(No symbol) [0x0x7ff7abb05973]
	(No symbol) [0x0x7ff7abbce4a5]
	(No symbol) [0x0x7ff7abbca75d]
	GetHandleVerifier [0x0x7ff7abd7d2b3+226019]
	GetHandleVerifier [0x0x7ff7abd6c481+156849]
	GetHandleVerifier [0x0x7ff7abd74979+190889]
	GetHandleVerifier [0x0x7ff7abd59bb4+80868]
	GetHandleVerifier [0x0x7ff7abd59d03+81203]
	GetHandleVerifier [0x0x7ff7abd48286+8886]
	BaseThreadInitThunk [0x0x7ff9c9b0e8d7+23]
	RtlUserThreadStart [0x0x7ff9cb08c53c+44]

[2025-11-19T13:03:13.447943] SCRAPER ratings fetch page 88 offset 1740 failed (attempt 3/5): Message: no such window: target window already closed
from unknown error: web view not found
  (Session info: MicrosoftEdge=142.0.3595.80)
Stacktrace:
	GetHandleVerifier [0x0x7ff7abd52a75+51877]
	GetHandleVerifier [0x0x7ff7abd52ad4+51972]
	GetHandleVerifier [0x0x7ff7abf09425+1848405]
	(No symbol) [0x0x7ff7abaa0e5f]
	(No symbol) [0x0x7ff7abb374ec]
	(No symbol) [0x0x7ff7abb4ed0a]
	(No symbol) [0x0x7ff7abb31df3]
	(No symbol) [0x0x7ff7abb05b36]
	(No symbol) [0x0x7ff7abb04d80]
	(No symbol) [0x0x7ff7abb05973]
	(No symbol) [0x0x7ff7abbce4a5]
	(No symbol) [0x0x7ff7abbca75d]
	GetHandleVerifier [0x0x7ff7abd7d2b3+226019]
	GetHandleVerifier [0x0x7ff7abd6c481+156849]
	GetHandleVerifier [0x0x7ff7abd74979+190889]
	GetHandleVerifier [0x0x7ff7abd59bb4+80868]
	GetHandleVerifier [0x0x7ff7abd59d03+81203]
	GetHandleVerifier [0x0x7ff7abd48286+8886]
	BaseThreadInitThunk [0x0x7ff9c9b0e8d7+23]
	RtlUserThreadStart [0x0x7ff9cb08c53c+44]

[2025-11-19T13:03:17.457467] SCRAPER ratings fetch page 88 offset 1740 failed (attempt 4/5): Message: no such window: target window already closed
from unknown error: web view not found
  (Session info: MicrosoftEdge=142.0.3595.80)
Stacktrace:
	GetHandleVerifier [0x0x7ff7abd52a75+51877]
	GetHandleVerifier [0x0x7ff7abd52ad4+51972]
	GetHandleVerifier [0x0x7ff7abf09425+1848405]
	(No symbol) [0x0x7ff7abaa0e5f]
	(No symbol) [0x0x7ff7abb374ec]
	(No symbol) [0x0x7ff7abb4ed0a]
	(No symbol) [0x0x7ff7abb31df3]
	(No symbol) [0x0x7ff7abb05b36]
	(No symbol) [0x0x7ff7abb04d80]
	(No symbol) [0x0x7ff7abb05973]
	(No symbol) [0x0x7ff7abbce4a5]
	(No symbol) [0x0x7ff7abbca75d]
	GetHandleVerifier [0x0x7ff7abd7d2b3+226019]
	GetHandleVerifier [0x0x7ff7abd6c481+156849]
	GetHandleVerifier [0x0x7ff7abd74979+190889]
	GetHandleVerifier [0x0x7ff7abd59bb4+80868]
	GetHandleVerifier [0x0x7ff7abd59d03+81203]
	GetHandleVerifier [0x0x7ff7abd48286+8886]
	BaseThreadInitThunk [0x0x7ff9c9b0e8d7+23]
	RtlUserThreadStart [0x0x7ff9cb08c53c+44]

[2025-11-19T13:03:22.472575] SCRAPER ratings fetch page 88 offset 1740 failed (attempt 5/5): Message: no such window: target window already closed
from unknown error: web view not found
  (Session info: MicrosoftEdge=142.0.3595.80)
Stacktrace:
	GetHandleVerifier [0x0x7ff7abd52a75+51877]
	GetHandleVerifier [0x0x7ff7abd52ad4+51972]
	GetHandleVerifier [0x0x7ff7abf09425+1848405]
	(No symbol) [0x0x7ff7abaa0e5f]
	(No symbol) [0x0x7ff7abb374ec]
	(No symbol) [0x0x7ff7abb4ed0a]
	(No symbol) [0x0x7ff7abb31df3]
	(No symbol) [0x0x7ff7abb05b36]
	(No symbol) [0x0x7ff7abb04d80]
	(No symbol) [0x0x7ff7abb05973]
	(No symbol) [0x0x7ff7abbce4a5]
	(No symbol) [0x0x7ff7abbca75d]
	GetHandleVerifier [0x0x7ff7abd7d2b3+226019]
	GetHandleVerifier [0x0x7ff7abd6c481+156849]
	GetHandleVerifier [0x0x7ff7abd74979+190889]
	GetHandleVerifier [0x0x7ff7abd59bb4+80868]
	GetHandleVerifier [0x0x7ff7abd59d03+81203]
	GetHandleVerifier [0x0x7ff7abd48286+8886]
	BaseThreadInitThunk [0x0x7ff9c9b0e8d7+23]
	RtlUserThreadStart [0x0x7ff9cb08c53c+44]

[2025-11-19T13:03:27.487303] SCRAPER skip page 88 after 5 failures; lanjut halaman berikutnya
[2025-11-19T13:03:27.491824] SCRAPER ratings fetch page 89 offset 1760 failed (attempt 1/5): Message: no such window: target window already closed
from unknown error: web view not found
  (Session info: MicrosoftEdge=142.0.3595.80)
Stacktrace:
	GetHandleVerifier [0x0x7ff7abd52a75+51877]
	GetHandleVerifier [0x0x7ff7abd52ad4+51972]
	GetHandleVerifier [0x0x7ff7abf09425+1848405]
	(No symbol) [0x0x7ff7abaa0e5f]
	(No symbol) [0x0x7ff7abb374ec]
	(No symbol) [0x0x7ff7abb4ed0a]
	(No symbol) [0x0x7ff7abb31df3]
	(No symbol) [0x0x7ff7abb05b36]
	(No symbol) [0x0x7ff7abb04d80]
	(No symbol) [0x0x7ff7abb05973]
	(No symbol) [0x0x7ff7abbce4a5]
	(No symbol) [0x0x7ff7abbca75d]
	GetHandleVerifier [0x0x7ff7abd7d2b3+226019]
	GetHandleVerifier [0x0x7ff7abd6c481+156849]
	GetHandleVerifier [0x0x7ff7abd74979+190889]
	GetHandleVerifier [0x0x7ff7abd59bb4+80868]
	GetHandleVerifier [0x0x7ff7abd59d03+81203]
	GetHandleVerifier [0x0x7ff7abd48286+8886]
	BaseThreadInitThunk [0x0x7ff9c9b0e8d7+23]
	RtlUserThreadStart [0x0x7ff9cb08c53c+44]

[2025-11-19T13:03:29.496146] SCRAPER ratings fetch page 89 offset 1760 failed (attempt 2/5): Message: no such window: target window already closed
from unknown error: web view not found
  (Session info: MicrosoftEdge=142.0.3595.80)
Stacktrace:
	GetHandleVerifier [0x0x7ff7abd52a75+51877]
	GetHandleVerifier [0x0x7ff7abd52ad4+51972]
	GetHandleVerifier [0x0x7ff7abf09425+1848405]
	(No symbol) [0x0x7ff7abaa0e5f]
	(No symbol) [0x0x7ff7abb374ec]
	(No symbol) [0x0x7ff7abb4ed0a]
	(No symbol) [0x0x7ff7abb31df3]
	(No symbol) [0x0x7ff7abb05b36]
	(No symbol) [0x0x7ff7abb04d80]
	(No symbol) [0x0x7ff7abb05973]
	(No symbol) [0x0x7ff7abbce4a5]
	(No symbol) [0x0x7ff7abbca75d]
	GetHandleVerifier [0x0x7ff7abd7d2b3+226019]
	GetHandleVerifier [0x0x7ff7abd6c481+156849]
	GetHandleVerifier [0x0x7ff7abd74979+190889]
	GetHandleVerifier [0x0x7ff7abd59bb4+80868]
	GetHandleVerifier [0x0x7ff7abd59d03+81203]
	GetHandleVerifier [0x0x7ff7abd48286+8886]
	BaseThreadInitThunk [0x0x7ff9c9b0e8d7+23]
	RtlUserThreadStart [0x0x7ff9cb08c53c+44]

[2025-11-19T13:03:32.512953] SCRAPER ratings fetch page 89 offset 1760 failed (attempt 3/5): Message: no such window: target window already closed
from unknown error: web view not found
  (Session info: MicrosoftEdge=142.0.3595.80)
Stacktrace:
	GetHandleVerifier [0x0x7ff7abd52a75+51877]
	GetHandleVerifier [0x0x7ff7abd52ad4+51972]
	GetHandleVerifier [0x0x7ff7abf09425+1848405]
	(No symbol) [0x0x7ff7abaa0e5f]
	(No symbol) [0x0x7ff7abb374ec]
	(No symbol) [0x0x7ff7abb4ed0a]
	(No symbol) [0x0x7ff7abb31df3]
	(No symbol) [0x0x7ff7abb05b36]
	(No symbol) [0x0x7ff7abb04d80]
	(No symbol) [0x0x7ff7abb05973]
	(No symbol) [0x0x7ff7abbce4a5]
	(No symbol) [0x0x7ff7abbca75d]
	GetHandleVerifier [0x0x7ff7abd7d2b3+226019]
	GetHandleVerifier [0x0x7ff7abd6c481+156849]
	GetHandleVerifier [0x0x7ff7abd74979+190889]
	GetHandleVerifier [0x0x7ff7abd59bb4+80868]
	GetHandleVerifier [0x0x7ff7abd59d03+81203]
	GetHandleVerifier [0x0x7ff7abd48286+8886]
	BaseThreadInitThunk [0x0x7ff9c9b0e8d7+23]
	RtlUserThreadStart [0x0x7ff9cb08c53c+44]

[2025-11-19T13:03:36.529505] SCRAPER ratings fetch page 89 offset 1760 failed (attempt 4/5): Message: no such window: target window already closed
from unknown error: web view not found
  (Session info: MicrosoftEdge=142.0.3595.80)
Stacktrace:
	GetHandleVerifier [0x0x7ff7abd52a75+51877]
	GetHandleVerifier [0x0x7ff7abd52ad4+51972]
	GetHandleVerifier [0x0x7ff7abf09425+1848405]
	(No symbol) [0x0x7ff7abaa0e5f]
	(No symbol) [0x0x7ff7abb374ec]
	(No symbol) [0x0x7ff7abb4ed0a]
	(No symbol) [0x0x7ff7abb31df3]
	(No symbol) [0x0x7ff7abb05b36]
	(No symbol) [0x0x7ff7abb04d80]
	(No symbol) [0x0x7ff7abb05973]
	(No symbol) [0x0x7ff7abbce4a5]
	(No symbol) [0x0x7ff7abbca75d]
	GetHandleVerifier [0x0x7ff7abd7d2b3+226019]
	GetHandleVerifier [0x0x7ff7abd6c481+156849]
	GetHandleVerifier [0x0x7ff7abd74979+190889]
	GetHandleVerifier [0x0x7ff7abd59bb4+80868]
	GetHandleVerifier [0x0x7ff7abd59d03+81203]
	GetHandleVerifier [0x0x7ff7abd48286+8886]
	BaseThreadInitThunk [0x0x7ff9c9b0e8d7+23]
	RtlUserThreadStart [0x0x7ff9cb08c53c+44]

[2025-11-19T13:03:41.533979] SCRAPER ratings fetch page 89 offset 1760 failed (attempt 5/5): Message: no such window: target window already closed
from unknown error: web view not found
  (Session info: MicrosoftEdge=142.0.3595.80)
Stacktrace:
	GetHandleVerifier [0x0x7ff7abd52a75+51877]
	GetHandleVerifier [0x0x7ff7abd52ad4+51972]
	GetHandleVerifier [0x0x7ff7abf09425+1848405]
	(No symbol) [0x0x7ff7abaa0e5f]
	(No symbol) [0x0x7ff7abb374ec]
	(No symbol) [0x0x7ff7abb4ed0a]
	(No symbol) [0x0x7ff7abb31df3]
	(No symbol) [0x0x7ff7abb05b36]
	(No symbol) [0x0x7ff7abb04d80]
	(No symbol) [0x0x7ff7abb05973]
	(No symbol) [0x0x7ff7abbce4a5]
	(No symbol) [0x0x7ff7abbca75d]
	GetHandleVerifier [0x0x7ff7abd7d2b3+226019]
	GetHandleVerifier [0x0x7ff7abd6c481+156849]
	GetHandleVerifier [0x0x7ff7abd74979+190889]
	GetHandleVerifier [0x0x7ff7abd59bb4+80868]
	GetHandleVerifier [0x0x7ff7abd59d03+81203]
	GetHandleVerifier [0x0x7ff7abd48286+8886]
	BaseThreadInitThunk [0x0x7ff9c9b0e8d7+23]
	RtlUserThreadStart [0x0x7ff9cb08c53c+44]

[2025-11-19T13:03:46.547798] SCRAPER skip page 89 after 5 failures; lanjut halaman berikutnya
[2025-11-19T13:03:46.551347] SCRAPER ratings fetch page 90 offset 1780 failed (attempt 1/5): Message: no such window: target window already closed
from unknown error: web view not found
  (Session info: MicrosoftEdge=142.0.3595.80)
Stacktrace:
	GetHandleVerifier [0x0x7ff7abd52a75+51877]
	GetHandleVerifier [0x0x7ff7abd52ad4+51972]
	GetHandleVerifier [0x0x7ff7abf09425+1848405]
	(No symbol) [0x0x7ff7abaa0e5f]
	(No symbol) [0x0x7ff7abb374ec]
	(No symbol) [0x0x7ff7abb4ed0a]
	(No symbol) [0x0x7ff7abb31df3]
	(No symbol) [0x0x7ff7abb05b36]
	(No symbol) [0x0x7ff7abb04d80]
	(No symbol) [0x0x7ff7abb05973]
	(No symbol) [0x0x7ff7abbce4a5]
	(No symbol) [0x0x7ff7abbca75d]
	GetHandleVerifier [0x0x7ff7abd7d2b3+226019]
	GetHandleVerifier [0x0x7ff7abd6c481+156849]
	GetHandleVerifier [0x0x7ff7abd74979+190889]
	GetHandleVerifier [0x0x7ff7abd59bb4+80868]
	GetHandleVerifier [0x0x7ff7abd59d03+81203]
	GetHandleVerifier [0x0x7ff7abd48286+8886]
	BaseThreadInitThunk [0x0x7ff9c9b0e8d7+23]
	RtlUserThreadStart [0x0x7ff9cb08c53c+44]

[2025-11-19T13:03:48.568481] SCRAPER ratings fetch page 90 offset 1780 failed (attempt 2/5): Message: no such window: target window already closed
from unknown error: web view not found
  (Session info: MicrosoftEdge=142.0.3595.80)
Stacktrace:
	GetHandleVerifier [0x0x7ff7abd52a75+51877]
	GetHandleVerifier [0x0x7ff7abd52ad4+51972]
	GetHandleVerifier [0x0x7ff7abf09425+1848405]
	(No symbol) [0x0x7ff7abaa0e5f]
	(No symbol) [0x0x7ff7abb374ec]
	(No symbol) [0x0x7ff7abb4ed0a]
	(No symbol) [0x0x7ff7abb31df3]
	(No symbol) [0x0x7ff7abb05b36]
	(No symbol) [0x0x7ff7abb04d80]
	(No symbol) [0x0x7ff7abb05973]
	(No symbol) [0x0x7ff7abbce4a5]
	(No symbol) [0x0x7ff7abbca75d]
	GetHandleVerifier [0x0x7ff7abd7d2b3+226019]
	GetHandleVerifier [0x0x7ff7abd6c481+156849]
	GetHandleVerifier [0x0x7ff7abd74979+190889]
	GetHandleVerifier [0x0x7ff7abd59bb4+80868]
	GetHandleVerifier [0x0x7ff7abd59d03+81203]
	GetHandleVerifier [0x0x7ff7abd48286+8886]
	BaseThreadInitThunk [0x0x7ff9c9b0e8d7+23]
	RtlUserThreadStart [0x0x7ff9cb08c53c+44]

[2025-11-19T13:03:51.577606] SCRAPER ratings fetch page 90 offset 1780 failed (attempt 3/5): Message: no such window: target window already closed
from unknown error: web view not found
  (Session info: MicrosoftEdge=142.0.3595.80)
Stacktrace:
	GetHandleVerifier [0x0x7ff7abd52a75+51877]
	GetHandleVerifier [0x0x7ff7abd52ad4+51972]
	GetHandleVerifier [0x0x7ff7abf09425+1848405]
	(No symbol) [0x0x7ff7abaa0e5f]
	(No symbol) [0x0x7ff7abb374ec]
	(No symbol) [0x0x7ff7abb4ed0a]
	(No symbol) [0x0x7ff7abb31df3]
	(No symbol) [0x0x7ff7abb05b36]
	(No symbol) [0x0x7ff7abb04d80]
	(No symbol) [0x0x7ff7abb05973]
	(No symbol) [0x0x7ff7abbce4a5]
	(No symbol) [0x0x7ff7abbca75d]
	GetHandleVerifier [0x0x7ff7abd7d2b3+226019]
	GetHandleVerifier [0x0x7ff7abd6c481+156849]
	GetHandleVerifier [0x0x7ff7abd74979+190889]
	GetHandleVerifier [0x0x7ff7abd59bb4+80868]
	GetHandleVerifier [0x0x7ff7abd59d03+81203]
	GetHandleVerifier [0x0x7ff7abd48286+8886]
	BaseThreadInitThunk [0x0x7ff9c9b0e8d7+23]
	RtlUserThreadStart [0x0x7ff9cb08c53c+44]

[2025-11-19T13:03:55.584473] SCRAPER ratings fetch page 90 offset 1780 failed (attempt 4/5): Message: no such window: target window already closed
from unknown error: web view not found
  (Session info: MicrosoftEdge=142.0.3595.80)
Stacktrace:
	GetHandleVerifier [0x0x7ff7abd52a75+51877]
	GetHandleVerifier [0x0x7ff7abd52ad4+51972]
	GetHandleVerifier [0x0x7ff7abf09425+1848405]
	(No symbol) [0x0x7ff7abaa0e5f]
	(No symbol) [0x0x7ff7abb374ec]
	(No symbol) [0x0x7ff7abb4ed0a]
	(No symbol) [0x0x7ff7abb31df3]
	(No symbol) [0x0x7ff7abb05b36]
	(No symbol) [0x0x7ff7abb04d80]
	(No symbol) [0x0x7ff7abb05973]
	(No symbol) [0x0x7ff7abbce4a5]
	(No symbol) [0x0x7ff7abbca75d]
	GetHandleVerifier [0x0x7ff7abd7d2b3+226019]
	GetHandleVerifier [0x0x7ff7abd6c481+156849]
	GetHandleVerifier [0x0x7ff7abd74979+190889]
	GetHandleVerifier [0x0x7ff7abd59bb4+80868]
	GetHandleVerifier [0x0x7ff7abd59d03+81203]
	GetHandleVerifier [0x0x7ff7abd48286+8886]
	BaseThreadInitThunk [0x0x7ff9c9b0e8d7+23]
	RtlUserThreadStart [0x0x7ff9cb08c53c+44]

[2025-11-19T13:04:00.595633] SCRAPER ratings fetch page 90 offset 1780 failed (attempt 5/5): Message: no such window: target window already closed
from unknown error: web view not found
  (Session info: MicrosoftEdge=142.0.3595.80)
Stacktrace:
	GetHandleVerifier [0x0x7ff7abd52a75+51877]
	GetHandleVerifier [0x0x7ff7abd52ad4+51972]
	GetHandleVerifier [0x0x7ff7abf09425+1848405]
	(No symbol) [0x0x7ff7abaa0e5f]
	(No symbol) [0x0x7ff7abb374ec]
	(No symbol) [0x0x7ff7abb4ed0a]
	(No symbol) [0x0x7ff7abb31df3]
	(No symbol) [0x0x7ff7abb05b36]
	(No symbol) [0x0x7ff7abb04d80]
	(No symbol) [0x0x7ff7abb05973]
	(No symbol) [0x0x7ff7abbce4a5]
	(No symbol) [0x0x7ff7abbca75d]
	GetHandleVerifier [0x0x7ff7abd7d2b3+226019]
	GetHandleVerifier [0x0x7ff7abd6c481+156849]
	GetHandleVerifier [0x0x7ff7abd74979+190889]
	GetHandleVerifier [0x0x7ff7abd59bb4+80868]
	GetHandleVerifier [0x0x7ff7abd59d03+81203]
	GetHandleVerifier [0x0x7ff7abd48286+8886]
	BaseThreadInitThunk [0x0x7ff9c9b0e8d7+23]
	RtlUserThreadStart [0x0x7ff9cb08c53c+44]

[2025-11-19T13:04:05.610204] SCRAPER skip page 90 after 5 failures; lanjut halaman berikutnya
[2025-11-19T13:04:05.613421] SCRAPER ratings fetch page 91 offset 1800 failed (attempt 1/5): Message: no such window: target window already closed
from unknown error: web view not found
  (Session info: MicrosoftEdge=142.0.3595.80)
Stacktrace:
	GetHandleVerifier [0x0x7ff7abd52a75+51877]
	GetHandleVerifier [0x0x7ff7abd52ad4+51972]
	GetHandleVerifier [0x0x7ff7abf09425+1848405]
	(No symbol) [0x0x7ff7abaa0e5f]
	(No symbol) [0x0x7ff7abb374ec]
	(No symbol) [0x0x7ff7abb4ed0a]
	(No symbol) [0x0x7ff7abb31df3]
	(No symbol) [0x0x7ff7abb05b36]
	(No symbol) [0x0x7ff7abb04d80]
	(No symbol) [0x0x7ff7abb05973]
	(No symbol) [0x0x7ff7abbce4a5]
	(No symbol) [0x0x7ff7abbca75d]
	GetHandleVerifier [0x0x7ff7abd7d2b3+226019]
	GetHandleVerifier [0x0x7ff7abd6c481+156849]
	GetHandleVerifier [0x0x7ff7abd74979+190889]
	GetHandleVerifier [0x0x7ff7abd59bb4+80868]
	GetHandleVerifier [0x0x7ff7abd59d03+81203]
	GetHandleVerifier [0x0x7ff7abd48286+8886]
	BaseThreadInitThunk [0x0x7ff9c9b0e8d7+23]
	RtlUserThreadStart [0x0x7ff9cb08c53c+44]

[2025-11-19T13:04:07.629032] SCRAPER ratings fetch page 91 offset 1800 failed (attempt 2/5): Message: no such window: target window already closed
from unknown error: web view not found
  (Session info: MicrosoftEdge=142.0.3595.80)
Stacktrace:
	GetHandleVerifier [0x0x7ff7abd52a75+51877]
	GetHandleVerifier [0x0x7ff7abd52ad4+51972]
	GetHandleVerifier [0x0x7ff7abf09425+1848405]
	(No symbol) [0x0x7ff7abaa0e5f]
	(No symbol) [0x0x7ff7abb374ec]
	(No symbol) [0x0x7ff7abb4ed0a]
	(No symbol) [0x0x7ff7abb31df3]
	(No symbol) [0x0x7ff7abb05b36]
	(No symbol) [0x0x7ff7abb04d80]
	(No symbol) [0x0x7ff7abb05973]
	(No symbol) [0x0x7ff7abbce4a5]
	(No symbol) [0x0x7ff7abbca75d]
	GetHandleVerifier [0x0x7ff7abd7d2b3+226019]
	GetHandleVerifier [0x0x7ff7abd6c481+156849]
	GetHandleVerifier [0x0x7ff7abd74979+190889]
	GetHandleVerifier [0x0x7ff7abd59bb4+80868]
	GetHandleVerifier [0x0x7ff7abd59d03+81203]
	GetHandleVerifier [0x0x7ff7abd48286+8886]
	BaseThreadInitThunk [0x0x7ff9c9b0e8d7+23]
	RtlUserThreadStart [0x0x7ff9cb08c53c+44]

[2025-11-19T13:04:10.643596] SCRAPER ratings fetch page 91 offset 1800 failed (attempt 3/5): Message: no such window: target window already closed
from unknown error: web view not found
  (Session info: MicrosoftEdge=142.0.3595.80)
Stacktrace:
	GetHandleVerifier [0x0x7ff7abd52a75+51877]
	GetHandleVerifier [0x0x7ff7abd52ad4+51972]
	GetHandleVerifier [0x0x7ff7abf09425+1848405]
	(No symbol) [0x0x7ff7abaa0e5f]
	(No symbol) [0x0x7ff7abb374ec]
	(No symbol) [0x0x7ff7abb4ed0a]
	(No symbol) [0x0x7ff7abb31df3]
	(No symbol) [0x0x7ff7abb05b36]
	(No symbol) [0x0x7ff7abb04d80]
	(No symbol) [0x0x7ff7abb05973]
	(No symbol) [0x0x7ff7abbce4a5]
	(No symbol) [0x0x7ff7abbca75d]
	GetHandleVerifier [0x0x7ff7abd7d2b3+226019]
	GetHandleVerifier [0x0x7ff7abd6c481+156849]
	GetHandleVerifier [0x0x7ff7abd74979+190889]
	GetHandleVerifier [0x0x7ff7abd59bb4+80868]
	GetHandleVerifier [0x0x7ff7abd59d03+81203]
	GetHandleVerifier [0x0x7ff7abd48286+8886]
	BaseThreadInitThunk [0x0x7ff9c9b0e8d7+23]
	RtlUserThreadStart [0x0x7ff9cb08c53c+44]

[2025-11-19T13:04:14.659400] SCRAPER ratings fetch page 91 offset 1800 failed (attempt 4/5): Message: no such window: target window already closed
from unknown error: web view not found
  (Session info: MicrosoftEdge=142.0.3595.80)
Stacktrace:
	GetHandleVerifier [0x0x7ff7abd52a75+51877]
	GetHandleVerifier [0x0x7ff7abd52ad4+51972]
	GetHandleVerifier [0x0x7ff7abf09425+1848405]
	(No symbol) [0x0x7ff7abaa0e5f]
	(No symbol) [0x0x7ff7abb374ec]
	(No symbol) [0x0x7ff7abb4ed0a]
	(No symbol) [0x0x7ff7abb31df3]
	(No symbol) [0x0x7ff7abb05b36]
	(No symbol) [0x0x7ff7abb04d80]
	(No symbol) [0x0x7ff7abb05973]
	(No symbol) [0x0x7ff7abbce4a5]
	(No symbol) [0x0x7ff7abbca75d]
	GetHandleVerifier [0x0x7ff7abd7d2b3+226019]
	GetHandleVerifier [0x0x7ff7abd6c481+156849]
	GetHandleVerifier [0x0x7ff7abd74979+190889]
	GetHandleVerifier [0x0x7ff7abd59bb4+80868]
	GetHandleVerifier [0x0x7ff7abd59d03+81203]
	GetHandleVerifier [0x0x7ff7abd48286+8886]
	BaseThreadInitThunk [0x0x7ff9c9b0e8d7+23]
	RtlUserThreadStart [0x0x7ff9cb08c53c+44]

[2025-11-19T13:04:19.663789] SCRAPER ratings fetch page 91 offset 1800 failed (attempt 5/5): Message: no such window: target window already closed
from unknown error: web view not found
  (Session info: MicrosoftEdge=142.0.3595.80)
Stacktrace:
	GetHandleVerifier [0x0x7ff7abd52a75+51877]
	GetHandleVerifier [0x0x7ff7abd52ad4+51972]
	GetHandleVerifier [0x0x7ff7abf09425+1848405]
	(No symbol) [0x0x7ff7abaa0e5f]
	(No symbol) [0x0x7ff7abb374ec]
	(No symbol) [0x0x7ff7abb4ed0a]
	(No symbol) [0x0x7ff7abb31df3]
	(No symbol) [0x0x7ff7abb05b36]
	(No symbol) [0x0x7ff7abb04d80]
	(No symbol) [0x0x7ff7abb05973]
	(No symbol) [0x0x7ff7abbce4a5]
	(No symbol) [0x0x7ff7abbca75d]
	GetHandleVerifier [0x0x7ff7abd7d2b3+226019]
	GetHandleVerifier [0x0x7ff7abd6c481+156849]
	GetHandleVerifier [0x0x7ff7abd74979+190889]
	GetHandleVerifier [0x0x7ff7abd59bb4+80868]
	GetHandleVerifier [0x0x7ff7abd59d03+81203]
	GetHandleVerifier [0x0x7ff7abd48286+8886]
	BaseThreadInitThunk [0x0x7ff9c9b0e8d7+23]
	RtlUserThreadStart [0x0x7ff9cb08c53c+44]

[2025-11-19T13:04:24.675697] SCRAPER skip page 91 after 5 failures; lanjut halaman berikutnya
[2025-11-19T13:04:24.678412] SCRAPER ratings fetch page 92 offset 1820 failed (attempt 1/5): Message: no such window: target window already closed
from unknown error: web view not found
  (Session info: MicrosoftEdge=142.0.3595.80)
Stacktrace:
	GetHandleVerifier [0x0x7ff7abd52a75+51877]
	GetHandleVerifier [0x0x7ff7abd52ad4+51972]
	GetHandleVerifier [0x0x7ff7abf09425+1848405]
	(No symbol) [0x0x7ff7abaa0e5f]
	(No symbol) [0x0x7ff7abb374ec]
	(No symbol) [0x0x7ff7abb4ed0a]
	(No symbol) [0x0x7ff7abb31df3]
	(No symbol) [0x0x7ff7abb05b36]
	(No symbol) [0x0x7ff7abb04d80]
	(No symbol) [0x0x7ff7abb05973]
	(No symbol) [0x0x7ff7abbce4a5]
	(No symbol) [0x0x7ff7abbca75d]
	GetHandleVerifier [0x0x7ff7abd7d2b3+226019]
	GetHandleVerifier [0x0x7ff7abd6c481+156849]
	GetHandleVerifier [0x0x7ff7abd74979+190889]
	GetHandleVerifier [0x0x7ff7abd59bb4+80868]
	GetHandleVerifier [0x0x7ff7abd59d03+81203]
	GetHandleVerifier [0x0x7ff7abd48286+8886]
	BaseThreadInitThunk [0x0x7ff9c9b0e8d7+23]
	RtlUserThreadStart [0x0x7ff9cb08c53c+44]

[2025-11-19T13:04:26.695435] SCRAPER ratings fetch page 92 offset 1820 failed (attempt 2/5): Message: no such window: target window already closed
from unknown error: web view not found
  (Session info: MicrosoftEdge=142.0.3595.80)
Stacktrace:
	GetHandleVerifier [0x0x7ff7abd52a75+51877]
	GetHandleVerifier [0x0x7ff7abd52ad4+51972]
	GetHandleVerifier [0x0x7ff7abf09425+1848405]
	(No symbol) [0x0x7ff7abaa0e5f]
	(No symbol) [0x0x7ff7abb374ec]
	(No symbol) [0x0x7ff7abb4ed0a]
	(No symbol) [0x0x7ff7abb31df3]
	(No symbol) [0x0x7ff7abb05b36]
	(No symbol) [0x0x7ff7abb04d80]
	(No symbol) [0x0x7ff7abb05973]
	(No symbol) [0x0x7ff7abbce4a5]
	(No symbol) [0x0x7ff7abbca75d]
	GetHandleVerifier [0x0x7ff7abd7d2b3+226019]
	GetHandleVerifier [0x0x7ff7abd6c481+156849]
	GetHandleVerifier [0x0x7ff7abd74979+190889]
	GetHandleVerifier [0x0x7ff7abd59bb4+80868]
	GetHandleVerifier [0x0x7ff7abd59d03+81203]
	GetHandleVerifier [0x0x7ff7abd48286+8886]
	BaseThreadInitThunk [0x0x7ff9c9b0e8d7+23]
	RtlUserThreadStart [0x0x7ff9cb08c53c+44]

[2025-11-19T13:04:29.709719] SCRAPER ratings fetch page 92 offset 1820 failed (attempt 3/5): Message: no such window: target window already closed
from unknown error: web view not found
  (Session info: MicrosoftEdge=142.0.3595.80)
Stacktrace:
	GetHandleVerifier [0x0x7ff7abd52a75+51877]
	GetHandleVerifier [0x0x7ff7abd52ad4+51972]
	GetHandleVerifier [0x0x7ff7abf09425+1848405]
	(No symbol) [0x0x7ff7abaa0e5f]
	(No symbol) [0x0x7ff7abb374ec]
	(No symbol) [0x0x7ff7abb4ed0a]
	(No symbol) [0x0x7ff7abb31df3]
	(No symbol) [0x0x7ff7abb05b36]
	(No symbol) [0x0x7ff7abb04d80]
	(No symbol) [0x0x7ff7abb05973]
	(No symbol) [0x0x7ff7abbce4a5]
	(No symbol) [0x0x7ff7abbca75d]
	GetHandleVerifier [0x0x7ff7abd7d2b3+226019]
	GetHandleVerifier [0x0x7ff7abd6c481+156849]
	GetHandleVerifier [0x0x7ff7abd74979+190889]
	GetHandleVerifier [0x0x7ff7abd59bb4+80868]
	GetHandleVerifier [0x0x7ff7abd59d03+81203]
	GetHandleVerifier [0x0x7ff7abd48286+8886]
	BaseThreadInitThunk [0x0x7ff9c9b0e8d7+23]
	RtlUserThreadStart [0x0x7ff9cb08c53c+44]

[2025-11-19T13:04:33.722895] SCRAPER ratings fetch page 92 offset 1820 failed (attempt 4/5): Message: no such window: target window already closed
from unknown error: web view not found
  (Session info: MicrosoftEdge=142.0.3595.80)
Stacktrace:
	GetHandleVerifier [0x0x7ff7abd52a75+51877]
	GetHandleVerifier [0x0x7ff7abd52ad4+51972]
	GetHandleVerifier [0x0x7ff7abf09425+1848405]
	(No symbol) [0x0x7ff7abaa0e5f]
	(No symbol) [0x0x7ff7abb374ec]
	(No symbol) [0x0x7ff7abb4ed0a]
	(No symbol) [0x0x7ff7abb31df3]
	(No symbol) [0x0x7ff7abb05b36]
	(No symbol) [0x0x7ff7abb04d80]
	(No symbol) [0x0x7ff7abb05973]
	(No symbol) [0x0x7ff7abbce4a5]
	(No symbol) [0x0x7ff7abbca75d]
	GetHandleVerifier [0x0x7ff7abd7d2b3+226019]
	GetHandleVerifier [0x0x7ff7abd6c481+156849]
	GetHandleVerifier [0x0x7ff7abd74979+190889]
	GetHandleVerifier [0x0x7ff7abd59bb4+80868]
	GetHandleVerifier [0x0x7ff7abd59d03+81203]
	GetHandleVerifier [0x0x7ff7abd48286+8886]
	BaseThreadInitThunk [0x0x7ff9c9b0e8d7+23]
	RtlUserThreadStart [0x0x7ff9cb08c53c+44]

[2025-11-19T13:04:38.733878] SCRAPER ratings fetch page 92 offset 1820 failed (attempt 5/5): Message: no such window: target window already closed
from unknown error: web view not found
  (Session info: MicrosoftEdge=142.0.3595.80)
Stacktrace:
	GetHandleVerifier [0x0x7ff7abd52a75+51877]
	GetHandleVerifier [0x0x7ff7abd52ad4+51972]
	GetHandleVerifier [0x0x7ff7abf09425+1848405]
	(No symbol) [0x0x7ff7abaa0e5f]
	(No symbol) [0x0x7ff7abb374ec]
	(No symbol) [0x0x7ff7abb4ed0a]
	(No symbol) [0x0x7ff7abb31df3]
	(No symbol) [0x0x7ff7abb05b36]
	(No symbol) [0x0x7ff7abb04d80]
	(No symbol) [0x0x7ff7abb05973]
	(No symbol) [0x0x7ff7abbce4a5]
	(No symbol) [0x0x7ff7abbca75d]
	GetHandleVerifier [0x0x7ff7abd7d2b3+226019]
	GetHandleVerifier [0x0x7ff7abd6c481+156849]
	GetHandleVerifier [0x0x7ff7abd74979+190889]
	GetHandleVerifier [0x0x7ff7abd59bb4+80868]
	GetHandleVerifier [0x0x7ff7abd59d03+81203]
	GetHandleVerifier [0x0x7ff7abd48286+8886]
	BaseThreadInitThunk [0x0x7ff9c9b0e8d7+23]
	RtlUserThreadStart [0x0x7ff9cb08c53c+44]

[2025-11-19T13:04:43.739290] SCRAPER skip page 92 after 5 failures; lanjut halaman berikutnya
[2025-11-19T13:04:43.743132] SCRAPER ratings fetch page 93 offset 1840 failed (attempt 1/5): Message: no such window: target window already closed
from unknown error: web view not found
  (Session info: MicrosoftEdge=142.0.3595.80)
Stacktrace:
	GetHandleVerifier [0x0x7ff7abd52a75+51877]
	GetHandleVerifier [0x0x7ff7abd52ad4+51972]
	GetHandleVerifier [0x0x7ff7abf09425+1848405]
	(No symbol) [0x0x7ff7abaa0e5f]
	(No symbol) [0x0x7ff7abb374ec]
	(No symbol) [0x0x7ff7abb4ed0a]
	(No symbol) [0x0x7ff7abb31df3]
	(No symbol) [0x0x7ff7abb05b36]
	(No symbol) [0x0x7ff7abb04d80]
	(No symbol) [0x0x7ff7abb05973]
	(No symbol) [0x0x7ff7abbce4a5]
	(No symbol) [0x0x7ff7abbca75d]
	GetHandleVerifier [0x0x7ff7abd7d2b3+226019]
	GetHandleVerifier [0x0x7ff7abd6c481+156849]
	GetHandleVerifier [0x0x7ff7abd74979+190889]
	GetHandleVerifier [0x0x7ff7abd59bb4+80868]
	GetHandleVerifier [0x0x7ff7abd59d03+81203]
	GetHandleVerifier [0x0x7ff7abd48286+8886]
	BaseThreadInitThunk [0x0x7ff9c9b0e8d7+23]
	RtlUserThreadStart [0x0x7ff9cb08c53c+44]

[2025-11-19T13:04:45.757046] SCRAPER ratings fetch page 93 offset 1840 failed (attempt 2/5): Message: no such window: target window already closed
from unknown error: web view not found
  (Session info: MicrosoftEdge=142.0.3595.80)
Stacktrace:
	GetHandleVerifier [0x0x7ff7abd52a75+51877]
	GetHandleVerifier [0x0x7ff7abd52ad4+51972]
	GetHandleVerifier [0x0x7ff7abf09425+1848405]
	(No symbol) [0x0x7ff7abaa0e5f]
	(No symbol) [0x0x7ff7abb374ec]
	(No symbol) [0x0x7ff7abb4ed0a]
	(No symbol) [0x0x7ff7abb31df3]
	(No symbol) [0x0x7ff7abb05b36]
	(No symbol) [0x0x7ff7abb04d80]
	(No symbol) [0x0x7ff7abb05973]
	(No symbol) [0x0x7ff7abbce4a5]
	(No symbol) [0x0x7ff7abbca75d]
	GetHandleVerifier [0x0x7ff7abd7d2b3+226019]
	GetHandleVerifier [0x0x7ff7abd6c481+156849]
	GetHandleVerifier [0x0x7ff7abd74979+190889]
	GetHandleVerifier [0x0x7ff7abd59bb4+80868]
	GetHandleVerifier [0x0x7ff7abd59d03+81203]
	GetHandleVerifier [0x0x7ff7abd48286+8886]
	BaseThreadInitThunk [0x0x7ff9c9b0e8d7+23]
	RtlUserThreadStart [0x0x7ff9cb08c53c+44]

[2025-11-19T13:04:48.775278] SCRAPER ratings fetch page 93 offset 1840 failed (attempt 3/5): Message: no such window: target window already closed
from unknown error: web view not found
  (Session info: MicrosoftEdge=142.0.3595.80)
Stacktrace:
	GetHandleVerifier [0x0x7ff7abd52a75+51877]
	GetHandleVerifier [0x0x7ff7abd52ad4+51972]
	GetHandleVerifier [0x0x7ff7abf09425+1848405]
	(No symbol) [0x0x7ff7abaa0e5f]
	(No symbol) [0x0x7ff7abb374ec]
	(No symbol) [0x0x7ff7abb4ed0a]
	(No symbol) [0x0x7ff7abb31df3]
	(No symbol) [0x0x7ff7abb05b36]
	(No symbol) [0x0x7ff7abb04d80]
	(No symbol) [0x0x7ff7abb05973]
	(No symbol) [0x0x7ff7abbce4a5]
	(No symbol) [0x0x7ff7abbca75d]
	GetHandleVerifier [0x0x7ff7abd7d2b3+226019]
	GetHandleVerifier [0x0x7ff7abd6c481+156849]
	GetHandleVerifier [0x0x7ff7abd74979+190889]
	GetHandleVerifier [0x0x7ff7abd59bb4+80868]
	GetHandleVerifier [0x0x7ff7abd59d03+81203]
	GetHandleVerifier [0x0x7ff7abd48286+8886]
	BaseThreadInitThunk [0x0x7ff9c9b0e8d7+23]
	RtlUserThreadStart [0x0x7ff9cb08c53c+44]

[2025-11-19T13:04:52.783426] SCRAPER ratings fetch page 93 offset 1840 failed (attempt 4/5): Message: no such window: target window already closed
from unknown error: web view not found
  (Session info: MicrosoftEdge=142.0.3595.80)
Stacktrace:
	GetHandleVerifier [0x0x7ff7abd52a75+51877]
	GetHandleVerifier [0x0x7ff7abd52ad4+51972]
	GetHandleVerifier [0x0x7ff7abf09425+1848405]
	(No symbol) [0x0x7ff7abaa0e5f]
	(No symbol) [0x0x7ff7abb374ec]
	(No symbol) [0x0x7ff7abb4ed0a]
	(No symbol) [0x0x7ff7abb31df3]
	(No symbol) [0x0x7ff7abb05b36]
	(No symbol) [0x0x7ff7abb04d80]
	(No symbol) [0x0x7ff7abb05973]
	(No symbol) [0x0x7ff7abbce4a5]
	(No symbol) [0x0x7ff7abbca75d]
	GetHandleVerifier [0x0x7ff7abd7d2b3+226019]
	GetHandleVerifier [0x0x7ff7abd6c481+156849]
	GetHandleVerifier [0x0x7ff7abd74979+190889]
	GetHandleVerifier [0x0x7ff7abd59bb4+80868]
	GetHandleVerifier [0x0x7ff7abd59d03+81203]
	GetHandleVerifier [0x0x7ff7abd48286+8886]
	BaseThreadInitThunk [0x0x7ff9c9b0e8d7+23]
	RtlUserThreadStart [0x0x7ff9cb08c53c+44]

[2025-11-19T13:04:57.797437] SCRAPER ratings fetch page 93 offset 1840 failed (attempt 5/5): Message: no such window: target window already closed
from unknown error: web view not found
  (Session info: MicrosoftEdge=142.0.3595.80)
Stacktrace:
	GetHandleVerifier [0x0x7ff7abd52a75+51877]
	GetHandleVerifier [0x0x7ff7abd52ad4+51972]
	GetHandleVerifier [0x0x7ff7abf09425+1848405]
	(No symbol) [0x0x7ff7abaa0e5f]
	(No symbol) [0x0x7ff7abb374ec]
	(No symbol) [0x0x7ff7abb4ed0a]
	(No symbol) [0x0x7ff7abb31df3]
	(No symbol) [0x0x7ff7abb05b36]
	(No symbol) [0x0x7ff7abb04d80]
	(No symbol) [0x0x7ff7abb05973]
	(No symbol) [0x0x7ff7abbce4a5]
	(No symbol) [0x0x7ff7abbca75d]
	GetHandleVerifier [0x0x7ff7abd7d2b3+226019]
	GetHandleVerifier [0x0x7ff7abd6c481+156849]
	GetHandleVerifier [0x0x7ff7abd74979+190889]
	GetHandleVerifier [0x0x7ff7abd59bb4+80868]
	GetHandleVerifier [0x0x7ff7abd59d03+81203]
	GetHandleVerifier [0x0x7ff7abd48286+8886]
	BaseThreadInitThunk [0x0x7ff9c9b0e8d7+23]
	RtlUserThreadStart [0x0x7ff9cb08c53c+44]

[2025-11-19T13:05:02.805140] SCRAPER skip page 93 after 5 failures; lanjut halaman berikutnya
[2025-11-19T13:05:02.806140] SCRAPER ratings fetch page 94 offset 1860 failed (attempt 1/5): Message: no such window: target window already closed
from unknown error: web view not found
  (Session info: MicrosoftEdge=142.0.3595.80)
Stacktrace:
	GetHandleVerifier [0x0x7ff7abd52a75+51877]
	GetHandleVerifier [0x0x7ff7abd52ad4+51972]
	GetHandleVerifier [0x0x7ff7abf09425+1848405]
	(No symbol) [0x0x7ff7abaa0e5f]
	(No symbol) [0x0x7ff7abb374ec]
	(No symbol) [0x0x7ff7abb4ed0a]
	(No symbol) [0x0x7ff7abb31df3]
	(No symbol) [0x0x7ff7abb05b36]
	(No symbol) [0x0x7ff7abb04d80]
	(No symbol) [0x0x7ff7abb05973]
	(No symbol) [0x0x7ff7abbce4a5]
	(No symbol) [0x0x7ff7abbca75d]
	GetHandleVerifier [0x0x7ff7abd7d2b3+226019]
	GetHandleVerifier [0x0x7ff7abd6c481+156849]
	GetHandleVerifier [0x0x7ff7abd74979+190889]
	GetHandleVerifier [0x0x7ff7abd59bb4+80868]
	GetHandleVerifier [0x0x7ff7abd59d03+81203]
	GetHandleVerifier [0x0x7ff7abd48286+8886]
	BaseThreadInitThunk [0x0x7ff9c9b0e8d7+23]
	RtlUserThreadStart [0x0x7ff9cb08c53c+44]

[2025-11-19T13:05:04.811157] SCRAPER ratings fetch page 94 offset 1860 failed (attempt 2/5): Message: no such window: target window already closed
from unknown error: web view not found
  (Session info: MicrosoftEdge=142.0.3595.80)
Stacktrace:
	GetHandleVerifier [0x0x7ff7abd52a75+51877]
	GetHandleVerifier [0x0x7ff7abd52ad4+51972]
	GetHandleVerifier [0x0x7ff7abf09425+1848405]
	(No symbol) [0x0x7ff7abaa0e5f]
	(No symbol) [0x0x7ff7abb374ec]
	(No symbol) [0x0x7ff7abb4ed0a]
	(No symbol) [0x0x7ff7abb31df3]
	(No symbol) [0x0x7ff7abb05b36]
	(No symbol) [0x0x7ff7abb04d80]
	(No symbol) [0x0x7ff7abb05973]
	(No symbol) [0x0x7ff7abbce4a5]
	(No symbol) [0x0x7ff7abbca75d]
	GetHandleVerifier [0x0x7ff7abd7d2b3+226019]
	GetHandleVerifier [0x0x7ff7abd6c481+156849]
	GetHandleVerifier [0x0x7ff7abd74979+190889]
	GetHandleVerifier [0x0x7ff7abd59bb4+80868]
	GetHandleVerifier [0x0x7ff7abd59d03+81203]
	GetHandleVerifier [0x0x7ff7abd48286+8886]
	BaseThreadInitThunk [0x0x7ff9c9b0e8d7+23]
	RtlUserThreadStart [0x0x7ff9cb08c53c+44]

[2025-11-19T13:05:07.815721] SCRAPER ratings fetch page 94 offset 1860 failed (attempt 3/5): Message: no such window: target window already closed
from unknown error: web view not found
  (Session info: MicrosoftEdge=142.0.3595.80)
Stacktrace:
	GetHandleVerifier [0x0x7ff7abd52a75+51877]
	GetHandleVerifier [0x0x7ff7abd52ad4+51972]
	GetHandleVerifier [0x0x7ff7abf09425+1848405]
	(No symbol) [0x0x7ff7abaa0e5f]
	(No symbol) [0x0x7ff7abb374ec]
	(No symbol) [0x0x7ff7abb4ed0a]
	(No symbol) [0x0x7ff7abb31df3]
	(No symbol) [0x0x7ff7abb05b36]
	(No symbol) [0x0x7ff7abb04d80]
	(No symbol) [0x0x7ff7abb05973]
	(No symbol) [0x0x7ff7abbce4a5]
	(No symbol) [0x0x7ff7abbca75d]
	GetHandleVerifier [0x0x7ff7abd7d2b3+226019]
	GetHandleVerifier [0x0x7ff7abd6c481+156849]
	GetHandleVerifier [0x0x7ff7abd74979+190889]
	GetHandleVerifier [0x0x7ff7abd59bb4+80868]
	GetHandleVerifier [0x0x7ff7abd59d03+81203]
	GetHandleVerifier [0x0x7ff7abd48286+8886]
	BaseThreadInitThunk [0x0x7ff9c9b0e8d7+23]
	RtlUserThreadStart [0x0x7ff9cb08c53c+44]

[2025-11-19T13:05:11.820773] SCRAPER ratings fetch page 94 offset 1860 failed (attempt 4/5): Message: no such window: target window already closed
from unknown error: web view not found
  (Session info: MicrosoftEdge=142.0.3595.80)
Stacktrace:
	GetHandleVerifier [0x0x7ff7abd52a75+51877]
	GetHandleVerifier [0x0x7ff7abd52ad4+51972]
	GetHandleVerifier [0x0x7ff7abf09425+1848405]
	(No symbol) [0x0x7ff7abaa0e5f]
	(No symbol) [0x0x7ff7abb374ec]
	(No symbol) [0x0x7ff7abb4ed0a]
	(No symbol) [0x0x7ff7abb31df3]
	(No symbol) [0x0x7ff7abb05b36]
	(No symbol) [0x0x7ff7abb04d80]
	(No symbol) [0x0x7ff7abb05973]
	(No symbol) [0x0x7ff7abbce4a5]
	(No symbol) [0x0x7ff7abbca75d]
	GetHandleVerifier [0x0x7ff7abd7d2b3+226019]
	GetHandleVerifier [0x0x7ff7abd6c481+156849]
	GetHandleVerifier [0x0x7ff7abd74979+190889]
	GetHandleVerifier [0x0x7ff7abd59bb4+80868]
	GetHandleVerifier [0x0x7ff7abd59d03+81203]
	GetHandleVerifier [0x0x7ff7abd48286+8886]
	BaseThreadInitThunk [0x0x7ff9c9b0e8d7+23]
	RtlUserThreadStart [0x0x7ff9cb08c53c+44]

[2025-11-19T13:05:16.837726] SCRAPER ratings fetch page 94 offset 1860 failed (attempt 5/5): Message: no such window: target window already closed
from unknown error: web view not found
  (Session info: MicrosoftEdge=142.0.3595.80)
Stacktrace:
	GetHandleVerifier [0x0x7ff7abd52a75+51877]
	GetHandleVerifier [0x0x7ff7abd52ad4+51972]
	GetHandleVerifier [0x0x7ff7abf09425+1848405]
	(No symbol) [0x0x7ff7abaa0e5f]
	(No symbol) [0x0x7ff7abb374ec]
	(No symbol) [0x0x7ff7abb4ed0a]
	(No symbol) [0x0x7ff7abb31df3]
	(No symbol) [0x0x7ff7abb05b36]
	(No symbol) [0x0x7ff7abb04d80]
	(No symbol) [0x0x7ff7abb05973]
	(No symbol) [0x0x7ff7abbce4a5]
	(No symbol) [0x0x7ff7abbca75d]
	GetHandleVerifier [0x0x7ff7abd7d2b3+226019]
	GetHandleVerifier [0x0x7ff7abd6c481+156849]
	GetHandleVerifier [0x0x7ff7abd74979+190889]
	GetHandleVerifier [0x0x7ff7abd59bb4+80868]
	GetHandleVerifier [0x0x7ff7abd59d03+81203]
	GetHandleVerifier [0x0x7ff7abd48286+8886]
	BaseThreadInitThunk [0x0x7ff9c9b0e8d7+23]
	RtlUserThreadStart [0x0x7ff9cb08c53c+44]

[2025-11-19T13:05:21.853617] SCRAPER skip page 94 after 5 failures; lanjut halaman berikutnya
[2025-11-19T13:05:21.858603] SCRAPER ratings fetch page 95 offset 1880 failed (attempt 1/5): Message: no such window: target window already closed
from unknown error: web view not found
  (Session info: MicrosoftEdge=142.0.3595.80)
Stacktrace:
	GetHandleVerifier [0x0x7ff7abd52a75+51877]
	GetHandleVerifier [0x0x7ff7abd52ad4+51972]
	GetHandleVerifier [0x0x7ff7abf09425+1848405]
	(No symbol) [0x0x7ff7abaa0e5f]
	(No symbol) [0x0x7ff7abb374ec]
	(No symbol) [0x0x7ff7abb4ed0a]
	(No symbol) [0x0x7ff7abb31df3]
	(No symbol) [0x0x7ff7abb05b36]
	(No symbol) [0x0x7ff7abb04d80]
	(No symbol) [0x0x7ff7abb05973]
	(No symbol) [0x0x7ff7abbce4a5]
	(No symbol) [0x0x7ff7abbca75d]
	GetHandleVerifier [0x0x7ff7abd7d2b3+226019]
	GetHandleVerifier [0x0x7ff7abd6c481+156849]
	GetHandleVerifier [0x0x7ff7abd74979+190889]
	GetHandleVerifier [0x0x7ff7abd59bb4+80868]
	GetHandleVerifier [0x0x7ff7abd59d03+81203]
	GetHandleVerifier [0x0x7ff7abd48286+8886]
	BaseThreadInitThunk [0x0x7ff9c9b0e8d7+23]
	RtlUserThreadStart [0x0x7ff9cb08c53c+44]

[2025-11-19T13:05:23.870908] SCRAPER ratings fetch page 95 offset 1880 failed (attempt 2/5): Message: no such window: target window already closed
from unknown error: web view not found
  (Session info: MicrosoftEdge=142.0.3595.80)
Stacktrace:
	GetHandleVerifier [0x0x7ff7abd52a75+51877]
	GetHandleVerifier [0x0x7ff7abd52ad4+51972]
	GetHandleVerifier [0x0x7ff7abf09425+1848405]
	(No symbol) [0x0x7ff7abaa0e5f]
	(No symbol) [0x0x7ff7abb374ec]
	(No symbol) [0x0x7ff7abb4ed0a]
	(No symbol) [0x0x7ff7abb31df3]
	(No symbol) [0x0x7ff7abb05b36]
	(No symbol) [0x0x7ff7abb04d80]
	(No symbol) [0x0x7ff7abb05973]
	(No symbol) [0x0x7ff7abbce4a5]
	(No symbol) [0x0x7ff7abbca75d]
	GetHandleVerifier [0x0x7ff7abd7d2b3+226019]
	GetHandleVerifier [0x0x7ff7abd6c481+156849]
	GetHandleVerifier [0x0x7ff7abd74979+190889]
	GetHandleVerifier [0x0x7ff7abd59bb4+80868]
	GetHandleVerifier [0x0x7ff7abd59d03+81203]
	GetHandleVerifier [0x0x7ff7abd48286+8886]
	BaseThreadInitThunk [0x0x7ff9c9b0e8d7+23]
	RtlUserThreadStart [0x0x7ff9cb08c53c+44]

[2025-11-19T13:05:26.890964] SCRAPER ratings fetch page 95 offset 1880 failed (attempt 3/5): Message: no such window: target window already closed
from unknown error: web view not found
  (Session info: MicrosoftEdge=142.0.3595.80)
Stacktrace:
	GetHandleVerifier [0x0x7ff7abd52a75+51877]
	GetHandleVerifier [0x0x7ff7abd52ad4+51972]
	GetHandleVerifier [0x0x7ff7abf09425+1848405]
	(No symbol) [0x0x7ff7abaa0e5f]
	(No symbol) [0x0x7ff7abb374ec]
	(No symbol) [0x0x7ff7abb4ed0a]
	(No symbol) [0x0x7ff7abb31df3]
	(No symbol) [0x0x7ff7abb05b36]
	(No symbol) [0x0x7ff7abb04d80]
	(No symbol) [0x0x7ff7abb05973]
	(No symbol) [0x0x7ff7abbce4a5]
	(No symbol) [0x0x7ff7abbca75d]
	GetHandleVerifier [0x0x7ff7abd7d2b3+226019]
	GetHandleVerifier [0x0x7ff7abd6c481+156849]
	GetHandleVerifier [0x0x7ff7abd74979+190889]
	GetHandleVerifier [0x0x7ff7abd59bb4+80868]
	GetHandleVerifier [0x0x7ff7abd59d03+81203]
	GetHandleVerifier [0x0x7ff7abd48286+8886]
	BaseThreadInitThunk [0x0x7ff9c9b0e8d7+23]
	RtlUserThreadStart [0x0x7ff9cb08c53c+44]

[2025-11-19T13:05:30.895181] SCRAPER ratings fetch page 95 offset 1880 failed (attempt 4/5): Message: no such window: target window already closed
from unknown error: web view not found
  (Session info: MicrosoftEdge=142.0.3595.80)
Stacktrace:
	GetHandleVerifier [0x0x7ff7abd52a75+51877]
	GetHandleVerifier [0x0x7ff7abd52ad4+51972]
	GetHandleVerifier [0x0x7ff7abf09425+1848405]
	(No symbol) [0x0x7ff7abaa0e5f]
	(No symbol) [0x0x7ff7abb374ec]
	(No symbol) [0x0x7ff7abb4ed0a]
	(No symbol) [0x0x7ff7abb31df3]
	(No symbol) [0x0x7ff7abb05b36]
	(No symbol) [0x0x7ff7abb04d80]
	(No symbol) [0x0x7ff7abb05973]
	(No symbol) [0x0x7ff7abbce4a5]
	(No symbol) [0x0x7ff7abbca75d]
	GetHandleVerifier [0x0x7ff7abd7d2b3+226019]
	GetHandleVerifier [0x0x7ff7abd6c481+156849]
	GetHandleVerifier [0x0x7ff7abd74979+190889]
	GetHandleVerifier [0x0x7ff7abd59bb4+80868]
	GetHandleVerifier [0x0x7ff7abd59d03+81203]
	GetHandleVerifier [0x0x7ff7abd48286+8886]
	BaseThreadInitThunk [0x0x7ff9c9b0e8d7+23]
	RtlUserThreadStart [0x0x7ff9cb08c53c+44]

[2025-11-19T13:05:35.910934] SCRAPER ratings fetch page 95 offset 1880 failed (attempt 5/5): Message: no such window: target window already closed
from unknown error: web view not found
  (Session info: MicrosoftEdge=142.0.3595.80)
Stacktrace:
	GetHandleVerifier [0x0x7ff7abd52a75+51877]
	GetHandleVerifier [0x0x7ff7abd52ad4+51972]
	GetHandleVerifier [0x0x7ff7abf09425+1848405]
	(No symbol) [0x0x7ff7abaa0e5f]
	(No symbol) [0x0x7ff7abb374ec]
	(No symbol) [0x0x7ff7abb4ed0a]
	(No symbol) [0x0x7ff7abb31df3]
	(No symbol) [0x0x7ff7abb05b36]
	(No symbol) [0x0x7ff7abb04d80]
	(No symbol) [0x0x7ff7abb05973]
	(No symbol) [0x0x7ff7abbce4a5]
	(No symbol) [0x0x7ff7abbca75d]
	GetHandleVerifier [0x0x7ff7abd7d2b3+226019]
	GetHandleVerifier [0x0x7ff7abd6c481+156849]
	GetHandleVerifier [0x0x7ff7abd74979+190889]
	GetHandleVerifier [0x0x7ff7abd59bb4+80868]
	GetHandleVerifier [0x0x7ff7abd59d03+81203]
	GetHandleVerifier [0x0x7ff7abd48286+8886]
	BaseThreadInitThunk [0x0x7ff9c9b0e8d7+23]
	RtlUserThreadStart [0x0x7ff9cb08c53c+44]

[2025-11-19T13:05:40.922503] SCRAPER skip page 95 after 5 failures; lanjut halaman berikutnya
[2025-11-19T13:05:40.925817] SCRAPER ratings fetch page 96 offset 1900 failed (attempt 1/5): Message: no such window: target window already closed
from unknown error: web view not found
  (Session info: MicrosoftEdge=142.0.3595.80)
Stacktrace:
	GetHandleVerifier [0x0x7ff7abd52a75+51877]
	GetHandleVerifier [0x0x7ff7abd52ad4+51972]
	GetHandleVerifier [0x0x7ff7abf09425+1848405]
	(No symbol) [0x0x7ff7abaa0e5f]
	(No symbol) [0x0x7ff7abb374ec]
	(No symbol) [0x0x7ff7abb4ed0a]
	(No symbol) [0x0x7ff7abb31df3]
	(No symbol) [0x0x7ff7abb05b36]
	(No symbol) [0x0x7ff7abb04d80]
	(No symbol) [0x0x7ff7abb05973]
	(No symbol) [0x0x7ff7abbce4a5]
	(No symbol) [0x0x7ff7abbca75d]
	GetHandleVerifier [0x0x7ff7abd7d2b3+226019]
	GetHandleVerifier [0x0x7ff7abd6c481+156849]
	GetHandleVerifier [0x0x7ff7abd74979+190889]
	GetHandleVerifier [0x0x7ff7abd59bb4+80868]
	GetHandleVerifier [0x0x7ff7abd59d03+81203]
	GetHandleVerifier [0x0x7ff7abd48286+8886]
	BaseThreadInitThunk [0x0x7ff9c9b0e8d7+23]
	RtlUserThreadStart [0x0x7ff9cb08c53c+44]

[2025-11-19T13:05:42.936985] SCRAPER ratings fetch page 96 offset 1900 failed (attempt 2/5): Message: no such window: target window already closed
from unknown error: web view not found
  (Session info: MicrosoftEdge=142.0.3595.80)
Stacktrace:
	GetHandleVerifier [0x0x7ff7abd52a75+51877]
	GetHandleVerifier [0x0x7ff7abd52ad4+51972]
	GetHandleVerifier [0x0x7ff7abf09425+1848405]
	(No symbol) [0x0x7ff7abaa0e5f]
	(No symbol) [0x0x7ff7abb374ec]
	(No symbol) [0x0x7ff7abb4ed0a]
	(No symbol) [0x0x7ff7abb31df3]
	(No symbol) [0x0x7ff7abb05b36]
	(No symbol) [0x0x7ff7abb04d80]
	(No symbol) [0x0x7ff7abb05973]
	(No symbol) [0x0x7ff7abbce4a5]
	(No symbol) [0x0x7ff7abbca75d]
	GetHandleVerifier [0x0x7ff7abd7d2b3+226019]
	GetHandleVerifier [0x0x7ff7abd6c481+156849]
	GetHandleVerifier [0x0x7ff7abd74979+190889]
	GetHandleVerifier [0x0x7ff7abd59bb4+80868]
	GetHandleVerifier [0x0x7ff7abd59d03+81203]
	GetHandleVerifier [0x0x7ff7abd48286+8886]
	BaseThreadInitThunk [0x0x7ff9c9b0e8d7+23]
	RtlUserThreadStart [0x0x7ff9cb08c53c+44]

[2025-11-19T13:05:45.953328] SCRAPER ratings fetch page 96 offset 1900 failed (attempt 3/5): Message: no such window: target window already closed
from unknown error: web view not found
  (Session info: MicrosoftEdge=142.0.3595.80)
Stacktrace:
	GetHandleVerifier [0x0x7ff7abd52a75+51877]
	GetHandleVerifier [0x0x7ff7abd52ad4+51972]
	GetHandleVerifier [0x0x7ff7abf09425+1848405]
	(No symbol) [0x0x7ff7abaa0e5f]
	(No symbol) [0x0x7ff7abb374ec]
	(No symbol) [0x0x7ff7abb4ed0a]
	(No symbol) [0x0x7ff7abb31df3]
	(No symbol) [0x0x7ff7abb05b36]
	(No symbol) [0x0x7ff7abb04d80]
	(No symbol) [0x0x7ff7abb05973]
	(No symbol) [0x0x7ff7abbce4a5]
	(No symbol) [0x0x7ff7abbca75d]
	GetHandleVerifier [0x0x7ff7abd7d2b3+226019]
	GetHandleVerifier [0x0x7ff7abd6c481+156849]
	GetHandleVerifier [0x0x7ff7abd74979+190889]
	GetHandleVerifier [0x0x7ff7abd59bb4+80868]
	GetHandleVerifier [0x0x7ff7abd59d03+81203]
	GetHandleVerifier [0x0x7ff7abd48286+8886]
	BaseThreadInitThunk [0x0x7ff9c9b0e8d7+23]
	RtlUserThreadStart [0x0x7ff9cb08c53c+44]

[2025-11-19T13:05:49.970013] SCRAPER ratings fetch page 96 offset 1900 failed (attempt 4/5): Message: no such window: target window already closed
from unknown error: web view not found
  (Session info: MicrosoftEdge=142.0.3595.80)
Stacktrace:
	GetHandleVerifier [0x0x7ff7abd52a75+51877]
	GetHandleVerifier [0x0x7ff7abd52ad4+51972]
	GetHandleVerifier [0x0x7ff7abf09425+1848405]
	(No symbol) [0x0x7ff7abaa0e5f]
	(No symbol) [0x0x7ff7abb374ec]
	(No symbol) [0x0x7ff7abb4ed0a]
	(No symbol) [0x0x7ff7abb31df3]
	(No symbol) [0x0x7ff7abb05b36]
	(No symbol) [0x0x7ff7abb04d80]
	(No symbol) [0x0x7ff7abb05973]
	(No symbol) [0x0x7ff7abbce4a5]
	(No symbol) [0x0x7ff7abbca75d]
	GetHandleVerifier [0x0x7ff7abd7d2b3+226019]
	GetHandleVerifier [0x0x7ff7abd6c481+156849]
	GetHandleVerifier [0x0x7ff7abd74979+190889]
	GetHandleVerifier [0x0x7ff7abd59bb4+80868]
	GetHandleVerifier [0x0x7ff7abd59d03+81203]
	GetHandleVerifier [0x0x7ff7abd48286+8886]
	BaseThreadInitThunk [0x0x7ff9c9b0e8d7+23]
	RtlUserThreadStart [0x0x7ff9cb08c53c+44]

[2025-11-19T13:05:54.987840] SCRAPER ratings fetch page 96 offset 1900 failed (attempt 5/5): Message: no such window: target window already closed
from unknown error: web view not found
  (Session info: MicrosoftEdge=142.0.3595.80)
Stacktrace:
	GetHandleVerifier [0x0x7ff7abd52a75+51877]
	GetHandleVerifier [0x0x7ff7abd52ad4+51972]
	GetHandleVerifier [0x0x7ff7abf09425+1848405]
	(No symbol) [0x0x7ff7abaa0e5f]
	(No symbol) [0x0x7ff7abb374ec]
	(No symbol) [0x0x7ff7abb4ed0a]
	(No symbol) [0x0x7ff7abb31df3]
	(No symbol) [0x0x7ff7abb05b36]
	(No symbol) [0x0x7ff7abb04d80]
	(No symbol) [0x0x7ff7abb05973]
	(No symbol) [0x0x7ff7abbce4a5]
	(No symbol) [0x0x7ff7abbca75d]
	GetHandleVerifier [0x0x7ff7abd7d2b3+226019]
	GetHandleVerifier [0x0x7ff7abd6c481+156849]
	GetHandleVerifier [0x0x7ff7abd74979+190889]
	GetHandleVerifier [0x0x7ff7abd59bb4+80868]
	GetHandleVerifier [0x0x7ff7abd59d03+81203]
	GetHandleVerifier [0x0x7ff7abd48286+8886]
	BaseThreadInitThunk [0x0x7ff9c9b0e8d7+23]
	RtlUserThreadStart [0x0x7ff9cb08c53c+44]

[2025-11-19T13:05:59.999438] SCRAPER skip page 96 after 5 failures; lanjut halaman berikutnya
[2025-11-19T13:06:00.001506] SCRAPER ratings fetch page 97 offset 1920 failed (attempt 1/5): Message: no such window: target window already closed
from unknown error: web view not found
  (Session info: MicrosoftEdge=142.0.3595.80)
Stacktrace:
	GetHandleVerifier [0x0x7ff7abd52a75+51877]
	GetHandleVerifier [0x0x7ff7abd52ad4+51972]
	GetHandleVerifier [0x0x7ff7abf09425+1848405]
	(No symbol) [0x0x7ff7abaa0e5f]
	(No symbol) [0x0x7ff7abb374ec]
	(No symbol) [0x0x7ff7abb4ed0a]
	(No symbol) [0x0x7ff7abb31df3]
	(No symbol) [0x0x7ff7abb05b36]
	(No symbol) [0x0x7ff7abb04d80]
	(No symbol) [0x0x7ff7abb05973]
	(No symbol) [0x0x7ff7abbce4a5]
	(No symbol) [0x0x7ff7abbca75d]
	GetHandleVerifier [0x0x7ff7abd7d2b3+226019]
	GetHandleVerifier [0x0x7ff7abd6c481+156849]
	GetHandleVerifier [0x0x7ff7abd74979+190889]
	GetHandleVerifier [0x0x7ff7abd59bb4+80868]
	GetHandleVerifier [0x0x7ff7abd59d03+81203]
	GetHandleVerifier [0x0x7ff7abd48286+8886]
	BaseThreadInitThunk [0x0x7ff9c9b0e8d7+23]
	RtlUserThreadStart [0x0x7ff9cb08c53c+44]

[2025-11-19T13:06:02.015303] SCRAPER ratings fetch page 97 offset 1920 failed (attempt 2/5): Message: no such window: target window already closed
from unknown error: web view not found
  (Session info: MicrosoftEdge=142.0.3595.80)
Stacktrace:
	GetHandleVerifier [0x0x7ff7abd52a75+51877]
	GetHandleVerifier [0x0x7ff7abd52ad4+51972]
	GetHandleVerifier [0x0x7ff7abf09425+1848405]
	(No symbol) [0x0x7ff7abaa0e5f]
	(No symbol) [0x0x7ff7abb374ec]
	(No symbol) [0x0x7ff7abb4ed0a]
	(No symbol) [0x0x7ff7abb31df3]
	(No symbol) [0x0x7ff7abb05b36]
	(No symbol) [0x0x7ff7abb04d80]
	(No symbol) [0x0x7ff7abb05973]
	(No symbol) [0x0x7ff7abbce4a5]
	(No symbol) [0x0x7ff7abbca75d]
	GetHandleVerifier [0x0x7ff7abd7d2b3+226019]
	GetHandleVerifier [0x0x7ff7abd6c481+156849]
	GetHandleVerifier [0x0x7ff7abd74979+190889]
	GetHandleVerifier [0x0x7ff7abd59bb4+80868]
	GetHandleVerifier [0x0x7ff7abd59d03+81203]
	GetHandleVerifier [0x0x7ff7abd48286+8886]
	BaseThreadInitThunk [0x0x7ff9c9b0e8d7+23]
	RtlUserThreadStart [0x0x7ff9cb08c53c+44]

[2025-11-19T13:06:05.021002] SCRAPER ratings fetch page 97 offset 1920 failed (attempt 3/5): Message: no such window: target window already closed
from unknown error: web view not found
  (Session info: MicrosoftEdge=142.0.3595.80)
Stacktrace:
	GetHandleVerifier [0x0x7ff7abd52a75+51877]
	GetHandleVerifier [0x0x7ff7abd52ad4+51972]
	GetHandleVerifier [0x0x7ff7abf09425+1848405]
	(No symbol) [0x0x7ff7abaa0e5f]
	(No symbol) [0x0x7ff7abb374ec]
	(No symbol) [0x0x7ff7abb4ed0a]
	(No symbol) [0x0x7ff7abb31df3]
	(No symbol) [0x0x7ff7abb05b36]
	(No symbol) [0x0x7ff7abb04d80]
	(No symbol) [0x0x7ff7abb05973]
	(No symbol) [0x0x7ff7abbce4a5]
	(No symbol) [0x0x7ff7abbca75d]
	GetHandleVerifier [0x0x7ff7abd7d2b3+226019]
	GetHandleVerifier [0x0x7ff7abd6c481+156849]
	GetHandleVerifier [0x0x7ff7abd74979+190889]
	GetHandleVerifier [0x0x7ff7abd59bb4+80868]
	GetHandleVerifier [0x0x7ff7abd59d03+81203]
	GetHandleVerifier [0x0x7ff7abd48286+8886]
	BaseThreadInitThunk [0x0x7ff9c9b0e8d7+23]
	RtlUserThreadStart [0x0x7ff9cb08c53c+44]

[2025-11-19T13:06:09.032731] SCRAPER ratings fetch page 97 offset 1920 failed (attempt 4/5): Message: no such window: target window already closed
from unknown error: web view not found
  (Session info: MicrosoftEdge=142.0.3595.80)
Stacktrace:
	GetHandleVerifier [0x0x7ff7abd52a75+51877]
	GetHandleVerifier [0x0x7ff7abd52ad4+51972]
	GetHandleVerifier [0x0x7ff7abf09425+1848405]
	(No symbol) [0x0x7ff7abaa0e5f]
	(No symbol) [0x0x7ff7abb374ec]
	(No symbol) [0x0x7ff7abb4ed0a]
	(No symbol) [0x0x7ff7abb31df3]
	(No symbol) [0x0x7ff7abb05b36]
	(No symbol) [0x0x7ff7abb04d80]
	(No symbol) [0x0x7ff7abb05973]
	(No symbol) [0x0x7ff7abbce4a5]
	(No symbol) [0x0x7ff7abbca75d]
	GetHandleVerifier [0x0x7ff7abd7d2b3+226019]
	GetHandleVerifier [0x0x7ff7abd6c481+156849]
	GetHandleVerifier [0x0x7ff7abd74979+190889]
	GetHandleVerifier [0x0x7ff7abd59bb4+80868]
	GetHandleVerifier [0x0x7ff7abd59d03+81203]
	GetHandleVerifier [0x0x7ff7abd48286+8886]
	BaseThreadInitThunk [0x0x7ff9c9b0e8d7+23]
	RtlUserThreadStart [0x0x7ff9cb08c53c+44]

[2025-11-19T13:06:14.040602] SCRAPER ratings fetch page 97 offset 1920 failed (attempt 5/5): Message: no such window: target window already closed
from unknown error: web view not found
  (Session info: MicrosoftEdge=142.0.3595.80)
Stacktrace:
	GetHandleVerifier [0x0x7ff7abd52a75+51877]
	GetHandleVerifier [0x0x7ff7abd52ad4+51972]
	GetHandleVerifier [0x0x7ff7abf09425+1848405]
	(No symbol) [0x0x7ff7abaa0e5f]
	(No symbol) [0x0x7ff7abb374ec]
	(No symbol) [0x0x7ff7abb4ed0a]
	(No symbol) [0x0x7ff7abb31df3]
	(No symbol) [0x0x7ff7abb05b36]
	(No symbol) [0x0x7ff7abb04d80]
	(No symbol) [0x0x7ff7abb05973]
	(No symbol) [0x0x7ff7abbce4a5]
	(No symbol) [0x0x7ff7abbca75d]
	GetHandleVerifier [0x0x7ff7abd7d2b3+226019]
	GetHandleVerifier [0x0x7ff7abd6c481+156849]
	GetHandleVerifier [0x0x7ff7abd74979+190889]
	GetHandleVerifier [0x0x7ff7abd59bb4+80868]
	GetHandleVerifier [0x0x7ff7abd59d03+81203]
	GetHandleVerifier [0x0x7ff7abd48286+8886]
	BaseThreadInitThunk [0x0x7ff9c9b0e8d7+23]
	RtlUserThreadStart [0x0x7ff9cb08c53c+44]

[2025-11-19T13:06:19.050095] SCRAPER skip page 97 after 5 failures; lanjut halaman berikutnya
[2025-11-19T13:06:19.052603] SCRAPER ratings fetch page 98 offset 1940 failed (attempt 1/5): Message: no such window: target window already closed
from unknown error: web view not found
  (Session info: MicrosoftEdge=142.0.3595.80)
Stacktrace:
	GetHandleVerifier [0x0x7ff7abd52a75+51877]
	GetHandleVerifier [0x0x7ff7abd52ad4+51972]
	GetHandleVerifier [0x0x7ff7abf09425+1848405]
	(No symbol) [0x0x7ff7abaa0e5f]
	(No symbol) [0x0x7ff7abb374ec]
	(No symbol) [0x0x7ff7abb4ed0a]
	(No symbol) [0x0x7ff7abb31df3]
	(No symbol) [0x0x7ff7abb05b36]
	(No symbol) [0x0x7ff7abb04d80]
	(No symbol) [0x0x7ff7abb05973]
	(No symbol) [0x0x7ff7abbce4a5]
	(No symbol) [0x0x7ff7abbca75d]
	GetHandleVerifier [0x0x7ff7abd7d2b3+226019]
	GetHandleVerifier [0x0x7ff7abd6c481+156849]
	GetHandleVerifier [0x0x7ff7abd74979+190889]
	GetHandleVerifier [0x0x7ff7abd59bb4+80868]
	GetHandleVerifier [0x0x7ff7abd59d03+81203]
	GetHandleVerifier [0x0x7ff7abd48286+8886]
	BaseThreadInitThunk [0x0x7ff9c9b0e8d7+23]
	RtlUserThreadStart [0x0x7ff9cb08c53c+44]

[2025-11-19T13:06:21.060233] SCRAPER ratings fetch page 98 offset 1940 failed (attempt 2/5): Message: no such window: target window already closed
from unknown error: web view not found
  (Session info: MicrosoftEdge=142.0.3595.80)
Stacktrace:
	GetHandleVerifier [0x0x7ff7abd52a75+51877]
	GetHandleVerifier [0x0x7ff7abd52ad4+51972]
	GetHandleVerifier [0x0x7ff7abf09425+1848405]
	(No symbol) [0x0x7ff7abaa0e5f]
	(No symbol) [0x0x7ff7abb374ec]
	(No symbol) [0x0x7ff7abb4ed0a]
	(No symbol) [0x0x7ff7abb31df3]
	(No symbol) [0x0x7ff7abb05b36]
	(No symbol) [0x0x7ff7abb04d80]
	(No symbol) [0x0x7ff7abb05973]
	(No symbol) [0x0x7ff7abbce4a5]
	(No symbol) [0x0x7ff7abbca75d]
	GetHandleVerifier [0x0x7ff7abd7d2b3+226019]
	GetHandleVerifier [0x0x7ff7abd6c481+156849]
	GetHandleVerifier [0x0x7ff7abd74979+190889]
	GetHandleVerifier [0x0x7ff7abd59bb4+80868]
	GetHandleVerifier [0x0x7ff7abd59d03+81203]
	GetHandleVerifier [0x0x7ff7abd48286+8886]
	BaseThreadInitThunk [0x0x7ff9c9b0e8d7+23]
	RtlUserThreadStart [0x0x7ff9cb08c53c+44]

[2025-11-19T13:06:24.064287] SCRAPER ratings fetch page 98 offset 1940 failed (attempt 3/5): Message: no such window: target window already closed
from unknown error: web view not found
  (Session info: MicrosoftEdge=142.0.3595.80)
Stacktrace:
	GetHandleVerifier [0x0x7ff7abd52a75+51877]
	GetHandleVerifier [0x0x7ff7abd52ad4+51972]
	GetHandleVerifier [0x0x7ff7abf09425+1848405]
	(No symbol) [0x0x7ff7abaa0e5f]
	(No symbol) [0x0x7ff7abb374ec]
	(No symbol) [0x0x7ff7abb4ed0a]
	(No symbol) [0x0x7ff7abb31df3]
	(No symbol) [0x0x7ff7abb05b36]
	(No symbol) [0x0x7ff7abb04d80]
	(No symbol) [0x0x7ff7abb05973]
	(No symbol) [0x0x7ff7abbce4a5]
	(No symbol) [0x0x7ff7abbca75d]
	GetHandleVerifier [0x0x7ff7abd7d2b3+226019]
	GetHandleVerifier [0x0x7ff7abd6c481+156849]
	GetHandleVerifier [0x0x7ff7abd74979+190889]
	GetHandleVerifier [0x0x7ff7abd59bb4+80868]
	GetHandleVerifier [0x0x7ff7abd59d03+81203]
	GetHandleVerifier [0x0x7ff7abd48286+8886]
	BaseThreadInitThunk [0x0x7ff9c9b0e8d7+23]
	RtlUserThreadStart [0x0x7ff9cb08c53c+44]

[2025-11-19T13:06:28.068702] SCRAPER ratings fetch page 98 offset 1940 failed (attempt 4/5): Message: no such window: target window already closed
from unknown error: web view not found
  (Session info: MicrosoftEdge=142.0.3595.80)
Stacktrace:
	GetHandleVerifier [0x0x7ff7abd52a75+51877]
	GetHandleVerifier [0x0x7ff7abd52ad4+51972]
	GetHandleVerifier [0x0x7ff7abf09425+1848405]
	(No symbol) [0x0x7ff7abaa0e5f]
	(No symbol) [0x0x7ff7abb374ec]
	(No symbol) [0x0x7ff7abb4ed0a]
	(No symbol) [0x0x7ff7abb31df3]
	(No symbol) [0x0x7ff7abb05b36]
	(No symbol) [0x0x7ff7abb04d80]
	(No symbol) [0x0x7ff7abb05973]
	(No symbol) [0x0x7ff7abbce4a5]
	(No symbol) [0x0x7ff7abbca75d]
	GetHandleVerifier [0x0x7ff7abd7d2b3+226019]
	GetHandleVerifier [0x0x7ff7abd6c481+156849]
	GetHandleVerifier [0x0x7ff7abd74979+190889]
	GetHandleVerifier [0x0x7ff7abd59bb4+80868]
	GetHandleVerifier [0x0x7ff7abd59d03+81203]
	GetHandleVerifier [0x0x7ff7abd48286+8886]
	BaseThreadInitThunk [0x0x7ff9c9b0e8d7+23]
	RtlUserThreadStart [0x0x7ff9cb08c53c+44]

[2025-11-19T13:06:33.079772] SCRAPER ratings fetch page 98 offset 1940 failed (attempt 5/5): Message: no such window: target window already closed
from unknown error: web view not found
  (Session info: MicrosoftEdge=142.0.3595.80)
Stacktrace:
	GetHandleVerifier [0x0x7ff7abd52a75+51877]
	GetHandleVerifier [0x0x7ff7abd52ad4+51972]
	GetHandleVerifier [0x0x7ff7abf09425+1848405]
	(No symbol) [0x0x7ff7abaa0e5f]
	(No symbol) [0x0x7ff7abb374ec]
	(No symbol) [0x0x7ff7abb4ed0a]
	(No symbol) [0x0x7ff7abb31df3]
	(No symbol) [0x0x7ff7abb05b36]
	(No symbol) [0x0x7ff7abb04d80]
	(No symbol) [0x0x7ff7abb05973]
	(No symbol) [0x0x7ff7abbce4a5]
	(No symbol) [0x0x7ff7abbca75d]
	GetHandleVerifier [0x0x7ff7abd7d2b3+226019]
	GetHandleVerifier [0x0x7ff7abd6c481+156849]
	GetHandleVerifier [0x0x7ff7abd74979+190889]
	GetHandleVerifier [0x0x7ff7abd59bb4+80868]
	GetHandleVerifier [0x0x7ff7abd59d03+81203]
	GetHandleVerifier [0x0x7ff7abd48286+8886]
	BaseThreadInitThunk [0x0x7ff9c9b0e8d7+23]
	RtlUserThreadStart [0x0x7ff9cb08c53c+44]

[2025-11-19T13:06:38.090680] SCRAPER skip page 98 after 5 failures; lanjut halaman berikutnya
[2025-11-19T13:06:38.092406] SCRAPER ratings fetch page 99 offset 1960 failed (attempt 1/5): Message: no such window: target window already closed
from unknown error: web view not found
  (Session info: MicrosoftEdge=142.0.3595.80)
Stacktrace:
	GetHandleVerifier [0x0x7ff7abd52a75+51877]
	GetHandleVerifier [0x0x7ff7abd52ad4+51972]
	GetHandleVerifier [0x0x7ff7abf09425+1848405]
	(No symbol) [0x0x7ff7abaa0e5f]
	(No symbol) [0x0x7ff7abb374ec]
	(No symbol) [0x0x7ff7abb4ed0a]
	(No symbol) [0x0x7ff7abb31df3]
	(No symbol) [0x0x7ff7abb05b36]
	(No symbol) [0x0x7ff7abb04d80]
	(No symbol) [0x0x7ff7abb05973]
	(No symbol) [0x0x7ff7abbce4a5]
	(No symbol) [0x0x7ff7abbca75d]
	GetHandleVerifier [0x0x7ff7abd7d2b3+226019]
	GetHandleVerifier [0x0x7ff7abd6c481+156849]
	GetHandleVerifier [0x0x7ff7abd74979+190889]
	GetHandleVerifier [0x0x7ff7abd59bb4+80868]
	GetHandleVerifier [0x0x7ff7abd59d03+81203]
	GetHandleVerifier [0x0x7ff7abd48286+8886]
	BaseThreadInitThunk [0x0x7ff9c9b0e8d7+23]
	RtlUserThreadStart [0x0x7ff9cb08c53c+44]

[2025-11-19T13:06:40.110420] SCRAPER ratings fetch page 99 offset 1960 failed (attempt 2/5): Message: no such window: target window already closed
from unknown error: web view not found
  (Session info: MicrosoftEdge=142.0.3595.80)
Stacktrace:
	GetHandleVerifier [0x0x7ff7abd52a75+51877]
	GetHandleVerifier [0x0x7ff7abd52ad4+51972]
	GetHandleVerifier [0x0x7ff7abf09425+1848405]
	(No symbol) [0x0x7ff7abaa0e5f]
	(No symbol) [0x0x7ff7abb374ec]
	(No symbol) [0x0x7ff7abb4ed0a]
	(No symbol) [0x0x7ff7abb31df3]
	(No symbol) [0x0x7ff7abb05b36]
	(No symbol) [0x0x7ff7abb04d80]
	(No symbol) [0x0x7ff7abb05973]
	(No symbol) [0x0x7ff7abbce4a5]
	(No symbol) [0x0x7ff7abbca75d]
	GetHandleVerifier [0x0x7ff7abd7d2b3+226019]
	GetHandleVerifier [0x0x7ff7abd6c481+156849]
	GetHandleVerifier [0x0x7ff7abd74979+190889]
	GetHandleVerifier [0x0x7ff7abd59bb4+80868]
	GetHandleVerifier [0x0x7ff7abd59d03+81203]
	GetHandleVerifier [0x0x7ff7abd48286+8886]
	BaseThreadInitThunk [0x0x7ff9c9b0e8d7+23]
	RtlUserThreadStart [0x0x7ff9cb08c53c+44]

[2025-11-19T13:06:43.126474] SCRAPER ratings fetch page 99 offset 1960 failed (attempt 3/5): Message: no such window: target window already closed
from unknown error: web view not found
  (Session info: MicrosoftEdge=142.0.3595.80)
Stacktrace:
	GetHandleVerifier [0x0x7ff7abd52a75+51877]
	GetHandleVerifier [0x0x7ff7abd52ad4+51972]
	GetHandleVerifier [0x0x7ff7abf09425+1848405]
	(No symbol) [0x0x7ff7abaa0e5f]
	(No symbol) [0x0x7ff7abb374ec]
	(No symbol) [0x0x7ff7abb4ed0a]
	(No symbol) [0x0x7ff7abb31df3]
	(No symbol) [0x0x7ff7abb05b36]
	(No symbol) [0x0x7ff7abb04d80]
	(No symbol) [0x0x7ff7abb05973]
	(No symbol) [0x0x7ff7abbce4a5]
	(No symbol) [0x0x7ff7abbca75d]
	GetHandleVerifier [0x0x7ff7abd7d2b3+226019]
	GetHandleVerifier [0x0x7ff7abd6c481+156849]
	GetHandleVerifier [0x0x7ff7abd74979+190889]
	GetHandleVerifier [0x0x7ff7abd59bb4+80868]
	GetHandleVerifier [0x0x7ff7abd59d03+81203]
	GetHandleVerifier [0x0x7ff7abd48286+8886]
	BaseThreadInitThunk [0x0x7ff9c9b0e8d7+23]
	RtlUserThreadStart [0x0x7ff9cb08c53c+44]

[2025-11-19T13:06:47.140261] SCRAPER ratings fetch page 99 offset 1960 failed (attempt 4/5): Message: no such window: target window already closed
from unknown error: web view not found
  (Session info: MicrosoftEdge=142.0.3595.80)
Stacktrace:
	GetHandleVerifier [0x0x7ff7abd52a75+51877]
	GetHandleVerifier [0x0x7ff7abd52ad4+51972]
	GetHandleVerifier [0x0x7ff7abf09425+1848405]
	(No symbol) [0x0x7ff7abaa0e5f]
	(No symbol) [0x0x7ff7abb374ec]
	(No symbol) [0x0x7ff7abb4ed0a]
	(No symbol) [0x0x7ff7abb31df3]
	(No symbol) [0x0x7ff7abb05b36]
	(No symbol) [0x0x7ff7abb04d80]
	(No symbol) [0x0x7ff7abb05973]
	(No symbol) [0x0x7ff7abbce4a5]
	(No symbol) [0x0x7ff7abbca75d]
	GetHandleVerifier [0x0x7ff7abd7d2b3+226019]
	GetHandleVerifier [0x0x7ff7abd6c481+156849]
	GetHandleVerifier [0x0x7ff7abd74979+190889]
	GetHandleVerifier [0x0x7ff7abd59bb4+80868]
	GetHandleVerifier [0x0x7ff7abd59d03+81203]
	GetHandleVerifier [0x0x7ff7abd48286+8886]
	BaseThreadInitThunk [0x0x7ff9c9b0e8d7+23]
	RtlUserThreadStart [0x0x7ff9cb08c53c+44]

[2025-11-19T13:06:52.143386] SCRAPER ratings fetch page 99 offset 1960 failed (attempt 5/5): Message: no such window: target window already closed
from unknown error: web view not found
  (Session info: MicrosoftEdge=142.0.3595.80)
Stacktrace:
	GetHandleVerifier [0x0x7ff7abd52a75+51877]
	GetHandleVerifier [0x0x7ff7abd52ad4+51972]
	GetHandleVerifier [0x0x7ff7abf09425+1848405]
	(No symbol) [0x0x7ff7abaa0e5f]
	(No symbol) [0x0x7ff7abb374ec]
	(No symbol) [0x0x7ff7abb4ed0a]
	(No symbol) [0x0x7ff7abb31df3]
	(No symbol) [0x0x7ff7abb05b36]
	(No symbol) [0x0x7ff7abb04d80]
	(No symbol) [0x0x7ff7abb05973]
	(No symbol) [0x0x7ff7abbce4a5]
	(No symbol) [0x0x7ff7abbca75d]
	GetHandleVerifier [0x0x7ff7abd7d2b3+226019]
	GetHandleVerifier [0x0x7ff7abd6c481+156849]
	GetHandleVerifier [0x0x7ff7abd74979+190889]
	GetHandleVerifier [0x0x7ff7abd59bb4+80868]
	GetHandleVerifier [0x0x7ff7abd59d03+81203]
	GetHandleVerifier [0x0x7ff7abd48286+8886]
	BaseThreadInitThunk [0x0x7ff9c9b0e8d7+23]
	RtlUserThreadStart [0x0x7ff9cb08c53c+44]

[2025-11-19T13:06:57.144647] SCRAPER skip page 99 after 5 failures; lanjut halaman berikutnya
[2025-11-19T13:06:57.146726] SCRAPER ratings fetch page 100 offset 1980 failed (attempt 1/5): Message: no such window: target window already closed
from unknown error: web view not found
  (Session info: MicrosoftEdge=142.0.3595.80)
Stacktrace:
	GetHandleVerifier [0x0x7ff7abd52a75+51877]
	GetHandleVerifier [0x0x7ff7abd52ad4+51972]
	GetHandleVerifier [0x0x7ff7abf09425+1848405]
	(No symbol) [0x0x7ff7abaa0e5f]
	(No symbol) [0x0x7ff7abb374ec]
	(No symbol) [0x0x7ff7abb4ed0a]
	(No symbol) [0x0x7ff7abb31df3]
	(No symbol) [0x0x7ff7abb05b36]
	(No symbol) [0x0x7ff7abb04d80]
	(No symbol) [0x0x7ff7abb05973]
	(No symbol) [0x0x7ff7abbce4a5]
	(No symbol) [0x0x7ff7abbca75d]
	GetHandleVerifier [0x0x7ff7abd7d2b3+226019]
	GetHandleVerifier [0x0x7ff7abd6c481+156849]
	GetHandleVerifier [0x0x7ff7abd74979+190889]
	GetHandleVerifier [0x0x7ff7abd59bb4+80868]
	GetHandleVerifier [0x0x7ff7abd59d03+81203]
	GetHandleVerifier [0x0x7ff7abd48286+8886]
	BaseThreadInitThunk [0x0x7ff9c9b0e8d7+23]
	RtlUserThreadStart [0x0x7ff9cb08c53c+44]

[2025-11-19T13:06:59.160476] SCRAPER ratings fetch page 100 offset 1980 failed (attempt 2/5): Message: no such window: target window already closed
from unknown error: web view not found
  (Session info: MicrosoftEdge=142.0.3595.80)
Stacktrace:
	GetHandleVerifier [0x0x7ff7abd52a75+51877]
	GetHandleVerifier [0x0x7ff7abd52ad4+51972]
	GetHandleVerifier [0x0x7ff7abf09425+1848405]
	(No symbol) [0x0x7ff7abaa0e5f]
	(No symbol) [0x0x7ff7abb374ec]
	(No symbol) [0x0x7ff7abb4ed0a]
	(No symbol) [0x0x7ff7abb31df3]
	(No symbol) [0x0x7ff7abb05b36]
	(No symbol) [0x0x7ff7abb04d80]
	(No symbol) [0x0x7ff7abb05973]
	(No symbol) [0x0x7ff7abbce4a5]
	(No symbol) [0x0x7ff7abbca75d]
	GetHandleVerifier [0x0x7ff7abd7d2b3+226019]
	GetHandleVerifier [0x0x7ff7abd6c481+156849]
	GetHandleVerifier [0x0x7ff7abd74979+190889]
	GetHandleVerifier [0x0x7ff7abd59bb4+80868]
	GetHandleVerifier [0x0x7ff7abd59d03+81203]
	GetHandleVerifier [0x0x7ff7abd48286+8886]
	BaseThreadInitThunk [0x0x7ff9c9b0e8d7+23]
	RtlUserThreadStart [0x0x7ff9cb08c53c+44]

[2025-11-19T13:07:02.171468] SCRAPER ratings fetch page 100 offset 1980 failed (attempt 3/5): Message: no such window: target window already closed
from unknown error: web view not found
  (Session info: MicrosoftEdge=142.0.3595.80)
Stacktrace:
	GetHandleVerifier [0x0x7ff7abd52a75+51877]
	GetHandleVerifier [0x0x7ff7abd52ad4+51972]
	GetHandleVerifier [0x0x7ff7abf09425+1848405]
	(No symbol) [0x0x7ff7abaa0e5f]
	(No symbol) [0x0x7ff7abb374ec]
	(No symbol) [0x0x7ff7abb4ed0a]
	(No symbol) [0x0x7ff7abb31df3]
	(No symbol) [0x0x7ff7abb05b36]
	(No symbol) [0x0x7ff7abb04d80]
	(No symbol) [0x0x7ff7abb05973]
	(No symbol) [0x0x7ff7abbce4a5]
	(No symbol) [0x0x7ff7abbca75d]
	GetHandleVerifier [0x0x7ff7abd7d2b3+226019]
	GetHandleVerifier [0x0x7ff7abd6c481+156849]
	GetHandleVerifier [0x0x7ff7abd74979+190889]
	GetHandleVerifier [0x0x7ff7abd59bb4+80868]
	GetHandleVerifier [0x0x7ff7abd59d03+81203]
	GetHandleVerifier [0x0x7ff7abd48286+8886]
	BaseThreadInitThunk [0x0x7ff9c9b0e8d7+23]
	RtlUserThreadStart [0x0x7ff9cb08c53c+44]

[2025-11-19T13:07:06.177202] SCRAPER ratings fetch page 100 offset 1980 failed (attempt 4/5): Message: no such window: target window already closed
from unknown error: web view not found
  (Session info: MicrosoftEdge=142.0.3595.80)
Stacktrace:
	GetHandleVerifier [0x0x7ff7abd52a75+51877]
	GetHandleVerifier [0x0x7ff7abd52ad4+51972]
	GetHandleVerifier [0x0x7ff7abf09425+1848405]
	(No symbol) [0x0x7ff7abaa0e5f]
	(No symbol) [0x0x7ff7abb374ec]
	(No symbol) [0x0x7ff7abb4ed0a]
	(No symbol) [0x0x7ff7abb31df3]
	(No symbol) [0x0x7ff7abb05b36]
	(No symbol) [0x0x7ff7abb04d80]
	(No symbol) [0x0x7ff7abb05973]
	(No symbol) [0x0x7ff7abbce4a5]
	(No symbol) [0x0x7ff7abbca75d]
	GetHandleVerifier [0x0x7ff7abd7d2b3+226019]
	GetHandleVerifier [0x0x7ff7abd6c481+156849]
	GetHandleVerifier [0x0x7ff7abd74979+190889]
	GetHandleVerifier [0x0x7ff7abd59bb4+80868]
	GetHandleVerifier [0x0x7ff7abd59d03+81203]
	GetHandleVerifier [0x0x7ff7abd48286+8886]
	BaseThreadInitThunk [0x0x7ff9c9b0e8d7+23]
	RtlUserThreadStart [0x0x7ff9cb08c53c+44]

[2025-11-19T13:07:11.185980] SCRAPER ratings fetch page 100 offset 1980 failed (attempt 5/5): Message: no such window: target window already closed
from unknown error: web view not found
  (Session info: MicrosoftEdge=142.0.3595.80)
Stacktrace:
	GetHandleVerifier [0x0x7ff7abd52a75+51877]
	GetHandleVerifier [0x0x7ff7abd52ad4+51972]
	GetHandleVerifier [0x0x7ff7abf09425+1848405]
	(No symbol) [0x0x7ff7abaa0e5f]
	(No symbol) [0x0x7ff7abb374ec]
	(No symbol) [0x0x7ff7abb4ed0a]
	(No symbol) [0x0x7ff7abb31df3]
	(No symbol) [0x0x7ff7abb05b36]
	(No symbol) [0x0x7ff7abb04d80]
	(No symbol) [0x0x7ff7abb05973]
	(No symbol) [0x0x7ff7abbce4a5]
	(No symbol) [0x0x7ff7abbca75d]
	GetHandleVerifier [0x0x7ff7abd7d2b3+226019]
	GetHandleVerifier [0x0x7ff7abd6c481+156849]
	GetHandleVerifier [0x0x7ff7abd74979+190889]
	GetHandleVerifier [0x0x7ff7abd59bb4+80868]
	GetHandleVerifier [0x0x7ff7abd59d03+81203]
	GetHandleVerifier [0x0x7ff7abd48286+8886]
	BaseThreadInitThunk [0x0x7ff9c9b0e8d7+23]
	RtlUserThreadStart [0x0x7ff9cb08c53c+44]

[2025-11-19T13:07:16.189955] SCRAPER skip page 100 after 5 failures; lanjut halaman berikutnya
[2025-11-19T13:07:16.192558] SCRAPER ratings fetch page 101 offset 2000 failed (attempt 1/5): Message: no such window: target window already closed
from unknown error: web view not found
  (Session info: MicrosoftEdge=142.0.3595.80)
Stacktrace:
	GetHandleVerifier [0x0x7ff7abd52a75+51877]
	GetHandleVerifier [0x0x7ff7abd52ad4+51972]
	GetHandleVerifier [0x0x7ff7abf09425+1848405]
	(No symbol) [0x0x7ff7abaa0e5f]
	(No symbol) [0x0x7ff7abb374ec]
	(No symbol) [0x0x7ff7abb4ed0a]
	(No symbol) [0x0x7ff7abb31df3]
	(No symbol) [0x0x7ff7abb05b36]
	(No symbol) [0x0x7ff7abb04d80]
	(No symbol) [0x0x7ff7abb05973]
	(No symbol) [0x0x7ff7abbce4a5]
	(No symbol) [0x0x7ff7abbca75d]
	GetHandleVerifier [0x0x7ff7abd7d2b3+226019]
	GetHandleVerifier [0x0x7ff7abd6c481+156849]
	GetHandleVerifier [0x0x7ff7abd74979+190889]
	GetHandleVerifier [0x0x7ff7abd59bb4+80868]
	GetHandleVerifier [0x0x7ff7abd59d03+81203]
	GetHandleVerifier [0x0x7ff7abd48286+8886]
	BaseThreadInitThunk [0x0x7ff9c9b0e8d7+23]
	RtlUserThreadStart [0x0x7ff9cb08c53c+44]

[2025-11-19T13:07:18.207488] SCRAPER ratings fetch page 101 offset 2000 failed (attempt 2/5): Message: no such window: target window already closed
from unknown error: web view not found
  (Session info: MicrosoftEdge=142.0.3595.80)
Stacktrace:
	GetHandleVerifier [0x0x7ff7abd52a75+51877]
	GetHandleVerifier [0x0x7ff7abd52ad4+51972]
	GetHandleVerifier [0x0x7ff7abf09425+1848405]
	(No symbol) [0x0x7ff7abaa0e5f]
	(No symbol) [0x0x7ff7abb374ec]
	(No symbol) [0x0x7ff7abb4ed0a]
	(No symbol) [0x0x7ff7abb31df3]
	(No symbol) [0x0x7ff7abb05b36]
	(No symbol) [0x0x7ff7abb04d80]
	(No symbol) [0x0x7ff7abb05973]
	(No symbol) [0x0x7ff7abbce4a5]
	(No symbol) [0x0x7ff7abbca75d]
	GetHandleVerifier [0x0x7ff7abd7d2b3+226019]
	GetHandleVerifier [0x0x7ff7abd6c481+156849]
	GetHandleVerifier [0x0x7ff7abd74979+190889]
	GetHandleVerifier [0x0x7ff7abd59bb4+80868]
	GetHandleVerifier [0x0x7ff7abd59d03+81203]
	GetHandleVerifier [0x0x7ff7abd48286+8886]
	BaseThreadInitThunk [0x0x7ff9c9b0e8d7+23]
	RtlUserThreadStart [0x0x7ff9cb08c53c+44]

[2025-11-19T13:07:21.213719] SCRAPER ratings fetch page 101 offset 2000 failed (attempt 3/5): Message: no such window: target window already closed
from unknown error: web view not found
  (Session info: MicrosoftEdge=142.0.3595.80)
Stacktrace:
	GetHandleVerifier [0x0x7ff7abd52a75+51877]
	GetHandleVerifier [0x0x7ff7abd52ad4+51972]
	GetHandleVerifier [0x0x7ff7abf09425+1848405]
	(No symbol) [0x0x7ff7abaa0e5f]
	(No symbol) [0x0x7ff7abb374ec]
	(No symbol) [0x0x7ff7abb4ed0a]
	(No symbol) [0x0x7ff7abb31df3]
	(No symbol) [0x0x7ff7abb05b36]
	(No symbol) [0x0x7ff7abb04d80]
	(No symbol) [0x0x7ff7abb05973]
	(No symbol) [0x0x7ff7abbce4a5]
	(No symbol) [0x0x7ff7abbca75d]
	GetHandleVerifier [0x0x7ff7abd7d2b3+226019]
	GetHandleVerifier [0x0x7ff7abd6c481+156849]
	GetHandleVerifier [0x0x7ff7abd74979+190889]
	GetHandleVerifier [0x0x7ff7abd59bb4+80868]
	GetHandleVerifier [0x0x7ff7abd59d03+81203]
	GetHandleVerifier [0x0x7ff7abd48286+8886]
	BaseThreadInitThunk [0x0x7ff9c9b0e8d7+23]
	RtlUserThreadStart [0x0x7ff9cb08c53c+44]

[2025-11-19T13:07:25.222643] SCRAPER ratings fetch page 101 offset 2000 failed (attempt 4/5): Message: no such window: target window already closed
from unknown error: web view not found
  (Session info: MicrosoftEdge=142.0.3595.80)
Stacktrace:
	GetHandleVerifier [0x0x7ff7abd52a75+51877]
	GetHandleVerifier [0x0x7ff7abd52ad4+51972]
	GetHandleVerifier [0x0x7ff7abf09425+1848405]
	(No symbol) [0x0x7ff7abaa0e5f]
	(No symbol) [0x0x7ff7abb374ec]
	(No symbol) [0x0x7ff7abb4ed0a]
	(No symbol) [0x0x7ff7abb31df3]
	(No symbol) [0x0x7ff7abb05b36]
	(No symbol) [0x0x7ff7abb04d80]
	(No symbol) [0x0x7ff7abb05973]
	(No symbol) [0x0x7ff7abbce4a5]
	(No symbol) [0x0x7ff7abbca75d]
	GetHandleVerifier [0x0x7ff7abd7d2b3+226019]
	GetHandleVerifier [0x0x7ff7abd6c481+156849]
	GetHandleVerifier [0x0x7ff7abd74979+190889]
	GetHandleVerifier [0x0x7ff7abd59bb4+80868]
	GetHandleVerifier [0x0x7ff7abd59d03+81203]
	GetHandleVerifier [0x0x7ff7abd48286+8886]
	BaseThreadInitThunk [0x0x7ff9c9b0e8d7+23]
	RtlUserThreadStart [0x0x7ff9cb08c53c+44]

[2025-11-19T13:07:30.240984] SCRAPER ratings fetch page 101 offset 2000 failed (attempt 5/5): Message: no such window: target window already closed
from unknown error: web view not found
  (Session info: MicrosoftEdge=142.0.3595.80)
Stacktrace:
	GetHandleVerifier [0x0x7ff7abd52a75+51877]
	GetHandleVerifier [0x0x7ff7abd52ad4+51972]
	GetHandleVerifier [0x0x7ff7abf09425+1848405]
	(No symbol) [0x0x7ff7abaa0e5f]
	(No symbol) [0x0x7ff7abb374ec]
	(No symbol) [0x0x7ff7abb4ed0a]
	(No symbol) [0x0x7ff7abb31df3]
	(No symbol) [0x0x7ff7abb05b36]
	(No symbol) [0x0x7ff7abb04d80]
	(No symbol) [0x0x7ff7abb05973]
	(No symbol) [0x0x7ff7abbce4a5]
	(No symbol) [0x0x7ff7abbca75d]
	GetHandleVerifier [0x0x7ff7abd7d2b3+226019]
	GetHandleVerifier [0x0x7ff7abd6c481+156849]
	GetHandleVerifier [0x0x7ff7abd74979+190889]
	GetHandleVerifier [0x0x7ff7abd59bb4+80868]
	GetHandleVerifier [0x0x7ff7abd59d03+81203]
	GetHandleVerifier [0x0x7ff7abd48286+8886]
	BaseThreadInitThunk [0x0x7ff9c9b0e8d7+23]
	RtlUserThreadStart [0x0x7ff9cb08c53c+44]

[2025-11-19T13:07:35.249220] SCRAPER skip page 101 after 5 failures; lanjut halaman berikutnya
[2025-11-19T13:07:35.252493] SCRAPER ratings fetch page 102 offset 2020 failed (attempt 1/5): Message: no such window: target window already closed
from unknown error: web view not found
  (Session info: MicrosoftEdge=142.0.3595.80)
Stacktrace:
	GetHandleVerifier [0x0x7ff7abd52a75+51877]
	GetHandleVerifier [0x0x7ff7abd52ad4+51972]
	GetHandleVerifier [0x0x7ff7abf09425+1848405]
	(No symbol) [0x0x7ff7abaa0e5f]
	(No symbol) [0x0x7ff7abb374ec]
	(No symbol) [0x0x7ff7abb4ed0a]
	(No symbol) [0x0x7ff7abb31df3]
	(No symbol) [0x0x7ff7abb05b36]
	(No symbol) [0x0x7ff7abb04d80]
	(No symbol) [0x0x7ff7abb05973]
	(No symbol) [0x0x7ff7abbce4a5]
	(No symbol) [0x0x7ff7abbca75d]
	GetHandleVerifier [0x0x7ff7abd7d2b3+226019]
	GetHandleVerifier [0x0x7ff7abd6c481+156849]
	GetHandleVerifier [0x0x7ff7abd74979+190889]
	GetHandleVerifier [0x0x7ff7abd59bb4+80868]
	GetHandleVerifier [0x0x7ff7abd59d03+81203]
	GetHandleVerifier [0x0x7ff7abd48286+8886]
	BaseThreadInitThunk [0x0x7ff9c9b0e8d7+23]
	RtlUserThreadStart [0x0x7ff9cb08c53c+44]

[2025-11-19T13:07:37.268985] SCRAPER ratings fetch page 102 offset 2020 failed (attempt 2/5): Message: no such window: target window already closed
from unknown error: web view not found
  (Session info: MicrosoftEdge=142.0.3595.80)
Stacktrace:
	GetHandleVerifier [0x0x7ff7abd52a75+51877]
	GetHandleVerifier [0x0x7ff7abd52ad4+51972]
	GetHandleVerifier [0x0x7ff7abf09425+1848405]
	(No symbol) [0x0x7ff7abaa0e5f]
	(No symbol) [0x0x7ff7abb374ec]
	(No symbol) [0x0x7ff7abb4ed0a]
	(No symbol) [0x0x7ff7abb31df3]
	(No symbol) [0x0x7ff7abb05b36]
	(No symbol) [0x0x7ff7abb04d80]
	(No symbol) [0x0x7ff7abb05973]
	(No symbol) [0x0x7ff7abbce4a5]
	(No symbol) [0x0x7ff7abbca75d]
	GetHandleVerifier [0x0x7ff7abd7d2b3+226019]
	GetHandleVerifier [0x0x7ff7abd6c481+156849]
	GetHandleVerifier [0x0x7ff7abd74979+190889]
	GetHandleVerifier [0x0x7ff7abd59bb4+80868]
	GetHandleVerifier [0x0x7ff7abd59d03+81203]
	GetHandleVerifier [0x0x7ff7abd48286+8886]
	BaseThreadInitThunk [0x0x7ff9c9b0e8d7+23]
	RtlUserThreadStart [0x0x7ff9cb08c53c+44]

[2025-11-19T13:07:40.276497] SCRAPER ratings fetch page 102 offset 2020 failed (attempt 3/5): Message: no such window: target window already closed
from unknown error: web view not found
  (Session info: MicrosoftEdge=142.0.3595.80)
Stacktrace:
	GetHandleVerifier [0x0x7ff7abd52a75+51877]
	GetHandleVerifier [0x0x7ff7abd52ad4+51972]
	GetHandleVerifier [0x0x7ff7abf09425+1848405]
	(No symbol) [0x0x7ff7abaa0e5f]
	(No symbol) [0x0x7ff7abb374ec]
	(No symbol) [0x0x7ff7abb4ed0a]
	(No symbol) [0x0x7ff7abb31df3]
	(No symbol) [0x0x7ff7abb05b36]
	(No symbol) [0x0x7ff7abb04d80]
	(No symbol) [0x0x7ff7abb05973]
	(No symbol) [0x0x7ff7abbce4a5]
	(No symbol) [0x0x7ff7abbca75d]
	GetHandleVerifier [0x0x7ff7abd7d2b3+226019]
	GetHandleVerifier [0x0x7ff7abd6c481+156849]
	GetHandleVerifier [0x0x7ff7abd74979+190889]
	GetHandleVerifier [0x0x7ff7abd59bb4+80868]
	GetHandleVerifier [0x0x7ff7abd59d03+81203]
	GetHandleVerifier [0x0x7ff7abd48286+8886]
	BaseThreadInitThunk [0x0x7ff9c9b0e8d7+23]
	RtlUserThreadStart [0x0x7ff9cb08c53c+44]

[2025-11-19T13:07:44.282245] SCRAPER ratings fetch page 102 offset 2020 failed (attempt 4/5): Message: no such window: target window already closed
from unknown error: web view not found
  (Session info: MicrosoftEdge=142.0.3595.80)
Stacktrace:
	GetHandleVerifier [0x0x7ff7abd52a75+51877]
	GetHandleVerifier [0x0x7ff7abd52ad4+51972]
	GetHandleVerifier [0x0x7ff7abf09425+1848405]
	(No symbol) [0x0x7ff7abaa0e5f]
	(No symbol) [0x0x7ff7abb374ec]
	(No symbol) [0x0x7ff7abb4ed0a]
	(No symbol) [0x0x7ff7abb31df3]
	(No symbol) [0x0x7ff7abb05b36]
	(No symbol) [0x0x7ff7abb04d80]
	(No symbol) [0x0x7ff7abb05973]
	(No symbol) [0x0x7ff7abbce4a5]
	(No symbol) [0x0x7ff7abbca75d]
	GetHandleVerifier [0x0x7ff7abd7d2b3+226019]
	GetHandleVerifier [0x0x7ff7abd6c481+156849]
	GetHandleVerifier [0x0x7ff7abd74979+190889]
	GetHandleVerifier [0x0x7ff7abd59bb4+80868]
	GetHandleVerifier [0x0x7ff7abd59d03+81203]
	GetHandleVerifier [0x0x7ff7abd48286+8886]
	BaseThreadInitThunk [0x0x7ff9c9b0e8d7+23]
	RtlUserThreadStart [0x0x7ff9cb08c53c+44]

[2025-11-19T13:07:49.290922] SCRAPER ratings fetch page 102 offset 2020 failed (attempt 5/5): Message: no such window: target window already closed
from unknown error: web view not found
  (Session info: MicrosoftEdge=142.0.3595.80)
Stacktrace:
	GetHandleVerifier [0x0x7ff7abd52a75+51877]
	GetHandleVerifier [0x0x7ff7abd52ad4+51972]
	GetHandleVerifier [0x0x7ff7abf09425+1848405]
	(No symbol) [0x0x7ff7abaa0e5f]
	(No symbol) [0x0x7ff7abb374ec]
	(No symbol) [0x0x7ff7abb4ed0a]
	(No symbol) [0x0x7ff7abb31df3]
	(No symbol) [0x0x7ff7abb05b36]
	(No symbol) [0x0x7ff7abb04d80]
	(No symbol) [0x0x7ff7abb05973]
	(No symbol) [0x0x7ff7abbce4a5]
	(No symbol) [0x0x7ff7abbca75d]
	GetHandleVerifier [0x0x7ff7abd7d2b3+226019]
	GetHandleVerifier [0x0x7ff7abd6c481+156849]
	GetHandleVerifier [0x0x7ff7abd74979+190889]
	GetHandleVerifier [0x0x7ff7abd59bb4+80868]
	GetHandleVerifier [0x0x7ff7abd59d03+81203]
	GetHandleVerifier [0x0x7ff7abd48286+8886]
	BaseThreadInitThunk [0x0x7ff9c9b0e8d7+23]
	RtlUserThreadStart [0x0x7ff9cb08c53c+44]

[2025-11-19T13:07:54.299774] SCRAPER skip page 102 after 5 failures; lanjut halaman berikutnya
[2025-11-19T13:07:54.303541] SCRAPER ratings fetch page 103 offset 2040 failed (attempt 1/5): Message: no such window: target window already closed
from unknown error: web view not found
  (Session info: MicrosoftEdge=142.0.3595.80)
Stacktrace:
	GetHandleVerifier [0x0x7ff7abd52a75+51877]
	GetHandleVerifier [0x0x7ff7abd52ad4+51972]
	GetHandleVerifier [0x0x7ff7abf09425+1848405]
	(No symbol) [0x0x7ff7abaa0e5f]
	(No symbol) [0x0x7ff7abb374ec]
	(No symbol) [0x0x7ff7abb4ed0a]
	(No symbol) [0x0x7ff7abb31df3]
	(No symbol) [0x0x7ff7abb05b36]
	(No symbol) [0x0x7ff7abb04d80]
	(No symbol) [0x0x7ff7abb05973]
	(No symbol) [0x0x7ff7abbce4a5]
	(No symbol) [0x0x7ff7abbca75d]
	GetHandleVerifier [0x0x7ff7abd7d2b3+226019]
	GetHandleVerifier [0x0x7ff7abd6c481+156849]
	GetHandleVerifier [0x0x7ff7abd74979+190889]
	GetHandleVerifier [0x0x7ff7abd59bb4+80868]
	GetHandleVerifier [0x0x7ff7abd59d03+81203]
	GetHandleVerifier [0x0x7ff7abd48286+8886]
	BaseThreadInitThunk [0x0x7ff9c9b0e8d7+23]
	RtlUserThreadStart [0x0x7ff9cb08c53c+44]

[2025-11-19T13:07:56.319901] SCRAPER ratings fetch page 103 offset 2040 failed (attempt 2/5): Message: no such window: target window already closed
from unknown error: web view not found
  (Session info: MicrosoftEdge=142.0.3595.80)
Stacktrace:
	GetHandleVerifier [0x0x7ff7abd52a75+51877]
	GetHandleVerifier [0x0x7ff7abd52ad4+51972]
	GetHandleVerifier [0x0x7ff7abf09425+1848405]
	(No symbol) [0x0x7ff7abaa0e5f]
	(No symbol) [0x0x7ff7abb374ec]
	(No symbol) [0x0x7ff7abb4ed0a]
	(No symbol) [0x0x7ff7abb31df3]
	(No symbol) [0x0x7ff7abb05b36]
	(No symbol) [0x0x7ff7abb04d80]
	(No symbol) [0x0x7ff7abb05973]
	(No symbol) [0x0x7ff7abbce4a5]
	(No symbol) [0x0x7ff7abbca75d]
	GetHandleVerifier [0x0x7ff7abd7d2b3+226019]
	GetHandleVerifier [0x0x7ff7abd6c481+156849]
	GetHandleVerifier [0x0x7ff7abd74979+190889]
	GetHandleVerifier [0x0x7ff7abd59bb4+80868]
	GetHandleVerifier [0x0x7ff7abd59d03+81203]
	GetHandleVerifier [0x0x7ff7abd48286+8886]
	BaseThreadInitThunk [0x0x7ff9c9b0e8d7+23]
	RtlUserThreadStart [0x0x7ff9cb08c53c+44]

[2025-11-19T13:07:59.334048] SCRAPER ratings fetch page 103 offset 2040 failed (attempt 3/5): Message: no such window: target window already closed
from unknown error: web view not found
  (Session info: MicrosoftEdge=142.0.3595.80)
Stacktrace:
	GetHandleVerifier [0x0x7ff7abd52a75+51877]
	GetHandleVerifier [0x0x7ff7abd52ad4+51972]
	GetHandleVerifier [0x0x7ff7abf09425+1848405]
	(No symbol) [0x0x7ff7abaa0e5f]
	(No symbol) [0x0x7ff7abb374ec]
	(No symbol) [0x0x7ff7abb4ed0a]
	(No symbol) [0x0x7ff7abb31df3]
	(No symbol) [0x0x7ff7abb05b36]
	(No symbol) [0x0x7ff7abb04d80]
	(No symbol) [0x0x7ff7abb05973]
	(No symbol) [0x0x7ff7abbce4a5]
	(No symbol) [0x0x7ff7abbca75d]
	GetHandleVerifier [0x0x7ff7abd7d2b3+226019]
	GetHandleVerifier [0x0x7ff7abd6c481+156849]
	GetHandleVerifier [0x0x7ff7abd74979+190889]
	GetHandleVerifier [0x0x7ff7abd59bb4+80868]
	GetHandleVerifier [0x0x7ff7abd59d03+81203]
	GetHandleVerifier [0x0x7ff7abd48286+8886]
	BaseThreadInitThunk [0x0x7ff9c9b0e8d7+23]
	RtlUserThreadStart [0x0x7ff9cb08c53c+44]

[2025-11-19T13:08:03.343509] SCRAPER ratings fetch page 103 offset 2040 failed (attempt 4/5): Message: no such window: target window already closed
from unknown error: web view not found
  (Session info: MicrosoftEdge=142.0.3595.80)
Stacktrace:
	GetHandleVerifier [0x0x7ff7abd52a75+51877]
	GetHandleVerifier [0x0x7ff7abd52ad4+51972]
	GetHandleVerifier [0x0x7ff7abf09425+1848405]
	(No symbol) [0x0x7ff7abaa0e5f]
	(No symbol) [0x0x7ff7abb374ec]
	(No symbol) [0x0x7ff7abb4ed0a]
	(No symbol) [0x0x7ff7abb31df3]
	(No symbol) [0x0x7ff7abb05b36]
	(No symbol) [0x0x7ff7abb04d80]
	(No symbol) [0x0x7ff7abb05973]
	(No symbol) [0x0x7ff7abbce4a5]
	(No symbol) [0x0x7ff7abbca75d]
	GetHandleVerifier [0x0x7ff7abd7d2b3+226019]
	GetHandleVerifier [0x0x7ff7abd6c481+156849]
	GetHandleVerifier [0x0x7ff7abd74979+190889]
	GetHandleVerifier [0x0x7ff7abd59bb4+80868]
	GetHandleVerifier [0x0x7ff7abd59d03+81203]
	GetHandleVerifier [0x0x7ff7abd48286+8886]
	BaseThreadInitThunk [0x0x7ff9c9b0e8d7+23]
	RtlUserThreadStart [0x0x7ff9cb08c53c+44]

[2025-11-19T13:08:08.349329] SCRAPER ratings fetch page 103 offset 2040 failed (attempt 5/5): Message: no such window: target window already closed
from unknown error: web view not found
  (Session info: MicrosoftEdge=142.0.3595.80)
Stacktrace:
	GetHandleVerifier [0x0x7ff7abd52a75+51877]
	GetHandleVerifier [0x0x7ff7abd52ad4+51972]
	GetHandleVerifier [0x0x7ff7abf09425+1848405]
	(No symbol) [0x0x7ff7abaa0e5f]
	(No symbol) [0x0x7ff7abb374ec]
	(No symbol) [0x0x7ff7abb4ed0a]
	(No symbol) [0x0x7ff7abb31df3]
	(No symbol) [0x0x7ff7abb05b36]
	(No symbol) [0x0x7ff7abb04d80]
	(No symbol) [0x0x7ff7abb05973]
	(No symbol) [0x0x7ff7abbce4a5]
	(No symbol) [0x0x7ff7abbca75d]
	GetHandleVerifier [0x0x7ff7abd7d2b3+226019]
	GetHandleVerifier [0x0x7ff7abd6c481+156849]
	GetHandleVerifier [0x0x7ff7abd74979+190889]
	GetHandleVerifier [0x0x7ff7abd59bb4+80868]
	GetHandleVerifier [0x0x7ff7abd59d03+81203]
	GetHandleVerifier [0x0x7ff7abd48286+8886]
	BaseThreadInitThunk [0x0x7ff9c9b0e8d7+23]
	RtlUserThreadStart [0x0x7ff9cb08c53c+44]

[2025-11-19T13:08:13.354381] SCRAPER skip page 103 after 5 failures; lanjut halaman berikutnya
[2025-11-19T13:08:13.357411] SCRAPER ratings fetch page 104 offset 2060 failed (attempt 1/5): Message: no such window: target window already closed
from unknown error: web view not found
  (Session info: MicrosoftEdge=142.0.3595.80)
Stacktrace:
	GetHandleVerifier [0x0x7ff7abd52a75+51877]
	GetHandleVerifier [0x0x7ff7abd52ad4+51972]
	GetHandleVerifier [0x0x7ff7abf09425+1848405]
	(No symbol) [0x0x7ff7abaa0e5f]
	(No symbol) [0x0x7ff7abb374ec]
	(No symbol) [0x0x7ff7abb4ed0a]
	(No symbol) [0x0x7ff7abb31df3]
	(No symbol) [0x0x7ff7abb05b36]
	(No symbol) [0x0x7ff7abb04d80]
	(No symbol) [0x0x7ff7abb05973]
	(No symbol) [0x0x7ff7abbce4a5]
	(No symbol) [0x0x7ff7abbca75d]
	GetHandleVerifier [0x0x7ff7abd7d2b3+226019]
	GetHandleVerifier [0x0x7ff7abd6c481+156849]
	GetHandleVerifier [0x0x7ff7abd74979+190889]
	GetHandleVerifier [0x0x7ff7abd59bb4+80868]
	GetHandleVerifier [0x0x7ff7abd59d03+81203]
	GetHandleVerifier [0x0x7ff7abd48286+8886]
	BaseThreadInitThunk [0x0x7ff9c9b0e8d7+23]
	RtlUserThreadStart [0x0x7ff9cb08c53c+44]

[2025-11-19T13:08:15.374925] SCRAPER ratings fetch page 104 offset 2060 failed (attempt 2/5): Message: no such window: target window already closed
from unknown error: web view not found
  (Session info: MicrosoftEdge=142.0.3595.80)
Stacktrace:
	GetHandleVerifier [0x0x7ff7abd52a75+51877]
	GetHandleVerifier [0x0x7ff7abd52ad4+51972]
	GetHandleVerifier [0x0x7ff7abf09425+1848405]
	(No symbol) [0x0x7ff7abaa0e5f]
	(No symbol) [0x0x7ff7abb374ec]
	(No symbol) [0x0x7ff7abb4ed0a]
	(No symbol) [0x0x7ff7abb31df3]
	(No symbol) [0x0x7ff7abb05b36]
	(No symbol) [0x0x7ff7abb04d80]
	(No symbol) [0x0x7ff7abb05973]
	(No symbol) [0x0x7ff7abbce4a5]
	(No symbol) [0x0x7ff7abbca75d]
	GetHandleVerifier [0x0x7ff7abd7d2b3+226019]
	GetHandleVerifier [0x0x7ff7abd6c481+156849]
	GetHandleVerifier [0x0x7ff7abd74979+190889]
	GetHandleVerifier [0x0x7ff7abd59bb4+80868]
	GetHandleVerifier [0x0x7ff7abd59d03+81203]
	GetHandleVerifier [0x0x7ff7abd48286+8886]
	BaseThreadInitThunk [0x0x7ff9c9b0e8d7+23]
	RtlUserThreadStart [0x0x7ff9cb08c53c+44]

[2025-11-19T13:08:18.388657] SCRAPER ratings fetch page 104 offset 2060 failed (attempt 3/5): Message: no such window: target window already closed
from unknown error: web view not found
  (Session info: MicrosoftEdge=142.0.3595.80)
Stacktrace:
	GetHandleVerifier [0x0x7ff7abd52a75+51877]
	GetHandleVerifier [0x0x7ff7abd52ad4+51972]
	GetHandleVerifier [0x0x7ff7abf09425+1848405]
	(No symbol) [0x0x7ff7abaa0e5f]
	(No symbol) [0x0x7ff7abb374ec]
	(No symbol) [0x0x7ff7abb4ed0a]
	(No symbol) [0x0x7ff7abb31df3]
	(No symbol) [0x0x7ff7abb05b36]
	(No symbol) [0x0x7ff7abb04d80]
	(No symbol) [0x0x7ff7abb05973]
	(No symbol) [0x0x7ff7abbce4a5]
	(No symbol) [0x0x7ff7abbca75d]
	GetHandleVerifier [0x0x7ff7abd7d2b3+226019]
	GetHandleVerifier [0x0x7ff7abd6c481+156849]
	GetHandleVerifier [0x0x7ff7abd74979+190889]
	GetHandleVerifier [0x0x7ff7abd59bb4+80868]
	GetHandleVerifier [0x0x7ff7abd59d03+81203]
	GetHandleVerifier [0x0x7ff7abd48286+8886]
	BaseThreadInitThunk [0x0x7ff9c9b0e8d7+23]
	RtlUserThreadStart [0x0x7ff9cb08c53c+44]

[2025-11-19T13:08:22.406110] SCRAPER ratings fetch page 104 offset 2060 failed (attempt 4/5): Message: no such window: target window already closed
from unknown error: web view not found
  (Session info: MicrosoftEdge=142.0.3595.80)
Stacktrace:
	GetHandleVerifier [0x0x7ff7abd52a75+51877]
	GetHandleVerifier [0x0x7ff7abd52ad4+51972]
	GetHandleVerifier [0x0x7ff7abf09425+1848405]
	(No symbol) [0x0x7ff7abaa0e5f]
	(No symbol) [0x0x7ff7abb374ec]
	(No symbol) [0x0x7ff7abb4ed0a]
	(No symbol) [0x0x7ff7abb31df3]
	(No symbol) [0x0x7ff7abb05b36]
	(No symbol) [0x0x7ff7abb04d80]
	(No symbol) [0x0x7ff7abb05973]
	(No symbol) [0x0x7ff7abbce4a5]
	(No symbol) [0x0x7ff7abbca75d]
	GetHandleVerifier [0x0x7ff7abd7d2b3+226019]
	GetHandleVerifier [0x0x7ff7abd6c481+156849]
	GetHandleVerifier [0x0x7ff7abd74979+190889]
	GetHandleVerifier [0x0x7ff7abd59bb4+80868]
	GetHandleVerifier [0x0x7ff7abd59d03+81203]
	GetHandleVerifier [0x0x7ff7abd48286+8886]
	BaseThreadInitThunk [0x0x7ff9c9b0e8d7+23]
	RtlUserThreadStart [0x0x7ff9cb08c53c+44]

[2025-11-19T13:08:27.420178] SCRAPER ratings fetch page 104 offset 2060 failed (attempt 5/5): Message: no such window: target window already closed
from unknown error: web view not found
  (Session info: MicrosoftEdge=142.0.3595.80)
Stacktrace:
	GetHandleVerifier [0x0x7ff7abd52a75+51877]
	GetHandleVerifier [0x0x7ff7abd52ad4+51972]
	GetHandleVerifier [0x0x7ff7abf09425+1848405]
	(No symbol) [0x0x7ff7abaa0e5f]
	(No symbol) [0x0x7ff7abb374ec]
	(No symbol) [0x0x7ff7abb4ed0a]
	(No symbol) [0x0x7ff7abb31df3]
	(No symbol) [0x0x7ff7abb05b36]
	(No symbol) [0x0x7ff7abb04d80]
	(No symbol) [0x0x7ff7abb05973]
	(No symbol) [0x0x7ff7abbce4a5]
	(No symbol) [0x0x7ff7abbca75d]
	GetHandleVerifier [0x0x7ff7abd7d2b3+226019]
	GetHandleVerifier [0x0x7ff7abd6c481+156849]
	GetHandleVerifier [0x0x7ff7abd74979+190889]
	GetHandleVerifier [0x0x7ff7abd59bb4+80868]
	GetHandleVerifier [0x0x7ff7abd59d03+81203]
	GetHandleVerifier [0x0x7ff7abd48286+8886]
	BaseThreadInitThunk [0x0x7ff9c9b0e8d7+23]
	RtlUserThreadStart [0x0x7ff9cb08c53c+44]

[2025-11-19T13:08:32.424810] SCRAPER skip page 104 after 5 failures; lanjut halaman berikutnya
[2025-11-19T13:08:32.427919] SCRAPER ratings fetch page 105 offset 2080 failed (attempt 1/5): Message: no such window: target window already closed
from unknown error: web view not found
  (Session info: MicrosoftEdge=142.0.3595.80)
Stacktrace:
	GetHandleVerifier [0x0x7ff7abd52a75+51877]
	GetHandleVerifier [0x0x7ff7abd52ad4+51972]
	GetHandleVerifier [0x0x7ff7abf09425+1848405]
	(No symbol) [0x0x7ff7abaa0e5f]
	(No symbol) [0x0x7ff7abb374ec]
	(No symbol) [0x0x7ff7abb4ed0a]
	(No symbol) [0x0x7ff7abb31df3]
	(No symbol) [0x0x7ff7abb05b36]
	(No symbol) [0x0x7ff7abb04d80]
	(No symbol) [0x0x7ff7abb05973]
	(No symbol) [0x0x7ff7abbce4a5]
	(No symbol) [0x0x7ff7abbca75d]
	GetHandleVerifier [0x0x7ff7abd7d2b3+226019]
	GetHandleVerifier [0x0x7ff7abd6c481+156849]
	GetHandleVerifier [0x0x7ff7abd74979+190889]
	GetHandleVerifier [0x0x7ff7abd59bb4+80868]
	GetHandleVerifier [0x0x7ff7abd59d03+81203]
	GetHandleVerifier [0x0x7ff7abd48286+8886]
	BaseThreadInitThunk [0x0x7ff9c9b0e8d7+23]
	RtlUserThreadStart [0x0x7ff9cb08c53c+44]

[2025-11-19T13:08:34.442142] SCRAPER ratings fetch page 105 offset 2080 failed (attempt 2/5): Message: no such window: target window already closed
from unknown error: web view not found
  (Session info: MicrosoftEdge=142.0.3595.80)
Stacktrace:
	GetHandleVerifier [0x0x7ff7abd52a75+51877]
	GetHandleVerifier [0x0x7ff7abd52ad4+51972]
	GetHandleVerifier [0x0x7ff7abf09425+1848405]
	(No symbol) [0x0x7ff7abaa0e5f]
	(No symbol) [0x0x7ff7abb374ec]
	(No symbol) [0x0x7ff7abb4ed0a]
	(No symbol) [0x0x7ff7abb31df3]
	(No symbol) [0x0x7ff7abb05b36]
	(No symbol) [0x0x7ff7abb04d80]
	(No symbol) [0x0x7ff7abb05973]
	(No symbol) [0x0x7ff7abbce4a5]
	(No symbol) [0x0x7ff7abbca75d]
	GetHandleVerifier [0x0x7ff7abd7d2b3+226019]
	GetHandleVerifier [0x0x7ff7abd6c481+156849]
	GetHandleVerifier [0x0x7ff7abd74979+190889]
	GetHandleVerifier [0x0x7ff7abd59bb4+80868]
	GetHandleVerifier [0x0x7ff7abd59d03+81203]
	GetHandleVerifier [0x0x7ff7abd48286+8886]
	BaseThreadInitThunk [0x0x7ff9c9b0e8d7+23]
	RtlUserThreadStart [0x0x7ff9cb08c53c+44]

[2025-11-19T13:08:37.455873] SCRAPER ratings fetch page 105 offset 2080 failed (attempt 3/5): Message: no such window: target window already closed
from unknown error: web view not found
  (Session info: MicrosoftEdge=142.0.3595.80)
Stacktrace:
	GetHandleVerifier [0x0x7ff7abd52a75+51877]
	GetHandleVerifier [0x0x7ff7abd52ad4+51972]
	GetHandleVerifier [0x0x7ff7abf09425+1848405]
	(No symbol) [0x0x7ff7abaa0e5f]
	(No symbol) [0x0x7ff7abb374ec]
	(No symbol) [0x0x7ff7abb4ed0a]
	(No symbol) [0x0x7ff7abb31df3]
	(No symbol) [0x0x7ff7abb05b36]
	(No symbol) [0x0x7ff7abb04d80]
	(No symbol) [0x0x7ff7abb05973]
	(No symbol) [0x0x7ff7abbce4a5]
	(No symbol) [0x0x7ff7abbca75d]
	GetHandleVerifier [0x0x7ff7abd7d2b3+226019]
	GetHandleVerifier [0x0x7ff7abd6c481+156849]
	GetHandleVerifier [0x0x7ff7abd74979+190889]
	GetHandleVerifier [0x0x7ff7abd59bb4+80868]
	GetHandleVerifier [0x0x7ff7abd59d03+81203]
	GetHandleVerifier [0x0x7ff7abd48286+8886]
	BaseThreadInitThunk [0x0x7ff9c9b0e8d7+23]
	RtlUserThreadStart [0x0x7ff9cb08c53c+44]

[2025-11-19T13:08:41.467025] SCRAPER ratings fetch page 105 offset 2080 failed (attempt 4/5): Message: no such window: target window already closed
from unknown error: web view not found
  (Session info: MicrosoftEdge=142.0.3595.80)
Stacktrace:
	GetHandleVerifier [0x0x7ff7abd52a75+51877]
	GetHandleVerifier [0x0x7ff7abd52ad4+51972]
	GetHandleVerifier [0x0x7ff7abf09425+1848405]
	(No symbol) [0x0x7ff7abaa0e5f]
	(No symbol) [0x0x7ff7abb374ec]
	(No symbol) [0x0x7ff7abb4ed0a]
	(No symbol) [0x0x7ff7abb31df3]
	(No symbol) [0x0x7ff7abb05b36]
	(No symbol) [0x0x7ff7abb04d80]
	(No symbol) [0x0x7ff7abb05973]
	(No symbol) [0x0x7ff7abbce4a5]
	(No symbol) [0x0x7ff7abbca75d]
	GetHandleVerifier [0x0x7ff7abd7d2b3+226019]
	GetHandleVerifier [0x0x7ff7abd6c481+156849]
	GetHandleVerifier [0x0x7ff7abd74979+190889]
	GetHandleVerifier [0x0x7ff7abd59bb4+80868]
	GetHandleVerifier [0x0x7ff7abd59d03+81203]
	GetHandleVerifier [0x0x7ff7abd48286+8886]
	BaseThreadInitThunk [0x0x7ff9c9b0e8d7+23]
	RtlUserThreadStart [0x0x7ff9cb08c53c+44]

[2025-11-19T13:08:46.487211] SCRAPER ratings fetch page 105 offset 2080 failed (attempt 5/5): Message: no such window: target window already closed
from unknown error: web view not found
  (Session info: MicrosoftEdge=142.0.3595.80)
Stacktrace:
	GetHandleVerifier [0x0x7ff7abd52a75+51877]
	GetHandleVerifier [0x0x7ff7abd52ad4+51972]
	GetHandleVerifier [0x0x7ff7abf09425+1848405]
	(No symbol) [0x0x7ff7abaa0e5f]
	(No symbol) [0x0x7ff7abb374ec]
	(No symbol) [0x0x7ff7abb4ed0a]
	(No symbol) [0x0x7ff7abb31df3]
	(No symbol) [0x0x7ff7abb05b36]
	(No symbol) [0x0x7ff7abb04d80]
	(No symbol) [0x0x7ff7abb05973]
	(No symbol) [0x0x7ff7abbce4a5]
	(No symbol) [0x0x7ff7abbca75d]
	GetHandleVerifier [0x0x7ff7abd7d2b3+226019]
	GetHandleVerifier [0x0x7ff7abd6c481+156849]
	GetHandleVerifier [0x0x7ff7abd74979+190889]
	GetHandleVerifier [0x0x7ff7abd59bb4+80868]
	GetHandleVerifier [0x0x7ff7abd59d03+81203]
	GetHandleVerifier [0x0x7ff7abd48286+8886]
	BaseThreadInitThunk [0x0x7ff9c9b0e8d7+23]
	RtlUserThreadStart [0x0x7ff9cb08c53c+44]

[2025-11-19T13:08:51.501098] SCRAPER skip page 105 after 5 failures; lanjut halaman berikutnya
[2025-11-19T13:08:51.505914] SCRAPER ratings fetch page 106 offset 2100 failed (attempt 1/5): Message: no such window: target window already closed
from unknown error: web view not found
  (Session info: MicrosoftEdge=142.0.3595.80)
Stacktrace:
	GetHandleVerifier [0x0x7ff7abd52a75+51877]
	GetHandleVerifier [0x0x7ff7abd52ad4+51972]
	GetHandleVerifier [0x0x7ff7abf09425+1848405]
	(No symbol) [0x0x7ff7abaa0e5f]
	(No symbol) [0x0x7ff7abb374ec]
	(No symbol) [0x0x7ff7abb4ed0a]
	(No symbol) [0x0x7ff7abb31df3]
	(No symbol) [0x0x7ff7abb05b36]
	(No symbol) [0x0x7ff7abb04d80]
	(No symbol) [0x0x7ff7abb05973]
	(No symbol) [0x0x7ff7abbce4a5]
	(No symbol) [0x0x7ff7abbca75d]
	GetHandleVerifier [0x0x7ff7abd7d2b3+226019]
	GetHandleVerifier [0x0x7ff7abd6c481+156849]
	GetHandleVerifier [0x0x7ff7abd74979+190889]
	GetHandleVerifier [0x0x7ff7abd59bb4+80868]
	GetHandleVerifier [0x0x7ff7abd59d03+81203]
	GetHandleVerifier [0x0x7ff7abd48286+8886]
	BaseThreadInitThunk [0x0x7ff9c9b0e8d7+23]
	RtlUserThreadStart [0x0x7ff9cb08c53c+44]

[2025-11-19T13:08:53.519047] SCRAPER ratings fetch page 106 offset 2100 failed (attempt 2/5): Message: no such window: target window already closed
from unknown error: web view not found
  (Session info: MicrosoftEdge=142.0.3595.80)
Stacktrace:
	GetHandleVerifier [0x0x7ff7abd52a75+51877]
	GetHandleVerifier [0x0x7ff7abd52ad4+51972]
	GetHandleVerifier [0x0x7ff7abf09425+1848405]
	(No symbol) [0x0x7ff7abaa0e5f]
	(No symbol) [0x0x7ff7abb374ec]
	(No symbol) [0x0x7ff7abb4ed0a]
	(No symbol) [0x0x7ff7abb31df3]
	(No symbol) [0x0x7ff7abb05b36]
	(No symbol) [0x0x7ff7abb04d80]
	(No symbol) [0x0x7ff7abb05973]
	(No symbol) [0x0x7ff7abbce4a5]
	(No symbol) [0x0x7ff7abbca75d]
	GetHandleVerifier [0x0x7ff7abd7d2b3+226019]
	GetHandleVerifier [0x0x7ff7abd6c481+156849]
	GetHandleVerifier [0x0x7ff7abd74979+190889]
	GetHandleVerifier [0x0x7ff7abd59bb4+80868]
	GetHandleVerifier [0x0x7ff7abd59d03+81203]
	GetHandleVerifier [0x0x7ff7abd48286+8886]
	BaseThreadInitThunk [0x0x7ff9c9b0e8d7+23]
	RtlUserThreadStart [0x0x7ff9cb08c53c+44]

[2025-11-19T13:08:56.526689] SCRAPER ratings fetch page 106 offset 2100 failed (attempt 3/5): Message: no such window: target window already closed
from unknown error: web view not found
  (Session info: MicrosoftEdge=142.0.3595.80)
Stacktrace:
	GetHandleVerifier [0x0x7ff7abd52a75+51877]
	GetHandleVerifier [0x0x7ff7abd52ad4+51972]
	GetHandleVerifier [0x0x7ff7abf09425+1848405]
	(No symbol) [0x0x7ff7abaa0e5f]
	(No symbol) [0x0x7ff7abb374ec]
	(No symbol) [0x0x7ff7abb4ed0a]
	(No symbol) [0x0x7ff7abb31df3]
	(No symbol) [0x0x7ff7abb05b36]
	(No symbol) [0x0x7ff7abb04d80]
	(No symbol) [0x0x7ff7abb05973]
	(No symbol) [0x0x7ff7abbce4a5]
	(No symbol) [0x0x7ff7abbca75d]
	GetHandleVerifier [0x0x7ff7abd7d2b3+226019]
	GetHandleVerifier [0x0x7ff7abd6c481+156849]
	GetHandleVerifier [0x0x7ff7abd74979+190889]
	GetHandleVerifier [0x0x7ff7abd59bb4+80868]
	GetHandleVerifier [0x0x7ff7abd59d03+81203]
	GetHandleVerifier [0x0x7ff7abd48286+8886]
	BaseThreadInitThunk [0x0x7ff9c9b0e8d7+23]
	RtlUserThreadStart [0x0x7ff9cb08c53c+44]

[2025-11-19T13:09:00.530821] SCRAPER ratings fetch page 106 offset 2100 failed (attempt 4/5): Message: no such window: target window already closed
from unknown error: web view not found
  (Session info: MicrosoftEdge=142.0.3595.80)
Stacktrace:
	GetHandleVerifier [0x0x7ff7abd52a75+51877]
	GetHandleVerifier [0x0x7ff7abd52ad4+51972]
	GetHandleVerifier [0x0x7ff7abf09425+1848405]
	(No symbol) [0x0x7ff7abaa0e5f]
	(No symbol) [0x0x7ff7abb374ec]
	(No symbol) [0x0x7ff7abb4ed0a]
	(No symbol) [0x0x7ff7abb31df3]
	(No symbol) [0x0x7ff7abb05b36]
	(No symbol) [0x0x7ff7abb04d80]
	(No symbol) [0x0x7ff7abb05973]
	(No symbol) [0x0x7ff7abbce4a5]
	(No symbol) [0x0x7ff7abbca75d]
	GetHandleVerifier [0x0x7ff7abd7d2b3+226019]
	GetHandleVerifier [0x0x7ff7abd6c481+156849]
	GetHandleVerifier [0x0x7ff7abd74979+190889]
	GetHandleVerifier [0x0x7ff7abd59bb4+80868]
	GetHandleVerifier [0x0x7ff7abd59d03+81203]
	GetHandleVerifier [0x0x7ff7abd48286+8886]
	BaseThreadInitThunk [0x0x7ff9c9b0e8d7+23]
	RtlUserThreadStart [0x0x7ff9cb08c53c+44]

[2025-11-19T13:09:05.534469] SCRAPER ratings fetch page 106 offset 2100 failed (attempt 5/5): Message: no such window: target window already closed
from unknown error: web view not found
  (Session info: MicrosoftEdge=142.0.3595.80)
Stacktrace:
	GetHandleVerifier [0x0x7ff7abd52a75+51877]
	GetHandleVerifier [0x0x7ff7abd52ad4+51972]
	GetHandleVerifier [0x0x7ff7abf09425+1848405]
	(No symbol) [0x0x7ff7abaa0e5f]
	(No symbol) [0x0x7ff7abb374ec]
	(No symbol) [0x0x7ff7abb4ed0a]
	(No symbol) [0x0x7ff7abb31df3]
	(No symbol) [0x0x7ff7abb05b36]
	(No symbol) [0x0x7ff7abb04d80]
	(No symbol) [0x0x7ff7abb05973]
	(No symbol) [0x0x7ff7abbce4a5]
	(No symbol) [0x0x7ff7abbca75d]
	GetHandleVerifier [0x0x7ff7abd7d2b3+226019]
	GetHandleVerifier [0x0x7ff7abd6c481+156849]
	GetHandleVerifier [0x0x7ff7abd74979+190889]
	GetHandleVerifier [0x0x7ff7abd59bb4+80868]
	GetHandleVerifier [0x0x7ff7abd59d03+81203]
	GetHandleVerifier [0x0x7ff7abd48286+8886]
	BaseThreadInitThunk [0x0x7ff9c9b0e8d7+23]
	RtlUserThreadStart [0x0x7ff9cb08c53c+44]

[2025-11-19T13:09:10.536160] SCRAPER skip page 106 after 5 failures; lanjut halaman berikutnya
[2025-11-19T13:09:10.538557] SCRAPER ratings fetch page 107 offset 2120 failed (attempt 1/5): Message: no such window: target window already closed
from unknown error: web view not found
  (Session info: MicrosoftEdge=142.0.3595.80)
Stacktrace:
	GetHandleVerifier [0x0x7ff7abd52a75+51877]
	GetHandleVerifier [0x0x7ff7abd52ad4+51972]
	GetHandleVerifier [0x0x7ff7abf09425+1848405]
	(No symbol) [0x0x7ff7abaa0e5f]
	(No symbol) [0x0x7ff7abb374ec]
	(No symbol) [0x0x7ff7abb4ed0a]
	(No symbol) [0x0x7ff7abb31df3]
	(No symbol) [0x0x7ff7abb05b36]
	(No symbol) [0x0x7ff7abb04d80]
	(No symbol) [0x0x7ff7abb05973]
	(No symbol) [0x0x7ff7abbce4a5]
	(No symbol) [0x0x7ff7abbca75d]
	GetHandleVerifier [0x0x7ff7abd7d2b3+226019]
	GetHandleVerifier [0x0x7ff7abd6c481+156849]
	GetHandleVerifier [0x0x7ff7abd74979+190889]
	GetHandleVerifier [0x0x7ff7abd59bb4+80868]
	GetHandleVerifier [0x0x7ff7abd59d03+81203]
	GetHandleVerifier [0x0x7ff7abd48286+8886]
	BaseThreadInitThunk [0x0x7ff9c9b0e8d7+23]
	RtlUserThreadStart [0x0x7ff9cb08c53c+44]

[2025-11-19T13:09:12.555800] SCRAPER ratings fetch page 107 offset 2120 failed (attempt 2/5): Message: no such window: target window already closed
from unknown error: web view not found
  (Session info: MicrosoftEdge=142.0.3595.80)
Stacktrace:
	GetHandleVerifier [0x0x7ff7abd52a75+51877]
	GetHandleVerifier [0x0x7ff7abd52ad4+51972]
	GetHandleVerifier [0x0x7ff7abf09425+1848405]
	(No symbol) [0x0x7ff7abaa0e5f]
	(No symbol) [0x0x7ff7abb374ec]
	(No symbol) [0x0x7ff7abb4ed0a]
	(No symbol) [0x0x7ff7abb31df3]
	(No symbol) [0x0x7ff7abb05b36]
	(No symbol) [0x0x7ff7abb04d80]
	(No symbol) [0x0x7ff7abb05973]
	(No symbol) [0x0x7ff7abbce4a5]
	(No symbol) [0x0x7ff7abbca75d]
	GetHandleVerifier [0x0x7ff7abd7d2b3+226019]
	GetHandleVerifier [0x0x7ff7abd6c481+156849]
	GetHandleVerifier [0x0x7ff7abd74979+190889]
	GetHandleVerifier [0x0x7ff7abd59bb4+80868]
	GetHandleVerifier [0x0x7ff7abd59d03+81203]
	GetHandleVerifier [0x0x7ff7abd48286+8886]
	BaseThreadInitThunk [0x0x7ff9c9b0e8d7+23]
	RtlUserThreadStart [0x0x7ff9cb08c53c+44]

[2025-11-19T13:09:15.573855] SCRAPER ratings fetch page 107 offset 2120 failed (attempt 3/5): Message: no such window: target window already closed
from unknown error: web view not found
  (Session info: MicrosoftEdge=142.0.3595.80)
Stacktrace:
	GetHandleVerifier [0x0x7ff7abd52a75+51877]
	GetHandleVerifier [0x0x7ff7abd52ad4+51972]
	GetHandleVerifier [0x0x7ff7abf09425+1848405]
	(No symbol) [0x0x7ff7abaa0e5f]
	(No symbol) [0x0x7ff7abb374ec]
	(No symbol) [0x0x7ff7abb4ed0a]
	(No symbol) [0x0x7ff7abb31df3]
	(No symbol) [0x0x7ff7abb05b36]
	(No symbol) [0x0x7ff7abb04d80]
	(No symbol) [0x0x7ff7abb05973]
	(No symbol) [0x0x7ff7abbce4a5]
	(No symbol) [0x0x7ff7abbca75d]
	GetHandleVerifier [0x0x7ff7abd7d2b3+226019]
	GetHandleVerifier [0x0x7ff7abd6c481+156849]
	GetHandleVerifier [0x0x7ff7abd74979+190889]
	GetHandleVerifier [0x0x7ff7abd59bb4+80868]
	GetHandleVerifier [0x0x7ff7abd59d03+81203]
	GetHandleVerifier [0x0x7ff7abd48286+8886]
	BaseThreadInitThunk [0x0x7ff9c9b0e8d7+23]
	RtlUserThreadStart [0x0x7ff9cb08c53c+44]

[2025-11-19T13:09:19.591168] SCRAPER ratings fetch page 107 offset 2120 failed (attempt 4/5): Message: no such window: target window already closed
from unknown error: web view not found
  (Session info: MicrosoftEdge=142.0.3595.80)
Stacktrace:
	GetHandleVerifier [0x0x7ff7abd52a75+51877]
	GetHandleVerifier [0x0x7ff7abd52ad4+51972]
	GetHandleVerifier [0x0x7ff7abf09425+1848405]
	(No symbol) [0x0x7ff7abaa0e5f]
	(No symbol) [0x0x7ff7abb374ec]
	(No symbol) [0x0x7ff7abb4ed0a]
	(No symbol) [0x0x7ff7abb31df3]
	(No symbol) [0x0x7ff7abb05b36]
	(No symbol) [0x0x7ff7abb04d80]
	(No symbol) [0x0x7ff7abb05973]
	(No symbol) [0x0x7ff7abbce4a5]
	(No symbol) [0x0x7ff7abbca75d]
	GetHandleVerifier [0x0x7ff7abd7d2b3+226019]
	GetHandleVerifier [0x0x7ff7abd6c481+156849]
	GetHandleVerifier [0x0x7ff7abd74979+190889]
	GetHandleVerifier [0x0x7ff7abd59bb4+80868]
	GetHandleVerifier [0x0x7ff7abd59d03+81203]
	GetHandleVerifier [0x0x7ff7abd48286+8886]
	BaseThreadInitThunk [0x0x7ff9c9b0e8d7+23]
	RtlUserThreadStart [0x0x7ff9cb08c53c+44]

[2025-11-19T13:09:24.597505] SCRAPER ratings fetch page 107 offset 2120 failed (attempt 5/5): Message: no such window: target window already closed
from unknown error: web view not found
  (Session info: MicrosoftEdge=142.0.3595.80)
Stacktrace:
	GetHandleVerifier [0x0x7ff7abd52a75+51877]
	GetHandleVerifier [0x0x7ff7abd52ad4+51972]
	GetHandleVerifier [0x0x7ff7abf09425+1848405]
	(No symbol) [0x0x7ff7abaa0e5f]
	(No symbol) [0x0x7ff7abb374ec]
	(No symbol) [0x0x7ff7abb4ed0a]
	(No symbol) [0x0x7ff7abb31df3]
	(No symbol) [0x0x7ff7abb05b36]
	(No symbol) [0x0x7ff7abb04d80]
	(No symbol) [0x0x7ff7abb05973]
	(No symbol) [0x0x7ff7abbce4a5]
	(No symbol) [0x0x7ff7abbca75d]
	GetHandleVerifier [0x0x7ff7abd7d2b3+226019]
	GetHandleVerifier [0x0x7ff7abd6c481+156849]
	GetHandleVerifier [0x0x7ff7abd74979+190889]
	GetHandleVerifier [0x0x7ff7abd59bb4+80868]
	GetHandleVerifier [0x0x7ff7abd59d03+81203]
	GetHandleVerifier [0x0x7ff7abd48286+8886]
	BaseThreadInitThunk [0x0x7ff9c9b0e8d7+23]
	RtlUserThreadStart [0x0x7ff9cb08c53c+44]

[2025-11-19T13:09:29.605815] SCRAPER skip page 107 after 5 failures; lanjut halaman berikutnya
[2025-11-19T13:09:29.608282] SCRAPER ratings fetch page 108 offset 2140 failed (attempt 1/5): Message: no such window: target window already closed
from unknown error: web view not found
  (Session info: MicrosoftEdge=142.0.3595.80)
Stacktrace:
	GetHandleVerifier [0x0x7ff7abd52a75+51877]
	GetHandleVerifier [0x0x7ff7abd52ad4+51972]
	GetHandleVerifier [0x0x7ff7abf09425+1848405]
	(No symbol) [0x0x7ff7abaa0e5f]
	(No symbol) [0x0x7ff7abb374ec]
	(No symbol) [0x0x7ff7abb4ed0a]
	(No symbol) [0x0x7ff7abb31df3]
	(No symbol) [0x0x7ff7abb05b36]
	(No symbol) [0x0x7ff7abb04d80]
	(No symbol) [0x0x7ff7abb05973]
	(No symbol) [0x0x7ff7abbce4a5]
	(No symbol) [0x0x7ff7abbca75d]
	GetHandleVerifier [0x0x7ff7abd7d2b3+226019]
	GetHandleVerifier [0x0x7ff7abd6c481+156849]
	GetHandleVerifier [0x0x7ff7abd74979+190889]
	GetHandleVerifier [0x0x7ff7abd59bb4+80868]
	GetHandleVerifier [0x0x7ff7abd59d03+81203]
	GetHandleVerifier [0x0x7ff7abd48286+8886]
	BaseThreadInitThunk [0x0x7ff9c9b0e8d7+23]
	RtlUserThreadStart [0x0x7ff9cb08c53c+44]

[2025-11-19T13:09:31.617089] SCRAPER ratings fetch page 108 offset 2140 failed (attempt 2/5): Message: no such window: target window already closed
from unknown error: web view not found
  (Session info: MicrosoftEdge=142.0.3595.80)
Stacktrace:
	GetHandleVerifier [0x0x7ff7abd52a75+51877]
	GetHandleVerifier [0x0x7ff7abd52ad4+51972]
	GetHandleVerifier [0x0x7ff7abf09425+1848405]
	(No symbol) [0x0x7ff7abaa0e5f]
	(No symbol) [0x0x7ff7abb374ec]
	(No symbol) [0x0x7ff7abb4ed0a]
	(No symbol) [0x0x7ff7abb31df3]
	(No symbol) [0x0x7ff7abb05b36]
	(No symbol) [0x0x7ff7abb04d80]
	(No symbol) [0x0x7ff7abb05973]
	(No symbol) [0x0x7ff7abbce4a5]
	(No symbol) [0x0x7ff7abbca75d]
	GetHandleVerifier [0x0x7ff7abd7d2b3+226019]
	GetHandleVerifier [0x0x7ff7abd6c481+156849]
	GetHandleVerifier [0x0x7ff7abd74979+190889]
	GetHandleVerifier [0x0x7ff7abd59bb4+80868]
	GetHandleVerifier [0x0x7ff7abd59d03+81203]
	GetHandleVerifier [0x0x7ff7abd48286+8886]
	BaseThreadInitThunk [0x0x7ff9c9b0e8d7+23]
	RtlUserThreadStart [0x0x7ff9cb08c53c+44]

[2025-11-19T13:09:34.628894] SCRAPER ratings fetch page 108 offset 2140 failed (attempt 3/5): Message: no such window: target window already closed
from unknown error: web view not found
  (Session info: MicrosoftEdge=142.0.3595.80)
Stacktrace:
	GetHandleVerifier [0x0x7ff7abd52a75+51877]
	GetHandleVerifier [0x0x7ff7abd52ad4+51972]
	GetHandleVerifier [0x0x7ff7abf09425+1848405]
	(No symbol) [0x0x7ff7abaa0e5f]
	(No symbol) [0x0x7ff7abb374ec]
	(No symbol) [0x0x7ff7abb4ed0a]
	(No symbol) [0x0x7ff7abb31df3]
	(No symbol) [0x0x7ff7abb05b36]
	(No symbol) [0x0x7ff7abb04d80]
	(No symbol) [0x0x7ff7abb05973]
	(No symbol) [0x0x7ff7abbce4a5]
	(No symbol) [0x0x7ff7abbca75d]
	GetHandleVerifier [0x0x7ff7abd7d2b3+226019]
	GetHandleVerifier [0x0x7ff7abd6c481+156849]
	GetHandleVerifier [0x0x7ff7abd74979+190889]
	GetHandleVerifier [0x0x7ff7abd59bb4+80868]
	GetHandleVerifier [0x0x7ff7abd59d03+81203]
	GetHandleVerifier [0x0x7ff7abd48286+8886]
	BaseThreadInitThunk [0x0x7ff9c9b0e8d7+23]
	RtlUserThreadStart [0x0x7ff9cb08c53c+44]

[2025-11-19T13:09:38.639112] SCRAPER ratings fetch page 108 offset 2140 failed (attempt 4/5): Message: no such window: target window already closed
from unknown error: web view not found
  (Session info: MicrosoftEdge=142.0.3595.80)
Stacktrace:
	GetHandleVerifier [0x0x7ff7abd52a75+51877]
	GetHandleVerifier [0x0x7ff7abd52ad4+51972]
	GetHandleVerifier [0x0x7ff7abf09425+1848405]
	(No symbol) [0x0x7ff7abaa0e5f]
	(No symbol) [0x0x7ff7abb374ec]
	(No symbol) [0x0x7ff7abb4ed0a]
	(No symbol) [0x0x7ff7abb31df3]
	(No symbol) [0x0x7ff7abb05b36]
	(No symbol) [0x0x7ff7abb04d80]
	(No symbol) [0x0x7ff7abb05973]
	(No symbol) [0x0x7ff7abbce4a5]
	(No symbol) [0x0x7ff7abbca75d]
	GetHandleVerifier [0x0x7ff7abd7d2b3+226019]
	GetHandleVerifier [0x0x7ff7abd6c481+156849]
	GetHandleVerifier [0x0x7ff7abd74979+190889]
	GetHandleVerifier [0x0x7ff7abd59bb4+80868]
	GetHandleVerifier [0x0x7ff7abd59d03+81203]
	GetHandleVerifier [0x0x7ff7abd48286+8886]
	BaseThreadInitThunk [0x0x7ff9c9b0e8d7+23]
	RtlUserThreadStart [0x0x7ff9cb08c53c+44]

[2025-11-19T13:09:43.643663] SCRAPER ratings fetch page 108 offset 2140 failed (attempt 5/5): Message: no such window: target window already closed
from unknown error: web view not found
  (Session info: MicrosoftEdge=142.0.3595.80)
Stacktrace:
	GetHandleVerifier [0x0x7ff7abd52a75+51877]
	GetHandleVerifier [0x0x7ff7abd52ad4+51972]
	GetHandleVerifier [0x0x7ff7abf09425+1848405]
	(No symbol) [0x0x7ff7abaa0e5f]
	(No symbol) [0x0x7ff7abb374ec]
	(No symbol) [0x0x7ff7abb4ed0a]
	(No symbol) [0x0x7ff7abb31df3]
	(No symbol) [0x0x7ff7abb05b36]
	(No symbol) [0x0x7ff7abb04d80]
	(No symbol) [0x0x7ff7abb05973]
	(No symbol) [0x0x7ff7abbce4a5]
	(No symbol) [0x0x7ff7abbca75d]
	GetHandleVerifier [0x0x7ff7abd7d2b3+226019]
	GetHandleVerifier [0x0x7ff7abd6c481+156849]
	GetHandleVerifier [0x0x7ff7abd74979+190889]
	GetHandleVerifier [0x0x7ff7abd59bb4+80868]
	GetHandleVerifier [0x0x7ff7abd59d03+81203]
	GetHandleVerifier [0x0x7ff7abd48286+8886]
	BaseThreadInitThunk [0x0x7ff9c9b0e8d7+23]
	RtlUserThreadStart [0x0x7ff9cb08c53c+44]

[2025-11-19T13:09:48.650552] SCRAPER skip page 108 after 5 failures; lanjut halaman berikutnya
[2025-11-19T13:09:48.652532] SCRAPER ratings fetch page 109 offset 2160 failed (attempt 1/5): Message: no such window: target window already closed
from unknown error: web view not found
  (Session info: MicrosoftEdge=142.0.3595.80)
Stacktrace:
	GetHandleVerifier [0x0x7ff7abd52a75+51877]
	GetHandleVerifier [0x0x7ff7abd52ad4+51972]
	GetHandleVerifier [0x0x7ff7abf09425+1848405]
	(No symbol) [0x0x7ff7abaa0e5f]
	(No symbol) [0x0x7ff7abb374ec]
	(No symbol) [0x0x7ff7abb4ed0a]
	(No symbol) [0x0x7ff7abb31df3]
	(No symbol) [0x0x7ff7abb05b36]
	(No symbol) [0x0x7ff7abb04d80]
	(No symbol) [0x0x7ff7abb05973]
	(No symbol) [0x0x7ff7abbce4a5]
	(No symbol) [0x0x7ff7abbca75d]
	GetHandleVerifier [0x0x7ff7abd7d2b3+226019]
	GetHandleVerifier [0x0x7ff7abd6c481+156849]
	GetHandleVerifier [0x0x7ff7abd74979+190889]
	GetHandleVerifier [0x0x7ff7abd59bb4+80868]
	GetHandleVerifier [0x0x7ff7abd59d03+81203]
	GetHandleVerifier [0x0x7ff7abd48286+8886]
	BaseThreadInitThunk [0x0x7ff9c9b0e8d7+23]
	RtlUserThreadStart [0x0x7ff9cb08c53c+44]

[2025-11-19T13:09:50.664061] SCRAPER ratings fetch page 109 offset 2160 failed (attempt 2/5): Message: no such window: target window already closed
from unknown error: web view not found
  (Session info: MicrosoftEdge=142.0.3595.80)
Stacktrace:
	GetHandleVerifier [0x0x7ff7abd52a75+51877]
	GetHandleVerifier [0x0x7ff7abd52ad4+51972]
	GetHandleVerifier [0x0x7ff7abf09425+1848405]
	(No symbol) [0x0x7ff7abaa0e5f]
	(No symbol) [0x0x7ff7abb374ec]
	(No symbol) [0x0x7ff7abb4ed0a]
	(No symbol) [0x0x7ff7abb31df3]
	(No symbol) [0x0x7ff7abb05b36]
	(No symbol) [0x0x7ff7abb04d80]
	(No symbol) [0x0x7ff7abb05973]
	(No symbol) [0x0x7ff7abbce4a5]
	(No symbol) [0x0x7ff7abbca75d]
	GetHandleVerifier [0x0x7ff7abd7d2b3+226019]
	GetHandleVerifier [0x0x7ff7abd6c481+156849]
	GetHandleVerifier [0x0x7ff7abd74979+190889]
	GetHandleVerifier [0x0x7ff7abd59bb4+80868]
	GetHandleVerifier [0x0x7ff7abd59d03+81203]
	GetHandleVerifier [0x0x7ff7abd48286+8886]
	BaseThreadInitThunk [0x0x7ff9c9b0e8d7+23]
	RtlUserThreadStart [0x0x7ff9cb08c53c+44]

[2025-11-19T13:09:53.682249] SCRAPER ratings fetch page 109 offset 2160 failed (attempt 3/5): Message: no such window: target window already closed
from unknown error: web view not found
  (Session info: MicrosoftEdge=142.0.3595.80)
Stacktrace:
	GetHandleVerifier [0x0x7ff7abd52a75+51877]
	GetHandleVerifier [0x0x7ff7abd52ad4+51972]
	GetHandleVerifier [0x0x7ff7abf09425+1848405]
	(No symbol) [0x0x7ff7abaa0e5f]
	(No symbol) [0x0x7ff7abb374ec]
	(No symbol) [0x0x7ff7abb4ed0a]
	(No symbol) [0x0x7ff7abb31df3]
	(No symbol) [0x0x7ff7abb05b36]
	(No symbol) [0x0x7ff7abb04d80]
	(No symbol) [0x0x7ff7abb05973]
	(No symbol) [0x0x7ff7abbce4a5]
	(No symbol) [0x0x7ff7abbca75d]
	GetHandleVerifier [0x0x7ff7abd7d2b3+226019]
	GetHandleVerifier [0x0x7ff7abd6c481+156849]
	GetHandleVerifier [0x0x7ff7abd74979+190889]
	GetHandleVerifier [0x0x7ff7abd59bb4+80868]
	GetHandleVerifier [0x0x7ff7abd59d03+81203]
	GetHandleVerifier [0x0x7ff7abd48286+8886]
	BaseThreadInitThunk [0x0x7ff9c9b0e8d7+23]
	RtlUserThreadStart [0x0x7ff9cb08c53c+44]

[2025-11-19T13:09:57.689825] SCRAPER ratings fetch page 109 offset 2160 failed (attempt 4/5): Message: no such window: target window already closed
from unknown error: web view not found
  (Session info: MicrosoftEdge=142.0.3595.80)
Stacktrace:
	GetHandleVerifier [0x0x7ff7abd52a75+51877]
	GetHandleVerifier [0x0x7ff7abd52ad4+51972]
	GetHandleVerifier [0x0x7ff7abf09425+1848405]
	(No symbol) [0x0x7ff7abaa0e5f]
	(No symbol) [0x0x7ff7abb374ec]
	(No symbol) [0x0x7ff7abb4ed0a]
	(No symbol) [0x0x7ff7abb31df3]
	(No symbol) [0x0x7ff7abb05b36]
	(No symbol) [0x0x7ff7abb04d80]
	(No symbol) [0x0x7ff7abb05973]
	(No symbol) [0x0x7ff7abbce4a5]
	(No symbol) [0x0x7ff7abbca75d]
	GetHandleVerifier [0x0x7ff7abd7d2b3+226019]
	GetHandleVerifier [0x0x7ff7abd6c481+156849]
	GetHandleVerifier [0x0x7ff7abd74979+190889]
	GetHandleVerifier [0x0x7ff7abd59bb4+80868]
	GetHandleVerifier [0x0x7ff7abd59d03+81203]
	GetHandleVerifier [0x0x7ff7abd48286+8886]
	BaseThreadInitThunk [0x0x7ff9c9b0e8d7+23]
	RtlUserThreadStart [0x0x7ff9cb08c53c+44]

[2025-11-19T13:10:02.707363] SCRAPER ratings fetch page 109 offset 2160 failed (attempt 5/5): Message: no such window: target window already closed
from unknown error: web view not found
  (Session info: MicrosoftEdge=142.0.3595.80)
Stacktrace:
	GetHandleVerifier [0x0x7ff7abd52a75+51877]
	GetHandleVerifier [0x0x7ff7abd52ad4+51972]
	GetHandleVerifier [0x0x7ff7abf09425+1848405]
	(No symbol) [0x0x7ff7abaa0e5f]
	(No symbol) [0x0x7ff7abb374ec]
	(No symbol) [0x0x7ff7abb4ed0a]
	(No symbol) [0x0x7ff7abb31df3]
	(No symbol) [0x0x7ff7abb05b36]
	(No symbol) [0x0x7ff7abb04d80]
	(No symbol) [0x0x7ff7abb05973]
	(No symbol) [0x0x7ff7abbce4a5]
	(No symbol) [0x0x7ff7abbca75d]
	GetHandleVerifier [0x0x7ff7abd7d2b3+226019]
	GetHandleVerifier [0x0x7ff7abd6c481+156849]
	GetHandleVerifier [0x0x7ff7abd74979+190889]
	GetHandleVerifier [0x0x7ff7abd59bb4+80868]
	GetHandleVerifier [0x0x7ff7abd59d03+81203]
	GetHandleVerifier [0x0x7ff7abd48286+8886]
	BaseThreadInitThunk [0x0x7ff9c9b0e8d7+23]
	RtlUserThreadStart [0x0x7ff9cb08c53c+44]

[2025-11-19T13:10:07.718961] SCRAPER skip page 109 after 5 failures; lanjut halaman berikutnya
[2025-11-19T13:10:07.723092] SCRAPER ratings fetch page 110 offset 2180 failed (attempt 1/5): Message: no such window: target window already closed
from unknown error: web view not found
  (Session info: MicrosoftEdge=142.0.3595.80)
Stacktrace:
	GetHandleVerifier [0x0x7ff7abd52a75+51877]
	GetHandleVerifier [0x0x7ff7abd52ad4+51972]
	GetHandleVerifier [0x0x7ff7abf09425+1848405]
	(No symbol) [0x0x7ff7abaa0e5f]
	(No symbol) [0x0x7ff7abb374ec]
	(No symbol) [0x0x7ff7abb4ed0a]
	(No symbol) [0x0x7ff7abb31df3]
	(No symbol) [0x0x7ff7abb05b36]
	(No symbol) [0x0x7ff7abb04d80]
	(No symbol) [0x0x7ff7abb05973]
	(No symbol) [0x0x7ff7abbce4a5]
	(No symbol) [0x0x7ff7abbca75d]
	GetHandleVerifier [0x0x7ff7abd7d2b3+226019]
	GetHandleVerifier [0x0x7ff7abd6c481+156849]
	GetHandleVerifier [0x0x7ff7abd74979+190889]
	GetHandleVerifier [0x0x7ff7abd59bb4+80868]
	GetHandleVerifier [0x0x7ff7abd59d03+81203]
	GetHandleVerifier [0x0x7ff7abd48286+8886]
	BaseThreadInitThunk [0x0x7ff9c9b0e8d7+23]
	RtlUserThreadStart [0x0x7ff9cb08c53c+44]

[2025-11-19T13:10:09.737650] SCRAPER ratings fetch page 110 offset 2180 failed (attempt 2/5): Message: no such window: target window already closed
from unknown error: web view not found
  (Session info: MicrosoftEdge=142.0.3595.80)
Stacktrace:
	GetHandleVerifier [0x0x7ff7abd52a75+51877]
	GetHandleVerifier [0x0x7ff7abd52ad4+51972]
	GetHandleVerifier [0x0x7ff7abf09425+1848405]
	(No symbol) [0x0x7ff7abaa0e5f]
	(No symbol) [0x0x7ff7abb374ec]
	(No symbol) [0x0x7ff7abb4ed0a]
	(No symbol) [0x0x7ff7abb31df3]
	(No symbol) [0x0x7ff7abb05b36]
	(No symbol) [0x0x7ff7abb04d80]
	(No symbol) [0x0x7ff7abb05973]
	(No symbol) [0x0x7ff7abbce4a5]
	(No symbol) [0x0x7ff7abbca75d]
	GetHandleVerifier [0x0x7ff7abd7d2b3+226019]
	GetHandleVerifier [0x0x7ff7abd6c481+156849]
	GetHandleVerifier [0x0x7ff7abd74979+190889]
	GetHandleVerifier [0x0x7ff7abd59bb4+80868]
	GetHandleVerifier [0x0x7ff7abd59d03+81203]
	GetHandleVerifier [0x0x7ff7abd48286+8886]
	BaseThreadInitThunk [0x0x7ff9c9b0e8d7+23]
	RtlUserThreadStart [0x0x7ff9cb08c53c+44]

[2025-11-19T13:10:12.752521] SCRAPER ratings fetch page 110 offset 2180 failed (attempt 3/5): Message: no such window: target window already closed
from unknown error: web view not found
  (Session info: MicrosoftEdge=142.0.3595.80)
Stacktrace:
	GetHandleVerifier [0x0x7ff7abd52a75+51877]
	GetHandleVerifier [0x0x7ff7abd52ad4+51972]
	GetHandleVerifier [0x0x7ff7abf09425+1848405]
	(No symbol) [0x0x7ff7abaa0e5f]
	(No symbol) [0x0x7ff7abb374ec]
	(No symbol) [0x0x7ff7abb4ed0a]
	(No symbol) [0x0x7ff7abb31df3]
	(No symbol) [0x0x7ff7abb05b36]
	(No symbol) [0x0x7ff7abb04d80]
	(No symbol) [0x0x7ff7abb05973]
	(No symbol) [0x0x7ff7abbce4a5]
	(No symbol) [0x0x7ff7abbca75d]
	GetHandleVerifier [0x0x7ff7abd7d2b3+226019]
	GetHandleVerifier [0x0x7ff7abd6c481+156849]
	GetHandleVerifier [0x0x7ff7abd74979+190889]
	GetHandleVerifier [0x0x7ff7abd59bb4+80868]
	GetHandleVerifier [0x0x7ff7abd59d03+81203]
	GetHandleVerifier [0x0x7ff7abd48286+8886]
	BaseThreadInitThunk [0x0x7ff9c9b0e8d7+23]
	RtlUserThreadStart [0x0x7ff9cb08c53c+44]

[2025-11-19T13:10:16.764525] SCRAPER ratings fetch page 110 offset 2180 failed (attempt 4/5): Message: no such window: target window already closed
from unknown error: web view not found
  (Session info: MicrosoftEdge=142.0.3595.80)
Stacktrace:
	GetHandleVerifier [0x0x7ff7abd52a75+51877]
	GetHandleVerifier [0x0x7ff7abd52ad4+51972]
	GetHandleVerifier [0x0x7ff7abf09425+1848405]
	(No symbol) [0x0x7ff7abaa0e5f]
	(No symbol) [0x0x7ff7abb374ec]
	(No symbol) [0x0x7ff7abb4ed0a]
	(No symbol) [0x0x7ff7abb31df3]
	(No symbol) [0x0x7ff7abb05b36]
	(No symbol) [0x0x7ff7abb04d80]
	(No symbol) [0x0x7ff7abb05973]
	(No symbol) [0x0x7ff7abbce4a5]
	(No symbol) [0x0x7ff7abbca75d]
	GetHandleVerifier [0x0x7ff7abd7d2b3+226019]
	GetHandleVerifier [0x0x7ff7abd6c481+156849]
	GetHandleVerifier [0x0x7ff7abd74979+190889]
	GetHandleVerifier [0x0x7ff7abd59bb4+80868]
	GetHandleVerifier [0x0x7ff7abd59d03+81203]
	GetHandleVerifier [0x0x7ff7abd48286+8886]
	BaseThreadInitThunk [0x0x7ff9c9b0e8d7+23]
	RtlUserThreadStart [0x0x7ff9cb08c53c+44]

[2025-11-19T13:10:21.769044] SCRAPER ratings fetch page 110 offset 2180 failed (attempt 5/5): Message: no such window: target window already closed
from unknown error: web view not found
  (Session info: MicrosoftEdge=142.0.3595.80)
Stacktrace:
	GetHandleVerifier [0x0x7ff7abd52a75+51877]
	GetHandleVerifier [0x0x7ff7abd52ad4+51972]
	GetHandleVerifier [0x0x7ff7abf09425+1848405]
	(No symbol) [0x0x7ff7abaa0e5f]
	(No symbol) [0x0x7ff7abb374ec]
	(No symbol) [0x0x7ff7abb4ed0a]
	(No symbol) [0x0x7ff7abb31df3]
	(No symbol) [0x0x7ff7abb05b36]
	(No symbol) [0x0x7ff7abb04d80]
	(No symbol) [0x0x7ff7abb05973]
	(No symbol) [0x0x7ff7abbce4a5]
	(No symbol) [0x0x7ff7abbca75d]
	GetHandleVerifier [0x0x7ff7abd7d2b3+226019]
	GetHandleVerifier [0x0x7ff7abd6c481+156849]
	GetHandleVerifier [0x0x7ff7abd74979+190889]
	GetHandleVerifier [0x0x7ff7abd59bb4+80868]
	GetHandleVerifier [0x0x7ff7abd59d03+81203]
	GetHandleVerifier [0x0x7ff7abd48286+8886]
	BaseThreadInitThunk [0x0x7ff9c9b0e8d7+23]
	RtlUserThreadStart [0x0x7ff9cb08c53c+44]

[2025-11-19T13:10:26.769636] SCRAPER skip page 110 after 5 failures; lanjut halaman berikutnya
[2025-11-19T13:10:26.771631] SCRAPER ratings fetch page 111 offset 2200 failed (attempt 1/5): Message: no such window: target window already closed
from unknown error: web view not found
  (Session info: MicrosoftEdge=142.0.3595.80)
Stacktrace:
	GetHandleVerifier [0x0x7ff7abd52a75+51877]
	GetHandleVerifier [0x0x7ff7abd52ad4+51972]
	GetHandleVerifier [0x0x7ff7abf09425+1848405]
	(No symbol) [0x0x7ff7abaa0e5f]
	(No symbol) [0x0x7ff7abb374ec]
	(No symbol) [0x0x7ff7abb4ed0a]
	(No symbol) [0x0x7ff7abb31df3]
	(No symbol) [0x0x7ff7abb05b36]
	(No symbol) [0x0x7ff7abb04d80]
	(No symbol) [0x0x7ff7abb05973]
	(No symbol) [0x0x7ff7abbce4a5]
	(No symbol) [0x0x7ff7abbca75d]
	GetHandleVerifier [0x0x7ff7abd7d2b3+226019]
	GetHandleVerifier [0x0x7ff7abd6c481+156849]
	GetHandleVerifier [0x0x7ff7abd74979+190889]
	GetHandleVerifier [0x0x7ff7abd59bb4+80868]
	GetHandleVerifier [0x0x7ff7abd59d03+81203]
	GetHandleVerifier [0x0x7ff7abd48286+8886]
	BaseThreadInitThunk [0x0x7ff9c9b0e8d7+23]
	RtlUserThreadStart [0x0x7ff9cb08c53c+44]

[2025-11-19T13:10:28.786195] SCRAPER ratings fetch page 111 offset 2200 failed (attempt 2/5): Message: no such window: target window already closed
from unknown error: web view not found
  (Session info: MicrosoftEdge=142.0.3595.80)
Stacktrace:
	GetHandleVerifier [0x0x7ff7abd52a75+51877]
	GetHandleVerifier [0x0x7ff7abd52ad4+51972]
	GetHandleVerifier [0x0x7ff7abf09425+1848405]
	(No symbol) [0x0x7ff7abaa0e5f]
	(No symbol) [0x0x7ff7abb374ec]
	(No symbol) [0x0x7ff7abb4ed0a]
	(No symbol) [0x0x7ff7abb31df3]
	(No symbol) [0x0x7ff7abb05b36]
	(No symbol) [0x0x7ff7abb04d80]
	(No symbol) [0x0x7ff7abb05973]
	(No symbol) [0x0x7ff7abbce4a5]
	(No symbol) [0x0x7ff7abbca75d]
	GetHandleVerifier [0x0x7ff7abd7d2b3+226019]
	GetHandleVerifier [0x0x7ff7abd6c481+156849]
	GetHandleVerifier [0x0x7ff7abd74979+190889]
	GetHandleVerifier [0x0x7ff7abd59bb4+80868]
	GetHandleVerifier [0x0x7ff7abd59d03+81203]
	GetHandleVerifier [0x0x7ff7abd48286+8886]
	BaseThreadInitThunk [0x0x7ff9c9b0e8d7+23]
	RtlUserThreadStart [0x0x7ff9cb08c53c+44]

[2025-11-19T13:10:31.797653] SCRAPER ratings fetch page 111 offset 2200 failed (attempt 3/5): Message: no such window: target window already closed
from unknown error: web view not found
  (Session info: MicrosoftEdge=142.0.3595.80)
Stacktrace:
	GetHandleVerifier [0x0x7ff7abd52a75+51877]
	GetHandleVerifier [0x0x7ff7abd52ad4+51972]
	GetHandleVerifier [0x0x7ff7abf09425+1848405]
	(No symbol) [0x0x7ff7abaa0e5f]
	(No symbol) [0x0x7ff7abb374ec]
	(No symbol) [0x0x7ff7abb4ed0a]
	(No symbol) [0x0x7ff7abb31df3]
	(No symbol) [0x0x7ff7abb05b36]
	(No symbol) [0x0x7ff7abb04d80]
	(No symbol) [0x0x7ff7abb05973]
	(No symbol) [0x0x7ff7abbce4a5]
	(No symbol) [0x0x7ff7abbca75d]
	GetHandleVerifier [0x0x7ff7abd7d2b3+226019]
	GetHandleVerifier [0x0x7ff7abd6c481+156849]
	GetHandleVerifier [0x0x7ff7abd74979+190889]
	GetHandleVerifier [0x0x7ff7abd59bb4+80868]
	GetHandleVerifier [0x0x7ff7abd59d03+81203]
	GetHandleVerifier [0x0x7ff7abd48286+8886]
	BaseThreadInitThunk [0x0x7ff9c9b0e8d7+23]
	RtlUserThreadStart [0x0x7ff9cb08c53c+44]

[2025-11-19T13:10:35.807301] SCRAPER ratings fetch page 111 offset 2200 failed (attempt 4/5): Message: no such window: target window already closed
from unknown error: web view not found
  (Session info: MicrosoftEdge=142.0.3595.80)
Stacktrace:
	GetHandleVerifier [0x0x7ff7abd52a75+51877]
	GetHandleVerifier [0x0x7ff7abd52ad4+51972]
	GetHandleVerifier [0x0x7ff7abf09425+1848405]
	(No symbol) [0x0x7ff7abaa0e5f]
	(No symbol) [0x0x7ff7abb374ec]
	(No symbol) [0x0x7ff7abb4ed0a]
	(No symbol) [0x0x7ff7abb31df3]
	(No symbol) [0x0x7ff7abb05b36]
	(No symbol) [0x0x7ff7abb04d80]
	(No symbol) [0x0x7ff7abb05973]
	(No symbol) [0x0x7ff7abbce4a5]
	(No symbol) [0x0x7ff7abbca75d]
	GetHandleVerifier [0x0x7ff7abd7d2b3+226019]
	GetHandleVerifier [0x0x7ff7abd6c481+156849]
	GetHandleVerifier [0x0x7ff7abd74979+190889]
	GetHandleVerifier [0x0x7ff7abd59bb4+80868]
	GetHandleVerifier [0x0x7ff7abd59d03+81203]
	GetHandleVerifier [0x0x7ff7abd48286+8886]
	BaseThreadInitThunk [0x0x7ff9c9b0e8d7+23]
	RtlUserThreadStart [0x0x7ff9cb08c53c+44]

[2025-11-19T13:10:40.817009] SCRAPER ratings fetch page 111 offset 2200 failed (attempt 5/5): Message: no such window: target window already closed
from unknown error: web view not found
  (Session info: MicrosoftEdge=142.0.3595.80)
Stacktrace:
	GetHandleVerifier [0x0x7ff7abd52a75+51877]
	GetHandleVerifier [0x0x7ff7abd52ad4+51972]
	GetHandleVerifier [0x0x7ff7abf09425+1848405]
	(No symbol) [0x0x7ff7abaa0e5f]
	(No symbol) [0x0x7ff7abb374ec]
	(No symbol) [0x0x7ff7abb4ed0a]
	(No symbol) [0x0x7ff7abb31df3]
	(No symbol) [0x0x7ff7abb05b36]
	(No symbol) [0x0x7ff7abb04d80]
	(No symbol) [0x0x7ff7abb05973]
	(No symbol) [0x0x7ff7abbce4a5]
	(No symbol) [0x0x7ff7abbca75d]
	GetHandleVerifier [0x0x7ff7abd7d2b3+226019]
	GetHandleVerifier [0x0x7ff7abd6c481+156849]
	GetHandleVerifier [0x0x7ff7abd74979+190889]
	GetHandleVerifier [0x0x7ff7abd59bb4+80868]
	GetHandleVerifier [0x0x7ff7abd59d03+81203]
	GetHandleVerifier [0x0x7ff7abd48286+8886]
	BaseThreadInitThunk [0x0x7ff9c9b0e8d7+23]
	RtlUserThreadStart [0x0x7ff9cb08c53c+44]

[2025-11-19T13:10:45.823554] SCRAPER skip page 111 after 5 failures; lanjut halaman berikutnya
[2025-11-19T13:10:45.825935] SCRAPER ratings fetch page 112 offset 2220 failed (attempt 1/5): Message: no such window: target window already closed
from unknown error: web view not found
  (Session info: MicrosoftEdge=142.0.3595.80)
Stacktrace:
	GetHandleVerifier [0x0x7ff7abd52a75+51877]
	GetHandleVerifier [0x0x7ff7abd52ad4+51972]
	GetHandleVerifier [0x0x7ff7abf09425+1848405]
	(No symbol) [0x0x7ff7abaa0e5f]
	(No symbol) [0x0x7ff7abb374ec]
	(No symbol) [0x0x7ff7abb4ed0a]
	(No symbol) [0x0x7ff7abb31df3]
	(No symbol) [0x0x7ff7abb05b36]
	(No symbol) [0x0x7ff7abb04d80]
	(No symbol) [0x0x7ff7abb05973]
	(No symbol) [0x0x7ff7abbce4a5]
	(No symbol) [0x0x7ff7abbca75d]
	GetHandleVerifier [0x0x7ff7abd7d2b3+226019]
	GetHandleVerifier [0x0x7ff7abd6c481+156849]
	GetHandleVerifier [0x0x7ff7abd74979+190889]
	GetHandleVerifier [0x0x7ff7abd59bb4+80868]
	GetHandleVerifier [0x0x7ff7abd59d03+81203]
	GetHandleVerifier [0x0x7ff7abd48286+8886]
	BaseThreadInitThunk [0x0x7ff9c9b0e8d7+23]
	RtlUserThreadStart [0x0x7ff9cb08c53c+44]

[2025-11-19T13:10:47.829833] SCRAPER ratings fetch page 112 offset 2220 failed (attempt 2/5): Message: no such window: target window already closed
from unknown error: web view not found
  (Session info: MicrosoftEdge=142.0.3595.80)
Stacktrace:
	GetHandleVerifier [0x0x7ff7abd52a75+51877]
	GetHandleVerifier [0x0x7ff7abd52ad4+51972]
	GetHandleVerifier [0x0x7ff7abf09425+1848405]
	(No symbol) [0x0x7ff7abaa0e5f]
	(No symbol) [0x0x7ff7abb374ec]
	(No symbol) [0x0x7ff7abb4ed0a]
	(No symbol) [0x0x7ff7abb31df3]
	(No symbol) [0x0x7ff7abb05b36]
	(No symbol) [0x0x7ff7abb04d80]
	(No symbol) [0x0x7ff7abb05973]
	(No symbol) [0x0x7ff7abbce4a5]
	(No symbol) [0x0x7ff7abbca75d]
	GetHandleVerifier [0x0x7ff7abd7d2b3+226019]
	GetHandleVerifier [0x0x7ff7abd6c481+156849]
	GetHandleVerifier [0x0x7ff7abd74979+190889]
	GetHandleVerifier [0x0x7ff7abd59bb4+80868]
	GetHandleVerifier [0x0x7ff7abd59d03+81203]
	GetHandleVerifier [0x0x7ff7abd48286+8886]
	BaseThreadInitThunk [0x0x7ff9c9b0e8d7+23]
	RtlUserThreadStart [0x0x7ff9cb08c53c+44]

[2025-11-19T13:10:50.837356] SCRAPER ratings fetch page 112 offset 2220 failed (attempt 3/5): Message: no such window: target window already closed
from unknown error: web view not found
  (Session info: MicrosoftEdge=142.0.3595.80)
Stacktrace:
	GetHandleVerifier [0x0x7ff7abd52a75+51877]
	GetHandleVerifier [0x0x7ff7abd52ad4+51972]
	GetHandleVerifier [0x0x7ff7abf09425+1848405]
	(No symbol) [0x0x7ff7abaa0e5f]
	(No symbol) [0x0x7ff7abb374ec]
	(No symbol) [0x0x7ff7abb4ed0a]
	(No symbol) [0x0x7ff7abb31df3]
	(No symbol) [0x0x7ff7abb05b36]
	(No symbol) [0x0x7ff7abb04d80]
	(No symbol) [0x0x7ff7abb05973]
	(No symbol) [0x0x7ff7abbce4a5]
	(No symbol) [0x0x7ff7abbca75d]
	GetHandleVerifier [0x0x7ff7abd7d2b3+226019]
	GetHandleVerifier [0x0x7ff7abd6c481+156849]
	GetHandleVerifier [0x0x7ff7abd74979+190889]
	GetHandleVerifier [0x0x7ff7abd59bb4+80868]
	GetHandleVerifier [0x0x7ff7abd59d03+81203]
	GetHandleVerifier [0x0x7ff7abd48286+8886]
	BaseThreadInitThunk [0x0x7ff9c9b0e8d7+23]
	RtlUserThreadStart [0x0x7ff9cb08c53c+44]

[2025-11-19T13:10:54.844342] SCRAPER ratings fetch page 112 offset 2220 failed (attempt 4/5): Message: no such window: target window already closed
from unknown error: web view not found
  (Session info: MicrosoftEdge=142.0.3595.80)
Stacktrace:
	GetHandleVerifier [0x0x7ff7abd52a75+51877]
	GetHandleVerifier [0x0x7ff7abd52ad4+51972]
	GetHandleVerifier [0x0x7ff7abf09425+1848405]
	(No symbol) [0x0x7ff7abaa0e5f]
	(No symbol) [0x0x7ff7abb374ec]
	(No symbol) [0x0x7ff7abb4ed0a]
	(No symbol) [0x0x7ff7abb31df3]
	(No symbol) [0x0x7ff7abb05b36]
	(No symbol) [0x0x7ff7abb04d80]
	(No symbol) [0x0x7ff7abb05973]
	(No symbol) [0x0x7ff7abbce4a5]
	(No symbol) [0x0x7ff7abbca75d]
	GetHandleVerifier [0x0x7ff7abd7d2b3+226019]
	GetHandleVerifier [0x0x7ff7abd6c481+156849]
	GetHandleVerifier [0x0x7ff7abd74979+190889]
	GetHandleVerifier [0x0x7ff7abd59bb4+80868]
	GetHandleVerifier [0x0x7ff7abd59d03+81203]
	GetHandleVerifier [0x0x7ff7abd48286+8886]
	BaseThreadInitThunk [0x0x7ff9c9b0e8d7+23]
	RtlUserThreadStart [0x0x7ff9cb08c53c+44]

[2025-11-19T13:10:59.854724] SCRAPER ratings fetch page 112 offset 2220 failed (attempt 5/5): Message: no such window: target window already closed
from unknown error: web view not found
  (Session info: MicrosoftEdge=142.0.3595.80)
Stacktrace:
	GetHandleVerifier [0x0x7ff7abd52a75+51877]
	GetHandleVerifier [0x0x7ff7abd52ad4+51972]
	GetHandleVerifier [0x0x7ff7abf09425+1848405]
	(No symbol) [0x0x7ff7abaa0e5f]
	(No symbol) [0x0x7ff7abb374ec]
	(No symbol) [0x0x7ff7abb4ed0a]
	(No symbol) [0x0x7ff7abb31df3]
	(No symbol) [0x0x7ff7abb05b36]
	(No symbol) [0x0x7ff7abb04d80]
	(No symbol) [0x0x7ff7abb05973]
	(No symbol) [0x0x7ff7abbce4a5]
	(No symbol) [0x0x7ff7abbca75d]
	GetHandleVerifier [0x0x7ff7abd7d2b3+226019]
	GetHandleVerifier [0x0x7ff7abd6c481+156849]
	GetHandleVerifier [0x0x7ff7abd74979+190889]
	GetHandleVerifier [0x0x7ff7abd59bb4+80868]
	GetHandleVerifier [0x0x7ff7abd59d03+81203]
	GetHandleVerifier [0x0x7ff7abd48286+8886]
	BaseThreadInitThunk [0x0x7ff9c9b0e8d7+23]
	RtlUserThreadStart [0x0x7ff9cb08c53c+44]

[2025-11-19T13:11:04.868280] SCRAPER skip page 112 after 5 failures; lanjut halaman berikutnya
[2025-11-19T13:11:04.870910] SCRAPER ratings fetch page 113 offset 2240 failed (attempt 1/5): Message: no such window: target window already closed
from unknown error: web view not found
  (Session info: MicrosoftEdge=142.0.3595.80)
Stacktrace:
	GetHandleVerifier [0x0x7ff7abd52a75+51877]
	GetHandleVerifier [0x0x7ff7abd52ad4+51972]
	GetHandleVerifier [0x0x7ff7abf09425+1848405]
	(No symbol) [0x0x7ff7abaa0e5f]
	(No symbol) [0x0x7ff7abb374ec]
	(No symbol) [0x0x7ff7abb4ed0a]
	(No symbol) [0x0x7ff7abb31df3]
	(No symbol) [0x0x7ff7abb05b36]
	(No symbol) [0x0x7ff7abb04d80]
	(No symbol) [0x0x7ff7abb05973]
	(No symbol) [0x0x7ff7abbce4a5]
	(No symbol) [0x0x7ff7abbca75d]
	GetHandleVerifier [0x0x7ff7abd7d2b3+226019]
	GetHandleVerifier [0x0x7ff7abd6c481+156849]
	GetHandleVerifier [0x0x7ff7abd74979+190889]
	GetHandleVerifier [0x0x7ff7abd59bb4+80868]
	GetHandleVerifier [0x0x7ff7abd59d03+81203]
	GetHandleVerifier [0x0x7ff7abd48286+8886]
	BaseThreadInitThunk [0x0x7ff9c9b0e8d7+23]
	RtlUserThreadStart [0x0x7ff9cb08c53c+44]

[2025-11-19T13:11:06.887548] SCRAPER ratings fetch page 113 offset 2240 failed (attempt 2/5): Message: no such window: target window already closed
from unknown error: web view not found
  (Session info: MicrosoftEdge=142.0.3595.80)
Stacktrace:
	GetHandleVerifier [0x0x7ff7abd52a75+51877]
	GetHandleVerifier [0x0x7ff7abd52ad4+51972]
	GetHandleVerifier [0x0x7ff7abf09425+1848405]
	(No symbol) [0x0x7ff7abaa0e5f]
	(No symbol) [0x0x7ff7abb374ec]
	(No symbol) [0x0x7ff7abb4ed0a]
	(No symbol) [0x0x7ff7abb31df3]
	(No symbol) [0x0x7ff7abb05b36]
	(No symbol) [0x0x7ff7abb04d80]
	(No symbol) [0x0x7ff7abb05973]
	(No symbol) [0x0x7ff7abbce4a5]
	(No symbol) [0x0x7ff7abbca75d]
	GetHandleVerifier [0x0x7ff7abd7d2b3+226019]
	GetHandleVerifier [0x0x7ff7abd6c481+156849]
	GetHandleVerifier [0x0x7ff7abd74979+190889]
	GetHandleVerifier [0x0x7ff7abd59bb4+80868]
	GetHandleVerifier [0x0x7ff7abd59d03+81203]
	GetHandleVerifier [0x0x7ff7abd48286+8886]
	BaseThreadInitThunk [0x0x7ff9c9b0e8d7+23]
	RtlUserThreadStart [0x0x7ff9cb08c53c+44]

[2025-11-19T13:11:09.899074] SCRAPER ratings fetch page 113 offset 2240 failed (attempt 3/5): Message: no such window: target window already closed
from unknown error: web view not found
  (Session info: MicrosoftEdge=142.0.3595.80)
Stacktrace:
	GetHandleVerifier [0x0x7ff7abd52a75+51877]
	GetHandleVerifier [0x0x7ff7abd52ad4+51972]
	GetHandleVerifier [0x0x7ff7abf09425+1848405]
	(No symbol) [0x0x7ff7abaa0e5f]
	(No symbol) [0x0x7ff7abb374ec]
	(No symbol) [0x0x7ff7abb4ed0a]
	(No symbol) [0x0x7ff7abb31df3]
	(No symbol) [0x0x7ff7abb05b36]
	(No symbol) [0x0x7ff7abb04d80]
	(No symbol) [0x0x7ff7abb05973]
	(No symbol) [0x0x7ff7abbce4a5]
	(No symbol) [0x0x7ff7abbca75d]
	GetHandleVerifier [0x0x7ff7abd7d2b3+226019]
	GetHandleVerifier [0x0x7ff7abd6c481+156849]
	GetHandleVerifier [0x0x7ff7abd74979+190889]
	GetHandleVerifier [0x0x7ff7abd59bb4+80868]
	GetHandleVerifier [0x0x7ff7abd59d03+81203]
	GetHandleVerifier [0x0x7ff7abd48286+8886]
	BaseThreadInitThunk [0x0x7ff9c9b0e8d7+23]
	RtlUserThreadStart [0x0x7ff9cb08c53c+44]

[2025-11-19T13:11:13.911200] SCRAPER ratings fetch page 113 offset 2240 failed (attempt 4/5): Message: no such window: target window already closed
from unknown error: web view not found
  (Session info: MicrosoftEdge=142.0.3595.80)
Stacktrace:
	GetHandleVerifier [0x0x7ff7abd52a75+51877]
	GetHandleVerifier [0x0x7ff7abd52ad4+51972]
	GetHandleVerifier [0x0x7ff7abf09425+1848405]
	(No symbol) [0x0x7ff7abaa0e5f]
	(No symbol) [0x0x7ff7abb374ec]
	(No symbol) [0x0x7ff7abb4ed0a]
	(No symbol) [0x0x7ff7abb31df3]
	(No symbol) [0x0x7ff7abb05b36]
	(No symbol) [0x0x7ff7abb04d80]
	(No symbol) [0x0x7ff7abb05973]
	(No symbol) [0x0x7ff7abbce4a5]
	(No symbol) [0x0x7ff7abbca75d]
	GetHandleVerifier [0x0x7ff7abd7d2b3+226019]
	GetHandleVerifier [0x0x7ff7abd6c481+156849]
	GetHandleVerifier [0x0x7ff7abd74979+190889]
	GetHandleVerifier [0x0x7ff7abd59bb4+80868]
	GetHandleVerifier [0x0x7ff7abd59d03+81203]
	GetHandleVerifier [0x0x7ff7abd48286+8886]
	BaseThreadInitThunk [0x0x7ff9c9b0e8d7+23]
	RtlUserThreadStart [0x0x7ff9cb08c53c+44]

[2025-11-19T13:11:18.922029] SCRAPER ratings fetch page 113 offset 2240 failed (attempt 5/5): Message: no such window: target window already closed
from unknown error: web view not found
  (Session info: MicrosoftEdge=142.0.3595.80)
Stacktrace:
	GetHandleVerifier [0x0x7ff7abd52a75+51877]
	GetHandleVerifier [0x0x7ff7abd52ad4+51972]
	GetHandleVerifier [0x0x7ff7abf09425+1848405]
	(No symbol) [0x0x7ff7abaa0e5f]
	(No symbol) [0x0x7ff7abb374ec]
	(No symbol) [0x0x7ff7abb4ed0a]
	(No symbol) [0x0x7ff7abb31df3]
	(No symbol) [0x0x7ff7abb05b36]
	(No symbol) [0x0x7ff7abb04d80]
	(No symbol) [0x0x7ff7abb05973]
	(No symbol) [0x0x7ff7abbce4a5]
	(No symbol) [0x0x7ff7abbca75d]
	GetHandleVerifier [0x0x7ff7abd7d2b3+226019]
	GetHandleVerifier [0x0x7ff7abd6c481+156849]
	GetHandleVerifier [0x0x7ff7abd74979+190889]
	GetHandleVerifier [0x0x7ff7abd59bb4+80868]
	GetHandleVerifier [0x0x7ff7abd59d03+81203]
	GetHandleVerifier [0x0x7ff7abd48286+8886]
	BaseThreadInitThunk [0x0x7ff9c9b0e8d7+23]
	RtlUserThreadStart [0x0x7ff9cb08c53c+44]

[2025-11-19T13:11:23.923989] SCRAPER skip page 113 after 5 failures; lanjut halaman berikutnya
[2025-11-19T13:11:23.925990] SCRAPER ratings fetch page 114 offset 2260 failed (attempt 1/5): Message: no such window: target window already closed
from unknown error: web view not found
  (Session info: MicrosoftEdge=142.0.3595.80)
Stacktrace:
	GetHandleVerifier [0x0x7ff7abd52a75+51877]
	GetHandleVerifier [0x0x7ff7abd52ad4+51972]
	GetHandleVerifier [0x0x7ff7abf09425+1848405]
	(No symbol) [0x0x7ff7abaa0e5f]
	(No symbol) [0x0x7ff7abb374ec]
	(No symbol) [0x0x7ff7abb4ed0a]
	(No symbol) [0x0x7ff7abb31df3]
	(No symbol) [0x0x7ff7abb05b36]
	(No symbol) [0x0x7ff7abb04d80]
	(No symbol) [0x0x7ff7abb05973]
	(No symbol) [0x0x7ff7abbce4a5]
	(No symbol) [0x0x7ff7abbca75d]
	GetHandleVerifier [0x0x7ff7abd7d2b3+226019]
	GetHandleVerifier [0x0x7ff7abd6c481+156849]
	GetHandleVerifier [0x0x7ff7abd74979+190889]
	GetHandleVerifier [0x0x7ff7abd59bb4+80868]
	GetHandleVerifier [0x0x7ff7abd59d03+81203]
	GetHandleVerifier [0x0x7ff7abd48286+8886]
	BaseThreadInitThunk [0x0x7ff9c9b0e8d7+23]
	RtlUserThreadStart [0x0x7ff9cb08c53c+44]

[2025-11-19T13:11:25.936381] SCRAPER ratings fetch page 114 offset 2260 failed (attempt 2/5): Message: no such window: target window already closed
from unknown error: web view not found
  (Session info: MicrosoftEdge=142.0.3595.80)
Stacktrace:
	GetHandleVerifier [0x0x7ff7abd52a75+51877]
	GetHandleVerifier [0x0x7ff7abd52ad4+51972]
	GetHandleVerifier [0x0x7ff7abf09425+1848405]
	(No symbol) [0x0x7ff7abaa0e5f]
	(No symbol) [0x0x7ff7abb374ec]
	(No symbol) [0x0x7ff7abb4ed0a]
	(No symbol) [0x0x7ff7abb31df3]
	(No symbol) [0x0x7ff7abb05b36]
	(No symbol) [0x0x7ff7abb04d80]
	(No symbol) [0x0x7ff7abb05973]
	(No symbol) [0x0x7ff7abbce4a5]
	(No symbol) [0x0x7ff7abbca75d]
	GetHandleVerifier [0x0x7ff7abd7d2b3+226019]
	GetHandleVerifier [0x0x7ff7abd6c481+156849]
	GetHandleVerifier [0x0x7ff7abd74979+190889]
	GetHandleVerifier [0x0x7ff7abd59bb4+80868]
	GetHandleVerifier [0x0x7ff7abd59d03+81203]
	GetHandleVerifier [0x0x7ff7abd48286+8886]
	BaseThreadInitThunk [0x0x7ff9c9b0e8d7+23]
	RtlUserThreadStart [0x0x7ff9cb08c53c+44]

[2025-11-19T13:11:28.940290] SCRAPER ratings fetch page 114 offset 2260 failed (attempt 3/5): Message: no such window: target window already closed
from unknown error: web view not found
  (Session info: MicrosoftEdge=142.0.3595.80)
Stacktrace:
	GetHandleVerifier [0x0x7ff7abd52a75+51877]
	GetHandleVerifier [0x0x7ff7abd52ad4+51972]
	GetHandleVerifier [0x0x7ff7abf09425+1848405]
	(No symbol) [0x0x7ff7abaa0e5f]
	(No symbol) [0x0x7ff7abb374ec]
	(No symbol) [0x0x7ff7abb4ed0a]
	(No symbol) [0x0x7ff7abb31df3]
	(No symbol) [0x0x7ff7abb05b36]
	(No symbol) [0x0x7ff7abb04d80]
	(No symbol) [0x0x7ff7abb05973]
	(No symbol) [0x0x7ff7abbce4a5]
	(No symbol) [0x0x7ff7abbca75d]
	GetHandleVerifier [0x0x7ff7abd7d2b3+226019]
	GetHandleVerifier [0x0x7ff7abd6c481+156849]
	GetHandleVerifier [0x0x7ff7abd74979+190889]
	GetHandleVerifier [0x0x7ff7abd59bb4+80868]
	GetHandleVerifier [0x0x7ff7abd59d03+81203]
	GetHandleVerifier [0x0x7ff7abd48286+8886]
	BaseThreadInitThunk [0x0x7ff9c9b0e8d7+23]
	RtlUserThreadStart [0x0x7ff9cb08c53c+44]

[2025-11-19T13:11:32.943542] SCRAPER ratings fetch page 114 offset 2260 failed (attempt 4/5): Message: no such window: target window already closed
from unknown error: web view not found
  (Session info: MicrosoftEdge=142.0.3595.80)
Stacktrace:
	GetHandleVerifier [0x0x7ff7abd52a75+51877]
	GetHandleVerifier [0x0x7ff7abd52ad4+51972]
	GetHandleVerifier [0x0x7ff7abf09425+1848405]
	(No symbol) [0x0x7ff7abaa0e5f]
	(No symbol) [0x0x7ff7abb374ec]
	(No symbol) [0x0x7ff7abb4ed0a]
	(No symbol) [0x0x7ff7abb31df3]
	(No symbol) [0x0x7ff7abb05b36]
	(No symbol) [0x0x7ff7abb04d80]
	(No symbol) [0x0x7ff7abb05973]
	(No symbol) [0x0x7ff7abbce4a5]
	(No symbol) [0x0x7ff7abbca75d]
	GetHandleVerifier [0x0x7ff7abd7d2b3+226019]
	GetHandleVerifier [0x0x7ff7abd6c481+156849]
	GetHandleVerifier [0x0x7ff7abd74979+190889]
	GetHandleVerifier [0x0x7ff7abd59bb4+80868]
	GetHandleVerifier [0x0x7ff7abd59d03+81203]
	GetHandleVerifier [0x0x7ff7abd48286+8886]
	BaseThreadInitThunk [0x0x7ff9c9b0e8d7+23]
	RtlUserThreadStart [0x0x7ff9cb08c53c+44]

[2025-11-19T13:11:37.954700] SCRAPER ratings fetch page 114 offset 2260 failed (attempt 5/5): Message: no such window: target window already closed
from unknown error: web view not found
  (Session info: MicrosoftEdge=142.0.3595.80)
Stacktrace:
	GetHandleVerifier [0x0x7ff7abd52a75+51877]
	GetHandleVerifier [0x0x7ff7abd52ad4+51972]
	GetHandleVerifier [0x0x7ff7abf09425+1848405]
	(No symbol) [0x0x7ff7abaa0e5f]
	(No symbol) [0x0x7ff7abb374ec]
	(No symbol) [0x0x7ff7abb4ed0a]
	(No symbol) [0x0x7ff7abb31df3]
	(No symbol) [0x0x7ff7abb05b36]
	(No symbol) [0x0x7ff7abb04d80]
	(No symbol) [0x0x7ff7abb05973]
	(No symbol) [0x0x7ff7abbce4a5]
	(No symbol) [0x0x7ff7abbca75d]
	GetHandleVerifier [0x0x7ff7abd7d2b3+226019]
	GetHandleVerifier [0x0x7ff7abd6c481+156849]
	GetHandleVerifier [0x0x7ff7abd74979+190889]
	GetHandleVerifier [0x0x7ff7abd59bb4+80868]
	GetHandleVerifier [0x0x7ff7abd59d03+81203]
	GetHandleVerifier [0x0x7ff7abd48286+8886]
	BaseThreadInitThunk [0x0x7ff9c9b0e8d7+23]
	RtlUserThreadStart [0x0x7ff9cb08c53c+44]

[2025-11-19T13:11:42.956062] SCRAPER skip page 114 after 5 failures; lanjut halaman berikutnya
[2025-11-19T13:11:42.957587] SCRAPER ratings fetch page 115 offset 2280 failed (attempt 1/5): Message: no such window: target window already closed
from unknown error: web view not found
  (Session info: MicrosoftEdge=142.0.3595.80)
Stacktrace:
	GetHandleVerifier [0x0x7ff7abd52a75+51877]
	GetHandleVerifier [0x0x7ff7abd52ad4+51972]
	GetHandleVerifier [0x0x7ff7abf09425+1848405]
	(No symbol) [0x0x7ff7abaa0e5f]
	(No symbol) [0x0x7ff7abb374ec]
	(No symbol) [0x0x7ff7abb4ed0a]
	(No symbol) [0x0x7ff7abb31df3]
	(No symbol) [0x0x7ff7abb05b36]
	(No symbol) [0x0x7ff7abb04d80]
	(No symbol) [0x0x7ff7abb05973]
	(No symbol) [0x0x7ff7abbce4a5]
	(No symbol) [0x0x7ff7abbca75d]
	GetHandleVerifier [0x0x7ff7abd7d2b3+226019]
	GetHandleVerifier [0x0x7ff7abd6c481+156849]
	GetHandleVerifier [0x0x7ff7abd74979+190889]
	GetHandleVerifier [0x0x7ff7abd59bb4+80868]
	GetHandleVerifier [0x0x7ff7abd59d03+81203]
	GetHandleVerifier [0x0x7ff7abd48286+8886]
	BaseThreadInitThunk [0x0x7ff9c9b0e8d7+23]
	RtlUserThreadStart [0x0x7ff9cb08c53c+44]

[2025-11-19T13:11:44.970220] SCRAPER ratings fetch page 115 offset 2280 failed (attempt 2/5): Message: no such window: target window already closed
from unknown error: web view not found
  (Session info: MicrosoftEdge=142.0.3595.80)
Stacktrace:
	GetHandleVerifier [0x0x7ff7abd52a75+51877]
	GetHandleVerifier [0x0x7ff7abd52ad4+51972]
	GetHandleVerifier [0x0x7ff7abf09425+1848405]
	(No symbol) [0x0x7ff7abaa0e5f]
	(No symbol) [0x0x7ff7abb374ec]
	(No symbol) [0x0x7ff7abb4ed0a]
	(No symbol) [0x0x7ff7abb31df3]
	(No symbol) [0x0x7ff7abb05b36]
	(No symbol) [0x0x7ff7abb04d80]
	(No symbol) [0x0x7ff7abb05973]
	(No symbol) [0x0x7ff7abbce4a5]
	(No symbol) [0x0x7ff7abbca75d]
	GetHandleVerifier [0x0x7ff7abd7d2b3+226019]
	GetHandleVerifier [0x0x7ff7abd6c481+156849]
	GetHandleVerifier [0x0x7ff7abd74979+190889]
	GetHandleVerifier [0x0x7ff7abd59bb4+80868]
	GetHandleVerifier [0x0x7ff7abd59d03+81203]
	GetHandleVerifier [0x0x7ff7abd48286+8886]
	BaseThreadInitThunk [0x0x7ff9c9b0e8d7+23]
	RtlUserThreadStart [0x0x7ff9cb08c53c+44]

[2025-11-19T13:11:47.988175] SCRAPER ratings fetch page 115 offset 2280 failed (attempt 3/5): Message: no such window: target window already closed
from unknown error: web view not found
  (Session info: MicrosoftEdge=142.0.3595.80)
Stacktrace:
	GetHandleVerifier [0x0x7ff7abd52a75+51877]
	GetHandleVerifier [0x0x7ff7abd52ad4+51972]
	GetHandleVerifier [0x0x7ff7abf09425+1848405]
	(No symbol) [0x0x7ff7abaa0e5f]
	(No symbol) [0x0x7ff7abb374ec]
	(No symbol) [0x0x7ff7abb4ed0a]
	(No symbol) [0x0x7ff7abb31df3]
	(No symbol) [0x0x7ff7abb05b36]
	(No symbol) [0x0x7ff7abb04d80]
	(No symbol) [0x0x7ff7abb05973]
	(No symbol) [0x0x7ff7abbce4a5]
	(No symbol) [0x0x7ff7abbca75d]
	GetHandleVerifier [0x0x7ff7abd7d2b3+226019]
	GetHandleVerifier [0x0x7ff7abd6c481+156849]
	GetHandleVerifier [0x0x7ff7abd74979+190889]
	GetHandleVerifier [0x0x7ff7abd59bb4+80868]
	GetHandleVerifier [0x0x7ff7abd59d03+81203]
	GetHandleVerifier [0x0x7ff7abd48286+8886]
	BaseThreadInitThunk [0x0x7ff9c9b0e8d7+23]
	RtlUserThreadStart [0x0x7ff9cb08c53c+44]

[2025-11-19T13:11:52.002976] SCRAPER ratings fetch page 115 offset 2280 failed (attempt 4/5): Message: no such window: target window already closed
from unknown error: web view not found
  (Session info: MicrosoftEdge=142.0.3595.80)
Stacktrace:
	GetHandleVerifier [0x0x7ff7abd52a75+51877]
	GetHandleVerifier [0x0x7ff7abd52ad4+51972]
	GetHandleVerifier [0x0x7ff7abf09425+1848405]
	(No symbol) [0x0x7ff7abaa0e5f]
	(No symbol) [0x0x7ff7abb374ec]
	(No symbol) [0x0x7ff7abb4ed0a]
	(No symbol) [0x0x7ff7abb31df3]
	(No symbol) [0x0x7ff7abb05b36]
	(No symbol) [0x0x7ff7abb04d80]
	(No symbol) [0x0x7ff7abb05973]
	(No symbol) [0x0x7ff7abbce4a5]
	(No symbol) [0x0x7ff7abbca75d]
	GetHandleVerifier [0x0x7ff7abd7d2b3+226019]
	GetHandleVerifier [0x0x7ff7abd6c481+156849]
	GetHandleVerifier [0x0x7ff7abd74979+190889]
	GetHandleVerifier [0x0x7ff7abd59bb4+80868]
	GetHandleVerifier [0x0x7ff7abd59d03+81203]
	GetHandleVerifier [0x0x7ff7abd48286+8886]
	BaseThreadInitThunk [0x0x7ff9c9b0e8d7+23]
	RtlUserThreadStart [0x0x7ff9cb08c53c+44]

[2025-11-19T13:11:57.011733] SCRAPER ratings fetch page 115 offset 2280 failed (attempt 5/5): Message: no such window: target window already closed
from unknown error: web view not found
  (Session info: MicrosoftEdge=142.0.3595.80)
Stacktrace:
	GetHandleVerifier [0x0x7ff7abd52a75+51877]
	GetHandleVerifier [0x0x7ff7abd52ad4+51972]
	GetHandleVerifier [0x0x7ff7abf09425+1848405]
	(No symbol) [0x0x7ff7abaa0e5f]
	(No symbol) [0x0x7ff7abb374ec]
	(No symbol) [0x0x7ff7abb4ed0a]
	(No symbol) [0x0x7ff7abb31df3]
	(No symbol) [0x0x7ff7abb05b36]
	(No symbol) [0x0x7ff7abb04d80]
	(No symbol) [0x0x7ff7abb05973]
	(No symbol) [0x0x7ff7abbce4a5]
	(No symbol) [0x0x7ff7abbca75d]
	GetHandleVerifier [0x0x7ff7abd7d2b3+226019]
	GetHandleVerifier [0x0x7ff7abd6c481+156849]
	GetHandleVerifier [0x0x7ff7abd74979+190889]
	GetHandleVerifier [0x0x7ff7abd59bb4+80868]
	GetHandleVerifier [0x0x7ff7abd59d03+81203]
	GetHandleVerifier [0x0x7ff7abd48286+8886]
	BaseThreadInitThunk [0x0x7ff9c9b0e8d7+23]
	RtlUserThreadStart [0x0x7ff9cb08c53c+44]

[2025-11-19T13:12:02.024125] SCRAPER skip page 115 after 5 failures; lanjut halaman berikutnya
[2025-11-19T13:12:02.026002] SCRAPER ratings fetch page 116 offset 2300 failed (attempt 1/5): Message: no such window: target window already closed
from unknown error: web view not found
  (Session info: MicrosoftEdge=142.0.3595.80)
Stacktrace:
	GetHandleVerifier [0x0x7ff7abd52a75+51877]
	GetHandleVerifier [0x0x7ff7abd52ad4+51972]
	GetHandleVerifier [0x0x7ff7abf09425+1848405]
	(No symbol) [0x0x7ff7abaa0e5f]
	(No symbol) [0x0x7ff7abb374ec]
	(No symbol) [0x0x7ff7abb4ed0a]
	(No symbol) [0x0x7ff7abb31df3]
	(No symbol) [0x0x7ff7abb05b36]
	(No symbol) [0x0x7ff7abb04d80]
	(No symbol) [0x0x7ff7abb05973]
	(No symbol) [0x0x7ff7abbce4a5]
	(No symbol) [0x0x7ff7abbca75d]
	GetHandleVerifier [0x0x7ff7abd7d2b3+226019]
	GetHandleVerifier [0x0x7ff7abd6c481+156849]
	GetHandleVerifier [0x0x7ff7abd74979+190889]
	GetHandleVerifier [0x0x7ff7abd59bb4+80868]
	GetHandleVerifier [0x0x7ff7abd59d03+81203]
	GetHandleVerifier [0x0x7ff7abd48286+8886]
	BaseThreadInitThunk [0x0x7ff9c9b0e8d7+23]
	RtlUserThreadStart [0x0x7ff9cb08c53c+44]

[2025-11-19T13:12:04.028811] SCRAPER ratings fetch page 116 offset 2300 failed (attempt 2/5): Message: no such window: target window already closed
from unknown error: web view not found
  (Session info: MicrosoftEdge=142.0.3595.80)
Stacktrace:
	GetHandleVerifier [0x0x7ff7abd52a75+51877]
	GetHandleVerifier [0x0x7ff7abd52ad4+51972]
	GetHandleVerifier [0x0x7ff7abf09425+1848405]
	(No symbol) [0x0x7ff7abaa0e5f]
	(No symbol) [0x0x7ff7abb374ec]
	(No symbol) [0x0x7ff7abb4ed0a]
	(No symbol) [0x0x7ff7abb31df3]
	(No symbol) [0x0x7ff7abb05b36]
	(No symbol) [0x0x7ff7abb04d80]
	(No symbol) [0x0x7ff7abb05973]
	(No symbol) [0x0x7ff7abbce4a5]
	(No symbol) [0x0x7ff7abbca75d]
	GetHandleVerifier [0x0x7ff7abd7d2b3+226019]
	GetHandleVerifier [0x0x7ff7abd6c481+156849]
	GetHandleVerifier [0x0x7ff7abd74979+190889]
	GetHandleVerifier [0x0x7ff7abd59bb4+80868]
	GetHandleVerifier [0x0x7ff7abd59d03+81203]
	GetHandleVerifier [0x0x7ff7abd48286+8886]
	BaseThreadInitThunk [0x0x7ff9c9b0e8d7+23]
	RtlUserThreadStart [0x0x7ff9cb08c53c+44]

[2025-11-19T13:12:07.039061] SCRAPER ratings fetch page 116 offset 2300 failed (attempt 3/5): Message: no such window: target window already closed
from unknown error: web view not found
  (Session info: MicrosoftEdge=142.0.3595.80)
Stacktrace:
	GetHandleVerifier [0x0x7ff7abd52a75+51877]
	GetHandleVerifier [0x0x7ff7abd52ad4+51972]
	GetHandleVerifier [0x0x7ff7abf09425+1848405]
	(No symbol) [0x0x7ff7abaa0e5f]
	(No symbol) [0x0x7ff7abb374ec]
	(No symbol) [0x0x7ff7abb4ed0a]
	(No symbol) [0x0x7ff7abb31df3]
	(No symbol) [0x0x7ff7abb05b36]
	(No symbol) [0x0x7ff7abb04d80]
	(No symbol) [0x0x7ff7abb05973]
	(No symbol) [0x0x7ff7abbce4a5]
	(No symbol) [0x0x7ff7abbca75d]
	GetHandleVerifier [0x0x7ff7abd7d2b3+226019]
	GetHandleVerifier [0x0x7ff7abd6c481+156849]
	GetHandleVerifier [0x0x7ff7abd74979+190889]
	GetHandleVerifier [0x0x7ff7abd59bb4+80868]
	GetHandleVerifier [0x0x7ff7abd59d03+81203]
	GetHandleVerifier [0x0x7ff7abd48286+8886]
	BaseThreadInitThunk [0x0x7ff9c9b0e8d7+23]
	RtlUserThreadStart [0x0x7ff9cb08c53c+44]

[2025-11-19T13:12:11.056479] SCRAPER ratings fetch page 116 offset 2300 failed (attempt 4/5): Message: no such window: target window already closed
from unknown error: web view not found
  (Session info: MicrosoftEdge=142.0.3595.80)
Stacktrace:
	GetHandleVerifier [0x0x7ff7abd52a75+51877]
	GetHandleVerifier [0x0x7ff7abd52ad4+51972]
	GetHandleVerifier [0x0x7ff7abf09425+1848405]
	(No symbol) [0x0x7ff7abaa0e5f]
	(No symbol) [0x0x7ff7abb374ec]
	(No symbol) [0x0x7ff7abb4ed0a]
	(No symbol) [0x0x7ff7abb31df3]
	(No symbol) [0x0x7ff7abb05b36]
	(No symbol) [0x0x7ff7abb04d80]
	(No symbol) [0x0x7ff7abb05973]
	(No symbol) [0x0x7ff7abbce4a5]
	(No symbol) [0x0x7ff7abbca75d]
	GetHandleVerifier [0x0x7ff7abd7d2b3+226019]
	GetHandleVerifier [0x0x7ff7abd6c481+156849]
	GetHandleVerifier [0x0x7ff7abd74979+190889]
	GetHandleVerifier [0x0x7ff7abd59bb4+80868]
	GetHandleVerifier [0x0x7ff7abd59d03+81203]
	GetHandleVerifier [0x0x7ff7abd48286+8886]
	BaseThreadInitThunk [0x0x7ff9c9b0e8d7+23]
	RtlUserThreadStart [0x0x7ff9cb08c53c+44]

[2025-11-19T13:12:16.061760] SCRAPER ratings fetch page 116 offset 2300 failed (attempt 5/5): Message: no such window: target window already closed
from unknown error: web view not found
  (Session info: MicrosoftEdge=142.0.3595.80)
Stacktrace:
	GetHandleVerifier [0x0x7ff7abd52a75+51877]
	GetHandleVerifier [0x0x7ff7abd52ad4+51972]
	GetHandleVerifier [0x0x7ff7abf09425+1848405]
	(No symbol) [0x0x7ff7abaa0e5f]
	(No symbol) [0x0x7ff7abb374ec]
	(No symbol) [0x0x7ff7abb4ed0a]
	(No symbol) [0x0x7ff7abb31df3]
	(No symbol) [0x0x7ff7abb05b36]
	(No symbol) [0x0x7ff7abb04d80]
	(No symbol) [0x0x7ff7abb05973]
	(No symbol) [0x0x7ff7abbce4a5]
	(No symbol) [0x0x7ff7abbca75d]
	GetHandleVerifier [0x0x7ff7abd7d2b3+226019]
	GetHandleVerifier [0x0x7ff7abd6c481+156849]
	GetHandleVerifier [0x0x7ff7abd74979+190889]
	GetHandleVerifier [0x0x7ff7abd59bb4+80868]
	GetHandleVerifier [0x0x7ff7abd59d03+81203]
	GetHandleVerifier [0x0x7ff7abd48286+8886]
	BaseThreadInitThunk [0x0x7ff9c9b0e8d7+23]
	RtlUserThreadStart [0x0x7ff9cb08c53c+44]

[2025-11-19T13:12:21.067523] SCRAPER skip page 116 after 5 failures; lanjut halaman berikutnya
[2025-11-19T13:12:21.069522] SCRAPER ratings fetch page 117 offset 2320 failed (attempt 1/5): Message: no such window: target window already closed
from unknown error: web view not found
  (Session info: MicrosoftEdge=142.0.3595.80)
Stacktrace:
	GetHandleVerifier [0x0x7ff7abd52a75+51877]
	GetHandleVerifier [0x0x7ff7abd52ad4+51972]
	GetHandleVerifier [0x0x7ff7abf09425+1848405]
	(No symbol) [0x0x7ff7abaa0e5f]
	(No symbol) [0x0x7ff7abb374ec]
	(No symbol) [0x0x7ff7abb4ed0a]
	(No symbol) [0x0x7ff7abb31df3]
	(No symbol) [0x0x7ff7abb05b36]
	(No symbol) [0x0x7ff7abb04d80]
	(No symbol) [0x0x7ff7abb05973]
	(No symbol) [0x0x7ff7abbce4a5]
	(No symbol) [0x0x7ff7abbca75d]
	GetHandleVerifier [0x0x7ff7abd7d2b3+226019]
	GetHandleVerifier [0x0x7ff7abd6c481+156849]
	GetHandleVerifier [0x0x7ff7abd74979+190889]
	GetHandleVerifier [0x0x7ff7abd59bb4+80868]
	GetHandleVerifier [0x0x7ff7abd59d03+81203]
	GetHandleVerifier [0x0x7ff7abd48286+8886]
	BaseThreadInitThunk [0x0x7ff9c9b0e8d7+23]
	RtlUserThreadStart [0x0x7ff9cb08c53c+44]

[2025-11-19T13:12:23.083308] SCRAPER ratings fetch page 117 offset 2320 failed (attempt 2/5): Message: no such window: target window already closed
from unknown error: web view not found
  (Session info: MicrosoftEdge=142.0.3595.80)
Stacktrace:
	GetHandleVerifier [0x0x7ff7abd52a75+51877]
	GetHandleVerifier [0x0x7ff7abd52ad4+51972]
	GetHandleVerifier [0x0x7ff7abf09425+1848405]
	(No symbol) [0x0x7ff7abaa0e5f]
	(No symbol) [0x0x7ff7abb374ec]
	(No symbol) [0x0x7ff7abb4ed0a]
	(No symbol) [0x0x7ff7abb31df3]
	(No symbol) [0x0x7ff7abb05b36]
	(No symbol) [0x0x7ff7abb04d80]
	(No symbol) [0x0x7ff7abb05973]
	(No symbol) [0x0x7ff7abbce4a5]
	(No symbol) [0x0x7ff7abbca75d]
	GetHandleVerifier [0x0x7ff7abd7d2b3+226019]
	GetHandleVerifier [0x0x7ff7abd6c481+156849]
	GetHandleVerifier [0x0x7ff7abd74979+190889]
	GetHandleVerifier [0x0x7ff7abd59bb4+80868]
	GetHandleVerifier [0x0x7ff7abd59d03+81203]
	GetHandleVerifier [0x0x7ff7abd48286+8886]
	BaseThreadInitThunk [0x0x7ff9c9b0e8d7+23]
	RtlUserThreadStart [0x0x7ff9cb08c53c+44]

[2025-11-19T13:12:26.095976] SCRAPER ratings fetch page 117 offset 2320 failed (attempt 3/5): Message: no such window: target window already closed
from unknown error: web view not found
  (Session info: MicrosoftEdge=142.0.3595.80)
Stacktrace:
	GetHandleVerifier [0x0x7ff7abd52a75+51877]
	GetHandleVerifier [0x0x7ff7abd52ad4+51972]
	GetHandleVerifier [0x0x7ff7abf09425+1848405]
	(No symbol) [0x0x7ff7abaa0e5f]
	(No symbol) [0x0x7ff7abb374ec]
	(No symbol) [0x0x7ff7abb4ed0a]
	(No symbol) [0x0x7ff7abb31df3]
	(No symbol) [0x0x7ff7abb05b36]
	(No symbol) [0x0x7ff7abb04d80]
	(No symbol) [0x0x7ff7abb05973]
	(No symbol) [0x0x7ff7abbce4a5]
	(No symbol) [0x0x7ff7abbca75d]
	GetHandleVerifier [0x0x7ff7abd7d2b3+226019]
	GetHandleVerifier [0x0x7ff7abd6c481+156849]
	GetHandleVerifier [0x0x7ff7abd74979+190889]
	GetHandleVerifier [0x0x7ff7abd59bb4+80868]
	GetHandleVerifier [0x0x7ff7abd59d03+81203]
	GetHandleVerifier [0x0x7ff7abd48286+8886]
	BaseThreadInitThunk [0x0x7ff9c9b0e8d7+23]
	RtlUserThreadStart [0x0x7ff9cb08c53c+44]

[2025-11-19T13:12:30.115301] SCRAPER ratings fetch page 117 offset 2320 failed (attempt 4/5): Message: no such window: target window already closed
from unknown error: web view not found
  (Session info: MicrosoftEdge=142.0.3595.80)
Stacktrace:
	GetHandleVerifier [0x0x7ff7abd52a75+51877]
	GetHandleVerifier [0x0x7ff7abd52ad4+51972]
	GetHandleVerifier [0x0x7ff7abf09425+1848405]
	(No symbol) [0x0x7ff7abaa0e5f]
	(No symbol) [0x0x7ff7abb374ec]
	(No symbol) [0x0x7ff7abb4ed0a]
	(No symbol) [0x0x7ff7abb31df3]
	(No symbol) [0x0x7ff7abb05b36]
	(No symbol) [0x0x7ff7abb04d80]
	(No symbol) [0x0x7ff7abb05973]
	(No symbol) [0x0x7ff7abbce4a5]
	(No symbol) [0x0x7ff7abbca75d]
	GetHandleVerifier [0x0x7ff7abd7d2b3+226019]
	GetHandleVerifier [0x0x7ff7abd6c481+156849]
	GetHandleVerifier [0x0x7ff7abd74979+190889]
	GetHandleVerifier [0x0x7ff7abd59bb4+80868]
	GetHandleVerifier [0x0x7ff7abd59d03+81203]
	GetHandleVerifier [0x0x7ff7abd48286+8886]
	BaseThreadInitThunk [0x0x7ff9c9b0e8d7+23]
	RtlUserThreadStart [0x0x7ff9cb08c53c+44]

[2025-11-19T13:12:35.131074] SCRAPER ratings fetch page 117 offset 2320 failed (attempt 5/5): Message: no such window: target window already closed
from unknown error: web view not found
  (Session info: MicrosoftEdge=142.0.3595.80)
Stacktrace:
	GetHandleVerifier [0x0x7ff7abd52a75+51877]
	GetHandleVerifier [0x0x7ff7abd52ad4+51972]
	GetHandleVerifier [0x0x7ff7abf09425+1848405]
	(No symbol) [0x0x7ff7abaa0e5f]
	(No symbol) [0x0x7ff7abb374ec]
	(No symbol) [0x0x7ff7abb4ed0a]
	(No symbol) [0x0x7ff7abb31df3]
	(No symbol) [0x0x7ff7abb05b36]
	(No symbol) [0x0x7ff7abb04d80]
	(No symbol) [0x0x7ff7abb05973]
	(No symbol) [0x0x7ff7abbce4a5]
	(No symbol) [0x0x7ff7abbca75d]
	GetHandleVerifier [0x0x7ff7abd7d2b3+226019]
	GetHandleVerifier [0x0x7ff7abd6c481+156849]
	GetHandleVerifier [0x0x7ff7abd74979+190889]
	GetHandleVerifier [0x0x7ff7abd59bb4+80868]
	GetHandleVerifier [0x0x7ff7abd59d03+81203]
	GetHandleVerifier [0x0x7ff7abd48286+8886]
	BaseThreadInitThunk [0x0x7ff9c9b0e8d7+23]
	RtlUserThreadStart [0x0x7ff9cb08c53c+44]

[2025-11-19T13:12:40.139675] SCRAPER skip page 117 after 5 failures; lanjut halaman berikutnya
[2025-11-19T13:12:40.142670] SCRAPER ratings fetch page 118 offset 2340 failed (attempt 1/5): Message: no such window: target window already closed
from unknown error: web view not found
  (Session info: MicrosoftEdge=142.0.3595.80)
Stacktrace:
	GetHandleVerifier [0x0x7ff7abd52a75+51877]
	GetHandleVerifier [0x0x7ff7abd52ad4+51972]
	GetHandleVerifier [0x0x7ff7abf09425+1848405]
	(No symbol) [0x0x7ff7abaa0e5f]
	(No symbol) [0x0x7ff7abb374ec]
	(No symbol) [0x0x7ff7abb4ed0a]
	(No symbol) [0x0x7ff7abb31df3]
	(No symbol) [0x0x7ff7abb05b36]
	(No symbol) [0x0x7ff7abb04d80]
	(No symbol) [0x0x7ff7abb05973]
	(No symbol) [0x0x7ff7abbce4a5]
	(No symbol) [0x0x7ff7abbca75d]
	GetHandleVerifier [0x0x7ff7abd7d2b3+226019]
	GetHandleVerifier [0x0x7ff7abd6c481+156849]
	GetHandleVerifier [0x0x7ff7abd74979+190889]
	GetHandleVerifier [0x0x7ff7abd59bb4+80868]
	GetHandleVerifier [0x0x7ff7abd59d03+81203]
	GetHandleVerifier [0x0x7ff7abd48286+8886]
	BaseThreadInitThunk [0x0x7ff9c9b0e8d7+23]
	RtlUserThreadStart [0x0x7ff9cb08c53c+44]

[2025-11-19T13:12:42.154706] SCRAPER ratings fetch page 118 offset 2340 failed (attempt 2/5): Message: no such window: target window already closed
from unknown error: web view not found
  (Session info: MicrosoftEdge=142.0.3595.80)
Stacktrace:
	GetHandleVerifier [0x0x7ff7abd52a75+51877]
	GetHandleVerifier [0x0x7ff7abd52ad4+51972]
	GetHandleVerifier [0x0x7ff7abf09425+1848405]
	(No symbol) [0x0x7ff7abaa0e5f]
	(No symbol) [0x0x7ff7abb374ec]
	(No symbol) [0x0x7ff7abb4ed0a]
	(No symbol) [0x0x7ff7abb31df3]
	(No symbol) [0x0x7ff7abb05b36]
	(No symbol) [0x0x7ff7abb04d80]
	(No symbol) [0x0x7ff7abb05973]
	(No symbol) [0x0x7ff7abbce4a5]
	(No symbol) [0x0x7ff7abbca75d]
	GetHandleVerifier [0x0x7ff7abd7d2b3+226019]
	GetHandleVerifier [0x0x7ff7abd6c481+156849]
	GetHandleVerifier [0x0x7ff7abd74979+190889]
	GetHandleVerifier [0x0x7ff7abd59bb4+80868]
	GetHandleVerifier [0x0x7ff7abd59d03+81203]
	GetHandleVerifier [0x0x7ff7abd48286+8886]
	BaseThreadInitThunk [0x0x7ff9c9b0e8d7+23]
	RtlUserThreadStart [0x0x7ff9cb08c53c+44]

[2025-11-19T13:12:45.158507] SCRAPER ratings fetch page 118 offset 2340 failed (attempt 3/5): Message: no such window: target window already closed
from unknown error: web view not found
  (Session info: MicrosoftEdge=142.0.3595.80)
Stacktrace:
	GetHandleVerifier [0x0x7ff7abd52a75+51877]
	GetHandleVerifier [0x0x7ff7abd52ad4+51972]
	GetHandleVerifier [0x0x7ff7abf09425+1848405]
	(No symbol) [0x0x7ff7abaa0e5f]
	(No symbol) [0x0x7ff7abb374ec]
	(No symbol) [0x0x7ff7abb4ed0a]
	(No symbol) [0x0x7ff7abb31df3]
	(No symbol) [0x0x7ff7abb05b36]
	(No symbol) [0x0x7ff7abb04d80]
	(No symbol) [0x0x7ff7abb05973]
	(No symbol) [0x0x7ff7abbce4a5]
	(No symbol) [0x0x7ff7abbca75d]
	GetHandleVerifier [0x0x7ff7abd7d2b3+226019]
	GetHandleVerifier [0x0x7ff7abd6c481+156849]
	GetHandleVerifier [0x0x7ff7abd74979+190889]
	GetHandleVerifier [0x0x7ff7abd59bb4+80868]
	GetHandleVerifier [0x0x7ff7abd59d03+81203]
	GetHandleVerifier [0x0x7ff7abd48286+8886]
	BaseThreadInitThunk [0x0x7ff9c9b0e8d7+23]
	RtlUserThreadStart [0x0x7ff9cb08c53c+44]

[2025-11-19T13:12:49.169495] SCRAPER ratings fetch page 118 offset 2340 failed (attempt 4/5): Message: no such window: target window already closed
from unknown error: web view not found
  (Session info: MicrosoftEdge=142.0.3595.80)
Stacktrace:
	GetHandleVerifier [0x0x7ff7abd52a75+51877]
	GetHandleVerifier [0x0x7ff7abd52ad4+51972]
	GetHandleVerifier [0x0x7ff7abf09425+1848405]
	(No symbol) [0x0x7ff7abaa0e5f]
	(No symbol) [0x0x7ff7abb374ec]
	(No symbol) [0x0x7ff7abb4ed0a]
	(No symbol) [0x0x7ff7abb31df3]
	(No symbol) [0x0x7ff7abb05b36]
	(No symbol) [0x0x7ff7abb04d80]
	(No symbol) [0x0x7ff7abb05973]
	(No symbol) [0x0x7ff7abbce4a5]
	(No symbol) [0x0x7ff7abbca75d]
	GetHandleVerifier [0x0x7ff7abd7d2b3+226019]
	GetHandleVerifier [0x0x7ff7abd6c481+156849]
	GetHandleVerifier [0x0x7ff7abd74979+190889]
	GetHandleVerifier [0x0x7ff7abd59bb4+80868]
	GetHandleVerifier [0x0x7ff7abd59d03+81203]
	GetHandleVerifier [0x0x7ff7abd48286+8886]
	BaseThreadInitThunk [0x0x7ff9c9b0e8d7+23]
	RtlUserThreadStart [0x0x7ff9cb08c53c+44]

[2025-11-19T13:12:54.185066] SCRAPER ratings fetch page 118 offset 2340 failed (attempt 5/5): Message: no such window: target window already closed
from unknown error: web view not found
  (Session info: MicrosoftEdge=142.0.3595.80)
Stacktrace:
	GetHandleVerifier [0x0x7ff7abd52a75+51877]
	GetHandleVerifier [0x0x7ff7abd52ad4+51972]
	GetHandleVerifier [0x0x7ff7abf09425+1848405]
	(No symbol) [0x0x7ff7abaa0e5f]
	(No symbol) [0x0x7ff7abb374ec]
	(No symbol) [0x0x7ff7abb4ed0a]
	(No symbol) [0x0x7ff7abb31df3]
	(No symbol) [0x0x7ff7abb05b36]
	(No symbol) [0x0x7ff7abb04d80]
	(No symbol) [0x0x7ff7abb05973]
	(No symbol) [0x0x7ff7abbce4a5]
	(No symbol) [0x0x7ff7abbca75d]
	GetHandleVerifier [0x0x7ff7abd7d2b3+226019]
	GetHandleVerifier [0x0x7ff7abd6c481+156849]
	GetHandleVerifier [0x0x7ff7abd74979+190889]
	GetHandleVerifier [0x0x7ff7abd59bb4+80868]
	GetHandleVerifier [0x0x7ff7abd59d03+81203]
	GetHandleVerifier [0x0x7ff7abd48286+8886]
	BaseThreadInitThunk [0x0x7ff9c9b0e8d7+23]
	RtlUserThreadStart [0x0x7ff9cb08c53c+44]

[2025-11-19T13:12:59.190914] SCRAPER skip page 118 after 5 failures; lanjut halaman berikutnya
[2025-11-19T13:12:59.191919] SCRAPER ratings fetch page 119 offset 2360 failed (attempt 1/5): Message: no such window: target window already closed
from unknown error: web view not found
  (Session info: MicrosoftEdge=142.0.3595.80)
Stacktrace:
	GetHandleVerifier [0x0x7ff7abd52a75+51877]
	GetHandleVerifier [0x0x7ff7abd52ad4+51972]
	GetHandleVerifier [0x0x7ff7abf09425+1848405]
	(No symbol) [0x0x7ff7abaa0e5f]
	(No symbol) [0x0x7ff7abb374ec]
	(No symbol) [0x0x7ff7abb4ed0a]
	(No symbol) [0x0x7ff7abb31df3]
	(No symbol) [0x0x7ff7abb05b36]
	(No symbol) [0x0x7ff7abb04d80]
	(No symbol) [0x0x7ff7abb05973]
	(No symbol) [0x0x7ff7abbce4a5]
	(No symbol) [0x0x7ff7abbca75d]
	GetHandleVerifier [0x0x7ff7abd7d2b3+226019]
	GetHandleVerifier [0x0x7ff7abd6c481+156849]
	GetHandleVerifier [0x0x7ff7abd74979+190889]
	GetHandleVerifier [0x0x7ff7abd59bb4+80868]
	GetHandleVerifier [0x0x7ff7abd59d03+81203]
	GetHandleVerifier [0x0x7ff7abd48286+8886]
	BaseThreadInitThunk [0x0x7ff9c9b0e8d7+23]
	RtlUserThreadStart [0x0x7ff9cb08c53c+44]

[2025-11-19T13:13:01.206040] SCRAPER ratings fetch page 119 offset 2360 failed (attempt 2/5): Message: no such window: target window already closed
from unknown error: web view not found
  (Session info: MicrosoftEdge=142.0.3595.80)
Stacktrace:
	GetHandleVerifier [0x0x7ff7abd52a75+51877]
	GetHandleVerifier [0x0x7ff7abd52ad4+51972]
	GetHandleVerifier [0x0x7ff7abf09425+1848405]
	(No symbol) [0x0x7ff7abaa0e5f]
	(No symbol) [0x0x7ff7abb374ec]
	(No symbol) [0x0x7ff7abb4ed0a]
	(No symbol) [0x0x7ff7abb31df3]
	(No symbol) [0x0x7ff7abb05b36]
	(No symbol) [0x0x7ff7abb04d80]
	(No symbol) [0x0x7ff7abb05973]
	(No symbol) [0x0x7ff7abbce4a5]
	(No symbol) [0x0x7ff7abbca75d]
	GetHandleVerifier [0x0x7ff7abd7d2b3+226019]
	GetHandleVerifier [0x0x7ff7abd6c481+156849]
	GetHandleVerifier [0x0x7ff7abd74979+190889]
	GetHandleVerifier [0x0x7ff7abd59bb4+80868]
	GetHandleVerifier [0x0x7ff7abd59d03+81203]
	GetHandleVerifier [0x0x7ff7abd48286+8886]
	BaseThreadInitThunk [0x0x7ff9c9b0e8d7+23]
	RtlUserThreadStart [0x0x7ff9cb08c53c+44]

[2025-11-19T13:13:04.222195] SCRAPER ratings fetch page 119 offset 2360 failed (attempt 3/5): Message: no such window: target window already closed
from unknown error: web view not found
  (Session info: MicrosoftEdge=142.0.3595.80)
Stacktrace:
	GetHandleVerifier [0x0x7ff7abd52a75+51877]
	GetHandleVerifier [0x0x7ff7abd52ad4+51972]
	GetHandleVerifier [0x0x7ff7abf09425+1848405]
	(No symbol) [0x0x7ff7abaa0e5f]
	(No symbol) [0x0x7ff7abb374ec]
	(No symbol) [0x0x7ff7abb4ed0a]
	(No symbol) [0x0x7ff7abb31df3]
	(No symbol) [0x0x7ff7abb05b36]
	(No symbol) [0x0x7ff7abb04d80]
	(No symbol) [0x0x7ff7abb05973]
	(No symbol) [0x0x7ff7abbce4a5]
	(No symbol) [0x0x7ff7abbca75d]
	GetHandleVerifier [0x0x7ff7abd7d2b3+226019]
	GetHandleVerifier [0x0x7ff7abd6c481+156849]
	GetHandleVerifier [0x0x7ff7abd74979+190889]
	GetHandleVerifier [0x0x7ff7abd59bb4+80868]
	GetHandleVerifier [0x0x7ff7abd59d03+81203]
	GetHandleVerifier [0x0x7ff7abd48286+8886]
	BaseThreadInitThunk [0x0x7ff9c9b0e8d7+23]
	RtlUserThreadStart [0x0x7ff9cb08c53c+44]

[2025-11-19T13:13:08.228662] SCRAPER ratings fetch page 119 offset 2360 failed (attempt 4/5): Message: no such window: target window already closed
from unknown error: web view not found
  (Session info: MicrosoftEdge=142.0.3595.80)
Stacktrace:
	GetHandleVerifier [0x0x7ff7abd52a75+51877]
	GetHandleVerifier [0x0x7ff7abd52ad4+51972]
	GetHandleVerifier [0x0x7ff7abf09425+1848405]
	(No symbol) [0x0x7ff7abaa0e5f]
	(No symbol) [0x0x7ff7abb374ec]
	(No symbol) [0x0x7ff7abb4ed0a]
	(No symbol) [0x0x7ff7abb31df3]
	(No symbol) [0x0x7ff7abb05b36]
	(No symbol) [0x0x7ff7abb04d80]
	(No symbol) [0x0x7ff7abb05973]
	(No symbol) [0x0x7ff7abbce4a5]
	(No symbol) [0x0x7ff7abbca75d]
	GetHandleVerifier [0x0x7ff7abd7d2b3+226019]
	GetHandleVerifier [0x0x7ff7abd6c481+156849]
	GetHandleVerifier [0x0x7ff7abd74979+190889]
	GetHandleVerifier [0x0x7ff7abd59bb4+80868]
	GetHandleVerifier [0x0x7ff7abd59d03+81203]
	GetHandleVerifier [0x0x7ff7abd48286+8886]
	BaseThreadInitThunk [0x0x7ff9c9b0e8d7+23]
	RtlUserThreadStart [0x0x7ff9cb08c53c+44]

[2025-11-19T13:13:13.237973] SCRAPER ratings fetch page 119 offset 2360 failed (attempt 5/5): Message: no such window: target window already closed
from unknown error: web view not found
  (Session info: MicrosoftEdge=142.0.3595.80)
Stacktrace:
	GetHandleVerifier [0x0x7ff7abd52a75+51877]
	GetHandleVerifier [0x0x7ff7abd52ad4+51972]
	GetHandleVerifier [0x0x7ff7abf09425+1848405]
	(No symbol) [0x0x7ff7abaa0e5f]
	(No symbol) [0x0x7ff7abb374ec]
	(No symbol) [0x0x7ff7abb4ed0a]
	(No symbol) [0x0x7ff7abb31df3]
	(No symbol) [0x0x7ff7abb05b36]
	(No symbol) [0x0x7ff7abb04d80]
	(No symbol) [0x0x7ff7abb05973]
	(No symbol) [0x0x7ff7abbce4a5]
	(No symbol) [0x0x7ff7abbca75d]
	GetHandleVerifier [0x0x7ff7abd7d2b3+226019]
	GetHandleVerifier [0x0x7ff7abd6c481+156849]
	GetHandleVerifier [0x0x7ff7abd74979+190889]
	GetHandleVerifier [0x0x7ff7abd59bb4+80868]
	GetHandleVerifier [0x0x7ff7abd59d03+81203]
	GetHandleVerifier [0x0x7ff7abd48286+8886]
	BaseThreadInitThunk [0x0x7ff9c9b0e8d7+23]
	RtlUserThreadStart [0x0x7ff9cb08c53c+44]

[2025-11-19T13:13:18.246018] SCRAPER skip page 119 after 5 failures; lanjut halaman berikutnya
[2025-11-19T13:13:18.247464] SCRAPER ratings fetch page 120 offset 2380 failed (attempt 1/5): Message: no such window: target window already closed
from unknown error: web view not found
  (Session info: MicrosoftEdge=142.0.3595.80)
Stacktrace:
	GetHandleVerifier [0x0x7ff7abd52a75+51877]
	GetHandleVerifier [0x0x7ff7abd52ad4+51972]
	GetHandleVerifier [0x0x7ff7abf09425+1848405]
	(No symbol) [0x0x7ff7abaa0e5f]
	(No symbol) [0x0x7ff7abb374ec]
	(No symbol) [0x0x7ff7abb4ed0a]
	(No symbol) [0x0x7ff7abb31df3]
	(No symbol) [0x0x7ff7abb05b36]
	(No symbol) [0x0x7ff7abb04d80]
	(No symbol) [0x0x7ff7abb05973]
	(No symbol) [0x0x7ff7abbce4a5]
	(No symbol) [0x0x7ff7abbca75d]
	GetHandleVerifier [0x0x7ff7abd7d2b3+226019]
	GetHandleVerifier [0x0x7ff7abd6c481+156849]
	GetHandleVerifier [0x0x7ff7abd74979+190889]
	GetHandleVerifier [0x0x7ff7abd59bb4+80868]
	GetHandleVerifier [0x0x7ff7abd59d03+81203]
	GetHandleVerifier [0x0x7ff7abd48286+8886]
	BaseThreadInitThunk [0x0x7ff9c9b0e8d7+23]
	RtlUserThreadStart [0x0x7ff9cb08c53c+44]

[2025-11-19T13:13:20.265295] SCRAPER ratings fetch page 120 offset 2380 failed (attempt 2/5): Message: no such window: target window already closed
from unknown error: web view not found
  (Session info: MicrosoftEdge=142.0.3595.80)
Stacktrace:
	GetHandleVerifier [0x0x7ff7abd52a75+51877]
	GetHandleVerifier [0x0x7ff7abd52ad4+51972]
	GetHandleVerifier [0x0x7ff7abf09425+1848405]
	(No symbol) [0x0x7ff7abaa0e5f]
	(No symbol) [0x0x7ff7abb374ec]
	(No symbol) [0x0x7ff7abb4ed0a]
	(No symbol) [0x0x7ff7abb31df3]
	(No symbol) [0x0x7ff7abb05b36]
	(No symbol) [0x0x7ff7abb04d80]
	(No symbol) [0x0x7ff7abb05973]
	(No symbol) [0x0x7ff7abbce4a5]
	(No symbol) [0x0x7ff7abbca75d]
	GetHandleVerifier [0x0x7ff7abd7d2b3+226019]
	GetHandleVerifier [0x0x7ff7abd6c481+156849]
	GetHandleVerifier [0x0x7ff7abd74979+190889]
	GetHandleVerifier [0x0x7ff7abd59bb4+80868]
	GetHandleVerifier [0x0x7ff7abd59d03+81203]
	GetHandleVerifier [0x0x7ff7abd48286+8886]
	BaseThreadInitThunk [0x0x7ff9c9b0e8d7+23]
	RtlUserThreadStart [0x0x7ff9cb08c53c+44]

[2025-11-19T13:13:23.284201] SCRAPER ratings fetch page 120 offset 2380 failed (attempt 3/5): Message: no such window: target window already closed
from unknown error: web view not found
  (Session info: MicrosoftEdge=142.0.3595.80)
Stacktrace:
	GetHandleVerifier [0x0x7ff7abd52a75+51877]
	GetHandleVerifier [0x0x7ff7abd52ad4+51972]
	GetHandleVerifier [0x0x7ff7abf09425+1848405]
	(No symbol) [0x0x7ff7abaa0e5f]
	(No symbol) [0x0x7ff7abb374ec]
	(No symbol) [0x0x7ff7abb4ed0a]
	(No symbol) [0x0x7ff7abb31df3]
	(No symbol) [0x0x7ff7abb05b36]
	(No symbol) [0x0x7ff7abb04d80]
	(No symbol) [0x0x7ff7abb05973]
	(No symbol) [0x0x7ff7abbce4a5]
	(No symbol) [0x0x7ff7abbca75d]
	GetHandleVerifier [0x0x7ff7abd7d2b3+226019]
	GetHandleVerifier [0x0x7ff7abd6c481+156849]
	GetHandleVerifier [0x0x7ff7abd74979+190889]
	GetHandleVerifier [0x0x7ff7abd59bb4+80868]
	GetHandleVerifier [0x0x7ff7abd59d03+81203]
	GetHandleVerifier [0x0x7ff7abd48286+8886]
	BaseThreadInitThunk [0x0x7ff9c9b0e8d7+23]
	RtlUserThreadStart [0x0x7ff9cb08c53c+44]

[2025-11-19T13:13:27.297193] SCRAPER ratings fetch page 120 offset 2380 failed (attempt 4/5): Message: no such window: target window already closed
from unknown error: web view not found
  (Session info: MicrosoftEdge=142.0.3595.80)
Stacktrace:
	GetHandleVerifier [0x0x7ff7abd52a75+51877]
	GetHandleVerifier [0x0x7ff7abd52ad4+51972]
	GetHandleVerifier [0x0x7ff7abf09425+1848405]
	(No symbol) [0x0x7ff7abaa0e5f]
	(No symbol) [0x0x7ff7abb374ec]
	(No symbol) [0x0x7ff7abb4ed0a]
	(No symbol) [0x0x7ff7abb31df3]
	(No symbol) [0x0x7ff7abb05b36]
	(No symbol) [0x0x7ff7abb04d80]
	(No symbol) [0x0x7ff7abb05973]
	(No symbol) [0x0x7ff7abbce4a5]
	(No symbol) [0x0x7ff7abbca75d]
	GetHandleVerifier [0x0x7ff7abd7d2b3+226019]
	GetHandleVerifier [0x0x7ff7abd6c481+156849]
	GetHandleVerifier [0x0x7ff7abd74979+190889]
	GetHandleVerifier [0x0x7ff7abd59bb4+80868]
	GetHandleVerifier [0x0x7ff7abd59d03+81203]
	GetHandleVerifier [0x0x7ff7abd48286+8886]
	BaseThreadInitThunk [0x0x7ff9c9b0e8d7+23]
	RtlUserThreadStart [0x0x7ff9cb08c53c+44]

[2025-11-19T13:13:32.314707] SCRAPER ratings fetch page 120 offset 2380 failed (attempt 5/5): Message: no such window: target window already closed
from unknown error: web view not found
  (Session info: MicrosoftEdge=142.0.3595.80)
Stacktrace:
	GetHandleVerifier [0x0x7ff7abd52a75+51877]
	GetHandleVerifier [0x0x7ff7abd52ad4+51972]
	GetHandleVerifier [0x0x7ff7abf09425+1848405]
	(No symbol) [0x0x7ff7abaa0e5f]
	(No symbol) [0x0x7ff7abb374ec]
	(No symbol) [0x0x7ff7abb4ed0a]
	(No symbol) [0x0x7ff7abb31df3]
	(No symbol) [0x0x7ff7abb05b36]
	(No symbol) [0x0x7ff7abb04d80]
	(No symbol) [0x0x7ff7abb05973]
	(No symbol) [0x0x7ff7abbce4a5]
	(No symbol) [0x0x7ff7abbca75d]
	GetHandleVerifier [0x0x7ff7abd7d2b3+226019]
	GetHandleVerifier [0x0x7ff7abd6c481+156849]
	GetHandleVerifier [0x0x7ff7abd74979+190889]
	GetHandleVerifier [0x0x7ff7abd59bb4+80868]
	GetHandleVerifier [0x0x7ff7abd59d03+81203]
	GetHandleVerifier [0x0x7ff7abd48286+8886]
	BaseThreadInitThunk [0x0x7ff9c9b0e8d7+23]
	RtlUserThreadStart [0x0x7ff9cb08c53c+44]

[2025-11-19T13:13:37.327200] SCRAPER skip page 120 after 5 failures; lanjut halaman berikutnya
[2025-11-19T13:13:37.330712] SCRAPER ratings fetch page 121 offset 2400 failed (attempt 1/5): Message: no such window: target window already closed
from unknown error: web view not found
  (Session info: MicrosoftEdge=142.0.3595.80)
Stacktrace:
	GetHandleVerifier [0x0x7ff7abd52a75+51877]
	GetHandleVerifier [0x0x7ff7abd52ad4+51972]
	GetHandleVerifier [0x0x7ff7abf09425+1848405]
	(No symbol) [0x0x7ff7abaa0e5f]
	(No symbol) [0x0x7ff7abb374ec]
	(No symbol) [0x0x7ff7abb4ed0a]
	(No symbol) [0x0x7ff7abb31df3]
	(No symbol) [0x0x7ff7abb05b36]
	(No symbol) [0x0x7ff7abb04d80]
	(No symbol) [0x0x7ff7abb05973]
	(No symbol) [0x0x7ff7abbce4a5]
	(No symbol) [0x0x7ff7abbca75d]
	GetHandleVerifier [0x0x7ff7abd7d2b3+226019]
	GetHandleVerifier [0x0x7ff7abd6c481+156849]
	GetHandleVerifier [0x0x7ff7abd74979+190889]
	GetHandleVerifier [0x0x7ff7abd59bb4+80868]
	GetHandleVerifier [0x0x7ff7abd59d03+81203]
	GetHandleVerifier [0x0x7ff7abd48286+8886]
	BaseThreadInitThunk [0x0x7ff9c9b0e8d7+23]
	RtlUserThreadStart [0x0x7ff9cb08c53c+44]

[2025-11-19T13:13:39.334935] SCRAPER ratings fetch page 121 offset 2400 failed (attempt 2/5): Message: no such window: target window already closed
from unknown error: web view not found
  (Session info: MicrosoftEdge=142.0.3595.80)
Stacktrace:
	GetHandleVerifier [0x0x7ff7abd52a75+51877]
	GetHandleVerifier [0x0x7ff7abd52ad4+51972]
	GetHandleVerifier [0x0x7ff7abf09425+1848405]
	(No symbol) [0x0x7ff7abaa0e5f]
	(No symbol) [0x0x7ff7abb374ec]
	(No symbol) [0x0x7ff7abb4ed0a]
	(No symbol) [0x0x7ff7abb31df3]
	(No symbol) [0x0x7ff7abb05b36]
	(No symbol) [0x0x7ff7abb04d80]
	(No symbol) [0x0x7ff7abb05973]
	(No symbol) [0x0x7ff7abbce4a5]
	(No symbol) [0x0x7ff7abbca75d]
	GetHandleVerifier [0x0x7ff7abd7d2b3+226019]
	GetHandleVerifier [0x0x7ff7abd6c481+156849]
	GetHandleVerifier [0x0x7ff7abd74979+190889]
	GetHandleVerifier [0x0x7ff7abd59bb4+80868]
	GetHandleVerifier [0x0x7ff7abd59d03+81203]
	GetHandleVerifier [0x0x7ff7abd48286+8886]
	BaseThreadInitThunk [0x0x7ff9c9b0e8d7+23]
	RtlUserThreadStart [0x0x7ff9cb08c53c+44]

[2025-11-19T13:13:42.345587] SCRAPER ratings fetch page 121 offset 2400 failed (attempt 3/5): Message: no such window: target window already closed
from unknown error: web view not found
  (Session info: MicrosoftEdge=142.0.3595.80)
Stacktrace:
	GetHandleVerifier [0x0x7ff7abd52a75+51877]
	GetHandleVerifier [0x0x7ff7abd52ad4+51972]
	GetHandleVerifier [0x0x7ff7abf09425+1848405]
	(No symbol) [0x0x7ff7abaa0e5f]
	(No symbol) [0x0x7ff7abb374ec]
	(No symbol) [0x0x7ff7abb4ed0a]
	(No symbol) [0x0x7ff7abb31df3]
	(No symbol) [0x0x7ff7abb05b36]
	(No symbol) [0x0x7ff7abb04d80]
	(No symbol) [0x0x7ff7abb05973]
	(No symbol) [0x0x7ff7abbce4a5]
	(No symbol) [0x0x7ff7abbca75d]
	GetHandleVerifier [0x0x7ff7abd7d2b3+226019]
	GetHandleVerifier [0x0x7ff7abd6c481+156849]
	GetHandleVerifier [0x0x7ff7abd74979+190889]
	GetHandleVerifier [0x0x7ff7abd59bb4+80868]
	GetHandleVerifier [0x0x7ff7abd59d03+81203]
	GetHandleVerifier [0x0x7ff7abd48286+8886]
	BaseThreadInitThunk [0x0x7ff9c9b0e8d7+23]
	RtlUserThreadStart [0x0x7ff9cb08c53c+44]

[2025-11-19T13:13:46.359886] SCRAPER ratings fetch page 121 offset 2400 failed (attempt 4/5): Message: no such window: target window already closed
from unknown error: web view not found
  (Session info: MicrosoftEdge=142.0.3595.80)
Stacktrace:
	GetHandleVerifier [0x0x7ff7abd52a75+51877]
	GetHandleVerifier [0x0x7ff7abd52ad4+51972]
	GetHandleVerifier [0x0x7ff7abf09425+1848405]
	(No symbol) [0x0x7ff7abaa0e5f]
	(No symbol) [0x0x7ff7abb374ec]
	(No symbol) [0x0x7ff7abb4ed0a]
	(No symbol) [0x0x7ff7abb31df3]
	(No symbol) [0x0x7ff7abb05b36]
	(No symbol) [0x0x7ff7abb04d80]
	(No symbol) [0x0x7ff7abb05973]
	(No symbol) [0x0x7ff7abbce4a5]
	(No symbol) [0x0x7ff7abbca75d]
	GetHandleVerifier [0x0x7ff7abd7d2b3+226019]
	GetHandleVerifier [0x0x7ff7abd6c481+156849]
	GetHandleVerifier [0x0x7ff7abd74979+190889]
	GetHandleVerifier [0x0x7ff7abd59bb4+80868]
	GetHandleVerifier [0x0x7ff7abd59d03+81203]
	GetHandleVerifier [0x0x7ff7abd48286+8886]
	BaseThreadInitThunk [0x0x7ff9c9b0e8d7+23]
	RtlUserThreadStart [0x0x7ff9cb08c53c+44]

[2025-11-19T13:13:51.365221] SCRAPER ratings fetch page 121 offset 2400 failed (attempt 5/5): Message: no such window: target window already closed
from unknown error: web view not found
  (Session info: MicrosoftEdge=142.0.3595.80)
Stacktrace:
	GetHandleVerifier [0x0x7ff7abd52a75+51877]
	GetHandleVerifier [0x0x7ff7abd52ad4+51972]
	GetHandleVerifier [0x0x7ff7abf09425+1848405]
	(No symbol) [0x0x7ff7abaa0e5f]
	(No symbol) [0x0x7ff7abb374ec]
	(No symbol) [0x0x7ff7abb4ed0a]
	(No symbol) [0x0x7ff7abb31df3]
	(No symbol) [0x0x7ff7abb05b36]
	(No symbol) [0x0x7ff7abb04d80]
	(No symbol) [0x0x7ff7abb05973]
	(No symbol) [0x0x7ff7abbce4a5]
	(No symbol) [0x0x7ff7abbca75d]
	GetHandleVerifier [0x0x7ff7abd7d2b3+226019]
	GetHandleVerifier [0x0x7ff7abd6c481+156849]
	GetHandleVerifier [0x0x7ff7abd74979+190889]
	GetHandleVerifier [0x0x7ff7abd59bb4+80868]
	GetHandleVerifier [0x0x7ff7abd59d03+81203]
	GetHandleVerifier [0x0x7ff7abd48286+8886]
	BaseThreadInitThunk [0x0x7ff9c9b0e8d7+23]
	RtlUserThreadStart [0x0x7ff9cb08c53c+44]

[2025-11-19T13:13:56.367649] SCRAPER skip page 121 after 5 failures; lanjut halaman berikutnya
[2025-11-19T13:13:56.371548] SCRAPER ratings fetch page 122 offset 2420 failed (attempt 1/5): Message: no such window: target window already closed
from unknown error: web view not found
  (Session info: MicrosoftEdge=142.0.3595.80)
Stacktrace:
	GetHandleVerifier [0x0x7ff7abd52a75+51877]
	GetHandleVerifier [0x0x7ff7abd52ad4+51972]
	GetHandleVerifier [0x0x7ff7abf09425+1848405]
	(No symbol) [0x0x7ff7abaa0e5f]
	(No symbol) [0x0x7ff7abb374ec]
	(No symbol) [0x0x7ff7abb4ed0a]
	(No symbol) [0x0x7ff7abb31df3]
	(No symbol) [0x0x7ff7abb05b36]
	(No symbol) [0x0x7ff7abb04d80]
	(No symbol) [0x0x7ff7abb05973]
	(No symbol) [0x0x7ff7abbce4a5]
	(No symbol) [0x0x7ff7abbca75d]
	GetHandleVerifier [0x0x7ff7abd7d2b3+226019]
	GetHandleVerifier [0x0x7ff7abd6c481+156849]
	GetHandleVerifier [0x0x7ff7abd74979+190889]
	GetHandleVerifier [0x0x7ff7abd59bb4+80868]
	GetHandleVerifier [0x0x7ff7abd59d03+81203]
	GetHandleVerifier [0x0x7ff7abd48286+8886]
	BaseThreadInitThunk [0x0x7ff9c9b0e8d7+23]
	RtlUserThreadStart [0x0x7ff9cb08c53c+44]

[2025-11-19T13:13:58.374334] SCRAPER ratings fetch page 122 offset 2420 failed (attempt 2/5): Message: no such window: target window already closed
from unknown error: web view not found
  (Session info: MicrosoftEdge=142.0.3595.80)
Stacktrace:
	GetHandleVerifier [0x0x7ff7abd52a75+51877]
	GetHandleVerifier [0x0x7ff7abd52ad4+51972]
	GetHandleVerifier [0x0x7ff7abf09425+1848405]
	(No symbol) [0x0x7ff7abaa0e5f]
	(No symbol) [0x0x7ff7abb374ec]
	(No symbol) [0x0x7ff7abb4ed0a]
	(No symbol) [0x0x7ff7abb31df3]
	(No symbol) [0x0x7ff7abb05b36]
	(No symbol) [0x0x7ff7abb04d80]
	(No symbol) [0x0x7ff7abb05973]
	(No symbol) [0x0x7ff7abbce4a5]
	(No symbol) [0x0x7ff7abbca75d]
	GetHandleVerifier [0x0x7ff7abd7d2b3+226019]
	GetHandleVerifier [0x0x7ff7abd6c481+156849]
	GetHandleVerifier [0x0x7ff7abd74979+190889]
	GetHandleVerifier [0x0x7ff7abd59bb4+80868]
	GetHandleVerifier [0x0x7ff7abd59d03+81203]
	GetHandleVerifier [0x0x7ff7abd48286+8886]
	BaseThreadInitThunk [0x0x7ff9c9b0e8d7+23]
	RtlUserThreadStart [0x0x7ff9cb08c53c+44]

[2025-11-19T13:14:01.378265] SCRAPER ratings fetch page 122 offset 2420 failed (attempt 3/5): Message: no such window: target window already closed
from unknown error: web view not found
  (Session info: MicrosoftEdge=142.0.3595.80)
Stacktrace:
	GetHandleVerifier [0x0x7ff7abd52a75+51877]
	GetHandleVerifier [0x0x7ff7abd52ad4+51972]
	GetHandleVerifier [0x0x7ff7abf09425+1848405]
	(No symbol) [0x0x7ff7abaa0e5f]
	(No symbol) [0x0x7ff7abb374ec]
	(No symbol) [0x0x7ff7abb4ed0a]
	(No symbol) [0x0x7ff7abb31df3]
	(No symbol) [0x0x7ff7abb05b36]
	(No symbol) [0x0x7ff7abb04d80]
	(No symbol) [0x0x7ff7abb05973]
	(No symbol) [0x0x7ff7abbce4a5]
	(No symbol) [0x0x7ff7abbca75d]
	GetHandleVerifier [0x0x7ff7abd7d2b3+226019]
	GetHandleVerifier [0x0x7ff7abd6c481+156849]
	GetHandleVerifier [0x0x7ff7abd74979+190889]
	GetHandleVerifier [0x0x7ff7abd59bb4+80868]
	GetHandleVerifier [0x0x7ff7abd59d03+81203]
	GetHandleVerifier [0x0x7ff7abd48286+8886]
	BaseThreadInitThunk [0x0x7ff9c9b0e8d7+23]
	RtlUserThreadStart [0x0x7ff9cb08c53c+44]

[2025-11-19T13:14:05.397418] SCRAPER ratings fetch page 122 offset 2420 failed (attempt 4/5): Message: no such window: target window already closed
from unknown error: web view not found
  (Session info: MicrosoftEdge=142.0.3595.80)
Stacktrace:
	GetHandleVerifier [0x0x7ff7abd52a75+51877]
	GetHandleVerifier [0x0x7ff7abd52ad4+51972]
	GetHandleVerifier [0x0x7ff7abf09425+1848405]
	(No symbol) [0x0x7ff7abaa0e5f]
	(No symbol) [0x0x7ff7abb374ec]
	(No symbol) [0x0x7ff7abb4ed0a]
	(No symbol) [0x0x7ff7abb31df3]
	(No symbol) [0x0x7ff7abb05b36]
	(No symbol) [0x0x7ff7abb04d80]
	(No symbol) [0x0x7ff7abb05973]
	(No symbol) [0x0x7ff7abbce4a5]
	(No symbol) [0x0x7ff7abbca75d]
	GetHandleVerifier [0x0x7ff7abd7d2b3+226019]
	GetHandleVerifier [0x0x7ff7abd6c481+156849]
	GetHandleVerifier [0x0x7ff7abd74979+190889]
	GetHandleVerifier [0x0x7ff7abd59bb4+80868]
	GetHandleVerifier [0x0x7ff7abd59d03+81203]
	GetHandleVerifier [0x0x7ff7abd48286+8886]
	BaseThreadInitThunk [0x0x7ff9c9b0e8d7+23]
	RtlUserThreadStart [0x0x7ff9cb08c53c+44]

[2025-11-19T13:14:10.412035] SCRAPER ratings fetch page 122 offset 2420 failed (attempt 5/5): Message: no such window: target window already closed
from unknown error: web view not found
  (Session info: MicrosoftEdge=142.0.3595.80)
Stacktrace:
	GetHandleVerifier [0x0x7ff7abd52a75+51877]
	GetHandleVerifier [0x0x7ff7abd52ad4+51972]
	GetHandleVerifier [0x0x7ff7abf09425+1848405]
	(No symbol) [0x0x7ff7abaa0e5f]
	(No symbol) [0x0x7ff7abb374ec]
	(No symbol) [0x0x7ff7abb4ed0a]
	(No symbol) [0x0x7ff7abb31df3]
	(No symbol) [0x0x7ff7abb05b36]
	(No symbol) [0x0x7ff7abb04d80]
	(No symbol) [0x0x7ff7abb05973]
	(No symbol) [0x0x7ff7abbce4a5]
	(No symbol) [0x0x7ff7abbca75d]
	GetHandleVerifier [0x0x7ff7abd7d2b3+226019]
	GetHandleVerifier [0x0x7ff7abd6c481+156849]
	GetHandleVerifier [0x0x7ff7abd74979+190889]
	GetHandleVerifier [0x0x7ff7abd59bb4+80868]
	GetHandleVerifier [0x0x7ff7abd59d03+81203]
	GetHandleVerifier [0x0x7ff7abd48286+8886]
	BaseThreadInitThunk [0x0x7ff9c9b0e8d7+23]
	RtlUserThreadStart [0x0x7ff9cb08c53c+44]

[2025-11-19T13:14:15.421159] SCRAPER skip page 122 after 5 failures; lanjut halaman berikutnya
[2025-11-19T13:14:15.423163] SCRAPER ratings fetch page 123 offset 2440 failed (attempt 1/5): Message: no such window: target window already closed
from unknown error: web view not found
  (Session info: MicrosoftEdge=142.0.3595.80)
Stacktrace:
	GetHandleVerifier [0x0x7ff7abd52a75+51877]
	GetHandleVerifier [0x0x7ff7abd52ad4+51972]
	GetHandleVerifier [0x0x7ff7abf09425+1848405]
	(No symbol) [0x0x7ff7abaa0e5f]
	(No symbol) [0x0x7ff7abb374ec]
	(No symbol) [0x0x7ff7abb4ed0a]
	(No symbol) [0x0x7ff7abb31df3]
	(No symbol) [0x0x7ff7abb05b36]
	(No symbol) [0x0x7ff7abb04d80]
	(No symbol) [0x0x7ff7abb05973]
	(No symbol) [0x0x7ff7abbce4a5]
	(No symbol) [0x0x7ff7abbca75d]
	GetHandleVerifier [0x0x7ff7abd7d2b3+226019]
	GetHandleVerifier [0x0x7ff7abd6c481+156849]
	GetHandleVerifier [0x0x7ff7abd74979+190889]
	GetHandleVerifier [0x0x7ff7abd59bb4+80868]
	GetHandleVerifier [0x0x7ff7abd59d03+81203]
	GetHandleVerifier [0x0x7ff7abd48286+8886]
	BaseThreadInitThunk [0x0x7ff9c9b0e8d7+23]
	RtlUserThreadStart [0x0x7ff9cb08c53c+44]

[2025-11-19T13:14:17.438968] SCRAPER ratings fetch page 123 offset 2440 failed (attempt 2/5): Message: no such window: target window already closed
from unknown error: web view not found
  (Session info: MicrosoftEdge=142.0.3595.80)
Stacktrace:
	GetHandleVerifier [0x0x7ff7abd52a75+51877]
	GetHandleVerifier [0x0x7ff7abd52ad4+51972]
	GetHandleVerifier [0x0x7ff7abf09425+1848405]
	(No symbol) [0x0x7ff7abaa0e5f]
	(No symbol) [0x0x7ff7abb374ec]
	(No symbol) [0x0x7ff7abb4ed0a]
	(No symbol) [0x0x7ff7abb31df3]
	(No symbol) [0x0x7ff7abb05b36]
	(No symbol) [0x0x7ff7abb04d80]
	(No symbol) [0x0x7ff7abb05973]
	(No symbol) [0x0x7ff7abbce4a5]
	(No symbol) [0x0x7ff7abbca75d]
	GetHandleVerifier [0x0x7ff7abd7d2b3+226019]
	GetHandleVerifier [0x0x7ff7abd6c481+156849]
	GetHandleVerifier [0x0x7ff7abd74979+190889]
	GetHandleVerifier [0x0x7ff7abd59bb4+80868]
	GetHandleVerifier [0x0x7ff7abd59d03+81203]
	GetHandleVerifier [0x0x7ff7abd48286+8886]
	BaseThreadInitThunk [0x0x7ff9c9b0e8d7+23]
	RtlUserThreadStart [0x0x7ff9cb08c53c+44]

[2025-11-19T13:14:20.452633] SCRAPER ratings fetch page 123 offset 2440 failed (attempt 3/5): Message: no such window: target window already closed
from unknown error: web view not found
  (Session info: MicrosoftEdge=142.0.3595.80)
Stacktrace:
	GetHandleVerifier [0x0x7ff7abd52a75+51877]
	GetHandleVerifier [0x0x7ff7abd52ad4+51972]
	GetHandleVerifier [0x0x7ff7abf09425+1848405]
	(No symbol) [0x0x7ff7abaa0e5f]
	(No symbol) [0x0x7ff7abb374ec]
	(No symbol) [0x0x7ff7abb4ed0a]
	(No symbol) [0x0x7ff7abb31df3]
	(No symbol) [0x0x7ff7abb05b36]
	(No symbol) [0x0x7ff7abb04d80]
	(No symbol) [0x0x7ff7abb05973]
	(No symbol) [0x0x7ff7abbce4a5]
	(No symbol) [0x0x7ff7abbca75d]
	GetHandleVerifier [0x0x7ff7abd7d2b3+226019]
	GetHandleVerifier [0x0x7ff7abd6c481+156849]
	GetHandleVerifier [0x0x7ff7abd74979+190889]
	GetHandleVerifier [0x0x7ff7abd59bb4+80868]
	GetHandleVerifier [0x0x7ff7abd59d03+81203]
	GetHandleVerifier [0x0x7ff7abd48286+8886]
	BaseThreadInitThunk [0x0x7ff9c9b0e8d7+23]
	RtlUserThreadStart [0x0x7ff9cb08c53c+44]

[2025-11-19T13:14:24.468924] SCRAPER ratings fetch page 123 offset 2440 failed (attempt 4/5): Message: no such window: target window already closed
from unknown error: web view not found
  (Session info: MicrosoftEdge=142.0.3595.80)
Stacktrace:
	GetHandleVerifier [0x0x7ff7abd52a75+51877]
	GetHandleVerifier [0x0x7ff7abd52ad4+51972]
	GetHandleVerifier [0x0x7ff7abf09425+1848405]
	(No symbol) [0x0x7ff7abaa0e5f]
	(No symbol) [0x0x7ff7abb374ec]
	(No symbol) [0x0x7ff7abb4ed0a]
	(No symbol) [0x0x7ff7abb31df3]
	(No symbol) [0x0x7ff7abb05b36]
	(No symbol) [0x0x7ff7abb04d80]
	(No symbol) [0x0x7ff7abb05973]
	(No symbol) [0x0x7ff7abbce4a5]
	(No symbol) [0x0x7ff7abbca75d]
	GetHandleVerifier [0x0x7ff7abd7d2b3+226019]
	GetHandleVerifier [0x0x7ff7abd6c481+156849]
	GetHandleVerifier [0x0x7ff7abd74979+190889]
	GetHandleVerifier [0x0x7ff7abd59bb4+80868]
	GetHandleVerifier [0x0x7ff7abd59d03+81203]
	GetHandleVerifier [0x0x7ff7abd48286+8886]
	BaseThreadInitThunk [0x0x7ff9c9b0e8d7+23]
	RtlUserThreadStart [0x0x7ff9cb08c53c+44]

[2025-11-19T13:14:29.473211] SCRAPER ratings fetch page 123 offset 2440 failed (attempt 5/5): Message: no such window: target window already closed
from unknown error: web view not found
  (Session info: MicrosoftEdge=142.0.3595.80)
Stacktrace:
	GetHandleVerifier [0x0x7ff7abd52a75+51877]
	GetHandleVerifier [0x0x7ff7abd52ad4+51972]
	GetHandleVerifier [0x0x7ff7abf09425+1848405]
	(No symbol) [0x0x7ff7abaa0e5f]
	(No symbol) [0x0x7ff7abb374ec]
	(No symbol) [0x0x7ff7abb4ed0a]
	(No symbol) [0x0x7ff7abb31df3]
	(No symbol) [0x0x7ff7abb05b36]
	(No symbol) [0x0x7ff7abb04d80]
	(No symbol) [0x0x7ff7abb05973]
	(No symbol) [0x0x7ff7abbce4a5]
	(No symbol) [0x0x7ff7abbca75d]
	GetHandleVerifier [0x0x7ff7abd7d2b3+226019]
	GetHandleVerifier [0x0x7ff7abd6c481+156849]
	GetHandleVerifier [0x0x7ff7abd74979+190889]
	GetHandleVerifier [0x0x7ff7abd59bb4+80868]
	GetHandleVerifier [0x0x7ff7abd59d03+81203]
	GetHandleVerifier [0x0x7ff7abd48286+8886]
	BaseThreadInitThunk [0x0x7ff9c9b0e8d7+23]
	RtlUserThreadStart [0x0x7ff9cb08c53c+44]

[2025-11-19T13:14:34.488322] SCRAPER skip page 123 after 5 failures; lanjut halaman berikutnya
[2025-11-19T13:14:34.492203] SCRAPER ratings fetch page 124 offset 2460 failed (attempt 1/5): Message: no such window: target window already closed
from unknown error: web view not found
  (Session info: MicrosoftEdge=142.0.3595.80)
Stacktrace:
	GetHandleVerifier [0x0x7ff7abd52a75+51877]
	GetHandleVerifier [0x0x7ff7abd52ad4+51972]
	GetHandleVerifier [0x0x7ff7abf09425+1848405]
	(No symbol) [0x0x7ff7abaa0e5f]
	(No symbol) [0x0x7ff7abb374ec]
	(No symbol) [0x0x7ff7abb4ed0a]
	(No symbol) [0x0x7ff7abb31df3]
	(No symbol) [0x0x7ff7abb05b36]
	(No symbol) [0x0x7ff7abb04d80]
	(No symbol) [0x0x7ff7abb05973]
	(No symbol) [0x0x7ff7abbce4a5]
	(No symbol) [0x0x7ff7abbca75d]
	GetHandleVerifier [0x0x7ff7abd7d2b3+226019]
	GetHandleVerifier [0x0x7ff7abd6c481+156849]
	GetHandleVerifier [0x0x7ff7abd74979+190889]
	GetHandleVerifier [0x0x7ff7abd59bb4+80868]
	GetHandleVerifier [0x0x7ff7abd59d03+81203]
	GetHandleVerifier [0x0x7ff7abd48286+8886]
	BaseThreadInitThunk [0x0x7ff9c9b0e8d7+23]
	RtlUserThreadStart [0x0x7ff9cb08c53c+44]

[2025-11-19T13:14:36.504319] SCRAPER ratings fetch page 124 offset 2460 failed (attempt 2/5): Message: no such window: target window already closed
from unknown error: web view not found
  (Session info: MicrosoftEdge=142.0.3595.80)
Stacktrace:
	GetHandleVerifier [0x0x7ff7abd52a75+51877]
	GetHandleVerifier [0x0x7ff7abd52ad4+51972]
	GetHandleVerifier [0x0x7ff7abf09425+1848405]
	(No symbol) [0x0x7ff7abaa0e5f]
	(No symbol) [0x0x7ff7abb374ec]
	(No symbol) [0x0x7ff7abb4ed0a]
	(No symbol) [0x0x7ff7abb31df3]
	(No symbol) [0x0x7ff7abb05b36]
	(No symbol) [0x0x7ff7abb04d80]
	(No symbol) [0x0x7ff7abb05973]
	(No symbol) [0x0x7ff7abbce4a5]
	(No symbol) [0x0x7ff7abbca75d]
	GetHandleVerifier [0x0x7ff7abd7d2b3+226019]
	GetHandleVerifier [0x0x7ff7abd6c481+156849]
	GetHandleVerifier [0x0x7ff7abd74979+190889]
	GetHandleVerifier [0x0x7ff7abd59bb4+80868]
	GetHandleVerifier [0x0x7ff7abd59d03+81203]
	GetHandleVerifier [0x0x7ff7abd48286+8886]
	BaseThreadInitThunk [0x0x7ff9c9b0e8d7+23]
	RtlUserThreadStart [0x0x7ff9cb08c53c+44]

[2025-11-19T13:14:39.514587] SCRAPER ratings fetch page 124 offset 2460 failed (attempt 3/5): Message: no such window: target window already closed
from unknown error: web view not found
  (Session info: MicrosoftEdge=142.0.3595.80)
Stacktrace:
	GetHandleVerifier [0x0x7ff7abd52a75+51877]
	GetHandleVerifier [0x0x7ff7abd52ad4+51972]
	GetHandleVerifier [0x0x7ff7abf09425+1848405]
	(No symbol) [0x0x7ff7abaa0e5f]
	(No symbol) [0x0x7ff7abb374ec]
	(No symbol) [0x0x7ff7abb4ed0a]
	(No symbol) [0x0x7ff7abb31df3]
	(No symbol) [0x0x7ff7abb05b36]
	(No symbol) [0x0x7ff7abb04d80]
	(No symbol) [0x0x7ff7abb05973]
	(No symbol) [0x0x7ff7abbce4a5]
	(No symbol) [0x0x7ff7abbca75d]
	GetHandleVerifier [0x0x7ff7abd7d2b3+226019]
	GetHandleVerifier [0x0x7ff7abd6c481+156849]
	GetHandleVerifier [0x0x7ff7abd74979+190889]
	GetHandleVerifier [0x0x7ff7abd59bb4+80868]
	GetHandleVerifier [0x0x7ff7abd59d03+81203]
	GetHandleVerifier [0x0x7ff7abd48286+8886]
	BaseThreadInitThunk [0x0x7ff9c9b0e8d7+23]
	RtlUserThreadStart [0x0x7ff9cb08c53c+44]

[2025-11-19T13:14:43.517545] SCRAPER ratings fetch page 124 offset 2460 failed (attempt 4/5): Message: no such window: target window already closed
from unknown error: web view not found
  (Session info: MicrosoftEdge=142.0.3595.80)
Stacktrace:
	GetHandleVerifier [0x0x7ff7abd52a75+51877]
	GetHandleVerifier [0x0x7ff7abd52ad4+51972]
	GetHandleVerifier [0x0x7ff7abf09425+1848405]
	(No symbol) [0x0x7ff7abaa0e5f]
	(No symbol) [0x0x7ff7abb374ec]
	(No symbol) [0x0x7ff7abb4ed0a]
	(No symbol) [0x0x7ff7abb31df3]
	(No symbol) [0x0x7ff7abb05b36]
	(No symbol) [0x0x7ff7abb04d80]
	(No symbol) [0x0x7ff7abb05973]
	(No symbol) [0x0x7ff7abbce4a5]
	(No symbol) [0x0x7ff7abbca75d]
	GetHandleVerifier [0x0x7ff7abd7d2b3+226019]
	GetHandleVerifier [0x0x7ff7abd6c481+156849]
	GetHandleVerifier [0x0x7ff7abd74979+190889]
	GetHandleVerifier [0x0x7ff7abd59bb4+80868]
	GetHandleVerifier [0x0x7ff7abd59d03+81203]
	GetHandleVerifier [0x0x7ff7abd48286+8886]
	BaseThreadInitThunk [0x0x7ff9c9b0e8d7+23]
	RtlUserThreadStart [0x0x7ff9cb08c53c+44]

[2025-11-19T13:14:48.526208] SCRAPER ratings fetch page 124 offset 2460 failed (attempt 5/5): Message: no such window: target window already closed
from unknown error: web view not found
  (Session info: MicrosoftEdge=142.0.3595.80)
Stacktrace:
	GetHandleVerifier [0x0x7ff7abd52a75+51877]
	GetHandleVerifier [0x0x7ff7abd52ad4+51972]
	GetHandleVerifier [0x0x7ff7abf09425+1848405]
	(No symbol) [0x0x7ff7abaa0e5f]
	(No symbol) [0x0x7ff7abb374ec]
	(No symbol) [0x0x7ff7abb4ed0a]
	(No symbol) [0x0x7ff7abb31df3]
	(No symbol) [0x0x7ff7abb05b36]
	(No symbol) [0x0x7ff7abb04d80]
	(No symbol) [0x0x7ff7abb05973]
	(No symbol) [0x0x7ff7abbce4a5]
	(No symbol) [0x0x7ff7abbca75d]
	GetHandleVerifier [0x0x7ff7abd7d2b3+226019]
	GetHandleVerifier [0x0x7ff7abd6c481+156849]
	GetHandleVerifier [0x0x7ff7abd74979+190889]
	GetHandleVerifier [0x0x7ff7abd59bb4+80868]
	GetHandleVerifier [0x0x7ff7abd59d03+81203]
	GetHandleVerifier [0x0x7ff7abd48286+8886]
	BaseThreadInitThunk [0x0x7ff9c9b0e8d7+23]
	RtlUserThreadStart [0x0x7ff9cb08c53c+44]

[2025-11-19T13:14:53.541596] SCRAPER skip page 124 after 5 failures; lanjut halaman berikutnya
[2025-11-19T13:14:53.542578] SCRAPER ratings fetch page 125 offset 2480 failed (attempt 1/5): Message: no such window: target window already closed
from unknown error: web view not found
  (Session info: MicrosoftEdge=142.0.3595.80)
Stacktrace:
	GetHandleVerifier [0x0x7ff7abd52a75+51877]
	GetHandleVerifier [0x0x7ff7abd52ad4+51972]
	GetHandleVerifier [0x0x7ff7abf09425+1848405]
	(No symbol) [0x0x7ff7abaa0e5f]
	(No symbol) [0x0x7ff7abb374ec]
	(No symbol) [0x0x7ff7abb4ed0a]
	(No symbol) [0x0x7ff7abb31df3]
	(No symbol) [0x0x7ff7abb05b36]
	(No symbol) [0x0x7ff7abb04d80]
	(No symbol) [0x0x7ff7abb05973]
	(No symbol) [0x0x7ff7abbce4a5]
	(No symbol) [0x0x7ff7abbca75d]
	GetHandleVerifier [0x0x7ff7abd7d2b3+226019]
	GetHandleVerifier [0x0x7ff7abd6c481+156849]
	GetHandleVerifier [0x0x7ff7abd74979+190889]
	GetHandleVerifier [0x0x7ff7abd59bb4+80868]
	GetHandleVerifier [0x0x7ff7abd59d03+81203]
	GetHandleVerifier [0x0x7ff7abd48286+8886]
	BaseThreadInitThunk [0x0x7ff9c9b0e8d7+23]
	RtlUserThreadStart [0x0x7ff9cb08c53c+44]

[2025-11-19T13:14:55.552401] SCRAPER ratings fetch page 125 offset 2480 failed (attempt 2/5): Message: no such window: target window already closed
from unknown error: web view not found
  (Session info: MicrosoftEdge=142.0.3595.80)
Stacktrace:
	GetHandleVerifier [0x0x7ff7abd52a75+51877]
	GetHandleVerifier [0x0x7ff7abd52ad4+51972]
	GetHandleVerifier [0x0x7ff7abf09425+1848405]
	(No symbol) [0x0x7ff7abaa0e5f]
	(No symbol) [0x0x7ff7abb374ec]
	(No symbol) [0x0x7ff7abb4ed0a]
	(No symbol) [0x0x7ff7abb31df3]
	(No symbol) [0x0x7ff7abb05b36]
	(No symbol) [0x0x7ff7abb04d80]
	(No symbol) [0x0x7ff7abb05973]
	(No symbol) [0x0x7ff7abbce4a5]
	(No symbol) [0x0x7ff7abbca75d]
	GetHandleVerifier [0x0x7ff7abd7d2b3+226019]
	GetHandleVerifier [0x0x7ff7abd6c481+156849]
	GetHandleVerifier [0x0x7ff7abd74979+190889]
	GetHandleVerifier [0x0x7ff7abd59bb4+80868]
	GetHandleVerifier [0x0x7ff7abd59d03+81203]
	GetHandleVerifier [0x0x7ff7abd48286+8886]
	BaseThreadInitThunk [0x0x7ff9c9b0e8d7+23]
	RtlUserThreadStart [0x0x7ff9cb08c53c+44]

[2025-11-19T13:14:58.568090] SCRAPER ratings fetch page 125 offset 2480 failed (attempt 3/5): Message: no such window: target window already closed
from unknown error: web view not found
  (Session info: MicrosoftEdge=142.0.3595.80)
Stacktrace:
	GetHandleVerifier [0x0x7ff7abd52a75+51877]
	GetHandleVerifier [0x0x7ff7abd52ad4+51972]
	GetHandleVerifier [0x0x7ff7abf09425+1848405]
	(No symbol) [0x0x7ff7abaa0e5f]
	(No symbol) [0x0x7ff7abb374ec]
	(No symbol) [0x0x7ff7abb4ed0a]
	(No symbol) [0x0x7ff7abb31df3]
	(No symbol) [0x0x7ff7abb05b36]
	(No symbol) [0x0x7ff7abb04d80]
	(No symbol) [0x0x7ff7abb05973]
	(No symbol) [0x0x7ff7abbce4a5]
	(No symbol) [0x0x7ff7abbca75d]
	GetHandleVerifier [0x0x7ff7abd7d2b3+226019]
	GetHandleVerifier [0x0x7ff7abd6c481+156849]
	GetHandleVerifier [0x0x7ff7abd74979+190889]
	GetHandleVerifier [0x0x7ff7abd59bb4+80868]
	GetHandleVerifier [0x0x7ff7abd59d03+81203]
	GetHandleVerifier [0x0x7ff7abd48286+8886]
	BaseThreadInitThunk [0x0x7ff9c9b0e8d7+23]
	RtlUserThreadStart [0x0x7ff9cb08c53c+44]

[2025-11-19T13:15:02.574572] SCRAPER ratings fetch page 125 offset 2480 failed (attempt 4/5): Message: no such window: target window already closed
from unknown error: web view not found
  (Session info: MicrosoftEdge=142.0.3595.80)
Stacktrace:
	GetHandleVerifier [0x0x7ff7abd52a75+51877]
	GetHandleVerifier [0x0x7ff7abd52ad4+51972]
	GetHandleVerifier [0x0x7ff7abf09425+1848405]
	(No symbol) [0x0x7ff7abaa0e5f]
	(No symbol) [0x0x7ff7abb374ec]
	(No symbol) [0x0x7ff7abb4ed0a]
	(No symbol) [0x0x7ff7abb31df3]
	(No symbol) [0x0x7ff7abb05b36]
	(No symbol) [0x0x7ff7abb04d80]
	(No symbol) [0x0x7ff7abb05973]
	(No symbol) [0x0x7ff7abbce4a5]
	(No symbol) [0x0x7ff7abbca75d]
	GetHandleVerifier [0x0x7ff7abd7d2b3+226019]
	GetHandleVerifier [0x0x7ff7abd6c481+156849]
	GetHandleVerifier [0x0x7ff7abd74979+190889]
	GetHandleVerifier [0x0x7ff7abd59bb4+80868]
	GetHandleVerifier [0x0x7ff7abd59d03+81203]
	GetHandleVerifier [0x0x7ff7abd48286+8886]
	BaseThreadInitThunk [0x0x7ff9c9b0e8d7+23]
	RtlUserThreadStart [0x0x7ff9cb08c53c+44]

[2025-11-19T13:15:07.587139] SCRAPER ratings fetch page 125 offset 2480 failed (attempt 5/5): Message: no such window: target window already closed
from unknown error: web view not found
  (Session info: MicrosoftEdge=142.0.3595.80)
Stacktrace:
	GetHandleVerifier [0x0x7ff7abd52a75+51877]
	GetHandleVerifier [0x0x7ff7abd52ad4+51972]
	GetHandleVerifier [0x0x7ff7abf09425+1848405]
	(No symbol) [0x0x7ff7abaa0e5f]
	(No symbol) [0x0x7ff7abb374ec]
	(No symbol) [0x0x7ff7abb4ed0a]
	(No symbol) [0x0x7ff7abb31df3]
	(No symbol) [0x0x7ff7abb05b36]
	(No symbol) [0x0x7ff7abb04d80]
	(No symbol) [0x0x7ff7abb05973]
	(No symbol) [0x0x7ff7abbce4a5]
	(No symbol) [0x0x7ff7abbca75d]
	GetHandleVerifier [0x0x7ff7abd7d2b3+226019]
	GetHandleVerifier [0x0x7ff7abd6c481+156849]
	GetHandleVerifier [0x0x7ff7abd74979+190889]
	GetHandleVerifier [0x0x7ff7abd59bb4+80868]
	GetHandleVerifier [0x0x7ff7abd59d03+81203]
	GetHandleVerifier [0x0x7ff7abd48286+8886]
	BaseThreadInitThunk [0x0x7ff9c9b0e8d7+23]
	RtlUserThreadStart [0x0x7ff9cb08c53c+44]

[2025-11-19T13:15:12.597271] SCRAPER skip page 125 after 5 failures; lanjut halaman berikutnya
[2025-11-19T13:15:12.601339] SCRAPER ratings fetch page 126 offset 2500 failed (attempt 1/5): Message: no such window: target window already closed
from unknown error: web view not found
  (Session info: MicrosoftEdge=142.0.3595.80)
Stacktrace:
	GetHandleVerifier [0x0x7ff7abd52a75+51877]
	GetHandleVerifier [0x0x7ff7abd52ad4+51972]
	GetHandleVerifier [0x0x7ff7abf09425+1848405]
	(No symbol) [0x0x7ff7abaa0e5f]
	(No symbol) [0x0x7ff7abb374ec]
	(No symbol) [0x0x7ff7abb4ed0a]
	(No symbol) [0x0x7ff7abb31df3]
	(No symbol) [0x0x7ff7abb05b36]
	(No symbol) [0x0x7ff7abb04d80]
	(No symbol) [0x0x7ff7abb05973]
	(No symbol) [0x0x7ff7abbce4a5]
	(No symbol) [0x0x7ff7abbca75d]
	GetHandleVerifier [0x0x7ff7abd7d2b3+226019]
	GetHandleVerifier [0x0x7ff7abd6c481+156849]
	GetHandleVerifier [0x0x7ff7abd74979+190889]
	GetHandleVerifier [0x0x7ff7abd59bb4+80868]
	GetHandleVerifier [0x0x7ff7abd59d03+81203]
	GetHandleVerifier [0x0x7ff7abd48286+8886]
	BaseThreadInitThunk [0x0x7ff9c9b0e8d7+23]
	RtlUserThreadStart [0x0x7ff9cb08c53c+44]

[2025-11-19T13:15:14.617267] SCRAPER ratings fetch page 126 offset 2500 failed (attempt 2/5): Message: no such window: target window already closed
from unknown error: web view not found
  (Session info: MicrosoftEdge=142.0.3595.80)
Stacktrace:
	GetHandleVerifier [0x0x7ff7abd52a75+51877]
	GetHandleVerifier [0x0x7ff7abd52ad4+51972]
	GetHandleVerifier [0x0x7ff7abf09425+1848405]
	(No symbol) [0x0x7ff7abaa0e5f]
	(No symbol) [0x0x7ff7abb374ec]
	(No symbol) [0x0x7ff7abb4ed0a]
	(No symbol) [0x0x7ff7abb31df3]
	(No symbol) [0x0x7ff7abb05b36]
	(No symbol) [0x0x7ff7abb04d80]
	(No symbol) [0x0x7ff7abb05973]
	(No symbol) [0x0x7ff7abbce4a5]
	(No symbol) [0x0x7ff7abbca75d]
	GetHandleVerifier [0x0x7ff7abd7d2b3+226019]
	GetHandleVerifier [0x0x7ff7abd6c481+156849]
	GetHandleVerifier [0x0x7ff7abd74979+190889]
	GetHandleVerifier [0x0x7ff7abd59bb4+80868]
	GetHandleVerifier [0x0x7ff7abd59d03+81203]
	GetHandleVerifier [0x0x7ff7abd48286+8886]
	BaseThreadInitThunk [0x0x7ff9c9b0e8d7+23]
	RtlUserThreadStart [0x0x7ff9cb08c53c+44]

[2025-11-19T13:15:17.625984] SCRAPER ratings fetch page 126 offset 2500 failed (attempt 3/5): Message: no such window: target window already closed
from unknown error: web view not found
  (Session info: MicrosoftEdge=142.0.3595.80)
Stacktrace:
	GetHandleVerifier [0x0x7ff7abd52a75+51877]
	GetHandleVerifier [0x0x7ff7abd52ad4+51972]
	GetHandleVerifier [0x0x7ff7abf09425+1848405]
	(No symbol) [0x0x7ff7abaa0e5f]
	(No symbol) [0x0x7ff7abb374ec]
	(No symbol) [0x0x7ff7abb4ed0a]
	(No symbol) [0x0x7ff7abb31df3]
	(No symbol) [0x0x7ff7abb05b36]
	(No symbol) [0x0x7ff7abb04d80]
	(No symbol) [0x0x7ff7abb05973]
	(No symbol) [0x0x7ff7abbce4a5]
	(No symbol) [0x0x7ff7abbca75d]
	GetHandleVerifier [0x0x7ff7abd7d2b3+226019]
	GetHandleVerifier [0x0x7ff7abd6c481+156849]
	GetHandleVerifier [0x0x7ff7abd74979+190889]
	GetHandleVerifier [0x0x7ff7abd59bb4+80868]
	GetHandleVerifier [0x0x7ff7abd59d03+81203]
	GetHandleVerifier [0x0x7ff7abd48286+8886]
	BaseThreadInitThunk [0x0x7ff9c9b0e8d7+23]
	RtlUserThreadStart [0x0x7ff9cb08c53c+44]

[2025-11-19T13:15:21.638604] SCRAPER ratings fetch page 126 offset 2500 failed (attempt 4/5): Message: no such window: target window already closed
from unknown error: web view not found
  (Session info: MicrosoftEdge=142.0.3595.80)
Stacktrace:
	GetHandleVerifier [0x0x7ff7abd52a75+51877]
	GetHandleVerifier [0x0x7ff7abd52ad4+51972]
	GetHandleVerifier [0x0x7ff7abf09425+1848405]
	(No symbol) [0x0x7ff7abaa0e5f]
	(No symbol) [0x0x7ff7abb374ec]
	(No symbol) [0x0x7ff7abb4ed0a]
	(No symbol) [0x0x7ff7abb31df3]
	(No symbol) [0x0x7ff7abb05b36]
	(No symbol) [0x0x7ff7abb04d80]
	(No symbol) [0x0x7ff7abb05973]
	(No symbol) [0x0x7ff7abbce4a5]
	(No symbol) [0x0x7ff7abbca75d]
	GetHandleVerifier [0x0x7ff7abd7d2b3+226019]
	GetHandleVerifier [0x0x7ff7abd6c481+156849]
	GetHandleVerifier [0x0x7ff7abd74979+190889]
	GetHandleVerifier [0x0x7ff7abd59bb4+80868]
	GetHandleVerifier [0x0x7ff7abd59d03+81203]
	GetHandleVerifier [0x0x7ff7abd48286+8886]
	BaseThreadInitThunk [0x0x7ff9c9b0e8d7+23]
	RtlUserThreadStart [0x0x7ff9cb08c53c+44]

[2025-11-19T13:15:26.647467] SCRAPER ratings fetch page 126 offset 2500 failed (attempt 5/5): Message: no such window: target window already closed
from unknown error: web view not found
  (Session info: MicrosoftEdge=142.0.3595.80)
Stacktrace:
	GetHandleVerifier [0x0x7ff7abd52a75+51877]
	GetHandleVerifier [0x0x7ff7abd52ad4+51972]
	GetHandleVerifier [0x0x7ff7abf09425+1848405]
	(No symbol) [0x0x7ff7abaa0e5f]
	(No symbol) [0x0x7ff7abb374ec]
	(No symbol) [0x0x7ff7abb4ed0a]
	(No symbol) [0x0x7ff7abb31df3]
	(No symbol) [0x0x7ff7abb05b36]
	(No symbol) [0x0x7ff7abb04d80]
	(No symbol) [0x0x7ff7abb05973]
	(No symbol) [0x0x7ff7abbce4a5]
	(No symbol) [0x0x7ff7abbca75d]
	GetHandleVerifier [0x0x7ff7abd7d2b3+226019]
	GetHandleVerifier [0x0x7ff7abd6c481+156849]
	GetHandleVerifier [0x0x7ff7abd74979+190889]
	GetHandleVerifier [0x0x7ff7abd59bb4+80868]
	GetHandleVerifier [0x0x7ff7abd59d03+81203]
	GetHandleVerifier [0x0x7ff7abd48286+8886]
	BaseThreadInitThunk [0x0x7ff9c9b0e8d7+23]
	RtlUserThreadStart [0x0x7ff9cb08c53c+44]

[2025-11-19T13:15:31.659685] SCRAPER skip page 126 after 5 failures; lanjut halaman berikutnya
[2025-11-19T13:15:31.661701] SCRAPER ratings fetch page 127 offset 2520 failed (attempt 1/5): Message: no such window: target window already closed
from unknown error: web view not found
  (Session info: MicrosoftEdge=142.0.3595.80)
Stacktrace:
	GetHandleVerifier [0x0x7ff7abd52a75+51877]
	GetHandleVerifier [0x0x7ff7abd52ad4+51972]
	GetHandleVerifier [0x0x7ff7abf09425+1848405]
	(No symbol) [0x0x7ff7abaa0e5f]
	(No symbol) [0x0x7ff7abb374ec]
	(No symbol) [0x0x7ff7abb4ed0a]
	(No symbol) [0x0x7ff7abb31df3]
	(No symbol) [0x0x7ff7abb05b36]
	(No symbol) [0x0x7ff7abb04d80]
	(No symbol) [0x0x7ff7abb05973]
	(No symbol) [0x0x7ff7abbce4a5]
	(No symbol) [0x0x7ff7abbca75d]
	GetHandleVerifier [0x0x7ff7abd7d2b3+226019]
	GetHandleVerifier [0x0x7ff7abd6c481+156849]
	GetHandleVerifier [0x0x7ff7abd74979+190889]
	GetHandleVerifier [0x0x7ff7abd59bb4+80868]
	GetHandleVerifier [0x0x7ff7abd59d03+81203]
	GetHandleVerifier [0x0x7ff7abd48286+8886]
	BaseThreadInitThunk [0x0x7ff9c9b0e8d7+23]
	RtlUserThreadStart [0x0x7ff9cb08c53c+44]

[2025-11-19T13:15:33.674442] SCRAPER ratings fetch page 127 offset 2520 failed (attempt 2/5): Message: no such window: target window already closed
from unknown error: web view not found
  (Session info: MicrosoftEdge=142.0.3595.80)
Stacktrace:
	GetHandleVerifier [0x0x7ff7abd52a75+51877]
	GetHandleVerifier [0x0x7ff7abd52ad4+51972]
	GetHandleVerifier [0x0x7ff7abf09425+1848405]
	(No symbol) [0x0x7ff7abaa0e5f]
	(No symbol) [0x0x7ff7abb374ec]
	(No symbol) [0x0x7ff7abb4ed0a]
	(No symbol) [0x0x7ff7abb31df3]
	(No symbol) [0x0x7ff7abb05b36]
	(No symbol) [0x0x7ff7abb04d80]
	(No symbol) [0x0x7ff7abb05973]
	(No symbol) [0x0x7ff7abbce4a5]
	(No symbol) [0x0x7ff7abbca75d]
	GetHandleVerifier [0x0x7ff7abd7d2b3+226019]
	GetHandleVerifier [0x0x7ff7abd6c481+156849]
	GetHandleVerifier [0x0x7ff7abd74979+190889]
	GetHandleVerifier [0x0x7ff7abd59bb4+80868]
	GetHandleVerifier [0x0x7ff7abd59d03+81203]
	GetHandleVerifier [0x0x7ff7abd48286+8886]
	BaseThreadInitThunk [0x0x7ff9c9b0e8d7+23]
	RtlUserThreadStart [0x0x7ff9cb08c53c+44]

[2025-11-19T13:15:36.691576] SCRAPER ratings fetch page 127 offset 2520 failed (attempt 3/5): Message: no such window: target window already closed
from unknown error: web view not found
  (Session info: MicrosoftEdge=142.0.3595.80)
Stacktrace:
	GetHandleVerifier [0x0x7ff7abd52a75+51877]
	GetHandleVerifier [0x0x7ff7abd52ad4+51972]
	GetHandleVerifier [0x0x7ff7abf09425+1848405]
	(No symbol) [0x0x7ff7abaa0e5f]
	(No symbol) [0x0x7ff7abb374ec]
	(No symbol) [0x0x7ff7abb4ed0a]
	(No symbol) [0x0x7ff7abb31df3]
	(No symbol) [0x0x7ff7abb05b36]
	(No symbol) [0x0x7ff7abb04d80]
	(No symbol) [0x0x7ff7abb05973]
	(No symbol) [0x0x7ff7abbce4a5]
	(No symbol) [0x0x7ff7abbca75d]
	GetHandleVerifier [0x0x7ff7abd7d2b3+226019]
	GetHandleVerifier [0x0x7ff7abd6c481+156849]
	GetHandleVerifier [0x0x7ff7abd74979+190889]
	GetHandleVerifier [0x0x7ff7abd59bb4+80868]
	GetHandleVerifier [0x0x7ff7abd59d03+81203]
	GetHandleVerifier [0x0x7ff7abd48286+8886]
	BaseThreadInitThunk [0x0x7ff9c9b0e8d7+23]
	RtlUserThreadStart [0x0x7ff9cb08c53c+44]

[2025-11-19T13:15:40.700821] SCRAPER ratings fetch page 127 offset 2520 failed (attempt 4/5): Message: no such window: target window already closed
from unknown error: web view not found
  (Session info: MicrosoftEdge=142.0.3595.80)
Stacktrace:
	GetHandleVerifier [0x0x7ff7abd52a75+51877]
	GetHandleVerifier [0x0x7ff7abd52ad4+51972]
	GetHandleVerifier [0x0x7ff7abf09425+1848405]
	(No symbol) [0x0x7ff7abaa0e5f]
	(No symbol) [0x0x7ff7abb374ec]
	(No symbol) [0x0x7ff7abb4ed0a]
	(No symbol) [0x0x7ff7abb31df3]
	(No symbol) [0x0x7ff7abb05b36]
	(No symbol) [0x0x7ff7abb04d80]
	(No symbol) [0x0x7ff7abb05973]
	(No symbol) [0x0x7ff7abbce4a5]
	(No symbol) [0x0x7ff7abbca75d]
	GetHandleVerifier [0x0x7ff7abd7d2b3+226019]
	GetHandleVerifier [0x0x7ff7abd6c481+156849]
	GetHandleVerifier [0x0x7ff7abd74979+190889]
	GetHandleVerifier [0x0x7ff7abd59bb4+80868]
	GetHandleVerifier [0x0x7ff7abd59d03+81203]
	GetHandleVerifier [0x0x7ff7abd48286+8886]
	BaseThreadInitThunk [0x0x7ff9c9b0e8d7+23]
	RtlUserThreadStart [0x0x7ff9cb08c53c+44]

[2025-11-19T13:15:45.705988] SCRAPER ratings fetch page 127 offset 2520 failed (attempt 5/5): Message: no such window: target window already closed
from unknown error: web view not found
  (Session info: MicrosoftEdge=142.0.3595.80)
Stacktrace:
	GetHandleVerifier [0x0x7ff7abd52a75+51877]
	GetHandleVerifier [0x0x7ff7abd52ad4+51972]
	GetHandleVerifier [0x0x7ff7abf09425+1848405]
	(No symbol) [0x0x7ff7abaa0e5f]
	(No symbol) [0x0x7ff7abb374ec]
	(No symbol) [0x0x7ff7abb4ed0a]
	(No symbol) [0x0x7ff7abb31df3]
	(No symbol) [0x0x7ff7abb05b36]
	(No symbol) [0x0x7ff7abb04d80]
	(No symbol) [0x0x7ff7abb05973]
	(No symbol) [0x0x7ff7abbce4a5]
	(No symbol) [0x0x7ff7abbca75d]
	GetHandleVerifier [0x0x7ff7abd7d2b3+226019]
	GetHandleVerifier [0x0x7ff7abd6c481+156849]
	GetHandleVerifier [0x0x7ff7abd74979+190889]
	GetHandleVerifier [0x0x7ff7abd59bb4+80868]
	GetHandleVerifier [0x0x7ff7abd59d03+81203]
	GetHandleVerifier [0x0x7ff7abd48286+8886]
	BaseThreadInitThunk [0x0x7ff9c9b0e8d7+23]
	RtlUserThreadStart [0x0x7ff9cb08c53c+44]

[2025-11-19T13:15:50.714292] SCRAPER skip page 127 after 5 failures; lanjut halaman berikutnya
[2025-11-19T13:15:50.717312] SCRAPER ratings fetch page 128 offset 2540 failed (attempt 1/5): Message: no such window: target window already closed
from unknown error: web view not found
  (Session info: MicrosoftEdge=142.0.3595.80)
Stacktrace:
	GetHandleVerifier [0x0x7ff7abd52a75+51877]
	GetHandleVerifier [0x0x7ff7abd52ad4+51972]
	GetHandleVerifier [0x0x7ff7abf09425+1848405]
	(No symbol) [0x0x7ff7abaa0e5f]
	(No symbol) [0x0x7ff7abb374ec]
	(No symbol) [0x0x7ff7abb4ed0a]
	(No symbol) [0x0x7ff7abb31df3]
	(No symbol) [0x0x7ff7abb05b36]
	(No symbol) [0x0x7ff7abb04d80]
	(No symbol) [0x0x7ff7abb05973]
	(No symbol) [0x0x7ff7abbce4a5]
	(No symbol) [0x0x7ff7abbca75d]
	GetHandleVerifier [0x0x7ff7abd7d2b3+226019]
	GetHandleVerifier [0x0x7ff7abd6c481+156849]
	GetHandleVerifier [0x0x7ff7abd74979+190889]
	GetHandleVerifier [0x0x7ff7abd59bb4+80868]
	GetHandleVerifier [0x0x7ff7abd59d03+81203]
	GetHandleVerifier [0x0x7ff7abd48286+8886]
	BaseThreadInitThunk [0x0x7ff9c9b0e8d7+23]
	RtlUserThreadStart [0x0x7ff9cb08c53c+44]

[2025-11-19T13:15:52.734923] SCRAPER ratings fetch page 128 offset 2540 failed (attempt 2/5): Message: no such window: target window already closed
from unknown error: web view not found
  (Session info: MicrosoftEdge=142.0.3595.80)
Stacktrace:
	GetHandleVerifier [0x0x7ff7abd52a75+51877]
	GetHandleVerifier [0x0x7ff7abd52ad4+51972]
	GetHandleVerifier [0x0x7ff7abf09425+1848405]
	(No symbol) [0x0x7ff7abaa0e5f]
	(No symbol) [0x0x7ff7abb374ec]
	(No symbol) [0x0x7ff7abb4ed0a]
	(No symbol) [0x0x7ff7abb31df3]
	(No symbol) [0x0x7ff7abb05b36]
	(No symbol) [0x0x7ff7abb04d80]
	(No symbol) [0x0x7ff7abb05973]
	(No symbol) [0x0x7ff7abbce4a5]
	(No symbol) [0x0x7ff7abbca75d]
	GetHandleVerifier [0x0x7ff7abd7d2b3+226019]
	GetHandleVerifier [0x0x7ff7abd6c481+156849]
	GetHandleVerifier [0x0x7ff7abd74979+190889]
	GetHandleVerifier [0x0x7ff7abd59bb4+80868]
	GetHandleVerifier [0x0x7ff7abd59d03+81203]
	GetHandleVerifier [0x0x7ff7abd48286+8886]
	BaseThreadInitThunk [0x0x7ff9c9b0e8d7+23]
	RtlUserThreadStart [0x0x7ff9cb08c53c+44]

[2025-11-19T13:15:55.750540] SCRAPER ratings fetch page 128 offset 2540 failed (attempt 3/5): Message: no such window: target window already closed
from unknown error: web view not found
  (Session info: MicrosoftEdge=142.0.3595.80)
Stacktrace:
	GetHandleVerifier [0x0x7ff7abd52a75+51877]
	GetHandleVerifier [0x0x7ff7abd52ad4+51972]
	GetHandleVerifier [0x0x7ff7abf09425+1848405]
	(No symbol) [0x0x7ff7abaa0e5f]
	(No symbol) [0x0x7ff7abb374ec]
	(No symbol) [0x0x7ff7abb4ed0a]
	(No symbol) [0x0x7ff7abb31df3]
	(No symbol) [0x0x7ff7abb05b36]
	(No symbol) [0x0x7ff7abb04d80]
	(No symbol) [0x0x7ff7abb05973]
	(No symbol) [0x0x7ff7abbce4a5]
	(No symbol) [0x0x7ff7abbca75d]
	GetHandleVerifier [0x0x7ff7abd7d2b3+226019]
	GetHandleVerifier [0x0x7ff7abd6c481+156849]
	GetHandleVerifier [0x0x7ff7abd74979+190889]
	GetHandleVerifier [0x0x7ff7abd59bb4+80868]
	GetHandleVerifier [0x0x7ff7abd59d03+81203]
	GetHandleVerifier [0x0x7ff7abd48286+8886]
	BaseThreadInitThunk [0x0x7ff9c9b0e8d7+23]
	RtlUserThreadStart [0x0x7ff9cb08c53c+44]

[2025-11-19T13:15:59.754743] SCRAPER ratings fetch page 128 offset 2540 failed (attempt 4/5): Message: no such window: target window already closed
from unknown error: web view not found
  (Session info: MicrosoftEdge=142.0.3595.80)
Stacktrace:
	GetHandleVerifier [0x0x7ff7abd52a75+51877]
	GetHandleVerifier [0x0x7ff7abd52ad4+51972]
	GetHandleVerifier [0x0x7ff7abf09425+1848405]
	(No symbol) [0x0x7ff7abaa0e5f]
	(No symbol) [0x0x7ff7abb374ec]
	(No symbol) [0x0x7ff7abb4ed0a]
	(No symbol) [0x0x7ff7abb31df3]
	(No symbol) [0x0x7ff7abb05b36]
	(No symbol) [0x0x7ff7abb04d80]
	(No symbol) [0x0x7ff7abb05973]
	(No symbol) [0x0x7ff7abbce4a5]
	(No symbol) [0x0x7ff7abbca75d]
	GetHandleVerifier [0x0x7ff7abd7d2b3+226019]
	GetHandleVerifier [0x0x7ff7abd6c481+156849]
	GetHandleVerifier [0x0x7ff7abd74979+190889]
	GetHandleVerifier [0x0x7ff7abd59bb4+80868]
	GetHandleVerifier [0x0x7ff7abd59d03+81203]
	GetHandleVerifier [0x0x7ff7abd48286+8886]
	BaseThreadInitThunk [0x0x7ff9c9b0e8d7+23]
	RtlUserThreadStart [0x0x7ff9cb08c53c+44]

[2025-11-19T13:16:04.765534] SCRAPER ratings fetch page 128 offset 2540 failed (attempt 5/5): Message: no such window: target window already closed
from unknown error: web view not found
  (Session info: MicrosoftEdge=142.0.3595.80)
Stacktrace:
	GetHandleVerifier [0x0x7ff7abd52a75+51877]
	GetHandleVerifier [0x0x7ff7abd52ad4+51972]
	GetHandleVerifier [0x0x7ff7abf09425+1848405]
	(No symbol) [0x0x7ff7abaa0e5f]
	(No symbol) [0x0x7ff7abb374ec]
	(No symbol) [0x0x7ff7abb4ed0a]
	(No symbol) [0x0x7ff7abb31df3]
	(No symbol) [0x0x7ff7abb05b36]
	(No symbol) [0x0x7ff7abb04d80]
	(No symbol) [0x0x7ff7abb05973]
	(No symbol) [0x0x7ff7abbce4a5]
	(No symbol) [0x0x7ff7abbca75d]
	GetHandleVerifier [0x0x7ff7abd7d2b3+226019]
	GetHandleVerifier [0x0x7ff7abd6c481+156849]
	GetHandleVerifier [0x0x7ff7abd74979+190889]
	GetHandleVerifier [0x0x7ff7abd59bb4+80868]
	GetHandleVerifier [0x0x7ff7abd59d03+81203]
	GetHandleVerifier [0x0x7ff7abd48286+8886]
	BaseThreadInitThunk [0x0x7ff9c9b0e8d7+23]
	RtlUserThreadStart [0x0x7ff9cb08c53c+44]

[2025-11-19T13:16:09.776385] SCRAPER skip page 128 after 5 failures; lanjut halaman berikutnya
[2025-11-19T13:16:09.780335] SCRAPER ratings fetch page 129 offset 2560 failed (attempt 1/5): Message: no such window: target window already closed
from unknown error: web view not found
  (Session info: MicrosoftEdge=142.0.3595.80)
Stacktrace:
	GetHandleVerifier [0x0x7ff7abd52a75+51877]
	GetHandleVerifier [0x0x7ff7abd52ad4+51972]
	GetHandleVerifier [0x0x7ff7abf09425+1848405]
	(No symbol) [0x0x7ff7abaa0e5f]
	(No symbol) [0x0x7ff7abb374ec]
	(No symbol) [0x0x7ff7abb4ed0a]
	(No symbol) [0x0x7ff7abb31df3]
	(No symbol) [0x0x7ff7abb05b36]
	(No symbol) [0x0x7ff7abb04d80]
	(No symbol) [0x0x7ff7abb05973]
	(No symbol) [0x0x7ff7abbce4a5]
	(No symbol) [0x0x7ff7abbca75d]
	GetHandleVerifier [0x0x7ff7abd7d2b3+226019]
	GetHandleVerifier [0x0x7ff7abd6c481+156849]
	GetHandleVerifier [0x0x7ff7abd74979+190889]
	GetHandleVerifier [0x0x7ff7abd59bb4+80868]
	GetHandleVerifier [0x0x7ff7abd59d03+81203]
	GetHandleVerifier [0x0x7ff7abd48286+8886]
	BaseThreadInitThunk [0x0x7ff9c9b0e8d7+23]
	RtlUserThreadStart [0x0x7ff9cb08c53c+44]

[2025-11-19T13:16:11.793260] SCRAPER ratings fetch page 129 offset 2560 failed (attempt 2/5): Message: no such window: target window already closed
from unknown error: web view not found
  (Session info: MicrosoftEdge=142.0.3595.80)
Stacktrace:
	GetHandleVerifier [0x0x7ff7abd52a75+51877]
	GetHandleVerifier [0x0x7ff7abd52ad4+51972]
	GetHandleVerifier [0x0x7ff7abf09425+1848405]
	(No symbol) [0x0x7ff7abaa0e5f]
	(No symbol) [0x0x7ff7abb374ec]
	(No symbol) [0x0x7ff7abb4ed0a]
	(No symbol) [0x0x7ff7abb31df3]
	(No symbol) [0x0x7ff7abb05b36]
	(No symbol) [0x0x7ff7abb04d80]
	(No symbol) [0x0x7ff7abb05973]
	(No symbol) [0x0x7ff7abbce4a5]
	(No symbol) [0x0x7ff7abbca75d]
	GetHandleVerifier [0x0x7ff7abd7d2b3+226019]
	GetHandleVerifier [0x0x7ff7abd6c481+156849]
	GetHandleVerifier [0x0x7ff7abd74979+190889]
	GetHandleVerifier [0x0x7ff7abd59bb4+80868]
	GetHandleVerifier [0x0x7ff7abd59d03+81203]
	GetHandleVerifier [0x0x7ff7abd48286+8886]
	BaseThreadInitThunk [0x0x7ff9c9b0e8d7+23]
	RtlUserThreadStart [0x0x7ff9cb08c53c+44]

[2025-11-19T13:16:14.799045] SCRAPER ratings fetch page 129 offset 2560 failed (attempt 3/5): Message: no such window: target window already closed
from unknown error: web view not found
  (Session info: MicrosoftEdge=142.0.3595.80)
Stacktrace:
	GetHandleVerifier [0x0x7ff7abd52a75+51877]
	GetHandleVerifier [0x0x7ff7abd52ad4+51972]
	GetHandleVerifier [0x0x7ff7abf09425+1848405]
	(No symbol) [0x0x7ff7abaa0e5f]
	(No symbol) [0x0x7ff7abb374ec]
	(No symbol) [0x0x7ff7abb4ed0a]
	(No symbol) [0x0x7ff7abb31df3]
	(No symbol) [0x0x7ff7abb05b36]
	(No symbol) [0x0x7ff7abb04d80]
	(No symbol) [0x0x7ff7abb05973]
	(No symbol) [0x0x7ff7abbce4a5]
	(No symbol) [0x0x7ff7abbca75d]
	GetHandleVerifier [0x0x7ff7abd7d2b3+226019]
	GetHandleVerifier [0x0x7ff7abd6c481+156849]
	GetHandleVerifier [0x0x7ff7abd74979+190889]
	GetHandleVerifier [0x0x7ff7abd59bb4+80868]
	GetHandleVerifier [0x0x7ff7abd59d03+81203]
	GetHandleVerifier [0x0x7ff7abd48286+8886]
	BaseThreadInitThunk [0x0x7ff9c9b0e8d7+23]
	RtlUserThreadStart [0x0x7ff9cb08c53c+44]

[2025-11-19T13:16:18.810311] SCRAPER ratings fetch page 129 offset 2560 failed (attempt 4/5): Message: no such window: target window already closed
from unknown error: web view not found
  (Session info: MicrosoftEdge=142.0.3595.80)
Stacktrace:
	GetHandleVerifier [0x0x7ff7abd52a75+51877]
	GetHandleVerifier [0x0x7ff7abd52ad4+51972]
	GetHandleVerifier [0x0x7ff7abf09425+1848405]
	(No symbol) [0x0x7ff7abaa0e5f]
	(No symbol) [0x0x7ff7abb374ec]
	(No symbol) [0x0x7ff7abb4ed0a]
	(No symbol) [0x0x7ff7abb31df3]
	(No symbol) [0x0x7ff7abb05b36]
	(No symbol) [0x0x7ff7abb04d80]
	(No symbol) [0x0x7ff7abb05973]
	(No symbol) [0x0x7ff7abbce4a5]
	(No symbol) [0x0x7ff7abbca75d]
	GetHandleVerifier [0x0x7ff7abd7d2b3+226019]
	GetHandleVerifier [0x0x7ff7abd6c481+156849]
	GetHandleVerifier [0x0x7ff7abd74979+190889]
	GetHandleVerifier [0x0x7ff7abd59bb4+80868]
	GetHandleVerifier [0x0x7ff7abd59d03+81203]
	GetHandleVerifier [0x0x7ff7abd48286+8886]
	BaseThreadInitThunk [0x0x7ff9c9b0e8d7+23]
	RtlUserThreadStart [0x0x7ff9cb08c53c+44]

[2025-11-19T13:16:23.827162] SCRAPER ratings fetch page 129 offset 2560 failed (attempt 5/5): Message: no such window: target window already closed
from unknown error: web view not found
  (Session info: MicrosoftEdge=142.0.3595.80)
Stacktrace:
	GetHandleVerifier [0x0x7ff7abd52a75+51877]
	GetHandleVerifier [0x0x7ff7abd52ad4+51972]
	GetHandleVerifier [0x0x7ff7abf09425+1848405]
	(No symbol) [0x0x7ff7abaa0e5f]
	(No symbol) [0x0x7ff7abb374ec]
	(No symbol) [0x0x7ff7abb4ed0a]
	(No symbol) [0x0x7ff7abb31df3]
	(No symbol) [0x0x7ff7abb05b36]
	(No symbol) [0x0x7ff7abb04d80]
	(No symbol) [0x0x7ff7abb05973]
	(No symbol) [0x0x7ff7abbce4a5]
	(No symbol) [0x0x7ff7abbca75d]
	GetHandleVerifier [0x0x7ff7abd7d2b3+226019]
	GetHandleVerifier [0x0x7ff7abd6c481+156849]
	GetHandleVerifier [0x0x7ff7abd74979+190889]
	GetHandleVerifier [0x0x7ff7abd59bb4+80868]
	GetHandleVerifier [0x0x7ff7abd59d03+81203]
	GetHandleVerifier [0x0x7ff7abd48286+8886]
	BaseThreadInitThunk [0x0x7ff9c9b0e8d7+23]
	RtlUserThreadStart [0x0x7ff9cb08c53c+44]

[2025-11-19T13:16:28.830145] SCRAPER skip page 129 after 5 failures; lanjut halaman berikutnya
[2025-11-19T13:16:28.832130] SCRAPER ratings fetch page 130 offset 2580 failed (attempt 1/5): Message: no such window: target window already closed
from unknown error: web view not found
  (Session info: MicrosoftEdge=142.0.3595.80)
Stacktrace:
	GetHandleVerifier [0x0x7ff7abd52a75+51877]
	GetHandleVerifier [0x0x7ff7abd52ad4+51972]
	GetHandleVerifier [0x0x7ff7abf09425+1848405]
	(No symbol) [0x0x7ff7abaa0e5f]
	(No symbol) [0x0x7ff7abb374ec]
	(No symbol) [0x0x7ff7abb4ed0a]
	(No symbol) [0x0x7ff7abb31df3]
	(No symbol) [0x0x7ff7abb05b36]
	(No symbol) [0x0x7ff7abb04d80]
	(No symbol) [0x0x7ff7abb05973]
	(No symbol) [0x0x7ff7abbce4a5]
	(No symbol) [0x0x7ff7abbca75d]
	GetHandleVerifier [0x0x7ff7abd7d2b3+226019]
	GetHandleVerifier [0x0x7ff7abd6c481+156849]
	GetHandleVerifier [0x0x7ff7abd74979+190889]
	GetHandleVerifier [0x0x7ff7abd59bb4+80868]
	GetHandleVerifier [0x0x7ff7abd59d03+81203]
	GetHandleVerifier [0x0x7ff7abd48286+8886]
	BaseThreadInitThunk [0x0x7ff9c9b0e8d7+23]
	RtlUserThreadStart [0x0x7ff9cb08c53c+44]

[2025-11-19T13:16:30.846125] SCRAPER ratings fetch page 130 offset 2580 failed (attempt 2/5): Message: no such window: target window already closed
from unknown error: web view not found
  (Session info: MicrosoftEdge=142.0.3595.80)
Stacktrace:
	GetHandleVerifier [0x0x7ff7abd52a75+51877]
	GetHandleVerifier [0x0x7ff7abd52ad4+51972]
	GetHandleVerifier [0x0x7ff7abf09425+1848405]
	(No symbol) [0x0x7ff7abaa0e5f]
	(No symbol) [0x0x7ff7abb374ec]
	(No symbol) [0x0x7ff7abb4ed0a]
	(No symbol) [0x0x7ff7abb31df3]
	(No symbol) [0x0x7ff7abb05b36]
	(No symbol) [0x0x7ff7abb04d80]
	(No symbol) [0x0x7ff7abb05973]
	(No symbol) [0x0x7ff7abbce4a5]
	(No symbol) [0x0x7ff7abbca75d]
	GetHandleVerifier [0x0x7ff7abd7d2b3+226019]
	GetHandleVerifier [0x0x7ff7abd6c481+156849]
	GetHandleVerifier [0x0x7ff7abd74979+190889]
	GetHandleVerifier [0x0x7ff7abd59bb4+80868]
	GetHandleVerifier [0x0x7ff7abd59d03+81203]
	GetHandleVerifier [0x0x7ff7abd48286+8886]
	BaseThreadInitThunk [0x0x7ff9c9b0e8d7+23]
	RtlUserThreadStart [0x0x7ff9cb08c53c+44]

[2025-11-19T13:16:33.857649] SCRAPER ratings fetch page 130 offset 2580 failed (attempt 3/5): Message: no such window: target window already closed
from unknown error: web view not found
  (Session info: MicrosoftEdge=142.0.3595.80)
Stacktrace:
	GetHandleVerifier [0x0x7ff7abd52a75+51877]
	GetHandleVerifier [0x0x7ff7abd52ad4+51972]
	GetHandleVerifier [0x0x7ff7abf09425+1848405]
	(No symbol) [0x0x7ff7abaa0e5f]
	(No symbol) [0x0x7ff7abb374ec]
	(No symbol) [0x0x7ff7abb4ed0a]
	(No symbol) [0x0x7ff7abb31df3]
	(No symbol) [0x0x7ff7abb05b36]
	(No symbol) [0x0x7ff7abb04d80]
	(No symbol) [0x0x7ff7abb05973]
	(No symbol) [0x0x7ff7abbce4a5]
	(No symbol) [0x0x7ff7abbca75d]
	GetHandleVerifier [0x0x7ff7abd7d2b3+226019]
	GetHandleVerifier [0x0x7ff7abd6c481+156849]
	GetHandleVerifier [0x0x7ff7abd74979+190889]
	GetHandleVerifier [0x0x7ff7abd59bb4+80868]
	GetHandleVerifier [0x0x7ff7abd59d03+81203]
	GetHandleVerifier [0x0x7ff7abd48286+8886]
	BaseThreadInitThunk [0x0x7ff9c9b0e8d7+23]
	RtlUserThreadStart [0x0x7ff9cb08c53c+44]

[2025-11-19T13:16:37.862828] SCRAPER ratings fetch page 130 offset 2580 failed (attempt 4/5): Message: no such window: target window already closed
from unknown error: web view not found
  (Session info: MicrosoftEdge=142.0.3595.80)
Stacktrace:
	GetHandleVerifier [0x0x7ff7abd52a75+51877]
	GetHandleVerifier [0x0x7ff7abd52ad4+51972]
	GetHandleVerifier [0x0x7ff7abf09425+1848405]
	(No symbol) [0x0x7ff7abaa0e5f]
	(No symbol) [0x0x7ff7abb374ec]
	(No symbol) [0x0x7ff7abb4ed0a]
	(No symbol) [0x0x7ff7abb31df3]
	(No symbol) [0x0x7ff7abb05b36]
	(No symbol) [0x0x7ff7abb04d80]
	(No symbol) [0x0x7ff7abb05973]
	(No symbol) [0x0x7ff7abbce4a5]
	(No symbol) [0x0x7ff7abbca75d]
	GetHandleVerifier [0x0x7ff7abd7d2b3+226019]
	GetHandleVerifier [0x0x7ff7abd6c481+156849]
	GetHandleVerifier [0x0x7ff7abd74979+190889]
	GetHandleVerifier [0x0x7ff7abd59bb4+80868]
	GetHandleVerifier [0x0x7ff7abd59d03+81203]
	GetHandleVerifier [0x0x7ff7abd48286+8886]
	BaseThreadInitThunk [0x0x7ff9c9b0e8d7+23]
	RtlUserThreadStart [0x0x7ff9cb08c53c+44]

[2025-11-19T13:16:42.868626] SCRAPER ratings fetch page 130 offset 2580 failed (attempt 5/5): Message: no such window: target window already closed
from unknown error: web view not found
  (Session info: MicrosoftEdge=142.0.3595.80)
Stacktrace:
	GetHandleVerifier [0x0x7ff7abd52a75+51877]
	GetHandleVerifier [0x0x7ff7abd52ad4+51972]
	GetHandleVerifier [0x0x7ff7abf09425+1848405]
	(No symbol) [0x0x7ff7abaa0e5f]
	(No symbol) [0x0x7ff7abb374ec]
	(No symbol) [0x0x7ff7abb4ed0a]
	(No symbol) [0x0x7ff7abb31df3]
	(No symbol) [0x0x7ff7abb05b36]
	(No symbol) [0x0x7ff7abb04d80]
	(No symbol) [0x0x7ff7abb05973]
	(No symbol) [0x0x7ff7abbce4a5]
	(No symbol) [0x0x7ff7abbca75d]
	GetHandleVerifier [0x0x7ff7abd7d2b3+226019]
	GetHandleVerifier [0x0x7ff7abd6c481+156849]
	GetHandleVerifier [0x0x7ff7abd74979+190889]
	GetHandleVerifier [0x0x7ff7abd59bb4+80868]
	GetHandleVerifier [0x0x7ff7abd59d03+81203]
	GetHandleVerifier [0x0x7ff7abd48286+8886]
	BaseThreadInitThunk [0x0x7ff9c9b0e8d7+23]
	RtlUserThreadStart [0x0x7ff9cb08c53c+44]

[2025-11-19T13:16:47.873252] SCRAPER skip page 130 after 5 failures; lanjut halaman berikutnya
[2025-11-19T13:16:47.874233] SCRAPER ratings fetch page 131 offset 2600 failed (attempt 1/5): Message: no such window: target window already closed
from unknown error: web view not found
  (Session info: MicrosoftEdge=142.0.3595.80)
Stacktrace:
	GetHandleVerifier [0x0x7ff7abd52a75+51877]
	GetHandleVerifier [0x0x7ff7abd52ad4+51972]
	GetHandleVerifier [0x0x7ff7abf09425+1848405]
	(No symbol) [0x0x7ff7abaa0e5f]
	(No symbol) [0x0x7ff7abb374ec]
	(No symbol) [0x0x7ff7abb4ed0a]
	(No symbol) [0x0x7ff7abb31df3]
	(No symbol) [0x0x7ff7abb05b36]
	(No symbol) [0x0x7ff7abb04d80]
	(No symbol) [0x0x7ff7abb05973]
	(No symbol) [0x0x7ff7abbce4a5]
	(No symbol) [0x0x7ff7abbca75d]
	GetHandleVerifier [0x0x7ff7abd7d2b3+226019]
	GetHandleVerifier [0x0x7ff7abd6c481+156849]
	GetHandleVerifier [0x0x7ff7abd74979+190889]
	GetHandleVerifier [0x0x7ff7abd59bb4+80868]
	GetHandleVerifier [0x0x7ff7abd59d03+81203]
	GetHandleVerifier [0x0x7ff7abd48286+8886]
	BaseThreadInitThunk [0x0x7ff9c9b0e8d7+23]
	RtlUserThreadStart [0x0x7ff9cb08c53c+44]

[2025-11-19T13:16:49.882849] SCRAPER ratings fetch page 131 offset 2600 failed (attempt 2/5): Message: no such window: target window already closed
from unknown error: web view not found
  (Session info: MicrosoftEdge=142.0.3595.80)
Stacktrace:
	GetHandleVerifier [0x0x7ff7abd52a75+51877]
	GetHandleVerifier [0x0x7ff7abd52ad4+51972]
	GetHandleVerifier [0x0x7ff7abf09425+1848405]
	(No symbol) [0x0x7ff7abaa0e5f]
	(No symbol) [0x0x7ff7abb374ec]
	(No symbol) [0x0x7ff7abb4ed0a]
	(No symbol) [0x0x7ff7abb31df3]
	(No symbol) [0x0x7ff7abb05b36]
	(No symbol) [0x0x7ff7abb04d80]
	(No symbol) [0x0x7ff7abb05973]
	(No symbol) [0x0x7ff7abbce4a5]
	(No symbol) [0x0x7ff7abbca75d]
	GetHandleVerifier [0x0x7ff7abd7d2b3+226019]
	GetHandleVerifier [0x0x7ff7abd6c481+156849]
	GetHandleVerifier [0x0x7ff7abd74979+190889]
	GetHandleVerifier [0x0x7ff7abd59bb4+80868]
	GetHandleVerifier [0x0x7ff7abd59d03+81203]
	GetHandleVerifier [0x0x7ff7abd48286+8886]
	BaseThreadInitThunk [0x0x7ff9c9b0e8d7+23]
	RtlUserThreadStart [0x0x7ff9cb08c53c+44]

[2025-11-19T13:16:52.890431] SCRAPER ratings fetch page 131 offset 2600 failed (attempt 3/5): Message: no such window: target window already closed
from unknown error: web view not found
  (Session info: MicrosoftEdge=142.0.3595.80)
Stacktrace:
	GetHandleVerifier [0x0x7ff7abd52a75+51877]
	GetHandleVerifier [0x0x7ff7abd52ad4+51972]
	GetHandleVerifier [0x0x7ff7abf09425+1848405]
	(No symbol) [0x0x7ff7abaa0e5f]
	(No symbol) [0x0x7ff7abb374ec]
	(No symbol) [0x0x7ff7abb4ed0a]
	(No symbol) [0x0x7ff7abb31df3]
	(No symbol) [0x0x7ff7abb05b36]
	(No symbol) [0x0x7ff7abb04d80]
	(No symbol) [0x0x7ff7abb05973]
	(No symbol) [0x0x7ff7abbce4a5]
	(No symbol) [0x0x7ff7abbca75d]
	GetHandleVerifier [0x0x7ff7abd7d2b3+226019]
	GetHandleVerifier [0x0x7ff7abd6c481+156849]
	GetHandleVerifier [0x0x7ff7abd74979+190889]
	GetHandleVerifier [0x0x7ff7abd59bb4+80868]
	GetHandleVerifier [0x0x7ff7abd59d03+81203]
	GetHandleVerifier [0x0x7ff7abd48286+8886]
	BaseThreadInitThunk [0x0x7ff9c9b0e8d7+23]
	RtlUserThreadStart [0x0x7ff9cb08c53c+44]

[2025-11-19T13:16:56.906879] SCRAPER ratings fetch page 131 offset 2600 failed (attempt 4/5): Message: no such window: target window already closed
from unknown error: web view not found
  (Session info: MicrosoftEdge=142.0.3595.80)
Stacktrace:
	GetHandleVerifier [0x0x7ff7abd52a75+51877]
	GetHandleVerifier [0x0x7ff7abd52ad4+51972]
	GetHandleVerifier [0x0x7ff7abf09425+1848405]
	(No symbol) [0x0x7ff7abaa0e5f]
	(No symbol) [0x0x7ff7abb374ec]
	(No symbol) [0x0x7ff7abb4ed0a]
	(No symbol) [0x0x7ff7abb31df3]
	(No symbol) [0x0x7ff7abb05b36]
	(No symbol) [0x0x7ff7abb04d80]
	(No symbol) [0x0x7ff7abb05973]
	(No symbol) [0x0x7ff7abbce4a5]
	(No symbol) [0x0x7ff7abbca75d]
	GetHandleVerifier [0x0x7ff7abd7d2b3+226019]
	GetHandleVerifier [0x0x7ff7abd6c481+156849]
	GetHandleVerifier [0x0x7ff7abd74979+190889]
	GetHandleVerifier [0x0x7ff7abd59bb4+80868]
	GetHandleVerifier [0x0x7ff7abd59d03+81203]
	GetHandleVerifier [0x0x7ff7abd48286+8886]
	BaseThreadInitThunk [0x0x7ff9c9b0e8d7+23]
	RtlUserThreadStart [0x0x7ff9cb08c53c+44]

[2025-11-19T13:17:01.922573] SCRAPER ratings fetch page 131 offset 2600 failed (attempt 5/5): Message: no such window: target window already closed
from unknown error: web view not found
  (Session info: MicrosoftEdge=142.0.3595.80)
Stacktrace:
	GetHandleVerifier [0x0x7ff7abd52a75+51877]
	GetHandleVerifier [0x0x7ff7abd52ad4+51972]
	GetHandleVerifier [0x0x7ff7abf09425+1848405]
	(No symbol) [0x0x7ff7abaa0e5f]
	(No symbol) [0x0x7ff7abb374ec]
	(No symbol) [0x0x7ff7abb4ed0a]
	(No symbol) [0x0x7ff7abb31df3]
	(No symbol) [0x0x7ff7abb05b36]
	(No symbol) [0x0x7ff7abb04d80]
	(No symbol) [0x0x7ff7abb05973]
	(No symbol) [0x0x7ff7abbce4a5]
	(No symbol) [0x0x7ff7abbca75d]
	GetHandleVerifier [0x0x7ff7abd7d2b3+226019]
	GetHandleVerifier [0x0x7ff7abd6c481+156849]
	GetHandleVerifier [0x0x7ff7abd74979+190889]
	GetHandleVerifier [0x0x7ff7abd59bb4+80868]
	GetHandleVerifier [0x0x7ff7abd59d03+81203]
	GetHandleVerifier [0x0x7ff7abd48286+8886]
	BaseThreadInitThunk [0x0x7ff9c9b0e8d7+23]
	RtlUserThreadStart [0x0x7ff9cb08c53c+44]

[2025-11-19T13:17:06.934369] SCRAPER skip page 131 after 5 failures; lanjut halaman berikutnya
[2025-11-19T13:17:06.936246] SCRAPER ratings fetch page 132 offset 2620 failed (attempt 1/5): Message: no such window: target window already closed
from unknown error: web view not found
  (Session info: MicrosoftEdge=142.0.3595.80)
Stacktrace:
	GetHandleVerifier [0x0x7ff7abd52a75+51877]
	GetHandleVerifier [0x0x7ff7abd52ad4+51972]
	GetHandleVerifier [0x0x7ff7abf09425+1848405]
	(No symbol) [0x0x7ff7abaa0e5f]
	(No symbol) [0x0x7ff7abb374ec]
	(No symbol) [0x0x7ff7abb4ed0a]
	(No symbol) [0x0x7ff7abb31df3]
	(No symbol) [0x0x7ff7abb05b36]
	(No symbol) [0x0x7ff7abb04d80]
	(No symbol) [0x0x7ff7abb05973]
	(No symbol) [0x0x7ff7abbce4a5]
	(No symbol) [0x0x7ff7abbca75d]
	GetHandleVerifier [0x0x7ff7abd7d2b3+226019]
	GetHandleVerifier [0x0x7ff7abd6c481+156849]
	GetHandleVerifier [0x0x7ff7abd74979+190889]
	GetHandleVerifier [0x0x7ff7abd59bb4+80868]
	GetHandleVerifier [0x0x7ff7abd59d03+81203]
	GetHandleVerifier [0x0x7ff7abd48286+8886]
	BaseThreadInitThunk [0x0x7ff9c9b0e8d7+23]
	RtlUserThreadStart [0x0x7ff9cb08c53c+44]

[2025-11-19T13:17:08.954672] SCRAPER ratings fetch page 132 offset 2620 failed (attempt 2/5): Message: no such window: target window already closed
from unknown error: web view not found
  (Session info: MicrosoftEdge=142.0.3595.80)
Stacktrace:
	GetHandleVerifier [0x0x7ff7abd52a75+51877]
	GetHandleVerifier [0x0x7ff7abd52ad4+51972]
	GetHandleVerifier [0x0x7ff7abf09425+1848405]
	(No symbol) [0x0x7ff7abaa0e5f]
	(No symbol) [0x0x7ff7abb374ec]
	(No symbol) [0x0x7ff7abb4ed0a]
	(No symbol) [0x0x7ff7abb31df3]
	(No symbol) [0x0x7ff7abb05b36]
	(No symbol) [0x0x7ff7abb04d80]
	(No symbol) [0x0x7ff7abb05973]
	(No symbol) [0x0x7ff7abbce4a5]
	(No symbol) [0x0x7ff7abbca75d]
	GetHandleVerifier [0x0x7ff7abd7d2b3+226019]
	GetHandleVerifier [0x0x7ff7abd6c481+156849]
	GetHandleVerifier [0x0x7ff7abd74979+190889]
	GetHandleVerifier [0x0x7ff7abd59bb4+80868]
	GetHandleVerifier [0x0x7ff7abd59d03+81203]
	GetHandleVerifier [0x0x7ff7abd48286+8886]
	BaseThreadInitThunk [0x0x7ff9c9b0e8d7+23]
	RtlUserThreadStart [0x0x7ff9cb08c53c+44]

[2025-11-19T13:17:11.963371] SCRAPER ratings fetch page 132 offset 2620 failed (attempt 3/5): Message: no such window: target window already closed
from unknown error: web view not found
  (Session info: MicrosoftEdge=142.0.3595.80)
Stacktrace:
	GetHandleVerifier [0x0x7ff7abd52a75+51877]
	GetHandleVerifier [0x0x7ff7abd52ad4+51972]
	GetHandleVerifier [0x0x7ff7abf09425+1848405]
	(No symbol) [0x0x7ff7abaa0e5f]
	(No symbol) [0x0x7ff7abb374ec]
	(No symbol) [0x0x7ff7abb4ed0a]
	(No symbol) [0x0x7ff7abb31df3]
	(No symbol) [0x0x7ff7abb05b36]
	(No symbol) [0x0x7ff7abb04d80]
	(No symbol) [0x0x7ff7abb05973]
	(No symbol) [0x0x7ff7abbce4a5]
	(No symbol) [0x0x7ff7abbca75d]
	GetHandleVerifier [0x0x7ff7abd7d2b3+226019]
	GetHandleVerifier [0x0x7ff7abd6c481+156849]
	GetHandleVerifier [0x0x7ff7abd74979+190889]
	GetHandleVerifier [0x0x7ff7abd59bb4+80868]
	GetHandleVerifier [0x0x7ff7abd59d03+81203]
	GetHandleVerifier [0x0x7ff7abd48286+8886]
	BaseThreadInitThunk [0x0x7ff9c9b0e8d7+23]
	RtlUserThreadStart [0x0x7ff9cb08c53c+44]

[2025-11-19T13:17:15.973179] SCRAPER ratings fetch page 132 offset 2620 failed (attempt 4/5): Message: no such window: target window already closed
from unknown error: web view not found
  (Session info: MicrosoftEdge=142.0.3595.80)
Stacktrace:
	GetHandleVerifier [0x0x7ff7abd52a75+51877]
	GetHandleVerifier [0x0x7ff7abd52ad4+51972]
	GetHandleVerifier [0x0x7ff7abf09425+1848405]
	(No symbol) [0x0x7ff7abaa0e5f]
	(No symbol) [0x0x7ff7abb374ec]
	(No symbol) [0x0x7ff7abb4ed0a]
	(No symbol) [0x0x7ff7abb31df3]
	(No symbol) [0x0x7ff7abb05b36]
	(No symbol) [0x0x7ff7abb04d80]
	(No symbol) [0x0x7ff7abb05973]
	(No symbol) [0x0x7ff7abbce4a5]
	(No symbol) [0x0x7ff7abbca75d]
	GetHandleVerifier [0x0x7ff7abd7d2b3+226019]
	GetHandleVerifier [0x0x7ff7abd6c481+156849]
	GetHandleVerifier [0x0x7ff7abd74979+190889]
	GetHandleVerifier [0x0x7ff7abd59bb4+80868]
	GetHandleVerifier [0x0x7ff7abd59d03+81203]
	GetHandleVerifier [0x0x7ff7abd48286+8886]
	BaseThreadInitThunk [0x0x7ff9c9b0e8d7+23]
	RtlUserThreadStart [0x0x7ff9cb08c53c+44]

[2025-11-19T13:17:20.989546] SCRAPER ratings fetch page 132 offset 2620 failed (attempt 5/5): Message: no such window: target window already closed
from unknown error: web view not found
  (Session info: MicrosoftEdge=142.0.3595.80)
Stacktrace:
	GetHandleVerifier [0x0x7ff7abd52a75+51877]
	GetHandleVerifier [0x0x7ff7abd52ad4+51972]
	GetHandleVerifier [0x0x7ff7abf09425+1848405]
	(No symbol) [0x0x7ff7abaa0e5f]
	(No symbol) [0x0x7ff7abb374ec]
	(No symbol) [0x0x7ff7abb4ed0a]
	(No symbol) [0x0x7ff7abb31df3]
	(No symbol) [0x0x7ff7abb05b36]
	(No symbol) [0x0x7ff7abb04d80]
	(No symbol) [0x0x7ff7abb05973]
	(No symbol) [0x0x7ff7abbce4a5]
	(No symbol) [0x0x7ff7abbca75d]
	GetHandleVerifier [0x0x7ff7abd7d2b3+226019]
	GetHandleVerifier [0x0x7ff7abd6c481+156849]
	GetHandleVerifier [0x0x7ff7abd74979+190889]
	GetHandleVerifier [0x0x7ff7abd59bb4+80868]
	GetHandleVerifier [0x0x7ff7abd59d03+81203]
	GetHandleVerifier [0x0x7ff7abd48286+8886]
	BaseThreadInitThunk [0x0x7ff9c9b0e8d7+23]
	RtlUserThreadStart [0x0x7ff9cb08c53c+44]

[2025-11-19T13:17:25.999929] SCRAPER skip page 132 after 5 failures; lanjut halaman berikutnya
[2025-11-19T13:17:26.002030] SCRAPER ratings fetch page 133 offset 2640 failed (attempt 1/5): Message: no such window: target window already closed
from unknown error: web view not found
  (Session info: MicrosoftEdge=142.0.3595.80)
Stacktrace:
	GetHandleVerifier [0x0x7ff7abd52a75+51877]
	GetHandleVerifier [0x0x7ff7abd52ad4+51972]
	GetHandleVerifier [0x0x7ff7abf09425+1848405]
	(No symbol) [0x0x7ff7abaa0e5f]
	(No symbol) [0x0x7ff7abb374ec]
	(No symbol) [0x0x7ff7abb4ed0a]
	(No symbol) [0x0x7ff7abb31df3]
	(No symbol) [0x0x7ff7abb05b36]
	(No symbol) [0x0x7ff7abb04d80]
	(No symbol) [0x0x7ff7abb05973]
	(No symbol) [0x0x7ff7abbce4a5]
	(No symbol) [0x0x7ff7abbca75d]
	GetHandleVerifier [0x0x7ff7abd7d2b3+226019]
	GetHandleVerifier [0x0x7ff7abd6c481+156849]
	GetHandleVerifier [0x0x7ff7abd74979+190889]
	GetHandleVerifier [0x0x7ff7abd59bb4+80868]
	GetHandleVerifier [0x0x7ff7abd59d03+81203]
	GetHandleVerifier [0x0x7ff7abd48286+8886]
	BaseThreadInitThunk [0x0x7ff9c9b0e8d7+23]
	RtlUserThreadStart [0x0x7ff9cb08c53c+44]

[2025-11-19T13:17:28.018573] SCRAPER ratings fetch page 133 offset 2640 failed (attempt 2/5): Message: no such window: target window already closed
from unknown error: web view not found
  (Session info: MicrosoftEdge=142.0.3595.80)
Stacktrace:
	GetHandleVerifier [0x0x7ff7abd52a75+51877]
	GetHandleVerifier [0x0x7ff7abd52ad4+51972]
	GetHandleVerifier [0x0x7ff7abf09425+1848405]
	(No symbol) [0x0x7ff7abaa0e5f]
	(No symbol) [0x0x7ff7abb374ec]
	(No symbol) [0x0x7ff7abb4ed0a]
	(No symbol) [0x0x7ff7abb31df3]
	(No symbol) [0x0x7ff7abb05b36]
	(No symbol) [0x0x7ff7abb04d80]
	(No symbol) [0x0x7ff7abb05973]
	(No symbol) [0x0x7ff7abbce4a5]
	(No symbol) [0x0x7ff7abbca75d]
	GetHandleVerifier [0x0x7ff7abd7d2b3+226019]
	GetHandleVerifier [0x0x7ff7abd6c481+156849]
	GetHandleVerifier [0x0x7ff7abd74979+190889]
	GetHandleVerifier [0x0x7ff7abd59bb4+80868]
	GetHandleVerifier [0x0x7ff7abd59d03+81203]
	GetHandleVerifier [0x0x7ff7abd48286+8886]
	BaseThreadInitThunk [0x0x7ff9c9b0e8d7+23]
	RtlUserThreadStart [0x0x7ff9cb08c53c+44]

[2025-11-19T13:17:31.033863] SCRAPER ratings fetch page 133 offset 2640 failed (attempt 3/5): Message: no such window: target window already closed
from unknown error: web view not found
  (Session info: MicrosoftEdge=142.0.3595.80)
Stacktrace:
	GetHandleVerifier [0x0x7ff7abd52a75+51877]
	GetHandleVerifier [0x0x7ff7abd52ad4+51972]
	GetHandleVerifier [0x0x7ff7abf09425+1848405]
	(No symbol) [0x0x7ff7abaa0e5f]
	(No symbol) [0x0x7ff7abb374ec]
	(No symbol) [0x0x7ff7abb4ed0a]
	(No symbol) [0x0x7ff7abb31df3]
	(No symbol) [0x0x7ff7abb05b36]
	(No symbol) [0x0x7ff7abb04d80]
	(No symbol) [0x0x7ff7abb05973]
	(No symbol) [0x0x7ff7abbce4a5]
	(No symbol) [0x0x7ff7abbca75d]
	GetHandleVerifier [0x0x7ff7abd7d2b3+226019]
	GetHandleVerifier [0x0x7ff7abd6c481+156849]
	GetHandleVerifier [0x0x7ff7abd74979+190889]
	GetHandleVerifier [0x0x7ff7abd59bb4+80868]
	GetHandleVerifier [0x0x7ff7abd59d03+81203]
	GetHandleVerifier [0x0x7ff7abd48286+8886]
	BaseThreadInitThunk [0x0x7ff9c9b0e8d7+23]
	RtlUserThreadStart [0x0x7ff9cb08c53c+44]

[2025-11-19T13:17:35.045127] SCRAPER ratings fetch page 133 offset 2640 failed (attempt 4/5): Message: no such window: target window already closed
from unknown error: web view not found
  (Session info: MicrosoftEdge=142.0.3595.80)
Stacktrace:
	GetHandleVerifier [0x0x7ff7abd52a75+51877]
	GetHandleVerifier [0x0x7ff7abd52ad4+51972]
	GetHandleVerifier [0x0x7ff7abf09425+1848405]
	(No symbol) [0x0x7ff7abaa0e5f]
	(No symbol) [0x0x7ff7abb374ec]
	(No symbol) [0x0x7ff7abb4ed0a]
	(No symbol) [0x0x7ff7abb31df3]
	(No symbol) [0x0x7ff7abb05b36]
	(No symbol) [0x0x7ff7abb04d80]
	(No symbol) [0x0x7ff7abb05973]
	(No symbol) [0x0x7ff7abbce4a5]
	(No symbol) [0x0x7ff7abbca75d]
	GetHandleVerifier [0x0x7ff7abd7d2b3+226019]
	GetHandleVerifier [0x0x7ff7abd6c481+156849]
	GetHandleVerifier [0x0x7ff7abd74979+190889]
	GetHandleVerifier [0x0x7ff7abd59bb4+80868]
	GetHandleVerifier [0x0x7ff7abd59d03+81203]
	GetHandleVerifier [0x0x7ff7abd48286+8886]
	BaseThreadInitThunk [0x0x7ff9c9b0e8d7+23]
	RtlUserThreadStart [0x0x7ff9cb08c53c+44]

[2025-11-19T13:17:40.054896] SCRAPER ratings fetch page 133 offset 2640 failed (attempt 5/5): Message: no such window: target window already closed
from unknown error: web view not found
  (Session info: MicrosoftEdge=142.0.3595.80)
Stacktrace:
	GetHandleVerifier [0x0x7ff7abd52a75+51877]
	GetHandleVerifier [0x0x7ff7abd52ad4+51972]
	GetHandleVerifier [0x0x7ff7abf09425+1848405]
	(No symbol) [0x0x7ff7abaa0e5f]
	(No symbol) [0x0x7ff7abb374ec]
	(No symbol) [0x0x7ff7abb4ed0a]
	(No symbol) [0x0x7ff7abb31df3]
	(No symbol) [0x0x7ff7abb05b36]
	(No symbol) [0x0x7ff7abb04d80]
	(No symbol) [0x0x7ff7abb05973]
	(No symbol) [0x0x7ff7abbce4a5]
	(No symbol) [0x0x7ff7abbca75d]
	GetHandleVerifier [0x0x7ff7abd7d2b3+226019]
	GetHandleVerifier [0x0x7ff7abd6c481+156849]
	GetHandleVerifier [0x0x7ff7abd74979+190889]
	GetHandleVerifier [0x0x7ff7abd59bb4+80868]
	GetHandleVerifier [0x0x7ff7abd59d03+81203]
	GetHandleVerifier [0x0x7ff7abd48286+8886]
	BaseThreadInitThunk [0x0x7ff9c9b0e8d7+23]
	RtlUserThreadStart [0x0x7ff9cb08c53c+44]

[2025-11-19T13:17:45.060800] SCRAPER skip page 133 after 5 failures; lanjut halaman berikutnya
[2025-11-19T13:17:45.064869] SCRAPER ratings fetch page 134 offset 2660 failed (attempt 1/5): Message: no such window: target window already closed
from unknown error: web view not found
  (Session info: MicrosoftEdge=142.0.3595.80)
Stacktrace:
	GetHandleVerifier [0x0x7ff7abd52a75+51877]
	GetHandleVerifier [0x0x7ff7abd52ad4+51972]
	GetHandleVerifier [0x0x7ff7abf09425+1848405]
	(No symbol) [0x0x7ff7abaa0e5f]
	(No symbol) [0x0x7ff7abb374ec]
	(No symbol) [0x0x7ff7abb4ed0a]
	(No symbol) [0x0x7ff7abb31df3]
	(No symbol) [0x0x7ff7abb05b36]
	(No symbol) [0x0x7ff7abb04d80]
	(No symbol) [0x0x7ff7abb05973]
	(No symbol) [0x0x7ff7abbce4a5]
	(No symbol) [0x0x7ff7abbca75d]
	GetHandleVerifier [0x0x7ff7abd7d2b3+226019]
	GetHandleVerifier [0x0x7ff7abd6c481+156849]
	GetHandleVerifier [0x0x7ff7abd74979+190889]
	GetHandleVerifier [0x0x7ff7abd59bb4+80868]
	GetHandleVerifier [0x0x7ff7abd59d03+81203]
	GetHandleVerifier [0x0x7ff7abd48286+8886]
	BaseThreadInitThunk [0x0x7ff9c9b0e8d7+23]
	RtlUserThreadStart [0x0x7ff9cb08c53c+44]

[2025-11-19T13:17:47.078249] SCRAPER ratings fetch page 134 offset 2660 failed (attempt 2/5): Message: no such window: target window already closed
from unknown error: web view not found
  (Session info: MicrosoftEdge=142.0.3595.80)
Stacktrace:
	GetHandleVerifier [0x0x7ff7abd52a75+51877]
	GetHandleVerifier [0x0x7ff7abd52ad4+51972]
	GetHandleVerifier [0x0x7ff7abf09425+1848405]
	(No symbol) [0x0x7ff7abaa0e5f]
	(No symbol) [0x0x7ff7abb374ec]
	(No symbol) [0x0x7ff7abb4ed0a]
	(No symbol) [0x0x7ff7abb31df3]
	(No symbol) [0x0x7ff7abb05b36]
	(No symbol) [0x0x7ff7abb04d80]
	(No symbol) [0x0x7ff7abb05973]
	(No symbol) [0x0x7ff7abbce4a5]
	(No symbol) [0x0x7ff7abbca75d]
	GetHandleVerifier [0x0x7ff7abd7d2b3+226019]
	GetHandleVerifier [0x0x7ff7abd6c481+156849]
	GetHandleVerifier [0x0x7ff7abd74979+190889]
	GetHandleVerifier [0x0x7ff7abd59bb4+80868]
	GetHandleVerifier [0x0x7ff7abd59d03+81203]
	GetHandleVerifier [0x0x7ff7abd48286+8886]
	BaseThreadInitThunk [0x0x7ff9c9b0e8d7+23]
	RtlUserThreadStart [0x0x7ff9cb08c53c+44]

[2025-11-19T13:17:50.085769] SCRAPER ratings fetch page 134 offset 2660 failed (attempt 3/5): Message: no such window: target window already closed
from unknown error: web view not found
  (Session info: MicrosoftEdge=142.0.3595.80)
Stacktrace:
	GetHandleVerifier [0x0x7ff7abd52a75+51877]
	GetHandleVerifier [0x0x7ff7abd52ad4+51972]
	GetHandleVerifier [0x0x7ff7abf09425+1848405]
	(No symbol) [0x0x7ff7abaa0e5f]
	(No symbol) [0x0x7ff7abb374ec]
	(No symbol) [0x0x7ff7abb4ed0a]
	(No symbol) [0x0x7ff7abb31df3]
	(No symbol) [0x0x7ff7abb05b36]
	(No symbol) [0x0x7ff7abb04d80]
	(No symbol) [0x0x7ff7abb05973]
	(No symbol) [0x0x7ff7abbce4a5]
	(No symbol) [0x0x7ff7abbca75d]
	GetHandleVerifier [0x0x7ff7abd7d2b3+226019]
	GetHandleVerifier [0x0x7ff7abd6c481+156849]
	GetHandleVerifier [0x0x7ff7abd74979+190889]
	GetHandleVerifier [0x0x7ff7abd59bb4+80868]
	GetHandleVerifier [0x0x7ff7abd59d03+81203]
	GetHandleVerifier [0x0x7ff7abd48286+8886]
	BaseThreadInitThunk [0x0x7ff9c9b0e8d7+23]
	RtlUserThreadStart [0x0x7ff9cb08c53c+44]

[2025-11-19T13:17:54.090823] SCRAPER ratings fetch page 134 offset 2660 failed (attempt 4/5): Message: no such window: target window already closed
from unknown error: web view not found
  (Session info: MicrosoftEdge=142.0.3595.80)
Stacktrace:
	GetHandleVerifier [0x0x7ff7abd52a75+51877]
	GetHandleVerifier [0x0x7ff7abd52ad4+51972]
	GetHandleVerifier [0x0x7ff7abf09425+1848405]
	(No symbol) [0x0x7ff7abaa0e5f]
	(No symbol) [0x0x7ff7abb374ec]
	(No symbol) [0x0x7ff7abb4ed0a]
	(No symbol) [0x0x7ff7abb31df3]
	(No symbol) [0x0x7ff7abb05b36]
	(No symbol) [0x0x7ff7abb04d80]
	(No symbol) [0x0x7ff7abb05973]
	(No symbol) [0x0x7ff7abbce4a5]
	(No symbol) [0x0x7ff7abbca75d]
	GetHandleVerifier [0x0x7ff7abd7d2b3+226019]
	GetHandleVerifier [0x0x7ff7abd6c481+156849]
	GetHandleVerifier [0x0x7ff7abd74979+190889]
	GetHandleVerifier [0x0x7ff7abd59bb4+80868]
	GetHandleVerifier [0x0x7ff7abd59d03+81203]
	GetHandleVerifier [0x0x7ff7abd48286+8886]
	BaseThreadInitThunk [0x0x7ff9c9b0e8d7+23]
	RtlUserThreadStart [0x0x7ff9cb08c53c+44]

[2025-11-19T13:17:59.101348] SCRAPER ratings fetch page 134 offset 2660 failed (attempt 5/5): Message: no such window: target window already closed
from unknown error: web view not found
  (Session info: MicrosoftEdge=142.0.3595.80)
Stacktrace:
	GetHandleVerifier [0x0x7ff7abd52a75+51877]
	GetHandleVerifier [0x0x7ff7abd52ad4+51972]
	GetHandleVerifier [0x0x7ff7abf09425+1848405]
	(No symbol) [0x0x7ff7abaa0e5f]
	(No symbol) [0x0x7ff7abb374ec]
	(No symbol) [0x0x7ff7abb4ed0a]
	(No symbol) [0x0x7ff7abb31df3]
	(No symbol) [0x0x7ff7abb05b36]
	(No symbol) [0x0x7ff7abb04d80]
	(No symbol) [0x0x7ff7abb05973]
	(No symbol) [0x0x7ff7abbce4a5]
	(No symbol) [0x0x7ff7abbca75d]
	GetHandleVerifier [0x0x7ff7abd7d2b3+226019]
	GetHandleVerifier [0x0x7ff7abd6c481+156849]
	GetHandleVerifier [0x0x7ff7abd74979+190889]
	GetHandleVerifier [0x0x7ff7abd59bb4+80868]
	GetHandleVerifier [0x0x7ff7abd59d03+81203]
	GetHandleVerifier [0x0x7ff7abd48286+8886]
	BaseThreadInitThunk [0x0x7ff9c9b0e8d7+23]
	RtlUserThreadStart [0x0x7ff9cb08c53c+44]

[2025-11-19T13:18:04.104196] SCRAPER skip page 134 after 5 failures; lanjut halaman berikutnya
[2025-11-19T13:18:04.107189] SCRAPER ratings fetch page 135 offset 2680 failed (attempt 1/5): Message: no such window: target window already closed
from unknown error: web view not found
  (Session info: MicrosoftEdge=142.0.3595.80)
Stacktrace:
	GetHandleVerifier [0x0x7ff7abd52a75+51877]
	GetHandleVerifier [0x0x7ff7abd52ad4+51972]
	GetHandleVerifier [0x0x7ff7abf09425+1848405]
	(No symbol) [0x0x7ff7abaa0e5f]
	(No symbol) [0x0x7ff7abb374ec]
	(No symbol) [0x0x7ff7abb4ed0a]
	(No symbol) [0x0x7ff7abb31df3]
	(No symbol) [0x0x7ff7abb05b36]
	(No symbol) [0x0x7ff7abb04d80]
	(No symbol) [0x0x7ff7abb05973]
	(No symbol) [0x0x7ff7abbce4a5]
	(No symbol) [0x0x7ff7abbca75d]
	GetHandleVerifier [0x0x7ff7abd7d2b3+226019]
	GetHandleVerifier [0x0x7ff7abd6c481+156849]
	GetHandleVerifier [0x0x7ff7abd74979+190889]
	GetHandleVerifier [0x0x7ff7abd59bb4+80868]
	GetHandleVerifier [0x0x7ff7abd59d03+81203]
	GetHandleVerifier [0x0x7ff7abd48286+8886]
	BaseThreadInitThunk [0x0x7ff9c9b0e8d7+23]
	RtlUserThreadStart [0x0x7ff9cb08c53c+44]

[2025-11-19T13:18:06.110960] SCRAPER ratings fetch page 135 offset 2680 failed (attempt 2/5): Message: no such window: target window already closed
from unknown error: web view not found
  (Session info: MicrosoftEdge=142.0.3595.80)
Stacktrace:
	GetHandleVerifier [0x0x7ff7abd52a75+51877]
	GetHandleVerifier [0x0x7ff7abd52ad4+51972]
	GetHandleVerifier [0x0x7ff7abf09425+1848405]
	(No symbol) [0x0x7ff7abaa0e5f]
	(No symbol) [0x0x7ff7abb374ec]
	(No symbol) [0x0x7ff7abb4ed0a]
	(No symbol) [0x0x7ff7abb31df3]
	(No symbol) [0x0x7ff7abb05b36]
	(No symbol) [0x0x7ff7abb04d80]
	(No symbol) [0x0x7ff7abb05973]
	(No symbol) [0x0x7ff7abbce4a5]
	(No symbol) [0x0x7ff7abbca75d]
	GetHandleVerifier [0x0x7ff7abd7d2b3+226019]
	GetHandleVerifier [0x0x7ff7abd6c481+156849]
	GetHandleVerifier [0x0x7ff7abd74979+190889]
	GetHandleVerifier [0x0x7ff7abd59bb4+80868]
	GetHandleVerifier [0x0x7ff7abd59d03+81203]
	GetHandleVerifier [0x0x7ff7abd48286+8886]
	BaseThreadInitThunk [0x0x7ff9c9b0e8d7+23]
	RtlUserThreadStart [0x0x7ff9cb08c53c+44]

[2025-11-19T13:18:09.128265] SCRAPER ratings fetch page 135 offset 2680 failed (attempt 3/5): Message: no such window: target window already closed
from unknown error: web view not found
  (Session info: MicrosoftEdge=142.0.3595.80)
Stacktrace:
	GetHandleVerifier [0x0x7ff7abd52a75+51877]
	GetHandleVerifier [0x0x7ff7abd52ad4+51972]
	GetHandleVerifier [0x0x7ff7abf09425+1848405]
	(No symbol) [0x0x7ff7abaa0e5f]
	(No symbol) [0x0x7ff7abb374ec]
	(No symbol) [0x0x7ff7abb4ed0a]
	(No symbol) [0x0x7ff7abb31df3]
	(No symbol) [0x0x7ff7abb05b36]
	(No symbol) [0x0x7ff7abb04d80]
	(No symbol) [0x0x7ff7abb05973]
	(No symbol) [0x0x7ff7abbce4a5]
	(No symbol) [0x0x7ff7abbca75d]
	GetHandleVerifier [0x0x7ff7abd7d2b3+226019]
	GetHandleVerifier [0x0x7ff7abd6c481+156849]
	GetHandleVerifier [0x0x7ff7abd74979+190889]
	GetHandleVerifier [0x0x7ff7abd59bb4+80868]
	GetHandleVerifier [0x0x7ff7abd59d03+81203]
	GetHandleVerifier [0x0x7ff7abd48286+8886]
	BaseThreadInitThunk [0x0x7ff9c9b0e8d7+23]
	RtlUserThreadStart [0x0x7ff9cb08c53c+44]

[2025-11-19T13:18:13.141466] SCRAPER ratings fetch page 135 offset 2680 failed (attempt 4/5): Message: no such window: target window already closed
from unknown error: web view not found
  (Session info: MicrosoftEdge=142.0.3595.80)
Stacktrace:
	GetHandleVerifier [0x0x7ff7abd52a75+51877]
	GetHandleVerifier [0x0x7ff7abd52ad4+51972]
	GetHandleVerifier [0x0x7ff7abf09425+1848405]
	(No symbol) [0x0x7ff7abaa0e5f]
	(No symbol) [0x0x7ff7abb374ec]
	(No symbol) [0x0x7ff7abb4ed0a]
	(No symbol) [0x0x7ff7abb31df3]
	(No symbol) [0x0x7ff7abb05b36]
	(No symbol) [0x0x7ff7abb04d80]
	(No symbol) [0x0x7ff7abb05973]
	(No symbol) [0x0x7ff7abbce4a5]
	(No symbol) [0x0x7ff7abbca75d]
	GetHandleVerifier [0x0x7ff7abd7d2b3+226019]
	GetHandleVerifier [0x0x7ff7abd6c481+156849]
	GetHandleVerifier [0x0x7ff7abd74979+190889]
	GetHandleVerifier [0x0x7ff7abd59bb4+80868]
	GetHandleVerifier [0x0x7ff7abd59d03+81203]
	GetHandleVerifier [0x0x7ff7abd48286+8886]
	BaseThreadInitThunk [0x0x7ff9c9b0e8d7+23]
	RtlUserThreadStart [0x0x7ff9cb08c53c+44]

[2025-11-19T13:18:18.149489] SCRAPER ratings fetch page 135 offset 2680 failed (attempt 5/5): Message: no such window: target window already closed
from unknown error: web view not found
  (Session info: MicrosoftEdge=142.0.3595.80)
Stacktrace:
	GetHandleVerifier [0x0x7ff7abd52a75+51877]
	GetHandleVerifier [0x0x7ff7abd52ad4+51972]
	GetHandleVerifier [0x0x7ff7abf09425+1848405]
	(No symbol) [0x0x7ff7abaa0e5f]
	(No symbol) [0x0x7ff7abb374ec]
	(No symbol) [0x0x7ff7abb4ed0a]
	(No symbol) [0x0x7ff7abb31df3]
	(No symbol) [0x0x7ff7abb05b36]
	(No symbol) [0x0x7ff7abb04d80]
	(No symbol) [0x0x7ff7abb05973]
	(No symbol) [0x0x7ff7abbce4a5]
	(No symbol) [0x0x7ff7abbca75d]
	GetHandleVerifier [0x0x7ff7abd7d2b3+226019]
	GetHandleVerifier [0x0x7ff7abd6c481+156849]
	GetHandleVerifier [0x0x7ff7abd74979+190889]
	GetHandleVerifier [0x0x7ff7abd59bb4+80868]
	GetHandleVerifier [0x0x7ff7abd59d03+81203]
	GetHandleVerifier [0x0x7ff7abd48286+8886]
	BaseThreadInitThunk [0x0x7ff9c9b0e8d7+23]
	RtlUserThreadStart [0x0x7ff9cb08c53c+44]

[2025-11-19T13:18:23.154827] SCRAPER skip page 135 after 5 failures; lanjut halaman berikutnya
[2025-11-19T13:18:23.156855] SCRAPER ratings fetch page 136 offset 2700 failed (attempt 1/5): Message: no such window: target window already closed
from unknown error: web view not found
  (Session info: MicrosoftEdge=142.0.3595.80)
Stacktrace:
	GetHandleVerifier [0x0x7ff7abd52a75+51877]
	GetHandleVerifier [0x0x7ff7abd52ad4+51972]
	GetHandleVerifier [0x0x7ff7abf09425+1848405]
	(No symbol) [0x0x7ff7abaa0e5f]
	(No symbol) [0x0x7ff7abb374ec]
	(No symbol) [0x0x7ff7abb4ed0a]
	(No symbol) [0x0x7ff7abb31df3]
	(No symbol) [0x0x7ff7abb05b36]
	(No symbol) [0x0x7ff7abb04d80]
	(No symbol) [0x0x7ff7abb05973]
	(No symbol) [0x0x7ff7abbce4a5]
	(No symbol) [0x0x7ff7abbca75d]
	GetHandleVerifier [0x0x7ff7abd7d2b3+226019]
	GetHandleVerifier [0x0x7ff7abd6c481+156849]
	GetHandleVerifier [0x0x7ff7abd74979+190889]
	GetHandleVerifier [0x0x7ff7abd59bb4+80868]
	GetHandleVerifier [0x0x7ff7abd59d03+81203]
	GetHandleVerifier [0x0x7ff7abd48286+8886]
	BaseThreadInitThunk [0x0x7ff9c9b0e8d7+23]
	RtlUserThreadStart [0x0x7ff9cb08c53c+44]

[2025-11-19T13:18:25.168785] SCRAPER ratings fetch page 136 offset 2700 failed (attempt 2/5): Message: no such window: target window already closed
from unknown error: web view not found
  (Session info: MicrosoftEdge=142.0.3595.80)
Stacktrace:
	GetHandleVerifier [0x0x7ff7abd52a75+51877]
	GetHandleVerifier [0x0x7ff7abd52ad4+51972]
	GetHandleVerifier [0x0x7ff7abf09425+1848405]
	(No symbol) [0x0x7ff7abaa0e5f]
	(No symbol) [0x0x7ff7abb374ec]
	(No symbol) [0x0x7ff7abb4ed0a]
	(No symbol) [0x0x7ff7abb31df3]
	(No symbol) [0x0x7ff7abb05b36]
	(No symbol) [0x0x7ff7abb04d80]
	(No symbol) [0x0x7ff7abb05973]
	(No symbol) [0x0x7ff7abbce4a5]
	(No symbol) [0x0x7ff7abbca75d]
	GetHandleVerifier [0x0x7ff7abd7d2b3+226019]
	GetHandleVerifier [0x0x7ff7abd6c481+156849]
	GetHandleVerifier [0x0x7ff7abd74979+190889]
	GetHandleVerifier [0x0x7ff7abd59bb4+80868]
	GetHandleVerifier [0x0x7ff7abd59d03+81203]
	GetHandleVerifier [0x0x7ff7abd48286+8886]
	BaseThreadInitThunk [0x0x7ff9c9b0e8d7+23]
	RtlUserThreadStart [0x0x7ff9cb08c53c+44]

[2025-11-19T13:18:28.191833] SCRAPER ratings fetch page 136 offset 2700 failed (attempt 3/5): Message: no such window: target window already closed
from unknown error: web view not found
  (Session info: MicrosoftEdge=142.0.3595.80)
Stacktrace:
	GetHandleVerifier [0x0x7ff7abd52a75+51877]
	GetHandleVerifier [0x0x7ff7abd52ad4+51972]
	GetHandleVerifier [0x0x7ff7abf09425+1848405]
	(No symbol) [0x0x7ff7abaa0e5f]
	(No symbol) [0x0x7ff7abb374ec]
	(No symbol) [0x0x7ff7abb4ed0a]
	(No symbol) [0x0x7ff7abb31df3]
	(No symbol) [0x0x7ff7abb05b36]
	(No symbol) [0x0x7ff7abb04d80]
	(No symbol) [0x0x7ff7abb05973]
	(No symbol) [0x0x7ff7abbce4a5]
	(No symbol) [0x0x7ff7abbca75d]
	GetHandleVerifier [0x0x7ff7abd7d2b3+226019]
	GetHandleVerifier [0x0x7ff7abd6c481+156849]
	GetHandleVerifier [0x0x7ff7abd74979+190889]
	GetHandleVerifier [0x0x7ff7abd59bb4+80868]
	GetHandleVerifier [0x0x7ff7abd59d03+81203]
	GetHandleVerifier [0x0x7ff7abd48286+8886]
	BaseThreadInitThunk [0x0x7ff9c9b0e8d7+23]
	RtlUserThreadStart [0x0x7ff9cb08c53c+44]

[2025-11-19T13:18:32.200242] SCRAPER ratings fetch page 136 offset 2700 failed (attempt 4/5): Message: no such window: target window already closed
from unknown error: web view not found
  (Session info: MicrosoftEdge=142.0.3595.80)
Stacktrace:
	GetHandleVerifier [0x0x7ff7abd52a75+51877]
	GetHandleVerifier [0x0x7ff7abd52ad4+51972]
	GetHandleVerifier [0x0x7ff7abf09425+1848405]
	(No symbol) [0x0x7ff7abaa0e5f]
	(No symbol) [0x0x7ff7abb374ec]
	(No symbol) [0x0x7ff7abb4ed0a]
	(No symbol) [0x0x7ff7abb31df3]
	(No symbol) [0x0x7ff7abb05b36]
	(No symbol) [0x0x7ff7abb04d80]
	(No symbol) [0x0x7ff7abb05973]
	(No symbol) [0x0x7ff7abbce4a5]
	(No symbol) [0x0x7ff7abbca75d]
	GetHandleVerifier [0x0x7ff7abd7d2b3+226019]
	GetHandleVerifier [0x0x7ff7abd6c481+156849]
	GetHandleVerifier [0x0x7ff7abd74979+190889]
	GetHandleVerifier [0x0x7ff7abd59bb4+80868]
	GetHandleVerifier [0x0x7ff7abd59d03+81203]
	GetHandleVerifier [0x0x7ff7abd48286+8886]
	BaseThreadInitThunk [0x0x7ff9c9b0e8d7+23]
	RtlUserThreadStart [0x0x7ff9cb08c53c+44]

[2025-11-19T13:18:37.206943] SCRAPER ratings fetch page 136 offset 2700 failed (attempt 5/5): Message: no such window: target window already closed
from unknown error: web view not found
  (Session info: MicrosoftEdge=142.0.3595.80)
Stacktrace:
	GetHandleVerifier [0x0x7ff7abd52a75+51877]
	GetHandleVerifier [0x0x7ff7abd52ad4+51972]
	GetHandleVerifier [0x0x7ff7abf09425+1848405]
	(No symbol) [0x0x7ff7abaa0e5f]
	(No symbol) [0x0x7ff7abb374ec]
	(No symbol) [0x0x7ff7abb4ed0a]
	(No symbol) [0x0x7ff7abb31df3]
	(No symbol) [0x0x7ff7abb05b36]
	(No symbol) [0x0x7ff7abb04d80]
	(No symbol) [0x0x7ff7abb05973]
	(No symbol) [0x0x7ff7abbce4a5]
	(No symbol) [0x0x7ff7abbca75d]
	GetHandleVerifier [0x0x7ff7abd7d2b3+226019]
	GetHandleVerifier [0x0x7ff7abd6c481+156849]
	GetHandleVerifier [0x0x7ff7abd74979+190889]
	GetHandleVerifier [0x0x7ff7abd59bb4+80868]
	GetHandleVerifier [0x0x7ff7abd59d03+81203]
	GetHandleVerifier [0x0x7ff7abd48286+8886]
	BaseThreadInitThunk [0x0x7ff9c9b0e8d7+23]
	RtlUserThreadStart [0x0x7ff9cb08c53c+44]

[2025-11-19T13:18:42.215594] SCRAPER skip page 136 after 5 failures; lanjut halaman berikutnya
[2025-11-19T13:18:42.217099] SCRAPER ratings fetch page 137 offset 2720 failed (attempt 1/5): Message: no such window: target window already closed
from unknown error: web view not found
  (Session info: MicrosoftEdge=142.0.3595.80)
Stacktrace:
	GetHandleVerifier [0x0x7ff7abd52a75+51877]
	GetHandleVerifier [0x0x7ff7abd52ad4+51972]
	GetHandleVerifier [0x0x7ff7abf09425+1848405]
	(No symbol) [0x0x7ff7abaa0e5f]
	(No symbol) [0x0x7ff7abb374ec]
	(No symbol) [0x0x7ff7abb4ed0a]
	(No symbol) [0x0x7ff7abb31df3]
	(No symbol) [0x0x7ff7abb05b36]
	(No symbol) [0x0x7ff7abb04d80]
	(No symbol) [0x0x7ff7abb05973]
	(No symbol) [0x0x7ff7abbce4a5]
	(No symbol) [0x0x7ff7abbca75d]
	GetHandleVerifier [0x0x7ff7abd7d2b3+226019]
	GetHandleVerifier [0x0x7ff7abd6c481+156849]
	GetHandleVerifier [0x0x7ff7abd74979+190889]
	GetHandleVerifier [0x0x7ff7abd59bb4+80868]
	GetHandleVerifier [0x0x7ff7abd59d03+81203]
	GetHandleVerifier [0x0x7ff7abd48286+8886]
	BaseThreadInitThunk [0x0x7ff9c9b0e8d7+23]
	RtlUserThreadStart [0x0x7ff9cb08c53c+44]

[2025-11-19T13:18:44.234446] SCRAPER ratings fetch page 137 offset 2720 failed (attempt 2/5): Message: no such window: target window already closed
from unknown error: web view not found
  (Session info: MicrosoftEdge=142.0.3595.80)
Stacktrace:
	GetHandleVerifier [0x0x7ff7abd52a75+51877]
	GetHandleVerifier [0x0x7ff7abd52ad4+51972]
	GetHandleVerifier [0x0x7ff7abf09425+1848405]
	(No symbol) [0x0x7ff7abaa0e5f]
	(No symbol) [0x0x7ff7abb374ec]
	(No symbol) [0x0x7ff7abb4ed0a]
	(No symbol) [0x0x7ff7abb31df3]
	(No symbol) [0x0x7ff7abb05b36]
	(No symbol) [0x0x7ff7abb04d80]
	(No symbol) [0x0x7ff7abb05973]
	(No symbol) [0x0x7ff7abbce4a5]
	(No symbol) [0x0x7ff7abbca75d]
	GetHandleVerifier [0x0x7ff7abd7d2b3+226019]
	GetHandleVerifier [0x0x7ff7abd6c481+156849]
	GetHandleVerifier [0x0x7ff7abd74979+190889]
	GetHandleVerifier [0x0x7ff7abd59bb4+80868]
	GetHandleVerifier [0x0x7ff7abd59d03+81203]
	GetHandleVerifier [0x0x7ff7abd48286+8886]
	BaseThreadInitThunk [0x0x7ff9c9b0e8d7+23]
	RtlUserThreadStart [0x0x7ff9cb08c53c+44]

[2025-11-19T13:18:47.253825] SCRAPER ratings fetch page 137 offset 2720 failed (attempt 3/5): Message: no such window: target window already closed
from unknown error: web view not found
  (Session info: MicrosoftEdge=142.0.3595.80)
Stacktrace:
	GetHandleVerifier [0x0x7ff7abd52a75+51877]
	GetHandleVerifier [0x0x7ff7abd52ad4+51972]
	GetHandleVerifier [0x0x7ff7abf09425+1848405]
	(No symbol) [0x0x7ff7abaa0e5f]
	(No symbol) [0x0x7ff7abb374ec]
	(No symbol) [0x0x7ff7abb4ed0a]
	(No symbol) [0x0x7ff7abb31df3]
	(No symbol) [0x0x7ff7abb05b36]
	(No symbol) [0x0x7ff7abb04d80]
	(No symbol) [0x0x7ff7abb05973]
	(No symbol) [0x0x7ff7abbce4a5]
	(No symbol) [0x0x7ff7abbca75d]
	GetHandleVerifier [0x0x7ff7abd7d2b3+226019]
	GetHandleVerifier [0x0x7ff7abd6c481+156849]
	GetHandleVerifier [0x0x7ff7abd74979+190889]
	GetHandleVerifier [0x0x7ff7abd59bb4+80868]
	GetHandleVerifier [0x0x7ff7abd59d03+81203]
	GetHandleVerifier [0x0x7ff7abd48286+8886]
	BaseThreadInitThunk [0x0x7ff9c9b0e8d7+23]
	RtlUserThreadStart [0x0x7ff9cb08c53c+44]

[2025-11-19T13:18:51.263870] SCRAPER ratings fetch page 137 offset 2720 failed (attempt 4/5): Message: no such window: target window already closed
from unknown error: web view not found
  (Session info: MicrosoftEdge=142.0.3595.80)
Stacktrace:
	GetHandleVerifier [0x0x7ff7abd52a75+51877]
	GetHandleVerifier [0x0x7ff7abd52ad4+51972]
	GetHandleVerifier [0x0x7ff7abf09425+1848405]
	(No symbol) [0x0x7ff7abaa0e5f]
	(No symbol) [0x0x7ff7abb374ec]
	(No symbol) [0x0x7ff7abb4ed0a]
	(No symbol) [0x0x7ff7abb31df3]
	(No symbol) [0x0x7ff7abb05b36]
	(No symbol) [0x0x7ff7abb04d80]
	(No symbol) [0x0x7ff7abb05973]
	(No symbol) [0x0x7ff7abbce4a5]
	(No symbol) [0x0x7ff7abbca75d]
	GetHandleVerifier [0x0x7ff7abd7d2b3+226019]
	GetHandleVerifier [0x0x7ff7abd6c481+156849]
	GetHandleVerifier [0x0x7ff7abd74979+190889]
	GetHandleVerifier [0x0x7ff7abd59bb4+80868]
	GetHandleVerifier [0x0x7ff7abd59d03+81203]
	GetHandleVerifier [0x0x7ff7abd48286+8886]
	BaseThreadInitThunk [0x0x7ff9c9b0e8d7+23]
	RtlUserThreadStart [0x0x7ff9cb08c53c+44]

[2025-11-19T13:18:56.273916] SCRAPER ratings fetch page 137 offset 2720 failed (attempt 5/5): Message: no such window: target window already closed
from unknown error: web view not found
  (Session info: MicrosoftEdge=142.0.3595.80)
Stacktrace:
	GetHandleVerifier [0x0x7ff7abd52a75+51877]
	GetHandleVerifier [0x0x7ff7abd52ad4+51972]
	GetHandleVerifier [0x0x7ff7abf09425+1848405]
	(No symbol) [0x0x7ff7abaa0e5f]
	(No symbol) [0x0x7ff7abb374ec]
	(No symbol) [0x0x7ff7abb4ed0a]
	(No symbol) [0x0x7ff7abb31df3]
	(No symbol) [0x0x7ff7abb05b36]
	(No symbol) [0x0x7ff7abb04d80]
	(No symbol) [0x0x7ff7abb05973]
	(No symbol) [0x0x7ff7abbce4a5]
	(No symbol) [0x0x7ff7abbca75d]
	GetHandleVerifier [0x0x7ff7abd7d2b3+226019]
	GetHandleVerifier [0x0x7ff7abd6c481+156849]
	GetHandleVerifier [0x0x7ff7abd74979+190889]
	GetHandleVerifier [0x0x7ff7abd59bb4+80868]
	GetHandleVerifier [0x0x7ff7abd59d03+81203]
	GetHandleVerifier [0x0x7ff7abd48286+8886]
	BaseThreadInitThunk [0x0x7ff9c9b0e8d7+23]
	RtlUserThreadStart [0x0x7ff9cb08c53c+44]

[2025-11-19T13:19:01.283494] SCRAPER skip page 137 after 5 failures; lanjut halaman berikutnya
[2025-11-19T13:19:01.287633] SCRAPER ratings fetch page 138 offset 2740 failed (attempt 1/5): Message: no such window: target window already closed
from unknown error: web view not found
  (Session info: MicrosoftEdge=142.0.3595.80)
Stacktrace:
	GetHandleVerifier [0x0x7ff7abd52a75+51877]
	GetHandleVerifier [0x0x7ff7abd52ad4+51972]
	GetHandleVerifier [0x0x7ff7abf09425+1848405]
	(No symbol) [0x0x7ff7abaa0e5f]
	(No symbol) [0x0x7ff7abb374ec]
	(No symbol) [0x0x7ff7abb4ed0a]
	(No symbol) [0x0x7ff7abb31df3]
	(No symbol) [0x0x7ff7abb05b36]
	(No symbol) [0x0x7ff7abb04d80]
	(No symbol) [0x0x7ff7abb05973]
	(No symbol) [0x0x7ff7abbce4a5]
	(No symbol) [0x0x7ff7abbca75d]
	GetHandleVerifier [0x0x7ff7abd7d2b3+226019]
	GetHandleVerifier [0x0x7ff7abd6c481+156849]
	GetHandleVerifier [0x0x7ff7abd74979+190889]
	GetHandleVerifier [0x0x7ff7abd59bb4+80868]
	GetHandleVerifier [0x0x7ff7abd59d03+81203]
	GetHandleVerifier [0x0x7ff7abd48286+8886]
	BaseThreadInitThunk [0x0x7ff9c9b0e8d7+23]
	RtlUserThreadStart [0x0x7ff9cb08c53c+44]

[2025-11-19T13:19:03.301338] SCRAPER ratings fetch page 138 offset 2740 failed (attempt 2/5): Message: no such window: target window already closed
from unknown error: web view not found
  (Session info: MicrosoftEdge=142.0.3595.80)
Stacktrace:
	GetHandleVerifier [0x0x7ff7abd52a75+51877]
	GetHandleVerifier [0x0x7ff7abd52ad4+51972]
	GetHandleVerifier [0x0x7ff7abf09425+1848405]
	(No symbol) [0x0x7ff7abaa0e5f]
	(No symbol) [0x0x7ff7abb374ec]
	(No symbol) [0x0x7ff7abb4ed0a]
	(No symbol) [0x0x7ff7abb31df3]
	(No symbol) [0x0x7ff7abb05b36]
	(No symbol) [0x0x7ff7abb04d80]
	(No symbol) [0x0x7ff7abb05973]
	(No symbol) [0x0x7ff7abbce4a5]
	(No symbol) [0x0x7ff7abbca75d]
	GetHandleVerifier [0x0x7ff7abd7d2b3+226019]
	GetHandleVerifier [0x0x7ff7abd6c481+156849]
	GetHandleVerifier [0x0x7ff7abd74979+190889]
	GetHandleVerifier [0x0x7ff7abd59bb4+80868]
	GetHandleVerifier [0x0x7ff7abd59d03+81203]
	GetHandleVerifier [0x0x7ff7abd48286+8886]
	BaseThreadInitThunk [0x0x7ff9c9b0e8d7+23]
	RtlUserThreadStart [0x0x7ff9cb08c53c+44]

[2025-11-19T13:19:06.317817] SCRAPER ratings fetch page 138 offset 2740 failed (attempt 3/5): Message: no such window: target window already closed
from unknown error: web view not found
  (Session info: MicrosoftEdge=142.0.3595.80)
Stacktrace:
	GetHandleVerifier [0x0x7ff7abd52a75+51877]
	GetHandleVerifier [0x0x7ff7abd52ad4+51972]
	GetHandleVerifier [0x0x7ff7abf09425+1848405]
	(No symbol) [0x0x7ff7abaa0e5f]
	(No symbol) [0x0x7ff7abb374ec]
	(No symbol) [0x0x7ff7abb4ed0a]
	(No symbol) [0x0x7ff7abb31df3]
	(No symbol) [0x0x7ff7abb05b36]
	(No symbol) [0x0x7ff7abb04d80]
	(No symbol) [0x0x7ff7abb05973]
	(No symbol) [0x0x7ff7abbce4a5]
	(No symbol) [0x0x7ff7abbca75d]
	GetHandleVerifier [0x0x7ff7abd7d2b3+226019]
	GetHandleVerifier [0x0x7ff7abd6c481+156849]
	GetHandleVerifier [0x0x7ff7abd74979+190889]
	GetHandleVerifier [0x0x7ff7abd59bb4+80868]
	GetHandleVerifier [0x0x7ff7abd59d03+81203]
	GetHandleVerifier [0x0x7ff7abd48286+8886]
	BaseThreadInitThunk [0x0x7ff9c9b0e8d7+23]
	RtlUserThreadStart [0x0x7ff9cb08c53c+44]

[2025-11-19T13:19:10.328897] SCRAPER ratings fetch page 138 offset 2740 failed (attempt 4/5): Message: no such window: target window already closed
from unknown error: web view not found
  (Session info: MicrosoftEdge=142.0.3595.80)
Stacktrace:
	GetHandleVerifier [0x0x7ff7abd52a75+51877]
	GetHandleVerifier [0x0x7ff7abd52ad4+51972]
	GetHandleVerifier [0x0x7ff7abf09425+1848405]
	(No symbol) [0x0x7ff7abaa0e5f]
	(No symbol) [0x0x7ff7abb374ec]
	(No symbol) [0x0x7ff7abb4ed0a]
	(No symbol) [0x0x7ff7abb31df3]
	(No symbol) [0x0x7ff7abb05b36]
	(No symbol) [0x0x7ff7abb04d80]
	(No symbol) [0x0x7ff7abb05973]
	(No symbol) [0x0x7ff7abbce4a5]
	(No symbol) [0x0x7ff7abbca75d]
	GetHandleVerifier [0x0x7ff7abd7d2b3+226019]
	GetHandleVerifier [0x0x7ff7abd6c481+156849]
	GetHandleVerifier [0x0x7ff7abd74979+190889]
	GetHandleVerifier [0x0x7ff7abd59bb4+80868]
	GetHandleVerifier [0x0x7ff7abd59d03+81203]
	GetHandleVerifier [0x0x7ff7abd48286+8886]
	BaseThreadInitThunk [0x0x7ff9c9b0e8d7+23]
	RtlUserThreadStart [0x0x7ff9cb08c53c+44]

[2025-11-19T13:19:15.337894] SCRAPER ratings fetch page 138 offset 2740 failed (attempt 5/5): Message: no such window: target window already closed
from unknown error: web view not found
  (Session info: MicrosoftEdge=142.0.3595.80)
Stacktrace:
	GetHandleVerifier [0x0x7ff7abd52a75+51877]
	GetHandleVerifier [0x0x7ff7abd52ad4+51972]
	GetHandleVerifier [0x0x7ff7abf09425+1848405]
	(No symbol) [0x0x7ff7abaa0e5f]
	(No symbol) [0x0x7ff7abb374ec]
	(No symbol) [0x0x7ff7abb4ed0a]
	(No symbol) [0x0x7ff7abb31df3]
	(No symbol) [0x0x7ff7abb05b36]
	(No symbol) [0x0x7ff7abb04d80]
	(No symbol) [0x0x7ff7abb05973]
	(No symbol) [0x0x7ff7abbce4a5]
	(No symbol) [0x0x7ff7abbca75d]
	GetHandleVerifier [0x0x7ff7abd7d2b3+226019]
	GetHandleVerifier [0x0x7ff7abd6c481+156849]
	GetHandleVerifier [0x0x7ff7abd74979+190889]
	GetHandleVerifier [0x0x7ff7abd59bb4+80868]
	GetHandleVerifier [0x0x7ff7abd59d03+81203]
	GetHandleVerifier [0x0x7ff7abd48286+8886]
	BaseThreadInitThunk [0x0x7ff9c9b0e8d7+23]
	RtlUserThreadStart [0x0x7ff9cb08c53c+44]

[2025-11-19T13:19:20.352372] SCRAPER skip page 138 after 5 failures; lanjut halaman berikutnya
[2025-11-19T13:19:20.353775] SCRAPER ratings fetch page 139 offset 2760 failed (attempt 1/5): Message: no such window: target window already closed
from unknown error: web view not found
  (Session info: MicrosoftEdge=142.0.3595.80)
Stacktrace:
	GetHandleVerifier [0x0x7ff7abd52a75+51877]
	GetHandleVerifier [0x0x7ff7abd52ad4+51972]
	GetHandleVerifier [0x0x7ff7abf09425+1848405]
	(No symbol) [0x0x7ff7abaa0e5f]
	(No symbol) [0x0x7ff7abb374ec]
	(No symbol) [0x0x7ff7abb4ed0a]
	(No symbol) [0x0x7ff7abb31df3]
	(No symbol) [0x0x7ff7abb05b36]
	(No symbol) [0x0x7ff7abb04d80]
	(No symbol) [0x0x7ff7abb05973]
	(No symbol) [0x0x7ff7abbce4a5]
	(No symbol) [0x0x7ff7abbca75d]
	GetHandleVerifier [0x0x7ff7abd7d2b3+226019]
	GetHandleVerifier [0x0x7ff7abd6c481+156849]
	GetHandleVerifier [0x0x7ff7abd74979+190889]
	GetHandleVerifier [0x0x7ff7abd59bb4+80868]
	GetHandleVerifier [0x0x7ff7abd59d03+81203]
	GetHandleVerifier [0x0x7ff7abd48286+8886]
	BaseThreadInitThunk [0x0x7ff9c9b0e8d7+23]
	RtlUserThreadStart [0x0x7ff9cb08c53c+44]

[2025-11-19T13:19:22.361687] SCRAPER ratings fetch page 139 offset 2760 failed (attempt 2/5): Message: no such window: target window already closed
from unknown error: web view not found
  (Session info: MicrosoftEdge=142.0.3595.80)
Stacktrace:
	GetHandleVerifier [0x0x7ff7abd52a75+51877]
	GetHandleVerifier [0x0x7ff7abd52ad4+51972]
	GetHandleVerifier [0x0x7ff7abf09425+1848405]
	(No symbol) [0x0x7ff7abaa0e5f]
	(No symbol) [0x0x7ff7abb374ec]
	(No symbol) [0x0x7ff7abb4ed0a]
	(No symbol) [0x0x7ff7abb31df3]
	(No symbol) [0x0x7ff7abb05b36]
	(No symbol) [0x0x7ff7abb04d80]
	(No symbol) [0x0x7ff7abb05973]
	(No symbol) [0x0x7ff7abbce4a5]
	(No symbol) [0x0x7ff7abbca75d]
	GetHandleVerifier [0x0x7ff7abd7d2b3+226019]
	GetHandleVerifier [0x0x7ff7abd6c481+156849]
	GetHandleVerifier [0x0x7ff7abd74979+190889]
	GetHandleVerifier [0x0x7ff7abd59bb4+80868]
	GetHandleVerifier [0x0x7ff7abd59d03+81203]
	GetHandleVerifier [0x0x7ff7abd48286+8886]
	BaseThreadInitThunk [0x0x7ff9c9b0e8d7+23]
	RtlUserThreadStart [0x0x7ff9cb08c53c+44]

[2025-11-19T13:19:25.376762] SCRAPER ratings fetch page 139 offset 2760 failed (attempt 3/5): Message: no such window: target window already closed
from unknown error: web view not found
  (Session info: MicrosoftEdge=142.0.3595.80)
Stacktrace:
	GetHandleVerifier [0x0x7ff7abd52a75+51877]
	GetHandleVerifier [0x0x7ff7abd52ad4+51972]
	GetHandleVerifier [0x0x7ff7abf09425+1848405]
	(No symbol) [0x0x7ff7abaa0e5f]
	(No symbol) [0x0x7ff7abb374ec]
	(No symbol) [0x0x7ff7abb4ed0a]
	(No symbol) [0x0x7ff7abb31df3]
	(No symbol) [0x0x7ff7abb05b36]
	(No symbol) [0x0x7ff7abb04d80]
	(No symbol) [0x0x7ff7abb05973]
	(No symbol) [0x0x7ff7abbce4a5]
	(No symbol) [0x0x7ff7abbca75d]
	GetHandleVerifier [0x0x7ff7abd7d2b3+226019]
	GetHandleVerifier [0x0x7ff7abd6c481+156849]
	GetHandleVerifier [0x0x7ff7abd74979+190889]
	GetHandleVerifier [0x0x7ff7abd59bb4+80868]
	GetHandleVerifier [0x0x7ff7abd59d03+81203]
	GetHandleVerifier [0x0x7ff7abd48286+8886]
	BaseThreadInitThunk [0x0x7ff9c9b0e8d7+23]
	RtlUserThreadStart [0x0x7ff9cb08c53c+44]

[2025-11-19T13:19:29.391950] SCRAPER ratings fetch page 139 offset 2760 failed (attempt 4/5): Message: no such window: target window already closed
from unknown error: web view not found
  (Session info: MicrosoftEdge=142.0.3595.80)
Stacktrace:
	GetHandleVerifier [0x0x7ff7abd52a75+51877]
	GetHandleVerifier [0x0x7ff7abd52ad4+51972]
	GetHandleVerifier [0x0x7ff7abf09425+1848405]
	(No symbol) [0x0x7ff7abaa0e5f]
	(No symbol) [0x0x7ff7abb374ec]
	(No symbol) [0x0x7ff7abb4ed0a]
	(No symbol) [0x0x7ff7abb31df3]
	(No symbol) [0x0x7ff7abb05b36]
	(No symbol) [0x0x7ff7abb04d80]
	(No symbol) [0x0x7ff7abb05973]
	(No symbol) [0x0x7ff7abbce4a5]
	(No symbol) [0x0x7ff7abbca75d]
	GetHandleVerifier [0x0x7ff7abd7d2b3+226019]
	GetHandleVerifier [0x0x7ff7abd6c481+156849]
	GetHandleVerifier [0x0x7ff7abd74979+190889]
	GetHandleVerifier [0x0x7ff7abd59bb4+80868]
	GetHandleVerifier [0x0x7ff7abd59d03+81203]
	GetHandleVerifier [0x0x7ff7abd48286+8886]
	BaseThreadInitThunk [0x0x7ff9c9b0e8d7+23]
	RtlUserThreadStart [0x0x7ff9cb08c53c+44]

[2025-11-19T13:19:34.396656] SCRAPER ratings fetch page 139 offset 2760 failed (attempt 5/5): Message: no such window: target window already closed
from unknown error: web view not found
  (Session info: MicrosoftEdge=142.0.3595.80)
Stacktrace:
	GetHandleVerifier [0x0x7ff7abd52a75+51877]
	GetHandleVerifier [0x0x7ff7abd52ad4+51972]
	GetHandleVerifier [0x0x7ff7abf09425+1848405]
	(No symbol) [0x0x7ff7abaa0e5f]
	(No symbol) [0x0x7ff7abb374ec]
	(No symbol) [0x0x7ff7abb4ed0a]
	(No symbol) [0x0x7ff7abb31df3]
	(No symbol) [0x0x7ff7abb05b36]
	(No symbol) [0x0x7ff7abb04d80]
	(No symbol) [0x0x7ff7abb05973]
	(No symbol) [0x0x7ff7abbce4a5]
	(No symbol) [0x0x7ff7abbca75d]
	GetHandleVerifier [0x0x7ff7abd7d2b3+226019]
	GetHandleVerifier [0x0x7ff7abd6c481+156849]
	GetHandleVerifier [0x0x7ff7abd74979+190889]
	GetHandleVerifier [0x0x7ff7abd59bb4+80868]
	GetHandleVerifier [0x0x7ff7abd59d03+81203]
	GetHandleVerifier [0x0x7ff7abd48286+8886]
	BaseThreadInitThunk [0x0x7ff9c9b0e8d7+23]
	RtlUserThreadStart [0x0x7ff9cb08c53c+44]

[2025-11-19T13:19:39.409839] SCRAPER skip page 139 after 5 failures; lanjut halaman berikutnya
[2025-11-19T13:19:39.410840] SCRAPER ratings fetch page 140 offset 2780 failed (attempt 1/5): Message: no such window: target window already closed
from unknown error: web view not found
  (Session info: MicrosoftEdge=142.0.3595.80)
Stacktrace:
	GetHandleVerifier [0x0x7ff7abd52a75+51877]
	GetHandleVerifier [0x0x7ff7abd52ad4+51972]
	GetHandleVerifier [0x0x7ff7abf09425+1848405]
	(No symbol) [0x0x7ff7abaa0e5f]
	(No symbol) [0x0x7ff7abb374ec]
	(No symbol) [0x0x7ff7abb4ed0a]
	(No symbol) [0x0x7ff7abb31df3]
	(No symbol) [0x0x7ff7abb05b36]
	(No symbol) [0x0x7ff7abb04d80]
	(No symbol) [0x0x7ff7abb05973]
	(No symbol) [0x0x7ff7abbce4a5]
	(No symbol) [0x0x7ff7abbca75d]
	GetHandleVerifier [0x0x7ff7abd7d2b3+226019]
	GetHandleVerifier [0x0x7ff7abd6c481+156849]
	GetHandleVerifier [0x0x7ff7abd74979+190889]
	GetHandleVerifier [0x0x7ff7abd59bb4+80868]
	GetHandleVerifier [0x0x7ff7abd59d03+81203]
	GetHandleVerifier [0x0x7ff7abd48286+8886]
	BaseThreadInitThunk [0x0x7ff9c9b0e8d7+23]
	RtlUserThreadStart [0x0x7ff9cb08c53c+44]

[2025-11-19T13:19:41.419159] SCRAPER ratings fetch page 140 offset 2780 failed (attempt 2/5): Message: no such window: target window already closed
from unknown error: web view not found
  (Session info: MicrosoftEdge=142.0.3595.80)
Stacktrace:
	GetHandleVerifier [0x0x7ff7abd52a75+51877]
	GetHandleVerifier [0x0x7ff7abd52ad4+51972]
	GetHandleVerifier [0x0x7ff7abf09425+1848405]
	(No symbol) [0x0x7ff7abaa0e5f]
	(No symbol) [0x0x7ff7abb374ec]
	(No symbol) [0x0x7ff7abb4ed0a]
	(No symbol) [0x0x7ff7abb31df3]
	(No symbol) [0x0x7ff7abb05b36]
	(No symbol) [0x0x7ff7abb04d80]
	(No symbol) [0x0x7ff7abb05973]
	(No symbol) [0x0x7ff7abbce4a5]
	(No symbol) [0x0x7ff7abbca75d]
	GetHandleVerifier [0x0x7ff7abd7d2b3+226019]
	GetHandleVerifier [0x0x7ff7abd6c481+156849]
	GetHandleVerifier [0x0x7ff7abd74979+190889]
	GetHandleVerifier [0x0x7ff7abd59bb4+80868]
	GetHandleVerifier [0x0x7ff7abd59d03+81203]
	GetHandleVerifier [0x0x7ff7abd48286+8886]
	BaseThreadInitThunk [0x0x7ff9c9b0e8d7+23]
	RtlUserThreadStart [0x0x7ff9cb08c53c+44]

[2025-11-19T13:19:44.426636] SCRAPER ratings fetch page 140 offset 2780 failed (attempt 3/5): Message: no such window: target window already closed
from unknown error: web view not found
  (Session info: MicrosoftEdge=142.0.3595.80)
Stacktrace:
	GetHandleVerifier [0x0x7ff7abd52a75+51877]
	GetHandleVerifier [0x0x7ff7abd52ad4+51972]
	GetHandleVerifier [0x0x7ff7abf09425+1848405]
	(No symbol) [0x0x7ff7abaa0e5f]
	(No symbol) [0x0x7ff7abb374ec]
	(No symbol) [0x0x7ff7abb4ed0a]
	(No symbol) [0x0x7ff7abb31df3]
	(No symbol) [0x0x7ff7abb05b36]
	(No symbol) [0x0x7ff7abb04d80]
	(No symbol) [0x0x7ff7abb05973]
	(No symbol) [0x0x7ff7abbce4a5]
	(No symbol) [0x0x7ff7abbca75d]
	GetHandleVerifier [0x0x7ff7abd7d2b3+226019]
	GetHandleVerifier [0x0x7ff7abd6c481+156849]
	GetHandleVerifier [0x0x7ff7abd74979+190889]
	GetHandleVerifier [0x0x7ff7abd59bb4+80868]
	GetHandleVerifier [0x0x7ff7abd59d03+81203]
	GetHandleVerifier [0x0x7ff7abd48286+8886]
	BaseThreadInitThunk [0x0x7ff9c9b0e8d7+23]
	RtlUserThreadStart [0x0x7ff9cb08c53c+44]

[2025-11-19T13:19:48.443357] SCRAPER ratings fetch page 140 offset 2780 failed (attempt 4/5): Message: no such window: target window already closed
from unknown error: web view not found
  (Session info: MicrosoftEdge=142.0.3595.80)
Stacktrace:
	GetHandleVerifier [0x0x7ff7abd52a75+51877]
	GetHandleVerifier [0x0x7ff7abd52ad4+51972]
	GetHandleVerifier [0x0x7ff7abf09425+1848405]
	(No symbol) [0x0x7ff7abaa0e5f]
	(No symbol) [0x0x7ff7abb374ec]
	(No symbol) [0x0x7ff7abb4ed0a]
	(No symbol) [0x0x7ff7abb31df3]
	(No symbol) [0x0x7ff7abb05b36]
	(No symbol) [0x0x7ff7abb04d80]
	(No symbol) [0x0x7ff7abb05973]
	(No symbol) [0x0x7ff7abbce4a5]
	(No symbol) [0x0x7ff7abbca75d]
	GetHandleVerifier [0x0x7ff7abd7d2b3+226019]
	GetHandleVerifier [0x0x7ff7abd6c481+156849]
	GetHandleVerifier [0x0x7ff7abd74979+190889]
	GetHandleVerifier [0x0x7ff7abd59bb4+80868]
	GetHandleVerifier [0x0x7ff7abd59d03+81203]
	GetHandleVerifier [0x0x7ff7abd48286+8886]
	BaseThreadInitThunk [0x0x7ff9c9b0e8d7+23]
	RtlUserThreadStart [0x0x7ff9cb08c53c+44]

[2025-11-19T13:19:53.456681] SCRAPER ratings fetch page 140 offset 2780 failed (attempt 5/5): Message: no such window: target window already closed
from unknown error: web view not found
  (Session info: MicrosoftEdge=142.0.3595.80)
Stacktrace:
	GetHandleVerifier [0x0x7ff7abd52a75+51877]
	GetHandleVerifier [0x0x7ff7abd52ad4+51972]
	GetHandleVerifier [0x0x7ff7abf09425+1848405]
	(No symbol) [0x0x7ff7abaa0e5f]
	(No symbol) [0x0x7ff7abb374ec]
	(No symbol) [0x0x7ff7abb4ed0a]
	(No symbol) [0x0x7ff7abb31df3]
	(No symbol) [0x0x7ff7abb05b36]
	(No symbol) [0x0x7ff7abb04d80]
	(No symbol) [0x0x7ff7abb05973]
	(No symbol) [0x0x7ff7abbce4a5]
	(No symbol) [0x0x7ff7abbca75d]
	GetHandleVerifier [0x0x7ff7abd7d2b3+226019]
	GetHandleVerifier [0x0x7ff7abd6c481+156849]
	GetHandleVerifier [0x0x7ff7abd74979+190889]
	GetHandleVerifier [0x0x7ff7abd59bb4+80868]
	GetHandleVerifier [0x0x7ff7abd59d03+81203]
	GetHandleVerifier [0x0x7ff7abd48286+8886]
	BaseThreadInitThunk [0x0x7ff9c9b0e8d7+23]
	RtlUserThreadStart [0x0x7ff9cb08c53c+44]

[2025-11-19T13:19:58.462512] SCRAPER skip page 140 after 5 failures; lanjut halaman berikutnya
[2025-11-19T13:19:58.464209] SCRAPER ratings fetch page 141 offset 2800 failed (attempt 1/5): Message: no such window: target window already closed
from unknown error: web view not found
  (Session info: MicrosoftEdge=142.0.3595.80)
Stacktrace:
	GetHandleVerifier [0x0x7ff7abd52a75+51877]
	GetHandleVerifier [0x0x7ff7abd52ad4+51972]
	GetHandleVerifier [0x0x7ff7abf09425+1848405]
	(No symbol) [0x0x7ff7abaa0e5f]
	(No symbol) [0x0x7ff7abb374ec]
	(No symbol) [0x0x7ff7abb4ed0a]
	(No symbol) [0x0x7ff7abb31df3]
	(No symbol) [0x0x7ff7abb05b36]
	(No symbol) [0x0x7ff7abb04d80]
	(No symbol) [0x0x7ff7abb05973]
	(No symbol) [0x0x7ff7abbce4a5]
	(No symbol) [0x0x7ff7abbca75d]
	GetHandleVerifier [0x0x7ff7abd7d2b3+226019]
	GetHandleVerifier [0x0x7ff7abd6c481+156849]
	GetHandleVerifier [0x0x7ff7abd74979+190889]
	GetHandleVerifier [0x0x7ff7abd59bb4+80868]
	GetHandleVerifier [0x0x7ff7abd59d03+81203]
	GetHandleVerifier [0x0x7ff7abd48286+8886]
	BaseThreadInitThunk [0x0x7ff9c9b0e8d7+23]
	RtlUserThreadStart [0x0x7ff9cb08c53c+44]

[2025-11-19T13:20:00.468737] SCRAPER ratings fetch page 141 offset 2800 failed (attempt 2/5): Message: no such window: target window already closed
from unknown error: web view not found
  (Session info: MicrosoftEdge=142.0.3595.80)
Stacktrace:
	GetHandleVerifier [0x0x7ff7abd52a75+51877]
	GetHandleVerifier [0x0x7ff7abd52ad4+51972]
	GetHandleVerifier [0x0x7ff7abf09425+1848405]
	(No symbol) [0x0x7ff7abaa0e5f]
	(No symbol) [0x0x7ff7abb374ec]
	(No symbol) [0x0x7ff7abb4ed0a]
	(No symbol) [0x0x7ff7abb31df3]
	(No symbol) [0x0x7ff7abb05b36]
	(No symbol) [0x0x7ff7abb04d80]
	(No symbol) [0x0x7ff7abb05973]
	(No symbol) [0x0x7ff7abbce4a5]
	(No symbol) [0x0x7ff7abbca75d]
	GetHandleVerifier [0x0x7ff7abd7d2b3+226019]
	GetHandleVerifier [0x0x7ff7abd6c481+156849]
	GetHandleVerifier [0x0x7ff7abd74979+190889]
	GetHandleVerifier [0x0x7ff7abd59bb4+80868]
	GetHandleVerifier [0x0x7ff7abd59d03+81203]
	GetHandleVerifier [0x0x7ff7abd48286+8886]
	BaseThreadInitThunk [0x0x7ff9c9b0e8d7+23]
	RtlUserThreadStart [0x0x7ff9cb08c53c+44]

[2025-11-19T13:20:03.481913] SCRAPER ratings fetch page 141 offset 2800 failed (attempt 3/5): Message: no such window: target window already closed
from unknown error: web view not found
  (Session info: MicrosoftEdge=142.0.3595.80)
Stacktrace:
	GetHandleVerifier [0x0x7ff7abd52a75+51877]
	GetHandleVerifier [0x0x7ff7abd52ad4+51972]
	GetHandleVerifier [0x0x7ff7abf09425+1848405]
	(No symbol) [0x0x7ff7abaa0e5f]
	(No symbol) [0x0x7ff7abb374ec]
	(No symbol) [0x0x7ff7abb4ed0a]
	(No symbol) [0x0x7ff7abb31df3]
	(No symbol) [0x0x7ff7abb05b36]
	(No symbol) [0x0x7ff7abb04d80]
	(No symbol) [0x0x7ff7abb05973]
	(No symbol) [0x0x7ff7abbce4a5]
	(No symbol) [0x0x7ff7abbca75d]
	GetHandleVerifier [0x0x7ff7abd7d2b3+226019]
	GetHandleVerifier [0x0x7ff7abd6c481+156849]
	GetHandleVerifier [0x0x7ff7abd74979+190889]
	GetHandleVerifier [0x0x7ff7abd59bb4+80868]
	GetHandleVerifier [0x0x7ff7abd59d03+81203]
	GetHandleVerifier [0x0x7ff7abd48286+8886]
	BaseThreadInitThunk [0x0x7ff9c9b0e8d7+23]
	RtlUserThreadStart [0x0x7ff9cb08c53c+44]

[2025-11-19T13:20:07.490149] SCRAPER ratings fetch page 141 offset 2800 failed (attempt 4/5): Message: no such window: target window already closed
from unknown error: web view not found
  (Session info: MicrosoftEdge=142.0.3595.80)
Stacktrace:
	GetHandleVerifier [0x0x7ff7abd52a75+51877]
	GetHandleVerifier [0x0x7ff7abd52ad4+51972]
	GetHandleVerifier [0x0x7ff7abf09425+1848405]
	(No symbol) [0x0x7ff7abaa0e5f]
	(No symbol) [0x0x7ff7abb374ec]
	(No symbol) [0x0x7ff7abb4ed0a]
	(No symbol) [0x0x7ff7abb31df3]
	(No symbol) [0x0x7ff7abb05b36]
	(No symbol) [0x0x7ff7abb04d80]
	(No symbol) [0x0x7ff7abb05973]
	(No symbol) [0x0x7ff7abbce4a5]
	(No symbol) [0x0x7ff7abbca75d]
	GetHandleVerifier [0x0x7ff7abd7d2b3+226019]
	GetHandleVerifier [0x0x7ff7abd6c481+156849]
	GetHandleVerifier [0x0x7ff7abd74979+190889]
	GetHandleVerifier [0x0x7ff7abd59bb4+80868]
	GetHandleVerifier [0x0x7ff7abd59d03+81203]
	GetHandleVerifier [0x0x7ff7abd48286+8886]
	BaseThreadInitThunk [0x0x7ff9c9b0e8d7+23]
	RtlUserThreadStart [0x0x7ff9cb08c53c+44]

[2025-11-19T13:20:12.505905] SCRAPER ratings fetch page 141 offset 2800 failed (attempt 5/5): Message: no such window: target window already closed
from unknown error: web view not found
  (Session info: MicrosoftEdge=142.0.3595.80)
Stacktrace:
	GetHandleVerifier [0x0x7ff7abd52a75+51877]
	GetHandleVerifier [0x0x7ff7abd52ad4+51972]
	GetHandleVerifier [0x0x7ff7abf09425+1848405]
	(No symbol) [0x0x7ff7abaa0e5f]
	(No symbol) [0x0x7ff7abb374ec]
	(No symbol) [0x0x7ff7abb4ed0a]
	(No symbol) [0x0x7ff7abb31df3]
	(No symbol) [0x0x7ff7abb05b36]
	(No symbol) [0x0x7ff7abb04d80]
	(No symbol) [0x0x7ff7abb05973]
	(No symbol) [0x0x7ff7abbce4a5]
	(No symbol) [0x0x7ff7abbca75d]
	GetHandleVerifier [0x0x7ff7abd7d2b3+226019]
	GetHandleVerifier [0x0x7ff7abd6c481+156849]
	GetHandleVerifier [0x0x7ff7abd74979+190889]
	GetHandleVerifier [0x0x7ff7abd59bb4+80868]
	GetHandleVerifier [0x0x7ff7abd59d03+81203]
	GetHandleVerifier [0x0x7ff7abd48286+8886]
	BaseThreadInitThunk [0x0x7ff9c9b0e8d7+23]
	RtlUserThreadStart [0x0x7ff9cb08c53c+44]

[2025-11-19T13:20:17.518505] SCRAPER skip page 141 after 5 failures; lanjut halaman berikutnya
[2025-11-19T13:20:17.521272] SCRAPER ratings fetch page 142 offset 2820 failed (attempt 1/5): Message: no such window: target window already closed
from unknown error: web view not found
  (Session info: MicrosoftEdge=142.0.3595.80)
Stacktrace:
	GetHandleVerifier [0x0x7ff7abd52a75+51877]
	GetHandleVerifier [0x0x7ff7abd52ad4+51972]
	GetHandleVerifier [0x0x7ff7abf09425+1848405]
	(No symbol) [0x0x7ff7abaa0e5f]
	(No symbol) [0x0x7ff7abb374ec]
	(No symbol) [0x0x7ff7abb4ed0a]
	(No symbol) [0x0x7ff7abb31df3]
	(No symbol) [0x0x7ff7abb05b36]
	(No symbol) [0x0x7ff7abb04d80]
	(No symbol) [0x0x7ff7abb05973]
	(No symbol) [0x0x7ff7abbce4a5]
	(No symbol) [0x0x7ff7abbca75d]
	GetHandleVerifier [0x0x7ff7abd7d2b3+226019]
	GetHandleVerifier [0x0x7ff7abd6c481+156849]
	GetHandleVerifier [0x0x7ff7abd74979+190889]
	GetHandleVerifier [0x0x7ff7abd59bb4+80868]
	GetHandleVerifier [0x0x7ff7abd59d03+81203]
	GetHandleVerifier [0x0x7ff7abd48286+8886]
	BaseThreadInitThunk [0x0x7ff9c9b0e8d7+23]
	RtlUserThreadStart [0x0x7ff9cb08c53c+44]

[2025-11-19T13:20:19.534690] SCRAPER ratings fetch page 142 offset 2820 failed (attempt 2/5): Message: no such window: target window already closed
from unknown error: web view not found
  (Session info: MicrosoftEdge=142.0.3595.80)
Stacktrace:
	GetHandleVerifier [0x0x7ff7abd52a75+51877]
	GetHandleVerifier [0x0x7ff7abd52ad4+51972]
	GetHandleVerifier [0x0x7ff7abf09425+1848405]
	(No symbol) [0x0x7ff7abaa0e5f]
	(No symbol) [0x0x7ff7abb374ec]
	(No symbol) [0x0x7ff7abb4ed0a]
	(No symbol) [0x0x7ff7abb31df3]
	(No symbol) [0x0x7ff7abb05b36]
	(No symbol) [0x0x7ff7abb04d80]
	(No symbol) [0x0x7ff7abb05973]
	(No symbol) [0x0x7ff7abbce4a5]
	(No symbol) [0x0x7ff7abbca75d]
	GetHandleVerifier [0x0x7ff7abd7d2b3+226019]
	GetHandleVerifier [0x0x7ff7abd6c481+156849]
	GetHandleVerifier [0x0x7ff7abd74979+190889]
	GetHandleVerifier [0x0x7ff7abd59bb4+80868]
	GetHandleVerifier [0x0x7ff7abd59d03+81203]
	GetHandleVerifier [0x0x7ff7abd48286+8886]
	BaseThreadInitThunk [0x0x7ff9c9b0e8d7+23]
	RtlUserThreadStart [0x0x7ff9cb08c53c+44]

[2025-11-19T13:20:22.552265] SCRAPER ratings fetch page 142 offset 2820 failed (attempt 3/5): Message: no such window: target window already closed
from unknown error: web view not found
  (Session info: MicrosoftEdge=142.0.3595.80)
Stacktrace:
	GetHandleVerifier [0x0x7ff7abd52a75+51877]
	GetHandleVerifier [0x0x7ff7abd52ad4+51972]
	GetHandleVerifier [0x0x7ff7abf09425+1848405]
	(No symbol) [0x0x7ff7abaa0e5f]
	(No symbol) [0x0x7ff7abb374ec]
	(No symbol) [0x0x7ff7abb4ed0a]
	(No symbol) [0x0x7ff7abb31df3]
	(No symbol) [0x0x7ff7abb05b36]
	(No symbol) [0x0x7ff7abb04d80]
	(No symbol) [0x0x7ff7abb05973]
	(No symbol) [0x0x7ff7abbce4a5]
	(No symbol) [0x0x7ff7abbca75d]
	GetHandleVerifier [0x0x7ff7abd7d2b3+226019]
	GetHandleVerifier [0x0x7ff7abd6c481+156849]
	GetHandleVerifier [0x0x7ff7abd74979+190889]
	GetHandleVerifier [0x0x7ff7abd59bb4+80868]
	GetHandleVerifier [0x0x7ff7abd59d03+81203]
	GetHandleVerifier [0x0x7ff7abd48286+8886]
	BaseThreadInitThunk [0x0x7ff9c9b0e8d7+23]
	RtlUserThreadStart [0x0x7ff9cb08c53c+44]

[2025-11-19T13:20:26.565665] SCRAPER ratings fetch page 142 offset 2820 failed (attempt 4/5): Message: no such window: target window already closed
from unknown error: web view not found
  (Session info: MicrosoftEdge=142.0.3595.80)
Stacktrace:
	GetHandleVerifier [0x0x7ff7abd52a75+51877]
	GetHandleVerifier [0x0x7ff7abd52ad4+51972]
	GetHandleVerifier [0x0x7ff7abf09425+1848405]
	(No symbol) [0x0x7ff7abaa0e5f]
	(No symbol) [0x0x7ff7abb374ec]
	(No symbol) [0x0x7ff7abb4ed0a]
	(No symbol) [0x0x7ff7abb31df3]
	(No symbol) [0x0x7ff7abb05b36]
	(No symbol) [0x0x7ff7abb04d80]
	(No symbol) [0x0x7ff7abb05973]
	(No symbol) [0x0x7ff7abbce4a5]
	(No symbol) [0x0x7ff7abbca75d]
	GetHandleVerifier [0x0x7ff7abd7d2b3+226019]
	GetHandleVerifier [0x0x7ff7abd6c481+156849]
	GetHandleVerifier [0x0x7ff7abd74979+190889]
	GetHandleVerifier [0x0x7ff7abd59bb4+80868]
	GetHandleVerifier [0x0x7ff7abd59d03+81203]
	GetHandleVerifier [0x0x7ff7abd48286+8886]
	BaseThreadInitThunk [0x0x7ff9c9b0e8d7+23]
	RtlUserThreadStart [0x0x7ff9cb08c53c+44]

[2025-11-19T13:20:31.584646] SCRAPER ratings fetch page 142 offset 2820 failed (attempt 5/5): Message: no such window: target window already closed
from unknown error: web view not found
  (Session info: MicrosoftEdge=142.0.3595.80)
Stacktrace:
	GetHandleVerifier [0x0x7ff7abd52a75+51877]
	GetHandleVerifier [0x0x7ff7abd52ad4+51972]
	GetHandleVerifier [0x0x7ff7abf09425+1848405]
	(No symbol) [0x0x7ff7abaa0e5f]
	(No symbol) [0x0x7ff7abb374ec]
	(No symbol) [0x0x7ff7abb4ed0a]
	(No symbol) [0x0x7ff7abb31df3]
	(No symbol) [0x0x7ff7abb05b36]
	(No symbol) [0x0x7ff7abb04d80]
	(No symbol) [0x0x7ff7abb05973]
	(No symbol) [0x0x7ff7abbce4a5]
	(No symbol) [0x0x7ff7abbca75d]
	GetHandleVerifier [0x0x7ff7abd7d2b3+226019]
	GetHandleVerifier [0x0x7ff7abd6c481+156849]
	GetHandleVerifier [0x0x7ff7abd74979+190889]
	GetHandleVerifier [0x0x7ff7abd59bb4+80868]
	GetHandleVerifier [0x0x7ff7abd59d03+81203]
	GetHandleVerifier [0x0x7ff7abd48286+8886]
	BaseThreadInitThunk [0x0x7ff9c9b0e8d7+23]
	RtlUserThreadStart [0x0x7ff9cb08c53c+44]

[2025-11-19T13:20:36.595987] SCRAPER skip page 142 after 5 failures; lanjut halaman berikutnya
[2025-11-19T13:20:36.597837] SCRAPER ratings fetch page 143 offset 2840 failed (attempt 1/5): Message: no such window: target window already closed
from unknown error: web view not found
  (Session info: MicrosoftEdge=142.0.3595.80)
Stacktrace:
	GetHandleVerifier [0x0x7ff7abd52a75+51877]
	GetHandleVerifier [0x0x7ff7abd52ad4+51972]
	GetHandleVerifier [0x0x7ff7abf09425+1848405]
	(No symbol) [0x0x7ff7abaa0e5f]
	(No symbol) [0x0x7ff7abb374ec]
	(No symbol) [0x0x7ff7abb4ed0a]
	(No symbol) [0x0x7ff7abb31df3]
	(No symbol) [0x0x7ff7abb05b36]
	(No symbol) [0x0x7ff7abb04d80]
	(No symbol) [0x0x7ff7abb05973]
	(No symbol) [0x0x7ff7abbce4a5]
	(No symbol) [0x0x7ff7abbca75d]
	GetHandleVerifier [0x0x7ff7abd7d2b3+226019]
	GetHandleVerifier [0x0x7ff7abd6c481+156849]
	GetHandleVerifier [0x0x7ff7abd74979+190889]
	GetHandleVerifier [0x0x7ff7abd59bb4+80868]
	GetHandleVerifier [0x0x7ff7abd59d03+81203]
	GetHandleVerifier [0x0x7ff7abd48286+8886]
	BaseThreadInitThunk [0x0x7ff9c9b0e8d7+23]
	RtlUserThreadStart [0x0x7ff9cb08c53c+44]

[2025-11-19T13:20:38.607396] SCRAPER ratings fetch page 143 offset 2840 failed (attempt 2/5): Message: no such window: target window already closed
from unknown error: web view not found
  (Session info: MicrosoftEdge=142.0.3595.80)
Stacktrace:
	GetHandleVerifier [0x0x7ff7abd52a75+51877]
	GetHandleVerifier [0x0x7ff7abd52ad4+51972]
	GetHandleVerifier [0x0x7ff7abf09425+1848405]
	(No symbol) [0x0x7ff7abaa0e5f]
	(No symbol) [0x0x7ff7abb374ec]
	(No symbol) [0x0x7ff7abb4ed0a]
	(No symbol) [0x0x7ff7abb31df3]
	(No symbol) [0x0x7ff7abb05b36]
	(No symbol) [0x0x7ff7abb04d80]
	(No symbol) [0x0x7ff7abb05973]
	(No symbol) [0x0x7ff7abbce4a5]
	(No symbol) [0x0x7ff7abbca75d]
	GetHandleVerifier [0x0x7ff7abd7d2b3+226019]
	GetHandleVerifier [0x0x7ff7abd6c481+156849]
	GetHandleVerifier [0x0x7ff7abd74979+190889]
	GetHandleVerifier [0x0x7ff7abd59bb4+80868]
	GetHandleVerifier [0x0x7ff7abd59d03+81203]
	GetHandleVerifier [0x0x7ff7abd48286+8886]
	BaseThreadInitThunk [0x0x7ff9c9b0e8d7+23]
	RtlUserThreadStart [0x0x7ff9cb08c53c+44]

[2025-11-19T13:20:41.613825] SCRAPER ratings fetch page 143 offset 2840 failed (attempt 3/5): Message: no such window: target window already closed
from unknown error: web view not found
  (Session info: MicrosoftEdge=142.0.3595.80)
Stacktrace:
	GetHandleVerifier [0x0x7ff7abd52a75+51877]
	GetHandleVerifier [0x0x7ff7abd52ad4+51972]
	GetHandleVerifier [0x0x7ff7abf09425+1848405]
	(No symbol) [0x0x7ff7abaa0e5f]
	(No symbol) [0x0x7ff7abb374ec]
	(No symbol) [0x0x7ff7abb4ed0a]
	(No symbol) [0x0x7ff7abb31df3]
	(No symbol) [0x0x7ff7abb05b36]
	(No symbol) [0x0x7ff7abb04d80]
	(No symbol) [0x0x7ff7abb05973]
	(No symbol) [0x0x7ff7abbce4a5]
	(No symbol) [0x0x7ff7abbca75d]
	GetHandleVerifier [0x0x7ff7abd7d2b3+226019]
	GetHandleVerifier [0x0x7ff7abd6c481+156849]
	GetHandleVerifier [0x0x7ff7abd74979+190889]
	GetHandleVerifier [0x0x7ff7abd59bb4+80868]
	GetHandleVerifier [0x0x7ff7abd59d03+81203]
	GetHandleVerifier [0x0x7ff7abd48286+8886]
	BaseThreadInitThunk [0x0x7ff9c9b0e8d7+23]
	RtlUserThreadStart [0x0x7ff9cb08c53c+44]

[2025-11-19T13:20:45.631057] SCRAPER ratings fetch page 143 offset 2840 failed (attempt 4/5): Message: no such window: target window already closed
from unknown error: web view not found
  (Session info: MicrosoftEdge=142.0.3595.80)
Stacktrace:
	GetHandleVerifier [0x0x7ff7abd52a75+51877]
	GetHandleVerifier [0x0x7ff7abd52ad4+51972]
	GetHandleVerifier [0x0x7ff7abf09425+1848405]
	(No symbol) [0x0x7ff7abaa0e5f]
	(No symbol) [0x0x7ff7abb374ec]
	(No symbol) [0x0x7ff7abb4ed0a]
	(No symbol) [0x0x7ff7abb31df3]
	(No symbol) [0x0x7ff7abb05b36]
	(No symbol) [0x0x7ff7abb04d80]
	(No symbol) [0x0x7ff7abb05973]
	(No symbol) [0x0x7ff7abbce4a5]
	(No symbol) [0x0x7ff7abbca75d]
	GetHandleVerifier [0x0x7ff7abd7d2b3+226019]
	GetHandleVerifier [0x0x7ff7abd6c481+156849]
	GetHandleVerifier [0x0x7ff7abd74979+190889]
	GetHandleVerifier [0x0x7ff7abd59bb4+80868]
	GetHandleVerifier [0x0x7ff7abd59d03+81203]
	GetHandleVerifier [0x0x7ff7abd48286+8886]
	BaseThreadInitThunk [0x0x7ff9c9b0e8d7+23]
	RtlUserThreadStart [0x0x7ff9cb08c53c+44]

[2025-11-19T13:20:50.646500] SCRAPER ratings fetch page 143 offset 2840 failed (attempt 5/5): Message: no such window: target window already closed
from unknown error: web view not found
  (Session info: MicrosoftEdge=142.0.3595.80)
Stacktrace:
	GetHandleVerifier [0x0x7ff7abd52a75+51877]
	GetHandleVerifier [0x0x7ff7abd52ad4+51972]
	GetHandleVerifier [0x0x7ff7abf09425+1848405]
	(No symbol) [0x0x7ff7abaa0e5f]
	(No symbol) [0x0x7ff7abb374ec]
	(No symbol) [0x0x7ff7abb4ed0a]
	(No symbol) [0x0x7ff7abb31df3]
	(No symbol) [0x0x7ff7abb05b36]
	(No symbol) [0x0x7ff7abb04d80]
	(No symbol) [0x0x7ff7abb05973]
	(No symbol) [0x0x7ff7abbce4a5]
	(No symbol) [0x0x7ff7abbca75d]
	GetHandleVerifier [0x0x7ff7abd7d2b3+226019]
	GetHandleVerifier [0x0x7ff7abd6c481+156849]
	GetHandleVerifier [0x0x7ff7abd74979+190889]
	GetHandleVerifier [0x0x7ff7abd59bb4+80868]
	GetHandleVerifier [0x0x7ff7abd59d03+81203]
	GetHandleVerifier [0x0x7ff7abd48286+8886]
	BaseThreadInitThunk [0x0x7ff9c9b0e8d7+23]
	RtlUserThreadStart [0x0x7ff9cb08c53c+44]

[2025-11-19T13:20:55.661586] SCRAPER skip page 143 after 5 failures; lanjut halaman berikutnya
[2025-11-19T13:20:55.666289] SCRAPER ratings fetch page 144 offset 2860 failed (attempt 1/5): Message: no such window: target window already closed
from unknown error: web view not found
  (Session info: MicrosoftEdge=142.0.3595.80)
Stacktrace:
	GetHandleVerifier [0x0x7ff7abd52a75+51877]
	GetHandleVerifier [0x0x7ff7abd52ad4+51972]
	GetHandleVerifier [0x0x7ff7abf09425+1848405]
	(No symbol) [0x0x7ff7abaa0e5f]
	(No symbol) [0x0x7ff7abb374ec]
	(No symbol) [0x0x7ff7abb4ed0a]
	(No symbol) [0x0x7ff7abb31df3]
	(No symbol) [0x0x7ff7abb05b36]
	(No symbol) [0x0x7ff7abb04d80]
	(No symbol) [0x0x7ff7abb05973]
	(No symbol) [0x0x7ff7abbce4a5]
	(No symbol) [0x0x7ff7abbca75d]
	GetHandleVerifier [0x0x7ff7abd7d2b3+226019]
	GetHandleVerifier [0x0x7ff7abd6c481+156849]
	GetHandleVerifier [0x0x7ff7abd74979+190889]
	GetHandleVerifier [0x0x7ff7abd59bb4+80868]
	GetHandleVerifier [0x0x7ff7abd59d03+81203]
	GetHandleVerifier [0x0x7ff7abd48286+8886]
	BaseThreadInitThunk [0x0x7ff9c9b0e8d7+23]
	RtlUserThreadStart [0x0x7ff9cb08c53c+44]

[2025-11-19T13:20:57.681446] SCRAPER ratings fetch page 144 offset 2860 failed (attempt 2/5): Message: no such window: target window already closed
from unknown error: web view not found
  (Session info: MicrosoftEdge=142.0.3595.80)
Stacktrace:
	GetHandleVerifier [0x0x7ff7abd52a75+51877]
	GetHandleVerifier [0x0x7ff7abd52ad4+51972]
	GetHandleVerifier [0x0x7ff7abf09425+1848405]
	(No symbol) [0x0x7ff7abaa0e5f]
	(No symbol) [0x0x7ff7abb374ec]
	(No symbol) [0x0x7ff7abb4ed0a]
	(No symbol) [0x0x7ff7abb31df3]
	(No symbol) [0x0x7ff7abb05b36]
	(No symbol) [0x0x7ff7abb04d80]
	(No symbol) [0x0x7ff7abb05973]
	(No symbol) [0x0x7ff7abbce4a5]
	(No symbol) [0x0x7ff7abbca75d]
	GetHandleVerifier [0x0x7ff7abd7d2b3+226019]
	GetHandleVerifier [0x0x7ff7abd6c481+156849]
	GetHandleVerifier [0x0x7ff7abd74979+190889]
	GetHandleVerifier [0x0x7ff7abd59bb4+80868]
	GetHandleVerifier [0x0x7ff7abd59d03+81203]
	GetHandleVerifier [0x0x7ff7abd48286+8886]
	BaseThreadInitThunk [0x0x7ff9c9b0e8d7+23]
	RtlUserThreadStart [0x0x7ff9cb08c53c+44]

[2025-11-19T13:21:00.696340] SCRAPER ratings fetch page 144 offset 2860 failed (attempt 3/5): Message: no such window: target window already closed
from unknown error: web view not found
  (Session info: MicrosoftEdge=142.0.3595.80)
Stacktrace:
	GetHandleVerifier [0x0x7ff7abd52a75+51877]
	GetHandleVerifier [0x0x7ff7abd52ad4+51972]
	GetHandleVerifier [0x0x7ff7abf09425+1848405]
	(No symbol) [0x0x7ff7abaa0e5f]
	(No symbol) [0x0x7ff7abb374ec]
	(No symbol) [0x0x7ff7abb4ed0a]
	(No symbol) [0x0x7ff7abb31df3]
	(No symbol) [0x0x7ff7abb05b36]
	(No symbol) [0x0x7ff7abb04d80]
	(No symbol) [0x0x7ff7abb05973]
	(No symbol) [0x0x7ff7abbce4a5]
	(No symbol) [0x0x7ff7abbca75d]
	GetHandleVerifier [0x0x7ff7abd7d2b3+226019]
	GetHandleVerifier [0x0x7ff7abd6c481+156849]
	GetHandleVerifier [0x0x7ff7abd74979+190889]
	GetHandleVerifier [0x0x7ff7abd59bb4+80868]
	GetHandleVerifier [0x0x7ff7abd59d03+81203]
	GetHandleVerifier [0x0x7ff7abd48286+8886]
	BaseThreadInitThunk [0x0x7ff9c9b0e8d7+23]
	RtlUserThreadStart [0x0x7ff9cb08c53c+44]

[2025-11-19T13:21:04.703985] SCRAPER ratings fetch page 144 offset 2860 failed (attempt 4/5): Message: no such window: target window already closed
from unknown error: web view not found
  (Session info: MicrosoftEdge=142.0.3595.80)
Stacktrace:
	GetHandleVerifier [0x0x7ff7abd52a75+51877]
	GetHandleVerifier [0x0x7ff7abd52ad4+51972]
	GetHandleVerifier [0x0x7ff7abf09425+1848405]
	(No symbol) [0x0x7ff7abaa0e5f]
	(No symbol) [0x0x7ff7abb374ec]
	(No symbol) [0x0x7ff7abb4ed0a]
	(No symbol) [0x0x7ff7abb31df3]
	(No symbol) [0x0x7ff7abb05b36]
	(No symbol) [0x0x7ff7abb04d80]
	(No symbol) [0x0x7ff7abb05973]
	(No symbol) [0x0x7ff7abbce4a5]
	(No symbol) [0x0x7ff7abbca75d]
	GetHandleVerifier [0x0x7ff7abd7d2b3+226019]
	GetHandleVerifier [0x0x7ff7abd6c481+156849]
	GetHandleVerifier [0x0x7ff7abd74979+190889]
	GetHandleVerifier [0x0x7ff7abd59bb4+80868]
	GetHandleVerifier [0x0x7ff7abd59d03+81203]
	GetHandleVerifier [0x0x7ff7abd48286+8886]
	BaseThreadInitThunk [0x0x7ff9c9b0e8d7+23]
	RtlUserThreadStart [0x0x7ff9cb08c53c+44]

[2025-11-19T13:21:09.711427] SCRAPER ratings fetch page 144 offset 2860 failed (attempt 5/5): Message: no such window: target window already closed
from unknown error: web view not found
  (Session info: MicrosoftEdge=142.0.3595.80)
Stacktrace:
	GetHandleVerifier [0x0x7ff7abd52a75+51877]
	GetHandleVerifier [0x0x7ff7abd52ad4+51972]
	GetHandleVerifier [0x0x7ff7abf09425+1848405]
	(No symbol) [0x0x7ff7abaa0e5f]
	(No symbol) [0x0x7ff7abb374ec]
	(No symbol) [0x0x7ff7abb4ed0a]
	(No symbol) [0x0x7ff7abb31df3]
	(No symbol) [0x0x7ff7abb05b36]
	(No symbol) [0x0x7ff7abb04d80]
	(No symbol) [0x0x7ff7abb05973]
	(No symbol) [0x0x7ff7abbce4a5]
	(No symbol) [0x0x7ff7abbca75d]
	GetHandleVerifier [0x0x7ff7abd7d2b3+226019]
	GetHandleVerifier [0x0x7ff7abd6c481+156849]
	GetHandleVerifier [0x0x7ff7abd74979+190889]
	GetHandleVerifier [0x0x7ff7abd59bb4+80868]
	GetHandleVerifier [0x0x7ff7abd59d03+81203]
	GetHandleVerifier [0x0x7ff7abd48286+8886]
	BaseThreadInitThunk [0x0x7ff9c9b0e8d7+23]
	RtlUserThreadStart [0x0x7ff9cb08c53c+44]

[2025-11-19T13:21:14.721294] SCRAPER skip page 144 after 5 failures; lanjut halaman berikutnya
[2025-11-19T13:21:14.724192] SCRAPER ratings fetch page 145 offset 2880 failed (attempt 1/5): Message: no such window: target window already closed
from unknown error: web view not found
  (Session info: MicrosoftEdge=142.0.3595.80)
Stacktrace:
	GetHandleVerifier [0x0x7ff7abd52a75+51877]
	GetHandleVerifier [0x0x7ff7abd52ad4+51972]
	GetHandleVerifier [0x0x7ff7abf09425+1848405]
	(No symbol) [0x0x7ff7abaa0e5f]
	(No symbol) [0x0x7ff7abb374ec]
	(No symbol) [0x0x7ff7abb4ed0a]
	(No symbol) [0x0x7ff7abb31df3]
	(No symbol) [0x0x7ff7abb05b36]
	(No symbol) [0x0x7ff7abb04d80]
	(No symbol) [0x0x7ff7abb05973]
	(No symbol) [0x0x7ff7abbce4a5]
	(No symbol) [0x0x7ff7abbca75d]
	GetHandleVerifier [0x0x7ff7abd7d2b3+226019]
	GetHandleVerifier [0x0x7ff7abd6c481+156849]
	GetHandleVerifier [0x0x7ff7abd74979+190889]
	GetHandleVerifier [0x0x7ff7abd59bb4+80868]
	GetHandleVerifier [0x0x7ff7abd59d03+81203]
	GetHandleVerifier [0x0x7ff7abd48286+8886]
	BaseThreadInitThunk [0x0x7ff9c9b0e8d7+23]
	RtlUserThreadStart [0x0x7ff9cb08c53c+44]

[2025-11-19T13:21:16.736109] SCRAPER ratings fetch page 145 offset 2880 failed (attempt 2/5): Message: no such window: target window already closed
from unknown error: web view not found
  (Session info: MicrosoftEdge=142.0.3595.80)
Stacktrace:
	GetHandleVerifier [0x0x7ff7abd52a75+51877]
	GetHandleVerifier [0x0x7ff7abd52ad4+51972]
	GetHandleVerifier [0x0x7ff7abf09425+1848405]
	(No symbol) [0x0x7ff7abaa0e5f]
	(No symbol) [0x0x7ff7abb374ec]
	(No symbol) [0x0x7ff7abb4ed0a]
	(No symbol) [0x0x7ff7abb31df3]
	(No symbol) [0x0x7ff7abb05b36]
	(No symbol) [0x0x7ff7abb04d80]
	(No symbol) [0x0x7ff7abb05973]
	(No symbol) [0x0x7ff7abbce4a5]
	(No symbol) [0x0x7ff7abbca75d]
	GetHandleVerifier [0x0x7ff7abd7d2b3+226019]
	GetHandleVerifier [0x0x7ff7abd6c481+156849]
	GetHandleVerifier [0x0x7ff7abd74979+190889]
	GetHandleVerifier [0x0x7ff7abd59bb4+80868]
	GetHandleVerifier [0x0x7ff7abd59d03+81203]
	GetHandleVerifier [0x0x7ff7abd48286+8886]
	BaseThreadInitThunk [0x0x7ff9c9b0e8d7+23]
	RtlUserThreadStart [0x0x7ff9cb08c53c+44]

[2025-11-19T13:21:19.748828] SCRAPER ratings fetch page 145 offset 2880 failed (attempt 3/5): Message: no such window: target window already closed
from unknown error: web view not found
  (Session info: MicrosoftEdge=142.0.3595.80)
Stacktrace:
	GetHandleVerifier [0x0x7ff7abd52a75+51877]
	GetHandleVerifier [0x0x7ff7abd52ad4+51972]
	GetHandleVerifier [0x0x7ff7abf09425+1848405]
	(No symbol) [0x0x7ff7abaa0e5f]
	(No symbol) [0x0x7ff7abb374ec]
	(No symbol) [0x0x7ff7abb4ed0a]
	(No symbol) [0x0x7ff7abb31df3]
	(No symbol) [0x0x7ff7abb05b36]
	(No symbol) [0x0x7ff7abb04d80]
	(No symbol) [0x0x7ff7abb05973]
	(No symbol) [0x0x7ff7abbce4a5]
	(No symbol) [0x0x7ff7abbca75d]
	GetHandleVerifier [0x0x7ff7abd7d2b3+226019]
	GetHandleVerifier [0x0x7ff7abd6c481+156849]
	GetHandleVerifier [0x0x7ff7abd74979+190889]
	GetHandleVerifier [0x0x7ff7abd59bb4+80868]
	GetHandleVerifier [0x0x7ff7abd59d03+81203]
	GetHandleVerifier [0x0x7ff7abd48286+8886]
	BaseThreadInitThunk [0x0x7ff9c9b0e8d7+23]
	RtlUserThreadStart [0x0x7ff9cb08c53c+44]

[2025-11-19T13:21:23.756057] SCRAPER ratings fetch page 145 offset 2880 failed (attempt 4/5): Message: no such window: target window already closed
from unknown error: web view not found
  (Session info: MicrosoftEdge=142.0.3595.80)
Stacktrace:
	GetHandleVerifier [0x0x7ff7abd52a75+51877]
	GetHandleVerifier [0x0x7ff7abd52ad4+51972]
	GetHandleVerifier [0x0x7ff7abf09425+1848405]
	(No symbol) [0x0x7ff7abaa0e5f]
	(No symbol) [0x0x7ff7abb374ec]
	(No symbol) [0x0x7ff7abb4ed0a]
	(No symbol) [0x0x7ff7abb31df3]
	(No symbol) [0x0x7ff7abb05b36]
	(No symbol) [0x0x7ff7abb04d80]
	(No symbol) [0x0x7ff7abb05973]
	(No symbol) [0x0x7ff7abbce4a5]
	(No symbol) [0x0x7ff7abbca75d]
	GetHandleVerifier [0x0x7ff7abd7d2b3+226019]
	GetHandleVerifier [0x0x7ff7abd6c481+156849]
	GetHandleVerifier [0x0x7ff7abd74979+190889]
	GetHandleVerifier [0x0x7ff7abd59bb4+80868]
	GetHandleVerifier [0x0x7ff7abd59d03+81203]
	GetHandleVerifier [0x0x7ff7abd48286+8886]
	BaseThreadInitThunk [0x0x7ff9c9b0e8d7+23]
	RtlUserThreadStart [0x0x7ff9cb08c53c+44]

[2025-11-19T13:21:28.763874] SCRAPER ratings fetch page 145 offset 2880 failed (attempt 5/5): Message: no such window: target window already closed
from unknown error: web view not found
  (Session info: MicrosoftEdge=142.0.3595.80)
Stacktrace:
	GetHandleVerifier [0x0x7ff7abd52a75+51877]
	GetHandleVerifier [0x0x7ff7abd52ad4+51972]
	GetHandleVerifier [0x0x7ff7abf09425+1848405]
	(No symbol) [0x0x7ff7abaa0e5f]
	(No symbol) [0x0x7ff7abb374ec]
	(No symbol) [0x0x7ff7abb4ed0a]
	(No symbol) [0x0x7ff7abb31df3]
	(No symbol) [0x0x7ff7abb05b36]
	(No symbol) [0x0x7ff7abb04d80]
	(No symbol) [0x0x7ff7abb05973]
	(No symbol) [0x0x7ff7abbce4a5]
	(No symbol) [0x0x7ff7abbca75d]
	GetHandleVerifier [0x0x7ff7abd7d2b3+226019]
	GetHandleVerifier [0x0x7ff7abd6c481+156849]
	GetHandleVerifier [0x0x7ff7abd74979+190889]
	GetHandleVerifier [0x0x7ff7abd59bb4+80868]
	GetHandleVerifier [0x0x7ff7abd59d03+81203]
	GetHandleVerifier [0x0x7ff7abd48286+8886]
	BaseThreadInitThunk [0x0x7ff9c9b0e8d7+23]
	RtlUserThreadStart [0x0x7ff9cb08c53c+44]

[2025-11-19T13:21:33.765196] SCRAPER skip page 145 after 5 failures; lanjut halaman berikutnya
[2025-11-19T13:21:33.769046] SCRAPER ratings fetch page 146 offset 2900 failed (attempt 1/5): Message: no such window: target window already closed
from unknown error: web view not found
  (Session info: MicrosoftEdge=142.0.3595.80)
Stacktrace:
	GetHandleVerifier [0x0x7ff7abd52a75+51877]
	GetHandleVerifier [0x0x7ff7abd52ad4+51972]
	GetHandleVerifier [0x0x7ff7abf09425+1848405]
	(No symbol) [0x0x7ff7abaa0e5f]
	(No symbol) [0x0x7ff7abb374ec]
	(No symbol) [0x0x7ff7abb4ed0a]
	(No symbol) [0x0x7ff7abb31df3]
	(No symbol) [0x0x7ff7abb05b36]
	(No symbol) [0x0x7ff7abb04d80]
	(No symbol) [0x0x7ff7abb05973]
	(No symbol) [0x0x7ff7abbce4a5]
	(No symbol) [0x0x7ff7abbca75d]
	GetHandleVerifier [0x0x7ff7abd7d2b3+226019]
	GetHandleVerifier [0x0x7ff7abd6c481+156849]
	GetHandleVerifier [0x0x7ff7abd74979+190889]
	GetHandleVerifier [0x0x7ff7abd59bb4+80868]
	GetHandleVerifier [0x0x7ff7abd59d03+81203]
	GetHandleVerifier [0x0x7ff7abd48286+8886]
	BaseThreadInitThunk [0x0x7ff9c9b0e8d7+23]
	RtlUserThreadStart [0x0x7ff9cb08c53c+44]

[2025-11-19T13:21:35.780836] SCRAPER ratings fetch page 146 offset 2900 failed (attempt 2/5): Message: no such window: target window already closed
from unknown error: web view not found
  (Session info: MicrosoftEdge=142.0.3595.80)
Stacktrace:
	GetHandleVerifier [0x0x7ff7abd52a75+51877]
	GetHandleVerifier [0x0x7ff7abd52ad4+51972]
	GetHandleVerifier [0x0x7ff7abf09425+1848405]
	(No symbol) [0x0x7ff7abaa0e5f]
	(No symbol) [0x0x7ff7abb374ec]
	(No symbol) [0x0x7ff7abb4ed0a]
	(No symbol) [0x0x7ff7abb31df3]
	(No symbol) [0x0x7ff7abb05b36]
	(No symbol) [0x0x7ff7abb04d80]
	(No symbol) [0x0x7ff7abb05973]
	(No symbol) [0x0x7ff7abbce4a5]
	(No symbol) [0x0x7ff7abbca75d]
	GetHandleVerifier [0x0x7ff7abd7d2b3+226019]
	GetHandleVerifier [0x0x7ff7abd6c481+156849]
	GetHandleVerifier [0x0x7ff7abd74979+190889]
	GetHandleVerifier [0x0x7ff7abd59bb4+80868]
	GetHandleVerifier [0x0x7ff7abd59d03+81203]
	GetHandleVerifier [0x0x7ff7abd48286+8886]
	BaseThreadInitThunk [0x0x7ff9c9b0e8d7+23]
	RtlUserThreadStart [0x0x7ff9cb08c53c+44]

[2025-11-19T13:21:38.790121] SCRAPER ratings fetch page 146 offset 2900 failed (attempt 3/5): Message: no such window: target window already closed
from unknown error: web view not found
  (Session info: MicrosoftEdge=142.0.3595.80)
Stacktrace:
	GetHandleVerifier [0x0x7ff7abd52a75+51877]
	GetHandleVerifier [0x0x7ff7abd52ad4+51972]
	GetHandleVerifier [0x0x7ff7abf09425+1848405]
	(No symbol) [0x0x7ff7abaa0e5f]
	(No symbol) [0x0x7ff7abb374ec]
	(No symbol) [0x0x7ff7abb4ed0a]
	(No symbol) [0x0x7ff7abb31df3]
	(No symbol) [0x0x7ff7abb05b36]
	(No symbol) [0x0x7ff7abb04d80]
	(No symbol) [0x0x7ff7abb05973]
	(No symbol) [0x0x7ff7abbce4a5]
	(No symbol) [0x0x7ff7abbca75d]
	GetHandleVerifier [0x0x7ff7abd7d2b3+226019]
	GetHandleVerifier [0x0x7ff7abd6c481+156849]
	GetHandleVerifier [0x0x7ff7abd74979+190889]
	GetHandleVerifier [0x0x7ff7abd59bb4+80868]
	GetHandleVerifier [0x0x7ff7abd59d03+81203]
	GetHandleVerifier [0x0x7ff7abd48286+8886]
	BaseThreadInitThunk [0x0x7ff9c9b0e8d7+23]
	RtlUserThreadStart [0x0x7ff9cb08c53c+44]

[2025-11-19T13:21:42.794290] SCRAPER ratings fetch page 146 offset 2900 failed (attempt 4/5): Message: no such window: target window already closed
from unknown error: web view not found
  (Session info: MicrosoftEdge=142.0.3595.80)
Stacktrace:
	GetHandleVerifier [0x0x7ff7abd52a75+51877]
	GetHandleVerifier [0x0x7ff7abd52ad4+51972]
	GetHandleVerifier [0x0x7ff7abf09425+1848405]
	(No symbol) [0x0x7ff7abaa0e5f]
	(No symbol) [0x0x7ff7abb374ec]
	(No symbol) [0x0x7ff7abb4ed0a]
	(No symbol) [0x0x7ff7abb31df3]
	(No symbol) [0x0x7ff7abb05b36]
	(No symbol) [0x0x7ff7abb04d80]
	(No symbol) [0x0x7ff7abb05973]
	(No symbol) [0x0x7ff7abbce4a5]
	(No symbol) [0x0x7ff7abbca75d]
	GetHandleVerifier [0x0x7ff7abd7d2b3+226019]
	GetHandleVerifier [0x0x7ff7abd6c481+156849]
	GetHandleVerifier [0x0x7ff7abd74979+190889]
	GetHandleVerifier [0x0x7ff7abd59bb4+80868]
	GetHandleVerifier [0x0x7ff7abd59d03+81203]
	GetHandleVerifier [0x0x7ff7abd48286+8886]
	BaseThreadInitThunk [0x0x7ff9c9b0e8d7+23]
	RtlUserThreadStart [0x0x7ff9cb08c53c+44]

[2025-11-19T13:21:47.804030] SCRAPER ratings fetch page 146 offset 2900 failed (attempt 5/5): Message: no such window: target window already closed
from unknown error: web view not found
  (Session info: MicrosoftEdge=142.0.3595.80)
Stacktrace:
	GetHandleVerifier [0x0x7ff7abd52a75+51877]
	GetHandleVerifier [0x0x7ff7abd52ad4+51972]
	GetHandleVerifier [0x0x7ff7abf09425+1848405]
	(No symbol) [0x0x7ff7abaa0e5f]
	(No symbol) [0x0x7ff7abb374ec]
	(No symbol) [0x0x7ff7abb4ed0a]
	(No symbol) [0x0x7ff7abb31df3]
	(No symbol) [0x0x7ff7abb05b36]
	(No symbol) [0x0x7ff7abb04d80]
	(No symbol) [0x0x7ff7abb05973]
	(No symbol) [0x0x7ff7abbce4a5]
	(No symbol) [0x0x7ff7abbca75d]
	GetHandleVerifier [0x0x7ff7abd7d2b3+226019]
	GetHandleVerifier [0x0x7ff7abd6c481+156849]
	GetHandleVerifier [0x0x7ff7abd74979+190889]
	GetHandleVerifier [0x0x7ff7abd59bb4+80868]
	GetHandleVerifier [0x0x7ff7abd59d03+81203]
	GetHandleVerifier [0x0x7ff7abd48286+8886]
	BaseThreadInitThunk [0x0x7ff9c9b0e8d7+23]
	RtlUserThreadStart [0x0x7ff9cb08c53c+44]

[2025-11-19T13:21:52.806363] SCRAPER skip page 146 after 5 failures; lanjut halaman berikutnya
[2025-11-19T13:21:52.807492] SCRAPER ratings fetch page 147 offset 2920 failed (attempt 1/5): Message: no such window: target window already closed
from unknown error: web view not found
  (Session info: MicrosoftEdge=142.0.3595.80)
Stacktrace:
	GetHandleVerifier [0x0x7ff7abd52a75+51877]
	GetHandleVerifier [0x0x7ff7abd52ad4+51972]
	GetHandleVerifier [0x0x7ff7abf09425+1848405]
	(No symbol) [0x0x7ff7abaa0e5f]
	(No symbol) [0x0x7ff7abb374ec]
	(No symbol) [0x0x7ff7abb4ed0a]
	(No symbol) [0x0x7ff7abb31df3]
	(No symbol) [0x0x7ff7abb05b36]
	(No symbol) [0x0x7ff7abb04d80]
	(No symbol) [0x0x7ff7abb05973]
	(No symbol) [0x0x7ff7abbce4a5]
	(No symbol) [0x0x7ff7abbca75d]
	GetHandleVerifier [0x0x7ff7abd7d2b3+226019]
	GetHandleVerifier [0x0x7ff7abd6c481+156849]
	GetHandleVerifier [0x0x7ff7abd74979+190889]
	GetHandleVerifier [0x0x7ff7abd59bb4+80868]
	GetHandleVerifier [0x0x7ff7abd59d03+81203]
	GetHandleVerifier [0x0x7ff7abd48286+8886]
	BaseThreadInitThunk [0x0x7ff9c9b0e8d7+23]
	RtlUserThreadStart [0x0x7ff9cb08c53c+44]

[2025-11-19T13:21:54.819708] SCRAPER ratings fetch page 147 offset 2920 failed (attempt 2/5): Message: no such window: target window already closed
from unknown error: web view not found
  (Session info: MicrosoftEdge=142.0.3595.80)
Stacktrace:
	GetHandleVerifier [0x0x7ff7abd52a75+51877]
	GetHandleVerifier [0x0x7ff7abd52ad4+51972]
	GetHandleVerifier [0x0x7ff7abf09425+1848405]
	(No symbol) [0x0x7ff7abaa0e5f]
	(No symbol) [0x0x7ff7abb374ec]
	(No symbol) [0x0x7ff7abb4ed0a]
	(No symbol) [0x0x7ff7abb31df3]
	(No symbol) [0x0x7ff7abb05b36]
	(No symbol) [0x0x7ff7abb04d80]
	(No symbol) [0x0x7ff7abb05973]
	(No symbol) [0x0x7ff7abbce4a5]
	(No symbol) [0x0x7ff7abbca75d]
	GetHandleVerifier [0x0x7ff7abd7d2b3+226019]
	GetHandleVerifier [0x0x7ff7abd6c481+156849]
	GetHandleVerifier [0x0x7ff7abd74979+190889]
	GetHandleVerifier [0x0x7ff7abd59bb4+80868]
	GetHandleVerifier [0x0x7ff7abd59d03+81203]
	GetHandleVerifier [0x0x7ff7abd48286+8886]
	BaseThreadInitThunk [0x0x7ff9c9b0e8d7+23]
	RtlUserThreadStart [0x0x7ff9cb08c53c+44]

[2025-11-19T13:21:57.837072] SCRAPER ratings fetch page 147 offset 2920 failed (attempt 3/5): Message: no such window: target window already closed
from unknown error: web view not found
  (Session info: MicrosoftEdge=142.0.3595.80)
Stacktrace:
	GetHandleVerifier [0x0x7ff7abd52a75+51877]
	GetHandleVerifier [0x0x7ff7abd52ad4+51972]
	GetHandleVerifier [0x0x7ff7abf09425+1848405]
	(No symbol) [0x0x7ff7abaa0e5f]
	(No symbol) [0x0x7ff7abb374ec]
	(No symbol) [0x0x7ff7abb4ed0a]
	(No symbol) [0x0x7ff7abb31df3]
	(No symbol) [0x0x7ff7abb05b36]
	(No symbol) [0x0x7ff7abb04d80]
	(No symbol) [0x0x7ff7abb05973]
	(No symbol) [0x0x7ff7abbce4a5]
	(No symbol) [0x0x7ff7abbca75d]
	GetHandleVerifier [0x0x7ff7abd7d2b3+226019]
	GetHandleVerifier [0x0x7ff7abd6c481+156849]
	GetHandleVerifier [0x0x7ff7abd74979+190889]
	GetHandleVerifier [0x0x7ff7abd59bb4+80868]
	GetHandleVerifier [0x0x7ff7abd59d03+81203]
	GetHandleVerifier [0x0x7ff7abd48286+8886]
	BaseThreadInitThunk [0x0x7ff9c9b0e8d7+23]
	RtlUserThreadStart [0x0x7ff9cb08c53c+44]

[2025-11-19T13:22:01.845155] SCRAPER ratings fetch page 147 offset 2920 failed (attempt 4/5): Message: no such window: target window already closed
from unknown error: web view not found
  (Session info: MicrosoftEdge=142.0.3595.80)
Stacktrace:
	GetHandleVerifier [0x0x7ff7abd52a75+51877]
	GetHandleVerifier [0x0x7ff7abd52ad4+51972]
	GetHandleVerifier [0x0x7ff7abf09425+1848405]
	(No symbol) [0x0x7ff7abaa0e5f]
	(No symbol) [0x0x7ff7abb374ec]
	(No symbol) [0x0x7ff7abb4ed0a]
	(No symbol) [0x0x7ff7abb31df3]
	(No symbol) [0x0x7ff7abb05b36]
	(No symbol) [0x0x7ff7abb04d80]
	(No symbol) [0x0x7ff7abb05973]
	(No symbol) [0x0x7ff7abbce4a5]
	(No symbol) [0x0x7ff7abbca75d]
	GetHandleVerifier [0x0x7ff7abd7d2b3+226019]
	GetHandleVerifier [0x0x7ff7abd6c481+156849]
	GetHandleVerifier [0x0x7ff7abd74979+190889]
	GetHandleVerifier [0x0x7ff7abd59bb4+80868]
	GetHandleVerifier [0x0x7ff7abd59d03+81203]
	GetHandleVerifier [0x0x7ff7abd48286+8886]
	BaseThreadInitThunk [0x0x7ff9c9b0e8d7+23]
	RtlUserThreadStart [0x0x7ff9cb08c53c+44]

[2025-11-19T13:22:06.861985] SCRAPER ratings fetch page 147 offset 2920 failed (attempt 5/5): Message: no such window: target window already closed
from unknown error: web view not found
  (Session info: MicrosoftEdge=142.0.3595.80)
Stacktrace:
	GetHandleVerifier [0x0x7ff7abd52a75+51877]
	GetHandleVerifier [0x0x7ff7abd52ad4+51972]
	GetHandleVerifier [0x0x7ff7abf09425+1848405]
	(No symbol) [0x0x7ff7abaa0e5f]
	(No symbol) [0x0x7ff7abb374ec]
	(No symbol) [0x0x7ff7abb4ed0a]
	(No symbol) [0x0x7ff7abb31df3]
	(No symbol) [0x0x7ff7abb05b36]
	(No symbol) [0x0x7ff7abb04d80]
	(No symbol) [0x0x7ff7abb05973]
	(No symbol) [0x0x7ff7abbce4a5]
	(No symbol) [0x0x7ff7abbca75d]
	GetHandleVerifier [0x0x7ff7abd7d2b3+226019]
	GetHandleVerifier [0x0x7ff7abd6c481+156849]
	GetHandleVerifier [0x0x7ff7abd74979+190889]
	GetHandleVerifier [0x0x7ff7abd59bb4+80868]
	GetHandleVerifier [0x0x7ff7abd59d03+81203]
	GetHandleVerifier [0x0x7ff7abd48286+8886]
	BaseThreadInitThunk [0x0x7ff9c9b0e8d7+23]
	RtlUserThreadStart [0x0x7ff9cb08c53c+44]

[2025-11-19T13:22:11.875127] SCRAPER skip page 147 after 5 failures; lanjut halaman berikutnya
[2025-11-19T13:22:11.887709] SCRAPER ratings fetch page 148 offset 2940 failed (attempt 1/5): Message: no such window: target window already closed
from unknown error: web view not found
  (Session info: MicrosoftEdge=142.0.3595.80)
Stacktrace:
	GetHandleVerifier [0x0x7ff7abd52a75+51877]
	GetHandleVerifier [0x0x7ff7abd52ad4+51972]
	GetHandleVerifier [0x0x7ff7abf09425+1848405]
	(No symbol) [0x0x7ff7abaa0e5f]
	(No symbol) [0x0x7ff7abb374ec]
	(No symbol) [0x0x7ff7abb4ed0a]
	(No symbol) [0x0x7ff7abb31df3]
	(No symbol) [0x0x7ff7abb05b36]
	(No symbol) [0x0x7ff7abb04d80]
	(No symbol) [0x0x7ff7abb05973]
	(No symbol) [0x0x7ff7abbce4a5]
	(No symbol) [0x0x7ff7abbca75d]
	GetHandleVerifier [0x0x7ff7abd7d2b3+226019]
	GetHandleVerifier [0x0x7ff7abd6c481+156849]
	GetHandleVerifier [0x0x7ff7abd74979+190889]
	GetHandleVerifier [0x0x7ff7abd59bb4+80868]
	GetHandleVerifier [0x0x7ff7abd59d03+81203]
	GetHandleVerifier [0x0x7ff7abd48286+8886]
	BaseThreadInitThunk [0x0x7ff9c9b0e8d7+23]
	RtlUserThreadStart [0x0x7ff9cb08c53c+44]

[2025-11-19T13:22:13.900611] SCRAPER ratings fetch page 148 offset 2940 failed (attempt 2/5): Message: no such window: target window already closed
from unknown error: web view not found
  (Session info: MicrosoftEdge=142.0.3595.80)
Stacktrace:
	GetHandleVerifier [0x0x7ff7abd52a75+51877]
	GetHandleVerifier [0x0x7ff7abd52ad4+51972]
	GetHandleVerifier [0x0x7ff7abf09425+1848405]
	(No symbol) [0x0x7ff7abaa0e5f]
	(No symbol) [0x0x7ff7abb374ec]
	(No symbol) [0x0x7ff7abb4ed0a]
	(No symbol) [0x0x7ff7abb31df3]
	(No symbol) [0x0x7ff7abb05b36]
	(No symbol) [0x0x7ff7abb04d80]
	(No symbol) [0x0x7ff7abb05973]
	(No symbol) [0x0x7ff7abbce4a5]
	(No symbol) [0x0x7ff7abbca75d]
	GetHandleVerifier [0x0x7ff7abd7d2b3+226019]
	GetHandleVerifier [0x0x7ff7abd6c481+156849]
	GetHandleVerifier [0x0x7ff7abd74979+190889]
	GetHandleVerifier [0x0x7ff7abd59bb4+80868]
	GetHandleVerifier [0x0x7ff7abd59d03+81203]
	GetHandleVerifier [0x0x7ff7abd48286+8886]
	BaseThreadInitThunk [0x0x7ff9c9b0e8d7+23]
	RtlUserThreadStart [0x0x7ff9cb08c53c+44]

[2025-11-19T13:22:16.916916] SCRAPER ratings fetch page 148 offset 2940 failed (attempt 3/5): Message: no such window: target window already closed
from unknown error: web view not found
  (Session info: MicrosoftEdge=142.0.3595.80)
Stacktrace:
	GetHandleVerifier [0x0x7ff7abd52a75+51877]
	GetHandleVerifier [0x0x7ff7abd52ad4+51972]
	GetHandleVerifier [0x0x7ff7abf09425+1848405]
	(No symbol) [0x0x7ff7abaa0e5f]
	(No symbol) [0x0x7ff7abb374ec]
	(No symbol) [0x0x7ff7abb4ed0a]
	(No symbol) [0x0x7ff7abb31df3]
	(No symbol) [0x0x7ff7abb05b36]
	(No symbol) [0x0x7ff7abb04d80]
	(No symbol) [0x0x7ff7abb05973]
	(No symbol) [0x0x7ff7abbce4a5]
	(No symbol) [0x0x7ff7abbca75d]
	GetHandleVerifier [0x0x7ff7abd7d2b3+226019]
	GetHandleVerifier [0x0x7ff7abd6c481+156849]
	GetHandleVerifier [0x0x7ff7abd74979+190889]
	GetHandleVerifier [0x0x7ff7abd59bb4+80868]
	GetHandleVerifier [0x0x7ff7abd59d03+81203]
	GetHandleVerifier [0x0x7ff7abd48286+8886]
	BaseThreadInitThunk [0x0x7ff9c9b0e8d7+23]
	RtlUserThreadStart [0x0x7ff9cb08c53c+44]

[2025-11-19T13:22:20.931345] SCRAPER ratings fetch page 148 offset 2940 failed (attempt 4/5): Message: no such window: target window already closed
from unknown error: web view not found
  (Session info: MicrosoftEdge=142.0.3595.80)
Stacktrace:
	GetHandleVerifier [0x0x7ff7abd52a75+51877]
	GetHandleVerifier [0x0x7ff7abd52ad4+51972]
	GetHandleVerifier [0x0x7ff7abf09425+1848405]
	(No symbol) [0x0x7ff7abaa0e5f]
	(No symbol) [0x0x7ff7abb374ec]
	(No symbol) [0x0x7ff7abb4ed0a]
	(No symbol) [0x0x7ff7abb31df3]
	(No symbol) [0x0x7ff7abb05b36]
	(No symbol) [0x0x7ff7abb04d80]
	(No symbol) [0x0x7ff7abb05973]
	(No symbol) [0x0x7ff7abbce4a5]
	(No symbol) [0x0x7ff7abbca75d]
	GetHandleVerifier [0x0x7ff7abd7d2b3+226019]
	GetHandleVerifier [0x0x7ff7abd6c481+156849]
	GetHandleVerifier [0x0x7ff7abd74979+190889]
	GetHandleVerifier [0x0x7ff7abd59bb4+80868]
	GetHandleVerifier [0x0x7ff7abd59d03+81203]
	GetHandleVerifier [0x0x7ff7abd48286+8886]
	BaseThreadInitThunk [0x0x7ff9c9b0e8d7+23]
	RtlUserThreadStart [0x0x7ff9cb08c53c+44]

[2025-11-19T13:22:25.946528] SCRAPER ratings fetch page 148 offset 2940 failed (attempt 5/5): Message: no such window: target window already closed
from unknown error: web view not found
  (Session info: MicrosoftEdge=142.0.3595.80)
Stacktrace:
	GetHandleVerifier [0x0x7ff7abd52a75+51877]
	GetHandleVerifier [0x0x7ff7abd52ad4+51972]
	GetHandleVerifier [0x0x7ff7abf09425+1848405]
	(No symbol) [0x0x7ff7abaa0e5f]
	(No symbol) [0x0x7ff7abb374ec]
	(No symbol) [0x0x7ff7abb4ed0a]
	(No symbol) [0x0x7ff7abb31df3]
	(No symbol) [0x0x7ff7abb05b36]
	(No symbol) [0x0x7ff7abb04d80]
	(No symbol) [0x0x7ff7abb05973]
	(No symbol) [0x0x7ff7abbce4a5]
	(No symbol) [0x0x7ff7abbca75d]
	GetHandleVerifier [0x0x7ff7abd7d2b3+226019]
	GetHandleVerifier [0x0x7ff7abd6c481+156849]
	GetHandleVerifier [0x0x7ff7abd74979+190889]
	GetHandleVerifier [0x0x7ff7abd59bb4+80868]
	GetHandleVerifier [0x0x7ff7abd59d03+81203]
	GetHandleVerifier [0x0x7ff7abd48286+8886]
	BaseThreadInitThunk [0x0x7ff9c9b0e8d7+23]
	RtlUserThreadStart [0x0x7ff9cb08c53c+44]

[2025-11-19T13:22:30.950094] SCRAPER skip page 148 after 5 failures; lanjut halaman berikutnya
[2025-11-19T13:22:30.950994] SCRAPER ratings fetch page 149 offset 2960 failed (attempt 1/5): Message: no such window: target window already closed
from unknown error: web view not found
  (Session info: MicrosoftEdge=142.0.3595.80)
Stacktrace:
	GetHandleVerifier [0x0x7ff7abd52a75+51877]
	GetHandleVerifier [0x0x7ff7abd52ad4+51972]
	GetHandleVerifier [0x0x7ff7abf09425+1848405]
	(No symbol) [0x0x7ff7abaa0e5f]
	(No symbol) [0x0x7ff7abb374ec]
	(No symbol) [0x0x7ff7abb4ed0a]
	(No symbol) [0x0x7ff7abb31df3]
	(No symbol) [0x0x7ff7abb05b36]
	(No symbol) [0x0x7ff7abb04d80]
	(No symbol) [0x0x7ff7abb05973]
	(No symbol) [0x0x7ff7abbce4a5]
	(No symbol) [0x0x7ff7abbca75d]
	GetHandleVerifier [0x0x7ff7abd7d2b3+226019]
	GetHandleVerifier [0x0x7ff7abd6c481+156849]
	GetHandleVerifier [0x0x7ff7abd74979+190889]
	GetHandleVerifier [0x0x7ff7abd59bb4+80868]
	GetHandleVerifier [0x0x7ff7abd59d03+81203]
	GetHandleVerifier [0x0x7ff7abd48286+8886]
	BaseThreadInitThunk [0x0x7ff9c9b0e8d7+23]
	RtlUserThreadStart [0x0x7ff9cb08c53c+44]

[2025-11-19T13:22:32.955102] SCRAPER ratings fetch page 149 offset 2960 failed (attempt 2/5): Message: no such window: target window already closed
from unknown error: web view not found
  (Session info: MicrosoftEdge=142.0.3595.80)
Stacktrace:
	GetHandleVerifier [0x0x7ff7abd52a75+51877]
	GetHandleVerifier [0x0x7ff7abd52ad4+51972]
	GetHandleVerifier [0x0x7ff7abf09425+1848405]
	(No symbol) [0x0x7ff7abaa0e5f]
	(No symbol) [0x0x7ff7abb374ec]
	(No symbol) [0x0x7ff7abb4ed0a]
	(No symbol) [0x0x7ff7abb31df3]
	(No symbol) [0x0x7ff7abb05b36]
	(No symbol) [0x0x7ff7abb04d80]
	(No symbol) [0x0x7ff7abb05973]
	(No symbol) [0x0x7ff7abbce4a5]
	(No symbol) [0x0x7ff7abbca75d]
	GetHandleVerifier [0x0x7ff7abd7d2b3+226019]
	GetHandleVerifier [0x0x7ff7abd6c481+156849]
	GetHandleVerifier [0x0x7ff7abd74979+190889]
	GetHandleVerifier [0x0x7ff7abd59bb4+80868]
	GetHandleVerifier [0x0x7ff7abd59d03+81203]
	GetHandleVerifier [0x0x7ff7abd48286+8886]
	BaseThreadInitThunk [0x0x7ff9c9b0e8d7+23]
	RtlUserThreadStart [0x0x7ff9cb08c53c+44]

[2025-11-19T13:22:35.960700] SCRAPER ratings fetch page 149 offset 2960 failed (attempt 3/5): Message: no such window: target window already closed
from unknown error: web view not found
  (Session info: MicrosoftEdge=142.0.3595.80)
Stacktrace:
	GetHandleVerifier [0x0x7ff7abd52a75+51877]
	GetHandleVerifier [0x0x7ff7abd52ad4+51972]
	GetHandleVerifier [0x0x7ff7abf09425+1848405]
	(No symbol) [0x0x7ff7abaa0e5f]
	(No symbol) [0x0x7ff7abb374ec]
	(No symbol) [0x0x7ff7abb4ed0a]
	(No symbol) [0x0x7ff7abb31df3]
	(No symbol) [0x0x7ff7abb05b36]
	(No symbol) [0x0x7ff7abb04d80]
	(No symbol) [0x0x7ff7abb05973]
	(No symbol) [0x0x7ff7abbce4a5]
	(No symbol) [0x0x7ff7abbca75d]
	GetHandleVerifier [0x0x7ff7abd7d2b3+226019]
	GetHandleVerifier [0x0x7ff7abd6c481+156849]
	GetHandleVerifier [0x0x7ff7abd74979+190889]
	GetHandleVerifier [0x0x7ff7abd59bb4+80868]
	GetHandleVerifier [0x0x7ff7abd59d03+81203]
	GetHandleVerifier [0x0x7ff7abd48286+8886]
	BaseThreadInitThunk [0x0x7ff9c9b0e8d7+23]
	RtlUserThreadStart [0x0x7ff9cb08c53c+44]

[2025-11-19T13:22:39.974271] SCRAPER ratings fetch page 149 offset 2960 failed (attempt 4/5): Message: no such window: target window already closed
from unknown error: web view not found
  (Session info: MicrosoftEdge=142.0.3595.80)
Stacktrace:
	GetHandleVerifier [0x0x7ff7abd52a75+51877]
	GetHandleVerifier [0x0x7ff7abd52ad4+51972]
	GetHandleVerifier [0x0x7ff7abf09425+1848405]
	(No symbol) [0x0x7ff7abaa0e5f]
	(No symbol) [0x0x7ff7abb374ec]
	(No symbol) [0x0x7ff7abb4ed0a]
	(No symbol) [0x0x7ff7abb31df3]
	(No symbol) [0x0x7ff7abb05b36]
	(No symbol) [0x0x7ff7abb04d80]
	(No symbol) [0x0x7ff7abb05973]
	(No symbol) [0x0x7ff7abbce4a5]
	(No symbol) [0x0x7ff7abbca75d]
	GetHandleVerifier [0x0x7ff7abd7d2b3+226019]
	GetHandleVerifier [0x0x7ff7abd6c481+156849]
	GetHandleVerifier [0x0x7ff7abd74979+190889]
	GetHandleVerifier [0x0x7ff7abd59bb4+80868]
	GetHandleVerifier [0x0x7ff7abd59d03+81203]
	GetHandleVerifier [0x0x7ff7abd48286+8886]
	BaseThreadInitThunk [0x0x7ff9c9b0e8d7+23]
	RtlUserThreadStart [0x0x7ff9cb08c53c+44]

[2025-11-19T13:22:44.978289] SCRAPER ratings fetch page 149 offset 2960 failed (attempt 5/5): Message: no such window: target window already closed
from unknown error: web view not found
  (Session info: MicrosoftEdge=142.0.3595.80)
Stacktrace:
	GetHandleVerifier [0x0x7ff7abd52a75+51877]
	GetHandleVerifier [0x0x7ff7abd52ad4+51972]
	GetHandleVerifier [0x0x7ff7abf09425+1848405]
	(No symbol) [0x0x7ff7abaa0e5f]
	(No symbol) [0x0x7ff7abb374ec]
	(No symbol) [0x0x7ff7abb4ed0a]
	(No symbol) [0x0x7ff7abb31df3]
	(No symbol) [0x0x7ff7abb05b36]
	(No symbol) [0x0x7ff7abb04d80]
	(No symbol) [0x0x7ff7abb05973]
	(No symbol) [0x0x7ff7abbce4a5]
	(No symbol) [0x0x7ff7abbca75d]
	GetHandleVerifier [0x0x7ff7abd7d2b3+226019]
	GetHandleVerifier [0x0x7ff7abd6c481+156849]
	GetHandleVerifier [0x0x7ff7abd74979+190889]
	GetHandleVerifier [0x0x7ff7abd59bb4+80868]
	GetHandleVerifier [0x0x7ff7abd59d03+81203]
	GetHandleVerifier [0x0x7ff7abd48286+8886]
	BaseThreadInitThunk [0x0x7ff9c9b0e8d7+23]
	RtlUserThreadStart [0x0x7ff9cb08c53c+44]

[2025-11-19T13:22:49.990188] SCRAPER skip page 149 after 5 failures; lanjut halaman berikutnya
[2025-11-19T13:22:49.993567] SCRAPER ratings fetch page 150 offset 2980 failed (attempt 1/5): Message: no such window: target window already closed
from unknown error: web view not found
  (Session info: MicrosoftEdge=142.0.3595.80)
Stacktrace:
	GetHandleVerifier [0x0x7ff7abd52a75+51877]
	GetHandleVerifier [0x0x7ff7abd52ad4+51972]
	GetHandleVerifier [0x0x7ff7abf09425+1848405]
	(No symbol) [0x0x7ff7abaa0e5f]
	(No symbol) [0x0x7ff7abb374ec]
	(No symbol) [0x0x7ff7abb4ed0a]
	(No symbol) [0x0x7ff7abb31df3]
	(No symbol) [0x0x7ff7abb05b36]
	(No symbol) [0x0x7ff7abb04d80]
	(No symbol) [0x0x7ff7abb05973]
	(No symbol) [0x0x7ff7abbce4a5]
	(No symbol) [0x0x7ff7abbca75d]
	GetHandleVerifier [0x0x7ff7abd7d2b3+226019]
	GetHandleVerifier [0x0x7ff7abd6c481+156849]
	GetHandleVerifier [0x0x7ff7abd74979+190889]
	GetHandleVerifier [0x0x7ff7abd59bb4+80868]
	GetHandleVerifier [0x0x7ff7abd59d03+81203]
	GetHandleVerifier [0x0x7ff7abd48286+8886]
	BaseThreadInitThunk [0x0x7ff9c9b0e8d7+23]
	RtlUserThreadStart [0x0x7ff9cb08c53c+44]

[2025-11-19T13:22:52.010227] SCRAPER ratings fetch page 150 offset 2980 failed (attempt 2/5): Message: no such window: target window already closed
from unknown error: web view not found
  (Session info: MicrosoftEdge=142.0.3595.80)
Stacktrace:
	GetHandleVerifier [0x0x7ff7abd52a75+51877]
	GetHandleVerifier [0x0x7ff7abd52ad4+51972]
	GetHandleVerifier [0x0x7ff7abf09425+1848405]
	(No symbol) [0x0x7ff7abaa0e5f]
	(No symbol) [0x0x7ff7abb374ec]
	(No symbol) [0x0x7ff7abb4ed0a]
	(No symbol) [0x0x7ff7abb31df3]
	(No symbol) [0x0x7ff7abb05b36]
	(No symbol) [0x0x7ff7abb04d80]
	(No symbol) [0x0x7ff7abb05973]
	(No symbol) [0x0x7ff7abbce4a5]
	(No symbol) [0x0x7ff7abbca75d]
	GetHandleVerifier [0x0x7ff7abd7d2b3+226019]
	GetHandleVerifier [0x0x7ff7abd6c481+156849]
	GetHandleVerifier [0x0x7ff7abd74979+190889]
	GetHandleVerifier [0x0x7ff7abd59bb4+80868]
	GetHandleVerifier [0x0x7ff7abd59d03+81203]
	GetHandleVerifier [0x0x7ff7abd48286+8886]
	BaseThreadInitThunk [0x0x7ff9c9b0e8d7+23]
	RtlUserThreadStart [0x0x7ff9cb08c53c+44]

[2025-11-19T13:22:55.024312] SCRAPER ratings fetch page 150 offset 2980 failed (attempt 3/5): Message: no such window: target window already closed
from unknown error: web view not found
  (Session info: MicrosoftEdge=142.0.3595.80)
Stacktrace:
	GetHandleVerifier [0x0x7ff7abd52a75+51877]
	GetHandleVerifier [0x0x7ff7abd52ad4+51972]
	GetHandleVerifier [0x0x7ff7abf09425+1848405]
	(No symbol) [0x0x7ff7abaa0e5f]
	(No symbol) [0x0x7ff7abb374ec]
	(No symbol) [0x0x7ff7abb4ed0a]
	(No symbol) [0x0x7ff7abb31df3]
	(No symbol) [0x0x7ff7abb05b36]
	(No symbol) [0x0x7ff7abb04d80]
	(No symbol) [0x0x7ff7abb05973]
	(No symbol) [0x0x7ff7abbce4a5]
	(No symbol) [0x0x7ff7abbca75d]
	GetHandleVerifier [0x0x7ff7abd7d2b3+226019]
	GetHandleVerifier [0x0x7ff7abd6c481+156849]
	GetHandleVerifier [0x0x7ff7abd74979+190889]
	GetHandleVerifier [0x0x7ff7abd59bb4+80868]
	GetHandleVerifier [0x0x7ff7abd59d03+81203]
	GetHandleVerifier [0x0x7ff7abd48286+8886]
	BaseThreadInitThunk [0x0x7ff9c9b0e8d7+23]
	RtlUserThreadStart [0x0x7ff9cb08c53c+44]

[2025-11-19T13:22:59.029651] SCRAPER ratings fetch page 150 offset 2980 failed (attempt 4/5): Message: no such window: target window already closed
from unknown error: web view not found
  (Session info: MicrosoftEdge=142.0.3595.80)
Stacktrace:
	GetHandleVerifier [0x0x7ff7abd52a75+51877]
	GetHandleVerifier [0x0x7ff7abd52ad4+51972]
	GetHandleVerifier [0x0x7ff7abf09425+1848405]
	(No symbol) [0x0x7ff7abaa0e5f]
	(No symbol) [0x0x7ff7abb374ec]
	(No symbol) [0x0x7ff7abb4ed0a]
	(No symbol) [0x0x7ff7abb31df3]
	(No symbol) [0x0x7ff7abb05b36]
	(No symbol) [0x0x7ff7abb04d80]
	(No symbol) [0x0x7ff7abb05973]
	(No symbol) [0x0x7ff7abbce4a5]
	(No symbol) [0x0x7ff7abbca75d]
	GetHandleVerifier [0x0x7ff7abd7d2b3+226019]
	GetHandleVerifier [0x0x7ff7abd6c481+156849]
	GetHandleVerifier [0x0x7ff7abd74979+190889]
	GetHandleVerifier [0x0x7ff7abd59bb4+80868]
	GetHandleVerifier [0x0x7ff7abd59d03+81203]
	GetHandleVerifier [0x0x7ff7abd48286+8886]
	BaseThreadInitThunk [0x0x7ff9c9b0e8d7+23]
	RtlUserThreadStart [0x0x7ff9cb08c53c+44]

[2025-11-19T13:23:04.035527] SCRAPER ratings fetch page 150 offset 2980 failed (attempt 5/5): Message: no such window: target window already closed
from unknown error: web view not found
  (Session info: MicrosoftEdge=142.0.3595.80)
Stacktrace:
	GetHandleVerifier [0x0x7ff7abd52a75+51877]
	GetHandleVerifier [0x0x7ff7abd52ad4+51972]
	GetHandleVerifier [0x0x7ff7abf09425+1848405]
	(No symbol) [0x0x7ff7abaa0e5f]
	(No symbol) [0x0x7ff7abb374ec]
	(No symbol) [0x0x7ff7abb4ed0a]
	(No symbol) [0x0x7ff7abb31df3]
	(No symbol) [0x0x7ff7abb05b36]
	(No symbol) [0x0x7ff7abb04d80]
	(No symbol) [0x0x7ff7abb05973]
	(No symbol) [0x0x7ff7abbce4a5]
	(No symbol) [0x0x7ff7abbca75d]
	GetHandleVerifier [0x0x7ff7abd7d2b3+226019]
	GetHandleVerifier [0x0x7ff7abd6c481+156849]
	GetHandleVerifier [0x0x7ff7abd74979+190889]
	GetHandleVerifier [0x0x7ff7abd59bb4+80868]
	GetHandleVerifier [0x0x7ff7abd59d03+81203]
	GetHandleVerifier [0x0x7ff7abd48286+8886]
	BaseThreadInitThunk [0x0x7ff9c9b0e8d7+23]
	RtlUserThreadStart [0x0x7ff9cb08c53c+44]

[2025-11-19T13:23:09.051698] SCRAPER skip page 150 after 5 failures; lanjut halaman berikutnya
[2025-11-19T13:23:09.055235] SCRAPER ratings fetch page 151 offset 3000 failed (attempt 1/5): Message: no such window: target window already closed
from unknown error: web view not found
  (Session info: MicrosoftEdge=142.0.3595.80)
Stacktrace:
	GetHandleVerifier [0x0x7ff7abd52a75+51877]
	GetHandleVerifier [0x0x7ff7abd52ad4+51972]
	GetHandleVerifier [0x0x7ff7abf09425+1848405]
	(No symbol) [0x0x7ff7abaa0e5f]
	(No symbol) [0x0x7ff7abb374ec]
	(No symbol) [0x0x7ff7abb4ed0a]
	(No symbol) [0x0x7ff7abb31df3]
	(No symbol) [0x0x7ff7abb05b36]
	(No symbol) [0x0x7ff7abb04d80]
	(No symbol) [0x0x7ff7abb05973]
	(No symbol) [0x0x7ff7abbce4a5]
	(No symbol) [0x0x7ff7abbca75d]
	GetHandleVerifier [0x0x7ff7abd7d2b3+226019]
	GetHandleVerifier [0x0x7ff7abd6c481+156849]
	GetHandleVerifier [0x0x7ff7abd74979+190889]
	GetHandleVerifier [0x0x7ff7abd59bb4+80868]
	GetHandleVerifier [0x0x7ff7abd59d03+81203]
	GetHandleVerifier [0x0x7ff7abd48286+8886]
	BaseThreadInitThunk [0x0x7ff9c9b0e8d7+23]
	RtlUserThreadStart [0x0x7ff9cb08c53c+44]

[2025-11-19T13:23:11.070665] SCRAPER ratings fetch page 151 offset 3000 failed (attempt 2/5): Message: no such window: target window already closed
from unknown error: web view not found
  (Session info: MicrosoftEdge=142.0.3595.80)
Stacktrace:
	GetHandleVerifier [0x0x7ff7abd52a75+51877]
	GetHandleVerifier [0x0x7ff7abd52ad4+51972]
	GetHandleVerifier [0x0x7ff7abf09425+1848405]
	(No symbol) [0x0x7ff7abaa0e5f]
	(No symbol) [0x0x7ff7abb374ec]
	(No symbol) [0x0x7ff7abb4ed0a]
	(No symbol) [0x0x7ff7abb31df3]
	(No symbol) [0x0x7ff7abb05b36]
	(No symbol) [0x0x7ff7abb04d80]
	(No symbol) [0x0x7ff7abb05973]
	(No symbol) [0x0x7ff7abbce4a5]
	(No symbol) [0x0x7ff7abbca75d]
	GetHandleVerifier [0x0x7ff7abd7d2b3+226019]
	GetHandleVerifier [0x0x7ff7abd6c481+156849]
	GetHandleVerifier [0x0x7ff7abd74979+190889]
	GetHandleVerifier [0x0x7ff7abd59bb4+80868]
	GetHandleVerifier [0x0x7ff7abd59d03+81203]
	GetHandleVerifier [0x0x7ff7abd48286+8886]
	BaseThreadInitThunk [0x0x7ff9c9b0e8d7+23]
	RtlUserThreadStart [0x0x7ff9cb08c53c+44]

[2025-11-19T13:23:14.083318] SCRAPER ratings fetch page 151 offset 3000 failed (attempt 3/5): Message: no such window: target window already closed
from unknown error: web view not found
  (Session info: MicrosoftEdge=142.0.3595.80)
Stacktrace:
	GetHandleVerifier [0x0x7ff7abd52a75+51877]
	GetHandleVerifier [0x0x7ff7abd52ad4+51972]
	GetHandleVerifier [0x0x7ff7abf09425+1848405]
	(No symbol) [0x0x7ff7abaa0e5f]
	(No symbol) [0x0x7ff7abb374ec]
	(No symbol) [0x0x7ff7abb4ed0a]
	(No symbol) [0x0x7ff7abb31df3]
	(No symbol) [0x0x7ff7abb05b36]
	(No symbol) [0x0x7ff7abb04d80]
	(No symbol) [0x0x7ff7abb05973]
	(No symbol) [0x0x7ff7abbce4a5]
	(No symbol) [0x0x7ff7abbca75d]
	GetHandleVerifier [0x0x7ff7abd7d2b3+226019]
	GetHandleVerifier [0x0x7ff7abd6c481+156849]
	GetHandleVerifier [0x0x7ff7abd74979+190889]
	GetHandleVerifier [0x0x7ff7abd59bb4+80868]
	GetHandleVerifier [0x0x7ff7abd59d03+81203]
	GetHandleVerifier [0x0x7ff7abd48286+8886]
	BaseThreadInitThunk [0x0x7ff9c9b0e8d7+23]
	RtlUserThreadStart [0x0x7ff9cb08c53c+44]

[2025-11-19T13:23:18.101059] SCRAPER ratings fetch page 151 offset 3000 failed (attempt 4/5): Message: no such window: target window already closed
from unknown error: web view not found
  (Session info: MicrosoftEdge=142.0.3595.80)
Stacktrace:
	GetHandleVerifier [0x0x7ff7abd52a75+51877]
	GetHandleVerifier [0x0x7ff7abd52ad4+51972]
	GetHandleVerifier [0x0x7ff7abf09425+1848405]
	(No symbol) [0x0x7ff7abaa0e5f]
	(No symbol) [0x0x7ff7abb374ec]
	(No symbol) [0x0x7ff7abb4ed0a]
	(No symbol) [0x0x7ff7abb31df3]
	(No symbol) [0x0x7ff7abb05b36]
	(No symbol) [0x0x7ff7abb04d80]
	(No symbol) [0x0x7ff7abb05973]
	(No symbol) [0x0x7ff7abbce4a5]
	(No symbol) [0x0x7ff7abbca75d]
	GetHandleVerifier [0x0x7ff7abd7d2b3+226019]
	GetHandleVerifier [0x0x7ff7abd6c481+156849]
	GetHandleVerifier [0x0x7ff7abd74979+190889]
	GetHandleVerifier [0x0x7ff7abd59bb4+80868]
	GetHandleVerifier [0x0x7ff7abd59d03+81203]
	GetHandleVerifier [0x0x7ff7abd48286+8886]
	BaseThreadInitThunk [0x0x7ff9c9b0e8d7+23]
	RtlUserThreadStart [0x0x7ff9cb08c53c+44]

[2025-11-19T13:23:23.111755] SCRAPER ratings fetch page 151 offset 3000 failed (attempt 5/5): Message: no such window: target window already closed
from unknown error: web view not found
  (Session info: MicrosoftEdge=142.0.3595.80)
Stacktrace:
	GetHandleVerifier [0x0x7ff7abd52a75+51877]
	GetHandleVerifier [0x0x7ff7abd52ad4+51972]
	GetHandleVerifier [0x0x7ff7abf09425+1848405]
	(No symbol) [0x0x7ff7abaa0e5f]
	(No symbol) [0x0x7ff7abb374ec]
	(No symbol) [0x0x7ff7abb4ed0a]
	(No symbol) [0x0x7ff7abb31df3]
	(No symbol) [0x0x7ff7abb05b36]
	(No symbol) [0x0x7ff7abb04d80]
	(No symbol) [0x0x7ff7abb05973]
	(No symbol) [0x0x7ff7abbce4a5]
	(No symbol) [0x0x7ff7abbca75d]
	GetHandleVerifier [0x0x7ff7abd7d2b3+226019]
	GetHandleVerifier [0x0x7ff7abd6c481+156849]
	GetHandleVerifier [0x0x7ff7abd74979+190889]
	GetHandleVerifier [0x0x7ff7abd59bb4+80868]
	GetHandleVerifier [0x0x7ff7abd59d03+81203]
	GetHandleVerifier [0x0x7ff7abd48286+8886]
	BaseThreadInitThunk [0x0x7ff9c9b0e8d7+23]
	RtlUserThreadStart [0x0x7ff9cb08c53c+44]

[2025-11-19T13:23:28.122450] SCRAPER skip page 151 after 5 failures; lanjut halaman berikutnya
[2025-11-19T13:23:28.125313] SCRAPER ratings fetch page 152 offset 3020 failed (attempt 1/5): Message: no such window: target window already closed
from unknown error: web view not found
  (Session info: MicrosoftEdge=142.0.3595.80)
Stacktrace:
	GetHandleVerifier [0x0x7ff7abd52a75+51877]
	GetHandleVerifier [0x0x7ff7abd52ad4+51972]
	GetHandleVerifier [0x0x7ff7abf09425+1848405]
	(No symbol) [0x0x7ff7abaa0e5f]
	(No symbol) [0x0x7ff7abb374ec]
	(No symbol) [0x0x7ff7abb4ed0a]
	(No symbol) [0x0x7ff7abb31df3]
	(No symbol) [0x0x7ff7abb05b36]
	(No symbol) [0x0x7ff7abb04d80]
	(No symbol) [0x0x7ff7abb05973]
	(No symbol) [0x0x7ff7abbce4a5]
	(No symbol) [0x0x7ff7abbca75d]
	GetHandleVerifier [0x0x7ff7abd7d2b3+226019]
	GetHandleVerifier [0x0x7ff7abd6c481+156849]
	GetHandleVerifier [0x0x7ff7abd74979+190889]
	GetHandleVerifier [0x0x7ff7abd59bb4+80868]
	GetHandleVerifier [0x0x7ff7abd59d03+81203]
	GetHandleVerifier [0x0x7ff7abd48286+8886]
	BaseThreadInitThunk [0x0x7ff9c9b0e8d7+23]
	RtlUserThreadStart [0x0x7ff9cb08c53c+44]

[2025-11-19T13:23:30.140962] SCRAPER ratings fetch page 152 offset 3020 failed (attempt 2/5): Message: no such window: target window already closed
from unknown error: web view not found
  (Session info: MicrosoftEdge=142.0.3595.80)
Stacktrace:
	GetHandleVerifier [0x0x7ff7abd52a75+51877]
	GetHandleVerifier [0x0x7ff7abd52ad4+51972]
	GetHandleVerifier [0x0x7ff7abf09425+1848405]
	(No symbol) [0x0x7ff7abaa0e5f]
	(No symbol) [0x0x7ff7abb374ec]
	(No symbol) [0x0x7ff7abb4ed0a]
	(No symbol) [0x0x7ff7abb31df3]
	(No symbol) [0x0x7ff7abb05b36]
	(No symbol) [0x0x7ff7abb04d80]
	(No symbol) [0x0x7ff7abb05973]
	(No symbol) [0x0x7ff7abbce4a5]
	(No symbol) [0x0x7ff7abbca75d]
	GetHandleVerifier [0x0x7ff7abd7d2b3+226019]
	GetHandleVerifier [0x0x7ff7abd6c481+156849]
	GetHandleVerifier [0x0x7ff7abd74979+190889]
	GetHandleVerifier [0x0x7ff7abd59bb4+80868]
	GetHandleVerifier [0x0x7ff7abd59d03+81203]
	GetHandleVerifier [0x0x7ff7abd48286+8886]
	BaseThreadInitThunk [0x0x7ff9c9b0e8d7+23]
	RtlUserThreadStart [0x0x7ff9cb08c53c+44]

[2025-11-19T13:23:33.158925] SCRAPER ratings fetch page 152 offset 3020 failed (attempt 3/5): Message: no such window: target window already closed
from unknown error: web view not found
  (Session info: MicrosoftEdge=142.0.3595.80)
Stacktrace:
	GetHandleVerifier [0x0x7ff7abd52a75+51877]
	GetHandleVerifier [0x0x7ff7abd52ad4+51972]
	GetHandleVerifier [0x0x7ff7abf09425+1848405]
	(No symbol) [0x0x7ff7abaa0e5f]
	(No symbol) [0x0x7ff7abb374ec]
	(No symbol) [0x0x7ff7abb4ed0a]
	(No symbol) [0x0x7ff7abb31df3]
	(No symbol) [0x0x7ff7abb05b36]
	(No symbol) [0x0x7ff7abb04d80]
	(No symbol) [0x0x7ff7abb05973]
	(No symbol) [0x0x7ff7abbce4a5]
	(No symbol) [0x0x7ff7abbca75d]
	GetHandleVerifier [0x0x7ff7abd7d2b3+226019]
	GetHandleVerifier [0x0x7ff7abd6c481+156849]
	GetHandleVerifier [0x0x7ff7abd74979+190889]
	GetHandleVerifier [0x0x7ff7abd59bb4+80868]
	GetHandleVerifier [0x0x7ff7abd59d03+81203]
	GetHandleVerifier [0x0x7ff7abd48286+8886]
	BaseThreadInitThunk [0x0x7ff9c9b0e8d7+23]
	RtlUserThreadStart [0x0x7ff9cb08c53c+44]

[2025-11-19T13:23:37.170147] SCRAPER ratings fetch page 152 offset 3020 failed (attempt 4/5): Message: no such window: target window already closed
from unknown error: web view not found
  (Session info: MicrosoftEdge=142.0.3595.80)
Stacktrace:
	GetHandleVerifier [0x0x7ff7abd52a75+51877]
	GetHandleVerifier [0x0x7ff7abd52ad4+51972]
	GetHandleVerifier [0x0x7ff7abf09425+1848405]
	(No symbol) [0x0x7ff7abaa0e5f]
	(No symbol) [0x0x7ff7abb374ec]
	(No symbol) [0x0x7ff7abb4ed0a]
	(No symbol) [0x0x7ff7abb31df3]
	(No symbol) [0x0x7ff7abb05b36]
	(No symbol) [0x0x7ff7abb04d80]
	(No symbol) [0x0x7ff7abb05973]
	(No symbol) [0x0x7ff7abbce4a5]
	(No symbol) [0x0x7ff7abbca75d]
	GetHandleVerifier [0x0x7ff7abd7d2b3+226019]
	GetHandleVerifier [0x0x7ff7abd6c481+156849]
	GetHandleVerifier [0x0x7ff7abd74979+190889]
	GetHandleVerifier [0x0x7ff7abd59bb4+80868]
	GetHandleVerifier [0x0x7ff7abd59d03+81203]
	GetHandleVerifier [0x0x7ff7abd48286+8886]
	BaseThreadInitThunk [0x0x7ff9c9b0e8d7+23]
	RtlUserThreadStart [0x0x7ff9cb08c53c+44]

[2025-11-19T13:23:42.175077] SCRAPER ratings fetch page 152 offset 3020 failed (attempt 5/5): Message: no such window: target window already closed
from unknown error: web view not found
  (Session info: MicrosoftEdge=142.0.3595.80)
Stacktrace:
	GetHandleVerifier [0x0x7ff7abd52a75+51877]
	GetHandleVerifier [0x0x7ff7abd52ad4+51972]
	GetHandleVerifier [0x0x7ff7abf09425+1848405]
	(No symbol) [0x0x7ff7abaa0e5f]
	(No symbol) [0x0x7ff7abb374ec]
	(No symbol) [0x0x7ff7abb4ed0a]
	(No symbol) [0x0x7ff7abb31df3]
	(No symbol) [0x0x7ff7abb05b36]
	(No symbol) [0x0x7ff7abb04d80]
	(No symbol) [0x0x7ff7abb05973]
	(No symbol) [0x0x7ff7abbce4a5]
	(No symbol) [0x0x7ff7abbca75d]
	GetHandleVerifier [0x0x7ff7abd7d2b3+226019]
	GetHandleVerifier [0x0x7ff7abd6c481+156849]
	GetHandleVerifier [0x0x7ff7abd74979+190889]
	GetHandleVerifier [0x0x7ff7abd59bb4+80868]
	GetHandleVerifier [0x0x7ff7abd59d03+81203]
	GetHandleVerifier [0x0x7ff7abd48286+8886]
	BaseThreadInitThunk [0x0x7ff9c9b0e8d7+23]
	RtlUserThreadStart [0x0x7ff9cb08c53c+44]

[2025-11-19T13:23:47.178062] SCRAPER skip page 152 after 5 failures; lanjut halaman berikutnya
[2025-11-19T13:23:47.180904] SCRAPER ratings fetch page 153 offset 3040 failed (attempt 1/5): Message: no such window: target window already closed
from unknown error: web view not found
  (Session info: MicrosoftEdge=142.0.3595.80)
Stacktrace:
	GetHandleVerifier [0x0x7ff7abd52a75+51877]
	GetHandleVerifier [0x0x7ff7abd52ad4+51972]
	GetHandleVerifier [0x0x7ff7abf09425+1848405]
	(No symbol) [0x0x7ff7abaa0e5f]
	(No symbol) [0x0x7ff7abb374ec]
	(No symbol) [0x0x7ff7abb4ed0a]
	(No symbol) [0x0x7ff7abb31df3]
	(No symbol) [0x0x7ff7abb05b36]
	(No symbol) [0x0x7ff7abb04d80]
	(No symbol) [0x0x7ff7abb05973]
	(No symbol) [0x0x7ff7abbce4a5]
	(No symbol) [0x0x7ff7abbca75d]
	GetHandleVerifier [0x0x7ff7abd7d2b3+226019]
	GetHandleVerifier [0x0x7ff7abd6c481+156849]
	GetHandleVerifier [0x0x7ff7abd74979+190889]
	GetHandleVerifier [0x0x7ff7abd59bb4+80868]
	GetHandleVerifier [0x0x7ff7abd59d03+81203]
	GetHandleVerifier [0x0x7ff7abd48286+8886]
	BaseThreadInitThunk [0x0x7ff9c9b0e8d7+23]
	RtlUserThreadStart [0x0x7ff9cb08c53c+44]

[2025-11-19T13:23:49.192327] SCRAPER ratings fetch page 153 offset 3040 failed (attempt 2/5): Message: no such window: target window already closed
from unknown error: web view not found
  (Session info: MicrosoftEdge=142.0.3595.80)
Stacktrace:
	GetHandleVerifier [0x0x7ff7abd52a75+51877]
	GetHandleVerifier [0x0x7ff7abd52ad4+51972]
	GetHandleVerifier [0x0x7ff7abf09425+1848405]
	(No symbol) [0x0x7ff7abaa0e5f]
	(No symbol) [0x0x7ff7abb374ec]
	(No symbol) [0x0x7ff7abb4ed0a]
	(No symbol) [0x0x7ff7abb31df3]
	(No symbol) [0x0x7ff7abb05b36]
	(No symbol) [0x0x7ff7abb04d80]
	(No symbol) [0x0x7ff7abb05973]
	(No symbol) [0x0x7ff7abbce4a5]
	(No symbol) [0x0x7ff7abbca75d]
	GetHandleVerifier [0x0x7ff7abd7d2b3+226019]
	GetHandleVerifier [0x0x7ff7abd6c481+156849]
	GetHandleVerifier [0x0x7ff7abd74979+190889]
	GetHandleVerifier [0x0x7ff7abd59bb4+80868]
	GetHandleVerifier [0x0x7ff7abd59d03+81203]
	GetHandleVerifier [0x0x7ff7abd48286+8886]
	BaseThreadInitThunk [0x0x7ff9c9b0e8d7+23]
	RtlUserThreadStart [0x0x7ff9cb08c53c+44]

[2025-11-19T13:23:52.209330] SCRAPER ratings fetch page 153 offset 3040 failed (attempt 3/5): Message: no such window: target window already closed
from unknown error: web view not found
  (Session info: MicrosoftEdge=142.0.3595.80)
Stacktrace:
	GetHandleVerifier [0x0x7ff7abd52a75+51877]
	GetHandleVerifier [0x0x7ff7abd52ad4+51972]
	GetHandleVerifier [0x0x7ff7abf09425+1848405]
	(No symbol) [0x0x7ff7abaa0e5f]
	(No symbol) [0x0x7ff7abb374ec]
	(No symbol) [0x0x7ff7abb4ed0a]
	(No symbol) [0x0x7ff7abb31df3]
	(No symbol) [0x0x7ff7abb05b36]
	(No symbol) [0x0x7ff7abb04d80]
	(No symbol) [0x0x7ff7abb05973]
	(No symbol) [0x0x7ff7abbce4a5]
	(No symbol) [0x0x7ff7abbca75d]
	GetHandleVerifier [0x0x7ff7abd7d2b3+226019]
	GetHandleVerifier [0x0x7ff7abd6c481+156849]
	GetHandleVerifier [0x0x7ff7abd74979+190889]
	GetHandleVerifier [0x0x7ff7abd59bb4+80868]
	GetHandleVerifier [0x0x7ff7abd59d03+81203]
	GetHandleVerifier [0x0x7ff7abd48286+8886]
	BaseThreadInitThunk [0x0x7ff9c9b0e8d7+23]
	RtlUserThreadStart [0x0x7ff9cb08c53c+44]

[2025-11-19T13:23:56.213645] SCRAPER ratings fetch page 153 offset 3040 failed (attempt 4/5): Message: no such window: target window already closed
from unknown error: web view not found
  (Session info: MicrosoftEdge=142.0.3595.80)
Stacktrace:
	GetHandleVerifier [0x0x7ff7abd52a75+51877]
	GetHandleVerifier [0x0x7ff7abd52ad4+51972]
	GetHandleVerifier [0x0x7ff7abf09425+1848405]
	(No symbol) [0x0x7ff7abaa0e5f]
	(No symbol) [0x0x7ff7abb374ec]
	(No symbol) [0x0x7ff7abb4ed0a]
	(No symbol) [0x0x7ff7abb31df3]
	(No symbol) [0x0x7ff7abb05b36]
	(No symbol) [0x0x7ff7abb04d80]
	(No symbol) [0x0x7ff7abb05973]
	(No symbol) [0x0x7ff7abbce4a5]
	(No symbol) [0x0x7ff7abbca75d]
	GetHandleVerifier [0x0x7ff7abd7d2b3+226019]
	GetHandleVerifier [0x0x7ff7abd6c481+156849]
	GetHandleVerifier [0x0x7ff7abd74979+190889]
	GetHandleVerifier [0x0x7ff7abd59bb4+80868]
	GetHandleVerifier [0x0x7ff7abd59d03+81203]
	GetHandleVerifier [0x0x7ff7abd48286+8886]
	BaseThreadInitThunk [0x0x7ff9c9b0e8d7+23]
	RtlUserThreadStart [0x0x7ff9cb08c53c+44]

[2025-11-19T13:24:01.230083] SCRAPER ratings fetch page 153 offset 3040 failed (attempt 5/5): Message: no such window: target window already closed
from unknown error: web view not found
  (Session info: MicrosoftEdge=142.0.3595.80)
Stacktrace:
	GetHandleVerifier [0x0x7ff7abd52a75+51877]
	GetHandleVerifier [0x0x7ff7abd52ad4+51972]
	GetHandleVerifier [0x0x7ff7abf09425+1848405]
	(No symbol) [0x0x7ff7abaa0e5f]
	(No symbol) [0x0x7ff7abb374ec]
	(No symbol) [0x0x7ff7abb4ed0a]
	(No symbol) [0x0x7ff7abb31df3]
	(No symbol) [0x0x7ff7abb05b36]
	(No symbol) [0x0x7ff7abb04d80]
	(No symbol) [0x0x7ff7abb05973]
	(No symbol) [0x0x7ff7abbce4a5]
	(No symbol) [0x0x7ff7abbca75d]
	GetHandleVerifier [0x0x7ff7abd7d2b3+226019]
	GetHandleVerifier [0x0x7ff7abd6c481+156849]
	GetHandleVerifier [0x0x7ff7abd74979+190889]
	GetHandleVerifier [0x0x7ff7abd59bb4+80868]
	GetHandleVerifier [0x0x7ff7abd59d03+81203]
	GetHandleVerifier [0x0x7ff7abd48286+8886]
	BaseThreadInitThunk [0x0x7ff9c9b0e8d7+23]
	RtlUserThreadStart [0x0x7ff9cb08c53c+44]

[2025-11-19T13:24:06.239916] SCRAPER skip page 153 after 5 failures; lanjut halaman berikutnya
[2025-11-19T13:24:06.240906] SCRAPER ratings fetch page 154 offset 3060 failed (attempt 1/5): Message: no such window: target window already closed
from unknown error: web view not found
  (Session info: MicrosoftEdge=142.0.3595.80)
Stacktrace:
	GetHandleVerifier [0x0x7ff7abd52a75+51877]
	GetHandleVerifier [0x0x7ff7abd52ad4+51972]
	GetHandleVerifier [0x0x7ff7abf09425+1848405]
	(No symbol) [0x0x7ff7abaa0e5f]
	(No symbol) [0x0x7ff7abb374ec]
	(No symbol) [0x0x7ff7abb4ed0a]
	(No symbol) [0x0x7ff7abb31df3]
	(No symbol) [0x0x7ff7abb05b36]
	(No symbol) [0x0x7ff7abb04d80]
	(No symbol) [0x0x7ff7abb05973]
	(No symbol) [0x0x7ff7abbce4a5]
	(No symbol) [0x0x7ff7abbca75d]
	GetHandleVerifier [0x0x7ff7abd7d2b3+226019]
	GetHandleVerifier [0x0x7ff7abd6c481+156849]
	GetHandleVerifier [0x0x7ff7abd74979+190889]
	GetHandleVerifier [0x0x7ff7abd59bb4+80868]
	GetHandleVerifier [0x0x7ff7abd59d03+81203]
	GetHandleVerifier [0x0x7ff7abd48286+8886]
	BaseThreadInitThunk [0x0x7ff9c9b0e8d7+23]
	RtlUserThreadStart [0x0x7ff9cb08c53c+44]

[2025-11-19T13:24:08.254570] SCRAPER ratings fetch page 154 offset 3060 failed (attempt 2/5): Message: no such window: target window already closed
from unknown error: web view not found
  (Session info: MicrosoftEdge=142.0.3595.80)
Stacktrace:
	GetHandleVerifier [0x0x7ff7abd52a75+51877]
	GetHandleVerifier [0x0x7ff7abd52ad4+51972]
	GetHandleVerifier [0x0x7ff7abf09425+1848405]
	(No symbol) [0x0x7ff7abaa0e5f]
	(No symbol) [0x0x7ff7abb374ec]
	(No symbol) [0x0x7ff7abb4ed0a]
	(No symbol) [0x0x7ff7abb31df3]
	(No symbol) [0x0x7ff7abb05b36]
	(No symbol) [0x0x7ff7abb04d80]
	(No symbol) [0x0x7ff7abb05973]
	(No symbol) [0x0x7ff7abbce4a5]
	(No symbol) [0x0x7ff7abbca75d]
	GetHandleVerifier [0x0x7ff7abd7d2b3+226019]
	GetHandleVerifier [0x0x7ff7abd6c481+156849]
	GetHandleVerifier [0x0x7ff7abd74979+190889]
	GetHandleVerifier [0x0x7ff7abd59bb4+80868]
	GetHandleVerifier [0x0x7ff7abd59d03+81203]
	GetHandleVerifier [0x0x7ff7abd48286+8886]
	BaseThreadInitThunk [0x0x7ff9c9b0e8d7+23]
	RtlUserThreadStart [0x0x7ff9cb08c53c+44]

[2025-11-19T13:24:11.259465] SCRAPER ratings fetch page 154 offset 3060 failed (attempt 3/5): Message: no such window: target window already closed
from unknown error: web view not found
  (Session info: MicrosoftEdge=142.0.3595.80)
Stacktrace:
	GetHandleVerifier [0x0x7ff7abd52a75+51877]
	GetHandleVerifier [0x0x7ff7abd52ad4+51972]
	GetHandleVerifier [0x0x7ff7abf09425+1848405]
	(No symbol) [0x0x7ff7abaa0e5f]
	(No symbol) [0x0x7ff7abb374ec]
	(No symbol) [0x0x7ff7abb4ed0a]
	(No symbol) [0x0x7ff7abb31df3]
	(No symbol) [0x0x7ff7abb05b36]
	(No symbol) [0x0x7ff7abb04d80]
	(No symbol) [0x0x7ff7abb05973]
	(No symbol) [0x0x7ff7abbce4a5]
	(No symbol) [0x0x7ff7abbca75d]
	GetHandleVerifier [0x0x7ff7abd7d2b3+226019]
	GetHandleVerifier [0x0x7ff7abd6c481+156849]
	GetHandleVerifier [0x0x7ff7abd74979+190889]
	GetHandleVerifier [0x0x7ff7abd59bb4+80868]
	GetHandleVerifier [0x0x7ff7abd59d03+81203]
	GetHandleVerifier [0x0x7ff7abd48286+8886]
	BaseThreadInitThunk [0x0x7ff9c9b0e8d7+23]
	RtlUserThreadStart [0x0x7ff9cb08c53c+44]

[2025-11-19T13:24:15.270205] SCRAPER ratings fetch page 154 offset 3060 failed (attempt 4/5): Message: no such window: target window already closed
from unknown error: web view not found
  (Session info: MicrosoftEdge=142.0.3595.80)
Stacktrace:
	GetHandleVerifier [0x0x7ff7abd52a75+51877]
	GetHandleVerifier [0x0x7ff7abd52ad4+51972]
	GetHandleVerifier [0x0x7ff7abf09425+1848405]
	(No symbol) [0x0x7ff7abaa0e5f]
	(No symbol) [0x0x7ff7abb374ec]
	(No symbol) [0x0x7ff7abb4ed0a]
	(No symbol) [0x0x7ff7abb31df3]
	(No symbol) [0x0x7ff7abb05b36]
	(No symbol) [0x0x7ff7abb04d80]
	(No symbol) [0x0x7ff7abb05973]
	(No symbol) [0x0x7ff7abbce4a5]
	(No symbol) [0x0x7ff7abbca75d]
	GetHandleVerifier [0x0x7ff7abd7d2b3+226019]
	GetHandleVerifier [0x0x7ff7abd6c481+156849]
	GetHandleVerifier [0x0x7ff7abd74979+190889]
	GetHandleVerifier [0x0x7ff7abd59bb4+80868]
	GetHandleVerifier [0x0x7ff7abd59d03+81203]
	GetHandleVerifier [0x0x7ff7abd48286+8886]
	BaseThreadInitThunk [0x0x7ff9c9b0e8d7+23]
	RtlUserThreadStart [0x0x7ff9cb08c53c+44]

[2025-11-19T13:24:20.274058] SCRAPER ratings fetch page 154 offset 3060 failed (attempt 5/5): Message: no such window: target window already closed
from unknown error: web view not found
  (Session info: MicrosoftEdge=142.0.3595.80)
Stacktrace:
	GetHandleVerifier [0x0x7ff7abd52a75+51877]
	GetHandleVerifier [0x0x7ff7abd52ad4+51972]
	GetHandleVerifier [0x0x7ff7abf09425+1848405]
	(No symbol) [0x0x7ff7abaa0e5f]
	(No symbol) [0x0x7ff7abb374ec]
	(No symbol) [0x0x7ff7abb4ed0a]
	(No symbol) [0x0x7ff7abb31df3]
	(No symbol) [0x0x7ff7abb05b36]
	(No symbol) [0x0x7ff7abb04d80]
	(No symbol) [0x0x7ff7abb05973]
	(No symbol) [0x0x7ff7abbce4a5]
	(No symbol) [0x0x7ff7abbca75d]
	GetHandleVerifier [0x0x7ff7abd7d2b3+226019]
	GetHandleVerifier [0x0x7ff7abd6c481+156849]
	GetHandleVerifier [0x0x7ff7abd74979+190889]
	GetHandleVerifier [0x0x7ff7abd59bb4+80868]
	GetHandleVerifier [0x0x7ff7abd59d03+81203]
	GetHandleVerifier [0x0x7ff7abd48286+8886]
	BaseThreadInitThunk [0x0x7ff9c9b0e8d7+23]
	RtlUserThreadStart [0x0x7ff9cb08c53c+44]

[2025-11-19T13:24:25.284674] SCRAPER skip page 154 after 5 failures; lanjut halaman berikutnya
[2025-11-19T13:24:25.288502] SCRAPER ratings fetch page 155 offset 3080 failed (attempt 1/5): Message: no such window: target window already closed
from unknown error: web view not found
  (Session info: MicrosoftEdge=142.0.3595.80)
Stacktrace:
	GetHandleVerifier [0x0x7ff7abd52a75+51877]
	GetHandleVerifier [0x0x7ff7abd52ad4+51972]
	GetHandleVerifier [0x0x7ff7abf09425+1848405]
	(No symbol) [0x0x7ff7abaa0e5f]
	(No symbol) [0x0x7ff7abb374ec]
	(No symbol) [0x0x7ff7abb4ed0a]
	(No symbol) [0x0x7ff7abb31df3]
	(No symbol) [0x0x7ff7abb05b36]
	(No symbol) [0x0x7ff7abb04d80]
	(No symbol) [0x0x7ff7abb05973]
	(No symbol) [0x0x7ff7abbce4a5]
	(No symbol) [0x0x7ff7abbca75d]
	GetHandleVerifier [0x0x7ff7abd7d2b3+226019]
	GetHandleVerifier [0x0x7ff7abd6c481+156849]
	GetHandleVerifier [0x0x7ff7abd74979+190889]
	GetHandleVerifier [0x0x7ff7abd59bb4+80868]
	GetHandleVerifier [0x0x7ff7abd59d03+81203]
	GetHandleVerifier [0x0x7ff7abd48286+8886]
	BaseThreadInitThunk [0x0x7ff9c9b0e8d7+23]
	RtlUserThreadStart [0x0x7ff9cb08c53c+44]

[2025-11-19T13:24:27.306659] SCRAPER ratings fetch page 155 offset 3080 failed (attempt 2/5): Message: no such window: target window already closed
from unknown error: web view not found
  (Session info: MicrosoftEdge=142.0.3595.80)
Stacktrace:
	GetHandleVerifier [0x0x7ff7abd52a75+51877]
	GetHandleVerifier [0x0x7ff7abd52ad4+51972]
	GetHandleVerifier [0x0x7ff7abf09425+1848405]
	(No symbol) [0x0x7ff7abaa0e5f]
	(No symbol) [0x0x7ff7abb374ec]
	(No symbol) [0x0x7ff7abb4ed0a]
	(No symbol) [0x0x7ff7abb31df3]
	(No symbol) [0x0x7ff7abb05b36]
	(No symbol) [0x0x7ff7abb04d80]
	(No symbol) [0x0x7ff7abb05973]
	(No symbol) [0x0x7ff7abbce4a5]
	(No symbol) [0x0x7ff7abbca75d]
	GetHandleVerifier [0x0x7ff7abd7d2b3+226019]
	GetHandleVerifier [0x0x7ff7abd6c481+156849]
	GetHandleVerifier [0x0x7ff7abd74979+190889]
	GetHandleVerifier [0x0x7ff7abd59bb4+80868]
	GetHandleVerifier [0x0x7ff7abd59d03+81203]
	GetHandleVerifier [0x0x7ff7abd48286+8886]
	BaseThreadInitThunk [0x0x7ff9c9b0e8d7+23]
	RtlUserThreadStart [0x0x7ff9cb08c53c+44]

[2025-11-19T13:24:30.312890] SCRAPER ratings fetch page 155 offset 3080 failed (attempt 3/5): Message: no such window: target window already closed
from unknown error: web view not found
  (Session info: MicrosoftEdge=142.0.3595.80)
Stacktrace:
	GetHandleVerifier [0x0x7ff7abd52a75+51877]
	GetHandleVerifier [0x0x7ff7abd52ad4+51972]
	GetHandleVerifier [0x0x7ff7abf09425+1848405]
	(No symbol) [0x0x7ff7abaa0e5f]
	(No symbol) [0x0x7ff7abb374ec]
	(No symbol) [0x0x7ff7abb4ed0a]
	(No symbol) [0x0x7ff7abb31df3]
	(No symbol) [0x0x7ff7abb05b36]
	(No symbol) [0x0x7ff7abb04d80]
	(No symbol) [0x0x7ff7abb05973]
	(No symbol) [0x0x7ff7abbce4a5]
	(No symbol) [0x0x7ff7abbca75d]
	GetHandleVerifier [0x0x7ff7abd7d2b3+226019]
	GetHandleVerifier [0x0x7ff7abd6c481+156849]
	GetHandleVerifier [0x0x7ff7abd74979+190889]
	GetHandleVerifier [0x0x7ff7abd59bb4+80868]
	GetHandleVerifier [0x0x7ff7abd59d03+81203]
	GetHandleVerifier [0x0x7ff7abd48286+8886]
	BaseThreadInitThunk [0x0x7ff9c9b0e8d7+23]
	RtlUserThreadStart [0x0x7ff9cb08c53c+44]

[2025-11-19T13:24:34.321996] SCRAPER ratings fetch page 155 offset 3080 failed (attempt 4/5): Message: no such window: target window already closed
from unknown error: web view not found
  (Session info: MicrosoftEdge=142.0.3595.80)
Stacktrace:
	GetHandleVerifier [0x0x7ff7abd52a75+51877]
	GetHandleVerifier [0x0x7ff7abd52ad4+51972]
	GetHandleVerifier [0x0x7ff7abf09425+1848405]
	(No symbol) [0x0x7ff7abaa0e5f]
	(No symbol) [0x0x7ff7abb374ec]
	(No symbol) [0x0x7ff7abb4ed0a]
	(No symbol) [0x0x7ff7abb31df3]
	(No symbol) [0x0x7ff7abb05b36]
	(No symbol) [0x0x7ff7abb04d80]
	(No symbol) [0x0x7ff7abb05973]
	(No symbol) [0x0x7ff7abbce4a5]
	(No symbol) [0x0x7ff7abbca75d]
	GetHandleVerifier [0x0x7ff7abd7d2b3+226019]
	GetHandleVerifier [0x0x7ff7abd6c481+156849]
	GetHandleVerifier [0x0x7ff7abd74979+190889]
	GetHandleVerifier [0x0x7ff7abd59bb4+80868]
	GetHandleVerifier [0x0x7ff7abd59d03+81203]
	GetHandleVerifier [0x0x7ff7abd48286+8886]
	BaseThreadInitThunk [0x0x7ff9c9b0e8d7+23]
	RtlUserThreadStart [0x0x7ff9cb08c53c+44]

[2025-11-19T13:24:39.333941] SCRAPER ratings fetch page 155 offset 3080 failed (attempt 5/5): Message: no such window: target window already closed
from unknown error: web view not found
  (Session info: MicrosoftEdge=142.0.3595.80)
Stacktrace:
	GetHandleVerifier [0x0x7ff7abd52a75+51877]
	GetHandleVerifier [0x0x7ff7abd52ad4+51972]
	GetHandleVerifier [0x0x7ff7abf09425+1848405]
	(No symbol) [0x0x7ff7abaa0e5f]
	(No symbol) [0x0x7ff7abb374ec]
	(No symbol) [0x0x7ff7abb4ed0a]
	(No symbol) [0x0x7ff7abb31df3]
	(No symbol) [0x0x7ff7abb05b36]
	(No symbol) [0x0x7ff7abb04d80]
	(No symbol) [0x0x7ff7abb05973]
	(No symbol) [0x0x7ff7abbce4a5]
	(No symbol) [0x0x7ff7abbca75d]
	GetHandleVerifier [0x0x7ff7abd7d2b3+226019]
	GetHandleVerifier [0x0x7ff7abd6c481+156849]
	GetHandleVerifier [0x0x7ff7abd74979+190889]
	GetHandleVerifier [0x0x7ff7abd59bb4+80868]
	GetHandleVerifier [0x0x7ff7abd59d03+81203]
	GetHandleVerifier [0x0x7ff7abd48286+8886]
	BaseThreadInitThunk [0x0x7ff9c9b0e8d7+23]
	RtlUserThreadStart [0x0x7ff9cb08c53c+44]

[2025-11-19T13:24:44.341641] SCRAPER skip page 155 after 5 failures; lanjut halaman berikutnya
[2025-11-19T13:24:44.344686] SCRAPER ratings fetch page 156 offset 3100 failed (attempt 1/5): Message: no such window: target window already closed
from unknown error: web view not found
  (Session info: MicrosoftEdge=142.0.3595.80)
Stacktrace:
	GetHandleVerifier [0x0x7ff7abd52a75+51877]
	GetHandleVerifier [0x0x7ff7abd52ad4+51972]
	GetHandleVerifier [0x0x7ff7abf09425+1848405]
	(No symbol) [0x0x7ff7abaa0e5f]
	(No symbol) [0x0x7ff7abb374ec]
	(No symbol) [0x0x7ff7abb4ed0a]
	(No symbol) [0x0x7ff7abb31df3]
	(No symbol) [0x0x7ff7abb05b36]
	(No symbol) [0x0x7ff7abb04d80]
	(No symbol) [0x0x7ff7abb05973]
	(No symbol) [0x0x7ff7abbce4a5]
	(No symbol) [0x0x7ff7abbca75d]
	GetHandleVerifier [0x0x7ff7abd7d2b3+226019]
	GetHandleVerifier [0x0x7ff7abd6c481+156849]
	GetHandleVerifier [0x0x7ff7abd74979+190889]
	GetHandleVerifier [0x0x7ff7abd59bb4+80868]
	GetHandleVerifier [0x0x7ff7abd59d03+81203]
	GetHandleVerifier [0x0x7ff7abd48286+8886]
	BaseThreadInitThunk [0x0x7ff9c9b0e8d7+23]
	RtlUserThreadStart [0x0x7ff9cb08c53c+44]

[2025-11-19T13:24:46.348595] SCRAPER ratings fetch page 156 offset 3100 failed (attempt 2/5): Message: no such window: target window already closed
from unknown error: web view not found
  (Session info: MicrosoftEdge=142.0.3595.80)
Stacktrace:
	GetHandleVerifier [0x0x7ff7abd52a75+51877]
	GetHandleVerifier [0x0x7ff7abd52ad4+51972]
	GetHandleVerifier [0x0x7ff7abf09425+1848405]
	(No symbol) [0x0x7ff7abaa0e5f]
	(No symbol) [0x0x7ff7abb374ec]
	(No symbol) [0x0x7ff7abb4ed0a]
	(No symbol) [0x0x7ff7abb31df3]
	(No symbol) [0x0x7ff7abb05b36]
	(No symbol) [0x0x7ff7abb04d80]
	(No symbol) [0x0x7ff7abb05973]
	(No symbol) [0x0x7ff7abbce4a5]
	(No symbol) [0x0x7ff7abbca75d]
	GetHandleVerifier [0x0x7ff7abd7d2b3+226019]
	GetHandleVerifier [0x0x7ff7abd6c481+156849]
	GetHandleVerifier [0x0x7ff7abd74979+190889]
	GetHandleVerifier [0x0x7ff7abd59bb4+80868]
	GetHandleVerifier [0x0x7ff7abd59d03+81203]
	GetHandleVerifier [0x0x7ff7abd48286+8886]
	BaseThreadInitThunk [0x0x7ff9c9b0e8d7+23]
	RtlUserThreadStart [0x0x7ff9cb08c53c+44]

[2025-11-19T13:24:49.367053] SCRAPER ratings fetch page 156 offset 3100 failed (attempt 3/5): Message: no such window: target window already closed
from unknown error: web view not found
  (Session info: MicrosoftEdge=142.0.3595.80)
Stacktrace:
	GetHandleVerifier [0x0x7ff7abd52a75+51877]
	GetHandleVerifier [0x0x7ff7abd52ad4+51972]
	GetHandleVerifier [0x0x7ff7abf09425+1848405]
	(No symbol) [0x0x7ff7abaa0e5f]
	(No symbol) [0x0x7ff7abb374ec]
	(No symbol) [0x0x7ff7abb4ed0a]
	(No symbol) [0x0x7ff7abb31df3]
	(No symbol) [0x0x7ff7abb05b36]
	(No symbol) [0x0x7ff7abb04d80]
	(No symbol) [0x0x7ff7abb05973]
	(No symbol) [0x0x7ff7abbce4a5]
	(No symbol) [0x0x7ff7abbca75d]
	GetHandleVerifier [0x0x7ff7abd7d2b3+226019]
	GetHandleVerifier [0x0x7ff7abd6c481+156849]
	GetHandleVerifier [0x0x7ff7abd74979+190889]
	GetHandleVerifier [0x0x7ff7abd59bb4+80868]
	GetHandleVerifier [0x0x7ff7abd59d03+81203]
	GetHandleVerifier [0x0x7ff7abd48286+8886]
	BaseThreadInitThunk [0x0x7ff9c9b0e8d7+23]
	RtlUserThreadStart [0x0x7ff9cb08c53c+44]

[2025-11-19T13:24:53.377603] SCRAPER ratings fetch page 156 offset 3100 failed (attempt 4/5): Message: no such window: target window already closed
from unknown error: web view not found
  (Session info: MicrosoftEdge=142.0.3595.80)
Stacktrace:
	GetHandleVerifier [0x0x7ff7abd52a75+51877]
	GetHandleVerifier [0x0x7ff7abd52ad4+51972]
	GetHandleVerifier [0x0x7ff7abf09425+1848405]
	(No symbol) [0x0x7ff7abaa0e5f]
	(No symbol) [0x0x7ff7abb374ec]
	(No symbol) [0x0x7ff7abb4ed0a]
	(No symbol) [0x0x7ff7abb31df3]
	(No symbol) [0x0x7ff7abb05b36]
	(No symbol) [0x0x7ff7abb04d80]
	(No symbol) [0x0x7ff7abb05973]
	(No symbol) [0x0x7ff7abbce4a5]
	(No symbol) [0x0x7ff7abbca75d]
	GetHandleVerifier [0x0x7ff7abd7d2b3+226019]
	GetHandleVerifier [0x0x7ff7abd6c481+156849]
	GetHandleVerifier [0x0x7ff7abd74979+190889]
	GetHandleVerifier [0x0x7ff7abd59bb4+80868]
	GetHandleVerifier [0x0x7ff7abd59d03+81203]
	GetHandleVerifier [0x0x7ff7abd48286+8886]
	BaseThreadInitThunk [0x0x7ff9c9b0e8d7+23]
	RtlUserThreadStart [0x0x7ff9cb08c53c+44]

[2025-11-19T13:24:58.386085] SCRAPER ratings fetch page 156 offset 3100 failed (attempt 5/5): Message: no such window: target window already closed
from unknown error: web view not found
  (Session info: MicrosoftEdge=142.0.3595.80)
Stacktrace:
	GetHandleVerifier [0x0x7ff7abd52a75+51877]
	GetHandleVerifier [0x0x7ff7abd52ad4+51972]
	GetHandleVerifier [0x0x7ff7abf09425+1848405]
	(No symbol) [0x0x7ff7abaa0e5f]
	(No symbol) [0x0x7ff7abb374ec]
	(No symbol) [0x0x7ff7abb4ed0a]
	(No symbol) [0x0x7ff7abb31df3]
	(No symbol) [0x0x7ff7abb05b36]
	(No symbol) [0x0x7ff7abb04d80]
	(No symbol) [0x0x7ff7abb05973]
	(No symbol) [0x0x7ff7abbce4a5]
	(No symbol) [0x0x7ff7abbca75d]
	GetHandleVerifier [0x0x7ff7abd7d2b3+226019]
	GetHandleVerifier [0x0x7ff7abd6c481+156849]
	GetHandleVerifier [0x0x7ff7abd74979+190889]
	GetHandleVerifier [0x0x7ff7abd59bb4+80868]
	GetHandleVerifier [0x0x7ff7abd59d03+81203]
	GetHandleVerifier [0x0x7ff7abd48286+8886]
	BaseThreadInitThunk [0x0x7ff9c9b0e8d7+23]
	RtlUserThreadStart [0x0x7ff9cb08c53c+44]

[2025-11-19T13:25:03.392316] SCRAPER skip page 156 after 5 failures; lanjut halaman berikutnya
[2025-11-19T13:25:03.394195] SCRAPER ratings fetch page 157 offset 3120 failed (attempt 1/5): Message: no such window: target window already closed
from unknown error: web view not found
  (Session info: MicrosoftEdge=142.0.3595.80)
Stacktrace:
	GetHandleVerifier [0x0x7ff7abd52a75+51877]
	GetHandleVerifier [0x0x7ff7abd52ad4+51972]
	GetHandleVerifier [0x0x7ff7abf09425+1848405]
	(No symbol) [0x0x7ff7abaa0e5f]
	(No symbol) [0x0x7ff7abb374ec]
	(No symbol) [0x0x7ff7abb4ed0a]
	(No symbol) [0x0x7ff7abb31df3]
	(No symbol) [0x0x7ff7abb05b36]
	(No symbol) [0x0x7ff7abb04d80]
	(No symbol) [0x0x7ff7abb05973]
	(No symbol) [0x0x7ff7abbce4a5]
	(No symbol) [0x0x7ff7abbca75d]
	GetHandleVerifier [0x0x7ff7abd7d2b3+226019]
	GetHandleVerifier [0x0x7ff7abd6c481+156849]
	GetHandleVerifier [0x0x7ff7abd74979+190889]
	GetHandleVerifier [0x0x7ff7abd59bb4+80868]
	GetHandleVerifier [0x0x7ff7abd59d03+81203]
	GetHandleVerifier [0x0x7ff7abd48286+8886]
	BaseThreadInitThunk [0x0x7ff9c9b0e8d7+23]
	RtlUserThreadStart [0x0x7ff9cb08c53c+44]

[2025-11-19T13:25:05.409633] SCRAPER ratings fetch page 157 offset 3120 failed (attempt 2/5): Message: no such window: target window already closed
from unknown error: web view not found
  (Session info: MicrosoftEdge=142.0.3595.80)
Stacktrace:
	GetHandleVerifier [0x0x7ff7abd52a75+51877]
	GetHandleVerifier [0x0x7ff7abd52ad4+51972]
	GetHandleVerifier [0x0x7ff7abf09425+1848405]
	(No symbol) [0x0x7ff7abaa0e5f]
	(No symbol) [0x0x7ff7abb374ec]
	(No symbol) [0x0x7ff7abb4ed0a]
	(No symbol) [0x0x7ff7abb31df3]
	(No symbol) [0x0x7ff7abb05b36]
	(No symbol) [0x0x7ff7abb04d80]
	(No symbol) [0x0x7ff7abb05973]
	(No symbol) [0x0x7ff7abbce4a5]
	(No symbol) [0x0x7ff7abbca75d]
	GetHandleVerifier [0x0x7ff7abd7d2b3+226019]
	GetHandleVerifier [0x0x7ff7abd6c481+156849]
	GetHandleVerifier [0x0x7ff7abd74979+190889]
	GetHandleVerifier [0x0x7ff7abd59bb4+80868]
	GetHandleVerifier [0x0x7ff7abd59d03+81203]
	GetHandleVerifier [0x0x7ff7abd48286+8886]
	BaseThreadInitThunk [0x0x7ff9c9b0e8d7+23]
	RtlUserThreadStart [0x0x7ff9cb08c53c+44]

[2025-11-19T13:25:08.415011] SCRAPER ratings fetch page 157 offset 3120 failed (attempt 3/5): Message: no such window: target window already closed
from unknown error: web view not found
  (Session info: MicrosoftEdge=142.0.3595.80)
Stacktrace:
	GetHandleVerifier [0x0x7ff7abd52a75+51877]
	GetHandleVerifier [0x0x7ff7abd52ad4+51972]
	GetHandleVerifier [0x0x7ff7abf09425+1848405]
	(No symbol) [0x0x7ff7abaa0e5f]
	(No symbol) [0x0x7ff7abb374ec]
	(No symbol) [0x0x7ff7abb4ed0a]
	(No symbol) [0x0x7ff7abb31df3]
	(No symbol) [0x0x7ff7abb05b36]
	(No symbol) [0x0x7ff7abb04d80]
	(No symbol) [0x0x7ff7abb05973]
	(No symbol) [0x0x7ff7abbce4a5]
	(No symbol) [0x0x7ff7abbca75d]
	GetHandleVerifier [0x0x7ff7abd7d2b3+226019]
	GetHandleVerifier [0x0x7ff7abd6c481+156849]
	GetHandleVerifier [0x0x7ff7abd74979+190889]
	GetHandleVerifier [0x0x7ff7abd59bb4+80868]
	GetHandleVerifier [0x0x7ff7abd59d03+81203]
	GetHandleVerifier [0x0x7ff7abd48286+8886]
	BaseThreadInitThunk [0x0x7ff9c9b0e8d7+23]
	RtlUserThreadStart [0x0x7ff9cb08c53c+44]

[2025-11-19T13:25:12.428148] SCRAPER ratings fetch page 157 offset 3120 failed (attempt 4/5): Message: no such window: target window already closed
from unknown error: web view not found
  (Session info: MicrosoftEdge=142.0.3595.80)
Stacktrace:
	GetHandleVerifier [0x0x7ff7abd52a75+51877]
	GetHandleVerifier [0x0x7ff7abd52ad4+51972]
	GetHandleVerifier [0x0x7ff7abf09425+1848405]
	(No symbol) [0x0x7ff7abaa0e5f]
	(No symbol) [0x0x7ff7abb374ec]
	(No symbol) [0x0x7ff7abb4ed0a]
	(No symbol) [0x0x7ff7abb31df3]
	(No symbol) [0x0x7ff7abb05b36]
	(No symbol) [0x0x7ff7abb04d80]
	(No symbol) [0x0x7ff7abb05973]
	(No symbol) [0x0x7ff7abbce4a5]
	(No symbol) [0x0x7ff7abbca75d]
	GetHandleVerifier [0x0x7ff7abd7d2b3+226019]
	GetHandleVerifier [0x0x7ff7abd6c481+156849]
	GetHandleVerifier [0x0x7ff7abd74979+190889]
	GetHandleVerifier [0x0x7ff7abd59bb4+80868]
	GetHandleVerifier [0x0x7ff7abd59d03+81203]
	GetHandleVerifier [0x0x7ff7abd48286+8886]
	BaseThreadInitThunk [0x0x7ff9c9b0e8d7+23]
	RtlUserThreadStart [0x0x7ff9cb08c53c+44]

[2025-11-19T13:25:17.433225] SCRAPER ratings fetch page 157 offset 3120 failed (attempt 5/5): Message: no such window: target window already closed
from unknown error: web view not found
  (Session info: MicrosoftEdge=142.0.3595.80)
Stacktrace:
	GetHandleVerifier [0x0x7ff7abd52a75+51877]
	GetHandleVerifier [0x0x7ff7abd52ad4+51972]
	GetHandleVerifier [0x0x7ff7abf09425+1848405]
	(No symbol) [0x0x7ff7abaa0e5f]
	(No symbol) [0x0x7ff7abb374ec]
	(No symbol) [0x0x7ff7abb4ed0a]
	(No symbol) [0x0x7ff7abb31df3]
	(No symbol) [0x0x7ff7abb05b36]
	(No symbol) [0x0x7ff7abb04d80]
	(No symbol) [0x0x7ff7abb05973]
	(No symbol) [0x0x7ff7abbce4a5]
	(No symbol) [0x0x7ff7abbca75d]
	GetHandleVerifier [0x0x7ff7abd7d2b3+226019]
	GetHandleVerifier [0x0x7ff7abd6c481+156849]
	GetHandleVerifier [0x0x7ff7abd74979+190889]
	GetHandleVerifier [0x0x7ff7abd59bb4+80868]
	GetHandleVerifier [0x0x7ff7abd59d03+81203]
	GetHandleVerifier [0x0x7ff7abd48286+8886]
	BaseThreadInitThunk [0x0x7ff9c9b0e8d7+23]
	RtlUserThreadStart [0x0x7ff9cb08c53c+44]

[2025-11-19T13:25:22.449461] SCRAPER skip page 157 after 5 failures; lanjut halaman berikutnya
[2025-11-19T13:25:22.451457] SCRAPER ratings fetch page 158 offset 3140 failed (attempt 1/5): Message: no such window: target window already closed
from unknown error: web view not found
  (Session info: MicrosoftEdge=142.0.3595.80)
Stacktrace:
	GetHandleVerifier [0x0x7ff7abd52a75+51877]
	GetHandleVerifier [0x0x7ff7abd52ad4+51972]
	GetHandleVerifier [0x0x7ff7abf09425+1848405]
	(No symbol) [0x0x7ff7abaa0e5f]
	(No symbol) [0x0x7ff7abb374ec]
	(No symbol) [0x0x7ff7abb4ed0a]
	(No symbol) [0x0x7ff7abb31df3]
	(No symbol) [0x0x7ff7abb05b36]
	(No symbol) [0x0x7ff7abb04d80]
	(No symbol) [0x0x7ff7abb05973]
	(No symbol) [0x0x7ff7abbce4a5]
	(No symbol) [0x0x7ff7abbca75d]
	GetHandleVerifier [0x0x7ff7abd7d2b3+226019]
	GetHandleVerifier [0x0x7ff7abd6c481+156849]
	GetHandleVerifier [0x0x7ff7abd74979+190889]
	GetHandleVerifier [0x0x7ff7abd59bb4+80868]
	GetHandleVerifier [0x0x7ff7abd59d03+81203]
	GetHandleVerifier [0x0x7ff7abd48286+8886]
	BaseThreadInitThunk [0x0x7ff9c9b0e8d7+23]
	RtlUserThreadStart [0x0x7ff9cb08c53c+44]

[2025-11-19T13:25:24.455450] SCRAPER ratings fetch page 158 offset 3140 failed (attempt 2/5): Message: no such window: target window already closed
from unknown error: web view not found
  (Session info: MicrosoftEdge=142.0.3595.80)
Stacktrace:
	GetHandleVerifier [0x0x7ff7abd52a75+51877]
	GetHandleVerifier [0x0x7ff7abd52ad4+51972]
	GetHandleVerifier [0x0x7ff7abf09425+1848405]
	(No symbol) [0x0x7ff7abaa0e5f]
	(No symbol) [0x0x7ff7abb374ec]
	(No symbol) [0x0x7ff7abb4ed0a]
	(No symbol) [0x0x7ff7abb31df3]
	(No symbol) [0x0x7ff7abb05b36]
	(No symbol) [0x0x7ff7abb04d80]
	(No symbol) [0x0x7ff7abb05973]
	(No symbol) [0x0x7ff7abbce4a5]
	(No symbol) [0x0x7ff7abbca75d]
	GetHandleVerifier [0x0x7ff7abd7d2b3+226019]
	GetHandleVerifier [0x0x7ff7abd6c481+156849]
	GetHandleVerifier [0x0x7ff7abd74979+190889]
	GetHandleVerifier [0x0x7ff7abd59bb4+80868]
	GetHandleVerifier [0x0x7ff7abd59d03+81203]
	GetHandleVerifier [0x0x7ff7abd48286+8886]
	BaseThreadInitThunk [0x0x7ff9c9b0e8d7+23]
	RtlUserThreadStart [0x0x7ff9cb08c53c+44]

[2025-11-19T13:25:27.468786] SCRAPER ratings fetch page 158 offset 3140 failed (attempt 3/5): Message: no such window: target window already closed
from unknown error: web view not found
  (Session info: MicrosoftEdge=142.0.3595.80)
Stacktrace:
	GetHandleVerifier [0x0x7ff7abd52a75+51877]
	GetHandleVerifier [0x0x7ff7abd52ad4+51972]
	GetHandleVerifier [0x0x7ff7abf09425+1848405]
	(No symbol) [0x0x7ff7abaa0e5f]
	(No symbol) [0x0x7ff7abb374ec]
	(No symbol) [0x0x7ff7abb4ed0a]
	(No symbol) [0x0x7ff7abb31df3]
	(No symbol) [0x0x7ff7abb05b36]
	(No symbol) [0x0x7ff7abb04d80]
	(No symbol) [0x0x7ff7abb05973]
	(No symbol) [0x0x7ff7abbce4a5]
	(No symbol) [0x0x7ff7abbca75d]
	GetHandleVerifier [0x0x7ff7abd7d2b3+226019]
	GetHandleVerifier [0x0x7ff7abd6c481+156849]
	GetHandleVerifier [0x0x7ff7abd74979+190889]
	GetHandleVerifier [0x0x7ff7abd59bb4+80868]
	GetHandleVerifier [0x0x7ff7abd59d03+81203]
	GetHandleVerifier [0x0x7ff7abd48286+8886]
	BaseThreadInitThunk [0x0x7ff9c9b0e8d7+23]
	RtlUserThreadStart [0x0x7ff9cb08c53c+44]

[2025-11-19T13:25:31.472826] SCRAPER ratings fetch page 158 offset 3140 failed (attempt 4/5): Message: no such window: target window already closed
from unknown error: web view not found
  (Session info: MicrosoftEdge=142.0.3595.80)
Stacktrace:
	GetHandleVerifier [0x0x7ff7abd52a75+51877]
	GetHandleVerifier [0x0x7ff7abd52ad4+51972]
	GetHandleVerifier [0x0x7ff7abf09425+1848405]
	(No symbol) [0x0x7ff7abaa0e5f]
	(No symbol) [0x0x7ff7abb374ec]
	(No symbol) [0x0x7ff7abb4ed0a]
	(No symbol) [0x0x7ff7abb31df3]
	(No symbol) [0x0x7ff7abb05b36]
	(No symbol) [0x0x7ff7abb04d80]
	(No symbol) [0x0x7ff7abb05973]
	(No symbol) [0x0x7ff7abbce4a5]
	(No symbol) [0x0x7ff7abbca75d]
	GetHandleVerifier [0x0x7ff7abd7d2b3+226019]
	GetHandleVerifier [0x0x7ff7abd6c481+156849]
	GetHandleVerifier [0x0x7ff7abd74979+190889]
	GetHandleVerifier [0x0x7ff7abd59bb4+80868]
	GetHandleVerifier [0x0x7ff7abd59d03+81203]
	GetHandleVerifier [0x0x7ff7abd48286+8886]
	BaseThreadInitThunk [0x0x7ff9c9b0e8d7+23]
	RtlUserThreadStart [0x0x7ff9cb08c53c+44]

[2025-11-19T13:25:36.478538] SCRAPER ratings fetch page 158 offset 3140 failed (attempt 5/5): Message: no such window: target window already closed
from unknown error: web view not found
  (Session info: MicrosoftEdge=142.0.3595.80)
Stacktrace:
	GetHandleVerifier [0x0x7ff7abd52a75+51877]
	GetHandleVerifier [0x0x7ff7abd52ad4+51972]
	GetHandleVerifier [0x0x7ff7abf09425+1848405]
	(No symbol) [0x0x7ff7abaa0e5f]
	(No symbol) [0x0x7ff7abb374ec]
	(No symbol) [0x0x7ff7abb4ed0a]
	(No symbol) [0x0x7ff7abb31df3]
	(No symbol) [0x0x7ff7abb05b36]
	(No symbol) [0x0x7ff7abb04d80]
	(No symbol) [0x0x7ff7abb05973]
	(No symbol) [0x0x7ff7abbce4a5]
	(No symbol) [0x0x7ff7abbca75d]
	GetHandleVerifier [0x0x7ff7abd7d2b3+226019]
	GetHandleVerifier [0x0x7ff7abd6c481+156849]
	GetHandleVerifier [0x0x7ff7abd74979+190889]
	GetHandleVerifier [0x0x7ff7abd59bb4+80868]
	GetHandleVerifier [0x0x7ff7abd59d03+81203]
	GetHandleVerifier [0x0x7ff7abd48286+8886]
	BaseThreadInitThunk [0x0x7ff9c9b0e8d7+23]
	RtlUserThreadStart [0x0x7ff9cb08c53c+44]

[2025-11-19T13:25:41.488860] SCRAPER skip page 158 after 5 failures; lanjut halaman berikutnya
[2025-11-19T13:25:41.493866] SCRAPER ratings fetch page 159 offset 3160 failed (attempt 1/5): Message: no such window: target window already closed
from unknown error: web view not found
  (Session info: MicrosoftEdge=142.0.3595.80)
Stacktrace:
	GetHandleVerifier [0x0x7ff7abd52a75+51877]
	GetHandleVerifier [0x0x7ff7abd52ad4+51972]
	GetHandleVerifier [0x0x7ff7abf09425+1848405]
	(No symbol) [0x0x7ff7abaa0e5f]
	(No symbol) [0x0x7ff7abb374ec]
	(No symbol) [0x0x7ff7abb4ed0a]
	(No symbol) [0x0x7ff7abb31df3]
	(No symbol) [0x0x7ff7abb05b36]
	(No symbol) [0x0x7ff7abb04d80]
	(No symbol) [0x0x7ff7abb05973]
	(No symbol) [0x0x7ff7abbce4a5]
	(No symbol) [0x0x7ff7abbca75d]
	GetHandleVerifier [0x0x7ff7abd7d2b3+226019]
	GetHandleVerifier [0x0x7ff7abd6c481+156849]
	GetHandleVerifier [0x0x7ff7abd74979+190889]
	GetHandleVerifier [0x0x7ff7abd59bb4+80868]
	GetHandleVerifier [0x0x7ff7abd59d03+81203]
	GetHandleVerifier [0x0x7ff7abd48286+8886]
	BaseThreadInitThunk [0x0x7ff9c9b0e8d7+23]
	RtlUserThreadStart [0x0x7ff9cb08c53c+44]

[2025-11-19T13:25:43.504365] SCRAPER ratings fetch page 159 offset 3160 failed (attempt 2/5): Message: no such window: target window already closed
from unknown error: web view not found
  (Session info: MicrosoftEdge=142.0.3595.80)
Stacktrace:
	GetHandleVerifier [0x0x7ff7abd52a75+51877]
	GetHandleVerifier [0x0x7ff7abd52ad4+51972]
	GetHandleVerifier [0x0x7ff7abf09425+1848405]
	(No symbol) [0x0x7ff7abaa0e5f]
	(No symbol) [0x0x7ff7abb374ec]
	(No symbol) [0x0x7ff7abb4ed0a]
	(No symbol) [0x0x7ff7abb31df3]
	(No symbol) [0x0x7ff7abb05b36]
	(No symbol) [0x0x7ff7abb04d80]
	(No symbol) [0x0x7ff7abb05973]
	(No symbol) [0x0x7ff7abbce4a5]
	(No symbol) [0x0x7ff7abbca75d]
	GetHandleVerifier [0x0x7ff7abd7d2b3+226019]
	GetHandleVerifier [0x0x7ff7abd6c481+156849]
	GetHandleVerifier [0x0x7ff7abd74979+190889]
	GetHandleVerifier [0x0x7ff7abd59bb4+80868]
	GetHandleVerifier [0x0x7ff7abd59d03+81203]
	GetHandleVerifier [0x0x7ff7abd48286+8886]
	BaseThreadInitThunk [0x0x7ff9c9b0e8d7+23]
	RtlUserThreadStart [0x0x7ff9cb08c53c+44]

[2025-11-19T13:25:46.520965] SCRAPER ratings fetch page 159 offset 3160 failed (attempt 3/5): Message: no such window: target window already closed
from unknown error: web view not found
  (Session info: MicrosoftEdge=142.0.3595.80)
Stacktrace:
	GetHandleVerifier [0x0x7ff7abd52a75+51877]
	GetHandleVerifier [0x0x7ff7abd52ad4+51972]
	GetHandleVerifier [0x0x7ff7abf09425+1848405]
	(No symbol) [0x0x7ff7abaa0e5f]
	(No symbol) [0x0x7ff7abb374ec]
	(No symbol) [0x0x7ff7abb4ed0a]
	(No symbol) [0x0x7ff7abb31df3]
	(No symbol) [0x0x7ff7abb05b36]
	(No symbol) [0x0x7ff7abb04d80]
	(No symbol) [0x0x7ff7abb05973]
	(No symbol) [0x0x7ff7abbce4a5]
	(No symbol) [0x0x7ff7abbca75d]
	GetHandleVerifier [0x0x7ff7abd7d2b3+226019]
	GetHandleVerifier [0x0x7ff7abd6c481+156849]
	GetHandleVerifier [0x0x7ff7abd74979+190889]
	GetHandleVerifier [0x0x7ff7abd59bb4+80868]
	GetHandleVerifier [0x0x7ff7abd59d03+81203]
	GetHandleVerifier [0x0x7ff7abd48286+8886]
	BaseThreadInitThunk [0x0x7ff9c9b0e8d7+23]
	RtlUserThreadStart [0x0x7ff9cb08c53c+44]

[2025-11-19T13:25:50.524354] SCRAPER ratings fetch page 159 offset 3160 failed (attempt 4/5): Message: no such window: target window already closed
from unknown error: web view not found
  (Session info: MicrosoftEdge=142.0.3595.80)
Stacktrace:
	GetHandleVerifier [0x0x7ff7abd52a75+51877]
	GetHandleVerifier [0x0x7ff7abd52ad4+51972]
	GetHandleVerifier [0x0x7ff7abf09425+1848405]
	(No symbol) [0x0x7ff7abaa0e5f]
	(No symbol) [0x0x7ff7abb374ec]
	(No symbol) [0x0x7ff7abb4ed0a]
	(No symbol) [0x0x7ff7abb31df3]
	(No symbol) [0x0x7ff7abb05b36]
	(No symbol) [0x0x7ff7abb04d80]
	(No symbol) [0x0x7ff7abb05973]
	(No symbol) [0x0x7ff7abbce4a5]
	(No symbol) [0x0x7ff7abbca75d]
	GetHandleVerifier [0x0x7ff7abd7d2b3+226019]
	GetHandleVerifier [0x0x7ff7abd6c481+156849]
	GetHandleVerifier [0x0x7ff7abd74979+190889]
	GetHandleVerifier [0x0x7ff7abd59bb4+80868]
	GetHandleVerifier [0x0x7ff7abd59d03+81203]
	GetHandleVerifier [0x0x7ff7abd48286+8886]
	BaseThreadInitThunk [0x0x7ff9c9b0e8d7+23]
	RtlUserThreadStart [0x0x7ff9cb08c53c+44]

[2025-11-19T13:25:55.529514] SCRAPER ratings fetch page 159 offset 3160 failed (attempt 5/5): Message: no such window: target window already closed
from unknown error: web view not found
  (Session info: MicrosoftEdge=142.0.3595.80)
Stacktrace:
	GetHandleVerifier [0x0x7ff7abd52a75+51877]
	GetHandleVerifier [0x0x7ff7abd52ad4+51972]
	GetHandleVerifier [0x0x7ff7abf09425+1848405]
	(No symbol) [0x0x7ff7abaa0e5f]
	(No symbol) [0x0x7ff7abb374ec]
	(No symbol) [0x0x7ff7abb4ed0a]
	(No symbol) [0x0x7ff7abb31df3]
	(No symbol) [0x0x7ff7abb05b36]
	(No symbol) [0x0x7ff7abb04d80]
	(No symbol) [0x0x7ff7abb05973]
	(No symbol) [0x0x7ff7abbce4a5]
	(No symbol) [0x0x7ff7abbca75d]
	GetHandleVerifier [0x0x7ff7abd7d2b3+226019]
	GetHandleVerifier [0x0x7ff7abd6c481+156849]
	GetHandleVerifier [0x0x7ff7abd74979+190889]
	GetHandleVerifier [0x0x7ff7abd59bb4+80868]
	GetHandleVerifier [0x0x7ff7abd59d03+81203]
	GetHandleVerifier [0x0x7ff7abd48286+8886]
	BaseThreadInitThunk [0x0x7ff9c9b0e8d7+23]
	RtlUserThreadStart [0x0x7ff9cb08c53c+44]

[2025-11-19T13:26:00.542198] SCRAPER skip page 159 after 5 failures; lanjut halaman berikutnya
[2025-11-19T13:26:00.543216] SCRAPER ratings fetch page 160 offset 3180 failed (attempt 1/5): Message: no such window: target window already closed
from unknown error: web view not found
  (Session info: MicrosoftEdge=142.0.3595.80)
Stacktrace:
	GetHandleVerifier [0x0x7ff7abd52a75+51877]
	GetHandleVerifier [0x0x7ff7abd52ad4+51972]
	GetHandleVerifier [0x0x7ff7abf09425+1848405]
	(No symbol) [0x0x7ff7abaa0e5f]
	(No symbol) [0x0x7ff7abb374ec]
	(No symbol) [0x0x7ff7abb4ed0a]
	(No symbol) [0x0x7ff7abb31df3]
	(No symbol) [0x0x7ff7abb05b36]
	(No symbol) [0x0x7ff7abb04d80]
	(No symbol) [0x0x7ff7abb05973]
	(No symbol) [0x0x7ff7abbce4a5]
	(No symbol) [0x0x7ff7abbca75d]
	GetHandleVerifier [0x0x7ff7abd7d2b3+226019]
	GetHandleVerifier [0x0x7ff7abd6c481+156849]
	GetHandleVerifier [0x0x7ff7abd74979+190889]
	GetHandleVerifier [0x0x7ff7abd59bb4+80868]
	GetHandleVerifier [0x0x7ff7abd59d03+81203]
	GetHandleVerifier [0x0x7ff7abd48286+8886]
	BaseThreadInitThunk [0x0x7ff9c9b0e8d7+23]
	RtlUserThreadStart [0x0x7ff9cb08c53c+44]

[2025-11-19T13:26:02.556961] SCRAPER ratings fetch page 160 offset 3180 failed (attempt 2/5): Message: no such window: target window already closed
from unknown error: web view not found
  (Session info: MicrosoftEdge=142.0.3595.80)
Stacktrace:
	GetHandleVerifier [0x0x7ff7abd52a75+51877]
	GetHandleVerifier [0x0x7ff7abd52ad4+51972]
	GetHandleVerifier [0x0x7ff7abf09425+1848405]
	(No symbol) [0x0x7ff7abaa0e5f]
	(No symbol) [0x0x7ff7abb374ec]
	(No symbol) [0x0x7ff7abb4ed0a]
	(No symbol) [0x0x7ff7abb31df3]
	(No symbol) [0x0x7ff7abb05b36]
	(No symbol) [0x0x7ff7abb04d80]
	(No symbol) [0x0x7ff7abb05973]
	(No symbol) [0x0x7ff7abbce4a5]
	(No symbol) [0x0x7ff7abbca75d]
	GetHandleVerifier [0x0x7ff7abd7d2b3+226019]
	GetHandleVerifier [0x0x7ff7abd6c481+156849]
	GetHandleVerifier [0x0x7ff7abd74979+190889]
	GetHandleVerifier [0x0x7ff7abd59bb4+80868]
	GetHandleVerifier [0x0x7ff7abd59d03+81203]
	GetHandleVerifier [0x0x7ff7abd48286+8886]
	BaseThreadInitThunk [0x0x7ff9c9b0e8d7+23]
	RtlUserThreadStart [0x0x7ff9cb08c53c+44]

[2025-11-19T13:26:05.569216] SCRAPER ratings fetch page 160 offset 3180 failed (attempt 3/5): Message: no such window: target window already closed
from unknown error: web view not found
  (Session info: MicrosoftEdge=142.0.3595.80)
Stacktrace:
	GetHandleVerifier [0x0x7ff7abd52a75+51877]
	GetHandleVerifier [0x0x7ff7abd52ad4+51972]
	GetHandleVerifier [0x0x7ff7abf09425+1848405]
	(No symbol) [0x0x7ff7abaa0e5f]
	(No symbol) [0x0x7ff7abb374ec]
	(No symbol) [0x0x7ff7abb4ed0a]
	(No symbol) [0x0x7ff7abb31df3]
	(No symbol) [0x0x7ff7abb05b36]
	(No symbol) [0x0x7ff7abb04d80]
	(No symbol) [0x0x7ff7abb05973]
	(No symbol) [0x0x7ff7abbce4a5]
	(No symbol) [0x0x7ff7abbca75d]
	GetHandleVerifier [0x0x7ff7abd7d2b3+226019]
	GetHandleVerifier [0x0x7ff7abd6c481+156849]
	GetHandleVerifier [0x0x7ff7abd74979+190889]
	GetHandleVerifier [0x0x7ff7abd59bb4+80868]
	GetHandleVerifier [0x0x7ff7abd59d03+81203]
	GetHandleVerifier [0x0x7ff7abd48286+8886]
	BaseThreadInitThunk [0x0x7ff9c9b0e8d7+23]
	RtlUserThreadStart [0x0x7ff9cb08c53c+44]

[2025-11-19T13:26:09.578145] SCRAPER ratings fetch page 160 offset 3180 failed (attempt 4/5): Message: no such window: target window already closed
from unknown error: web view not found
  (Session info: MicrosoftEdge=142.0.3595.80)
Stacktrace:
	GetHandleVerifier [0x0x7ff7abd52a75+51877]
	GetHandleVerifier [0x0x7ff7abd52ad4+51972]
	GetHandleVerifier [0x0x7ff7abf09425+1848405]
	(No symbol) [0x0x7ff7abaa0e5f]
	(No symbol) [0x0x7ff7abb374ec]
	(No symbol) [0x0x7ff7abb4ed0a]
	(No symbol) [0x0x7ff7abb31df3]
	(No symbol) [0x0x7ff7abb05b36]
	(No symbol) [0x0x7ff7abb04d80]
	(No symbol) [0x0x7ff7abb05973]
	(No symbol) [0x0x7ff7abbce4a5]
	(No symbol) [0x0x7ff7abbca75d]
	GetHandleVerifier [0x0x7ff7abd7d2b3+226019]
	GetHandleVerifier [0x0x7ff7abd6c481+156849]
	GetHandleVerifier [0x0x7ff7abd74979+190889]
	GetHandleVerifier [0x0x7ff7abd59bb4+80868]
	GetHandleVerifier [0x0x7ff7abd59d03+81203]
	GetHandleVerifier [0x0x7ff7abd48286+8886]
	BaseThreadInitThunk [0x0x7ff9c9b0e8d7+23]
	RtlUserThreadStart [0x0x7ff9cb08c53c+44]

[2025-11-19T13:26:14.582147] SCRAPER ratings fetch page 160 offset 3180 failed (attempt 5/5): Message: no such window: target window already closed
from unknown error: web view not found
  (Session info: MicrosoftEdge=142.0.3595.80)
Stacktrace:
	GetHandleVerifier [0x0x7ff7abd52a75+51877]
	GetHandleVerifier [0x0x7ff7abd52ad4+51972]
	GetHandleVerifier [0x0x7ff7abf09425+1848405]
	(No symbol) [0x0x7ff7abaa0e5f]
	(No symbol) [0x0x7ff7abb374ec]
	(No symbol) [0x0x7ff7abb4ed0a]
	(No symbol) [0x0x7ff7abb31df3]
	(No symbol) [0x0x7ff7abb05b36]
	(No symbol) [0x0x7ff7abb04d80]
	(No symbol) [0x0x7ff7abb05973]
	(No symbol) [0x0x7ff7abbce4a5]
	(No symbol) [0x0x7ff7abbca75d]
	GetHandleVerifier [0x0x7ff7abd7d2b3+226019]
	GetHandleVerifier [0x0x7ff7abd6c481+156849]
	GetHandleVerifier [0x0x7ff7abd74979+190889]
	GetHandleVerifier [0x0x7ff7abd59bb4+80868]
	GetHandleVerifier [0x0x7ff7abd59d03+81203]
	GetHandleVerifier [0x0x7ff7abd48286+8886]
	BaseThreadInitThunk [0x0x7ff9c9b0e8d7+23]
	RtlUserThreadStart [0x0x7ff9cb08c53c+44]

[2025-11-19T13:26:19.596707] SCRAPER skip page 160 after 5 failures; lanjut halaman berikutnya
[2025-11-19T13:26:19.598604] SCRAPER ratings fetch page 161 offset 3200 failed (attempt 1/5): Message: no such window: target window already closed
from unknown error: web view not found
  (Session info: MicrosoftEdge=142.0.3595.80)
Stacktrace:
	GetHandleVerifier [0x0x7ff7abd52a75+51877]
	GetHandleVerifier [0x0x7ff7abd52ad4+51972]
	GetHandleVerifier [0x0x7ff7abf09425+1848405]
	(No symbol) [0x0x7ff7abaa0e5f]
	(No symbol) [0x0x7ff7abb374ec]
	(No symbol) [0x0x7ff7abb4ed0a]
	(No symbol) [0x0x7ff7abb31df3]
	(No symbol) [0x0x7ff7abb05b36]
	(No symbol) [0x0x7ff7abb04d80]
	(No symbol) [0x0x7ff7abb05973]
	(No symbol) [0x0x7ff7abbce4a5]
	(No symbol) [0x0x7ff7abbca75d]
	GetHandleVerifier [0x0x7ff7abd7d2b3+226019]
	GetHandleVerifier [0x0x7ff7abd6c481+156849]
	GetHandleVerifier [0x0x7ff7abd74979+190889]
	GetHandleVerifier [0x0x7ff7abd59bb4+80868]
	GetHandleVerifier [0x0x7ff7abd59d03+81203]
	GetHandleVerifier [0x0x7ff7abd48286+8886]
	BaseThreadInitThunk [0x0x7ff9c9b0e8d7+23]
	RtlUserThreadStart [0x0x7ff9cb08c53c+44]

[2025-11-19T13:26:21.616792] SCRAPER ratings fetch page 161 offset 3200 failed (attempt 2/5): Message: no such window: target window already closed
from unknown error: web view not found
  (Session info: MicrosoftEdge=142.0.3595.80)
Stacktrace:
	GetHandleVerifier [0x0x7ff7abd52a75+51877]
	GetHandleVerifier [0x0x7ff7abd52ad4+51972]
	GetHandleVerifier [0x0x7ff7abf09425+1848405]
	(No symbol) [0x0x7ff7abaa0e5f]
	(No symbol) [0x0x7ff7abb374ec]
	(No symbol) [0x0x7ff7abb4ed0a]
	(No symbol) [0x0x7ff7abb31df3]
	(No symbol) [0x0x7ff7abb05b36]
	(No symbol) [0x0x7ff7abb04d80]
	(No symbol) [0x0x7ff7abb05973]
	(No symbol) [0x0x7ff7abbce4a5]
	(No symbol) [0x0x7ff7abbca75d]
	GetHandleVerifier [0x0x7ff7abd7d2b3+226019]
	GetHandleVerifier [0x0x7ff7abd6c481+156849]
	GetHandleVerifier [0x0x7ff7abd74979+190889]
	GetHandleVerifier [0x0x7ff7abd59bb4+80868]
	GetHandleVerifier [0x0x7ff7abd59d03+81203]
	GetHandleVerifier [0x0x7ff7abd48286+8886]
	BaseThreadInitThunk [0x0x7ff9c9b0e8d7+23]
	RtlUserThreadStart [0x0x7ff9cb08c53c+44]

[2025-11-19T13:26:24.625002] SCRAPER ratings fetch page 161 offset 3200 failed (attempt 3/5): Message: no such window: target window already closed
from unknown error: web view not found
  (Session info: MicrosoftEdge=142.0.3595.80)
Stacktrace:
	GetHandleVerifier [0x0x7ff7abd52a75+51877]
	GetHandleVerifier [0x0x7ff7abd52ad4+51972]
	GetHandleVerifier [0x0x7ff7abf09425+1848405]
	(No symbol) [0x0x7ff7abaa0e5f]
	(No symbol) [0x0x7ff7abb374ec]
	(No symbol) [0x0x7ff7abb4ed0a]
	(No symbol) [0x0x7ff7abb31df3]
	(No symbol) [0x0x7ff7abb05b36]
	(No symbol) [0x0x7ff7abb04d80]
	(No symbol) [0x0x7ff7abb05973]
	(No symbol) [0x0x7ff7abbce4a5]
	(No symbol) [0x0x7ff7abbca75d]
	GetHandleVerifier [0x0x7ff7abd7d2b3+226019]
	GetHandleVerifier [0x0x7ff7abd6c481+156849]
	GetHandleVerifier [0x0x7ff7abd74979+190889]
	GetHandleVerifier [0x0x7ff7abd59bb4+80868]
	GetHandleVerifier [0x0x7ff7abd59d03+81203]
	GetHandleVerifier [0x0x7ff7abd48286+8886]
	BaseThreadInitThunk [0x0x7ff9c9b0e8d7+23]
	RtlUserThreadStart [0x0x7ff9cb08c53c+44]

[2025-11-19T13:26:28.641974] SCRAPER ratings fetch page 161 offset 3200 failed (attempt 4/5): Message: no such window: target window already closed
from unknown error: web view not found
  (Session info: MicrosoftEdge=142.0.3595.80)
Stacktrace:
	GetHandleVerifier [0x0x7ff7abd52a75+51877]
	GetHandleVerifier [0x0x7ff7abd52ad4+51972]
	GetHandleVerifier [0x0x7ff7abf09425+1848405]
	(No symbol) [0x0x7ff7abaa0e5f]
	(No symbol) [0x0x7ff7abb374ec]
	(No symbol) [0x0x7ff7abb4ed0a]
	(No symbol) [0x0x7ff7abb31df3]
	(No symbol) [0x0x7ff7abb05b36]
	(No symbol) [0x0x7ff7abb04d80]
	(No symbol) [0x0x7ff7abb05973]
	(No symbol) [0x0x7ff7abbce4a5]
	(No symbol) [0x0x7ff7abbca75d]
	GetHandleVerifier [0x0x7ff7abd7d2b3+226019]
	GetHandleVerifier [0x0x7ff7abd6c481+156849]
	GetHandleVerifier [0x0x7ff7abd74979+190889]
	GetHandleVerifier [0x0x7ff7abd59bb4+80868]
	GetHandleVerifier [0x0x7ff7abd59d03+81203]
	GetHandleVerifier [0x0x7ff7abd48286+8886]
	BaseThreadInitThunk [0x0x7ff9c9b0e8d7+23]
	RtlUserThreadStart [0x0x7ff9cb08c53c+44]

[2025-11-19T13:26:33.646620] SCRAPER ratings fetch page 161 offset 3200 failed (attempt 5/5): Message: no such window: target window already closed
from unknown error: web view not found
  (Session info: MicrosoftEdge=142.0.3595.80)
Stacktrace:
	GetHandleVerifier [0x0x7ff7abd52a75+51877]
	GetHandleVerifier [0x0x7ff7abd52ad4+51972]
	GetHandleVerifier [0x0x7ff7abf09425+1848405]
	(No symbol) [0x0x7ff7abaa0e5f]
	(No symbol) [0x0x7ff7abb374ec]
	(No symbol) [0x0x7ff7abb4ed0a]
	(No symbol) [0x0x7ff7abb31df3]
	(No symbol) [0x0x7ff7abb05b36]
	(No symbol) [0x0x7ff7abb04d80]
	(No symbol) [0x0x7ff7abb05973]
	(No symbol) [0x0x7ff7abbce4a5]
	(No symbol) [0x0x7ff7abbca75d]
	GetHandleVerifier [0x0x7ff7abd7d2b3+226019]
	GetHandleVerifier [0x0x7ff7abd6c481+156849]
	GetHandleVerifier [0x0x7ff7abd74979+190889]
	GetHandleVerifier [0x0x7ff7abd59bb4+80868]
	GetHandleVerifier [0x0x7ff7abd59d03+81203]
	GetHandleVerifier [0x0x7ff7abd48286+8886]
	BaseThreadInitThunk [0x0x7ff9c9b0e8d7+23]
	RtlUserThreadStart [0x0x7ff9cb08c53c+44]

[2025-11-19T13:26:38.659570] SCRAPER skip page 161 after 5 failures; lanjut halaman berikutnya
[2025-11-19T13:26:38.664587] SCRAPER ratings fetch page 162 offset 3220 failed (attempt 1/5): Message: no such window: target window already closed
from unknown error: web view not found
  (Session info: MicrosoftEdge=142.0.3595.80)
Stacktrace:
	GetHandleVerifier [0x0x7ff7abd52a75+51877]
	GetHandleVerifier [0x0x7ff7abd52ad4+51972]
	GetHandleVerifier [0x0x7ff7abf09425+1848405]
	(No symbol) [0x0x7ff7abaa0e5f]
	(No symbol) [0x0x7ff7abb374ec]
	(No symbol) [0x0x7ff7abb4ed0a]
	(No symbol) [0x0x7ff7abb31df3]
	(No symbol) [0x0x7ff7abb05b36]
	(No symbol) [0x0x7ff7abb04d80]
	(No symbol) [0x0x7ff7abb05973]
	(No symbol) [0x0x7ff7abbce4a5]
	(No symbol) [0x0x7ff7abbca75d]
	GetHandleVerifier [0x0x7ff7abd7d2b3+226019]
	GetHandleVerifier [0x0x7ff7abd6c481+156849]
	GetHandleVerifier [0x0x7ff7abd74979+190889]
	GetHandleVerifier [0x0x7ff7abd59bb4+80868]
	GetHandleVerifier [0x0x7ff7abd59d03+81203]
	GetHandleVerifier [0x0x7ff7abd48286+8886]
	BaseThreadInitThunk [0x0x7ff9c9b0e8d7+23]
	RtlUserThreadStart [0x0x7ff9cb08c53c+44]

[2025-11-19T13:26:40.671301] SCRAPER ratings fetch page 162 offset 3220 failed (attempt 2/5): Message: no such window: target window already closed
from unknown error: web view not found
  (Session info: MicrosoftEdge=142.0.3595.80)
Stacktrace:
	GetHandleVerifier [0x0x7ff7abd52a75+51877]
	GetHandleVerifier [0x0x7ff7abd52ad4+51972]
	GetHandleVerifier [0x0x7ff7abf09425+1848405]
	(No symbol) [0x0x7ff7abaa0e5f]
	(No symbol) [0x0x7ff7abb374ec]
	(No symbol) [0x0x7ff7abb4ed0a]
	(No symbol) [0x0x7ff7abb31df3]
	(No symbol) [0x0x7ff7abb05b36]
	(No symbol) [0x0x7ff7abb04d80]
	(No symbol) [0x0x7ff7abb05973]
	(No symbol) [0x0x7ff7abbce4a5]
	(No symbol) [0x0x7ff7abbca75d]
	GetHandleVerifier [0x0x7ff7abd7d2b3+226019]
	GetHandleVerifier [0x0x7ff7abd6c481+156849]
	GetHandleVerifier [0x0x7ff7abd74979+190889]
	GetHandleVerifier [0x0x7ff7abd59bb4+80868]
	GetHandleVerifier [0x0x7ff7abd59d03+81203]
	GetHandleVerifier [0x0x7ff7abd48286+8886]
	BaseThreadInitThunk [0x0x7ff9c9b0e8d7+23]
	RtlUserThreadStart [0x0x7ff9cb08c53c+44]

[2025-11-19T13:26:43.689828] SCRAPER ratings fetch page 162 offset 3220 failed (attempt 3/5): Message: no such window: target window already closed
from unknown error: web view not found
  (Session info: MicrosoftEdge=142.0.3595.80)
Stacktrace:
	GetHandleVerifier [0x0x7ff7abd52a75+51877]
	GetHandleVerifier [0x0x7ff7abd52ad4+51972]
	GetHandleVerifier [0x0x7ff7abf09425+1848405]
	(No symbol) [0x0x7ff7abaa0e5f]
	(No symbol) [0x0x7ff7abb374ec]
	(No symbol) [0x0x7ff7abb4ed0a]
	(No symbol) [0x0x7ff7abb31df3]
	(No symbol) [0x0x7ff7abb05b36]
	(No symbol) [0x0x7ff7abb04d80]
	(No symbol) [0x0x7ff7abb05973]
	(No symbol) [0x0x7ff7abbce4a5]
	(No symbol) [0x0x7ff7abbca75d]
	GetHandleVerifier [0x0x7ff7abd7d2b3+226019]
	GetHandleVerifier [0x0x7ff7abd6c481+156849]
	GetHandleVerifier [0x0x7ff7abd74979+190889]
	GetHandleVerifier [0x0x7ff7abd59bb4+80868]
	GetHandleVerifier [0x0x7ff7abd59d03+81203]
	GetHandleVerifier [0x0x7ff7abd48286+8886]
	BaseThreadInitThunk [0x0x7ff9c9b0e8d7+23]
	RtlUserThreadStart [0x0x7ff9cb08c53c+44]

[2025-11-19T13:26:47.704647] SCRAPER ratings fetch page 162 offset 3220 failed (attempt 4/5): Message: no such window: target window already closed
from unknown error: web view not found
  (Session info: MicrosoftEdge=142.0.3595.80)
Stacktrace:
	GetHandleVerifier [0x0x7ff7abd52a75+51877]
	GetHandleVerifier [0x0x7ff7abd52ad4+51972]
	GetHandleVerifier [0x0x7ff7abf09425+1848405]
	(No symbol) [0x0x7ff7abaa0e5f]
	(No symbol) [0x0x7ff7abb374ec]
	(No symbol) [0x0x7ff7abb4ed0a]
	(No symbol) [0x0x7ff7abb31df3]
	(No symbol) [0x0x7ff7abb05b36]
	(No symbol) [0x0x7ff7abb04d80]
	(No symbol) [0x0x7ff7abb05973]
	(No symbol) [0x0x7ff7abbce4a5]
	(No symbol) [0x0x7ff7abbca75d]
	GetHandleVerifier [0x0x7ff7abd7d2b3+226019]
	GetHandleVerifier [0x0x7ff7abd6c481+156849]
	GetHandleVerifier [0x0x7ff7abd74979+190889]
	GetHandleVerifier [0x0x7ff7abd59bb4+80868]
	GetHandleVerifier [0x0x7ff7abd59d03+81203]
	GetHandleVerifier [0x0x7ff7abd48286+8886]
	BaseThreadInitThunk [0x0x7ff9c9b0e8d7+23]
	RtlUserThreadStart [0x0x7ff9cb08c53c+44]

[2025-11-19T13:26:52.708284] SCRAPER ratings fetch page 162 offset 3220 failed (attempt 5/5): Message: no such window: target window already closed
from unknown error: web view not found
  (Session info: MicrosoftEdge=142.0.3595.80)
Stacktrace:
	GetHandleVerifier [0x0x7ff7abd52a75+51877]
	GetHandleVerifier [0x0x7ff7abd52ad4+51972]
	GetHandleVerifier [0x0x7ff7abf09425+1848405]
	(No symbol) [0x0x7ff7abaa0e5f]
	(No symbol) [0x0x7ff7abb374ec]
	(No symbol) [0x0x7ff7abb4ed0a]
	(No symbol) [0x0x7ff7abb31df3]
	(No symbol) [0x0x7ff7abb05b36]
	(No symbol) [0x0x7ff7abb04d80]
	(No symbol) [0x0x7ff7abb05973]
	(No symbol) [0x0x7ff7abbce4a5]
	(No symbol) [0x0x7ff7abbca75d]
	GetHandleVerifier [0x0x7ff7abd7d2b3+226019]
	GetHandleVerifier [0x0x7ff7abd6c481+156849]
	GetHandleVerifier [0x0x7ff7abd74979+190889]
	GetHandleVerifier [0x0x7ff7abd59bb4+80868]
	GetHandleVerifier [0x0x7ff7abd59d03+81203]
	GetHandleVerifier [0x0x7ff7abd48286+8886]
	BaseThreadInitThunk [0x0x7ff9c9b0e8d7+23]
	RtlUserThreadStart [0x0x7ff9cb08c53c+44]

[2025-11-19T13:26:57.722020] SCRAPER skip page 162 after 5 failures; lanjut halaman berikutnya
[2025-11-19T13:26:57.725786] SCRAPER ratings fetch page 163 offset 3240 failed (attempt 1/5): Message: no such window: target window already closed
from unknown error: web view not found
  (Session info: MicrosoftEdge=142.0.3595.80)
Stacktrace:
	GetHandleVerifier [0x0x7ff7abd52a75+51877]
	GetHandleVerifier [0x0x7ff7abd52ad4+51972]
	GetHandleVerifier [0x0x7ff7abf09425+1848405]
	(No symbol) [0x0x7ff7abaa0e5f]
	(No symbol) [0x0x7ff7abb374ec]
	(No symbol) [0x0x7ff7abb4ed0a]
	(No symbol) [0x0x7ff7abb31df3]
	(No symbol) [0x0x7ff7abb05b36]
	(No symbol) [0x0x7ff7abb04d80]
	(No symbol) [0x0x7ff7abb05973]
	(No symbol) [0x0x7ff7abbce4a5]
	(No symbol) [0x0x7ff7abbca75d]
	GetHandleVerifier [0x0x7ff7abd7d2b3+226019]
	GetHandleVerifier [0x0x7ff7abd6c481+156849]
	GetHandleVerifier [0x0x7ff7abd74979+190889]
	GetHandleVerifier [0x0x7ff7abd59bb4+80868]
	GetHandleVerifier [0x0x7ff7abd59d03+81203]
	GetHandleVerifier [0x0x7ff7abd48286+8886]
	BaseThreadInitThunk [0x0x7ff9c9b0e8d7+23]
	RtlUserThreadStart [0x0x7ff9cb08c53c+44]

[2025-11-19T13:26:59.739712] SCRAPER ratings fetch page 163 offset 3240 failed (attempt 2/5): Message: no such window: target window already closed
from unknown error: web view not found
  (Session info: MicrosoftEdge=142.0.3595.80)
Stacktrace:
	GetHandleVerifier [0x0x7ff7abd52a75+51877]
	GetHandleVerifier [0x0x7ff7abd52ad4+51972]
	GetHandleVerifier [0x0x7ff7abf09425+1848405]
	(No symbol) [0x0x7ff7abaa0e5f]
	(No symbol) [0x0x7ff7abb374ec]
	(No symbol) [0x0x7ff7abb4ed0a]
	(No symbol) [0x0x7ff7abb31df3]
	(No symbol) [0x0x7ff7abb05b36]
	(No symbol) [0x0x7ff7abb04d80]
	(No symbol) [0x0x7ff7abb05973]
	(No symbol) [0x0x7ff7abbce4a5]
	(No symbol) [0x0x7ff7abbca75d]
	GetHandleVerifier [0x0x7ff7abd7d2b3+226019]
	GetHandleVerifier [0x0x7ff7abd6c481+156849]
	GetHandleVerifier [0x0x7ff7abd74979+190889]
	GetHandleVerifier [0x0x7ff7abd59bb4+80868]
	GetHandleVerifier [0x0x7ff7abd59d03+81203]
	GetHandleVerifier [0x0x7ff7abd48286+8886]
	BaseThreadInitThunk [0x0x7ff9c9b0e8d7+23]
	RtlUserThreadStart [0x0x7ff9cb08c53c+44]

[2025-11-19T13:27:02.743953] SCRAPER ratings fetch page 163 offset 3240 failed (attempt 3/5): Message: no such window: target window already closed
from unknown error: web view not found
  (Session info: MicrosoftEdge=142.0.3595.80)
Stacktrace:
	GetHandleVerifier [0x0x7ff7abd52a75+51877]
	GetHandleVerifier [0x0x7ff7abd52ad4+51972]
	GetHandleVerifier [0x0x7ff7abf09425+1848405]
	(No symbol) [0x0x7ff7abaa0e5f]
	(No symbol) [0x0x7ff7abb374ec]
	(No symbol) [0x0x7ff7abb4ed0a]
	(No symbol) [0x0x7ff7abb31df3]
	(No symbol) [0x0x7ff7abb05b36]
	(No symbol) [0x0x7ff7abb04d80]
	(No symbol) [0x0x7ff7abb05973]
	(No symbol) [0x0x7ff7abbce4a5]
	(No symbol) [0x0x7ff7abbca75d]
	GetHandleVerifier [0x0x7ff7abd7d2b3+226019]
	GetHandleVerifier [0x0x7ff7abd6c481+156849]
	GetHandleVerifier [0x0x7ff7abd74979+190889]
	GetHandleVerifier [0x0x7ff7abd59bb4+80868]
	GetHandleVerifier [0x0x7ff7abd59d03+81203]
	GetHandleVerifier [0x0x7ff7abd48286+8886]
	BaseThreadInitThunk [0x0x7ff9c9b0e8d7+23]
	RtlUserThreadStart [0x0x7ff9cb08c53c+44]

[2025-11-19T13:27:06.757963] SCRAPER ratings fetch page 163 offset 3240 failed (attempt 4/5): Message: no such window: target window already closed
from unknown error: web view not found
  (Session info: MicrosoftEdge=142.0.3595.80)
Stacktrace:
	GetHandleVerifier [0x0x7ff7abd52a75+51877]
	GetHandleVerifier [0x0x7ff7abd52ad4+51972]
	GetHandleVerifier [0x0x7ff7abf09425+1848405]
	(No symbol) [0x0x7ff7abaa0e5f]
	(No symbol) [0x0x7ff7abb374ec]
	(No symbol) [0x0x7ff7abb4ed0a]
	(No symbol) [0x0x7ff7abb31df3]
	(No symbol) [0x0x7ff7abb05b36]
	(No symbol) [0x0x7ff7abb04d80]
	(No symbol) [0x0x7ff7abb05973]
	(No symbol) [0x0x7ff7abbce4a5]
	(No symbol) [0x0x7ff7abbca75d]
	GetHandleVerifier [0x0x7ff7abd7d2b3+226019]
	GetHandleVerifier [0x0x7ff7abd6c481+156849]
	GetHandleVerifier [0x0x7ff7abd74979+190889]
	GetHandleVerifier [0x0x7ff7abd59bb4+80868]
	GetHandleVerifier [0x0x7ff7abd59d03+81203]
	GetHandleVerifier [0x0x7ff7abd48286+8886]
	BaseThreadInitThunk [0x0x7ff9c9b0e8d7+23]
	RtlUserThreadStart [0x0x7ff9cb08c53c+44]

[2025-11-19T13:27:11.769348] SCRAPER ratings fetch page 163 offset 3240 failed (attempt 5/5): Message: no such window: target window already closed
from unknown error: web view not found
  (Session info: MicrosoftEdge=142.0.3595.80)
Stacktrace:
	GetHandleVerifier [0x0x7ff7abd52a75+51877]
	GetHandleVerifier [0x0x7ff7abd52ad4+51972]
	GetHandleVerifier [0x0x7ff7abf09425+1848405]
	(No symbol) [0x0x7ff7abaa0e5f]
	(No symbol) [0x0x7ff7abb374ec]
	(No symbol) [0x0x7ff7abb4ed0a]
	(No symbol) [0x0x7ff7abb31df3]
	(No symbol) [0x0x7ff7abb05b36]
	(No symbol) [0x0x7ff7abb04d80]
	(No symbol) [0x0x7ff7abb05973]
	(No symbol) [0x0x7ff7abbce4a5]
	(No symbol) [0x0x7ff7abbca75d]
	GetHandleVerifier [0x0x7ff7abd7d2b3+226019]
	GetHandleVerifier [0x0x7ff7abd6c481+156849]
	GetHandleVerifier [0x0x7ff7abd74979+190889]
	GetHandleVerifier [0x0x7ff7abd59bb4+80868]
	GetHandleVerifier [0x0x7ff7abd59d03+81203]
	GetHandleVerifier [0x0x7ff7abd48286+8886]
	BaseThreadInitThunk [0x0x7ff9c9b0e8d7+23]
	RtlUserThreadStart [0x0x7ff9cb08c53c+44]

[2025-11-19T13:27:16.781103] SCRAPER skip page 163 after 5 failures; lanjut halaman berikutnya
[2025-11-19T13:27:16.784267] SCRAPER ratings fetch page 164 offset 3260 failed (attempt 1/5): Message: no such window: target window already closed
from unknown error: web view not found
  (Session info: MicrosoftEdge=142.0.3595.80)
Stacktrace:
	GetHandleVerifier [0x0x7ff7abd52a75+51877]
	GetHandleVerifier [0x0x7ff7abd52ad4+51972]
	GetHandleVerifier [0x0x7ff7abf09425+1848405]
	(No symbol) [0x0x7ff7abaa0e5f]
	(No symbol) [0x0x7ff7abb374ec]
	(No symbol) [0x0x7ff7abb4ed0a]
	(No symbol) [0x0x7ff7abb31df3]
	(No symbol) [0x0x7ff7abb05b36]
	(No symbol) [0x0x7ff7abb04d80]
	(No symbol) [0x0x7ff7abb05973]
	(No symbol) [0x0x7ff7abbce4a5]
	(No symbol) [0x0x7ff7abbca75d]
	GetHandleVerifier [0x0x7ff7abd7d2b3+226019]
	GetHandleVerifier [0x0x7ff7abd6c481+156849]
	GetHandleVerifier [0x0x7ff7abd74979+190889]
	GetHandleVerifier [0x0x7ff7abd59bb4+80868]
	GetHandleVerifier [0x0x7ff7abd59d03+81203]
	GetHandleVerifier [0x0x7ff7abd48286+8886]
	BaseThreadInitThunk [0x0x7ff9c9b0e8d7+23]
	RtlUserThreadStart [0x0x7ff9cb08c53c+44]

[2025-11-19T13:27:18.790741] SCRAPER ratings fetch page 164 offset 3260 failed (attempt 2/5): Message: no such window: target window already closed
from unknown error: web view not found
  (Session info: MicrosoftEdge=142.0.3595.80)
Stacktrace:
	GetHandleVerifier [0x0x7ff7abd52a75+51877]
	GetHandleVerifier [0x0x7ff7abd52ad4+51972]
	GetHandleVerifier [0x0x7ff7abf09425+1848405]
	(No symbol) [0x0x7ff7abaa0e5f]
	(No symbol) [0x0x7ff7abb374ec]
	(No symbol) [0x0x7ff7abb4ed0a]
	(No symbol) [0x0x7ff7abb31df3]
	(No symbol) [0x0x7ff7abb05b36]
	(No symbol) [0x0x7ff7abb04d80]
	(No symbol) [0x0x7ff7abb05973]
	(No symbol) [0x0x7ff7abbce4a5]
	(No symbol) [0x0x7ff7abbca75d]
	GetHandleVerifier [0x0x7ff7abd7d2b3+226019]
	GetHandleVerifier [0x0x7ff7abd6c481+156849]
	GetHandleVerifier [0x0x7ff7abd74979+190889]
	GetHandleVerifier [0x0x7ff7abd59bb4+80868]
	GetHandleVerifier [0x0x7ff7abd59d03+81203]
	GetHandleVerifier [0x0x7ff7abd48286+8886]
	BaseThreadInitThunk [0x0x7ff9c9b0e8d7+23]
	RtlUserThreadStart [0x0x7ff9cb08c53c+44]

[2025-11-19T13:27:21.808605] SCRAPER ratings fetch page 164 offset 3260 failed (attempt 3/5): Message: no such window: target window already closed
from unknown error: web view not found
  (Session info: MicrosoftEdge=142.0.3595.80)
Stacktrace:
	GetHandleVerifier [0x0x7ff7abd52a75+51877]
	GetHandleVerifier [0x0x7ff7abd52ad4+51972]
	GetHandleVerifier [0x0x7ff7abf09425+1848405]
	(No symbol) [0x0x7ff7abaa0e5f]
	(No symbol) [0x0x7ff7abb374ec]
	(No symbol) [0x0x7ff7abb4ed0a]
	(No symbol) [0x0x7ff7abb31df3]
	(No symbol) [0x0x7ff7abb05b36]
	(No symbol) [0x0x7ff7abb04d80]
	(No symbol) [0x0x7ff7abb05973]
	(No symbol) [0x0x7ff7abbce4a5]
	(No symbol) [0x0x7ff7abbca75d]
	GetHandleVerifier [0x0x7ff7abd7d2b3+226019]
	GetHandleVerifier [0x0x7ff7abd6c481+156849]
	GetHandleVerifier [0x0x7ff7abd74979+190889]
	GetHandleVerifier [0x0x7ff7abd59bb4+80868]
	GetHandleVerifier [0x0x7ff7abd59d03+81203]
	GetHandleVerifier [0x0x7ff7abd48286+8886]
	BaseThreadInitThunk [0x0x7ff9c9b0e8d7+23]
	RtlUserThreadStart [0x0x7ff9cb08c53c+44]

[2025-11-19T13:27:25.816614] SCRAPER ratings fetch page 164 offset 3260 failed (attempt 4/5): Message: no such window: target window already closed
from unknown error: web view not found
  (Session info: MicrosoftEdge=142.0.3595.80)
Stacktrace:
	GetHandleVerifier [0x0x7ff7abd52a75+51877]
	GetHandleVerifier [0x0x7ff7abd52ad4+51972]
	GetHandleVerifier [0x0x7ff7abf09425+1848405]
	(No symbol) [0x0x7ff7abaa0e5f]
	(No symbol) [0x0x7ff7abb374ec]
	(No symbol) [0x0x7ff7abb4ed0a]
	(No symbol) [0x0x7ff7abb31df3]
	(No symbol) [0x0x7ff7abb05b36]
	(No symbol) [0x0x7ff7abb04d80]
	(No symbol) [0x0x7ff7abb05973]
	(No symbol) [0x0x7ff7abbce4a5]
	(No symbol) [0x0x7ff7abbca75d]
	GetHandleVerifier [0x0x7ff7abd7d2b3+226019]
	GetHandleVerifier [0x0x7ff7abd6c481+156849]
	GetHandleVerifier [0x0x7ff7abd74979+190889]
	GetHandleVerifier [0x0x7ff7abd59bb4+80868]
	GetHandleVerifier [0x0x7ff7abd59d03+81203]
	GetHandleVerifier [0x0x7ff7abd48286+8886]
	BaseThreadInitThunk [0x0x7ff9c9b0e8d7+23]
	RtlUserThreadStart [0x0x7ff9cb08c53c+44]

[2025-11-19T13:27:30.824442] SCRAPER ratings fetch page 164 offset 3260 failed (attempt 5/5): Message: no such window: target window already closed
from unknown error: web view not found
  (Session info: MicrosoftEdge=142.0.3595.80)
Stacktrace:
	GetHandleVerifier [0x0x7ff7abd52a75+51877]
	GetHandleVerifier [0x0x7ff7abd52ad4+51972]
	GetHandleVerifier [0x0x7ff7abf09425+1848405]
	(No symbol) [0x0x7ff7abaa0e5f]
	(No symbol) [0x0x7ff7abb374ec]
	(No symbol) [0x0x7ff7abb4ed0a]
	(No symbol) [0x0x7ff7abb31df3]
	(No symbol) [0x0x7ff7abb05b36]
	(No symbol) [0x0x7ff7abb04d80]
	(No symbol) [0x0x7ff7abb05973]
	(No symbol) [0x0x7ff7abbce4a5]
	(No symbol) [0x0x7ff7abbca75d]
	GetHandleVerifier [0x0x7ff7abd7d2b3+226019]
	GetHandleVerifier [0x0x7ff7abd6c481+156849]
	GetHandleVerifier [0x0x7ff7abd74979+190889]
	GetHandleVerifier [0x0x7ff7abd59bb4+80868]
	GetHandleVerifier [0x0x7ff7abd59d03+81203]
	GetHandleVerifier [0x0x7ff7abd48286+8886]
	BaseThreadInitThunk [0x0x7ff9c9b0e8d7+23]
	RtlUserThreadStart [0x0x7ff9cb08c53c+44]

[2025-11-19T13:27:35.835975] SCRAPER skip page 164 after 5 failures; lanjut halaman berikutnya
[2025-11-19T13:27:35.837962] SCRAPER ratings fetch page 165 offset 3280 failed (attempt 1/5): Message: no such window: target window already closed
from unknown error: web view not found
  (Session info: MicrosoftEdge=142.0.3595.80)
Stacktrace:
	GetHandleVerifier [0x0x7ff7abd52a75+51877]
	GetHandleVerifier [0x0x7ff7abd52ad4+51972]
	GetHandleVerifier [0x0x7ff7abf09425+1848405]
	(No symbol) [0x0x7ff7abaa0e5f]
	(No symbol) [0x0x7ff7abb374ec]
	(No symbol) [0x0x7ff7abb4ed0a]
	(No symbol) [0x0x7ff7abb31df3]
	(No symbol) [0x0x7ff7abb05b36]
	(No symbol) [0x0x7ff7abb04d80]
	(No symbol) [0x0x7ff7abb05973]
	(No symbol) [0x0x7ff7abbce4a5]
	(No symbol) [0x0x7ff7abbca75d]
	GetHandleVerifier [0x0x7ff7abd7d2b3+226019]
	GetHandleVerifier [0x0x7ff7abd6c481+156849]
	GetHandleVerifier [0x0x7ff7abd74979+190889]
	GetHandleVerifier [0x0x7ff7abd59bb4+80868]
	GetHandleVerifier [0x0x7ff7abd59d03+81203]
	GetHandleVerifier [0x0x7ff7abd48286+8886]
	BaseThreadInitThunk [0x0x7ff9c9b0e8d7+23]
	RtlUserThreadStart [0x0x7ff9cb08c53c+44]

[2025-11-19T13:27:37.846828] SCRAPER ratings fetch page 165 offset 3280 failed (attempt 2/5): Message: no such window: target window already closed
from unknown error: web view not found
  (Session info: MicrosoftEdge=142.0.3595.80)
Stacktrace:
	GetHandleVerifier [0x0x7ff7abd52a75+51877]
	GetHandleVerifier [0x0x7ff7abd52ad4+51972]
	GetHandleVerifier [0x0x7ff7abf09425+1848405]
	(No symbol) [0x0x7ff7abaa0e5f]
	(No symbol) [0x0x7ff7abb374ec]
	(No symbol) [0x0x7ff7abb4ed0a]
	(No symbol) [0x0x7ff7abb31df3]
	(No symbol) [0x0x7ff7abb05b36]
	(No symbol) [0x0x7ff7abb04d80]
	(No symbol) [0x0x7ff7abb05973]
	(No symbol) [0x0x7ff7abbce4a5]
	(No symbol) [0x0x7ff7abbca75d]
	GetHandleVerifier [0x0x7ff7abd7d2b3+226019]
	GetHandleVerifier [0x0x7ff7abd6c481+156849]
	GetHandleVerifier [0x0x7ff7abd74979+190889]
	GetHandleVerifier [0x0x7ff7abd59bb4+80868]
	GetHandleVerifier [0x0x7ff7abd59d03+81203]
	GetHandleVerifier [0x0x7ff7abd48286+8886]
	BaseThreadInitThunk [0x0x7ff9c9b0e8d7+23]
	RtlUserThreadStart [0x0x7ff9cb08c53c+44]

[2025-11-19T13:27:40.850864] SCRAPER ratings fetch page 165 offset 3280 failed (attempt 3/5): Message: no such window: target window already closed
from unknown error: web view not found
  (Session info: MicrosoftEdge=142.0.3595.80)
Stacktrace:
	GetHandleVerifier [0x0x7ff7abd52a75+51877]
	GetHandleVerifier [0x0x7ff7abd52ad4+51972]
	GetHandleVerifier [0x0x7ff7abf09425+1848405]
	(No symbol) [0x0x7ff7abaa0e5f]
	(No symbol) [0x0x7ff7abb374ec]
	(No symbol) [0x0x7ff7abb4ed0a]
	(No symbol) [0x0x7ff7abb31df3]
	(No symbol) [0x0x7ff7abb05b36]
	(No symbol) [0x0x7ff7abb04d80]
	(No symbol) [0x0x7ff7abb05973]
	(No symbol) [0x0x7ff7abbce4a5]
	(No symbol) [0x0x7ff7abbca75d]
	GetHandleVerifier [0x0x7ff7abd7d2b3+226019]
	GetHandleVerifier [0x0x7ff7abd6c481+156849]
	GetHandleVerifier [0x0x7ff7abd74979+190889]
	GetHandleVerifier [0x0x7ff7abd59bb4+80868]
	GetHandleVerifier [0x0x7ff7abd59d03+81203]
	GetHandleVerifier [0x0x7ff7abd48286+8886]
	BaseThreadInitThunk [0x0x7ff9c9b0e8d7+23]
	RtlUserThreadStart [0x0x7ff9cb08c53c+44]

[2025-11-19T13:27:44.866354] SCRAPER ratings fetch page 165 offset 3280 failed (attempt 4/5): Message: no such window: target window already closed
from unknown error: web view not found
  (Session info: MicrosoftEdge=142.0.3595.80)
Stacktrace:
	GetHandleVerifier [0x0x7ff7abd52a75+51877]
	GetHandleVerifier [0x0x7ff7abd52ad4+51972]
	GetHandleVerifier [0x0x7ff7abf09425+1848405]
	(No symbol) [0x0x7ff7abaa0e5f]
	(No symbol) [0x0x7ff7abb374ec]
	(No symbol) [0x0x7ff7abb4ed0a]
	(No symbol) [0x0x7ff7abb31df3]
	(No symbol) [0x0x7ff7abb05b36]
	(No symbol) [0x0x7ff7abb04d80]
	(No symbol) [0x0x7ff7abb05973]
	(No symbol) [0x0x7ff7abbce4a5]
	(No symbol) [0x0x7ff7abbca75d]
	GetHandleVerifier [0x0x7ff7abd7d2b3+226019]
	GetHandleVerifier [0x0x7ff7abd6c481+156849]
	GetHandleVerifier [0x0x7ff7abd74979+190889]
	GetHandleVerifier [0x0x7ff7abd59bb4+80868]
	GetHandleVerifier [0x0x7ff7abd59d03+81203]
	GetHandleVerifier [0x0x7ff7abd48286+8886]
	BaseThreadInitThunk [0x0x7ff9c9b0e8d7+23]
	RtlUserThreadStart [0x0x7ff9cb08c53c+44]

[2025-11-19T13:27:49.874591] SCRAPER ratings fetch page 165 offset 3280 failed (attempt 5/5): Message: no such window: target window already closed
from unknown error: web view not found
  (Session info: MicrosoftEdge=142.0.3595.80)
Stacktrace:
	GetHandleVerifier [0x0x7ff7abd52a75+51877]
	GetHandleVerifier [0x0x7ff7abd52ad4+51972]
	GetHandleVerifier [0x0x7ff7abf09425+1848405]
	(No symbol) [0x0x7ff7abaa0e5f]
	(No symbol) [0x0x7ff7abb374ec]
	(No symbol) [0x0x7ff7abb4ed0a]
	(No symbol) [0x0x7ff7abb31df3]
	(No symbol) [0x0x7ff7abb05b36]
	(No symbol) [0x0x7ff7abb04d80]
	(No symbol) [0x0x7ff7abb05973]
	(No symbol) [0x0x7ff7abbce4a5]
	(No symbol) [0x0x7ff7abbca75d]
	GetHandleVerifier [0x0x7ff7abd7d2b3+226019]
	GetHandleVerifier [0x0x7ff7abd6c481+156849]
	GetHandleVerifier [0x0x7ff7abd74979+190889]
	GetHandleVerifier [0x0x7ff7abd59bb4+80868]
	GetHandleVerifier [0x0x7ff7abd59d03+81203]
	GetHandleVerifier [0x0x7ff7abd48286+8886]
	BaseThreadInitThunk [0x0x7ff9c9b0e8d7+23]
	RtlUserThreadStart [0x0x7ff9cb08c53c+44]

[2025-11-19T13:27:54.881574] SCRAPER skip page 165 after 5 failures; lanjut halaman berikutnya
[2025-11-19T13:27:54.883672] SCRAPER ratings fetch page 166 offset 3300 failed (attempt 1/5): Message: no such window: target window already closed
from unknown error: web view not found
  (Session info: MicrosoftEdge=142.0.3595.80)
Stacktrace:
	GetHandleVerifier [0x0x7ff7abd52a75+51877]
	GetHandleVerifier [0x0x7ff7abd52ad4+51972]
	GetHandleVerifier [0x0x7ff7abf09425+1848405]
	(No symbol) [0x0x7ff7abaa0e5f]
	(No symbol) [0x0x7ff7abb374ec]
	(No symbol) [0x0x7ff7abb4ed0a]
	(No symbol) [0x0x7ff7abb31df3]
	(No symbol) [0x0x7ff7abb05b36]
	(No symbol) [0x0x7ff7abb04d80]
	(No symbol) [0x0x7ff7abb05973]
	(No symbol) [0x0x7ff7abbce4a5]
	(No symbol) [0x0x7ff7abbca75d]
	GetHandleVerifier [0x0x7ff7abd7d2b3+226019]
	GetHandleVerifier [0x0x7ff7abd6c481+156849]
	GetHandleVerifier [0x0x7ff7abd74979+190889]
	GetHandleVerifier [0x0x7ff7abd59bb4+80868]
	GetHandleVerifier [0x0x7ff7abd59d03+81203]
	GetHandleVerifier [0x0x7ff7abd48286+8886]
	BaseThreadInitThunk [0x0x7ff9c9b0e8d7+23]
	RtlUserThreadStart [0x0x7ff9cb08c53c+44]

[2025-11-19T13:27:56.896815] SCRAPER ratings fetch page 166 offset 3300 failed (attempt 2/5): Message: no such window: target window already closed
from unknown error: web view not found
  (Session info: MicrosoftEdge=142.0.3595.80)
Stacktrace:
	GetHandleVerifier [0x0x7ff7abd52a75+51877]
	GetHandleVerifier [0x0x7ff7abd52ad4+51972]
	GetHandleVerifier [0x0x7ff7abf09425+1848405]
	(No symbol) [0x0x7ff7abaa0e5f]
	(No symbol) [0x0x7ff7abb374ec]
	(No symbol) [0x0x7ff7abb4ed0a]
	(No symbol) [0x0x7ff7abb31df3]
	(No symbol) [0x0x7ff7abb05b36]
	(No symbol) [0x0x7ff7abb04d80]
	(No symbol) [0x0x7ff7abb05973]
	(No symbol) [0x0x7ff7abbce4a5]
	(No symbol) [0x0x7ff7abbca75d]
	GetHandleVerifier [0x0x7ff7abd7d2b3+226019]
	GetHandleVerifier [0x0x7ff7abd6c481+156849]
	GetHandleVerifier [0x0x7ff7abd74979+190889]
	GetHandleVerifier [0x0x7ff7abd59bb4+80868]
	GetHandleVerifier [0x0x7ff7abd59d03+81203]
	GetHandleVerifier [0x0x7ff7abd48286+8886]
	BaseThreadInitThunk [0x0x7ff9c9b0e8d7+23]
	RtlUserThreadStart [0x0x7ff9cb08c53c+44]

[2025-11-19T13:27:59.911959] SCRAPER ratings fetch page 166 offset 3300 failed (attempt 3/5): Message: no such window: target window already closed
from unknown error: web view not found
  (Session info: MicrosoftEdge=142.0.3595.80)
Stacktrace:
	GetHandleVerifier [0x0x7ff7abd52a75+51877]
	GetHandleVerifier [0x0x7ff7abd52ad4+51972]
	GetHandleVerifier [0x0x7ff7abf09425+1848405]
	(No symbol) [0x0x7ff7abaa0e5f]
	(No symbol) [0x0x7ff7abb374ec]
	(No symbol) [0x0x7ff7abb4ed0a]
	(No symbol) [0x0x7ff7abb31df3]
	(No symbol) [0x0x7ff7abb05b36]
	(No symbol) [0x0x7ff7abb04d80]
	(No symbol) [0x0x7ff7abb05973]
	(No symbol) [0x0x7ff7abbce4a5]
	(No symbol) [0x0x7ff7abbca75d]
	GetHandleVerifier [0x0x7ff7abd7d2b3+226019]
	GetHandleVerifier [0x0x7ff7abd6c481+156849]
	GetHandleVerifier [0x0x7ff7abd74979+190889]
	GetHandleVerifier [0x0x7ff7abd59bb4+80868]
	GetHandleVerifier [0x0x7ff7abd59d03+81203]
	GetHandleVerifier [0x0x7ff7abd48286+8886]
	BaseThreadInitThunk [0x0x7ff9c9b0e8d7+23]
	RtlUserThreadStart [0x0x7ff9cb08c53c+44]

[2025-11-19T13:28:03.922622] SCRAPER ratings fetch page 166 offset 3300 failed (attempt 4/5): Message: no such window: target window already closed
from unknown error: web view not found
  (Session info: MicrosoftEdge=142.0.3595.80)
Stacktrace:
	GetHandleVerifier [0x0x7ff7abd52a75+51877]
	GetHandleVerifier [0x0x7ff7abd52ad4+51972]
	GetHandleVerifier [0x0x7ff7abf09425+1848405]
	(No symbol) [0x0x7ff7abaa0e5f]
	(No symbol) [0x0x7ff7abb374ec]
	(No symbol) [0x0x7ff7abb4ed0a]
	(No symbol) [0x0x7ff7abb31df3]
	(No symbol) [0x0x7ff7abb05b36]
	(No symbol) [0x0x7ff7abb04d80]
	(No symbol) [0x0x7ff7abb05973]
	(No symbol) [0x0x7ff7abbce4a5]
	(No symbol) [0x0x7ff7abbca75d]
	GetHandleVerifier [0x0x7ff7abd7d2b3+226019]
	GetHandleVerifier [0x0x7ff7abd6c481+156849]
	GetHandleVerifier [0x0x7ff7abd74979+190889]
	GetHandleVerifier [0x0x7ff7abd59bb4+80868]
	GetHandleVerifier [0x0x7ff7abd59d03+81203]
	GetHandleVerifier [0x0x7ff7abd48286+8886]
	BaseThreadInitThunk [0x0x7ff9c9b0e8d7+23]
	RtlUserThreadStart [0x0x7ff9cb08c53c+44]

[2025-11-19T13:28:08.926909] SCRAPER ratings fetch page 166 offset 3300 failed (attempt 5/5): Message: no such window: target window already closed
from unknown error: web view not found
  (Session info: MicrosoftEdge=142.0.3595.80)
Stacktrace:
	GetHandleVerifier [0x0x7ff7abd52a75+51877]
	GetHandleVerifier [0x0x7ff7abd52ad4+51972]
	GetHandleVerifier [0x0x7ff7abf09425+1848405]
	(No symbol) [0x0x7ff7abaa0e5f]
	(No symbol) [0x0x7ff7abb374ec]
	(No symbol) [0x0x7ff7abb4ed0a]
	(No symbol) [0x0x7ff7abb31df3]
	(No symbol) [0x0x7ff7abb05b36]
	(No symbol) [0x0x7ff7abb04d80]
	(No symbol) [0x0x7ff7abb05973]
	(No symbol) [0x0x7ff7abbce4a5]
	(No symbol) [0x0x7ff7abbca75d]
	GetHandleVerifier [0x0x7ff7abd7d2b3+226019]
	GetHandleVerifier [0x0x7ff7abd6c481+156849]
	GetHandleVerifier [0x0x7ff7abd74979+190889]
	GetHandleVerifier [0x0x7ff7abd59bb4+80868]
	GetHandleVerifier [0x0x7ff7abd59d03+81203]
	GetHandleVerifier [0x0x7ff7abd48286+8886]
	BaseThreadInitThunk [0x0x7ff9c9b0e8d7+23]
	RtlUserThreadStart [0x0x7ff9cb08c53c+44]

[2025-11-19T13:28:13.941168] SCRAPER skip page 166 after 5 failures; lanjut halaman berikutnya
[2025-11-19T13:28:13.945156] SCRAPER ratings fetch page 167 offset 3320 failed (attempt 1/5): Message: no such window: target window already closed
from unknown error: web view not found
  (Session info: MicrosoftEdge=142.0.3595.80)
Stacktrace:
	GetHandleVerifier [0x0x7ff7abd52a75+51877]
	GetHandleVerifier [0x0x7ff7abd52ad4+51972]
	GetHandleVerifier [0x0x7ff7abf09425+1848405]
	(No symbol) [0x0x7ff7abaa0e5f]
	(No symbol) [0x0x7ff7abb374ec]
	(No symbol) [0x0x7ff7abb4ed0a]
	(No symbol) [0x0x7ff7abb31df3]
	(No symbol) [0x0x7ff7abb05b36]
	(No symbol) [0x0x7ff7abb04d80]
	(No symbol) [0x0x7ff7abb05973]
	(No symbol) [0x0x7ff7abbce4a5]
	(No symbol) [0x0x7ff7abbca75d]
	GetHandleVerifier [0x0x7ff7abd7d2b3+226019]
	GetHandleVerifier [0x0x7ff7abd6c481+156849]
	GetHandleVerifier [0x0x7ff7abd74979+190889]
	GetHandleVerifier [0x0x7ff7abd59bb4+80868]
	GetHandleVerifier [0x0x7ff7abd59d03+81203]
	GetHandleVerifier [0x0x7ff7abd48286+8886]
	BaseThreadInitThunk [0x0x7ff9c9b0e8d7+23]
	RtlUserThreadStart [0x0x7ff9cb08c53c+44]

[2025-11-19T13:28:15.959404] SCRAPER ratings fetch page 167 offset 3320 failed (attempt 2/5): Message: no such window: target window already closed
from unknown error: web view not found
  (Session info: MicrosoftEdge=142.0.3595.80)
Stacktrace:
	GetHandleVerifier [0x0x7ff7abd52a75+51877]
	GetHandleVerifier [0x0x7ff7abd52ad4+51972]
	GetHandleVerifier [0x0x7ff7abf09425+1848405]
	(No symbol) [0x0x7ff7abaa0e5f]
	(No symbol) [0x0x7ff7abb374ec]
	(No symbol) [0x0x7ff7abb4ed0a]
	(No symbol) [0x0x7ff7abb31df3]
	(No symbol) [0x0x7ff7abb05b36]
	(No symbol) [0x0x7ff7abb04d80]
	(No symbol) [0x0x7ff7abb05973]
	(No symbol) [0x0x7ff7abbce4a5]
	(No symbol) [0x0x7ff7abbca75d]
	GetHandleVerifier [0x0x7ff7abd7d2b3+226019]
	GetHandleVerifier [0x0x7ff7abd6c481+156849]
	GetHandleVerifier [0x0x7ff7abd74979+190889]
	GetHandleVerifier [0x0x7ff7abd59bb4+80868]
	GetHandleVerifier [0x0x7ff7abd59d03+81203]
	GetHandleVerifier [0x0x7ff7abd48286+8886]
	BaseThreadInitThunk [0x0x7ff9c9b0e8d7+23]
	RtlUserThreadStart [0x0x7ff9cb08c53c+44]

[2025-11-19T13:28:18.965462] SCRAPER ratings fetch page 167 offset 3320 failed (attempt 3/5): Message: no such window: target window already closed
from unknown error: web view not found
  (Session info: MicrosoftEdge=142.0.3595.80)
Stacktrace:
	GetHandleVerifier [0x0x7ff7abd52a75+51877]
	GetHandleVerifier [0x0x7ff7abd52ad4+51972]
	GetHandleVerifier [0x0x7ff7abf09425+1848405]
	(No symbol) [0x0x7ff7abaa0e5f]
	(No symbol) [0x0x7ff7abb374ec]
	(No symbol) [0x0x7ff7abb4ed0a]
	(No symbol) [0x0x7ff7abb31df3]
	(No symbol) [0x0x7ff7abb05b36]
	(No symbol) [0x0x7ff7abb04d80]
	(No symbol) [0x0x7ff7abb05973]
	(No symbol) [0x0x7ff7abbce4a5]
	(No symbol) [0x0x7ff7abbca75d]
	GetHandleVerifier [0x0x7ff7abd7d2b3+226019]
	GetHandleVerifier [0x0x7ff7abd6c481+156849]
	GetHandleVerifier [0x0x7ff7abd74979+190889]
	GetHandleVerifier [0x0x7ff7abd59bb4+80868]
	GetHandleVerifier [0x0x7ff7abd59d03+81203]
	GetHandleVerifier [0x0x7ff7abd48286+8886]
	BaseThreadInitThunk [0x0x7ff9c9b0e8d7+23]
	RtlUserThreadStart [0x0x7ff9cb08c53c+44]

[2025-11-19T13:28:22.984839] SCRAPER ratings fetch page 167 offset 3320 failed (attempt 4/5): Message: no such window: target window already closed
from unknown error: web view not found
  (Session info: MicrosoftEdge=142.0.3595.80)
Stacktrace:
	GetHandleVerifier [0x0x7ff7abd52a75+51877]
	GetHandleVerifier [0x0x7ff7abd52ad4+51972]
	GetHandleVerifier [0x0x7ff7abf09425+1848405]
	(No symbol) [0x0x7ff7abaa0e5f]
	(No symbol) [0x0x7ff7abb374ec]
	(No symbol) [0x0x7ff7abb4ed0a]
	(No symbol) [0x0x7ff7abb31df3]
	(No symbol) [0x0x7ff7abb05b36]
	(No symbol) [0x0x7ff7abb04d80]
	(No symbol) [0x0x7ff7abb05973]
	(No symbol) [0x0x7ff7abbce4a5]
	(No symbol) [0x0x7ff7abbca75d]
	GetHandleVerifier [0x0x7ff7abd7d2b3+226019]
	GetHandleVerifier [0x0x7ff7abd6c481+156849]
	GetHandleVerifier [0x0x7ff7abd74979+190889]
	GetHandleVerifier [0x0x7ff7abd59bb4+80868]
	GetHandleVerifier [0x0x7ff7abd59d03+81203]
	GetHandleVerifier [0x0x7ff7abd48286+8886]
	BaseThreadInitThunk [0x0x7ff9c9b0e8d7+23]
	RtlUserThreadStart [0x0x7ff9cb08c53c+44]

[2025-11-19T13:28:27.993132] SCRAPER ratings fetch page 167 offset 3320 failed (attempt 5/5): Message: no such window: target window already closed
from unknown error: web view not found
  (Session info: MicrosoftEdge=142.0.3595.80)
Stacktrace:
	GetHandleVerifier [0x0x7ff7abd52a75+51877]
	GetHandleVerifier [0x0x7ff7abd52ad4+51972]
	GetHandleVerifier [0x0x7ff7abf09425+1848405]
	(No symbol) [0x0x7ff7abaa0e5f]
	(No symbol) [0x0x7ff7abb374ec]
	(No symbol) [0x0x7ff7abb4ed0a]
	(No symbol) [0x0x7ff7abb31df3]
	(No symbol) [0x0x7ff7abb05b36]
	(No symbol) [0x0x7ff7abb04d80]
	(No symbol) [0x0x7ff7abb05973]
	(No symbol) [0x0x7ff7abbce4a5]
	(No symbol) [0x0x7ff7abbca75d]
	GetHandleVerifier [0x0x7ff7abd7d2b3+226019]
	GetHandleVerifier [0x0x7ff7abd6c481+156849]
	GetHandleVerifier [0x0x7ff7abd74979+190889]
	GetHandleVerifier [0x0x7ff7abd59bb4+80868]
	GetHandleVerifier [0x0x7ff7abd59d03+81203]
	GetHandleVerifier [0x0x7ff7abd48286+8886]
	BaseThreadInitThunk [0x0x7ff9c9b0e8d7+23]
	RtlUserThreadStart [0x0x7ff9cb08c53c+44]

[2025-11-19T13:28:33.008372] SCRAPER skip page 167 after 5 failures; lanjut halaman berikutnya
[2025-11-19T13:28:33.011404] SCRAPER ratings fetch page 168 offset 3340 failed (attempt 1/5): Message: no such window: target window already closed
from unknown error: web view not found
  (Session info: MicrosoftEdge=142.0.3595.80)
Stacktrace:
	GetHandleVerifier [0x0x7ff7abd52a75+51877]
	GetHandleVerifier [0x0x7ff7abd52ad4+51972]
	GetHandleVerifier [0x0x7ff7abf09425+1848405]
	(No symbol) [0x0x7ff7abaa0e5f]
	(No symbol) [0x0x7ff7abb374ec]
	(No symbol) [0x0x7ff7abb4ed0a]
	(No symbol) [0x0x7ff7abb31df3]
	(No symbol) [0x0x7ff7abb05b36]
	(No symbol) [0x0x7ff7abb04d80]
	(No symbol) [0x0x7ff7abb05973]
	(No symbol) [0x0x7ff7abbce4a5]
	(No symbol) [0x0x7ff7abbca75d]
	GetHandleVerifier [0x0x7ff7abd7d2b3+226019]
	GetHandleVerifier [0x0x7ff7abd6c481+156849]
	GetHandleVerifier [0x0x7ff7abd74979+190889]
	GetHandleVerifier [0x0x7ff7abd59bb4+80868]
	GetHandleVerifier [0x0x7ff7abd59d03+81203]
	GetHandleVerifier [0x0x7ff7abd48286+8886]
	BaseThreadInitThunk [0x0x7ff9c9b0e8d7+23]
	RtlUserThreadStart [0x0x7ff9cb08c53c+44]

[2025-11-19T13:28:35.027094] SCRAPER ratings fetch page 168 offset 3340 failed (attempt 2/5): Message: no such window: target window already closed
from unknown error: web view not found
  (Session info: MicrosoftEdge=142.0.3595.80)
Stacktrace:
	GetHandleVerifier [0x0x7ff7abd52a75+51877]
	GetHandleVerifier [0x0x7ff7abd52ad4+51972]
	GetHandleVerifier [0x0x7ff7abf09425+1848405]
	(No symbol) [0x0x7ff7abaa0e5f]
	(No symbol) [0x0x7ff7abb374ec]
	(No symbol) [0x0x7ff7abb4ed0a]
	(No symbol) [0x0x7ff7abb31df3]
	(No symbol) [0x0x7ff7abb05b36]
	(No symbol) [0x0x7ff7abb04d80]
	(No symbol) [0x0x7ff7abb05973]
	(No symbol) [0x0x7ff7abbce4a5]
	(No symbol) [0x0x7ff7abbca75d]
	GetHandleVerifier [0x0x7ff7abd7d2b3+226019]
	GetHandleVerifier [0x0x7ff7abd6c481+156849]
	GetHandleVerifier [0x0x7ff7abd74979+190889]
	GetHandleVerifier [0x0x7ff7abd59bb4+80868]
	GetHandleVerifier [0x0x7ff7abd59d03+81203]
	GetHandleVerifier [0x0x7ff7abd48286+8886]
	BaseThreadInitThunk [0x0x7ff9c9b0e8d7+23]
	RtlUserThreadStart [0x0x7ff9cb08c53c+44]

[2025-11-19T13:28:38.045378] SCRAPER ratings fetch page 168 offset 3340 failed (attempt 3/5): Message: no such window: target window already closed
from unknown error: web view not found
  (Session info: MicrosoftEdge=142.0.3595.80)
Stacktrace:
	GetHandleVerifier [0x0x7ff7abd52a75+51877]
	GetHandleVerifier [0x0x7ff7abd52ad4+51972]
	GetHandleVerifier [0x0x7ff7abf09425+1848405]
	(No symbol) [0x0x7ff7abaa0e5f]
	(No symbol) [0x0x7ff7abb374ec]
	(No symbol) [0x0x7ff7abb4ed0a]
	(No symbol) [0x0x7ff7abb31df3]
	(No symbol) [0x0x7ff7abb05b36]
	(No symbol) [0x0x7ff7abb04d80]
	(No symbol) [0x0x7ff7abb05973]
	(No symbol) [0x0x7ff7abbce4a5]
	(No symbol) [0x0x7ff7abbca75d]
	GetHandleVerifier [0x0x7ff7abd7d2b3+226019]
	GetHandleVerifier [0x0x7ff7abd6c481+156849]
	GetHandleVerifier [0x0x7ff7abd74979+190889]
	GetHandleVerifier [0x0x7ff7abd59bb4+80868]
	GetHandleVerifier [0x0x7ff7abd59d03+81203]
	GetHandleVerifier [0x0x7ff7abd48286+8886]
	BaseThreadInitThunk [0x0x7ff9c9b0e8d7+23]
	RtlUserThreadStart [0x0x7ff9cb08c53c+44]

[2025-11-19T13:28:42.055432] SCRAPER ratings fetch page 168 offset 3340 failed (attempt 4/5): Message: no such window: target window already closed
from unknown error: web view not found
  (Session info: MicrosoftEdge=142.0.3595.80)
Stacktrace:
	GetHandleVerifier [0x0x7ff7abd52a75+51877]
	GetHandleVerifier [0x0x7ff7abd52ad4+51972]
	GetHandleVerifier [0x0x7ff7abf09425+1848405]
	(No symbol) [0x0x7ff7abaa0e5f]
	(No symbol) [0x0x7ff7abb374ec]
	(No symbol) [0x0x7ff7abb4ed0a]
	(No symbol) [0x0x7ff7abb31df3]
	(No symbol) [0x0x7ff7abb05b36]
	(No symbol) [0x0x7ff7abb04d80]
	(No symbol) [0x0x7ff7abb05973]
	(No symbol) [0x0x7ff7abbce4a5]
	(No symbol) [0x0x7ff7abbca75d]
	GetHandleVerifier [0x0x7ff7abd7d2b3+226019]
	GetHandleVerifier [0x0x7ff7abd6c481+156849]
	GetHandleVerifier [0x0x7ff7abd74979+190889]
	GetHandleVerifier [0x0x7ff7abd59bb4+80868]
	GetHandleVerifier [0x0x7ff7abd59d03+81203]
	GetHandleVerifier [0x0x7ff7abd48286+8886]
	BaseThreadInitThunk [0x0x7ff9c9b0e8d7+23]
	RtlUserThreadStart [0x0x7ff9cb08c53c+44]

[2025-11-19T13:28:47.068991] SCRAPER ratings fetch page 168 offset 3340 failed (attempt 5/5): Message: no such window: target window already closed
from unknown error: web view not found
  (Session info: MicrosoftEdge=142.0.3595.80)
Stacktrace:
	GetHandleVerifier [0x0x7ff7abd52a75+51877]
	GetHandleVerifier [0x0x7ff7abd52ad4+51972]
	GetHandleVerifier [0x0x7ff7abf09425+1848405]
	(No symbol) [0x0x7ff7abaa0e5f]
	(No symbol) [0x0x7ff7abb374ec]
	(No symbol) [0x0x7ff7abb4ed0a]
	(No symbol) [0x0x7ff7abb31df3]
	(No symbol) [0x0x7ff7abb05b36]
	(No symbol) [0x0x7ff7abb04d80]
	(No symbol) [0x0x7ff7abb05973]
	(No symbol) [0x0x7ff7abbce4a5]
	(No symbol) [0x0x7ff7abbca75d]
	GetHandleVerifier [0x0x7ff7abd7d2b3+226019]
	GetHandleVerifier [0x0x7ff7abd6c481+156849]
	GetHandleVerifier [0x0x7ff7abd74979+190889]
	GetHandleVerifier [0x0x7ff7abd59bb4+80868]
	GetHandleVerifier [0x0x7ff7abd59d03+81203]
	GetHandleVerifier [0x0x7ff7abd48286+8886]
	BaseThreadInitThunk [0x0x7ff9c9b0e8d7+23]
	RtlUserThreadStart [0x0x7ff9cb08c53c+44]

[2025-11-19T13:28:52.083696] SCRAPER skip page 168 after 5 failures; lanjut halaman berikutnya
[2025-11-19T13:28:52.086683] SCRAPER ratings fetch page 169 offset 3360 failed (attempt 1/5): Message: no such window: target window already closed
from unknown error: web view not found
  (Session info: MicrosoftEdge=142.0.3595.80)
Stacktrace:
	GetHandleVerifier [0x0x7ff7abd52a75+51877]
	GetHandleVerifier [0x0x7ff7abd52ad4+51972]
	GetHandleVerifier [0x0x7ff7abf09425+1848405]
	(No symbol) [0x0x7ff7abaa0e5f]
	(No symbol) [0x0x7ff7abb374ec]
	(No symbol) [0x0x7ff7abb4ed0a]
	(No symbol) [0x0x7ff7abb31df3]
	(No symbol) [0x0x7ff7abb05b36]
	(No symbol) [0x0x7ff7abb04d80]
	(No symbol) [0x0x7ff7abb05973]
	(No symbol) [0x0x7ff7abbce4a5]
	(No symbol) [0x0x7ff7abbca75d]
	GetHandleVerifier [0x0x7ff7abd7d2b3+226019]
	GetHandleVerifier [0x0x7ff7abd6c481+156849]
	GetHandleVerifier [0x0x7ff7abd74979+190889]
	GetHandleVerifier [0x0x7ff7abd59bb4+80868]
	GetHandleVerifier [0x0x7ff7abd59d03+81203]
	GetHandleVerifier [0x0x7ff7abd48286+8886]
	BaseThreadInitThunk [0x0x7ff9c9b0e8d7+23]
	RtlUserThreadStart [0x0x7ff9cb08c53c+44]

[2025-11-19T13:28:54.103376] SCRAPER ratings fetch page 169 offset 3360 failed (attempt 2/5): Message: no such window: target window already closed
from unknown error: web view not found
  (Session info: MicrosoftEdge=142.0.3595.80)
Stacktrace:
	GetHandleVerifier [0x0x7ff7abd52a75+51877]
	GetHandleVerifier [0x0x7ff7abd52ad4+51972]
	GetHandleVerifier [0x0x7ff7abf09425+1848405]
	(No symbol) [0x0x7ff7abaa0e5f]
	(No symbol) [0x0x7ff7abb374ec]
	(No symbol) [0x0x7ff7abb4ed0a]
	(No symbol) [0x0x7ff7abb31df3]
	(No symbol) [0x0x7ff7abb05b36]
	(No symbol) [0x0x7ff7abb04d80]
	(No symbol) [0x0x7ff7abb05973]
	(No symbol) [0x0x7ff7abbce4a5]
	(No symbol) [0x0x7ff7abbca75d]
	GetHandleVerifier [0x0x7ff7abd7d2b3+226019]
	GetHandleVerifier [0x0x7ff7abd6c481+156849]
	GetHandleVerifier [0x0x7ff7abd74979+190889]
	GetHandleVerifier [0x0x7ff7abd59bb4+80868]
	GetHandleVerifier [0x0x7ff7abd59d03+81203]
	GetHandleVerifier [0x0x7ff7abd48286+8886]
	BaseThreadInitThunk [0x0x7ff9c9b0e8d7+23]
	RtlUserThreadStart [0x0x7ff9cb08c53c+44]

[2025-11-19T13:28:57.108822] SCRAPER ratings fetch page 169 offset 3360 failed (attempt 3/5): Message: no such window: target window already closed
from unknown error: web view not found
  (Session info: MicrosoftEdge=142.0.3595.80)
Stacktrace:
	GetHandleVerifier [0x0x7ff7abd52a75+51877]
	GetHandleVerifier [0x0x7ff7abd52ad4+51972]
	GetHandleVerifier [0x0x7ff7abf09425+1848405]
	(No symbol) [0x0x7ff7abaa0e5f]
	(No symbol) [0x0x7ff7abb374ec]
	(No symbol) [0x0x7ff7abb4ed0a]
	(No symbol) [0x0x7ff7abb31df3]
	(No symbol) [0x0x7ff7abb05b36]
	(No symbol) [0x0x7ff7abb04d80]
	(No symbol) [0x0x7ff7abb05973]
	(No symbol) [0x0x7ff7abbce4a5]
	(No symbol) [0x0x7ff7abbca75d]
	GetHandleVerifier [0x0x7ff7abd7d2b3+226019]
	GetHandleVerifier [0x0x7ff7abd6c481+156849]
	GetHandleVerifier [0x0x7ff7abd74979+190889]
	GetHandleVerifier [0x0x7ff7abd59bb4+80868]
	GetHandleVerifier [0x0x7ff7abd59d03+81203]
	GetHandleVerifier [0x0x7ff7abd48286+8886]
	BaseThreadInitThunk [0x0x7ff9c9b0e8d7+23]
	RtlUserThreadStart [0x0x7ff9cb08c53c+44]

[2025-11-19T13:29:01.122418] SCRAPER ratings fetch page 169 offset 3360 failed (attempt 4/5): Message: no such window: target window already closed
from unknown error: web view not found
  (Session info: MicrosoftEdge=142.0.3595.80)
Stacktrace:
	GetHandleVerifier [0x0x7ff7abd52a75+51877]
	GetHandleVerifier [0x0x7ff7abd52ad4+51972]
	GetHandleVerifier [0x0x7ff7abf09425+1848405]
	(No symbol) [0x0x7ff7abaa0e5f]
	(No symbol) [0x0x7ff7abb374ec]
	(No symbol) [0x0x7ff7abb4ed0a]
	(No symbol) [0x0x7ff7abb31df3]
	(No symbol) [0x0x7ff7abb05b36]
	(No symbol) [0x0x7ff7abb04d80]
	(No symbol) [0x0x7ff7abb05973]
	(No symbol) [0x0x7ff7abbce4a5]
	(No symbol) [0x0x7ff7abbca75d]
	GetHandleVerifier [0x0x7ff7abd7d2b3+226019]
	GetHandleVerifier [0x0x7ff7abd6c481+156849]
	GetHandleVerifier [0x0x7ff7abd74979+190889]
	GetHandleVerifier [0x0x7ff7abd59bb4+80868]
	GetHandleVerifier [0x0x7ff7abd59d03+81203]
	GetHandleVerifier [0x0x7ff7abd48286+8886]
	BaseThreadInitThunk [0x0x7ff9c9b0e8d7+23]
	RtlUserThreadStart [0x0x7ff9cb08c53c+44]

[2025-11-19T13:29:06.137375] SCRAPER ratings fetch page 169 offset 3360 failed (attempt 5/5): Message: no such window: target window already closed
from unknown error: web view not found
  (Session info: MicrosoftEdge=142.0.3595.80)
Stacktrace:
	GetHandleVerifier [0x0x7ff7abd52a75+51877]
	GetHandleVerifier [0x0x7ff7abd52ad4+51972]
	GetHandleVerifier [0x0x7ff7abf09425+1848405]
	(No symbol) [0x0x7ff7abaa0e5f]
	(No symbol) [0x0x7ff7abb374ec]
	(No symbol) [0x0x7ff7abb4ed0a]
	(No symbol) [0x0x7ff7abb31df3]
	(No symbol) [0x0x7ff7abb05b36]
	(No symbol) [0x0x7ff7abb04d80]
	(No symbol) [0x0x7ff7abb05973]
	(No symbol) [0x0x7ff7abbce4a5]
	(No symbol) [0x0x7ff7abbca75d]
	GetHandleVerifier [0x0x7ff7abd7d2b3+226019]
	GetHandleVerifier [0x0x7ff7abd6c481+156849]
	GetHandleVerifier [0x0x7ff7abd74979+190889]
	GetHandleVerifier [0x0x7ff7abd59bb4+80868]
	GetHandleVerifier [0x0x7ff7abd59d03+81203]
	GetHandleVerifier [0x0x7ff7abd48286+8886]
	BaseThreadInitThunk [0x0x7ff9c9b0e8d7+23]
	RtlUserThreadStart [0x0x7ff9cb08c53c+44]

[2025-11-19T13:29:11.142807] SCRAPER skip page 169 after 5 failures; lanjut halaman berikutnya
[2025-11-19T13:29:11.144701] SCRAPER ratings fetch page 170 offset 3380 failed (attempt 1/5): Message: no such window: target window already closed
from unknown error: web view not found
  (Session info: MicrosoftEdge=142.0.3595.80)
Stacktrace:
	GetHandleVerifier [0x0x7ff7abd52a75+51877]
	GetHandleVerifier [0x0x7ff7abd52ad4+51972]
	GetHandleVerifier [0x0x7ff7abf09425+1848405]
	(No symbol) [0x0x7ff7abaa0e5f]
	(No symbol) [0x0x7ff7abb374ec]
	(No symbol) [0x0x7ff7abb4ed0a]
	(No symbol) [0x0x7ff7abb31df3]
	(No symbol) [0x0x7ff7abb05b36]
	(No symbol) [0x0x7ff7abb04d80]
	(No symbol) [0x0x7ff7abb05973]
	(No symbol) [0x0x7ff7abbce4a5]
	(No symbol) [0x0x7ff7abbca75d]
	GetHandleVerifier [0x0x7ff7abd7d2b3+226019]
	GetHandleVerifier [0x0x7ff7abd6c481+156849]
	GetHandleVerifier [0x0x7ff7abd74979+190889]
	GetHandleVerifier [0x0x7ff7abd59bb4+80868]
	GetHandleVerifier [0x0x7ff7abd59d03+81203]
	GetHandleVerifier [0x0x7ff7abd48286+8886]
	BaseThreadInitThunk [0x0x7ff9c9b0e8d7+23]
	RtlUserThreadStart [0x0x7ff9cb08c53c+44]

[2025-11-19T13:29:13.156109] SCRAPER ratings fetch page 170 offset 3380 failed (attempt 2/5): Message: no such window: target window already closed
from unknown error: web view not found
  (Session info: MicrosoftEdge=142.0.3595.80)
Stacktrace:
	GetHandleVerifier [0x0x7ff7abd52a75+51877]
	GetHandleVerifier [0x0x7ff7abd52ad4+51972]
	GetHandleVerifier [0x0x7ff7abf09425+1848405]
	(No symbol) [0x0x7ff7abaa0e5f]
	(No symbol) [0x0x7ff7abb374ec]
	(No symbol) [0x0x7ff7abb4ed0a]
	(No symbol) [0x0x7ff7abb31df3]
	(No symbol) [0x0x7ff7abb05b36]
	(No symbol) [0x0x7ff7abb04d80]
	(No symbol) [0x0x7ff7abb05973]
	(No symbol) [0x0x7ff7abbce4a5]
	(No symbol) [0x0x7ff7abbca75d]
	GetHandleVerifier [0x0x7ff7abd7d2b3+226019]
	GetHandleVerifier [0x0x7ff7abd6c481+156849]
	GetHandleVerifier [0x0x7ff7abd74979+190889]
	GetHandleVerifier [0x0x7ff7abd59bb4+80868]
	GetHandleVerifier [0x0x7ff7abd59d03+81203]
	GetHandleVerifier [0x0x7ff7abd48286+8886]
	BaseThreadInitThunk [0x0x7ff9c9b0e8d7+23]
	RtlUserThreadStart [0x0x7ff9cb08c53c+44]

[2025-11-19T13:29:16.168456] SCRAPER ratings fetch page 170 offset 3380 failed (attempt 3/5): Message: no such window: target window already closed
from unknown error: web view not found
  (Session info: MicrosoftEdge=142.0.3595.80)
Stacktrace:
	GetHandleVerifier [0x0x7ff7abd52a75+51877]
	GetHandleVerifier [0x0x7ff7abd52ad4+51972]
	GetHandleVerifier [0x0x7ff7abf09425+1848405]
	(No symbol) [0x0x7ff7abaa0e5f]
	(No symbol) [0x0x7ff7abb374ec]
	(No symbol) [0x0x7ff7abb4ed0a]
	(No symbol) [0x0x7ff7abb31df3]
	(No symbol) [0x0x7ff7abb05b36]
	(No symbol) [0x0x7ff7abb04d80]
	(No symbol) [0x0x7ff7abb05973]
	(No symbol) [0x0x7ff7abbce4a5]
	(No symbol) [0x0x7ff7abbca75d]
	GetHandleVerifier [0x0x7ff7abd7d2b3+226019]
	GetHandleVerifier [0x0x7ff7abd6c481+156849]
	GetHandleVerifier [0x0x7ff7abd74979+190889]
	GetHandleVerifier [0x0x7ff7abd59bb4+80868]
	GetHandleVerifier [0x0x7ff7abd59d03+81203]
	GetHandleVerifier [0x0x7ff7abd48286+8886]
	BaseThreadInitThunk [0x0x7ff9c9b0e8d7+23]
	RtlUserThreadStart [0x0x7ff9cb08c53c+44]

[2025-11-19T13:29:20.182934] SCRAPER ratings fetch page 170 offset 3380 failed (attempt 4/5): Message: no such window: target window already closed
from unknown error: web view not found
  (Session info: MicrosoftEdge=142.0.3595.80)
Stacktrace:
	GetHandleVerifier [0x0x7ff7abd52a75+51877]
	GetHandleVerifier [0x0x7ff7abd52ad4+51972]
	GetHandleVerifier [0x0x7ff7abf09425+1848405]
	(No symbol) [0x0x7ff7abaa0e5f]
	(No symbol) [0x0x7ff7abb374ec]
	(No symbol) [0x0x7ff7abb4ed0a]
	(No symbol) [0x0x7ff7abb31df3]
	(No symbol) [0x0x7ff7abb05b36]
	(No symbol) [0x0x7ff7abb04d80]
	(No symbol) [0x0x7ff7abb05973]
	(No symbol) [0x0x7ff7abbce4a5]
	(No symbol) [0x0x7ff7abbca75d]
	GetHandleVerifier [0x0x7ff7abd7d2b3+226019]
	GetHandleVerifier [0x0x7ff7abd6c481+156849]
	GetHandleVerifier [0x0x7ff7abd74979+190889]
	GetHandleVerifier [0x0x7ff7abd59bb4+80868]
	GetHandleVerifier [0x0x7ff7abd59d03+81203]
	GetHandleVerifier [0x0x7ff7abd48286+8886]
	BaseThreadInitThunk [0x0x7ff9c9b0e8d7+23]
	RtlUserThreadStart [0x0x7ff9cb08c53c+44]

[2025-11-19T13:29:25.191781] SCRAPER ratings fetch page 170 offset 3380 failed (attempt 5/5): Message: no such window: target window already closed
from unknown error: web view not found
  (Session info: MicrosoftEdge=142.0.3595.80)
Stacktrace:
	GetHandleVerifier [0x0x7ff7abd52a75+51877]
	GetHandleVerifier [0x0x7ff7abd52ad4+51972]
	GetHandleVerifier [0x0x7ff7abf09425+1848405]
	(No symbol) [0x0x7ff7abaa0e5f]
	(No symbol) [0x0x7ff7abb374ec]
	(No symbol) [0x0x7ff7abb4ed0a]
	(No symbol) [0x0x7ff7abb31df3]
	(No symbol) [0x0x7ff7abb05b36]
	(No symbol) [0x0x7ff7abb04d80]
	(No symbol) [0x0x7ff7abb05973]
	(No symbol) [0x0x7ff7abbce4a5]
	(No symbol) [0x0x7ff7abbca75d]
	GetHandleVerifier [0x0x7ff7abd7d2b3+226019]
	GetHandleVerifier [0x0x7ff7abd6c481+156849]
	GetHandleVerifier [0x0x7ff7abd74979+190889]
	GetHandleVerifier [0x0x7ff7abd59bb4+80868]
	GetHandleVerifier [0x0x7ff7abd59d03+81203]
	GetHandleVerifier [0x0x7ff7abd48286+8886]
	BaseThreadInitThunk [0x0x7ff9c9b0e8d7+23]
	RtlUserThreadStart [0x0x7ff9cb08c53c+44]

[2025-11-19T13:29:30.204492] SCRAPER skip page 170 after 5 failures; lanjut halaman berikutnya
[2025-11-19T13:29:30.208512] SCRAPER ratings fetch page 171 offset 3400 failed (attempt 1/5): Message: no such window: target window already closed
from unknown error: web view not found
  (Session info: MicrosoftEdge=142.0.3595.80)
Stacktrace:
	GetHandleVerifier [0x0x7ff7abd52a75+51877]
	GetHandleVerifier [0x0x7ff7abd52ad4+51972]
	GetHandleVerifier [0x0x7ff7abf09425+1848405]
	(No symbol) [0x0x7ff7abaa0e5f]
	(No symbol) [0x0x7ff7abb374ec]
	(No symbol) [0x0x7ff7abb4ed0a]
	(No symbol) [0x0x7ff7abb31df3]
	(No symbol) [0x0x7ff7abb05b36]
	(No symbol) [0x0x7ff7abb04d80]
	(No symbol) [0x0x7ff7abb05973]
	(No symbol) [0x0x7ff7abbce4a5]
	(No symbol) [0x0x7ff7abbca75d]
	GetHandleVerifier [0x0x7ff7abd7d2b3+226019]
	GetHandleVerifier [0x0x7ff7abd6c481+156849]
	GetHandleVerifier [0x0x7ff7abd74979+190889]
	GetHandleVerifier [0x0x7ff7abd59bb4+80868]
	GetHandleVerifier [0x0x7ff7abd59d03+81203]
	GetHandleVerifier [0x0x7ff7abd48286+8886]
	BaseThreadInitThunk [0x0x7ff9c9b0e8d7+23]
	RtlUserThreadStart [0x0x7ff9cb08c53c+44]

[2025-11-19T13:29:32.222243] SCRAPER ratings fetch page 171 offset 3400 failed (attempt 2/5): Message: no such window: target window already closed
from unknown error: web view not found
  (Session info: MicrosoftEdge=142.0.3595.80)
Stacktrace:
	GetHandleVerifier [0x0x7ff7abd52a75+51877]
	GetHandleVerifier [0x0x7ff7abd52ad4+51972]
	GetHandleVerifier [0x0x7ff7abf09425+1848405]
	(No symbol) [0x0x7ff7abaa0e5f]
	(No symbol) [0x0x7ff7abb374ec]
	(No symbol) [0x0x7ff7abb4ed0a]
	(No symbol) [0x0x7ff7abb31df3]
	(No symbol) [0x0x7ff7abb05b36]
	(No symbol) [0x0x7ff7abb04d80]
	(No symbol) [0x0x7ff7abb05973]
	(No symbol) [0x0x7ff7abbce4a5]
	(No symbol) [0x0x7ff7abbca75d]
	GetHandleVerifier [0x0x7ff7abd7d2b3+226019]
	GetHandleVerifier [0x0x7ff7abd6c481+156849]
	GetHandleVerifier [0x0x7ff7abd74979+190889]
	GetHandleVerifier [0x0x7ff7abd59bb4+80868]
	GetHandleVerifier [0x0x7ff7abd59d03+81203]
	GetHandleVerifier [0x0x7ff7abd48286+8886]
	BaseThreadInitThunk [0x0x7ff9c9b0e8d7+23]
	RtlUserThreadStart [0x0x7ff9cb08c53c+44]

[2025-11-19T13:29:35.227719] SCRAPER ratings fetch page 171 offset 3400 failed (attempt 3/5): Message: no such window: target window already closed
from unknown error: web view not found
  (Session info: MicrosoftEdge=142.0.3595.80)
Stacktrace:
	GetHandleVerifier [0x0x7ff7abd52a75+51877]
	GetHandleVerifier [0x0x7ff7abd52ad4+51972]
	GetHandleVerifier [0x0x7ff7abf09425+1848405]
	(No symbol) [0x0x7ff7abaa0e5f]
	(No symbol) [0x0x7ff7abb374ec]
	(No symbol) [0x0x7ff7abb4ed0a]
	(No symbol) [0x0x7ff7abb31df3]
	(No symbol) [0x0x7ff7abb05b36]
	(No symbol) [0x0x7ff7abb04d80]
	(No symbol) [0x0x7ff7abb05973]
	(No symbol) [0x0x7ff7abbce4a5]
	(No symbol) [0x0x7ff7abbca75d]
	GetHandleVerifier [0x0x7ff7abd7d2b3+226019]
	GetHandleVerifier [0x0x7ff7abd6c481+156849]
	GetHandleVerifier [0x0x7ff7abd74979+190889]
	GetHandleVerifier [0x0x7ff7abd59bb4+80868]
	GetHandleVerifier [0x0x7ff7abd59d03+81203]
	GetHandleVerifier [0x0x7ff7abd48286+8886]
	BaseThreadInitThunk [0x0x7ff9c9b0e8d7+23]
	RtlUserThreadStart [0x0x7ff9cb08c53c+44]

[2025-11-19T13:29:39.234979] SCRAPER ratings fetch page 171 offset 3400 failed (attempt 4/5): Message: no such window: target window already closed
from unknown error: web view not found
  (Session info: MicrosoftEdge=142.0.3595.80)
Stacktrace:
	GetHandleVerifier [0x0x7ff7abd52a75+51877]
	GetHandleVerifier [0x0x7ff7abd52ad4+51972]
	GetHandleVerifier [0x0x7ff7abf09425+1848405]
	(No symbol) [0x0x7ff7abaa0e5f]
	(No symbol) [0x0x7ff7abb374ec]
	(No symbol) [0x0x7ff7abb4ed0a]
	(No symbol) [0x0x7ff7abb31df3]
	(No symbol) [0x0x7ff7abb05b36]
	(No symbol) [0x0x7ff7abb04d80]
	(No symbol) [0x0x7ff7abb05973]
	(No symbol) [0x0x7ff7abbce4a5]
	(No symbol) [0x0x7ff7abbca75d]
	GetHandleVerifier [0x0x7ff7abd7d2b3+226019]
	GetHandleVerifier [0x0x7ff7abd6c481+156849]
	GetHandleVerifier [0x0x7ff7abd74979+190889]
	GetHandleVerifier [0x0x7ff7abd59bb4+80868]
	GetHandleVerifier [0x0x7ff7abd59d03+81203]
	GetHandleVerifier [0x0x7ff7abd48286+8886]
	BaseThreadInitThunk [0x0x7ff9c9b0e8d7+23]
	RtlUserThreadStart [0x0x7ff9cb08c53c+44]

[2025-11-19T13:29:44.239698] SCRAPER ratings fetch page 171 offset 3400 failed (attempt 5/5): Message: no such window: target window already closed
from unknown error: web view not found
  (Session info: MicrosoftEdge=142.0.3595.80)
Stacktrace:
	GetHandleVerifier [0x0x7ff7abd52a75+51877]
	GetHandleVerifier [0x0x7ff7abd52ad4+51972]
	GetHandleVerifier [0x0x7ff7abf09425+1848405]
	(No symbol) [0x0x7ff7abaa0e5f]
	(No symbol) [0x0x7ff7abb374ec]
	(No symbol) [0x0x7ff7abb4ed0a]
	(No symbol) [0x0x7ff7abb31df3]
	(No symbol) [0x0x7ff7abb05b36]
	(No symbol) [0x0x7ff7abb04d80]
	(No symbol) [0x0x7ff7abb05973]
	(No symbol) [0x0x7ff7abbce4a5]
	(No symbol) [0x0x7ff7abbca75d]
	GetHandleVerifier [0x0x7ff7abd7d2b3+226019]
	GetHandleVerifier [0x0x7ff7abd6c481+156849]
	GetHandleVerifier [0x0x7ff7abd74979+190889]
	GetHandleVerifier [0x0x7ff7abd59bb4+80868]
	GetHandleVerifier [0x0x7ff7abd59d03+81203]
	GetHandleVerifier [0x0x7ff7abd48286+8886]
	BaseThreadInitThunk [0x0x7ff9c9b0e8d7+23]
	RtlUserThreadStart [0x0x7ff9cb08c53c+44]

[2025-11-19T13:29:49.241424] SCRAPER skip page 171 after 5 failures; lanjut halaman berikutnya
[2025-11-19T13:29:49.243316] SCRAPER ratings fetch page 172 offset 3420 failed (attempt 1/5): Message: no such window: target window already closed
from unknown error: web view not found
  (Session info: MicrosoftEdge=142.0.3595.80)
Stacktrace:
	GetHandleVerifier [0x0x7ff7abd52a75+51877]
	GetHandleVerifier [0x0x7ff7abd52ad4+51972]
	GetHandleVerifier [0x0x7ff7abf09425+1848405]
	(No symbol) [0x0x7ff7abaa0e5f]
	(No symbol) [0x0x7ff7abb374ec]
	(No symbol) [0x0x7ff7abb4ed0a]
	(No symbol) [0x0x7ff7abb31df3]
	(No symbol) [0x0x7ff7abb05b36]
	(No symbol) [0x0x7ff7abb04d80]
	(No symbol) [0x0x7ff7abb05973]
	(No symbol) [0x0x7ff7abbce4a5]
	(No symbol) [0x0x7ff7abbca75d]
	GetHandleVerifier [0x0x7ff7abd7d2b3+226019]
	GetHandleVerifier [0x0x7ff7abd6c481+156849]
	GetHandleVerifier [0x0x7ff7abd74979+190889]
	GetHandleVerifier [0x0x7ff7abd59bb4+80868]
	GetHandleVerifier [0x0x7ff7abd59d03+81203]
	GetHandleVerifier [0x0x7ff7abd48286+8886]
	BaseThreadInitThunk [0x0x7ff9c9b0e8d7+23]
	RtlUserThreadStart [0x0x7ff9cb08c53c+44]

[2025-11-19T13:29:51.258211] SCRAPER ratings fetch page 172 offset 3420 failed (attempt 2/5): Message: no such window: target window already closed
from unknown error: web view not found
  (Session info: MicrosoftEdge=142.0.3595.80)
Stacktrace:
	GetHandleVerifier [0x0x7ff7abd52a75+51877]
	GetHandleVerifier [0x0x7ff7abd52ad4+51972]
	GetHandleVerifier [0x0x7ff7abf09425+1848405]
	(No symbol) [0x0x7ff7abaa0e5f]
	(No symbol) [0x0x7ff7abb374ec]
	(No symbol) [0x0x7ff7abb4ed0a]
	(No symbol) [0x0x7ff7abb31df3]
	(No symbol) [0x0x7ff7abb05b36]
	(No symbol) [0x0x7ff7abb04d80]
	(No symbol) [0x0x7ff7abb05973]
	(No symbol) [0x0x7ff7abbce4a5]
	(No symbol) [0x0x7ff7abbca75d]
	GetHandleVerifier [0x0x7ff7abd7d2b3+226019]
	GetHandleVerifier [0x0x7ff7abd6c481+156849]
	GetHandleVerifier [0x0x7ff7abd74979+190889]
	GetHandleVerifier [0x0x7ff7abd59bb4+80868]
	GetHandleVerifier [0x0x7ff7abd59d03+81203]
	GetHandleVerifier [0x0x7ff7abd48286+8886]
	BaseThreadInitThunk [0x0x7ff9c9b0e8d7+23]
	RtlUserThreadStart [0x0x7ff9cb08c53c+44]

[2025-11-19T13:29:54.261534] SCRAPER ratings fetch page 172 offset 3420 failed (attempt 3/5): Message: no such window: target window already closed
from unknown error: web view not found
  (Session info: MicrosoftEdge=142.0.3595.80)
Stacktrace:
	GetHandleVerifier [0x0x7ff7abd52a75+51877]
	GetHandleVerifier [0x0x7ff7abd52ad4+51972]
	GetHandleVerifier [0x0x7ff7abf09425+1848405]
	(No symbol) [0x0x7ff7abaa0e5f]
	(No symbol) [0x0x7ff7abb374ec]
	(No symbol) [0x0x7ff7abb4ed0a]
	(No symbol) [0x0x7ff7abb31df3]
	(No symbol) [0x0x7ff7abb05b36]
	(No symbol) [0x0x7ff7abb04d80]
	(No symbol) [0x0x7ff7abb05973]
	(No symbol) [0x0x7ff7abbce4a5]
	(No symbol) [0x0x7ff7abbca75d]
	GetHandleVerifier [0x0x7ff7abd7d2b3+226019]
	GetHandleVerifier [0x0x7ff7abd6c481+156849]
	GetHandleVerifier [0x0x7ff7abd74979+190889]
	GetHandleVerifier [0x0x7ff7abd59bb4+80868]
	GetHandleVerifier [0x0x7ff7abd59d03+81203]
	GetHandleVerifier [0x0x7ff7abd48286+8886]
	BaseThreadInitThunk [0x0x7ff9c9b0e8d7+23]
	RtlUserThreadStart [0x0x7ff9cb08c53c+44]

[2025-11-19T13:29:58.270833] SCRAPER ratings fetch page 172 offset 3420 failed (attempt 4/5): Message: no such window: target window already closed
from unknown error: web view not found
  (Session info: MicrosoftEdge=142.0.3595.80)
Stacktrace:
	GetHandleVerifier [0x0x7ff7abd52a75+51877]
	GetHandleVerifier [0x0x7ff7abd52ad4+51972]
	GetHandleVerifier [0x0x7ff7abf09425+1848405]
	(No symbol) [0x0x7ff7abaa0e5f]
	(No symbol) [0x0x7ff7abb374ec]
	(No symbol) [0x0x7ff7abb4ed0a]
	(No symbol) [0x0x7ff7abb31df3]
	(No symbol) [0x0x7ff7abb05b36]
	(No symbol) [0x0x7ff7abb04d80]
	(No symbol) [0x0x7ff7abb05973]
	(No symbol) [0x0x7ff7abbce4a5]
	(No symbol) [0x0x7ff7abbca75d]
	GetHandleVerifier [0x0x7ff7abd7d2b3+226019]
	GetHandleVerifier [0x0x7ff7abd6c481+156849]
	GetHandleVerifier [0x0x7ff7abd74979+190889]
	GetHandleVerifier [0x0x7ff7abd59bb4+80868]
	GetHandleVerifier [0x0x7ff7abd59d03+81203]
	GetHandleVerifier [0x0x7ff7abd48286+8886]
	BaseThreadInitThunk [0x0x7ff9c9b0e8d7+23]
	RtlUserThreadStart [0x0x7ff9cb08c53c+44]

[2025-11-19T13:30:03.286848] SCRAPER ratings fetch page 172 offset 3420 failed (attempt 5/5): Message: no such window: target window already closed
from unknown error: web view not found
  (Session info: MicrosoftEdge=142.0.3595.80)
Stacktrace:
	GetHandleVerifier [0x0x7ff7abd52a75+51877]
	GetHandleVerifier [0x0x7ff7abd52ad4+51972]
	GetHandleVerifier [0x0x7ff7abf09425+1848405]
	(No symbol) [0x0x7ff7abaa0e5f]
	(No symbol) [0x0x7ff7abb374ec]
	(No symbol) [0x0x7ff7abb4ed0a]
	(No symbol) [0x0x7ff7abb31df3]
	(No symbol) [0x0x7ff7abb05b36]
	(No symbol) [0x0x7ff7abb04d80]
	(No symbol) [0x0x7ff7abb05973]
	(No symbol) [0x0x7ff7abbce4a5]
	(No symbol) [0x0x7ff7abbca75d]
	GetHandleVerifier [0x0x7ff7abd7d2b3+226019]
	GetHandleVerifier [0x0x7ff7abd6c481+156849]
	GetHandleVerifier [0x0x7ff7abd74979+190889]
	GetHandleVerifier [0x0x7ff7abd59bb4+80868]
	GetHandleVerifier [0x0x7ff7abd59d03+81203]
	GetHandleVerifier [0x0x7ff7abd48286+8886]
	BaseThreadInitThunk [0x0x7ff9c9b0e8d7+23]
	RtlUserThreadStart [0x0x7ff9cb08c53c+44]

[2025-11-19T13:30:08.302759] SCRAPER skip page 172 after 5 failures; lanjut halaman berikutnya
[2025-11-19T13:30:08.305607] SCRAPER ratings fetch page 173 offset 3440 failed (attempt 1/5): Message: no such window: target window already closed
from unknown error: web view not found
  (Session info: MicrosoftEdge=142.0.3595.80)
Stacktrace:
	GetHandleVerifier [0x0x7ff7abd52a75+51877]
	GetHandleVerifier [0x0x7ff7abd52ad4+51972]
	GetHandleVerifier [0x0x7ff7abf09425+1848405]
	(No symbol) [0x0x7ff7abaa0e5f]
	(No symbol) [0x0x7ff7abb374ec]
	(No symbol) [0x0x7ff7abb4ed0a]
	(No symbol) [0x0x7ff7abb31df3]
	(No symbol) [0x0x7ff7abb05b36]
	(No symbol) [0x0x7ff7abb04d80]
	(No symbol) [0x0x7ff7abb05973]
	(No symbol) [0x0x7ff7abbce4a5]
	(No symbol) [0x0x7ff7abbca75d]
	GetHandleVerifier [0x0x7ff7abd7d2b3+226019]
	GetHandleVerifier [0x0x7ff7abd6c481+156849]
	GetHandleVerifier [0x0x7ff7abd74979+190889]
	GetHandleVerifier [0x0x7ff7abd59bb4+80868]
	GetHandleVerifier [0x0x7ff7abd59d03+81203]
	GetHandleVerifier [0x0x7ff7abd48286+8886]
	BaseThreadInitThunk [0x0x7ff9c9b0e8d7+23]
	RtlUserThreadStart [0x0x7ff9cb08c53c+44]

[2025-11-19T13:30:10.319791] SCRAPER ratings fetch page 173 offset 3440 failed (attempt 2/5): Message: no such window: target window already closed
from unknown error: web view not found
  (Session info: MicrosoftEdge=142.0.3595.80)
Stacktrace:
	GetHandleVerifier [0x0x7ff7abd52a75+51877]
	GetHandleVerifier [0x0x7ff7abd52ad4+51972]
	GetHandleVerifier [0x0x7ff7abf09425+1848405]
	(No symbol) [0x0x7ff7abaa0e5f]
	(No symbol) [0x0x7ff7abb374ec]
	(No symbol) [0x0x7ff7abb4ed0a]
	(No symbol) [0x0x7ff7abb31df3]
	(No symbol) [0x0x7ff7abb05b36]
	(No symbol) [0x0x7ff7abb04d80]
	(No symbol) [0x0x7ff7abb05973]
	(No symbol) [0x0x7ff7abbce4a5]
	(No symbol) [0x0x7ff7abbca75d]
	GetHandleVerifier [0x0x7ff7abd7d2b3+226019]
	GetHandleVerifier [0x0x7ff7abd6c481+156849]
	GetHandleVerifier [0x0x7ff7abd74979+190889]
	GetHandleVerifier [0x0x7ff7abd59bb4+80868]
	GetHandleVerifier [0x0x7ff7abd59d03+81203]
	GetHandleVerifier [0x0x7ff7abd48286+8886]
	BaseThreadInitThunk [0x0x7ff9c9b0e8d7+23]
	RtlUserThreadStart [0x0x7ff9cb08c53c+44]

[2025-11-19T13:30:13.336287] SCRAPER ratings fetch page 173 offset 3440 failed (attempt 3/5): Message: no such window: target window already closed
from unknown error: web view not found
  (Session info: MicrosoftEdge=142.0.3595.80)
Stacktrace:
	GetHandleVerifier [0x0x7ff7abd52a75+51877]
	GetHandleVerifier [0x0x7ff7abd52ad4+51972]
	GetHandleVerifier [0x0x7ff7abf09425+1848405]
	(No symbol) [0x0x7ff7abaa0e5f]
	(No symbol) [0x0x7ff7abb374ec]
	(No symbol) [0x0x7ff7abb4ed0a]
	(No symbol) [0x0x7ff7abb31df3]
	(No symbol) [0x0x7ff7abb05b36]
	(No symbol) [0x0x7ff7abb04d80]
	(No symbol) [0x0x7ff7abb05973]
	(No symbol) [0x0x7ff7abbce4a5]
	(No symbol) [0x0x7ff7abbca75d]
	GetHandleVerifier [0x0x7ff7abd7d2b3+226019]
	GetHandleVerifier [0x0x7ff7abd6c481+156849]
	GetHandleVerifier [0x0x7ff7abd74979+190889]
	GetHandleVerifier [0x0x7ff7abd59bb4+80868]
	GetHandleVerifier [0x0x7ff7abd59d03+81203]
	GetHandleVerifier [0x0x7ff7abd48286+8886]
	BaseThreadInitThunk [0x0x7ff9c9b0e8d7+23]
	RtlUserThreadStart [0x0x7ff9cb08c53c+44]

[2025-11-19T13:30:17.347450] SCRAPER ratings fetch page 173 offset 3440 failed (attempt 4/5): Message: no such window: target window already closed
from unknown error: web view not found
  (Session info: MicrosoftEdge=142.0.3595.80)
Stacktrace:
	GetHandleVerifier [0x0x7ff7abd52a75+51877]
	GetHandleVerifier [0x0x7ff7abd52ad4+51972]
	GetHandleVerifier [0x0x7ff7abf09425+1848405]
	(No symbol) [0x0x7ff7abaa0e5f]
	(No symbol) [0x0x7ff7abb374ec]
	(No symbol) [0x0x7ff7abb4ed0a]
	(No symbol) [0x0x7ff7abb31df3]
	(No symbol) [0x0x7ff7abb05b36]
	(No symbol) [0x0x7ff7abb04d80]
	(No symbol) [0x0x7ff7abb05973]
	(No symbol) [0x0x7ff7abbce4a5]
	(No symbol) [0x0x7ff7abbca75d]
	GetHandleVerifier [0x0x7ff7abd7d2b3+226019]
	GetHandleVerifier [0x0x7ff7abd6c481+156849]
	GetHandleVerifier [0x0x7ff7abd74979+190889]
	GetHandleVerifier [0x0x7ff7abd59bb4+80868]
	GetHandleVerifier [0x0x7ff7abd59d03+81203]
	GetHandleVerifier [0x0x7ff7abd48286+8886]
	BaseThreadInitThunk [0x0x7ff9c9b0e8d7+23]
	RtlUserThreadStart [0x0x7ff9cb08c53c+44]

[2025-11-19T13:30:22.365701] SCRAPER ratings fetch page 173 offset 3440 failed (attempt 5/5): Message: no such window: target window already closed
from unknown error: web view not found
  (Session info: MicrosoftEdge=142.0.3595.80)
Stacktrace:
	GetHandleVerifier [0x0x7ff7abd52a75+51877]
	GetHandleVerifier [0x0x7ff7abd52ad4+51972]
	GetHandleVerifier [0x0x7ff7abf09425+1848405]
	(No symbol) [0x0x7ff7abaa0e5f]
	(No symbol) [0x0x7ff7abb374ec]
	(No symbol) [0x0x7ff7abb4ed0a]
	(No symbol) [0x0x7ff7abb31df3]
	(No symbol) [0x0x7ff7abb05b36]
	(No symbol) [0x0x7ff7abb04d80]
	(No symbol) [0x0x7ff7abb05973]
	(No symbol) [0x0x7ff7abbce4a5]
	(No symbol) [0x0x7ff7abbca75d]
	GetHandleVerifier [0x0x7ff7abd7d2b3+226019]
	GetHandleVerifier [0x0x7ff7abd6c481+156849]
	GetHandleVerifier [0x0x7ff7abd74979+190889]
	GetHandleVerifier [0x0x7ff7abd59bb4+80868]
	GetHandleVerifier [0x0x7ff7abd59d03+81203]
	GetHandleVerifier [0x0x7ff7abd48286+8886]
	BaseThreadInitThunk [0x0x7ff9c9b0e8d7+23]
	RtlUserThreadStart [0x0x7ff9cb08c53c+44]

[2025-11-19T13:30:27.372760] SCRAPER skip page 173 after 5 failures; lanjut halaman berikutnya
[2025-11-19T13:30:27.375604] SCRAPER ratings fetch page 174 offset 3460 failed (attempt 1/5): Message: no such window: target window already closed
from unknown error: web view not found
  (Session info: MicrosoftEdge=142.0.3595.80)
Stacktrace:
	GetHandleVerifier [0x0x7ff7abd52a75+51877]
	GetHandleVerifier [0x0x7ff7abd52ad4+51972]
	GetHandleVerifier [0x0x7ff7abf09425+1848405]
	(No symbol) [0x0x7ff7abaa0e5f]
	(No symbol) [0x0x7ff7abb374ec]
	(No symbol) [0x0x7ff7abb4ed0a]
	(No symbol) [0x0x7ff7abb31df3]
	(No symbol) [0x0x7ff7abb05b36]
	(No symbol) [0x0x7ff7abb04d80]
	(No symbol) [0x0x7ff7abb05973]
	(No symbol) [0x0x7ff7abbce4a5]
	(No symbol) [0x0x7ff7abbca75d]
	GetHandleVerifier [0x0x7ff7abd7d2b3+226019]
	GetHandleVerifier [0x0x7ff7abd6c481+156849]
	GetHandleVerifier [0x0x7ff7abd74979+190889]
	GetHandleVerifier [0x0x7ff7abd59bb4+80868]
	GetHandleVerifier [0x0x7ff7abd59d03+81203]
	GetHandleVerifier [0x0x7ff7abd48286+8886]
	BaseThreadInitThunk [0x0x7ff9c9b0e8d7+23]
	RtlUserThreadStart [0x0x7ff9cb08c53c+44]

[2025-11-19T13:30:29.380797] SCRAPER ratings fetch page 174 offset 3460 failed (attempt 2/5): Message: no such window: target window already closed
from unknown error: web view not found
  (Session info: MicrosoftEdge=142.0.3595.80)
Stacktrace:
	GetHandleVerifier [0x0x7ff7abd52a75+51877]
	GetHandleVerifier [0x0x7ff7abd52ad4+51972]
	GetHandleVerifier [0x0x7ff7abf09425+1848405]
	(No symbol) [0x0x7ff7abaa0e5f]
	(No symbol) [0x0x7ff7abb374ec]
	(No symbol) [0x0x7ff7abb4ed0a]
	(No symbol) [0x0x7ff7abb31df3]
	(No symbol) [0x0x7ff7abb05b36]
	(No symbol) [0x0x7ff7abb04d80]
	(No symbol) [0x0x7ff7abb05973]
	(No symbol) [0x0x7ff7abbce4a5]
	(No symbol) [0x0x7ff7abbca75d]
	GetHandleVerifier [0x0x7ff7abd7d2b3+226019]
	GetHandleVerifier [0x0x7ff7abd6c481+156849]
	GetHandleVerifier [0x0x7ff7abd74979+190889]
	GetHandleVerifier [0x0x7ff7abd59bb4+80868]
	GetHandleVerifier [0x0x7ff7abd59d03+81203]
	GetHandleVerifier [0x0x7ff7abd48286+8886]
	BaseThreadInitThunk [0x0x7ff9c9b0e8d7+23]
	RtlUserThreadStart [0x0x7ff9cb08c53c+44]

[2025-11-19T13:30:32.390311] SCRAPER ratings fetch page 174 offset 3460 failed (attempt 3/5): Message: no such window: target window already closed
from unknown error: web view not found
  (Session info: MicrosoftEdge=142.0.3595.80)
Stacktrace:
	GetHandleVerifier [0x0x7ff7abd52a75+51877]
	GetHandleVerifier [0x0x7ff7abd52ad4+51972]
	GetHandleVerifier [0x0x7ff7abf09425+1848405]
	(No symbol) [0x0x7ff7abaa0e5f]
	(No symbol) [0x0x7ff7abb374ec]
	(No symbol) [0x0x7ff7abb4ed0a]
	(No symbol) [0x0x7ff7abb31df3]
	(No symbol) [0x0x7ff7abb05b36]
	(No symbol) [0x0x7ff7abb04d80]
	(No symbol) [0x0x7ff7abb05973]
	(No symbol) [0x0x7ff7abbce4a5]
	(No symbol) [0x0x7ff7abbca75d]
	GetHandleVerifier [0x0x7ff7abd7d2b3+226019]
	GetHandleVerifier [0x0x7ff7abd6c481+156849]
	GetHandleVerifier [0x0x7ff7abd74979+190889]
	GetHandleVerifier [0x0x7ff7abd59bb4+80868]
	GetHandleVerifier [0x0x7ff7abd59d03+81203]
	GetHandleVerifier [0x0x7ff7abd48286+8886]
	BaseThreadInitThunk [0x0x7ff9c9b0e8d7+23]
	RtlUserThreadStart [0x0x7ff9cb08c53c+44]

[2025-11-19T13:30:36.403895] SCRAPER ratings fetch page 174 offset 3460 failed (attempt 4/5): Message: no such window: target window already closed
from unknown error: web view not found
  (Session info: MicrosoftEdge=142.0.3595.80)
Stacktrace:
	GetHandleVerifier [0x0x7ff7abd52a75+51877]
	GetHandleVerifier [0x0x7ff7abd52ad4+51972]
	GetHandleVerifier [0x0x7ff7abf09425+1848405]
	(No symbol) [0x0x7ff7abaa0e5f]
	(No symbol) [0x0x7ff7abb374ec]
	(No symbol) [0x0x7ff7abb4ed0a]
	(No symbol) [0x0x7ff7abb31df3]
	(No symbol) [0x0x7ff7abb05b36]
	(No symbol) [0x0x7ff7abb04d80]
	(No symbol) [0x0x7ff7abb05973]
	(No symbol) [0x0x7ff7abbce4a5]
	(No symbol) [0x0x7ff7abbca75d]
	GetHandleVerifier [0x0x7ff7abd7d2b3+226019]
	GetHandleVerifier [0x0x7ff7abd6c481+156849]
	GetHandleVerifier [0x0x7ff7abd74979+190889]
	GetHandleVerifier [0x0x7ff7abd59bb4+80868]
	GetHandleVerifier [0x0x7ff7abd59d03+81203]
	GetHandleVerifier [0x0x7ff7abd48286+8886]
	BaseThreadInitThunk [0x0x7ff9c9b0e8d7+23]
	RtlUserThreadStart [0x0x7ff9cb08c53c+44]

[2025-11-19T13:30:41.412267] SCRAPER ratings fetch page 174 offset 3460 failed (attempt 5/5): Message: no such window: target window already closed
from unknown error: web view not found
  (Session info: MicrosoftEdge=142.0.3595.80)
Stacktrace:
	GetHandleVerifier [0x0x7ff7abd52a75+51877]
	GetHandleVerifier [0x0x7ff7abd52ad4+51972]
	GetHandleVerifier [0x0x7ff7abf09425+1848405]
	(No symbol) [0x0x7ff7abaa0e5f]
	(No symbol) [0x0x7ff7abb374ec]
	(No symbol) [0x0x7ff7abb4ed0a]
	(No symbol) [0x0x7ff7abb31df3]
	(No symbol) [0x0x7ff7abb05b36]
	(No symbol) [0x0x7ff7abb04d80]
	(No symbol) [0x0x7ff7abb05973]
	(No symbol) [0x0x7ff7abbce4a5]
	(No symbol) [0x0x7ff7abbca75d]
	GetHandleVerifier [0x0x7ff7abd7d2b3+226019]
	GetHandleVerifier [0x0x7ff7abd6c481+156849]
	GetHandleVerifier [0x0x7ff7abd74979+190889]
	GetHandleVerifier [0x0x7ff7abd59bb4+80868]
	GetHandleVerifier [0x0x7ff7abd59d03+81203]
	GetHandleVerifier [0x0x7ff7abd48286+8886]
	BaseThreadInitThunk [0x0x7ff9c9b0e8d7+23]
	RtlUserThreadStart [0x0x7ff9cb08c53c+44]

[2025-11-19T13:30:46.424750] SCRAPER skip page 174 after 5 failures; lanjut halaman berikutnya
[2025-11-19T13:30:46.428935] SCRAPER ratings fetch page 175 offset 3480 failed (attempt 1/5): Message: no such window: target window already closed
from unknown error: web view not found
  (Session info: MicrosoftEdge=142.0.3595.80)
Stacktrace:
	GetHandleVerifier [0x0x7ff7abd52a75+51877]
	GetHandleVerifier [0x0x7ff7abd52ad4+51972]
	GetHandleVerifier [0x0x7ff7abf09425+1848405]
	(No symbol) [0x0x7ff7abaa0e5f]
	(No symbol) [0x0x7ff7abb374ec]
	(No symbol) [0x0x7ff7abb4ed0a]
	(No symbol) [0x0x7ff7abb31df3]
	(No symbol) [0x0x7ff7abb05b36]
	(No symbol) [0x0x7ff7abb04d80]
	(No symbol) [0x0x7ff7abb05973]
	(No symbol) [0x0x7ff7abbce4a5]
	(No symbol) [0x0x7ff7abbca75d]
	GetHandleVerifier [0x0x7ff7abd7d2b3+226019]
	GetHandleVerifier [0x0x7ff7abd6c481+156849]
	GetHandleVerifier [0x0x7ff7abd74979+190889]
	GetHandleVerifier [0x0x7ff7abd59bb4+80868]
	GetHandleVerifier [0x0x7ff7abd59d03+81203]
	GetHandleVerifier [0x0x7ff7abd48286+8886]
	BaseThreadInitThunk [0x0x7ff9c9b0e8d7+23]
	RtlUserThreadStart [0x0x7ff9cb08c53c+44]

[2025-11-19T13:30:48.441504] SCRAPER ratings fetch page 175 offset 3480 failed (attempt 2/5): Message: no such window: target window already closed
from unknown error: web view not found
  (Session info: MicrosoftEdge=142.0.3595.80)
Stacktrace:
	GetHandleVerifier [0x0x7ff7abd52a75+51877]
	GetHandleVerifier [0x0x7ff7abd52ad4+51972]
	GetHandleVerifier [0x0x7ff7abf09425+1848405]
	(No symbol) [0x0x7ff7abaa0e5f]
	(No symbol) [0x0x7ff7abb374ec]
	(No symbol) [0x0x7ff7abb4ed0a]
	(No symbol) [0x0x7ff7abb31df3]
	(No symbol) [0x0x7ff7abb05b36]
	(No symbol) [0x0x7ff7abb04d80]
	(No symbol) [0x0x7ff7abb05973]
	(No symbol) [0x0x7ff7abbce4a5]
	(No symbol) [0x0x7ff7abbca75d]
	GetHandleVerifier [0x0x7ff7abd7d2b3+226019]
	GetHandleVerifier [0x0x7ff7abd6c481+156849]
	GetHandleVerifier [0x0x7ff7abd74979+190889]
	GetHandleVerifier [0x0x7ff7abd59bb4+80868]
	GetHandleVerifier [0x0x7ff7abd59d03+81203]
	GetHandleVerifier [0x0x7ff7abd48286+8886]
	BaseThreadInitThunk [0x0x7ff9c9b0e8d7+23]
	RtlUserThreadStart [0x0x7ff9cb08c53c+44]

[2025-11-19T13:30:51.451465] SCRAPER ratings fetch page 175 offset 3480 failed (attempt 3/5): Message: no such window: target window already closed
from unknown error: web view not found
  (Session info: MicrosoftEdge=142.0.3595.80)
Stacktrace:
	GetHandleVerifier [0x0x7ff7abd52a75+51877]
	GetHandleVerifier [0x0x7ff7abd52ad4+51972]
	GetHandleVerifier [0x0x7ff7abf09425+1848405]
	(No symbol) [0x0x7ff7abaa0e5f]
	(No symbol) [0x0x7ff7abb374ec]
	(No symbol) [0x0x7ff7abb4ed0a]
	(No symbol) [0x0x7ff7abb31df3]
	(No symbol) [0x0x7ff7abb05b36]
	(No symbol) [0x0x7ff7abb04d80]
	(No symbol) [0x0x7ff7abb05973]
	(No symbol) [0x0x7ff7abbce4a5]
	(No symbol) [0x0x7ff7abbca75d]
	GetHandleVerifier [0x0x7ff7abd7d2b3+226019]
	GetHandleVerifier [0x0x7ff7abd6c481+156849]
	GetHandleVerifier [0x0x7ff7abd74979+190889]
	GetHandleVerifier [0x0x7ff7abd59bb4+80868]
	GetHandleVerifier [0x0x7ff7abd59d03+81203]
	GetHandleVerifier [0x0x7ff7abd48286+8886]
	BaseThreadInitThunk [0x0x7ff9c9b0e8d7+23]
	RtlUserThreadStart [0x0x7ff9cb08c53c+44]

[2025-11-19T13:30:55.465100] SCRAPER ratings fetch page 175 offset 3480 failed (attempt 4/5): Message: no such window: target window already closed
from unknown error: web view not found
  (Session info: MicrosoftEdge=142.0.3595.80)
Stacktrace:
	GetHandleVerifier [0x0x7ff7abd52a75+51877]
	GetHandleVerifier [0x0x7ff7abd52ad4+51972]
	GetHandleVerifier [0x0x7ff7abf09425+1848405]
	(No symbol) [0x0x7ff7abaa0e5f]
	(No symbol) [0x0x7ff7abb374ec]
	(No symbol) [0x0x7ff7abb4ed0a]
	(No symbol) [0x0x7ff7abb31df3]
	(No symbol) [0x0x7ff7abb05b36]
	(No symbol) [0x0x7ff7abb04d80]
	(No symbol) [0x0x7ff7abb05973]
	(No symbol) [0x0x7ff7abbce4a5]
	(No symbol) [0x0x7ff7abbca75d]
	GetHandleVerifier [0x0x7ff7abd7d2b3+226019]
	GetHandleVerifier [0x0x7ff7abd6c481+156849]
	GetHandleVerifier [0x0x7ff7abd74979+190889]
	GetHandleVerifier [0x0x7ff7abd59bb4+80868]
	GetHandleVerifier [0x0x7ff7abd59d03+81203]
	GetHandleVerifier [0x0x7ff7abd48286+8886]
	BaseThreadInitThunk [0x0x7ff9c9b0e8d7+23]
	RtlUserThreadStart [0x0x7ff9cb08c53c+44]

[2025-11-19T13:31:00.480365] SCRAPER ratings fetch page 175 offset 3480 failed (attempt 5/5): Message: no such window: target window already closed
from unknown error: web view not found
  (Session info: MicrosoftEdge=142.0.3595.80)
Stacktrace:
	GetHandleVerifier [0x0x7ff7abd52a75+51877]
	GetHandleVerifier [0x0x7ff7abd52ad4+51972]
	GetHandleVerifier [0x0x7ff7abf09425+1848405]
	(No symbol) [0x0x7ff7abaa0e5f]
	(No symbol) [0x0x7ff7abb374ec]
	(No symbol) [0x0x7ff7abb4ed0a]
	(No symbol) [0x0x7ff7abb31df3]
	(No symbol) [0x0x7ff7abb05b36]
	(No symbol) [0x0x7ff7abb04d80]
	(No symbol) [0x0x7ff7abb05973]
	(No symbol) [0x0x7ff7abbce4a5]
	(No symbol) [0x0x7ff7abbca75d]
	GetHandleVerifier [0x0x7ff7abd7d2b3+226019]
	GetHandleVerifier [0x0x7ff7abd6c481+156849]
	GetHandleVerifier [0x0x7ff7abd74979+190889]
	GetHandleVerifier [0x0x7ff7abd59bb4+80868]
	GetHandleVerifier [0x0x7ff7abd59d03+81203]
	GetHandleVerifier [0x0x7ff7abd48286+8886]
	BaseThreadInitThunk [0x0x7ff9c9b0e8d7+23]
	RtlUserThreadStart [0x0x7ff9cb08c53c+44]

[2025-11-19T13:31:05.487176] SCRAPER skip page 175 after 5 failures; lanjut halaman berikutnya
[2025-11-19T13:31:05.490017] SCRAPER ratings fetch page 176 offset 3500 failed (attempt 1/5): Message: no such window: target window already closed
from unknown error: web view not found
  (Session info: MicrosoftEdge=142.0.3595.80)
Stacktrace:
	GetHandleVerifier [0x0x7ff7abd52a75+51877]
	GetHandleVerifier [0x0x7ff7abd52ad4+51972]
	GetHandleVerifier [0x0x7ff7abf09425+1848405]
	(No symbol) [0x0x7ff7abaa0e5f]
	(No symbol) [0x0x7ff7abb374ec]
	(No symbol) [0x0x7ff7abb4ed0a]
	(No symbol) [0x0x7ff7abb31df3]
	(No symbol) [0x0x7ff7abb05b36]
	(No symbol) [0x0x7ff7abb04d80]
	(No symbol) [0x0x7ff7abb05973]
	(No symbol) [0x0x7ff7abbce4a5]
	(No symbol) [0x0x7ff7abbca75d]
	GetHandleVerifier [0x0x7ff7abd7d2b3+226019]
	GetHandleVerifier [0x0x7ff7abd6c481+156849]
	GetHandleVerifier [0x0x7ff7abd74979+190889]
	GetHandleVerifier [0x0x7ff7abd59bb4+80868]
	GetHandleVerifier [0x0x7ff7abd59d03+81203]
	GetHandleVerifier [0x0x7ff7abd48286+8886]
	BaseThreadInitThunk [0x0x7ff9c9b0e8d7+23]
	RtlUserThreadStart [0x0x7ff9cb08c53c+44]

[2025-11-19T13:31:07.492762] SCRAPER ratings fetch page 176 offset 3500 failed (attempt 2/5): Message: no such window: target window already closed
from unknown error: web view not found
  (Session info: MicrosoftEdge=142.0.3595.80)
Stacktrace:
	GetHandleVerifier [0x0x7ff7abd52a75+51877]
	GetHandleVerifier [0x0x7ff7abd52ad4+51972]
	GetHandleVerifier [0x0x7ff7abf09425+1848405]
	(No symbol) [0x0x7ff7abaa0e5f]
	(No symbol) [0x0x7ff7abb374ec]
	(No symbol) [0x0x7ff7abb4ed0a]
	(No symbol) [0x0x7ff7abb31df3]
	(No symbol) [0x0x7ff7abb05b36]
	(No symbol) [0x0x7ff7abb04d80]
	(No symbol) [0x0x7ff7abb05973]
	(No symbol) [0x0x7ff7abbce4a5]
	(No symbol) [0x0x7ff7abbca75d]
	GetHandleVerifier [0x0x7ff7abd7d2b3+226019]
	GetHandleVerifier [0x0x7ff7abd6c481+156849]
	GetHandleVerifier [0x0x7ff7abd74979+190889]
	GetHandleVerifier [0x0x7ff7abd59bb4+80868]
	GetHandleVerifier [0x0x7ff7abd59d03+81203]
	GetHandleVerifier [0x0x7ff7abd48286+8886]
	BaseThreadInitThunk [0x0x7ff9c9b0e8d7+23]
	RtlUserThreadStart [0x0x7ff9cb08c53c+44]

[2025-11-19T13:31:10.509835] SCRAPER ratings fetch page 176 offset 3500 failed (attempt 3/5): Message: no such window: target window already closed
from unknown error: web view not found
  (Session info: MicrosoftEdge=142.0.3595.80)
Stacktrace:
	GetHandleVerifier [0x0x7ff7abd52a75+51877]
	GetHandleVerifier [0x0x7ff7abd52ad4+51972]
	GetHandleVerifier [0x0x7ff7abf09425+1848405]
	(No symbol) [0x0x7ff7abaa0e5f]
	(No symbol) [0x0x7ff7abb374ec]
	(No symbol) [0x0x7ff7abb4ed0a]
	(No symbol) [0x0x7ff7abb31df3]
	(No symbol) [0x0x7ff7abb05b36]
	(No symbol) [0x0x7ff7abb04d80]
	(No symbol) [0x0x7ff7abb05973]
	(No symbol) [0x0x7ff7abbce4a5]
	(No symbol) [0x0x7ff7abbca75d]
	GetHandleVerifier [0x0x7ff7abd7d2b3+226019]
	GetHandleVerifier [0x0x7ff7abd6c481+156849]
	GetHandleVerifier [0x0x7ff7abd74979+190889]
	GetHandleVerifier [0x0x7ff7abd59bb4+80868]
	GetHandleVerifier [0x0x7ff7abd59d03+81203]
	GetHandleVerifier [0x0x7ff7abd48286+8886]
	BaseThreadInitThunk [0x0x7ff9c9b0e8d7+23]
	RtlUserThreadStart [0x0x7ff9cb08c53c+44]

[2025-11-19T13:31:14.522992] SCRAPER ratings fetch page 176 offset 3500 failed (attempt 4/5): Message: no such window: target window already closed
from unknown error: web view not found
  (Session info: MicrosoftEdge=142.0.3595.80)
Stacktrace:
	GetHandleVerifier [0x0x7ff7abd52a75+51877]
	GetHandleVerifier [0x0x7ff7abd52ad4+51972]
	GetHandleVerifier [0x0x7ff7abf09425+1848405]
	(No symbol) [0x0x7ff7abaa0e5f]
	(No symbol) [0x0x7ff7abb374ec]
	(No symbol) [0x0x7ff7abb4ed0a]
	(No symbol) [0x0x7ff7abb31df3]
	(No symbol) [0x0x7ff7abb05b36]
	(No symbol) [0x0x7ff7abb04d80]
	(No symbol) [0x0x7ff7abb05973]
	(No symbol) [0x0x7ff7abbce4a5]
	(No symbol) [0x0x7ff7abbca75d]
	GetHandleVerifier [0x0x7ff7abd7d2b3+226019]
	GetHandleVerifier [0x0x7ff7abd6c481+156849]
	GetHandleVerifier [0x0x7ff7abd74979+190889]
	GetHandleVerifier [0x0x7ff7abd59bb4+80868]
	GetHandleVerifier [0x0x7ff7abd59d03+81203]
	GetHandleVerifier [0x0x7ff7abd48286+8886]
	BaseThreadInitThunk [0x0x7ff9c9b0e8d7+23]
	RtlUserThreadStart [0x0x7ff9cb08c53c+44]

[2025-11-19T13:31:19.540578] SCRAPER ratings fetch page 176 offset 3500 failed (attempt 5/5): Message: no such window: target window already closed
from unknown error: web view not found
  (Session info: MicrosoftEdge=142.0.3595.80)
Stacktrace:
	GetHandleVerifier [0x0x7ff7abd52a75+51877]
	GetHandleVerifier [0x0x7ff7abd52ad4+51972]
	GetHandleVerifier [0x0x7ff7abf09425+1848405]
	(No symbol) [0x0x7ff7abaa0e5f]
	(No symbol) [0x0x7ff7abb374ec]
	(No symbol) [0x0x7ff7abb4ed0a]
	(No symbol) [0x0x7ff7abb31df3]
	(No symbol) [0x0x7ff7abb05b36]
	(No symbol) [0x0x7ff7abb04d80]
	(No symbol) [0x0x7ff7abb05973]
	(No symbol) [0x0x7ff7abbce4a5]
	(No symbol) [0x0x7ff7abbca75d]
	GetHandleVerifier [0x0x7ff7abd7d2b3+226019]
	GetHandleVerifier [0x0x7ff7abd6c481+156849]
	GetHandleVerifier [0x0x7ff7abd74979+190889]
	GetHandleVerifier [0x0x7ff7abd59bb4+80868]
	GetHandleVerifier [0x0x7ff7abd59d03+81203]
	GetHandleVerifier [0x0x7ff7abd48286+8886]
	BaseThreadInitThunk [0x0x7ff9c9b0e8d7+23]
	RtlUserThreadStart [0x0x7ff9cb08c53c+44]

[2025-11-19T13:31:24.549339] SCRAPER skip page 176 after 5 failures; lanjut halaman berikutnya
[2025-11-19T13:31:24.553329] SCRAPER ratings fetch page 177 offset 3520 failed (attempt 1/5): Message: no such window: target window already closed
from unknown error: web view not found
  (Session info: MicrosoftEdge=142.0.3595.80)
Stacktrace:
	GetHandleVerifier [0x0x7ff7abd52a75+51877]
	GetHandleVerifier [0x0x7ff7abd52ad4+51972]
	GetHandleVerifier [0x0x7ff7abf09425+1848405]
	(No symbol) [0x0x7ff7abaa0e5f]
	(No symbol) [0x0x7ff7abb374ec]
	(No symbol) [0x0x7ff7abb4ed0a]
	(No symbol) [0x0x7ff7abb31df3]
	(No symbol) [0x0x7ff7abb05b36]
	(No symbol) [0x0x7ff7abb04d80]
	(No symbol) [0x0x7ff7abb05973]
	(No symbol) [0x0x7ff7abbce4a5]
	(No symbol) [0x0x7ff7abbca75d]
	GetHandleVerifier [0x0x7ff7abd7d2b3+226019]
	GetHandleVerifier [0x0x7ff7abd6c481+156849]
	GetHandleVerifier [0x0x7ff7abd74979+190889]
	GetHandleVerifier [0x0x7ff7abd59bb4+80868]
	GetHandleVerifier [0x0x7ff7abd59d03+81203]
	GetHandleVerifier [0x0x7ff7abd48286+8886]
	BaseThreadInitThunk [0x0x7ff9c9b0e8d7+23]
	RtlUserThreadStart [0x0x7ff9cb08c53c+44]

[2025-11-19T13:31:26.565748] SCRAPER ratings fetch page 177 offset 3520 failed (attempt 2/5): Message: no such window: target window already closed
from unknown error: web view not found
  (Session info: MicrosoftEdge=142.0.3595.80)
Stacktrace:
	GetHandleVerifier [0x0x7ff7abd52a75+51877]
	GetHandleVerifier [0x0x7ff7abd52ad4+51972]
	GetHandleVerifier [0x0x7ff7abf09425+1848405]
	(No symbol) [0x0x7ff7abaa0e5f]
	(No symbol) [0x0x7ff7abb374ec]
	(No symbol) [0x0x7ff7abb4ed0a]
	(No symbol) [0x0x7ff7abb31df3]
	(No symbol) [0x0x7ff7abb05b36]
	(No symbol) [0x0x7ff7abb04d80]
	(No symbol) [0x0x7ff7abb05973]
	(No symbol) [0x0x7ff7abbce4a5]
	(No symbol) [0x0x7ff7abbca75d]
	GetHandleVerifier [0x0x7ff7abd7d2b3+226019]
	GetHandleVerifier [0x0x7ff7abd6c481+156849]
	GetHandleVerifier [0x0x7ff7abd74979+190889]
	GetHandleVerifier [0x0x7ff7abd59bb4+80868]
	GetHandleVerifier [0x0x7ff7abd59d03+81203]
	GetHandleVerifier [0x0x7ff7abd48286+8886]
	BaseThreadInitThunk [0x0x7ff9c9b0e8d7+23]
	RtlUserThreadStart [0x0x7ff9cb08c53c+44]

[2025-11-19T13:31:29.584259] SCRAPER ratings fetch page 177 offset 3520 failed (attempt 3/5): Message: no such window: target window already closed
from unknown error: web view not found
  (Session info: MicrosoftEdge=142.0.3595.80)
Stacktrace:
	GetHandleVerifier [0x0x7ff7abd52a75+51877]
	GetHandleVerifier [0x0x7ff7abd52ad4+51972]
	GetHandleVerifier [0x0x7ff7abf09425+1848405]
	(No symbol) [0x0x7ff7abaa0e5f]
	(No symbol) [0x0x7ff7abb374ec]
	(No symbol) [0x0x7ff7abb4ed0a]
	(No symbol) [0x0x7ff7abb31df3]
	(No symbol) [0x0x7ff7abb05b36]
	(No symbol) [0x0x7ff7abb04d80]
	(No symbol) [0x0x7ff7abb05973]
	(No symbol) [0x0x7ff7abbce4a5]
	(No symbol) [0x0x7ff7abbca75d]
	GetHandleVerifier [0x0x7ff7abd7d2b3+226019]
	GetHandleVerifier [0x0x7ff7abd6c481+156849]
	GetHandleVerifier [0x0x7ff7abd74979+190889]
	GetHandleVerifier [0x0x7ff7abd59bb4+80868]
	GetHandleVerifier [0x0x7ff7abd59d03+81203]
	GetHandleVerifier [0x0x7ff7abd48286+8886]
	BaseThreadInitThunk [0x0x7ff9c9b0e8d7+23]
	RtlUserThreadStart [0x0x7ff9cb08c53c+44]

[2025-11-19T13:31:33.599363] SCRAPER ratings fetch page 177 offset 3520 failed (attempt 4/5): Message: no such window: target window already closed
from unknown error: web view not found
  (Session info: MicrosoftEdge=142.0.3595.80)
Stacktrace:
	GetHandleVerifier [0x0x7ff7abd52a75+51877]
	GetHandleVerifier [0x0x7ff7abd52ad4+51972]
	GetHandleVerifier [0x0x7ff7abf09425+1848405]
	(No symbol) [0x0x7ff7abaa0e5f]
	(No symbol) [0x0x7ff7abb374ec]
	(No symbol) [0x0x7ff7abb4ed0a]
	(No symbol) [0x0x7ff7abb31df3]
	(No symbol) [0x0x7ff7abb05b36]
	(No symbol) [0x0x7ff7abb04d80]
	(No symbol) [0x0x7ff7abb05973]
	(No symbol) [0x0x7ff7abbce4a5]
	(No symbol) [0x0x7ff7abbca75d]
	GetHandleVerifier [0x0x7ff7abd7d2b3+226019]
	GetHandleVerifier [0x0x7ff7abd6c481+156849]
	GetHandleVerifier [0x0x7ff7abd74979+190889]
	GetHandleVerifier [0x0x7ff7abd59bb4+80868]
	GetHandleVerifier [0x0x7ff7abd59d03+81203]
	GetHandleVerifier [0x0x7ff7abd48286+8886]
	BaseThreadInitThunk [0x0x7ff9c9b0e8d7+23]
	RtlUserThreadStart [0x0x7ff9cb08c53c+44]

[2025-11-19T13:31:38.610432] SCRAPER ratings fetch page 177 offset 3520 failed (attempt 5/5): Message: no such window: target window already closed
from unknown error: web view not found
  (Session info: MicrosoftEdge=142.0.3595.80)
Stacktrace:
	GetHandleVerifier [0x0x7ff7abd52a75+51877]
	GetHandleVerifier [0x0x7ff7abd52ad4+51972]
	GetHandleVerifier [0x0x7ff7abf09425+1848405]
	(No symbol) [0x0x7ff7abaa0e5f]
	(No symbol) [0x0x7ff7abb374ec]
	(No symbol) [0x0x7ff7abb4ed0a]
	(No symbol) [0x0x7ff7abb31df3]
	(No symbol) [0x0x7ff7abb05b36]
	(No symbol) [0x0x7ff7abb04d80]
	(No symbol) [0x0x7ff7abb05973]
	(No symbol) [0x0x7ff7abbce4a5]
	(No symbol) [0x0x7ff7abbca75d]
	GetHandleVerifier [0x0x7ff7abd7d2b3+226019]
	GetHandleVerifier [0x0x7ff7abd6c481+156849]
	GetHandleVerifier [0x0x7ff7abd74979+190889]
	GetHandleVerifier [0x0x7ff7abd59bb4+80868]
	GetHandleVerifier [0x0x7ff7abd59d03+81203]
	GetHandleVerifier [0x0x7ff7abd48286+8886]
	BaseThreadInitThunk [0x0x7ff9c9b0e8d7+23]
	RtlUserThreadStart [0x0x7ff9cb08c53c+44]

[2025-11-19T13:31:43.625506] SCRAPER skip page 177 after 5 failures; lanjut halaman berikutnya
[2025-11-19T13:31:43.626518] SCRAPER ratings fetch page 178 offset 3540 failed (attempt 1/5): Message: no such window: target window already closed
from unknown error: web view not found
  (Session info: MicrosoftEdge=142.0.3595.80)
Stacktrace:
	GetHandleVerifier [0x0x7ff7abd52a75+51877]
	GetHandleVerifier [0x0x7ff7abd52ad4+51972]
	GetHandleVerifier [0x0x7ff7abf09425+1848405]
	(No symbol) [0x0x7ff7abaa0e5f]
	(No symbol) [0x0x7ff7abb374ec]
	(No symbol) [0x0x7ff7abb4ed0a]
	(No symbol) [0x0x7ff7abb31df3]
	(No symbol) [0x0x7ff7abb05b36]
	(No symbol) [0x0x7ff7abb04d80]
	(No symbol) [0x0x7ff7abb05973]
	(No symbol) [0x0x7ff7abbce4a5]
	(No symbol) [0x0x7ff7abbca75d]
	GetHandleVerifier [0x0x7ff7abd7d2b3+226019]
	GetHandleVerifier [0x0x7ff7abd6c481+156849]
	GetHandleVerifier [0x0x7ff7abd74979+190889]
	GetHandleVerifier [0x0x7ff7abd59bb4+80868]
	GetHandleVerifier [0x0x7ff7abd59d03+81203]
	GetHandleVerifier [0x0x7ff7abd48286+8886]
	BaseThreadInitThunk [0x0x7ff9c9b0e8d7+23]
	RtlUserThreadStart [0x0x7ff9cb08c53c+44]

[2025-11-19T13:31:45.640224] SCRAPER ratings fetch page 178 offset 3540 failed (attempt 2/5): Message: no such window: target window already closed
from unknown error: web view not found
  (Session info: MicrosoftEdge=142.0.3595.80)
Stacktrace:
	GetHandleVerifier [0x0x7ff7abd52a75+51877]
	GetHandleVerifier [0x0x7ff7abd52ad4+51972]
	GetHandleVerifier [0x0x7ff7abf09425+1848405]
	(No symbol) [0x0x7ff7abaa0e5f]
	(No symbol) [0x0x7ff7abb374ec]
	(No symbol) [0x0x7ff7abb4ed0a]
	(No symbol) [0x0x7ff7abb31df3]
	(No symbol) [0x0x7ff7abb05b36]
	(No symbol) [0x0x7ff7abb04d80]
	(No symbol) [0x0x7ff7abb05973]
	(No symbol) [0x0x7ff7abbce4a5]
	(No symbol) [0x0x7ff7abbca75d]
	GetHandleVerifier [0x0x7ff7abd7d2b3+226019]
	GetHandleVerifier [0x0x7ff7abd6c481+156849]
	GetHandleVerifier [0x0x7ff7abd74979+190889]
	GetHandleVerifier [0x0x7ff7abd59bb4+80868]
	GetHandleVerifier [0x0x7ff7abd59d03+81203]
	GetHandleVerifier [0x0x7ff7abd48286+8886]
	BaseThreadInitThunk [0x0x7ff9c9b0e8d7+23]
	RtlUserThreadStart [0x0x7ff9cb08c53c+44]

[2025-11-19T13:31:48.647543] SCRAPER ratings fetch page 178 offset 3540 failed (attempt 3/5): Message: no such window: target window already closed
from unknown error: web view not found
  (Session info: MicrosoftEdge=142.0.3595.80)
Stacktrace:
	GetHandleVerifier [0x0x7ff7abd52a75+51877]
	GetHandleVerifier [0x0x7ff7abd52ad4+51972]
	GetHandleVerifier [0x0x7ff7abf09425+1848405]
	(No symbol) [0x0x7ff7abaa0e5f]
	(No symbol) [0x0x7ff7abb374ec]
	(No symbol) [0x0x7ff7abb4ed0a]
	(No symbol) [0x0x7ff7abb31df3]
	(No symbol) [0x0x7ff7abb05b36]
	(No symbol) [0x0x7ff7abb04d80]
	(No symbol) [0x0x7ff7abb05973]
	(No symbol) [0x0x7ff7abbce4a5]
	(No symbol) [0x0x7ff7abbca75d]
	GetHandleVerifier [0x0x7ff7abd7d2b3+226019]
	GetHandleVerifier [0x0x7ff7abd6c481+156849]
	GetHandleVerifier [0x0x7ff7abd74979+190889]
	GetHandleVerifier [0x0x7ff7abd59bb4+80868]
	GetHandleVerifier [0x0x7ff7abd59d03+81203]
	GetHandleVerifier [0x0x7ff7abd48286+8886]
	BaseThreadInitThunk [0x0x7ff9c9b0e8d7+23]
	RtlUserThreadStart [0x0x7ff9cb08c53c+44]

[2025-11-19T13:31:52.663443] SCRAPER ratings fetch page 178 offset 3540 failed (attempt 4/5): Message: no such window: target window already closed
from unknown error: web view not found
  (Session info: MicrosoftEdge=142.0.3595.80)
Stacktrace:
	GetHandleVerifier [0x0x7ff7abd52a75+51877]
	GetHandleVerifier [0x0x7ff7abd52ad4+51972]
	GetHandleVerifier [0x0x7ff7abf09425+1848405]
	(No symbol) [0x0x7ff7abaa0e5f]
	(No symbol) [0x0x7ff7abb374ec]
	(No symbol) [0x0x7ff7abb4ed0a]
	(No symbol) [0x0x7ff7abb31df3]
	(No symbol) [0x0x7ff7abb05b36]
	(No symbol) [0x0x7ff7abb04d80]
	(No symbol) [0x0x7ff7abb05973]
	(No symbol) [0x0x7ff7abbce4a5]
	(No symbol) [0x0x7ff7abbca75d]
	GetHandleVerifier [0x0x7ff7abd7d2b3+226019]
	GetHandleVerifier [0x0x7ff7abd6c481+156849]
	GetHandleVerifier [0x0x7ff7abd74979+190889]
	GetHandleVerifier [0x0x7ff7abd59bb4+80868]
	GetHandleVerifier [0x0x7ff7abd59d03+81203]
	GetHandleVerifier [0x0x7ff7abd48286+8886]
	BaseThreadInitThunk [0x0x7ff9c9b0e8d7+23]
	RtlUserThreadStart [0x0x7ff9cb08c53c+44]

[2025-11-19T13:31:57.676385] SCRAPER ratings fetch page 178 offset 3540 failed (attempt 5/5): Message: no such window: target window already closed
from unknown error: web view not found
  (Session info: MicrosoftEdge=142.0.3595.80)
Stacktrace:
	GetHandleVerifier [0x0x7ff7abd52a75+51877]
	GetHandleVerifier [0x0x7ff7abd52ad4+51972]
	GetHandleVerifier [0x0x7ff7abf09425+1848405]
	(No symbol) [0x0x7ff7abaa0e5f]
	(No symbol) [0x0x7ff7abb374ec]
	(No symbol) [0x0x7ff7abb4ed0a]
	(No symbol) [0x0x7ff7abb31df3]
	(No symbol) [0x0x7ff7abb05b36]
	(No symbol) [0x0x7ff7abb04d80]
	(No symbol) [0x0x7ff7abb05973]
	(No symbol) [0x0x7ff7abbce4a5]
	(No symbol) [0x0x7ff7abbca75d]
	GetHandleVerifier [0x0x7ff7abd7d2b3+226019]
	GetHandleVerifier [0x0x7ff7abd6c481+156849]
	GetHandleVerifier [0x0x7ff7abd74979+190889]
	GetHandleVerifier [0x0x7ff7abd59bb4+80868]
	GetHandleVerifier [0x0x7ff7abd59d03+81203]
	GetHandleVerifier [0x0x7ff7abd48286+8886]
	BaseThreadInitThunk [0x0x7ff9c9b0e8d7+23]
	RtlUserThreadStart [0x0x7ff9cb08c53c+44]

[2025-11-19T13:32:02.690728] SCRAPER skip page 178 after 5 failures; lanjut halaman berikutnya
[2025-11-19T13:32:02.693578] SCRAPER ratings fetch page 179 offset 3560 failed (attempt 1/5): Message: no such window: target window already closed
from unknown error: web view not found
  (Session info: MicrosoftEdge=142.0.3595.80)
Stacktrace:
	GetHandleVerifier [0x0x7ff7abd52a75+51877]
	GetHandleVerifier [0x0x7ff7abd52ad4+51972]
	GetHandleVerifier [0x0x7ff7abf09425+1848405]
	(No symbol) [0x0x7ff7abaa0e5f]
	(No symbol) [0x0x7ff7abb374ec]
	(No symbol) [0x0x7ff7abb4ed0a]
	(No symbol) [0x0x7ff7abb31df3]
	(No symbol) [0x0x7ff7abb05b36]
	(No symbol) [0x0x7ff7abb04d80]
	(No symbol) [0x0x7ff7abb05973]
	(No symbol) [0x0x7ff7abbce4a5]
	(No symbol) [0x0x7ff7abbca75d]
	GetHandleVerifier [0x0x7ff7abd7d2b3+226019]
	GetHandleVerifier [0x0x7ff7abd6c481+156849]
	GetHandleVerifier [0x0x7ff7abd74979+190889]
	GetHandleVerifier [0x0x7ff7abd59bb4+80868]
	GetHandleVerifier [0x0x7ff7abd59d03+81203]
	GetHandleVerifier [0x0x7ff7abd48286+8886]
	BaseThreadInitThunk [0x0x7ff9c9b0e8d7+23]
	RtlUserThreadStart [0x0x7ff9cb08c53c+44]

[2025-11-19T13:32:04.698843] SCRAPER ratings fetch page 179 offset 3560 failed (attempt 2/5): Message: no such window: target window already closed
from unknown error: web view not found
  (Session info: MicrosoftEdge=142.0.3595.80)
Stacktrace:
	GetHandleVerifier [0x0x7ff7abd52a75+51877]
	GetHandleVerifier [0x0x7ff7abd52ad4+51972]
	GetHandleVerifier [0x0x7ff7abf09425+1848405]
	(No symbol) [0x0x7ff7abaa0e5f]
	(No symbol) [0x0x7ff7abb374ec]
	(No symbol) [0x0x7ff7abb4ed0a]
	(No symbol) [0x0x7ff7abb31df3]
	(No symbol) [0x0x7ff7abb05b36]
	(No symbol) [0x0x7ff7abb04d80]
	(No symbol) [0x0x7ff7abb05973]
	(No symbol) [0x0x7ff7abbce4a5]
	(No symbol) [0x0x7ff7abbca75d]
	GetHandleVerifier [0x0x7ff7abd7d2b3+226019]
	GetHandleVerifier [0x0x7ff7abd6c481+156849]
	GetHandleVerifier [0x0x7ff7abd74979+190889]
	GetHandleVerifier [0x0x7ff7abd59bb4+80868]
	GetHandleVerifier [0x0x7ff7abd59d03+81203]
	GetHandleVerifier [0x0x7ff7abd48286+8886]
	BaseThreadInitThunk [0x0x7ff9c9b0e8d7+23]
	RtlUserThreadStart [0x0x7ff9cb08c53c+44]

[2025-11-19T13:32:07.709700] SCRAPER ratings fetch page 179 offset 3560 failed (attempt 3/5): Message: no such window: target window already closed
from unknown error: web view not found
  (Session info: MicrosoftEdge=142.0.3595.80)
Stacktrace:
	GetHandleVerifier [0x0x7ff7abd52a75+51877]
	GetHandleVerifier [0x0x7ff7abd52ad4+51972]
	GetHandleVerifier [0x0x7ff7abf09425+1848405]
	(No symbol) [0x0x7ff7abaa0e5f]
	(No symbol) [0x0x7ff7abb374ec]
	(No symbol) [0x0x7ff7abb4ed0a]
	(No symbol) [0x0x7ff7abb31df3]
	(No symbol) [0x0x7ff7abb05b36]
	(No symbol) [0x0x7ff7abb04d80]
	(No symbol) [0x0x7ff7abb05973]
	(No symbol) [0x0x7ff7abbce4a5]
	(No symbol) [0x0x7ff7abbca75d]
	GetHandleVerifier [0x0x7ff7abd7d2b3+226019]
	GetHandleVerifier [0x0x7ff7abd6c481+156849]
	GetHandleVerifier [0x0x7ff7abd74979+190889]
	GetHandleVerifier [0x0x7ff7abd59bb4+80868]
	GetHandleVerifier [0x0x7ff7abd59d03+81203]
	GetHandleVerifier [0x0x7ff7abd48286+8886]
	BaseThreadInitThunk [0x0x7ff9c9b0e8d7+23]
	RtlUserThreadStart [0x0x7ff9cb08c53c+44]

[2025-11-19T13:32:11.723417] SCRAPER ratings fetch page 179 offset 3560 failed (attempt 4/5): Message: no such window: target window already closed
from unknown error: web view not found
  (Session info: MicrosoftEdge=142.0.3595.80)
Stacktrace:
	GetHandleVerifier [0x0x7ff7abd52a75+51877]
	GetHandleVerifier [0x0x7ff7abd52ad4+51972]
	GetHandleVerifier [0x0x7ff7abf09425+1848405]
	(No symbol) [0x0x7ff7abaa0e5f]
	(No symbol) [0x0x7ff7abb374ec]
	(No symbol) [0x0x7ff7abb4ed0a]
	(No symbol) [0x0x7ff7abb31df3]
	(No symbol) [0x0x7ff7abb05b36]
	(No symbol) [0x0x7ff7abb04d80]
	(No symbol) [0x0x7ff7abb05973]
	(No symbol) [0x0x7ff7abbce4a5]
	(No symbol) [0x0x7ff7abbca75d]
	GetHandleVerifier [0x0x7ff7abd7d2b3+226019]
	GetHandleVerifier [0x0x7ff7abd6c481+156849]
	GetHandleVerifier [0x0x7ff7abd74979+190889]
	GetHandleVerifier [0x0x7ff7abd59bb4+80868]
	GetHandleVerifier [0x0x7ff7abd59d03+81203]
	GetHandleVerifier [0x0x7ff7abd48286+8886]
	BaseThreadInitThunk [0x0x7ff9c9b0e8d7+23]
	RtlUserThreadStart [0x0x7ff9cb08c53c+44]

[2025-11-19T13:32:16.735589] SCRAPER ratings fetch page 179 offset 3560 failed (attempt 5/5): Message: no such window: target window already closed
from unknown error: web view not found
  (Session info: MicrosoftEdge=142.0.3595.80)
Stacktrace:
	GetHandleVerifier [0x0x7ff7abd52a75+51877]
	GetHandleVerifier [0x0x7ff7abd52ad4+51972]
	GetHandleVerifier [0x0x7ff7abf09425+1848405]
	(No symbol) [0x0x7ff7abaa0e5f]
	(No symbol) [0x0x7ff7abb374ec]
	(No symbol) [0x0x7ff7abb4ed0a]
	(No symbol) [0x0x7ff7abb31df3]
	(No symbol) [0x0x7ff7abb05b36]
	(No symbol) [0x0x7ff7abb04d80]
	(No symbol) [0x0x7ff7abb05973]
	(No symbol) [0x0x7ff7abbce4a5]
	(No symbol) [0x0x7ff7abbca75d]
	GetHandleVerifier [0x0x7ff7abd7d2b3+226019]
	GetHandleVerifier [0x0x7ff7abd6c481+156849]
	GetHandleVerifier [0x0x7ff7abd74979+190889]
	GetHandleVerifier [0x0x7ff7abd59bb4+80868]
	GetHandleVerifier [0x0x7ff7abd59d03+81203]
	GetHandleVerifier [0x0x7ff7abd48286+8886]
	BaseThreadInitThunk [0x0x7ff9c9b0e8d7+23]
	RtlUserThreadStart [0x0x7ff9cb08c53c+44]

[2025-11-19T13:32:21.748184] SCRAPER skip page 179 after 5 failures; lanjut halaman berikutnya
[2025-11-19T13:32:21.751031] SCRAPER ratings fetch page 180 offset 3580 failed (attempt 1/5): Message: no such window: target window already closed
from unknown error: web view not found
  (Session info: MicrosoftEdge=142.0.3595.80)
Stacktrace:
	GetHandleVerifier [0x0x7ff7abd52a75+51877]
	GetHandleVerifier [0x0x7ff7abd52ad4+51972]
	GetHandleVerifier [0x0x7ff7abf09425+1848405]
	(No symbol) [0x0x7ff7abaa0e5f]
	(No symbol) [0x0x7ff7abb374ec]
	(No symbol) [0x0x7ff7abb4ed0a]
	(No symbol) [0x0x7ff7abb31df3]
	(No symbol) [0x0x7ff7abb05b36]
	(No symbol) [0x0x7ff7abb04d80]
	(No symbol) [0x0x7ff7abb05973]
	(No symbol) [0x0x7ff7abbce4a5]
	(No symbol) [0x0x7ff7abbca75d]
	GetHandleVerifier [0x0x7ff7abd7d2b3+226019]
	GetHandleVerifier [0x0x7ff7abd6c481+156849]
	GetHandleVerifier [0x0x7ff7abd74979+190889]
	GetHandleVerifier [0x0x7ff7abd59bb4+80868]
	GetHandleVerifier [0x0x7ff7abd59d03+81203]
	GetHandleVerifier [0x0x7ff7abd48286+8886]
	BaseThreadInitThunk [0x0x7ff9c9b0e8d7+23]
	RtlUserThreadStart [0x0x7ff9cb08c53c+44]

[2025-11-19T13:32:23.764537] SCRAPER ratings fetch page 180 offset 3580 failed (attempt 2/5): Message: no such window: target window already closed
from unknown error: web view not found
  (Session info: MicrosoftEdge=142.0.3595.80)
Stacktrace:
	GetHandleVerifier [0x0x7ff7abd52a75+51877]
	GetHandleVerifier [0x0x7ff7abd52ad4+51972]
	GetHandleVerifier [0x0x7ff7abf09425+1848405]
	(No symbol) [0x0x7ff7abaa0e5f]
	(No symbol) [0x0x7ff7abb374ec]
	(No symbol) [0x0x7ff7abb4ed0a]
	(No symbol) [0x0x7ff7abb31df3]
	(No symbol) [0x0x7ff7abb05b36]
	(No symbol) [0x0x7ff7abb04d80]
	(No symbol) [0x0x7ff7abb05973]
	(No symbol) [0x0x7ff7abbce4a5]
	(No symbol) [0x0x7ff7abbca75d]
	GetHandleVerifier [0x0x7ff7abd7d2b3+226019]
	GetHandleVerifier [0x0x7ff7abd6c481+156849]
	GetHandleVerifier [0x0x7ff7abd74979+190889]
	GetHandleVerifier [0x0x7ff7abd59bb4+80868]
	GetHandleVerifier [0x0x7ff7abd59d03+81203]
	GetHandleVerifier [0x0x7ff7abd48286+8886]
	BaseThreadInitThunk [0x0x7ff9c9b0e8d7+23]
	RtlUserThreadStart [0x0x7ff9cb08c53c+44]

[2025-11-19T13:32:26.780815] SCRAPER ratings fetch page 180 offset 3580 failed (attempt 3/5): Message: no such window: target window already closed
from unknown error: web view not found
  (Session info: MicrosoftEdge=142.0.3595.80)
Stacktrace:
	GetHandleVerifier [0x0x7ff7abd52a75+51877]
	GetHandleVerifier [0x0x7ff7abd52ad4+51972]
	GetHandleVerifier [0x0x7ff7abf09425+1848405]
	(No symbol) [0x0x7ff7abaa0e5f]
	(No symbol) [0x0x7ff7abb374ec]
	(No symbol) [0x0x7ff7abb4ed0a]
	(No symbol) [0x0x7ff7abb31df3]
	(No symbol) [0x0x7ff7abb05b36]
	(No symbol) [0x0x7ff7abb04d80]
	(No symbol) [0x0x7ff7abb05973]
	(No symbol) [0x0x7ff7abbce4a5]
	(No symbol) [0x0x7ff7abbca75d]
	GetHandleVerifier [0x0x7ff7abd7d2b3+226019]
	GetHandleVerifier [0x0x7ff7abd6c481+156849]
	GetHandleVerifier [0x0x7ff7abd74979+190889]
	GetHandleVerifier [0x0x7ff7abd59bb4+80868]
	GetHandleVerifier [0x0x7ff7abd59d03+81203]
	GetHandleVerifier [0x0x7ff7abd48286+8886]
	BaseThreadInitThunk [0x0x7ff9c9b0e8d7+23]
	RtlUserThreadStart [0x0x7ff9cb08c53c+44]

[2025-11-19T13:32:30.785974] SCRAPER ratings fetch page 180 offset 3580 failed (attempt 4/5): Message: no such window: target window already closed
from unknown error: web view not found
  (Session info: MicrosoftEdge=142.0.3595.80)
Stacktrace:
	GetHandleVerifier [0x0x7ff7abd52a75+51877]
	GetHandleVerifier [0x0x7ff7abd52ad4+51972]
	GetHandleVerifier [0x0x7ff7abf09425+1848405]
	(No symbol) [0x0x7ff7abaa0e5f]
	(No symbol) [0x0x7ff7abb374ec]
	(No symbol) [0x0x7ff7abb4ed0a]
	(No symbol) [0x0x7ff7abb31df3]
	(No symbol) [0x0x7ff7abb05b36]
	(No symbol) [0x0x7ff7abb04d80]
	(No symbol) [0x0x7ff7abb05973]
	(No symbol) [0x0x7ff7abbce4a5]
	(No symbol) [0x0x7ff7abbca75d]
	GetHandleVerifier [0x0x7ff7abd7d2b3+226019]
	GetHandleVerifier [0x0x7ff7abd6c481+156849]
	GetHandleVerifier [0x0x7ff7abd74979+190889]
	GetHandleVerifier [0x0x7ff7abd59bb4+80868]
	GetHandleVerifier [0x0x7ff7abd59d03+81203]
	GetHandleVerifier [0x0x7ff7abd48286+8886]
	BaseThreadInitThunk [0x0x7ff9c9b0e8d7+23]
	RtlUserThreadStart [0x0x7ff9cb08c53c+44]

[2025-11-19T13:32:35.788785] SCRAPER ratings fetch page 180 offset 3580 failed (attempt 5/5): Message: no such window: target window already closed
from unknown error: web view not found
  (Session info: MicrosoftEdge=142.0.3595.80)
Stacktrace:
	GetHandleVerifier [0x0x7ff7abd52a75+51877]
	GetHandleVerifier [0x0x7ff7abd52ad4+51972]
	GetHandleVerifier [0x0x7ff7abf09425+1848405]
	(No symbol) [0x0x7ff7abaa0e5f]
	(No symbol) [0x0x7ff7abb374ec]
	(No symbol) [0x0x7ff7abb4ed0a]
	(No symbol) [0x0x7ff7abb31df3]
	(No symbol) [0x0x7ff7abb05b36]
	(No symbol) [0x0x7ff7abb04d80]
	(No symbol) [0x0x7ff7abb05973]
	(No symbol) [0x0x7ff7abbce4a5]
	(No symbol) [0x0x7ff7abbca75d]
	GetHandleVerifier [0x0x7ff7abd7d2b3+226019]
	GetHandleVerifier [0x0x7ff7abd6c481+156849]
	GetHandleVerifier [0x0x7ff7abd74979+190889]
	GetHandleVerifier [0x0x7ff7abd59bb4+80868]
	GetHandleVerifier [0x0x7ff7abd59d03+81203]
	GetHandleVerifier [0x0x7ff7abd48286+8886]
	BaseThreadInitThunk [0x0x7ff9c9b0e8d7+23]
	RtlUserThreadStart [0x0x7ff9cb08c53c+44]

[2025-11-19T13:32:40.799888] SCRAPER skip page 180 after 5 failures; lanjut halaman berikutnya
[2025-11-19T13:32:40.800889] SCRAPER ratings fetch page 181 offset 3600 failed (attempt 1/5): Message: no such window: target window already closed
from unknown error: web view not found
  (Session info: MicrosoftEdge=142.0.3595.80)
Stacktrace:
	GetHandleVerifier [0x0x7ff7abd52a75+51877]
	GetHandleVerifier [0x0x7ff7abd52ad4+51972]
	GetHandleVerifier [0x0x7ff7abf09425+1848405]
	(No symbol) [0x0x7ff7abaa0e5f]
	(No symbol) [0x0x7ff7abb374ec]
	(No symbol) [0x0x7ff7abb4ed0a]
	(No symbol) [0x0x7ff7abb31df3]
	(No symbol) [0x0x7ff7abb05b36]
	(No symbol) [0x0x7ff7abb04d80]
	(No symbol) [0x0x7ff7abb05973]
	(No symbol) [0x0x7ff7abbce4a5]
	(No symbol) [0x0x7ff7abbca75d]
	GetHandleVerifier [0x0x7ff7abd7d2b3+226019]
	GetHandleVerifier [0x0x7ff7abd6c481+156849]
	GetHandleVerifier [0x0x7ff7abd74979+190889]
	GetHandleVerifier [0x0x7ff7abd59bb4+80868]
	GetHandleVerifier [0x0x7ff7abd59d03+81203]
	GetHandleVerifier [0x0x7ff7abd48286+8886]
	BaseThreadInitThunk [0x0x7ff9c9b0e8d7+23]
	RtlUserThreadStart [0x0x7ff9cb08c53c+44]

[2025-11-19T13:32:42.806262] SCRAPER ratings fetch page 181 offset 3600 failed (attempt 2/5): Message: no such window: target window already closed
from unknown error: web view not found
  (Session info: MicrosoftEdge=142.0.3595.80)
Stacktrace:
	GetHandleVerifier [0x0x7ff7abd52a75+51877]
	GetHandleVerifier [0x0x7ff7abd52ad4+51972]
	GetHandleVerifier [0x0x7ff7abf09425+1848405]
	(No symbol) [0x0x7ff7abaa0e5f]
	(No symbol) [0x0x7ff7abb374ec]
	(No symbol) [0x0x7ff7abb4ed0a]
	(No symbol) [0x0x7ff7abb31df3]
	(No symbol) [0x0x7ff7abb05b36]
	(No symbol) [0x0x7ff7abb04d80]
	(No symbol) [0x0x7ff7abb05973]
	(No symbol) [0x0x7ff7abbce4a5]
	(No symbol) [0x0x7ff7abbca75d]
	GetHandleVerifier [0x0x7ff7abd7d2b3+226019]
	GetHandleVerifier [0x0x7ff7abd6c481+156849]
	GetHandleVerifier [0x0x7ff7abd74979+190889]
	GetHandleVerifier [0x0x7ff7abd59bb4+80868]
	GetHandleVerifier [0x0x7ff7abd59d03+81203]
	GetHandleVerifier [0x0x7ff7abd48286+8886]
	BaseThreadInitThunk [0x0x7ff9c9b0e8d7+23]
	RtlUserThreadStart [0x0x7ff9cb08c53c+44]

[2025-11-19T13:32:45.810447] SCRAPER ratings fetch page 181 offset 3600 failed (attempt 3/5): Message: no such window: target window already closed
from unknown error: web view not found
  (Session info: MicrosoftEdge=142.0.3595.80)
Stacktrace:
	GetHandleVerifier [0x0x7ff7abd52a75+51877]
	GetHandleVerifier [0x0x7ff7abd52ad4+51972]
	GetHandleVerifier [0x0x7ff7abf09425+1848405]
	(No symbol) [0x0x7ff7abaa0e5f]
	(No symbol) [0x0x7ff7abb374ec]
	(No symbol) [0x0x7ff7abb4ed0a]
	(No symbol) [0x0x7ff7abb31df3]
	(No symbol) [0x0x7ff7abb05b36]
	(No symbol) [0x0x7ff7abb04d80]
	(No symbol) [0x0x7ff7abb05973]
	(No symbol) [0x0x7ff7abbce4a5]
	(No symbol) [0x0x7ff7abbca75d]
	GetHandleVerifier [0x0x7ff7abd7d2b3+226019]
	GetHandleVerifier [0x0x7ff7abd6c481+156849]
	GetHandleVerifier [0x0x7ff7abd74979+190889]
	GetHandleVerifier [0x0x7ff7abd59bb4+80868]
	GetHandleVerifier [0x0x7ff7abd59d03+81203]
	GetHandleVerifier [0x0x7ff7abd48286+8886]
	BaseThreadInitThunk [0x0x7ff9c9b0e8d7+23]
	RtlUserThreadStart [0x0x7ff9cb08c53c+44]

[2025-11-19T13:32:49.823794] SCRAPER ratings fetch page 181 offset 3600 failed (attempt 4/5): Message: no such window: target window already closed
from unknown error: web view not found
  (Session info: MicrosoftEdge=142.0.3595.80)
Stacktrace:
	GetHandleVerifier [0x0x7ff7abd52a75+51877]
	GetHandleVerifier [0x0x7ff7abd52ad4+51972]
	GetHandleVerifier [0x0x7ff7abf09425+1848405]
	(No symbol) [0x0x7ff7abaa0e5f]
	(No symbol) [0x0x7ff7abb374ec]
	(No symbol) [0x0x7ff7abb4ed0a]
	(No symbol) [0x0x7ff7abb31df3]
	(No symbol) [0x0x7ff7abb05b36]
	(No symbol) [0x0x7ff7abb04d80]
	(No symbol) [0x0x7ff7abb05973]
	(No symbol) [0x0x7ff7abbce4a5]
	(No symbol) [0x0x7ff7abbca75d]
	GetHandleVerifier [0x0x7ff7abd7d2b3+226019]
	GetHandleVerifier [0x0x7ff7abd6c481+156849]
	GetHandleVerifier [0x0x7ff7abd74979+190889]
	GetHandleVerifier [0x0x7ff7abd59bb4+80868]
	GetHandleVerifier [0x0x7ff7abd59d03+81203]
	GetHandleVerifier [0x0x7ff7abd48286+8886]
	BaseThreadInitThunk [0x0x7ff9c9b0e8d7+23]
	RtlUserThreadStart [0x0x7ff9cb08c53c+44]

[2025-11-19T13:32:54.829438] SCRAPER ratings fetch page 181 offset 3600 failed (attempt 5/5): Message: no such window: target window already closed
from unknown error: web view not found
  (Session info: MicrosoftEdge=142.0.3595.80)
Stacktrace:
	GetHandleVerifier [0x0x7ff7abd52a75+51877]
	GetHandleVerifier [0x0x7ff7abd52ad4+51972]
	GetHandleVerifier [0x0x7ff7abf09425+1848405]
	(No symbol) [0x0x7ff7abaa0e5f]
	(No symbol) [0x0x7ff7abb374ec]
	(No symbol) [0x0x7ff7abb4ed0a]
	(No symbol) [0x0x7ff7abb31df3]
	(No symbol) [0x0x7ff7abb05b36]
	(No symbol) [0x0x7ff7abb04d80]
	(No symbol) [0x0x7ff7abb05973]
	(No symbol) [0x0x7ff7abbce4a5]
	(No symbol) [0x0x7ff7abbca75d]
	GetHandleVerifier [0x0x7ff7abd7d2b3+226019]
	GetHandleVerifier [0x0x7ff7abd6c481+156849]
	GetHandleVerifier [0x0x7ff7abd74979+190889]
	GetHandleVerifier [0x0x7ff7abd59bb4+80868]
	GetHandleVerifier [0x0x7ff7abd59d03+81203]
	GetHandleVerifier [0x0x7ff7abd48286+8886]
	BaseThreadInitThunk [0x0x7ff9c9b0e8d7+23]
	RtlUserThreadStart [0x0x7ff9cb08c53c+44]

[2025-11-19T13:32:59.834930] SCRAPER skip page 181 after 5 failures; lanjut halaman berikutnya
[2025-11-19T13:32:59.836771] SCRAPER ratings fetch page 182 offset 3620 failed (attempt 1/5): Message: no such window: target window already closed
from unknown error: web view not found
  (Session info: MicrosoftEdge=142.0.3595.80)
Stacktrace:
	GetHandleVerifier [0x0x7ff7abd52a75+51877]
	GetHandleVerifier [0x0x7ff7abd52ad4+51972]
	GetHandleVerifier [0x0x7ff7abf09425+1848405]
	(No symbol) [0x0x7ff7abaa0e5f]
	(No symbol) [0x0x7ff7abb374ec]
	(No symbol) [0x0x7ff7abb4ed0a]
	(No symbol) [0x0x7ff7abb31df3]
	(No symbol) [0x0x7ff7abb05b36]
	(No symbol) [0x0x7ff7abb04d80]
	(No symbol) [0x0x7ff7abb05973]
	(No symbol) [0x0x7ff7abbce4a5]
	(No symbol) [0x0x7ff7abbca75d]
	GetHandleVerifier [0x0x7ff7abd7d2b3+226019]
	GetHandleVerifier [0x0x7ff7abd6c481+156849]
	GetHandleVerifier [0x0x7ff7abd74979+190889]
	GetHandleVerifier [0x0x7ff7abd59bb4+80868]
	GetHandleVerifier [0x0x7ff7abd59d03+81203]
	GetHandleVerifier [0x0x7ff7abd48286+8886]
	BaseThreadInitThunk [0x0x7ff9c9b0e8d7+23]
	RtlUserThreadStart [0x0x7ff9cb08c53c+44]

[2025-11-19T13:33:01.850558] SCRAPER ratings fetch page 182 offset 3620 failed (attempt 2/5): Message: no such window: target window already closed
from unknown error: web view not found
  (Session info: MicrosoftEdge=142.0.3595.80)
Stacktrace:
	GetHandleVerifier [0x0x7ff7abd52a75+51877]
	GetHandleVerifier [0x0x7ff7abd52ad4+51972]
	GetHandleVerifier [0x0x7ff7abf09425+1848405]
	(No symbol) [0x0x7ff7abaa0e5f]
	(No symbol) [0x0x7ff7abb374ec]
	(No symbol) [0x0x7ff7abb4ed0a]
	(No symbol) [0x0x7ff7abb31df3]
	(No symbol) [0x0x7ff7abb05b36]
	(No symbol) [0x0x7ff7abb04d80]
	(No symbol) [0x0x7ff7abb05973]
	(No symbol) [0x0x7ff7abbce4a5]
	(No symbol) [0x0x7ff7abbca75d]
	GetHandleVerifier [0x0x7ff7abd7d2b3+226019]
	GetHandleVerifier [0x0x7ff7abd6c481+156849]
	GetHandleVerifier [0x0x7ff7abd74979+190889]
	GetHandleVerifier [0x0x7ff7abd59bb4+80868]
	GetHandleVerifier [0x0x7ff7abd59d03+81203]
	GetHandleVerifier [0x0x7ff7abd48286+8886]
	BaseThreadInitThunk [0x0x7ff9c9b0e8d7+23]
	RtlUserThreadStart [0x0x7ff9cb08c53c+44]

[2025-11-19T13:33:04.854109] SCRAPER ratings fetch page 182 offset 3620 failed (attempt 3/5): Message: no such window: target window already closed
from unknown error: web view not found
  (Session info: MicrosoftEdge=142.0.3595.80)
Stacktrace:
	GetHandleVerifier [0x0x7ff7abd52a75+51877]
	GetHandleVerifier [0x0x7ff7abd52ad4+51972]
	GetHandleVerifier [0x0x7ff7abf09425+1848405]
	(No symbol) [0x0x7ff7abaa0e5f]
	(No symbol) [0x0x7ff7abb374ec]
	(No symbol) [0x0x7ff7abb4ed0a]
	(No symbol) [0x0x7ff7abb31df3]
	(No symbol) [0x0x7ff7abb05b36]
	(No symbol) [0x0x7ff7abb04d80]
	(No symbol) [0x0x7ff7abb05973]
	(No symbol) [0x0x7ff7abbce4a5]
	(No symbol) [0x0x7ff7abbca75d]
	GetHandleVerifier [0x0x7ff7abd7d2b3+226019]
	GetHandleVerifier [0x0x7ff7abd6c481+156849]
	GetHandleVerifier [0x0x7ff7abd74979+190889]
	GetHandleVerifier [0x0x7ff7abd59bb4+80868]
	GetHandleVerifier [0x0x7ff7abd59d03+81203]
	GetHandleVerifier [0x0x7ff7abd48286+8886]
	BaseThreadInitThunk [0x0x7ff9c9b0e8d7+23]
	RtlUserThreadStart [0x0x7ff9cb08c53c+44]

[2025-11-19T13:33:08.869226] SCRAPER ratings fetch page 182 offset 3620 failed (attempt 4/5): Message: no such window: target window already closed
from unknown error: web view not found
  (Session info: MicrosoftEdge=142.0.3595.80)
Stacktrace:
	GetHandleVerifier [0x0x7ff7abd52a75+51877]
	GetHandleVerifier [0x0x7ff7abd52ad4+51972]
	GetHandleVerifier [0x0x7ff7abf09425+1848405]
	(No symbol) [0x0x7ff7abaa0e5f]
	(No symbol) [0x0x7ff7abb374ec]
	(No symbol) [0x0x7ff7abb4ed0a]
	(No symbol) [0x0x7ff7abb31df3]
	(No symbol) [0x0x7ff7abb05b36]
	(No symbol) [0x0x7ff7abb04d80]
	(No symbol) [0x0x7ff7abb05973]
	(No symbol) [0x0x7ff7abbce4a5]
	(No symbol) [0x0x7ff7abbca75d]
	GetHandleVerifier [0x0x7ff7abd7d2b3+226019]
	GetHandleVerifier [0x0x7ff7abd6c481+156849]
	GetHandleVerifier [0x0x7ff7abd74979+190889]
	GetHandleVerifier [0x0x7ff7abd59bb4+80868]
	GetHandleVerifier [0x0x7ff7abd59d03+81203]
	GetHandleVerifier [0x0x7ff7abd48286+8886]
	BaseThreadInitThunk [0x0x7ff9c9b0e8d7+23]
	RtlUserThreadStart [0x0x7ff9cb08c53c+44]

[2025-11-19T13:33:13.875199] SCRAPER ratings fetch page 182 offset 3620 failed (attempt 5/5): Message: no such window: target window already closed
from unknown error: web view not found
  (Session info: MicrosoftEdge=142.0.3595.80)
Stacktrace:
	GetHandleVerifier [0x0x7ff7abd52a75+51877]
	GetHandleVerifier [0x0x7ff7abd52ad4+51972]
	GetHandleVerifier [0x0x7ff7abf09425+1848405]
	(No symbol) [0x0x7ff7abaa0e5f]
	(No symbol) [0x0x7ff7abb374ec]
	(No symbol) [0x0x7ff7abb4ed0a]
	(No symbol) [0x0x7ff7abb31df3]
	(No symbol) [0x0x7ff7abb05b36]
	(No symbol) [0x0x7ff7abb04d80]
	(No symbol) [0x0x7ff7abb05973]
	(No symbol) [0x0x7ff7abbce4a5]
	(No symbol) [0x0x7ff7abbca75d]
	GetHandleVerifier [0x0x7ff7abd7d2b3+226019]
	GetHandleVerifier [0x0x7ff7abd6c481+156849]
	GetHandleVerifier [0x0x7ff7abd74979+190889]
	GetHandleVerifier [0x0x7ff7abd59bb4+80868]
	GetHandleVerifier [0x0x7ff7abd59d03+81203]
	GetHandleVerifier [0x0x7ff7abd48286+8886]
	BaseThreadInitThunk [0x0x7ff9c9b0e8d7+23]
	RtlUserThreadStart [0x0x7ff9cb08c53c+44]

[2025-11-19T13:33:18.891220] SCRAPER skip page 182 after 5 failures; lanjut halaman berikutnya
[2025-11-19T13:33:18.895434] SCRAPER ratings fetch page 183 offset 3640 failed (attempt 1/5): Message: no such window: target window already closed
from unknown error: web view not found
  (Session info: MicrosoftEdge=142.0.3595.80)
Stacktrace:
	GetHandleVerifier [0x0x7ff7abd52a75+51877]
	GetHandleVerifier [0x0x7ff7abd52ad4+51972]
	GetHandleVerifier [0x0x7ff7abf09425+1848405]
	(No symbol) [0x0x7ff7abaa0e5f]
	(No symbol) [0x0x7ff7abb374ec]
	(No symbol) [0x0x7ff7abb4ed0a]
	(No symbol) [0x0x7ff7abb31df3]
	(No symbol) [0x0x7ff7abb05b36]
	(No symbol) [0x0x7ff7abb04d80]
	(No symbol) [0x0x7ff7abb05973]
	(No symbol) [0x0x7ff7abbce4a5]
	(No symbol) [0x0x7ff7abbca75d]
	GetHandleVerifier [0x0x7ff7abd7d2b3+226019]
	GetHandleVerifier [0x0x7ff7abd6c481+156849]
	GetHandleVerifier [0x0x7ff7abd74979+190889]
	GetHandleVerifier [0x0x7ff7abd59bb4+80868]
	GetHandleVerifier [0x0x7ff7abd59d03+81203]
	GetHandleVerifier [0x0x7ff7abd48286+8886]
	BaseThreadInitThunk [0x0x7ff9c9b0e8d7+23]
	RtlUserThreadStart [0x0x7ff9cb08c53c+44]

[2025-11-19T13:33:20.900057] SCRAPER ratings fetch page 183 offset 3640 failed (attempt 2/5): Message: no such window: target window already closed
from unknown error: web view not found
  (Session info: MicrosoftEdge=142.0.3595.80)
Stacktrace:
	GetHandleVerifier [0x0x7ff7abd52a75+51877]
	GetHandleVerifier [0x0x7ff7abd52ad4+51972]
	GetHandleVerifier [0x0x7ff7abf09425+1848405]
	(No symbol) [0x0x7ff7abaa0e5f]
	(No symbol) [0x0x7ff7abb374ec]
	(No symbol) [0x0x7ff7abb4ed0a]
	(No symbol) [0x0x7ff7abb31df3]
	(No symbol) [0x0x7ff7abb05b36]
	(No symbol) [0x0x7ff7abb04d80]
	(No symbol) [0x0x7ff7abb05973]
	(No symbol) [0x0x7ff7abbce4a5]
	(No symbol) [0x0x7ff7abbca75d]
	GetHandleVerifier [0x0x7ff7abd7d2b3+226019]
	GetHandleVerifier [0x0x7ff7abd6c481+156849]
	GetHandleVerifier [0x0x7ff7abd74979+190889]
	GetHandleVerifier [0x0x7ff7abd59bb4+80868]
	GetHandleVerifier [0x0x7ff7abd59d03+81203]
	GetHandleVerifier [0x0x7ff7abd48286+8886]
	BaseThreadInitThunk [0x0x7ff9c9b0e8d7+23]
	RtlUserThreadStart [0x0x7ff9cb08c53c+44]

[2025-11-19T13:33:23.909523] SCRAPER ratings fetch page 183 offset 3640 failed (attempt 3/5): Message: no such window: target window already closed
from unknown error: web view not found
  (Session info: MicrosoftEdge=142.0.3595.80)
Stacktrace:
	GetHandleVerifier [0x0x7ff7abd52a75+51877]
	GetHandleVerifier [0x0x7ff7abd52ad4+51972]
	GetHandleVerifier [0x0x7ff7abf09425+1848405]
	(No symbol) [0x0x7ff7abaa0e5f]
	(No symbol) [0x0x7ff7abb374ec]
	(No symbol) [0x0x7ff7abb4ed0a]
	(No symbol) [0x0x7ff7abb31df3]
	(No symbol) [0x0x7ff7abb05b36]
	(No symbol) [0x0x7ff7abb04d80]
	(No symbol) [0x0x7ff7abb05973]
	(No symbol) [0x0x7ff7abbce4a5]
	(No symbol) [0x0x7ff7abbca75d]
	GetHandleVerifier [0x0x7ff7abd7d2b3+226019]
	GetHandleVerifier [0x0x7ff7abd6c481+156849]
	GetHandleVerifier [0x0x7ff7abd74979+190889]
	GetHandleVerifier [0x0x7ff7abd59bb4+80868]
	GetHandleVerifier [0x0x7ff7abd59d03+81203]
	GetHandleVerifier [0x0x7ff7abd48286+8886]
	BaseThreadInitThunk [0x0x7ff9c9b0e8d7+23]
	RtlUserThreadStart [0x0x7ff9cb08c53c+44]

[2025-11-19T13:33:27.912017] SCRAPER ratings fetch page 183 offset 3640 failed (attempt 4/5): Message: no such window: target window already closed
from unknown error: web view not found
  (Session info: MicrosoftEdge=142.0.3595.80)
Stacktrace:
	GetHandleVerifier [0x0x7ff7abd52a75+51877]
	GetHandleVerifier [0x0x7ff7abd52ad4+51972]
	GetHandleVerifier [0x0x7ff7abf09425+1848405]
	(No symbol) [0x0x7ff7abaa0e5f]
	(No symbol) [0x0x7ff7abb374ec]
	(No symbol) [0x0x7ff7abb4ed0a]
	(No symbol) [0x0x7ff7abb31df3]
	(No symbol) [0x0x7ff7abb05b36]
	(No symbol) [0x0x7ff7abb04d80]
	(No symbol) [0x0x7ff7abb05973]
	(No symbol) [0x0x7ff7abbce4a5]
	(No symbol) [0x0x7ff7abbca75d]
	GetHandleVerifier [0x0x7ff7abd7d2b3+226019]
	GetHandleVerifier [0x0x7ff7abd6c481+156849]
	GetHandleVerifier [0x0x7ff7abd74979+190889]
	GetHandleVerifier [0x0x7ff7abd59bb4+80868]
	GetHandleVerifier [0x0x7ff7abd59d03+81203]
	GetHandleVerifier [0x0x7ff7abd48286+8886]
	BaseThreadInitThunk [0x0x7ff9c9b0e8d7+23]
	RtlUserThreadStart [0x0x7ff9cb08c53c+44]

[2025-11-19T13:33:32.916273] SCRAPER ratings fetch page 183 offset 3640 failed (attempt 5/5): Message: no such window: target window already closed
from unknown error: web view not found
  (Session info: MicrosoftEdge=142.0.3595.80)
Stacktrace:
	GetHandleVerifier [0x0x7ff7abd52a75+51877]
	GetHandleVerifier [0x0x7ff7abd52ad4+51972]
	GetHandleVerifier [0x0x7ff7abf09425+1848405]
	(No symbol) [0x0x7ff7abaa0e5f]
	(No symbol) [0x0x7ff7abb374ec]
	(No symbol) [0x0x7ff7abb4ed0a]
	(No symbol) [0x0x7ff7abb31df3]
	(No symbol) [0x0x7ff7abb05b36]
	(No symbol) [0x0x7ff7abb04d80]
	(No symbol) [0x0x7ff7abb05973]
	(No symbol) [0x0x7ff7abbce4a5]
	(No symbol) [0x0x7ff7abbca75d]
	GetHandleVerifier [0x0x7ff7abd7d2b3+226019]
	GetHandleVerifier [0x0x7ff7abd6c481+156849]
	GetHandleVerifier [0x0x7ff7abd74979+190889]
	GetHandleVerifier [0x0x7ff7abd59bb4+80868]
	GetHandleVerifier [0x0x7ff7abd59d03+81203]
	GetHandleVerifier [0x0x7ff7abd48286+8886]
	BaseThreadInitThunk [0x0x7ff9c9b0e8d7+23]
	RtlUserThreadStart [0x0x7ff9cb08c53c+44]

[2025-11-19T13:33:37.921350] SCRAPER skip page 183 after 5 failures; lanjut halaman berikutnya
[2025-11-19T13:33:37.924747] SCRAPER ratings fetch page 184 offset 3660 failed (attempt 1/5): Message: no such window: target window already closed
from unknown error: web view not found
  (Session info: MicrosoftEdge=142.0.3595.80)
Stacktrace:
	GetHandleVerifier [0x0x7ff7abd52a75+51877]
	GetHandleVerifier [0x0x7ff7abd52ad4+51972]
	GetHandleVerifier [0x0x7ff7abf09425+1848405]
	(No symbol) [0x0x7ff7abaa0e5f]
	(No symbol) [0x0x7ff7abb374ec]
	(No symbol) [0x0x7ff7abb4ed0a]
	(No symbol) [0x0x7ff7abb31df3]
	(No symbol) [0x0x7ff7abb05b36]
	(No symbol) [0x0x7ff7abb04d80]
	(No symbol) [0x0x7ff7abb05973]
	(No symbol) [0x0x7ff7abbce4a5]
	(No symbol) [0x0x7ff7abbca75d]
	GetHandleVerifier [0x0x7ff7abd7d2b3+226019]
	GetHandleVerifier [0x0x7ff7abd6c481+156849]
	GetHandleVerifier [0x0x7ff7abd74979+190889]
	GetHandleVerifier [0x0x7ff7abd59bb4+80868]
	GetHandleVerifier [0x0x7ff7abd59d03+81203]
	GetHandleVerifier [0x0x7ff7abd48286+8886]
	BaseThreadInitThunk [0x0x7ff9c9b0e8d7+23]
	RtlUserThreadStart [0x0x7ff9cb08c53c+44]

[2025-11-19T13:33:39.934712] SCRAPER ratings fetch page 184 offset 3660 failed (attempt 2/5): Message: no such window: target window already closed
from unknown error: web view not found
  (Session info: MicrosoftEdge=142.0.3595.80)
Stacktrace:
	GetHandleVerifier [0x0x7ff7abd52a75+51877]
	GetHandleVerifier [0x0x7ff7abd52ad4+51972]
	GetHandleVerifier [0x0x7ff7abf09425+1848405]
	(No symbol) [0x0x7ff7abaa0e5f]
	(No symbol) [0x0x7ff7abb374ec]
	(No symbol) [0x0x7ff7abb4ed0a]
	(No symbol) [0x0x7ff7abb31df3]
	(No symbol) [0x0x7ff7abb05b36]
	(No symbol) [0x0x7ff7abb04d80]
	(No symbol) [0x0x7ff7abb05973]
	(No symbol) [0x0x7ff7abbce4a5]
	(No symbol) [0x0x7ff7abbca75d]
	GetHandleVerifier [0x0x7ff7abd7d2b3+226019]
	GetHandleVerifier [0x0x7ff7abd6c481+156849]
	GetHandleVerifier [0x0x7ff7abd74979+190889]
	GetHandleVerifier [0x0x7ff7abd59bb4+80868]
	GetHandleVerifier [0x0x7ff7abd59d03+81203]
	GetHandleVerifier [0x0x7ff7abd48286+8886]
	BaseThreadInitThunk [0x0x7ff9c9b0e8d7+23]
	RtlUserThreadStart [0x0x7ff9cb08c53c+44]

[2025-11-19T13:33:42.951100] SCRAPER ratings fetch page 184 offset 3660 failed (attempt 3/5): Message: no such window: target window already closed
from unknown error: web view not found
  (Session info: MicrosoftEdge=142.0.3595.80)
Stacktrace:
	GetHandleVerifier [0x0x7ff7abd52a75+51877]
	GetHandleVerifier [0x0x7ff7abd52ad4+51972]
	GetHandleVerifier [0x0x7ff7abf09425+1848405]
	(No symbol) [0x0x7ff7abaa0e5f]
	(No symbol) [0x0x7ff7abb374ec]
	(No symbol) [0x0x7ff7abb4ed0a]
	(No symbol) [0x0x7ff7abb31df3]
	(No symbol) [0x0x7ff7abb05b36]
	(No symbol) [0x0x7ff7abb04d80]
	(No symbol) [0x0x7ff7abb05973]
	(No symbol) [0x0x7ff7abbce4a5]
	(No symbol) [0x0x7ff7abbca75d]
	GetHandleVerifier [0x0x7ff7abd7d2b3+226019]
	GetHandleVerifier [0x0x7ff7abd6c481+156849]
	GetHandleVerifier [0x0x7ff7abd74979+190889]
	GetHandleVerifier [0x0x7ff7abd59bb4+80868]
	GetHandleVerifier [0x0x7ff7abd59d03+81203]
	GetHandleVerifier [0x0x7ff7abd48286+8886]
	BaseThreadInitThunk [0x0x7ff9c9b0e8d7+23]
	RtlUserThreadStart [0x0x7ff9cb08c53c+44]

[2025-11-19T13:33:46.957108] SCRAPER ratings fetch page 184 offset 3660 failed (attempt 4/5): Message: no such window: target window already closed
from unknown error: web view not found
  (Session info: MicrosoftEdge=142.0.3595.80)
Stacktrace:
	GetHandleVerifier [0x0x7ff7abd52a75+51877]
	GetHandleVerifier [0x0x7ff7abd52ad4+51972]
	GetHandleVerifier [0x0x7ff7abf09425+1848405]
	(No symbol) [0x0x7ff7abaa0e5f]
	(No symbol) [0x0x7ff7abb374ec]
	(No symbol) [0x0x7ff7abb4ed0a]
	(No symbol) [0x0x7ff7abb31df3]
	(No symbol) [0x0x7ff7abb05b36]
	(No symbol) [0x0x7ff7abb04d80]
	(No symbol) [0x0x7ff7abb05973]
	(No symbol) [0x0x7ff7abbce4a5]
	(No symbol) [0x0x7ff7abbca75d]
	GetHandleVerifier [0x0x7ff7abd7d2b3+226019]
	GetHandleVerifier [0x0x7ff7abd6c481+156849]
	GetHandleVerifier [0x0x7ff7abd74979+190889]
	GetHandleVerifier [0x0x7ff7abd59bb4+80868]
	GetHandleVerifier [0x0x7ff7abd59d03+81203]
	GetHandleVerifier [0x0x7ff7abd48286+8886]
	BaseThreadInitThunk [0x0x7ff9c9b0e8d7+23]
	RtlUserThreadStart [0x0x7ff9cb08c53c+44]

[2025-11-19T13:33:51.973549] SCRAPER ratings fetch page 184 offset 3660 failed (attempt 5/5): Message: no such window: target window already closed
from unknown error: web view not found
  (Session info: MicrosoftEdge=142.0.3595.80)
Stacktrace:
	GetHandleVerifier [0x0x7ff7abd52a75+51877]
	GetHandleVerifier [0x0x7ff7abd52ad4+51972]
	GetHandleVerifier [0x0x7ff7abf09425+1848405]
	(No symbol) [0x0x7ff7abaa0e5f]
	(No symbol) [0x0x7ff7abb374ec]
	(No symbol) [0x0x7ff7abb4ed0a]
	(No symbol) [0x0x7ff7abb31df3]
	(No symbol) [0x0x7ff7abb05b36]
	(No symbol) [0x0x7ff7abb04d80]
	(No symbol) [0x0x7ff7abb05973]
	(No symbol) [0x0x7ff7abbce4a5]
	(No symbol) [0x0x7ff7abbca75d]
	GetHandleVerifier [0x0x7ff7abd7d2b3+226019]
	GetHandleVerifier [0x0x7ff7abd6c481+156849]
	GetHandleVerifier [0x0x7ff7abd74979+190889]
	GetHandleVerifier [0x0x7ff7abd59bb4+80868]
	GetHandleVerifier [0x0x7ff7abd59d03+81203]
	GetHandleVerifier [0x0x7ff7abd48286+8886]
	BaseThreadInitThunk [0x0x7ff9c9b0e8d7+23]
	RtlUserThreadStart [0x0x7ff9cb08c53c+44]

[2025-11-19T13:33:56.988844] SCRAPER skip page 184 after 5 failures; lanjut halaman berikutnya
[2025-11-19T13:33:56.992835] SCRAPER ratings fetch page 185 offset 3680 failed (attempt 1/5): Message: no such window: target window already closed
from unknown error: web view not found
  (Session info: MicrosoftEdge=142.0.3595.80)
Stacktrace:
	GetHandleVerifier [0x0x7ff7abd52a75+51877]
	GetHandleVerifier [0x0x7ff7abd52ad4+51972]
	GetHandleVerifier [0x0x7ff7abf09425+1848405]
	(No symbol) [0x0x7ff7abaa0e5f]
	(No symbol) [0x0x7ff7abb374ec]
	(No symbol) [0x0x7ff7abb4ed0a]
	(No symbol) [0x0x7ff7abb31df3]
	(No symbol) [0x0x7ff7abb05b36]
	(No symbol) [0x0x7ff7abb04d80]
	(No symbol) [0x0x7ff7abb05973]
	(No symbol) [0x0x7ff7abbce4a5]
	(No symbol) [0x0x7ff7abbca75d]
	GetHandleVerifier [0x0x7ff7abd7d2b3+226019]
	GetHandleVerifier [0x0x7ff7abd6c481+156849]
	GetHandleVerifier [0x0x7ff7abd74979+190889]
	GetHandleVerifier [0x0x7ff7abd59bb4+80868]
	GetHandleVerifier [0x0x7ff7abd59d03+81203]
	GetHandleVerifier [0x0x7ff7abd48286+8886]
	BaseThreadInitThunk [0x0x7ff9c9b0e8d7+23]
	RtlUserThreadStart [0x0x7ff9cb08c53c+44]

[2025-11-19T13:33:59.006748] SCRAPER ratings fetch page 185 offset 3680 failed (attempt 2/5): Message: no such window: target window already closed
from unknown error: web view not found
  (Session info: MicrosoftEdge=142.0.3595.80)
Stacktrace:
	GetHandleVerifier [0x0x7ff7abd52a75+51877]
	GetHandleVerifier [0x0x7ff7abd52ad4+51972]
	GetHandleVerifier [0x0x7ff7abf09425+1848405]
	(No symbol) [0x0x7ff7abaa0e5f]
	(No symbol) [0x0x7ff7abb374ec]
	(No symbol) [0x0x7ff7abb4ed0a]
	(No symbol) [0x0x7ff7abb31df3]
	(No symbol) [0x0x7ff7abb05b36]
	(No symbol) [0x0x7ff7abb04d80]
	(No symbol) [0x0x7ff7abb05973]
	(No symbol) [0x0x7ff7abbce4a5]
	(No symbol) [0x0x7ff7abbca75d]
	GetHandleVerifier [0x0x7ff7abd7d2b3+226019]
	GetHandleVerifier [0x0x7ff7abd6c481+156849]
	GetHandleVerifier [0x0x7ff7abd74979+190889]
	GetHandleVerifier [0x0x7ff7abd59bb4+80868]
	GetHandleVerifier [0x0x7ff7abd59d03+81203]
	GetHandleVerifier [0x0x7ff7abd48286+8886]
	BaseThreadInitThunk [0x0x7ff9c9b0e8d7+23]
	RtlUserThreadStart [0x0x7ff9cb08c53c+44]

[2025-11-19T13:34:02.019157] SCRAPER ratings fetch page 185 offset 3680 failed (attempt 3/5): Message: no such window: target window already closed
from unknown error: web view not found
  (Session info: MicrosoftEdge=142.0.3595.80)
Stacktrace:
	GetHandleVerifier [0x0x7ff7abd52a75+51877]
	GetHandleVerifier [0x0x7ff7abd52ad4+51972]
	GetHandleVerifier [0x0x7ff7abf09425+1848405]
	(No symbol) [0x0x7ff7abaa0e5f]
	(No symbol) [0x0x7ff7abb374ec]
	(No symbol) [0x0x7ff7abb4ed0a]
	(No symbol) [0x0x7ff7abb31df3]
	(No symbol) [0x0x7ff7abb05b36]
	(No symbol) [0x0x7ff7abb04d80]
	(No symbol) [0x0x7ff7abb05973]
	(No symbol) [0x0x7ff7abbce4a5]
	(No symbol) [0x0x7ff7abbca75d]
	GetHandleVerifier [0x0x7ff7abd7d2b3+226019]
	GetHandleVerifier [0x0x7ff7abd6c481+156849]
	GetHandleVerifier [0x0x7ff7abd74979+190889]
	GetHandleVerifier [0x0x7ff7abd59bb4+80868]
	GetHandleVerifier [0x0x7ff7abd59d03+81203]
	GetHandleVerifier [0x0x7ff7abd48286+8886]
	BaseThreadInitThunk [0x0x7ff9c9b0e8d7+23]
	RtlUserThreadStart [0x0x7ff9cb08c53c+44]

[2025-11-19T13:34:06.024344] SCRAPER ratings fetch page 185 offset 3680 failed (attempt 4/5): Message: no such window: target window already closed
from unknown error: web view not found
  (Session info: MicrosoftEdge=142.0.3595.80)
Stacktrace:
	GetHandleVerifier [0x0x7ff7abd52a75+51877]
	GetHandleVerifier [0x0x7ff7abd52ad4+51972]
	GetHandleVerifier [0x0x7ff7abf09425+1848405]
	(No symbol) [0x0x7ff7abaa0e5f]
	(No symbol) [0x0x7ff7abb374ec]
	(No symbol) [0x0x7ff7abb4ed0a]
	(No symbol) [0x0x7ff7abb31df3]
	(No symbol) [0x0x7ff7abb05b36]
	(No symbol) [0x0x7ff7abb04d80]
	(No symbol) [0x0x7ff7abb05973]
	(No symbol) [0x0x7ff7abbce4a5]
	(No symbol) [0x0x7ff7abbca75d]
	GetHandleVerifier [0x0x7ff7abd7d2b3+226019]
	GetHandleVerifier [0x0x7ff7abd6c481+156849]
	GetHandleVerifier [0x0x7ff7abd74979+190889]
	GetHandleVerifier [0x0x7ff7abd59bb4+80868]
	GetHandleVerifier [0x0x7ff7abd59d03+81203]
	GetHandleVerifier [0x0x7ff7abd48286+8886]
	BaseThreadInitThunk [0x0x7ff9c9b0e8d7+23]
	RtlUserThreadStart [0x0x7ff9cb08c53c+44]

[2025-11-19T13:34:11.041368] SCRAPER ratings fetch page 185 offset 3680 failed (attempt 5/5): Message: no such window: target window already closed
from unknown error: web view not found
  (Session info: MicrosoftEdge=142.0.3595.80)
Stacktrace:
	GetHandleVerifier [0x0x7ff7abd52a75+51877]
	GetHandleVerifier [0x0x7ff7abd52ad4+51972]
	GetHandleVerifier [0x0x7ff7abf09425+1848405]
	(No symbol) [0x0x7ff7abaa0e5f]
	(No symbol) [0x0x7ff7abb374ec]
	(No symbol) [0x0x7ff7abb4ed0a]
	(No symbol) [0x0x7ff7abb31df3]
	(No symbol) [0x0x7ff7abb05b36]
	(No symbol) [0x0x7ff7abb04d80]
	(No symbol) [0x0x7ff7abb05973]
	(No symbol) [0x0x7ff7abbce4a5]
	(No symbol) [0x0x7ff7abbca75d]
	GetHandleVerifier [0x0x7ff7abd7d2b3+226019]
	GetHandleVerifier [0x0x7ff7abd6c481+156849]
	GetHandleVerifier [0x0x7ff7abd74979+190889]
	GetHandleVerifier [0x0x7ff7abd59bb4+80868]
	GetHandleVerifier [0x0x7ff7abd59d03+81203]
	GetHandleVerifier [0x0x7ff7abd48286+8886]
	BaseThreadInitThunk [0x0x7ff9c9b0e8d7+23]
	RtlUserThreadStart [0x0x7ff9cb08c53c+44]

[2025-11-19T13:34:16.056524] SCRAPER skip page 185 after 5 failures; lanjut halaman berikutnya
[2025-11-19T13:34:16.058440] SCRAPER ratings fetch page 186 offset 3700 failed (attempt 1/5): Message: no such window: target window already closed
from unknown error: web view not found
  (Session info: MicrosoftEdge=142.0.3595.80)
Stacktrace:
	GetHandleVerifier [0x0x7ff7abd52a75+51877]
	GetHandleVerifier [0x0x7ff7abd52ad4+51972]
	GetHandleVerifier [0x0x7ff7abf09425+1848405]
	(No symbol) [0x0x7ff7abaa0e5f]
	(No symbol) [0x0x7ff7abb374ec]
	(No symbol) [0x0x7ff7abb4ed0a]
	(No symbol) [0x0x7ff7abb31df3]
	(No symbol) [0x0x7ff7abb05b36]
	(No symbol) [0x0x7ff7abb04d80]
	(No symbol) [0x0x7ff7abb05973]
	(No symbol) [0x0x7ff7abbce4a5]
	(No symbol) [0x0x7ff7abbca75d]
	GetHandleVerifier [0x0x7ff7abd7d2b3+226019]
	GetHandleVerifier [0x0x7ff7abd6c481+156849]
	GetHandleVerifier [0x0x7ff7abd74979+190889]
	GetHandleVerifier [0x0x7ff7abd59bb4+80868]
	GetHandleVerifier [0x0x7ff7abd59d03+81203]
	GetHandleVerifier [0x0x7ff7abd48286+8886]
	BaseThreadInitThunk [0x0x7ff9c9b0e8d7+23]
	RtlUserThreadStart [0x0x7ff9cb08c53c+44]

[2025-11-19T13:34:18.069950] SCRAPER ratings fetch page 186 offset 3700 failed (attempt 2/5): Message: no such window: target window already closed
from unknown error: web view not found
  (Session info: MicrosoftEdge=142.0.3595.80)
Stacktrace:
	GetHandleVerifier [0x0x7ff7abd52a75+51877]
	GetHandleVerifier [0x0x7ff7abd52ad4+51972]
	GetHandleVerifier [0x0x7ff7abf09425+1848405]
	(No symbol) [0x0x7ff7abaa0e5f]
	(No symbol) [0x0x7ff7abb374ec]
	(No symbol) [0x0x7ff7abb4ed0a]
	(No symbol) [0x0x7ff7abb31df3]
	(No symbol) [0x0x7ff7abb05b36]
	(No symbol) [0x0x7ff7abb04d80]
	(No symbol) [0x0x7ff7abb05973]
	(No symbol) [0x0x7ff7abbce4a5]
	(No symbol) [0x0x7ff7abbca75d]
	GetHandleVerifier [0x0x7ff7abd7d2b3+226019]
	GetHandleVerifier [0x0x7ff7abd6c481+156849]
	GetHandleVerifier [0x0x7ff7abd74979+190889]
	GetHandleVerifier [0x0x7ff7abd59bb4+80868]
	GetHandleVerifier [0x0x7ff7abd59d03+81203]
	GetHandleVerifier [0x0x7ff7abd48286+8886]
	BaseThreadInitThunk [0x0x7ff9c9b0e8d7+23]
	RtlUserThreadStart [0x0x7ff9cb08c53c+44]

[2025-11-19T13:34:21.075975] SCRAPER ratings fetch page 186 offset 3700 failed (attempt 3/5): Message: no such window: target window already closed
from unknown error: web view not found
  (Session info: MicrosoftEdge=142.0.3595.80)
Stacktrace:
	GetHandleVerifier [0x0x7ff7abd52a75+51877]
	GetHandleVerifier [0x0x7ff7abd52ad4+51972]
	GetHandleVerifier [0x0x7ff7abf09425+1848405]
	(No symbol) [0x0x7ff7abaa0e5f]
	(No symbol) [0x0x7ff7abb374ec]
	(No symbol) [0x0x7ff7abb4ed0a]
	(No symbol) [0x0x7ff7abb31df3]
	(No symbol) [0x0x7ff7abb05b36]
	(No symbol) [0x0x7ff7abb04d80]
	(No symbol) [0x0x7ff7abb05973]
	(No symbol) [0x0x7ff7abbce4a5]
	(No symbol) [0x0x7ff7abbca75d]
	GetHandleVerifier [0x0x7ff7abd7d2b3+226019]
	GetHandleVerifier [0x0x7ff7abd6c481+156849]
	GetHandleVerifier [0x0x7ff7abd74979+190889]
	GetHandleVerifier [0x0x7ff7abd59bb4+80868]
	GetHandleVerifier [0x0x7ff7abd59d03+81203]
	GetHandleVerifier [0x0x7ff7abd48286+8886]
	BaseThreadInitThunk [0x0x7ff9c9b0e8d7+23]
	RtlUserThreadStart [0x0x7ff9cb08c53c+44]

[2025-11-19T13:34:25.083655] SCRAPER ratings fetch page 186 offset 3700 failed (attempt 4/5): Message: no such window: target window already closed
from unknown error: web view not found
  (Session info: MicrosoftEdge=142.0.3595.80)
Stacktrace:
	GetHandleVerifier [0x0x7ff7abd52a75+51877]
	GetHandleVerifier [0x0x7ff7abd52ad4+51972]
	GetHandleVerifier [0x0x7ff7abf09425+1848405]
	(No symbol) [0x0x7ff7abaa0e5f]
	(No symbol) [0x0x7ff7abb374ec]
	(No symbol) [0x0x7ff7abb4ed0a]
	(No symbol) [0x0x7ff7abb31df3]
	(No symbol) [0x0x7ff7abb05b36]
	(No symbol) [0x0x7ff7abb04d80]
	(No symbol) [0x0x7ff7abb05973]
	(No symbol) [0x0x7ff7abbce4a5]
	(No symbol) [0x0x7ff7abbca75d]
	GetHandleVerifier [0x0x7ff7abd7d2b3+226019]
	GetHandleVerifier [0x0x7ff7abd6c481+156849]
	GetHandleVerifier [0x0x7ff7abd74979+190889]
	GetHandleVerifier [0x0x7ff7abd59bb4+80868]
	GetHandleVerifier [0x0x7ff7abd59d03+81203]
	GetHandleVerifier [0x0x7ff7abd48286+8886]
	BaseThreadInitThunk [0x0x7ff9c9b0e8d7+23]
	RtlUserThreadStart [0x0x7ff9cb08c53c+44]

[2025-11-19T13:34:30.091398] SCRAPER ratings fetch page 186 offset 3700 failed (attempt 5/5): Message: no such window: target window already closed
from unknown error: web view not found
  (Session info: MicrosoftEdge=142.0.3595.80)
Stacktrace:
	GetHandleVerifier [0x0x7ff7abd52a75+51877]
	GetHandleVerifier [0x0x7ff7abd52ad4+51972]
	GetHandleVerifier [0x0x7ff7abf09425+1848405]
	(No symbol) [0x0x7ff7abaa0e5f]
	(No symbol) [0x0x7ff7abb374ec]
	(No symbol) [0x0x7ff7abb4ed0a]
	(No symbol) [0x0x7ff7abb31df3]
	(No symbol) [0x0x7ff7abb05b36]
	(No symbol) [0x0x7ff7abb04d80]
	(No symbol) [0x0x7ff7abb05973]
	(No symbol) [0x0x7ff7abbce4a5]
	(No symbol) [0x0x7ff7abbca75d]
	GetHandleVerifier [0x0x7ff7abd7d2b3+226019]
	GetHandleVerifier [0x0x7ff7abd6c481+156849]
	GetHandleVerifier [0x0x7ff7abd74979+190889]
	GetHandleVerifier [0x0x7ff7abd59bb4+80868]
	GetHandleVerifier [0x0x7ff7abd59d03+81203]
	GetHandleVerifier [0x0x7ff7abd48286+8886]
	BaseThreadInitThunk [0x0x7ff9c9b0e8d7+23]
	RtlUserThreadStart [0x0x7ff9cb08c53c+44]

[2025-11-19T13:34:35.103577] SCRAPER skip page 186 after 5 failures; lanjut halaman berikutnya
[2025-11-19T13:34:35.105581] SCRAPER ratings fetch page 187 offset 3720 failed (attempt 1/5): Message: no such window: target window already closed
from unknown error: web view not found
  (Session info: MicrosoftEdge=142.0.3595.80)
Stacktrace:
	GetHandleVerifier [0x0x7ff7abd52a75+51877]
	GetHandleVerifier [0x0x7ff7abd52ad4+51972]
	GetHandleVerifier [0x0x7ff7abf09425+1848405]
	(No symbol) [0x0x7ff7abaa0e5f]
	(No symbol) [0x0x7ff7abb374ec]
	(No symbol) [0x0x7ff7abb4ed0a]
	(No symbol) [0x0x7ff7abb31df3]
	(No symbol) [0x0x7ff7abb05b36]
	(No symbol) [0x0x7ff7abb04d80]
	(No symbol) [0x0x7ff7abb05973]
	(No symbol) [0x0x7ff7abbce4a5]
	(No symbol) [0x0x7ff7abbca75d]
	GetHandleVerifier [0x0x7ff7abd7d2b3+226019]
	GetHandleVerifier [0x0x7ff7abd6c481+156849]
	GetHandleVerifier [0x0x7ff7abd74979+190889]
	GetHandleVerifier [0x0x7ff7abd59bb4+80868]
	GetHandleVerifier [0x0x7ff7abd59d03+81203]
	GetHandleVerifier [0x0x7ff7abd48286+8886]
	BaseThreadInitThunk [0x0x7ff9c9b0e8d7+23]
	RtlUserThreadStart [0x0x7ff9cb08c53c+44]

[2025-11-19T13:34:37.110491] SCRAPER ratings fetch page 187 offset 3720 failed (attempt 2/5): Message: no such window: target window already closed
from unknown error: web view not found
  (Session info: MicrosoftEdge=142.0.3595.80)
Stacktrace:
	GetHandleVerifier [0x0x7ff7abd52a75+51877]
	GetHandleVerifier [0x0x7ff7abd52ad4+51972]
	GetHandleVerifier [0x0x7ff7abf09425+1848405]
	(No symbol) [0x0x7ff7abaa0e5f]
	(No symbol) [0x0x7ff7abb374ec]
	(No symbol) [0x0x7ff7abb4ed0a]
	(No symbol) [0x0x7ff7abb31df3]
	(No symbol) [0x0x7ff7abb05b36]
	(No symbol) [0x0x7ff7abb04d80]
	(No symbol) [0x0x7ff7abb05973]
	(No symbol) [0x0x7ff7abbce4a5]
	(No symbol) [0x0x7ff7abbca75d]
	GetHandleVerifier [0x0x7ff7abd7d2b3+226019]
	GetHandleVerifier [0x0x7ff7abd6c481+156849]
	GetHandleVerifier [0x0x7ff7abd74979+190889]
	GetHandleVerifier [0x0x7ff7abd59bb4+80868]
	GetHandleVerifier [0x0x7ff7abd59d03+81203]
	GetHandleVerifier [0x0x7ff7abd48286+8886]
	BaseThreadInitThunk [0x0x7ff9c9b0e8d7+23]
	RtlUserThreadStart [0x0x7ff9cb08c53c+44]

[2025-11-19T13:34:40.125969] SCRAPER ratings fetch page 187 offset 3720 failed (attempt 3/5): Message: no such window: target window already closed
from unknown error: web view not found
  (Session info: MicrosoftEdge=142.0.3595.80)
Stacktrace:
	GetHandleVerifier [0x0x7ff7abd52a75+51877]
	GetHandleVerifier [0x0x7ff7abd52ad4+51972]
	GetHandleVerifier [0x0x7ff7abf09425+1848405]
	(No symbol) [0x0x7ff7abaa0e5f]
	(No symbol) [0x0x7ff7abb374ec]
	(No symbol) [0x0x7ff7abb4ed0a]
	(No symbol) [0x0x7ff7abb31df3]
	(No symbol) [0x0x7ff7abb05b36]
	(No symbol) [0x0x7ff7abb04d80]
	(No symbol) [0x0x7ff7abb05973]
	(No symbol) [0x0x7ff7abbce4a5]
	(No symbol) [0x0x7ff7abbca75d]
	GetHandleVerifier [0x0x7ff7abd7d2b3+226019]
	GetHandleVerifier [0x0x7ff7abd6c481+156849]
	GetHandleVerifier [0x0x7ff7abd74979+190889]
	GetHandleVerifier [0x0x7ff7abd59bb4+80868]
	GetHandleVerifier [0x0x7ff7abd59d03+81203]
	GetHandleVerifier [0x0x7ff7abd48286+8886]
	BaseThreadInitThunk [0x0x7ff9c9b0e8d7+23]
	RtlUserThreadStart [0x0x7ff9cb08c53c+44]

[2025-11-19T13:34:44.139167] SCRAPER ratings fetch page 187 offset 3720 failed (attempt 4/5): Message: no such window: target window already closed
from unknown error: web view not found
  (Session info: MicrosoftEdge=142.0.3595.80)
Stacktrace:
	GetHandleVerifier [0x0x7ff7abd52a75+51877]
	GetHandleVerifier [0x0x7ff7abd52ad4+51972]
	GetHandleVerifier [0x0x7ff7abf09425+1848405]
	(No symbol) [0x0x7ff7abaa0e5f]
	(No symbol) [0x0x7ff7abb374ec]
	(No symbol) [0x0x7ff7abb4ed0a]
	(No symbol) [0x0x7ff7abb31df3]
	(No symbol) [0x0x7ff7abb05b36]
	(No symbol) [0x0x7ff7abb04d80]
	(No symbol) [0x0x7ff7abb05973]
	(No symbol) [0x0x7ff7abbce4a5]
	(No symbol) [0x0x7ff7abbca75d]
	GetHandleVerifier [0x0x7ff7abd7d2b3+226019]
	GetHandleVerifier [0x0x7ff7abd6c481+156849]
	GetHandleVerifier [0x0x7ff7abd74979+190889]
	GetHandleVerifier [0x0x7ff7abd59bb4+80868]
	GetHandleVerifier [0x0x7ff7abd59d03+81203]
	GetHandleVerifier [0x0x7ff7abd48286+8886]
	BaseThreadInitThunk [0x0x7ff9c9b0e8d7+23]
	RtlUserThreadStart [0x0x7ff9cb08c53c+44]

[2025-11-19T13:34:49.144396] SCRAPER ratings fetch page 187 offset 3720 failed (attempt 5/5): Message: no such window: target window already closed
from unknown error: web view not found
  (Session info: MicrosoftEdge=142.0.3595.80)
Stacktrace:
	GetHandleVerifier [0x0x7ff7abd52a75+51877]
	GetHandleVerifier [0x0x7ff7abd52ad4+51972]
	GetHandleVerifier [0x0x7ff7abf09425+1848405]
	(No symbol) [0x0x7ff7abaa0e5f]
	(No symbol) [0x0x7ff7abb374ec]
	(No symbol) [0x0x7ff7abb4ed0a]
	(No symbol) [0x0x7ff7abb31df3]
	(No symbol) [0x0x7ff7abb05b36]
	(No symbol) [0x0x7ff7abb04d80]
	(No symbol) [0x0x7ff7abb05973]
	(No symbol) [0x0x7ff7abbce4a5]
	(No symbol) [0x0x7ff7abbca75d]
	GetHandleVerifier [0x0x7ff7abd7d2b3+226019]
	GetHandleVerifier [0x0x7ff7abd6c481+156849]
	GetHandleVerifier [0x0x7ff7abd74979+190889]
	GetHandleVerifier [0x0x7ff7abd59bb4+80868]
	GetHandleVerifier [0x0x7ff7abd59d03+81203]
	GetHandleVerifier [0x0x7ff7abd48286+8886]
	BaseThreadInitThunk [0x0x7ff9c9b0e8d7+23]
	RtlUserThreadStart [0x0x7ff9cb08c53c+44]

