username,comment,rating,likes,create_time,comment_clean
nitataw_,"Sangat di recomended sekali,bagi para kalian yg sedang mencari PC gaming dikarnakan bisa req spek sesuai yg kalian mau. Dan tentunya produk sangat baik,sudah ter instal semua applikasi maupun software kita tinggal pakai saja. Dan untuk penjual pelayanannya sangat ramah sekali dan membantu. Terimakasih",5,902,1765818939,sangat di recomended sekali bagi para kalian yg sedang mencari pc gaming dikarnakan bisa req spek sesuai yg kalian mau dan tentunya produk sangat baik sudah ter instal semua applikasi maupun software kita tinggal pakai saja dan untuk penjual pelayanannya sangat ramah sekali dan membantu terimakasih
hafiidh95,"Desain:Keren
Fungsi:Bekerja dg baik
Spesifikasi:Mantap Sesuai Deskripsi

Dikirim beserta Box part-nya dan Isinya Real sesuai. Part-nya Bukan Kaleng-kaleng , Sempet khawatir Kok Murah takut ada barang yg bekas nya, ternyata semua baru.",5,150,1765813930,desain keren fungsi bekerja dg baik spesifikasi mantap sesuai deskripsi dikirim beserta box part nya dan isinya real sesuai part nya bukan kaleng kaleng sempet khawatir kok murah takut ada barang yg bekas nya ternyata semua baru
f*****a,"Fitur Terbaik:PC nya keren
Sepadan dengan Harga:sepadan

PC gamingnya bagus banget, full kipas gaming RGB keren sih. Minta dadakan utk nambah VGA External pun bisa, tinggal WA saja.

Makasih hifi computer, sukses dan berkah selalu",5,166,1765510119,fitur terbaik pc nya keren sepadan dengan harga sepadan pc gamingnya bagus banget full kipas gaming rgb keren sih minta dadakan utk nambah vga external pun bisa tinggal wa saja makasih hifi computer sukses dan berkah selalu
putraarisma254,"Desain:pretty good, andaikan kipas cpu nya menyala tapi gak apa apa
Fungsi:bekerja, sejauh ini cukup bagus, mungkin ada beberapa kesalahan pengguna tapi bisa dibantu toko
Spesifikasi:Ryzen 5 5600g/16gb/256ssd CPU only! keyboard, Mouse, Monitor beli terpisah

Barang datang dengan aman, Rekomendasi sekali dengan PC rakitan ini, jalan tempuh upgrade nya cukup bagus, mungkin yang kurang itu karna motherboard nya Micro ATX jadi hanya satu slot SSD, PSU nya oke aja yang penting pilih pilih ukuran dan pemakaian daya GPU yang mau di beli nanti, yang bikin kaget itu ram nya yang ku kira bakal dapat 8gb ram X2 untuk biar dapat 16 GB ram, ternyata satu stik ram 16gb jadi masih bisa di upgrade ke 32gb ram, untuk yang ingin membeli ingat harus beli ethernet kabel atau gak dongle wifi/bluetooth, selain dari itu gak kecewa beli yang satu ini.",5,28,1765787214,desain pretty good andaikan kipas cpu nya menyala tapi gak apa apa fungsi bekerja sejauh ini cukup bagus mungkin ada beberapa kesalahan pengguna tapi bisa dibantu toko spesifikasi ryzen 5 5600g 16gb 256ssd cpu only keyboard mouse monitor beli terpisah barang datang dengan aman rekomendasi sekali dengan pc rakitan ini jalan tempuh upgrade nya cukup bagus mungkin yang kurang itu karna motherboard nya micro atx jadi hanya satu slot ssd psu nya oke aja yang penting pilih pilih ukuran dan pemakaian daya gpu yang mau di beli nanti yang bikin kaget itu ram nya yang ku kira bakal dapat 8gb ram x2 untuk biar dapat 16 gb ram ternyata satu stik ram 16gb jadi masih bisa di upgrade ke 32gb ram untuk yang ingin membeli ingat harus beli ethernet kabel atau gak dongle wifi bluetooth selain dari itu gak kecewa beli yang satu ini
herrygallant,"Desain:terlihat keren dan modern
Fungsi:beroperasi dengan baik
Spesifikasi:sesuai dgn yg di pesan, bisa tanya2

garcep kirim barang, dan balas chat responsive.

Sumbar 7 hari nyampe.",5,127,1765787225,desain terlihat keren dan modern fungsi beroperasi dengan baik spesifikasi sesuai dgn yg di pesan bisa tanya2 garcep kirim barang dan balas chat responsive sumbar 7 hari nyampe
31laras,"Desain:terlihat keren dan modern
Fungsi:bekerja dengan baik sesuai harapan
Spesifikasi:sesuai dengan deskripsi produk

Alhamdullilah puas belanja disini. Seller ramah dan menjawab setiap pertanyaan. Seller juga memberikan beberapa opsi yg sesuai dengan kebutuhan user.

Terimakasih dan semoga laris terus dagangannya",5,22,1764925041,desain terlihat keren dan modern fungsi bekerja dengan baik sesuai harapan spesifikasi sesuai dengan deskripsi produk alhamdullilah puas belanja disini seller ramah dan menjawab setiap pertanyaan seller juga memberikan beberapa opsi yg sesuai dengan kebutuhan user terimakasih dan semoga laris terus dagangannya
jimi_burhanudin,"Desain:kece gaming kaum mendang-mending
Fungsi:berfungsi baik
Spesifikasi:Ryzen 5 5600G ram 16gb SSD 256gb

Barang kondisi part bagus, baru semua. Respon toko satset untuk konsultasi PC juga gercep. Rekomendasi bgt untuk beli di toko ini. Untuk upgrade selanjutnya aku akan kesini lagi. Terimakasih banyak kak udah dibantu merakit PC perdana aku. Seneng bgt.",5,29,1765603471,desain kece gaming kaum mendang mending fungsi berfungsi baik spesifikasi ryzen 5 5600g ram 16gb ssd 256gb barang kondisi part bagus baru semua respon toko satset untuk konsultasi pc juga gercep rekomendasi bgt untuk beli di toko ini untuk upgrade selanjutnya aku akan kesini lagi terimakasih banyak kak udah dibantu merakit pc perdana aku seneng bgt
fazrirmadhan265,"Desain:Bagus Keren
Fungsi:Untuk Fungsi semua berjalan lancar
Spesifikasi:FULLSET SAMSUNG 24 R5 5600G/1TB/32GB

Overlor semua nya bagus ya gak mengecewakan pokok nya, Untuk admin nya juga ramah dan fast respon jika ada pertanyaan
Cocok Buat yg pengen beli pc full set rakitan disini tempat nya
The Bestt!!!!!",5,17,1764849151,desain bagus keren fungsi untuk fungsi semua berjalan lancar spesifikasi fullset samsung 24 r5 5600g 1tb 32gb overlor semua nya bagus ya gak mengecewakan pokok nya untuk admin nya juga ramah dan fast respon jika ada pertanyaan cocok buat yg pengen beli pc full set rakitan disini tempat nya the bestt
bagas.prasetya,"Desain:keren dan modern
Fungsi:bekerrja dengan baik
Spesifikasi:cpu only

Barang udah sampe,sampainya cepat sekali,padahal luar pulau jawa,packing kayu keliatan kuat,awalny takut,retak,eh rupanya aman sekali.
Sesuai yang kita pesan,saran yang mau pesen terutama yg main game,pesen penyimpanaan yg besar,yang lain aman oke,rekomended beli di toko ini
Semoga cpu ny awet dan aman",5,13,1764750040,desain keren dan modern fungsi bekerrja dengan baik spesifikasi cpu only barang udah sampe sampainya cepat sekali padahal luar pulau jawa packing kayu keliatan kuat awalny takut retak eh rupanya aman sekali sesuai yang kita pesan saran yang mau pesen terutama yg main game pesen penyimpanaan yg besar yang lain aman oke rekomended beli di toko ini semoga cpu ny awet dan aman
d*****n,"Desain:keren dan mantap di harga segini
Fungsi:bekerja dengan baik

Akhirnya cpu rakitan mendarat dengan aman di sumatera barat. Sudah di tes dan semua berfungsi dengan normal. Recommended seller",5,5,1759250481,desain keren dan mantap di harga segini fungsi bekerja dengan baik akhirnya cpu rakitan mendarat dengan aman di sumatera barat sudah di tes dan semua berfungsi dengan normal recommended seller
ayatxs,"Desain:sangat-sangat menarik
Spesifikasi:mantul abis
Fitur:terbaik

Paket sampai dengan selamat. 
Packingan super aman. 
Barang sesuai pesanan, sangat bagus & berfungsi dengan sangat baik. 
Seller jg ramah & baik dalam pelayanan. 
Pokoknya the best dah. 👍👍👍👍👍",5,90,1765149194,desain sangat sangat menarik spesifikasi mantul abis fitur terbaik paket sampai dengan selamat packingan super aman barang sesuai pesanan sangat bagus berfungsi dengan sangat baik seller jg ramah baik dalam pelayanan pokoknya the best dah
aguspratama12,"Desain:kondisi part sangat baru
Fungsi:barangnya berfungsi dengan baik
Spesifikasi:sangat bagus

Kalau kalian mau rakit PC saya rekomendasikan di toko ini,,, soalnya saya Uda beli di sini udah 3 bulan barang sampai enggak ada Kendala,,,, Terus saya baru beli VGA di toko lain saya enggak bisa pasang sendiri saya chat admi nya di bantuin sama admin nya sampai bisa pokoknya enggak nyesel beli di sini sekali lagi terima untuk admin nya.ini saya enggak bohong loh,,,, pasti ada yang pikir saya di bayar admin untuk kasih review yang bagus tapi ini enggak sama sekali loh ini beneran saya selaku pembeli",5,25,1765352239,desain kondisi part sangat baru fungsi barangnya berfungsi dengan baik spesifikasi sangat bagus kalau kalian mau rakit pc saya rekomendasikan di toko ini soalnya saya uda beli di sini udah 3 bulan barang sampai enggak ada kendala terus saya baru beli vga di toko lain saya enggak bisa pasang sendiri saya chat admi nya di bantuin sama admin nya sampai bisa pokoknya enggak nyesel beli di sini sekali lagi terima untuk admin nya ini saya enggak bohong loh pasti ada yang pikir saya di bayar admin untuk kasih review yang bagus tapi ini enggak sama sekali loh ini beneran saya selaku pembeli
dayanaleqs02,"Desain:bagus menarik
Fungsi:bekerja dengan baik
Kegunaan:baik lancar jaya jaya jaya",5,9,1765485644,desain bagus menarik fungsi bekerja dengan baik kegunaan baik lancar jaya jaya jaya
mytrippiess,"Mantab kondisi sparepart baru.. kondisi packing kayu.. kondisi PC aman..
Terimakasih recommended seller..
Next ada rejeki beli sini lagi buat adik",5,22,1760355330,mantab kondisi sparepart baru kondisi packing kayu kondisi pc aman terimakasih recommended seller next ada rejeki beli sini lagi buat adik
rsadbsg,"Spesifikasi:sesuai
Desain:mantap

RECOMMENDED SELLER
FAST RESPON
PACKING BAIK

after salesnya luar biasa, menanggapi semua pertanyaan dengan baik",5,15,1759250505,spesifikasi sesuai desain mantap recommended seller fast respon packing baik after salesnya luar biasa menanggapi semua pertanyaan dengan baik
rac.co,"Mantap, pembelian kedua ditoko ini, seller komunikatif, aftersales mantap, kualitas pc oke harga terjangkau",5,96,1764501086,mantap pembelian kedua ditoko ini seller komunikatif aftersales mantap kualitas pc oke harga terjangkau
a*****s,"Desain:Keren
Fungsi:Bekerja dengan baik
Spesifikasi:AMD Ryzen 5 5600 G, Monitor 24 Inch, SSD 512 GB, RAM 32 GB

Keren banget pc gamingnya, ada kendala juga diatasi memuaskan banget pelayanannya. Next time order lagi😍",5,19,1765629441,desain keren fungsi bekerja dengan baik spesifikasi amd ryzen 5 5600 g monitor 24 inch ssd 512 gb ram 32 gb keren banget pc gamingnya ada kendala juga diatasi memuaskan banget pelayanannya next time order lagi
rskawaw92,"Desain:unik anak muda banget
Fungsi:okeee banget
Spesifikasi:komplit

Aku seneng banget shoppinh di sini, seller responsive banget, aku nanya2 spek di jawab terus & memberi masukan yg baik. Ah baru kali ini belanja pc serasa belanja baju, mudaaah banget. Thx seller sukses terus yaaa 🙏🏻 berkah insha allah makasih…",5,8,1759250513,desain unik anak muda banget fungsi okeee banget spesifikasi komplit aku seneng banget shoppinh di sini seller responsive banget aku nanya2 spek di jawab terus memberi masukan yg baik ah baru kali ini belanja pc serasa belanja baju mudaaah banget thx seller sukses terus yaaa berkah insha allah makasih
amkenns,"Desain:modern
Fungsi:berfungsi dengan baik dan bagus poll
Spesifikasi:hight-end gaming pc

berfungsi dengan normal dan keren pokoknya terimakasih banyak seller, semoga tokonya berkah dan laris manis...Aamiin",5,6,1759250515,desain modern fungsi berfungsi dengan baik dan bagus poll spesifikasi hight end gaming pc berfungsi dengan normal dan keren pokoknya terimakasih banyak seller semoga tokonya berkah dan laris manis aamiin
yelal737,"Desain:keren
Fungsi:sesuai kebutuhan dan permintaan

Maju terussss hificomputer … sukses selalu",5,3,1761822829,desain keren fungsi sesuai kebutuhan dan permintaan maju terussss hificomputer sukses selalu
oreki_outdoor,"Desain:menarik design futuristik
Fungsi:mantap lancar jaya sekali

Bagus buat gaming",5,4,1762561717,desain menarik design futuristik fungsi mantap lancar jaya sekali bagus buat gaming
arifartomo,"Fungsi:mantap

Order yg paling murah 128gb dikasih bonus hardisk 👍 joss markojoss mantap",5,4,1765477615,fungsi mantap order yg paling murah 128gb dikasih bonus hardisk joss markojoss mantap
ade.ob,"Desain:menarik dan elegan
Fungsi:berfungsi dengan baik dan normal

Cocok untuk  editing vidio  bermain game dan berselancar dengan cepat 
Pejual ramah dan sangat membatu pembeli kurir cepat",5,3,1759250523,desain menarik dan elegan fungsi berfungsi dengan baik dan normal cocok untuk editing vidio bermain game dan berselancar dengan cepat pejual ramah dan sangat membatu pembeli kurir cepat
khen123_,"Desain:kerennn
Fungsi:real no fake
Kegunaan:libas libas

paket mendarat dengan aman terimakasih min",5,3,1759250525,desain kerennn fungsi real no fake kegunaan libas libas paket mendarat dengan aman terimakasih min
nurliakomalasari,"Respon admin gercap,pengiriman juga cepat dan ada kabel yang keluar jalur teknisi langsung dateng krmh, toko ini benar"" amanah banget .. semoga makin lancar usaha ya kak.",5,14,1759250533,respon admin gercap pengiriman juga cepat dan ada kabel yang keluar jalur teknisi langsung dateng krmh toko ini benar amanah banget semoga makin lancar usaha ya kak
theoodorus,"Produk bagus. Semua dibantu aman, konsultasi enak. Plug n play aja pokoknya",5,32,1759250528,produk bagus semua dibantu aman konsultasi enak plug n play aja pokoknya
ayaharis2,"Desain:menarik
Fungsi:bekerja baik
Kegunaan:ok

Alhamdulillah... Terimakasih, barang ok.. Amanah, mudah mudahan awet",5,2,1759250530,desain menarik fungsi bekerja baik kegunaan ok alhamdulillah terimakasih barang ok amanah mudah mudahan awet
teguhadipratama,"Desain:keren
Fungsi:sangat baik
Spesifikasi:mantap

Terimakasih",5,3,1765819114,desain keren fungsi sangat baik spesifikasi mantap terimakasih
yatt025,"Desain:mantap
Fungsi:bagus semua

adminnya ramah, nanya apapun udah pasti di jawab, packing aman banget walaupun bawa sendirian pake motor",5,11,1759250536,desain mantap fungsi bagus semua adminnya ramah nanya apapun udah pasti di jawab packing aman banget walaupun bawa sendirian pake motor
hendralucky1977,"Desain:menarik dan modern
Fungsi:barang bekerja dengan baik
Kegunaan:game, desain dan kantor

Penjual amanah, dikirim dengan lengkap sesuai spek yang dipesan, dikemas dengan baik dan aman. Mantap 👍",5,5,1760333382,desain menarik dan modern fungsi barang bekerja dengan baik kegunaan game desain dan kantor penjual amanah dikirim dengan lengkap sesuai spek yang dipesan dikemas dengan baik dan aman mantap
s*****h,"Desain:keren
Fungsi:sesuai spek yang dibeli
Pengalaman:lancar tanpa kendala ✨

Makasih, cpt bgt selang sehari udah sampe.",5,2,1759511204,desain keren fungsi sesuai spek yang dibeli pengalaman lancar tanpa kendala makasih cpt bgt selang sehari udah sampe
lancarberkah88,"Desain:cakep, putih bersih
Fungsi:ngebut, mobo siap upgrade
Kegunaan:multitasking gaming editing

pengalaman pertama beli PC harga jutaan online, PC dateng tinggal colok dan pencet gak pake drama ini itu, beneran tanpa drama..
seller dichat selalu 2menit bales, fast respon..
yang paling gak nyangka, after salesnya topp banget walopun barang sudah sampai bbrpa hari yg lalu, saya minta di instalkan aplikasi, sellernya bersedia dan langsung diambil alih pakai TEAMVIEWER, tanggungjawabnya saya akui jempol 👍👍",5,4,1761782307,desain cakep putih bersih fungsi ngebut mobo siap upgrade kegunaan multitasking gaming editing pengalaman pertama beli pc harga jutaan online pc dateng tinggal colok dan pencet gak pake drama ini itu beneran tanpa drama seller dichat selalu 2menit bales fast respon yang paling gak nyangka after salesnya topp banget walopun barang sudah sampai bbrpa hari yg lalu saya minta di instalkan aplikasi sellernya bersedia dan langsung diambil alih pakai teamviewer tanggungjawabnya saya akui jempol
zidtu.official,"Sepadan dengan Harga:Mantap dah,,, Puas dgn barangnya, udah d rakit rapih lg penataan kabelnya, softwarenya pun lengkap, Rekomended deh",5,10,1759250549,sepadan dengan harga mantap dah puas dgn barangnya udah d rakit rapih lg penataan kabelnya softwarenya pun lengkap rekomended deh
muhammaddagustanhamid,"Desain:Bagus
Fungsi:Sangat Baik

barang sesuai sesuai dengan yang dijelaskan, penjualnya jg ramah dan responnya cepat jadi recomend buat kalian yang lagi cari PC",5,5,1763036592,desain bagus fungsi sangat baik barang sesuai sesuai dengan yang dijelaskan penjualnya jg ramah dan responnya cepat jadi recomend buat kalian yang lagi cari pc
eramaptech,"mantap sesuai pesanan, seller nya ramah dan amanah.
kalo masih bingung mau beli yang mana..seller nya bisa bantuin kasih rekomendasi yang sesuai budget.",5,2,1759250552,mantap sesuai pesanan seller nya ramah dan amanah kalo masih bingung mau beli yang mana seller nya bisa bantuin kasih rekomendasi yang sesuai budget
jsyafawistore,"Desain:good

semuanya baik . sayang bukan windows 11",5,10,1759250553,desain good semuanya baik sayang bukan windows 11
zidan_mujtahid15,"Desain:menarik dan modern
Fungsi:CPU berjalan dengan lancar admin juga ramah kalo ada pertanyaan",5,5,1765173639,desain menarik dan modern fungsi cpu berjalan dengan lancar admin juga ramah kalo ada pertanyaan
bungkus66,"Desain:Menarik
Fungsi:All good condition

Pelayanan nya terbaik, apotik tutup!!
Jgn ragu buat tnya2, cuzz chat admin, ramah dan enak di ajak diskusi, makasih seller mksih shopee",5,3,1759250559,desain menarik fungsi all good condition pelayanan nya terbaik apotik tutup jgn ragu buat tnya2 cuzz chat admin ramah dan enak di ajak diskusi makasih seller mksih shopee
qentanx,"Desain:bagus
Fungsi:bisa lancar & no lag
Kegunaan:u/ kerjaan editing & design

PC paket ryzen 5 5600G, RAM 16GB & sistem SSD NVMe 1TB sy rasa sdh cukup banget, u/ proyek editing video & design, sdh instal aplikasi/ software, hardware ok, msh bisa upgrade peripheral lg, msh tersedia slot kosong. u/ software cuma sketchup yg blm ada (instal). Lain² ok mantap.",5,2,1759250561,desain bagus fungsi bisa lancar no lag kegunaan u kerjaan editing design pc paket ryzen 5 5600g ram 16gb sistem ssd nvme 1tb sy rasa sdh cukup banget u proyek editing video design sdh instal aplikasi software hardware ok msh bisa upgrade peripheral lg msh tersedia slot kosong u software cuma sketchup yg blm ada instal lain ok mantap
christ6969,"Desain:keren lednya
Fungsi:bekerja dengan baik

Barang datang cepet juga, rajin banget sampai udah di installin software edit video premiere sama photoshoot. Packingnya pun rapi banget pakai kayu jadi pasti aman ga lecet. Harga barang paling bersaing ! Seneng banget lah pokoknya.",5,5,1759250563,desain keren lednya fungsi bekerja dengan baik barang datang cepet juga rajin banget sampai udah di installin software edit video premiere sama photoshoot packingnya pun rapi banget pakai kayu jadi pasti aman ga lecet harga barang paling bersaing seneng banget lah pokoknya
tomi_sp99,"Mantap Bosku, sampai dengan selamat, Alhamdulillah sellernya baik banget, sabar banget ngebimbing cara instalasi hardware dan softwarenya. Di ajarin sampe paham. Keren dahh, next order sini lagi Bosku.",5,8,1760333426,mantap bosku sampai dengan selamat alhamdulillah sellernya baik banget sabar banget ngebimbing cara instalasi hardware dan softwarenya di ajarin sampe paham keren dahh next order sini lagi bosku
hellojikidswear,"Desain:kece
Fungsi:fungsional
Spesifikasi:good

Cakep.. mulus, lancar jaya, semua bonusan ada.. thx🙏🏽🙏🏽",5,2,1759250567,desain kece fungsi fungsional spesifikasi good cakep mulus lancar jaya semua bonusan ada thx
meganoviaa,"Desain:Bagus
Fungsi:Baik
Pengalaman:Mantap

Sesuai dengan Permintaan, terimakasih",5,4,1760079890,desain bagus fungsi baik pengalaman mantap sesuai dengan permintaan terimakasih
h*****2,"Desain:keren
Fungsi:baik
Spesifikasi:pas

Mantab keren, sellernya fast respon, kerenlah pokoknya",5,10,1759250572,desain keren fungsi baik spesifikasi pas mantab keren sellernya fast respon kerenlah pokoknya
sitimuj00,"Fitur Terbaik:Alhamdulillah bagus bgt
Sepadan dengan Harga:worth it

Spec sesuai deskripsi, bagus komputernya dan ringan jalankan kebanyakan aplikasi berat. Seperti ringan sekali jalankan macam-macam aplikasi beratnya. Tokonya sabar dan baik banget menjelaskan pertanyaan saya. Kurir juga baik. Recommended mantap !!!",5,9,1759250574,fitur terbaik alhamdulillah bagus bgt sepadan dengan harga worth it spec sesuai deskripsi bagus komputernya dan ringan jalankan kebanyakan aplikasi berat seperti ringan sekali jalankan macam macam aplikasi beratnya tokonya sabar dan baik banget menjelaskan pertanyaan saya kurir juga baik recommended mantap
t*****m,"Desain:menarik
Fungsi:bagus sesuai spek
Spesifikasi:mantappp dahhhhhh

Gak rugi bro...spek mantap sesuai deskripsi ..besok kalo ad wang beli lagi",5,1,1759108900,desain menarik fungsi bagus sesuai spek spesifikasi mantappp dahhhhhh gak rugi bro spek mantap sesuai deskripsi besok kalo ad wang beli lagi
gins_rachmadi,"Desain:mantap sekali
Fungsi:oke punya, nanti bisa upgrade lagi
Kegunaan:banyak

Sempat takut gara” pengiriman tidak di update”, alhasil alhamdulillah paket sampai dengan utuh 🤣",5,2,1755050411,desain mantap sekali fungsi oke punya nanti bisa upgrade lagi kegunaan banyak sempat takut gara pengiriman tidak di update alhasil alhamdulillah paket sampai dengan utuh
r*****0,"Desain:bagus banget lampunya indah
Fungsi:baik
Kegunaan:main game

Bisa main game AAA seperti tomb raider, btw ini compatible juga utk aku tambah gpu seperti rtx 3050. Penjualnya responsif dan pengiriman cepat. Terima kasih banyak dan Sukses selalu ya!",5,1,1751074065,desain bagus banget lampunya indah fungsi baik kegunaan main game bisa main game aaa seperti tomb raider btw ini compatible juga utk aku tambah gpu seperti rtx 3050 penjualnya responsif dan pengiriman cepat terima kasih banyak dan sukses selalu ya
ahmadriyandi772,"Desain:bagus
Fungsi:sementara di coba
Kegunaan:semoga berfungsi dngan baik",5,2,1759250582,desain bagus fungsi sementara di coba kegunaan semoga berfungsi dngan baik
r*****6,"Desain:good
Fungsi:normal

Recomended seller deh pokoknya dan biar bintang yg berbicara....
Sukses selalu....",5,3,1759250584,desain good fungsi normal recomended seller deh pokoknya dan biar bintang yg berbicara sukses selalu
kapten_nizam,"Desain:bagus
Fungsi:editor & game

Jooss pokkny",5,2,1741659309,desain bagus fungsi editor game jooss pokkny
abonk_peace,"Desain:sangat menarik
Fungsi:beroperasi dengan baik
Kegunaan:belajar

Barang sangat baguss recomend banget dah pokok nya, auto gk nyesel beli di sini, admin ramah minta custom nambah dikit di kirim sesuai request,🙏🙏🙏MANTAP...",5,2,1759250587,desain sangat menarik fungsi beroperasi dengan baik kegunaan belajar barang sangat baguss recomend banget dah pokok nya auto gk nyesel beli di sini admin ramah minta custom nambah dikit di kirim sesuai request mantap
miracle_design,"Desain:menarik
Fungsi:berfungsi dengan normal
Pengalaman:terbaik

Cakep pokoknya belanja di toko ini,dijelasin sampai detail dan bebas request game2 favorit.
Thanks seller",5,2,1759292175,desain menarik fungsi berfungsi dengan normal pengalaman terbaik cakep pokoknya belanja di toko ini dijelasin sampai detail dan bebas request game2 favorit thanks seller
bar_bar.comm,Amanah. Respon cepet. Jangan ragu. Mantappp pokoknya,5,3,1730100226,amanah respon cepet jangan ragu mantappp pokoknya
setiomf,"Spesifikasi:r5 4600
Desain:kece
Fitur:free software

Mantap gercep dan sesuai, enak banget buat discuss dan solutif",5,5,1759250594,spesifikasi r5 4600 desain kece fitur free software mantap gercep dan sesuai enak banget buat discuss dan solutif
andriyantokhan,"Desain:RGB mantap
Fungsi:setelah di cek barang normal semua

Overall puas dengan barangnya, walaupun sempet khawatir, karna lama proses pengiriman. Tapi worth it, recomended seller pokoknya.",5,10,1759250597,desain rgb mantap fungsi setelah di cek barang normal semua overall puas dengan barangnya walaupun sempet khawatir karna lama proses pengiriman tapi worth it recomended seller pokoknya
ahmad.musa29,mendarat sesuai spek pengerjaan pengerjaan cepat pesan di hari yang sama langsung sampai.,5,6,1763135744,mendarat sesuai spek pengerjaan pengerjaan cepat pesan di hari yang sama langsung sampai
munawarsirojudin,"Desain:bagus
Fungsi:Pas di coba semua nya normal berfungsi dengan baik. 👍",5,4,1759250605,desain bagus fungsi pas di coba semua nya normal berfungsi dengan baik
mcqueen0101,"Spesifikasi:KEREN PARAH

seller ramah ditanyain selalu jawab the best emng",5,1,1741938523,spesifikasi keren parah seller ramah ditanyain selalu jawab the best emng
matihot,"Bagus sekali..sesuai ekspektasi...
Berjalan tanpa kendala..
Pengiriman unit jg sangat aman..
All box part dikirim, baru Dan sesuai spek yg ditampilkan..
Seller sangat komunikatif..
Sangat recommended..👍👍
Thanks seller..",5,1,1751073626,bagus sekali sesuai ekspektasi berjalan tanpa kendala pengiriman unit jg sangat aman all box part dikirim baru dan sesuai spek yg ditampilkan seller sangat komunikatif sangat recommended thanks seller
vickygf,"Mantap , barang original dan instalasi rapih. Admin nya fast respon , walaupun saya pemula tp tetep dipandu sampai bisa semua. Makasih admin , berkah selalu tokonya .",5,1,1740866471,mantap barang original dan instalasi rapih admin nya fast respon walaupun saya pemula tp tetep dipandu sampai bisa semua makasih admin berkah selalu tokonya
mamah_melli,"Desain:mewah
Fungsi:bekerja dengan baik
Spesifikasi:sesuai deskripsi

Barang sesuai dengan deskripsi dan seller ramah pengiriman cepat sampai dengan selamat keren pokoe terimakasih shopee dan pelapak jgn ragu beli disini biar bintang yang bicara",5,4,1742835642,desain mewah fungsi bekerja dengan baik spesifikasi sesuai deskripsi barang sesuai dengan deskripsi dan seller ramah pengiriman cepat sampai dengan selamat keren pokoe terimakasih shopee dan pelapak jgn ragu beli disini biar bintang yang bicara
akbarrulyansyah,"Fitur:bagus

paket sampe dengan selamat 😁 terimkasih seller dan kurir",5,6,1739108454,fitur bagus paket sampe dengan selamat terimkasih seller dan kurir
arnest_wempy,"Desain:ciamik....keren
Fungsi:bekerja sesuai dengan pesanan dan yg dimau
Kegunaan:muLti tasking tooL

Recomended seLLer...customer diLayani dgn sabar dan fast respond...packing aman barang keren...anak sy suka dgn hadiah PC nya..thanks dan sukses buat seLLernya...game dan software dikasih banyak...sukses buat seLLer terimakasih banyak",5,1,1751031964,desain ciamik keren fungsi bekerja sesuai dengan pesanan dan yg dimau kegunaan multi tasking tool recomended seller customer dilayani dgn sabar dan fast respond packing aman barang keren anak sy suka dgn hadiah pc nya thanks dan sukses buat sellernya game dan software dikasih banyak sukses buat seller terimakasih banyak
mintongulo,"Desain:oke
Fungsi:bagus
Spesifikasi:mantap

Recommended nih toko. Jangan ragu belanja disini",5,1,1741020146,desain oke fungsi bagus spesifikasi mantap recommended nih toko jangan ragu belanja disini
h*****a,"MANTAP... Pengiriman cepat dikirim dg dus"" nya, brg sesuai deskripsi, lengkap, berfungsi baik, aman dan amanah. Trims,,,yaa...",5,2,1753275917,mantap pengiriman cepat dikirim dg dus nya brg sesuai deskripsi lengkap berfungsi baik aman dan amanah trims yaa
kramatjatistationery,"Desain:bagus
Fungsi:untuk sementara masih aman2 aja

Sesuai deskripsi penjual mantapss",5,1,1739891477,desain bagus fungsi untuk sementara masih aman2 aja sesuai deskripsi penjual mantapss
p*****a,"Seller komunikatif, so far aman berjalan baik pc nya, saya harus beli usb wifi tambahan kelupaan nanya ada wifi built in ga, or request tambahan. Kl di liat dari box2 yg di kirim sepertinya semua baru, semoga seller amanah, makasih seller dan kurir",5,1,1728892796,seller komunikatif so far aman berjalan baik pc nya saya harus beli usb wifi tambahan kelupaan nanya ada wifi built in ga or request tambahan kl di liat dari box2 yg di kirim sepertinya semua baru semoga seller amanah makasih seller dan kurir
d*****n,"Desain:oke mantap keren
Fungsi:alhamdulillah baik
Kegunaan:untuk mencari duit

Untuk pesanan alhamdulillah baik makasi toko semoga lancar terus usahanya ,makasi shopee dan kurir nya .😊",5,2,1751074055,desain oke mantap keren fungsi alhamdulillah baik kegunaan untuk mencari duit untuk pesanan alhamdulillah baik makasi toko semoga lancar terus usahanya makasi shopee dan kurir nya
jeky_gulo,"Desain:Sangat Cakep Dan Modern
Fungsi:Bekerja dengan baik
Kegunaan:Untuk pekerjaan sehari - hari

Hifi Computer sangat terjamin...Admin sangat gercep balas pertanya'an, pesanan sangat sesuai tidak ada kekurangan satu pun....luar biasa....",5,1,1751031935,desain sangat cakep dan modern fungsi bekerja dengan baik kegunaan untuk pekerjaan sehari hari hifi computer sangat terjamin admin sangat gercep balas pertanya an pesanan sangat sesuai tidak ada kekurangan satu pun luar biasa
andi2391,"Desain:gaming banget
Fungsi:buat kerja
Kegunaan:untuk kerja sehari-hari

Recommended banget untuk beli di toko ini, so semuanya sesuai permintaan, pengirimannya cepat.",5,1,1743508227,desain gaming banget fungsi buat kerja kegunaan untuk kerja sehari hari recommended banget untuk beli di toko ini so semuanya sesuai permintaan pengirimannya cepat
uptoyou_44,"Desain:sesuai gambar
Fungsi:sesuai deskripsi

Penjual ramah,, next time kalo mau upgrade pesan disini lagi",5,1,1732438531,desain sesuai gambar fungsi sesuai deskripsi penjual ramah next time kalo mau upgrade pesan disini lagi
sarifudin259,"Desain:bagus sudah lengkap+ bonus speaker
Fungsi:bekerja dengan baik
Spesifikasi:normal dan sudah di rakit jadi tinggal pakai.. pkoknya rekomendasi banget ..next kalau butuh lagi mau order lagi",5,2,1748121736,desain bagus sudah lengkap bonus speaker fungsi bekerja dengan baik spesifikasi normal dan sudah di rakit jadi tinggal pakai pkoknya rekomendasi banget next kalau butuh lagi mau order lagi
a*****1,"Desain:moderen keren
Fungsi:beroperasi dengan baik
Pengalaman:sesuai pesanan dan selamat sampai tujuan terima kasih semoga awet. sesuai request",5,1,1759395198,desain moderen keren fungsi beroperasi dengan baik pengalaman sesuai pesanan dan selamat sampai tujuan terima kasih semoga awet sesuai request
danshop36,"Desain:lumayan
Fungsi:cukup oke
Kegunaan:harian

Moga moga an awet",5,1,1743042699,desain lumayan fungsi cukup oke kegunaan harian moga moga an awet
k*****8,"Desain:terlihat keren dan modern
Fungsi:barang bekerja dengan baik

Sesuai pesanan, seller baik. Sllu membantu jika ada pertanyaan",5,3,1765173534,desain terlihat keren dan modern fungsi barang bekerja dengan baik sesuai pesanan seller baik sllu membantu jika ada pertanyaan
_077403_,"Spesifikasi:sesuai
Desain:bagus
Fitur:bagus dan bermanfaat

Rekomendasi beli di toko ini
Pelayanan sangat baik
Respon cepat
Pokoknya terbaik",5,3,1729005481,spesifikasi sesuai desain bagus fitur bagus dan bermanfaat rekomendasi beli di toko ini pelayanan sangat baik respon cepat pokoknya terbaik
ariesti234,"Desain:kerenn
Fungsi:bekerja dgn baik
Pengalaman:puas brgnya bagus,ori,pelayananya cepat dan ramah next orde lagi",5,1,1751020862,desain kerenn fungsi bekerja dgn baik pengalaman puas brgnya bagus ori pelayananya cepat dan ramah next orde lagi
abe_shop23,"Desain:menarik
Fungsi:berfungsi dgn baik..

Paketan PC baru datang...
Di coba PC nya nyala
tp Belum di coba pake monitor...
Karena belum beli monitor,

Chat penjualnya respon nya cepet banget...
Thanks buat penjual nya
",5,1,1739890830,desain menarik fungsi berfungsi dgn baik paketan pc baru datang di coba pc nya nyala tp belum di coba pake monitor karena belum beli monitor chat penjualnya respon nya cepet banget thanks buat penjual nya
deni_aminuddin1410,"Desain:Bagus, instalasi hardware nya ok
Fungsi:pc berfungsi dengan baik
Spesifikasi:ok",5,1,1739891974,desain bagus instalasi hardware nya ok fungsi pc berfungsi dengan baik spesifikasi ok
alvanboot,"Desain:bagus mantap dah pokonya
Fungsi:bekerja dengan baik

Semua bekerja dengan baik tidak ada kendala,adminnya juga fast respon mantap dah ngak rugi belanja dimari,makasih yaaa",5,1,1739703656,desain bagus mantap dah pokonya fungsi bekerja dengan baik semua bekerja dengan baik tidak ada kendala adminnya juga fast respon mantap dah ngak rugi belanja dimari makasih yaaa
ziklaes,"Spesifikasi:best

Pcnya aman tidak ad kendala, datangnya dlam keadaan bagus+mantap, cuma kekurangannya di game battlefield 5 error dan salah game  mafia 2( saya suruh mafia 3), tapii gpp yg penting pcnya aman.",5,1,1735089594,spesifikasi best pcnya aman tidak ad kendala datangnya dlam keadaan bagus mantap cuma kekurangannya di game battlefield 5 error dan salah game mafia 2 saya suruh mafia 3 tapii gpp yg penting pcnya aman
mednurdin,"Maaf baru kasih ulasan, testdrive udah seminggu aman dan lancar, recomended seller. Mudah""an awet dan lancar , thanks",5,1,1757856185,maaf baru kasih ulasan testdrive udah seminggu aman dan lancar recomended seller mudah an awet dan lancar thanks
miftah.id_,"Packing rapih, seller  ramah fast respon, pengiriman cepat, semoga awet",5,1,1756629832,packing rapih seller ramah fast respon pengiriman cepat semoga awet
abihasanahfas,"Desain:Menarik
Fungsi:bekerja dengan baik
Spesifikasi:Sepadan dengan harga

Lumayan lah bagus,cuma di jasa kirim nya agak kurang memuaskan.
Mudah²an awet",5,6,1753944880,desain menarik fungsi bekerja dengan baik spesifikasi sepadan dengan harga lumayan lah bagus cuma di jasa kirim nya agak kurang memuaskan mudah an awet
majito96,"Desain:Keren
Fungsi:bekerja dengan baik
Spesifikasi:1 TB / 64

Mantap dan rekomended banget buat rakit PC, the best lah😉🤙",5,1,1739703485,desain keren fungsi bekerja dengan baik spesifikasi 1 tb 64 mantap dan rekomended banget buat rakit pc the best lah
aliefberlyanmufti,"Barang tiba dengan aman dan selamat.. 
Awalnya kipas cuma hidup satu.. Tpi setelah di pandu sama admin nya rupanya ada sdkit kbek yg longgar..dan akhir nya semua nyala.. Lancat jaya
Makasi bnyak buat admin nya 😁🙏

Ini game nya saya yg instal ya min?",5,2,1743956789,barang tiba dengan aman dan selamat awalnya kipas cuma hidup satu tpi setelah di pandu sama admin nya rupanya ada sdkit kbek yg longgar dan akhir nya semua nyala lancat jaya makasi bnyak buat admin nya ini game nya saya yg instal ya min
avilo_collection,"Desain:keren
Fungsi:buat kerja
Pengalaman:mantap seller ramah sekali.. ada kendala langsung gercep dibantu.. tq seller",5,1,1756946787,desain keren fungsi buat kerja pengalaman mantap seller ramah sekali ada kendala langsung gercep dibantu tq seller
bebankeluarga43,"Desain:bagus
Fungsi:buat maen game
Kegunaan:ya maen game

adminnya fast respon. di bantu trus kalo nnya",5,1,1756629800,desain bagus fungsi buat maen game kegunaan ya maen game adminnya fast respon di bantu trus kalo nnya
wahyukomarudin880,"Desain:menarik
Fungsi:baik

Alhamdulillah paket aman sentosa",5,1,1743587406,desain menarik fungsi baik alhamdulillah paket aman sentosa
jaenalp3b,"Respon penjual sangat baik,,packing pengirimannya juga aman,,barang sesuai deskripsi,,sampai saat ini msh aman jaya,,semoga aman seterusnya,,terimakasih…",5,1,1756629519,respon penjual sangat baik packing pengirimannya juga aman barang sesuai deskripsi sampai saat ini msh aman jaya semoga aman seterusnya terimakasih
yordi329,"Desain:menarik
Fungsi:bekerja dengan baik

Jangan ragu rakit pc di toko ini seler ramah sabar fast respown dbest pokok nya",5,1,1739891374,desain menarik fungsi bekerja dengan baik jangan ragu rakit pc di toko ini seler ramah sabar fast respown dbest pokok nya
aphel17,"Desain:Sesuai Deskripsi…..
Fungsi:mantap

Sesuai sih, cuma sy kira ram nya 8x8 tpi 16x1 tpi gpp",5,1,1742190826,desain sesuai deskripsi fungsi mantap sesuai sih cuma sy kira ram nya 8x8 tpi 16x1 tpi gpp
blovm_bike2,"Spesifikasi:sesuai spek

Barang bagus sesuai spek, tapi emang ada yang ga diinfo bisa pilih merk. Walaupun gitu, seller dengan sabar jelasin satu2, untuk layanan saya acungin semua jempol saya deh, malam2 pun tetap dibalasin. Seller tanggung jawab. Oh kartu garansi memang ga ada ya, tp seller bilang garansi sesusai spek, saya percaya aja deh, semoga seller tetap tanggung jawab..oh ya games ga semua bisa jalan ya, banyak yg corrupt juga. Sebaiknya bisa di hapus yg sudah corrupt gan. Biar ga kecelik..tp so far bagus dan tidak menyewakan produk dan layanannya. Bisa dijadikan langgangan",5,1,1739891933,spesifikasi sesuai spek barang bagus sesuai spek tapi emang ada yang ga diinfo bisa pilih merk walaupun gitu seller dengan sabar jelasin satu2 untuk layanan saya acungin semua jempol saya deh malam2 pun tetap dibalasin seller tanggung jawab oh kartu garansi memang ga ada ya tp seller bilang garansi sesusai spek saya percaya aja deh semoga seller tetap tanggung jawab oh ya games ga semua bisa jalan ya banyak yg corrupt juga sebaiknya bisa di hapus yg sudah corrupt gan biar ga kecelik tp so far bagus dan tidak menyewakan produk dan layanannya bisa dijadikan langgangan
mayamariaulfa05,"Desain:keren barang bagus
Fungsi:bekerja dengan baik",5,1,1727228030,desain keren barang bagus fungsi bekerja dengan baik
alfa.rizky,"Seller nya terbaik. Mau ngarahin semua yg kita belum tau, buat yg baru mau rakit pc mending kesini dah dijamin gabakal pusing sendiri",5,1,1740927220,seller nya terbaik mau ngarahin semua yg kita belum tau buat yg baru mau rakit pc mending kesini dah dijamin gabakal pusing sendiri
sukasuka355,"Mantap, sesuai kebutuhan, selller fast respon, rekomendasi seantero bekasi",5,1,1751073866,mantap sesuai kebutuhan selller fast respon rekomendasi seantero bekasi
a*****n,"Desain:Keren
Fungsi:Bekerja dengan baik

Seller super Responsif, cepat tanggap, meski sibuk tetap bisa kirim instan 👌👍 Respek 👍👍👍",5,1,1752624273,desain keren fungsi bekerja dengan baik seller super responsif cepat tanggap meski sibuk tetap bisa kirim instan respek
i*****l,"Spesifikasi:was wus cepat
Desain:mantap
Fitur:sangat baik

Awal nya ingin mencari PC di kota Bandung yang di market place terkenal bagus dan murah, Saya coba beli di HiFi komputer daerah bekasi ini karena ada fitur seperti ssd nya sdh nvme2, bukan sata seperti di bandung dengan harga relatif sama. 

Walau ada kendala dengan RAM nya penjual salah kirim (16GB tp dikirim yang 8GB) tapi sudah di tukar dengan penjual. 

Penjual ramah, respon cepat, pengiriman juga cepat. Untuk yang gaptek jangan ragu deh beli di sini. No tipu2 pokok nya. 

Oh ya, ada garansi semua part juga loo, mantap reseller, semoga makin sukses dan selalu amanah lapak nya ya 👍",5,12,1733807964,spesifikasi was wus cepat desain mantap fitur sangat baik awal nya ingin mencari pc di kota bandung yang di market place terkenal bagus dan murah saya coba beli di hifi komputer daerah bekasi ini karena ada fitur seperti ssd nya sdh nvme2 bukan sata seperti di bandung dengan harga relatif sama walau ada kendala dengan ram nya penjual salah kirim 16gb tp dikirim yang 8gb tapi sudah di tukar dengan penjual penjual ramah respon cepat pengiriman juga cepat untuk yang gaptek jangan ragu deh beli di sini no tipu2 pokok nya oh ya ada garansi semua part juga loo mantap reseller semoga makin sukses dan selalu amanah lapak nya ya
mlloversbangbang,"Desain:menarik dan memangjakan kamar
Fungsi:barang bekerja dengan baik

speknya sesuai ekspetasi semoga awet ,respon penjual cepat tanggap bagus memuaskan!",5,1,1751031922,desain menarik dan memangjakan kamar fungsi barang bekerja dengan baik speknya sesuai ekspetasi semoga awet respon penjual cepat tanggap bagus memuaskan
cmurphy47,"Desain:casing bagus
Fungsi:beroperasi dengan baik
Pengalaman:pas sampai tidak ada kendala, pengirimannya juga cepat, semoga PC yang ku beli ini awet",5,1,1765109972,desain casing bagus fungsi beroperasi dengan baik pengalaman pas sampai tidak ada kendala pengirimannya juga cepat semoga pc yang ku beli ini awet
tiaasetiabudiarti,"Desain:bagus banget
Fungsi:bekerja dengan baik lancar jaua
Spesifikasi:sesuai",5,3,1737612793,desain bagus banget fungsi bekerja dengan baik lancar jaua spesifikasi sesuai
a*****a,"Desain:mantep
Fungsi:mantep, semoga awet
Spesifikasi:mantep",5,1,1739892411,desain mantep fungsi mantep semoga awet spesifikasi mantep
y*****h,"Desain:mantab
Fungsi:sesuai
Spesifikasi:sesuai

Mantab gan .. mudahan awet yak",5,2,1729252169,desain mantab fungsi sesuai spesifikasi sesuai mantab gan mudahan awet yak
kimchipantha,Gk salah beli sih 😁,5,2,1737612746,gk salah beli sih
masrohahafidz,"bagus dan mantap.
packing aman, barang mulus no minus",5,1,1739703444,bagus dan mantap packing aman barang mulus no minus
ibnu_sajidin,,5,2,1737612814,nan
kimjongunchh,Puas pokoknya ✅,5,1,1747580879,puas pokoknya
eltrystan,"Desain:keren
Fungsi:keren
Pengalaman:seller so fast respon,dan tanggal dgn setiap pertanyaan dr kita,overall good",5,1,1757572198,desain keren fungsi keren pengalaman seller so fast respon dan tanggal dgn setiap pertanyaan dr kita overall good
dideniaya76,"Mantap... Sesuai yg diinginkan, cuma game kurang banyak diisikan, tapi penjual sangat respon saat dichat",5,1,1751073894,mantap sesuai yg diinginkan cuma game kurang banyak diisikan tapi penjual sangat respon saat dichat
agytdwisyvianto,"Desain:bagus
Fungsi:baik
Spesifikasi:sesuai pesanan

Mantaaap",5,8,1744524597,desain bagus fungsi baik spesifikasi sesuai pesanan mantaaap
abahal17,"Desain:desain keren
Fungsi:cpu lanjar jaya
Spesifikasi:mantap jiwaaaaa",5,1,1739891759,desain desain keren fungsi cpu lanjar jaya spesifikasi mantap jiwaaaaa
s*****3,"Desain:ok
Fungsi:ok
Kegunaan:aman

Sesuaiii dengan deskripsi",5,1,1756629780,desain ok fungsi ok kegunaan aman sesuaiii dengan deskripsi
m*****h,"Desain:mantab
Fungsi:berfungsi dengan baik
Pengalaman:lancar

sehari sampai,namun game requestan saya ga ada keinstall,tapi aplikasi lengkap",5,1,1756624958,desain mantab fungsi berfungsi dengan baik pengalaman lancar sehari sampai namun game requestan saya ga ada keinstall tapi aplikasi lengkap
mommyzaza_,,5,2,1726154395,nan
r*****8,,5,2,1759145871,nan
alifhrsn,"Desain:Keren
Fungsi:Lancar Jaya
Kegunaan:Banyak

Keren, barang packingnya aman, dus part-nya juga disertain, build bagus, dan komunikatif",5,1,1751033865,desain keren fungsi lancar jaya kegunaan banyak keren barang packingnya aman dus part nya juga disertain build bagus dan komunikatif
i*****3,"Desain:mantap
Fungsi:Alhamdulillah berfungsi dengan baik
Spesifikasi:it's oke standar

Semoga kedepannya aman² aja 👍🏻, oiya buat jasa kirimnya terlalu lambat juga sempet saya liat packing kayunya ada yg patah². Tpi Alhamdulillahnya barang didalamnya semuanya baik² saja. Respon adminnya juga bagus banget",5,1,1741938518,desain mantap fungsi alhamdulillah berfungsi dengan baik spesifikasi it s oke standar semoga kedepannya aman aja oiya buat jasa kirimnya terlalu lambat juga sempet saya liat packing kayunya ada yg patah tpi alhamdulillahnya barang didalamnya semuanya baik saja respon adminnya juga bagus banget
riyanrahmadhani,"Otw 1 bulan masih normal jaya  mass,",5,2,1753944903,otw 1 bulan masih normal jaya mass
maulanaramdan223,"Desain:bagus
Fungsi:bagus banget
Spesifikasi:mntp

BAGUS BANGET GUYSS",5,3,1739891538,desain bagus fungsi bagus banget spesifikasi mntp bagus banget guyss
r*****a,"Desain:menarik dan modern
Fungsi:bekerja dengan baik
Pengalaman:lancar

Kerennn, pengiriman hujan tapii packing aman",5,1,1756629482,desain menarik dan modern fungsi bekerja dengan baik pengalaman lancar kerennn pengiriman hujan tapii packing aman
popilion.co,Jan koyo lampu disko. Gari nambahi sound horek. Wkwk,5,1,1730140353,jan koyo lampu disko gari nambahi sound horek wkwk
allsosialmedia,Mantap lah,5,2,1726154393,mantap lah
dhspro77,,5,1,1751031846,nan
fatihzhafran1,Pelayanan baik... Semoga awet,5,3,1752941499,pelayanan baik semoga awet
bagusbetta,"Produk sesuai deskripsi dan berfungsi dengan baik.
Sangat recomended...",5,4,1740145458,produk sesuai deskripsi dan berfungsi dengan baik sangat recomended
ambiamujahidin14,Barang sudah sampai dan selamat.. Terimakasih dan sukses selalu,5,1,1733064334,barang sudah sampai dan selamat terimakasih dan sukses selalu
erasthornest,"mantap, admin ramah bgt 🫶🏻",5,1,1739891033,mantap admin ramah bgt
sudiran012,"Desain:oke
Fungsi:bekerja dengan baik
Pengalaman:semoga aman dan awet jangka panjang

Kualitas build-nya solid dan kabel-kabel tertata rapi, menandakan perakitan dilakukan dengan baik dan profesional. Selain itu, dukungan garansi dan layanan after-sales juga memuaskan.
Secara keseluruhan, PC ini memberikan kinerja luar biasa untuk harga yang cukup kompetitif. Cocok untuk pelajar, profesional, atau bahkan kreator konten pemula.",5,2,1765779342,desain oke fungsi bekerja dengan baik pengalaman semoga aman dan awet jangka panjang kualitas build nya solid dan kabel kabel tertata rapi menandakan perakitan dilakukan dengan baik dan profesional selain itu dukungan garansi dan layanan after sales juga memuaskan secara keseluruhan pc ini memberikan kinerja luar biasa untuk harga yang cukup kompetitif cocok untuk pelajar profesional atau bahkan kreator konten pemula
andika.pry,"Udah dipake alhamdulillah sesuai spek yang dikasi, plug n play guys, semua udah disediain sesuai request.
Request aja apapun dilakuin ama yang jual guys.

Sorry fotonya gitu doang, bukan dipake pribadi soalnya.",5,1,1735089575,udah dipake alhamdulillah sesuai spek yang dikasi plug n play guys semua udah disediain sesuai request request aja apapun dilakuin ama yang jual guys sorry fotonya gitu doang bukan dipake pribadi soalnya
muhamadiqbalarrafi,"mantap amanah aman terpercayaa, adminnya jg baek best lah",5,3,1739891939,mantap amanah aman terpercayaa adminnya jg baek best lah
nur_dianto1997,"Desain:mantap
Fungsi:aman

Barang berfungsi normal aman. Seller responsif",5,2,1754708484,desain mantap fungsi aman barang berfungsi normal aman seller responsif
t*****a,Bagus toko gercep,5,3,1737612795,bagus toko gercep
raflysmoth4,"Desain:kabel powe supply disusun sangat rapih
Fungsi:bekerja dengan baik",5,1,1751073964,desain kabel powe supply disusun sangat rapih fungsi bekerja dengan baik
endnkk,"terima kasih bos,smoga awet barangnya toko nya makin maju",5,4,1727866131,terima kasih bos smoga awet barangnya toko nya makin maju
musicov,"Desain:baik
Fungsi:ok lancar",5,1,1744892773,desain baik fungsi ok lancar
35vm9wmpqo,,5,4,1741962791,nan
ellzioshope,Godjob,5,4,1726154398,godjob
husendzulfikar,,5,2,1726154405,nan
noesaku.merch,"Sesuai spek order, mantap",5,6,1738125210,sesuai spek order mantap
rezaoktvnssss,Mantap anti lag,5,1,1739890941,mantap anti lag
hollywood_auto,,5,2,1734257194,nan
maulanafaqih126,"Desain:kerenn
Fungsi:bekerja dengan mantap

pengiriman cepat,fast respon,kerenlahg pokoknya",5,3,1730287441,desain kerenn fungsi bekerja dengan mantap pengiriman cepat fast respon kerenlahg pokoknya
dedesoeryana,"Desain:Keren
Fungsi:Berkerja dengan sangat baik

Mantab pokonya",5,1,1760361271,desain keren fungsi berkerja dengan sangat baik mantab pokonya
w.a.h.i.d001,Berfungsi normal,5,1,1739892433,berfungsi normal
fajarsyahwira,,5,1,1747102903,nan
j*****4,"Desain:secara design tampilan bagus
Fungsi:kurang puas
Kegunaan:komputer sering los sinyal ga masuk harus restart buka folder lemot loading, terakhir not display akhirnya masuk servis ganti ram, pas di cek sama temen yg ngerti ternyata part2 nya yg murah, nyesel deh",1,10,1765378818,desain secara design tampilan bagus fungsi kurang puas kegunaan komputer sering los sinyal ga masuk harus restart buka folder lemot loading terakhir not display akhirnya masuk servis ganti ram pas di cek sama temen yg ngerti ternyata part2 nya yg murah nyesel deh
bayudwirizkyanto20,Bagus tanpa ada lecet sedikit pun,5,2,1749119773,bagus tanpa ada lecet sedikit pun
muhamaddickysuryadi,"Mantappppp!
Seler responsif🔥",5,3,1727866134,mantappppp seler responsif
catto.book,Admin fast respon dan produk sesuai 👍🏻,5,1,1728892794,admin fast respon dan produk sesuai
khoirul.dmkdfjrnfnfnjdjd,"Desain:bagus kereeen..
Fungsi:semuanya berfungsi dengan baik
Pengalaman:lancar Tampa ada kendala..barang sesuai . seller nya juga ramah ..hanya saja request game namung tidak diisi,mungkin lupa,tpi Ndak PP..

Tokonya sangat rekomend 👍",5,1,1758082861,desain bagus kereeen fungsi semuanya berfungsi dengan baik pengalaman lancar tampa ada kendala barang sesuai seller nya juga ramah hanya saja request game namung tidak diisi mungkin lupa tpi ndak pp tokonya sangat rekomend
hitanjin99a,Makasih barangx udah nyampe. Sukses terus,5,1,1756629566,makasih barangx udah nyampe sukses terus
farisbahrain,"Desain:oke
Fungsi:oke
Pengalaman:mantap

Barang tiba dengan selamat, aman sentosa, semoga awet 🙏",5,1,1756629546,desain oke fungsi oke pengalaman mantap barang tiba dengan selamat aman sentosa semoga awet
estidewifitissa,,5,2,1739892428,nan
g*****2,"Spec komputer sesuai deskripsi dan PCnya bagus bangeettt, banyak lampu RGBnya. Worth it deh, bakal repeat order lagi pokoknya. Jangan ragu yg mau beli disini😉",5,0,1705938809,spec komputer sesuai deskripsi dan pcnya bagus bangeettt banyak lampu rgbnya worth it deh bakal repeat order lagi pokoknya jangan ragu yg mau beli disini
m_yusuf_akmal,"Desain:keren, rekomended
Fungsi:penggunaan 3 oke aja, yaa semoga awat
Pengalaman:lancar, puass & buat toko nya sukses selalu... Goodluck 😄",5,1,1756624954,desain keren rekomended fungsi penggunaan 3 oke aja yaa semoga awat pengalaman lancar puass buat toko nya sukses selalu goodluck
igustiajiprabowo,,5,1,1740581792,nan
yoga083,baru di coba semoga awet,5,1,1739890815,baru di coba semoga awet
amyezz,,5,1,1728457301,nan
faiz14022009,,5,1,1729152494,nan
eggyrasdian28,"Desain:GOOD
Fungsi:GOOD
Spesifikasi:GOOD",5,1,1731834290,desain good fungsi good spesifikasi good
platinum_77,"Fitur Terbaik:harga bagus dan barangnya asli

Bagus dan sesuai yg dipesan, tapi saya kira sudah di rakit tapi gk apa saya bisa",5,5,1726154383,fitur terbaik harga bagus dan barangnya asli bagus dan sesuai yg dipesan tapi saya kira sudah di rakit tapi gk apa saya bisa
thq9rzn2jf,mantul,5,2,1745005652,mantul
metalia86,"Desain:bagus
Fungsi:bekerja dengan baik
Pengalaman:terasa aman

Sebenarnya sudah minta windows 10 saja,  tapi dikasih windows 11 pro. Ya sudah gpp..  pengiriman cepat. Terima kasih",5,1,1756623678,desain bagus fungsi bekerja dengan baik pengalaman terasa aman sebenarnya sudah minta windows 10 saja tapi dikasih windows 11 pro ya sudah gpp pengiriman cepat terima kasih
yatmono11,"Desain:bagus
Fungsi:baik
Pengalaman:pemakaian 2 hari sudah oke cuma kipasnya agak brisik, yg lainya sudah oke semoga awet kedepan.",5,1,1754610175,desain bagus fungsi baik pengalaman pemakaian 2 hari sudah oke cuma kipasnya agak brisik yg lainya sudah oke semoga awet kedepan
ridwankurniawan610,"Desain:oke
Fungsi:normal baik
Spesifikasi:raiden 5 5600",5,1,1740147749,desain oke fungsi normal baik spesifikasi raiden 5 5600
d*****5,"Desain:keren dan modern
Fungsi:berfungsi semua sesuai diskripsi
Pengalaman:aman tanpa kendala

Alhamdulillah sudah sampai dengan aman tanpa kendala",5,1,1760145764,desain keren dan modern fungsi berfungsi semua sesuai diskripsi pengalaman aman tanpa kendala alhamdulillah sudah sampai dengan aman tanpa kendala
safdela,,5,1,1751033861,nan
raissaerlanggi,,5,1,1742480335,nan
n*****l,"Desain:RGB
Fungsi:Komputer
Spesifikasi:Rygen 5 5600G

Barang bagus aman, sesuai spek, pelayanan bagus, semoga laris manis tokonya",5,2,1743563724,desain rgb fungsi komputer spesifikasi rygen 5 5600g barang bagus aman sesuai spek pelayanan bagus semoga laris manis tokonya
i*****5,,5,1,1756629606,nan
accsesoriesgm30,"Desain:bagus
Fungsi:bagus
Spesifikasi:bagus sesuai

Penjual amanah.,respon admin bagus dan baik .,pertahankan terus insyaAllah toko nya laris kalo seperti ini terus mantap pokoknya .,saya klo beli apa apa teliti sampai ketemu toko ini yg pas dan cocok …pertahnakan insyaAllah jdi langganan klo perlu apa apa lagi …",5,1,1739892424,desain bagus fungsi bagus spesifikasi bagus sesuai penjual amanah respon admin bagus dan baik pertahankan terus insyaallah toko nya laris kalo seperti ini terus mantap pokoknya saya klo beli apa apa teliti sampai ketemu toko ini yg pas dan cocok pertahnakan insyaallah jdi langganan klo perlu apa apa lagi
donto89,"Desain:bagus
Fungsi:berfungsi dengan baik

Barang nya Bagus 🤩🤩, keren pokonya, berfungsi dengan baik.. bisa request juga..
Terima kasih seller 🙏
Semoga berkah 🤲


Cuma di pengiriman aja.. massa di ambil ke tempat gudang sampe di simpen 1 hari di gudang nya 😫😫",5,1,1751073918,desain bagus fungsi berfungsi dengan baik barang nya bagus keren pokonya berfungsi dengan baik bisa request juga terima kasih seller semoga berkah cuma di pengiriman aja massa di ambil ke tempat gudang sampe di simpen 1 hari di gudang nya
965koc3uep,,5,2,1753302503,nan
alexdounar22,mantap,5,1,1742408366,mantap
muhammadfaiiq_,"Desain:keren
Fungsi:sangat berfungsi maksimal
Spesifikasi:sesuai dengan yang di harapkan

Awalnya ragu beli online sampe cerewet nanya ini itu, ternyata dengan tekat wkwkw akhirnya beli dan sampai dengan selamat Alhamdulillah",5,0,1739891131,desain keren fungsi sangat berfungsi maksimal spesifikasi sesuai dengan yang di harapkan awalnya ragu beli online sampe cerewet nanya ini itu ternyata dengan tekat wkwkw akhirnya beli dan sampai dengan selamat alhamdulillah
rifkiapriliansyah5,"Desain:keren elegan, ga main"" ngirim barangnya
Fungsi:baik, semoga terus baik
Pengalaman:mantap",5,1,1751031711,desain keren elegan ga main ngirim barangnya fungsi baik semoga terus baik pengalaman mantap
jhonajun,Spesifikasi:good,5,1,1739892513,spesifikasi good
idhamkhan9,,5,1,1764894362,nan
ahdikhalidafathir,"adminnya fast respon, sesuai keinginan gacorrrr

thanks minnn",5,1,1756623841,adminnya fast respon sesuai keinginan gacorrrr thanks minnn
ekanova13_,BAGUSS SANGATTTTTTT,5,1,1743042699,baguss sangattttttt
febryan.fe.putra,"Desain:menarik
Fungsi:semoga awet
Pengalaman:semoga awet",5,2,1764684575,desain menarik fungsi semoga awet pengalaman semoga awet
febrifani21,,5,1,1756629473,nan
ayuzabadi,,5,1,1756629540,nan
dhanzp,,5,3,1733046476,nan
nangkacong,,5,1,1751073871,nan
i*****e,Mantapp,5,3,1733546628,mantapp
f*****h,,5,1,1758023709,nan
emiliasanjaya21,"Aaaa ini bagusss banget siiii. Awalnya agak takut beli online, tapi sellernya responsif dan disini pengemasan dan pengirimannya cepet banget. Butuh cepet dan ga sempat ke toko langsung, sehari sudahh sampai di rumah.

Thank youuu Hifi Computer, semogaaa sukses dan berkah selalu aamiinn",5,0,1705938814,aaaa ini bagusss banget siiii awalnya agak takut beli online tapi sellernya responsif dan disini pengemasan dan pengirimannya cepet banget butuh cepet dan ga sempat ke toko langsung sehari sudahh sampai di rumah thank youuu hifi computer semogaaa sukses dan berkah selalu aamiinn
rionaldo0705,"Desain:keren bgt
Fungsi:untuk editing aman kok
Kegunaan:komputer

Makasih gan brgnya smp dg aman dan bagus bgt yaa.. 
Rekomend bgt yaa
Maaf mau video tp. Komputernya di sana",5,1,1756629776,desain keren bgt fungsi untuk editing aman kok kegunaan komputer makasih gan brgnya smp dg aman dan bagus bgt yaa rekomend bgt yaa maaf mau video tp komputernya di sana
w*****9,"Desain:ok
Fungsi:ok
Spesifikasi:ok

Ok sippp.... Barang sesuai pesanan.... Sippp... Cuma ada yg agak gimana, kirain Vga terpisah, ternyata gabung sama procesor toh. Baru tau aku. Motogp kirain udah di instal tinggal pake. Ternyata.....",5,0,1739892326,desain ok fungsi ok spesifikasi ok ok sippp barang sesuai pesanan sippp cuma ada yg agak gimana kirain vga terpisah ternyata gabung sama procesor toh baru tau aku motogp kirain udah di instal tinggal pake ternyata
rajabsubhan,,5,1,1732438504,nan
pusat.songkok.cirebon,"Desain:mantaap
Fungsi:baik sekali

Memuaskan dan recomended",5,1,1739703437,desain mantaap fungsi baik sekali memuaskan dan recomended
andy1109203,"Desain:keren
Fungsi:beroperasi dengan baik
Pengalaman:aman mantap pokoknya",5,1,1759502031,desain keren fungsi beroperasi dengan baik pengalaman aman mantap pokoknya
ryanmuhsyah,"Mantap semua baru dan bergaransi resmi, recommended 🤙",5,1,1756623883,mantap semua baru dan bergaransi resmi recommended
itecxadekuasa,"Desain:Sangat Bagus
Fungsi:Bekerja dengan sangat baik
Pengalaman:Sangat Bagus

Pengiriman yg sangat aman..packing kayu...pokoknya 1000% aman🙏🎉🎉🎉",5,1,1758545536,desain sangat bagus fungsi bekerja dengan sangat baik pengalaman sangat bagus pengiriman yg sangat aman packing kayu pokoknya 1000 aman
ysfarm,"Good respon by admin, selama pemasangan dibimbing. Big thanks!!",5,1,1763533343,good respon by admin selama pemasangan dibimbing big thanks
a*****a,"Desain:menarik
Fungsi:sesuai

Sangat memuaskan,semoga sakinah mawadah warohmah aamiin yra",4,1,1742395640,desain menarik fungsi sesuai sangat memuaskan semoga sakinah mawadah warohmah aamiin yra
jasvin25,"Desain:BAGUS
Fungsi:bekerja dengan baik
Spesifikasi:5600G 32GB 256GB

BAGUSS INI STORE PENJUAL RESPONSIF JUGA BESTT",5,2,1739891343,desain bagus fungsi bekerja dengan baik spesifikasi 5600g 32gb 256gb baguss ini store penjual responsif juga bestt
silvester_76,"Desain:detail apik
Fungsi:bekerja dengan baik sesuai harpaan
Spesifikasi:Game dan Grafis

Recommended seller! Quick respon! Top!!",5,0,1746009619,desain detail apik fungsi bekerja dengan baik sesuai harpaan spesifikasi game dan grafis recommended seller quick respon top
ry_rizkiyulianto,"Desain:bagus
Fungsi:baik
Pengalaman:adminnya fast respom ramah banget 🙏🙏🙏🙏😹",5,1,1757324518,desain bagus fungsi baik pengalaman adminnya fast respom ramah banget
alfisyarifah1,bagus banget rekomended buat kalian yang mau nyari PC,5,0,1741942607,bagus banget rekomended buat kalian yang mau nyari pc
renny.susanti,"Produk bagus
Pengiriman cepat",5,4,1736750945,produk bagus pengiriman cepat
brgrosirkosmetik,"Sepadan dengan Harga:bagus banget

jangan ragu beli disini owner ramah keren poll 🤩 bner"" wort it !!!",5,12,1733046348,sepadan dengan harga bagus banget jangan ragu beli disini owner ramah keren poll bner wort it
lapaknanotoys,"Sudah dicoba berfungsi,,, mudah mudahan awet,,, terima kasih seller atas kerjasama nya",5,0,1739891843,sudah dicoba berfungsi mudah mudahan awet terima kasih seller atas kerjasama nya
c*****o,"Sampai dengan aman, recomend banget adminya fast response kalo d chat, barang bagus aman terkendali",5,0,1739891169,sampai dengan aman recomend banget adminya fast response kalo d chat barang bagus aman terkendali
bangyan_11,"Desain:ok
Fungsi:normal
Pengalaman:Sejauh ini aman kalau ada kendala bisa tanya² sama adminnya

Mantab",5,1,1763882701,desain ok fungsi normal pengalaman sejauh ini aman kalau ada kendala bisa tanya sama adminnya mantab
asiah_75,"Desain:Kece
Fungsi:Bekerja dengan baik sesuai dengan deskripsi
Kegunaan:Worth it buat game berat

Semoga awet, buat kalian yg lagi nyari Komputer Rakitan. Disini tempatnya 😌😉",5,1,1756629795,desain kece fungsi bekerja dengan baik sesuai dengan deskripsi kegunaan worth it buat game berat semoga awet buat kalian yg lagi nyari komputer rakitan disini tempatnya
yuliani0825,,5,2,1739891966,nan
a*****h,"Desain:lbih baik tidak rgb
Fungsi:sangat baik sesuai spesifikasi

semoga awet",5,2,1739891950,desain lbih baik tidak rgb fungsi sangat baik sesuai spesifikasi semoga awet
hans_luther,"Pengiriman cepat, aman karena packing, respon seller secepat kilat ..barang sesuai spesifikasi",5,0,1739890888,pengiriman cepat aman karena packing respon seller secepat kilat barang sesuai spesifikasi
wahyu.hidayat04,"Desain:Keren dan modern
Fungsi:Berfungsi dengan baik
Spesifikasi:Mantab

Packing rapi dan aman, 
Tampilan OK, Belanja disini tidak kecewa 
Semoga semakin banyak pelanggannya",5,2,1733661132,desain keren dan modern fungsi berfungsi dengan baik spesifikasi mantab packing rapi dan aman tampilan ok belanja disini tidak kecewa semoga semakin banyak pelanggannya
chriss3025,"Spek nya ga main² sih ,puas kali belanja di toko ini ,mudah²an lah awet barang nya 
Buat klen yang mau beli ,gausah ragu ,cukup bintang aja yang berbicara 😉",5,0,1732448306,spek nya ga main sih puas kali belanja di toko ini mudah an lah awet barang nya buat klen yang mau beli gausah ragu cukup bintang aja yang berbicara
sodikkap,,5,1,1765355640,nan
3p8cj3ubas,,5,1,1756629515,nan
mohammadalfarizi20,Okelah lumayan,5,1,1757843861,okelah lumayan
suryaananda154,aman dan bisa di percaya terimakasih,5,1,1757843860,aman dan bisa di percaya terimakasih
ovy_aulia,,5,1,1756629461,nan
hanas_collection,"Desain:keren dan modern
Fungsi:bekerja dengan sangat baiik
Spesifikasi:amd ryzen 4600

Performa mantappp, seller ramah dan baik hati",5,1,1739891212,desain keren dan modern fungsi bekerja dengan sangat baiik spesifikasi amd ryzen 4600 performa mantappp seller ramah dan baik hati
h*****n,,5,1,1764667826,nan
and_clothing,Alhamdulillah amannnn.....kerenn mantep deh pokoknya,5,1,1731580653,alhamdulillah amannnn kerenn mantep deh pokoknya
gafureko,"Desain:keren banget
Fungsi:sesuai
Spesifikasi:mantap

Mudah mudahan awet , sukses min
Blm tw klu penggunaan jgka panjang,klu untuk sementara aman",5,0,1739892401,desain keren banget fungsi sesuai spesifikasi mantap mudah mudahan awet sukses min blm tw klu penggunaan jgka panjang klu untuk sementara aman
diana_karunia12,"Desain:pengiriman rapih
Fungsi:barang baguss n sesuai deskripsi

Respon baguss banget,admin nya ramah dan sangat membantu...",5,1,1731834230,desain pengiriman rapih fungsi barang baguss n sesuai deskripsi respon baguss banget admin nya ramah dan sangat membantu
a*****2,"Sudah disetting dan semua berfungsi dengan baik
Terima kasih yaaaaa",5,0,1734438108,sudah disetting dan semua berfungsi dengan baik terima kasih yaaaaa
r*****n,,5,1,1756624923,nan
sabo13reborn,"Mantap sih, kualitas joss,packingnya juga mantap,seller juga respon cepatt waktu di chat,tanya2 juga dijelasin.",5,0,1732438520,mantap sih kualitas joss packingnya juga mantap seller juga respon cepatt waktu di chat tanya2 juga dijelasin
dimas_bagaskara12,"Desain:lumayan
Fungsi:bisa nyala, belm di coba untuk game dan pengerjaan lainnya
Spesifikasi:pas sesuai pesanan",5,0,1731834263,desain lumayan fungsi bisa nyala belm di coba untuk game dan pengerjaan lainnya spesifikasi pas sesuai pesanan
riothok,"Desain:Sangad modern dan rapi
Fungsi:Berfungsi dengan baik sesuai dengan spek
Pengalaman:Mudah sekali tinggal pake

Toko yang amanah, semua yang dikirim sesui spek",5,1,1756624970,desain sangad modern dan rapi fungsi berfungsi dengan baik sesuai dengan spek pengalaman mudah sekali tinggal pake toko yang amanah semua yang dikirim sesui spek
manokleani58,baru ngasih penilaian setelah di tes dan cek beberapa hari. mantapp!,5,0,1716648957,baru ngasih penilaian setelah di tes dan cek beberapa hari mantapp
erin8evaf3_7fo,"Desain:paking baik
Fungsi:baik
Pengalaman:sayangnya di instalnya ps cs bukang yang lebih tinggi nya yg bisa bisa do spek pesanan",5,1,1756623903,desain paking baik fungsi baik pengalaman sayangnya di instalnya ps cs bukang yang lebih tinggi nya yg bisa bisa do spek pesanan
y*****d,"Sudah sebulan pemakaian tidak ada kendala, semuanya produk bagus (  ¯꒳​¯ )b",5,2,1739891897,sudah sebulan pemakaian tidak ada kendala semuanya produk bagus b
indriiyani0812,Alhamdulillah paketnya nympe jugaa 😭 Kaka nya baik bangtt gercep  sumpah sabar bngt krna kendala pengirimann. makasih bngtt smoga awet ya 🩷🩷 jgn ragu beli dsni guyss,5,1,1739891045,alhamdulillah paketnya nympe jugaa kaka nya baik bangtt gercep sumpah sabar bngt krna kendala pengirimann makasih bngtt smoga awet ya jgn ragu beli dsni guyss
vernanda200,"Barang mendarat dengan mulus no minus"", penjualnya ramah. Dijamin ga mengecewakan 🥰",5,0,1728890497,barang mendarat dengan mulus no minus penjualnya ramah dijamin ga mengecewakan
davidsantiago091,"Desain:Bagus
Fungsi:Bagus

Bagus walaupun ga sesuai ekspektasi untuk jualan soalnya :) sisanya mantap pelayanan juga okkke",5,0,1732169590,desain bagus fungsi bagus bagus walaupun ga sesuai ekspektasi untuk jualan soalnya sisanya mantap pelayanan juga okkke
squadcantik3,,5,2,1739891308,nan
khaleysia03,,5,1,1759628418,nan
i*****e,"Packing aman, barang sampai dengan selamat.
Seller responsif dan ramah.",5,1,1751073646,packing aman barang sampai dengan selamat seller responsif dan ramah
andrashaktiwibowo,"Barang maknyuz, seller gercep, super fast response
Recommended",5,1,1731580656,barang maknyuz seller gercep super fast response recommended
gakjng,"Desain:ok
Fungsi:bagus",5,1,1756624736,desain ok fungsi bagus
a*****1,"Spesifikasi:amd R5 5600g
Fitur:bagus
Fungsi:bekerja dengan baik",5,0,1719117710,spesifikasi amd r5 5600g fitur bagus fungsi bekerja dengan baik
a*****e,"Mantapp PC nya,, aku lupa request game😂",5,0,1739891160,mantapp pc nya aku lupa request game
yusufmth,,5,1,1731934410,nan
aris162304,"Desain:bagus
Fungsi:normal jaya
Spesifikasi:ok pas sesuai

Keren ok mantap pecking aman",5,0,1729773006,desain bagus fungsi normal jaya spesifikasi ok pas sesuai keren ok mantap pecking aman
p*****5,"Fitur Terbaik:Produk sesuai dengan permingaan
Sepadan dengan Harga:Sepadan dengan harga

Seller ramah, produk sesuai dengan pesanan, pengiriman cepat. Recommended.",5,0,1706161301,fitur terbaik produk sesuai dengan permingaan sepadan dengan harga sepadan dengan harga seller ramah produk sesuai dengan pesanan pengiriman cepat recommended
vania.susu,Sesuai ekspetasi,5,0,1739890877,sesuai ekspetasi
teditamboer,Berfungsi dengan baik,5,1,1751020832,berfungsi dengan baik
aniessadat,Mantap,5,1,1739891644,mantap
y*****r,"Desain:menarik dan modern
Fungsi:bekerja dengan baik sesuai deskripsi",5,0,1739890883,desain menarik dan modern fungsi bekerja dengan baik sesuai deskripsi
galeri.ib,Tooooopppp markotobbbb,5,0,1712109297,tooooopppp markotobbbb
mamahssy,Barang bagus banget 1000 persen... Keren... Mantap... Cuma aku sih telat di jasa kirim nya... Btw jgn pake si cepat ya kalo mo c.o ... Lama ke daerah Sukabumi soalnya,5,1,1731834548,barang bagus banget 1000 persen keren mantap cuma aku sih telat di jasa kirim nya btw jgn pake si cepat ya kalo mo c o lama ke daerah sukabumi soalnya
taufik.prakoso..raharjo,Toppp,5,0,1731834468,toppp
bambangpermadi654,"Desain:bagus banget keren, rekomen bngt
Fungsi:bekerja dengan baik
Spesifikasi:memuaskan",5,1,1739890947,desain bagus banget keren rekomen bngt fungsi bekerja dengan baik spesifikasi memuaskan
rudyoo,Kereeen,5,0,1718979060,kereeen
asepfirmansyah20,Fitur Terbaik:barang mendarat dengan selamat terima kasih,5,0,1708613698,fitur terbaik barang mendarat dengan selamat terima kasih
anugrah_packaging,"Desain:oke
Fungsi:bekerja dengan baik
Spesifikasi:ok",5,0,1739890859,desain oke fungsi bekerja dengan baik spesifikasi ok
novalputra14,,5,1,1756624974,nan
wahab46,"Barang nya sesuai harapan dan berfungsi dengan baik, seller nya ramah enak d ajak konsultasi mau gimana pun bisa, nanti kalau upgrade mau kesini lagi, thanks seller",5,0,1764329458,barang nya sesuai harapan dan berfungsi dengan baik seller nya ramah enak d ajak konsultasi mau gimana pun bisa nanti kalau upgrade mau kesini lagi thanks seller
fu_king.bro,"ga lemot, enak buat mainn, rekomen beli disini ",5,0,1730360299,ga lemot enak buat mainn rekomen beli disini
hafizaz160592,Fitur baik sesuai spesifikasi mantull,5,0,1713469170,fitur baik sesuai spesifikasi mantull
b*****y,Tak sesuai di gambar... sdh chat minta sesuai di gambar sesuai yg ada kipas prosesor rgb.  Sdh ada penilaiaan org lain yg beli dan sesuai gambar.,4,6,1742118358,tak sesuai di gambar sdh chat minta sesuai di gambar sesuai yg ada kipas prosesor rgb sdh ada penilaiaan org lain yg beli dan sesuai gambar
e*****7,"Pokoknya Ga nyesel beli di sini, siang order malam sampai",5,0,1733064306,pokoknya ga nyesel beli di sini siang order malam sampai
pusatbusanaethica,"Tidak diragukan bro sist , langsung saja order overal bagus semua"" nya. Admin baik responsif banyak membantu. Barang juga oke bismilah semuanya awet 🙏 honest reviews dari aku yaa👍👍👍👍",5,1,1756623721,tidak diragukan bro sist langsung saja order overal bagus semua nya admin baik responsif banyak membantu barang juga oke bismilah semuanya awet honest reviews dari aku yaa
chocobeems,"Awalnya sempat ragu mau beli di sini, ehh ternyata keraguannya hilang saat paket datang, sesuai banget dengan ekspektasi, adminnya fast respon, box2 komponen dikirim semua, paket datang tinggal colok, tinggal main deh.
Yg mau request upgrade komponen juga bisa sesuai kemauan kita, top pokoknya.
Rekomen banget buat yg mau beli pc disini pokoknya.",5,1,1756629417,awalnya sempat ragu mau beli di sini ehh ternyata keraguannya hilang saat paket datang sesuai banget dengan ekspektasi adminnya fast respon box2 komponen dikirim semua paket datang tinggal colok tinggal main deh yg mau request upgrade komponen juga bisa sesuai kemauan kita top pokoknya rekomen banget buat yg mau beli pc disini pokoknya
h*****o,selamat sampai tujuan dan berfungsi normal semua nya. Terima kasih,5,1,1757691126,selamat sampai tujuan dan berfungsi normal semua nya terima kasih
altitude88,"Desain:kece badai
Fungsi:mantap pooool
Spesifikasi:overkill pokoknya",5,0,1742456882,desain kece badai fungsi mantap pooool spesifikasi overkill pokoknya
pelajar_online,"Desain:ok
Fungsi:ok
Spesifikasi:ok

Berjalan baik sampai saat ini.. 
Terimakasih..",5,0,1739891081,desain ok fungsi ok spesifikasi ok berjalan baik sampai saat ini terimakasih
vinaaardianti,"Desain:Keren
Fungsi:Baik
Pengalaman:Aman

Alhamdulillah sesuai dengan pesanan ya kak, datangnya juga hari H cepat dan aman. Respon penjualnya baik. Btw speaker beli sndri yaa, yang dapet cmn CPU, Monitor, mouse dan keyboard. 

Thank you kak. Semoga bsa berlangganan dilain waktu",5,1,1757998249,desain keren fungsi baik pengalaman aman alhamdulillah sesuai dengan pesanan ya kak datangnya juga hari h cepat dan aman respon penjualnya baik btw speaker beli sndri yaa yang dapet cmn cpu monitor mouse dan keyboard thank you kak semoga bsa berlangganan dilain waktu
prizaamy,"Penjual amanah, spek juga sesuai. Terimakasih banyak",5,1,1744418250,penjual amanah spek juga sesuai terimakasih banyak
sayaygdapet,Fungsi:barang bekerja dengan baik,5,0,1727227987,fungsi barang bekerja dengan baik
racheliaerika19,"Desain:good
Fungsi:good
Spesifikasi:good

Makasihh kakk semuanyaa baguss",5,0,1739703414,desain good fungsi good spesifikasi good makasihh kakk semuanyaa baguss
a*****0,Mantap,5,0,1751073559,mantap
anwarfat2507,Mantap.. fast respon,5,0,1720149381,mantap fast respon
dedengabolehriba,Pelayanan sangat baik dan penjual sangat responsif,5,0,1756624938,pelayanan sangat baik dan penjual sangat responsif
s*****2,"Desain:ok
Fungsi:baik
Pengalaman:lancar",5,1,1756629469,desain ok fungsi baik pengalaman lancar
ican.shopp,"Desain:bagus
Spesifikasi:okee",5,0,1739891776,desain bagus spesifikasi okee
a*****6,"Desain:menarik

Masih dalam percobaan semoga awet",5,0,1751033819,desain menarik masih dalam percobaan semoga awet
abdullah0491,"Desain:mantul
Fungsi:blom di cek semua",5,0,1735126924,desain mantul fungsi blom di cek semua
sketing,Sesuai pesanan no mines,5,0,1742035313,sesuai pesanan no mines
wezlam,"Desain:sesuai pesanan

sesuai dengan list nya",5,0,1739891800,desain sesuai pesanan sesuai dengan list nya
dickyputraariadi,"Desain:Bagus
Fungsi:Baik

Sesuai Terimakasih",5,0,1742538399,desain bagus fungsi baik sesuai terimakasih
suradji70,Barang ok berfungsi dgn baik & fastrespon,5,0,1739891091,barang ok berfungsi dgn baik fastrespon
store_vanvan,Semoga awet...pngiriman cepaat bnget,5,1,1740131331,semoga awet pngiriman cepaat bnget
bahrudin_83,"Mantap, asli barangnya ori thx yaa

Amanah",5,0,1739890902,mantap asli barangnya ori thx yaa amanah
tresna080,"Barang bagus,, pengiriman cepat ..
Pelayanan baik",5,0,1706016863,barang bagus pengiriman cepat pelayanan baik
e*****t,"Desain:😂😂😂😂😂
Fungsi:😂😂😂😂😂😂
Spesifikasi:😂😂😂😂😂

barang bagus pelayanan admin bagus",4,0,1729418696,desain fungsi spesifikasi barang bagus pelayanan admin bagus
a*****i,"Fitur Terbaik:bagusss
Sepadan dengan Harga:cocok",5,0,1713442555,fitur terbaik bagusss sepadan dengan harga cocok
ajidmaulanaishaq,Bagus sesuai pesanan,5,0,1739891542,bagus sesuai pesanan
y*****8,"Desain:bagus
Fungsi:berfungsi dengan baik
Pengalaman:terbaik

Jangan ragu beli disini, pelayanan terbaik, pcnya juga bagus",5,0,1756623824,desain bagus fungsi berfungsi dengan baik pengalaman terbaik jangan ragu beli disini pelayanan terbaik pcnya juga bagus
a*****a,"Bagus aman dkirim keluar kota cepat packing aman tanpa lecet sedikitpun, puas bgt harga jauh beda dr kota sndiri",5,1,1757642005,bagus aman dkirim keluar kota cepat packing aman tanpa lecet sedikitpun puas bgt harga jauh beda dr kota sndiri
deaa06,"Desain:bagus bangettt bener bener worth to buy, sesuai sama harganyaa",5,1,1756624748,desain bagus bangettt bener bener worth to buy sesuai sama harganyaa
rimamilanovianti21,"Desain:desain nya mantap kipas nya banyak
Fungsi:untuk saat ini barang nya oke semoga gak ada kendala recomended banget belanja di sini",5,1,1756629524,desain desain nya mantap kipas nya banyak fungsi untuk saat ini barang nya oke semoga gak ada kendala recomended banget belanja di sini
taufiq203,Desain:keren dan berfungsi dengan normal,4,0,1745603011,desain keren dan berfungsi dengan normal
sepnino,Mantap bang🙏,5,0,1756624782,mantap bang
hari_avd79,Barang Bagus sesuai Pesanan,5,0,1727228001,barang bagus sesuai pesanan
kokopow,,5,1,1751031689,nan
b*****t,Mantuk,5,0,1759208625,mantuk
airastoreone,Terimakasih mantap,5,0,1759768050,terimakasih mantap
hari_avd79,Barang bagus sesuai pesanan,5,0,1751031695,barang bagus sesuai pesanan
almarzuq_store,"Desain:KEREN
Fungsi:NORMAL
Pengalaman:SANGAT BAIK DAN BAGUS",5,0,1751031864,desain keren fungsi normal pengalaman sangat baik dan bagus
wisnu.ramadhan33,Desain:mantap pokoknya,5,0,1756624775,desain mantap pokoknya
v*****8,"Pengalaman:baru 1 bulan setengah penggunaan sdh sering mati blue screen dan skrg ram rusak, teknisi di kontak ngga respon sama sekali",5,0,1761397071,pengalaman baru 1 bulan setengah penggunaan sdh sering mati blue screen dan skrg ram rusak teknisi di kontak ngga respon sama sekali
m*****2,"Desain:oke

Sesuai dengan deskripsi",5,0,1756623653,desain oke sesuai dengan deskripsi
a*****3,"Mantap.. Admin fast respon, apapun yg ditanya slalu dijawab",5,1,1751020885,mantap admin fast respon apapun yg ditanya slalu dijawab
nadaarsyila03,"Desain:okee
Fungsi:baik
Pengalaman:lancar",5,1,1757998245,desain okee fungsi baik pengalaman lancar
g*****n,Pesanan belum dibuka.,4,0,1756629749,pesanan belum dibuka
hari_avd79,Barang bagus sesuai pesanan,5,0,1756624926,barang bagus sesuai pesanan
ratnaasardew,"Akhirnyaa yg ditunggu datang jugaa 😍 secepat kilat pengiriman nya. Hihi barang juga aman , recommended pokonaa",5,1,1765721668,akhirnyaa yg ditunggu datang jugaa secepat kilat pengiriman nya hihi barang juga aman recommended pokonaa
eko_l0c00,"Desain:bagus
Fungsi:normal dan berfungsi semua
Pengalaman:lancar tanpa kendala

Admin juga sabar mnjawab stiap pertanyaan sbelum CO. Terbaik dah pokoknya.. Semoga brangnya awet dan bisa upgrade suatu saat nanti..",5,1,1760524239,desain bagus fungsi normal dan berfungsi semua pengalaman lancar tanpa kendala admin juga sabar mnjawab stiap pertanyaan sbelum co terbaik dah pokoknya semoga brangnya awet dan bisa upgrade suatu saat nanti
ashaganteng,"Desain:keren
Fungsi:lancar jaya
Pengalaman:aman dan menyenangkan

rekomended, harga nya oke banget, packing bagus pake kayu, admin selalu membantu terus setiap ada kendala/pertanyaan",5,1,1763882696,desain keren fungsi lancar jaya pengalaman aman dan menyenangkan rekomended harga nya oke banget packing bagus pake kayu admin selalu membantu terus setiap ada kendala pertanyaan
b*****u,"Desain:bagus
Fungsi:berfungsi
Pengalaman:aman

Bagus kok cpt pengirimannya isinya jga sesuai sama yg aku request terimakaish kak",5,1,1757591403,desain bagus fungsi berfungsi pengalaman aman bagus kok cpt pengirimannya isinya jga sesuai sama yg aku request terimakaish kak
friskykio,Mantab.. Minta rizen 5 5600G tapi d kasih GT.. Tapi g papa lah.. Mantab banget puas.. Next beli lagi,5,1,1765783334,mantab minta rizen 5 5600g tapi d kasih gt tapi g papa lah mantab banget puas next beli lagi
k*****4,"Desain:menarik
Fungsi:beroperasi dengan baik
Pengalaman:lancar tanpa kendala

Makaih👍🏻👍🏻👍🏻",5,1,1761864860,desain menarik fungsi beroperasi dengan baik pengalaman lancar tanpa kendala makaih
s*****6,"Desain:Keren, elegant
Fungsi:Berfungsi dengan baik, Speakernya juga.
Pengalaman:Tidak ada kendala

Sesuai deskripsi. Recommend 🙏🏻👍🏻",5,1,1764402710,desain keren elegant fungsi berfungsi dengan baik speakernya juga pengalaman tidak ada kendala sesuai deskripsi recommend
nandaferdikamardilo,"Desain:bagus
Fungsi:sering crash
Pengalaman:70%

Sering crash",3,0,1762239867,desain bagus fungsi sering crash pengalaman 70 sering crash
i*****a,"Desain:Desainnya bagus dan keren
Fungsi:Semua berfungsi dengan baik dan lancar

Terimakasih untuk seller yang telah memandu sampai ditangan, admin sangat ramah, dijawab sesuai dengan keadaan yang sebenarnya. Rekomendasi banget beli di toko ini. 
Sangat berkualitas tinggi produk yang saya beli ini. Mantaapp josss gandos",5,1,1765097442,desain desainnya bagus dan keren fungsi semua berfungsi dengan baik dan lancar terimakasih untuk seller yang telah memandu sampai ditangan admin sangat ramah dijawab sesuai dengan keadaan yang sebenarnya rekomendasi banget beli di toko ini sangat berkualitas tinggi produk yang saya beli ini mantaapp josss gandos
e*****s,"BAGUS BANGETTT, SELLERNYA JUGA SABAR DAN FAST RESPON GERCEP SEMUA REQUEST DITURUTIN, selama pemakaian tidak ada kendala apapun, cocok buat yang gak mau ribet rakit pc mau req tambahan/ganti komponen juga bisa, suksesss selaluu yaaaaa!!!!",5,1,1762177244,bagus bangettt sellernya juga sabar dan fast respon gercep semua request diturutin selama pemakaian tidak ada kendala apapun cocok buat yang gak mau ribet rakit pc mau req tambahan ganti komponen juga bisa suksesss selaluu yaaaaa
azmandvip,"Aman terkendali, barang bagus tidak ada lecet, terimakasih seller",5,1,1756629407,aman terkendali barang bagus tidak ada lecet terimakasih seller
yayangsriwati,"Desain:menarik ...eyecatching
Fungsi:beroperasi dengan baik
Kegunaan:berguna untuk gaming",5,0,1751033814,desain menarik eyecatching fungsi beroperasi dengan baik kegunaan berguna untuk gaming
s*****3,"Desain:Bagus
Fungsi:berfungsi dengan baik

Overall sesuai dengan deskripsi, seller juga ramah, kurir juga cepet, 1 jam sampai. semoga barang nya awet, sekedar saran buat yg mau beli, usahakan co nya pagi, biar semua aplikasi yg diminta bisa diinstal, semoga masih terus di support kalau ada kendala. Thanks",5,1,1756629550,desain bagus fungsi berfungsi dengan baik overall sesuai dengan deskripsi seller juga ramah kurir juga cepet 1 jam sampai semoga barang nya awet sekedar saran buat yg mau beli usahakan co nya pagi biar semua aplikasi yg diminta bisa diinstal semoga masih terus di support kalau ada kendala thanks
aceng_knalpot,"Awalnya sempat takut gara-gara pengiriman pake kardus doang, tapi syukurlah bisa berfungsi dengan baik 👍",5,1,1756625165,awalnya sempat takut gara gara pengiriman pake kardus doang tapi syukurlah bisa berfungsi dengan baik
mumus16,"Fitur Terbaik:bagus
Sepadan dengan Harga:terjangkau

Nice",5,2,1753930875,fitur terbaik bagus sepadan dengan harga terjangkau nice
natanaeldito96,"Desain:bagus,kekinian
Fungsi:bekerja dengan normal
Pengalaman:pingiriman cepat,aman,adminya fast respon,ramah,keren sih mantap",5,1,1751031815,desain bagus kekinian fungsi bekerja dengan normal pengalaman pingiriman cepat aman adminya fast respon ramah keren sih mantap
anggix_prayoga,"Desain:keren poll
Fungsi:dengan baik
Pengalaman:pengiriman cepat, sampai2 lupa instalkan game, tp its Ok bro, sukses selalu

Fast respon tanya apa aja di jawab. Barang ok packing kayu mantap surantap",5,1,1751033736,desain keren poll fungsi dengan baik pengalaman pengiriman cepat sampai2 lupa instalkan game tp its ok bro sukses selalu fast respon tanya apa aja di jawab barang ok packing kayu mantap surantap
devasatyo76,"Desain:keren
Fungsi:fungsi dengan baik
Pengalaman:maaf telat review ,ini sudah pemakaian hampir 3 Minggu PC berfungsi normal si ngga ada kendala mantep banget",5,1,1751033727,desain keren fungsi fungsi dengan baik pengalaman maaf telat review ini sudah pemakaian hampir 3 minggu pc berfungsi normal si ngga ada kendala mantep banget
lpg.shop,Recomendett pc buat maen gow + live di hitam T amann libass bro,5,1,1750204796,recomendett pc buat maen gow live di hitam t amann libass bro
yosefvl6410,"Desain:rgb lampu menyala
Fungsi:beroprasi dengan normal sesuai spesifikasi komputer
Kegunaan:Gaming, Live studio, perketikan ms word dan exel, trading

Respon penjual cepat,boleh share keinginan biar nnti di rekomendasikan, jika barang minus bisa langsung kembalikan(return) jangan takut dana tidak kembali dan suatu masalah di produknya bisa dibantu dengan tim teknisi tokonya langsung pasti dibalas tapi harap bersabar karena kadang tidak langsung di balas. 
Box semua komponen lengkap jadi jika terjadi kerusakan bisa dibantu klaimkan tapi semoga saja jangan terjadi kerusakan",5,1,1751073587,desain rgb lampu menyala fungsi beroprasi dengan normal sesuai spesifikasi komputer kegunaan gaming live studio perketikan ms word dan exel trading respon penjual cepat boleh share keinginan biar nnti di rekomendasikan jika barang minus bisa langsung kembalikan return jangan takut dana tidak kembali dan suatu masalah di produknya bisa dibantu dengan tim teknisi tokonya langsung pasti dibalas tapi harap bersabar karena kadang tidak langsung di balas box semua komponen lengkap jadi jika terjadi kerusakan bisa dibantu klaimkan tapi semoga saja jangan terjadi kerusakan
astina.b,"Desain:modern
Fungsi:satset.

Seller sabar banget di chat diluar jam kerja juga tetep cepet  respown nya. Barang dateng langsung coba, puas banget enak buat kerja satsett.. Thanks seller dan kurir☺️❤️",5,1,1751033783,desain modern fungsi satset seller sabar banget di chat diluar jam kerja juga tetep cepet respown nya barang dateng langsung coba puas banget enak buat kerja satsett thanks seller dan kurir
achmadmilanisty,"Desain:mantap
Fungsi:sejauh ini bagus
Pengalaman:pengalaman pertama

Kalo bisa upgrade psu",5,1,1751031874,desain mantap fungsi sejauh ini bagus pengalaman pengalaman pertama kalo bisa upgrade psu
p*****i,"Desain:menarik serta detai rapi
Fungsi:fungsi bekerja dengan baik
Kegunaan:serbaguna

PC gaming berkualitas ok.
Semua berfungsi dengan semestinya",5,1,1751073594,desain menarik serta detai rapi fungsi fungsi bekerja dengan baik kegunaan serbaguna pc gaming berkualitas ok semua berfungsi dengan semestinya
syahrulmiftahfarid,"Desain:bagus, rapi, modern
Fungsi:normal dan lancar (setelah perbaikan kecil)
Kegunaan:pakai m2 bootnya luar biasa cepet, ryzen 4600g gaperlu ditanya lagi performanya.

Packing kayunya patah satu batang, tapi untung barang selamat. Awalnya datang pc nya mati, tapi admin quick respon + dibantu teknisi sampai nyala (ternyata ram nya perlu dibersihkan dulu). Bagus after sales-nya.
Racikan parts mantap, ngga ada parts yang abal abal, terutama psu. Pokoknya best bang for your buck untuk PC price point 3.7jt. laptop 8 jutaan sudah di libas performanya.",5,1,1751073856,desain bagus rapi modern fungsi normal dan lancar setelah perbaikan kecil kegunaan pakai m2 bootnya luar biasa cepet ryzen 4600g gaperlu ditanya lagi performanya packing kayunya patah satu batang tapi untung barang selamat awalnya datang pc nya mati tapi admin quick respon dibantu teknisi sampai nyala ternyata ram nya perlu dibersihkan dulu bagus after sales nya racikan parts mantap ngga ada parts yang abal abal terutama psu pokoknya best bang for your buck untuk pc price point 3 7jt laptop 8 jutaan sudah di libas performanya
apik_epic,"Desain:warna hitam bagiku kurang kelihatan mewah
Fungsi:inplug USB sangat rentan rawan rusak
Kegunaan:kualitas nvme perlu ditingkatkan

Saya baru pakai 2x bagian colokan USB yang didepan langsung rusak, dan lubang USB lain sangat rentan rawan rusak
Lubang kabel wifi juga kurang berkualitas
Jenis NVME nya perlu ditingkatkan yang bagus lagi biar performa makin joss
Untuk yang lain sampai saat ini masih Oke",5,1,1756629670,desain warna hitam bagiku kurang kelihatan mewah fungsi inplug usb sangat rentan rawan rusak kegunaan kualitas nvme perlu ditingkatkan saya baru pakai 2x bagian colokan usb yang didepan langsung rusak dan lubang usb lain sangat rentan rawan rusak lubang kabel wifi juga kurang berkualitas jenis nvme nya perlu ditingkatkan yang bagus lagi biar performa makin joss untuk yang lain sampai saat ini masih oke
cakrivi,Pengirimannya aman packing kayu sayangnya ram nya single bukan yang double,5,1,1751073637,pengirimannya aman packing kayu sayangnya ram nya single bukan yang double
yutathrift,"Desain:mantap sesuai ekspektasi
Fungsi:sangat bagus lancar dan semoga aman sampai bertahun tahun
Kegunaan:gaming&streaming

Admin gercep dan responsif serta komponen bagus semua sesuai spek",5,1,1751073786,desain mantap sesuai ekspektasi fungsi sangat bagus lancar dan semoga aman sampai bertahun tahun kegunaan gaming streaming admin gercep dan responsif serta komponen bagus semua sesuai spek
safri89,"Desain:menarik & modern
Fungsi:berfungsi normal
Kegunaan:software hp

Pc rakitan sesuai deskripsi pesanan,.
Spek badak semoga awet. Terimakasih seller dan shopee",5,2,1756629635,desain menarik modern fungsi berfungsi normal kegunaan software hp pc rakitan sesuai deskripsi pesanan spek badak semoga awet terimakasih seller dan shopee
amandajasminepieris,"Spesifikasi:Sesuai dengan permintaan
Desain:Custom

Sellernya super helpfull dan responsif dan baik banget, sempat ada kendala waktu CPUnya sampe. Tapi agannya bener2 mau bantuin via VC dan bela2in ke rumah, dan akhirnya masalahnya kelar dengan tuntas. Untuk casenya saya pesan di toko ini juga, namanya Hose Aquos, udah langsung dirakitin. Rapih!!
Tokonya Amanah, sukses selalu. Recommended!!! 👍👍👍",5,8,1726154431,spesifikasi sesuai dengan permintaan desain custom sellernya super helpfull dan responsif dan baik banget sempat ada kendala waktu cpunya sampe tapi agannya bener2 mau bantuin via vc dan bela2in ke rumah dan akhirnya masalahnya kelar dengan tuntas untuk casenya saya pesan di toko ini juga namanya hose aquos udah langsung dirakitin rapih tokonya amanah sukses selalu recommended
nurafdholhuzami,"Desain:sesuai dengan pemesanan
Fungsi:baik sesuai dengan pesanan
Kegunaan:gameing

Mantab terimakasih seller. Semoga berkah dan komputernya tahan lama.",5,1,1751073924,desain sesuai dengan pemesanan fungsi baik sesuai dengan pesanan kegunaan gameing mantab terimakasih seller semoga berkah dan komputernya tahan lama
nailatusshofia,"Spek sesuai dan komputer bagus, game yg diminta sesuai bahkan dilebihin. Gak nyesel beli disini. Recommended, asli jangan ragu beli komputer disini",5,18,1733416565,spek sesuai dan komputer bagus game yg diminta sesuai bahkan dilebihin gak nyesel beli disini recommended asli jangan ragu beli komputer disini
a*****o,"Desain:joooshhhh
Fungsi:baiiik

Baru sempat di coba.. 
Overall OK sesuai pesanan.. 
Seller sat set bales chat.. Mantabb..",5,1,1744944185,desain joooshhhh fungsi baiiik baru sempat di coba overall ok sesuai pesanan seller sat set bales chat mantabb
rifanrain,"Fitur Terbaik:Baik, normal, seller responsif
Sepadan dengan Harga:totally worth it, paling murah dan aman

Terima kasih banyak kak puas banget, udah 2 mingguan masih aman, gaming lancar, next mau pasang vganya kira kira yang cocok apa ya kak?",5,7,1726154436,fitur terbaik baik normal seller responsif sepadan dengan harga totally worth it paling murah dan aman terima kasih banyak kak puas banget udah 2 mingguan masih aman gaming lancar next mau pasang vganya kira kira yang cocok apa ya kak
abdulaji08,"Desain:keren bagus
Fungsi:normal semua aman

awalnya ragu buat beli online, aku liat komen ratingnya juga bagus semua yaudah lahh aku beli dan hasilnya sangat memuaskan ga nyesel beli disini aku sangat suka sekali heheh rekomen banget dahh kalo mau yang beli pc di toko ini apalagi pelayanan sangat ramah dan fast respon top buat abangnya 👍🏻",5,1,1742140619,desain keren bagus fungsi normal semua aman awalnya ragu buat beli online aku liat komen ratingnya juga bagus semua yaudah lahh aku beli dan hasilnya sangat memuaskan ga nyesel beli disini aku sangat suka sekali heheh rekomen banget dahh kalo mau yang beli pc di toko ini apalagi pelayanan sangat ramah dan fast respon top buat abangnya
s*****s,"Desain:Sangat Keren
Fungsi:Lancar semua Mantap!!!

Pelayanan terbaik!!! Nanya dari awal mau beli smpe dateng di respond sangat cepat dan baik🙌🏼",5,1,1756629716,desain sangat keren fungsi lancar semua mantap pelayanan terbaik nanya dari awal mau beli smpe dateng di respond sangat cepat dan baik
rac.co,"Thankyou seller, produk top, seller komunikatif, solutif, respon cpt",5,11,1729413757,thankyou seller produk top seller komunikatif solutif respon cpt
r*****y,"Fitur Terbaik:as always oke
Sepadan dengan Harga:iya

Alhamdulillah sudah diterima dengan baik dan aman
Seller amanah banget dan proses pengiriman cepat. 
Spec sesuai, bahkan dibonusin karena monitor yg ready LG 19 inch jadi yg dikirim merk LG. Makasih bonusnya kak 🙏🏼",5,5,1726154437,fitur terbaik as always oke sepadan dengan harga iya alhamdulillah sudah diterima dengan baik dan aman seller amanah banget dan proses pengiriman cepat spec sesuai bahkan dibonusin karena monitor yg ready lg 19 inch jadi yg dikirim merk lg makasih bonusnya kak
agusjabs,blm.dicoba semoga sesuai diskripsi. suskses selalu hifi.computer,5,1,1756629700,blm dicoba semoga sesuai diskripsi suskses selalu hifi computer
krisjon70,"Fitur Terbaik:oke
Sepadan dengan Harga:Harga Sepadan

PC gaming keren, Full RGB
Penjual responsif, bisa diajak konsultasi 
Makasih Hifi computer ...",5,6,1726154433,fitur terbaik oke sepadan dengan harga harga sepadan pc gaming keren full rgb penjual responsif bisa diajak konsultasi makasih hifi computer
shalehabdurrahim,"Spesifikasi:Mantap
Desain:Keren
Fitur:Bagus

Baru kali ini beli barang elektronik mahal lewat olshop, alhamdulillah sampe dengan aman. Ga nyangka juga ternyata sampe bungkusnya dikirim juga. Pelayanannya mantap, admin fast respon 👍🏻👍🏻",5,3,1726154419,spesifikasi mantap desain keren fitur bagus baru kali ini beli barang elektronik mahal lewat olshop alhamdulillah sampe dengan aman ga nyangka juga ternyata sampe bungkusnya dikirim juga pelayanannya mantap admin fast respon
jhonshanzen,"Desain:keren
Fungsi:bekerja dengan baik sesuai ekspektasi
Spesifikasi:mantab sesuai spesifikasi

alhmdulillah barangnya mantab sudah ditest pengemasan juga baik sangat aman tidak ada yang rusak, walaupun sedikit kecewa karen request saya banyak yang tidak ada, overall good job 👍👍🙏🙏",5,2,1739891284,desain keren fungsi bekerja dengan baik sesuai ekspektasi spesifikasi mantab sesuai spesifikasi alhmdulillah barangnya mantab sudah ditest pengemasan juga baik sangat aman tidak ada yang rusak walaupun sedikit kecewa karen request saya banyak yang tidak ada overall good job
n*****k,"Desain:sesuai
Fungsi:bekerja dengan baik
Spesifikasi:pc

bagus banget fast respon, barang aman, sorryga foto asli, pengerimana jg oke dibungkus real aman si, udh brp kali beli buat kebutuhna kantor disini oke banget dapet garansi di hub juga perihal barangnya seblum sampai sesudah sampai oke mantab baik terimakasih",5,1,1739703748,desain sesuai fungsi bekerja dengan baik spesifikasi pc bagus banget fast respon barang aman sorryga foto asli pengerimana jg oke dibungkus real aman si udh brp kali beli buat kebutuhna kantor disini oke banget dapet garansi di hub juga perihal barangnya seblum sampai sesudah sampai oke mantab baik terimakasih
shenaalfath,Fitur Terbaik:mantap pcnya dirakit pagi. Maghrib udah sampe rumah. Sellernya juga mantap ditanyain di weekend tetep di respond 😂😂.,5,4,1726154429,fitur terbaik mantap pcnya dirakit pagi maghrib udah sampe rumah sellernya juga mantap ditanyain di weekend tetep di respond
onotrah_garden,"Fitur Terbaik:JOS
Sepadan dengan Harga:sesuai spek

Mantap, beli di sini sesuai dengan keinginan. Admin cepat tanggap. Ada keluhan langsung dijawab.",5,3,1726154434,fitur terbaik jos sepadan dengan harga sesuai spek mantap beli di sini sesuai dengan keinginan admin cepat tanggap ada keluhan langsung dijawab
harisannanda,"Berfungsi dengan, seller ramah, barang aman sampai tujuan, tanpa lecet",5,4,1726154426,berfungsi dengan seller ramah barang aman sampai tujuan tanpa lecet
sadianj,"Spesifikasi:mantappp
Desain:mewahhhh
Fitur:bagusss banget

Ga nyesel beli rakitan pc disini kalo masih awam sama komputer bisa diajarin sampe bisaa terimakasih hifi komputer",5,2,1733046506,spesifikasi mantappp desain mewahhhh fitur bagusss banget ga nyesel beli rakitan pc disini kalo masih awam sama komputer bisa diajarin sampe bisaa terimakasih hifi komputer
ifi13,"Kualitas pelayanan nomor 1, jgn ragu untuk nanya.
Spek sesuai deskripsi tidak ada minus, good job buat seller.
Cocok buat yg mager nyari komponen dan mau terima beres langsung pakai👍",5,1,1739891446,kualitas pelayanan nomor 1 jgn ragu untuk nanya spek sesuai deskripsi tidak ada minus good job buat seller cocok buat yg mager nyari komponen dan mau terima beres langsung pakai
m*****l,"Spesifikasi:Sesuai order
Fitur:Gaming
Fungsi:Bekerja dengan baik

Seller responsif dan gercep",5,2,1728488938,spesifikasi sesuai order fitur gaming fungsi bekerja dengan baik seller responsif dan gercep
w*****9,"Bagus, penjual responsif, baru di tes nyala belum digunakan,semoga berfungsi dengan baik.",5,2,1726154428,bagus penjual responsif baru di tes nyala belum digunakan semoga berfungsi dengan baik
nofri_samarinda,"Desain:ok
Fungsi:ok
Spesifikasi:ok

Video unboxing lebih dari 60 detik
Belum di tes run, semoga lancar",5,1,1739891101,desain ok fungsi ok spesifikasi ok video unboxing lebih dari 60 detik belum di tes run semoga lancar
mhmmd.ryhn,"Desain:keren
Fungsi:baik sekali

mantap ga nyesel beli pc di toko ini",5,1,1752219292,desain keren fungsi baik sekali mantap ga nyesel beli pc di toko ini
brucefamous,Desain:so far good next update penilaian selama penggunaan,5,1,1735089616,desain so far good next update penilaian selama penggunaan
tri_prasetyo1983,Pc berfungsi dengan baik. Sesuaidengan pesanan.,5,1,1764147465,pc berfungsi dengan baik sesuaidengan pesanan
epul_cell89,,5,1,1765206120,nan
kopisenjapukul5,,5,1,1758514483,nan
qolbee669,,5,1,1765721671,nan
b*****s,Bintang yang berbicara,5,1,1756629374,bintang yang berbicara
hari_avd79,Barang Bagus sesuai pesanan,5,0,1756623753,barang bagus sesuai pesanan
g*****5,,4,1,1756625004,nan
hermawati33,Desain:bagusssss sekali berfungsi semua,5,1,1751031943,desain bagusssss sekali berfungsi semua
riandshare,,5,1,1751033843,nan
andikaptr176,tengkyu kak 🫰🫰,5,1,1751073742,tengkyu kak
soetejoe,,5,1,1751073681,nan
a*****n,"Desain:standart
Fungsi:baik",5,1,1751073768,desain standart fungsi baik
kaiza777,Mantap memuaskan,5,2,1756629686,mantap memuaskan
nirsin_ak212,,5,0,1751073823,nan
feridipraja,,5,1,1756629704,nan
e*****7,pelayanan nya mantab,5,6,1726154453,pelayanan nya mantab
fuatnarver,"Mantapp sesuai deskripsi, keren recomended",5,4,1726154451,mantapp sesuai deskripsi keren recomended
h*****5,Memuaskan untuk harga yang di tawarkan,5,1,1741196783,memuaskan untuk harga yang di tawarkan
gagaptok,"Spesifikasi:mantap
Fitur:bagus
Fungsi:normal",5,3,1726154444,spesifikasi mantap fitur bagus fungsi normal
mkhusainn,"Pelayanan jos, respon mantapp",5,3,1726154447,pelayanan jos respon mantapp
dindadwicahyaningtias,Mantap fast respon barang cepat sampaii 🔥🔥🔥,5,2,1740844974,mantap fast respon barang cepat sampaii
storedapp,Semoga awet,5,3,1726154449,semoga awet
ginanjar1996,"Desain:elegan

Mantul pokoknya",5,1,1739703420,desain elegan mantul pokoknya
veronalfiansyah,,5,1,1740498754,nan
teditamboer,Bagus. Bekerja dengan normal semua,5,1,1739892367,bagus bekerja dengan normal semua
s*****4,,5,2,1726154446,nan
123_2802,,5,1,1747116049,nan
han_aqil,,5,1,1739892451,nan
raziq2803_,,5,1,1739891574,nan
a*****d,bagus brody,5,0,1728802836,bagus brody
raiezmirasdava,,5,1,1728523018,nan
andri.muzni,,5,0,1730634639,nan
e*****s,,5,0,1731968771,nan
25_97,,5,0,1729213190,nan
maz_andy,,5,0,1727227994,nan
loginsophee,,5,0,1729213218,nan
fakhrizaadit,,5,0,1731838485,nan
rzanahar,,5,0,1730140293,nan
wiselin82,,5,0,1731904433,nan
kiwildan16,,5,0,1732615904,nan
elis_martini,,5,0,1740498757,nan
h*****b,,5,0,1730539080,nan
abi1988i,,5,0,1729213207,nan
siincan21,,5,0,1732438515,nan
mz_store45,,5,0,1729924293,nan
daniseggy,,5,0,1729302070,nan
alxgii,,5,0,1729924264,nan
robisugara147,,5,0,1730360323,nan
muhammad.satria.akbar,,5,0,1730528866,nan
cari_cuan_caricuan,,5,0,1731069647,nan
romlifathu,,5,0,1731838371,nan
itsmeferdi111,,5,0,1740229499,nan
bimss1916,,5,0,1733064343,nan
ebudkybum,,5,0,1740391313,nan
abaizzata,,5,0,1733064339,nan
r*****4,,5,0,1712573460,nan
indah_nafeeza,,5,0,1739703552,nan
ichin86,,5,0,1731834294,nan
linggamalaya,,5,0,1731834285,nan
teguhromadhon624,,5,0,1733064353,nan
berlstore,,5,0,1739703536,nan
harieai,,5,0,1731834281,nan
t*****f,,5,0,1739703541,nan
rofimuhammad399,,5,0,1712477708,nan
anisa.cf,,4,0,1728457320,nan
goheng99,,5,0,1712287254,nan
nandaarisandi,,5,0,1739703665,nan
dimasscg,,5,0,1712127420,nan
crooth,,5,0,1739890983,nan
sherlyamelia24,,5,0,1739890854,nan
hlynq1vj9x,,5,0,1739890871,nan
marteen12345,,5,0,1711335591,nan
berich.wear,,5,0,1739892307,nan
muchamadraihansabil,,5,0,1739892312,nan
alpianfahmi94,,5,0,1711092438,nan
adekeko06,,5,0,1739890925,nan
indomobilnewcar,,4,0,1739890931,nan
pandawa.paint,,5,0,1739891019,nan
truck.id_official,,5,0,1739891026,nan
r0zyy,,5,0,1739892348,nan
elmy.priyony12,,5,0,1739891108,nan
lastrizegna77,,5,0,1709636566,nan
angga_dalimunthe,,5,0,1739891877,nan
fitrinursari1996,,5,0,1739892343,nan
ika.meliaa,,5,0,1739891887,nan
a*****9,,5,0,1709648245,nan
razifsaputra276,,5,0,1739892654,nan
budiadisenoa,,5,0,1739892637,nan
ziel_store,,5,0,1739891234,nan
fajarsss_,,5,0,1739891265,nan
dandyca,,4,0,1739891299,nan
simail06,,5,0,1739892396,nan
panca711,,5,1,1739891414,nan
fajarr.marta,,5,0,1739891468,nan
hatebesport89,,5,0,1739891592,nan
linaones,,4,0,1739891650,nan
cuantrustiaphari,,5,0,1707017391,nan
mars2ndbooks,,5,0,1739892542,nan
lia_kusmita,,5,0,1734428735,nan
s*****2,,5,0,1734624499,nan
budakjalu,,5,0,1713840920,nan
faisalardi93,,5,0,1714439713,nan
anandaps6363,,5,0,1715059682,nan
agus1978,,5,0,1719912684,nan
a*****8,,5,0,1734621572,nan
edosastra,,5,0,1717850798,nan
safiakamila042,,5,0,1720069885,nan
dinarbamsmedix,,4,0,1735515114,nan
haaganta,,5,0,1715911949,nan
erilizwan,,5,0,1721460582,nan
hosea21,,5,0,1722346946,nan
agus1978,,5,0,1721460560,nan
mian_abdu,,5,1,1721460458,nan
silvannakun,,4,0,1713840937,nan
dermawanpr22,,4,0,1715608966,nan
jodyjaya,,4,0,1714903495,nan
shofieline,,4,1,1721464715,nan
ibnuluthfisudiana,,5,0,1741667276,nan
ory7693,,5,0,1752031686,nan
a.a.navis,,5,0,1762843621,nan
jannahhhhhhhhhhhh,,5,0,1763796153,nan
akrilik_jakarta1,,5,0,1764486081,nan
ekkasulis84,,5,0,1759668590,nan
mega.trophy08,,5,0,1741492871,nan
eko_wahyu006,,5,0,1740778897,nan
monicalestarri,,5,0,1765879219,nan
sapujaka2,,5,0,1753859801,nan
s*****e,,5,0,1751020841,nan
lautbening,,5,0,1751468604,nan
wiselin82,,5,0,1740657273,nan
indrasetiawan170,,5,0,1744881298,nan
irwanpratomo11,,5,0,1744202392,nan
2mgjjv_qqq,,4,0,1760095416,nan
danigarcianesta,,5,0,1743258186,nan
digital.artprint,,5,0,1762604543,nan
atingmila,,5,0,1740657279,nan
fuadnurdinsaputra,,5,0,1751669299,nan
hr.adjie,,5,0,1759106532,nan
fallowayhouse,,5,0,1742182142,nan
hannnamaku_,,5,0,1743210067,nan
waliwijaya,,5,0,1744629367,nan
74sdmdej3o,,5,0,1760538370,nan
laknpm58je,,5,0,1760440894,nan
hkplizhznu,,5,0,1760262079,nan
zolla14,,5,0,1759142358,nan
god.herry,,5,0,1761798618,nan
riyantoexsel,,5,0,1741492866,nan
0znbcay1ph,,5,0,1741579789,nan
fatimatussholehah715,,5,0,1741574381,nan
vapory22,,5,0,1741020139,nan
minafarida265,,5,0,1740778884,nan
auffar2010,,5,0,1741526106,nan
kukuntulll,,5,0,1757462832,nan
m*****4,,5,0,1756710324,nan
icengss,,5,0,1757566812,nan
amsiaharlan,,5,0,1757743288,nan
yasui_mise.id,,5,0,1757919992,nan
rere.weekend,,5,0,1757997555,nan
lbjnew,,5,0,1758218956,nan
f*****2,,5,0,1758195938,nan
13m1yy0h66,,5,0,1752502415,nan
plddee,,5,0,1763175875,nan
msfoto_5,,5,0,1762775855,nan
ferdiferdi295,,5,0,1762794186,nan
farisul1154,,5,0,1764210771,nan
sintamarsha,,5,0,1764326184,nan
t12v5ce9za,,5,0,1764786907,nan
agungtriwibowo281,,5,0,1765202533,nan
i*****n,,5,0,1765232501,nan
ilhamramadhan11013,,5,0,1765411230,nan
nkfhn41b_q,,5,0,1765855025,nan
racyundepoy,,4,0,1740711546,nan
enjang.solihin,,4,0,1758107395,nan
a*****n,,5,0,1741492894,nan
sriwahyuni030383,,5,0,1741195082,nan
4ddb12xm15,,4,0,1756623663,nan
papawgoler,,5,0,1751031682,nan
adhimulyawan21,,5,0,1751020867,nan
hari_avd79,,5,0,1756623668,nan
aryaalfian12,,5,0,1756623703,nan
zaidanhawary,,5,0,1751031801,nan
gagahvino,,5,0,1751031797,nan
lustreskin,,5,1,1756623744,nan
hamiddasilva454,,4,0,1751031700,nan
raissashaaa,,5,0,1756629392,nan
wahyuditok020,,5,0,1751031810,nan
rizqunavariasi,,5,0,1756623780,nan
deasy1298,,5,0,1751031824,nan
andriyantods,,5,0,1756623794,nan
abangmiqbal06,,5,0,1751073547,nan
bbj02,,5,0,1751033754,nan
ican.shopp,,5,0,1756623812,nan
ican.shopp,,5,0,1756623817,nan
komangjuniadi,,5,1,1743392225,nan
taufiqtopx2,,5,0,1751031829,nan
muhammadhizbullah345,,5,0,1751031856,nan
ghea0101,,5,0,1756629451,nan
mauladafa123,,5,0,1756623858,nan
ikrarestart,,5,0,1751031879,nan
yusuf_gua_hiro,,5,0,1756623888,nan
naufalamru,,5,0,1756624699,nan
55555aisy,,4,0,1756624753,nan
rfky.bgs,,4,0,1756629487,nan
lovellacreatery,,5,0,1756624933,nan
ridwanaji123,,5,0,1756624943,nan
b*****f,,5,0,1751033835,nan
zein_ar,,5,0,1751033852,nan
g*****a,,5,0,1756629498,nan
ticko71,,5,0,1756629503,nan
,,5,0,1751033823,nan
s*****3,,5,0,1751073601,nan
arixs_g,,5,0,1756629511,nan
iskandarfauzi23,,5,0,1751033848,nan
eric.93,,4,0,1751073621,nan
muhammadzein123023,,5,0,1756629528,nan
juliando18,,5,0,1756625108,nan
indah_nafeeza,,5,0,1756625122,nan
indah_nafeeza,,5,0,1756625126,nan
indah_nafeeza,,5,0,1756625138,nan
indah_nafeeza,,5,0,1756625099,nan
indah_nafeeza,,5,0,1756625131,nan
edwinrdyf,,5,0,1751073731,nan
firlyyuliani075,,4,0,1751073749,nan
agfaeyas,,5,0,1751073773,nan
faifasyah,,5,0,1756625791,nan
handisupra,,5,0,1751073860,nan
hiskyjazbilliard,,5,0,1751073907,nan
chalvynoctaramadhan,,5,0,1751073936,nan
fuadnurdinsaputra,,5,0,1751073931,nan
m.fitriafriansyah,,4,0,1751073972,nan
jumiati_bu.jumi,,5,0,1751074075,nan
b*****4,,5,0,1756629574,nan
r2r_shopie,,4,0,1756629629,nan
iputuagungariyuliana,,5,0,1756629710,nan
rizkyagungyogapratama28,,5,0,1756629754,nan
10969agam,,5,0,1756629761,nan
dante2ndstore,,5,0,1756629848,nan
thoriq0112,,5,1,1742110303,nan
