username,comment,rating,likes,create_time,comment_clean,tokens,tokens_count,sentiment,sentiment_confidence,text_len,char_repeat_ratio,token_repeat_ratio,dup_score,mismatch,fake_score,fake_pred,trust_score
nitataw_,"Sangat di recomended sekali,bagi para kalian yg sedang mencari PC gaming dikarnakan bisa req spek sesuai yg kalian mau. Dan tentunya produk sangat baik,sudah ter instal semua applikasi maupun software kita tinggal pakai saja. Dan untuk penjual pelayanannya sangat ramah sekali dan membantu. Terimakasih",5.0,902.0,1765818939,sangat di recomended sekali bagi para kalian yg sedang mencari pc gaming dikarnakan bisa req spek sesuai yg kalian mau dan tentunya produk sangat baik sudah ter instal semua applikasi maupun software kita tinggal pakai saja dan untuk penjual pelayanannya sangat ramah sekali dan membantu terimakasih,sangat di recomended sekali bagi para kalian yg sedang mencari pc gaming dikarnakan bisa req spek sesuai yg kalian mau dan tentunya produk sangat baik sudah ter instal semua applikasi maupun software kita tinggal pakai saja dan untuk penjual pelayanannya sangat ramah sekali dan membantu terimakasih,46,positive,0.75,299,0.0100334448160535,0.2608695652173913,0.0,0.0,0.0677257525083612,0,97.97
hafiidh95,"Desain:Keren
Fungsi:Bekerja dg baik
Spesifikasi:Mantap Sesuai Deskripsi

Dikirim beserta Box part-nya dan Isinya Real sesuai. Part-nya Bukan Kaleng-kaleng , Sempet khawatir Kok Murah takut ada barang yg bekas nya, ternyata semua baru.",5.0,150.0,1765813930,desain keren fungsi bekerja dg baik spesifikasi mantap sesuai deskripsi dikirim beserta box part nya dan isinya real sesuai part nya bukan kaleng kaleng sempet khawatir kok murah takut ada barang yg bekas nya ternyata semua baru,desain keren fungsi bekerja dg baik spesifikasi mantap sesuai deskripsi dikirim beserta box part nya dan isinya real sesuai part nya bukan kaleng kaleng sempet khawatir kok murah takut ada barang yg bekas nya ternyata semua baru,37,positive,0.75,228,0.0,0.2432432432432432,0.0,0.0,0.0608108108108108,0,98.18
f*****a,"Fitur Terbaik:PC nya keren
Sepadan dengan Harga:sepadan

PC gamingnya bagus banget, full kipas gaming RGB keren sih. Minta dadakan utk nambah VGA External pun bisa, tinggal WA saja.

Makasih hifi computer, sukses dan berkah selalu",5.0,166.0,1765510119,fitur terbaik pc nya keren sepadan dengan harga sepadan pc gamingnya bagus banget full kipas gaming rgb keren sih minta dadakan utk nambah vga external pun bisa tinggal wa saja makasih hifi computer sukses dan berkah selalu,fitur terbaik pc nya keren sepadan dengan harga sepadan pc gamingnya bagus banget full kipas gaming rgb keren sih minta dadakan utk nambah vga external pun bisa tinggal wa saja makasih hifi computer sukses dan berkah selalu,37,positive,0.75,223,0.0089686098654708,0.1621621621621621,0.0,0.0,0.0427826930069082,0,98.72
putraarisma254,"Desain:pretty good, andaikan kipas cpu nya menyala tapi gak apa apa
Fungsi:bekerja, sejauh ini cukup bagus, mungkin ada beberapa kesalahan pengguna tapi bisa dibantu toko
Spesifikasi:Ryzen 5 5600g/16gb/256ssd CPU only! keyboard, Mouse, Monitor beli terpisah

Barang datang dengan aman, Rekomendasi sekali dengan PC rakitan ini, jalan tempuh upgrade nya cukup bagus, mungkin yang kurang itu karna motherboard nya Micro ATX jadi hanya satu slot SSD, PSU nya oke aja yang penting pilih pilih ukuran dan pemakaian daya GPU yang mau di beli nanti, yang bikin kaget itu ram nya yang ku kira bakal dapat 8gb ram X2 untuk biar dapat 16 GB ram, ternyata satu stik ram 16gb jadi masih bisa di upgrade ke 32gb ram, untuk yang ingin membeli ingat harus beli ethernet kabel atau gak dongle wifi/bluetooth, selain dari itu gak kecewa beli yang satu ini.",5.0,28.0,1765787214,desain pretty good andaikan kipas cpu nya menyala tapi gak apa apa fungsi bekerja sejauh ini cukup bagus mungkin ada beberapa kesalahan pengguna tapi bisa dibantu toko spesifikasi ryzen 5 5600g 16gb 256ssd cpu only keyboard mouse monitor beli terpisah barang datang dengan aman rekomendasi sekali dengan pc rakitan ini jalan tempuh upgrade nya cukup bagus mungkin yang kurang itu karna motherboard nya micro atx jadi hanya satu slot ssd psu nya oke aja yang penting pilih pilih ukuran dan pemakaian daya gpu yang mau di beli nanti yang bikin kaget itu ram nya yang ku kira bakal dapat 8gb ram x2 untuk biar dapat 16 gb ram ternyata satu stik ram 16gb jadi masih bisa di upgrade ke 32gb ram untuk yang ingin membeli ingat harus beli ethernet kabel atau gak dongle wifi bluetooth selain dari itu gak kecewa beli yang satu ini,desain pretty good andaikan kipas cpu nya menyala tapi gak apa apa fungsi bekerja sejauh ini cukup bagus mungkin ada beberapa kesalahan pengguna tapi bisa dibantu toko spesifikasi ryzen 5 5600g 16gb 256ssd cpu only keyboard mouse monitor beli terpisah barang datang dengan aman rekomendasi sekali dengan pc rakitan ini jalan tempuh upgrade nya cukup bagus mungkin yang kurang itu karna motherboard nya micro atx jadi hanya satu slot ssd psu nya oke aja yang penting pilih pilih ukuran dan pemakaian daya gpu yang mau di beli nanti yang bikin kaget itu ram nya yang ku kira bakal dapat 8gb ram x2 untuk biar dapat 16 gb ram ternyata satu stik ram 16gb jadi masih bisa di upgrade ke 32gb ram untuk yang ingin membeli ingat harus beli ethernet kabel atau gak dongle wifi bluetooth selain dari itu gak kecewa beli yang satu ini,144,neutral,0.55,823,0.008505467800729,0.4375,0.0,0.0,0.1115013669501822,0,66.48
herrygallant,"Desain:terlihat keren dan modern
Fungsi:beroperasi dengan baik
Spesifikasi:sesuai dgn yg di pesan, bisa tanya2

garcep kirim barang, dan balas chat responsive.

Sumbar 7 hari nyampe.",5.0,127.0,1765787225,desain terlihat keren dan modern fungsi beroperasi dengan baik spesifikasi sesuai dgn yg di pesan bisa tanya2 garcep kirim barang dan balas chat responsive sumbar 7 hari nyampe,desain terlihat keren dan modern fungsi beroperasi dengan baik spesifikasi sesuai dgn yg di pesan bisa tanya2 garcep kirim barang dan balas chat responsive sumbar 7 hari nyampe,28,positive,0.75,176,0.0,0.0714285714285714,0.0,0.0,0.0178571428571428,0,99.46
31laras,"Desain:terlihat keren dan modern
Fungsi:bekerja dengan baik sesuai harapan
Spesifikasi:sesuai dengan deskripsi produk

Alhamdullilah puas belanja disini. Seller ramah dan menjawab setiap pertanyaan. Seller juga memberikan beberapa opsi yg sesuai dengan kebutuhan user.

Terimakasih dan semoga laris terus dagangannya",5.0,22.0,1764925041,desain terlihat keren dan modern fungsi bekerja dengan baik sesuai harapan spesifikasi sesuai dengan deskripsi produk alhamdullilah puas belanja disini seller ramah dan menjawab setiap pertanyaan seller juga memberikan beberapa opsi yg sesuai dengan kebutuhan user terimakasih dan semoga laris terus dagangannya,desain terlihat keren dan modern fungsi bekerja dengan baik sesuai harapan spesifikasi sesuai dengan deskripsi produk alhamdullilah puas belanja disini seller ramah dan menjawab setiap pertanyaan seller juga memberikan beberapa opsi yg sesuai dengan kebutuhan user terimakasih dan semoga laris terus dagangannya,42,positive,0.75,311,0.0160771704180064,0.2619047619047619,0.0,0.0,0.069495483080692,0,95.75
jimi_burhanudin,"Desain:kece gaming kaum mendang-mending
Fungsi:berfungsi baik
Spesifikasi:Ryzen 5 5600G ram 16gb SSD 256gb

Barang kondisi part bagus, baru semua. Respon toko satset untuk konsultasi PC juga gercep. Rekomendasi bgt untuk beli di toko ini. Untuk upgrade selanjutnya aku akan kesini lagi. Terimakasih banyak kak udah dibantu merakit PC perdana aku. Seneng bgt.",5.0,29.0,1765603471,desain kece gaming kaum mendang mending fungsi berfungsi baik spesifikasi ryzen 5 5600g ram 16gb ssd 256gb barang kondisi part bagus baru semua respon toko satset untuk konsultasi pc juga gercep rekomendasi bgt untuk beli di toko ini untuk upgrade selanjutnya aku akan kesini lagi terimakasih banyak kak udah dibantu merakit pc perdana aku seneng bgt,desain kece gaming kaum mendang mending fungsi berfungsi baik spesifikasi ryzen 5 5600g ram 16gb ssd 256gb barang kondisi part bagus baru semua respon toko satset untuk konsultasi pc juga gercep rekomendasi bgt untuk beli di toko ini untuk upgrade selanjutnya aku akan kesini lagi terimakasih banyak kak udah dibantu merakit pc perdana aku seneng bgt,56,positive,0.75,350,0.0057142857142857,0.1964285714285714,0.0,0.0,0.0505357142857142,0,97.4
fazrirmadhan265,"Desain:Bagus Keren
Fungsi:Untuk Fungsi semua berjalan lancar
Spesifikasi:FULLSET SAMSUNG 24 R5 5600G/1TB/32GB

Overlor semua nya bagus ya gak mengecewakan pokok nya, Untuk admin nya juga ramah dan fast respon jika ada pertanyaan
Cocok Buat yg pengen beli pc full set rakitan disini tempat nya
The Bestt!!!!!",5.0,17.0,1764849151,desain bagus keren fungsi untuk fungsi semua berjalan lancar spesifikasi fullset samsung 24 r5 5600g 1tb 32gb overlor semua nya bagus ya gak mengecewakan pokok nya untuk admin nya juga ramah dan fast respon jika ada pertanyaan cocok buat yg pengen beli pc full set rakitan disini tempat nya the bestt,desain bagus keren fungsi untuk fungsi semua berjalan lancar spesifikasi fullset samsung 24 r5 5600g 1tb 32gb overlor semua nya bagus ya gak mengecewakan pokok nya untuk admin nya juga ramah dan fast respon jika ada pertanyaan cocok buat yg pengen beli pc full set rakitan disini tempat nya the bestt,51,positive,0.75,300,0.0166666666666666,0.2352941176470588,0.0,0.0,0.0629901960784313,0,94.53
bagas.prasetya,"Desain:keren dan modern
Fungsi:bekerrja dengan baik
Spesifikasi:cpu only

Barang udah sampe,sampainya cepat sekali,padahal luar pulau jawa,packing kayu keliatan kuat,awalny takut,retak,eh rupanya aman sekali.
Sesuai yang kita pesan,saran yang mau pesen terutama yg main game,pesen penyimpanaan yg besar,yang lain aman oke,rekomended beli di toko ini
Semoga cpu ny awet dan aman",5.0,13.0,1764750040,desain keren dan modern fungsi bekerrja dengan baik spesifikasi cpu only barang udah sampe sampainya cepat sekali padahal luar pulau jawa packing kayu keliatan kuat awalny takut retak eh rupanya aman sekali sesuai yang kita pesan saran yang mau pesen terutama yg main game pesen penyimpanaan yg besar yang lain aman oke rekomended beli di toko ini semoga cpu ny awet dan aman,desain keren dan modern fungsi bekerrja dengan baik spesifikasi cpu only barang udah sampe sampainya cepat sekali padahal luar pulau jawa packing kayu keliatan kuat awalny takut retak eh rupanya aman sekali sesuai yang kita pesan saran yang mau pesen terutama yg main game pesen penyimpanaan yg besar yang lain aman oke rekomended beli di toko ini semoga cpu ny awet dan aman,63,positive,0.75,375,0.0053333333333333,0.2539682539682539,0.0,0.0,0.0648253968253968,0,92.71
d*****n,"Desain:keren dan mantap di harga segini
Fungsi:bekerja dengan baik

Akhirnya cpu rakitan mendarat dengan aman di sumatera barat. Sudah di tes dan semua berfungsi dengan normal. Recommended seller",5.0,5.0,1759250481,desain keren dan mantap di harga segini fungsi bekerja dengan baik akhirnya cpu rakitan mendarat dengan aman di sumatera barat sudah di tes dan semua berfungsi dengan normal recommended seller,desain keren dan mantap di harga segini fungsi bekerja dengan baik akhirnya cpu rakitan mendarat dengan aman di sumatera barat sudah di tes dan semua berfungsi dengan normal recommended seller,30,positive,0.75,192,0.0104166666666666,0.2666666666666666,0.0,0.0,0.0692708333333333,0,86.04
ayatxs,"Desain:sangat-sangat menarik
Spesifikasi:mantul abis
Fitur:terbaik

Paket sampai dengan selamat. 
Packingan super aman. 
Barang sesuai pesanan, sangat bagus & berfungsi dengan sangat baik. 
Seller jg ramah & baik dalam pelayanan. 
Pokoknya the best dah. 👍👍👍👍👍",5.0,90.0,1765149194,desain sangat sangat menarik spesifikasi mantul abis fitur terbaik paket sampai dengan selamat packingan super aman barang sesuai pesanan sangat bagus berfungsi dengan sangat baik seller jg ramah baik dalam pelayanan pokoknya the best dah,desain sangat sangat menarik spesifikasi mantul abis fitur terbaik paket sampai dengan selamat packingan super aman barang sesuai pesanan sangat bagus berfungsi dengan sangat baik seller jg ramah baik dalam pelayanan pokoknya the best dah,35,positive,0.75,238,0.0042016806722689,0.2285714285714285,0.0,0.0,0.0581932773109243,0,98.25
aguspratama12,"Desain:kondisi part sangat baru
Fungsi:barangnya berfungsi dengan baik
Spesifikasi:sangat bagus

Kalau kalian mau rakit PC saya rekomendasikan di toko ini,,, soalnya saya Uda beli di sini udah 3 bulan barang sampai enggak ada Kendala,,,, Terus saya baru beli VGA di toko lain saya enggak bisa pasang sendiri saya chat admi nya di bantuin sama admin nya sampai bisa pokoknya enggak nyesel beli di sini sekali lagi terima untuk admin nya.ini saya enggak bohong loh,,,, pasti ada yang pikir saya di bayar admin untuk kasih review yang bagus tapi ini enggak sama sekali loh ini beneran saya selaku pembeli",5.0,25.0,1765352239,desain kondisi part sangat baru fungsi barangnya berfungsi dengan baik spesifikasi sangat bagus kalau kalian mau rakit pc saya rekomendasikan di toko ini soalnya saya uda beli di sini udah 3 bulan barang sampai enggak ada kendala terus saya baru beli vga di toko lain saya enggak bisa pasang sendiri saya chat admi nya di bantuin sama admin nya sampai bisa pokoknya enggak nyesel beli di sini sekali lagi terima untuk admin nya ini saya enggak bohong loh pasti ada yang pikir saya di bayar admin untuk kasih review yang bagus tapi ini enggak sama sekali loh ini beneran saya selaku pembeli,desain kondisi part sangat baru fungsi barangnya berfungsi dengan baik spesifikasi sangat bagus kalau kalian mau rakit pc saya rekomendasikan di toko ini soalnya saya uda beli di sini udah 3 bulan barang sampai enggak ada kendala terus saya baru beli vga di toko lain saya enggak bisa pasang sendiri saya chat admi nya di bantuin sama admin nya sampai bisa pokoknya enggak nyesel beli di sini sekali lagi terima untuk admin nya ini saya enggak bohong loh pasti ada yang pikir saya di bayar admin untuk kasih review yang bagus tapi ini enggak sama sekali loh ini beneran saya selaku pembeli,102,positive,0.75,589,0.0084889643463497,0.5686274509803921,0.0,0.0,0.1442791038316854,0,94.1
dayanaleqs02,"Desain:bagus menarik
Fungsi:bekerja dengan baik
Kegunaan:baik lancar jaya jaya jaya",5.0,9.0,1765485644,desain bagus menarik fungsi bekerja dengan baik kegunaan baik lancar jaya jaya jaya,desain bagus menarik fungsi bekerja dengan baik kegunaan baik lancar jaya jaya jaya,13,positive,0.75,83,0.0120481927710843,0.3846153846153846,0.0,0.0,0.0991658943466172,0,89.14
mytrippiess,"Mantab kondisi sparepart baru.. kondisi packing kayu.. kondisi PC aman..
Terimakasih recommended seller..
Next ada rejeki beli sini lagi buat adik",5.0,22.0,1760355330,mantab kondisi sparepart baru kondisi packing kayu kondisi pc aman terimakasih recommended seller next ada rejeki beli sini lagi buat adik,mantab kondisi sparepart baru kondisi packing kayu kondisi pc aman terimakasih recommended seller next ada rejeki beli sini lagi buat adik,21,positive,0.75,138,0.0144927536231884,0.1428571428571428,0.0,0.0,0.0393374741200828,0,96.63
rsadbsg,"Spesifikasi:sesuai
Desain:mantap

RECOMMENDED SELLER
FAST RESPON
PACKING BAIK

after salesnya luar biasa, menanggapi semua pertanyaan dengan baik",5.0,15.0,1759250505,spesifikasi sesuai desain mantap recommended seller fast respon packing baik after salesnya luar biasa menanggapi semua pertanyaan dengan baik,spesifikasi sesuai desain mantap recommended seller fast respon packing baik after salesnya luar biasa menanggapi semua pertanyaan dengan baik,19,positive,0.75,142,0.028169014084507,0.1052631578947368,0.0,0.0,0.0333580429948109,0,94.58
rac.co,"Mantap, pembelian kedua ditoko ini, seller komunikatif, aftersales mantap, kualitas pc oke harga terjangkau",5.0,96.0,1764501086,mantap pembelian kedua ditoko ini seller komunikatif aftersales mantap kualitas pc oke harga terjangkau,mantap pembelian kedua ditoko ini seller komunikatif aftersales mantap kualitas pc oke harga terjangkau,14,positive,0.75,103,0.0097087378640776,0.1428571428571428,0.0,0.0,0.0381414701803051,0,98.85
a*****s,"Desain:Keren
Fungsi:Bekerja dengan baik
Spesifikasi:AMD Ryzen 5 5600 G, Monitor 24 Inch, SSD 512 GB, RAM 32 GB

Keren banget pc gamingnya, ada kendala juga diatasi memuaskan banget pelayanannya. Next time order lagi😍",5.0,19.0,1765629441,desain keren fungsi bekerja dengan baik spesifikasi amd ryzen 5 5600 g monitor 24 inch ssd 512 gb ram 32 gb keren banget pc gamingnya ada kendala juga diatasi memuaskan banget pelayanannya next time order lagi,desain keren fungsi bekerja dengan baik spesifikasi amd ryzen 5 5600 g monitor 24 inch ssd 512 gb ram 32 gb keren banget pc gamingnya ada kendala juga diatasi memuaskan banget pelayanannya next time order lagi,36,positive,0.75,209,0.0143540669856459,0.1666666666666666,0.0,0.0,0.0452551834130781,0,95.69
rskawaw92,"Desain:unik anak muda banget
Fungsi:okeee banget
Spesifikasi:komplit

Aku seneng banget shoppinh di sini, seller responsive banget, aku nanya2 spek di jawab terus & memberi masukan yg baik. Ah baru kali ini belanja pc serasa belanja baju, mudaaah banget. Thx seller sukses terus yaaa 🙏🏻 berkah insha allah makasih…",5.0,8.0,1759250513,desain unik anak muda banget fungsi okeee banget spesifikasi komplit aku seneng banget shoppinh di sini seller responsive banget aku nanya2 spek di jawab terus memberi masukan yg baik ah baru kali ini belanja pc serasa belanja baju mudaaah banget thx seller sukses terus yaaa berkah insha allah makasih,desain unik anak muda banget fungsi okeee banget spesifikasi komplit aku seneng banget shoppinh di sini seller responsive banget aku nanya2 spek di jawab terus memberi masukan yg baik ah baru kali ini belanja pc serasa belanja baju mudaaah banget thx seller sukses terus yaaa berkah insha allah makasih,49,neutral,0.55,302,0.0331125827814569,0.3061224489795918,0.0,0.0,0.0848087579402622,0,59.46
amkenns,"Desain:modern
Fungsi:berfungsi dengan baik dan bagus poll
Spesifikasi:hight-end gaming pc

berfungsi dengan normal dan keren pokoknya terimakasih banyak seller, semoga tokonya berkah dan laris manis...Aamiin",5.0,6.0,1759250515,desain modern fungsi berfungsi dengan baik dan bagus poll spesifikasi hight end gaming pc berfungsi dengan normal dan keren pokoknya terimakasih banyak seller semoga tokonya berkah dan laris manis aamiin,desain modern fungsi berfungsi dengan baik dan bagus poll spesifikasi hight end gaming pc berfungsi dengan normal dan keren pokoknya terimakasih banyak seller semoga tokonya berkah dan laris manis aamiin,30,positive,0.75,203,0.0197044334975369,0.2333333333333333,0.0,0.0,0.0632594417077175,0,87.33
yelal737,"Desain:keren
Fungsi:sesuai kebutuhan dan permintaan

Maju terussss hificomputer … sukses selalu",5.0,3.0,1761822829,desain keren fungsi sesuai kebutuhan dan permintaan maju terussss hificomputer sukses selalu,desain keren fungsi sesuai kebutuhan dan permintaan maju terussss hificomputer sukses selalu,12,positive,0.75,92,0.0434782608695652,0.0,0.0,0.0,0.0108695652173913,0,84.91
oreki_outdoor,"Desain:menarik design futuristik
Fungsi:mantap lancar jaya sekali

Bagus buat gaming",5.0,4.0,1762561717,desain menarik design futuristik fungsi mantap lancar jaya sekali bagus buat gaming,desain menarik design futuristik fungsi mantap lancar jaya sekali bagus buat gaming,12,positive,0.75,83,0.0,0.0,0.0,0.0,0.0,0,86.59
arifartomo,"Fungsi:mantap

Order yg paling murah 128gb dikasih bonus hardisk 👍 joss markojoss mantap",5.0,4.0,1765477615,fungsi mantap order yg paling murah 128gb dikasih bonus hardisk joss markojoss mantap,fungsi mantap order yg paling murah 128gb dikasih bonus hardisk joss markojoss mantap,13,positive,0.75,85,0.0235294117647058,0.1538461538461538,0.0,0.0,0.0443438914027149,0,85.44
ade.ob,"Desain:menarik dan elegan
Fungsi:berfungsi dengan baik dan normal

Cocok untuk  editing vidio  bermain game dan berselancar dengan cepat 
Pejual ramah dan sangat membatu pembeli kurir cepat",5.0,3.0,1759250523,desain menarik dan elegan fungsi berfungsi dengan baik dan normal cocok untuk editing vidio bermain game dan berselancar dengan cepat pejual ramah dan sangat membatu pembeli kurir cepat,desain menarik dan elegan fungsi berfungsi dengan baik dan normal cocok untuk editing vidio bermain game dan berselancar dengan cepat pejual ramah dan sangat membatu pembeli kurir cepat,28,positive,0.75,185,0.0,0.2857142857142857,0.0,0.0,0.0714285714285714,0,83.36
khen123_,"Desain:kerennn
Fungsi:real no fake
Kegunaan:libas libas

paket mendarat dengan aman terimakasih min",5.0,3.0,1759250525,desain kerennn fungsi real no fake kegunaan libas libas paket mendarat dengan aman terimakasih min,desain kerennn fungsi real no fake kegunaan libas libas paket mendarat dengan aman terimakasih min,15,neutral,0.55,98,0.0306122448979591,0.1333333333333333,0.0,0.0,0.0409863945578231,0,54.51
nurliakomalasari,"Respon admin gercap,pengiriman juga cepat dan ada kabel yang keluar jalur teknisi langsung dateng krmh, toko ini benar"" amanah banget .. semoga makin lancar usaha ya kak.",5.0,14.0,1759250533,respon admin gercap pengiriman juga cepat dan ada kabel yang keluar jalur teknisi langsung dateng krmh toko ini benar amanah banget semoga makin lancar usaha ya kak,respon admin gercap pengiriman juga cepat dan ada kabel yang keluar jalur teknisi langsung dateng krmh toko ini benar amanah banget semoga makin lancar usaha ya kak,27,positive,0.75,164,0.0,0.0,0.0,0.0,0.0,0,95.07
theoodorus,"Produk bagus. Semua dibantu aman, konsultasi enak. Plug n play aja pokoknya",5.0,32.0,1759250528,produk bagus semua dibantu aman konsultasi enak plug n play aja pokoknya,produk bagus semua dibantu aman konsultasi enak plug n play aja pokoknya,12,positive,0.75,72,0.0,0.0,0.0,0.0,0.0,0,99.18
ayaharis2,"Desain:menarik
Fungsi:bekerja baik
Kegunaan:ok

Alhamdulillah... Terimakasih, barang ok.. Amanah, mudah mudahan awet",5.0,2.0,1759250530,desain menarik fungsi bekerja baik kegunaan ok alhamdulillah terimakasih barang ok amanah mudah mudahan awet,desain menarik fungsi bekerja baik kegunaan ok alhamdulillah terimakasih barang ok amanah mudah mudahan awet,15,neutral,0.55,108,0.0185185185185185,0.1333333333333333,0.0,0.0,0.0379629629629629,0,53.01
teguhadipratama,"Desain:keren
Fungsi:sangat baik
Spesifikasi:mantap

Terimakasih",5.0,3.0,1765819114,desain keren fungsi sangat baik spesifikasi mantap terimakasih,desain keren fungsi sangat baik spesifikasi mantap terimakasih,8,positive,0.75,62,0.0,0.0,0.0,0.0,0.0,0,85.18
yatt025,"Desain:mantap
Fungsi:bagus semua

adminnya ramah, nanya apapun udah pasti di jawab, packing aman banget walaupun bawa sendirian pake motor",5.0,11.0,1759250536,desain mantap fungsi bagus semua adminnya ramah nanya apapun udah pasti di jawab packing aman banget walaupun bawa sendirian pake motor,desain mantap fungsi bagus semua adminnya ramah nanya apapun udah pasti di jawab packing aman banget walaupun bawa sendirian pake motor,21,positive,0.75,135,0.0074074074074074,0.0,0.0,0.0,0.0018518518518518,0,93.29
hendralucky1977,"Desain:menarik dan modern
Fungsi:barang bekerja dengan baik
Kegunaan:game, desain dan kantor

Penjual amanah, dikirim dengan lengkap sesuai spek yang dipesan, dikemas dengan baik dan aman. Mantap 👍",5.0,5.0,1760333382,desain menarik dan modern fungsi barang bekerja dengan baik kegunaan game desain dan kantor penjual amanah dikirim dengan lengkap sesuai spek yang dipesan dikemas dengan baik dan aman mantap,desain menarik dan modern fungsi barang bekerja dengan baik kegunaan game desain dan kantor penjual amanah dikirim dengan lengkap sesuai spek yang dipesan dikemas dengan baik dan aman mantap,29,positive,0.75,190,0.0052631578947368,0.3448275862068966,0.0,0.0,0.0875226860254083,0,85.56
s*****h,"Desain:keren
Fungsi:sesuai spek yang dibeli
Pengalaman:lancar tanpa kendala ✨

Makasih, cpt bgt selang sehari udah sampe.",5.0,2.0,1759511204,desain keren fungsi sesuai spek yang dibeli pengalaman lancar tanpa kendala makasih cpt bgt selang sehari udah sampe,desain keren fungsi sesuai spek yang dibeli pengalaman lancar tanpa kendala makasih cpt bgt selang sehari udah sampe,18,positive,0.75,116,0.0,0.0,0.0,0.0,0.0,0,83.63
lancarberkah88,"Desain:cakep, putih bersih
Fungsi:ngebut, mobo siap upgrade
Kegunaan:multitasking gaming editing

pengalaman pertama beli PC harga jutaan online, PC dateng tinggal colok dan pencet gak pake drama ini itu, beneran tanpa drama..
seller dichat selalu 2menit bales, fast respon..
yang paling gak nyangka, after salesnya topp banget walopun barang sudah sampai bbrpa hari yg lalu, saya minta di instalkan aplikasi, sellernya bersedia dan langsung diambil alih pakai TEAMVIEWER, tanggungjawabnya saya akui jempol 👍👍",5.0,4.0,1761782307,desain cakep putih bersih fungsi ngebut mobo siap upgrade kegunaan multitasking gaming editing pengalaman pertama beli pc harga jutaan online pc dateng tinggal colok dan pencet gak pake drama ini itu beneran tanpa drama seller dichat selalu 2menit bales fast respon yang paling gak nyangka after salesnya topp banget walopun barang sudah sampai bbrpa hari yg lalu saya minta di instalkan aplikasi sellernya bersedia dan langsung diambil alih pakai teamviewer tanggungjawabnya saya akui jempol,desain cakep putih bersih fungsi ngebut mobo siap upgrade kegunaan multitasking gaming editing pengalaman pertama beli pc harga jutaan online pc dateng tinggal colok dan pencet gak pake drama ini itu beneran tanpa drama seller dichat selalu 2menit bales fast respon yang paling gak nyangka after salesnya topp banget walopun barang sudah sampai bbrpa hari yg lalu saya minta di instalkan aplikasi sellernya bersedia dan langsung diambil alih pakai teamviewer tanggungjawabnya saya akui jempol,74,neutral,0.55,492,0.016260162601626,0.1351351351351351,0.0,0.0,0.0378488244341902,0,55.95
zidtu.official,"Sepadan dengan Harga:Mantap dah,,, Puas dgn barangnya, udah d rakit rapih lg penataan kabelnya, softwarenya pun lengkap, Rekomended deh",5.0,10.0,1759250549,sepadan dengan harga mantap dah puas dgn barangnya udah d rakit rapih lg penataan kabelnya softwarenya pun lengkap rekomended deh,sepadan dengan harga mantap dah puas dgn barangnya udah d rakit rapih lg penataan kabelnya softwarenya pun lengkap rekomended deh,20,positive,0.75,129,0.0077519379844961,0.0,0.0,0.0,0.001937984496124,0,92.59
muhammaddagustanhamid,"Desain:Bagus
Fungsi:Sangat Baik

barang sesuai sesuai dengan yang dijelaskan, penjualnya jg ramah dan responnya cepat jadi recomend buat kalian yang lagi cari PC",5.0,5.0,1763036592,desain bagus fungsi sangat baik barang sesuai sesuai dengan yang dijelaskan penjualnya jg ramah dan responnya cepat jadi recomend buat kalian yang lagi cari pc,desain bagus fungsi sangat baik barang sesuai sesuai dengan yang dijelaskan penjualnya jg ramah dan responnya cepat jadi recomend buat kalian yang lagi cari pc,25,positive,0.75,159,0.0062893081761006,0.16,0.0,0.0,0.0415723270440251,0,86.77
eramaptech,"mantap sesuai pesanan, seller nya ramah dan amanah.
kalo masih bingung mau beli yang mana..seller nya bisa bantuin kasih rekomendasi yang sesuai budget.",5.0,2.0,1759250552,mantap sesuai pesanan seller nya ramah dan amanah kalo masih bingung mau beli yang mana seller nya bisa bantuin kasih rekomendasi yang sesuai budget,mantap sesuai pesanan seller nya ramah dan amanah kalo masih bingung mau beli yang mana seller nya bisa bantuin kasih rekomendasi yang sesuai budget,24,positive,0.75,148,0.0135135135135135,0.3333333333333333,0.0,0.0,0.0867117117117117,0,81.45
jsyafawistore,"Desain:good

semuanya baik . sayang bukan windows 11",5.0,10.0,1759250553,desain good semuanya baik sayang bukan windows 11,desain good semuanya baik sayang bukan windows 11,8,neutral,0.55,49,0.0408163265306122,0.0,0.0,0.0,0.010204081632653,0,62.45
zidan_mujtahid15,"Desain:menarik dan modern
Fungsi:CPU berjalan dengan lancar admin juga ramah kalo ada pertanyaan",5.0,5.0,1765173639,desain menarik dan modern fungsi cpu berjalan dengan lancar admin juga ramah kalo ada pertanyaan,desain menarik dan modern fungsi cpu berjalan dengan lancar admin juga ramah kalo ada pertanyaan,15,neutral,0.55,96,0.0104166666666666,0.0,0.0,0.0,0.0026041666666666,0,57.82
bungkus66,"Desain:Menarik
Fungsi:All good condition

Pelayanan nya terbaik, apotik tutup!!
Jgn ragu buat tnya2, cuzz chat admin, ramah dan enak di ajak diskusi, makasih seller mksih shopee",5.0,3.0,1759250559,desain menarik fungsi all good condition pelayanan nya terbaik apotik tutup jgn ragu buat tnya2 cuzz chat admin ramah dan enak di ajak diskusi makasih seller mksih shopee,desain menarik fungsi all good condition pelayanan nya terbaik apotik tutup jgn ragu buat tnya2 cuzz chat admin ramah dan enak di ajak diskusi makasih seller mksih shopee,28,neutral,0.55,170,0.0294117647058823,0.0,0.0,0.0,0.0073529411764705,0,55.06
qentanx,"Desain:bagus
Fungsi:bisa lancar & no lag
Kegunaan:u/ kerjaan editing & design

PC paket ryzen 5 5600G, RAM 16GB & sistem SSD NVMe 1TB sy rasa sdh cukup banget, u/ proyek editing video & design, sdh instal aplikasi/ software, hardware ok, msh bisa upgrade peripheral lg, msh tersedia slot kosong. u/ software cuma sketchup yg blm ada (instal). Lain² ok mantap.",5.0,2.0,1759250561,desain bagus fungsi bisa lancar no lag kegunaan u kerjaan editing design pc paket ryzen 5 5600g ram 16gb sistem ssd nvme 1tb sy rasa sdh cukup banget u proyek editing video design sdh instal aplikasi software hardware ok msh bisa upgrade peripheral lg msh tersedia slot kosong u software cuma sketchup yg blm ada instal lain ok mantap,desain bagus fungsi bisa lancar no lag kegunaan u kerjaan editing design pc paket ryzen 5 5600g ram 16gb sistem ssd nvme 1tb sy rasa sdh cukup banget u proyek editing video design sdh instal aplikasi software hardware ok msh bisa upgrade peripheral lg msh tersedia slot kosong u software cuma sketchup yg blm ada instal lain ok mantap,59,positive,0.75,334,0.0119760479041916,0.3220338983050847,0.0,0.0,0.083502486552319,0,81.53
christ6969,"Desain:keren lednya
Fungsi:bekerja dengan baik

Barang datang cepet juga, rajin banget sampai udah di installin software edit video premiere sama photoshoot. Packingnya pun rapi banget pakai kayu jadi pasti aman ga lecet. Harga barang paling bersaing ! Seneng banget lah pokoknya.",5.0,5.0,1759250563,desain keren lednya fungsi bekerja dengan baik barang datang cepet juga rajin banget sampai udah di installin software edit video premiere sama photoshoot packingnya pun rapi banget pakai kayu jadi pasti aman ga lecet harga barang paling bersaing seneng banget lah pokoknya,desain keren lednya fungsi bekerja dengan baik barang datang cepet juga rajin banget sampai udah di installin software edit video premiere sama photoshoot packingnya pun rapi banget pakai kayu jadi pasti aman ga lecet harga barang paling bersaing seneng banget lah pokoknya,42,positive,0.75,273,0.0073260073260073,0.119047619047619,0.0,0.0,0.0315934065934065,0,87.04
tomi_sp99,"Mantap Bosku, sampai dengan selamat, Alhamdulillah sellernya baik banget, sabar banget ngebimbing cara instalasi hardware dan softwarenya. Di ajarin sampe paham. Keren dahh, next order sini lagi Bosku.",5.0,8.0,1760333426,mantap bosku sampai dengan selamat alhamdulillah sellernya baik banget sabar banget ngebimbing cara instalasi hardware dan softwarenya di ajarin sampe paham keren dahh next order sini lagi bosku,mantap bosku sampai dengan selamat alhamdulillah sellernya baik banget sabar banget ngebimbing cara instalasi hardware dan softwarenya di ajarin sampe paham keren dahh next order sini lagi bosku,28,positive,0.75,194,0.0154639175257731,0.1428571428571428,0.0,0.0,0.039580265095729,0,89.93
hellojikidswear,"Desain:kece
Fungsi:fungsional
Spesifikasi:good

Cakep.. mulus, lancar jaya, semua bonusan ada.. thx🙏🏽🙏🏽",5.0,2.0,1759250567,desain kece fungsi fungsional spesifikasi good cakep mulus lancar jaya semua bonusan ada thx,desain kece fungsi fungsional spesifikasi good cakep mulus lancar jaya semua bonusan ada thx,14,neutral,0.55,92,0.0108695652173913,0.0,0.0,0.0,0.0027173913043478,0,53.58
meganoviaa,"Desain:Bagus
Fungsi:Baik
Pengalaman:Mantap

Sesuai dengan Permintaan, terimakasih",5.0,4.0,1760079890,desain bagus fungsi baik pengalaman mantap sesuai dengan permintaan terimakasih,desain bagus fungsi baik pengalaman mantap sesuai dengan permintaan terimakasih,10,positive,0.75,79,0.0126582278481012,0.0,0.0,0.0,0.0031645569620253,0,86.51
h*****2,"Desain:keren
Fungsi:baik
Spesifikasi:pas

Mantab keren, sellernya fast respon, kerenlah pokoknya",5.0,10.0,1759250572,desain keren fungsi baik spesifikasi pas mantab keren sellernya fast respon kerenlah pokoknya,desain keren fungsi baik spesifikasi pas mantab keren sellernya fast respon kerenlah pokoknya,13,positive,0.75,93,0.010752688172043,0.1538461538461538,0.0,0.0,0.0411497105045492,0,91.5
sitimuj00,"Fitur Terbaik:Alhamdulillah bagus bgt
Sepadan dengan Harga:worth it

Spec sesuai deskripsi, bagus komputernya dan ringan jalankan kebanyakan aplikasi berat. Seperti ringan sekali jalankan macam-macam aplikasi beratnya. Tokonya sabar dan baik banget menjelaskan pertanyaan saya. Kurir juga baik. Recommended mantap !!!",5.0,9.0,1759250574,fitur terbaik alhamdulillah bagus bgt sepadan dengan harga worth it spec sesuai deskripsi bagus komputernya dan ringan jalankan kebanyakan aplikasi berat seperti ringan sekali jalankan macam macam aplikasi beratnya tokonya sabar dan baik banget menjelaskan pertanyaan saya kurir juga baik recommended mantap,fitur terbaik alhamdulillah bagus bgt sepadan dengan harga worth it spec sesuai deskripsi bagus komputernya dan ringan jalankan kebanyakan aplikasi berat seperti ringan sekali jalankan macam macam aplikasi beratnya tokonya sabar dan baik banget menjelaskan pertanyaan saya kurir juga baik recommended mantap,42,positive,0.75,307,0.009771986970684,0.3333333333333333,0.0,0.0,0.0857763300760043,0,89.5
t*****m,"Desain:menarik
Fungsi:bagus sesuai spek
Spesifikasi:mantappp dahhhhhh

Gak rugi bro...spek mantap sesuai deskripsi ..besok kalo ad wang beli lagi",5.0,1.0,1759108900,desain menarik fungsi bagus sesuai spek spesifikasi mantappp dahhhhhh gak rugi bro spek mantap sesuai deskripsi besok kalo ad wang beli lagi,desain menarik fungsi bagus sesuai spek spesifikasi mantappp dahhhhhh gak rugi bro spek mantap sesuai deskripsi besok kalo ad wang beli lagi,22,positive,0.75,140,0.05,0.1818181818181818,0.0,0.0,0.0579545454545454,0,80.48
gins_rachmadi,"Desain:mantap sekali
Fungsi:oke punya, nanti bisa upgrade lagi
Kegunaan:banyak

Sempat takut gara” pengiriman tidak di update”, alhasil alhamdulillah paket sampai dengan utuh 🤣",5.0,2.0,1755050411,desain mantap sekali fungsi oke punya nanti bisa upgrade lagi kegunaan banyak sempat takut gara pengiriman tidak di update alhasil alhamdulillah paket sampai dengan utuh,desain mantap sekali fungsi oke punya nanti bisa upgrade lagi kegunaan banyak sempat takut gara pengiriman tidak di update alhasil alhamdulillah paket sampai dengan utuh,25,neutral,0.55,169,0.0118343195266272,0.0,0.0,0.0,0.0029585798816568,0,53.58
r*****0,"Desain:bagus banget lampunya indah
Fungsi:baik
Kegunaan:main game

Bisa main game AAA seperti tomb raider, btw ini compatible juga utk aku tambah gpu seperti rtx 3050. Penjualnya responsif dan pengiriman cepat. Terima kasih banyak dan Sukses selalu ya!",5.0,1.0,1751074065,desain bagus banget lampunya indah fungsi baik kegunaan main game bisa main game aaa seperti tomb raider btw ini compatible juga utk aku tambah gpu seperti rtx 3050 penjualnya responsif dan pengiriman cepat terima kasih banyak dan sukses selalu ya,desain bagus banget lampunya indah fungsi baik kegunaan main game bisa main game aaa seperti tomb raider btw ini compatible juga utk aku tambah gpu seperti rtx 3050 penjualnya responsif dan pengiriman cepat terima kasih banyak dan sukses selalu ya,40,positive,0.75,247,0.0121457489878542,0.2,0.0,0.0,0.0530364372469635,0,80.6
ahmadriyandi772,"Desain:bagus
Fungsi:sementara di coba
Kegunaan:semoga berfungsi dngan baik",5.0,2.0,1759250582,desain bagus fungsi sementara di coba kegunaan semoga berfungsi dngan baik,desain bagus fungsi sementara di coba kegunaan semoga berfungsi dngan baik,11,positive,0.75,74,0.0135135135135135,0.0,0.0,0.0,0.0033783783783783,0,83.54
r*****6,"Desain:good
Fungsi:normal

Recomended seller deh pokoknya dan biar bintang yg berbicara....
Sukses selalu....",5.0,3.0,1759250584,desain good fungsi normal recomended seller deh pokoknya dan biar bintang yg berbicara sukses selalu,desain good fungsi normal recomended seller deh pokoknya dan biar bintang yg berbicara sukses selalu,15,neutral,0.55,100,0.02,0.0,0.0,0.0,0.005,0,55.1
kapten_nizam,"Desain:bagus
Fungsi:editor & game

Jooss pokkny",5.0,2.0,1741659309,desain bagus fungsi editor game jooss pokkny,desain bagus fungsi editor game jooss pokkny,7,positive,0.75,44,0.0681818181818181,0.0,0.0,0.0,0.0170454545454545,0,83.2
abonk_peace,"Desain:sangat menarik
Fungsi:beroperasi dengan baik
Kegunaan:belajar

Barang sangat baguss recomend banget dah pokok nya, auto gk nyesel beli di sini, admin ramah minta custom nambah dikit di kirim sesuai request,🙏🙏🙏MANTAP...",5.0,2.0,1759250587,desain sangat menarik fungsi beroperasi dengan baik kegunaan belajar barang sangat baguss recomend banget dah pokok nya auto gk nyesel beli di sini admin ramah minta custom nambah dikit di kirim sesuai request mantap,desain sangat menarik fungsi beroperasi dengan baik kegunaan belajar barang sangat baguss recomend banget dah pokok nya auto gk nyesel beli di sini admin ramah minta custom nambah dikit di kirim sesuai request mantap,34,positive,0.75,216,0.0092592592592592,0.1176470588235294,0.0,0.0,0.0317265795206971,0,82.83
miracle_design,"Desain:menarik
Fungsi:berfungsi dengan normal
Pengalaman:terbaik

Cakep pokoknya belanja di toko ini,dijelasin sampai detail dan bebas request game2 favorit.
Thanks seller",5.0,2.0,1759292175,desain menarik fungsi berfungsi dengan normal pengalaman terbaik cakep pokoknya belanja di toko ini dijelasin sampai detail dan bebas request game2 favorit thanks seller,desain menarik fungsi berfungsi dengan normal pengalaman terbaik cakep pokoknya belanja di toko ini dijelasin sampai detail dan bebas request game2 favorit thanks seller,24,neutral,0.55,169,0.0059171597633136,0.0,0.0,0.0,0.0014792899408284,0,53.6
bar_bar.comm,Amanah. Respon cepet. Jangan ragu. Mantappp pokoknya,5.0,3.0,1730100226,amanah respon cepet jangan ragu mantappp pokoknya,amanah respon cepet jangan ragu mantappp pokoknya,7,neutral,0.55,49,0.0408163265306122,0.0,0.0,0.0,0.010204081632653,0,55.01
setiomf,"Spesifikasi:r5 4600
Desain:kece
Fitur:free software

Mantap gercep dan sesuai, enak banget buat discuss dan solutif",5.0,5.0,1759250594,spesifikasi r5 4600 desain kece fitur free software mantap gercep dan sesuai enak banget buat discuss dan solutif,spesifikasi r5 4600 desain kece fitur free software mantap gercep dan sesuai enak banget buat discuss dan solutif,18,positive,0.75,113,0.0265486725663716,0.1111111111111111,0.0,0.0,0.0344149459193706,0,86.96
andriyantokhan,"Desain:RGB mantap
Fungsi:setelah di cek barang normal semua

Overall puas dengan barangnya, walaupun sempet khawatir, karna lama proses pengiriman. Tapi worth it, recomended seller pokoknya.",5.0,10.0,1759250597,desain rgb mantap fungsi setelah di cek barang normal semua overall puas dengan barangnya walaupun sempet khawatir karna lama proses pengiriman tapi worth it recomended seller pokoknya,desain rgb mantap fungsi setelah di cek barang normal semua overall puas dengan barangnya walaupun sempet khawatir karna lama proses pengiriman tapi worth it recomended seller pokoknya,27,positive,0.75,184,0.0108695652173913,0.0,0.0,0.0,0.0027173913043478,0,92.57
ahmad.musa29,mendarat sesuai spek pengerjaan pengerjaan cepat pesan di hari yang sama langsung sampai.,5.0,6.0,1763135744,mendarat sesuai spek pengerjaan pengerjaan cepat pesan di hari yang sama langsung sampai,mendarat sesuai spek pengerjaan pengerjaan cepat pesan di hari yang sama langsung sampai,13,positive,0.75,88,0.0227272727272727,0.1538461538461538,0.0,0.0,0.0441433566433566,0,87.84
munawarsirojudin,"Desain:bagus
Fungsi:Pas di coba semua nya normal berfungsi dengan baik. 👍",5.0,4.0,1759250605,desain bagus fungsi pas di coba semua nya normal berfungsi dengan baik,desain bagus fungsi pas di coba semua nya normal berfungsi dengan baik,12,positive,0.75,70,0.0,0.0,0.0,0.0,0.0,0,86.59
mcqueen0101,"Spesifikasi:KEREN PARAH

seller ramah ditanyain selalu jawab the best emng",5.0,1.0,1741938523,spesifikasi keren parah seller ramah ditanyain selalu jawab the best emng,spesifikasi keren parah seller ramah ditanyain selalu jawab the best emng,11,positive,0.75,73,0.0136986301369863,0.0,0.0,0.0,0.0034246575342465,0,81.82
matihot,"Bagus sekali..sesuai ekspektasi...
Berjalan tanpa kendala..
Pengiriman unit jg sangat aman..
All box part dikirim, baru Dan sesuai spek yg ditampilkan..
Seller sangat komunikatif..
Sangat recommended..👍👍
Thanks seller..",5.0,1.0,1751073626,bagus sekali sesuai ekspektasi berjalan tanpa kendala pengiriman unit jg sangat aman all box part dikirim baru dan sesuai spek yg ditampilkan seller sangat komunikatif sangat recommended thanks seller,bagus sekali sesuai ekspektasi berjalan tanpa kendala pengiriman unit jg sangat aman all box part dikirim baru dan sesuai spek yg ditampilkan seller sangat komunikatif sangat recommended thanks seller,29,positive,0.75,200,0.02,0.2413793103448276,0.0,0.0,0.0653448275862069,0,80.3
vickygf,"Mantap , barang original dan instalasi rapih. Admin nya fast respon , walaupun saya pemula tp tetep dipandu sampai bisa semua. Makasih admin , berkah selalu tokonya .",5.0,1.0,1740866471,mantap barang original dan instalasi rapih admin nya fast respon walaupun saya pemula tp tetep dipandu sampai bisa semua makasih admin berkah selalu tokonya,mantap barang original dan instalasi rapih admin nya fast respon walaupun saya pemula tp tetep dipandu sampai bisa semua makasih admin berkah selalu tokonya,24,positive,0.75,156,0.0,0.0833333333333333,0.0,0.0,0.0208333333333333,0,81.39
mamah_melli,"Desain:mewah
Fungsi:bekerja dengan baik
Spesifikasi:sesuai deskripsi

Barang sesuai dengan deskripsi dan seller ramah pengiriman cepat sampai dengan selamat keren pokoe terimakasih shopee dan pelapak jgn ragu beli disini biar bintang yang bicara",5.0,4.0,1742835642,desain mewah fungsi bekerja dengan baik spesifikasi sesuai deskripsi barang sesuai dengan deskripsi dan seller ramah pengiriman cepat sampai dengan selamat keren pokoe terimakasih shopee dan pelapak jgn ragu beli disini biar bintang yang bicara,desain mewah fungsi bekerja dengan baik spesifikasi sesuai deskripsi barang sesuai dengan deskripsi dan seller ramah pengiriman cepat sampai dengan selamat keren pokoe terimakasih shopee dan pelapak jgn ragu beli disini biar bintang yang bicara,35,positive,0.75,244,0.0081967213114754,0.2571428571428571,0.0,0.0,0.0663348946135831,0,84.87
akbarrulyansyah,"Fitur:bagus

paket sampe dengan selamat 😁 terimkasih seller dan kurir",5.0,6.0,1739108454,fitur bagus paket sampe dengan selamat terimkasih seller dan kurir,fitur bagus paket sampe dengan selamat terimkasih seller dan kurir,10,positive,0.75,66,0.0151515151515151,0.0,0.0,0.0,0.0037878787878787,0,88.92
arnest_wempy,"Desain:ciamik....keren
Fungsi:bekerja sesuai dengan pesanan dan yg dimau
Kegunaan:muLti tasking tooL

Recomended seLLer...customer diLayani dgn sabar dan fast respond...packing aman barang keren...anak sy suka dgn hadiah PC nya..thanks dan sukses buat seLLernya...game dan software dikasih banyak...sukses buat seLLer terimakasih banyak",5.0,1.0,1751031964,desain ciamik keren fungsi bekerja sesuai dengan pesanan dan yg dimau kegunaan multi tasking tool recomended seller customer dilayani dgn sabar dan fast respond packing aman barang keren anak sy suka dgn hadiah pc nya thanks dan sukses buat sellernya game dan software dikasih banyak sukses buat seller terimakasih banyak,desain ciamik keren fungsi bekerja sesuai dengan pesanan dan yg dimau kegunaan multi tasking tool recomended seller customer dilayani dgn sabar dan fast respond packing aman barang keren anak sy suka dgn hadiah pc nya thanks dan sukses buat sellernya game dan software dikasih banyak sukses buat seller terimakasih banyak,50,positive,0.75,321,0.0155763239875389,0.32,0.0,0.0,0.0838940809968847,0,79.84
mintongulo,"Desain:oke
Fungsi:bagus
Spesifikasi:mantap

Recommended nih toko. Jangan ragu belanja disini",5.0,1.0,1741020146,desain oke fungsi bagus spesifikasi mantap recommended nih toko jangan ragu belanja disini,desain oke fungsi bagus spesifikasi mantap recommended nih toko jangan ragu belanja disini,13,positive,0.75,90,0.0111111111111111,0.0,0.0,0.0,0.0027777777777777,0,81.83
h*****a,"MANTAP... Pengiriman cepat dikirim dg dus"" nya, brg sesuai deskripsi, lengkap, berfungsi baik, aman dan amanah. Trims,,,yaa...",5.0,2.0,1753275917,mantap pengiriman cepat dikirim dg dus nya brg sesuai deskripsi lengkap berfungsi baik aman dan amanah trims yaa,mantap pengiriman cepat dikirim dg dus nya brg sesuai deskripsi lengkap berfungsi baik aman dan amanah trims yaa,18,positive,0.75,112,0.0089285714285714,0.0,0.0,0.0,0.0022321428571428,0,83.57
kramatjatistationery,"Desain:bagus
Fungsi:untuk sementara masih aman2 aja

Sesuai deskripsi penjual mantapss",5.0,1.0,1739891477,desain bagus fungsi untuk sementara masih aman2 aja sesuai deskripsi penjual mantapss,desain bagus fungsi untuk sementara masih aman2 aja sesuai deskripsi penjual mantapss,12,positive,0.75,85,0.0117647058823529,0.0,0.0,0.0,0.0029411764705882,0,81.83
p*****a,"Seller komunikatif, so far aman berjalan baik pc nya, saya harus beli usb wifi tambahan kelupaan nanya ada wifi built in ga, or request tambahan. Kl di liat dari box2 yg di kirim sepertinya semua baru, semoga seller amanah, makasih seller dan kurir",5.0,1.0,1728892796,seller komunikatif so far aman berjalan baik pc nya saya harus beli usb wifi tambahan kelupaan nanya ada wifi built in ga or request tambahan kl di liat dari box2 yg di kirim sepertinya semua baru semoga seller amanah makasih seller dan kurir,seller komunikatif so far aman berjalan baik pc nya saya harus beli usb wifi tambahan kelupaan nanya ada wifi built in ga or request tambahan kl di liat dari box2 yg di kirim sepertinya semua baru semoga seller amanah makasih seller dan kurir,43,neutral,0.55,242,0.0165289256198347,0.2093023255813953,0.0,0.0,0.0564578128003075,0,51.02
d*****n,"Desain:oke mantap keren
Fungsi:alhamdulillah baik
Kegunaan:untuk mencari duit

Untuk pesanan alhamdulillah baik makasi toko semoga lancar terus usahanya ,makasi shopee dan kurir nya .😊",5.0,2.0,1751074055,desain oke mantap keren fungsi alhamdulillah baik kegunaan untuk mencari duit untuk pesanan alhamdulillah baik makasi toko semoga lancar terus usahanya makasi shopee dan kurir nya,desain oke mantap keren fungsi alhamdulillah baik kegunaan untuk mencari duit untuk pesanan alhamdulillah baik makasi toko semoga lancar terus usahanya makasi shopee dan kurir nya,26,positive,0.75,179,0.0223463687150838,0.3076923076923077,0.0,0.0,0.0825096691018478,0,81.56
jeky_gulo,"Desain:Sangat Cakep Dan Modern
Fungsi:Bekerja dengan baik
Kegunaan:Untuk pekerjaan sehari - hari

Hifi Computer sangat terjamin...Admin sangat gercep balas pertanya'an, pesanan sangat sesuai tidak ada kekurangan satu pun....luar biasa....",5.0,1.0,1751031935,desain sangat cakep dan modern fungsi bekerja dengan baik kegunaan untuk pekerjaan sehari hari hifi computer sangat terjamin admin sangat gercep balas pertanya an pesanan sangat sesuai tidak ada kekurangan satu pun luar biasa,desain sangat cakep dan modern fungsi bekerja dengan baik kegunaan untuk pekerjaan sehari hari hifi computer sangat terjamin admin sangat gercep balas pertanya an pesanan sangat sesuai tidak ada kekurangan satu pun luar biasa,34,neutral,0.55,225,0.0088888888888888,0.1176470588235294,0.0,0.0,0.0316339869281045,0,51.41
andi2391,"Desain:gaming banget
Fungsi:buat kerja
Kegunaan:untuk kerja sehari-hari

Recommended banget untuk beli di toko ini, so semuanya sesuai permintaan, pengirimannya cepat.",5.0,1.0,1743508227,desain gaming banget fungsi buat kerja kegunaan untuk kerja sehari hari recommended banget untuk beli di toko ini so semuanya sesuai permintaan pengirimannya cepat,desain gaming banget fungsi buat kerja kegunaan untuk kerja sehari hari recommended banget untuk beli di toko ini so semuanya sesuai permintaan pengirimannya cepat,24,positive,0.75,163,0.0245398773006134,0.25,0.0,0.0,0.0686349693251533,0,80.22
uptoyou_44,"Desain:sesuai gambar
Fungsi:sesuai deskripsi

Penjual ramah,, next time kalo mau upgrade pesan disini lagi",5.0,1.0,1732438531,desain sesuai gambar fungsi sesuai deskripsi penjual ramah next time kalo mau upgrade pesan disini lagi,desain sesuai gambar fungsi sesuai deskripsi penjual ramah next time kalo mau upgrade pesan disini lagi,16,positive,0.75,103,0.0,0.125,0.0,0.0,0.03125,0,81.14
sarifudin259,"Desain:bagus sudah lengkap+ bonus speaker
Fungsi:bekerja dengan baik
Spesifikasi:normal dan sudah di rakit jadi tinggal pakai.. pkoknya rekomendasi banget ..next kalau butuh lagi mau order lagi",5.0,2.0,1748121736,desain bagus sudah lengkap bonus speaker fungsi bekerja dengan baik spesifikasi normal dan sudah di rakit jadi tinggal pakai pkoknya rekomendasi banget next kalau butuh lagi mau order lagi,desain bagus sudah lengkap bonus speaker fungsi bekerja dengan baik spesifikasi normal dan sudah di rakit jadi tinggal pakai pkoknya rekomendasi banget next kalau butuh lagi mau order lagi,29,positive,0.75,188,0.0053191489361702,0.1379310344827586,0.0,0.0,0.0358125458547322,0,82.73
a*****1,"Desain:moderen keren
Fungsi:beroperasi dengan baik
Pengalaman:sesuai pesanan dan selamat sampai tujuan terima kasih semoga awet. sesuai request",5.0,1.0,1759395198,desain moderen keren fungsi beroperasi dengan baik pengalaman sesuai pesanan dan selamat sampai tujuan terima kasih semoga awet sesuai request,desain moderen keren fungsi beroperasi dengan baik pengalaman sesuai pesanan dan selamat sampai tujuan terima kasih semoga awet sesuai request,20,positive,0.75,142,0.0,0.1,0.0,0.0,0.025,0,81.29
danshop36,"Desain:lumayan
Fungsi:cukup oke
Kegunaan:harian

Moga moga an awet",5.0,1.0,1743042699,desain lumayan fungsi cukup oke kegunaan harian moga moga an awet,desain lumayan fungsi cukup oke kegunaan harian moga moga an awet,11,neutral,0.55,65,0.0153846153846153,0.1818181818181818,0.0,0.0,0.0493006993006993,0,51.14
k*****8,"Desain:terlihat keren dan modern
Fungsi:barang bekerja dengan baik

Sesuai pesanan, seller baik. Sllu membantu jika ada pertanyaan",5.0,3.0,1765173534,desain terlihat keren dan modern fungsi barang bekerja dengan baik sesuai pesanan seller baik sllu membantu jika ada pertanyaan,desain terlihat keren dan modern fungsi barang bekerja dengan baik sesuai pesanan seller baik sllu membantu jika ada pertanyaan,19,positive,0.75,127,0.0236220472440944,0.1052631578947368,0.0,0.0,0.0322213012847078,0,84.36
_077403_,"Spesifikasi:sesuai
Desain:bagus
Fitur:bagus dan bermanfaat

Rekomendasi beli di toko ini
Pelayanan sangat baik
Respon cepat
Pokoknya terbaik",5.0,3.0,1729005481,spesifikasi sesuai desain bagus fitur bagus dan bermanfaat rekomendasi beli di toko ini pelayanan sangat baik respon cepat pokoknya terbaik,spesifikasi sesuai desain bagus fitur bagus dan bermanfaat rekomendasi beli di toko ini pelayanan sangat baik respon cepat pokoknya terbaik,20,positive,0.75,139,0.0071942446043165,0.1,0.0,0.0,0.0267985611510791,0,84.5
ariesti234,"Desain:kerenn
Fungsi:bekerja dgn baik
Pengalaman:puas brgnya bagus,ori,pelayananya cepat dan ramah next orde lagi",5.0,1.0,1751020862,desain kerenn fungsi bekerja dgn baik pengalaman puas brgnya bagus ori pelayananya cepat dan ramah next orde lagi,desain kerenn fungsi bekerja dgn baik pengalaman puas brgnya bagus ori pelayananya cepat dan ramah next orde lagi,18,positive,0.75,113,0.0088495575221238,0.0,0.0,0.0,0.0022123893805309,0,81.85
abe_shop23,"Desain:menarik
Fungsi:berfungsi dgn baik..

Paketan PC baru datang...
Di coba PC nya nyala
tp Belum di coba pake monitor...
Karena belum beli monitor,

Chat penjualnya respon nya cepet banget...
Thanks buat penjual nya
",5.0,1.0,1739890830,desain menarik fungsi berfungsi dgn baik paketan pc baru datang di coba pc nya nyala tp belum di coba pake monitor karena belum beli monitor chat penjualnya respon nya cepet banget thanks buat penjual nya,desain menarik fungsi berfungsi dgn baik paketan pc baru datang di coba pc nya nyala tp belum di coba pake monitor karena belum beli monitor chat penjualnya respon nya cepet banget thanks buat penjual nya,35,neutral,0.55,204,0.0,0.3714285714285714,0.0,0.0,0.0928571428571428,0,50.46
deni_aminuddin1410,"Desain:Bagus, instalasi hardware nya ok
Fungsi:pc berfungsi dengan baik
Spesifikasi:ok",5.0,1.0,1739891974,desain bagus instalasi hardware nya ok fungsi pc berfungsi dengan baik spesifikasi ok,desain bagus instalasi hardware nya ok fungsi pc berfungsi dengan baik spesifikasi ok,13,positive,0.75,85,0.0,0.1538461538461538,0.0,0.0,0.0384615384615384,0,80.96
alvanboot,"Desain:bagus mantap dah pokonya
Fungsi:bekerja dengan baik

Semua bekerja dengan baik tidak ada kendala,adminnya juga fast respon mantap dah ngak rugi belanja dimari,makasih yaaa",5.0,1.0,1739703656,desain bagus mantap dah pokonya fungsi bekerja dengan baik semua bekerja dengan baik tidak ada kendala adminnya juga fast respon mantap dah ngak rugi belanja dimari makasih yaaa,desain bagus mantap dah pokonya fungsi bekerja dengan baik semua bekerja dengan baik tidak ada kendala adminnya juga fast respon mantap dah ngak rugi belanja dimari makasih yaaa,28,positive,0.75,177,0.0169491525423728,0.3571428571428571,0.0,0.0,0.0935230024213075,0,79.61
ziklaes,"Spesifikasi:best

Pcnya aman tidak ad kendala, datangnya dlam keadaan bagus+mantap, cuma kekurangannya di game battlefield 5 error dan salah game  mafia 2( saya suruh mafia 3), tapii gpp yg penting pcnya aman.",5.0,1.0,1735089594,spesifikasi best pcnya aman tidak ad kendala datangnya dlam keadaan bagus mantap cuma kekurangannya di game battlefield 5 error dan salah game mafia 2 saya suruh mafia 3 tapii gpp yg penting pcnya aman,spesifikasi best pcnya aman tidak ad kendala datangnya dlam keadaan bagus mantap cuma kekurangannya di game battlefield 5 error dan salah game mafia 2 saya suruh mafia 3 tapii gpp yg penting pcnya aman,34,positive,0.75,201,0.0298507462686567,0.2352941176470588,0.0,0.0,0.0662862159789288,0,80.27
mednurdin,"Maaf baru kasih ulasan, testdrive udah seminggu aman dan lancar, recomended seller. Mudah""an awet dan lancar , thanks",5.0,1.0,1757856185,maaf baru kasih ulasan testdrive udah seminggu aman dan lancar recomended seller mudah an awet dan lancar thanks,maaf baru kasih ulasan testdrive udah seminggu aman dan lancar recomended seller mudah an awet dan lancar thanks,18,neutral,0.55,112,0.0267857142857142,0.2222222222222222,0.0,0.0,0.0622519841269841,0,50.93
miftah.id_,"Packing rapih, seller  ramah fast respon, pengiriman cepat, semoga awet",5.0,1.0,1756629832,packing rapih seller ramah fast respon pengiriman cepat semoga awet,packing rapih seller ramah fast respon pengiriman cepat semoga awet,10,positive,0.75,67,0.0149253731343283,0.0,0.0,0.0,0.003731343283582,0,81.81
abihasanahfas,"Desain:Menarik
Fungsi:bekerja dengan baik
Spesifikasi:Sepadan dengan harga

Lumayan lah bagus,cuma di jasa kirim nya agak kurang memuaskan.
Mudah²an awet",5.0,6.0,1753944880,desain menarik fungsi bekerja dengan baik spesifikasi sepadan dengan harga lumayan lah bagus cuma di jasa kirim nya agak kurang memuaskan mudah an awet,desain menarik fungsi bekerja dengan baik spesifikasi sepadan dengan harga lumayan lah bagus cuma di jasa kirim nya agak kurang memuaskan mudah an awet,24,neutral,0.55,151,0.0,0.0833333333333333,0.0,0.0,0.0208333333333333,0,58.65
majito96,"Desain:Keren
Fungsi:bekerja dengan baik
Spesifikasi:1 TB / 64

Mantap dan rekomended banget buat rakit PC, the best lah😉🤙",5.0,1.0,1739703485,desain keren fungsi bekerja dengan baik spesifikasi 1 tb 64 mantap dan rekomended banget buat rakit pc the best lah,desain keren fungsi bekerja dengan baik spesifikasi 1 tb 64 mantap dan rekomended banget buat rakit pc the best lah,20,positive,0.75,115,0.0,0.0,0.0,0.0,0.0,0,81.9
aliefberlyanmufti,"Barang tiba dengan aman dan selamat.. 
Awalnya kipas cuma hidup satu.. Tpi setelah di pandu sama admin nya rupanya ada sdkit kbek yg longgar..dan akhir nya semua nyala.. Lancat jaya
Makasi bnyak buat admin nya 😁🙏

Ini game nya saya yg instal ya min?",5.0,2.0,1743956789,barang tiba dengan aman dan selamat awalnya kipas cuma hidup satu tpi setelah di pandu sama admin nya rupanya ada sdkit kbek yg longgar dan akhir nya semua nyala lancat jaya makasi bnyak buat admin nya ini game nya saya yg instal ya min,barang tiba dengan aman dan selamat awalnya kipas cuma hidup satu tpi setelah di pandu sama admin nya rupanya ada sdkit kbek yg longgar dan akhir nya semua nyala lancat jaya makasi bnyak buat admin nya ini game nya saya yg instal ya min,44,neutral,0.55,236,0.0042372881355932,0.2272727272727272,0.0,0.0,0.0578775038520801,0,52.69
avilo_collection,"Desain:keren
Fungsi:buat kerja
Pengalaman:mantap seller ramah sekali.. ada kendala langsung gercep dibantu.. tq seller",5.0,1.0,1756946787,desain keren fungsi buat kerja pengalaman mantap seller ramah sekali ada kendala langsung gercep dibantu tq seller,desain keren fungsi buat kerja pengalaman mantap seller ramah sekali ada kendala langsung gercep dibantu tq seller,17,positive,0.75,114,0.0175438596491228,0.1176470588235294,0.0,0.0,0.033797729618163,0,81.07
bebankeluarga43,"Desain:bagus
Fungsi:buat maen game
Kegunaan:ya maen game

adminnya fast respon. di bantu trus kalo nnya",5.0,1.0,1756629800,desain bagus fungsi buat maen game kegunaan ya maen game adminnya fast respon di bantu trus kalo nnya,desain bagus fungsi buat maen game kegunaan ya maen game adminnya fast respon di bantu trus kalo nnya,18,positive,0.75,101,0.0297029702970297,0.2222222222222222,0.0,0.0,0.0629812981298129,0,80.36
wahyukomarudin880,"Desain:menarik
Fungsi:baik

Alhamdulillah paket aman sentosa",5.0,1.0,1743587406,desain menarik fungsi baik alhamdulillah paket aman sentosa,desain menarik fungsi baik alhamdulillah paket aman sentosa,8,neutral,0.55,59,0.0169491525423728,0.0,0.0,0.0,0.0042372881355932,0,51.84
jaenalp3b,"Respon penjual sangat baik,,packing pengirimannya juga aman,,barang sesuai deskripsi,,sampai saat ini msh aman jaya,,semoga aman seterusnya,,terimakasih…",5.0,1.0,1756629519,respon penjual sangat baik packing pengirimannya juga aman barang sesuai deskripsi sampai saat ini msh aman jaya semoga aman seterusnya terimakasih,respon penjual sangat baik packing pengirimannya juga aman barang sesuai deskripsi sampai saat ini msh aman jaya semoga aman seterusnya terimakasih,21,positive,0.75,147,0.0136054421768707,0.1428571428571428,0.0,0.0,0.0391156462585033,0,80.94
yordi329,"Desain:menarik
Fungsi:bekerja dengan baik

Jangan ragu rakit pc di toko ini seler ramah sabar fast respown dbest pokok nya",5.0,1.0,1739891374,desain menarik fungsi bekerja dengan baik jangan ragu rakit pc di toko ini seler ramah sabar fast respown dbest pokok nya,desain menarik fungsi bekerja dengan baik jangan ragu rakit pc di toko ini seler ramah sabar fast respown dbest pokok nya,21,neutral,0.55,121,0.0,0.0,0.0,0.0,0.0,0,51.9
aphel17,"Desain:Sesuai Deskripsi…..
Fungsi:mantap

Sesuai sih, cuma sy kira ram nya 8x8 tpi 16x1 tpi gpp",5.0,1.0,1742190826,desain sesuai deskripsi fungsi mantap sesuai sih cuma sy kira ram nya 8x8 tpi 16x1 tpi gpp,desain sesuai deskripsi fungsi mantap sesuai sih cuma sy kira ram nya 8x8 tpi 16x1 tpi gpp,17,positive,0.75,90,0.0111111111111111,0.2352941176470588,0.0,0.0,0.0616013071895424,0,80.39
blovm_bike2,"Spesifikasi:sesuai spek

Barang bagus sesuai spek, tapi emang ada yang ga diinfo bisa pilih merk. Walaupun gitu, seller dengan sabar jelasin satu2, untuk layanan saya acungin semua jempol saya deh, malam2 pun tetap dibalasin. Seller tanggung jawab. Oh kartu garansi memang ga ada ya, tp seller bilang garansi sesusai spek, saya percaya aja deh, semoga seller tetap tanggung jawab..oh ya games ga semua bisa jalan ya, banyak yg corrupt juga. Sebaiknya bisa di hapus yg sudah corrupt gan. Biar ga kecelik..tp so far bagus dan tidak menyewakan produk dan layanannya. Bisa dijadikan langgangan",5.0,1.0,1739891933,spesifikasi sesuai spek barang bagus sesuai spek tapi emang ada yang ga diinfo bisa pilih merk walaupun gitu seller dengan sabar jelasin satu2 untuk layanan saya acungin semua jempol saya deh malam2 pun tetap dibalasin seller tanggung jawab oh kartu garansi memang ga ada ya tp seller bilang garansi sesusai spek saya percaya aja deh semoga seller tetap tanggung jawab oh ya games ga semua bisa jalan ya banyak yg corrupt juga sebaiknya bisa di hapus yg sudah corrupt gan biar ga kecelik tp so far bagus dan tidak menyewakan produk dan layanannya bisa dijadikan langgangan,spesifikasi sesuai spek barang bagus sesuai spek tapi emang ada yang ga diinfo bisa pilih merk walaupun gitu seller dengan sabar jelasin satu2 untuk layanan saya acungin semua jempol saya deh malam2 pun tetap dibalasin seller tanggung jawab oh kartu garansi memang ga ada ya tp seller bilang garansi sesusai spek saya percaya aja deh semoga seller tetap tanggung jawab oh ya games ga semua bisa jalan ya banyak yg corrupt juga sebaiknya bisa di hapus yg sudah corrupt gan biar ga kecelik tp so far bagus dan tidak menyewakan produk dan layanannya bisa dijadikan langgangan,96,positive,0.75,572,0.0192307692307692,0.5104166666666666,0.0,0.0,0.1324118589743589,0,78.65
mayamariaulfa05,"Desain:keren barang bagus
Fungsi:bekerja dengan baik",5.0,1.0,1727228030,desain keren barang bagus fungsi bekerja dengan baik,desain keren barang bagus fungsi bekerja dengan baik,8,positive,0.75,52,0.0,0.0,0.0,0.0,0.0,0,81.9
alfa.rizky,"Seller nya terbaik. Mau ngarahin semua yg kita belum tau, buat yg baru mau rakit pc mending kesini dah dijamin gabakal pusing sendiri",5.0,1.0,1740927220,seller nya terbaik mau ngarahin semua yg kita belum tau buat yg baru mau rakit pc mending kesini dah dijamin gabakal pusing sendiri,seller nya terbaik mau ngarahin semua yg kita belum tau buat yg baru mau rakit pc mending kesini dah dijamin gabakal pusing sendiri,23,neutral,0.55,131,0.0076335877862595,0.1739130434782608,0.0,0.0,0.0453866578161301,0,51.2
sukasuka355,"Mantap, sesuai kebutuhan, selller fast respon, rekomendasi seantero bekasi",5.0,1.0,1751073866,mantap sesuai kebutuhan selller fast respon rekomendasi seantero bekasi,mantap sesuai kebutuhan selller fast respon rekomendasi seantero bekasi,9,positive,0.75,71,0.028169014084507,0.0,0.0,0.0,0.0070422535211267,0,81.73
a*****n,"Desain:Keren
Fungsi:Bekerja dengan baik

Seller super Responsif, cepat tanggap, meski sibuk tetap bisa kirim instan 👌👍 Respek 👍👍👍",5.0,1.0,1752624273,desain keren fungsi bekerja dengan baik seller super responsif cepat tanggap meski sibuk tetap bisa kirim instan respek,desain keren fungsi bekerja dengan baik seller super responsif cepat tanggap meski sibuk tetap bisa kirim instan respek,18,positive,0.75,119,0.0168067226890756,0.0,0.0,0.0,0.0042016806722689,0,81.8
i*****l,"Spesifikasi:was wus cepat
Desain:mantap
Fitur:sangat baik

Awal nya ingin mencari PC di kota Bandung yang di market place terkenal bagus dan murah, Saya coba beli di HiFi komputer daerah bekasi ini karena ada fitur seperti ssd nya sdh nvme2, bukan sata seperti di bandung dengan harga relatif sama. 

Walau ada kendala dengan RAM nya penjual salah kirim (16GB tp dikirim yang 8GB) tapi sudah di tukar dengan penjual. 

Penjual ramah, respon cepat, pengiriman juga cepat. Untuk yang gaptek jangan ragu deh beli di sini. No tipu2 pokok nya. 

Oh ya, ada garansi semua part juga loo, mantap reseller, semoga makin sukses dan selalu amanah lapak nya ya 👍",5.0,12.0,1733807964,spesifikasi was wus cepat desain mantap fitur sangat baik awal nya ingin mencari pc di kota bandung yang di market place terkenal bagus dan murah saya coba beli di hifi komputer daerah bekasi ini karena ada fitur seperti ssd nya sdh nvme2 bukan sata seperti di bandung dengan harga relatif sama walau ada kendala dengan ram nya penjual salah kirim 16gb tp dikirim yang 8gb tapi sudah di tukar dengan penjual penjual ramah respon cepat pengiriman juga cepat untuk yang gaptek jangan ragu deh beli di sini no tipu2 pokok nya oh ya ada garansi semua part juga loo mantap reseller semoga makin sukses dan selalu amanah lapak nya ya,spesifikasi was wus cepat desain mantap fitur sangat baik awal nya ingin mencari pc di kota bandung yang di market place terkenal bagus dan murah saya coba beli di hifi komputer daerah bekasi ini karena ada fitur seperti ssd nya sdh nvme2 bukan sata seperti di bandung dengan harga relatif sama walau ada kendala dengan ram nya penjual salah kirim 16gb tp dikirim yang 8gb tapi sudah di tukar dengan penjual penjual ramah respon cepat pengiriman juga cepat untuk yang gaptek jangan ragu deh beli di sini no tipu2 pokok nya oh ya ada garansi semua part juga loo mantap reseller semoga makin sukses dan selalu amanah lapak nya ya,110,positive,0.75,627,0.0047846889952153,0.3818181818181818,0.0,0.0,0.0966507177033492,0,91.25
mlloversbangbang,"Desain:menarik dan memangjakan kamar
Fungsi:barang bekerja dengan baik

speknya sesuai ekspetasi semoga awet ,respon penjual cepat tanggap bagus memuaskan!",5.0,1.0,1751031922,desain menarik dan memangjakan kamar fungsi barang bekerja dengan baik speknya sesuai ekspetasi semoga awet respon penjual cepat tanggap bagus memuaskan,desain menarik dan memangjakan kamar fungsi barang bekerja dengan baik speknya sesuai ekspetasi semoga awet respon penjual cepat tanggap bagus memuaskan,21,positive,0.75,152,0.006578947368421,0.0,0.0,0.0,0.0016447368421052,0,81.86
cmurphy47,"Desain:casing bagus
Fungsi:beroperasi dengan baik
Pengalaman:pas sampai tidak ada kendala, pengirimannya juga cepat, semoga PC yang ku beli ini awet",5.0,1.0,1765109972,desain casing bagus fungsi beroperasi dengan baik pengalaman pas sampai tidak ada kendala pengirimannya juga cepat semoga pc yang ku beli ini awet,desain casing bagus fungsi beroperasi dengan baik pengalaman pas sampai tidak ada kendala pengirimannya juga cepat semoga pc yang ku beli ini awet,23,positive,0.75,146,0.0068493150684931,0.0,0.0,0.0,0.0017123287671232,0,81.86
tiaasetiabudiarti,"Desain:bagus banget
Fungsi:bekerja dengan baik lancar jaua
Spesifikasi:sesuai",5.0,3.0,1737612793,desain bagus banget fungsi bekerja dengan baik lancar jaua spesifikasi sesuai,desain bagus banget fungsi bekerja dengan baik lancar jaua spesifikasi sesuai,11,positive,0.75,77,0.0,0.0,0.0,0.0,0.0,0,85.18
a*****a,"Desain:mantep
Fungsi:mantep, semoga awet
Spesifikasi:mantep",5.0,1.0,1739892411,desain mantep fungsi mantep semoga awet spesifikasi mantep,desain mantep fungsi mantep semoga awet spesifikasi mantep,8,neutral,0.55,58,0.0,0.375,0.0,0.0,0.09375,0,50.44
y*****h,"Desain:mantab
Fungsi:sesuai
Spesifikasi:sesuai

Mantab gan .. mudahan awet yak",5.0,2.0,1729252169,desain mantab fungsi sesuai spesifikasi sesuai mantab gan mudahan awet yak,desain mantab fungsi sesuai spesifikasi sesuai mantab gan mudahan awet yak,11,positive,0.75,74,0.0,0.3636363636363636,0.0,0.0,0.0909090909090909,0,81.34
kimchipantha,Gk salah beli sih 😁,5.0,2.0,1737612746,gk salah beli sih,gk salah beli sih,4,neutral,0.55,17,0.0,0.0,0.0,0.0,0.0,0,53.63
masrohahafidz,"bagus dan mantap.
packing aman, barang mulus no minus",5.0,1.0,1739703444,bagus dan mantap packing aman barang mulus no minus,bagus dan mantap packing aman barang mulus no minus,9,positive,0.75,51,0.0,0.0,0.0,0.0,0.0,0,81.9
ibnu_sajidin,,5.0,2.0,1737612814,,,1,neutral,0.55,0,0.0,0.0,0.0,0.0,0.6,1,11.8
kimjongunchh,Puas pokoknya ✅,5.0,1.0,1747580879,puas pokoknya,puas pokoknya,2,positive,0.75,13,0.0,0.0,0.0,0.0,0.2,0,76.99
eltrystan,"Desain:keren
Fungsi:keren
Pengalaman:seller so fast respon,dan tanggal dgn setiap pertanyaan dr kita,overall good",5.0,1.0,1757572198,desain keren fungsi keren pengalaman seller so fast respon dan tanggal dgn setiap pertanyaan dr kita overall good,desain keren fungsi keren pengalaman seller so fast respon dan tanggal dgn setiap pertanyaan dr kita overall good,18,positive,0.75,113,0.0442477876106194,0.1111111111111111,0.0,0.0,0.0388397246804326,0,80.95
dideniaya76,"Mantap... Sesuai yg diinginkan, cuma game kurang banyak diisikan, tapi penjual sangat respon saat dichat",5.0,1.0,1751073894,mantap sesuai yg diinginkan cuma game kurang banyak diisikan tapi penjual sangat respon saat dichat,mantap sesuai yg diinginkan cuma game kurang banyak diisikan tapi penjual sangat respon saat dichat,15,positive,0.75,99,0.0303030303030303,0.0,0.0,0.0,0.0075757575757575,0,81.72
agytdwisyvianto,"Desain:bagus
Fungsi:baik
Spesifikasi:sesuai pesanan

Mantaaap",5.0,8.0,1744524597,desain bagus fungsi baik spesifikasi sesuai pesanan mantaaap,desain bagus fungsi baik spesifikasi sesuai pesanan mantaaap,8,positive,0.75,60,0.0333333333333333,0.0,0.0,0.0,0.0083333333333333,0,90.79
abahal17,"Desain:desain keren
Fungsi:cpu lanjar jaya
Spesifikasi:mantap jiwaaaaa",5.0,1.0,1739891759,desain desain keren fungsi cpu lanjar jaya spesifikasi mantap jiwaaaaa,desain desain keren fungsi cpu lanjar jaya spesifikasi mantap jiwaaaaa,10,positive,0.75,70,0.0571428571428571,0.2,0.0,0.0,0.0642857142857143,0,80.32
s*****3,"Desain:ok
Fungsi:ok
Kegunaan:aman

Sesuaiii dengan deskripsi",5.0,1.0,1756629780,desain ok fungsi ok kegunaan aman sesuaiii dengan deskripsi,desain ok fungsi ok kegunaan aman sesuaiii dengan deskripsi,9,neutral,0.55,59,0.0508474576271186,0.2222222222222222,0.0,0.0,0.0682674199623352,0,50.84
m*****h,"Desain:mantab
Fungsi:berfungsi dengan baik
Pengalaman:lancar

sehari sampai,namun game requestan saya ga ada keinstall,tapi aplikasi lengkap",5.0,1.0,1756624958,desain mantab fungsi berfungsi dengan baik pengalaman lancar sehari sampai namun game requestan saya ga ada keinstall tapi aplikasi lengkap,desain mantab fungsi berfungsi dengan baik pengalaman lancar sehari sampai namun game requestan saya ga ada keinstall tapi aplikasi lengkap,20,neutral,0.55,139,0.0071942446043165,0.0,0.0,0.0,0.0017985611510791,0,51.88
mommyzaza_,,5.0,2.0,1726154395,,,1,neutral,0.55,0,0.0,0.0,0.0,0.0,0.6,1,11.8
r*****8,,5.0,2.0,1759145871,,,1,neutral,0.55,0,0.0,0.0,0.0,0.0,0.6,1,11.8
alifhrsn,"Desain:Keren
Fungsi:Lancar Jaya
Kegunaan:Banyak

Keren, barang packingnya aman, dus part-nya juga disertain, build bagus, dan komunikatif",5.0,1.0,1751033865,desain keren fungsi lancar jaya kegunaan banyak keren barang packingnya aman dus part nya juga disertain build bagus dan komunikatif,desain keren fungsi lancar jaya kegunaan banyak keren barang packingnya aman dus part nya juga disertain build bagus dan komunikatif,20,positive,0.75,132,0.0075757575757575,0.1,0.0,0.0,0.0268939393939393,0,81.24
i*****3,"Desain:mantap
Fungsi:Alhamdulillah berfungsi dengan baik
Spesifikasi:it's oke standar

Semoga kedepannya aman² aja 👍🏻, oiya buat jasa kirimnya terlalu lambat juga sempet saya liat packing kayunya ada yg patah². Tpi Alhamdulillahnya barang didalamnya semuanya baik² saja. Respon adminnya juga bagus banget",5.0,1.0,1741938518,desain mantap fungsi alhamdulillah berfungsi dengan baik spesifikasi it s oke standar semoga kedepannya aman aja oiya buat jasa kirimnya terlalu lambat juga sempet saya liat packing kayunya ada yg patah tpi alhamdulillahnya barang didalamnya semuanya baik saja respon adminnya juga bagus banget,desain mantap fungsi alhamdulillah berfungsi dengan baik spesifikasi it s oke standar semoga kedepannya aman aja oiya buat jasa kirimnya terlalu lambat juga sempet saya liat packing kayunya ada yg patah tpi alhamdulillahnya barang didalamnya semuanya baik saja respon adminnya juga bagus banget,43,positive,0.75,294,0.0136054421768707,0.0930232558139534,0.0,0.0,0.026657174497706,0,81.25
riyanrahmadhani,"Otw 1 bulan masih normal jaya  mass,",5.0,2.0,1753944903,otw 1 bulan masih normal jaya mass,otw 1 bulan masih normal jaya mass,7,neutral,0.55,34,0.0294117647058823,0.0,0.0,0.0,0.0073529411764705,0,53.51
maulanaramdan223,"Desain:bagus
Fungsi:bagus banget
Spesifikasi:mntp

BAGUS BANGET GUYSS",5.0,3.0,1739891538,desain bagus fungsi bagus banget spesifikasi mntp bagus banget guyss,desain bagus fungsi bagus banget spesifikasi mntp bagus banget guyss,10,positive,0.75,68,0.0147058823529411,0.5,0.0,0.0,0.1286764705882352,0,81.9
r*****a,"Desain:menarik dan modern
Fungsi:bekerja dengan baik
Pengalaman:lancar

Kerennn, pengiriman hujan tapii packing aman",5.0,1.0,1756629482,desain menarik dan modern fungsi bekerja dengan baik pengalaman lancar kerennn pengiriman hujan tapii packing aman,desain menarik dan modern fungsi bekerja dengan baik pengalaman lancar kerennn pengiriman hujan tapii packing aman,16,neutral,0.55,114,0.0263157894736842,0.0,0.0,0.0,0.006578947368421,0,51.8
popilion.co,Jan koyo lampu disko. Gari nambahi sound horek. Wkwk,5.0,1.0,1730140353,jan koyo lampu disko gari nambahi sound horek wkwk,jan koyo lampu disko gari nambahi sound horek wkwk,9,neutral,0.55,50,0.0,0.0,0.0,0.0,0.0,0,51.9
allsosialmedia,Mantap lah,5.0,2.0,1726154393,mantap lah,mantap lah,2,positive,0.75,10,0.0,0.0,0.0,0.0,0.2,0,78.61
dhspro77,,5.0,1.0,1751031846,,,1,neutral,0.55,0,0.0,0.0,0.0,0.0,0.6,1,11.42
fatihzhafran1,Pelayanan baik... Semoga awet,5.0,3.0,1752941499,pelayanan baik semoga awet,pelayanan baik semoga awet,4,neutral,0.55,26,0.0,0.0,0.0,0.0,0.0,0,55.18
bagusbetta,"Produk sesuai deskripsi dan berfungsi dengan baik.
Sangat recomended...",5.0,4.0,1740145458,produk sesuai deskripsi dan berfungsi dengan baik sangat recomended,produk sesuai deskripsi dan berfungsi dengan baik sangat recomended,9,positive,0.75,67,0.0,0.0,0.0,0.0,0.0,0,86.59
ambiamujahidin14,Barang sudah sampai dan selamat.. Terimakasih dan sukses selalu,5.0,1.0,1733064334,barang sudah sampai dan selamat terimakasih dan sukses selalu,barang sudah sampai dan selamat terimakasih dan sukses selalu,9,neutral,0.55,61,0.0,0.2222222222222222,0.0,0.0,0.0555555555555555,0,51.04
erasthornest,"mantap, admin ramah bgt 🫶🏻",5.0,1.0,1739891033,mantap admin ramah bgt,mantap admin ramah bgt,4,positive,0.75,22,0.0,0.0,0.0,0.0,0.0,0,81.9
sudiran012,"Desain:oke
Fungsi:bekerja dengan baik
Pengalaman:semoga aman dan awet jangka panjang

Kualitas build-nya solid dan kabel-kabel tertata rapi, menandakan perakitan dilakukan dengan baik dan profesional. Selain itu, dukungan garansi dan layanan after-sales juga memuaskan.
Secara keseluruhan, PC ini memberikan kinerja luar biasa untuk harga yang cukup kompetitif. Cocok untuk pelajar, profesional, atau bahkan kreator konten pemula.",5.0,2.0,1765779342,desain oke fungsi bekerja dengan baik pengalaman semoga aman dan awet jangka panjang kualitas build nya solid dan kabel kabel tertata rapi menandakan perakitan dilakukan dengan baik dan profesional selain itu dukungan garansi dan layanan after sales juga memuaskan secara keseluruhan pc ini memberikan kinerja luar biasa untuk harga yang cukup kompetitif cocok untuk pelajar profesional atau bahkan kreator konten pemula,desain oke fungsi bekerja dengan baik pengalaman semoga aman dan awet jangka panjang kualitas build nya solid dan kabel kabel tertata rapi menandakan perakitan dilakukan dengan baik dan profesional selain itu dukungan garansi dan layanan after sales juga memuaskan secara keseluruhan pc ini memberikan kinerja luar biasa untuk harga yang cukup kompetitif cocok untuk pelajar profesional atau bahkan kreator konten pemula,61,positive,0.75,420,0.0,0.2295081967213114,0.0,0.0,0.0573770491803278,0,82.19
andika.pry,"Udah dipake alhamdulillah sesuai spek yang dikasi, plug n play guys, semua udah disediain sesuai request.
Request aja apapun dilakuin ama yang jual guys.

Sorry fotonya gitu doang, bukan dipake pribadi soalnya.",5.0,1.0,1735089575,udah dipake alhamdulillah sesuai spek yang dikasi plug n play guys semua udah disediain sesuai request request aja apapun dilakuin ama yang jual guys sorry fotonya gitu doang bukan dipake pribadi soalnya,udah dipake alhamdulillah sesuai spek yang dikasi plug n play guys semua udah disediain sesuai request request aja apapun dilakuin ama yang jual guys sorry fotonya gitu doang bukan dipake pribadi soalnya,32,positive,0.75,203,0.0098522167487684,0.375,0.0,0.0,0.0962130541871921,0,79.54
muhamadiqbalarrafi,"mantap amanah aman terpercayaa, adminnya jg baek best lah",5.0,3.0,1739891939,mantap amanah aman terpercayaa adminnya jg baek best lah,mantap amanah aman terpercayaa adminnya jg baek best lah,9,positive,0.75,56,0.0357142857142857,0.0,0.0,0.0,0.0089285714285714,0,84.96
nur_dianto1997,"Desain:mantap
Fungsi:aman

Barang berfungsi normal aman. Seller responsif",5.0,2.0,1754708484,desain mantap fungsi aman barang berfungsi normal aman seller responsif,desain mantap fungsi aman barang berfungsi normal aman seller responsif,10,positive,0.75,71,0.0140845070422535,0.2,0.0,0.0,0.0535211267605633,0,82.28
t*****a,Bagus toko gercep,5.0,3.0,1737612795,bagus toko gercep,bagus toko gercep,3,positive,0.75,17,0.0,0.0,0.0,0.0,0.0,0,85.18
raflysmoth4,"Desain:kabel powe supply disusun sangat rapih
Fungsi:bekerja dengan baik",5.0,1.0,1751073964,desain kabel powe supply disusun sangat rapih fungsi bekerja dengan baik,desain kabel powe supply disusun sangat rapih fungsi bekerja dengan baik,11,neutral,0.55,72,0.0138888888888888,0.0,0.0,0.0,0.0034722222222222,0,51.85
endnkk,"terima kasih bos,smoga awet barangnya toko nya makin maju",5.0,4.0,1727866131,terima kasih bos smoga awet barangnya toko nya makin maju,terima kasih bos smoga awet barangnya toko nya makin maju,10,neutral,0.55,57,0.0,0.0,0.0,0.0,0.0,0,56.59
musicov,"Desain:baik
Fungsi:ok lancar",5.0,1.0,1744892773,desain baik fungsi ok lancar,desain baik fungsi ok lancar,5,neutral,0.55,28,0.0,0.0,0.0,0.0,0.0,0,51.9
35vm9wmpqo,,5.0,4.0,1741962791,,,1,neutral,0.55,0,0.0,0.0,0.0,0.0,0.6,1,12.45
ellzioshope,Godjob,5.0,4.0,1726154398,godjob,godjob,1,neutral,0.55,6,0.0,0.0,0.0,0.0,0.6,1,12.45
husendzulfikar,,5.0,2.0,1726154405,,,1,neutral,0.55,0,0.0,0.0,0.0,0.0,0.6,1,11.8
noesaku.merch,"Sesuai spek order, mantap",5.0,6.0,1738125210,sesuai spek order mantap,sesuai spek order mantap,4,positive,0.75,24,0.0,0.0,0.0,0.0,0.0,0,89.02
rezaoktvnssss,Mantap anti lag,5.0,1.0,1739890941,mantap anti lag,mantap anti lag,3,positive,0.75,15,0.0,0.0,0.0,0.0,0.2,0,76.99
hollywood_auto,,5.0,2.0,1734257194,,,1,neutral,0.55,0,0.0,0.0,0.0,0.0,0.6,1,11.8
maulanafaqih126,"Desain:kerenn
Fungsi:bekerja dengan mantap

pengiriman cepat,fast respon,kerenlahg pokoknya",5.0,3.0,1730287441,desain kerenn fungsi bekerja dengan mantap pengiriman cepat fast respon kerenlahg pokoknya,desain kerenn fungsi bekerja dengan mantap pengiriman cepat fast respon kerenlahg pokoknya,12,positive,0.75,90,0.0111111111111111,0.0,0.0,0.0,0.0027777777777777,0,85.11
dedesoeryana,"Desain:Keren
Fungsi:Berkerja dengan sangat baik

Mantab pokonya",5.0,1.0,1760361271,desain keren fungsi berkerja dengan sangat baik mantab pokonya,desain keren fungsi berkerja dengan sangat baik mantab pokonya,9,positive,0.75,62,0.0,0.0,0.0,0.0,0.0,0,81.9
w.a.h.i.d001,Berfungsi normal,5.0,1.0,1739892433,berfungsi normal,berfungsi normal,2,neutral,0.55,16,0.0,0.0,0.0,0.0,0.0,0,51.9
fajarsyahwira,,5.0,1.0,1747102903,,,1,neutral,0.55,0,0.0,0.0,0.0,0.0,0.6,1,11.42
j*****4,"Desain:secara design tampilan bagus
Fungsi:kurang puas
Kegunaan:komputer sering los sinyal ga masuk harus restart buka folder lemot loading, terakhir not display akhirnya masuk servis ganti ram, pas di cek sama temen yg ngerti ternyata part2 nya yg murah, nyesel deh",1.0,10.0,1765378818,desain secara design tampilan bagus fungsi kurang puas kegunaan komputer sering los sinyal ga masuk harus restart buka folder lemot loading terakhir not display akhirnya masuk servis ganti ram pas di cek sama temen yg ngerti ternyata part2 nya yg murah nyesel deh,desain secara design tampilan bagus fungsi kurang puas kegunaan komputer sering los sinyal ga masuk harus restart buka folder lemot loading terakhir not display akhirnya masuk servis ganti ram pas di cek sama temen yg ngerti ternyata part2 nya yg murah nyesel deh,43,positive,0.75,263,0.0038022813688212,0.0930232558139534,0.0,1.0,0.2242063842956937,0,71.49
bayudwirizkyanto20,Bagus tanpa ada lecet sedikit pun,5.0,2.0,1749119773,bagus tanpa ada lecet sedikit pun,bagus tanpa ada lecet sedikit pun,6,positive,0.75,33,0.0,0.0,0.0,0.0,0.0,0,83.63
muhamaddickysuryadi,"Mantappppp!
Seler responsif🔥",5.0,3.0,1727866134,mantappppp seler responsif,mantappppp seler responsif,3,neutral,0.55,26,0.1538461538461538,0.0,0.0,0.0,0.0384615384615384,0,54.55
catto.book,Admin fast respon dan produk sesuai 👍🏻,5.0,1.0,1728892794,admin fast respon dan produk sesuai,admin fast respon dan produk sesuai,6,positive,0.75,35,0.0,0.0,0.0,0.0,0.0,0,81.9
khoirul.dmkdfjrnfnfnjdjd,"Desain:bagus kereeen..
Fungsi:semuanya berfungsi dengan baik
Pengalaman:lancar Tampa ada kendala..barang sesuai . seller nya juga ramah ..hanya saja request game namung tidak diisi,mungkin lupa,tpi Ndak PP..

Tokonya sangat rekomend 👍",5.0,1.0,1758082861,desain bagus kereeen fungsi semuanya berfungsi dengan baik pengalaman lancar tampa ada kendala barang sesuai seller nya juga ramah hanya saja request game namung tidak diisi mungkin lupa tpi ndak pp tokonya sangat rekomend,desain bagus kereeen fungsi semuanya berfungsi dengan baik pengalaman lancar tampa ada kendala barang sesuai seller nya juga ramah hanya saja request game namung tidak diisi mungkin lupa tpi ndak pp tokonya sangat rekomend,34,positive,0.75,222,0.0225225225225225,0.0,0.0,0.0,0.0056306306306306,0,81.76
hitanjin99a,Makasih barangx udah nyampe. Sukses terus,5.0,1.0,1756629566,makasih barangx udah nyampe sukses terus,makasih barangx udah nyampe sukses terus,6,neutral,0.55,40,0.0,0.0,0.0,0.0,0.0,0,51.9
farisbahrain,"Desain:oke
Fungsi:oke
Pengalaman:mantap

Barang tiba dengan selamat, aman sentosa, semoga awet 🙏",5.0,1.0,1756629546,desain oke fungsi oke pengalaman mantap barang tiba dengan selamat aman sentosa semoga awet,desain oke fungsi oke pengalaman mantap barang tiba dengan selamat aman sentosa semoga awet,14,positive,0.75,91,0.0,0.1428571428571428,0.0,0.0,0.0357142857142857,0,81.03
estidewifitissa,,5.0,2.0,1739892428,,,1,neutral,0.55,0,0.0,0.0,0.0,0.0,0.6,1,11.8
g*****2,"Spec komputer sesuai deskripsi dan PCnya bagus bangeettt, banyak lampu RGBnya. Worth it deh, bakal repeat order lagi pokoknya. Jangan ragu yg mau beli disini😉",5.0,0.0,1705938809,spec komputer sesuai deskripsi dan pcnya bagus bangeettt banyak lampu rgbnya worth it deh bakal repeat order lagi pokoknya jangan ragu yg mau beli disini,spec komputer sesuai deskripsi dan pcnya bagus bangeettt banyak lampu rgbnya worth it deh bakal repeat order lagi pokoknya jangan ragu yg mau beli disini,25,positive,0.75,153,0.0196078431372549,0.0,0.0,0.0,0.0049019607843137,0,79.88
m_yusuf_akmal,"Desain:keren, rekomended
Fungsi:penggunaan 3 oke aja, yaa semoga awat
Pengalaman:lancar, puass & buat toko nya sukses selalu... Goodluck 😄",5.0,1.0,1756624954,desain keren rekomended fungsi penggunaan 3 oke aja yaa semoga awat pengalaman lancar puass buat toko nya sukses selalu goodluck,desain keren rekomended fungsi penggunaan 3 oke aja yaa semoga awat pengalaman lancar puass buat toko nya sukses selalu goodluck,20,positive,0.75,128,0.0390625,0.0,0.0,0.0,0.009765625,0,81.66
igustiajiprabowo,,5.0,1.0,1740581792,,,1,neutral,0.55,0,0.0,0.0,0.0,0.0,0.6,1,11.42
yoga083,baru di coba semoga awet,5.0,1.0,1739890815,baru di coba semoga awet,baru di coba semoga awet,5,neutral,0.55,24,0.0,0.0,0.0,0.0,0.0,0,51.9
amyezz,,5.0,1.0,1728457301,,,1,neutral,0.55,0,0.0,0.0,0.0,0.0,0.6,1,11.42
faiz14022009,,5.0,1.0,1729152494,,,1,neutral,0.55,0,0.0,0.0,0.0,0.0,0.6,1,11.42
eggyrasdian28,"Desain:GOOD
Fungsi:GOOD
Spesifikasi:GOOD",5.0,1.0,1731834290,desain good fungsi good spesifikasi good,desain good fungsi good spesifikasi good,6,neutral,0.55,40,0.075,0.5,0.0,0.0,0.14375,0,49.66
platinum_77,"Fitur Terbaik:harga bagus dan barangnya asli

Bagus dan sesuai yg dipesan, tapi saya kira sudah di rakit tapi gk apa saya bisa",5.0,5.0,1726154383,fitur terbaik harga bagus dan barangnya asli bagus dan sesuai yg dipesan tapi saya kira sudah di rakit tapi gk apa saya bisa,fitur terbaik harga bagus dan barangnya asli bagus dan sesuai yg dipesan tapi saya kira sudah di rakit tapi gk apa saya bisa,23,positive,0.75,124,0.0,0.3478260869565217,0.0,0.0,0.0869565217391304,0,85.58
thq9rzn2jf,mantul,5.0,2.0,1745005652,mantul,mantul,1,neutral,0.55,6,0.0,0.0,0.0,0.0,0.6,1,11.8
metalia86,"Desain:bagus
Fungsi:bekerja dengan baik
Pengalaman:terasa aman

Sebenarnya sudah minta windows 10 saja,  tapi dikasih windows 11 pro. Ya sudah gpp..  pengiriman cepat. Terima kasih",5.0,1.0,1756623678,desain bagus fungsi bekerja dengan baik pengalaman terasa aman sebenarnya sudah minta windows 10 saja tapi dikasih windows 11 pro ya sudah gpp pengiriman cepat terima kasih,desain bagus fungsi bekerja dengan baik pengalaman terasa aman sebenarnya sudah minta windows 10 saja tapi dikasih windows 11 pro ya sudah gpp pengiriman cepat terima kasih,27,positive,0.75,172,0.0116279069767441,0.1481481481481481,0.0,0.0,0.039944013781223,0,80.92
yatmono11,"Desain:bagus
Fungsi:baik
Pengalaman:pemakaian 2 hari sudah oke cuma kipasnya agak brisik, yg lainya sudah oke semoga awet kedepan.",5.0,1.0,1754610175,desain bagus fungsi baik pengalaman pemakaian 2 hari sudah oke cuma kipasnya agak brisik yg lainya sudah oke semoga awet kedepan,desain bagus fungsi baik pengalaman pemakaian 2 hari sudah oke cuma kipasnya agak brisik yg lainya sudah oke semoga awet kedepan,21,positive,0.75,128,0.0,0.1904761904761904,0.0,0.0,0.0476190476190476,0,80.73
ridwankurniawan610,"Desain:oke
Fungsi:normal baik
Spesifikasi:raiden 5 5600",5.0,1.0,1740147749,desain oke fungsi normal baik spesifikasi raiden 5 5600,desain oke fungsi normal baik spesifikasi raiden 5 5600,9,neutral,0.55,55,0.0181818181818181,0.0,0.0,0.0,0.0045454545454545,0,51.83
d*****5,"Desain:keren dan modern
Fungsi:berfungsi semua sesuai diskripsi
Pengalaman:aman tanpa kendala

Alhamdulillah sudah sampai dengan aman tanpa kendala",5.0,1.0,1760145764,desain keren dan modern fungsi berfungsi semua sesuai diskripsi pengalaman aman tanpa kendala alhamdulillah sudah sampai dengan aman tanpa kendala,desain keren dan modern fungsi berfungsi semua sesuai diskripsi pengalaman aman tanpa kendala alhamdulillah sudah sampai dengan aman tanpa kendala,20,positive,0.75,146,0.0068493150684931,0.3,0.0,0.0,0.0767123287671232,0,80.02
safdela,,5.0,1.0,1751033861,,,1,neutral,0.55,0,0.0,0.0,0.0,0.0,0.6,1,11.42
raissaerlanggi,,5.0,1.0,1742480335,,,1,neutral,0.55,0,0.0,0.0,0.0,0.0,0.6,1,11.42
n*****l,"Desain:RGB
Fungsi:Komputer
Spesifikasi:Rygen 5 5600G

Barang bagus aman, sesuai spek, pelayanan bagus, semoga laris manis tokonya",5.0,2.0,1743563724,desain rgb fungsi komputer spesifikasi rygen 5 5600g barang bagus aman sesuai spek pelayanan bagus semoga laris manis tokonya,desain rgb fungsi komputer spesifikasi rygen 5 5600g barang bagus aman sesuai spek pelayanan bagus semoga laris manis tokonya,19,positive,0.75,125,0.008,0.1052631578947368,0.0,0.0,0.0283157894736842,0,82.92
i*****5,,5.0,1.0,1756629606,,,1,neutral,0.55,0,0.0,0.0,0.0,0.0,0.6,1,11.42
accsesoriesgm30,"Desain:bagus
Fungsi:bagus
Spesifikasi:bagus sesuai

Penjual amanah.,respon admin bagus dan baik .,pertahankan terus insyaAllah toko nya laris kalo seperti ini terus mantap pokoknya .,saya klo beli apa apa teliti sampai ketemu toko ini yg pas dan cocok …pertahnakan insyaAllah jdi langganan klo perlu apa apa lagi …",5.0,1.0,1739892424,desain bagus fungsi bagus spesifikasi bagus sesuai penjual amanah respon admin bagus dan baik pertahankan terus insyaallah toko nya laris kalo seperti ini terus mantap pokoknya saya klo beli apa apa teliti sampai ketemu toko ini yg pas dan cocok pertahnakan insyaallah jdi langganan klo perlu apa apa lagi,desain bagus fungsi bagus spesifikasi bagus sesuai penjual amanah respon admin bagus dan baik pertahankan terus insyaallah toko nya laris kalo seperti ini terus mantap pokoknya saya klo beli apa apa teliti sampai ketemu toko ini yg pas dan cocok pertahnakan insyaallah jdi langganan klo perlu apa apa lagi,49,positive,0.75,305,0.0163934426229508,0.4081632653061224,0.0,0.0,0.1061391769822683,0,79.3
donto89,"Desain:bagus
Fungsi:berfungsi dengan baik

Barang nya Bagus 🤩🤩, keren pokonya, berfungsi dengan baik.. bisa request juga..
Terima kasih seller 🙏
Semoga berkah 🤲


Cuma di pengiriman aja.. massa di ambil ke tempat gudang sampe di simpen 1 hari di gudang nya 😫😫",5.0,1.0,1751073918,desain bagus fungsi berfungsi dengan baik barang nya bagus keren pokonya berfungsi dengan baik bisa request juga terima kasih seller semoga berkah cuma di pengiriman aja massa di ambil ke tempat gudang sampe di simpen 1 hari di gudang nya,desain bagus fungsi berfungsi dengan baik barang nya bagus keren pokonya berfungsi dengan baik bisa request juga terima kasih seller semoga berkah cuma di pengiriman aja massa di ambil ke tempat gudang sampe di simpen 1 hari di gudang nya,40,positive,0.75,238,0.0084033613445378,0.4,0.0,0.0,0.1021008403361344,0,79.39
965koc3uep,,5.0,2.0,1753302503,,,1,neutral,0.55,0,0.0,0.0,0.0,0.0,0.6,1,11.8
alexdounar22,mantap,5.0,1.0,1742408366,mantap,mantap,1,positive,0.75,6,0.0,0.0,0.4,0.0,0.72,1,15.07
muhammadfaiiq_,"Desain:keren
Fungsi:sangat berfungsi maksimal
Spesifikasi:sesuai dengan yang di harapkan

Awalnya ragu beli online sampe cerewet nanya ini itu, ternyata dengan tekat wkwkw akhirnya beli dan sampai dengan selamat Alhamdulillah",5.0,0.0,1739891131,desain keren fungsi sangat berfungsi maksimal spesifikasi sesuai dengan yang di harapkan awalnya ragu beli online sampe cerewet nanya ini itu ternyata dengan tekat wkwkw akhirnya beli dan sampai dengan selamat alhamdulillah,desain keren fungsi sangat berfungsi maksimal spesifikasi sesuai dengan yang di harapkan awalnya ragu beli online sampe cerewet nanya ini itu ternyata dengan tekat wkwkw akhirnya beli dan sampai dengan selamat alhamdulillah,32,positive,0.75,223,0.0044843049327354,0.15625,0.0,0.0,0.0401835762331838,0,79.04
rifkiapriliansyah5,"Desain:keren elegan, ga main"" ngirim barangnya
Fungsi:baik, semoga terus baik
Pengalaman:mantap",5.0,1.0,1751031711,desain keren elegan ga main ngirim barangnya fungsi baik semoga terus baik pengalaman mantap,desain keren elegan ga main ngirim barangnya fungsi baik semoga terus baik pengalaman mantap,14,positive,0.75,92,0.0,0.1428571428571428,0.0,0.0,0.0357142857142857,0,81.03
jhonajun,Spesifikasi:good,5.0,1.0,1739892513,spesifikasi good,spesifikasi good,2,neutral,0.55,16,0.0625,0.0,0.0,0.0,0.015625,0,51.66
idhamkhan9,,5.0,1.0,1764894362,,,1,neutral,0.55,0,0.0,0.0,0.0,0.0,0.6,1,11.42
ahdikhalidafathir,"adminnya fast respon, sesuai keinginan gacorrrr

thanks minnn",5.0,1.0,1756623841,adminnya fast respon sesuai keinginan gacorrrr thanks minnn,adminnya fast respon sesuai keinginan gacorrrr thanks minnn,8,positive,0.75,59,0.1016949152542373,0.0,0.0,0.0,0.0254237288135593,0,81.28
ekanova13_,BAGUSS SANGATTTTTTT,5.0,1.0,1743042699,baguss sangattttttt,baguss sangattttttt,2,neutral,0.55,19,0.3684210526315789,0.0,0.0,0.0,0.0921052631578947,0,50.47
febryan.fe.putra,"Desain:menarik
Fungsi:semoga awet
Pengalaman:semoga awet",5.0,2.0,1764684575,desain menarik fungsi semoga awet pengalaman semoga awet,desain menarik fungsi semoga awet pengalaman semoga awet,8,neutral,0.55,56,0.0,0.5,0.0,0.0,0.125,0,51.61
febrifani21,,5.0,1.0,1756629473,,,1,neutral,0.55,0,0.0,0.0,0.0,0.0,0.6,1,11.42
ayuzabadi,,5.0,1.0,1756629540,,,1,neutral,0.55,0,0.0,0.0,0.0,0.0,0.6,1,11.42
dhanzp,,5.0,3.0,1733046476,,,1,neutral,0.55,0,0.0,0.0,0.0,0.0,0.6,1,12.14
nangkacong,,5.0,1.0,1751073871,,,1,neutral,0.55,0,0.0,0.0,0.0,0.0,0.6,1,11.42
i*****e,Mantapp,5.0,3.0,1733546628,mantapp,mantapp,1,neutral,0.55,7,0.1428571428571428,0.0,0.0,0.0,0.6357142857142857,1,11.55
f*****h,,5.0,1.0,1758023709,,,1,neutral,0.55,0,0.0,0.0,0.0,0.0,0.6,1,11.42
emiliasanjaya21,"Aaaa ini bagusss banget siiii. Awalnya agak takut beli online, tapi sellernya responsif dan disini pengemasan dan pengirimannya cepet banget. Butuh cepet dan ga sempat ke toko langsung, sehari sudahh sampai di rumah.

Thank youuu Hifi Computer, semogaaa sukses dan berkah selalu aamiinn",5.0,0.0,1705938814,aaaa ini bagusss banget siiii awalnya agak takut beli online tapi sellernya responsif dan disini pengemasan dan pengirimannya cepet banget butuh cepet dan ga sempat ke toko langsung sehari sudahh sampai di rumah thank youuu hifi computer semogaaa sukses dan berkah selalu aamiinn,aaaa ini bagusss banget siiii awalnya agak takut beli online tapi sellernya responsif dan disini pengemasan dan pengirimannya cepet banget butuh cepet dan ga sempat ke toko langsung sehari sudahh sampai di rumah thank youuu hifi computer semogaaa sukses dan berkah selalu aamiinn,43,neutral,0.55,279,0.064516129032258,0.1860465116279069,0.0,0.0,0.0626406601650412,0,49.06
rionaldo0705,"Desain:keren bgt
Fungsi:untuk editing aman kok
Kegunaan:komputer

Makasih gan brgnya smp dg aman dan bagus bgt yaa.. 
Rekomend bgt yaa
Maaf mau video tp. Komputernya di sana",5.0,1.0,1756629776,desain keren bgt fungsi untuk editing aman kok kegunaan komputer makasih gan brgnya smp dg aman dan bagus bgt yaa rekomend bgt yaa maaf mau video tp komputernya di sana,desain keren bgt fungsi untuk editing aman kok kegunaan komputer makasih gan brgnya smp dg aman dan bagus bgt yaa rekomend bgt yaa maaf mau video tp komputernya di sana,30,positive,0.75,168,0.0238095238095238,0.2333333333333333,0.0,0.0,0.0642857142857142,0,80.32
w*****9,"Desain:ok
Fungsi:ok
Spesifikasi:ok

Ok sippp.... Barang sesuai pesanan.... Sippp... Cuma ada yg agak gimana, kirain Vga terpisah, ternyata gabung sama procesor toh. Baru tau aku. Motogp kirain udah di instal tinggal pake. Ternyata.....",5.0,0.0,1739892326,desain ok fungsi ok spesifikasi ok ok sippp barang sesuai pesanan sippp cuma ada yg agak gimana kirain vga terpisah ternyata gabung sama procesor toh baru tau aku motogp kirain udah di instal tinggal pake ternyata,desain ok fungsi ok spesifikasi ok ok sippp barang sesuai pesanan sippp cuma ada yg agak gimana kirain vga terpisah ternyata gabung sama procesor toh baru tau aku motogp kirain udah di instal tinggal pake ternyata,36,positive,0.75,213,0.0234741784037558,0.2777777777777778,0.0,0.0,0.0753129890453834,0,78.19
rajabsubhan,,5.0,1.0,1732438504,,,1,neutral,0.55,0,0.0,0.0,0.0,0.0,0.6,1,11.42
pusat.songkok.cirebon,"Desain:mantaap
Fungsi:baik sekali

Memuaskan dan recomended",5.0,1.0,1739703437,desain mantaap fungsi baik sekali memuaskan dan recomended,desain mantaap fungsi baik sekali memuaskan dan recomended,8,neutral,0.55,58,0.0172413793103448,0.0,0.0,0.0,0.0043103448275862,0,51.84
andy1109203,"Desain:keren
Fungsi:beroperasi dengan baik
Pengalaman:aman mantap pokoknya",5.0,1.0,1759502031,desain keren fungsi beroperasi dengan baik pengalaman aman mantap pokoknya,desain keren fungsi beroperasi dengan baik pengalaman aman mantap pokoknya,10,positive,0.75,74,0.0,0.0,0.0,0.0,0.0,0,81.9
ryanmuhsyah,"Mantap semua baru dan bergaransi resmi, recommended 🤙",5.0,1.0,1756623883,mantap semua baru dan bergaransi resmi recommended,mantap semua baru dan bergaransi resmi recommended,7,positive,0.75,50,0.02,0.0,0.0,0.0,0.005,0,81.78
itecxadekuasa,"Desain:Sangat Bagus
Fungsi:Bekerja dengan sangat baik
Pengalaman:Sangat Bagus

Pengiriman yg sangat aman..packing kayu...pokoknya 1000% aman🙏🎉🎉🎉",5.0,1.0,1758545536,desain sangat bagus fungsi bekerja dengan sangat baik pengalaman sangat bagus pengiriman yg sangat aman packing kayu pokoknya 1000 aman,desain sangat bagus fungsi bekerja dengan sangat baik pengalaman sangat bagus pengiriman yg sangat aman packing kayu pokoknya 1000 aman,20,positive,0.75,135,0.0148148148148148,0.4,0.0,0.0,0.1037037037037037,0,79.36
ysfarm,"Good respon by admin, selama pemasangan dibimbing. Big thanks!!",5.0,1.0,1763533343,good respon by admin selama pemasangan dibimbing big thanks,good respon by admin selama pemasangan dibimbing big thanks,9,neutral,0.55,59,0.0169491525423728,0.0,0.0,0.0,0.0042372881355932,0,51.84
a*****a,"Desain:menarik
Fungsi:sesuai

Sangat memuaskan,semoga sakinah mawadah warohmah aamiin yra",4.0,1.0,1742395640,desain menarik fungsi sesuai sangat memuaskan semoga sakinah mawadah warohmah aamiin yra,desain menarik fungsi sesuai sangat memuaskan semoga sakinah mawadah warohmah aamiin yra,12,positive,0.75,88,0.0227272727272727,0.0,0.0,0.0,0.0056818181818181,0,77.77
jasvin25,"Desain:BAGUS
Fungsi:bekerja dengan baik
Spesifikasi:5600G 32GB 256GB

BAGUSS INI STORE PENJUAL RESPONSIF JUGA BESTT",5.0,2.0,1739891343,desain bagus fungsi bekerja dengan baik spesifikasi 5600g 32gb 256gb baguss ini store penjual responsif juga bestt,desain bagus fungsi bekerja dengan baik spesifikasi 5600g 32gb 256gb baguss ini store penjual responsif juga bestt,17,positive,0.75,114,0.0263157894736842,0.0,0.0,0.0,0.006578947368421,0,83.46
silvester_76,"Desain:detail apik
Fungsi:bekerja dengan baik sesuai harpaan
Spesifikasi:Game dan Grafis

Recommended seller! Quick respon! Top!!",5.0,0.0,1746009619,desain detail apik fungsi bekerja dengan baik sesuai harpaan spesifikasi game dan grafis recommended seller quick respon top,desain detail apik fungsi bekerja dengan baik sesuai harpaan spesifikasi game dan grafis recommended seller quick respon top,18,positive,0.75,124,0.0241935483870967,0.0,0.0,0.0,0.0060483870967741,0,79.85
ry_rizkiyulianto,"Desain:bagus
Fungsi:baik
Pengalaman:adminnya fast respom ramah banget 🙏🙏🙏🙏😹",5.0,1.0,1757324518,desain bagus fungsi baik pengalaman adminnya fast respom ramah banget,desain bagus fungsi baik pengalaman adminnya fast respom ramah banget,10,positive,0.75,69,0.0144927536231884,0.0,0.0,0.0,0.0036231884057971,0,81.81
alfisyarifah1,bagus banget rekomended buat kalian yang mau nyari PC,5.0,0.0,1741942607,bagus banget rekomended buat kalian yang mau nyari pc,bagus banget rekomended buat kalian yang mau nyari pc,9,positive,0.75,53,0.0,0.0,0.0,0.0,0.0,0,80.0
renny.susanti,"Produk bagus
Pengiriman cepat",5.0,4.0,1736750945,produk bagus pengiriman cepat,produk bagus pengiriman cepat,4,positive,0.75,29,0.0,0.0,0.0,0.0,0.0,0,86.59
brgrosirkosmetik,"Sepadan dengan Harga:bagus banget

jangan ragu beli disini owner ramah keren poll 🤩 bner"" wort it !!!",5.0,12.0,1733046348,sepadan dengan harga bagus banget jangan ragu beli disini owner ramah keren poll bner wort it,sepadan dengan harga bagus banget jangan ragu beli disini owner ramah keren poll bner wort it,16,positive,0.75,93,0.010752688172043,0.0,0.0,0.0,0.0026881720430107,0,93.9
lapaknanotoys,"Sudah dicoba berfungsi,,, mudah mudahan awet,,, terima kasih seller atas kerjasama nya",5.0,0.0,1739891843,sudah dicoba berfungsi mudah mudahan awet terima kasih seller atas kerjasama nya,sudah dicoba berfungsi mudah mudahan awet terima kasih seller atas kerjasama nya,12,neutral,0.55,80,0.0125,0.0,0.0,0.0,0.003125,0,49.95
c*****o,"Sampai dengan aman, recomend banget adminya fast response kalo d chat, barang bagus aman terkendali",5.0,0.0,1739891169,sampai dengan aman recomend banget adminya fast response kalo d chat barang bagus aman terkendali,sampai dengan aman recomend banget adminya fast response kalo d chat barang bagus aman terkendali,15,positive,0.75,97,0.0,0.1333333333333333,0.0,0.0,0.0333333333333333,0,79.2
bangyan_11,"Desain:ok
Fungsi:normal
Pengalaman:Sejauh ini aman kalau ada kendala bisa tanya² sama adminnya

Mantab",5.0,1.0,1763882701,desain ok fungsi normal pengalaman sejauh ini aman kalau ada kendala bisa tanya sama adminnya mantab,desain ok fungsi normal pengalaman sejauh ini aman kalau ada kendala bisa tanya sama adminnya mantab,16,neutral,0.55,100,0.01,0.0,0.0,0.0,0.0025,0,51.86
asiah_75,"Desain:Kece
Fungsi:Bekerja dengan baik sesuai dengan deskripsi
Kegunaan:Worth it buat game berat

Semoga awet, buat kalian yg lagi nyari Komputer Rakitan. Disini tempatnya 😌😉",5.0,1.0,1756629795,desain kece fungsi bekerja dengan baik sesuai dengan deskripsi kegunaan worth it buat game berat semoga awet buat kalian yg lagi nyari komputer rakitan disini tempatnya,desain kece fungsi bekerja dengan baik sesuai dengan deskripsi kegunaan worth it buat game berat semoga awet buat kalian yg lagi nyari komputer rakitan disini tempatnya,26,positive,0.75,168,0.0059523809523809,0.1538461538461538,0.0,0.0,0.0399496336996337,0,80.92
yuliani0825,,5.0,2.0,1739891966,,,1,neutral,0.55,0,0.0,0.0,0.0,0.0,0.6,1,11.8
a*****h,"Desain:lbih baik tidak rgb
Fungsi:sangat baik sesuai spesifikasi

semoga awet",5.0,2.0,1739891950,desain lbih baik tidak rgb fungsi sangat baik sesuai spesifikasi semoga awet,desain lbih baik tidak rgb fungsi sangat baik sesuai spesifikasi semoga awet,12,neutral,0.55,76,0.0,0.1666666666666666,0.0,0.0,0.0416666666666666,0,52.96
hans_luther,"Pengiriman cepat, aman karena packing, respon seller secepat kilat ..barang sesuai spesifikasi",5.0,0.0,1739890888,pengiriman cepat aman karena packing respon seller secepat kilat barang sesuai spesifikasi,pengiriman cepat aman karena packing respon seller secepat kilat barang sesuai spesifikasi,12,positive,0.75,90,0.0111111111111111,0.0,0.0,0.0,0.0027777777777777,0,79.93
wahyu.hidayat04,"Desain:Keren dan modern
Fungsi:Berfungsi dengan baik
Spesifikasi:Mantab

Packing rapi dan aman, 
Tampilan OK, Belanja disini tidak kecewa 
Semoga semakin banyak pelanggannya",5.0,2.0,1733661132,desain keren dan modern fungsi berfungsi dengan baik spesifikasi mantab packing rapi dan aman tampilan ok belanja disini tidak kecewa semoga semakin banyak pelanggannya,desain keren dan modern fungsi berfungsi dengan baik spesifikasi mantab packing rapi dan aman tampilan ok belanja disini tidak kecewa semoga semakin banyak pelanggannya,24,positive,0.75,168,0.0119047619047619,0.0833333333333333,0.0,0.0,0.0238095238095238,0,83.03
chriss3025,"Spek nya ga main² sih ,puas kali belanja di toko ini ,mudah²an lah awet barang nya 
Buat klen yang mau beli ,gausah ragu ,cukup bintang aja yang berbicara 😉",5.0,0.0,1732448306,spek nya ga main sih puas kali belanja di toko ini mudah an lah awet barang nya buat klen yang mau beli gausah ragu cukup bintang aja yang berbicara,spek nya ga main sih puas kali belanja di toko ini mudah an lah awet barang nya buat klen yang mau beli gausah ragu cukup bintang aja yang berbicara,29,positive,0.75,148,0.0,0.1379310344827586,0.0,0.0,0.0344827586206896,0,79.17
sodikkap,,5.0,1.0,1765355640,,,1,neutral,0.55,0,0.0,0.0,0.0,0.0,0.6,1,11.42
3p8cj3ubas,,5.0,1.0,1756629515,,,1,neutral,0.55,0,0.0,0.0,0.0,0.0,0.6,1,11.42
mohammadalfarizi20,Okelah lumayan,5.0,1.0,1757843861,okelah lumayan,okelah lumayan,2,neutral,0.55,14,0.0,0.0,0.0,0.0,0.2,0,48.79
suryaananda154,aman dan bisa di percaya terimakasih,5.0,1.0,1757843860,aman dan bisa di percaya terimakasih,aman dan bisa di percaya terimakasih,6,neutral,0.55,36,0.0,0.0,0.0,0.0,0.0,0,51.9
ovy_aulia,,5.0,1.0,1756629461,,,1,neutral,0.55,0,0.0,0.0,0.0,0.0,0.6,1,11.42
hanas_collection,"Desain:keren dan modern
Fungsi:bekerja dengan sangat baiik
Spesifikasi:amd ryzen 4600

Performa mantappp, seller ramah dan baik hati",5.0,1.0,1739891212,desain keren dan modern fungsi bekerja dengan sangat baiik spesifikasi amd ryzen 4600 performa mantappp seller ramah dan baik hati,desain keren dan modern fungsi bekerja dengan sangat baiik spesifikasi amd ryzen 4600 performa mantappp seller ramah dan baik hati,20,positive,0.75,130,0.0384615384615384,0.1,0.0,0.0,0.0346153846153846,0,81.05
h*****n,,5.0,1.0,1764667826,,,1,neutral,0.55,0,0.0,0.0,0.0,0.0,0.6,1,11.42
and_clothing,Alhamdulillah amannnn.....kerenn mantep deh pokoknya,5.0,1.0,1731580653,alhamdulillah amannnn kerenn mantep deh pokoknya,alhamdulillah amannnn kerenn mantep deh pokoknya,6,neutral,0.55,48,0.1041666666666666,0.0,0.0,0.0,0.0260416666666666,0,51.5
gafureko,"Desain:keren banget
Fungsi:sesuai
Spesifikasi:mantap

Mudah mudahan awet , sukses min
Blm tw klu penggunaan jgka panjang,klu untuk sementara aman",5.0,0.0,1739892401,desain keren banget fungsi sesuai spesifikasi mantap mudah mudahan awet sukses min blm tw klu penggunaan jgka panjang klu untuk sementara aman,desain keren banget fungsi sesuai spesifikasi mantap mudah mudahan awet sukses min blm tw klu penggunaan jgka panjang klu untuk sementara aman,22,positive,0.75,142,0.0140845070422535,0.0909090909090909,0.0,0.0,0.0262483994878361,0,79.37
diana_karunia12,"Desain:pengiriman rapih
Fungsi:barang baguss n sesuai deskripsi

Respon baguss banget,admin nya ramah dan sangat membantu...",5.0,1.0,1731834230,desain pengiriman rapih fungsi barang baguss n sesuai deskripsi respon baguss banget admin nya ramah dan sangat membantu,desain pengiriman rapih fungsi barang baguss n sesuai deskripsi respon baguss banget admin nya ramah dan sangat membantu,18,positive,0.75,120,0.0166666666666666,0.1111111111111111,0.0,0.0,0.0319444444444444,0,81.12
a*****2,"Sudah disetting dan semua berfungsi dengan baik
Terima kasih yaaaaa",5.0,0.0,1734438108,sudah disetting dan semua berfungsi dengan baik terima kasih yaaaaa,sudah disetting dan semua berfungsi dengan baik terima kasih yaaaaa,10,neutral,0.55,67,0.0746268656716417,0.0,0.0,0.0,0.0186567164179104,0,49.72
r*****n,,5.0,1.0,1756624923,,,1,neutral,0.55,0,0.0,0.0,0.0,0.0,0.6,1,11.42
sabo13reborn,"Mantap sih, kualitas joss,packingnya juga mantap,seller juga respon cepatt waktu di chat,tanya2 juga dijelasin.",5.0,0.0,1732438520,mantap sih kualitas joss packingnya juga mantap seller juga respon cepatt waktu di chat tanya2 juga dijelasin,mantap sih kualitas joss packingnya juga mantap seller juga respon cepatt waktu di chat tanya2 juga dijelasin,17,positive,0.75,109,0.0275229357798165,0.2941176470588235,0.0,0.0,0.08041014570966,0,78.07
dimas_bagaskara12,"Desain:lumayan
Fungsi:bisa nyala, belm di coba untuk game dan pengerjaan lainnya
Spesifikasi:pas sesuai pesanan",5.0,0.0,1731834263,desain lumayan fungsi bisa nyala belm di coba untuk game dan pengerjaan lainnya spesifikasi pas sesuai pesanan,desain lumayan fungsi bisa nyala belm di coba untuk game dan pengerjaan lainnya spesifikasi pas sesuai pesanan,17,positive,0.75,110,0.0181818181818181,0.0,0.0,0.0,0.0045454545454545,0,79.89
riothok,"Desain:Sangad modern dan rapi
Fungsi:Berfungsi dengan baik sesuai dengan spek
Pengalaman:Mudah sekali tinggal pake

Toko yang amanah, semua yang dikirim sesui spek",5.0,1.0,1756624970,desain sangad modern dan rapi fungsi berfungsi dengan baik sesuai dengan spek pengalaman mudah sekali tinggal pake toko yang amanah semua yang dikirim sesui spek,desain sangad modern dan rapi fungsi berfungsi dengan baik sesuai dengan spek pengalaman mudah sekali tinggal pake toko yang amanah semua yang dikirim sesui spek,25,positive,0.75,161,0.0062111801242236,0.24,0.0,0.0,0.0615527950310559,0,80.39
manokleani58,baru ngasih penilaian setelah di tes dan cek beberapa hari. mantapp!,5.0,0.0,1716648957,baru ngasih penilaian setelah di tes dan cek beberapa hari mantapp,baru ngasih penilaian setelah di tes dan cek beberapa hari mantapp,11,neutral,0.55,66,0.0151515151515151,0.0,0.0,0.0,0.0037878787878787,0,49.94
erin8evaf3_7fo,"Desain:paking baik
Fungsi:baik
Pengalaman:sayangnya di instalnya ps cs bukang yang lebih tinggi nya yg bisa bisa do spek pesanan",5.0,1.0,1756623903,desain paking baik fungsi baik pengalaman sayangnya di instalnya ps cs bukang yang lebih tinggi nya yg bisa bisa do spek pesanan,desain paking baik fungsi baik pengalaman sayangnya di instalnya ps cs bukang yang lebih tinggi nya yg bisa bisa do spek pesanan,22,neutral,0.55,128,0.0078125,0.1818181818181818,0.0,0.0,0.0474076704545454,0,51.17
y*****d,"Sudah sebulan pemakaian tidak ada kendala, semuanya produk bagus (  ¯꒳​¯ )b",5.0,2.0,1739891897,sudah sebulan pemakaian tidak ada kendala semuanya produk bagus b,sudah sebulan pemakaian tidak ada kendala semuanya produk bagus b,10,neutral,0.55,65,0.0,0.0,0.0,0.0,0.0,0,53.63
indriiyani0812,Alhamdulillah paketnya nympe jugaa 😭 Kaka nya baik bangtt gercep  sumpah sabar bngt krna kendala pengirimann. makasih bngtt smoga awet ya 🩷🩷 jgn ragu beli dsni guyss,5.0,1.0,1739891045,alhamdulillah paketnya nympe jugaa kaka nya baik bangtt gercep sumpah sabar bngt krna kendala pengirimann makasih bngtt smoga awet ya jgn ragu beli dsni guyss,alhamdulillah paketnya nympe jugaa kaka nya baik bangtt gercep sumpah sabar bngt krna kendala pengirimann makasih bngtt smoga awet ya jgn ragu beli dsni guyss,25,neutral,0.55,158,0.0379746835443038,0.0,0.0,0.0,0.0094936708860759,0,51.76
vernanda200,"Barang mendarat dengan mulus no minus"", penjualnya ramah. Dijamin ga mengecewakan 🥰",5.0,0.0,1728890497,barang mendarat dengan mulus no minus penjualnya ramah dijamin ga mengecewakan,barang mendarat dengan mulus no minus penjualnya ramah dijamin ga mengecewakan,11,negative,0.75,78,0.0,0.0,0.0,1.0,0.2,0,18.8
davidsantiago091,"Desain:Bagus
Fungsi:Bagus

Bagus walaupun ga sesuai ekspektasi untuk jualan soalnya :) sisanya mantap pelayanan juga okkke",5.0,0.0,1732169590,desain bagus fungsi bagus bagus walaupun ga sesuai ekspektasi untuk jualan soalnya sisanya mantap pelayanan juga okkke,desain bagus fungsi bagus bagus walaupun ga sesuai ekspektasi untuk jualan soalnya sisanya mantap pelayanan juga okkke,17,positive,0.75,118,0.0169491525423728,0.1764705882352941,0.0,0.0,0.0483549351944167,0,78.84
squadcantik3,,5.0,2.0,1739891308,,,1,neutral,0.55,0,0.0,0.0,0.0,0.0,0.6,1,11.8
khaleysia03,,5.0,1.0,1759628418,,,1,neutral,0.55,0,0.0,0.0,0.0,0.0,0.6,1,11.42
i*****e,"Packing aman, barang sampai dengan selamat.
Seller responsif dan ramah.",5.0,1.0,1751073646,packing aman barang sampai dengan selamat seller responsif dan ramah,packing aman barang sampai dengan selamat seller responsif dan ramah,10,neutral,0.55,68,0.0147058823529411,0.0,0.0,0.0,0.0036764705882352,0,51.85
andrashaktiwibowo,"Barang maknyuz, seller gercep, super fast response
Recommended",5.0,1.0,1731580656,barang maknyuz seller gercep super fast response recommended,barang maknyuz seller gercep super fast response recommended,8,positive,0.75,60,0.0333333333333333,0.0,0.0,0.0,0.0083333333333333,0,81.7
gakjng,"Desain:ok
Fungsi:bagus",5.0,1.0,1756624736,desain ok fungsi bagus,desain ok fungsi bagus,4,positive,0.75,22,0.0,0.0,0.0,0.0,0.0,0,81.9
a*****1,"Spesifikasi:amd R5 5600g
Fitur:bagus
Fungsi:bekerja dengan baik",5.0,0.0,1719117710,spesifikasi amd r5 5600g fitur bagus fungsi bekerja dengan baik,spesifikasi amd r5 5600g fitur bagus fungsi bekerja dengan baik,10,positive,0.75,63,0.0158730158730158,0.0,0.0,0.0,0.0039682539682539,0,79.9
a*****e,"Mantapp PC nya,, aku lupa request game😂",5.0,0.0,1739891160,mantapp pc nya aku lupa request game,mantapp pc nya aku lupa request game,7,neutral,0.55,36,0.0277777777777777,0.0,0.0,0.0,0.0069444444444444,0,49.9
yusufmth,,5.0,1.0,1731934410,,,1,neutral,0.55,0,0.0,0.0,0.0,0.0,0.6,1,11.42
aris162304,"Desain:bagus
Fungsi:normal jaya
Spesifikasi:ok pas sesuai

Keren ok mantap pecking aman",5.0,0.0,1729773006,desain bagus fungsi normal jaya spesifikasi ok pas sesuai keren ok mantap pecking aman,desain bagus fungsi normal jaya spesifikasi ok pas sesuai keren ok mantap pecking aman,14,positive,0.75,86,0.0,0.1428571428571428,0.0,0.0,0.0357142857142857,0,79.14
p*****5,"Fitur Terbaik:Produk sesuai dengan permingaan
Sepadan dengan Harga:Sepadan dengan harga

Seller ramah, produk sesuai dengan pesanan, pengiriman cepat. Recommended.",5.0,0.0,1706161301,fitur terbaik produk sesuai dengan permingaan sepadan dengan harga sepadan dengan harga seller ramah produk sesuai dengan pesanan pengiriman cepat recommended,fitur terbaik produk sesuai dengan permingaan sepadan dengan harga sepadan dengan harga seller ramah produk sesuai dengan pesanan pengiriman cepat recommended,21,positive,0.75,158,0.0189873417721519,0.5714285714285714,0.0,0.0,0.1476039783001808,0,76.46
vania.susu,Sesuai ekspetasi,5.0,0.0,1739890877,sesuai ekspetasi,sesuai ekspetasi,2,positive,0.75,16,0.0,0.0,0.0,0.0,0.0,0,80.0
teditamboer,Berfungsi dengan baik,5.0,1.0,1751020832,berfungsi dengan baik,berfungsi dengan baik,3,neutral,0.55,21,0.0,0.0,0.0,0.0,0.0,0,51.9
aniessadat,Mantap,5.0,1.0,1739891644,mantap,mantap,1,positive,0.75,6,0.0,0.0,0.4,0.0,0.72,1,15.07
y*****r,"Desain:menarik dan modern
Fungsi:bekerja dengan baik sesuai deskripsi",5.0,0.0,1739890883,desain menarik dan modern fungsi bekerja dengan baik sesuai deskripsi,desain menarik dan modern fungsi bekerja dengan baik sesuai deskripsi,10,positive,0.75,69,0.0,0.0,0.0,0.0,0.0,0,80.0
galeri.ib,Tooooopppp markotobbbb,5.0,0.0,1712109297,tooooopppp markotobbbb,tooooopppp markotobbbb,2,neutral,0.55,22,0.4545454545454545,0.0,0.0,0.0,0.1136363636363636,0,48.3
mamahssy,Barang bagus banget 1000 persen... Keren... Mantap... Cuma aku sih telat di jasa kirim nya... Btw jgn pake si cepat ya kalo mo c.o ... Lama ke daerah Sukabumi soalnya,5.0,1.0,1731834548,barang bagus banget 1000 persen keren mantap cuma aku sih telat di jasa kirim nya btw jgn pake si cepat ya kalo mo c o lama ke daerah sukabumi soalnya,barang bagus banget 1000 persen keren mantap cuma aku sih telat di jasa kirim nya btw jgn pake si cepat ya kalo mo c o lama ke daerah sukabumi soalnya,30,positive,0.75,150,0.0133333333333333,0.0,0.0,0.0,0.0033333333333333,0,81.82
taufik.prakoso..raharjo,Toppp,5.0,0.0,1731834468,toppp,toppp,1,neutral,0.55,5,0.4,0.0,0.0,0.0,0.7,1,9.5
bambangpermadi654,"Desain:bagus banget keren, rekomen bngt
Fungsi:bekerja dengan baik
Spesifikasi:memuaskan",5.0,1.0,1739890947,desain bagus banget keren rekomen bngt fungsi bekerja dengan baik spesifikasi memuaskan,desain bagus banget keren rekomen bngt fungsi bekerja dengan baik spesifikasi memuaskan,12,positive,0.75,87,0.0,0.0,0.0,0.0,0.0,0,81.9
rudyoo,Kereeen,5.0,0.0,1718979060,kereeen,kereeen,1,neutral,0.55,7,0.2857142857142857,0.0,0.0,0.0,0.6714285714285714,1,9.93
asepfirmansyah20,Fitur Terbaik:barang mendarat dengan selamat terima kasih,5.0,0.0,1708613698,fitur terbaik barang mendarat dengan selamat terima kasih,fitur terbaik barang mendarat dengan selamat terima kasih,8,neutral,0.55,57,0.0,0.0,0.0,0.0,0.0,0,50.0
anugrah_packaging,"Desain:oke
Fungsi:bekerja dengan baik
Spesifikasi:ok",5.0,0.0,1739890859,desain oke fungsi bekerja dengan baik spesifikasi ok,desain oke fungsi bekerja dengan baik spesifikasi ok,8,neutral,0.55,52,0.0,0.0,0.0,0.0,0.0,0,50.0
novalputra14,,5.0,1.0,1756624974,,,1,neutral,0.55,0,0.0,0.0,0.0,0.0,0.6,1,11.42
wahab46,"Barang nya sesuai harapan dan berfungsi dengan baik, seller nya ramah enak d ajak konsultasi mau gimana pun bisa, nanti kalau upgrade mau kesini lagi, thanks seller",5.0,0.0,1764329458,barang nya sesuai harapan dan berfungsi dengan baik seller nya ramah enak d ajak konsultasi mau gimana pun bisa nanti kalau upgrade mau kesini lagi thanks seller,barang nya sesuai harapan dan berfungsi dengan baik seller nya ramah enak d ajak konsultasi mau gimana pun bisa nanti kalau upgrade mau kesini lagi thanks seller,27,positive,0.75,161,0.0124223602484472,0.2222222222222222,0.0,0.0,0.0586611456176673,0,78.59
fu_king.bro,"ga lemot, enak buat mainn, rekomen beli disini ",5.0,0.0,1730360299,ga lemot enak buat mainn rekomen beli disini,ga lemot enak buat mainn rekomen beli disini,8,neutral,0.55,44,0.0227272727272727,0.0,0.0,0.0,0.0056818181818181,0,49.91
hafizaz160592,Fitur baik sesuai spesifikasi mantull,5.0,0.0,1713469170,fitur baik sesuai spesifikasi mantull,fitur baik sesuai spesifikasi mantull,5,positive,0.75,37,0.027027027027027,0.0,0.0,0.0,0.0067567567567567,0,79.84
b*****y,Tak sesuai di gambar... sdh chat minta sesuai di gambar sesuai yg ada kipas prosesor rgb.  Sdh ada penilaiaan org lain yg beli dan sesuai gambar.,4.0,6.0,1742118358,tak sesuai di gambar sdh chat minta sesuai di gambar sesuai yg ada kipas prosesor rgb sdh ada penilaiaan org lain yg beli dan sesuai gambar,tak sesuai di gambar sdh chat minta sesuai di gambar sesuai yg ada kipas prosesor rgb sdh ada penilaiaan org lain yg beli dan sesuai gambar,26,positive,0.75,139,0.0071942446043165,0.5769230769230769,0.0,0.0,0.1460293303818483,0,81.3
e*****7,"Pokoknya Ga nyesel beli di sini, siang order malam sampai",5.0,0.0,1733064306,pokoknya ga nyesel beli di sini siang order malam sampai,pokoknya ga nyesel beli di sini siang order malam sampai,10,neutral,0.55,56,0.0,0.0,0.0,0.0,0.0,0,50.0
pusatbusanaethica,"Tidak diragukan bro sist , langsung saja order overal bagus semua"" nya. Admin baik responsif banyak membantu. Barang juga oke bismilah semuanya awet 🙏 honest reviews dari aku yaa👍👍👍👍",5.0,1.0,1756623721,tidak diragukan bro sist langsung saja order overal bagus semua nya admin baik responsif banyak membantu barang juga oke bismilah semuanya awet honest reviews dari aku yaa,tidak diragukan bro sist langsung saja order overal bagus semua nya admin baik responsif banyak membantu barang juga oke bismilah semuanya awet honest reviews dari aku yaa,27,neutral,0.55,171,0.0058479532163742,0.0,0.0,0.0,0.0014619883040935,0,51.88
chocobeems,"Awalnya sempat ragu mau beli di sini, ehh ternyata keraguannya hilang saat paket datang, sesuai banget dengan ekspektasi, adminnya fast respon, box2 komponen dikirim semua, paket datang tinggal colok, tinggal main deh.
Yg mau request upgrade komponen juga bisa sesuai kemauan kita, top pokoknya.
Rekomen banget buat yg mau beli pc disini pokoknya.",5.0,1.0,1756629417,awalnya sempat ragu mau beli di sini ehh ternyata keraguannya hilang saat paket datang sesuai banget dengan ekspektasi adminnya fast respon box2 komponen dikirim semua paket datang tinggal colok tinggal main deh yg mau request upgrade komponen juga bisa sesuai kemauan kita top pokoknya rekomen banget buat yg mau beli pc disini pokoknya,awalnya sempat ragu mau beli di sini ehh ternyata keraguannya hilang saat paket datang sesuai banget dengan ekspektasi adminnya fast respon box2 komponen dikirim semua paket datang tinggal colok tinggal main deh yg mau request upgrade komponen juga bisa sesuai kemauan kita top pokoknya rekomen banget buat yg mau beli pc disini pokoknya,53,positive,0.75,337,0.0178041543026706,0.3962264150943396,0.0,0.0,0.1035076423492525,0,79.36
h*****o,selamat sampai tujuan dan berfungsi normal semua nya. Terima kasih,5.0,1.0,1757691126,selamat sampai tujuan dan berfungsi normal semua nya terima kasih,selamat sampai tujuan dan berfungsi normal semua nya terima kasih,10,neutral,0.55,65,0.0,0.0,0.0,0.0,0.0,0,51.9
altitude88,"Desain:kece badai
Fungsi:mantap pooool
Spesifikasi:overkill pokoknya",5.0,0.0,1742456882,desain kece badai fungsi mantap pooool spesifikasi overkill pokoknya,desain kece badai fungsi mantap pooool spesifikasi overkill pokoknya,9,positive,0.75,68,0.0588235294117647,0.0,0.0,0.0,0.0147058823529411,0,79.65
pelajar_online,"Desain:ok
Fungsi:ok
Spesifikasi:ok

Berjalan baik sampai saat ini.. 
Terimakasih..",5.0,0.0,1739891081,desain ok fungsi ok spesifikasi ok berjalan baik sampai saat ini terimakasih,desain ok fungsi ok spesifikasi ok berjalan baik sampai saat ini terimakasih,12,neutral,0.55,76,0.0131578947368421,0.25,0.0,0.0,0.0657894736842105,0,49.01
vinaaardianti,"Desain:Keren
Fungsi:Baik
Pengalaman:Aman

Alhamdulillah sesuai dengan pesanan ya kak, datangnya juga hari H cepat dan aman. Respon penjualnya baik. Btw speaker beli sndri yaa, yang dapet cmn CPU, Monitor, mouse dan keyboard. 

Thank you kak. Semoga bsa berlangganan dilain waktu",5.0,1.0,1757998249,desain keren fungsi baik pengalaman aman alhamdulillah sesuai dengan pesanan ya kak datangnya juga hari h cepat dan aman respon penjualnya baik btw speaker beli sndri yaa yang dapet cmn cpu monitor mouse dan keyboard thank you kak semoga bsa berlangganan dilain waktu,desain keren fungsi baik pengalaman aman alhamdulillah sesuai dengan pesanan ya kak datangnya juga hari h cepat dan aman respon penjualnya baik btw speaker beli sndri yaa yang dapet cmn cpu monitor mouse dan keyboard thank you kak semoga bsa berlangganan dilain waktu,43,positive,0.75,267,0.0112359550561797,0.1860465116279069,0.0,0.0,0.0493206166710216,0,80.69
prizaamy,"Penjual amanah, spek juga sesuai. Terimakasih banyak",5.0,1.0,1744418250,penjual amanah spek juga sesuai terimakasih banyak,penjual amanah spek juga sesuai terimakasih banyak,7,positive,0.75,50,0.0,0.0,0.0,0.0,0.0,0,81.9
sayaygdapet,Fungsi:barang bekerja dengan baik,5.0,0.0,1727227987,fungsi barang bekerja dengan baik,fungsi barang bekerja dengan baik,5,neutral,0.55,33,0.0,0.0,0.0,0.0,0.0,0,50.0
racheliaerika19,"Desain:good
Fungsi:good
Spesifikasi:good

Makasihh kakk semuanyaa baguss",5.0,0.0,1739703414,desain good fungsi good spesifikasi good makasihh kakk semuanyaa baguss,desain good fungsi good spesifikasi good makasihh kakk semuanyaa baguss,10,neutral,0.55,71,0.0985915492957746,0.3,0.0,0.0,0.0996478873239436,0,48.51
a*****0,Mantap,5.0,0.0,1751073559,mantap,mantap,1,positive,0.75,6,0.0,0.0,0.4,0.0,0.72,1,14.72
anwarfat2507,Mantap.. fast respon,5.0,0.0,1720149381,mantap fast respon,mantap fast respon,3,positive,0.75,18,0.0,0.0,0.0,0.0,0.0,0,80.0
dedengabolehriba,Pelayanan sangat baik dan penjual sangat responsif,5.0,0.0,1756624938,pelayanan sangat baik dan penjual sangat responsif,pelayanan sangat baik dan penjual sangat responsif,7,neutral,0.55,50,0.0,0.2857142857142857,0.0,0.0,0.0714285714285714,0,48.93
s*****2,"Desain:ok
Fungsi:baik
Pengalaman:lancar",5.0,1.0,1756629469,desain ok fungsi baik pengalaman lancar,desain ok fungsi baik pengalaman lancar,6,neutral,0.55,39,0.0,0.0,0.0,0.0,0.0,0,51.9
ican.shopp,"Desain:bagus
Spesifikasi:okee",5.0,0.0,1739891776,desain bagus spesifikasi okee,desain bagus spesifikasi okee,4,positive,0.75,29,0.0344827586206896,0.0,0.0,0.0,0.0086206896551724,0,79.79
a*****6,"Desain:menarik

Masih dalam percobaan semoga awet",5.0,0.0,1751033819,desain menarik masih dalam percobaan semoga awet,desain menarik masih dalam percobaan semoga awet,7,neutral,0.55,48,0.0208333333333333,0.0,0.0,0.0,0.0052083333333333,0,49.92
abdullah0491,"Desain:mantul
Fungsi:blom di cek semua",5.0,0.0,1735126924,desain mantul fungsi blom di cek semua,desain mantul fungsi blom di cek semua,7,neutral,0.55,38,0.0,0.0,0.0,0.0,0.0,0,50.0
sketing,Sesuai pesanan no mines,5.0,0.0,1742035313,sesuai pesanan no mines,sesuai pesanan no mines,4,positive,0.75,23,0.0,0.0,0.0,0.0,0.0,0,80.0
wezlam,"Desain:sesuai pesanan

sesuai dengan list nya",5.0,0.0,1739891800,desain sesuai pesanan sesuai dengan list nya,desain sesuai pesanan sesuai dengan list nya,7,positive,0.75,44,0.0,0.2857142857142857,0.0,0.0,0.0714285714285714,0,78.29
dickyputraariadi,"Desain:Bagus
Fungsi:Baik

Sesuai Terimakasih",5.0,0.0,1742538399,desain bagus fungsi baik sesuai terimakasih,desain bagus fungsi baik sesuai terimakasih,6,positive,0.75,43,0.0,0.0,0.0,0.0,0.0,0,80.0
suradji70,Barang ok berfungsi dgn baik & fastrespon,5.0,0.0,1739891091,barang ok berfungsi dgn baik fastrespon,barang ok berfungsi dgn baik fastrespon,6,neutral,0.55,39,0.0,0.0,0.0,0.0,0.0,0,50.0
store_vanvan,Semoga awet...pngiriman cepaat bnget,5.0,1.0,1740131331,semoga awet pngiriman cepaat bnget,semoga awet pngiriman cepaat bnget,5,neutral,0.55,34,0.0294117647058823,0.0,0.0,0.0,0.0073529411764705,0,51.79
bahrudin_83,"Mantap, asli barangnya ori thx yaa

Amanah",5.0,0.0,1739890902,mantap asli barangnya ori thx yaa amanah,mantap asli barangnya ori thx yaa amanah,7,positive,0.75,40,0.025,0.0,0.0,0.0,0.00625,0,79.85
tresna080,"Barang bagus,, pengiriman cepat ..
Pelayanan baik",5.0,0.0,1706016863,barang bagus pengiriman cepat pelayanan baik,barang bagus pengiriman cepat pelayanan baik,6,positive,0.75,44,0.0,0.0,0.0,0.0,0.0,0,80.0
e*****t,"Desain:😂😂😂😂😂
Fungsi:😂😂😂😂😂😂
Spesifikasi:😂😂😂😂😂

barang bagus pelayanan admin bagus",4.0,0.0,1729418696,desain fungsi spesifikasi barang bagus pelayanan admin bagus,desain fungsi spesifikasi barang bagus pelayanan admin bagus,8,positive,0.75,60,0.0,0.25,0.0,0.0,0.0625,0,74.58
a*****i,"Fitur Terbaik:bagusss
Sepadan dengan Harga:cocok",5.0,0.0,1713442555,fitur terbaik bagusss sepadan dengan harga cocok,fitur terbaik bagusss sepadan dengan harga cocok,7,positive,0.75,48,0.0416666666666666,0.0,0.0,0.0,0.0104166666666666,0,79.75
ajidmaulanaishaq,Bagus sesuai pesanan,5.0,0.0,1739891542,bagus sesuai pesanan,bagus sesuai pesanan,3,positive,0.75,20,0.0,0.0,0.0,0.0,0.0,0,80.0
y*****8,"Desain:bagus
Fungsi:berfungsi dengan baik
Pengalaman:terbaik

Jangan ragu beli disini, pelayanan terbaik, pcnya juga bagus",5.0,0.0,1756623824,desain bagus fungsi berfungsi dengan baik pengalaman terbaik jangan ragu beli disini pelayanan terbaik pcnya juga bagus,desain bagus fungsi berfungsi dengan baik pengalaman terbaik jangan ragu beli disini pelayanan terbaik pcnya juga bagus,17,positive,0.75,119,0.0,0.2352941176470588,0.0,0.0,0.0588235294117647,0,78.59
a*****a,"Bagus aman dkirim keluar kota cepat packing aman tanpa lecet sedikitpun, puas bgt harga jauh beda dr kota sndiri",5.0,1.0,1757642005,bagus aman dkirim keluar kota cepat packing aman tanpa lecet sedikitpun puas bgt harga jauh beda dr kota sndiri,bagus aman dkirim keluar kota cepat packing aman tanpa lecet sedikitpun puas bgt harga jauh beda dr kota sndiri,19,positive,0.75,111,0.0,0.2105263157894736,0.0,0.0,0.0526315789473684,0,80.61
deaa06,"Desain:bagus bangettt bener bener worth to buy, sesuai sama harganyaa",5.0,1.0,1756624748,desain bagus bangettt bener bener worth to buy sesuai sama harganyaa,desain bagus bangettt bener bener worth to buy sesuai sama harganyaa,11,positive,0.75,68,0.0441176470588235,0.1818181818181818,0.0,0.0,0.0564839572192513,0,80.52
rimamilanovianti21,"Desain:desain nya mantap kipas nya banyak
Fungsi:untuk saat ini barang nya oke semoga gak ada kendala recomended banget belanja di sini",5.0,1.0,1756629524,desain desain nya mantap kipas nya banyak fungsi untuk saat ini barang nya oke semoga gak ada kendala recomended banget belanja di sini,desain desain nya mantap kipas nya banyak fungsi untuk saat ini barang nya oke semoga gak ada kendala recomended banget belanja di sini,23,positive,0.75,135,0.0074074074074074,0.217391304347826,0.0,0.0,0.0561996779388083,0,80.52
taufiq203,Desain:keren dan berfungsi dengan normal,4.0,0.0,1745603011,desain keren dan berfungsi dengan normal,desain keren dan berfungsi dengan normal,6,positive,0.75,40,0.0,0.0,0.0,0.0,0.0,0,76.0
sepnino,Mantap bang🙏,5.0,0.0,1756624782,mantap bang,mantap bang,2,positive,0.75,11,0.0,0.0,0.0,0.0,0.2,0,75.2
hari_avd79,Barang Bagus sesuai Pesanan,5.0,0.0,1727228001,barang bagus sesuai pesanan,barang bagus sesuai pesanan,4,positive,0.75,27,0.0,0.0,0.6,0.0,0.18,0,75.68
kokopow,,5.0,1.0,1751031689,,,1,neutral,0.55,0,0.0,0.0,0.0,0.0,0.6,1,11.42
b*****t,Mantuk,5.0,0.0,1759208625,mantuk,mantuk,1,neutral,0.55,6,0.0,0.0,0.0,0.0,0.6,1,11.0
airastoreone,Terimakasih mantap,5.0,0.0,1759768050,terimakasih mantap,terimakasih mantap,2,positive,0.75,18,0.0,0.0,0.0,0.0,0.0,0,80.0
hari_avd79,Barang bagus sesuai pesanan,5.0,0.0,1751031695,barang bagus sesuai pesanan,barang bagus sesuai pesanan,4,positive,0.75,27,0.0,0.0,0.6,0.0,0.18,0,75.68
almarzuq_store,"Desain:KEREN
Fungsi:NORMAL
Pengalaman:SANGAT BAIK DAN BAGUS",5.0,0.0,1751031864,desain keren fungsi normal pengalaman sangat baik dan bagus,desain keren fungsi normal pengalaman sangat baik dan bagus,9,positive,0.75,59,0.0,0.0,0.0,0.0,0.0,0,80.0
wisnu.ramadhan33,Desain:mantap pokoknya,5.0,0.0,1756624775,desain mantap pokoknya,desain mantap pokoknya,3,positive,0.75,22,0.0,0.0,0.0,0.0,0.0,0,80.0
v*****8,"Pengalaman:baru 1 bulan setengah penggunaan sdh sering mati blue screen dan skrg ram rusak, teknisi di kontak ngga respon sama sekali",5.0,0.0,1761397071,pengalaman baru 1 bulan setengah penggunaan sdh sering mati blue screen dan skrg ram rusak teknisi di kontak ngga respon sama sekali,pengalaman baru 1 bulan setengah penggunaan sdh sering mati blue screen dan skrg ram rusak teknisi di kontak ngga respon sama sekali,22,negative,0.75,132,0.0303030303030303,0.0,0.0,1.0,0.2075757575757575,0,18.75
m*****2,"Desain:oke

Sesuai dengan deskripsi",5.0,0.0,1756623653,desain oke sesuai dengan deskripsi,desain oke sesuai dengan deskripsi,5,positive,0.75,34,0.0,0.0,0.0,0.0,0.0,0,80.0
a*****3,"Mantap.. Admin fast respon, apapun yg ditanya slalu dijawab",5.0,1.0,1751020885,mantap admin fast respon apapun yg ditanya slalu dijawab,mantap admin fast respon apapun yg ditanya slalu dijawab,9,positive,0.75,56,0.0,0.0,0.0,0.0,0.0,0,81.9
nadaarsyila03,"Desain:okee
Fungsi:baik
Pengalaman:lancar",5.0,1.0,1757998245,desain okee fungsi baik pengalaman lancar,desain okee fungsi baik pengalaman lancar,6,neutral,0.55,41,0.024390243902439,0.0,0.0,0.0,0.0060975609756097,0,51.81
g*****n,Pesanan belum dibuka.,4.0,0.0,1756629749,pesanan belum dibuka,pesanan belum dibuka,3,neutral,0.55,20,0.0,0.0,0.0,0.0,0.0,0,46.0
hari_avd79,Barang bagus sesuai pesanan,5.0,0.0,1756624926,barang bagus sesuai pesanan,barang bagus sesuai pesanan,4,positive,0.75,27,0.0,0.0,0.6,0.0,0.18,0,75.68
ratnaasardew,"Akhirnyaa yg ditunggu datang jugaa 😍 secepat kilat pengiriman nya. Hihi barang juga aman , recommended pokonaa",5.0,1.0,1765721668,akhirnyaa yg ditunggu datang jugaa secepat kilat pengiriman nya hihi barang juga aman recommended pokonaa,akhirnyaa yg ditunggu datang jugaa secepat kilat pengiriman nya hihi barang juga aman recommended pokonaa,15,positive,0.75,105,0.0476190476190476,0.0,0.0,0.0,0.0119047619047619,0,81.61
eko_l0c00,"Desain:bagus
Fungsi:normal dan berfungsi semua
Pengalaman:lancar tanpa kendala

Admin juga sabar mnjawab stiap pertanyaan sbelum CO. Terbaik dah pokoknya.. Semoga brangnya awet dan bisa upgrade suatu saat nanti..",5.0,1.0,1760524239,desain bagus fungsi normal dan berfungsi semua pengalaman lancar tanpa kendala admin juga sabar mnjawab stiap pertanyaan sbelum co terbaik dah pokoknya semoga brangnya awet dan bisa upgrade suatu saat nanti,desain bagus fungsi normal dan berfungsi semua pengalaman lancar tanpa kendala admin juga sabar mnjawab stiap pertanyaan sbelum co terbaik dah pokoknya semoga brangnya awet dan bisa upgrade suatu saat nanti,31,positive,0.75,206,0.0097087378640776,0.064516129032258,0.0,0.0,0.0185562167240839,0,81.45
ashaganteng,"Desain:keren
Fungsi:lancar jaya
Pengalaman:aman dan menyenangkan

rekomended, harga nya oke banget, packing bagus pake kayu, admin selalu membantu terus setiap ada kendala/pertanyaan",5.0,1.0,1763882696,desain keren fungsi lancar jaya pengalaman aman dan menyenangkan rekomended harga nya oke banget packing bagus pake kayu admin selalu membantu terus setiap ada kendala pertanyaan,desain keren fungsi lancar jaya pengalaman aman dan menyenangkan rekomended harga nya oke banget packing bagus pake kayu admin selalu membantu terus setiap ada kendala pertanyaan,26,positive,0.75,178,0.0056179775280898,0.0,0.0,0.0,0.0014044943820224,0,81.87
b*****u,"Desain:bagus
Fungsi:berfungsi
Pengalaman:aman

Bagus kok cpt pengirimannya isinya jga sesuai sama yg aku request terimakaish kak",5.0,1.0,1757591403,desain bagus fungsi berfungsi pengalaman aman bagus kok cpt pengirimannya isinya jga sesuai sama yg aku request terimakaish kak,desain bagus fungsi berfungsi pengalaman aman bagus kok cpt pengirimannya isinya jga sesuai sama yg aku request terimakaish kak,19,positive,0.75,127,0.0078740157480314,0.1052631578947368,0.0,0.0,0.028284293410692,0,81.21
friskykio,Mantab.. Minta rizen 5 5600G tapi d kasih GT.. Tapi g papa lah.. Mantab banget puas.. Next beli lagi,5.0,1.0,1765783334,mantab minta rizen 5 5600g tapi d kasih gt tapi g papa lah mantab banget puas next beli lagi,mantab minta rizen 5 5600g tapi d kasih gt tapi g papa lah mantab banget puas next beli lagi,19,positive,0.75,92,0.0108695652173913,0.2105263157894736,0.0,0.0,0.0553489702517162,0,80.54
k*****4,"Desain:menarik
Fungsi:beroperasi dengan baik
Pengalaman:lancar tanpa kendala

Makaih👍🏻👍🏻👍🏻",5.0,1.0,1761864860,desain menarik fungsi beroperasi dengan baik pengalaman lancar tanpa kendala makaih,desain menarik fungsi beroperasi dengan baik pengalaman lancar tanpa kendala makaih,11,neutral,0.55,83,0.0,0.0,0.0,0.0,0.0,0,51.9
s*****6,"Desain:Keren, elegant
Fungsi:Berfungsi dengan baik, Speakernya juga.
Pengalaman:Tidak ada kendala

Sesuai deskripsi. Recommend 🙏🏻👍🏻",5.0,1.0,1764402710,desain keren elegant fungsi berfungsi dengan baik speakernya juga pengalaman tidak ada kendala sesuai deskripsi recommend,desain keren elegant fungsi berfungsi dengan baik speakernya juga pengalaman tidak ada kendala sesuai deskripsi recommend,16,positive,0.75,121,0.0082644628099173,0.0,0.0,0.0,0.0020661157024793,0,81.85
nandaferdikamardilo,"Desain:bagus
Fungsi:sering crash
Pengalaman:70%

Sering crash",3.0,0.0,1762239867,desain bagus fungsi sering crash pengalaman 70 sering crash,desain bagus fungsi sering crash pengalaman 70 sering crash,9,positive,0.75,59,0.0,0.4444444444444444,0.0,0.0,0.1111111111111111,0,69.6
i*****a,"Desain:Desainnya bagus dan keren
Fungsi:Semua berfungsi dengan baik dan lancar

Terimakasih untuk seller yang telah memandu sampai ditangan, admin sangat ramah, dijawab sesuai dengan keadaan yang sebenarnya. Rekomendasi banget beli di toko ini. 
Sangat berkualitas tinggi produk yang saya beli ini. Mantaapp josss gandos",5.0,1.0,1765097442,desain desainnya bagus dan keren fungsi semua berfungsi dengan baik dan lancar terimakasih untuk seller yang telah memandu sampai ditangan admin sangat ramah dijawab sesuai dengan keadaan yang sebenarnya rekomendasi banget beli di toko ini sangat berkualitas tinggi produk yang saya beli ini mantaapp josss gandos,desain desainnya bagus dan keren fungsi semua berfungsi dengan baik dan lancar terimakasih untuk seller yang telah memandu sampai ditangan admin sangat ramah dijawab sesuai dengan keadaan yang sebenarnya rekomendasi banget beli di toko ini sangat berkualitas tinggi produk yang saya beli ini mantaapp josss gandos,46,positive,0.75,313,0.0255591054313099,0.2826086956521739,0.0,0.0,0.0770419502708709,0,80.01
e*****s,"BAGUS BANGETTT, SELLERNYA JUGA SABAR DAN FAST RESPON GERCEP SEMUA REQUEST DITURUTIN, selama pemakaian tidak ada kendala apapun, cocok buat yang gak mau ribet rakit pc mau req tambahan/ganti komponen juga bisa, suksesss selaluu yaaaaa!!!!",5.0,1.0,1762177244,bagus bangettt sellernya juga sabar dan fast respon gercep semua request diturutin selama pemakaian tidak ada kendala apapun cocok buat yang gak mau ribet rakit pc mau req tambahan ganti komponen juga bisa suksesss selaluu yaaaaa,bagus bangettt sellernya juga sabar dan fast respon gercep semua request diturutin selama pemakaian tidak ada kendala apapun cocok buat yang gak mau ribet rakit pc mau req tambahan ganti komponen juga bisa suksesss selaluu yaaaaa,36,positive,0.75,229,0.0436681222707423,0.1111111111111111,0.0,0.0,0.0386948083454633,0,80.95
azmandvip,"Aman terkendali, barang bagus tidak ada lecet, terimakasih seller",5.0,1.0,1756629407,aman terkendali barang bagus tidak ada lecet terimakasih seller,aman terkendali barang bagus tidak ada lecet terimakasih seller,9,neutral,0.55,63,0.0158730158730158,0.0,0.0,0.0,0.0039682539682539,0,51.84
yayangsriwati,"Desain:menarik ...eyecatching
Fungsi:beroperasi dengan baik
Kegunaan:berguna untuk gaming",5.0,0.0,1751033814,desain menarik eyecatching fungsi beroperasi dengan baik kegunaan berguna untuk gaming,desain menarik eyecatching fungsi beroperasi dengan baik kegunaan berguna untuk gaming,11,neutral,0.55,86,0.0116279069767441,0.0,0.0,0.0,0.002906976744186,0,49.96
s*****3,"Desain:Bagus
Fungsi:berfungsi dengan baik

Overall sesuai dengan deskripsi, seller juga ramah, kurir juga cepet, 1 jam sampai. semoga barang nya awet, sekedar saran buat yg mau beli, usahakan co nya pagi, biar semua aplikasi yg diminta bisa diinstal, semoga masih terus di support kalau ada kendala. Thanks",5.0,1.0,1756629550,desain bagus fungsi berfungsi dengan baik overall sesuai dengan deskripsi seller juga ramah kurir juga cepet 1 jam sampai semoga barang nya awet sekedar saran buat yg mau beli usahakan co nya pagi biar semua aplikasi yg diminta bisa diinstal semoga masih terus di support kalau ada kendala thanks,desain bagus fungsi berfungsi dengan baik overall sesuai dengan deskripsi seller juga ramah kurir juga cepet 1 jam sampai semoga barang nya awet sekedar saran buat yg mau beli usahakan co nya pagi biar semua aplikasi yg diminta bisa diinstal semoga masih terus di support kalau ada kendala thanks,49,positive,0.75,296,0.0135135135135135,0.2040816326530612,0.0,0.0,0.0543987865416436,0,80.57
aceng_knalpot,"Awalnya sempat takut gara-gara pengiriman pake kardus doang, tapi syukurlah bisa berfungsi dengan baik 👍",5.0,1.0,1756625165,awalnya sempat takut gara gara pengiriman pake kardus doang tapi syukurlah bisa berfungsi dengan baik,awalnya sempat takut gara gara pengiriman pake kardus doang tapi syukurlah bisa berfungsi dengan baik,15,neutral,0.55,101,0.0,0.1333333333333333,0.0,0.0,0.0333333333333333,0,51.38
mumus16,"Fitur Terbaik:bagus
Sepadan dengan Harga:terjangkau

Nice",5.0,2.0,1753930875,fitur terbaik bagus sepadan dengan harga terjangkau nice,fitur terbaik bagus sepadan dengan harga terjangkau nice,8,positive,0.75,56,0.0,0.0,0.0,0.0,0.0,0,83.63
natanaeldito96,"Desain:bagus,kekinian
Fungsi:bekerja dengan normal
Pengalaman:pingiriman cepat,aman,adminya fast respon,ramah,keren sih mantap",5.0,1.0,1751031815,desain bagus kekinian fungsi bekerja dengan normal pengalaman pingiriman cepat aman adminya fast respon ramah keren sih mantap,desain bagus kekinian fungsi bekerja dengan normal pengalaman pingiriman cepat aman adminya fast respon ramah keren sih mantap,18,positive,0.75,126,0.0,0.0,0.0,0.0,0.0,0,81.9
anggix_prayoga,"Desain:keren poll
Fungsi:dengan baik
Pengalaman:pengiriman cepat, sampai2 lupa instalkan game, tp its Ok bro, sukses selalu

Fast respon tanya apa aja di jawab. Barang ok packing kayu mantap surantap",5.0,1.0,1751033736,desain keren poll fungsi dengan baik pengalaman pengiriman cepat sampai2 lupa instalkan game tp its ok bro sukses selalu fast respon tanya apa aja di jawab barang ok packing kayu mantap surantap,desain keren poll fungsi dengan baik pengalaman pengiriman cepat sampai2 lupa instalkan game tp its ok bro sukses selalu fast respon tanya apa aja di jawab barang ok packing kayu mantap surantap,32,positive,0.75,194,0.0051546391752577,0.0625,0.0,0.0,0.0169136597938144,0,81.49
devasatyo76,"Desain:keren
Fungsi:fungsi dengan baik
Pengalaman:maaf telat review ,ini sudah pemakaian hampir 3 Minggu PC berfungsi normal si ngga ada kendala mantep banget",5.0,1.0,1751033727,desain keren fungsi fungsi dengan baik pengalaman maaf telat review ini sudah pemakaian hampir 3 minggu pc berfungsi normal si ngga ada kendala mantep banget,desain keren fungsi fungsi dengan baik pengalaman maaf telat review ini sudah pemakaian hampir 3 minggu pc berfungsi normal si ngga ada kendala mantep banget,25,positive,0.75,157,0.019108280254777,0.08,0.0,0.0,0.0247770700636942,0,81.29
lpg.shop,Recomendett pc buat maen gow + live di hitam T amann libass bro,5.0,1.0,1750204796,recomendett pc buat maen gow live di hitam t amann libass bro,recomendett pc buat maen gow live di hitam t amann libass bro,12,neutral,0.55,61,0.0491803278688524,0.0,0.0,0.0,0.0122950819672131,0,51.71
yosefvl6410,"Desain:rgb lampu menyala
Fungsi:beroprasi dengan normal sesuai spesifikasi komputer
Kegunaan:Gaming, Live studio, perketikan ms word dan exel, trading

Respon penjual cepat,boleh share keinginan biar nnti di rekomendasikan, jika barang minus bisa langsung kembalikan(return) jangan takut dana tidak kembali dan suatu masalah di produknya bisa dibantu dengan tim teknisi tokonya langsung pasti dibalas tapi harap bersabar karena kadang tidak langsung di balas. 
Box semua komponen lengkap jadi jika terjadi kerusakan bisa dibantu klaimkan tapi semoga saja jangan terjadi kerusakan",5.0,1.0,1751073587,desain rgb lampu menyala fungsi beroprasi dengan normal sesuai spesifikasi komputer kegunaan gaming live studio perketikan ms word dan exel trading respon penjual cepat boleh share keinginan biar nnti di rekomendasikan jika barang minus bisa langsung kembalikan return jangan takut dana tidak kembali dan suatu masalah di produknya bisa dibantu dengan tim teknisi tokonya langsung pasti dibalas tapi harap bersabar karena kadang tidak langsung di balas box semua komponen lengkap jadi jika terjadi kerusakan bisa dibantu klaimkan tapi semoga saja jangan terjadi kerusakan,desain rgb lampu menyala fungsi beroprasi dengan normal sesuai spesifikasi komputer kegunaan gaming live studio perketikan ms word dan exel trading respon penjual cepat boleh share keinginan biar nnti di rekomendasikan jika barang minus bisa langsung kembalikan return jangan takut dana tidak kembali dan suatu masalah di produknya bisa dibantu dengan tim teknisi tokonya langsung pasti dibalas tapi harap bersabar karena kadang tidak langsung di balas box semua komponen lengkap jadi jika terjadi kerusakan bisa dibantu klaimkan tapi semoga saja jangan terjadi kerusakan,83,positive,0.75,571,0.0035026269702276,0.3253012048192771,0.0,0.0,0.0822009579473762,0,79.88
astina.b,"Desain:modern
Fungsi:satset.

Seller sabar banget di chat diluar jam kerja juga tetep cepet  respown nya. Barang dateng langsung coba, puas banget enak buat kerja satsett.. Thanks seller dan kurir☺️❤️",5.0,1.0,1751033783,desain modern fungsi satset seller sabar banget di chat diluar jam kerja juga tetep cepet respown nya barang dateng langsung coba puas banget enak buat kerja satsett thanks seller dan kurir,desain modern fungsi satset seller sabar banget di chat diluar jam kerja juga tetep cepet respown nya barang dateng langsung coba puas banget enak buat kerja satsett thanks seller dan kurir,31,positive,0.75,189,0.0158730158730158,0.1935483870967742,0.0,0.0,0.0523553507424475,0,80.62
achmadmilanisty,"Desain:mantap
Fungsi:sejauh ini bagus
Pengalaman:pengalaman pertama

Kalo bisa upgrade psu",5.0,1.0,1751031874,desain mantap fungsi sejauh ini bagus pengalaman pengalaman pertama kalo bisa upgrade psu,desain mantap fungsi sejauh ini bagus pengalaman pengalaman pertama kalo bisa upgrade psu,13,positive,0.75,89,0.0,0.1538461538461538,0.0,0.0,0.0384615384615384,0,80.96
p*****i,"Desain:menarik serta detai rapi
Fungsi:fungsi bekerja dengan baik
Kegunaan:serbaguna

PC gaming berkualitas ok.
Semua berfungsi dengan semestinya",5.0,1.0,1751073594,desain menarik serta detai rapi fungsi fungsi bekerja dengan baik kegunaan serbaguna pc gaming berkualitas ok semua berfungsi dengan semestinya,desain menarik serta detai rapi fungsi fungsi bekerja dengan baik kegunaan serbaguna pc gaming berkualitas ok semua berfungsi dengan semestinya,20,positive,0.75,143,0.0069930069930069,0.2,0.0,0.0,0.0517482517482517,0,80.63
syahrulmiftahfarid,"Desain:bagus, rapi, modern
Fungsi:normal dan lancar (setelah perbaikan kecil)
Kegunaan:pakai m2 bootnya luar biasa cepet, ryzen 4600g gaperlu ditanya lagi performanya.

Packing kayunya patah satu batang, tapi untung barang selamat. Awalnya datang pc nya mati, tapi admin quick respon + dibantu teknisi sampai nyala (ternyata ram nya perlu dibersihkan dulu). Bagus after sales-nya.
Racikan parts mantap, ngga ada parts yang abal abal, terutama psu. Pokoknya best bang for your buck untuk PC price point 3.7jt. laptop 8 jutaan sudah di libas performanya.",5.0,1.0,1751073856,desain bagus rapi modern fungsi normal dan lancar setelah perbaikan kecil kegunaan pakai m2 bootnya luar biasa cepet ryzen 4600g gaperlu ditanya lagi performanya packing kayunya patah satu batang tapi untung barang selamat awalnya datang pc nya mati tapi admin quick respon dibantu teknisi sampai nyala ternyata ram nya perlu dibersihkan dulu bagus after sales nya racikan parts mantap ngga ada parts yang abal abal terutama psu pokoknya best bang for your buck untuk pc price point 3 7jt laptop 8 jutaan sudah di libas performanya,desain bagus rapi modern fungsi normal dan lancar setelah perbaikan kecil kegunaan pakai m2 bootnya luar biasa cepet ryzen 4600g gaperlu ditanya lagi performanya packing kayunya patah satu batang tapi untung barang selamat awalnya datang pc nya mati tapi admin quick respon dibantu teknisi sampai nyala ternyata ram nya perlu dibersihkan dulu bagus after sales nya racikan parts mantap ngga ada parts yang abal abal terutama psu pokoknya best bang for your buck untuk pc price point 3 7jt laptop 8 jutaan sudah di libas performanya,86,positive,0.75,531,0.0094161958568738,0.1744186046511628,0.0,0.0,0.0459587001270091,0,80.77
apik_epic,"Desain:warna hitam bagiku kurang kelihatan mewah
Fungsi:inplug USB sangat rentan rawan rusak
Kegunaan:kualitas nvme perlu ditingkatkan

Saya baru pakai 2x bagian colokan USB yang didepan langsung rusak, dan lubang USB lain sangat rentan rawan rusak
Lubang kabel wifi juga kurang berkualitas
Jenis NVME nya perlu ditingkatkan yang bagus lagi biar performa makin joss
Untuk yang lain sampai saat ini masih Oke",5.0,1.0,1756629670,desain warna hitam bagiku kurang kelihatan mewah fungsi inplug usb sangat rentan rawan rusak kegunaan kualitas nvme perlu ditingkatkan saya baru pakai 2x bagian colokan usb yang didepan langsung rusak dan lubang usb lain sangat rentan rawan rusak lubang kabel wifi juga kurang berkualitas jenis nvme nya perlu ditingkatkan yang bagus lagi biar performa makin joss untuk yang lain sampai saat ini masih oke,desain warna hitam bagiku kurang kelihatan mewah fungsi inplug usb sangat rentan rawan rusak kegunaan kualitas nvme perlu ditingkatkan saya baru pakai 2x bagian colokan usb yang didepan langsung rusak dan lubang usb lain sangat rentan rawan rusak lubang kabel wifi juga kurang berkualitas jenis nvme nya perlu ditingkatkan yang bagus lagi biar performa makin joss untuk yang lain sampai saat ini masih oke,64,negative,0.75,405,0.0074074074074074,0.421875,0.0,1.0,0.3073206018518518,0,19.88
cakrivi,Pengirimannya aman packing kayu sayangnya ram nya single bukan yang double,5.0,1.0,1751073637,pengirimannya aman packing kayu sayangnya ram nya single bukan yang double,pengirimannya aman packing kayu sayangnya ram nya single bukan yang double,11,neutral,0.55,74,0.0135135135135135,0.0,0.0,0.0,0.0033783783783783,0,51.85
yutathrift,"Desain:mantap sesuai ekspektasi
Fungsi:sangat bagus lancar dan semoga aman sampai bertahun tahun
Kegunaan:gaming&streaming

Admin gercep dan responsif serta komponen bagus semua sesuai spek",5.0,1.0,1751073786,desain mantap sesuai ekspektasi fungsi sangat bagus lancar dan semoga aman sampai bertahun tahun kegunaan gaming streaming admin gercep dan responsif serta komponen bagus semua sesuai spek,desain mantap sesuai ekspektasi fungsi sangat bagus lancar dan semoga aman sampai bertahun tahun kegunaan gaming streaming admin gercep dan responsif serta komponen bagus semua sesuai spek,27,positive,0.75,188,0.0053191489361702,0.2222222222222222,0.0,0.0,0.0568853427895981,0,80.51
safri89,"Desain:menarik & modern
Fungsi:berfungsi normal
Kegunaan:software hp

Pc rakitan sesuai deskripsi pesanan,.
Spek badak semoga awet. Terimakasih seller dan shopee",5.0,2.0,1756629635,desain menarik modern fungsi berfungsi normal kegunaan software hp pc rakitan sesuai deskripsi pesanan spek badak semoga awet terimakasih seller dan shopee,desain menarik modern fungsi berfungsi normal kegunaan software hp pc rakitan sesuai deskripsi pesanan spek badak semoga awet terimakasih seller dan shopee,22,positive,0.75,155,0.0193548387096774,0.0,0.0,0.0,0.0048387096774193,0,83.5
amandajasminepieris,"Spesifikasi:Sesuai dengan permintaan
Desain:Custom

Sellernya super helpfull dan responsif dan baik banget, sempat ada kendala waktu CPUnya sampe. Tapi agannya bener2 mau bantuin via VC dan bela2in ke rumah, dan akhirnya masalahnya kelar dengan tuntas. Untuk casenya saya pesan di toko ini juga, namanya Hose Aquos, udah langsung dirakitin. Rapih!!
Tokonya Amanah, sukses selalu. Recommended!!! 👍👍👍",5.0,8.0,1726154431,spesifikasi sesuai dengan permintaan desain custom sellernya super helpfull dan responsif dan baik banget sempat ada kendala waktu cpunya sampe tapi agannya bener2 mau bantuin via vc dan bela2in ke rumah dan akhirnya masalahnya kelar dengan tuntas untuk casenya saya pesan di toko ini juga namanya hose aquos udah langsung dirakitin rapih tokonya amanah sukses selalu recommended,spesifikasi sesuai dengan permintaan desain custom sellernya super helpfull dan responsif dan baik banget sempat ada kendala waktu cpunya sampe tapi agannya bener2 mau bantuin via vc dan bela2in ke rumah dan akhirnya masalahnya kelar dengan tuntas untuk casenya saya pesan di toko ini juga namanya hose aquos udah langsung dirakitin rapih tokonya amanah sukses selalu recommended,57,positive,0.75,379,0.0131926121372031,0.1052631578947368,0.0,0.0,0.029613942507985,0,90.2
nurafdholhuzami,"Desain:sesuai dengan pemesanan
Fungsi:baik sesuai dengan pesanan
Kegunaan:gameing

Mantab terimakasih seller. Semoga berkah dan komputernya tahan lama.",5.0,1.0,1751073924,desain sesuai dengan pemesanan fungsi baik sesuai dengan pesanan kegunaan gameing mantab terimakasih seller semoga berkah dan komputernya tahan lama,desain sesuai dengan pemesanan fungsi baik sesuai dengan pesanan kegunaan gameing mantab terimakasih seller semoga berkah dan komputernya tahan lama,20,neutral,0.55,148,0.0135135135135135,0.2,0.0,0.0,0.0533783783783783,0,51.07
nailatusshofia,"Spek sesuai dan komputer bagus, game yg diminta sesuai bahkan dilebihin. Gak nyesel beli disini. Recommended, asli jangan ragu beli komputer disini",5.0,18.0,1733416565,spek sesuai dan komputer bagus game yg diminta sesuai bahkan dilebihin gak nyesel beli disini recommended asli jangan ragu beli komputer disini,spek sesuai dan komputer bagus game yg diminta sesuai bahkan dilebihin gak nyesel beli disini recommended asli jangan ragu beli komputer disini,22,positive,0.75,143,0.0069930069930069,0.3636363636363636,0.0,0.0,0.0926573426573426,0,94.01
a*****o,"Desain:joooshhhh
Fungsi:baiiik

Baru sempat di coba.. 
Overall OK sesuai pesanan.. 
Seller sat set bales chat.. Mantabb..",5.0,1.0,1744944185,desain joooshhhh fungsi baiiik baru sempat di coba overall ok sesuai pesanan seller sat set bales chat mantabb,desain joooshhhh fungsi baiiik baru sempat di coba overall ok sesuai pesanan seller sat set bales chat mantabb,18,positive,0.75,110,0.0909090909090909,0.0,0.0,0.0,0.0227272727272727,0,81.34
rifanrain,"Fitur Terbaik:Baik, normal, seller responsif
Sepadan dengan Harga:totally worth it, paling murah dan aman

Terima kasih banyak kak puas banget, udah 2 mingguan masih aman, gaming lancar, next mau pasang vganya kira kira yang cocok apa ya kak?",5.0,7.0,1726154436,fitur terbaik baik normal seller responsif sepadan dengan harga totally worth it paling murah dan aman terima kasih banyak kak puas banget udah 2 mingguan masih aman gaming lancar next mau pasang vganya kira kira yang cocok apa ya kak,fitur terbaik baik normal seller responsif sepadan dengan harga totally worth it paling murah dan aman terima kasih banyak kak puas banget udah 2 mingguan masih aman gaming lancar next mau pasang vganya kira kira yang cocok apa ya kak,40,positive,0.75,234,0.0128205128205128,0.15,0.0,0.0,0.0407051282051282,0,88.97
abdulaji08,"Desain:keren bagus
Fungsi:normal semua aman

awalnya ragu buat beli online, aku liat komen ratingnya juga bagus semua yaudah lahh aku beli dan hasilnya sangat memuaskan ga nyesel beli disini aku sangat suka sekali heheh rekomen banget dahh kalo mau yang beli pc di toko ini apalagi pelayanan sangat ramah dan fast respon top buat abangnya 👍🏻",5.0,1.0,1742140619,desain keren bagus fungsi normal semua aman awalnya ragu buat beli online aku liat komen ratingnya juga bagus semua yaudah lahh aku beli dan hasilnya sangat memuaskan ga nyesel beli disini aku sangat suka sekali heheh rekomen banget dahh kalo mau yang beli pc di toko ini apalagi pelayanan sangat ramah dan fast respon top buat abangnya,desain keren bagus fungsi normal semua aman awalnya ragu buat beli online aku liat komen ratingnya juga bagus semua yaudah lahh aku beli dan hasilnya sangat memuaskan ga nyesel beli disini aku sangat suka sekali heheh rekomen banget dahh kalo mau yang beli pc di toko ini apalagi pelayanan sangat ramah dan fast respon top buat abangnya,57,positive,0.75,336,0.0059523809523809,0.3157894736842105,0.0,0.0,0.0804354636591478,0,79.93
s*****s,"Desain:Sangat Keren
Fungsi:Lancar semua Mantap!!!

Pelayanan terbaik!!! Nanya dari awal mau beli smpe dateng di respond sangat cepat dan baik🙌🏼",5.0,1.0,1756629716,desain sangat keren fungsi lancar semua mantap pelayanan terbaik nanya dari awal mau beli smpe dateng di respond sangat cepat dan baik,desain sangat keren fungsi lancar semua mantap pelayanan terbaik nanya dari awal mau beli smpe dateng di respond sangat cepat dan baik,22,positive,0.75,134,0.0,0.0909090909090909,0.0,0.0,0.0227272727272727,0,81.34
rac.co,"Thankyou seller, produk top, seller komunikatif, solutif, respon cpt",5.0,11.0,1729413757,thankyou seller produk top seller komunikatif solutif respon cpt,thankyou seller produk top seller komunikatif solutif respon cpt,9,neutral,0.55,64,0.03125,0.2222222222222222,0.0,0.0,0.0633680555555555,0,62.14
r*****y,"Fitur Terbaik:as always oke
Sepadan dengan Harga:iya

Alhamdulillah sudah diterima dengan baik dan aman
Seller amanah banget dan proses pengiriman cepat. 
Spec sesuai, bahkan dibonusin karena monitor yg ready LG 19 inch jadi yg dikirim merk LG. Makasih bonusnya kak 🙏🏼",5.0,5.0,1726154437,fitur terbaik as always oke sepadan dengan harga iya alhamdulillah sudah diterima dengan baik dan aman seller amanah banget dan proses pengiriman cepat spec sesuai bahkan dibonusin karena monitor yg ready lg 19 inch jadi yg dikirim merk lg makasih bonusnya kak,fitur terbaik as always oke sepadan dengan harga iya alhamdulillah sudah diterima dengan baik dan aman seller amanah banget dan proses pengiriman cepat spec sesuai bahkan dibonusin karena monitor yg ready lg 19 inch jadi yg dikirim merk lg makasih bonusnya kak,42,positive,0.75,260,0.0076923076923076,0.1904761904761904,0.0,0.0,0.0495421245421245,0,86.56
agusjabs,blm.dicoba semoga sesuai diskripsi. suskses selalu hifi.computer,5.0,1.0,1756629700,blm dicoba semoga sesuai diskripsi suskses selalu hifi computer,blm dicoba semoga sesuai diskripsi suskses selalu hifi computer,9,positive,0.75,63,0.0,0.0,0.0,0.0,0.0,0,81.9
krisjon70,"Fitur Terbaik:oke
Sepadan dengan Harga:Harga Sepadan

PC gaming keren, Full RGB
Penjual responsif, bisa diajak konsultasi 
Makasih Hifi computer ...",5.0,6.0,1726154433,fitur terbaik oke sepadan dengan harga harga sepadan pc gaming keren full rgb penjual responsif bisa diajak konsultasi makasih hifi computer,fitur terbaik oke sepadan dengan harga harga sepadan pc gaming keren full rgb penjual responsif bisa diajak konsultasi makasih hifi computer,21,positive,0.75,140,0.0071428571428571,0.1904761904761904,0.0,0.0,0.0494047619047619,0,87.7
shalehabdurrahim,"Spesifikasi:Mantap
Desain:Keren
Fitur:Bagus

Baru kali ini beli barang elektronik mahal lewat olshop, alhamdulillah sampe dengan aman. Ga nyangka juga ternyata sampe bungkusnya dikirim juga. Pelayanannya mantap, admin fast respon 👍🏻👍🏻",5.0,3.0,1726154419,spesifikasi mantap desain keren fitur bagus baru kali ini beli barang elektronik mahal lewat olshop alhamdulillah sampe dengan aman ga nyangka juga ternyata sampe bungkusnya dikirim juga pelayanannya mantap admin fast respon,spesifikasi mantap desain keren fitur bagus baru kali ini beli barang elektronik mahal lewat olshop alhamdulillah sampe dengan aman ga nyangka juga ternyata sampe bungkusnya dikirim juga pelayanannya mantap admin fast respon,32,positive,0.75,224,0.0089285714285714,0.1875,0.0,0.0,0.0491071428571428,0,83.93
jhonshanzen,"Desain:keren
Fungsi:bekerja dengan baik sesuai ekspektasi
Spesifikasi:mantab sesuai spesifikasi

alhmdulillah barangnya mantab sudah ditest pengemasan juga baik sangat aman tidak ada yang rusak, walaupun sedikit kecewa karen request saya banyak yang tidak ada, overall good job 👍👍🙏🙏",5.0,2.0,1739891284,desain keren fungsi bekerja dengan baik sesuai ekspektasi spesifikasi mantab sesuai spesifikasi alhmdulillah barangnya mantab sudah ditest pengemasan juga baik sangat aman tidak ada yang rusak walaupun sedikit kecewa karen request saya banyak yang tidak ada overall good job,desain keren fungsi bekerja dengan baik sesuai ekspektasi spesifikasi mantab sesuai spesifikasi alhmdulillah barangnya mantab sudah ditest pengemasan juga baik sangat aman tidak ada yang rusak walaupun sedikit kecewa karen request saya banyak yang tidak ada overall good job,39,neutral,0.55,274,0.010948905109489,0.358974358974359,0.0,0.0,0.092480816020962,0,52.14
n*****k,"Desain:sesuai
Fungsi:bekerja dengan baik
Spesifikasi:pc

bagus banget fast respon, barang aman, sorryga foto asli, pengerimana jg oke dibungkus real aman si, udh brp kali beli buat kebutuhna kantor disini oke banget dapet garansi di hub juga perihal barangnya seblum sampai sesudah sampai oke mantab baik terimakasih",5.0,1.0,1739703748,desain sesuai fungsi bekerja dengan baik spesifikasi pc bagus banget fast respon barang aman sorryga foto asli pengerimana jg oke dibungkus real aman si udh brp kali beli buat kebutuhna kantor disini oke banget dapet garansi di hub juga perihal barangnya seblum sampai sesudah sampai oke mantab baik terimakasih,desain sesuai fungsi bekerja dengan baik spesifikasi pc bagus banget fast respon barang aman sorryga foto asli pengerimana jg oke dibungkus real aman si udh brp kali beli buat kebutuhna kantor disini oke banget dapet garansi di hub juga perihal barangnya seblum sampai sesudah sampai oke mantab baik terimakasih,49,positive,0.75,311,0.0032154340836012,0.2244897959183673,0.0,0.0,0.0569263075004921,0,80.5
shenaalfath,Fitur Terbaik:mantap pcnya dirakit pagi. Maghrib udah sampe rumah. Sellernya juga mantap ditanyain di weekend tetep di respond 😂😂.,5.0,4.0,1726154429,fitur terbaik mantap pcnya dirakit pagi maghrib udah sampe rumah sellernya juga mantap ditanyain di weekend tetep di respond,fitur terbaik mantap pcnya dirakit pagi maghrib udah sampe rumah sellernya juga mantap ditanyain di weekend tetep di respond,19,positive,0.75,124,0.0161290322580645,0.2105263157894736,0.0,0.0,0.0566638370118845,0,85.12
onotrah_garden,"Fitur Terbaik:JOS
Sepadan dengan Harga:sesuai spek

Mantap, beli di sini sesuai dengan keinginan. Admin cepat tanggap. Ada keluhan langsung dijawab.",5.0,3.0,1726154434,fitur terbaik jos sepadan dengan harga sesuai spek mantap beli di sini sesuai dengan keinginan admin cepat tanggap ada keluhan langsung dijawab,fitur terbaik jos sepadan dengan harga sesuai spek mantap beli di sini sesuai dengan keinginan admin cepat tanggap ada keluhan langsung dijawab,22,positive,0.75,143,0.0069930069930069,0.1818181818181818,0.0,0.0,0.0472027972027972,0,83.98
harisannanda,"Berfungsi dengan, seller ramah, barang aman sampai tujuan, tanpa lecet",5.0,4.0,1726154426,berfungsi dengan seller ramah barang aman sampai tujuan tanpa lecet,berfungsi dengan seller ramah barang aman sampai tujuan tanpa lecet,10,neutral,0.55,67,0.0149253731343283,0.0,0.0,0.0,0.003731343283582,0,56.53
sadianj,"Spesifikasi:mantappp
Desain:mewahhhh
Fitur:bagusss banget

Ga nyesel beli rakitan pc disini kalo masih awam sama komputer bisa diajarin sampe bisaa terimakasih hifi komputer",5.0,2.0,1733046506,spesifikasi mantappp desain mewahhhh fitur bagusss banget ga nyesel beli rakitan pc disini kalo masih awam sama komputer bisa diajarin sampe bisaa terimakasih hifi komputer,spesifikasi mantappp desain mewahhhh fitur bagusss banget ga nyesel beli rakitan pc disini kalo masih awam sama komputer bisa diajarin sampe bisaa terimakasih hifi komputer,25,neutral,0.55,172,0.0465116279069767,0.08,0.0,0.0,0.0316279069767441,0,53.12
ifi13,"Kualitas pelayanan nomor 1, jgn ragu untuk nanya.
Spek sesuai deskripsi tidak ada minus, good job buat seller.
Cocok buat yg mager nyari komponen dan mau terima beres langsung pakai👍",5.0,1.0,1739891446,kualitas pelayanan nomor 1 jgn ragu untuk nanya spek sesuai deskripsi tidak ada minus good job buat seller cocok buat yg mager nyari komponen dan mau terima beres langsung pakai,kualitas pelayanan nomor 1 jgn ragu untuk nanya spek sesuai deskripsi tidak ada minus good job buat seller cocok buat yg mager nyari komponen dan mau terima beres langsung pakai,30,positive,0.75,177,0.0112994350282485,0.0666666666666666,0.0,0.0,0.0194915254237288,0,81.42
m*****l,"Spesifikasi:Sesuai order
Fitur:Gaming
Fungsi:Bekerja dengan baik

Seller responsif dan gercep",5.0,2.0,1728488938,spesifikasi sesuai order fitur gaming fungsi bekerja dengan baik seller responsif dan gercep,spesifikasi sesuai order fitur gaming fungsi bekerja dengan baik seller responsif dan gercep,13,positive,0.75,92,0.0108695652173913,0.0,0.0,0.0,0.0027173913043478,0,83.56
w*****9,"Bagus, penjual responsif, baru di tes nyala belum digunakan,semoga berfungsi dengan baik.",5.0,2.0,1726154428,bagus penjual responsif baru di tes nyala belum digunakan semoga berfungsi dengan baik,bagus penjual responsif baru di tes nyala belum digunakan semoga berfungsi dengan baik,13,positive,0.75,86,0.0,0.0,0.0,0.0,0.0,0,83.63
nofri_samarinda,"Desain:ok
Fungsi:ok
Spesifikasi:ok

Video unboxing lebih dari 60 detik
Belum di tes run, semoga lancar",5.0,1.0,1739891101,desain ok fungsi ok spesifikasi ok video unboxing lebih dari 60 detik belum di tes run semoga lancar,desain ok fungsi ok spesifikasi ok video unboxing lebih dari 60 detik belum di tes run semoga lancar,18,neutral,0.55,100,0.0,0.1666666666666666,0.0,0.0,0.0416666666666666,0,51.25
mhmmd.ryhn,"Desain:keren
Fungsi:baik sekali

mantap ga nyesel beli pc di toko ini",5.0,1.0,1752219292,desain keren fungsi baik sekali mantap ga nyesel beli pc di toko ini,desain keren fungsi baik sekali mantap ga nyesel beli pc di toko ini,13,positive,0.75,68,0.0,0.0,0.0,0.0,0.0,0,81.9
brucefamous,Desain:so far good next update penilaian selama penggunaan,5.0,1.0,1735089616,desain so far good next update penilaian selama penggunaan,desain so far good next update penilaian selama penggunaan,9,neutral,0.55,58,0.0517241379310344,0.0,0.0,0.0,0.0129310344827586,0,51.7
tri_prasetyo1983,Pc berfungsi dengan baik. Sesuaidengan pesanan.,5.0,1.0,1764147465,pc berfungsi dengan baik sesuaidengan pesanan,pc berfungsi dengan baik sesuaidengan pesanan,6,neutral,0.55,45,0.0,0.0,0.0,0.0,0.0,0,51.9
epul_cell89,,5.0,1.0,1765206120,,,1,neutral,0.55,0,0.0,0.0,0.0,0.0,0.6,1,11.42
kopisenjapukul5,,5.0,1.0,1758514483,,,1,neutral,0.55,0,0.0,0.0,0.0,0.0,0.6,1,11.42
qolbee669,,5.0,1.0,1765721671,,,1,neutral,0.55,0,0.0,0.0,0.0,0.0,0.6,1,11.42
b*****s,Bintang yang berbicara,5.0,1.0,1756629374,bintang yang berbicara,bintang yang berbicara,3,neutral,0.55,22,0.0,0.0,0.0,0.0,0.0,0,51.9
hari_avd79,Barang Bagus sesuai pesanan,5.0,0.0,1756623753,barang bagus sesuai pesanan,barang bagus sesuai pesanan,4,positive,0.75,27,0.0,0.0,0.6,0.0,0.18,0,75.68
g*****5,,4.0,1.0,1756625004,,,1,neutral,0.55,0,0.0,0.0,0.0,0.0,0.6,1,10.54
hermawati33,Desain:bagusssss sekali berfungsi semua,5.0,1.0,1751031943,desain bagusssss sekali berfungsi semua,desain bagusssss sekali berfungsi semua,5,neutral,0.55,39,0.1025641025641025,0.0,0.0,0.0,0.0256410256410256,0,51.5
riandshare,,5.0,1.0,1751033843,,,1,neutral,0.55,0,0.0,0.0,0.0,0.0,0.6,1,11.42
andikaptr176,tengkyu kak 🫰🫰,5.0,1.0,1751073742,tengkyu kak,tengkyu kak,2,neutral,0.55,11,0.0,0.0,0.0,0.0,0.2,0,48.79
soetejoe,,5.0,1.0,1751073681,,,1,neutral,0.55,0,0.0,0.0,0.0,0.0,0.6,1,11.42
a*****n,"Desain:standart
Fungsi:baik",5.0,1.0,1751073768,desain standart fungsi baik,desain standart fungsi baik,4,neutral,0.55,27,0.0,0.0,0.0,0.0,0.0,0,51.9
kaiza777,Mantap memuaskan,5.0,2.0,1756629686,mantap memuaskan,mantap memuaskan,2,positive,0.75,16,0.0,0.0,0.0,0.0,0.0,0,83.63
nirsin_ak212,,5.0,0.0,1751073823,,,1,neutral,0.55,0,0.0,0.0,0.0,0.0,0.6,1,11.0
feridipraja,,5.0,1.0,1756629704,,,1,neutral,0.55,0,0.0,0.0,0.0,0.0,0.6,1,11.42
e*****7,pelayanan nya mantab,5.0,6.0,1726154453,pelayanan nya mantab,pelayanan nya mantab,3,neutral,0.55,20,0.0,0.0,0.0,0.0,0.0,0,59.02
fuatnarver,"Mantapp sesuai deskripsi, keren recomended",5.0,4.0,1726154451,mantapp sesuai deskripsi keren recomended,mantapp sesuai deskripsi keren recomended,5,positive,0.75,41,0.024390243902439,0.0,0.0,0.0,0.0060975609756097,0,86.44
h*****5,Memuaskan untuk harga yang di tawarkan,5.0,1.0,1741196783,memuaskan untuk harga yang di tawarkan,memuaskan untuk harga yang di tawarkan,6,neutral,0.55,38,0.0,0.0,0.0,0.0,0.0,0,51.9
gagaptok,"Spesifikasi:mantap
Fitur:bagus
Fungsi:normal",5.0,3.0,1726154444,spesifikasi mantap fitur bagus fungsi normal,spesifikasi mantap fitur bagus fungsi normal,6,positive,0.75,44,0.0,0.0,0.0,0.0,0.0,0,85.18
mkhusainn,"Pelayanan jos, respon mantapp",5.0,3.0,1726154447,pelayanan jos respon mantapp,pelayanan jos respon mantapp,4,neutral,0.55,28,0.0357142857142857,0.0,0.0,0.0,0.0089285714285714,0,55.04
dindadwicahyaningtias,Mantap fast respon barang cepat sampaii 🔥🔥🔥,5.0,2.0,1740844974,mantap fast respon barang cepat sampaii,mantap fast respon barang cepat sampaii,6,positive,0.75,39,0.0256410256410256,0.0,0.0,0.0,0.0064102564102564,0,83.46
storedapp,Semoga awet,5.0,3.0,1726154449,semoga awet,semoga awet,2,neutral,0.55,11,0.0,0.0,0.0,0.0,0.2,0,51.87
ginanjar1996,"Desain:elegan

Mantul pokoknya",5.0,1.0,1739703420,desain elegan mantul pokoknya,desain elegan mantul pokoknya,4,neutral,0.55,29,0.0,0.0,0.0,0.0,0.0,0,51.9
veronalfiansyah,,5.0,1.0,1740498754,,,1,neutral,0.55,0,0.0,0.0,0.0,0.0,0.6,1,11.42
teditamboer,Bagus. Bekerja dengan normal semua,5.0,1.0,1739892367,bagus bekerja dengan normal semua,bagus bekerja dengan normal semua,5,positive,0.75,33,0.0,0.0,0.0,0.0,0.0,0,81.9
s*****4,,5.0,2.0,1726154446,,,1,neutral,0.55,0,0.0,0.0,0.0,0.0,0.6,1,11.8
123_2802,,5.0,1.0,1747116049,,,1,neutral,0.55,0,0.0,0.0,0.0,0.0,0.6,1,11.42
han_aqil,,5.0,1.0,1739892451,,,1,neutral,0.55,0,0.0,0.0,0.0,0.0,0.6,1,11.42
raziq2803_,,5.0,1.0,1739891574,,,1,neutral,0.55,0,0.0,0.0,0.0,0.0,0.6,1,11.42
a*****d,bagus brody,5.0,0.0,1728802836,bagus brody,bagus brody,2,positive,0.75,11,0.0,0.0,0.0,0.0,0.2,0,75.2
raiezmirasdava,,5.0,1.0,1728523018,,,1,neutral,0.55,0,0.0,0.0,0.0,0.0,0.6,1,11.42
andri.muzni,,5.0,0.0,1730634639,,,1,neutral,0.55,0,0.0,0.0,0.0,0.0,0.6,1,11.0
e*****s,,5.0,0.0,1731968771,,,1,neutral,0.55,0,0.0,0.0,0.0,0.0,0.6,1,11.0
25_97,,5.0,0.0,1729213190,,,1,neutral,0.55,0,0.0,0.0,0.0,0.0,0.6,1,11.0
maz_andy,,5.0,0.0,1727227994,,,1,neutral,0.55,0,0.0,0.0,0.0,0.0,0.6,1,11.0
loginsophee,,5.0,0.0,1729213218,,,1,neutral,0.55,0,0.0,0.0,0.0,0.0,0.6,1,11.0
fakhrizaadit,,5.0,0.0,1731838485,,,1,neutral,0.55,0,0.0,0.0,0.0,0.0,0.6,1,11.0
rzanahar,,5.0,0.0,1730140293,,,1,neutral,0.55,0,0.0,0.0,0.0,0.0,0.6,1,11.0
wiselin82,,5.0,0.0,1731904433,,,1,neutral,0.55,0,0.0,0.0,0.0,0.0,0.6,1,11.0
kiwildan16,,5.0,0.0,1732615904,,,1,neutral,0.55,0,0.0,0.0,0.0,0.0,0.6,1,11.0
elis_martini,,5.0,0.0,1740498757,,,1,neutral,0.55,0,0.0,0.0,0.0,0.0,0.6,1,11.0
h*****b,,5.0,0.0,1730539080,,,1,neutral,0.55,0,0.0,0.0,0.0,0.0,0.6,1,11.0
abi1988i,,5.0,0.0,1729213207,,,1,neutral,0.55,0,0.0,0.0,0.0,0.0,0.6,1,11.0
siincan21,,5.0,0.0,1732438515,,,1,neutral,0.55,0,0.0,0.0,0.0,0.0,0.6,1,11.0
mz_store45,,5.0,0.0,1729924293,,,1,neutral,0.55,0,0.0,0.0,0.0,0.0,0.6,1,11.0
daniseggy,,5.0,0.0,1729302070,,,1,neutral,0.55,0,0.0,0.0,0.0,0.0,0.6,1,11.0
alxgii,,5.0,0.0,1729924264,,,1,neutral,0.55,0,0.0,0.0,0.0,0.0,0.6,1,11.0
robisugara147,,5.0,0.0,1730360323,,,1,neutral,0.55,0,0.0,0.0,0.0,0.0,0.6,1,11.0
muhammad.satria.akbar,,5.0,0.0,1730528866,,,1,neutral,0.55,0,0.0,0.0,0.0,0.0,0.6,1,11.0
cari_cuan_caricuan,,5.0,0.0,1731069647,,,1,neutral,0.55,0,0.0,0.0,0.0,0.0,0.6,1,11.0
romlifathu,,5.0,0.0,1731838371,,,1,neutral,0.55,0,0.0,0.0,0.0,0.0,0.6,1,11.0
itsmeferdi111,,5.0,0.0,1740229499,,,1,neutral,0.55,0,0.0,0.0,0.0,0.0,0.6,1,11.0
bimss1916,,5.0,0.0,1733064343,,,1,neutral,0.55,0,0.0,0.0,0.0,0.0,0.6,1,11.0
ebudkybum,,5.0,0.0,1740391313,,,1,neutral,0.55,0,0.0,0.0,0.0,0.0,0.6,1,11.0
abaizzata,,5.0,0.0,1733064339,,,1,neutral,0.55,0,0.0,0.0,0.0,0.0,0.6,1,11.0
r*****4,,5.0,0.0,1712573460,,,1,neutral,0.55,0,0.0,0.0,0.0,0.0,0.6,1,11.0
indah_nafeeza,,5.0,0.0,1739703552,,,1,neutral,0.55,0,0.0,0.0,0.0,0.0,0.6,1,11.0
ichin86,,5.0,0.0,1731834294,,,1,neutral,0.55,0,0.0,0.0,0.0,0.0,0.6,1,11.0
linggamalaya,,5.0,0.0,1731834285,,,1,neutral,0.55,0,0.0,0.0,0.0,0.0,0.6,1,11.0
teguhromadhon624,,5.0,0.0,1733064353,,,1,neutral,0.55,0,0.0,0.0,0.0,0.0,0.6,1,11.0
berlstore,,5.0,0.0,1739703536,,,1,neutral,0.55,0,0.0,0.0,0.0,0.0,0.6,1,11.0
harieai,,5.0,0.0,1731834281,,,1,neutral,0.55,0,0.0,0.0,0.0,0.0,0.6,1,11.0
t*****f,,5.0,0.0,1739703541,,,1,neutral,0.55,0,0.0,0.0,0.0,0.0,0.6,1,11.0
rofimuhammad399,,5.0,0.0,1712477708,,,1,neutral,0.55,0,0.0,0.0,0.0,0.0,0.6,1,11.0
anisa.cf,,4.0,0.0,1728457320,,,1,neutral,0.55,0,0.0,0.0,0.0,0.0,0.6,1,10.12
goheng99,,5.0,0.0,1712287254,,,1,neutral,0.55,0,0.0,0.0,0.0,0.0,0.6,1,11.0
nandaarisandi,,5.0,0.0,1739703665,,,1,neutral,0.55,0,0.0,0.0,0.0,0.0,0.6,1,11.0
dimasscg,,5.0,0.0,1712127420,,,1,neutral,0.55,0,0.0,0.0,0.0,0.0,0.6,1,11.0
crooth,,5.0,0.0,1739890983,,,1,neutral,0.55,0,0.0,0.0,0.0,0.0,0.6,1,11.0
sherlyamelia24,,5.0,0.0,1739890854,,,1,neutral,0.55,0,0.0,0.0,0.0,0.0,0.6,1,11.0
hlynq1vj9x,,5.0,0.0,1739890871,,,1,neutral,0.55,0,0.0,0.0,0.0,0.0,0.6,1,11.0
marteen12345,,5.0,0.0,1711335591,,,1,neutral,0.55,0,0.0,0.0,0.0,0.0,0.6,1,11.0
berich.wear,,5.0,0.0,1739892307,,,1,neutral,0.55,0,0.0,0.0,0.0,0.0,0.6,1,11.0
muchamadraihansabil,,5.0,0.0,1739892312,,,1,neutral,0.55,0,0.0,0.0,0.0,0.0,0.6,1,11.0
alpianfahmi94,,5.0,0.0,1711092438,,,1,neutral,0.55,0,0.0,0.0,0.0,0.0,0.6,1,11.0
adekeko06,,5.0,0.0,1739890925,,,1,neutral,0.55,0,0.0,0.0,0.0,0.0,0.6,1,11.0
indomobilnewcar,,4.0,0.0,1739890931,,,1,neutral,0.55,0,0.0,0.0,0.0,0.0,0.6,1,10.12
pandawa.paint,,5.0,0.0,1739891019,,,1,neutral,0.55,0,0.0,0.0,0.0,0.0,0.6,1,11.0
truck.id_official,,5.0,0.0,1739891026,,,1,neutral,0.55,0,0.0,0.0,0.0,0.0,0.6,1,11.0
r0zyy,,5.0,0.0,1739892348,,,1,neutral,0.55,0,0.0,0.0,0.0,0.0,0.6,1,11.0
elmy.priyony12,,5.0,0.0,1739891108,,,1,neutral,0.55,0,0.0,0.0,0.0,0.0,0.6,1,11.0
lastrizegna77,,5.0,0.0,1709636566,,,1,neutral,0.55,0,0.0,0.0,0.0,0.0,0.6,1,11.0
angga_dalimunthe,,5.0,0.0,1739891877,,,1,neutral,0.55,0,0.0,0.0,0.0,0.0,0.6,1,11.0
fitrinursari1996,,5.0,0.0,1739892343,,,1,neutral,0.55,0,0.0,0.0,0.0,0.0,0.6,1,11.0
ika.meliaa,,5.0,0.0,1739891887,,,1,neutral,0.55,0,0.0,0.0,0.0,0.0,0.6,1,11.0
a*****9,,5.0,0.0,1709648245,,,1,neutral,0.55,0,0.0,0.0,0.0,0.0,0.6,1,11.0
razifsaputra276,,5.0,0.0,1739892654,,,1,neutral,0.55,0,0.0,0.0,0.0,0.0,0.6,1,11.0
budiadisenoa,,5.0,0.0,1739892637,,,1,neutral,0.55,0,0.0,0.0,0.0,0.0,0.6,1,11.0
ziel_store,,5.0,0.0,1739891234,,,1,neutral,0.55,0,0.0,0.0,0.0,0.0,0.6,1,11.0
fajarsss_,,5.0,0.0,1739891265,,,1,neutral,0.55,0,0.0,0.0,0.0,0.0,0.6,1,11.0
dandyca,,4.0,0.0,1739891299,,,1,neutral,0.55,0,0.0,0.0,0.0,0.0,0.6,1,10.12
simail06,,5.0,0.0,1739892396,,,1,neutral,0.55,0,0.0,0.0,0.0,0.0,0.6,1,11.0
panca711,,5.0,1.0,1739891414,,,1,neutral,0.55,0,0.0,0.0,0.0,0.0,0.6,1,11.42
fajarr.marta,,5.0,0.0,1739891468,,,1,neutral,0.55,0,0.0,0.0,0.0,0.0,0.6,1,11.0
hatebesport89,,5.0,0.0,1739891592,,,1,neutral,0.55,0,0.0,0.0,0.0,0.0,0.6,1,11.0
linaones,,4.0,0.0,1739891650,,,1,neutral,0.55,0,0.0,0.0,0.0,0.0,0.6,1,10.12
cuantrustiaphari,,5.0,0.0,1707017391,,,1,neutral,0.55,0,0.0,0.0,0.0,0.0,0.6,1,11.0
mars2ndbooks,,5.0,0.0,1739892542,,,1,neutral,0.55,0,0.0,0.0,0.0,0.0,0.6,1,11.0
lia_kusmita,,5.0,0.0,1734428735,,,1,neutral,0.55,0,0.0,0.0,0.0,0.0,0.6,1,11.0
s*****2,,5.0,0.0,1734624499,,,1,neutral,0.55,0,0.0,0.0,0.0,0.0,0.6,1,11.0
budakjalu,,5.0,0.0,1713840920,,,1,neutral,0.55,0,0.0,0.0,0.0,0.0,0.6,1,11.0
faisalardi93,,5.0,0.0,1714439713,,,1,neutral,0.55,0,0.0,0.0,0.0,0.0,0.6,1,11.0
anandaps6363,,5.0,0.0,1715059682,,,1,neutral,0.55,0,0.0,0.0,0.0,0.0,0.6,1,11.0
agus1978,,5.0,0.0,1719912684,,,1,neutral,0.55,0,0.0,0.0,0.0,0.0,0.6,1,11.0
a*****8,,5.0,0.0,1734621572,,,1,neutral,0.55,0,0.0,0.0,0.0,0.0,0.6,1,11.0
edosastra,,5.0,0.0,1717850798,,,1,neutral,0.55,0,0.0,0.0,0.0,0.0,0.6,1,11.0
safiakamila042,,5.0,0.0,1720069885,,,1,neutral,0.55,0,0.0,0.0,0.0,0.0,0.6,1,11.0
dinarbamsmedix,,4.0,0.0,1735515114,,,1,neutral,0.55,0,0.0,0.0,0.0,0.0,0.6,1,10.12
haaganta,,5.0,0.0,1715911949,,,1,neutral,0.55,0,0.0,0.0,0.0,0.0,0.6,1,11.0
erilizwan,,5.0,0.0,1721460582,,,1,neutral,0.55,0,0.0,0.0,0.0,0.0,0.6,1,11.0
hosea21,,5.0,0.0,1722346946,,,1,neutral,0.55,0,0.0,0.0,0.0,0.0,0.6,1,11.0
agus1978,,5.0,0.0,1721460560,,,1,neutral,0.55,0,0.0,0.0,0.0,0.0,0.6,1,11.0
mian_abdu,,5.0,1.0,1721460458,,,1,neutral,0.55,0,0.0,0.0,0.0,0.0,0.6,1,11.42
silvannakun,,4.0,0.0,1713840937,,,1,neutral,0.55,0,0.0,0.0,0.0,0.0,0.6,1,10.12
dermawanpr22,,4.0,0.0,1715608966,,,1,neutral,0.55,0,0.0,0.0,0.0,0.0,0.6,1,10.12
jodyjaya,,4.0,0.0,1714903495,,,1,neutral,0.55,0,0.0,0.0,0.0,0.0,0.6,1,10.12
shofieline,,4.0,1.0,1721464715,,,1,neutral,0.55,0,0.0,0.0,0.0,0.0,0.6,1,10.54
ibnuluthfisudiana,,5.0,0.0,1741667276,,,1,neutral,0.55,0,0.0,0.0,0.0,0.0,0.6,1,11.0
ory7693,,5.0,0.0,1752031686,,,1,neutral,0.55,0,0.0,0.0,0.0,0.0,0.6,1,11.0
a.a.navis,,5.0,0.0,1762843621,,,1,neutral,0.55,0,0.0,0.0,0.0,0.0,0.6,1,11.0
jannahhhhhhhhhhhh,,5.0,0.0,1763796153,,,1,neutral,0.55,0,0.0,0.0,0.0,0.0,0.6,1,11.0
akrilik_jakarta1,,5.0,0.0,1764486081,,,1,neutral,0.55,0,0.0,0.0,0.0,0.0,0.6,1,11.0
ekkasulis84,,5.0,0.0,1759668590,,,1,neutral,0.55,0,0.0,0.0,0.0,0.0,0.6,1,11.0
mega.trophy08,,5.0,0.0,1741492871,,,1,neutral,0.55,0,0.0,0.0,0.0,0.0,0.6,1,11.0
eko_wahyu006,,5.0,0.0,1740778897,,,1,neutral,0.55,0,0.0,0.0,0.0,0.0,0.6,1,11.0
monicalestarri,,5.0,0.0,1765879219,,,1,neutral,0.55,0,0.0,0.0,0.0,0.0,0.6,1,11.0
sapujaka2,,5.0,0.0,1753859801,,,1,neutral,0.55,0,0.0,0.0,0.0,0.0,0.6,1,11.0
s*****e,,5.0,0.0,1751020841,,,1,neutral,0.55,0,0.0,0.0,0.0,0.0,0.6,1,11.0
lautbening,,5.0,0.0,1751468604,,,1,neutral,0.55,0,0.0,0.0,0.0,0.0,0.6,1,11.0
wiselin82,,5.0,0.0,1740657273,,,1,neutral,0.55,0,0.0,0.0,0.0,0.0,0.6,1,11.0
indrasetiawan170,,5.0,0.0,1744881298,,,1,neutral,0.55,0,0.0,0.0,0.0,0.0,0.6,1,11.0
irwanpratomo11,,5.0,0.0,1744202392,,,1,neutral,0.55,0,0.0,0.0,0.0,0.0,0.6,1,11.0
2mgjjv_qqq,,4.0,0.0,1760095416,,,1,neutral,0.55,0,0.0,0.0,0.0,0.0,0.6,1,10.12
danigarcianesta,,5.0,0.0,1743258186,,,1,neutral,0.55,0,0.0,0.0,0.0,0.0,0.6,1,11.0
digital.artprint,,5.0,0.0,1762604543,,,1,neutral,0.55,0,0.0,0.0,0.0,0.0,0.6,1,11.0
atingmila,,5.0,0.0,1740657279,,,1,neutral,0.55,0,0.0,0.0,0.0,0.0,0.6,1,11.0
fuadnurdinsaputra,,5.0,0.0,1751669299,,,1,neutral,0.55,0,0.0,0.0,0.0,0.0,0.6,1,11.0
hr.adjie,,5.0,0.0,1759106532,,,1,neutral,0.55,0,0.0,0.0,0.0,0.0,0.6,1,11.0
fallowayhouse,,5.0,0.0,1742182142,,,1,neutral,0.55,0,0.0,0.0,0.0,0.0,0.6,1,11.0
hannnamaku_,,5.0,0.0,1743210067,,,1,neutral,0.55,0,0.0,0.0,0.0,0.0,0.6,1,11.0
waliwijaya,,5.0,0.0,1744629367,,,1,neutral,0.55,0,0.0,0.0,0.0,0.0,0.6,1,11.0
74sdmdej3o,,5.0,0.0,1760538370,,,1,neutral,0.55,0,0.0,0.0,0.0,0.0,0.6,1,11.0
laknpm58je,,5.0,0.0,1760440894,,,1,neutral,0.55,0,0.0,0.0,0.0,0.0,0.6,1,11.0
hkplizhznu,,5.0,0.0,1760262079,,,1,neutral,0.55,0,0.0,0.0,0.0,0.0,0.6,1,11.0
zolla14,,5.0,0.0,1759142358,,,1,neutral,0.55,0,0.0,0.0,0.0,0.0,0.6,1,11.0
god.herry,,5.0,0.0,1761798618,,,1,neutral,0.55,0,0.0,0.0,0.0,0.0,0.6,1,11.0
riyantoexsel,,5.0,0.0,1741492866,,,1,neutral,0.55,0,0.0,0.0,0.0,0.0,0.6,1,11.0
0znbcay1ph,,5.0,0.0,1741579789,,,1,neutral,0.55,0,0.0,0.0,0.0,0.0,0.6,1,11.0
fatimatussholehah715,,5.0,0.0,1741574381,,,1,neutral,0.55,0,0.0,0.0,0.0,0.0,0.6,1,11.0
vapory22,,5.0,0.0,1741020139,,,1,neutral,0.55,0,0.0,0.0,0.0,0.0,0.6,1,11.0
minafarida265,,5.0,0.0,1740778884,,,1,neutral,0.55,0,0.0,0.0,0.0,0.0,0.6,1,11.0
auffar2010,,5.0,0.0,1741526106,,,1,neutral,0.55,0,0.0,0.0,0.0,0.0,0.6,1,11.0
kukuntulll,,5.0,0.0,1757462832,,,1,neutral,0.55,0,0.0,0.0,0.0,0.0,0.6,1,11.0
m*****4,,5.0,0.0,1756710324,,,1,neutral,0.55,0,0.0,0.0,0.0,0.0,0.6,1,11.0
icengss,,5.0,0.0,1757566812,,,1,neutral,0.55,0,0.0,0.0,0.0,0.0,0.6,1,11.0
amsiaharlan,,5.0,0.0,1757743288,,,1,neutral,0.55,0,0.0,0.0,0.0,0.0,0.6,1,11.0
yasui_mise.id,,5.0,0.0,1757919992,,,1,neutral,0.55,0,0.0,0.0,0.0,0.0,0.6,1,11.0
rere.weekend,,5.0,0.0,1757997555,,,1,neutral,0.55,0,0.0,0.0,0.0,0.0,0.6,1,11.0
lbjnew,,5.0,0.0,1758218956,,,1,neutral,0.55,0,0.0,0.0,0.0,0.0,0.6,1,11.0
f*****2,,5.0,0.0,1758195938,,,1,neutral,0.55,0,0.0,0.0,0.0,0.0,0.6,1,11.0
13m1yy0h66,,5.0,0.0,1752502415,,,1,neutral,0.55,0,0.0,0.0,0.0,0.0,0.6,1,11.0
plddee,,5.0,0.0,1763175875,,,1,neutral,0.55,0,0.0,0.0,0.0,0.0,0.6,1,11.0
msfoto_5,,5.0,0.0,1762775855,,,1,neutral,0.55,0,0.0,0.0,0.0,0.0,0.6,1,11.0
ferdiferdi295,,5.0,0.0,1762794186,,,1,neutral,0.55,0,0.0,0.0,0.0,0.0,0.6,1,11.0
farisul1154,,5.0,0.0,1764210771,,,1,neutral,0.55,0,0.0,0.0,0.0,0.0,0.6,1,11.0
sintamarsha,,5.0,0.0,1764326184,,,1,neutral,0.55,0,0.0,0.0,0.0,0.0,0.6,1,11.0
t12v5ce9za,,5.0,0.0,1764786907,,,1,neutral,0.55,0,0.0,0.0,0.0,0.0,0.6,1,11.0
agungtriwibowo281,,5.0,0.0,1765202533,,,1,neutral,0.55,0,0.0,0.0,0.0,0.0,0.6,1,11.0
i*****n,,5.0,0.0,1765232501,,,1,neutral,0.55,0,0.0,0.0,0.0,0.0,0.6,1,11.0
ilhamramadhan11013,,5.0,0.0,1765411230,,,1,neutral,0.55,0,0.0,0.0,0.0,0.0,0.6,1,11.0
nkfhn41b_q,,5.0,0.0,1765855025,,,1,neutral,0.55,0,0.0,0.0,0.0,0.0,0.6,1,11.0
racyundepoy,,4.0,0.0,1740711546,,,1,neutral,0.55,0,0.0,0.0,0.0,0.0,0.6,1,10.12
enjang.solihin,,4.0,0.0,1758107395,,,1,neutral,0.55,0,0.0,0.0,0.0,0.0,0.6,1,10.12
a*****n,,5.0,0.0,1741492894,,,1,neutral,0.55,0,0.0,0.0,0.0,0.0,0.6,1,11.0
sriwahyuni030383,,5.0,0.0,1741195082,,,1,neutral,0.55,0,0.0,0.0,0.0,0.0,0.6,1,11.0
4ddb12xm15,,4.0,0.0,1756623663,,,1,neutral,0.55,0,0.0,0.0,0.0,0.0,0.6,1,10.12
papawgoler,,5.0,0.0,1751031682,,,1,neutral,0.55,0,0.0,0.0,0.0,0.0,0.6,1,11.0
adhimulyawan21,,5.0,0.0,1751020867,,,1,neutral,0.55,0,0.0,0.0,0.0,0.0,0.6,1,11.0
hari_avd79,,5.0,0.0,1756623668,,,1,neutral,0.55,0,0.0,0.0,0.0,0.0,0.6,1,11.0
aryaalfian12,,5.0,0.0,1756623703,,,1,neutral,0.55,0,0.0,0.0,0.0,0.0,0.6,1,11.0
zaidanhawary,,5.0,0.0,1751031801,,,1,neutral,0.55,0,0.0,0.0,0.0,0.0,0.6,1,11.0
gagahvino,,5.0,0.0,1751031797,,,1,neutral,0.55,0,0.0,0.0,0.0,0.0,0.6,1,11.0
lustreskin,,5.0,1.0,1756623744,,,1,neutral,0.55,0,0.0,0.0,0.0,0.0,0.6,1,11.42
hamiddasilva454,,4.0,0.0,1751031700,,,1,neutral,0.55,0,0.0,0.0,0.0,0.0,0.6,1,10.12
raissashaaa,,5.0,0.0,1756629392,,,1,neutral,0.55,0,0.0,0.0,0.0,0.0,0.6,1,11.0
wahyuditok020,,5.0,0.0,1751031810,,,1,neutral,0.55,0,0.0,0.0,0.0,0.0,0.6,1,11.0
rizqunavariasi,,5.0,0.0,1756623780,,,1,neutral,0.55,0,0.0,0.0,0.0,0.0,0.6,1,11.0
deasy1298,,5.0,0.0,1751031824,,,1,neutral,0.55,0,0.0,0.0,0.0,0.0,0.6,1,11.0
andriyantods,,5.0,0.0,1756623794,,,1,neutral,0.55,0,0.0,0.0,0.0,0.0,0.6,1,11.0
abangmiqbal06,,5.0,0.0,1751073547,,,1,neutral,0.55,0,0.0,0.0,0.0,0.0,0.6,1,11.0
bbj02,,5.0,0.0,1751033754,,,1,neutral,0.55,0,0.0,0.0,0.0,0.0,0.6,1,11.0
ican.shopp,,5.0,0.0,1756623812,,,1,neutral,0.55,0,0.0,0.0,0.0,0.0,0.6,1,11.0
ican.shopp,,5.0,0.0,1756623817,,,1,neutral,0.55,0,0.0,0.0,0.0,0.0,0.6,1,11.0
komangjuniadi,,5.0,1.0,1743392225,,,1,neutral,0.55,0,0.0,0.0,0.0,0.0,0.6,1,11.42
taufiqtopx2,,5.0,0.0,1751031829,,,1,neutral,0.55,0,0.0,0.0,0.0,0.0,0.6,1,11.0
muhammadhizbullah345,,5.0,0.0,1751031856,,,1,neutral,0.55,0,0.0,0.0,0.0,0.0,0.6,1,11.0
ghea0101,,5.0,0.0,1756629451,,,1,neutral,0.55,0,0.0,0.0,0.0,0.0,0.6,1,11.0
mauladafa123,,5.0,0.0,1756623858,,,1,neutral,0.55,0,0.0,0.0,0.0,0.0,0.6,1,11.0
ikrarestart,,5.0,0.0,1751031879,,,1,neutral,0.55,0,0.0,0.0,0.0,0.0,0.6,1,11.0
yusuf_gua_hiro,,5.0,0.0,1756623888,,,1,neutral,0.55,0,0.0,0.0,0.0,0.0,0.6,1,11.0
naufalamru,,5.0,0.0,1756624699,,,1,neutral,0.55,0,0.0,0.0,0.0,0.0,0.6,1,11.0
55555aisy,,4.0,0.0,1756624753,,,1,neutral,0.55,0,0.0,0.0,0.0,0.0,0.6,1,10.12
rfky.bgs,,4.0,0.0,1756629487,,,1,neutral,0.55,0,0.0,0.0,0.0,0.0,0.6,1,10.12
lovellacreatery,,5.0,0.0,1756624933,,,1,neutral,0.55,0,0.0,0.0,0.0,0.0,0.6,1,11.0
ridwanaji123,,5.0,0.0,1756624943,,,1,neutral,0.55,0,0.0,0.0,0.0,0.0,0.6,1,11.0
b*****f,,5.0,0.0,1751033835,,,1,neutral,0.55,0,0.0,0.0,0.0,0.0,0.6,1,11.0
zein_ar,,5.0,0.0,1751033852,,,1,neutral,0.55,0,0.0,0.0,0.0,0.0,0.6,1,11.0
g*****a,,5.0,0.0,1756629498,,,1,neutral,0.55,0,0.0,0.0,0.0,0.0,0.6,1,11.0
ticko71,,5.0,0.0,1756629503,,,1,neutral,0.55,0,0.0,0.0,0.0,0.0,0.6,1,11.0
,,5.0,0.0,1751033823,,,1,neutral,0.55,0,0.0,0.0,0.0,0.0,0.6,1,11.0
s*****3,,5.0,0.0,1751073601,,,1,neutral,0.55,0,0.0,0.0,0.0,0.0,0.6,1,11.0
arixs_g,,5.0,0.0,1756629511,,,1,neutral,0.55,0,0.0,0.0,0.0,0.0,0.6,1,11.0
iskandarfauzi23,,5.0,0.0,1751033848,,,1,neutral,0.55,0,0.0,0.0,0.0,0.0,0.6,1,11.0
eric.93,,4.0,0.0,1751073621,,,1,neutral,0.55,0,0.0,0.0,0.0,0.0,0.6,1,10.12
muhammadzein123023,,5.0,0.0,1756629528,,,1,neutral,0.55,0,0.0,0.0,0.0,0.0,0.6,1,11.0
juliando18,,5.0,0.0,1756625108,,,1,neutral,0.55,0,0.0,0.0,0.0,0.0,0.6,1,11.0
indah_nafeeza,,5.0,0.0,1756625122,,,1,neutral,0.55,0,0.0,0.0,0.0,0.0,0.6,1,11.0
indah_nafeeza,,5.0,0.0,1756625126,,,1,neutral,0.55,0,0.0,0.0,0.0,0.0,0.6,1,11.0
indah_nafeeza,,5.0,0.0,1756625138,,,1,neutral,0.55,0,0.0,0.0,0.0,0.0,0.6,1,11.0
indah_nafeeza,,5.0,0.0,1756625099,,,1,neutral,0.55,0,0.0,0.0,0.0,0.0,0.6,1,11.0
indah_nafeeza,,5.0,0.0,1756625131,,,1,neutral,0.55,0,0.0,0.0,0.0,0.0,0.6,1,11.0
edwinrdyf,,5.0,0.0,1751073731,,,1,neutral,0.55,0,0.0,0.0,0.0,0.0,0.6,1,11.0
firlyyuliani075,,4.0,0.0,1751073749,,,1,neutral,0.55,0,0.0,0.0,0.0,0.0,0.6,1,10.12
agfaeyas,,5.0,0.0,1751073773,,,1,neutral,0.55,0,0.0,0.0,0.0,0.0,0.6,1,11.0
faifasyah,,5.0,0.0,1756625791,,,1,neutral,0.55,0,0.0,0.0,0.0,0.0,0.6,1,11.0
handisupra,,5.0,0.0,1751073860,,,1,neutral,0.55,0,0.0,0.0,0.0,0.0,0.6,1,11.0
hiskyjazbilliard,,5.0,0.0,1751073907,,,1,neutral,0.55,0,0.0,0.0,0.0,0.0,0.6,1,11.0
chalvynoctaramadhan,,5.0,0.0,1751073936,,,1,neutral,0.55,0,0.0,0.0,0.0,0.0,0.6,1,11.0
fuadnurdinsaputra,,5.0,0.0,1751073931,,,1,neutral,0.55,0,0.0,0.0,0.0,0.0,0.6,1,11.0
m.fitriafriansyah,,4.0,0.0,1751073972,,,1,neutral,0.55,0,0.0,0.0,0.0,0.0,0.6,1,10.12
jumiati_bu.jumi,,5.0,0.0,1751074075,,,1,neutral,0.55,0,0.0,0.0,0.0,0.0,0.6,1,11.0
b*****4,,5.0,0.0,1756629574,,,1,neutral,0.55,0,0.0,0.0,0.0,0.0,0.6,1,11.0
r2r_shopie,,4.0,0.0,1756629629,,,1,neutral,0.55,0,0.0,0.0,0.0,0.0,0.6,1,10.12
iputuagungariyuliana,,5.0,0.0,1756629710,,,1,neutral,0.55,0,0.0,0.0,0.0,0.0,0.6,1,11.0
rizkyagungyogapratama28,,5.0,0.0,1756629754,,,1,neutral,0.55,0,0.0,0.0,0.0,0.0,0.6,1,11.0
10969agam,,5.0,0.0,1756629761,,,1,neutral,0.55,0,0.0,0.0,0.0,0.0,0.6,1,11.0
dante2ndstore,,5.0,0.0,1756629848,,,1,neutral,0.55,0,0.0,0.0,0.0,0.0,0.6,1,11.0
thoriq0112,,5.0,1.0,1742110303,,,1,neutral,0.55,0,0.0,0.0,0.0,0.0,0.6,1,11.42
