username,comment,rating,likes,create_time,comment_clean,tokens,tokens_count,sentiment,sentiment_confidence,text_len,char_repeat_ratio,token_repeat_ratio,dup_score,mismatch,fake_score,fake_pred
12afif,"Fungsi:lumayan buat ngegame
Fitur:bagus
Kegunaan:buat game ringan

Pc bagus tinggal tambah VGA tambah gacor buat game",5,67,1765671752,fungsi lumayan buat ngegame fitur bagus kegunaan buat game ringan pc bagus tinggal tambah vga tambah gacor buat game,fungsi lumayan buat ngegame fitur bagus kegunaan buat game ringan pc bagus tinggal tambah vga tambah gacor buat game,19,positive,0.75,116,0.017241379310344827,0.47368421052631576,0.0,0.0,0.12273139745916514,0
ghalyatayaataya,Alhamdulillah barang udah sampai dg aman dan packingnya rapi bget komputernya udh di cb dan bs nyala semua dan tidak ada yg rusak terima kasih kak,5,297,1765884586,alhamdulillah barang udah sampai dg aman dan packingnya rapi bget komputernya udh di cb dan bs nyala semua dan tidak ada yg rusak terima kasih kak,alhamdulillah barang udah sampai dg aman dan packingnya rapi bget komputernya udh di cb dan bs nyala semua dan tidak ada yg rusak terima kasih kak,26,negative,0.75,146,0.00684931506849315,0.11538461538461539,0.0,1.0,0.23055848261327716,0
rantau_cell,"Desain:Bagus
Fungsi:Multitasking
Fitur:Sangat baik

Mulus dan berfungai dgn baik, pelayanan n pengiriman cepat gak sampai 3 hari ke Banten 🙏 mudah2an barangnya awet. Terima kasih buat seller !",5,22,1765639908,desain bagus fungsi multitasking fitur sangat baik mulus dan berfungai dgn baik pelayanan n pengiriman cepat gak sampai 3 hari ke banten mudah2an barangnya awet terima kasih buat seller,desain bagus fungsi multitasking fitur sangat baik mulus dan berfungai dgn baik pelayanan n pengiriman cepat gak sampai 3 hari ke banten mudah2an barangnya awet terima kasih buat seller,29,positive,0.75,185,0.005405405405405406,0.06896551724137931,0.0,0.0,0.01859273066169618,0
syamuddin68,"Mntaf brang sesuai yg di pesan & menyala jos mntaf, aksesoris jg lengkap smua...trimakasih",5,72,1765249029,mntaf brang sesuai yg di pesan menyala jos mntaf aksesoris jg lengkap smua trimakasih,mntaf brang sesuai yg di pesan menyala jos mntaf aksesoris jg lengkap smua trimakasih,14,positive,0.75,85,0.0,0.14285714285714285,0.0,0.0,0.03571428571428571,0
trisna..kusuma,"Sepadan dengan Harga:bagus
Fitur Terbaik:bisa gta v

Bagusss bintang berbicara",5,19,1762174766,sepadan dengan harga bagus fitur terbaik bisa gta v bagusss bintang berbicara,sepadan dengan harga bagus fitur terbaik bisa gta v bagusss bintang berbicara,12,positive,0.75,77,0.025974025974025976,0.0,0.0,0.0,0.006493506493506494,0
ryvenzyxyz,"Fitur:lumayan
Fungsi:konten kreator
Kegunaan:main game GTA SAMP

Lumayan lah walaupun agak sedikit karat di bagian moderbot dan rada basa sedikit",5,68,1765823781,fitur lumayan fungsi konten kreator kegunaan main game gta samp lumayan lah walaupun agak sedikit karat di bagian moderbot dan rada basa sedikit,fitur lumayan fungsi konten kreator kegunaan main game gta samp lumayan lah walaupun agak sedikit karat di bagian moderbot dan rada basa sedikit,23,neutral,0.55,144,0.006944444444444444,0.17391304347826086,0.0,0.0,0.04521437198067633,0
ahmadirsan18,"Fungsi:beroperasi dengan baik
Desain:sesuai dengan pesanan
Fitur:bagus dan sudah terisi banyak game

Mdh2n awet , terima kasih",5,17,1764062447,fungsi beroperasi dengan baik desain sesuai dengan pesanan fitur bagus dan sudah terisi banyak game mdh2n awet terima kasih,fungsi beroperasi dengan baik desain sesuai dengan pesanan fitur bagus dan sudah terisi banyak game mdh2n awet terima kasih,19,positive,0.75,123,0.0,0.10526315789473684,0.0,0.0,0.02631578947368421,0
f*****8,"Fungsi:semua komponen beroperasi dengan baik
Desain:keren dan modern
Fitur:bagus dan berguna

Next order",5,10,1760793953,fungsi semua komponen beroperasi dengan baik desain keren dan modern fitur bagus dan berguna next order,fungsi semua komponen beroperasi dengan baik desain keren dan modern fitur bagus dan berguna next order,16,positive,0.75,103,0.0,0.125,0.0,0.0,0.03125,0
andika_widi_nugroho,"Barang sudah di terima dengan baik pacing aman banget 
Mesti awalnya bingung akhirnya bisa juga
Rekomend buat yg mau blajar pke pc
Harga murah kualitas baru",5,65,1762132878,barang sudah di terima dengan baik pacing aman banget mesti awalnya bingung akhirnya bisa juga rekomend buat yg mau blajar pke pc harga murah kualitas baru,barang sudah di terima dengan baik pacing aman banget mesti awalnya bingung akhirnya bisa juga rekomend buat yg mau blajar pke pc harga murah kualitas baru,26,neutral,0.55,155,0.0,0.0,0.0,0.0,0.0,0
anangmaaruf037,"Fitur Terbaik:paling terbaik selama pemesanan dishopee
Sepadan dengan Harga:harga mudah dijangkau spek nya bagus skali",5,62,1765751011,fitur terbaik paling terbaik selama pemesanan dishopee sepadan dengan harga harga mudah dijangkau spek nya bagus skali,fitur terbaik paling terbaik selama pemesanan dishopee sepadan dengan harga harga mudah dijangkau spek nya bagus skali,17,positive,0.75,118,0.00847457627118644,0.23529411764705882,0.0,0.0,0.060942173479561317,0
bygewoodcraft,"Fitur:ok
Fungsi:berfungsi dengan baik,semoga awet
Kegunaan:baik

Sesuai pesanan,barang ok sesuai deskripsi,kirain semuanya baru trnyata monitornya seken tp ok lah harga sgitu,yg pntg barang berfungsi dengan baik,seller ok..pengiriman sesuai estimasi,satu hri sblm estimasi barang dh smpe tp sya ambil sendiri digudang..
Overall good,okelah",5,93,1765931762,fitur ok fungsi berfungsi dengan baik semoga awet kegunaan baik sesuai pesanan barang ok sesuai deskripsi kirain semuanya baru trnyata monitornya seken tp ok lah harga sgitu yg pntg barang berfungsi dengan baik seller ok pengiriman sesuai estimasi satu hri sblm estimasi barang dh smpe tp sya ambil sendiri digudang overall good okelah,fitur ok fungsi berfungsi dengan baik semoga awet kegunaan baik sesuai pesanan barang ok sesuai deskripsi kirain semuanya baru trnyata monitornya seken tp ok lah harga sgitu yg pntg barang berfungsi dengan baik seller ok pengiriman sesuai estimasi satu hri sblm estimasi barang dh smpe tp sya ambil sendiri digudang overall good okelah,53,positive,0.75,335,0.011940298507462687,0.39622641509433965,0.0,0.0,0.10204167840045059,0
adeo__,"Fungsi:bagus
Desain:bagus
Fitur:bagus tidak ada kendala

Mantap baguss sampai dengan selamat paking rapi 👍 toko",5,12,1764422027,fungsi bagus desain bagus fitur bagus tidak ada kendala mantap baguss sampai dengan selamat paking rapi toko,fungsi bagus desain bagus fitur bagus tidak ada kendala mantap baguss sampai dengan selamat paking rapi toko,17,positive,0.75,108,0.009259259259259259,0.17647058823529413,0.0,0.0,0.04643246187363835,0
a*****w,"Fitur:bagus
Fungsi:baik
Kegunaan:bekerja

Barang bagus sesuai mantap",5,10,1764764532,fitur bagus fungsi baik kegunaan bekerja barang bagus sesuai mantap,fitur bagus fungsi baik kegunaan bekerja barang bagus sesuai mantap,10,positive,0.75,67,0.014925373134328358,0.2,0.0,0.0,0.05373134328358209,0
waklidangs2,"Sepadan dengan Harga:terjangkau

Terima kasih...
Semoga Awet..
Berfungsi dengan baik

Packing ok...

Pengiriman cepat",5,80,1764868754,sepadan dengan harga terjangkau terima kasih semoga awet berfungsi dengan baik packing ok pengiriman cepat,sepadan dengan harga terjangkau terima kasih semoga awet berfungsi dengan baik packing ok pengiriman cepat,15,positive,0.75,106,0.0,0.13333333333333333,0.0,0.0,0.03333333333333333,0
grosir_herbal2,"Fitur Terbaik:BAGUS 👍

Pesanan sesuai . Pengiriman sangat cepat .
Seller nya amanah
Packing sangat rapih . Aman sampai rumah
Poko nya rekomend banget beli disini .

Terimakasih bos ku .",5,52,1762132881,fitur terbaik bagus pesanan sesuai pengiriman sangat cepat seller nya amanah packing sangat rapih aman sampai rumah poko nya rekomend banget beli disini terimakasih bos ku,fitur terbaik bagus pesanan sesuai pengiriman sangat cepat seller nya amanah packing sangat rapih aman sampai rumah poko nya rekomend banget beli disini terimakasih bos ku,26,positive,0.75,171,0.005847953216374269,0.15384615384615385,0.0,0.0,0.03992352676563203,0
bimasena92,"Fungsi:update nanti setelah dirakit
Desain:optimis menarik
Fitur:update nanti ya

Pengiriman lebih cepat sehari dari estimasi. Barang tiba dengan packaging kayu, jos tenan.",5,36,1765383089,fungsi update nanti setelah dirakit desain optimis menarik fitur update nanti ya pengiriman lebih cepat sehari dari estimasi barang tiba dengan packaging kayu jos tenan,fungsi update nanti setelah dirakit desain optimis menarik fitur update nanti ya pengiriman lebih cepat sehari dari estimasi barang tiba dengan packaging kayu jos tenan,25,positive,0.75,168,0.0,0.16,0.0,0.0,0.04,0
sihab099,"Fungsi:mantap
Fitur:berguna
Desain:menarik

Mantap jangan ragu beli disini",5,15,1765877230,fungsi mantap fitur berguna desain menarik mantap jangan ragu beli disini,fungsi mantap fitur berguna desain menarik mantap jangan ragu beli disini,11,positive,0.75,73,0.0,0.18181818181818182,0.0,0.0,0.045454545454545456,0
mima.khairunnisa,"Fungsi:Alhamdulillah nyala
Fitur:baik

Alhamdulillah komputer nya nyala dan belum diketahui apa benar SSD 120 +DDS 500 belum di cek WiFi belum tersambung",5,7,1765306334,fungsi alhamdulillah nyala fitur baik alhamdulillah komputer nya nyala dan belum diketahui apa benar ssd 120 dds 500 belum di cek wifi belum tersambung,fungsi alhamdulillah nyala fitur baik alhamdulillah komputer nya nyala dan belum diketahui apa benar ssd 120 dds 500 belum di cek wifi belum tersambung,24,neutral,0.55,151,0.033112582781456956,0.2916666666666667,0.0,0.0,0.08119481236203091,0
daniramdani4444,"Gak nyangka bisa dapat barang sebagus ini..walau  harganya second..tpi barangnya baru semua.
Salut sama toko ini.
Packing rapi. Tak ada kurang sesuatu apapun.
Cuma satu sih kurangnya..mnta d instalin software editing tpi g ada..tp gpp..secra kseluruhan ok smua",5,137,1765812449,gak nyangka bisa dapat barang sebagus ini walau harganya second tpi barangnya baru semua salut sama toko ini packing rapi tak ada kurang sesuatu apapun cuma satu sih kurangnya mnta d instalin software editing tpi g ada tp gpp secra kseluruhan ok smua,gak nyangka bisa dapat barang sebagus ini walau harganya second tpi barangnya baru semua salut sama toko ini packing rapi tak ada kurang sesuatu apapun cuma satu sih kurangnya mnta d instalin software editing tpi g ada tp gpp secra kseluruhan ok smua,43,neutral,0.55,250,0.004,0.13953488372093023,0.0,0.0,0.03588372093023256,0
dzikrinursyifa,"Fitur Terbaik:fitur terbaik bagus jos
Sepadan dengan Harga:sepadan... bagus lumayan

Produknya ga mengecewakan",5,9,1765306349,fitur terbaik fitur terbaik bagus jos sepadan dengan harga sepadan bagus lumayan produknya ga mengecewakan,fitur terbaik fitur terbaik bagus jos sepadan dengan harga sepadan bagus lumayan produknya ga mengecewakan,15,neutral,0.55,106,0.0,0.5333333333333333,0.0,0.0,0.13333333333333333,0
ilyasoyes,"Sepadan dengan Harga:sangat murah
Fitur Terbaik:terbaik

Terimakasih ya paket nya sudah di terima dengan baik dan selamat, terima kasih juga respon toko nya 🙏",5,26,1759342144,sepadan dengan harga sangat murah fitur terbaik terbaik terimakasih ya paket nya sudah di terima dengan baik dan selamat terima kasih juga respon toko nya,sepadan dengan harga sangat murah fitur terbaik terbaik terimakasih ya paket nya sudah di terima dengan baik dan selamat terima kasih juga respon toko nya,25,neutral,0.55,154,0.0,0.32,0.0,0.0,0.08,0
zckygamez,"Fungsi:bai k
Fitur:bagus dan berguna
Spesifikasi:mantap

baguss ,  untuk hargaa segini sangat worth it ,  🌟
 seller ramah & fast respon. pengiriman cepat hanya 2 hari terima kasih",5,8,1764598442,fungsi bai k fitur bagus dan berguna spesifikasi mantap baguss untuk hargaa segini sangat worth it seller ramah fast respon pengiriman cepat hanya 2 hari terima kasih,fungsi bai k fitur bagus dan berguna spesifikasi mantap baguss untuk hargaa segini sangat worth it seller ramah fast respon pengiriman cepat hanya 2 hari terima kasih,27,positive,0.75,166,0.018072289156626505,0.0,0.0,0.0,0.004518072289156626,0
rxsia8shx7,"Fungsi:berfungsi dengan baik
Desain:menarik dengan detail yang apik
Fitur:bagus dan berguna

Bagus alhamdullilah,semoga saja awet",5,2,1752189849,fungsi berfungsi dengan baik desain menarik dengan detail yang apik fitur bagus dan berguna bagus alhamdullilah semoga saja awet,fungsi berfungsi dengan baik desain menarik dengan detail yang apik fitur bagus dan berguna bagus alhamdullilah semoga saja awet,19,positive,0.75,128,0.0078125,0.21052631578947367,0.0,0.0,0.05458470394736842,0
ulat.jerman.id,"Mantap pc nya sudah sampai dengan selamat, tidak ada lecet sedikit pun packing nya aman sekali.. respon penjual juga ramah terimakasih min🙏",5,14,1764391790,mantap pc nya sudah sampai dengan selamat tidak ada lecet sedikit pun packing nya aman sekali respon penjual juga ramah terimakasih min,mantap pc nya sudah sampai dengan selamat tidak ada lecet sedikit pun packing nya aman sekali respon penjual juga ramah terimakasih min,22,neutral,0.55,135,0.0,0.09090909090909091,0.0,0.0,0.022727272727272728,0
kenussamsa,"Fungsi:Iya
Fitur:Sangat
Spesifikasi:Bagus

Terimakasih paket sudah sampai.",5,6,1762175106,fungsi iya fitur sangat spesifikasi bagus terimakasih paket sudah sampai,fungsi iya fitur sangat spesifikasi bagus terimakasih paket sudah sampai,10,positive,0.75,72,0.0,0.0,0.0,0.0,0.0,0
a*****n,"Desain:menarik
Fungsi:normal

Ada sedikit masalah di soket kabel power supply agak kendor, tapi masih bisa berfungsi",5,2,1765306411,desain menarik fungsi normal ada sedikit masalah di soket kabel power supply agak kendor tapi masih bisa berfungsi,desain menarik fungsi normal ada sedikit masalah di soket kabel power supply agak kendor tapi masih bisa berfungsi,18,neutral,0.55,114,0.008771929824561403,0.0,0.0,0.0,0.0021929824561403508,0
ariher_universe,"Fungsi:semua komponen berfungsi dengan baik
Fitur:bagus dan berguna
Desain:menarik keliahatan kece badai pc elegan

Rekomendasi banget pokonya",5,3,1752189846,fungsi semua komponen berfungsi dengan baik fitur bagus dan berguna desain menarik keliahatan kece badai pc elegan rekomendasi banget pokonya,fungsi semua komponen berfungsi dengan baik fitur bagus dan berguna desain menarik keliahatan kece badai pc elegan rekomendasi banget pokonya,20,positive,0.75,141,0.0,0.0,0.0,0.0,0.0,0
bjorkaxd,"Sepadan dengan Harga:mantap
Fitur Terbaik:b

Bagus sekali datang dengan aman and sudah di installin aplikasi yang seperti di deskripsi.

Semoga toko ini lancar dan buat seller mungkin di tingkatkan lgi respon ny kepada buyer 😁.",5,11,1759974890,sepadan dengan harga mantap fitur terbaik b bagus sekali datang dengan aman and sudah di installin aplikasi yang seperti di deskripsi semoga toko ini lancar dan buat seller mungkin di tingkatkan lgi respon ny kepada buyer,sepadan dengan harga mantap fitur terbaik b bagus sekali datang dengan aman and sudah di installin aplikasi yang seperti di deskripsi semoga toko ini lancar dan buat seller mungkin di tingkatkan lgi respon ny kepada buyer,36,positive,0.75,221,0.00904977375565611,0.1388888888888889,0.0,0.0,0.03698466566113625,0
andyirwan316,Mantab pokknya admin nya respon dari awal sampai selesai 👍🔥,5,2,1753799006,mantab pokknya admin nya respon dari awal sampai selesai,mantab pokknya admin nya respon dari awal sampai selesai,9,neutral,0.55,56,0.017857142857142856,0.0,0.0,0.0,0.004464285714285714,0
plomore21,"Fungsi:bekerja dg baik
Desain:menarik
Fitur:ok

Mf,😀😀😀 
baru sempat kasih ulasan paket oke2 saja semua mulus tak ada yg tetak sedikitpun, dan berfungsi dg baik",5,4,1748523610,fungsi bekerja dg baik desain menarik fitur ok mf baru sempat kasih ulasan paket oke2 saja semua mulus tak ada yg tetak sedikitpun dan berfungsi dg baik,fungsi bekerja dg baik desain menarik fitur ok mf baru sempat kasih ulasan paket oke2 saja semua mulus tak ada yg tetak sedikitpun dan berfungsi dg baik,27,neutral,0.55,152,0.0,0.14814814814814814,0.0,0.0,0.037037037037037035,0
muhamadazmi0703,"Sepadan dengan Harga:the best pokonya

Toko amanah barang diterima dengan selamat tanpa lecet sdikitpun kualitas okee",5,7,1765306429,sepadan dengan harga the best pokonya toko amanah barang diterima dengan selamat tanpa lecet sdikitpun kualitas okee,sepadan dengan harga the best pokonya toko amanah barang diterima dengan selamat tanpa lecet sdikitpun kualitas okee,17,neutral,0.55,116,0.008620689655172414,0.11764705882352941,0.0,0.0,0.03156693711967545,0
v*****6,"pengiriman cepat,beli kemaren,sampe besok thx buat seller nya amanah
pc sesuai spek tidak ada kendala apapun...
semoga sukses tokonya",5,8,1759903176,pengiriman cepat beli kemaren sampe besok thx buat seller nya amanah pc sesuai spek tidak ada kendala apapun semoga sukses tokonya,pengiriman cepat beli kemaren sampe besok thx buat seller nya amanah pc sesuai spek tidak ada kendala apapun semoga sukses tokonya,21,positive,0.75,130,0.007692307692307693,0.0,0.0,0.0,0.0019230769230769232,0
moslemmohammad,"Ada cerita VGA ketinggalan, untung seller  tanggung jawab mau kirim pake ongkir sendiri..",5,10,1747023663,ada cerita vga ketinggalan untung seller tanggung jawab mau kirim pake ongkir sendiri,ada cerita vga ketinggalan untung seller tanggung jawab mau kirim pake ongkir sendiri,13,neutral,0.55,85,0.03529411764705882,0.0,0.0,0.0,0.008823529411764706,0
sehati.shop,"Fitur:bagus mantap
Fungsi:bekerja dengan baik sangat membantu
Kegunaan:sangat baik

Seller respon baik dan banyak bonusnya terimakasih seller dan bergaransi",5,7,1755850555,fitur bagus mantap fungsi bekerja dengan baik sangat membantu kegunaan sangat baik seller respon baik dan banyak bonusnya terimakasih seller dan bergaransi,fitur bagus mantap fungsi bekerja dengan baik sangat membantu kegunaan sangat baik seller respon baik dan banyak bonusnya terimakasih seller dan bergaransi,22,positive,0.75,155,0.01935483870967742,0.4090909090909091,0.0,0.0,0.10711143695014663,0
aeplinggajaya,"Paket Mendarat Dengan Selamat,, Barangnya Juga Bagus, Abang Kurirnya Juga Baik,, Goodd 👍",5,39,1762174934,paket mendarat dengan selamat barangnya juga bagus abang kurirnya juga baik goodd,paket mendarat dengan selamat barangnya juga bagus abang kurirnya juga baik goodd,12,positive,0.75,81,0.024691358024691357,0.16666666666666666,0.0,0.0,0.047839506172839504,0
dwi_audio_miniatur_soundsystem,"Fungsi:bekerja dengan baik sesuai harapan
Fitur:bagus dan berguna

Barang dlm kondisi bagus tidak ada lecet seller juga ramah mantap👍👍",5,2,1763441489,fungsi bekerja dengan baik sesuai harapan fitur bagus dan berguna barang dlm kondisi bagus tidak ada lecet seller juga ramah mantap,fungsi bekerja dengan baik sesuai harapan fitur bagus dan berguna barang dlm kondisi bagus tidak ada lecet seller juga ramah mantap,21,positive,0.75,131,0.007633587786259542,0.09523809523809523,0.0,0.0,0.025717920756088693,0
heriyanto.arka,"Desain:Cakep
Fungsi:editing, office
Fitur:sesuai

Awal2 sempet ragu mau beli pc lewat online, cuma pas liat toko ini, trus baca2 komen nya, semua nya bagus, setelah CO pun brang yang datang sesuai pesanan, paking juga aman, admin responsif, buat kalian yg punya budget minim tapi butuh pc buat kerja, sekolah, atw buat di toko kalian, dan bisa buat game2 ringan, trus kemampuan rakit pc kalian juga minim, udh jangan ragu beli di toko ini, recommend banget ga bakalan nyesel, buat seller nya trus konsisten, semoga suksea terus dan berkah selalu, terima kasih",5,6,1763976088,desain cakep fungsi editing office fitur sesuai awal2 sempet ragu mau beli pc lewat online cuma pas liat toko ini trus baca2 komen nya semua nya bagus setelah co pun brang yang datang sesuai pesanan paking juga aman admin responsif buat kalian yg punya budget minim tapi butuh pc buat kerja sekolah atw buat di toko kalian dan bisa buat game2 ringan trus kemampuan rakit pc kalian juga minim udh jangan ragu beli di toko ini recommend banget ga bakalan nyesel buat seller nya trus konsisten semoga suksea terus dan berkah selalu terima kasih,desain cakep fungsi editing office fitur sesuai awal2 sempet ragu mau beli pc lewat online cuma pas liat toko ini trus baca2 komen nya semua nya bagus setelah co pun brang yang datang sesuai pesanan paking juga aman admin responsif buat kalian yg punya budget minim tapi butuh pc buat kerja sekolah atw buat di toko kalian dan bisa buat game2 ringan trus kemampuan rakit pc kalian juga minim udh jangan ragu beli di toko ini recommend banget ga bakalan nyesel buat seller nya trus konsisten semoga suksea terus dan berkah selalu terima kasih,94,positive,0.75,541,0.005545286506469501,0.3829787234042553,0.0,0.0,0.09713100247768121,0
arifsaifudin322,Packing joss barang ok sesuai dengan pesanan,5,6,1756351440,packing joss barang ok sesuai dengan pesanan,packing joss barang ok sesuai dengan pesanan,7,positive,0.75,44,0.022727272727272728,0.0,0.0,0.0,0.005681818181818182,0
paulinadewi838,"Kegunaan:PC gaming

Produk ny smua lengkap ,,ngk lecet smoga awet pemakaian ny amanah banget toko ini...",5,2,1732084273,kegunaan pc gaming produk ny smua lengkap ngk lecet smoga awet pemakaian ny amanah banget toko ini,kegunaan pc gaming produk ny smua lengkap ngk lecet smoga awet pemakaian ny amanah banget toko ini,17,neutral,0.55,98,0.01020408163265306,0.11764705882352941,0.0,0.0,0.03196278511404562,0
a*****l,"Fungsi:baik
Fitur:baik
Spesifikasi:bagus

Sesuai pesanan 👍",5,1,1762342587,fungsi baik fitur baik spesifikasi bagus sesuai pesanan,fungsi baik fitur baik spesifikasi bagus sesuai pesanan,8,positive,0.75,55,0.0,0.25,0.0,0.0,0.0625,0
tedigunawan433,"Smpet ada msalah, tpi seller nya baik fast respon dikasih tau smpe normal, tnks",4,103,1765844538,smpet ada msalah tpi seller nya baik fast respon dikasih tau smpe normal tnks,smpet ada msalah tpi seller nya baik fast respon dikasih tau smpe normal tnks,14,neutral,0.55,77,0.012987012987012988,0.0,0.0,0.0,0.003246753246753247,0
dumble_sticker.id,"Fitur Terbaik:jangan di tanya kualitas murah dan keren
Sepadan dengan Harga:mantap",5,18,1759786279,fitur terbaik jangan di tanya kualitas murah dan keren sepadan dengan harga mantap,fitur terbaik jangan di tanya kualitas murah dan keren sepadan dengan harga mantap,13,positive,0.75,82,0.0,0.0,0.0,0.0,0.0,0
b*****a,"Fungsi:bekerja dgn baik 👍🏻
Fitur:bagusss

Bisa berfungsi dan sesuai dgn deskripsi, terima kasih seller atas arahan dan kesabarannya 🙏🏻",5,1,1763878595,fungsi bekerja dgn baik fitur bagusss bisa berfungsi dan sesuai dgn deskripsi terima kasih seller atas arahan dan kesabarannya,fungsi bekerja dgn baik fitur bagusss bisa berfungsi dan sesuai dgn deskripsi terima kasih seller atas arahan dan kesabarannya,19,positive,0.75,126,0.031746031746031744,0.21052631578947367,0.0,0.0,0.060568086883876354,0
f*****5,"Unit di kirim dengan kondisi baik
Berfungsi tidak ada kendala
Minta di kirim yang mulus seller nya baik
Semoga awet",5,2,1761147047,unit di kirim dengan kondisi baik berfungsi tidak ada kendala minta di kirim yang mulus seller nya baik semoga awet,unit di kirim dengan kondisi baik berfungsi tidak ada kendala minta di kirim yang mulus seller nya baik semoga awet,20,negative,0.75,115,0.008695652173913044,0.3,0.0,1.0,0.27717391304347827,0
hapsin,"Fungsi:Barang bekerja dengan baik
Fitur:bagus dan berguna
Desain:Mantap

Paket sesuai dengan Harga, tiba dengan selamat",5,1,1753137134,fungsi barang bekerja dengan baik fitur bagus dan berguna desain mantap paket sesuai dengan harga tiba dengan selamat,fungsi barang bekerja dengan baik fitur bagus dan berguna desain mantap paket sesuai dengan harga tiba dengan selamat,18,positive,0.75,117,0.0,0.16666666666666666,0.0,0.0,0.041666666666666664,0
gaparbungas123,"Fungsi:bekerja dengan baik
Fitur:bagus berguna
Desain:menarik

Pas buat usaha",5,2,1757753420,fungsi bekerja dengan baik fitur bagus berguna desain menarik pas buat usaha,fungsi bekerja dengan baik fitur bagus berguna desain menarik pas buat usaha,12,positive,0.75,76,0.0,0.0,0.0,0.0,0.0,0
gigiew_shop,"Fitur:biasa
Fungsi:lumayan
Kegunaan:cukup

tidak ada suara jadi harus pake adaptor lagi packing aman",3,11,1762174950,fitur biasa fungsi lumayan kegunaan cukup tidak ada suara jadi harus pake adaptor lagi packing aman,fitur biasa fungsi lumayan kegunaan cukup tidak ada suara jadi harus pake adaptor lagi packing aman,16,negative,0.75,99,0.010101010101010102,0.0,0.0,0.0,0.0025252525252525255,0
ebyl_ajah,"Desain:gacor bgt buat bikin kamar jadi keren ,saran saya setup aksesoris full putih ,dan admin juga baik fast respon ngasi himbauan buat yg ga ngerti
Fungsi:sesuai harga ,buat game ringan mantap cuma kalo mau game yg agak high end tambahin graphic card
Fitur:mantap sesuai ekspektasi

gacoorrrr",5,5,1764612048,desain gacor bgt buat bikin kamar jadi keren saran saya setup aksesoris full putih dan admin juga baik fast respon ngasi himbauan buat yg ga ngerti fungsi sesuai harga buat game ringan mantap cuma kalo mau game yg agak high end tambahin graphic card fitur mantap sesuai ekspektasi gacoorrrr,desain gacor bgt buat bikin kamar jadi keren saran saya setup aksesoris full putih dan admin juga baik fast respon ngasi himbauan buat yg ga ngerti fungsi sesuai harga buat game ringan mantap cuma kalo mau game yg agak high end tambahin graphic card fitur mantap sesuai ekspektasi gacoorrrr,49,positive,0.75,290,0.017241379310344827,0.22448979591836735,0.0,0.0,0.060432793807178045,0
fatehazariarasyed09,"Fungsi:barang baik
Fitur:Bagus, namun minesnya suara
Kegunaan:untuk bermain

Bagusss , mines suaranya gada tapi seller bertanggung jawab",5,3,1756794611,fungsi barang baik fitur bagus namun minesnya suara kegunaan untuk bermain bagusss mines suaranya gada tapi seller bertanggung jawab,fungsi barang baik fitur bagus namun minesnya suara kegunaan untuk bermain bagusss mines suaranya gada tapi seller bertanggung jawab,19,positive,0.75,132,0.03787878787878788,0.0,0.0,0.0,0.00946969696969697,0
m*****5,Berfungsi semua... Adminnya baik banget. Sempet ada masalah di barang tapi miminnya sabar dan membantu. Thanks,5,82,1762175065,berfungsi semua adminnya baik banget sempet ada masalah di barang tapi miminnya sabar dan membantu thanks,berfungsi semua adminnya baik banget sempet ada masalah di barang tapi miminnya sabar dan membantu thanks,16,neutral,0.55,105,0.01904761904761905,0.0,0.0,0.0,0.004761904761904762,0
s*****o,"Fungsi:beberapa hari normal
Fitur:sepadan
Spesifikasi:oke",5,1,1738763065,fungsi beberapa hari normal fitur sepadan spesifikasi oke,fungsi beberapa hari normal fitur sepadan spesifikasi oke,8,neutral,0.55,57,0.0,0.0,0.0,0.0,0.0,0
r*****i,"Fungsi:bekerja dengan baik
Fitur:main game oke editing oke
Desain:rgb

Mantep bangt kualitas sesuai dengan harga, admin toko nya juga ramah  poko nya tidak mengecewakan 👌",5,1,1750344735,fungsi bekerja dengan baik fitur main game oke editing oke desain rgb mantep bangt kualitas sesuai dengan harga admin toko nya juga ramah poko nya tidak mengecewakan,fungsi bekerja dengan baik fitur main game oke editing oke desain rgb mantep bangt kualitas sesuai dengan harga admin toko nya juga ramah poko nya tidak mengecewakan,27,negative,0.75,165,0.0,0.2222222222222222,0.0,1.0,0.25555555555555554,0
zamrotulafidah,"Desain:rapi dan bagus
Fungsi:baik
Fitur:bagus

Juragan barang nya udah sampe degan baik...semoga awat.dan  buwat juragan nya berkah selalu ya gan",5,0,1746431249,desain rapi dan bagus fungsi baik fitur bagus juragan barang nya udah sampe degan baik semoga awat dan buwat juragan nya berkah selalu ya gan,desain rapi dan bagus fungsi baik fitur bagus juragan barang nya udah sampe degan baik semoga awat dan buwat juragan nya berkah selalu ya gan,25,positive,0.75,141,0.0,0.4,0.0,0.0,0.1,0
muhammadjohan016,"Fungsi:bagus
Desain:menarik
Fitur:banyak

Mantap dah pokoknya penjualnya juga respon kalau di chat sama packing nya mantap",5,1,1744854828,fungsi bagus desain menarik fitur banyak mantap dah pokoknya penjualnya juga respon kalau di chat sama packing nya mantap,fungsi bagus desain menarik fitur banyak mantap dah pokoknya penjualnya juga respon kalau di chat sama packing nya mantap,19,positive,0.75,121,0.0,0.10526315789473684,0.0,0.0,0.02631578947368421,0
qiana_s3condbrand,"Fungsi:ok
Desain:ok
Fitur:ok

Dpt harga segitu mah alhamdulillab biarpun ada minus dikit d lcd overall good lah seller jg fast respon smoga awet",5,1,1755829131,fungsi ok desain ok fitur ok dpt harga segitu mah alhamdulillab biarpun ada minus dikit d lcd overall good lah seller jg fast respon smoga awet,fungsi ok desain ok fitur ok dpt harga segitu mah alhamdulillab biarpun ada minus dikit d lcd overall good lah seller jg fast respon smoga awet,26,neutral,0.55,143,0.027972027972027972,0.11538461538461539,0.0,0.0,0.03583916083916084,0
rabiatyilman,"Fitur:bagus

Belum dicoba..seller fast respon..order skrg dikirim skrg..hny lama di cargo nya..mudah2 n sesuai deskripsi produk dan awet",5,2,1755829185,fitur bagus belum dicoba seller fast respon order skrg dikirim skrg hny lama di cargo nya mudah2 n sesuai deskripsi produk dan awet,fitur bagus belum dicoba seller fast respon order skrg dikirim skrg hny lama di cargo nya mudah2 n sesuai deskripsi produk dan awet,23,positive,0.75,131,0.007633587786259542,0.08695652173913043,0.0,0.0,0.023647527381347493,0
jajang.kusnandar,"Fitur:bagus
Fungsi:sesuai dengan deskripsi

Gaming, editing",5,0,1738708030,fitur bagus fungsi sesuai dengan deskripsi gaming editing,fitur bagus fungsi sesuai dengan deskripsi gaming editing,8,positive,0.75,57,0.0,0.0,0.0,0.0,0.0,0
kangdislike,"Fungsi:bekerja baik
Fitur:bagus
Kegunaan:baik

corel nya minta x8 dikasi x7 tapi over all ga mengecewakan bangett",5,2,1762846347,fungsi bekerja baik fitur bagus kegunaan baik corel nya minta x8 dikasi x7 tapi over all ga mengecewakan bangett,fungsi bekerja baik fitur bagus kegunaan baik corel nya minta x8 dikasi x7 tapi over all ga mengecewakan bangett,19,neutral,0.55,112,0.026785714285714284,0.10526315789473684,0.0,0.0,0.03301221804511278,0
madhan_store79,"Desain:terlihat keren dan modern
Fungsi:alhamdulillah bekerja dgn baik
Fitur:alhamdulillah bagus dan berguna

Fast respon, admin nya jg cepat tanggap dan merespon segala pertyaan saya, 
Packing an sangat aman sekali, tiba dirumah dgn aman dan kondisi baik, barang dibuka alhamdulilah kondisi nya sangat baik.
Berfungsi dgn  baik dan lancar, apalgi ditambah VGA makin kencang dan aman saat gaming..

Sejauh ini, toko ini sangat amanah.
Semoga bgtu terus kedpan nya ya..
Insha allah berlangganan terus..",5,1,1756794441,desain terlihat keren dan modern fungsi alhamdulillah bekerja dgn baik fitur alhamdulillah bagus dan berguna fast respon admin nya jg cepat tanggap dan merespon segala pertyaan saya packing an sangat aman sekali tiba dirumah dgn aman dan kondisi baik barang dibuka alhamdulilah kondisi nya sangat baik berfungsi dgn baik dan lancar apalgi ditambah vga makin kencang dan aman saat gaming sejauh ini toko ini sangat amanah semoga bgtu terus kedpan nya ya insha allah berlangganan terus,desain terlihat keren dan modern fungsi alhamdulillah bekerja dgn baik fitur alhamdulillah bagus dan berguna fast respon admin nya jg cepat tanggap dan merespon segala pertyaan saya packing an sangat aman sekali tiba dirumah dgn aman dan kondisi baik barang dibuka alhamdulilah kondisi nya sangat baik berfungsi dgn baik dan lancar apalgi ditambah vga makin kencang dan aman saat gaming sejauh ini toko ini sangat amanah semoga bgtu terus kedpan nya ya insha allah berlangganan terus,76,positive,0.75,483,0.014492753623188406,0.39473684210526316,0.0,0.0,0.1023073989321129,0
asgafday,"Spesifikasi:bagus

Apakah ini bisa di retur KK nda ada solusi buat suaranya kluar,,,,sy sudah beli smua untuk sound tp tetap gak mau ada suara",4,9,1762593443,spesifikasi bagus apakah ini bisa di retur kk nda ada solusi buat suaranya kluar sy sudah beli smua untuk sound tp tetap gak mau ada suara,spesifikasi bagus apakah ini bisa di retur kk nda ada solusi buat suaranya kluar sy sudah beli smua untuk sound tp tetap gak mau ada suara,26,positive,0.75,138,0.007246376811594203,0.07692307692307693,0.0,0.0,0.021042363433667784,0
y*****i,"Fungsi:siip
Fitur:mantap
Spesifikasi:sesuai

Baru dicoba. Testing oke.",5,0,1721573981,fungsi siip fitur mantap spesifikasi sesuai baru dicoba testing oke,fungsi siip fitur mantap spesifikasi sesuai baru dicoba testing oke,10,positive,0.75,67,0.014925373134328358,0.0,0.0,0.0,0.0037313432835820895,0
irsyadhafiz206,"Fungsi:bagusall
Desain:kece
Fitur:bagusbngt

All aman & kece+cakep pengiriman cepet seler fastres + ramah tq",5,0,1742279860,fungsi bagusall desain kece fitur bagusbngt all aman kece cakep pengiriman cepet seler fastres ramah tq,fungsi bagusall desain kece fitur bagusbngt all aman kece cakep pengiriman cepet seler fastres ramah tq,16,neutral,0.55,103,0.019417475728155338,0.125,0.0,0.0,0.03610436893203883,0
d*****o,"Desain:terlihat bagus dan berguna
Fungsi:bekerja dengan baik sesuai harapan
Fitur:baik dan berfungsi dengan baik

membantu pekerjaan mengetik dan membuat editing dan pekerjaan lain yang berhubungan dengan percetakan",5,3,1760034866,desain terlihat bagus dan berguna fungsi bekerja dengan baik sesuai harapan fitur baik dan berfungsi dengan baik membantu pekerjaan mengetik dan membuat editing dan pekerjaan lain yang berhubungan dengan percetakan,desain terlihat bagus dan berguna fungsi bekerja dengan baik sesuai harapan fitur baik dan berfungsi dengan baik membantu pekerjaan mengetik dan membuat editing dan pekerjaan lain yang berhubungan dengan percetakan,30,positive,0.75,214,0.009345794392523364,0.4,0.0,0.0,0.10233644859813085,0
mustopakamal369,"Barang sudah sampai dan sudah di terima dengan baik, terima kasih admin.",5,2,1738812871,barang sudah sampai dan sudah di terima dengan baik terima kasih admin,barang sudah sampai dan sudah di terima dengan baik terima kasih admin,12,neutral,0.55,70,0.0,0.3333333333333333,0.0,0.0,0.08333333333333333,0
g*****y,"Desain:Sangat baik
Fungsi:Sangat Baik
Fitur:Sangat baik

Spesifikasi sesuai dengan iklan - Good
Tampilan Cpu dll sesuai dengan iklan - Good
Rekomen, seller pun humble
Sesuai dengan ekspektasi",5,0,1749128258,desain sangat baik fungsi sangat baik fitur sangat baik spesifikasi sesuai dengan iklan good tampilan cpu dll sesuai dengan iklan good rekomen seller pun humble sesuai dengan ekspektasi,desain sangat baik fungsi sangat baik fitur sangat baik spesifikasi sesuai dengan iklan good tampilan cpu dll sesuai dengan iklan good rekomen seller pun humble sesuai dengan ekspektasi,28,positive,0.75,185,0.021621621621621623,0.5714285714285714,0.0,0.0,0.14826254826254825,0
,"Brang udh smpe. peking aman pake kayu.  kurir ramah, cuma nunggu sehari paket datang.kendala dimousenya aga eror,bluetouh g bisa  terhubung.penyimpanan memori 95 gb doank,hardisk cuma 136gb.kn harusnya 320 & 520.gamenya juga ga diisi, satupun engga.bnyak minusnya,.


Trima ksih!!!!!🙏",4,89,1762175103,brang udh smpe peking aman pake kayu kurir ramah cuma nunggu sehari paket datang kendala dimousenya aga eror bluetouh g bisa terhubung penyimpanan memori 95 gb doank hardisk cuma 136gb kn harusnya 320 520 gamenya juga ga diisi satupun engga bnyak minusnya trima ksih,brang udh smpe peking aman pake kayu kurir ramah cuma nunggu sehari paket datang kendala dimousenya aga eror bluetouh g bisa terhubung penyimpanan memori 95 gb doank hardisk cuma 136gb kn harusnya 320 520 gamenya juga ga diisi satupun engga bnyak minusnya trima ksih,44,neutral,0.55,266,0.011278195488721804,0.045454545454545456,0.0,0.0,0.014183185235816815,0
ida_arsylesya97,Mantavv Jaya💯💯👍👍,5,21,1724772687,mantavv jaya,mantavv jaya,2,neutral,0.55,12,0.08333333333333333,0.0,0.0,0.0,0.22083333333333335,0
a*****1,"Desain:okee
Fungsi:berfungi dengan baik
Fitur:bagus",5,0,1764843112,desain okee fungsi berfungi dengan baik fitur bagus,desain okee fungsi berfungi dengan baik fitur bagus,8,positive,0.75,51,0.0196078431372549,0.0,0.0,0.0,0.004901960784313725,0
anwargalaxi,"Spek tinggi kualitas top ,, sangat puas 
Medndukung pekerjaan dn kuat utk game 

Mantapppp",5,0,1746419701,spek tinggi kualitas top sangat puas medndukung pekerjaan dn kuat utk game mantapppp,spek tinggi kualitas top sangat puas medndukung pekerjaan dn kuat utk game mantapppp,13,positive,0.75,84,0.05952380952380952,0.0,0.0,0.0,0.01488095238095238,0
muhammadalfatah33,Mantap sesuai pesanan dan Alhamdulillah nyala semoga aja awet terimakasih seller,5,1,1759718856,mantap sesuai pesanan dan alhamdulillah nyala semoga aja awet terimakasih seller,mantap sesuai pesanan dan alhamdulillah nyala semoga aja awet terimakasih seller,11,positive,0.75,80,0.025,0.0,0.0,0.0,0.00625,0
koreanfood.majalengka6,Semoga awet 😀,5,11,1738669560,semoga awet,semoga awet,2,neutral,0.55,11,0.0,0.0,0.2,0.0,0.26,0
a*****7,"Alhamdulillah paket mendarat dengan selamat, semoga awet 🤲",5,1,1731737329,alhamdulillah paket mendarat dengan selamat semoga awet,alhamdulillah paket mendarat dengan selamat semoga awet,7,neutral,0.55,55,0.01818181818181818,0.0,0.0,0.0,0.004545454545454545,0
giyartosuwarno,Anak saya senang..terimakasih gan  😊👍🙏,5,12,1734868420,anak saya senang terimakasih gan,anak saya senang terimakasih gan,5,neutral,0.55,32,0.0,0.0,0.0,0.0,0.0,0
jhoonny48,"Desain:Terlihat keren dan modern
Fungsi:Berjalan dengan baik sesuai deskripsi
Fitur:ok

Minus ga ada audio jadi harus pake adapter tambahan dan ga ada kabel VGA, jadi kalo mau pasang VGA pake yang No pin power lebih aman, Ovel all is good",5,1,1759757142,desain terlihat keren dan modern fungsi berjalan dengan baik sesuai deskripsi fitur ok minus ga ada audio jadi harus pake adapter tambahan dan ga ada kabel vga jadi kalo mau pasang vga pake yang no pin power lebih aman ovel all is good,desain terlihat keren dan modern fungsi berjalan dengan baik sesuai deskripsi fitur ok minus ga ada audio jadi harus pake adapter tambahan dan ga ada kabel vga jadi kalo mau pasang vga pake yang no pin power lebih aman ovel all is good,43,positive,0.75,235,0.00851063829787234,0.27906976744186046,0.0,0.0,0.0718951014349332,0
febriindrawan868,"Fitur Terbaik:Baik
Sepadan dengan Harga:Iya

Tampilan menarik, bagus n berfunhsi dgn baik.. packing rapi tpi agak beda sidikit dari yg dikirim.. Tpi tak apalah??",5,3,1755909328,fitur terbaik baik sepadan dengan harga iya tampilan menarik bagus n berfunhsi dgn baik packing rapi tpi agak beda sidikit dari yg dikirim tpi tak apalah,fitur terbaik baik sepadan dengan harga iya tampilan menarik bagus n berfunhsi dgn baik packing rapi tpi agak beda sidikit dari yg dikirim tpi tak apalah,26,positive,0.75,153,0.0,0.15384615384615385,0.0,0.0,0.038461538461538464,0
bangmoy09,"Desain:ok
Fungsi:ok
Fitur:ok

Berfungsi dengan baik👍terimakasih",5,0,1745129737,desain ok fungsi ok fitur ok berfungsi dengan baik terimakasih,desain ok fungsi ok fitur ok berfungsi dengan baik terimakasih,10,neutral,0.55,62,0.0,0.3,0.0,0.0,0.075,0
cuplisdwi,"pengemasan rapih
pelayanan ramah dan cepat
upupupupupupup",5,11,1755946119,pengemasan rapih pelayanan ramah dan cepat upupupupupupup,pengemasan rapih pelayanan ramah dan cepat upupupupupupup,7,positive,0.75,57,0.0,0.0,0.0,0.0,0.0,0
akbarsolo202,"Fitur Terbaik:semua barang masih ok

Adminya ramah kalo ada kesalahan adminya membantu debes pokoknya",5,1,1729062778,fitur terbaik semua barang masih ok adminya ramah kalo ada kesalahan adminya membantu debes pokoknya,fitur terbaik semua barang masih ok adminya ramah kalo ada kesalahan adminya membantu debes pokoknya,15,neutral,0.55,100,0.0,0.13333333333333333,0.0,0.0,0.03333333333333333,0
hasanalzahil,"Datang dengan selamat... HANYA saja, packing tidak baik baik saja. Mungkin Kurir nya kasar, atau kekuatan kayu yang kurang baik... Semuanya baik dan berfungsi",4,64,1762175148,datang dengan selamat hanya saja packing tidak baik baik saja mungkin kurir nya kasar atau kekuatan kayu yang kurang baik semuanya baik dan berfungsi,datang dengan selamat hanya saja packing tidak baik baik saja mungkin kurir nya kasar atau kekuatan kayu yang kurang baik semuanya baik dan berfungsi,24,negative,0.75,149,0.0,0.25,0.0,1.0,0.2625,0
aqilaphonsel,Lumayan buat kantor,5,7,1743314177,lumayan buat kantor,lumayan buat kantor,3,neutral,0.55,19,0.0,0.0,0.0,0.0,0.0,0
a*****1,"Fitur:Bagus
Fungsi:baik normal
Kegunaan:Sangat bermanfaat",5,0,1730697169,fitur bagus fungsi baik normal kegunaan sangat bermanfaat,fitur bagus fungsi baik normal kegunaan sangat bermanfaat,8,positive,0.75,57,0.03508771929824561,0.0,0.0,0.0,0.008771929824561403,0
arakproduction,"Desain:menarik
Fungsi:berkerja dengan baik
Fitur:bagus",5,0,1745927392,desain menarik fungsi berkerja dengan baik fitur bagus,desain menarik fungsi berkerja dengan baik fitur bagus,8,positive,0.75,54,0.0,0.0,0.0,0.0,0.0,0
afnuund,Makasih y,5,4,1735701910,makasih y,makasih y,2,neutral,0.55,9,0.0,0.0,0.0,0.0,0.2,0
fhridaselpia,"Fungsi:bekerja dgn bsik
Fitur:bagus dan berguna
Desain:baik

Cuma layar terlalu kecil",4,1,1754705183,fungsi bekerja dgn bsik fitur bagus dan berguna desain baik cuma layar terlalu kecil,fungsi bekerja dgn bsik fitur bagus dan berguna desain baik cuma layar terlalu kecil,14,positive,0.75,84,0.0,0.0,0.0,0.0,0.0,0
badrussholeharif,,5,3,1740492428,,,1,neutral,0.55,0,0.0,0.0,0.0,0.0,0.6,1
putrapalembang8888,"Mantap pc nya,rekomended bgt nih ",5,0,1738669580,mantap pc nya rekomended bgt nih,mantap pc nya rekomended bgt nih,6,positive,0.75,32,0.0,0.0,0.0,0.0,0.0,0
e*****n,"Barang sesuai pesanan, sampai kaltim dengan aman karena ada packing kayu meski bnyak patah tp barang aman. Trimakasih",5,0,1743315074,barang sesuai pesanan sampai kaltim dengan aman karena ada packing kayu meski bnyak patah tp barang aman trimakasih,barang sesuai pesanan sampai kaltim dengan aman karena ada packing kayu meski bnyak patah tp barang aman trimakasih,18,positive,0.75,115,0.0,0.2222222222222222,0.0,0.0,0.05555555555555555,0
m*****9,"Fitur Terbaik:Mantapp
Sepadan dengan Harga:Mantapp untuk harga segini",5,2,1723875176,fitur terbaik mantapp sepadan dengan harga mantapp untuk harga segini,fitur terbaik mantapp sepadan dengan harga mantapp untuk harga segini,10,neutral,0.55,69,0.028985507246376812,0.4,0.0,0.0,0.10724637681159421,0
f*****t,"Mantap!!!! Spek sesuai pesanan, sudah di pake, paket di packing aman 👍👌tiba dengan dg selamat. Game tidak semua di install, hanya beberapa saja.",5,0,1743850320,mantap spek sesuai pesanan sudah di pake paket di packing aman tiba dengan dg selamat game tidak semua di install hanya beberapa saja,mantap spek sesuai pesanan sudah di pake paket di packing aman tiba dengan dg selamat game tidak semua di install hanya beberapa saja,23,positive,0.75,133,0.007518796992481203,0.13043478260869565,0.0,0.0,0.03448839490029421,0
danirosa856,"Fitur:bagus
Desain:bagus
Fungsi:berfungsi

Aplikasi ada beberapa yang tidak bisa di buka mau di download tidak bisa di install ",4,0,1739883578,fitur bagus desain bagus fungsi berfungsi aplikasi ada beberapa yang tidak bisa di buka mau di download tidak bisa di install,fitur bagus desain bagus fungsi berfungsi aplikasi ada beberapa yang tidak bisa di buka mau di download tidak bisa di install,21,neutral,0.55,125,0.008,0.42857142857142855,0.0,0.0,0.10914285714285714,0
angko15,"Fitur Terbaik:lancar
Sepadan dengan Harga:sepadan

Casing ada yg pecah,,game banyak yg gk bisa dibuka
Lainnya lancar,,respon bagus",5,4,1741830154,fitur terbaik lancar sepadan dengan harga sepadan casing ada yg pecah game banyak yg gk bisa dibuka lainnya lancar respon bagus,fitur terbaik lancar sepadan dengan harga sepadan casing ada yg pecah game banyak yg gk bisa dibuka lainnya lancar respon bagus,21,positive,0.75,127,0.007874015748031496,0.2857142857142857,0.0,0.0,0.0733970753655793,0
indasari274,"Desain:ok dengan harga sesuai
Fungsi:lancar mksih kk yg punya toko makasih juga buat kurir nya MLM2 udh mau anterin

Semoga lancar toko dan kurir nya bnyk pngiriman nya Amanah semua Poko nya",5,5,1765235414,desain ok dengan harga sesuai fungsi lancar mksih kk yg punya toko makasih juga buat kurir nya mlm2 udh mau anterin semoga lancar toko dan kurir nya bnyk pngiriman nya amanah semua poko nya,desain ok dengan harga sesuai fungsi lancar mksih kk yg punya toko makasih juga buat kurir nya mlm2 udh mau anterin semoga lancar toko dan kurir nya bnyk pngiriman nya amanah semua poko nya,34,positive,0.75,189,0.005291005291005291,0.29411764705882354,0.0,0.0,0.07485216308745721,0
sepibnumalik,"Fitur Terbaik:baranh oke .. semoga aweet
Sepadan dengan Harga:iyaa

barang oke respon cepat .. gak kecewa ..
semoga awet",5,0,1703236658,fitur terbaik baranh oke semoga aweet sepadan dengan harga iyaa barang oke respon cepat gak kecewa semoga awet,fitur terbaik baranh oke semoga aweet sepadan dengan harga iyaa barang oke respon cepat gak kecewa semoga awet,18,positive,0.75,110,0.01818181818181818,0.2222222222222222,0.0,0.0,0.0601010101010101,0
argasadewa933,"Fungsi:Alhamdulillah baik
Desain:keren
Fitur:mantap

Semoga awet untuk mencari rupiah",5,0,1744140197,fungsi alhamdulillah baik desain keren fitur mantap semoga awet untuk mencari rupiah,fungsi alhamdulillah baik desain keren fitur mantap semoga awet untuk mencari rupiah,12,positive,0.75,84,0.011904761904761904,0.0,0.0,0.0,0.002976190476190476,0
tarmo7,,5,1,1722827751,,,1,neutral,0.55,0,0.0,0.0,0.0,0.0,0.6,1
bangshan98,"Mantap sesuai pesanan, next mau order HDD nya juga biar makin mantap PC nya😍, pengiriman sedikit lama tapi tidak masalah, pokonya toko nya amanah 👍☺️🙏",5,0,1753983648,mantap sesuai pesanan next mau order hdd nya juga biar makin mantap pc nya pengiriman sedikit lama tapi tidak masalah pokonya toko nya amanah,mantap sesuai pesanan next mau order hdd nya juga biar makin mantap pc nya pengiriman sedikit lama tapi tidak masalah pokonya toko nya amanah,24,neutral,0.55,141,0.0070921985815602835,0.20833333333333334,0.0,0.0,0.05385638297872341,0
mainyuuuuuuu,"Terbaik dah, mantap! Rekomendasi bnget pokonya the best",5,1,1743988633,terbaik dah mantap rekomendasi bnget pokonya the best,terbaik dah mantap rekomendasi bnget pokonya the best,8,positive,0.75,53,0.0,0.0,0.0,0.0,0.0,0
adimu02,"Sepadan dengan Harga:mantap as
Fitur Terbaik:baik

Mantap",5,5,1715171892,sepadan dengan harga mantap as fitur terbaik baik mantap,sepadan dengan harga mantap as fitur terbaik baik mantap,9,positive,0.75,56,0.0,0.2222222222222222,0.0,0.0,0.05555555555555555,0
sofyan.091,Mantep si apa yg diminta dikasih cmn tak kira 4 core tapi gpp udah standard lah,5,3,1737692495,mantep si apa yg diminta dikasih cmn tak kira 4 core tapi gpp udah standard lah,mantep si apa yg diminta dikasih cmn tak kira 4 core tapi gpp udah standard lah,16,neutral,0.55,79,0.012658227848101266,0.0,0.0,0.0,0.0031645569620253164,0
milasitorus,"Fitur:bagus
Fungsi:semua berfungsi
Kegunaan:untuk cari cuan

Barang bagus, cuma PSU nya mati setelah (2 jam pakai hangus) yah namanya barang elektronik nasib nasipan
Tokonya mau kok ganti BARU, tapi kita ganti sendiri aja  sekalian upgrade 
TERIMAKASIH atas pelayanan nya! 
Jangan ragu belanja disini
Admin nya ramah dan tanggap",4,1,1765473708,fitur bagus fungsi semua berfungsi kegunaan untuk cari cuan barang bagus cuma psu nya mati setelah 2 jam pakai hangus yah namanya barang elektronik nasib nasipan tokonya mau kok ganti baru tapi kita ganti sendiri aja sekalian upgrade terimakasih atas pelayanan nya jangan ragu belanja disini admin nya ramah dan tanggap,fitur bagus fungsi semua berfungsi kegunaan untuk cari cuan barang bagus cuma psu nya mati setelah 2 jam pakai hangus yah namanya barang elektronik nasib nasipan tokonya mau kok ganti baru tapi kita ganti sendiri aja sekalian upgrade terimakasih atas pelayanan nya jangan ragu belanja disini admin nya ramah dan tanggap,51,positive,0.75,319,0.006269592476489028,0.17647058823529413,0.0,0.0,0.04568504517794579,0
cindyaniaa,Semoga awet,5,16,1756351837,semoga awet,semoga awet,2,neutral,0.55,11,0.0,0.0,0.2,0.0,0.26,0
d*****a,mantap 🔥,5,6,1734777099,mantap,mantap,1,positive,0.75,6,0.0,0.0,0.2,0.0,0.6599999999999999,1
sarimolen,"Sudah sampai om, sudah tak gunakan buat bekerja. Semua oke..  Saya tak order 1 unit lagi... Recomended banget! Suwon ya kang....",5,1,1742556817,sudah sampai om sudah tak gunakan buat bekerja semua oke saya tak order 1 unit lagi recomended banget suwon ya kang,sudah sampai om sudah tak gunakan buat bekerja semua oke saya tak order 1 unit lagi recomended banget suwon ya kang,21,neutral,0.55,115,0.0,0.19047619047619047,0.0,0.0,0.047619047619047616,0
arosadi08,Ok gas ok gas,5,0,1719840020,ok gas ok gas,ok gas ok gas,4,neutral,0.55,13,0.0,1.0,0.0,0.0,0.45,0
jamainmaing,"Fungsi:bekerja dengan baik
Desain:telihat keren
Fitur:sesuai bajet",5,0,1740681654,fungsi bekerja dengan baik desain telihat keren fitur sesuai bajet,fungsi bekerja dengan baik desain telihat keren fitur sesuai bajet,10,positive,0.75,66,0.0,0.0,0.0,0.0,0.0,0
fik_213,Sejauh ini aman .. Semoga awet .. Thank sseller.,5,15,1734340561,sejauh ini aman semoga awet thank sseller,sejauh ini aman semoga awet thank sseller,7,neutral,0.55,41,0.04878048780487805,0.0,0.0,0.0,0.012195121951219513,0
shanum123456,"Desain:terlihat bagus menarik
Fungsi:baik
Fitur:bagus sekali

Alhamdulillah paket sdh mendarat dengan baik, sdh di cb bisa nyala dan berfungsi dengan baik. Mantap semoga bermanfaat. Terimakasih",5,1,1762174990,desain terlihat bagus menarik fungsi baik fitur bagus sekali alhamdulillah paket sdh mendarat dengan baik sdh di cb bisa nyala dan berfungsi dengan baik mantap semoga bermanfaat terimakasih,desain terlihat bagus menarik fungsi baik fitur bagus sekali alhamdulillah paket sdh mendarat dengan baik sdh di cb bisa nyala dan berfungsi dengan baik mantap semoga bermanfaat terimakasih,28,positive,0.75,189,0.010582010582010581,0.32142857142857145,0.0,0.0,0.08300264550264551,0
s*****s,Next windows defendernya di non aktifkan sekalian kak biar filenya gak kemakan 😁🙏,5,0,1707371613,next windows defendernya di non aktifkan sekalian kak biar filenya gak kemakan,next windows defendernya di non aktifkan sekalian kak biar filenya gak kemakan,12,neutral,0.55,78,0.0,0.0,0.0,0.0,0.0,0
akbarmuhammad220699,Sesuai harga,5,1,1742818837,sesuai harga,sesuai harga,2,positive,0.75,12,0.0,0.0,0.0,0.0,0.2,0
e*****t,"Fungsi:cukup baik
Desain:bagus
Fitur:bagus

Sesaui",4,2,1760769729,fungsi cukup baik desain bagus fitur bagus sesaui,fungsi cukup baik desain bagus fitur bagus sesaui,8,positive,0.75,49,0.0,0.25,0.0,0.0,0.0625,0
e_ram_h,Okee mamtap,5,5,1746617016,okee mamtap,okee mamtap,2,neutral,0.55,11,0.09090909090909091,0.0,0.0,0.0,0.22272727272727275,0
yudimahmud591,"Sepadan dengan Harga:sepadan

Cuma yang saya kecewa enggak ada kabel vganya",3,7,1765069042,sepadan dengan harga sepadan cuma yang saya kecewa enggak ada kabel vganya,sepadan dengan harga sepadan cuma yang saya kecewa enggak ada kabel vganya,12,neutral,0.55,74,0.013513513513513514,0.16666666666666666,0.0,0.0,0.04504504504504504,0
riyoboys09,"Desain:menarik
Fungsi:beroperasi dengan baik
Fitur:bagus",5,0,1760457871,desain menarik fungsi beroperasi dengan baik fitur bagus,desain menarik fungsi beroperasi dengan baik fitur bagus,8,positive,0.75,56,0.0,0.0,0.0,0.0,0.0,0
a*****a,Mantuuulllll pokoknya deh...makasih seller...👍👍👍,5,6,1719008964,mantuuulllll pokoknya deh makasih seller,mantuuulllll pokoknya deh makasih seller,5,neutral,0.55,40,0.175,0.0,0.0,0.0,0.04375,0
v*****2,"Recommended,. Berkualitas seller ramah,🥰🥰🥰",5,2,1699232838,recommended berkualitas seller ramah,recommended berkualitas seller ramah,4,positive,0.75,36,0.05555555555555555,0.0,0.0,0.0,0.013888888888888888,0
nesstore.id,"Desain:top
Fungsi:top
Fitur:top",5,1,1756351897,desain top fungsi top fitur top,desain top fungsi top fitur top,6,neutral,0.55,31,0.0,0.5,0.0,0.0,0.125,0
zenitsu08,,5,7,1710067904,,,1,neutral,0.55,0,0.0,0.0,0.0,0.0,0.6,1
c*****n,Fitur Terbaik:pc nya sesuai,5,1,1692955640,fitur terbaik pc nya sesuai,fitur terbaik pc nya sesuai,5,positive,0.75,27,0.0,0.0,0.0,0.0,0.0,0
ryanmaryan,"Desain:bagus
Fungsi:bagus
Fitur:bagus

Sistem berjalan bagus semoga awet
Untuk paket
Datang nya kotak nya basah berair dan kotak cpu lembab 
Was was juga tadi
basah sampai ke kotak cpu
Entah di letak d bawah air atau gimana
Tapi aman dan berjalan bagus",4,0,1746874206,desain bagus fungsi bagus fitur bagus sistem berjalan bagus semoga awet untuk paket datang nya kotak nya basah berair dan kotak cpu lembab was was juga tadi basah sampai ke kotak cpu entah di letak d bawah air atau gimana tapi aman dan berjalan bagus,desain bagus fungsi bagus fitur bagus sistem berjalan bagus semoga awet untuk paket datang nya kotak nya basah berair dan kotak cpu lembab was was juga tadi basah sampai ke kotak cpu entah di letak d bawah air atau gimana tapi aman dan berjalan bagus,45,positive,0.75,250,0.0,0.4444444444444444,0.0,0.0,0.1111111111111111,0
elvagovinda,,5,1,1737643317,,,1,neutral,0.55,0,0.0,0.0,0.0,0.0,0.6,1
samun0621,,5,0,1745562248,,,1,neutral,0.55,0,0.0,0.0,0.0,0.0,0.6,1
nurimansyah75,,5,1,1707644549,,,1,neutral,0.55,0,0.0,0.0,0.0,0.0,0.6,1
,Baru dicoba semoga awet,5,5,1706529504,baru dicoba semoga awet,baru dicoba semoga awet,4,neutral,0.55,23,0.0,0.0,0.0,0.0,0.0,0
naufalazizalm,Aman dan amanah,5,1,1753888947,aman dan amanah,aman dan amanah,3,neutral,0.55,15,0.0,0.0,0.0,0.0,0.2,0
yulianisyadira,,5,1,1736307162,,,1,neutral,0.55,0,0.0,0.0,0.0,0.0,0.6,1
m_nuris95,"Alhamdulillah sesuai pesanan🥰
Terbaik👍",5,0,1702080997,alhamdulillah sesuai pesanan terbaik,alhamdulillah sesuai pesanan terbaik,4,positive,0.75,36,0.027777777777777776,0.0,0.0,0.0,0.006944444444444444,0
suryaae,,5,0,1733571289,,,1,neutral,0.55,0,0.0,0.0,0.0,0.0,0.6,1
dhuhasyams,Berfungsi dengan baik. Tengkyu,5,0,1713429153,berfungsi dengan baik tengkyu,berfungsi dengan baik tengkyu,4,neutral,0.55,29,0.0,0.0,0.0,0.0,0.0,0
balmondtampan,"Fungsi:berpungsi dengan baik
Fitur:bagus

Mudah mudahan awet",5,0,1742643589,fungsi berpungsi dengan baik fitur bagus mudah mudahan awet,fungsi berpungsi dengan baik fitur bagus mudah mudahan awet,9,positive,0.75,59,0.0,0.0,0.0,0.0,0.0,0
muhammadyusrilizha,sukak buanget! thankyou ya min🫶🏻,5,0,1754327536,sukak buanget thankyou ya min,sukak buanget thankyou ya min,5,neutral,0.55,29,0.0,0.0,0.0,0.0,0.0,0
faraytodylinardauw,,5,1,1594846334,,,1,neutral,0.55,0,0.0,0.0,0.0,0.0,0.6,1
jiddanfadli,"Desain:pas
Fungsi:berjalan baik
Fitur:lengkap

Semuanya berfungsi dan pelayanannya mantap",5,0,1764492593,desain pas fungsi berjalan baik fitur lengkap semuanya berfungsi dan pelayanannya mantap,desain pas fungsi berjalan baik fitur lengkap semuanya berfungsi dan pelayanannya mantap,12,positive,0.75,88,0.011363636363636364,0.0,0.0,0.0,0.002840909090909091,0
farichazhar,"Fungsi:bekerja dengan sangat baik
Fitur:bagus dan sangat berguna

Dengan harga yg terjangkau sangat takjub dengan apa yg di dapatkan. Terimakasih banyak .
Sangat rekomen untuk kaum mendang mending",5,0,1717317182,fungsi bekerja dengan sangat baik fitur bagus dan sangat berguna dengan harga yg terjangkau sangat takjub dengan apa yg di dapatkan terimakasih banyak sangat rekomen untuk kaum mendang mending,fungsi bekerja dengan sangat baik fitur bagus dan sangat berguna dengan harga yg terjangkau sangat takjub dengan apa yg di dapatkan terimakasih banyak sangat rekomen untuk kaum mendang mending,29,positive,0.75,192,0.0,0.3103448275862069,0.0,0.0,0.07758620689655173,0
082372370404.zainal,Mantap bos,5,0,1743914776,mantap bos,mantap bos,2,positive,0.75,10,0.0,0.0,0.0,0.0,0.2,0
adcahyo,,5,1,1752247601,,,1,neutral,0.55,0,0.0,0.0,0.0,0.0,0.6,1
q*****7,"Fungsi:baik
Fitur:no kendala",5,1,1755474875,fungsi baik fitur no kendala,fungsi baik fitur no kendala,5,neutral,0.55,28,0.0,0.0,0.0,0.0,0.0,0
yennihari87,"Semua berfungsi dg baik,, tp kirain ad cd room ternyta ga ada,, tq seller",4,19,1745040720,semua berfungsi dg baik tp kirain ad cd room ternyta ga ada tq seller,semua berfungsi dg baik tp kirain ad cd room ternyta ga ada tq seller,14,neutral,0.55,69,0.028985507246376812,0.0,0.0,0.0,0.007246376811594203,0
senjou29,Pcnya mini speknya gahar hanya saja layarnya kecil dan juga gamenya kurg komplit tapi gpp msh bisa di instal sendiri,5,0,1753093220,pcnya mini speknya gahar hanya saja layarnya kecil dan juga gamenya kurg komplit tapi gpp msh bisa di instal sendiri,pcnya mini speknya gahar hanya saja layarnya kecil dan juga gamenya kurg komplit tapi gpp msh bisa di instal sendiri,20,neutral,0.55,116,0.008620689655172414,0.0,0.0,0.0,0.0021551724137931034,0
joshualase083,"Desain:Sesuai dengan keinginan
Fungsi:Sangat mudah dan berfungsi bagus
Fitur:Sesuai Walaupun ada yang kurang di masukin bonus nya

Semuanya aman, minus di prosesor tidak sesuai dengan Spesifikasi yang saya pesan

Kedepan bisa di upgrade lagi",5,0,1758278948,desain sesuai dengan keinginan fungsi sangat mudah dan berfungsi bagus fitur sesuai walaupun ada yang kurang di masukin bonus nya semuanya aman minus di prosesor tidak sesuai dengan spesifikasi yang saya pesan kedepan bisa di upgrade lagi,desain sesuai dengan keinginan fungsi sangat mudah dan berfungsi bagus fitur sesuai walaupun ada yang kurang di masukin bonus nya semuanya aman minus di prosesor tidak sesuai dengan spesifikasi yang saya pesan kedepan bisa di upgrade lagi,37,neutral,0.55,238,0.0,0.2702702702702703,0.0,0.0,0.06756756756756757,0
znq1anpzvt,"Desain:mantap jiwa
Fungsi:gaming,editing
Fitur:bagus bener bisa GTA v lancar

Gacor sekali",5,0,1753520571,desain mantap jiwa fungsi gaming editing fitur bagus bener bisa gta v lancar gacor sekali,desain mantap jiwa fungsi gaming editing fitur bagus bener bisa gta v lancar gacor sekali,15,positive,0.75,89,0.0,0.0,0.0,0.0,0.0,0
n*****a,"Sepadan dengan Harga:sepadan
Fitur Terbaik:ok

Sementara belum bisa dicoba, ini konfirmasi barang sampai dulu... Nanti setelah di coba edit review-nya....Nerima barangnya dari orang rumah saya masih diluar",5,0,1714147136,sepadan dengan harga sepadan fitur terbaik ok sementara belum bisa dicoba ini konfirmasi barang sampai dulu nanti setelah di coba edit review nya nerima barangnya dari orang rumah saya masih diluar,sepadan dengan harga sepadan fitur terbaik ok sementara belum bisa dicoba ini konfirmasi barang sampai dulu nanti setelah di coba edit review nya nerima barangnya dari orang rumah saya masih diluar,31,neutral,0.55,197,0.0,0.06451612903225806,0.0,0.0,0.016129032258064516,0
immel0502,,5,0,1731547313,,,1,neutral,0.55,0,0.0,0.0,0.0,0.0,0.6,1
mkhalifah,,5,0,1746095331,,,1,neutral,0.55,0,0.0,0.0,0.0,0.0,0.6,1
rian_putra03,,5,0,1654434355,,,1,neutral,0.55,0,0.0,0.0,0.0,0.0,0.6,1
muhammadimamwahyudis.pd,,5,0,1743940477,,,1,neutral,0.55,0,0.0,0.0,0.0,0.0,0.6,1
thomaskurniailahi922,,5,0,1735548234,,,1,neutral,0.55,0,0.0,0.0,0.0,0.0,0.6,1
muhammadraksasukma,mantap jiwa pokonyaaa gak nyesel beli disiniiii🤩🤩🤩🤩🤩🤩,5,0,1756178760,mantap jiwa pokonyaaa gak nyesel beli disiniiii,mantap jiwa pokonyaaa gak nyesel beli disiniiii,7,positive,0.75,47,0.10638297872340426,0.0,0.0,0.0,0.026595744680851064,0
agusjj92,,5,0,1731772385,,,1,neutral,0.55,0,0.0,0.0,0.0,0.0,0.6,1
reskofaisal,"Fungsi:Normal
Fitur:lumayan

Okk mantappp ssuai psnn, ada yg karat bagian atas PC ny , tapi fungsi hidup mudah""an awet lah",5,0,1755084626,fungsi normal fitur lumayan okk mantappp ssuai psnn ada yg karat bagian atas pc ny tapi fungsi hidup mudah an awet lah,fungsi normal fitur lumayan okk mantappp ssuai psnn ada yg karat bagian atas pc ny tapi fungsi hidup mudah an awet lah,22,neutral,0.55,118,0.0423728813559322,0.09090909090909091,0.0,0.0,0.03332049306625578,0
muharif090400,"Mantap dah semoga awet 
Pengiriman aman 
Mantap mantap respon penjual juga mantap",5,5,1724073462,mantap dah semoga awet pengiriman aman mantap mantap respon penjual juga mantap,mantap dah semoga awet pengiriman aman mantap mantap respon penjual juga mantap,12,positive,0.75,79,0.0,0.3333333333333333,0.0,0.0,0.08333333333333333,0
priyayi18,monitor Blank screen,5,1,1759988714,monitor blank screen,monitor blank screen,3,neutral,0.55,20,0.05,0.0,0.0,0.0,0.0125,0
m*****t,"Fungsi:berungsi
Fitur:ok
Kegunaan:ok",5,0,1735227346,fungsi berungsi fitur ok kegunaan ok,fungsi berungsi fitur ok kegunaan ok,6,neutral,0.55,36,0.027777777777777776,0.3333333333333333,0.0,0.0,0.09027777777777778,0
karimmamlucky,"Jos sekali....
Recomemded pokoknya buat yg nyari pc",5,0,1636280509,jos sekali recomemded pokoknya buat yg nyari pc,jos sekali recomemded pokoknya buat yg nyari pc,8,neutral,0.55,47,0.0,0.0,0.0,0.0,0.0,0
gallery_bajunik.id,"Fungsi:mantap

Allhamdulillah semua seperti apa yg disampaikan seller..sesuai....semoga berkah jualanya kk..tmbh maju..aamiin",5,0,1722829642,fungsi mantap allhamdulillah semua seperti apa yg disampaikan seller sesuai semoga berkah jualanya kk tmbh maju aamiin,fungsi mantap allhamdulillah semua seperti apa yg disampaikan seller sesuai semoga berkah jualanya kk tmbh maju aamiin,17,positive,0.75,118,0.05084745762711865,0.0,0.0,0.0,0.012711864406779662,0
muhammadjais88,Desain:bagus,5,0,1752560114,desain bagus,desain bagus,2,positive,0.75,12,0.0,0.0,0.0,0.0,0.2,0
m*****2,"terlihat kotor tapi gapapa, speaker tidak bisa digunakan",5,0,1756788658,terlihat kotor tapi gapapa speaker tidak bisa digunakan,terlihat kotor tapi gapapa speaker tidak bisa digunakan,8,negative,0.75,55,0.0,0.0,0.0,1.0,0.2,0
dafinpajri,Mudah2 awet bang,5,0,1719488455,mudah2 awet bang,mudah2 awet bang,3,neutral,0.55,16,0.0,0.0,0.0,0.0,0.0,0
titobadraider,"Fungsi:mantab
Kegunaan:baik",5,0,1730351210,fungsi mantab kegunaan baik,fungsi mantab kegunaan baik,4,neutral,0.55,27,0.037037037037037035,0.0,0.0,0.0,0.009259259259259259,0
tjaya89,"Semoga barangnya awet tanpa kendala apapun, dan semoga bkn orderan yg terakhir dan bisa kita pasarkan lagi.",5,5,1619880729,semoga barangnya awet tanpa kendala apapun dan semoga bkn orderan yg terakhir dan bisa kita pasarkan lagi,semoga barangnya awet tanpa kendala apapun dan semoga bkn orderan yg terakhir dan bisa kita pasarkan lagi,17,neutral,0.55,105,0.0,0.23529411764705882,0.0,0.0,0.058823529411764705,0
mamatb34,"Fungsi:bekerja dengan baik
Fitur:baguss

mantap.. desain oke sesuai dengan deskripsi.. terimakasih seller dan shopeee",5,0,1737220987,fungsi bekerja dengan baik fitur baguss mantap desain oke sesuai dengan deskripsi terimakasih seller dan shopeee,fungsi bekerja dengan baik fitur baguss mantap desain oke sesuai dengan deskripsi terimakasih seller dan shopeee,16,positive,0.75,112,0.03571428571428571,0.125,0.0,0.0,0.040178571428571425,0
papah_afif,,5,0,1752578805,,,1,neutral,0.55,0,0.0,0.0,0.0,0.0,0.6,1
gueyogir,,5,0,1754872796,,,1,neutral,0.55,0,0.0,0.0,0.0,0.0,0.6,1
ankqisntuayahnyabalqis,,5,0,1743249461,,,1,neutral,0.55,0,0.0,0.0,0.0,0.0,0.6,1
gjay123,"Fungsi:bekerja dengan baik
Fitur:bonus aplikasi lengkap sesuai deskripsi

Barang bagus bersih rapih berfungsi lengkap aman sampe tujuan packing kayu dan aman",5,0,1734572091,fungsi bekerja dengan baik fitur bonus aplikasi lengkap sesuai deskripsi barang bagus bersih rapih berfungsi lengkap aman sampe tujuan packing kayu dan aman,fungsi bekerja dengan baik fitur bonus aplikasi lengkap sesuai deskripsi barang bagus bersih rapih berfungsi lengkap aman sampe tujuan packing kayu dan aman,23,positive,0.75,156,0.0,0.17391304347826086,0.0,0.0,0.043478260869565216,0
m*****s,,4,9,1744992652,,,1,neutral,0.55,0,0.0,0.0,0.0,0.0,0.6,1
b*****4,Anjay suranjay,5,0,1754661166,anjay suranjay,anjay suranjay,2,neutral,0.55,14,0.0,0.0,0.0,0.0,0.2,0
nt7v5up6_9,Mantap..,5,0,1631961759,mantap,mantap,1,positive,0.75,6,0.0,0.0,0.2,0.0,0.6599999999999999,1
rengermerah1,"Fungsi:lunayan

Pas ada kendala Penjual fast respon",5,0,1730370304,fungsi lunayan pas ada kendala penjual fast respon,fungsi lunayan pas ada kendala penjual fast respon,8,neutral,0.55,50,0.0,0.0,0.0,0.0,0.0,0
fakrifakri568,"Fungsi:bekerja dengan baik
Desain:terlihat keren dan modern
Fitur:bagus dan berguna

ya sesuai dengan bajet.",5,0,1743894268,fungsi bekerja dengan baik desain terlihat keren dan modern fitur bagus dan berguna ya sesuai dengan bajet,fungsi bekerja dengan baik desain terlihat keren dan modern fitur bagus dan berguna ya sesuai dengan bajet,17,positive,0.75,106,0.0,0.23529411764705882,0.0,0.0,0.058823529411764705,0
a*****a,"kualitas produk luar biasa baik. pengiriman sangat aman dengan packing kayu.
aman tanpa ada kendala..terimaa kasih",5,0,1737788053,kualitas produk luar biasa baik pengiriman sangat aman dengan packing kayu aman tanpa ada kendala terimaa kasih,kualitas produk luar biasa baik pengiriman sangat aman dengan packing kayu aman tanpa ada kendala terimaa kasih,17,neutral,0.55,111,0.009009009009009009,0.11764705882352941,0.0,0.0,0.0316640169581346,0
putraimam1,👍👍,5,0,1634389311,,,1,neutral,0.55,0,0.0,0.0,0.0,0.0,0.6,1
hanifalfian14,"Packing rapih, paket mendarat dengan selamat . Saller fast respon👍",5,0,1662551272,packing rapih paket mendarat dengan selamat saller fast respon,packing rapih paket mendarat dengan selamat saller fast respon,9,neutral,0.55,62,0.016129032258064516,0.0,0.0,0.0,0.004032258064516129,0
o*****2,"Desain:mewah
Fungsi:normal
Fitur:bagus",5,0,1754470062,desain mewah fungsi normal fitur bagus,desain mewah fungsi normal fitur bagus,6,positive,0.75,38,0.0,0.0,0.0,0.0,0.0,0
hokieestore99,Barang mendarat dengan aman terimakasih semoga bisa berfungsi dengan baik,5,0,1720275077,barang mendarat dengan aman terimakasih semoga bisa berfungsi dengan baik,barang mendarat dengan aman terimakasih semoga bisa berfungsi dengan baik,10,neutral,0.55,73,0.0,0.2,0.0,0.0,0.05,0
mamabobi72,"Desain:menarik
Fungsi:bagus
Fitur:lumayan",5,0,1759018419,desain menarik fungsi bagus fitur lumayan,desain menarik fungsi bagus fitur lumayan,6,positive,0.75,41,0.0,0.0,0.0,0.0,0.0,0
zenmerch.co,Mantaps bosku sukses selalu 🤲🤲,5,0,1656047366,mantaps bosku sukses selalu,mantaps bosku sukses selalu,4,neutral,0.55,27,0.0,0.0,0.0,0.0,0.0,0
rudfahrud,"Fungsi:bagus
Fitur:bagus

Masih belajar cara gunakannya
Admin baik 👍",5,0,1733554125,fungsi bagus fitur bagus masih belajar cara gunakannya admin baik,fungsi bagus fitur bagus masih belajar cara gunakannya admin baik,10,positive,0.75,65,0.015384615384615385,0.2,0.0,0.0,0.05384615384615385,0
sison1sison1,Sangatttt bagussss 👍👍,5,0,1720834204,sangatttt bagussss,sangatttt bagussss,2,neutral,0.55,18,0.3333333333333333,0.0,0.0,0.0,0.08333333333333333,0
lumious_indonesia,"Barang berfungsi normal, semua part lengkap pengiriman aman , terima kasih seller",5,0,1763861496,barang berfungsi normal semua part lengkap pengiriman aman terima kasih seller,barang berfungsi normal semua part lengkap pengiriman aman terima kasih seller,11,neutral,0.55,78,0.01282051282051282,0.0,0.0,0.0,0.003205128205128205,0
dhani_alf,"Fitur Terbaik:sip pokoknya

Produk oke.. penjualnya amanah, respon sangat bagus...
Rekomended seller...
The best maju terus usahanya..",5,2,1687571282,fitur terbaik sip pokoknya produk oke penjualnya amanah respon sangat bagus rekomended seller the best maju terus usahanya,fitur terbaik sip pokoknya produk oke penjualnya amanah respon sangat bagus rekomended seller the best maju terus usahanya,18,positive,0.75,122,0.00819672131147541,0.0,0.0,0.0,0.0020491803278688526,0
aku_rindukamu,"Respon bose lumayan cepet, tanggep,,,, ojo lali video unboxing, aku yakin dari toko udah di cek, di tes, cuma kita antisipasi, paket transit tidak cuma sekali, tapi berkali-kali, nahh di situlah resiko terbesarnya...",5,1,1739462102,respon bose lumayan cepet tanggep ojo lali video unboxing aku yakin dari toko udah di cek di tes cuma kita antisipasi paket transit tidak cuma sekali tapi berkali kali nahh di situlah resiko terbesarnya,respon bose lumayan cepet tanggep ojo lali video unboxing aku yakin dari toko udah di cek di tes cuma kita antisipasi paket transit tidak cuma sekali tapi berkali kali nahh di situlah resiko terbesarnya,34,negative,0.75,202,0.009900990099009901,0.14705882352941177,0.0,1.0,0.23923995340710544,0
,mantab,5,1,1693595250,mantab,mantab,1,neutral,0.55,6,0.0,0.0,0.0,0.0,0.6,1
mamyyanti,"Brhbg sy msh blm bs plg.
Sy ksh bintang jg.
Insya ALLAH amanah.
Psl sy percy pedagangnya baik n ramah kok.
Comen pmbeli pn bgs2 semua.",5,0,1643948515,brhbg sy msh blm bs plg sy ksh bintang jg insya allah amanah psl sy percy pedagangnya baik n ramah kok comen pmbeli pn bgs2 semua,brhbg sy msh blm bs plg sy ksh bintang jg insya allah amanah psl sy percy pedagangnya baik n ramah kok comen pmbeli pn bgs2 semua,26,neutral,0.55,129,0.007751937984496124,0.11538461538461539,0.0,0.0,0.03078413834227788,0
nagaradaha485,"Fungsi:maaf bintang 3 dlu

Blom di coba ,, semoga aj fungsi smua",3,1,1744283930,fungsi maaf bintang 3 dlu blom di coba semoga aj fungsi smua,fungsi maaf bintang 3 dlu blom di coba semoga aj fungsi smua,12,neutral,0.55,60,0.016666666666666666,0.16666666666666666,0.0,0.0,0.04583333333333333,0
soppamarwati,"Fungsi:sangat baik
Fitur:bagus, dan kita bisa pesan yang kita mau dalam fitur

Terimakasih pengiriman sangat sangat cepat",5,0,1735832664,fungsi sangat baik fitur bagus dan kita bisa pesan yang kita mau dalam fitur terimakasih pengiriman sangat sangat cepat,fungsi sangat baik fitur bagus dan kita bisa pesan yang kita mau dalam fitur terimakasih pengiriman sangat sangat cepat,19,positive,0.75,119,0.0,0.3684210526315789,0.0,0.0,0.09210526315789473,0
nursuud401,"Kegunaan:keseluruhan alhamdulillah, barang nyampe dengan baik

Kegunaan:keyboard nya gak ada lampunya, tp keseluruhan alhamdulillah, barang nyampe dengan baik",5,1,1731737431,kegunaan keseluruhan alhamdulillah barang nyampe dengan baik kegunaan keyboard nya gak ada lampunya tp keseluruhan alhamdulillah barang nyampe dengan baik,kegunaan keseluruhan alhamdulillah barang nyampe dengan baik kegunaan keyboard nya gak ada lampunya tp keseluruhan alhamdulillah barang nyampe dengan baik,20,neutral,0.55,154,0.025974025974025976,0.7,0.0,0.0,0.18149350649350648,0
deviverasa,"Fitur Terbaik:yaa terbaik
Sepadan dengan Harga:sepadan

Adminnya ramah,,semoga awet barangnya
Sukses teruss yaa kak sellernya Aamiin",5,0,1707633759,fitur terbaik yaa terbaik sepadan dengan harga sepadan adminnya ramah semoga awet barangnya sukses teruss yaa kak sellernya aamiin,fitur terbaik yaa terbaik sepadan dengan harga sepadan adminnya ramah semoga awet barangnya sukses teruss yaa kak sellernya aamiin,19,neutral,0.55,130,0.05384615384615385,0.3157894736842105,0.0,0.0,0.0924089068825911,0
ekadian1010,"Desain:Bagus,,epik
Fungsi:nyala, semua berfungsi dengan baik
Fitur:Lumayan,, sesuai budget,,tp gak murahan 👍🏻👍🏻

bagus banget,, estimasi lebih cepat nyampek nya,..
rkomen deh,, lumayan buat belajar anak,,main n nonton..
makasih banyak ya seller,",5,0,1757985378,desain bagus epik fungsi nyala semua berfungsi dengan baik fitur lumayan sesuai budget tp gak murahan bagus banget estimasi lebih cepat nyampek nya rkomen deh lumayan buat belajar anak main n nonton makasih banyak ya seller,desain bagus epik fungsi nyala semua berfungsi dengan baik fitur lumayan sesuai budget tp gak murahan bagus banget estimasi lebih cepat nyampek nya rkomen deh lumayan buat belajar anak main n nonton makasih banyak ya seller,36,positive,0.75,223,0.004484304932735426,0.1111111111111111,0.0,0.0,0.028898854010961633,0
lexysure,"Barang oke, berfungsi dengan baik, sesuai pesanan, saler oke. tapi kabel powernya gabisa 1 & baut pengunci monitornya kaga ada",5,2,1690337286,barang oke berfungsi dengan baik sesuai pesanan saler oke tapi kabel powernya gabisa 1 baut pengunci monitornya kaga ada,barang oke berfungsi dengan baik sesuai pesanan saler oke tapi kabel powernya gabisa 1 baut pengunci monitornya kaga ada,19,positive,0.75,120,0.0,0.10526315789473684,0.0,0.0,0.02631578947368421,0
grosirbajumuslimpraja,Memuaskan,5,0,1725284611,memuaskan,memuaskan,1,neutral,0.55,9,0.0,0.0,0.0,0.0,0.2,0
a*****i,"Desain:menarik
Fungsi:berfungsi dengan baik 
Fitur:baik

Barang sudah diterima sesuai dengan pesanan pengiriman cepat respon penjual baik.
Cuma ada kendala di layar, mungkin dari ekspresi pengiriman di karenakan jauh.
",5,0,1744893462,desain menarik fungsi berfungsi dengan baik fitur baik barang sudah diterima sesuai dengan pesanan pengiriman cepat respon penjual baik cuma ada kendala di layar mungkin dari ekspresi pengiriman di karenakan jauh,desain menarik fungsi berfungsi dengan baik fitur baik barang sudah diterima sesuai dengan pesanan pengiriman cepat respon penjual baik cuma ada kendala di layar mungkin dari ekspresi pengiriman di karenakan jauh,31,positive,0.75,212,0.0,0.2903225806451613,0.0,0.0,0.07258064516129033,0
j*****f,Barang sampai dengan selamat... Respon penjual ramah.. Amanah terimakasih..🙏🙏🙏,5,2,1691564342,barang sampai dengan selamat respon penjual ramah amanah terimakasih,barang sampai dengan selamat respon penjual ramah amanah terimakasih,9,neutral,0.55,68,0.0,0.0,0.0,0.0,0.0,0
budhi_h81,"Sepadan dengan Harga:sangat
Fitur Terbaik:gming

Penjual ramah",5,1,1703395999,sepadan dengan harga sangat fitur terbaik gming penjual ramah,sepadan dengan harga sangat fitur terbaik gming penjual ramah,9,neutral,0.55,61,0.0,0.0,0.0,0.0,0.0,0
acc_88,"Fungsi:sangat baik
Desain:sangat baik
Fitur:sangat baik 😅🫢🫢",5,0,1744381188,fungsi sangat baik desain sangat baik fitur sangat baik,fungsi sangat baik desain sangat baik fitur sangat baik,9,neutral,0.55,55,0.0,0.6666666666666666,0.0,0.0,0.16666666666666666,0
irilmart_21,Sedikit kecewa karna casing cpu nya bukan yg bening🥲,4,0,1749004376,sedikit kecewa karna casing cpu nya bukan yg bening,sedikit kecewa karna casing cpu nya bukan yg bening,9,neutral,0.55,51,0.0,0.0,0.0,0.0,0.0,0
alan_febrian330,"Mantap lah nih toko, respon penjual sangat sangat sangat bagus.. Barang udh diterima dengan baik dan spek sesuai request an saya, hanya saja usb wifi adapter nya gk ada, untung penjual sigap langsung tanggung jawab.
Pokoknya recommend bat dah nih toko penjualnya ramah",5,1,1633265766,mantap lah nih toko respon penjual sangat sangat sangat bagus barang udh diterima dengan baik dan spek sesuai request an saya hanya saja usb wifi adapter nya gk ada untung penjual sigap langsung tanggung jawab pokoknya recommend bat dah nih toko penjualnya ramah,mantap lah nih toko respon penjual sangat sangat sangat bagus barang udh diterima dengan baik dan spek sesuai request an saya hanya saja usb wifi adapter nya gk ada untung penjual sigap langsung tanggung jawab pokoknya recommend bat dah nih toko penjualnya ramah,43,positive,0.75,262,0.007633587786259542,0.20930232558139536,0.0,0.0,0.05423397834191373,0
w*****5,"Desain:menarik
Fungsi:barang bekerja dengan baik
Fitur:bagus dan berguna",5,0,1750138352,desain menarik fungsi barang bekerja dengan baik fitur bagus dan berguna,desain menarik fungsi barang bekerja dengan baik fitur bagus dan berguna,11,positive,0.75,72,0.0,0.0,0.0,0.0,0.0,0
vitrowebsite,"Mantap sesuai harga, mudah2an awet",5,0,1737955802,mantap sesuai harga mudah2an awet,mantap sesuai harga mudah2an awet,5,positive,0.75,33,0.0,0.0,0.0,0.0,0.0,0
trimi33,"Fungsi:Baik
Desain:Menarik
Fitur:Bagus dan berguna

Alhamdulillah sudah sampai dengan aman. Semoga awet.",5,0,1744096402,fungsi baik desain menarik fitur bagus dan berguna alhamdulillah sudah sampai dengan aman semoga awet,fungsi baik desain menarik fitur bagus dan berguna alhamdulillah sudah sampai dengan aman semoga awet,15,positive,0.75,101,0.009900990099009901,0.0,0.0,0.0,0.0024752475247524753,0
andiajah099,mantep,5,0,1701067111,mantep,mantep,1,neutral,0.55,6,0.0,0.0,0.0,0.0,0.6,1
ibnu.asiz.86,"Fungsi:alhamdulillah baik banget, kencang
Desain:bagus desainnya
Fitur:komplit",5,0,1742000844,fungsi alhamdulillah baik banget kencang desain bagus desainnya fitur komplit,fungsi alhamdulillah baik banget kencang desain bagus desainnya fitur komplit,10,positive,0.75,77,0.025974025974025976,0.0,0.0,0.0,0.006493506493506494,0
sevenkeepon,"Fungsi:Baik
Fitur:Berjalan

Alhamdulillah fungsi pc berjalan normal dan komunikasi dengan penjual berjalan smooth.
Terima kasih",4,0,1745759818,fungsi baik fitur berjalan alhamdulillah fungsi pc berjalan normal dan komunikasi dengan penjual berjalan smooth terima kasih,fungsi baik fitur berjalan alhamdulillah fungsi pc berjalan normal dan komunikasi dengan penjual berjalan smooth terima kasih,17,neutral,0.55,125,0.016,0.29411764705882354,0.0,0.0,0.07752941176470589,0
silmiputri400,belom ada sehari uda rusak,5,0,1740142248,belom ada sehari uda rusak,belom ada sehari uda rusak,5,negative,0.75,26,0.0,0.0,0.0,1.0,0.2,0
juraganselempang,"Fitur:bagus
Fungsi:lancar jaya

Berfungsi dengan lancar",5,0,1725983571,fitur bagus fungsi lancar jaya berfungsi dengan lancar,fitur bagus fungsi lancar jaya berfungsi dengan lancar,8,positive,0.75,54,0.0,0.25,0.0,0.0,0.0625,0
e*****i,"Fitur:bagus
Fungsi:normal

Terimakasih next saya order lagi",5,0,1729486513,fitur bagus fungsi normal terimakasih next saya order lagi,fitur bagus fungsi normal terimakasih next saya order lagi,9,positive,0.75,58,0.0,0.0,0.0,0.0,0.0,0
dwialansyah,"Fungsi:joss
Fitur:joss

Masih percobaan",5,0,1737710049,fungsi joss fitur joss masih percobaan,fungsi joss fitur joss masih percobaan,6,neutral,0.55,38,0.07894736842105263,0.3333333333333333,0.0,0.0,0.10307017543859648,0
walamsyah,"Paket diterima dalam kondisi baik.
Terimakasih buat semua yang terlibat dalam pengiriman paket saya
Terimakasih shopee",5,0,1734373076,paket diterima dalam kondisi baik terimakasih buat semua yang terlibat dalam pengiriman paket saya terimakasih shopee,paket diterima dalam kondisi baik terimakasih buat semua yang terlibat dalam pengiriman paket saya terimakasih shopee,16,neutral,0.55,117,0.008547008547008548,0.375,0.0,0.0,0.09588675213675214,0
anggaanggada93,"Brang sudh di trima, 
Tpi blom di coba, moga sesuai dan awet..
Trimakasih",5,0,1737794958,brang sudh di trima tpi blom di coba moga sesuai dan awet trimakasih,brang sudh di trima tpi blom di coba moga sesuai dan awet trimakasih,13,positive,0.75,68,0.0,0.15384615384615385,0.0,0.0,0.038461538461538464,0
barabal_cover,"Semua bagus, seller juga baik. Sukses selalu",5,0,1637593996,semua bagus seller juga baik sukses selalu,semua bagus seller juga baik sukses selalu,7,positive,0.75,42,0.023809523809523808,0.0,0.0,0.0,0.005952380952380952,0
fachriadya,"Fungsi:baik
Fitur:untuk game bisa",5,0,1737843850,fungsi baik fitur untuk game bisa,fungsi baik fitur untuk game bisa,6,neutral,0.55,33,0.0,0.0,0.0,0.0,0.0,0
r*****4,"Fitur:lumayan
Fungsi:lumayan

Seller judes, ketus, ini pertama terakhir kalinya aku belanja disini, dan aku malas fotoin brg nya karna udah gak mood bgt belanja sama org yg ada ditoko ini",3,3,1765625036,fitur lumayan fungsi lumayan seller judes ketus ini pertama terakhir kalinya aku belanja disini dan aku malas fotoin brg nya karna udah gak mood bgt belanja sama org yg ada ditoko ini,fitur lumayan fungsi lumayan seller judes ketus ini pertama terakhir kalinya aku belanja disini dan aku malas fotoin brg nya karna udah gak mood bgt belanja sama org yg ada ditoko ini,32,neutral,0.55,183,0.01092896174863388,0.25,0.0,0.0,0.06523224043715847,0
,admin  juga fast respon klo nanya nanya,5,0,1719830235,admin juga fast respon klo nanya nanya,admin juga fast respon klo nanya nanya,7,neutral,0.55,38,0.0,0.2857142857142857,0.0,0.0,0.07142857142857142,0
hydra1974,Toko yg amanah barang sesuai deskripsi,5,0,1744967871,toko yg amanah barang sesuai deskripsi,toko yg amanah barang sesuai deskripsi,6,positive,0.75,38,0.0,0.0,0.0,0.0,0.0,0
kristiatanisa587,Baru mau unboxing kak maaf ya baru kasih balasan penilaian,5,0,1733021066,baru mau unboxing kak maaf ya baru kasih balasan penilaian,baru mau unboxing kak maaf ya baru kasih balasan penilaian,10,neutral,0.55,58,0.017241379310344827,0.2,0.0,0.0,0.05431034482758621,0
wawanyoko83,,5,0,1707812207,,,1,neutral,0.55,0,0.0,0.0,0.0,0.0,0.6,1
akbarandre1996,"Fungsi:siap
Desain:siap
Fitur:keren

Semoga awet ya kak",5,0,1742553893,fungsi siap desain siap fitur keren semoga awet ya kak,fungsi siap desain siap fitur keren semoga awet ya kak,10,positive,0.75,54,0.0,0.2,0.0,0.0,0.05,0
wirasigindjai,Barang sepadan sesuai harga,5,0,1722996628,barang sepadan sesuai harga,barang sepadan sesuai harga,4,positive,0.75,27,0.0,0.0,0.0,0.0,0.0,0
r*****2,"Cukup senang belanja disini, respon seller baik dan sabar , barang juga baik dan dapat berfungsi dengan lancar, hanya saja saya tidak bisa kasih bintang 5 karena pesanan saya kurang sesuai request, udah terlanjur sampai gpp lah, mungkin penjual lagi sibuk jadi request saya kurang diperhatikan",4,1,1757063179,cukup senang belanja disini respon seller baik dan sabar barang juga baik dan dapat berfungsi dengan lancar hanya saja saya tidak bisa kasih bintang 5 karena pesanan saya kurang sesuai request udah terlanjur sampai gpp lah mungkin penjual lagi sibuk jadi request saya kurang diperhatikan,cukup senang belanja disini respon seller baik dan sabar barang juga baik dan dapat berfungsi dengan lancar hanya saja saya tidak bisa kasih bintang 5 karena pesanan saya kurang sesuai request udah terlanjur sampai gpp lah mungkin penjual lagi sibuk jadi request saya kurang diperhatikan,45,negative,0.75,287,0.006968641114982578,0.24444444444444444,0.0,1.0,0.26285327138985676,0
jillygrisisanti,"Fungsi:bagus
Spesifikasi:mantap

Respon cepat.. Barang bagus.. Semoga banyak yg suka dan tertarik. Trmkasih seller... Amanah sllu..",5,0,1722605980,fungsi bagus spesifikasi mantap respon cepat barang bagus semoga banyak yg suka dan tertarik trmkasih seller amanah sllu,fungsi bagus spesifikasi mantap respon cepat barang bagus semoga banyak yg suka dan tertarik trmkasih seller amanah sllu,18,positive,0.75,120,0.016666666666666666,0.1111111111111111,0.0,0.0,0.03194444444444444,0
h*****a,produk sesuai pesanan.. seller ramah n fast respon.. bekerja dgn baik.. dapat bonus wifi usb jg.. terima kasiiiih...,5,0,1737417390,produk sesuai pesanan seller ramah n fast respon bekerja dgn baik dapat bonus wifi usb jg terima kasiiiih,produk sesuai pesanan seller ramah n fast respon bekerja dgn baik dapat bonus wifi usb jg terima kasiiiih,18,positive,0.75,105,0.0380952380952381,0.0,0.0,0.0,0.009523809523809525,0
k*****g,"Paking kayu lapis wrap , tapi basah mungkin kurir nya kehujanan atau nerobos banjir. Unit Hidup normal, untuk Daleman saya gak ngerti, beli buat anak.",4,1,1745675119,paking kayu lapis wrap tapi basah mungkin kurir nya kehujanan atau nerobos banjir unit hidup normal untuk daleman saya gak ngerti beli buat anak,paking kayu lapis wrap tapi basah mungkin kurir nya kehujanan atau nerobos banjir unit hidup normal untuk daleman saya gak ngerti beli buat anak,24,neutral,0.55,144,0.0,0.0,0.0,0.0,0.0,0
alfin_alghifari,"Fitur:barang bekas 
Desain:cofer doang baru dalemnya bekas
Fungsi:baik

fungsi normal aman, tapi sayang yang di kirim barang BEKASS cpu cofernya doang yang baru dalemnya BEKAS, monitor juga BEKAS banyak yang lecet ada nodanya juga , tolong kalo jualan yang amanah , sangat tidak rekomen beli di sini ",5,1,1755474851,fitur barang bekas desain cofer doang baru dalemnya bekas fungsi baik fungsi normal aman tapi sayang yang di kirim barang bekass cpu cofernya doang yang baru dalemnya bekas monitor juga bekas banyak yang lecet ada nodanya juga tolong kalo jualan yang amanah sangat tidak rekomen beli di sini,fitur barang bekas desain cofer doang baru dalemnya bekas fungsi baik fungsi normal aman tapi sayang yang di kirim barang bekass cpu cofernya doang yang baru dalemnya bekas monitor juga bekas banyak yang lecet ada nodanya juga tolong kalo jualan yang amanah sangat tidak rekomen beli di sini,48,negative,0.75,291,0.003436426116838488,0.4583333333333333,0.0,1.0,0.31544243986254294,0
annisaamiratuljanah,Oke bagus sesuai dengan kualitas pengiriman cepat penjualan ramah smga mkin lancar usahanya,5,0,1753887239,oke bagus sesuai dengan kualitas pengiriman cepat penjualan ramah smga mkin lancar usahanya,oke bagus sesuai dengan kualitas pengiriman cepat penjualan ramah smga mkin lancar usahanya,13,positive,0.75,91,0.0,0.0,0.0,0.0,0.0,0
ahmadjohan680,Overall performa bagus GK lemot tapi kurang nya ada virus,3,0,1718244910,overall performa bagus gk lemot tapi kurang nya ada virus,overall performa bagus gk lemot tapi kurang nya ada virus,10,neutral,0.55,57,0.017543859649122806,0.0,0.0,0.0,0.0043859649122807015,0
riskicos,"Fungsi:Mantap
Fitur:Sesuai deskripsi",5,0,1722933269,fungsi mantap fitur sesuai deskripsi,fungsi mantap fitur sesuai deskripsi,5,positive,0.75,36,0.0,0.0,0.0,0.0,0.0,0
sopian011999,"Fungsi:terimakasih
Fitur:terimakasih

Terimakasih",5,0,1737376898,fungsi terimakasih fitur terimakasih terimakasih,fungsi terimakasih fitur terimakasih terimakasih,5,neutral,0.55,48,0.0,0.6,0.0,0.0,0.15,0
f*****8,"Fungsi:baik
Desain:bagus
Fitur:berguna

tapi gabisa main gta v, padahal saya sudah ikuti arahan lwt disk d, ttp gabisaa",4,1,1765625402,fungsi baik desain bagus fitur berguna tapi gabisa main gta v padahal saya sudah ikuti arahan lwt disk d ttp gabisaa,fungsi baik desain bagus fitur berguna tapi gabisa main gta v padahal saya sudah ikuti arahan lwt disk d ttp gabisaa,21,positive,0.75,116,0.017241379310344827,0.0,0.0,0.0,0.004310344827586207,0
r*****4,"Fungsi:sip
Desain:bagus
Fitur:bagus

Bagus semua kecuali game² nya banyak yang kurang dan ada yang error selain itu semuanya lancar sip lah",5,0,1741438369,fungsi sip desain bagus fitur bagus bagus semua kecuali game nya banyak yang kurang dan ada yang error selain itu semuanya lancar sip lah,fungsi sip desain bagus fitur bagus bagus semua kecuali game nya banyak yang kurang dan ada yang error selain itu semuanya lancar sip lah,24,neutral,0.55,137,0.0072992700729927005,0.2916666666666667,0.0,0.0,0.07474148418491484,0
adityafaizzzz,"Sepadan dengan Harga:Ya

Packing super aman!!!",5,0,1702335918,sepadan dengan harga ya packing super aman,sepadan dengan harga ya packing super aman,7,neutral,0.55,42,0.0,0.0,0.0,0.0,0.0,0
efraimma,"Desain:keren
Fungsi:Baik
Fitur:bagus dan Berguna",5,0,1753083598,desain keren fungsi baik fitur bagus dan berguna,desain keren fungsi baik fitur bagus dan berguna,8,positive,0.75,48,0.0,0.0,0.0,0.0,0.0,0
febriherfendi,"Hardisknya cma 500gb doang, pdhal di keterangn 1tb.. sama game motogp ga ada, pdhal dah request..",4,16,1744291408,hardisknya cma 500gb doang pdhal di keterangn 1tb sama game motogp ga ada pdhal dah request,hardisknya cma 500gb doang pdhal di keterangn 1tb sama game motogp ga ada pdhal dah request,16,neutral,0.55,91,0.01098901098901099,0.125,0.0,0.0,0.033997252747252744,0
stsahabattailor244,Bagus,5,0,1719497549,bagus,bagus,1,positive,0.75,5,0.0,0.0,0.4,0.0,0.72,1
petrus_23,"Fungsi:Sangat Baik
Fitur:Lumayan Lengkap
Spesifikasi:Ram 8

Overall baik,",5,0,1731737500,fungsi sangat baik fitur lumayan lengkap spesifikasi ram 8 overall baik,fungsi sangat baik fitur lumayan lengkap spesifikasi ram 8 overall baik,11,neutral,0.55,71,0.014084507042253521,0.18181818181818182,0.0,0.0,0.04897567221510884,0
m.naufal19,"Keyboardnya Eror , jadi di retur pake ongkos sendiri nombok . Tapi gpp lah .",5,1,1740933172,keyboardnya eror jadi di retur pake ongkos sendiri nombok tapi gpp lah,keyboardnya eror jadi di retur pake ongkos sendiri nombok tapi gpp lah,12,neutral,0.55,70,0.014285714285714285,0.0,0.0,0.0,0.0035714285714285713,0
sadbeatss,,4,2,1736495273,,,1,neutral,0.55,0,0.0,0.0,0.0,0.0,0.6,1
adib.biok,Salh krim kmrn ram 8 giga tp dk taunya 4 giga.tp alhmdllh dikirm lg 4 giga.mksh,5,0,1613573729,salh krim kmrn ram 8 giga tp dk taunya 4 giga tp alhmdllh dikirm lg 4 giga mksh,salh krim kmrn ram 8 giga tp dk taunya 4 giga tp alhmdllh dikirm lg 4 giga mksh,18,neutral,0.55,79,0.012658227848101266,0.3888888888888889,0.0,0.0,0.10038677918424754,0
ichahafsa,"Sepadan dengan Harga:baguss

Alhamdulillah paketnya DHA sampai,barangnya bagus kk.",5,0,1700744031,sepadan dengan harga baguss alhamdulillah paketnya dha sampai barangnya bagus kk,sepadan dengan harga baguss alhamdulillah paketnya dha sampai barangnya bagus kk,11,positive,0.75,80,0.0375,0.0,0.0,0.0,0.009375,0
b*****o,,5,0,1751271150,,,1,neutral,0.55,0,0.0,0.0,0.0,0.0,0.6,1
ghulamcikrak,Sepadan,4,1,1743956003,sepadan,sepadan,1,neutral,0.55,7,0.0,0.0,0.0,0.0,0.6,1
dafrawira1047,"Monitor Dell 24 inches kondisi hidup ada vertical line yg sangat mengganggu, apakah ini sdh dicoba seblm dikirim ?",4,0,1708737823,monitor dell 24 inches kondisi hidup ada vertical line yg sangat mengganggu apakah ini sdh dicoba seblm dikirim,monitor dell 24 inches kondisi hidup ada vertical line yg sangat mengganggu apakah ini sdh dicoba seblm dikirim,18,neutral,0.55,111,0.02702702702702703,0.0,0.0,0.0,0.006756756756756757,0
slevansstore,"the best , toko sangat amanah guyss thanks thanks",5,0,1736333421,the best toko sangat amanah guyss thanks thanks,the best toko sangat amanah guyss thanks thanks,8,neutral,0.55,47,0.02127659574468085,0.25,0.0,0.0,0.0678191489361702,0
yudhadatsun,,4,0,1703304973,,,1,neutral,0.55,0,0.0,0.0,0.0,0.0,0.6,1
g*****n,"Fungsi:okre
Fitur:okre
Kegunaan:okre",5,0,1723102268,fungsi okre fitur okre kegunaan okre,fungsi okre fitur okre kegunaan okre,6,neutral,0.55,36,0.027777777777777776,0.5,0.0,0.0,0.13194444444444445,0
j*****6,"Fungsi:iya
Fitur:bagus

Saya puas beli di sini",5,0,1737173127,fungsi iya fitur bagus saya puas beli di sini,fungsi iya fitur bagus saya puas beli di sini,9,positive,0.75,45,0.0,0.0,0.0,0.0,0.0,0
rizkiimaulidin,"Fungsi:Lumayan
Fitur:Cuman monitor aja kurang mendukung jadi tidak saya pake
Desain:sangat bagus",4,0,1740281046,fungsi lumayan fitur cuman monitor aja kurang mendukung jadi tidak saya pake desain sangat bagus,fungsi lumayan fitur cuman monitor aja kurang mendukung jadi tidak saya pake desain sangat bagus,15,negative,0.75,96,0.0,0.0,0.0,1.0,0.2,0
kaylasyafira371,"pesanan udah sampai,barang bagus,gk d ragukan lagi👍",5,0,1735038226,pesanan udah sampai barang bagus gk d ragukan lagi,pesanan udah sampai barang bagus gk d ragukan lagi,9,positive,0.75,50,0.0,0.0,0.0,0.0,0.0,0
faelalfaiz,,5,0,1761148713,,,1,neutral,0.55,0,0.0,0.0,0.0,0.0,0.6,1
axlriga,"CPU OK, monitor ok tapi kotor dan kondisinya lusuh banget. Seharusnya bisa dibersihkan terlebih dahulu. Banyak bekas lakban dan abu..",3,1,1750093677,cpu ok monitor ok tapi kotor dan kondisinya lusuh banget seharusnya bisa dibersihkan terlebih dahulu banyak bekas lakban dan abu,cpu ok monitor ok tapi kotor dan kondisinya lusuh banget seharusnya bisa dibersihkan terlebih dahulu banyak bekas lakban dan abu,20,neutral,0.55,128,0.0,0.2,0.0,0.0,0.05,0
reno.11,"Fitur Terbaik:barang oke

Barang bagus tidak ada kerusakan sedikitpun",5,0,1707288197,fitur terbaik barang oke barang bagus tidak ada kerusakan sedikitpun,fitur terbaik barang oke barang bagus tidak ada kerusakan sedikitpun,10,neutral,0.55,68,0.0,0.2,0.0,0.0,0.05,0
sarifudin2216,Pelayanan bagus,5,0,1646366587,pelayanan bagus,pelayanan bagus,2,positive,0.75,15,0.0,0.0,0.0,0.0,0.2,0
m.lutfi25,"Sepadan dengan Harga:ada komponen nya yang rusak
Fitur Terbaik:banyak viruss

Banyk viruss nya merajalela. Win 34/64 expiro.. haruss bawa ke tukang serviss lagi aduh",5,0,1723873686,sepadan dengan harga ada komponen nya yang rusak fitur terbaik banyak viruss banyk viruss nya merajalela win 34 64 expiro haruss bawa ke tukang serviss lagi aduh,sepadan dengan harga ada komponen nya yang rusak fitur terbaik banyak viruss banyk viruss nya merajalela win 34 64 expiro haruss bawa ke tukang serviss lagi aduh,27,negative,0.75,161,0.024844720496894408,0.14814814814814814,0.0,1.0,0.24324821716126066,0
s*****a,"Kabel power monitor nya, patah",3,0,1750411483,kabel power monitor nya patah,kabel power monitor nya patah,5,neutral,0.55,29,0.0,0.0,0.0,0.0,0.0,0
arie_3214,"Fungsi:baik
Desain:bagus
Fitur:sesuai",5,0,1742732410,fungsi baik desain bagus fitur sesuai,fungsi baik desain bagus fitur sesuai,6,positive,0.75,37,0.0,0.0,0.0,0.0,0.0,0
zainalenal23,Sangat baik,5,0,1721730132,sangat baik,sangat baik,2,neutral,0.55,11,0.0,0.0,0.0,0.0,0.2,0
,"Fitur Terbaik:tolong kalau ada yg mau beli lagi di cek dulu,sama jangan nunggu lama 
Sepadan dengan Harga:lumayan lah harga segitu nambah 150k lagi untuk beli motherboard yg baru

motherboard nya rusak gk berfungsi,sampai 5hari belum gw gunakan karena di servis 😮‍💨,mohon maaf lahir batin ya kk maaf srbelumya tolong juga di cek untuk kedepanya",3,7,1750423672,fitur terbaik tolong kalau ada yg mau beli lagi di cek dulu sama jangan nunggu lama sepadan dengan harga lumayan lah harga segitu nambah 150k lagi untuk beli motherboard yg baru motherboard nya rusak gk berfungsi sampai 5hari belum gw gunakan karena di servis mohon maaf lahir batin ya kk maaf srbelumya tolong juga di cek untuk kedepanya,fitur terbaik tolong kalau ada yg mau beli lagi di cek dulu sama jangan nunggu lama sepadan dengan harga lumayan lah harga segitu nambah 150k lagi untuk beli motherboard yg baru motherboard nya rusak gk berfungsi sampai 5hari belum gw gunakan karena di servis mohon maaf lahir batin ya kk maaf srbelumya tolong juga di cek untuk kedepanya,58,negative,0.75,338,0.011834319526627219,0.3620689655172414,0.0,0.0,0.09347582126096715,0
adewinandar,"Bagus sih, tapi kabel VGA nya ga ada , jadi harus beli dulu",5,0,1739955530,bagus sih tapi kabel vga nya ga ada jadi harus beli dulu,bagus sih tapi kabel vga nya ga ada jadi harus beli dulu,12,positive,0.75,56,0.0,0.0,0.0,0.0,0.0,0
fajar_muhammad03,Respon mantap..  Barang sesuai,5,0,1635610152,respon mantap barang sesuai,respon mantap barang sesuai,4,positive,0.75,27,0.0,0.0,0.0,0.0,0.0,0
anisakasim,,4,0,1747577455,,,1,neutral,0.55,0,0.0,0.0,0.0,0.0,0.6,1
taufiqtaufiq301,Bagus walaupun salah kabel 🤣,5,0,1710753920,bagus walaupun salah kabel,bagus walaupun salah kabel,4,positive,0.75,26,0.0,0.0,0.0,0.0,0.0,0
hendraprassetia95,"Desain:putih ram 8 gb

Kabel vga rusak, klau untuk gaming sangat tidak disarankan
Overaall berjalan lancar",3,0,1753877432,desain putih ram 8 gb kabel vga rusak klau untuk gaming sangat tidak disarankan overaall berjalan lancar,desain putih ram 8 gb kabel vga rusak klau untuk gaming sangat tidak disarankan overaall berjalan lancar,17,negative,0.75,104,0.019230769230769232,0.0,0.0,0.0,0.004807692307692308,0
reyhanputra585,"Fungsi:belum di coba karena adaptor nya kurang
Desain:bagus lah
Fitur:belum di coba

Kurang adaptor",4,0,1744198569,fungsi belum di coba karena adaptor nya kurang desain bagus lah fitur belum di coba kurang adaptor,fungsi belum di coba karena adaptor nya kurang desain bagus lah fitur belum di coba kurang adaptor,17,neutral,0.55,98,0.0,0.5882352941176471,0.0,0.0,0.14705882352941177,0
zahwaahmallia,Seller bau ,5,0,1609155581,seller bau,seller bau,2,neutral,0.55,10,0.1,0.0,0.0,0.0,0.225,0
tyorakashop,Alhamdulilah sampai dengan selamat,3,0,1715418389,alhamdulilah sampai dengan selamat,alhamdulilah sampai dengan selamat,4,neutral,0.55,34,0.0,0.0,0.0,0.0,0.0,0
kosasih_doank,Belum di unboxing karna masih diluar kota,4,0,1725875254,belum di unboxing karna masih diluar kota,belum di unboxing karna masih diluar kota,7,neutral,0.55,41,0.0,0.0,0.0,0.0,0.0,0
mrdnshopmall,Nanti di update lagi setelah seminggu kedepan,3,0,1723268611,nanti di update lagi setelah seminggu kedepan,nanti di update lagi setelah seminggu kedepan,7,neutral,0.55,45,0.022222222222222223,0.0,0.0,0.0,0.005555555555555556,0
fajar_trenzop,layar monitornya ada titik hitam 3 biji itu aja sih,4,0,1744121800,layar monitornya ada titik hitam 3 biji itu aja sih,layar monitornya ada titik hitam 3 biji itu aja sih,10,neutral,0.55,51,0.0,0.0,0.0,0.0,0.0,0
agast55,Ad hrga ada kualiataslah..,4,1,1682438338,ad hrga ada kualiataslah,ad hrga ada kualiataslah,4,neutral,0.55,24,0.0,0.0,0.0,0.0,0.0,0
yahokonoi,"Fungsi:mantap
Fitur:bagus
Kegunaan:lumayan

Keren",4,0,1734952803,fungsi mantap fitur bagus kegunaan lumayan keren,fungsi mantap fitur bagus kegunaan lumayan keren,7,positive,0.75,48,0.020833333333333332,0.0,0.0,0.0,0.005208333333333333,0
sellernokos.id,"Lumayan, walaupun usb wifiny gk di kasih tapi tetep oke",4,0,1711524501,lumayan walaupun usb wifiny gk di kasih tapi tetep oke,lumayan walaupun usb wifiny gk di kasih tapi tetep oke,10,neutral,0.55,54,0.0,0.0,0.0,0.0,0.0,0
ahmadiqbal625,"Maaf minus di keyboard tidak berfungsi, ..",2,1,1765624971,maaf minus di keyboard tidak berfungsi,maaf minus di keyboard tidak berfungsi,6,negative,0.75,38,0.02631578947368421,0.0,0.0,0.0,0.006578947368421052,0
yp7cuttingsticker99,Fungsi:ada yang cuman buat pajangan,2,0,1741062957,fungsi ada yang cuman buat pajangan,fungsi ada yang cuman buat pajangan,6,neutral,0.55,35,0.0,0.0,0.0,0.0,0.0,0
karunya_,Bagus,4,0,1737771833,bagus,bagus,1,positive,0.75,5,0.0,0.0,0.4,0.0,0.72,1
,Adaptor wifi tidak berfungsi,4,0,1709916171,adaptor wifi tidak berfungsi,adaptor wifi tidak berfungsi,4,negative,0.75,28,0.0,0.0,0.0,1.0,0.2,0
masrasyid946,bagus,4,0,1754287466,bagus,bagus,1,positive,0.75,5,0.0,0.0,0.4,0.0,0.72,1
a*****3,"Desain:gamer
Fungsi:berfungsi dengan baik
Fitur:office n game",5,0,1762526430,desain gamer fungsi berfungsi dengan baik fitur office n game,desain gamer fungsi berfungsi dengan baik fitur office n game,10,neutral,0.55,61,0.01639344262295082,0.0,0.0,0.0,0.004098360655737705,0
a*****8,"Desain:NYK 19 inc Ram 16, SSD 120+HDD 500GB
Fungsi:Mantab Joss
Fitur:Baru dan Terpercaya jika tidak Produk Demo Terpercaya ke TOKO 🤣🤣🤣🤣

DEMO DPR bukan DEMO Toko Buruan GASKENN TOP🤣🤣👍🏻🙈🥳🥳",5,0,1758963533,desain nyk 19 inc ram 16 ssd 120 hdd 500gb fungsi mantab joss fitur baru dan terpercaya jika tidak produk demo terpercaya ke toko demo dpr bukan demo toko buruan gaskenn top,desain nyk 19 inc ram 16 ssd 120 hdd 500gb fungsi mantab joss fitur baru dan terpercaya jika tidak produk demo terpercaya ke toko demo dpr bukan demo toko buruan gaskenn top,32,negative,0.75,173,0.028901734104046242,0.21875,0.0,1.0,0.2619129335260116,0
maleh12408,"Desain:sangat menarik
Fungsi:sempurna
Fitur:bagus

Bingung mau ngomong apa ,melebihi expextasi saya ini ,seller ramah kuris tamah & cepat 
GK ada alasan buat meragukan ini toko",5,0,1765765807,desain sangat menarik fungsi sempurna fitur bagus bingung mau ngomong apa melebihi expextasi saya ini seller ramah kuris tamah cepat gk ada alasan buat meragukan ini toko,desain sangat menarik fungsi sempurna fitur bagus bingung mau ngomong apa melebihi expextasi saya ini seller ramah kuris tamah cepat gk ada alasan buat meragukan ini toko,27,positive,0.75,170,0.0058823529411764705,0.07407407407407407,0.0,0.0,0.019989106753812637,0
h*****d,"Desain:Cakeps
Fungsi:sempurna
Fitur:terbaik

Terbaik, fitur dan aplikasinya berjalan lancar smua, trima kasih seller, sukses selalu untuk usahanya,",5,0,1760537673,desain cakeps fungsi sempurna fitur terbaik terbaik fitur dan aplikasinya berjalan lancar smua trima kasih seller sukses selalu untuk usahanya,desain cakeps fungsi sempurna fitur terbaik terbaik fitur dan aplikasinya berjalan lancar smua trima kasih seller sukses selalu untuk usahanya,20,neutral,0.55,142,0.007042253521126761,0.2,0.0,0.0,0.05176056338028169,0
rina_herlina28,"Desain:modern
Fungsi:sesuai ekspetasi
Fitur:bagus

Bagus sesuai dg harga 🥰",5,0,1765461468,desain modern fungsi sesuai ekspetasi fitur bagus bagus sesuai dg harga,desain modern fungsi sesuai ekspetasi fitur bagus bagus sesuai dg harga,11,positive,0.75,71,0.0,0.36363636363636365,0.0,0.0,0.09090909090909091,0
utaritazkia,"Desain:terlihat tidak ada minusnya
Fungsi:sat set sesua ekspektasi
Fitur:good",5,0,1751812717,desain terlihat tidak ada minusnya fungsi sat set sesua ekspektasi fitur good,desain terlihat tidak ada minusnya fungsi sat set sesua ekspektasi fitur good,12,negative,0.75,77,0.012987012987012988,0.0,0.0,1.0,0.20324675324675326,0
lin13lon,"Desain:bagus
Fungsi:ok
Fitur:keren

Seller nya ramah,  melayani dengan hati.
Sukses terus pa nurdin talenta .",5,1,1755829205,desain bagus fungsi ok fitur keren seller nya ramah melayani dengan hati sukses terus pa nurdin talenta,desain bagus fungsi ok fitur keren seller nya ramah melayani dengan hati sukses terus pa nurdin talenta,17,positive,0.75,103,0.009708737864077669,0.0,0.0,0.0,0.0024271844660194173,0
jjckhd94wk,"Desain:menarik dn apik
Fungsi:bekerja dengan baik
Fitur:bagus",5,0,1751457633,desain menarik dn apik fungsi bekerja dengan baik fitur bagus,desain menarik dn apik fungsi bekerja dengan baik fitur bagus,10,positive,0.75,61,0.0,0.0,0.0,0.0,0.0,0
rizkynatawijaya,"Alhamdulillah mendarat dengan selamat.. 
Semoga awet 🙏",5,1,1752040076,alhamdulillah mendarat dengan selamat semoga awet,alhamdulillah mendarat dengan selamat semoga awet,6,neutral,0.55,49,0.02040816326530612,0.0,0.0,0.0,0.00510204081632653,0
pengelanasinting,"Desain:mantab
Fungsi:bekerja dengan baik
Fitur:memuaskan

Packing basah dan ada paku² lepas, untuk rapat bubble jd aman (pic 1)
Ad 3 dudukan baut lepas terguncang² di jalan(pic 2), btw paket aman
Lengkap isinya, mudah rakitnya, alhamdulillah sdah nyala normal, semoga awet tahan lama
Thanks gan sudah sabar sya banyak bertanya² 🙏",5,0,1750087096,desain mantab fungsi bekerja dengan baik fitur memuaskan packing basah dan ada paku lepas untuk rapat bubble jd aman pic 1 ad 3 dudukan baut lepas terguncang di jalan pic 2 btw paket aman lengkap isinya mudah rakitnya alhamdulillah sdah nyala normal semoga awet tahan lama thanks gan sudah sabar sya banyak bertanya,desain mantab fungsi bekerja dengan baik fitur memuaskan packing basah dan ada paku lepas untuk rapat bubble jd aman pic 1 ad 3 dudukan baut lepas terguncang di jalan pic 2 btw paket aman lengkap isinya mudah rakitnya alhamdulillah sdah nyala normal semoga awet tahan lama thanks gan sudah sabar sya banyak bertanya,53,negative,0.75,315,0.006349206349206349,0.11320754716981132,0.0,1.0,0.22988918837975442,0
ihsanalfiansah2,"Desain:sesuai pict
Fungsi:bekerja sesuai deskripsi
Fitur:murah tapi bagus

Awal nyampe keyboard nya agak slow respon harus di teken nya keras, ternyata baut keyboard nya longgar, but it's oke lah, yang penting PC nya jalan, mantapp",5,0,1749977047,desain sesuai pict fungsi bekerja sesuai deskripsi fitur murah tapi bagus awal nyampe keyboard nya agak slow respon harus di teken nya keras ternyata baut keyboard nya longgar but it s oke lah yang penting pc nya jalan mantapp,desain sesuai pict fungsi bekerja sesuai deskripsi fitur murah tapi bagus awal nyampe keyboard nya agak slow respon harus di teken nya keras ternyata baut keyboard nya longgar but it s oke lah yang penting pc nya jalan mantapp,39,positive,0.75,226,0.008849557522123894,0.20512820512820512,0.0,0.0,0.05349444066258226,0
klikdigital.official,"Desain:menarik
Fungsi:oke
Fitur:oke

Admin fast respon, walopun ada kesalahan paham an tapi respon admin bagus 👍 pengiriman dan packing nya juga rekomen",5,0,1748750274,desain menarik fungsi oke fitur oke admin fast respon walopun ada kesalahan paham an tapi respon admin bagus pengiriman dan packing nya juga rekomen,desain menarik fungsi oke fitur oke admin fast respon walopun ada kesalahan paham an tapi respon admin bagus pengiriman dan packing nya juga rekomen,24,positive,0.75,148,0.0,0.25,0.0,0.0,0.0625,0
r*****h,"Desain:cakep
Fungsi:oke
Fitur:oke

Paket mendarat dengan aman, sudah packing kayu
Saat ini berfungsi dgn baik, belum ada kendala
Semoga awet🤲",5,0,1748566072,desain cakep fungsi oke fitur oke paket mendarat dengan aman sudah packing kayu saat ini berfungsi dgn baik belum ada kendala semoga awet,desain cakep fungsi oke fitur oke paket mendarat dengan aman sudah packing kayu saat ini berfungsi dgn baik belum ada kendala semoga awet,23,neutral,0.55,137,0.0072992700729927005,0.08695652173913043,0.0,0.0,0.023563947953030785,0
ervancellular71,Waduhh kok lcd monitor nya ada garis merah nya gini mas .. lcd nya udh kena ini,5,0,1745007960,waduhh kok lcd monitor nya ada garis merah nya gini mas lcd nya udh kena ini,waduhh kok lcd monitor nya ada garis merah nya gini mas lcd nya udh kena ini,16,neutral,0.55,76,0.013157894736842105,0.3125,0.0,0.0,0.08141447368421052,0
farhaaca324,"Desain:bagus
Fungsi:jelek banget
Fitur:ampas banget

Adminya ga ramah+ gak ada audio + keyboard rusak kalo admin ramah tadinya mau rating 3",5,0,1757597746,desain bagus fungsi jelek banget fitur ampas banget adminya ga ramah gak ada audio keyboard rusak kalo admin ramah tadinya mau rating 3,desain bagus fungsi jelek banget fitur ampas banget adminya ga ramah gak ada audio keyboard rusak kalo admin ramah tadinya mau rating 3,23,negative,0.75,135,0.0,0.17391304347826086,0.0,1.0,0.24347826086956523,0
abyannabilmaftuhr,"Fungsi:barang bekerja dengan baik dan admin fast respon pokoknya terbaik
Fitur:bagus dan berguna
Kegunaan:geming dan editing

toko sangat rekomendasi buat yang baru mau belajar memakai pc dan admin fast respon pokoknya terbaiklah barang juga cepat sampai dan semua aman terkendali dan packing sangat aman pokoknya bintang 1000 klo bisa😇",5,0,1736159926,fungsi barang bekerja dengan baik dan admin fast respon pokoknya terbaik fitur bagus dan berguna kegunaan geming dan editing toko sangat rekomendasi buat yang baru mau belajar memakai pc dan admin fast respon pokoknya terbaiklah barang juga cepat sampai dan semua aman terkendali dan packing sangat aman pokoknya bintang 1000 klo bisa,fungsi barang bekerja dengan baik dan admin fast respon pokoknya terbaik fitur bagus dan berguna kegunaan geming dan editing toko sangat rekomendasi buat yang baru mau belajar memakai pc dan admin fast respon pokoknya terbaiklah barang juga cepat sampai dan semua aman terkendali dan packing sangat aman pokoknya bintang 1000 klo bisa,52,positive,0.75,334,0.008982035928143712,0.40384615384615385,0.0,0.0,0.1032070474435744,0
a*****r,"Fungsi:berfungsi dengan baik
Desain:mantap
Fitur:bagus

Barang sampai dengan selamat, sudah dicoba, mantapp pokonamah",5,0,1742136597,fungsi berfungsi dengan baik desain mantap fitur bagus barang sampai dengan selamat sudah dicoba mantapp pokonamah,fungsi berfungsi dengan baik desain mantap fitur bagus barang sampai dengan selamat sudah dicoba mantapp pokonamah,16,positive,0.75,114,0.008771929824561403,0.125,0.0,0.0,0.03344298245614035,0
aulinydevi,Maaf bukan gambar aslinya..... Alhamdulillah bagus. Aman,5,3,1683017459,maaf bukan gambar aslinya alhamdulillah bagus aman,maaf bukan gambar aslinya alhamdulillah bagus aman,7,positive,0.75,50,0.04,0.0,0.0,0.0,0.01,0
kaylasyafira371,"barang sampe dengan slamat,,cuma keyboard nya gk mau nyala,udah d perbaiki suami👍",4,0,1735904404,barang sampe dengan slamat cuma keyboard nya gk mau nyala udah d perbaiki suami,barang sampe dengan slamat cuma keyboard nya gk mau nyala udah d perbaiki suami,14,neutral,0.55,79,0.0,0.0,0.0,0.0,0.0,0
mul71935,"Berfungsi dengan baik, seller nya siap bantu kalau ada kesalahan",5,0,1735120646,berfungsi dengan baik seller nya siap bantu kalau ada kesalahan,berfungsi dengan baik seller nya siap bantu kalau ada kesalahan,10,neutral,0.55,63,0.015873015873015872,0.0,0.0,0.0,0.003968253968253968,0
atri.amalia23,"Fitur Terbaik:Oke

Semoga awet ya ka , lancar selalu rezekinya ya ka",5,0,1715609668,fitur terbaik oke semoga awet ya ka lancar selalu rezekinya ya ka,fitur terbaik oke semoga awet ya ka lancar selalu rezekinya ya ka,12,neutral,0.55,65,0.0,0.3333333333333333,0.0,0.0,0.08333333333333333,0
ajat_00123,"Ok ka, mendarat mulus, sesuai pesanan.
Terima kasih banyak.",5,0,1733568481,ok ka mendarat mulus sesuai pesanan terima kasih banyak,ok ka mendarat mulus sesuai pesanan terima kasih banyak,9,positive,0.75,55,0.0,0.0,0.0,0.0,0.0,0
f*****8,"Desain:cool

seller amanah,sukses sllu",5,0,1757770255,desain cool seller amanah sukses sllu,desain cool seller amanah sukses sllu,6,neutral,0.55,37,0.08108108108108109,0.0,0.0,0.0,0.02027027027027027,0
wishkeykey,Mantap aman sampai tujuan,5,0,1762147727,mantap aman sampai tujuan,mantap aman sampai tujuan,4,positive,0.75,25,0.0,0.0,0.0,0.0,0.0,0
bismamahendra,"Desain:mantap

Admin fast respon✨",5,0,1764245619,desain mantap admin fast respon,desain mantap admin fast respon,5,positive,0.75,31,0.0,0.0,0.0,0.0,0.0,0
d*****a,Barang bagus semua semoga awet..,5,1,1765429320,barang bagus semua semoga awet,barang bagus semua semoga awet,5,positive,0.75,30,0.0,0.0,0.0,0.0,0.0,0
a*****n,,5,0,1751354944,,,1,neutral,0.55,0,0.0,0.0,0.0,0.0,0.6,1
dayyhee,mines di monitor aja baret baret,4,2,1749051834,mines di monitor aja baret baret,mines di monitor aja baret baret,6,neutral,0.55,32,0.0,0.3333333333333333,0.0,0.0,0.08333333333333333,0
pandi2004,oke boss,5,0,1744974836,oke boss,oke boss,2,neutral,0.55,8,0.125,0.0,0.0,0.0,0.23125,0
denialfian13,"Fungsi:ya
Desain:ok
Fitur:ok

Ok",5,0,1744616126,fungsi ya desain ok fitur ok ok,fungsi ya desain ok fitur ok ok,7,neutral,0.55,31,0.0,0.42857142857142855,0.0,0.0,0.10714285714285714,0
riacollectionshop21,,1,17,1765878418,,,1,neutral,0.55,0,0.0,0.0,0.0,0.0,0.6,1
ianchannel453,,5,1,1744956007,,,1,neutral,0.55,0,0.0,0.0,0.0,0.0,0.6,1
adiarimbawa110,,3,3,1762270070,,,1,neutral,0.55,0,0.0,0.0,0.0,0.0,0.6,1
donsantoz,Top sesuai deskripsi,5,1,1756735071,top sesuai deskripsi,top sesuai deskripsi,3,positive,0.75,20,0.0,0.0,0.0,0.0,0.0,0
rjnh92f03i,Alhamdulillah berfungsi dengan baik,5,0,1737993742,alhamdulillah berfungsi dengan baik,alhamdulillah berfungsi dengan baik,4,neutral,0.55,35,0.02857142857142857,0.0,0.0,0.0,0.007142857142857143,0
wenimarlina721,,5,1,1759758688,,,1,neutral,0.55,0,0.0,0.0,0.0,0.0,0.6,1
adhepraoktisetiawan08,Kere hore recomented mudah2an awet,5,0,1744261494,kere hore recomented mudah2an awet,kere hore recomented mudah2an awet,5,neutral,0.55,34,0.0,0.0,0.0,0.0,0.0,0
giyasnuraopa22476,,5,0,1730515576,,,1,neutral,0.55,0,0.0,0.0,0.0,0.0,0.6,1
astrijuli,,5,0,1731512002,,,1,neutral,0.55,0,0.0,0.0,0.0,0.0,0.6,1
willyantoro,,5,0,1735780139,,,1,neutral,0.55,0,0.0,0.0,0.0,0.0,0.6,1
rusdiana_apandy,,5,0,1722681079,,,1,neutral,0.55,0,0.0,0.0,0.0,0.0,0.6,1
muhammadzhafier14,,5,0,1723991190,,,1,neutral,0.55,0,0.0,0.0,0.0,0.0,0.6,1
v_store105,,5,0,1739938879,,,1,neutral,0.55,0,0.0,0.0,0.0,0.0,0.6,1
caseliaan,,5,0,1734661383,,,1,neutral,0.55,0,0.0,0.0,0.0,0.0,0.6,1
zahranovianti123,,5,0,1725293440,,,1,neutral,0.55,0,0.0,0.0,0.0,0.0,0.6,1
santossaja,,5,0,1718712395,,,1,neutral,0.55,0,0.0,0.0,0.0,0.0,0.6,1
abhekoes,,5,0,1723428651,,,1,neutral,0.55,0,0.0,0.0,0.0,0.0,0.6,1
muklisw,,5,0,1730819016,,,1,neutral,0.55,0,0.0,0.0,0.0,0.0,0.6,1
memi_madeinlove17,,5,0,1738076900,,,1,neutral,0.55,0,0.0,0.0,0.0,0.0,0.6,1
r*****7,,5,0,1717547904,,,1,neutral,0.55,0,0.0,0.0,0.0,0.0,0.6,1
r*****7,,5,0,1717547965,,,1,neutral,0.55,0,0.0,0.0,0.0,0.0,0.6,1
shrtn18,,5,0,1730882346,,,1,neutral,0.55,0,0.0,0.0,0.0,0.0,0.6,1
agungekapurnomo,,5,0,1721545135,,,1,neutral,0.55,0,0.0,0.0,0.0,0.0,0.6,1
hayyi_65,,5,0,1725903241,,,1,neutral,0.55,0,0.0,0.0,0.0,0.0,0.6,1
kriuukk.id,,5,0,1734500536,,,1,neutral,0.55,0,0.0,0.0,0.0,0.0,0.6,1
dillatifa,,5,0,1739028983,,,1,neutral,0.55,0,0.0,0.0,0.0,0.0,0.6,1
fatqul1926,,5,0,1716948525,,,1,neutral,0.55,0,0.0,0.0,0.0,0.0,0.6,1
eadelwiskiki1826,,5,0,1729251723,,,1,neutral,0.55,0,0.0,0.0,0.0,0.0,0.6,1
andntsyaa,,5,0,1716804796,,,1,neutral,0.55,0,0.0,0.0,0.0,0.0,0.6,1
nuurkahfi,,4,0,1723076066,,,1,neutral,0.55,0,0.0,0.0,0.0,0.0,0.6,1
arianrza_,,3,0,1737507813,,,1,neutral,0.55,0,0.0,0.0,0.0,0.0,0.6,1
gege58,,5,0,1723304746,,,1,neutral,0.55,0,0.0,0.0,0.0,0.0,0.6,1
abdul_fitransyah,,4,0,1729832668,,,1,neutral,0.55,0,0.0,0.0,0.0,0.0,0.6,1
s*****5,,5,0,1714614751,,,1,neutral,0.55,0,0.0,0.0,0.0,0.0,0.6,1
endangkusmawan538,,5,0,1730688325,,,1,neutral,0.55,0,0.0,0.0,0.0,0.0,0.6,1
belivga,,5,0,1739156197,,,1,neutral,0.55,0,0.0,0.0,0.0,0.0,0.6,1
rein_rumudy021,,4,0,1720457628,,,1,neutral,0.55,0,0.0,0.0,0.0,0.0,0.6,1
akhmadrangga201206,,5,0,1712821380,,,1,neutral,0.55,0,0.0,0.0,0.0,0.0,0.6,1
odeoderoro,,5,0,1723862656,,,1,neutral,0.55,0,0.0,0.0,0.0,0.0,0.6,1
resigned,,5,0,1723866616,,,1,neutral,0.55,0,0.0,0.0,0.0,0.0,0.6,1
magic80,,5,0,1724383871,,,1,neutral,0.55,0,0.0,0.0,0.0,0.0,0.6,1
agusotex,,5,0,1726120282,,,1,neutral,0.55,0,0.0,0.0,0.0,0.0,0.6,1
ayeakatsuki,,5,0,1722681910,,,1,neutral,0.55,0,0.0,0.0,0.0,0.0,0.6,1
ronieahmed476,,5,0,1721131105,,,1,neutral,0.55,0,0.0,0.0,0.0,0.0,0.6,1
lordbuyers,,5,0,1721090169,,,1,neutral,0.55,0,0.0,0.0,0.0,0.0,0.6,1
mohamad_gozali,,5,0,1721989795,,,1,neutral,0.55,0,0.0,0.0,0.0,0.0,0.6,1
pembalapkarung770,,5,0,1722260041,,,1,neutral,0.55,0,0.0,0.0,0.0,0.0,0.6,1
athallaharkaan,,5,0,1716632367,,,1,neutral,0.55,0,0.0,0.0,0.0,0.0,0.6,1
gathanleiwarissa,,5,0,1716896833,,,1,neutral,0.55,0,0.0,0.0,0.0,0.0,0.6,1
salfana05,,5,0,1731722371,,,1,neutral,0.55,0,0.0,0.0,0.0,0.0,0.6,1
handisukma90,,5,0,1732467986,,,1,neutral,0.55,0,0.0,0.0,0.0,0.0,0.6,1
nankzwelah,,5,0,1734929000,,,1,neutral,0.55,0,0.0,0.0,0.0,0.0,0.6,1
tomyrustansar,,5,0,1720836177,,,1,neutral,0.55,0,0.0,0.0,0.0,0.0,0.6,1
sururimam,,5,0,1716936319,,,1,neutral,0.55,0,0.0,0.0,0.0,0.0,0.6,1
alexjosua745,,5,0,1720058125,,,1,neutral,0.55,0,0.0,0.0,0.0,0.0,0.6,1
pakenanya127,,5,0,1718546138,,,1,neutral,0.55,0,0.0,0.0,0.0,0.0,0.6,1
syahrull0011,,5,0,1720255493,,,1,neutral,0.55,0,0.0,0.0,0.0,0.0,0.6,1
e*****t,,5,0,1731581551,,,1,neutral,0.55,0,0.0,0.0,0.0,0.0,0.6,1
a*****a,,5,0,1732284076,,,1,neutral,0.55,0,0.0,0.0,0.0,0.0,0.6,1
galaxypipit,,5,0,1733039246,,,1,neutral,0.55,0,0.0,0.0,0.0,0.0,0.6,1
anita8201,,5,0,1735714592,,,1,neutral,0.55,0,0.0,0.0,0.0,0.0,0.6,1
asepridwannx,,5,0,1737034051,,,1,neutral,0.55,0,0.0,0.0,0.0,0.0,0.6,1
asamuthi9,,5,0,1737561957,,,1,neutral,0.55,0,0.0,0.0,0.0,0.0,0.6,1
uy77fyqnu8,,5,0,1737358600,,,1,neutral,0.55,0,0.0,0.0,0.0,0.0,0.6,1
petxts7eo6,,4,0,1738967863,,,1,neutral,0.55,0,0.0,0.0,0.0,0.0,0.6,1
senseisalisa,,4,0,1718321073,,,1,neutral,0.55,0,0.0,0.0,0.0,0.0,0.6,1
97_anismahmud,,4,0,1730903854,,,1,neutral,0.55,0,0.0,0.0,0.0,0.0,0.6,1
gilang87,,4,0,1731235336,,,1,neutral,0.55,0,0.0,0.0,0.0,0.0,0.6,1
anur_printing,,4,0,1735695312,,,1,neutral,0.55,0,0.0,0.0,0.0,0.0,0.6,1
gopur9610,,5,0,1731251730,,,1,neutral,0.55,0,0.0,0.0,0.0,0.0,0.6,1
liganaf,,5,1,1720199026,,,1,neutral,0.55,0,0.0,0.0,0.0,0.0,0.6,1
animisraini302,,5,0,1731914136,,,1,neutral,0.55,0,0.0,0.0,0.0,0.0,0.6,1
sugengs98,,5,1,1720289392,,,1,neutral,0.55,0,0.0,0.0,0.0,0.0,0.6,1
sahrialku,,5,0,1709871579,,,1,neutral,0.55,0,0.0,0.0,0.0,0.0,0.6,1
agenglinggapratama,,3,0,1734738422,,,1,neutral,0.55,0,0.0,0.0,0.0,0.0,0.6,1
azkasafaura06,,3,1,1721875334,,,1,neutral,0.55,0,0.0,0.0,0.0,0.0,0.6,1
halimatussaddiyah527,,5,3,1731088097,,,1,neutral,0.55,0,0.0,0.0,0.0,0.0,0.6,1
10_jajang,,5,0,1713482814,,,1,neutral,0.55,0,0.0,0.0,0.0,0.0,0.6,1
r*****a,,5,0,1714968127,,,1,neutral,0.55,0,0.0,0.0,0.0,0.0,0.6,1
n*****d,,5,0,1735179266,,,1,neutral,0.55,0,0.0,0.0,0.0,0.0,0.6,1
priyantiningsih,,5,0,1736646705,,,1,neutral,0.55,0,0.0,0.0,0.0,0.0,0.6,1
hadicell23,,5,0,1735479468,,,1,neutral,0.55,0,0.0,0.0,0.0,0.0,0.6,1
k*****s,,5,0,1715812169,,,1,neutral,0.55,0,0.0,0.0,0.0,0.0,0.6,1
urip.adit97,,5,0,1738311166,,,1,neutral,0.55,0,0.0,0.0,0.0,0.0,0.6,1
juni_andri,,5,0,1728147016,,,1,neutral,0.55,0,0.0,0.0,0.0,0.0,0.6,1
26sptyoors_,,5,0,1726797084,,,1,neutral,0.55,0,0.0,0.0,0.0,0.0,0.6,1
t*****7,,5,0,1715942449,,,1,neutral,0.55,0,0.0,0.0,0.0,0.0,0.6,1
nanatriana5794,,5,0,1715360828,,,1,neutral,0.55,0,0.0,0.0,0.0,0.0,0.6,1
imarthan,,5,0,1725342983,,,1,neutral,0.55,0,0.0,0.0,0.0,0.0,0.6,1
kikik073,,5,0,1723890117,,,1,neutral,0.55,0,0.0,0.0,0.0,0.0,0.6,1
leriana89,,5,0,1724979026,,,1,neutral,0.55,0,0.0,0.0,0.0,0.0,0.6,1
iisharyanti87,,5,0,1736251922,,,1,neutral,0.55,0,0.0,0.0,0.0,0.0,0.6,1
iisharyanti87,,5,0,1713760974,,,1,neutral,0.55,0,0.0,0.0,0.0,0.0,0.6,1
freedom_store148,,5,0,1736324617,,,1,neutral,0.55,0,0.0,0.0,0.0,0.0,0.6,1
resigned,,5,0,1725314359,,,1,neutral,0.55,0,0.0,0.0,0.0,0.0,0.6,1
luikphsftm,,5,0,1724657662,,,1,neutral,0.55,0,0.0,0.0,0.0,0.0,0.6,1
jff0q_p7aa,,5,0,1725204523,,,1,neutral,0.55,0,0.0,0.0,0.0,0.0,0.6,1
s*****p,,5,0,1725792621,,,1,neutral,0.55,0,0.0,0.0,0.0,0.0,0.6,1
595h3emug9,,5,0,1738671741,,,1,neutral,0.55,0,0.0,0.0,0.0,0.0,0.6,1
c*****9,,5,0,1739704903,,,1,neutral,0.55,0,0.0,0.0,0.0,0.0,0.6,1
irgiriswanda,,5,0,1737803752,,,1,neutral,0.55,0,0.0,0.0,0.0,0.0,0.6,1
rafanzazio,,5,0,1713618896,,,1,neutral,0.55,0,0.0,0.0,0.0,0.0,0.6,1
paecho,,5,0,1715409902,,,1,neutral,0.55,0,0.0,0.0,0.0,0.0,0.6,1
sanuraputrajovanka,,5,0,1736214094,,,1,neutral,0.55,0,0.0,0.0,0.0,0.0,0.6,1
elisabeth.2206,,5,0,1736773544,,,1,neutral,0.55,0,0.0,0.0,0.0,0.0,0.6,1
sarinurfitrii31,,5,0,1738194618,,,1,neutral,0.55,0,0.0,0.0,0.0,0.0,0.6,1
takim1025,,5,0,1738608442,,,1,neutral,0.55,0,0.0,0.0,0.0,0.0,0.6,1
yayankarif01,,4,0,1714206499,,,1,neutral,0.55,0,0.0,0.0,0.0,0.0,0.6,1
z*****e,,4,0,1725712757,,,1,neutral,0.55,0,0.0,0.0,0.0,0.0,0.6,1
ihsannr22,,4,0,1714608258,,,1,neutral,0.55,0,0.0,0.0,0.0,0.0,0.6,1
085234977717ku,,5,0,1712329763,,,1,neutral,0.55,0,0.0,0.0,0.0,0.0,0.6,1
solemann17,,5,0,1711964562,,,1,neutral,0.55,0,0.0,0.0,0.0,0.0,0.6,1
auroraery,,5,0,1711804970,,,1,neutral,0.55,0,0.0,0.0,0.0,0.0,0.6,1
jafarudinm,,5,0,1711589722,,,1,neutral,0.55,0,0.0,0.0,0.0,0.0,0.6,1
aam_citrida,,5,0,1711172961,,,1,neutral,0.55,0,0.0,0.0,0.0,0.0,0.6,1
moorterstudio,,5,0,1710990431,,,1,neutral,0.55,0,0.0,0.0,0.0,0.0,0.6,1
kokods.02,,5,0,1710621514,,,1,neutral,0.55,0,0.0,0.0,0.0,0.0,0.6,1
crazygaming182,,5,0,1710478960,,,1,neutral,0.55,0,0.0,0.0,0.0,0.0,0.6,1
bayurikiiieieiei,,5,0,1709647824,,,1,neutral,0.55,0,0.0,0.0,0.0,0.0,0.6,1
gb29951,,5,0,1708820073,,,1,neutral,0.55,0,0.0,0.0,0.0,0.0,0.6,1
lutfi_9421,,5,0,1709032984,,,1,neutral,0.55,0,0.0,0.0,0.0,0.0,0.6,1
draco_feed,,5,0,1708875838,,,1,neutral,0.55,0,0.0,0.0,0.0,0.0,0.6,1
bjcell01,,5,0,1708660628,,,1,neutral,0.55,0,0.0,0.0,0.0,0.0,0.6,1
rasyidwicaksono385,,5,0,1708388609,,,1,neutral,0.55,0,0.0,0.0,0.0,0.0,0.6,1
rulyrinata05,,4,0,1707932343,,,1,neutral,0.55,0,0.0,0.0,0.0,0.0,0.6,1
uyunun.nadzrah98,,5,0,1707316664,,,1,neutral,0.55,0,0.0,0.0,0.0,0.0,0.6,1
akutyo277,,5,0,1707200929,,,1,neutral,0.55,0,0.0,0.0,0.0,0.0,0.6,1
nandorahman,,5,0,1707132225,,,1,neutral,0.55,0,0.0,0.0,0.0,0.0,0.6,1
danangalam,,5,0,1707032533,,,1,neutral,0.55,0,0.0,0.0,0.0,0.0,0.6,1
muhammadnurfadillah01,,5,0,1705845071,,,1,neutral,0.55,0,0.0,0.0,0.0,0.0,0.6,1
,,5,0,1705932514,,,1,neutral,0.55,0,0.0,0.0,0.0,0.0,0.6,1
politixdeso,,5,0,1704798533,,,1,neutral,0.55,0,0.0,0.0,0.0,0.0,0.6,1
qiarashop17,,5,0,1704148192,,,1,neutral,0.55,0,0.0,0.0,0.0,0.0,0.6,1
elangachiyar,,3,0,1704718505,,,1,neutral,0.55,0,0.0,0.0,0.0,0.0,0.6,1
aphvideno,,5,0,1702908388,,,1,neutral,0.55,0,0.0,0.0,0.0,0.0,0.6,1
m*****h,,5,0,1703600139,,,1,neutral,0.55,0,0.0,0.0,0.0,0.0,0.6,1
riyadfebriyana,,5,0,1703935169,,,1,neutral,0.55,0,0.0,0.0,0.0,0.0,0.6,1
1sansan23,,5,0,1703589206,,,1,neutral,0.55,0,0.0,0.0,0.0,0.0,0.6,1
alvinalfandi32,,5,0,1703401481,,,1,neutral,0.55,0,0.0,0.0,0.0,0.0,0.6,1
paheri,,3,0,1702718718,,,1,neutral,0.55,0,0.0,0.0,0.0,0.0,0.6,1
agustinhkf,,5,0,1703230965,,,1,neutral,0.55,0,0.0,0.0,0.0,0.0,0.6,1
yusmaliaamoorea,,5,0,1703067820,,,1,neutral,0.55,0,0.0,0.0,0.0,0.0,0.6,1
,,5,0,1700390258,,,1,neutral,0.55,0,0.0,0.0,0.0,0.0,0.6,1
wilbubat,,5,0,1699354266,,,1,neutral,0.55,0,0.0,0.0,0.0,0.0,0.6,1
.sarah2,,5,0,1659844717,,,1,neutral,0.55,0,0.0,0.0,0.0,0.0,0.6,1
dolybajora,,5,0,1622563074,,,1,neutral,0.55,0,0.0,0.0,0.0,0.0,0.6,1
ajfashion07,,5,0,1644511248,,,1,neutral,0.55,0,0.0,0.0,0.0,0.0,0.6,1
irma_onlymi13,,5,0,1601347323,,,1,neutral,0.55,0,0.0,0.0,0.0,0.0,0.6,1
viasizuka,,5,0,1621428023,,,1,neutral,0.55,0,0.0,0.0,0.0,0.0,0.6,1
elsayulia1607,,5,0,1652145505,,,1,neutral,0.55,0,0.0,0.0,0.0,0.0,0.6,1
albanjarimhmmdhusaini,,5,0,1646321068,,,1,neutral,0.55,0,0.0,0.0,0.0,0.0,0.6,1
berlianfurniture,,5,0,1634605736,,,1,neutral,0.55,0,0.0,0.0,0.0,0.0,0.6,1
boyexodus,,5,0,1640441086,,,1,neutral,0.55,0,0.0,0.0,0.0,0.0,0.6,1
d*****t,,5,0,1629853506,,,1,neutral,0.55,0,0.0,0.0,0.0,0.0,0.6,1
aanurjaman44,,5,0,1696406732,,,1,neutral,0.55,0,0.0,0.0,0.0,0.0,0.6,1
suryanaafandi12,,4,0,1634288618,,,1,neutral,0.55,0,0.0,0.0,0.0,0.0,0.6,1
oblocetil,,5,0,1630930887,,,1,neutral,0.55,0,0.0,0.0,0.0,0.0,0.6,1
,,3,1,1633705048,,,1,neutral,0.55,0,0.0,0.0,0.0,0.0,0.6,1
kokohands26,,5,0,1640218140,,,1,neutral,0.55,0,0.0,0.0,0.0,0.0,0.6,1
am_otomotif,,5,0,1615535864,,,1,neutral,0.55,0,0.0,0.0,0.0,0.0,0.6,1
r*****7,,5,0,1676598825,,,1,neutral,0.55,0,0.0,0.0,0.0,0.0,0.6,1
r*****7,,5,0,1678862774,,,1,neutral,0.55,0,0.0,0.0,0.0,0.0,0.6,1
r*****7,,5,0,1672275442,,,1,neutral,0.55,0,0.0,0.0,0.0,0.0,0.6,1
wildhan.10,,5,0,1637829044,,,1,neutral,0.55,0,0.0,0.0,0.0,0.0,0.6,1
mbahrudinkamsye,,5,0,1648574886,,,1,neutral,0.55,0,0.0,0.0,0.0,0.0,0.6,1
fitorohman,,5,0,1617750958,,,1,neutral,0.55,0,0.0,0.0,0.0,0.0,0.6,1
emeliia,,5,0,1630163452,,,1,neutral,0.55,0,0.0,0.0,0.0,0.0,0.6,1
ipanmamba,,5,0,1683550700,,,1,neutral,0.55,0,0.0,0.0,0.0,0.0,0.6,1
agusnugraha69,,5,1,1642425434,,,1,neutral,0.55,0,0.0,0.0,0.0,0.0,0.6,1
adammuhammadamin,,5,0,1692520449,,,1,neutral,0.55,0,0.0,0.0,0.0,0.0,0.6,1
sparkas_official_store,,5,0,1643370420,,,1,neutral,0.55,0,0.0,0.0,0.0,0.0,0.6,1
b*****_,,5,0,1641376315,,,1,neutral,0.55,0,0.0,0.0,0.0,0.0,0.6,1
dulasyik,,5,0,1678684051,,,1,neutral,0.55,0,0.0,0.0,0.0,0.0,0.6,1
y*****d,,4,0,1640605498,,,1,neutral,0.55,0,0.0,0.0,0.0,0.0,0.6,1
robbyal22,,5,0,1677943803,,,1,neutral,0.55,0,0.0,0.0,0.0,0.0,0.6,1
k44vwppzys,,5,0,1639912747,,,1,neutral,0.55,0,0.0,0.0,0.0,0.0,0.6,1
ryuzee_,,5,0,1649524137,,,1,neutral,0.55,0,0.0,0.0,0.0,0.0,0.6,1
n*****i,,5,0,1653579550,,,1,neutral,0.55,0,0.0,0.0,0.0,0.0,0.6,1
0ml48p358a,,5,0,1641907433,,,1,neutral,0.55,0,0.0,0.0,0.0,0.0,0.6,1
krisjohn709,,5,0,1643773936,,,1,neutral,0.55,0,0.0,0.0,0.0,0.0,0.6,1
d*****h,,4,0,1701495908,,,1,neutral,0.55,0,0.0,0.0,0.0,0.0,0.6,1
ivan_f10,,4,0,1629680742,,,1,neutral,0.55,0,0.0,0.0,0.0,0.0,0.6,1
aditiya_111200,,4,0,1632662596,,,1,neutral,0.55,0,0.0,0.0,0.0,0.0,0.6,1
crypto_addict,,3,0,1685176133,,,1,neutral,0.55,0,0.0,0.0,0.0,0.0,0.6,1
riki_tampati,,5,0,1752897332,,,1,neutral,0.55,0,0.0,0.0,0.0,0.0,0.6,1
muhammad.sanov.altaqwa,,5,0,1763985543,,,1,neutral,0.55,0,0.0,0.0,0.0,0.0,0.6,1
harrizalmrizki,,5,0,1762586929,,,1,neutral,0.55,0,0.0,0.0,0.0,0.0,0.6,1
sugiman_66,,5,0,1760671867,,,1,neutral,0.55,0,0.0,0.0,0.0,0.0,0.6,1
4_odoy4bizar,,4,0,1741868924,,,1,neutral,0.55,0,0.0,0.0,0.0,0.0,0.6,1
abdidnr,,5,0,1744960253,,,1,neutral,0.55,0,0.0,0.0,0.0,0.0,0.6,1
aeshop18,,5,0,1752927447,,,1,neutral,0.55,0,0.0,0.0,0.0,0.0,0.6,1
supriyadibewok,,5,0,1744067140,,,1,neutral,0.55,0,0.0,0.0,0.0,0.0,0.6,1
parmanparenta,,5,0,1752484421,,,1,neutral,0.55,0,0.0,0.0,0.0,0.0,0.6,1
adijrs.adiansyah,,5,0,1749850415,,,1,neutral,0.55,0,0.0,0.0,0.0,0.0,0.6,1
sandrameijiki,,5,0,1742785727,,,1,neutral,0.55,0,0.0,0.0,0.0,0.0,0.6,1
ravellim,,5,0,1762859937,,,1,neutral,0.55,0,0.0,0.0,0.0,0.0,0.6,1
fazcocofficial,,5,0,1744117883,,,1,neutral,0.55,0,0.0,0.0,0.0,0.0,0.6,1
nand4sp,,5,0,1760517017,,,1,neutral,0.55,0,0.0,0.0,0.0,0.0,0.6,1
ffrasaja,,4,0,1759283204,,,1,neutral,0.55,0,0.0,0.0,0.0,0.0,0.6,1
7ef3alju1i,,5,0,1752191996,,,1,neutral,0.55,0,0.0,0.0,0.0,0.0,0.6,1
candranugroho77,,5,0,1747312306,,,1,neutral,0.55,0,0.0,0.0,0.0,0.0,0.6,1
msoeradjie,,5,0,1762586069,,,1,neutral,0.55,0,0.0,0.0,0.0,0.0,0.6,1
lengkong.com,,5,0,1759236725,,,1,neutral,0.55,0,0.0,0.0,0.0,0.0,0.6,1
qhfflnumay,,5,1,1749423310,,,1,neutral,0.55,0,0.0,0.0,0.0,0.0,0.6,1
khafidnursidiq07,,5,0,1760349757,,,1,neutral,0.55,0,0.0,0.0,0.0,0.0,0.6,1
sikecil27,,5,0,1761907435,,,1,neutral,0.55,0,0.0,0.0,0.0,0.0,0.6,1
joanita_2107,,5,0,1747827315,,,1,neutral,0.55,0,0.0,0.0,0.0,0.0,0.6,1
s*****6,,5,0,1744292563,,,1,neutral,0.55,0,0.0,0.0,0.0,0.0,0.6,1
andriyansyah254,,5,0,1742622522,,,1,neutral,0.55,0,0.0,0.0,0.0,0.0,0.6,1
dawsho_fashion,,5,0,1750081944,,,1,neutral,0.55,0,0.0,0.0,0.0,0.0,0.6,1
dawsho_fashion,,5,0,1750008988,,,1,neutral,0.55,0,0.0,0.0,0.0,0.0,0.6,1
kurniawaniskhaq,,5,0,1743150745,,,1,neutral,0.55,0,0.0,0.0,0.0,0.0,0.6,1
tegarsaputra08,,5,0,1745047766,,,1,neutral,0.55,0,0.0,0.0,0.0,0.0,0.6,1
tomyrustansar,,5,0,1744682926,,,1,neutral,0.55,0,0.0,0.0,0.0,0.0,0.6,1
rd_fashion88,,5,0,1744767978,,,1,neutral,0.55,0,0.0,0.0,0.0,0.0,0.6,1
aigerinovelis,,5,0,1746236626,,,1,neutral,0.55,0,0.0,0.0,0.0,0.0,0.6,1
dookie,,5,0,1746488223,,,1,neutral,0.55,0,0.0,0.0,0.0,0.0,0.6,1
danniganteng1,,5,0,1746575625,,,1,neutral,0.55,0,0.0,0.0,0.0,0.0,0.6,1
zhulaxadoel,,5,0,1747213655,,,1,neutral,0.55,0,0.0,0.0,0.0,0.0,0.6,1
berli4n552,,5,0,1746443493,,,1,neutral,0.55,0,0.0,0.0,0.0,0.0,0.6,1
x_adamiaz99,,5,0,1746525244,,,1,neutral,0.55,0,0.0,0.0,0.0,0.0,0.6,1
k7axaiplu3,,5,0,1747364608,,,1,neutral,0.55,0,0.0,0.0,0.0,0.0,0.6,1
abdurrajiqmalikulakbar,,5,0,1761244068,,,1,neutral,0.55,0,0.0,0.0,0.0,0.0,0.6,1
rvrey0z45g,,5,0,1761902567,,,1,neutral,0.55,0,0.0,0.0,0.0,0.0,0.6,1
indonesiamerdeka439,,5,0,1741396116,,,1,neutral,0.55,0,0.0,0.0,0.0,0.0,0.6,1
mbsvnm,,5,0,1742111935,,,1,neutral,0.55,0,0.0,0.0,0.0,0.0,0.6,1
bochelly,,5,0,1743338479,,,1,neutral,0.55,0,0.0,0.0,0.0,0.0,0.6,1
nbd6ipl_x3,,5,0,1742424658,,,1,neutral,0.55,0,0.0,0.0,0.0,0.0,0.6,1
egialfitran,,5,0,1750749755,,,1,neutral,0.55,0,0.0,0.0,0.0,0.0,0.6,1
n*****3,,5,0,1748168700,,,1,neutral,0.55,0,0.0,0.0,0.0,0.0,0.6,1
sickubarros191,,5,0,1748338958,,,1,neutral,0.55,0,0.0,0.0,0.0,0.0,0.6,1
galangfirman687,,5,0,1750063081,,,1,neutral,0.55,0,0.0,0.0,0.0,0.0,0.6,1
adulaini01,,5,0,1749913316,,,1,neutral,0.55,0,0.0,0.0,0.0,0.0,0.6,1
bangfikriyansa,,5,0,1751192923,,,1,neutral,0.55,0,0.0,0.0,0.0,0.0,0.6,1
achmadrobibinur,,5,0,1752375688,,,1,neutral,0.55,0,0.0,0.0,0.0,0.0,0.6,1
muhammadimamwahyudis.pd,,5,0,1752560393,,,1,neutral,0.55,0,0.0,0.0,0.0,0.0,0.6,1
bj2t_3lilp,,5,0,1753408754,,,1,neutral,0.55,0,0.0,0.0,0.0,0.0,0.6,1
fikri2233,,5,0,1753942237,,,1,neutral,0.55,0,0.0,0.0,0.0,0.0,0.6,1
superrerere,,5,0,1754824484,,,1,neutral,0.55,0,0.0,0.0,0.0,0.0,0.6,1
adulaini01,,5,0,1755508606,,,1,neutral,0.55,0,0.0,0.0,0.0,0.0,0.6,1
petricxnoblack,,5,0,1754920564,,,1,neutral,0.55,0,0.0,0.0,0.0,0.0,0.6,1
w_xnllszci,,5,0,1755324877,,,1,neutral,0.55,0,0.0,0.0,0.0,0.0,0.6,1
alfath_olshop,,5,0,1756309984,,,1,neutral,0.55,0,0.0,0.0,0.0,0.0,0.6,1
rizky_jk_,,5,0,1756787642,,,1,neutral,0.55,0,0.0,0.0,0.0,0.0,0.6,1
febriantoprasetyo154,,5,0,1755738080,,,1,neutral,0.55,0,0.0,0.0,0.0,0.0,0.6,1
aeshop18,,5,0,1758540231,,,1,neutral,0.55,0,0.0,0.0,0.0,0.0,0.6,1
grosir_skindeker99,,5,0,1759821861,,,1,neutral,0.55,0,0.0,0.0,0.0,0.0,0.6,1
areek253,,5,0,1759994521,,,1,neutral,0.55,0,0.0,0.0,0.0,0.0,0.6,1
alfido99,,5,0,1760400878,,,1,neutral,0.55,0,0.0,0.0,0.0,0.0,0.6,1
grosir_skindeker99,,5,0,1760360114,,,1,neutral,0.55,0,0.0,0.0,0.0,0.0,0.6,1
ltfifauzn,,5,0,1763833680,,,1,neutral,0.55,0,0.0,0.0,0.0,0.0,0.6,1
a*****y,,5,0,1764582852,,,1,neutral,0.55,0,0.0,0.0,0.0,0.0,0.6,1
raisalifikri709,,5,0,1764552038,,,1,neutral,0.55,0,0.0,0.0,0.0,0.0,0.6,1
adhhasaepulmukhtar,,5,0,1764201799,,,1,neutral,0.55,0,0.0,0.0,0.0,0.0,0.6,1
joshuasnrs,,4,0,1745880077,,,1,neutral,0.55,0,0.0,0.0,0.0,0.0,0.6,1
esriy12,,4,0,1749297684,,,1,neutral,0.55,0,0.0,0.0,0.0,0.0,0.6,1
16543err,,4,0,1752126079,,,1,neutral,0.55,0,0.0,0.0,0.0,0.0,0.6,1
denimelkyrezpector,,4,0,1765767786,,,1,neutral,0.55,0,0.0,0.0,0.0,0.0,0.6,1
immanuelnuel13,,3,0,1743056022,,,1,neutral,0.55,0,0.0,0.0,0.0,0.0,0.6,1
all_the_best_,,2,0,1760535509,,,1,neutral,0.55,0,0.0,0.0,0.0,0.0,0.6,1
lc_vo8hnmx,,1,1,1765624939,,,1,neutral,0.55,0,0.0,0.0,0.0,0.0,0.6,1
s*****0,,1,1,1764976105,,,1,neutral,0.55,0,0.0,0.0,0.0,0.0,0.6,1
defagrafika16,,1,5,1762282529,,,1,neutral,0.55,0,0.0,0.0,0.0,0.0,0.6,1
theard_007,,1,6,1762282531,,,1,neutral,0.55,0,0.0,0.0,0.0,0.0,0.6,1
